sigma2_stimulus 	 [inf, 2.0, 3.0, 4.0, 5.0, 6.0, 7.0, 8.0, 9.0, 10.0]
log_motor_var 	 [8.12501049041748]
sigma_logit 	 [-1.0, -2.0, -3.0, -4.0, -5.0, -6.0, -7.0, -8.0, -9.0, -10.0]
mixture_logit 	 [-5.160216331481934]
prior 	 [-8.611212730407715, -8.577630996704102, -8.544219017028809, -8.510974884033203, -8.477900505065918, -8.44499397277832, -8.412256240844727, -8.379687309265137, -8.347288131713867, -8.315056800842285, -8.28299331665039, -8.251100540161133, -8.219374656677246, -8.18781852722168, -8.156431198120117, -8.125212669372559, -8.094162940979004, -8.063282012939453, -8.03256893157959, -8.00202465057373, -7.971650123596191, -7.941443920135498, -7.911406517028809, -7.881537437438965, -7.851837635040283, -7.822306156158447, -7.792943477630615, -7.763750076293945, -7.734724998474121, -7.705869197845459, -7.677181243896484, -7.64866304397583, -7.620312690734863, -7.5921311378479, -7.564118385314941, -7.5362749099731445, -7.508600234985352, -7.481093406677246, -7.453756332397461, -7.4265875816345215, -7.399587154388428, -7.372756481170654, -7.346094131469727, -7.319599628448486, -7.293274879455566, -7.26711893081665, -7.24113130569458, -7.215312480926514, -7.189662456512451, -7.164181232452393, -7.138868808746338, -7.113724708557129, -7.088749885559082, -7.063943386077881, -7.039306163787842, -7.014837265014648, -6.990537643432617, -6.966405868530273, -6.942443370819092, -6.918649673461914, -6.895025253295898, -6.87156867980957, -6.848280906677246, -6.825162410736084, -6.802212238311768, -6.779430866241455, -6.756818771362305, -6.734375, -6.712100028991699, -6.689993858337402, -6.668056011199951, -6.646287441253662, -6.624687194824219, -6.6032562255859375, -6.581993579864502, -6.56089973449707, -6.539974689483643, -6.519218921661377, -6.498631000518799, -6.478212356567383, -6.4579620361328125, -6.437880992889404, -6.41796875, -6.398224830627441, -6.378649711608887, -6.359243869781494, -6.340006351470947, -6.320937633514404, -6.302037239074707, -6.283306121826172, -6.264743804931641, -6.246349811553955, -6.228124618530273, -6.210068702697754, -6.19218111038208, -6.17446231842041, -6.156912326812744, -6.139531135559082, -6.122318267822266, -6.105274677276611, -6.088399887084961, -6.071693420410156, -6.055156230926514, -6.038787364959717, -6.022587299346924, -6.006556034088135, -5.99069356918335, -5.974999904632568, -5.959475040435791, -5.944118499755859, -5.92893123626709, -5.913912296295166, -5.899062156677246, -5.884381294250488, -5.869868278503418, -5.855525016784668, -5.841350078582764, -5.827343463897705, -5.813506126403809, -5.799837112426758, -5.786337375640869, -5.773005962371826, -5.759843826293945, -5.74685001373291, -5.734025001525879, -5.721368312835693, -5.708881378173828, -5.69656229019165, -5.684412479400635, -5.672430992126465, -5.660618782043457, -5.648974895477295, -5.637499809265137, -5.626193523406982, -5.615056037902832, -5.6040873527526855, -5.593287467956543, -5.582655906677246, -5.572193622589111, -5.561899662017822, -5.551774978637695, -5.541818618774414, -5.532031059265137, -5.522412300109863, -5.512962341308594, -5.503681182861328, -5.494568347930908, -5.48562479019165, -5.4768500328063965, -5.468243598937988, -5.459805965423584, -5.451537132263184, -5.443437099456787, -5.4355058670043945, -5.427743434906006, -5.420149803161621, -5.41272497177124, -5.405468463897705, -5.398381233215332, -5.391462326049805, -5.384712219238281, -5.378130912780762, -5.371718406677246, -5.365474700927734, -5.359399795532227, -5.353493690490723, -5.3477559089660645, -5.342187404632568, -5.336787223815918, -5.3315558433532715, -5.326493740081787, -5.321599960327148, -5.316874980926514, -5.312318801879883, -5.307930946350098, -5.303712368011475, -5.299662113189697, -5.295781135559082, -5.2920684814453125, -5.288524627685547, -5.285149574279785, -5.281943321228027, -5.278905868530273, -5.276037216186523, -5.273337364196777, -5.270805835723877, -5.268443584442139, -5.266249656677246, -5.264225006103516, -5.262368679046631, -5.26068115234375, -5.259162425994873, -5.257812023162842, -5.256630897521973, -5.255618572235107, -5.254775047302246, -5.2540998458862305, -5.253593444824219, -5.253255844116211, -5.253087520599365, -5.253087520599365, -5.253255844116211, -5.253593444824219, -5.2540998458862305, -5.254775047302246, -5.255618572235107, -5.256630897521973, -5.257812023162842, -5.259162425994873, -5.26068115234375, -5.262368679046631, -5.264225006103516, -5.266249656677246, -5.268443584442139, -5.270805835723877, -5.273337364196777, -5.276037216186523, -5.278905868530273, -5.281943321228027, -5.285149574279785, -5.288524627685547, -5.2920684814453125, -5.295781135559082, -5.299662113189697, -5.303712368011475, -5.307930946350098, -5.312318801879883, -5.3168745040893555, -5.321599960327148, -5.326493263244629, -5.3315558433532715, -5.336787223815918, -5.342187404632568, -5.3477559089660645, -5.353493690490723, -5.359399795532227, -5.365474700927734, -5.371718406677246, -5.378130912780762, -5.384712219238281, -5.391462326049805, -5.398380756378174, -5.405468463897705, -5.41272497177124, -5.420149803161621, -5.427743434906006, -5.4355058670043945, -5.443437099456787, -5.451537132263184, -5.459805965423584, -5.468243598937988, -5.4768500328063965, -5.48562479019165, -5.494568347930908, -5.503681182861328, -5.512962341308594, -5.522412300109863, -5.532031059265137, -5.541818618774414, -5.551774501800537, -5.561899662017822, -5.572193622589111, -5.582655906677246, -5.593286991119385, -5.6040873527526855, -5.615056037902832, -5.626193523406982, -5.637499809265137, -5.648974895477295, -5.660618305206299, -5.672430992126465, -5.684412479400635, -5.69656229019165, -5.70888090133667, -5.721368312835693, -5.734024524688721, -5.746849536895752, -5.759843826293945, -5.773005962371826, -5.786337375640869, -5.799837112426758, -5.813506126403809, -5.827343463897705, -5.8413496017456055, -5.855525016784668, -5.869868278503418, -5.88438081741333, -5.899062156677246, -5.913912296295166, -5.92893123626709, -5.944118499755859, -5.959474563598633, -5.974999904632568, -5.99069356918335, -6.006555557250977, -6.022587299346924, -6.038787364959717, -6.0551557540893555, -6.071693420410156, -6.088399887084961, -6.105274677276611, -6.122318267822266, -6.139531135559082, -6.156912326812744, -6.17446231842041, -6.192180633544922, -6.210068702697754, -6.228124618530273, -6.246349334716797, -6.264743804931641, -6.283306121826172, -6.302037239074707, -6.320937156677246, -6.340006351470947, -6.359243392944336, -6.378649711608887, -6.398224353790283, -6.41796875, -6.437880992889404, -6.4579620361328125, -6.478212356567383, -6.498631000518799, -6.519218444824219, -6.539974689483643, -6.56089973449707, -6.581993579864502, -6.603255748748779, -6.624687671661377, -6.646287441253662, -6.668056011199951, -6.689992904663086, -6.712100028991699, -6.734374523162842, -6.7568182945251465, -6.779431343078613, -6.802212238311768, -6.825162410736084, -6.848280429840088, -6.87156867980957, -6.89502477645874, -6.918649673461914, -6.942442893981934, -6.966405868530273, -6.990537166595459, -7.01483678817749, -7.039306163787842, -7.063943386077881, -7.088749408721924, -7.113724231719971, -7.138868808746338, -7.164180755615234, -7.189661979675293, -7.215312480926514, -7.24113130569458, -7.267118453979492, -7.293274402618408, -7.319599628448486, -7.346093654632568, -7.372756004333496, -7.399588108062744, -7.4265875816345215, -7.453756332397461, -7.481093406677246, -7.508600234985352, -7.5362749099731445, -7.564118385314941, -7.592130661010742, -7.620312690734863, -7.648662090301514, -7.677180767059326, -7.705869197845459, -7.734724998474121, -7.763749599456787, -7.792943000793457, -7.822306156158447, -7.851837635040283, -7.881536960601807, -7.911406517028809, -7.941443920135498, -7.971649646759033, -8.00202465057373, -8.03256893157959, -8.063281059265137, -8.094161987304688, -8.125212669372559, -8.156431198120117, -8.18781852722168, -8.219374656677246, -8.251100540161133, -8.28299331665039, -8.315055847167969, -8.347286224365234, -8.379687309265137, -8.412256240844727, -8.444993019104004, -8.477900505065918, -8.510974884033203, -8.544218063354492, -8.577630043029785, -8.611212730407715]
volume 	 [-8.611212730407715, -8.577630996704102, -8.544219017028809, -8.510974884033203, -8.477900505065918, -8.44499397277832, -8.412256240844727, -8.379687309265137, -8.347288131713867, -8.315056800842285, -8.28299331665039, -8.251100540161133, -8.219374656677246, -8.18781852722168, -8.156431198120117, -8.125212669372559, -8.094162940979004, -8.063282012939453, -8.03256893157959, -8.00202465057373, -7.971650123596191, -7.941443920135498, -7.911406517028809, -7.881537437438965, -7.851837635040283, -7.822306156158447, -7.792943477630615, -7.763750076293945, -7.734724998474121, -7.705869197845459, -7.677181243896484, -7.64866304397583, -7.620312690734863, -7.5921311378479, -7.564118385314941, -7.5362749099731445, -7.508600234985352, -7.481093406677246, -7.453756332397461, -7.4265875816345215, -7.399587154388428, -7.372756481170654, -7.346094131469727, -7.319599628448486, -7.293274879455566, -7.26711893081665, -7.24113130569458, -7.215312480926514, -7.189662456512451, -7.164181232452393, -7.138868808746338, -7.113724708557129, -7.088749885559082, -7.063943386077881, -7.039306163787842, -7.014837265014648, -6.990537643432617, -6.966405868530273, -6.942443370819092, -6.918649673461914, -6.895025253295898, -6.87156867980957, -6.848280906677246, -6.825162410736084, -6.802212238311768, -6.779430866241455, -6.756818771362305, -6.734375, -6.712100028991699, -6.689993858337402, -6.668056011199951, -6.646287441253662, -6.624687194824219, -6.6032562255859375, -6.581993579864502, -6.56089973449707, -6.539974689483643, -6.519218921661377, -6.498631000518799, -6.478212356567383, -6.4579620361328125, -6.437880992889404, -6.41796875, -6.398224830627441, -6.378649711608887, -6.359243869781494, -6.340006351470947, -6.320937633514404, -6.302037239074707, -6.283306121826172, -6.264743804931641, -6.246349811553955, -6.228124618530273, -6.210068702697754, -6.19218111038208, -6.17446231842041, -6.156912326812744, -6.139531135559082, -6.122318267822266, -6.105274677276611, -6.088399887084961, -6.071693420410156, -6.055156230926514, -6.038787364959717, -6.022587299346924, -6.006556034088135, -5.99069356918335, -5.974999904632568, -5.959475040435791, -5.944118499755859, -5.92893123626709, -5.913912296295166, -5.899062156677246, -5.884381294250488, -5.869868278503418, -5.855525016784668, -5.841350078582764, -5.827343463897705, -5.813506126403809, -5.799837112426758, -5.786337375640869, -5.773005962371826, -5.759843826293945, -5.74685001373291, -5.734025001525879, -5.721368312835693, -5.708881378173828, -5.69656229019165, -5.684412479400635, -5.672430992126465, -5.660618782043457, -5.648974895477295, -5.637499809265137, -5.626193523406982, -5.615056037902832, -5.6040873527526855, -5.593287467956543, -5.582655906677246, -5.572193622589111, -5.561899662017822, -5.551774978637695, -5.541818618774414, -5.532031059265137, -5.522412300109863, -5.512962341308594, -5.503681182861328, -5.494568347930908, -5.48562479019165, -5.4768500328063965, -5.468243598937988, -5.459805965423584, -5.451537132263184, -5.443437099456787, -5.4355058670043945, -5.427743434906006, -5.420149803161621, -5.41272497177124, -5.405468463897705, -5.398381233215332, -5.391462326049805, -5.384712219238281, -5.378130912780762, -5.371718406677246, -5.365474700927734, -5.359399795532227, -5.353493690490723, -5.3477559089660645, -5.342187404632568, -5.336787223815918, -5.3315558433532715, -5.326493740081787, -5.321599960327148, -5.316874980926514, -5.312318801879883, -5.307930946350098, -5.303712368011475, -5.299662113189697, -5.295781135559082, -5.2920684814453125, -5.288524627685547, -5.285149574279785, -5.281943321228027, -5.278905868530273, -5.276037216186523, -5.273337364196777, -5.270805835723877, -5.268443584442139, -5.266249656677246, -5.264225006103516, -5.262368679046631, -5.26068115234375, -5.259162425994873, -5.257812023162842, -5.256630897521973, -5.255618572235107, -5.254775047302246, -5.2540998458862305, -5.253593444824219, -5.253255844116211, -5.253087520599365, -5.253087520599365, -5.253255844116211, -5.253593444824219, -5.2540998458862305, -5.254775047302246, -5.255618572235107, -5.256630897521973, -5.257812023162842, -5.259162425994873, -5.26068115234375, -5.262368679046631, -5.264225006103516, -5.266249656677246, -5.268443584442139, -5.270805835723877, -5.273337364196777, -5.276037216186523, -5.278905868530273, -5.281943321228027, -5.285149574279785, -5.288524627685547, -5.2920684814453125, -5.295781135559082, -5.299662113189697, -5.303712368011475, -5.307930946350098, -5.312318801879883, -5.3168745040893555, -5.321599960327148, -5.326493263244629, -5.3315558433532715, -5.336787223815918, -5.342187404632568, -5.3477559089660645, -5.353493690490723, -5.359399795532227, -5.365474700927734, -5.371718406677246, -5.378130912780762, -5.384712219238281, -5.391462326049805, -5.398380756378174, -5.405468463897705, -5.41272497177124, -5.420149803161621, -5.427743434906006, -5.4355058670043945, -5.443437099456787, -5.451537132263184, -5.459805965423584, -5.468243598937988, -5.4768500328063965, -5.48562479019165, -5.494568347930908, -5.503681182861328, -5.512962341308594, -5.522412300109863, -5.532031059265137, -5.541818618774414, -5.551774501800537, -5.561899662017822, -5.572193622589111, -5.582655906677246, -5.593286991119385, -5.6040873527526855, -5.615056037902832, -5.626193523406982, -5.637499809265137, -5.648974895477295, -5.660618305206299, -5.672430992126465, -5.684412479400635, -5.69656229019165, -5.70888090133667, -5.721368312835693, -5.734024524688721, -5.746849536895752, -5.759843826293945, -5.773005962371826, -5.786337375640869, -5.799837112426758, -5.813506126403809, -5.827343463897705, -5.8413496017456055, -5.855525016784668, -5.869868278503418, -5.88438081741333, -5.899062156677246, -5.913912296295166, -5.92893123626709, -5.944118499755859, -5.959474563598633, -5.974999904632568, -5.99069356918335, -6.006555557250977, -6.022587299346924, -6.038787364959717, -6.0551557540893555, -6.071693420410156, -6.088399887084961, -6.105274677276611, -6.122318267822266, -6.139531135559082, -6.156912326812744, -6.17446231842041, -6.192180633544922, -6.210068702697754, -6.228124618530273, -6.246349334716797, -6.264743804931641, -6.283306121826172, -6.302037239074707, -6.320937156677246, -6.340006351470947, -6.359243392944336, -6.378649711608887, -6.398224353790283, -6.41796875, -6.437880992889404, -6.4579620361328125, -6.478212356567383, -6.498631000518799, -6.519218444824219, -6.539974689483643, -6.56089973449707, -6.581993579864502, -6.603255748748779, -6.624687671661377, -6.646287441253662, -6.668056011199951, -6.689992904663086, -6.712100028991699, -6.734374523162842, -6.7568182945251465, -6.779431343078613, -6.802212238311768, -6.825162410736084, -6.848280429840088, -6.87156867980957, -6.89502477645874, -6.918649673461914, -6.942442893981934, -6.966405868530273, -6.990537166595459, -7.01483678817749, -7.039306163787842, -7.063943386077881, -7.088749408721924, -7.113724231719971, -7.138868808746338, -7.164180755615234, -7.189661979675293, -7.215312480926514, -7.24113130569458, -7.267118453979492, -7.293274402618408, -7.319599628448486, -7.346093654632568, -7.372756004333496, -7.399588108062744, -7.4265875816345215, -7.453756332397461, -7.481093406677246, -7.508600234985352, -7.5362749099731445, -7.564118385314941, -7.592130661010742, -7.620312690734863, -7.648662090301514, -7.677180767059326, -7.705869197845459, -7.734724998474121, -7.763749599456787, -7.792943000793457, -7.822306156158447, -7.851837635040283, -7.881536960601807, -7.911406517028809, -7.941443920135498, -7.971649646759033, -8.00202465057373, -8.03256893157959, -8.063281059265137, -8.094161987304688, -8.125212669372559, -8.156431198120117, -8.18781852722168, -8.219374656677246, -8.251100540161133, -8.28299331665039, -8.315055847167969, -8.347286224365234, -8.379687309265137, -8.412256240844727, -8.444993019104004, -8.477900505065918, -8.510974884033203, -8.544218063354492, -8.577630043029785, -8.611212730407715]
loss_function_weights_cosine 	 [-1.0, 0.0, 0.0, 0.0, 0.0, 0.0, 0.0, 0.0, 0.0, 0.0]
loss_function_weights_sine 	 [0.0, 0.4000000059604645, -0.25999999046325684, 0.0, 0.0, 0.0, 0.0, 0.0, 0.0, 0.0]
=======
4 1.7175 1.8318
6 1.29 1.3053
6 1.7325 1.7263
4 0.615 1.0347
5 2.4375 2.4921
6 2.4675 2.4165
7 1.9575 2.0348
7 0.48 0.5893
5 1.56 1.6295
5 0.9825 1.0571
5 0.75 0.995
4 2.8575 2.1562
6 2.9925 2.5804
7 0.135 0.2754
7 2.58 2.6333
5 1.8075 2.0417
4 1.1475 1.1925
7 0.8475 0.8781
4 2.025 2.3
5 1.3725 1.3911
7 2.055 2.1342
7 1.9875 1.9587
6 0.3975 0.5644
5 2.3025 2.5261
6 2.9475 2.5737
6 2.91 2.5933
4 1.8375 1.8725
5 0.135 0.5862
7 0.015 0.3795
6 0.405 0.257
7 2.82 2.6252
4 0.9075 1.2019
5 1.095 1.052
5 2.6925 2.4598
7 0.945 0.9353
4 1.65 1.6725
5 1.305 1.4746
4 0.195 0.8489
6 1.755 1.7944
4 2.535 2.1937
4 0.4725 0.6295
4 0.675 0.7033
5 1.2375 1.3592
4 0.1125 0.5091
7 1.4925 1.6143
5 2.4525 2.2902
7 1.9725 2.0266
7 1.5975 1.6631
5 2.565 2.3645
5 0.45 0.4121
4 1.7025 1.8806
4 1.125 1.4057
6 1.8075 1.9011
7 0.3375 0.3375
5 2.325 2.2807
5 0.2925 0.7445
6 0.5025 0.389
4 2.4225 1.8927
6 2.8425 2.4109
5 1.2975 1.4632
6 1.245 1.3267
6 0.735 0.6643
7 0.825 0.7897
4 1.8525 1.7867
5 0.5325 0.9442
7 0.36 0.2664
6 1.365 1.4346
5 0.495 0.6692
6 1.9425 2.0191
4 2.46 2.3325
5 2.3325 2.5259
4 1.44 1.4754
4 1.0425 1.1407
4 1.305 1.3617
6 0.015 0.5405
7 2.1375 2.2171
7 0.9975 1.0193
5 0.96 1.0018
4 0.24 0.9059
7 1.3425 1.3597
7 1.7475 1.7845
4 1.17 1.1337
7 2.61 2.6134
7 2.0175 2.0422
7 0.7275 0.6144
5 1.575 1.6935
6 2.73 2.5625
6 1.56 1.6187
6 1.8075 1.8056
6 0.1875 0.3821
7 1.47 1.4873
6 1.3875 1.4097
5 1.2 1.1928
4 1.26 1.3959
4 1.755 1.8302
5 1.6125 1.7147
4 1.47 1.237
4 0.495 0.702
4 1.3275 1.2188
5 2.9025 2.3441
6 1.245 1.1743
4 0.105 0.5251
6 0.0075 0.3889
4 1.605 1.4676
5 0.15 0.365
4 0.2775 0.6456
4 0.33 0.7643
7 1.365 1.342
7 2.9775 2.5621
5 1.455 1.6268
5 1.3725 1.5365
4 1.3125 1.441
6 1.5 1.4637
5 1.3425 1.4829
6 2.175 2.1418
7 2.6925 2.7267
6 2.0925 1.9434
7 1.2675 1.3276
5 1.95 1.9241
6 2.73 2.6707
6 0.4575 0.4053
5 0.7125 0.8992
4 1.86 1.8136
4 2.0625 2.2363
6 1.9275 1.956
7 1.7625 1.7606
6 2.49 2.457
5 1.44 1.3241
6 2.4225 2.1718
5 2.8875 2.4641
5 1.305 1.2307
4 2.58 1.8149
5 2.1525 2.4056
7 2.6625 2.4625
4 0.135 0.6071
6 2.7375 2.6358
4 2.3025 2.261
5 2.8875 2.3955
7 2.9475 2.7471
7 0.855 0.8569
4 2.01 2.2556
4 0.4275 0.8269
7 1.785 1.7718
7 2.76 2.6818
4 0.5775 0.6271
7 1.05 1.0507
6 0.24 0.4231
6 0.585 0.6901
5 0.6225 0.6112
4 0.285 0.5401
6 2.9925 2.5004
5 2.6625 2.3393
7 1.395 1.3898
6 2.2275 2.3474
5 2.085 2.1916
5 1.5675 1.5435
4 1.2675 1.3468
7 1.995 2.1979
6 1.665 1.7526
5 0.795 1.0208
6 1.095 1.0928
6 1.8825 1.9472
5 1.8825 1.8485
5 0.63 1.0715
5 1.83 1.7906
5 2.625 2.4622
4 2.6175 2.2779
4 1.9575 2.221
7 0.21 0.2889
5 1.2675 1.2088
5 0.27 0.7069
5 0.165 0.508
5 0.765 0.822
7 1.3725 1.2813
5 2.28 2.5734
4 1.89 1.8464
5 0.8475 1.1696
5 2.085 2.1194
6 1.5225 1.5885
6 1.5225 1.5767
4 0.7875 0.5506
6 1.3275 1.3731
5 1.0275 0.8731
6 2.1825 2.1418
5 1.4475 1.4585
7 1.3425 1.4305
5 1.4325 1.2654
6 1.44 1.4638
4 2.07 2.0307
6 2.16 2.3152
7 2.4 2.3807
5 1.215 1.1138
5 2.3775 2.1676
5 2.895 2.413
5 2.9775 2.4457
5 2.16 2.1277
5 0.195 0.4333
5 2.5425 2.4788
5 2.5125 2.3929
4 0.0525 0.6776
4 0.9825 1.103
4 0.9675 0.6529
7 2.22 2.357
7 1.83 1.8256
6 0.8475 0.6588
5 0.5625 0.6409
6 0.5025 0.3882
5 0.285 0.428
7 2.37 2.3039
5 2.805 2.5229
5 0.66 0.4846
6 2.235 2.2588
5 2.85 2.53
6 0.5775 0.6578
7 1.7175 1.6497
5 1.32 1.4704
5 2.925 2.5739
7 2.61 2.5719
7 0.045 0.2119
4 0.6075 0.7246
4 2.5425 2.2505
7 1.725 1.7505
7 1.5675 1.626
5 2.43 2.3996
4 2.295 2.2833
5 2.865 2.4184
5 0.9825 0.9287
6 0.1425 0.5933
6 2.0775 2.0416
7 0.15 0.2026
6 1.695 1.713
7 2.58 2.4571
4 1.1925 1.1515
5 1.8 1.8696
4 0.5175 0.9461
5 0.4725 0.5525
5 1.815 1.9884
4 2.595 2.1162
5 2.9925 2.5586
5 0.09 0.4699
7 2.76 2.6768
6 1.53 1.5484
4 1.05 1.0002
7 1.1925 1.1664
6 1.7325 1.7179
5 1.0425 1.0042
4 0.435 0.6222
4 2.595 2.337
4 2.1225 2.2603
5 1.83 1.8694
6 2.1675 2.2454
6 2.955 2.6496
7 0.525 0.3189
4 2.475 2.1551
5 2.4675 2.3557
4 1.0275 1.0857
7 1.68 1.7018
7 1.3725 1.4621
4 0.585 0.6334
6 1.2975 1.3668
5 0.4575 0.6028
4 2.7975 2.0619
5 0.5625 0.5715
6 1.905 1.8555
4 1.71 1.8099
7 2.925 2.4775
5 2.3775 2.3912
5 1.08 1.0608
6 1.125 1.282
5 0.15 0.4608
4 0.1575 0.7959
4 0.93 0.5687
6 2.85 2.4664
6 0.15 2.5802
6 0.5325 0.6763
6 1.905 2.0187
4 1.08 0.945
5 0.555 0.5038
4 2.8425 2.0339
7 0.1275 0.317
5 1.7925 1.8269
6 1.29 1.1695
5 1.035 1.0735
5 0.585 0.5159
6 0.4875 0.4507
7 1.215 1.1384
7 2.2575 2.1451
4 1.4025 1.5272
5 2.3325 2.4715
4 2.6325 2.2042
4 0.5175 0.7796
7 2.64 2.5431
5 1.7475 1.6941
7 1.26 1.2405
7 1.5375 1.5406
5 2.67 2.4027
4 1.1775 1.203
6 0.285 0.475
7 2.88 2.6579
4 0.3525 0.7166
7 0.3225 0.3456
4 2.1675 1.7889
5 0.93 1.0351
5 0.87 0.792
6 1.95 1.8713
5 2.6775 2.574
4 1.035 0.9554
4 2.7225 2.448
4 1.86 1.8587
5 1.8225 1.7661
6 1.5975 1.4382
5 0.0375 0.73
7 0.4725 0.3737
5 2.0325 1.9645
6 2.0775 2.0796
7 0.2925 0.2994
6 1.9125 1.8723
7 1.425 1.4345
7 1.7325 1.6967
6 1.2 1.2211
6 0.6525 0.7691
5 1.065 1.0887
5 2.91 2.5184
6 0.5625 0.5823
6 2.5875 2.4142
5 1.59 1.7898
5 0.225 0.5258
6 2.43 2.2086
6 0.0525 0.2882
5 2.5125 2.2858
5 1.0125 1.0841
7 2.7525 2.7283
6 2.1825 2.1536
4 1.0725 1.1115
6 1.875 1.8921
6 2.9625 2.5607
7 0.51 0.4911
5 0.615 0.6334
4 0.87 0.9118
7 2.46 2.6022
4 0.7425 0.8616
6 0.7425 0.6979
5 1.845 1.7729
7 1.755 1.6318
7 1.2525 1.2163
7 1.65 1.8103
4 0.09 0.5844
6 0.015 0.5001
5 0.0825 0.5529
6 0.165 0.3149
6 2.31 2.3359
7 2.94 2.7195
7 0.375 0.2182
7 1.155 1.1948
4 0.045 0.84
7 1.305 1.3841
6 1.9875 1.9977
5 1.875 1.9045
6 2.7075 2.5733
7 1.6575 1.6752
4 0.1575 0.9004
6 1.1325 1.0869
6 1.38 1.3091
7 1.005 1.1063
4 0.105 0.6499
4 1.8825 1.8398
6 1.47 1.5248
4 2.13 2.0623
5 1.095 1.0773
5 0.21 0.4801
7 0.795 0.7889
7 0.525 0.5707
7 1.38 1.3852
4 0.4575 0.5998
7 0.2325 0.3141
5 1.575 1.5623
4 0.42 0.8515
6 0.315 0.4735
6 0.36 0.3583
7 2.115 2.1809
4 2.4225 2.4477
7 2.43 2.2873
6 1.725 1.7895
7 1.905 1.9026
6 2.2575 2.3649
6 1.2825 1.2599
7 1.53 1.4746
4 2.1375 2.4217
7 1.905 1.886
5 1.83 1.7833
6 1.9425 1.9831
5 1.605 1.7075
7 0.645 0.7933
7 0.915 0.9549
4 2.0775 2.3524
4 1.26 1.2222
6 2.5725 2.5119
6 1.125 1.2111
4 2.01 2.2657
4 0.345 0.5531
5 0.9 0.9021
4 2.55 2.2683
6 0.525 0.5648
6 1.875 1.9539
5 0.0825 0.407
6 1.83 1.8477
4 1.3575 1.4393
7 2.7 2.6336
5 2.475 2.2871
6 2.3175 2.3438
6 1.0125 1.0352
7 2.01 2.1142
6 0.465 0.5521
6 1.47 1.3553
5 1.17 1.1673
6 1.41 1.3438
6 0.825 0.7653
5 0.6375 0.8914
7 1.56 1.5043
7 1.9575 2.0316
6 1.6875 1.7706
6 2.8575 2.4964
5 1.6725 1.532
6 0.45 0.5436
7 1.9275 2.0124
5 0.9525 1.0476
5 2.8125 2.3775
5 0.39 0.6098
7 1.3725 1.4097
4 2.0175 2.1062
6 2.91 2.7051
7 1.5675 1.6543
6 1.14 1.1122
4 2.3325 2.3259
6 2.3625 2.3489
6 2.7375 2.6086
5 2.1675 2.5562
7 0.3825 0.3326
4 2.9775 2.241
6 2.79 2.4136
4 1.305 1.276
6 1.98 1.9177
5 2.505 2.4216
6 2.7525 2.3915
4 2.1675 2.0383
5 0.27 0.4602
5 0.2025 0.5452
5 1.1025 0.9804
6 1.365 1.3744
7 0.9375 0.8273
6 2.25 2.2192
4 2.2875 2.5156
5 1.2 1.2563
5 2.0925 1.9358
6 0.5775 0.6071
4 2.8575 2.3264
4 0.7275 0.9386
5 0.465 0.5533
7 1.1475 1.1785
4 2.5875 2.391
4 1.7925 1.7431
5 2.055 2.3454
4 2.4525 2.3213
7 1.155 1.1559
4 2.88 2.1124
7 2.9625 2.7286
6 1.605 1.5369
7 2.25 2.2446
4 2.565 2.2665
7 1.7775 1.729
5 0.39 0.4553
7 1.9725 1.9525
4 1.365 1.2842
7 2.565 2.4631
6 0.63 0.5543
7 0.0375 0.4983
5 0.54 0.532
4 0.51 0.5408
6 1.155 1.2383
7 0.6225 0.5202
6 1.005 1.0534
6 1.77 1.735
5 0.465 0.5133
4 1.455 1.4266
7 1.065 1.1575
5 0.015 0.3396
4 2.025 1.8522
7 1.5075 1.4297
5 2.325 2.4515
6 2.6325 2.6412
7 0.1425 0.3224
5 2.145 2.1786
4 1.38 1.4428
7 2.625 2.6077
7 0.345 0.6064
7 2.52 2.5617
4 1.29 1.5099
4 0.2775 0.6574
5 1.3875 1.5484
5 2.6325 2.5166
4 0.2175 0.8909
6 1.1325 1.168
7 0.24 0.1956
5 0.0225 0.5544
5 2.4825 2.2914
7 1.65 1.6211
5 1.71 1.666
6 2.7 2.5887
6 0.255 0.3811
5 2.835 2.4131
5 2.2575 2.0212
4 2.55 2.1963
5 2.445 2.3667
4 1.185 0.9717
7 0.0675 0.3775
5 2.9925 2.5267
7 1.8975 1.872
5 2.1375 1.9086
6 2.085 2.2101
5 0.9 0.8922
7 1.9725 1.9635
7 1.35 1.4009
5 0.6825 0.7116
5 1.5 1.5247
4 1.4025 1.3412
5 0.9075 0.935
7 2.25 2.3192
5 2.73 2.4978
7 1.7925 1.7828
6 0.0675 0.6437
6 1.635 1.6781
5 1.89 1.8916
7 2.445 2.6112
7 0.9075 1.0127
5 0.705 0.4898
6 1.1175 1.0894
7 0.48 0.5552
4 2.34 2.3562
5 0.0825 0.4837
7 1.695 1.7425
4 2.4975 2.4255
6 0.0975 0.4994
5 0.495 0.5607
4 2.9775 2.2265
6 0.9225 1.0314
4 2.3025 2.3064
4 0.0825 0.6171
5 1.4025 1.4138
4 0.1275 0.7043
7 0.735 0.6951
6 0.0525 0.4163
5 2.04 2.1045
4 1.365 1.4498
5 1.0575 0.9962
6 1.26 1.2525
7 2.04 1.9972
4 0.78 0.9872
4 0.465 0.9225
6 0.1275 0.4577
7 1.965 1.8831
4 1.995 2.0813
6 0.72 0.4593
7 1.545 1.5075
5 2.91 2.4944
6 1.4175 1.3373
5 2.295 2.3079
4 1.05 1.0898
7 1.6575 1.6559
7 2.3325 2.333
5 2.0925 2.1641
5 1.7925 1.8387
5 0.885 0.9981
5 0.1725 0.3819
5 1.4475 1.4949
4 2.1675 1.9989
4 1.08 1.1283
5 2.1825 2.2415
5 1.41 1.561
4 0.21 0.7602
5 1.74 1.6627
7 1.65 1.6687
4 0.9675 1.1365
4 0.6 1.0761
7 2.955 2.7053
6 1.755 1.7148
7 2.175 2.2531
4 0.1275 0.6565
7 2.1975 2.1855
7 0.4875 0.4389
4 1.4475 1.6365
5 1.1775 1.1564
7 1.17 1.1115
7 2.37 2.622
6 0.6075 0.6696
6 2.835 2.6199
7 2.55 2.6587
5 1.4775 1.3273
5 2.625 2.5216
6 1.65 1.6647
7 2.7525 2.5687
4 1.4625 1.31
5 2.9325 2.4489
6 2.235 2.251
7 1.9725 2.0384
6 2.985 2.658
4 2.085 2.2757
5 0.735 0.3795
5 1.9425 2.0468
7 0.51 0.2701
4 1.215 1.1496
7 2.1075 2.0421
6 0.57 0.7621
7 1.2675 1.3557
6 0.69 0.5461
6 1.245 1.2361
6 0.6975 0.5065
4 2.1075 2.0912
4 2.505 2.4749
6 1.44 1.33
4 2.1375 2.0246
5 2.265 2.3243
4 2.4225 1.8396
6 2.4075 2.717
7 1.9725 2.0968
5 2.2125 2.1815
6 2.19 2.2153
6 1.5675 1.6025
6 2.385 2.6764
4 0.57 0.56
4 2.16 1.9011
6 1.9125 1.9788
7 1.62 1.7853
6 1.815 1.9328
6 2.7525 2.6385
4 2.37 2.2647
5 2.07 1.8891
7 2.7 2.4443
7 2.6175 2.4979
5 0.9825 0.9695
6 2.58 2.6226
5 2.655 2.866
7 1.7475 1.7791
6 2.775 2.5476
7 0.525 0.4779
4 2.4075 2.2876
7 0.7275 0.6981
4 1.2 1.2184
4 1.5225 1.5099
6 1.2675 1.2959
7 1.5525 1.6069
4 0.2775 0.7741
5 0.18 0.4974
5 2.175 2.3455
6 0.81 0.7021
6 0.8325 0.9302
7 2.1 2.0426
5 2.2725 2.323
7 1.605 1.5248
6 2.4525 2.6525
4 1.05 1.3163
7 2.67 2.5663
5 1.9125 1.8657
6 2.5425 2.7042
6 2.445 2.4343
5 2.1 2.2608
4 2.775 2.2386
5 2.265 2.2995
4 1.35 1.4987
4 0.3525 0.744
7 1.2075 1.1943
4 1.845 2.2664
4 0.0675 0.8451
5 1.7925 1.8322
5 1.2225 1.1237
4 1.425 1.5462
4 0.195 0.6048
4 0.2325 0.5731
7 1.9425 1.8984
6 0.81 0.8065
7 0.465 0.4016
5 2.6025 2.5091
6 0.1725 0.3249
7 2.1075 2.2136
5 2.4675 2.3729
6 2.6925 2.4985
7 1.98 1.9467
6 0.1575 0.3814
6 1.3125 1.3103
4 2.625 2.379
7 1.23 1.2727
6 1.605 1.5963
6 2.2275 2.3723
6 1.7325 1.6544
4 1.08 1.1185
4 1.7775 1.8741
6 1.395 1.4366
6 0.9975 1.0626
6 0.21 0.5485
6 0.78 0.9094
7 2.985 2.6756
7 0.8775 0.7744
5 1.0425 1.0915
5 2.94 2.3033
4 0.3075 0.8927
5 0.7575 0.7398
4 1.1325 1.3515
4 1.395 1.5153
5 1.215 1.2403
4 0.825 0.7401
4 0.45 0.4908
4 1.665 1.477
5 0.51 0.7354
5 0.0075 0.6515
6 2.28 2.2206
6 2.2875 2.6693
5 1.08 1.1188
4 2.6475 2.3357
5 0.48 0.3971
4 2.7 2.4179
4 2.0475 2.1837
5 2.01 2.0727
5 0.15 0.6322
7 2.2875 2.1265
6 0.51 0.4062
6 1.605 1.6739
6 1.65 1.654
6 0.18 0.3481
4 0.885 1.0073
6 2.76 2.7632
7 2.28 2.1855
5 0.9225 1.0717
6 2.9325 2.2689
5 0.2175 0.48
7 1.9575 1.997
4 2.4075 2.4364
5 2.5425 2.5116
6 1.9425 1.9402
5 2.22 2.1536
5 0.7425 0.791
7 2.3475 2.5558
6 2.04 1.8733
6 1.725 1.6761
7 0.8025 0.808
6 2.0175 2.0079
7 0.15 0.4193
6 1.5075 1.5226
5 1.9725 2.0044
4 1.0125 1.0097
6 1.8 1.7116
5 0.165 0.6545
7 1.005 0.9322
5 1.47 1.5511
7 2.4825 2.5806
6 1.6125 1.6517
7 2.79 2.6115
5 1.1175 0.903
6 2.6775 2.6019
7 1.7475 1.7726
5 1.41 1.4516
5 0.5475 0.5455
7 2.4825 2.5795
7 2.385 2.297
4 1.1625 1.1296
4 0.9675 0.9832
4 0.825 0.5561
6 1.02 0.9518
7 0.27 0.4441
6 2.565 2.5875
4 1.305 1.3037
7 0.5325 0.5552
6 2.0475 1.978
7 0.525 0.4378
5 2.64 2.3493
4 0.015 0.6955
5 1.6575 1.6692
5 1.92 1.81
7 1.0275 1.0757
6 0.5775 0.7004
4 2.7 1.9561
6 1.7775 1.8756
4 2.085 2.2559
4 0.495 0.663
7 0.03 0.2204
7 2.7225 2.5901
7 0.5625 0.2925
7 0.165 0.2868
7 2.3325 2.2724
6 1.7025 1.6656
5 0.0525 0.5097
5 1.6725 1.6758
6 1.53 1.5479
7 2.7675 2.6468
5 1.77 1.7629
6 0.45 0.4542
6 1.875 1.8145
6 2.4 2.4981
7 2.9025 2.7015
4 0.93 0.6651
6 1.7325 1.8254
7 0.1425 0.3816
5 2.865 2.5199
7 0.4275 0.4843
4 1.9575 1.9749
5 2.565 2.4232
4 1.44 1.3852
6 2.9325 2.4434
7 1.2225 1.2562
7 1.7025 1.7028
6 2.5575 2.5337
6 0.0525 0.3603
5 2.5875 2.3072
4 2.535 2.3101
4 0.495 0.7989
6 2.0925 2.0232
6 0.825 0.9969
7 0.5775 0.3046
6 1.53 1.5614
5 2.1375 2.3821
5 1.14 1.1774
4 1.02 0.8683
6 0.675 0.7738
4 1.725 1.7286
6 1.7475 1.8141
5 2.6025 2.5186
5 2.505 2.4785
5 0.0225 0.5576
7 0.4425 0.4458
7 0.3975 0.2502
7 0.8175 0.8428
6 2.2275 2.1008
5 1.47 1.5756
4 2.19 2.2249
4 2.5275 2.3269
7 1.11 1.1654
5 0.0075 0.5098
7 0.6375 0.6597
6 1.8525 1.7706
6 1.7175 1.6325
7 0.615 0.6793
5 2.265 2.0989
6 0.09 0.405
7 0.465 0.5663
5 1.5525 1.6218
7 1.815 1.8949
7 2.7525 2.7095
5 1.155 1.0873
5 2.4375 2.2896
6 1.4175 1.4965
4 0.9075 0.7602
7 2.8575 2.6871
7 1.485 1.431
5 2.1225 2.0295
5 0.8775 0.8553
7 2.655 2.6099
4 1.4325 1.4264
5 0.1425 0.4813
5 0.2025 0.8341
5 1.0575 1.1591
5 1.2825 1.2484
5 0.33 0.4853
7 2.55 2.5839
5 1.6725 1.8526
6 2.8425 2.5671
4 1.95 1.6641
4 2.4 2.2737
5 0.51 0.547
4 0.135 0.6593
4 0.6825 0.8168
6 1.26 1.2713
4 0.15 0.5269
7 2.7825 2.6377
5 0.9 0.6703
5 2.3775 2.4532
6 0.135 0.5269
6 2.55 2.5005
6 0.9975 0.8839
5 1.545 1.5724
6 1.83 1.8463
7 1.83 1.8091
7 0.885 0.9156
4 0.765 0.7139
7 1.1625 1.2076
5 1.665 1.8095
7 0.0 0.3811
4 0.6825 0.5956
7 0.21 0.3187
7 2.4975 2.6526
6 2.1 2.0938
6 2.4975 2.4948
5 2.01 1.9106
5 0.105 0.7904
7 0.9825 0.9851
5 2.6475 2.2342
7 1.4025 1.4292
7 0.9675 0.9397
5 0.4725 0.5625
7 2.7375 2.6983
5 0.285 0.696
4 1.08 1.0743
6 0.945 0.9535
5 1.9125 1.9523
6 2.7375 2.6757
5 2.22 2.4625
7 2.895 2.6519
4 0.855 0.9543
5 2.235 2.3876
4 2.1375 2.4405
6 0.1575 0.502
4 1.725 1.8145
5 2.6325 2.5009
5 0.09 0.5682
4 0.6825 0.5405
5 1.605 1.5196
6 1.8225 1.8284
7 1.635 1.5991
4 2.6475 1.9993
5 1.14 1.0343
7 1.9725 2.0451
5 1.635 1.7372
7 2.4675 2.7405
6 1.17 1.1896
4 2.76 2.3783
6 2.5425 2.6248
4 2.1675 2.1646
4 2.745 2.3832
6 1.9875 1.9035
5 0.885 0.4069
7 2.88 2.7619
7 1.0575 0.9924
6 1.0425 1.1224
7 1.8825 1.8912
6 1.5 1.5948
4 2.9925 2.2069
5 1.245 1.4018
5 2.7975 2.3851
6 1.35 1.2404
6 0.675 0.6154
4 1.605 1.6946
4 2.0175 1.9137
5 0.9 1.1172
5 1.7625 1.7686
6 1.3125 1.3543
4 0.0675 0.4719
6 0.195 0.5105
5 1.14 1.0596
6 2.1 2.1403
7 0.4725 0.4039
6 2.8875 2.554
7 1.0875 1.0961
6 0.3225 0.3051
7 0.5625 0.5083
6 2.76 2.2764
5 2.535 2.3371
6 1.9875 1.2859
4 0.1725 0.738
5 1.9275 1.8723
4 0.0675 0.8823
5 0.705 0.7204
7 0.2025 0.4885
6 2.01 1.9721
7 2.46 2.4158
4 0.7875 0.9263
5 2.985 2.1662
5 1.6275 1.5369
7 2.55 2.7551
4 0.5925 0.628
6 2.3925 2.4709
5 1.89 1.939
5 0.2325 0.5605
7 2.295 2.2117
5 2.295 2.086
7 1.1325 1.0916
7 0.795 0.8608
5 0.225 0.5518
5 1.8075 1.8695
4 0.9 0.8219
4 0.6975 1.8072
4 1.35 1.4433
5 0.3825 0.4459
7 1.98 1.881
4 0.975 0.6253
7 0.885 0.8553
7 1.2975 1.334
5 1.305 1.2138
4 1.305 1.3925
5 0.765 0.8257
4 2.2575 2.3146
6 2.685 2.57
4 1.695 1.533
5 2.1675 1.9344
4 2.43 2.007
7 0.855 0.7551
6 2.61 2.5723
5 1.71 1.6211
4 1.905 2.4105
7 1.6575 1.5859
5 2.655 2.5817
6 1.4775 1.5596
4 2.13 1.911
7 0.78 0.6625
5 0.48 0.4456
4 1.62 1.6134
4 2.475 2.299
4 0.435 0.818
6 2.175 2.1911
4 0.825 0.7232
7 0.3375 0.4084
5 2.43 2.0183
4 0.1725 0.6064
4 1.26 1.2025
5 1.965 2.036
6 2.1075 2.007
5 2.295 2.0091
5 0.3 0.6346
4 0.39 0.584
6 0.915 0.8664
6 2.5275 2.3933
7 2.685 2.7237
4 1.2675 1.1835
7 0.8475 0.7685
7 1.845 1.8485
5 1.29 1.2752
7 0.06 0.4568
5 1.8225 1.7497
6 2.7825 2.3914
7 1.995 2.0093
6 2.175 2.1931
7 0.21 0.3158
7 1.8375 1.7654
4 2.82 2.1968
5 0.8175 0.8921
7 0.96 1.0034
5 0.75 0.563
5 1.7925 1.8139
6 1.035 1.0598
7 2.55 2.6664
7 2.0325 1.8707
7 1.635 1.6036
4 2.2875 2.2753
6 0.6225 0.612
6 0.75 0.7726
4 1.2675 0.9412
5 1.185 1.2563
5 1.32 1.409
5 2.9625 2.4452
4 0.975 1.3233
6 2.5425 2.3949
4 2.4975 2.3456
4 0.9525 1.0337
5 1.1775 1.3109
6 0.0675 0.5199
6 2.085 2.3899
6 1.455 1.468
6 0.51 0.4962
6 2.7075 2.7044
6 1.3425 1.308
7 0.7275 0.762
4 1.425 1.2072
6 0.51 0.4318
6 0.72 0.6575
6 1.935 2.0331
7 1.965 2.0337
6 0.315 0.3008
4 2.205 2.0521
4 2.3175 2.0831
6 1.6125 1.6358
5 1.83 1.9299
4 1.83 1.8897
4 2.325 2.144
5 2.1375 1.9813
4 2.355 2.3426
7 1.5525 1.6306
5 1.4025 1.4162
7 0.42 0.3634
7 2.0175 2.159
4 1.9275 1.6634
5 2.31 2.4767
7 1.9425 1.801
5 1.485 1.4362
7 0.1725 0.3181
5 1.95 2.009
7 2.025 2.1896
6 0.405 0.3711
7 0.705 0.7263
6 1.3875 1.392
5 0.3525 0.4699
5 2.985 2.4192
5 0.2175 0.4324
6 2.1 2.1829
7 2.6175 2.7007
5 0.18 0.554
4 1.44 1.1345
4 1.32 1.4334
7 2.9325 2.6442
7 2.88 2.7359
5 1.7475 1.7648
4 2.25 2.1264
4 2.6025 2.3382
4 0.3225 0.8657
7 0.33 0.4673
6 1.92 1.9815
7 2.7225 2.7311
6 2.13 2.2633
5 2.7375 2.5191
7 0.495 0.421
5 0.825 0.8076
6 0.57 0.7011
7 1.62 1.5462
7 2.8725 2.431
4 0.6 0.4922
4 1.335 1.3279
7 1.4025 1.3916
6 1.6425 1.7803
6 0.9 0.9588
7 1.3425 1.3494
6 0.0 0.3393
6 0.0075 0.4987
6 1.575 1.563
5 0.315 0.4428
6 1.83 1.8531
6 1.23 1.2651
5 1.2975 1.1963
7 0.8925 0.9387
4 2.5875 2.0017
7 1.035 1.1254
4 2.595 1.9298
7 0.195 0.4147
7 1.8975 1.9799
4 0.555 0.7415
5 2.775 2.4741
7 0.135 0.3828
4 2.4975 2.352
6 2.3025 2.4147
6 1.1925 1.246
4 0.195 0.5231
5 2.1225 2.1493
6 2.175 1.9944
7 2.3775 2.2984
5 2.04 2.0229
6 2.4675 2.4601
7 1.1925 1.211
6 1.9425 2.0195
6 2.7075 2.6629
5 0.8775 1.1051
7 0.6825 0.8036
6 0.9075 0.6884
6 0.0525 0.4924
5 2.5275 2.3847
7 0.525 0.5427
5 0.0225 0.6539
7 0.7875 0.697
5 1.41 1.4332
6 2.7075 2.5061
7 1.05 0.9695
4 2.595 2.4257
5 2.79 2.4478
6 2.9625 2.4498
7 1.755 1.8103
7 1.9725 2.0152
7 1.6575 1.6597
6 2.3625 2.5058
7 2.0625 2.1125
5 0.3075 0.5374
7 1.23 1.3208
7 2.5575 2.5488
4 1.2675 1.3315
5 2.3625 2.5028
4 2.535 2.2738
7 2.3175 2.3862
7 2.1825 2.1921
6 0.9975 1.0706
5 1.5075 1.4879
5 2.5125 2.4984
5 1.305 1.4518
4 1.725 1.6604
5 0.15 0.6407
6 1.3125 1.4684
6 1.5 1.4465
5 0.4725 0.6417
7 1.1625 1.2221
4 0.2325 0.6887
4 2.9025 2.2577
6 0.42 0.3819
5 2.1525 1.8946
7 0.8025 0.7915
5 2.94 2.3923
4 2.58 2.4357
4 1.5975 1.4834
5 0.7275 0.7074
7 0.285 0.4606
4 1.2825 1.2858
4 1.005 0.9988
5 0.6375 0.7276
5 2.775 2.3551
6 1.8525 1.8228
7 0.3525 0.4819
6 1.395 1.422
6 0.9825 0.9638
4 2.3775 1.9611
4 1.7175 1.6565
7 0.0525 0.3809
5 1.59 1.5965
6 1.44 1.3723
5 0.78 0.7778
7 1.3125 1.3195
7 0.78 0.8228
5 0.3975 0.5599
6 0.8925 0.78
7 2.985 2.76
7 0.18 0.4373
5 1.7175 1.6943
5 2.46 2.4066
7 2.595 2.4838
6 1.38 1.564
7 2.1375 2.1003
5 1.425 1.49
5 1.7025 1.7537
4 0.4575 0.8414
4 2.46 2.4081
7 2.4075 2.6919
5 0.8025 0.8391
4 1.8225 2.0434
4 0.6075 0.8602
6 2.37 2.4208
4 0.3975 0.5719
7 0.5925 0.6848
4 1.41 1.4923
4 0.9675 1.1064
5 1.32 1.426
4 0.3675 0.9583
6 2.115 2.0304
7 0.48 0.5658
7 0.285 0.2511
4 1.62 1.7006
5 2.4825 2.3887
7 1.98 1.9447
7 2.19 2.3283
4 0.78 0.7805
4 1.0875 1.1539
7 1.8 1.8746
7 0.9225 0.8911
4 1.1025 1.029
5 2.3175 2.3414
5 0.255 0.4201
6 1.9425 1.9086
4 0.885 0.7827
4 0.795 0.6092
4 2.43 2.2081
5 2.4675 1.9748
5 0.195 0.4576
6 0.2775 0.6544
5 1.08 0.9335
6 1.3275 1.3853
4 1.215 1.3359
5 1.935 2.0682
6 1.1175 1.2121
6 0.69 0.1963
7 2.925 2.6062
4 2.985 2.3091
4 2.445 2.4945
5 2.535 2.4806
4 2.94 2.1327
6 2.355 2.2063
7 1.695 1.7509
5 0.15 0.4589
7 0.615 0.5648
6 1.7775 1.8283
6 1.4775 1.433
6 2.5425 2.605
4 0.0375 0.7986
4 1.2675 1.3303
4 0.2325 0.5922
5 0.84 0.8642
5 1.1325 1.2331
6 2.205 2.0672
6 2.265 2.2165
4 2.0925 2.2222
6 1.305 1.3678
6 1.5675 1.4779
5 2.2425 2.1977
4 2.085 1.8615
5 0.57 0.634
6 2.5875 2.669
4 2.4375 2.2082
7 2.175 2.1031
7 1.9425 2.0012
4 1.6275 1.5394
5 0.5475 0.5021
6 0.225 0.471
6 0.2625 0.369
7 0.12 0.3073
4 0.675 0.8621
7 2.985 2.6987
5 1.7325 1.6756
7 0.0 0.2757
6 2.5125 2.4248
5 0.165 0.6002
7 1.2375 1.1423
4 1.71 1.6383
7 0.825 0.7786
6 2.595 2.4069
7 1.38 1.2645
5 1.845 1.9748
6 2.685 2.6347
7 0.9975 1.0208
5 2.3325 2.2793
6 2.265 2.2569
5 1.605 1.8084
6 0.9525 0.9215
6 2.9775 2.5494
5 1.35 1.3338
5 1.275 1.2606
6 1.8525 1.8728
5 0.705 0.6514
7 1.3875 1.4801
4 0.8325 0.6914
6 1.665 1.6821
5 0.42 0.5995
7 0.09 0.3089
6 2.085 1.9519
5 0.735 0.6834
6 0.0375 0.3894
6 0.4575 0.3949
6 2.385 2.4056
6 2.775 2.5914
6 2.88 2.6662
7 1.2 1.1526
4 1.3575 1.3439
4 1.7925 1.9406
6 2.79 2.6033
7 2.235 2.1876
7 2.4975 2.4466
7 0.285 0.607
4 1.635 1.7501
7 2.01 2.0063
7 0.735 0.8058
7 1.155 1.1203
6 0.225 0.3349
7 2.2725 2.1485
6 1.6425 1.6511
7 0.36 0.382
7 2.265 2.2905
6 2.8425 2.4575
4 1.4325 1.4938
5 2.7075 2.5343
4 1.8075 1.6814
6 1.065 1.0302
7 1.395 1.3787
7 2.895 2.6137
5 2.61 2.351
6 1.2975 1.2352
4 1.77 1.5119
7 1.005 1.0806
5 2.5425 2.6527
6 2.4825 2.5382
7 1.0125 1.0004
4 1.05 1.084
4 2.8425 2.3374
5 1.635 1.8181
5 0.195 0.5113
6 0.42 0.5766
5 2.5875 2.2683
7 2.79 2.7559
6 0.3975 0.4024
6 2.5275 2.5354
7 0.2325 0.5123
7 0.9825 0.9621
6 1.3125 1.2548
7 2.67 2.6658
5 1.3575 1.4188
6 1.14 1.1434
7 1.5525 1.6059
6 0.1875 0.3622
5 1.47 1.475
5 0.705 0.5573
6 0.4725 0.5418
4 0.1725 0.5703
6 2.6775 2.5311
6 0.705 0.6778
7 2.025 2.0845
7 1.2 1.1749
6 1.1925 1.1191
4 2.4825 2.4906
5 0.7575 0.8531
6 1.3575 1.414
4 1.3425 1.5526
5 2.3025 2.2997
5 2.7525 2.3955
6 1.17 1.1925
7 0.135 0.3599
7 0.21 0.3833
6 1.9725 1.8495
7 2.1375 2.0638
7 0.075 0.4453
6 2.925 2.643
5 1.6425 1.7395
6 0.555 0.5616
7 0.06 0.3479
5 1.1475 1.1446
7 0.5025 0.6301
7 2.745 2.694
6 0.435 0.4668
6 2.0775 2.0486
5 1.32 1.2525
7 2.775 2.786
7 1.4475 1.4912
4 1.9425 1.9769
6 2.97 2.4906
5 1.1025 1.0106
7 1.5825 1.5587
6 1.3725 1.4383
6 2.2125 2.294
7 0.7425 0.8342
6 0.2775 0.6808
5 2.3175 2.0897
7 1.83 1.7856
6 1.41 1.4485
4 1.335 1.3609
7 2.58 2.3991
4 0.9225 1.0905
7 0.8175 0.7162
5 2.5275 2.384
7 0.93 0.9231
4 2.4825 2.4199
5 0.165 0.4542
4 0.9675 0.7921
5 0.9225 1.1691
5 2.535 2.5377
6 1.3275 1.302
4 2.985 2.2663
6 2.2875 2.2815
6 2.085 2.063
5 1.035 1.1208
6 1.6125 1.512
7 1.68 1.7001
4 1.365 1.4962
4 0.33 0.6274
6 0.96 0.9003
6 1.5225 1.4951
7 0.87 0.7537
6 1.6875 1.5955
7 0.84 0.7685
5 2.49 2.6508
4 0.5775 0.6335
6 2.1225 2.0535
4 2.2425 2.2687
4 2.865 2.427
5 2.3625 2.4915
4 1.56 1.8529
5 0.615 0.4494
4 0.135 0.6225
7 1.71 1.7985
6 2.5125 2.2667
4 1.9275 2.1434
6 1.7325 1.7489
6 2.745 2.5212
7 2.1675 2.1085
5 1.965 1.9645
5 2.64 2.5185
6 1.845 1.9346
6 2.8125 2.6328
6 0.03 0.5023
4 2.2725 2.2568
4 0.81 0.7046
4 2.9325 2.3681
6 2.6775 1.9252
7 2.445 2.4246
5 2.4975 2.3856
6 0.2775 0.4137
6 0.015 0.4914
7 1.1925 1.1543
6 0.075 0.3676
7 2.9175 2.6674
4 0.255 0.5121
4 0.9975 0.8708
4 0.825 0.7251
7 1.605 1.655
6 2.4525 2.3116
7 0.2025 0.3633
7 1.2525 1.2902
4 0.3675 0.6041
6 1.815 1.8642
5 1.6125 1.6321
7 0.3975 0.4611
4 2.0775 1.8079
5 0.51 0.6635
5 0.4725 0.4316
5 2.3325 2.5486
4 0.3975 0.7752
5 1.8225 1.9269
7 2.1675 2.1251
5 0.3225 0.5698
6 2.595 2.6761
6 0.9225 0.9252
5 1.7325 1.6518
4 1.14 1.3592
6 2.955 2.5925
5 2.685 2.4963
7 1.095 1.0727
6 0.9675 0.9368
4 2.7375 2.2095
5 2.6325 2.5642
6 2.46 2.3812
7 2.7375 2.7504
7 2.97 2.7188
5 0.7275 0.6562
4 2.8275 2.2597
7 1.7175 1.742
7 1.56 1.5577
7 1.08 1.0543
5 2.415 2.3355
4 2.0775 2.152
4 0.0375 0.7453
7 2.7225 2.7354
5 1.5 1.6421
7 0.72 0.8001
4 1.815 2.0955
4 1.2825 1.5247
6 1.0425 1.076
5 1.1475 1.2126
6 2.8575 2.6743
7 0.585 0.5859
5 1.5675 1.5756
4 1.3725 1.3588
6 0.1725 0.4349
5 1.6275 1.8006
7 1.6875 1.6854
4 2.07 1.8247
4 1.7475 1.7161
7 0.75 0.7692
5 0.315 0.4853
7 2.37 2.3638
7 2.5575 2.6006
5 0.8775 0.6308
7 1.14 1.1208
4 2.3325 1.9022
7 1.4475 1.4972
7 2.295 2.3584
7 2.7225 2.5522
7 1.2825 1.3016
5 2.8725 2.3793
4 0.8175 0.7453
5 0.5175 0.6392
4 0.7275 0.6802
7 0.3675 0.496
4 1.7925 1.6386
6 2.3925 2.2957
6 2.9625 2.6083
7 1.335 1.3296
7 2.4675 2.3725
4 2.04 1.6854
6 1.3275 1.4738
4 0.93 1.0914
4 1.2075 1.014
6 2.445 2.6888
4 0.8775 0.5772
6 0.6975 0.7528
4 0.6075 0.8642
7 1.0575 0.9587
6 0.4875 0.3885
4 0.8025 0.7029
7 0.045 0.3036
5 2.37 2.5209
7 0.96 0.9084
4 0.99 0.9666
5 0.8325 1.0593
4 0.3075 0.743
5 0.9675 0.9277
6 1.395 1.4621
7 2.88 2.6878
4 0.9675 0.813
4 1.245 1.3527
6 1.2 1.3217
5 1.395 1.3067
4 1.8525 1.9892
5 2.0025 2.1449
6 0.93 0.8756
4 1.185 1.1058
4 1.9575 2.0033
4 2.295 2.2803
5 0.87 0.7764
4 0.0825 0.6807
6 2.9475 2.4212
4 1.785 2.1222
4 1.5675 1.7626
6 1.125 1.0165
6 2.2725 2.1203
6 1.1475 1.1975
4 2.9325 2.3796
4 1.08 1.1123
4 2.8275 2.195
4 0.105 0.6333
5 1.1475 1.1997
4 1.35 1.2927
5 1.5 1.4247
7 0.48 0.6162
5 2.16 2.2566
7 0.45 0.3304
6 0.4275 0.5382
7 2.7 2.7291
4 1.3125 1.292
6 2.625 2.6442
5 1.0725 1.0984
5 2.6775 2.4983
7 0.255 0.3664
6 2.7525 2.4933
4 2.91 2.3708
7 1.9725 1.9473
6 0.5925 0.5245
6 2.8875 2.5384
5 0.81 0.6378
6 1.7175 1.6495
5 1.41 1.6153
6 2.865 2.6272
4 1.89 1.8948
4 2.4225 2.3793
5 1.23 1.2904
5 0.795 0.8193
5 1.005 0.8444
5 1.7325 1.5878
5 2.2875 2.558
7 2.2575 2.2512
7 2.6175 2.5221
7 1.725 1.798
6 1.6575 1.6633
7 1.2825 1.2431
5 0.885 0.7535
7 2.235 2.264
6 0.24 0.4889
6 1.9425 1.9662
4 0.5175 1.1066
4 0.15 0.6323
5 1.53 1.6863
7 2.1975 2.373
5 1.53 1.4199
6 2.7075 2.511
4 2.475 2.1745
6 2.145 2.3723
7 2.1525 2.1059
7 2.4825 2.6361
6 1.0725 1.0659
5 2.355 2.1922
5 0.0825 0.6641
6 2.985 2.6154
5 0.525 0.8361
4 1.215 1.2075
6 1.095 1.0686
6 0.885 1.0262
7 0.27 0.1976
6 2.82 2.3233
7 2.82 2.8137
7 2.7825 2.6588
7 1.83 1.8333
6 0.51 0.4647
4 1.8975 2.1262
5 2.7075 2.213
4 0.9975 0.9364
4 0.2475 0.6765
6 2.0775 1.9404
4 2.355 2.2036
5 1.2675 1.2096
6 1.71 1.7047
6 2.0775 2.0509
5 1.5675 1.537
4 2.655 2.0721
4 0.78 0.6008
6 0.555 0.5466
7 2.1825 2.1612
7 2.6775 2.6962
6 2.88 2.5848
7 0.42 0.4202
5 1.1175 1.1186
6 0.69 0.7133
5 1.6425 1.4935
6 0.8325 0.8711
5 2.0925 1.9986
5 1.4325 1.6217
5 2.2725 2.2303
5 1.905 1.9313
7 2.79 2.802
5 1.035 1.0214
6 2.16 2.0306
6 1.71 1.6989
7 1.4775 1.4345
6 0.825 0.828
7 1.155 1.1427
7 2.4225 2.5007
5 2.025 2.0285
7 2.0025 1.9428
5 1.9725 1.9244
7 1.2075 1.2289
5 2.3625 2.1632
7 2.2125 2.1774
6 2.61 2.6202
5 2.3475 2.1138
6 1.755 1.7154
6 2.235 2.3961
5 0.225 0.4209
5 2.85 2.3101
5 1.1475 1.0529
5 0.51 0.6313
7 0.15 0.223
7 2.0175 2.0648
7 0.6075 0.6596
5 2.22 2.1243
4 0.9825 1.0492
5 1.1925 1.2113
5 1.0875 1.0553
4 2.3025 2.3872
5 2.9925 2.4709
7 2.745 2.5026
6 0.225 0.4238
6 0.36 0.3913
5 1.7475 1.7797
7 2.4825 2.6483
4 2.4675 2.3909
4 1.965 1.8983
6 2.5575 2.7123
6 1.785 1.8177
5 1.5225 1.5945
5 0.06 0.4721
5 2.475 2.4143
6 0.555 0.6303
6 1.005 1.0012
7 1.74 1.7057
7 0.8775 0.8312
7 2.85 2.6586
5 2.9625 1.935
4 0.315 0.8307
5 2.4675 2.4777
7 1.0875 0.9538
6 1.0725 1.0123
7 1.095 1.0973
5 2.6475 2.4164
6 0.7875 0.6394
7 2.7 2.65
6 2.1375 2.148
5 0.645 0.5138
6 0.045 0.2945
4 1.9425 2.0015
5 1.77 1.6664
5 0.5175 0.6425
7 0.315 0.6592
5 2.865 2.3924
5 1.3425 1.3444
6 2.31 2.3799
5 0.06 0.5345
5 0.81 0.8079
6 1.2975 1.2335
5 1.08 1.0018
6 1.845 1.9312
7 2.82 2.5702
6 1.5525 1.436
7 2.7675 2.4798
7 1.6425 1.6216
6 2.355 2.1452
5 0.6375 0.4954
4 1.245 1.4534
6 1.665 1.6942
5 0.2175 0.4171
6 2.3625 2.1868
7 0.615 0.7271
6 2.8875 2.7021
5 0.4575 0.5269
4 1.68 1.8171
7 2.82 2.8589
6 1.7475 1.7485
6 1.395 1.3193
7 2.4375 2.4083
5 1.4025 1.3187
5 1.65 1.6694
7 2.4525 2.4041
5 0.42 0.513
5 0.6675 0.7602
5 0.06 0.7398
6 1.905 1.9795
4 2.4825 2.3725
4 1.8375 1.7581
7 1.5675 1.5521
6 2.1525 2.1849
5 0.0 0.6378
6 0.21 0.6022
5 0.765 0.7704
5 0.735 0.6133
7 0.3525 0.3898
5 2.9925 2.4769
5 1.995 2.1515
5 2.1225 2.2578
4 2.31 1.9808
5 0.06 0.5596
5 0.3225 0.714
6 0.1425 0.4007
5 2.7975 2.38
7 2.52 2.4656
4 2.2875 2.0818
5 1.5675 1.5488
5 2.88 2.5541
6 2.0475 2.1108
5 0.1575 0.7689
6 1.515 1.4663
7 1.1775 1.0905
5 0.6675 0.6889
4 2.9475 2.3673
5 1.3875 1.4821
7 2.31 2.3629
6 0.2775 0.4662
5 0.78 0.6433
5 0.1125 0.4902
7 2.1075 2.0836
6 2.3475 2.2932
5 1.095 1.0406
5 2.67 2.5825
4 1.4625 1.4248
4 1.8375 1.9912
4 0.585 0.8169
4 0.2325 0.5885
5 2.6325 2.2983
4 2.835 2.0846
6 0.4425 0.3894
7 0.465 0.2817
6 1.2225 1.1717
7 2.28 2.271
6 1.4775 1.4543
5 2.8425 2.6233
4 1.9575 2.0518
6 1.395 1.3718
6 0.075 0.3991
4 2.265 2.3277
4 1.605 1.8034
5 2.7825 2.3476
5 0.5475 0.5998
5 0.6825 0.6948
6 1.815 1.8288
4 1.395 1.5793
4 2.2875 1.9522
7 0.5925 0.5468
7 1.08 1.0127
7 2.1825 2.2579
5 2.5875 2.3762
4 1.605 1.5625
5 2.0625 2.0877
7 0.39 0.5139
4 1.485 1.6386
7 0.075 0.3023
6 0.645 0.6847
6 2.4225 2.3464
4 1.2525 1.0577
6 0.5025 0.4776
5 1.26 1.3167
5 1.2075 1.0396
5 2.4825 1.4234
6 0.5925 0.4505
4 1.4025 1.673
5 2.745 2.2975
7 1.5075 1.4968
6 1.53 1.537
6 1.38 1.4626
5 0.525 0.5217
4 0.3075 0.8274
4 2.175 2.1805
6 0.6075 0.4682
4 2.7975 2.199
7 2.73 2.764
7 1.6125 1.7339
4 0.8025 0.8169
6 2.4225 2.4615
4 2.82 2.5214
4 2.775 2.4392
6 1.5675 1.8105
5 1.8525 1.7672
7 1.0575 1.0836
4 0.3375 0.6919
7 0.4725 0.5747
5 0.15 0.6912
7 1.8075 1.8786
6 0.42 0.7252
6 2.505 2.3648
7 1.53 1.4121
4 0.675 0.8764
7 1.1775 1.1651
4 1.245 0.9731
5 1.8375 2.0131
5 2.0775 1.978
4 0.42 0.7567
6 1.4775 1.4742
7 2.025 1.9869
7 2.7525 2.6302
6 2.4375 2.3619
4 0.0075 0.8879
5 1.815 1.7265
4 0.36 0.6057
7 1.6725 1.6825
4 2.91 2.4197
7 0.675 0.6935
5 1.14 1.1846
7 0.8775 0.7983
5 1.2675 1.2206
7 0.3525 0.3071
5 0.9375 1.0404
4 0.705 0.999
5 0.24 0.7947
4 0.18 0.52
5 0.81 0.9386
6 2.145 2.3526
5 0.03 0.7756
7 2.4975 2.6839
6 1.32 1.3034
4 2.355 2.0522
4 0.6075 1.182
7 2.1675 2.202
4 0.03 0.5271
5 0.555 0.5823
5 2.7975 2.5916
4 1.515 1.5408
6 1.62 1.6235
7 0.825 0.9282
7 0.2025 0.255
6 0.1725 0.5722
5 0.0225 0.5062
5 2.19 2.4792
4 1.4925 1.2178
4 1.14 0.9066
6 0.825 0.8494
7 2.985 2.5652
4 0.2025 0.6901
6 0.6225 0.4969
5 1.1775 1.1182
4 2.025 1.9487
6 2.1375 2.2197
4 2.9175 2.4418
7 1.7175 1.7408
6 1.0575 0.9906
5 2.07 2.0139
4 1.1475 1.1905
7 1.335 1.2934
6 2.355 2.139
4 2.55 2.093
6 1.815 1.7951
4 0.375 0.8109
6 1.92 1.8619
7 2.4 2.4736
6 2.4225 2.3071
4 1.3125 1.3329
4 1.56 1.6613
7 1.1175 1.1597
5 0.0 0.5725
7 1.44 1.4673
4 1.2375 1.0409
7 0.765 0.6979
5 2.1075 2.1702
5 0.645 0.7998
6 1.95 1.9963
4 0.15 0.8715
6 1.59 1.5554
5 0.915 0.7179
5 2.865 2.5215
4 1.0275 1.0083
5 1.38 1.3972
4 0.375 0.6064
6 2.61 2.5303
7 1.17 1.1889
6 1.8075 1.9054
7 2.34 2.1891
4 1.1925 1.0767
5 0.0375 0.5513
5 2.5275 2.4416
7 0.6225 0.7883
7 2.9625 2.5817
6 0.51 0.5198
7 0.3075 0.351
4 1.9125 2.0238
7 0.225 0.3491
6 1.5 1.3977
7 2.61 2.5908
7 2.955 2.6417
7 0.6 0.5461
7 2.6325 2.5266
5 2.8725 2.5477
5 1.3725 1.3383
6 1.32 1.3568
6 0.5325 0.5727
6 0.8325 0.9347
4 1.8225 1.6982
4 1.215 1.2934
5 2.865 2.2658
6 1.17 1.2199
6 0.4875 0.2649
4 0.8475 0.6879
7 2.91 2.7075
6 0.315 0.5138
7 0.7275 0.7716
7 1.98 1.9844
5 2.4525 2.1866
5 0.705 0.6301
7 0.4725 0.45
4 1.3275 1.3173
6 0.9825 1.0
4 1.2225 1.3027
5 0.9225 0.8946
7 1.725 1.7495
7 1.35 1.3666
5 0.42 0.539
7 1.0875 1.0829
7 1.7175 1.7323
5 1.3275 1.3366
7 1.4625 1.523
7 1.98 1.9538
4 2.8125 2.0583
5 2.205 2.2349
7 0.8775 0.9457
5 1.8225 1.8924
6 1.8675 1.8923
4 0.4425 0.7563
4 2.205 2.192
4 2.67 2.3401
7 2.6325 2.5822
5 2.2275 2.4495
7 2.0775 1.6158
5 1.7925 1.8698
6 0.495 0.6517
7 1.98 1.8899
4 0.12 0.5408
7 0.4125 0.5326
6 0.225 0.6285
4 0.915 1.0856
4 0.5925 0.7644
5 2.4825 2.533
6 1.6725 1.7159
4 0.7125 0.6016
5 1.215 1.1938
5 2.5125 2.1367
7 2.6325 2.7746
7 2.2875 2.2232
6 1.3425 1.2969
7 0.99 0.9886
4 2.73 2.2912
5 2.8575 2.2762
6 2.25 2.2226
6 1.3725 1.4371
4 2.16 1.9487
5 1.0275 0.9397
6 0.5325 0.4794
6 0.5475 0.5938
7 1.3575 1.3451
5 2.9625 2.5
5 1.7025 1.7504
4 2.3925 1.8262
7 2.52 2.3506
5 2.9475 2.5567
7 2.8125 2.6449
7 0.4575 0.4093
4 0.9225 0.744
4 0.405 0.6009
7 1.86 1.8914
4 2.775 2.101
5 1.2825 1.2277
6 2.985 2.643
7 0.8175 0.8258
7 2.01 1.9653
4 1.1625 1.2853
5 1.59 1.7302
7 2.6925 2.737
4 2.2875 2.4192
7 0.21 0.361
4 2.34 2.1425
7 2.7225 2.6037
7 2.2125 2.1495
6 2.19 2.2992
7 2.79 2.6693
4 1.815 1.7384
5 2.58 2.6593
4 0.315 0.6067
4 0.285 0.8158
5 0.5775 0.778
6 0.5475 0.4936
7 2.595 2.5943
4 2.445 2.3793
6 0.2025 0.4837
4 2.8125 2.3576
4 2.1375 2.1117
4 0.975 1.008
6 2.535 2.3014
4 1.68 1.3949
5 0.6675 0.7744
6 1.02 0.9463
5 1.515 1.3675
5 1.02 0.9783
7 2.3175 2.4864
6 1.905 1.8709
7 0.825 0.8091
7 2.985 2.6293
6 0.825 0.7427
5 1.1025 1.1738
6 1.5075 1.4836
6 2.5275 2.3283
7 2.3325 2.4703
7 2.1075 2.2654
4 1.605 1.8146
6 1.0725 1.0285
7 0.705 0.6306
6 0.9 1.0125
4 1.6425 1.7215
6 0.12 0.405
6 2.295 2.2013
7 2.4225 2.3894
7 0.7875 0.695
5 1.3725 1.3871
7 2.8875 2.6346
5 0.525 0.763
6 1.215 1.312
6 1.0875 0.9083
6 1.74 1.7543
5 2.8725 2.4349
5 0.6825 0.9525
4 1.5075 1.3276
5 2.775 2.5341
6 1.86 1.9964
4 1.14 1.0319
6 0.4575 0.2979
5 0.69 0.5935
5 1.935 2.0282
7 2.0925 2.0811
6 1.71 1.5774
6 2.2875 2.2315
4 0.0675 0.8463
4 2.1525 1.9657
6 2.76 2.6598
4 1.74 1.8219
7 1.275 1.266
7 0.0375 0.3252
4 0.66 0.7117
7 0.9975 1.1159
7 0.48 0.5055
4 2.6475 2.2476
5 2.82 2.3605
5 0.585 0.517
4 2.6025 2.411
6 0.15 0.2904
6 2.295 2.3605
5 2.4825 2.4781
6 1.2375 1.17
4 2.3175 2.3993
4 0.975 0.625
4 1.3875 1.3435
5 1.1025 1.0715
5 2.6325 2.5238
7 1.9575 2.0049
6 2.4675 2.5728
7 2.9925 2.6752
7 1.17 1.1944
5 1.7925 1.9514
6 2.0775 2.1295
5 2.2275 2.5991
4 0.5625 0.8803
6 0.3375 0.5228
5 1.545 1.5916
4 1.455 1.5499
7 2.0475 2.1322
4 0.69 0.9745
7 2.265 2.2039
4 1.2075 1.2053
5 0.06 0.4295
4 1.59 1.8279
7 0.93 0.9632
4 0.2475 0.9495
7 2.1075 2.0878
4 2.7825 2.3596
5 0.4725 0.9489
7 1.4325 1.4542
5 0.18 0.4653
4 1.41 1.4044
7 0.1275 0.3854
4 1.455 1.5782
4 0.585 0.8418
5 0.84 0.8706
5 0.5775 0.9988
6 2.6775 2.5876
4 1.5225 1.5276
4 1.44 1.6468
5 1.5 1.2846
7 2.6925 2.5479
4 0.6675 0.7904
4 0.6075 0.6059
5 0.5625 0.4647
6 2.505 2.6082
6 1.71 1.6262
5 0.495 0.5072
6 0.1275 0.3184
5 0.225 0.4463
5 2.0325 1.9218
4 2.52 2.4069
5 0.825 0.9113
4 0.7875 0.8111
6 2.22 2.1881
7 1.6275 1.6509
7 2.355 2.3921
4 0.9975 1.0374
6 2.4 2.5615
4 0.6075 0.6527
5 1.5375 1.2422
5 2.745 2.3828
7 1.725 1.7656
4 1.185 1.1716
5 1.485 1.5865
6 2.805 2.478
7 0.7125 0.776
5 2.9775 2.5156
4 1.9575 1.8292
4 0.405 0.923
5 0.7275 0.4245
7 0.81 0.786
7 0.4425 0.5235
5 0.2325 0.4446
4 0.3225 0.8428
6 1.2 1.1793
6 1.05 1.0035
6 1.2375 1.1618
5 0.1875 0.6834
7 2.22 2.0926
6 1.4025 1.3961
5 0.0375 0.5245
6 1.26 1.0925
5 1.725 1.7149
6 0.5025 0.7306
4 2.805 2.1375
5 0.135 0.505
5 0.735 0.6437
7 0.69 0.6788
6 1.5225 1.4773
4 0.0675 0.679
7 0.345 0.5549
5 0.6225 0.6739
4 0.6225 0.5282
4 1.7175 1.7698
7 2.7075 2.614
5 0.6675 0.8728
6 1.5375 1.5442
5 2.34 2.5505
4 2.0625 2.1521
4 1.3275 1.327
6 0.8025 0.8317
5 0.795 0.4907
7 2.745 2.6642
4 1.6425 1.595
6 0.6375 0.6224
5 2.19 2.0081
6 1.0275 1.0279
5 0.24 0.7174
6 0.4425 0.5568
5 1.6125 1.6186
4 0.5325 0.9736
6 2.4825 2.4107
7 1.0575 1.0468
4 1.23 1.2491
5 0.615 0.9203
6 2.9925 2.5746
7 0.9075 1.0371
7 2.0325 2.0327
4 2.595 2.2878
6 1.455 1.3739
5 1.3275 1.332
6 0.255 0.3366
6 1.41 1.4211
4 2.2875 2.2711
5 0.42 0.4629
7 0.615 0.54
4 2.7525 2.327
7 2.25 2.416
6 0.705 0.6717
4 1.6575 2.1867
4 2.4075 2.202
7 2.9625 2.5837
4 1.86 1.697
5 2.6475 2.5605
6 2.265 2.6339
6 1.9875 1.9423
4 1.89 2.0897
6 1.89 1.9559
6 0.7725 0.8156
6 1.08 1.0228
6 0.39 0.3397
6 1.395 1.4385
7 2.9025 2.4751
7 0.9975 0.9157
6 2.055 2.0197
5 0.3225 0.4222
5 1.9275 1.8032
4 0.795 0.6282
5 1.275 1.422
5 2.085 2.3759
4 1.5975 1.7883
5 0.72 0.7299
6 0.5175 0.5932
7 1.0425 1.0726
7 0.3825 0.4498
7 1.77 1.7704
6 0.3825 0.4566
5 2.6025 2.428
4 0.225 0.7934
6 0.12 0.6365
7 2.835 2.6348
6 1.77 1.8349
4 2.6925 2.3036
4 2.775 2.1513
4 1.0875 0.9138
5 0.9675 1.0258
7 0.945 0.9128
6 2.16 2.2347
6 0.0675 0.4503
6 0.765 0.8709
7 1.2825 1.3061
6 2.52 2.5125
5 1.4625 1.5045
7 0.5775 0.4454
7 1.7925 1.8445
5 2.055 2.1675
5 0.1125 0.4636
4 2.88 2.1895
4 2.3325 2.08
4 2.7225 2.3088
4 0.3225 0.7645
4 1.665 1.5556
7 1.2225 1.1787
5 1.695 1.8261
5 1.0125 0.9563
5 1.905 1.7845
7 1.935 1.8801
7 0.015 0.5234
4 1.9125 1.8311
7 2.76 2.7134
7 2.82 2.7623
6 1.29 1.3086
5 2.55 2.606
6 1.1025 0.961
7 2.0025 1.9457
6 2.0025 1.9559
6 2.415 2.6322
6 2.6775 2.6615
5 2.9625 2.5437
6 0.36 0.4309
5 2.3775 2.4527
4 2.5125 2.3759
6 2.3025 2.2673
7 1.425 1.3733
6 0.0975 0.4375
5 1.395 1.4072
6 1.4175 1.3731
7 1.4925 1.5302
5 1.7625 1.7248
7 0.855 0.9771
7 0.135 0.2207
5 0.465 0.4896
6 2.9775 2.3404
5 1.62 1.6013
5 2.7 2.595
4 2.0325 1.9353
5 0.8775 0.6314
4 0.03 0.7461
7 2.9175 2.5313
4 2.88 2.3829
4 1.26 1.046
6 1.8 1.7018
7 2.0175 2.0168
7 2.1225 2.1169
4 1.6575 1.9624
7 2.5425 2.7375
7 0.09 0.2518
7 0.6225 0.598
6 1.47 1.3834
7 0.45 0.3165
4 1.3275 1.1767
7 0.915 0.8194
6 0.9 0.8073
7 1.5675 1.6644
7 2.55 2.7397
5 0.8925 0.994
5 1.26 1.3661
4 0.81 0.625
6 0.555 0.5199
4 2.3025 2.033
7 2.7225 2.3511
6 0.7725 0.9924
6 0.9225 1.1308
7 0.3075 0.4133
5 1.665 1.6817
6 2.1675 2.2341
4 0.6975 0.9573
4 1.605 1.5797
4 0.15 0.7532
6 0.9525 1.034
6 0.135 0.5442
4 2.91 2.0693
6 2.55 2.4525
7 2.25 2.2935
6 2.0175 1.9971
6 0.8025 0.8267
7 0.4875 0.3156
6 1.92 1.8644
4 1.0725 0.9786
4 2.295 2.2832
7 1.83 1.8051
4 0.8925 0.9172
5 0.84 1.0063
4 0.42 0.6283
4 2.7825 2.4723
7 2.1675 2.1397
4 0.3975 0.6822
4 1.0875 0.9791
7 1.53 1.5498
6 2.7675 2.5893
4 0.12 0.6636
6 2.4975 2.6856
4 2.2575 2.2344
5 2.49 2.536
7 2.0625 1.9608
6 1.635 1.6376
4 0.3975 0.7345
4 0.165 0.9992
6 1.845 1.7546
7 0.9 0.9068
6 1.98 2.0259
6 0.6375 0.5853
6 1.3125 1.3432
7 1.3125 1.3303
7 0.2625 0.3112
7 0.795 0.7573
5 0.765 1.018
6 2.28 2.5566
7 2.28 2.1398
4 1.65 1.7349
5 2.985 2.3374
4 2.5275 2.2972
6 1.245 1.2036
6 0.81 0.6289
4 0.555 0.7748
7 1.8975 1.9216
6 0.4125 0.4477
6 1.245 1.3159
5 0.6975 0.7777
6 1.1325 1.1221
6 1.8825 1.8516
7 1.2375 1.2689
7 2.0325 2.0186
5 0.63 0.7011
5 1.1025 1.056
5 1.3875 1.4161
5 2.2425 2.5823
4 1.485 1.6082
4 1.455 1.2762
4 1.6875 1.7571
5 2.1975 2.2353
6 0.6675 0.6734
7 0.57 0.6275
5 1.29 1.4126
5 1.9425 2.0002
5 0.7725 0.968
6 0.8625 0.8327
5 2.9775 2.4313
6 2.4 2.3799
7 1.785 1.6902
7 0.5025 0.3421
6 2.1 2.0728
4 0.63 0.4952
4 1.0425 1.0777
4 2.505 2.2719
5 0.3675 0.5316
7 2.52 2.713
7 2.4075 2.3504
7 1.89 1.7952
6 2.685 2.3409
5 1.305 1.0867
4 2.6925 2.2334
7 2.01 2.0047
5 2.565 2.5391
7 1.59 1.5841
6 1.035 1.122
4 2.8275 2.3782
7 0.5025 0.5932
5 0.5925 0.8243
7 0.42 0.2226
6 1.9275 1.8384
5 1.7175 1.6327
4 2.6025 2.4638
6 2.925 2.6015
7 0.3675 0.3258
6 2.0775 2.0747
5 1.6575 1.647
7 0.8775 0.9299
7 1.4025 1.4904
6 1.7025 1.6425
4 1.515 1.5785
6 1.53 1.4771
6 0.7725 0.7205
7 1.785 1.7857
4 0.93 0.7329
7 0.2925 0.2545
4 0.7725 0.7254
7 1.17 1.2236
6 0.1725 0.48
5 1.74 1.7093
5 1.8525 1.8693
5 0.1875 0.3915
4 0.4275 0.7315
4 2.235 2.0416
7 1.0425 2.6027
7 1.965 1.9917
4 2.625 2.3709
5 1.0275 1.1071
4 0.54 0.6749
7 2.97 2.5981
6 1.0125 0.9899
6 0.15 0.2965
5 0.45 0.5351
6 2.6175 2.5907
4 0.7725 0.7166
6 0.87 0.7857
6 1.785 1.9535
6 0.6975 0.635
7 0.9675 0.9068
7 1.89 1.9622
4 0.2325 0.8124
5 0.615 0.616
6 1.8075 1.7592
5 0.105 0.475
5 1.0275 0.9239
6 1.425 1.4773
4 1.365 1.5153
6 1.3125 1.5458
7 1.8225 1.8897
5 2.0025 2.1207
6 2.1 2.225
5 2.6775 2.3164
4 0.57 0.7726
7 2.94 2.5788
6 2.16 2.0725
7 2.5425 2.5408
7 0.4575 0.2758
7 0.705 0.8737
4 0.5625 0.6232
6 1.26 1.2331
5 2.4675 2.4611
5 2.07 2.0291
6 1.4175 1.4538
4 0.54 0.7706
4 1.9875 2.1536
5 0.2475 0.5843
6 1.0875 1.1168
5 0.2775 0.687
6 2.9925 2.3892
7 0.39 0.3825
7 1.7025 0.2241
4 1.5 1.6592
7 2.625 2.535
6 2.34 2.3371
7 1.875 1.906
7 0.1575 0.3871
7 0.5025 0.6277
4 2.385 2.3862
7 0.2775 0.281
4 1.005 1.1707
5 1.08 1.1855
4 1.1625 1.1805
4 1.3575 1.1478
4 1.905 1.5597
6 0.06 0.3659
6 0.12 0.6333
7 1.68 1.6683
4 2.415 2.3922
7 1.7175 1.7394
5 0.99 1.0219
4 1.2375 1.1008
4 1.455 1.3997
4 0.0375 0.7288
5 0.36 0.6504
5 1.05 1.0566
4 0.4275 0.6577
6 1.5675 1.6146
6 1.2 1.1677
7 2.7675 0.0424
6 2.2725 2.2226
4 1.875 1.776
4 2.9925 2.4657
5 1.5225 1.638
7 1.44 1.3931
6 2.445 2.5262
7 0.1725 0.3039
6 0.915 0.9639
4 0.78 1.0043
6 0.99 0.9192
6 0.39 0.6006
5 2.4675 2.4512
5 1.2525 1.3543
4 0.885 0.7009
4 1.7325 1.7345
4 2.3775 1.5816
5 2.2425 2.1624
5 1.5375 1.5662
4 2.58 2.2974
6 2.925 2.6984
7 2.0475 1.9755
5 1.2 1.2552
7 0.15 0.259
5 2.2125 2.3317
7 2.265 2.2211
7 2.31 2.3142
7 2.4525 2.4019
4 1.3875 1.2832
6 1.95 1.9004
6 2.0325 2.0816
4 0.5925 0.5832
4 2.1675 2.0722
5 0.27 0.3915
6 2.835 2.5676
6 1.9275 2.1638
5 2.97 2.4944
4 0.3825 0.6389
4 2.5875 2.3287
5 0.2775 0.5212
4 1.8375 1.8719
5 2.2425 2.3374
7 1.3875 1.4196
5 2.6625 2.5211
4 0.495 0.6042
4 1.62 1.4661
5 1.4325 1.4101
7 0.8025 0.8091
7 0.525 0.5174
6 2.4225 2.2874
6 2.25 2.476
6 1.7775 1.8058
4 1.155 1.1736
6 0.435 0.4483
7 1.875 1.8307
6 0.195 0.2941
4 2.145 1.9527
5 1.29 1.0532
5 1.605 1.4461
6 0.3525 0.4678
4 1.23 1.0575
6 0.2625 0.764
7 0.975 0.9895
4 0.3975 0.6906
5 2.0025 1.8964
4 0.72 0.6869
5 2.6775 2.4453
6 0.495 0.5325
4 0.0975 0.5906
7 1.2975 1.2779
6 2.34 2.4232
6 2.13 2.1112
7 1.6125 1.6463
7 0.0375 0.2751
4 0.5325 0.9108
5 1.125 1.0444
7 0.2775 0.1995
6 1.53 1.4376
4 1.905 2.0665
6 1.62 1.586
5 2.82 2.4875
7 0.315 0.556
4 0.15 0.8197
4 1.7025 2.209
7 0.9525 0.941
4 0.405 0.5668
5 1.785 1.8352
5 0.9825 0.8757
4 2.2425 2.3427
7 1.515 1.6275
6 1.77 1.6958
6 1.5675 1.5163
4 1.785 1.7391
4 0.075 0.6166
4 2.34 2.3665
7 1.4925 1.5055
7 1.155 1.319
6 0.93 1.0597
6 0.5025 0.3544
5 2.4975 2.4625
7 1.68 1.6637
4 0.555 0.6151
4 2.8575 2.382
4 0.045 0.5891
7 2.055 1.9669
6 1.0125 0.948
6 0.9975 0.8285
4 0.8475 0.9539
5 2.565 2.5051
7 1.5075 1.5802
5 0.5625 0.592
4 1.9725 1.8922
6 0.1725 0.6984
6 0.375 0.2686
4 2.67 2.4204
6 2.34 2.1145
6 2.7525 2.5924
4 2.655 2.1843
5 0.39 0.7355
5 2.925 2.3914
6 0.3975 0.3874
6 0.5775 0.6038
5 0.45 0.6356
7 2.55 2.4457
7 1.0575 1.1362
5 0.2625 0.5463
4 2.22 2.1002
7 2.6775 2.6371
5 1.3425 1.3784
4 2.685 2.3499
7 0.5025 0.3364
5 0.3225 0.6352
6 0.8175 0.8524
4 2.28 2.0048
4 1.7775 1.6203
6 1.7325 1.7708
4 1.635 1.5602
7 2.2425 2.3075
4 0.5025 0.8563
6 2.6475 2.4302
7 2.91 2.808
4 0.9225 0.7402
7 2.9925 2.5665
5 1.2 1.2492
7 2.1525 2.2445
5 0.3675 0.6434
7 1.14 1.0293
4 1.53 1.4821
6 2.5275 2.4843
4 2.4525 2.5082
7 2.3475 2.244
5 2.085 2.1174
6 0.105 0.3499
7 2.2425 2.1924
6 0.675 0.5632
4 2.9175 2.193
4 2.685 2.2272
5 1.3425 1.0951
4 1.8825 2.2365
6 2.565 2.5815
6 0.8325 0.9143
5 1.845 1.7741
4 1.38 1.5199
7 1.7625 1.6581
6 2.9475 2.5528
7 0.7875 0.9176
7 1.0125 0.9202
6 1.095 1.1928
6 2.085 1.968
6 2.0925 2.0946
5 0.2775 0.5766
7 0.4125 0.397
7 0.555 0.4625
7 0.6075 0.5039
6 1.95 1.9566
6 2.5575 2.6383
4 2.97 2.1934
7 0.9525 0.9408
4 2.3025 1.8884
5 0.0375 0.6313
4 0.9225 0.9538
6 2.235 2.2951
4 2.175 2.0717
4 2.8875 2.2917
5 2.895 2.2599
4 2.355 2.2855
4 2.55 2.2665
5 0.7275 0.82
7 1.875 1.7671
5 2.865 1.4194
7 2.2275 2.1641
4 2.9025 2.4751
5 0.6675 0.5586
5 1.4925 1.493
4 1.2975 1.3815
7 1.2075 1.1608
7 2.1675 2.0951
6 0.96 1.1567
5 0.63 0.4604
4 2.8125 2.4494
7 0.48 0.4084
6 0.7425 0.7498
5 0.315 0.6339
5 1.4025 1.4213
5 2.31 2.4878
7 0.7575 0.7989
4 0.6825 0.698
6 1.9575 1.9599
4 2.775 2.3993
4 1.365 1.4022
5 0.57 0.6642
7 2.2725 2.3281
4 1.62 1.433
5 0.915 0.965
5 2.5875 2.4381
4 0.6 1.0094
4 1.3875 1.2436
4 2.025 2.1808
4 1.8975 1.7714
5 1.0875 0.9842
5 1.2525 1.3352
4 2.3175 1.7848
5 2.535 2.3013
4 2.1225 2.476
6 2.055 1.9476
5 0.0075 0.5189
6 0.8775 0.8249
4 1.9125 1.7306
7 1.9275 1.9623
5 2.3175 2.2187
7 0.9 0.8626
5 0.495 0.9263
7 2.1375 1.976
5 1.9725 1.8966
5 2.055 1.9035
4 2.6625 2.3255
6 2.19 2.0184
7 1.23 1.1918
5 2.865 2.4578
7 2.85 2.5102
7 1.3725 1.4014
7 2.8725 2.7838
7 2.8425 2.6396
4 1.05 1.2669
4 2.49 2.0059
6 2.07 2.0447
5 0.795 0.804
4 2.04 1.9338
7 0.2025 0.3342
7 2.145 2.2177
4 1.4175 1.3891
6 0.5175 0.6864
5 0.42 0.6841
7 2.3175 2.3652
4 2.6925 2.3685
7 0.2775 0.4571
6 1.065 1.1286
4 1.515 1.2967
6 0.9075 0.9919
7 1.6125 1.5703
7 1.095 1.0947
4 2.745 2.4265
5 1.8075 1.8925
5 1.8075 1.7716
5 2.895 2.5576
4 1.755 1.7556
6 1.1025 1.1756
5 2.0175 2.0492
5 0.9525 0.7097
5 1.1025 0.9168
5 1.4475 1.3808
6 1.9125 1.8347
7 2.1675 2.2549
7 1.5525 1.5399
4 1.4175 1.5558
7 0.855 0.7906
7 1.425 1.4588
7 0.7575 0.826
7 0.8775 0.8946
5 2.955 2.5608
4 2.3175 2.1877
6 0.36 0.5007
6 1.95 1.9926
7 0.8625 0.8103
5 1.455 1.4258
4 0.0225 0.6149
5 1.7025 1.7561
6 1.0275 1.0574
5 0.84 0.7892
5 2.55 2.4776
7 2.3625 2.4144
6 1.965 2.1009
5 2.16 2.0012
5 0.9225 0.9713
6 0.8025 0.7392
4 0.4875 0.8157
6 1.635 1.7096
6 1.755 1.8064
7 1.1175 1.176
7 1.605 1.626
6 2.64 2.3653
4 1.3875 1.4124
5 1.8075 1.726
7 0.7425 0.7801
7 2.91 2.5289
4 2.595 2.2122
6 2.9325 2.6379
4 2.5875 2.3737
4 2.31 2.3827
7 1.2525 1.2484
5 0.9525 1.1147
7 2.1075 2.0704
4 0.9525 0.8055
6 0.255 0.4223
4 0.585 0.8926
6 2.1375 2.3852
5 2.1525 2.063
5 2.145 2.1598
7 1.245 1.1614
7 0.2775 0.5308
7 0.855 0.8021
7 0.0975 0.4063
5 1.3125 1.2212
4 1.755 2.0355
6 2.28 2.324
7 0.675 0.5418
7 2.595 2.5852
5 2.3175 2.3771
7 1.7325 1.7239
5 1.3875 1.4064
7 2.2575 2.3751
6 0.93 0.9979
5 1.8 1.758
5 1.7775 1.7634
5 1.7325 1.862
7 1.395 1.368
4 1.4175 1.622
7 0.78 0.7551
4 0.6675 0.7456
7 1.665 1.6352
6 0.7425 0.8172
5 2.535 2.2008
6 1.71 1.6569
4 1.3575 1.3127
7 0.7725 0.913
5 0.0525 0.6372
6 0.8625 0.9744
4 2.5125 2.3493
5 1.6425 1.5888
7 2.745 2.6539
6 2.4375 2.512
5 1.4175 1.5017
6 2.8425 2.5527
5 2.91 2.4233
7 0.3 0.3507
4 0.9375 0.9452
7 0.42 0.3233
4 1.0125 0.9781
4 2.0775 1.8397
6 1.125 1.0236
6 0.5325 0.5719
6 0.1425 0.4081
4 2.205 2.3878
4 2.595 2.179
6 1.0575 0.9037
5 1.8075 1.8399
5 0.93 1.0589
6 0.15 0.3943
5 2.16 2.3106
6 2.5425 2.5286
4 1.8825 2.2724
7 2.6625 2.7549
7 1.4325 1.4862
6 2.76 2.6255
6 2.1 2.0944
6 2.6775 2.6532
4 2.3475 2.4612
4 2.8875 2.1709
5 0.0975 0.5228
6 2.655 2.4873
5 0.9225 0.8905
4 1.02 0.8967
6 2.4825 2.4605
7 0.195 0.3118
4 1.35 1.2955
7 1.17 1.0944
6 1.785 1.7638
6 1.59 1.5893
6 2.6925 2.4913
4 1.815 1.8216
5 2.895 2.633
7 1.6425 1.6843
6 1.6575 1.7043
6 0.8025 1.0158
5 1.77 1.6801
6 0.5625 0.3323
4 0.7425 0.5961
7 0.03 0.377
7 0.465 0.2769
5 2.5725 2.4928
7 2.28 2.2366
5 2.745 2.5416
5 2.22 2.3838
4 1.83 1.7428
7 1.2375 1.2867
6 2.7525 2.6149
6 1.425 1.3558
7 1.1025 1.0228
4 1.035 1.2145
5 0.6525 0.6436
6 1.635 1.6103
4 1.89 1.6549
6 2.7825 2.5532
7 2.1975 2.1425
4 0.3675 0.5798
5 0.285 0.7049
6 0.3075 0.493
4 1.6725 1.9576
7 1.575 1.5315
4 0.9375 0.7336
5 0.405 0.3828
7 2.385 2.245
5 1.68 1.5723
7 0.555 0.5982
7 0.435 0.3746
4 1.5525 1.5505
4 1.065 1.2877
6 2.595 2.4166
6 0.4125 0.1768
5 0.36 0.4216
4 1.5825 1.4354
5 2.88 2.5192
5 0.3525 0.6604
5 1.5825 1.5874
5 1.5825 1.663
4 1.2225 1.2941
4 1.6275 1.708
7 2.895 2.7086
4 0.69 0.8871
6 2.3325 2.4101
5 1.815 1.9788
6 2.4 2.3395
5 0.1125 0.4328
7 0.1125 0.3764
7 2.6325 2.747
6 2.4525 2.1871
7 0.645 0.5189
7 1.35 1.4057
4 2.3325 2.3721
5 2.025 2.2623
7 1.26 1.2636
7 1.695 1.7378
5 0.99 1.0412
5 2.16 2.1734
6 2.7 2.4551
5 1.3425 1.3934
6 1.785 1.7358
4 0.0825 0.7288
4 1.56 1.656
7 0.84 0.9292
7 1.7325 1.7431
7 1.9425 1.9922
4 2.8425 2.0909
6 2.9625 2.6382
4 1.5675 1.5285
4 1.2825 1.2933
6 2.8425 2.5947
4 2.745 2.2475
4 1.4475 1.3461
7 0.5175 0.4642
6 0.6675 0.7215
5 2.34 2.0345
6 0.255 2.5837
7 2.1525 2.0838
7 2.22 2.2093
4 0.6375 0.7154
6 0.1725 0.6632
5 1.1325 1.2308
5 2.3925 2.4953
6 0.03 0.4027
6 2.6775 2.5921
4 1.14 1.3285
5 1.98 1.9383
4 2.1075 2.0902
6 2.535 2.4311
4 0.0675 0.6204
5 0.24 0.5202
6 1.5225 1.4641
6 1.3425 1.3868
4 1.155 1.3694
7 0.7275 0.6985
7 0.5925 0.6291
5 2.805 2.4687
6 0.84 0.8455
6 0.51 0.2734
6 0.315 0.3624
5 1.2525 1.2559
4 0.99 0.9993
4 2.16 1.9709
5 1.545 1.4328
4 2.1975 2.3715
7 1.0275 1.0503
6 0.78 0.7904
4 2.94 2.3594
4 0.405 0.5376
4 2.805 2.3301
6 2.565 2.5279
5 0.9675 1.0281
5 2.0325 2.064
7 0.3825 0.3238
5 1.44 1.4668
4 2.5425 2.1745
7 1.4475 1.3666
5 1.215 1.292
4 1.7925 1.7072
7 1.305 1.3416
7 0.09 0.4327
4 1.8 1.8064
7 1.155 1.284
6 0.9825 1.1673
7 0.9075 0.9202
5 2.2425 2.2133
7 1.0425 1.0086
4 1.305 1.4221
5 2.3325 2.5088
5 2.16 2.1614
7 0.225 0.3631
4 0.5925 0.678
6 1.035 0.967
6 1.605 1.5321
7 0.495 0.4775
5 2.355 2.1071
7 2.6775 2.694
5 2.07 1.9536
6 2.5275 2.4095
5 2.88 2.6199
4 1.32 1.332
4 1.3725 1.3767
4 0.5325 0.9486
7 0.8925 0.8462
7 0.3525 0.3841
6 0.0 0.2742
5 1.05 0.8727
6 0.9075 0.982
6 2.985 2.596
4 0.3075 0.7973
7 1.305 1.3592
6 2.2725 2.3864
6 1.8825 1.9157
6 2.0925 2.039
5 0.465 0.5822
7 2.4975 2.4839
4 1.785 1.9418
5 1.4325 1.5636
5 0.33 0.5639
5 0.825 0.6899
6 2.2125 2.1755
5 0.5175 0.6048
6 2.82 2.6538
4 1.305 1.0865
7 0.6825 0.7234
5 2.3475 2.4003
4 1.47 1.4741
4 0.735 0.9833
5 2.43 2.5343
5 2.1 2.0072
5 2.3475 2.2942
7 2.2125 2.1318
4 1.9725 2.2322
5 0.5175 0.4127
4 0.66 0.5675
7 2.9475 2.7671
7 2.9175 2.8202
6 1.035 0.9758
6 2.7975 2.4672
4 0.1425 0.5308
7 0.1875 0.2333
7 2.7675 2.7252
4 1.245 1.1442
7 1.515 1.4616
5 1.3875 1.382
6 2.1825 2.1029
7 1.3875 1.4264
7 1.5375 1.5508
5 1.6425 1.7053
4 2.655 2.3984
4 2.9025 2.4961
4 2.5875 1.9463
5 0.885 0.9252
5 2.0625 2.095
4 2.6625 2.4326
4 1.98 2.0224
7 0.5775 0.5817
4 1.245 1.372
4 0.3825 0.6823
7 0.4875 0.4997
4 0.645 0.789
6 0.36 0.5043
4 2.955 2.1223
7 1.71 1.7206
4 0.3225 1.045
7 1.11 1.1299
7 2.655 2.6154
5 0.66 0.9247
4 0.435 0.7607
6 2.64 2.4426
6 0.3375 0.344
5 2.01 2.0229
7 1.455 1.5201
6 0.69 0.6037
7 2.8875 2.8406
6 2.5425 2.5523
6 0.8325 0.7359
6 1.155 1.22
6 1.455 1.4187
6 2.355 2.4373
5 2.7975 2.6044
7 2.85 2.7346
6 1.0575 1.0512
6 2.9175 2.4941
4 1.9125 1.8752
4 1.41 1.5598
5 1.5 1.6925
4 1.9725 1.897
6 1.875 1.8256
7 0.975 0.9379
6 0.825 0.7627
4 0.1575 0.681
7 2.04 1.9691
4 0.855 1.2632
5 2.37 2.1891
5 1.9875 1.8841
7 1.815 1.8229
6 2.7525 2.5833
7 0.1125 0.4052
6 2.775 2.5374
7 0.975 1.007
6 2.8425 2.4726
6 0.1275 0.329
5 1.0125 1.0079
4 1.2525 1.4031
7 2.0925 2.0187
5 1.8375 1.8275
4 0.78 0.8746
6 1.185 1.2083
6 0.5625 0.6683
7 0.0375 0.3545
7 0.6525 0.7173
5 0.885 0.8243
6 2.55 2.5928
5 0.8475 0.9788
6 1.1625 1.0971
5 2.49 2.1931
6 2.355 2.3713
5 2.9775 2.5911
6 0.045 0.539
5 2.6475 2.5606
7 2.0475 2.0976
5 2.2725 2.4044
4 2.61 2.2038
6 0.27 0.5299
5 1.935 1.8382
5 2.73 2.3349
5 1.0875 1.0925
4 1.035 1.3077
6 2.76 2.637
6 1.185 1.113
7 1.8675 1.871
6 2.3175 2.2435
6 0.6375 0.6462
7 1.41 1.3379
4 2.2275 2.0832
7 2.445 2.425
7 0.6525 0.5691
6 0.6375 0.7256
7 1.9875 1.8935
5 2.385 2.2453
5 1.44 1.228
5 2.145 2.37
5 1.3875 1.3333
7 2.0025 2.0513
4 0.705 0.8662
5 0.765 0.7999
6 1.8675 1.7795
6 0.21 0.5072
4 1.845 1.7067
7 0.87 0.9319
4 0.7725 0.8242
4 1.4775 1.5142
7 0.225 0.2952
4 1.5975 1.5142
4 1.59 1.4943
6 1.3275 1.2368
5 1.5075 1.6441
6 1.905 1.9254
5 0.855 0.8679
6 2.085 2.2304
4 0.7875 0.8766
6 1.32 1.2996
4 1.845 1.8654
6 2.9625 2.4493
7 2.4675 2.5115
6 0.8175 0.6523
6 0.2475 0.3396
7 2.145 2.079
5 1.3875 1.4016
5 1.8375 1.8802
4 0.795 0.6456
4 2.0925 1.6613
7 2.325 2.3243
4 2.5575 2.2886
6 1.455 1.4798
6 2.91 2.5703
4 0.1275 0.5826
4 1.845 1.981
5 1.59 1.6927
5 2.73 2.5683
4 0.6975 0.8979
4 0.8925 0.8578
5 1.5075 1.4864
5 2.8725 2.3239
5 2.07 2.3174
5 1.0875 1.0701
7 2.0925 2.0792
4 2.055 2.2451
5 2.1075 2.061
6 0.36 0.6425
5 1.08 1.0962
7 2.8575 2.6654
7 2.76 2.6939
4 0.4575 0.6211
5 0.87 0.7764
6 0.5925 0.7009
4 2.1 2.1248
6 2.0175 2.0649
5 2.01 1.9849
5 0.7425 0.5906
7 0.87 0.8329
5 2.9475 2.3539
5 1.245 1.1655
5 1.2 1.1519
5 2.6925 2.4506
7 0.9225 0.8201
6 0.6225 0.7397
5 2.0325 2.1114
4 0.3075 0.6209
4 2.9775 2.3452
6 1.05 1.1147
5 1.5225 1.5996
5 2.295 2.2569
6 1.635 1.6003
6 0.735 0.689
5 2.805 2.6125
7 1.485 1.4427
4 2.28 2.1267
5 0.03 0.5107
7 1.875 1.8055
6 0.525 0.3142
4 0.0 0.9968
6 1.41 1.2861
4 1.305 1.2136
7 1.44 1.4121
4 0.0825 0.6522
6 0.78 0.761
7 0.66 0.6146
4 2.28 1.9539
5 1.1775 1.14
4 2.1825 2.1662
7 2.595 2.515
7 0.555 0.5837
5 0.3 1.0158
6 2.535 2.6094
4 1.905 1.7882
6 2.5125 2.4504
6 2.4375 2.4947
7 1.65 1.7655
4 1.755 1.7827
5 2.9925 2.3125
7 1.515 1.587
5 0.525 0.5182
7 2.5275 2.542
5 1.1175 1.0472
5 2.0475 1.9277
5 0.435 0.5613
4 2.6925 2.3856
4 0.9075 0.8307
6 1.8825 1.8579
6 0.0675 0.3635
7 2.6775 2.3095
7 0.0225 0.2282
7 0.795 0.668
7 2.985 2.7084
7 2.19 2.2374
7 1.245 1.2547
5 1.5975 1.5968
5 2.9925 2.5045
4 1.245 1.4845
5 1.0125 1.0611
4 1.7175 1.5747
4 1.0575 1.1766
4 2.0625 2.0462
7 0.675 0.575
5 1.125 0.8373
7 1.2225 1.272
6 2.3025 2.2271
4 2.0475 2.1194
5 2.745 2.2708
6 0.42 0.6763
7 1.965 2.0029
4 1.0575 1.1051
4 2.8125 2.5277
7 2.8425 2.7275
7 2.2875 2.4623
7 1.5 1.532
4 0.765 0.8928
5 1.7325 1.818
4 1.275 1.2748
7 0.1875 0.3179
7 0.525 0.469
6 1.08 1.1319
7 1.6275 1.5842
7 1.0725 1.1306
7 0.03 0.3393
5 2.0775 2.0559
5 1.455 1.563
6 1.7925 1.7612
4 0.0675 0.4867
5 1.935 2.0371
5 1.755 1.7953
4 0.255 0.5318
6 2.3325 2.241
5 2.58 2.4774
5 2.415 2.2233
6 1.0425 1.0699
6 2.1675 2.2218
5 1.7775 1.6824
6 0.6375 0.7136
7 0.4425 0.2195
4 0.6 0.6992
5 2.34 2.0273
6 1.275 1.3267
4 2.5125 2.3863
6 1.2675 1.2417
6 2.43 2.4245
4 0.015 1.1019
7 2.04 1.9505
4 2.655 1.9442
7 2.19 2.2118
6 0.42 0.4548
5 2.895 2.4002
6 0.0075 0.3241
4 0.9375 1.0143
4 2.64 2.2617
4 0.6375 0.6533
5 2.985 2.4617
4 0.0375 0.6661
4 0.8175 1.0897
7 1.2075 1.1695
5 2.805 2.5712
7 0.12 0.2853
6 1.65 1.6113
7 0.9375 0.945
6 1.26 1.4334
6 1.4625 1.4965
4 0.8775 0.9206
5 0.5175 0.478
6 1.5375 1.7227
5 1.5 1.2636
7 0.435 0.3861
7 2.3925 2.5254
6 0.4425 0.4286
5 1.365 1.2547
4 0.3675 0.7966
4 0.2475 0.8223
5 0.4275 0.5202
5 0.7725 0.72
5 1.3575 1.3097
5 2.1375 2.1566
7 2.07 1.9974
5 2.235 2.5404
4 2.6025 2.3795
7 2.7075 2.642
6 0.1725 0.6062
4 2.46 2.0279
6 0.8625 0.7714
6 0.2475 0.58
5 2.19 2.3152
5 0.645 0.6815
4 1.9425 1.8273
7 1.425 1.4538
6 0.7425 0.7153
6 1.0725 1.1875
7 2.3475 2.4155
7 0.2475 0.4473
7 0.18 0.4474
7 0.5325 0.3362
6 0.3225 0.576
4 0.75 0.6693
5 2.6775 2.2464
7 0.6975 0.7133
4 0.7575 0.6407
6 1.965 1.9563
6 0.405 0.7784
7 2.3025 2.3398
6 2.43 2.3978
6 2.3925 2.4687
5 0.3675 0.5434
7 2.295 2.2794
6 2.7525 2.4214
7 0.54 0.4834
5 2.25 2.4921
6 2.7675 2.5866
4 2.49 2.3623
5 1.89 1.6338
4 2.655 2.395
6 1.065 1.0289
6 0.42 0.5254
5 2.0925 2.4313
4 1.485 1.548
7 2.685 2.6916
5 2.745 2.3836
4 1.89 1.7741
6 1.7325 1.8262
4 2.22 2.2331
5 2.13 2.0868
4 1.05 1.11
7 1.71 1.654
5 1.035 1.127
5 0.9075 1.0524
6 2.5275 2.3183
6 1.11 1.1876
5 0.9 0.6754
7 0.39 0.2591
5 2.685 2.2571
7 1.3125 1.2575
7 2.145 2.0618
5 0.36 0.7346
5 0.1575 0.6353
4 0.375 0.6309
5 0.45 0.5392
7 2.3925 2.4099
5 0.1575 0.3289
6 1.095 0.9993
6 0.0525 0.1834
4 2.715 2.2427
5 2.4375 2.3489
4 2.0625 2.1488
4 2.9025 2.4889
6 2.7075 2.6681
7 1.47 1.416
6 1.215 1.3188
4 1.7175 1.519
6 1.9425 1.976
4 1.77 1.8621
7 0.225 0.3691
6 1.7175 1.8506
7 1.32 1.3691
5 0.9975 1.0685
6 0.045 0.4032
7 1.035 0.9961
4 0.8475 0.7417
4 1.2 1.2926
5 1.98 2.3109
5 0.7125 0.6627
6 0.5175 0.493
4 0.315 0.666
5 2.22 2.1199
5 0.2325 0.3864
7 2.2725 2.3611
5 0.795 0.5143
6 1.86 1.7808
6 1.2225 1.3201
5 1.4475 1.3816
7 0.9675 0.9133
7 1.9425 1.9822
5 0.6825 0.4689
5 1.9575 2.024
5 0.5925 0.5289
6 1.695 1.786
4 2.4075 2.1595
7 1.6425 1.6607
7 0.72 0.6459
7 2.2275 2.2741
5 1.17 1.0897
7 2.13 2.1453
5 2.4675 2.4496
7 2.82 2.7435
7 2.5275 2.388
5 2.415 2.3155
4 0.1575 0.706
5 0.1875 0.6908
5 0.6375 0.5459
4 1.065 0.8911
4 2.76 2.3467
5 0.015 0.4236
7 2.655 2.6642
4 0.12 0.9286
4 0.5475 0.979
6 2.88 2.449
7 2.1975 2.1996
5 1.7175 1.7493
7 2.955 2.6365
4 2.715 2.108
7 2.0175 2.0251
7 1.245 1.3146
6 0.9375 0.8788
7 0.2025 0.4177
6 1.2075 1.3102
7 0.33 0.569
6 2.8725 2.6411
6 1.4325 1.4216
7 0.675 0.7642
7 1.08 1.0927
4 1.3275 1.5494
5 0.24 0.5565
5 0.3 0.5523
4 2.13 1.9488
6 0.5625 0.7196
6 0.99 1.0858
6 1.3575 1.4402
6 0.555 2.28
7 0.975 0.9474
4 2.0175 2.0668
4 2.925 2.4498
5 2.22 2.2341
7 2.1525 2.1313
7 2.1375 2.1783
6 2.8575 2.5404
4 0.1125 0.5862
7 2.535 2.4659
7 1.3425 1.3534
4 1.3575 1.2441
5 2.0775 2.197
5 2.9625 2.4882
6 2.835 2.5307
5 1.7625 1.7214
6 0.8625 1.0165
7 2.4075 2.3737
7 2.9175 2.6787
4 0.81 0.6622
4 1.3575 1.4862
4 2.4375 2.3455
6 2.4675 2.6213
4 2.085 1.9785
6 1.485 1.3933
4 1.3875 1.3342
5 2.4075 2.4354
4 2.7525 2.2725
5 1.0275 1.1864
4 1.08 0.8732
4 2.2125 1.9413
4 0.4575 0.6167
7 2.7525 2.5829
4 1.0875 1.0777
5 2.07 2.0463
7 0.2925 0.3986
6 0.09 0.5014
4 2.9025 2.1992
5 0.78 0.8912
5 1.29 1.0851
6 2.835 2.6803
4 1.1775 1.4227
5 0.42 0.6966
5 0.8775 0.9891
5 1.4925 1.5124
5 0.885 0.5107
5 1.9575 1.9692
4 2.9925 2.1101
5 0.855 0.7276
6 0.375 0.4738
7 2.7375 2.5156
4 0.7425 1.0331
5 2.715 2.4417
4 0.2025 0.4905
5 0.8775 0.949
5 0.645 0.7255
7 1.635 1.6733
6 2.1225 2.1662
5 0.5475 0.681
5 0.9825 0.897
4 2.43 2.0287
5 2.61 2.1952
6 2.16 2.1355
5 2.085 2.0027
7 2.9025 2.6786
5 0.9375 0.87
5 0.45 0.4473
7 0.8625 0.8369
7 1.89 1.9042
6 2.355 2.2704
6 1.3425 1.3258
5 1.1475 1.0046
6 1.665 1.7876
6 1.65 1.5395
4 1.68 1.3636
6 1.5375 1.4168
4 1.29 1.2579
7 1.845 1.7268
5 0.87 0.6461
7 1.0875 1.0317
4 2.37 2.2579
4 2.505 2.1227
6 0.99 1.0352
5 0.6375 0.6328
5 1.5525 1.5679
7 1.0425 1.0014
6 0.8925 0.9658
5 0.345 0.4967
6 1.395 1.3549
6 1.1775 1.1265
4 1.005 0.8181
5 2.13 2.0632
7 0.81 0.7977
5 1.02 1.19
6 2.1075 2.1252
6 0.3375 0.5089
5 1.1025 1.0301
4 0.1875 0.696
6 1.365 1.1761
4 1.5975 1.3529
7 2.7 2.5108
7 0.99 0.9345
7 0.7425 0.8652
5 1.455 1.4868
4 0.8925 0.6129
7 1.2375 1.2091
5 0.945 1.1105
7 2.91 2.811
7 0.7575 0.703
6 0.0825 0.4843
6 1.3875 1.3187
4 0.165 0.7056
5 2.19 2.0035
7 0.4425 0.2861
6 2.7375 2.5972
6 2.025 1.9677
4 1.89 1.8291
7 1.8375 1.9194
6 1.95 1.9842
4 0.4275 0.5884
5 1.14 1.1576
5 0.72 0.4377
6 2.9925 2.4537
6 1.4925 1.4541
4 1.7175 1.5951
7 0.66 0.6964
4 0.09 0.6213
7 1.845 1.8647
7 0.3 0.3348
6 0.12 0.5677
4 1.0875 0.9048
5 1.2975 1.3172
4 1.41 1.4822
7 2.775 2.6875
4 1.83 1.842
7 2.715 2.5541
4 1.3125 1.4441
4 0.0225 0.5061
4 0.495 0.6848
7 2.73 2.6018
7 2.07 2.1367
5 1.7775 1.7402
5 0.03 0.7928
7 0.45 0.2304
6 2.3925 2.2248
6 2.5425 2.5652
7 1.1025 1.1466
5 2.01 2.1344
5 2.3775 2.5966
5 0.135 0.7285
6 1.11 1.1859
4 0.585 0.7331
4 0.24 0.7298
6 0.5925 0.4288
7 1.335 1.3963
7 2.1675 2.2331
7 1.5225 1.5536
5 2.565 2.5447
6 0.9225 0.9802
4 0.075 0.8238
4 1.965 1.7281
6 2.3925 2.3565
5 2.3475 2.4977
6 0.045 0.3507
7 2.7975 2.4938
5 0.3675 0.7257
6 2.49 2.3718
7 1.125 1.121
4 1.17 1.024
7 1.08 1.0102
5 0.315 0.5368
5 2.34 2.2481
4 1.5375 1.8003
4 1.8975 2.045
7 2.355 2.3017
4 0.4875 0.6797
7 1.8225 1.9202
6 1.215 1.3302
4 0.165 0.5763
6 0.6975 0.9099
6 0.21 0.3656
6 2.7675 2.6267
4 0.8625 1.1585
6 0.18 0.4128
4 0.7425 0.7822
7 2.055 2.0995
5 1.155 1.1502
5 0.2475 0.5641
6 1.6275 1.6797
7 0.765 0.87
4 0.5925 0.7204
4 0.135 0.87
6 1.1925 1.2351
5 2.2725 2.5007
5 1.7775 1.7061
5 0.5625 0.4847
4 2.205 1.8435
7 1.5675 1.6093
4 1.6575 1.6248
7 2.07 2.1174
4 0.615 0.909
6 2.1375 2.0393
6 0.555 0.4544
7 2.4225 2.449
7 0.4575 0.3545
7 0.135 0.3042
5 2.8875 2.5367
7 0.3675 0.2774
4 0.195 0.5883
7 2.79 2.6726
4 1.725 1.8132
5 1.605 1.5254
5 0.1575 0.5107
6 2.67 2.5851
5 0.9375 1.0639
4 1.0425 1.1072
6 0.33 0.4368
4 2.5425 2.3744
7 1.485 1.5256
6 0.5925 0.5545
4 2.04 2.136
5 2.76 2.5224
7 0.7875 0.8083
7 1.4625 1.3772
6 1.605 1.6824
6 0.3675 0.5764
6 0.405 0.2418
6 2.5125 2.5464
6 2.145 2.1537
4 2.715 2.1568
7 2.37 2.4446
4 2.85 2.3906
6 0.345 0.3844
7 1.4325 1.4363
6 0.45 0.355
5 1.005 0.9053
4 2.0175 1.7717
4 1.56 1.337
7 1.86 1.9239
7 1.6725 1.6708
6 1.95 1.9253
7 0.6075 0.7162
6 0.7125 0.6645
5 0.5925 0.6828
7 0.72 1.3118
6 2.28 2.2616
4 0.8775 0.6932
5 2.505 2.1657
7 0.54 0.6625
7 1.1025 1.0872
7 2.8575 2.6168
7 0.5925 0.555
7 0.1425 0.2149
4 1.9275 1.9738
5 0.63 0.7421
7 1.725 1.6969
4 0.6975 0.735
4 1.38 1.1374
4 2.49 2.1181
5 1.425 1.4277
5 1.38 1.2403
5 1.35 1.4466
6 1.1025 0.9577
5 2.19 2.1134
6 2.955 2.5179
4 0.5475 0.9485
7 0.3975 0.3531
4 1.7625 1.6408
4 1.9575 1.9723
4 1.3875 1.4746
7 0.6 0.7522
5 1.4025 1.5065
4 1.5675 1.626
4 0.0375 0.5292
7 1.155 1.197
4 1.695 1.6139
6 0.3375 0.359
7 2.37 2.2106
4 2.325 2.405
5 2.2275 2.4074
7 1.9275 1.9075
5 0.225 0.488
6 0.2775 0.4205
7 0.0525 0.2114
7 0.8775 0.8618
4 1.8075 1.689
7 0.36 0.3228
4 2.235 2.2756
5 2.34 2.1093
7 0.9375 0.9339
7 1.545 1.5283
4 0.3075 0.8094
6 2.5125 2.6699
7 1.89 1.8993
6 0.9975 1.0048
5 2.625 2.5883
5 1.05 0.9307
5 2.2425 2.3228
7 2.295 2.2146
7 0.42 0.5854
6 2.265 2.1593
7 2.4 2.5136
5 1.245 1.1983
6 2.715 2.4168
6 0.3 0.4873
7 0.915 0.9121
7 2.1375 2.2683
6 0.225 0.3673
7 1.89 1.8591
7 2.9475 2.7104
6 2.025 1.899
6 1.2525 1.1969
6 0.3 0.4354
5 2.94 2.5254
7 1.56 1.5874
6 1.9575 1.8545
5 0.1725 0.4832
4 2.115 2.3383
6 1.44 1.368
6 1.4175 1.4521
7 2.2725 2.1015
5 0.2775 0.4918
6 2.0625 2.0694
5 2.1675 2.1621
4 2.535 2.1114
6 0.09 0.4065
7 1.515 1.5419
5 1.0725 1.1078
5 1.11 1.2215
4 1.4025 1.5166
5 2.4975 2.1235
6 1.515 1.4684
6 2.0625 2.1609
7 2.1525 2.2668
5 1.3425 1.1711
4 2.5275 2.3241
5 1.125 1.0797
4 1.485 1.4959
5 0.06 0.5168
4 0.63 0.8712
4 1.23 1.2328
7 1.4025 1.4561
5 0.315 0.4436
4 1.725 1.6246
6 1.0575 0.9954
6 1.365 1.4251
4 2.1675 2.1275
6 0.15 0.3731
6 0.78 0.8889
6 2.295 2.2904
6 1.0875 1.0526
6 1.935 1.9292
4 0.105 0.718
7 2.46 2.6495
4 0.21 0.7053
4 0.6 0.6287
6 2.28 2.4736
7 1.77 1.5614
7 2.7375 2.7973
4 1.83 1.6386
5 1.1325 1.1923
4 1.905 1.8594
4 2.115 1.9527
5 2.85 2.57
7 2.94 2.6672
7 2.7375 2.7068
5 0.525 0.6026
7 2.4975 2.5674
4 1.365 1.1951
6 2.7825 2.7464
5 0.4575 0.6982
4 2.94 2.449
6 1.14 1.133
4 2.5875 2.3393
7 2.805 2.7226
7 1.5225 1.5818
6 1.6125 1.5973
6 2.145 2.2601
4 1.89 2.143
4 0.675 0.7611
6 1.995 1.9271
5 0.0225 0.6121
4 2.715 2.3468
4 2.7975 2.4082
4 0.36 0.7579
5 0.105 0.7223
5 1.125 0.8997
7 0.27 0.2609
4 1.185 1.1587
6 2.295 2.4617
5 1.7625 1.6835
7 1.635 1.5762
5 0.9375 1.012
7 2.37 2.3862
7 1.68 1.7387
6 1.7625 1.7381
6 1.9125 1.8966
5 1.6575 1.7228
7 0.8775 0.8176
5 0.2625 0.5671
7 1.155 1.0689
6 0.99 1.0856
4 2.0625 2.1902
6 1.155 1.1066
4 0.7125 0.8824
6 1.2975 1.3169
5 1.65 1.6672
7 2.6475 2.5996
7 0.6975 0.6773
5 0.42 0.4547
6 1.65 1.6474
6 1.125 1.0968
6 0.8325 0.8183
7 1.5825 1.5055
4 1.695 1.7512
7 2.625 2.6759
4 0.5775 0.7541
5 2.3775 2.3914
5 0.975 0.9695
7 2.8575 2.4974
6 2.31 2.3314
5 2.895 2.3487
7 2.16 2.129
5 0.9825 0.835
5 0.1425 0.4914
6 1.7175 1.6988
7 1.155 1.1659
7 2.235 2.2794
6 0.585 0.461
7 0.3975 0.3806
6 2.76 2.4469
5 1.005 0.9963
5 0.87 1.0139
7 2.9025 2.7212
6 1.86 1.7248
7 1.4025 1.415
7 0.1425 0.297
6 2.835 2.6881
6 0.255 0.5785
4 2.5725 2.3901
4 0.12 0.602
7 2.0475 1.9624
7 1.545 1.5448
7 0.5625 2.2292
5 1.3425 1.4119
6 1.9125 1.9173
7 0.9 0.8295
5 2.55 2.4559
4 0.99 1.0663
7 2.7825 2.7017
7 0.075 0.231
5 2.1075 1.9316
7 2.6025 2.6196
6 0.54 0.6325
5 2.6775 2.4325
7 0.0225 0.4552
5 0.435 0.6419
6 1.05 0.9535
4 1.6425 1.495
4 2.6325 2.1926
7 0.33 0.4063
4 1.92 1.8874
5 2.4225 2.2324
7 0.1575 0.3446
4 0.4725 0.5566
6 1.71 1.7189
5 2.85 2.3212
4 1.545 1.4972
6 0.78 0.7801
6 0.54 0.4156
6 1.155 1.243
6 2.3925 2.3682
4 0.0075 0.8286
7 0.0675 0.2446
6 2.9025 2.5911
7 0.8175 0.7301
7 2.3775 2.3768
5 2.9925 2.5375
5 0.84 0.9478
5 1.6575 1.5937
7 1.53 1.5695
6 2.565 2.3395
7 0.765 0.7963
5 1.0575 0.8758
5 0.1875 0.7415
5 1.7025 1.7073
5 2.9475 2.4136
4 1.545 1.3137
7 2.2425 2.1889
7 0.5475 0.5149
6 0.8625 0.7801
6 1.455 1.4784
6 0.525 0.6693
6 0.24 0.6545
5 0.7425 0.7028
5 1.5975 1.5533
5 1.9725 2.0944
6 2.8725 2.5077
7 0.54 0.4497
5 2.9025 2.4752
4 2.28 2.2417
5 1.0875 1.1835
7 2.1 2.1284
6 2.9625 2.5911
6 2.8575 2.521
6 1.6275 1.5291
5 2.5575 2.5676
4 0.2625 0.9278
7 2.1525 2.1686
6 1.095 1.171
6 1.515 1.462
5 1.4775 1.5325
5 2.6475 2.6169
4 1.035 1.2695
5 1.65 1.6975
7 0.675 0.6485
5 0.375 0.5119
7 2.82 2.5563
7 1.74 1.8056
4 2.7075 2.3042
5 1.0125 1.1613
5 0.315 0.4443
6 0.735 0.8936
5 2.5425 2.566
4 1.5825 1.4876
4 0.015 0.7678
4 1.1325 0.9057
7 0.4425 0.4398
5 1.2 0.9588
7 1.5525 1.5864
4 0.3375 0.534
7 0.9 0.959
5 1.2675 1.3414
7 2.6625 2.4756
5 2.235 2.3657
4 2.3775 2.2383
7 1.3125 1.3636
6 2.28 2.1038
4 2.895 2.4486
4 0.105 0.8668
4 0.3375 0.7926
5 2.1525 2.0855
4 1.4925 1.3865
6 2.88 2.6347
7 0.81 0.6981
7 0.81 0.8893
6 2.955 2.4726
6 2.3025 2.3693
4 0.9075 0.7338
6 0.4875 0.4365
6 0.24 0.5096
5 1.5975 1.5637
6 1.68 1.6991
5 2.79 2.5706
4 1.1775 0.9986
4 0.495 0.6228
4 0.4875 0.54
4 0.4725 0.5866
4 2.6025 2.2359
5 0.6525 1.4734
5 1.9275 1.9078
4 2.22 2.2539
7 1.4775 1.4428
7 0.1425 0.1925
6 1.425 1.3339
5 1.545 1.6949
5 2.8275 2.6025
7 0.1125 0.2981
6 2.34 2.2497
6 2.955 2.6565
5 1.875 1.9073
5 1.8675 1.8027
4 1.2075 1.5042
7 1.0725 1.0013
5 2.8275 2.5454
7 0.09 0.2858
7 0.975 1.0151
4 2.8875 2.3688
7 2.7975 2.6107
7 1.425 1.4157
6 2.7825 2.4773
6 0.48 0.387
5 0.7125 0.6947
6 0.3075 0.5614
6 1.3125 1.3157
5 2.1675 2.1526
4 0.675 0.6118
4 1.755 1.6929
7 0.15 0.2666
5 1.335 1.1633
7 0.51 0.4367
5 1.785 1.7614
6 2.505 2.6086
4 1.2975 1.2631
6 0.36 0.5445
4 1.7025 2.4688
5 2.205 2.1875
5 1.5225 1.4902
5 0.975 0.9537
7 1.875 1.8599
6 2.16 2.2128
6 2.775 2.3627
4 0.8175 0.5448
7 0.1425 0.3701
6 2.595 2.2215
7 2.175 2.1116
7 0.7875 0.9086
6 2.22 2.2704
7 1.5075 1.5364
7 0.39 0.3822
4 1.1625 1.3092
5 0.9225 0.6396
7 1.8675 1.8969
7 1.875 1.8631
4 0.405 0.5842
4 2.28 2.2838
4 2.4975 1.9318
5 0.7725 0.7153
7 2.5575 2.5189
5 1.035 0.8567
7 0.4575 0.3494
6 2.1675 2.2475
4 0.06 0.6729
4 0.69 0.5674
7 1.35 1.3548
4 1.035 0.914
5 0.5175 0.5584
7 2.955 2.6046
4 1.7175 1.8798
7 2.4825 2.4148
6 0.4575 0.4249
4 0.3675 0.7324
4 1.6725 1.704
7 0.0975 0.3275
5 2.97 2.5682
4 1.095 1.0021
5 1.2525 1.1993
6 2.4 2.3679
6 0.585 0.5334
7 0.735 0.7651
6 0.36 0.5371
6 0.825 0.8604
6 1.065 1.1383
7 1.0575 0.854
5 2.325 2.4169
5 1.755 1.7568
5 0.2775 0.6997
4 2.4825 2.3837
5 0.54 0.5995
6 1.8 1.7873
6 0.06 0.3539
6 2.01 2.1609
6 1.53 1.5164
7 2.6025 2.6493
6 1.53 1.5586
4 0.7575 1.1244
6 0.2025 0.3697
5 0.8775 0.9154
4 2.7825 2.1862
7 2.49 2.5795
4 1.035 0.9523
5 0.7575 0.6824
6 1.5075 1.4756
4 2.94 2.3724
6 1.89 1.9898
6 2.13 2.1924
4 0.3375 0.6173
6 2.715 2.6116
5 1.1025 1.1023
6 0.645 0.5176
5 1.6275 1.5319
4 0.6825 0.6168
4 2.37 2.3812
5 1.56 1.6705
6 1.665 1.6722
6 2.745 2.709
6 1.3875 1.5379
7 2.07 2.0811
7 1.35 1.3162
7 1.485 1.5546
7 1.08 0.9928
4 1.845 1.7921
6 0.525 0.6713
5 2.37 2.6165
5 0.78 0.8827
5 0.975 2.5857
7 1.8 1.9332
7 2.1675 2.1623
6 0.7125 0.7151
4 1.6125 1.5699
5 1.8975 1.8629
4 1.5675 1.5453
6 2.61 2.5458
4 1.2375 1.469
5 2.835 2.3355
7 0.6375 0.5473
5 0.6 0.6981
5 2.6475 2.3329
4 0.39 0.8085
7 2.2425 2.3276
7 2.385 2.2806
6 2.325 2.3329
5 2.415 2.0004
5 1.29 1.128
4 2.055 1.9599
4 1.89 1.9728
5 0.0525 0.5204
6 1.5525 1.4976
5 1.29 1.2638
7 2.0025 2.0645
6 0.255 0.3452
4 0.3525 0.5537
5 2.1525 2.1966
6 0.195 0.3072
5 1.5675 1.5513
5 1.605 1.5915
4 2.4375 2.2906
6 1.32 1.3948
4 0.615 0.8177
6 0.9825 0.9575
6 0.27 0.4971
5 2.22 2.0674
5 0.21 0.4733
5 1.8975 2.0169
4 1.3425 1.4251
6 1.9275 1.9852
7 0.45 0.278
7 2.3925 2.3726
6 1.7175 1.827
6 2.1675 2.1806
4 0.8925 0.5989
4 0.8175 0.5762
7 1.065 1.0086
4 1.23 1.1448
5 0.24 0.477
6 0.75 0.6986
6 1.665 1.6333
6 1.9575 1.9848
5 2.9475 2.649
5 1.5075 1.5004
5 0.615 0.7969
4 0.57 0.7015
6 0.885 0.8173
4 2.6175 2.1368
4 0.765 0.7013
6 1.095 1.1382
4 1.6275 1.7428
7 1.605 1.661
5 2.6325 2.5279
5 0.585 0.5485
6 1.5 1.5258
4 0.765 0.6822
6 1.9125 2.0215
6 2.52 2.5066
7 1.7925 1.6625
6 0.495 0.3206
5 1.455 1.433
7 0.5925 0.6225
4 1.6425 1.6334
4 0.03 0.6397
5 0.8325 0.6136
5 1.1625 1.1158
7 0.435 0.5203
5 2.07 2.1241
4 0.06 0.5744
4 2.985 2.239
4 2.475 2.1529
7 0.7425 0.735
5 1.6275 1.7066
7 1.02 1.0557
7 1.3425 1.4063
7 0.57 0.5324
5 0.705 0.8015
5 2.1375 2.0312
5 0.345 0.4606
5 1.4025 1.4687
4 2.415 2.455
7 2.205 2.1841
5 2.475 2.1757
6 0.4725 0.7206
6 2.2575 2.2745
5 1.7175 1.6245
4 0.6075 0.4741
5 1.245 1.1759
7 1.4325 1.3322
6 1.095 1.089
5 1.5675 1.6219
7 2.6625 2.5601
4 2.9625 2.1826
6 1.5975 1.5221
6 1.23 2.9901
7 1.02 1.1706
5 2.9625 2.4793
5 2.0775 1.9552
7 1.5 1.5993
6 2.01 1.9947
5 0.2475 0.5525
6 0.8925 0.917
6 0.3 0.3944
4 2.205 2.3674
4 2.1375 2.2179
6 2.97 2.488
7 1.17 1.1119
4 2.9925 2.183
4 2.055 2.1248
5 2.3025 2.4148
7 1.245 1.2818
6 2.73 2.3568
5 2.1375 2.1292
6 0.9975 1.0445
5 0.345 0.6938
6 1.605 1.6861
5 2.0475 1.9175
7 1.17 1.1671
6 0.6225 0.5843
6 1.575 1.5853
4 0.3825 0.9262
5 1.23 1.2468
5 0.315 0.6282
7 2.385 2.6055
5 1.575 1.5892
4 2.3625 2.3924
4 1.2225 1.1468
6 1.5825 2.193
6 1.965 1.9121
7 2.04 2.0106
5 1.17 1.2425
7 2.8425 2.5917
7 0.7125 0.7703
7 0.495 0.4406
7 1.23 1.1438
7 0.84 0.7008
4 2.2875 1.9344
4 1.575 1.6178
5 1.755 0.3123
6 1.92 1.9735
4 0.9375 0.6713
4 2.1525 2.0618
7 1.425 1.3545
5 0.975 1.0459
5 2.4825 2.4722
7 1.275 1.2739
6 2.5875 2.6643
4 1.7775 1.7358
4 2.2275 2.4233
4 0.915 1.0353
7 2.5275 2.4738
4 1.5675 1.5174
4 2.7825 2.2025
7 1.38 1.438
5 2.6775 2.4448
5 0.1125 0.4917
5 1.53 1.7062
4 2.7225 2.4503
5 2.175 2.1005
4 1.4475 1.4615
5 0.45 0.8803
7 2.2575 2.3436
5 1.8225 1.69
5 2.115 2.2344
7 0.69 0.8182
5 2.85 2.3596
4 0.375 0.5779
7 1.2675 1.2451
4 2.76 2.3124
4 1.995 1.9242
4 1.515 1.6175
6 0.765 0.7918
5 1.38 1.4283
4 1.425 1.5568
4 1.83 1.9188
4 1.8375 1.8148
4 0.12 0.6079
4 0.27 0.6788
6 2.6175 2.5808
5 2.115 1.9178
7 1.2975 1.3143
6 0.1725 0.3367
4 1.755 1.8079
4 1.7925 1.5646
7 1.4475 1.4541
4 0.78 0.7796
5 2.46 2.2947
7 1.515 1.4926
4 1.7925 1.6867
7 2.1225 2.1675
7 0.075 0.3834
5 2.655 2.2679
7 1.5 1.5001
6 1.44 1.3798
4 1.815 1.6334
4 1.9275 1.6784
7 0.0375 0.2929
4 2.325 2.4612
6 1.1475 1.2399
4 2.7375 2.4838
6 1.905 1.9425
5 2.175 2.3366
4 2.8425 2.4342
4 1.215 1.2483
5 1.905 2.0579
5 1.05 1.1413
6 1.68 1.7204
4 0.3675 0.583
5 0.0525 0.4664
4 2.82 2.2138
5 2.6325 2.4627
6 2.535 2.5229
5 0.45 0.6187
6 2.37 2.2705
6 0.4425 0.4592
7 0.6 0.6491
5 0.135 0.5399
7 1.53 1.5186
4 1.5 1.3125
5 2.7525 2.4468
5 2.835 2.393
6 2.16 2.045
7 0.4275 0.487
4 1.0275 0.9221
5 1.485 1.59
7 1.4775 1.4252
5 1.2375 1.1759
6 1.7325 1.6465
7 2.5725 2.5211
5 1.17 1.2239
4 0.285 0.7952
6 2.685 2.6168
5 1.17 1.1056
7 2.13 2.0616
4 2.1375 2.1948
7 2.37 2.4855
6 2.9475 2.4274
4 1.0575 1.116
6 2.805 2.4925
7 2.4975 2.4157
4 1.845 2.1923
5 1.2825 1.3308
4 1.7325 1.6142
6 1.995 1.9666
7 2.2275 2.18
5 0.21 0.6183
4 1.98 1.7281
6 1.425 1.4466
5 0.8625 0.8886
7 1.47 1.4321
6 2.205 2.3377
4 0.225 0.6885
5 2.94 2.5805
4 0.9825 0.8817
6 2.295 2.259
4 2.46 2.4665
5 1.8075 1.7957
4 1.8225 1.9162
4 1.0275 1.0286
5 1.545 1.419
5 2.0775 2.1776
6 2.52 2.5715
7 1.8825 1.9404
4 1.2975 1.2898
7 2.055 2.0213
7 1.335 1.3068
7 0.0075 0.4075
5 1.455 1.5278
4 2.0025 2.3526
5 1.62 1.6311
6 1.2375 1.2662
7 0.57 0.4977
5 1.8525 1.8778
6 1.995 2.01
7 2.01 2.0287
4 0.315 0.5633
5 2.7225 2.538
4 2.985 2.4907
6 2.2125 2.3109
4 1.3275 1.5338
7 2.8575 2.7383
6 0.3975 0.4258
4 2.67 2.0892
6 0.63 0.4527
7 2.82 2.6721
5 1.62 1.8053
6 2.4375 2.5127
5 1.4625 1.3867
4 2.49 2.4534
6 0.84 0.8019
7 0.6 0.5134
7 1.185 1.1755
4 1.9725 1.8336
5 0.915 0.9665
7 1.905 1.872
5 0.87 0.8715
4 0.9075 0.7768
7 1.6575 1.6812
6 0.6675 0.8544
5 2.1675 2.1208
6 2.4075 2.5834
4 2.0625 2.2347
6 1.6425 1.5051
4 1.815 1.7438
4 2.925 2.4023
4 2.9175 2.2743
7 1.1175 1.1342
6 1.9125 1.898
4 1.6725 1.6175
4 1.6275 1.586
6 1.455 1.4396
6 0.03 0.5954
7 0.825 0.7283
4 1.065 0.7305
7 2.43 2.4608
5 0.33 0.4522
4 2.7975 2.085
7 0.3 0.2812
6 1.32 1.2407
7 0.675 0.7105
4 0.6225 0.9112
4 1.5 1.5322
4 2.6625 2.0919
5 0.6975 0.5486
7 2.1 2.0622
6 1.98 1.8873
7 2.5875 2.6057
6 0.735 0.7441
4 2.715 2.3336
6 1.2525 1.2042
7 1.6875 1.7489
7 1.71 1.7971
6 2.685 2.5643
7 0.36 0.6122
4 1.65 1.8111
6 0.765 0.7877
5 1.2525 1.181
5 1.7625 1.5083
7 2.25 2.3263
5 0.495 0.7348
6 0.765 0.5618
7 0.975 0.9735
6 1.41 1.4725
6 0.8325 0.7838
4 2.88 2.4427
5 1.6575 1.6736
6 1.62 1.7323
4 0.945 0.8579
4 2.1375 2.175
5 2.16 2.4092
4 2.8575 2.1138
4 2.565 2.3338
6 0.3975 0.3933
7 1.9725 1.9916
6 2.745 2.5278
4 1.4025 1.5414
7 1.845 1.8556
7 2.49 2.3694
7 2.8875 2.681
6 1.0725 1.0443
4 1.605 1.6601
6 1.8675 1.8462
5 0.045 0.4338
4 1.4925 1.5136
7 1.17 1.1216
6 2.67 2.6971
7 1.0425 1.1366
7 2.1075 2.1087
6 1.8375 1.9211
6 1.26 1.1961
7 0.6525 0.6241
6 1.3425 1.4009
4 0.57 0.5104
7 1.9425 2.0039
4 1.98 2.0005
4 1.0425 1.0079
6 0.2475 0.6548
5 0.03 0.4925
4 0.2925 0.5977
4 2.8275 2.3718
7 1.5975 1.4891
4 0.9975 1.0098
4 1.68 1.7756
5 2.6775 2.462
4 0.105 0.8169
7 0.4575 0.3309
7 0.8925 0.9514
7 1.1775 1.2236
6 2.4375 2.4786
5 2.9625 2.4558
7 1.1025 0.9503
6 2.19 2.1974
7 0.0225 0.2182
6 2.475 2.2522
6 1.665 1.6918
6 0.8025 0.7633
5 1.68 1.653
7 0.78 0.7184
6 0.9675 0.7794
7 2.925 2.6462
5 0.345 0.4576
5 2.94 2.5219
6 2.5575 2.5524
7 0.8775 0.9672
4 0.4725 0.8701
6 0.1425 0.3207
5 0.195 0.494
6 1.8 1.86
7 0.945 0.8414
7 0.255 0.2663
5 1.545 1.5729
6 0.195 0.4131
7 0.795 0.9567
7 1.8375 1.8851
4 1.3725 1.3828
6 1.7925 1.772
7 1.5075 1.5077
4 2.5275 2.1077
4 1.0875 1.0333
7 2.1 2.1505
7 2.685 2.6022
4 2.8125 2.4104
4 2.9175 2.4131
7 2.145 2.1008
4 2.9925 2.2889
7 2.7975 2.632
4 2.16 2.1501
7 2.94 2.7351
6 1.605 1.5337
4 0.2175 0.4593
6 1.725 1.7423
7 2.805 2.697
5 0.5175 0.8353
5 1.59 1.4994
7 1.0425 1.0079
4 1.575 1.5441
4 0.945 0.982
6 2.4825 2.5962
4 0.7125 0.6635
6 2.7675 2.6099
4 0.7275 0.7693
5 2.9025 2.3722
6 2.8275 2.7774
7 1.5975 1.6308
7 0.7875 0.8267
6 1.56 1.6932
4 2.7675 2.0561
7 1.9425 2.0243
4 2.7225 2.2054
5 2.2125 2.4771
6 2.1675 2.0805
7 1.965 2.015
7 1.8075 1.2525
6 0.015 0.5645
5 2.8425 2.4715
4 1.14 1.3186
6 0.945 0.9765
4 1.305 1.2807
6 0.09 0.369
5 2.475 2.4623
4 2.4225 2.1381
6 1.1475 1.2108
4 2.22 2.0842
7 1.515 1.5273
4 1.9875 1.7674
4 0.585 0.644
4 1.7325 1.7199
6 2.205 2.2647
5 1.7625 1.8543
7 2.5875 2.5424
6 1.635 1.6326
4 2.3625 2.3526
5 2.5125 2.491
6 2.205 2.153
4 0.8775 0.6885
5 0.495 0.4512
7 1.5975 1.6128
4 2.49 2.2564
6 0.525 0.3668
7 1.575 2.7357
6 2.415 2.3842
7 0.255 0.2215
4 2.49 1.9518
4 2.7825 2.2297
5 1.9125 1.7817
6 1.3725 1.3166
7 2.5125 2.6689
5 1.4925 1.4827
4 2.0775 2.183
6 2.1675 2.31
4 1.86 1.9489
4 0.7875 1.0003
7 2.1075 2.1707
4 0.855 0.9666
6 1.2675 1.4038
6 1.0125 1.1616
7 0.225 0.3863
7 1.9875 2.0778
4 0.1575 0.7544
5 2.19 2.1073
6 1.0875 1.0517
4 2.4825 2.3057
5 0.7275 0.6415
6 0.39 0.5119
6 2.61 2.6516
7 1.5075 1.4862
6 2.325 2.2798
5 2.6325 2.3146
5 0.105 0.4906
6 1.425 1.4123
4 0.81 0.8732
7 2.34 2.4541
5 1.5525 1.6101
7 2.6625 2.2832
6 2.745 2.6358
7 1.2 1.106
7 0.7875 0.8205
5 0.15 0.7207
5 0.1875 0.6415
4 0.66 0.6792
4 2.0175 2.1506
7 0.735 0.6917
5 2.7525 2.4044
6 0.3075 0.3989
6 1.935 2.0774
4 1.2075 1.3441
6 2.235 2.1833
7 1.4625 1.4208
6 2.0925 2.0954
6 1.08 0.9845
6 2.7975 2.691
5 0.4275 0.6294
7 2.2275 2.1975
6 0.945 0.9258
7 1.5225 1.5223
7 0.5925 0.6216
4 2.8575 2.1063
4 1.1175 1.1074
6 1.7925 1.7732
7 1.02 0.9538
6 2.745 2.6243
7 0.21 0.3738
4 0.51 0.5111
6 1.0275 0.9446
5 2.01 1.8434
7 0.4875 0.5861
6 2.865 2.5343
4 2.1975 2.2234
5 1.605 1.6081
5 1.605 1.6083
7 1.4625 1.3834
6 0.6825 0.9821
5 2.55 2.4663
4 0.7125 0.6839
4 1.9425 1.6604
4 0.435 0.5215
4 2.34 2.0884
6 0.6225 0.534
6 0.165 0.5096
4 1.215 1.2974
6 0.3375 0.4228
6 1.5675 1.585
5 2.91 2.4725
5 0.945 0.702
6 1.2675 1.1891
5 2.925 1.9552
5 0.4725 0.4529
6 0.1575 0.5044
7 2.3325 2.2921
4 1.6125 1.688
6 0.1575 0.3325
7 2.775 2.6816
5 0.81 0.9172
4 1.2825 1.2132
7 1.7775 1.8018
4 0.7875 0.6822
4 0.2625 0.6015
4 1.6875 1.4998
4 0.6 0.52
7 0.5325 0.4023
4 0.825 0.705
4 0.9375 0.8985
7 2.9925 2.7307
6 1.4925 1.4599
4 2.775 2.4705
7 1.77 1.6671
5 1.575 1.5606
6 2.31 2.1775
6 0.03 0.5154
6 2.6175 2.4267
6 1.515 1.4676
4 2.3775 2.3167
6 0.8175 0.6562
5 0.795 0.9113
4 2.4075 2.2354
7 1.9725 2.0264
6 1.3125 1.2406
7 0.9375 0.9914
6 1.9425 1.9072
7 2.4525 2.4266
4 0.135 0.5301
7 0.72 0.5672
4 0.6975 1.1683
7 2.6775 2.4923
4 2.3925 2.3435
4 2.6325 2.4027
5 2.925 2.4341
5 2.805 2.4378
7 0.75 0.6952
6 2.1075 2.0652
6 1.815 1.8155
6 1.4775 1.5078
5 0.9225 0.7304
5 0.9 0.947
7 1.035 1.0534
5 1.26 1.2123
5 2.2425 2.0471
7 2.4825 2.4047
7 2.565 2.5585
7 0.8025 0.647
6 2.91 2.5301
6 2.46 2.4556
7 0.735 0.7334
5 0.5925 0.6436
6 1.0875 1.1052
4 2.4375 2.4225
7 2.6925 2.5864
7 0.8475 0.8141
4 1.245 1.2131
5 2.685 2.3834
7 0.72 0.8545
4 0.5325 0.6816
4 0.9 0.9355
5 2.805 2.628
7 0.09 0.3732
5 1.92 1.8049
7 1.515 1.4808
7 0.81 0.8452
7 0.4575 0.4388
4 0.12 0.6223
6 1.875 1.8643
5 0.39 0.632
6 0.7875 0.6495
7 2.9925 2.6107
4 2.52 2.4119
5 1.3725 1.3081
7 0.96 0.9143
6 0.42 0.558
4 1.2675 1.3316
4 1.68 1.672
6 0.975 1.0947
4 0.1725 0.6988
5 0.8475 0.7336
6 2.0025 1.9673
6 2.055 2.0404
5 1.425 1.5168
7 2.325 2.2579
6 2.67 2.6548
4 1.3575 1.3896
5 1.125 1.0054
6 1.695 1.6665
7 0.8325 0.8683
4 2.9775 2.2464
5 0.2925 0.7653
4 2.34 2.4156
7 2.9925 2.5738
6 0.81 0.8309
4 1.77 1.5902
6 1.0425 1.0598
4 2.6025 2.5301
4 1.38 1.3151
7 0.9 0.8628
4 2.6475 2.4076
7 1.65 1.5909
4 2.655 2.3019
7 1.035 0.9698
5 0.225 0.557
6 1.23 1.1609
6 2.3625 2.7069
4 0.165 1.0882
7 0.9 0.918
6 2.1675 2.1566
7 1.7325 1.7562
6 1.5525 1.5551
6 2.1675 2.1224
5 0.6075 0.3075
7 1.65 1.7047
4 2.25 2.2139
4 1.62 1.5716
7 1.4475 1.4354
7 2.595 2.7202
7 0.1875 0.3712
5 0.6225 0.6975
4 2.4525 2.3604
6 1.38 1.4141
7 0.15 0.4159
4 1.3875 1.4468
7 2.7675 2.6881
7 0.57 0.7122
5 2.76 2.4802
6 0.4875 0.7656
5 2.8425 2.4444
7 1.8975 1.997
5 2.43 2.1989
4 2.4675 2.2347
7 2.5875 2.6588
5 0.9975 0.9878
5 2.7075 2.3427
4 1.155 1.1019
6 1.44 1.4401
7 0.555 0.4735
6 1.2825 1.407
7 1.1925 1.2355
5 1.935 2.158
7 0.1725 0.3671
5 2.4 2.4784
6 2.5125 2.2485
5 0.1875 0.4775
6 2.3475 2.2715
7 2.2425 2.52
4 1.26 1.5846
7 0.0225 0.2971
5 0.4575 0.4393
6 0.5625 0.582
7 0.3525 0.23
6 1.815 1.8056
6 0.27 0.556
5 0.1725 0.3708
6 0.12 0.4975
5 2.8725 2.3354
5 1.6725 1.6891
6 2.4225 2.3982
4 2.475 2.3938
6 0.45 0.3845
4 0.885 1.0382
4 2.8575 2.0518
5 0.39 0.5617
5 0.015 0.6704
7 1.1325 1.1545
6 1.9125 1.8839
4 1.065 0.9644
5 0.405 0.4811
7 0.42 0.4969
6 1.0125 1.0299
5 1.86 1.8109
5 1.125 1.0631
6 2.2425 2.6189
5 2.4525 2.4424
7 0.285 0.4404
6 2.7 2.5525
7 0.045 0.5868
4 0.2775 0.5152
7 1.1475 1.1937
4 2.9475 2.1585
5 2.5425 2.1651
6 2.7075 2.4755
4 1.725 1.7113
7 1.4775 1.4125
4 0.225 0.7655
6 1.365 1.408
7 1.02 1.0191
5 1.59 1.5847
5 1.0725 0.8425
7 0.015 0.3067
4 2.1975 2.1472
7 0.8775 0.8883
6 2.1 2.2192
4 0.3675 0.6727
5 2.265 2.3259
7 0.795 0.9293
6 1.2675 1.3109
7 0.45 0.5281
5 1.785 1.6875
5 2.61 2.5392
7 1.2675 1.3316
4 0.8325 0.6958
5 1.1325 1.1556
4 2.5725 2.2677
5 1.2075 1.3084
7 1.5825 1.6776
4 0.7125 0.8551
4 1.245 1.3985
6 1.245 1.139
7 0.9075 1.008
5 0.795 0.796
5 0.8325 0.9581
6 2.5725 2.6726
6 2.955 2.5083
7 2.8275 2.6662
7 2.505 2.4915
7 2.6175 2.3943
7 1.0125 0.9762
5 1.965 1.8764
4 0.0825 0.5248
6 1.8225 1.947
5 2.5425 2.366
4 0.78 0.8363
7 1.8975 1.7949
6 2.0175 2.0002
6 2.2425 2.1222
7 0.945 0.9372
4 1.395 1.0704
7 0.3 0.228
7 0.84 0.8422
6 1.305 1.2575
6 0.735 0.5652
7 1.8525 1.9707
5 1.29 1.4098
6 0.39 0.5692
7 2.64 2.4179
7 2.2275 2.2335
6 2.025 2.0462
4 2.355 2.3622
6 1.62 1.5896
4 1.9575 1.7745
4 2.5275 2.317
5 2.295 2.3984
4 2.7825 2.1853
6 0.195 0.4747
5 0.36 0.3867
5 0.4425 0.5292
4 2.5125 2.3595
7 1.575 1.6139
5 2.4525 2.5331
5 1.8 1.7611
5 0.4275 0.3641
7 1.8975 1.9232
6 0.435 0.5234
4 1.215 0.937
7 0.6225 0.7466
7 1.9275 1.935
4 1.4625 1.5088
7 1.4925 1.5197
4 2.025 2.0778
4 2.3775 2.1337
7 0.2175 0.3906
7 2.3625 2.5679
6 0.8025 0.7858
7 2.955 2.5888
4 2.475 2.4945
6 0.495 0.706
7 0.8025 0.7981
4 1.5 1.4585
4 2.355 2.3584
7 2.94 2.7727
7 2.4375 2.6883
5 1.5075 1.4632
6 1.7775 1.768
7 0.9675 0.8886
6 1.7775 1.8786
6 2.07 2.1536
5 0.825 0.5657
5 0.2625 0.5704
6 2.0775 2.0898
5 1.695 1.6648
5 2.7675 2.289
5 2.7675 2.4075
7 0.1425 0.3873
4 1.5375 1.6617
6 2.2725 2.1248
5 2.7375 2.5264
7 1.7775 1.7471
4 1.2 1.1216
7 1.5225 1.4988
7 2.985 2.6474
5 1.3275 1.4658
6 2.19 2.2721
6 1.875 1.6795
6 0.8325 0.821
6 2.1825 2.2271
7 2.3175 2.2557
7 2.43 2.4548
7 1.9725 1.8776
5 2.3775 2.0712
7 1.275 1.3726
4 1.185 1.2583
6 0.3675 0.2713
4 1.53 1.6363
5 1.5 1.5141
6 1.8675 1.8305
6 2.6775 2.6429
4 0.0225 0.5952
5 1.0575 0.9283
4 2.61 2.3117
6 2.775 2.4875
7 0.2325 0.3972
4 0.855 1.0361
6 0.6675 0.4205
6 0.0825 0.2535
7 2.6775 2.6853
5 0.45 0.5531
4 0.6825 0.5521
4 2.6175 2.0906
4 2.37 2.0932
6 0.2175 0.3795
7 1.4775 1.482
7 1.815 1.7783
6 0.7575 0.5427
6 1.5 1.5927
5 0.4425 0.4653
4 1.68 1.7563
7 1.125 1.074
5 1.08 0.9772
7 1.6275 1.5672
6 2.91 2.6555
5 2.505 2.48
5 2.5725 2.5492
6 0.36 0.729
4 2.3025 2.1708
4 1.1625 0.7643
7 0.045 0.2503
5 2.37 2.3805
6 1.4775 1.4786
7 0.165 0.3416
4 2.19 2.0173
4 2.835 2.2699
6 2.7225 2.4634
7 2.67 2.6015
4 0.5775 0.9041
6 2.94 2.6763
6 1.095 1.0364
7 0.5925 0.6112
5 0.105 0.5197
7 0.8175 0.7973
6 1.6425 1.7098
7 0.345 0.307
6 2.7 2.43
5 2.2725 2.0492
7 1.65 1.6302
4 1.635 1.5693
5 0.915 0.793
6 1.7925 1.8849
4 0.51 0.5845
6 0.7425 0.7215
4 0.6675 0.8783
6 1.425 1.5249
5 0.5625 0.6213
7 2.175 2.3298
6 1.965 1.9008
5 0.4575 0.4686
4 2.355 2.0682
4 0.525 0.5315
5 2.37 2.2677
5 1.0725 1.1202
6 0.0525 0.4792
7 2.31 2.4119
4 1.7175 1.6911
7 0.39 0.4151
6 1.26 1.256
5 2.7075 2.5216
4 0.2775 0.596
4 0.66 0.8128
4 1.8675 1.6197
6 0.0375 0.4679
6 1.1775 1.1854
6 2.2725 2.2825
5 0.4725 0.5694
7 2.1075 2.1324
4 1.8 1.8008
4 0.9525 0.9865
4 1.5675 1.6067
7 0.4725 0.5474
6 1.7325 1.6743
7 0.9525 0.9382
4 0.105 0.6327
7 0.3825 0.227
7 1.53 1.6261
4 2.2575 2.3272
5 1.8 1.7428
6 0.2925 0.6058
6 2.715 2.4567
6 1.845 1.7709
5 2.7225 2.4249
6 2.64 2.737
5 1.2675 1.2537
5 2.5575 2.2743
5 1.065 1.0253
4 2.5575 2.2218
7 0.0525 0.5179
7 2.5425 2.8402
6 2.31 2.339
7 0.51 0.6185
7 2.46 2.4914
5 0.8625 0.7943
7 2.205 2.1534
7 0.0975 0.578
6 1.6275 1.6496
4 0.72 0.6716
4 1.56 1.6542
7 2.25 2.1847
6 1.3875 1.4393
6 0.6825 0.4597
5 2.175 1.9085
5 2.775 2.6445
5 1.965 1.9471
6 0.3 0.346
4 0.2925 0.7972
4 0.3975 0.5264
4 2.76 2.1673
6 2.4375 2.2508
7 2.805 2.7106
4 0.3675 0.7534
5 2.715 2.43
4 0.93 1.047
6 0.585 0.6857
5 0.3075 0.7462
6 0.7125 0.558
5 1.545 1.4401
4 1.4925 1.3076
7 0.135 0.3585
5 0.81 0.7632
7 2.76 2.5768
6 1.1025 1.0039
4 1.215 1.2326
4 2.85 2.4319
6 2.325 2.2331
5 2.7525 2.4357
4 2.145 2.3924
5 1.5075 1.4257
7 2.8875 2.6946
5 2.175 2.4213
7 1.4025 1.4627
6 2.1975 2.4841
5 0.1425 0.518
7 1.5525 1.585
4 1.245 1.2891
4 1.035 1.1393
4 0.315 0.7304
5 0.465 0.8211
5 1.725 1.6534
5 2.5425 2.385
5 2.2875 2.2461
7 2.895 2.5829
5 2.9025 2.5289
4 1.8 1.9538
4 0.2775 0.5721
5 0.225 0.5855
4 1.2375 1.3368
6 0.1875 0.4138
4 2.58 2.3887
5 0.9675 0.9929
5 0.165 0.437
6 2.355 2.3841
4 1.3425 1.39
5 1.32 1.3273
4 1.0425 0.9271
4 2.445 2.4123
5 1.38 1.4063
4 1.4925 1.2742
5 2.2275 2.1772
4 2.6025 2.4481
4 0.585 0.8488
4 2.7075 2.4078
7 1.8075 1.9056
4 1.005 0.527
4 0.6525 0.9155
4 0.9825 1.1537
4 2.5725 2.1666
7 2.655 2.4427
6 0.705 0.6729
6 1.9575 0.2784
6 1.3275 1.3456
5 2.505 2.278
4 2.3175 2.5346
5 2.9925 2.5308
4 0.9675 0.8088
7 2.475 2.3819
4 0.36 0.8583
6 2.325 2.2941
5 1.35 1.3969
7 1.1325 1.0949
4 2.8275 2.0329
4 2.3925 2.3128
7 2.4 2.3558
6 0.9975 0.9927
7 1.5 1.484
6 1.3275 1.3357
5 2.325 2.2732
6 2.04 2.1398
6 2.565 2.6271
4 2.3625 2.389
4 1.2525 1.3602
7 2.3325 2.1973
7 1.9575 1.9897
5 0.285 0.356
5 1.77 1.8167
6 0.9075 1.0656
5 1.11 1.1354
4 0.525 0.5959
4 2.835 2.3033
4 0.5475 0.5648
6 2.5875 2.594
7 1.2525 1.1985
4 1.395 1.6448
7 1.0875 0.9014
4 0.4725 0.7625
7 1.32 1.217
4 1.5 1.5272
6 1.17 1.2356
4 1.2975 1.2357
4 1.4475 1.5938
5 1.005 0.9761
6 2.31 2.3012
4 0.3 0.624
5 2.5575 2.502
4 2.7825 2.4187
7 2.4975 2.59
4 0.8625 0.6375
7 2.625 2.6226
4 1.2525 1.2385
6 2.8275 2.6292
7 0.225 0.2195
5 0.9825 1.1348
4 0.99 0.9607
5 2.5125 2.3743
5 2.115 1.9859
6 1.9725 2.1001
4 2.31 1.949
4 2.2725 2.1104
5 2.4 2.2391
6 2.7975 2.5604
4 1.5675 1.5303
6 0.1125 0.5885
5 2.43 2.382
6 2.355 2.5169
5 1.89 2.0591
4 2.58 2.3535
7 1.32 1.3707
7 1.455 1.468
4 2.6775 2.2483
7 2.85 2.7353
6 0.735 0.8486
6 1.5675 1.5712
6 2.955 2.5988
7 1.53 1.4523
6 0.8775 0.8419
7 2.8125 2.5713
4 1.59 1.6755
7 0.93 0.9914
6 0.5025 0.4856
6 1.2675 1.2275
4 2.01 2.3538
5 2.1525 2.135
4 2.445 2.3444
4 2.4375 2.0557
6 2.1225 2.1218
7 0.4575 0.6347
4 0.06 0.6909
7 1.1925 1.135
7 0.45 0.5496
4 0.525 0.6276
4 1.1775 1.1309
6 1.665 1.6751
4 2.625 2.2644
5 2.1975 2.4109
5 0.1875 0.3893
7 2.6025 2.6257
6 1.155 1.1148
4 1.695 1.8755
4 0.24 0.6122
7 1.98 2.0012
4 2.625 2.1491
4 1.59 1.4035
4 1.065 1.203
7 2.3925 2.6209
5 1.29 1.3273
6 2.4825 2.5071
6 1.1625 1.1781
5 1.68 1.5641
7 2.46 2.3934
5 2.5125 2.5625
4 0.2175 0.864
5 0.0375 0.4594
6 2.6925 2.588
7 1.95 1.9233
5 1.35 1.2359
5 2.4975 2.5002
4 2.2275 2.3945
4 2.685 1.8636
4 1.9275 1.7802
5 2.94 2.4724
6 2.2725 2.4343
6 0.57 0.3672
4 0.9375 0.768
4 2.2575 2.4039
4 2.04 1.7638
7 0.57 0.6162
6 0.21 0.4511
5 0.42 0.4679
5 2.64 2.6334
5 1.8375 1.8859
6 0.8325 0.922
4 2.91 2.3033
6 0.72 0.8534
5 1.425 1.315
4 1.065 0.8237
7 2.4675 2.3606
6 1.65 1.8018
4 1.515 1.6334
7 0.525 0.633
5 0.3 0.5496
6 1.0275 1.0984
4 1.395 1.4406
5 0.78 0.8325
7 0.5775 0.6208
4 1.2675 1.3559
7 0.3825 0.3704
5 0.6 0.5825
5 1.2975 1.5082
6 2.3625 2.5476
4 1.4325 1.4722
5 0.1125 0.4964
5 1.56 1.4612
4 1.9575 1.8236
7 2.415 2.4532
5 0.51 0.5382
7 1.1775 1.2649
5 1.0725 1.1571
6 2.5875 2.5802
5 2.73 2.4702
4 1.71 1.865
7 0.42 0.251
5 2.1675 2.4818
5 0.975 0.9794
6 1.905 1.9202
5 2.025 1.9737
5 1.605 1.5398
4 0.87 0.521
6 0.39 0.3421
4 2.01 1.8705
7 1.935 2.023
7 2.0325 2.1446
6 2.1975 2.1443
4 0.6675 0.7707
4 1.14 1.1851
6 1.77 1.9617
4 1.32 1.2855
4 0.8625 0.9335
4 0.6 0.6071
5 0.3975 0.475
7 2.2725 2.3482
5 2.79 2.46
5 1.875 1.9346
5 0.855 0.5857
4 0.6525 0.6008
6 2.22 2.345
5 1.425 1.2053
4 0.66 0.5209
5 1.14 1.1964
4 2.2875 1.8641
4 2.0775 2.019
4 0.6525 1.0253
6 1.2675 1.1737
4 1.9575 1.979
5 2.34 2.2687
5 1.4325 1.4521
4 1.215 1.326
4 1.98 2.1455
7 2.7075 2.6698
6 2.6775 2.5438
4 2.175 2.1921
4 0.81 0.8887
7 0.6075 0.5307
7 0.7875 0.8187
7 1.2525 1.2021
5 1.725 1.7807
6 1.665 1.6317
5 0.3 0.681
4 0.6375 0.5074
6 0.48 0.6172
4 1.3275 1.3266
6 1.845 1.9015
7 0.1125 0.2114
5 1.6425 1.6482
7 0.12 0.2057
5 1.7025 1.7712
5 0.0675 0.4671
7 1.56 1.5757
4 2.37 2.204
4 0.5925 0.7316
5 0.5775 0.7093
5 2.505 2.3295
4 1.1625 1.0471
4 2.115 2.0341
4 0.675 0.633
6 2.4525 2.591
6 2.55 2.467
7 1.7475 1.6481
5 2.475 2.5456
6 0.9975 0.9241
7 1.0875 1.0645
6 1.44 1.5917
6 1.0425 1.144
6 1.905 1.9374
4 0.135 0.536
6 1.59 1.7283
7 1.725 1.7798
4 1.6875 1.5229
5 1.8 1.8731
5 0.72 0.9089
6 0.285 0.3409
4 0.48 0.6352
4 1.005 1.0577
4 1.5225 1.5738
6 1.17 1.2831
7 2.34 2.5315
5 0.495 0.4818
6 0.705 0.8561
4 0.705 0.8847
4 1.32 1.2498
6 0.9225 0.9766
5 1.155 1.2827
5 1.29 1.2737
6 1.98 2.0006
7 0.015 0.3384
6 1.125 1.1098
6 0.4125 0.6208
7 0.405 0.3487
6 2.205 2.1111
7 0.42 0.4469
7 0.3075 0.3972
6 0.4425 0.3841
5 0.435 0.5529
5 1.185 1.1257
7 0.33 0.3436
4 1.8375 1.7255
6 0.99 0.9502
6 0.48 0.4485
5 2.43 2.2789
5 0.0225 0.5789
4 0.6825 0.7034
6 1.8 1.7501
7 1.5375 1.5657
6 2.6025 2.4551
7 1.1175 1.0047
4 0.2325 0.559
7 0.855 0.9269
5 0.6225 0.5833
5 2.6775 2.5811
5 1.5075 1.5663
7 1.1175 1.1159
7 2.52 2.512
6 1.8825 1.865
5 1.44 1.4711
6 1.3875 1.45
5 0.09 0.4633
4 1.9425 2.0869
5 0.9 0.7272
5 2.01 1.8273
5 2.025 2.207
7 0.1575 0.3727
6 2.46 2.6726
5 2.3625 2.3972
4 0.33 0.8023
4 2.0625 2.0028
7 1.6425 1.7313
7 2.205 2.1545
6 2.775 2.611
4 1.4325 1.5803
5 0.42 0.4162
6 2.445 2.6369
6 0.21 0.5232
6 1.785 1.8009
6 0.885 0.8378
4 0.375 0.7431
7 0.375 0.3342
6 0.3675 0.5624
6 0.045 0.4352
6 1.875 1.8305
4 0.27 0.5687
6 0.21 0.4562
7 2.3775 2.552
6 0.3675 0.3499
6 1.395 1.3516
4 0.2475 0.7165
4 2.2125 2.164
5 1.305 1.3132
5 2.8425 2.4581
5 1.395 1.2081
6 0.1425 0.3287
7 2.6775 2.7032
4 1.74 1.7718
4 2.4975 2.4134
4 0.0375 0.5913
6 1.4925 1.431
7 1.7775 1.8275
6 1.6275 1.5596
5 0.84 0.6954
6 1.035 1.1431
5 2.9325 2.5284
7 1.725 1.7724
4 1.74 1.6578
7 1.2675 1.2149
6 2.4375 2.6353
5 1.2 1.222
5 1.2825 1.1021
5 1.065 0.8422
6 0.465 0.59
7 2.8725 2.7333
5 1.38 1.2433
7 0.615 0.5213
4 1.4475 1.4589
4 0.6675 0.7097
7 2.565 2.6048
7 1.0575 1.0487
5 2.67 2.4683
4 1.26 1.0878
4 2.2575 0.2458
5 0.69 0.4443
6 1.3275 1.4744
4 2.1675 2.245
5 0.8175 0.9451
7 0.765 0.6254
4 1.4925 1.6041
4 1.6725 1.5614
6 1.2675 0.6482
7 1.98 2.0259
4 2.34 2.3436
6 0.6675 0.5534
5 2.4075 2.4021
5 2.6925 2.2914
5 0.075 0.4366
5 2.8275 2.6167
6 2.0025 1.7809
6 0.0375 0.5099
6 0.1725 0.3813
4 1.53 1.4439
5 2.565 2.5216
6 1.3875 1.3599
7 2.4675 2.3111
7 1.155 1.1738
4 0.4725 0.7114
4 2.6025 2.282
4 0.2325 0.5351
6 1.9575 1.8062
4 1.275 1.463
7 1.7175 1.72
6 0.51 0.6492
7 1.74 1.6453
5 2.3925 2.3203
6 2.3625 2.4997
5 2.46 2.299
5 0.72 0.8958
6 1.4025 1.295
4 0.615 0.5598
7 0.2175 0.3864
5 2.7075 2.4998
4 0.5025 0.9729
4 1.0425 0.852
5 1.245 1.4036
6 1.1475 1.0301
7 2.1975 2.1616
7 2.43 2.3273
7 0.48 0.5394
7 1.1025 1.1322
4 0.96 0.9558
6 0.8775 0.8647
7 2.25 2.2142
4 0.3825 0.7424
4 2.22 2.345
6 2.4075 2.4854
7 2.25 2.2575
4 2.64 2.0738
5 1.05 0.9316
6 2.46 2.4099
4 1.605 1.4855
4 0.3825 0.6623
5 2.925 2.549
4 1.41 1.3225
6 0.435 0.301
6 0.15 0.4193
6 0.72 0.4902
5 2.4525 2.0002
4 2.1225 2.3015
4 0.6225 0.5
5 2.265 1.86
7 1.2525 1.1796
6 0.54 0.8049
4 2.3775 2.1472
7 2.0025 1.7993
5 2.58 2.5039
6 2.0175 1.9738
5 1.5375 1.6118
6 0.735 0.7073
5 2.0475 1.951
7 0.585 0.4707
7 1.6425 1.6346
4 2.0775 2.0371
4 2.445 2.2001
7 1.44 1.4624
5 1.6725 1.6816
6 1.7325 1.7617
5 2.19 2.4437
4 1.245 1.2463
7 0.8775 0.825
5 2.235 2.2952
4 0.675 0.6903
7 2.4 2.4443
7 0.99 0.9399
6 2.1675 2.0334
4 1.845 1.8739
4 1.05 2.5492
5 1.4025 1.2779
6 2.9025 2.4658
4 2.8875 2.4766
5 2.085 2.1602
5 0.12 0.4982
7 2.4375 2.5606
4 2.2275 2.4034
6 2.1375 2.1903
4 0.87 1.0079
6 1.815 1.7843
5 2.97 2.5559
5 2.46 2.4556
6 2.4225 2.3308
5 2.0775 2.1
4 1.29 1.429
5 0.81 0.8753
5 1.245 1.3325
5 0.4725 0.4022
5 0.645 0.5451
4 0.345 0.5906
6 2.3325 2.3504
4 0.135 0.8223
6 1.4025 1.3319
5 2.1375 2.0248
4 1.7325 1.6833
4 0.21 0.6115
4 1.9425 1.8987
7 1.335 1.3888
5 2.91 2.5723
5 2.6175 2.4761
6 2.6475 2.5274
6 0.0675 0.3374
4 2.8725 2.4176
4 2.7825 2.4542
7 2.565 2.64
7 2.4825 2.4235
4 2.3475 2.475
7 0.24 0.2161
6 0.315 0.4986
5 2.745 2.5355
4 0.5325 0.5223
6 0.6825 0.6889
6 2.745 2.6293
4 0.3675 0.5776
4 1.875 1.9364
4 1.395 1.2451
5 1.17 0.8976
4 2.5725 2.4539
5 1.125 1.1466
6 0.2625 0.3409
5 1.23 1.2525
6 0.0825 0.4392
7 0.945 0.8066
4 0.2625 0.5155
5 0.87 0.7612
4 1.6875 1.8007
5 2.625 2.606
6 1.9575 1.9253
4 2.625 2.0799
7 0.645 0.7274
4 2.2575 2.0316
4 1.71 2.0062
5 2.2575 2.2944
6 1.5675 1.5838
5 0.93 0.8396
7 0.7275 0.7653
5 1.77 1.7652
7 2.19 2.1652
6 1.095 1.0676
5 1.2975 1.2627
7 2.625 2.5088
7 0.5325 0.628
6 1.65 1.5454
7 1.6425 1.6023
6 2.535 2.6503
4 0.8625 0.9114
7 2.6475 2.732
4 0.96 0.7492
5 2.835 2.3734
4 1.305 1.2932
5 2.25 2.4652
7 2.895 2.5789
4 2.25 2.4317
6 1.8225 1.7835
7 1.605 1.6491
4 1.8 1.8018
4 0.5475 0.5983
5 2.16 2.0361
7 2.775 2.5351
6 2.91 2.5039
4 1.8075 1.7824
5 2.8275 2.6201
5 0.165 0.592
6 2.6925 2.6092
5 2.4 2.0878
7 0.9375 0.8266
5 2.7375 2.548
4 1.9275 1.9535
4 2.115 2.2457
5 0.6825 0.8804
6 2.865 2.2705
6 0.435 0.5119
7 0.96 0.9129
4 1.95 1.8137
4 0.0075 0.6992
4 0.5175 0.7584
6 1.4775 1.6426
6 1.92 1.9422
4 1.4625 1.7215
6 0.4875 0.4125
7 0.435 0.3465
5 1.2075 1.0754
6 1.155 1.0836
4 2.8425 2.2539
6 1.7925 1.8697
4 2.0625 2.1615
5 1.26 1.3339
6 1.0125 0.9343
5 1.635 1.6294
6 0.03 0.3675
6 2.3325 2.5401
5 0.8475 0.8799
4 1.05 1.2423
4 0.4425 0.6632
4 1.5675 1.4669
7 1.4775 1.4318
6 0.735 0.7234
7 2.295 2.372
5 1.3275 1.3439
4 2.355 2.2238
5 1.0425 0.9582
6 0.405 0.4738
5 2.94 2.154
5 0.435 0.4717
7 2.4825 2.6858
4 1.0725 1.1409
5 2.49 2.4032
5 0.3075 0.5657
5 2.46 2.4476
6 1.9125 2.0036
6 0.555 0.5665
7 0.435 0.2892
5 2.76 2.6357
4 2.7675 2.1399
7 1.0875 1.1582
6 2.655 2.5383
6 1.245 1.1865
4 2.73 2.1744
6 1.4325 1.3894
6 0.03 0.4345
7 1.275 1.2388
4 1.35 1.7387
6 0.5175 0.5243
5 2.9325 2.5168
7 1.815 1.9138
5 2.1 1.87
5 0.3525 0.4915
5 1.2225 1.3567
6 1.7175 1.677
4 1.2375 1.3854
5 2.805 2.5171
4 2.3925 2.4861
6 0.3525 0.5981
6 1.305 1.4239
7 1.5075 1.4617
7 1.635 1.6346
4 2.52 2.4993
6 1.1175 1.0856
6 0.9075 1.045
5 1.125 1.1332
7 0.345 0.3728
7 0.7125 0.7834
6 0.5175 0.7825
7 0.6 0.5693
4 0.0 0.5739
7 2.4375 2.2607
4 1.635 1.7369
5 1.425 1.4053
7 2.7975 2.3957
7 2.9925 2.7493
7 0.54 0.3675
5 2.055 2.1625
7 2.145 2.1325
7 0.5025 0.4136
6 2.9925 2.5145
5 1.155 1.136
5 1.53 1.4136
4 0.105 0.5904
7 0.9 0.891
4 1.6725 1.8376
7 0.885 0.8373
7 2.0775 2.0768
6 0.1725 0.2984
7 1.05 1.0249
4 0.1125 0.8368
7 2.07 2.021
4 0.0075 0.9204
4 2.745 2.3481
7 1.2825 1.1916
7 1.245 1.1353
4 1.29 1.3336
7 0.3 0.3495
4 1.65 1.4062
6 0.0375 0.3391
6 1.2525 1.1205
6 2.325 2.3891
4 0.225 0.8251
4 2.2275 2.1983
6 1.47 1.4397
4 1.395 1.4153
4 0.7125 0.7564
4 0.06 0.6515
5 2.235 2.2631
4 0.435 0.6886
4 1.875 2.1055
6 2.6925 2.6399
6 2.07 2.172
7 2.07 2.0565
6 0.21 0.3592
7 1.815 1.816
7 0.69 0.8602
5 1.455 1.4901
5 0.2625 0.4506
6 1.08 1.0467
4 0.225 0.4913
4 1.5525 1.6684
6 0.42 0.3982
4 1.08 1.2943
6 1.95 1.8829
4 0.285 0.616
7 0.0075 0.398
7 0.33 0.2833
5 1.335 1.4873
7 0.2175 0.2693
7 1.02 1.0233
4 2.25 2.0865
7 2.115 2.0562
7 1.47 1.491
4 1.905 1.751
6 2.295 2.3067
7 2.0775 2.0579
6 0.1125 0.3184
7 2.5575 2.5549
5 2.8425 2.4063
7 0.8775 0.8057
7 1.965 2.0034
4 2.13 2.0336
4 2.0025 2.1424
7 1.1475 1.1893
7 1.905 1.9675
5 2.565 2.5878
6 2.325 2.5665
7 1.0125 1.0078
6 1.9275 1.8938
7 0.705 0.7604
4 0.4725 0.7796
7 0.225 0.2655
7 2.475 2.4358
7 0.1875 0.2459
6 2.7375 2.591
7 2.1825 2.1881
5 1.485 1.593
4 2.3175 2.3314
6 1.5075 1.6128
4 1.4475 1.6913
7 0.12 0.3013
6 0.69 0.9106
5 2.97 2.5985
5 1.98 2.0307
4 2.82 2.4404
5 0.255 0.6358
5 2.5875 2.6286
6 2.0325 2.0328
4 1.2825 1.6255
4 1.605 1.5646
4 1.44 1.4657
5 2.28 2.1835
5 0.0525 0.5856
5 2.16 2.0259
5 2.8875 2.3347
6 1.7625 1.8222
4 1.9725 2.1305
5 2.2425 2.2246
4 0.105 0.6862
4 1.1325 0.9659
6 1.0275 0.848
7 1.395 1.3764
7 0.9825 1.0132
7 2.925 2.7171
4 2.8425 2.4013
6 1.4775 1.5423
4 2.1075 1.9849
7 1.2375 1.2731
7 2.7825 2.7201
6 2.46 2.2976
4 1.56 1.6166
5 1.7175 1.8629
5 0.42 0.9325
7 2.235 2.1841
6 2.7825 2.6344
4 1.0875 1.0265
7 0.21 0.299
6 1.2225 1.1174
5 2.4075 2.5239
4 0.645 1.2055
4 0.975 0.8881
6 0.7575 0.6715
6 1.995 2.1419
7 1.665 1.7014
7 1.05 0.9733
6 0.45 0.6791
7 0.195 0.2779
6 2.985 2.0337
4 1.5375 1.6069
4 2.415 2.3954
5 0.18 0.6766
5 0.1425 0.6717
4 0.1575 0.6257
6 0.72 0.8224
6 0.81 0.6842
7 1.1025 1.114
6 0.5925 0.5735
7 2.7675 2.6992
4 0.6 0.9357
7 1.11 1.0719
4 2.1825 2.0124
7 2.4225 2.4751
4 1.38 1.38
7 2.7375 2.7008
5 2.4975 2.3203
5 2.8575 2.3773
5 2.1225 2.0943
7 0.9675 0.9465
4 0.585 0.5654
5 2.175 2.4421
4 1.7775 1.7836
5 0.0 0.6737
4 1.1625 1.2399
5 1.6425 1.7249
7 2.685 2.5321
4 0.555 0.622
5 2.925 2.5308
5 0.69 0.5884
5 2.085 1.9967
5 2.6175 2.4395
7 0.24 0.2731
4 2.9925 2.0717
6 1.785 1.7379
5 2.9925 2.2881
6 1.8825 1.9122
5 0.855 0.7706
6 2.19 2.2856
7 2.1225 2.2055
4 2.415 2.4089
5 1.86 1.8667
4 0.4875 0.6992
4 2.0775 2.0338
5 1.0425 1.081
5 2.0175 1.9577
5 0.1875 0.4774
6 1.8 1.8348
7 2.7675 2.8026
6 2.145 2.0697
5 2.0325 2.1931
7 2.3775 2.2974
6 1.6125 1.5914
6 0.6 0.6016
6 0.0 0.6209
4 2.5275 2.0328
6 2.295 2.52
7 2.64 2.7211
6 0.915 1.0098
5 0.2775 0.6595
4 0.7875 0.9062
5 0.15 0.4879
5 2.3175 2.3179
4 0.7575 0.9842
5 1.02 1.074
5 1.845 1.8304
6 1.1325 1.173
7 0.5775 0.652
7 0.555 0.6426
4 1.545 1.7704
5 0.1875 0.4527
4 1.4775 1.6776
6 2.775 2.5674
7 1.095 1.0861
4 0.6525 0.8892
7 2.8875 2.6994
6 0.195 0.2508
7 1.2525 1.1641
6 1.38 1.3889
7 1.755 1.7503
7 0.8925 0.6966
7 0.435 0.2484
6 0.6225 0.4906
4 0.96 1.075
5 1.14 1.1737
7 2.13 2.3249
7 0.8625 0.8085
5 2.685 2.2352
4 2.79 2.1916
6 0.735 0.7572
5 2.7375 2.5411
5 2.595 2.5392
4 1.5975 1.6694
6 2.1075 2.2156
6 2.0925 1.9331
7 2.6325 2.6499
6 2.0625 1.9261
5 0.165 0.3172
5 2.505 2.5494
6 0.165 0.4404
7 0.945 0.9629
5 0.4425 0.588
4 1.0125 0.8163
6 2.4225 2.1396
5 2.9475 2.0968
6 2.6775 2.5816
6 0.8175 0.8625
4 2.01 1.9088
6 2.3175 2.5734
7 0.6675 0.6683
5 0.8025 0.9329
6 1.2 1.1765
6 0.0225 0.3975
7 0.2625 0.3395
5 0.81 0.8455
7 1.485 1.4964
6 0.225 0.4933
6 2.4 2.3045
7 1.8825 1.971
4 2.805 2.1659
5 1.3125 1.2442
5 2.67 2.5919
5 2.1075 2.1745
4 2.8875 2.3957
7 0.8925 0.8556
4 1.035 0.8671
7 0.63 0.5545
5 0.435 0.5453
4 1.7325 1.7213
4 0.945 0.9084
4 1.725 1.9728
5 2.295 2.1483
5 2.5725 2.5293
7 0.8175 0.8016
7 2.49 2.5192
6 1.7175 1.676
5 0.3975 0.6802
4 2.445 2.2668
5 1.2 1.1013
4 0.99 1.1073
7 0.375 0.331
5 1.1025 1.0067
6 2.9025 2.6719
4 1.5675 1.765
4 0.72 0.7037
5 0.855 0.7281
4 1.5075 1.4055
7 0.1725 0.2886
7 1.095 1.0837
6 0.405 0.5917
7 2.805 2.5176
7 1.11 1.1037
6 2.9775 2.4586
6 0.045 0.4569
6 2.2725 2.2222
5 2.0775 1.9961
7 2.265 2.396
7 2.43 2.4099
5 2.7075 2.4762
4 0.75 1.0769
7 0.15 0.3985
7 2.01 2.0647
4 0.75 0.8829
6 0.8775 0.895
5 1.155 1.1625
6 2.07 2.0106
6 1.29 1.3523
5 0.18 0.4923
4 1.74 1.8061
5 0.1275 0.4369
6 2.1375 2.2417
7 2.8125 2.613
6 0.7425 0.8039
6 1.2075 1.2544
5 1.7025 1.6684
4 2.835 2.4281
7 2.9925 2.7305
4 0.255 0.6829
4 2.28 2.1645
7 0.1125 0.3014
4 2.49 2.2841
7 0.2175 0.224
6 2.2575 2.211
6 0.8325 0.8724
4 2.5125 2.0781
6 2.6625 2.6196
4 1.35 1.4215
7 0.6 0.6581
6 1.5675 1.5967
6 2.94 2.7183
7 1.1625 1.1274
5 2.655 2.1583
4 0.45 0.7547
6 2.655 2.5726
6 2.4675 2.4813
6 1.3575 1.4317
7 0.5025 0.4965
4 0.525 1.0322
4 0.0825 0.632
6 1.0725 2.4519
4 2.0625 2.2039
5 0.5025 0.7975
6 2.91 2.6048
4 0.0825 0.6829
6 0.3525 0.4859
5 2.88 2.377
5 0.7275 0.6067
7 1.3425 1.4119
4 2.6325 2.4462
5 0.555 1.2278
7 1.59 1.6688
5 1.755 1.6691
7 1.665 1.6393
6 2.4 2.434
7 2.1 2.1631
5 2.94 2.5407
7 0.93 0.8693
7 2.115 2.1629
4 0.105 0.5413
5 0.8775 0.9038
5 2.235 2.3817
4 1.8075 1.7378
7 2.205 2.2603
5 1.095 1.0737
5 1.665 1.7927
6 0.7575 0.6988
7 0.795 0.8481
4 2.0175 2.3334
4 0.24 0.9089
7 0.2025 0.2765
6 2.2125 2.1738
6 2.895 2.6774
7 2.43 2.4334
6 1.2525 1.2204
7 1.3725 1.3378
5 0.2025 0.7131
7 2.8275 2.6151
5 2.985 2.3685
6 2.6475 2.5511
5 2.4675 2.4736
7 1.05 1.1541
7 0.18 0.537
6 1.2375 1.2987
6 1.125 1.0934
6 0.255 0.6179
4 1.0575 0.9769
4 1.395 1.3672
7 1.365 1.3916
7 0.48 0.6205
4 1.0125 0.9151
6 2.1975 2.1798
7 1.815 1.7978
7 2.2575 2.4174
6 2.49 2.5274
6 1.5675 1.5698
7 2.88 2.7089
4 0.1575 0.4942
7 2.205 2.23
7 2.8275 2.738
7 2.655 2.7641
7 2.7 2.4913
5 0.0825 0.6294
6 0.6 0.6951
4 2.505 2.0918
4 0.3675 0.5181
7 1.4625 1.4637
4 2.16 1.9342
6 0.3375 0.3775
5 0.7275 0.7675
4 1.785 1.7914
6 2.55 2.5297
4 0.975 0.7605
7 1.8 1.8458
4 2.73 2.1229
7 1.9875 1.9486
4 0.8325 0.8058
4 1.6275 1.6881
4 1.5825 1.5066
6 1.6425 0.2723
7 0.69 0.4388
4 0.885 0.631
5 0.135 0.7884
5 1.6875 1.7582
7 2.31 2.2911
5 2.2875 2.1447
6 0.8025 0.8664
5 2.1075 1.914
7 2.3475 2.4651
6 1.6725 1.5964
5 2.865 2.527
7 0.66 0.5687
5 2.8875 2.5551
6 1.5225 1.4505
6 0.12 0.397
6 0.675 0.8064
5 2.685 2.5623
7 0.855 0.8742
6 0.315 0.4725
7 2.8275 2.4756
5 1.5675 1.627
5 0.87 0.7249
6 1.4625 1.4581
4 0.2775 0.8254
5 0.12 0.6487
6 2.9175 2.503
6 0.24 0.2972
5 2.4975 2.3805
5 2.0175 2.025
5 2.49 2.5262
7 1.08 1.0943
5 0.4725 0.4809
4 1.6425 1.7096
6 2.85 2.5671
5 2.565 2.5954
6 2.355 2.4256
7 0.1725 0.2723
5 1.71 1.6495
7 1.755 1.6686
4 2.8425 2.2893
6 1.7175 1.6696
5 0.3375 0.5437
6 2.5575 2.6717
6 1.1925 1.276
7 0.4275 0.4119
5 0.075 0.4967
5 2.2275 2.3043
6 2.925 2.5225
5 0.39 0.5721
4 1.365 1.441
7 1.0425 1.0832
7 0.36 0.4479
6 2.0325 1.8703
6 2.85 2.3769
5 0.9825 0.6954
6 1.17 1.1737
4 0.2475 0.7865
6 0.6825 0.7577
7 2.1825 2.3441
5 2.2575 1.9423
5 0.0675 0.4322
6 2.3925 2.3525
6 2.5425 2.2406
6 1.965 1.9169
5 0.0375 0.3848
5 0.8775 0.8211
5 1.695 1.698
7 0.345 0.4942
6 2.085 2.017
6 0.3825 0.7156
5 1.35 1.5776
5 2.595 2.5954
6 0.435 0.3047
4 0.9375 0.7129
7 2.1675 2.1225
5 2.4 2.5825
6 0.5925 0.7532
6 2.1975 2.2967
6 2.82 2.5967
6 1.2525 1.1852
4 2.3775 2.186
4 0.72 1.0595
4 1.4175 1.4533
7 0.1725 0.3103
7 2.175 2.157
6 1.335 1.3086
7 1.5675 1.6832
5 1.2 1.279
5 2.34 2.1292
5 2.37 2.402
6 2.4225 2.3648
7 1.0275 1.0264
6 2.07 2.0942
7 0.225 0.3525
7 0.57 0.8235
4 2.82 2.3455
7 1.665 1.5655
6 0.7275 0.7322
4 1.065 0.9621
6 0.99 0.9527
5 0.945 0.8179
7 1.0575 1.0496
5 2.91 2.4744
7 2.4825 2.3812
5 2.7225 2.4865
5 0.075 0.685
5 2.7525 2.4421
5 1.05 1.0137
6 0.06 0.3555
5 0.8025 0.7252
7 2.6025 2.8358
5 2.925 2.3175
6 2.2875 2.4478
7 1.3575 1.3542
6 0.03 0.3246
6 1.4025 1.4062
4 2.805 2.4216
5 0.7725 0.8623
7 0.0525 0.4195
7 0.21 0.2558
7 2.1375 2.1061
4 1.62 1.5513
7 1.26 1.3206
5 2.34 2.2557
5 2.7525 2.3547
6 1.7625 1.7842
5 1.0275 0.8491
5 2.8725 2.5027
4 1.4325 1.1564
7 2.5425 2.2658
6 0.7575 0.8317
7 1.185 1.1911
4 2.5275 2.2904
4 0.18 0.8883
6 1.2825 1.3721
7 2.9925 2.719
5 1.8675 1.8217
4 0.66 0.9141
4 2.025 2.1295
4 2.5875 2.288
7 2.8425 2.6304
4 1.86 2.1548
7 0.795 0.6291
7 0.705 0.8265
5 1.7325 1.7676
6 1.02 0.9875
6 1.485 1.3479
7 0.7125 0.7766
6 1.62 1.5794
7 2.1 2.1319
4 1.7325 1.7389
7 1.635 1.5385
5 0.1875 0.515
7 1.965 2.1079
7 2.25 2.2282
5 2.6175 2.3761
4 2.865 2.2198
7 0.165 0.2956
4 2.5575 2.3911
7 0.8925 0.9231
6 0.6225 0.8277
5 2.0025 2.1952
5 0.1575 0.5754
7 2.46 2.4975
7 1.5225 1.5329
7 1.635 1.7075
7 1.155 1.1173
7 1.9125 1.9045
6 2.0175 1.9643
7 1.545 1.5761
7 0.2325 0.3072
6 2.1525 2.0241
4 1.6575 1.6715
5 2.595 2.5579
6 0.825 0.9268
7 0.705 0.7042
5 2.46 1.87
7 2.7825 2.7249
7 0.5475 0.5116
7 2.2425 2.2966
5 1.92 1.8586
7 2.0475 2.0693
4 2.055 1.8885
7 0.0375 0.488
4 0.6525 0.8919
7 2.0925 2.087
7 1.3875 1.493
5 0.2475 0.8271
6 0.0075 0.4946
5 0.4575 0.4203
7 2.64 2.671
4 0.2025 0.5885
7 2.865 2.6
7 0.7575 0.7143
4 0.0375 0.8656
6 1.695 1.7201
7 2.5575 2.6186
5 2.9325 2.5106
7 0.69 0.8059
4 2.805 2.3826
5 1.8375 1.8504
6 1.3425 1.3331
4 0.6 1.0161
5 0.9825 1.0657
7 2.085 2.1122
5 2.415 2.5498
4 1.83 1.6998
6 2.1975 2.2502
5 2.025 2.1595
6 1.905 1.9384
5 2.1675 2.1618
4 2.1375 2.0969
4 0.5925 0.9191
5 2.8275 2.5665
6 2.61 2.6411
6 0.5925 0.5361
6 2.43 2.5702
5 0.3075 0.5287
4 2.5575 2.2138
5 0.3825 0.6541
4 0.405 0.762
7 1.2975 1.3122
7 1.1175 1.087
6 2.2725 2.3537
4 0.705 0.6808
6 0.5625 0.3266
7 0.1575 0.3006
4 1.4175 1.5509
7 1.0725 1.1288
7 1.62 1.6988
5 2.0925 1.9539
5 2.865 2.4359
6 0.8325 0.7082
5 0.9825 1.0115
6 2.145 2.0714
7 1.7925 1.824
4 2.1 2.1532
5 2.49 2.1594
6 2.0175 1.9269
4 0.9825 1.222
7 1.26 1.1692
4 1.1925 1.0642
7 1.935 2.012
7 0.4425 0.391
6 1.6875 1.6402
7 1.2975 1.2069
5 1.47 1.3817
6 0.7575 0.5325
7 2.07 2.1688
4 0.2025 0.5518
7 1.5 1.6022
4 0.0975 0.5651
4 1.1175 0.9219
6 1.7625 1.7921
5 0.8325 0.7261
5 0.2175 0.4546
4 1.0875 0.8655
6 0.6 0.444
6 0.15 0.3149
4 1.0125 0.9545
4 1.065 1.0419
4 0.465 0.7546
7 2.01 2.0006
4 2.7375 2.323
4 2.835 2.2054
7 1.0875 1.074
6 0.0675 0.3941
6 2.2425 2.3794
6 2.025 2.0723
5 0.0825 0.5842
7 1.23 1.2288
4 1.71 1.9675
6 2.4975 2.356
7 1.515 1.5029
5 1.5225 1.4568
7 0.045 0.2139
5 0.1125 0.4371
4 1.755 1.8201
6 0.3225 0.4144
5 2.4 2.3913
6 1.7775 1.708
4 2.5425 2.2524
5 2.8425 2.5691
5 2.67 2.4589
5 1.77 1.8901
5 1.56 1.7346
4 0.465 0.9852
7 1.905 2.007
6 2.61 2.5033
4 2.67 1.5378
6 1.5675 1.6273
4 0.5175 0.7983
7 2.8125 2.6874
4 2.295 2.1957
7 0.9825 0.9411
5 2.94 2.4963
7 2.145 2.228
4 1.74 1.4162
5 0.4275 0.7737
5 1.7025 1.7682
4 1.6575 1.4516
5 2.6775 2.4266
6 2.91 2.4709
5 2.1075 1.9315
7 0.9525 1.0901
6 0.9 1.0297
7 0.8925 0.8883
6 0.4575 0.5314
7 0.06 0.4535
7 0.0375 0.5818
5 0.885 1.0776
6 0.9525 0.8953
4 1.0275 1.0565
6 0.0675 0.4201
4 2.805 2.2651
4 0.2925 0.9061
4 1.02 0.9973
5 2.0775 2.1595
4 1.7175 1.8611
6 1.6275 1.6377
4 2.565 2.3601
7 0.2475 0.4924
7 2.2575 2.1978
4 2.7225 2.3723
4 2.055 2.0718
5 2.715 2.5056
5 2.8425 2.4549
6 1.845 1.812
4 2.5425 2.0179
4 0.7575 1.1128
5 0.06 0.5933
5 2.0475 1.9492
7 2.46 2.543
5 0.6975 0.5042
4 0.225 0.7241
7 0.495 0.4846
6 0.615 0.4991
6 0.135 0.4618
4 1.605 1.8361
6 0.5625 0.467
4 0.78 1.0233
5 1.515 1.4054
7 1.245 1.4068
6 2.1525 2.1571
7 0.7425 0.8584
7 1.635 1.7739
7 1.0275 0.9856
5 0.3825 0.5222
7 2.7375 2.4481
5 0.2925 0.6067
6 0.1425 0.3542
6 2.475 2.6476
5 2.6475 2.4351
6 0.6375 0.5766
6 1.965 2.0169
6 0.3075 0.5522
7 0.375 0.3754
6 1.23 1.3276
6 0.12 0.4216
5 2.775 2.5674
4 0.465 0.6342
7 2.3175 2.3227
6 1.6725 1.6805
7 1.68 1.7158
7 1.365 1.4434
7 1.1775 1.2784
6 0.8925 0.8577
4 2.07 2.0118
6 0.39 0.418
5 1.215 1.1414
7 2.43 2.3919
5 1.6725 1.6527
6 1.02 1.0198
6 1.0725 1.0302
6 2.3175 2.2345
4 1.185 1.1827
5 0.075 0.8037
7 1.335 1.2748
4 1.365 1.2796
4 1.215 1.4481
5 2.2125 2.1972
6 1.9875 2.0061
4 2.5425 2.4816
6 1.575 1.6278
7 1.3575 1.3388
7 1.725 1.7294
6 0.4575 0.6099
7 1.8 1.8883
7 2.7075 2.7128
5 0.21 0.4313
7 2.4525 2.449
7 1.005 0.9766
6 1.2375 1.2306
5 2.34 2.311
7 1.965 2.0383
6 0.7875 0.7917
5 2.805 2.528
6 0.3225 0.3557
5 0.9075 0.9138
5 2.67 2.4551
6 2.46 2.6382
4 1.455 1.55
5 1.5525 1.3527
7 1.4325 1.4113
5 1.3425 1.4431
5 2.3775 2.2546
4 0.315 0.7243
6 2.9175 2.6061
4 2.79 2.0355
6 1.4025 1.4741
5 1.9125 1.9838
7 0.105 0.253
5 1.6275 1.4531
5 2.5725 2.4378
6 2.655 2.5262
7 2.9475 2.7167
6 1.98 2.0108
4 0.915 1.041
7 0.0525 0.331
5 1.665 1.6187
7 0.15 0.3397
7 2.895 2.6476
7 2.4675 2.6338
6 1.38 1.4506
4 0.645 0.6468
5 2.4 2.3595
7 2.52 2.5159
6 0.3075 0.7125
5 0.6675 0.8455
6 1.575 1.5116
5 1.38 1.42
7 0.66 0.6706
5 0.1725 0.4452
6 0.645 0.3639
5 1.1025 1.0433
7 0.2475 0.3427
4 1.3575 1.419
5 2.1975 2.2035
6 2.5725 2.3404
6 2.415 2.3157
6 1.305 1.4056
4 1.3875 1.5116
4 0.9075 1.1625
7 0.96 1.0123
5 2.265 2.2295
4 2.5875 2.2734
6 1.635 1.5611
5 2.6925 2.4535
6 0.525 0.4564
4 0.9825 1.238
5 1.2825 1.3464
6 2.145 2.0944
6 0.5925 0.7044
5 1.1475 1.0601
5 2.97 2.1601
7 2.6025 2.4106
4 2.505 2.3131
4 2.6775 2.1414
4 0.8775 0.8551
6 1.005 0.9808
7 2.2725 2.2982
4 2.2275 2.244
7 0.72 0.7063
7 0.1575 0.5726
7 1.695 1.6385
5 2.865 2.3382
4 1.5225 1.5113
6 2.0475 2.255
4 2.5425 2.4636
4 0.9075 0.8037
6 0.06 0.4177
5 1.98 2.0931
6 0.4125 0.3646
7 1.4325 1.4312
6 1.7025 1.7043
6 1.2825 1.2151
6 1.95 2.136
5 2.37 2.4471
4 0.1875 0.7951
4 1.3575 1.2631
7 0.03 0.2487
6 0.33 0.4227
4 1.38 1.3361
7 0.465 0.4406
7 2.16 1.9621
6 0.36 0.3657
4 1.17 1.2578
6 0.1725 0.4493
7 1.65 1.6254
6 1.7175 1.7368
7 1.695 1.6744
4 0.855 0.7079
6 0.3 0.5606
5 0.195 0.5997
6 1.6275 1.6396
6 2.25 2.2331
5 1.785 1.7713
6 2.7075 2.5013
6 1.395 1.3963
4 0.3825 0.7987
6 2.7975 2.6339
5 1.8975 1.9198
7 0.495 0.5769
4 0.09 0.912
4 1.965 2.1319
7 2.5125 2.5813
5 2.895 2.6168
4 0.0225 0.7474
4 0.7575 0.7454
4 1.335 1.2754
5 2.7375 2.4748
5 2.2725 2.4522
4 0.5475 0.6343
7 1.77 1.9587
5 1.02 1.0601
5 1.2 1.1051
6 0.135 1.2331
7 0.6225 0.6691
6 1.0275 1.0019
4 0.15 0.7297
4 2.61 2.4403
7 2.4525 2.6574
7 1.635 1.6259
4 1.83 1.6885
5 2.4975 2.3226
4 2.8125 2.2829
6 1.065 1.1203
6 1.05 0.9865
5 0.8175 1.0084
4 1.2525 1.2354
6 2.5275 2.3001
4 0.165 0.7375
5 1.1325 1.1327
7 0.4425 0.274
7 2.835 2.6324
6 2.67 2.4407
7 0.0075 0.2499
6 0.555 0.3958
7 1.83 1.7337
6 1.65 1.6324
6 2.5875 2.3957
4 2.1825 2.1876
7 0.0975 0.3231
6 1.4625 1.5177
6 2.6025 2.5402
5 0.9675 1.0439
4 1.7175 1.8165
7 1.9875 1.7511
4 2.1375 2.0649
5 1.95 1.9072
5 0.6675 1.0064
5 2.7675 2.4675
6 2.7075 2.47
4 2.1675 2.3289
4 1.6725 1.6331
6 1.6725 1.7629
4 1.92 2.2984
6 0.705 0.7786
5 1.9125 1.9468
5 2.9475 2.5912
4 0.375 0.5969
4 2.325 2.2291
7 1.005 1.0176
5 2.7525 2.3735
5 1.875 1.9522
5 0.105 0.6247
4 2.8575 2.3179
6 1.2675 1.2893
4 0.525 0.6933
7 1.38 1.4354
4 1.1775 1.1204
4 2.73 2.2551
4 1.5975 1.7571
4 0.975 1.2192
4 0.96 0.8495
4 1.215 1.1344
4 2.1 2.4544
7 0.3075 0.4698
6 2.31 2.4958
7 0.945 0.9799
7 0.1875 0.2186
7 1.6575 1.6762
7 0.075 0.2589
5 2.9775 2.4591
4 0.0 0.5456
5 1.7325 1.6485
7 0.57 0.5274
4 2.265 2.1866
5 2.265 2.0862
6 0.78 0.8778
5 1.9125 1.8852
5 1.53 1.5799
5 0.555 0.8271
6 2.0925 2.0941
5 2.46 2.4625
6 2.1825 2.2176
7 2.865 2.6723
4 1.2675 1.3622
4 1.845 1.5863
7 0.4125 0.2822
5 1.9125 1.8914
7 1.845 1.7948
5 0.4275 0.4239
6 1.155 1.1131
5 0.5775 0.555
5 0.615 0.601
7 0.6075 0.4342
4 1.0875 1.1848
4 1.0125 0.7998
4 2.34 2.396
6 1.38 1.3069
7 2.955 2.6204
4 2.8125 2.332
7 0.015 0.4517
7 0.3675 0.4065
5 1.2 1.2408
7 2.2725 2.1987
6 1.4925 1.462
5 1.1025 1.0147
5 2.4 2.459
5 2.9325 2.434
4 1.23 1.1343
6 0.105 0.3662
5 1.5825 1.5523
4 2.415 2.168
7 0.2025 0.3044
6 0.9525 1.0166
4 0.1575 0.6968
6 0.12 0.5686
7 0.57 0.5518
6 1.5675 1.5101
4 2.0475 2.3555
5 1.08 0.7726
5 1.56 1.462
5 0.5475 0.7647
4 2.16 2.1518
7 2.4975 2.7201
6 0.915 0.9433
7 1.1325 1.2223
4 0.1725 0.6864
6 0.5625 0.6037
6 1.47 1.4658
5 2.1 2.4004
7 2.2425 2.252
5 2.13 2.1178
5 1.2225 1.1821
7 2.385 2.4738
6 1.3125 1.3144
5 0.075 0.5199
5 2.28 2.328
6 2.1075 1.9819
5 1.4475 1.4255
4 2.0325 2.294
4 0.21 0.8526
4 2.52 2.4367
7 1.6575 1.6387
6 2.4075 2.314
7 2.985 2.7859
6 2.1825 2.35
4 0.1875 0.8759
5 1.905 1.8879
5 0.135 0.5139
6 0.9 0.7859
4 0.1575 0.6128
7 0.51 0.4716
4 2.415 2.4325
4 0.48 0.6334
4 2.73 2.4472
5 0.69 0.7171
5 1.4775 1.5671
4 1.8 1.8286
5 1.9125 1.9126
5 1.5375 1.7037
5 1.8075 1.8704
4 1.74 1.5244
4 0.1275 0.8235
5 1.47 1.574
7 1.935 1.9073
5 2.3775 2.4287
7 0.8325 0.7772
4 0.24 0.5561
6 1.725 1.6788
4 0.2175 0.5857
4 0.225 0.6723
5 1.0125 1.0707
7 1.9725 2.0389
4 2.6625 2.1884
5 0.3225 0.5003
7 0.765 0.7123
4 2.28 2.199
7 1.2225 1.2848
6 1.4625 1.3309
6 2.2425 2.4767
6 0.2625 0.3704
5 2.13 1.9952
6 2.3175 2.3732
5 2.385 2.6337
4 2.7075 2.2895
5 0.3075 0.489
5 0.165 0.7361
6 0.0975 0.4124
4 1.9425 1.9557
5 2.0925 2.031
6 2.8125 2.2333
4 1.4925 1.4209
4 1.6725 1.7657
6 0.99 0.9957
7 0.0 0.2484
4 0.015 0.6574
7 0.3525 0.4316
5 0.2475 0.5321
7 1.095 1.1782
7 1.65 1.6759
6 0.4425 0.433
7 1.935 1.8946
6 1.275 1.1836
4 2.0625 2.0653
7 1.335 1.246
6 2.88 2.4987
6 1.905 1.8442
5 0.39 0.4905
4 2.295 2.186
4 2.37 1.9484
6 1.74 1.6701
4 2.1975 2.1214
5 2.6025 2.4572
6 0.4425 0.536
7 2.655 2.4997
7 2.94 2.5324
5 0.375 0.817
6 1.98 1.9803
7 1.575 1.507
7 0.42 0.3983
7 0.885 1.0291
4 2.4525 2.0926
7 2.025 2.0067
5 2.175 2.409
7 1.3425 1.3934
4 1.095 1.372
5 1.4025 1.5186
4 2.805 2.4765
4 2.3625 2.0985
7 0.015 0.1767
5 2.9025 2.5263
5 2.73 2.5736
5 1.7475 1.8965
5 2.7075 2.4755
7 1.65 1.7242
6 0.1125 0.4065
4 0.4275 0.6937
4 1.3575 1.4639
4 1.005 1.2596
4 1.1175 1.2661
4 2.7675 2.2839
6 1.02 1.1288
6 1.605 1.5933
7 2.52 2.4812
5 1.92 2.0728
7 1.08 1.0032
5 2.1525 2.289
4 2.715 2.278
6 1.1775 1.2062
4 1.245 1.3494
7 1.605 1.6137
6 2.9175 2.5958
5 1.5525 1.5638
7 0.3225 0.5945
6 2.9625 2.4823
4 2.2875 2.321
4 0.7575 0.9013
5 1.98 1.9149
7 1.275 1.2394
4 1.6575 1.6754
5 0.9825 1.2351
6 0.435 0.3895
4 0.825 0.689
7 0.555 0.4025
6 1.905 1.9573
4 1.05 1.2309
6 1.455 1.4281
6 2.3175 2.488
4 1.095 1.3775
7 2.58 2.6489
5 0.5175 0.506
5 1.83 1.9482
6 0.4875 0.4965
4 2.7975 2.2693
4 0.405 0.6905
7 0.495 0.587
6 0.0225 0.4409
6 1.845 1.741
7 1.92 1.903
6 1.5525 1.5917
4 1.395 1.5426
4 1.41 1.3178
7 0.2775 0.3499
6 1.4775 1.4513
4 2.3625 1.9967
4 1.965 1.7897
6 1.92 1.9108
7 1.23 1.2933
5 2.6625 2.2302
4 0.8175 0.9057
6 1.785 1.8038
6 1.6875 1.7589
6 0.4875 0.3264
7 1.35 1.2948
5 1.7775 1.8338
6 1.4475 1.388
4 1.6875 1.441
7 1.125 1.1225
7 0.2475 0.3391
6 2.085 2.1821
4 1.47 1.5288
5 1.5075 1.5009
5 0.03 0.3985
7 2.835 2.7355
5 0.48 0.7626
4 0.39 0.8309
6 0.8625 0.6218
4 2.67 2.1307
6 1.1475 1.1058
7 1.38 1.3448
6 1.9275 1.8869
4 2.6925 2.3762
5 2.9175 2.5536
6 1.665 1.8363
6 1.2375 1.296
4 1.5225 1.5173
4 0.63 1.1252
7 2.49 2.6896
6 0.0525 0.3202
6 0.7875 0.7965
5 0.9675 0.9937
7 2.325 2.4022
7 1.425 1.3646
4 0.78 0.7603
7 1.5075 1.4282
4 1.1475 1.1896
6 0.09 0.4976
5 2.3175 1.9964
6 0.5325 0.5541
7 0.5175 0.4206
5 2.2725 2.2296
6 1.8075 1.8523
6 2.6475 2.4724
7 1.05 1.1827
6 0.4575 0.5235
6 0.885 0.974
7 2.5425 2.6931
6 2.2125 2.1948
4 0.5475 0.6609
7 0.9825 1.054
6 0.045 0.2975
7 1.62 1.5292
5 0.2025 0.5214
7 0.5775 0.8482
6 1.2975 1.3178
4 2.325 2.5297
5 2.58 2.5653
4 2.205 2.1727
5 0.51 0.569
6 0.135 0.4122
5 2.2575 2.1874
4 0.6 0.6143
7 1.6125 1.6466
4 0.495 0.5346
7 1.8675 1.8478
7 1.8675 1.7647
7 1.365 1.3673
6 0.9075 0.9772
5 0.99 0.8821
6 0.0225 0.34
6 1.9725 1.9355
7 0.0525 0.501
7 2.5575 2.7412
6 1.8825 1.9969
7 1.9275 1.8314
7 2.505 2.5094
6 1.0725 1.1032
7 1.68 1.6367
7 0.1875 0.3121
6 1.29 1.3565
6 0.525 0.2961
6 1.8825 1.8392
7 1.4025 1.4378
6 0.4425 0.6755
7 2.3025 2.2441
5 2.745 2.5847
6 1.605 1.6299
7 2.1075 2.175
7 1.4175 1.4801
4 0.6525 0.7713
4 1.8375 1.989
4 1.53 1.5513
6 2.475 2.3542
4 2.655 2.0835
7 2.895 2.6313
7 0.3075 0.3171
7 2.055 2.0213
4 0.5625 0.61
7 2.6625 2.6711
6 1.4625 1.4592
4 2.685 2.3875
6 0.765 0.7689
7 0.7575 0.7779
5 2.325 2.2046
7 1.1025 1.1461
4 1.425 1.2925
4 0.1275 0.4831
5 0.7575 0.5182
4 2.1 1.8561
6 2.3175 2.2147
4 1.65 1.6993
4 1.1325 0.6895
5 1.47 1.5418
6 1.59 1.4741
6 2.3775 2.3827
5 1.9275 2.1095
6 0.1575 0.3654
7 1.5075 1.437
4 0.15 0.7977
6 0.6825 0.5217
7 0.345 0.3764
4 0.225 0.8933
5 1.77 1.8057
5 2.6775 2.4026
4 0.795 0.8686
5 1.7325 1.9025
6 1.59 1.6228
4 0.33 0.4908
6 2.34 2.3888
7 1.9125 1.8232
7 1.725 1.6086
5 2.5125 2.542
7 1.0875 1.0534
4 2.325 2.328
6 2.5575 2.5622
7 1.6425 1.5469
5 1.89 1.9714
5 1.1925 1.118
7 0.5175 0.3292
4 0.9075 0.7443
7 1.02 0.8969
7 1.77 1.7925
6 2.6175 2.5962
5 1.2675 1.2779
7 0.6075 0.6437
7 2.265 2.1348
6 2.46 2.4833
4 1.0125 1.0655
7 2.1975 2.2311
5 0.2925 0.816
6 2.7375 2.7198
5 1.7175 1.859
4 2.8575 2.3631
7 1.8 1.7585
5 1.2525 1.908
7 1.59 1.6121
6 2.52 2.4173
6 2.4 2.6172
6 0.1875 0.341
4 1.6425 1.7773
7 2.52 2.5706
6 2.7075 2.5196
7 2.22 2.1727
4 2.3325 2.3676
4 0.12 0.539
5 0.3975 0.5618
6 2.055 2.078
4 1.26 1.416
5 1.485 1.3654
5 0.45 0.4739
7 1.38 1.3619
5 0.405 0.5048
5 2.91 2.5189
5 1.4175 1.4958
6 1.305 1.2684
7 0.3975 0.4089
7 2.8875 2.4478
7 0.0075 0.5166
7 0.8025 0.8456
4 1.2975 1.1727
4 0.2475 0.9349
5 0.0825 0.6484
7 0.8925 0.9835
5 2.91 2.2145
6 2.8725 2.5123
4 0.585 0.5192
5 2.145 2.5234
6 0.66 0.5957
4 1.32 1.4063
7 2.355 2.3358
4 1.0275 0.8046
5 1.65 1.6783
5 0.9975 0.9462
7 1.0875 1.2059
6 0.6225 0.7118
5 0.9825 0.8475
5 1.7625 1.7795
4 0.2775 0.9176
4 1.7775 1.7424
7 1.11 1.0576
4 2.715 2.2958
5 1.425 1.3635
7 2.3925 2.327
5 2.9925 2.6046
4 0.8625 0.5488
5 1.3725 1.4114
6 1.9575 1.9095
4 1.365 1.3272
7 2.04 1.9978
4 1.275 1.6154
5 2.0925 2.5867
7 2.895 2.7616
6 1.59 1.6559
7 2.5125 2.2787
6 2.5425 2.5275
6 0.0675 0.5633
4 1.9275 1.8466
6 0.5625 0.9194
7 2.0925 2.0723
5 0.7575 0.5086
7 2.9925 2.7455
5 0.8925 0.9626
4 1.26 1.3279
4 1.5375 1.6796
7 1.905 1.8939
7 2.7825 2.6469
6 1.1025 1.0333
4 0.1875 0.6696
7 2.2125 2.2072
5 2.58 2.512
5 1.4325 1.3205
6 1.74 1.6824
6 0.405 0.5449
5 0.9225 0.7778
4 0.465 0.5988
7 1.065 1.096
7 2.5725 2.6505
7 0.105 0.3678
6 2.2725 2.2411
5 1.1775 1.286
6 0.69 0.6852
4 2.6025 1.8183
5 0.96 0.8688
5 2.7975 2.5543
4 2.595 2.3316
6 1.845 1.8069
5 2.9625 2.3798
5 2.895 2.4055
6 1.185 1.1698
4 1.56 1.4927
5 1.4925 1.5806
5 1.71 1.8193
5 2.91 2.3492
4 2.0325 2.436
5 1.1025 1.0472
5 2.8425 2.5695
6 2.685 2.6368
5 0.8325 0.9025
7 2.355 2.3125
6 1.8075 1.8505
7 0.5775 0.4638
7 1.3425 1.3784
7 2.07 2.1305
4 1.68 1.5573
6 2.1975 1.9981
6 2.5275 2.338
6 1.605 1.5567
4 0.75 0.7163
6 2.6325 2.5351
5 1.365 1.3678
5 2.025 2.0888
7 2.3775 2.2079
5 0.7875 0.6167
4 1.32 1.3233
5 1.7325 1.6316
6 1.1925 1.2045
4 0.975 0.95
5 1.1175 1.1342
4 1.53 1.5567
6 1.845 1.9904
4 0.0525 0.9152
5 2.3175 2.4106
5 2.76 2.4325
5 1.98 2.0296
6 0.3825 0.3469
4 2.55 2.1986
4 0.24 0.6468
6 0.4125 0.4797
6 2.8875 2.5024
6 0.4425 0.4221
6 1.95 1.9709
4 2.2125 2.02
5 0.3525 0.4535
7 1.6275 1.6896
7 1.3125 1.2515
6 1.0725 1.061
5 0.195 0.5371
6 2.355 2.2233
4 2.5575 2.2775
6 2.4075 2.6259
6 2.505 2.3714
6 0.0675 0.4564
5 0.7425 0.4838
5 0.3825 0.5112
7 2.34 2.2801
4 1.56 1.6306
5 2.0925 1.9963
4 2.97 2.4824
5 2.505 2.533
4 1.7475 1.7168
7 2.025 2.043
4 0.315 0.5127
5 2.7975 2.5162
7 2.37 2.297
5 1.8975 1.8923
6 1.95 1.9379
5 2.2725 1.957
5 1.11 1.2612
4 1.2975 1.1325
7 2.46 2.433
6 1.5825 1.5838
7 1.6575 1.6742
7 0.375 0.5404
4 2.9775 2.2952
7 0.375 0.4199
4 1.005 1.1385
6 0.465 0.6986
6 0.3225 0.5224
4 0.8325 0.8356
4 1.845 1.9075
4 2.6325 2.3501
7 2.49 2.6442
7 0.7125 0.6282
6 0.21 0.5906
6 1.8075 1.775
7 1.3875 1.446
5 0.1275 0.5344
7 2.055 2.1158
6 2.8275 2.6032
5 0.2175 0.3759
6 2.355 2.3079
6 0.8625 0.5906
4 1.8975 1.9833
4 0.6075 0.9084
5 0.8775 0.857
7 0.81 0.7245
4 0.54 0.6477
6 1.335 1.255
5 1.9875 1.8841
6 2.64 2.4079
7 1.71 1.6637
7 1.7925 1.7537
6 2.505 2.3078
7 0.8625 0.8393
7 1.86 1.9547
5 0.315 0.5393
4 0.21 0.6183
7 1.6875 1.7077
6 2.865 2.5679
7 1.3425 1.3844
6 2.82 2.5373
4 2.0475 2.1022
6 2.0775 2.2247
7 0.945 0.9053
6 2.1075 2.2845
4 0.975 1.064
4 1.83 1.9863
6 2.325 2.2351
5 1.26 1.3184
5 0.4125 0.7974
6 1.755 1.7936
5 0.9375 1.0628
5 0.4125 0.7256
4 1.7475 1.6578
7 0.855 0.908
6 0.6975 0.7353
7 0.3525 0.4283
7 2.4 2.3333
4 1.1025 1.2478
6 0.345 0.482
7 2.2425 2.3223
5 0.9375 1.1665
5 1.2075 1.0778
4 2.8575 2.1667
4 2.4825 2.3907
5 2.715 2.4885
7 2.445 2.6345
6 0.54 0.4194
5 0.465 0.5151
7 0.435 0.4072
4 0.27 0.8787
4 1.2675 1.4285
4 1.2075 1.1868
6 0.06 0.3272
4 2.4825 2.2419
4 2.1375 2.1601
7 2.4525 2.5525
5 0.4425 0.4413
6 1.395 1.3361
6 2.0175 1.9318
4 1.1775 0.9652
4 0.8925 0.6426
4 0.4275 0.859
4 2.4825 2.1057
7 2.745 2.4327
7 0.045 0.3505
6 2.28 2.1792
5 0.7125 0.7786
6 2.5125 2.5807
5 0.4725 0.3655
5 1.3725 1.3903
4 0.6525 1.0205
7 0.9975 0.8321
5 0.5925 0.4759
7 0.435 0.3472
6 0.7275 0.3907
6 1.2675 1.1947
5 1.62 1.6581
7 2.175 2.1917
5 1.545 1.5125
6 1.0875 1.0102
5 1.4025 1.293
7 1.4625 1.5415
7 2.9025 2.6425
4 2.235 1.9118
6 1.5975 1.5856
4 0.555 1.041
5 0.195 0.3749
4 1.635 1.6314
5 0.4125 0.4946
5 1.965 2.0384
5 2.6025 2.3202
6 2.5875 2.3442
7 2.055 2.2101
5 1.8825 1.7937
5 1.905 1.893
7 1.2375 1.2394
5 0.465 0.6228
4 0.225 0.7507
5 0.315 0.3579
4 1.9725 1.9501
5 2.805 2.6219
7 0.6525 0.7082
6 0.2625 0.4923
4 2.3925 2.293
7 0.4125 0.5751
5 2.8575 2.2822
7 0.96 0.9417
7 1.62 1.7089
4 0.63 0.5606
5 1.2075 1.1037
4 2.2575 2.4303
4 0.69 0.7604
7 0.135 0.2209
4 1.8825 1.9369
5 0.5475 0.6967
6 0.105 0.63
6 2.52 2.3658
7 1.8075 1.7313
5 2.775 2.595
5 2.9925 2.576
7 0.7875 0.7727
5 0.9375 1.1401
7 0.5175 0.5941
6 2.3475 2.3001
5 1.995 2.0287
7 0.2925 0.3414
5 1.125 1.0945
4 0.0675 0.4914
4 1.08 1.1621
5 1.095 1.1695
6 0.42 0.3989
4 2.0025 1.8954
7 0.51 0.5032
6 0.7425 0.4573
7 2.0925 2.0971
5 2.04 0.5908
7 1.9425 2.0362
4 0.8475 1.1137
4 2.415 1.9966
7 2.775 2.6813
5 1.8825 1.8309
5 0.36 0.5319
4 0.75 0.7505
6 1.7775 1.9715
4 0.105 0.5535
5 2.715 2.6283
5 1.44 1.4315
5 1.3275 1.4368
5 0.66 0.9567
6 2.9625 2.6173
6 2.7 2.4216
4 0.3525 0.6488
5 0.3825 0.5525
7 1.4775 1.4492
4 1.1475 1.168
4 1.08 1.2811
7 1.35 1.3748
4 1.995 2.0708
7 0.1425 0.3918
7 1.125 1.0897
4 1.74 1.7397
7 0.6225 0.6462
5 1.695 1.7437
4 2.49 2.3691
4 1.4175 1.4452
7 0.6075 0.4482
4 1.605 1.6908
7 2.3475 2.3567
7 2.895 2.5946
6 1.725 1.6118
4 2.49 2.2784
5 1.7325 1.8288
7 1.065 1.0784
5 0.5175 0.8619
6 0.5625 0.7233
4 0.36 0.6841
5 1.905 1.7105
6 1.905 1.8504
5 2.4375 2.4703
6 2.8425 2.5713
4 2.415 2.3798
7 0.6525 0.6772
5 1.7925 1.7596
7 2.205 2.3213
7 0.9675 1.036
7 1.5525 1.6039
4 2.775 2.2218
5 0.6 0.6394
4 1.14 1.1384
4 0.1575 0.5279
6 2.6025 2.8981
4 0.3375 0.5163
7 0.465 0.3914
6 0.99 0.8679
4 0.18 0.7852
5 1.7775 1.7509
5 2.6625 2.4609
6 1.92 1.8063
6 0.5775 0.4933
6 2.3325 2.3573
7 2.04 1.93
5 0.4275 0.4415
6 1.7475 1.7499
4 1.89 1.9411
7 0.105 0.3441
6 1.2 1.2076
7 2.5425 2.5521
7 1.125 1.0756
5 2.1 2.1434
4 2.7225 2.349
6 2.2875 2.3372
7 2.535 2.7091
5 1.89 1.7695
7 2.5575 2.6353
4 0.6375 0.8896
5 0.3525 0.4547
7 1.3575 1.268
4 0.21 0.612
5 1.3425 1.2288
6 1.5 1.3696
5 0.27 0.4153
4 2.595 2.4093
7 2.3625 2.7512
4 2.355 2.1452
5 0.375 0.5082
5 1.3425 1.2676
5 0.2925 0.5627
5 0.4425 0.4977
5 1.5225 1.411
6 0.9375 0.8847
5 1.7475 1.7402
4 2.43 2.2001
5 1.17 1.1612
4 2.79 2.3776
5 0.825 0.7008
7 2.25 2.1992
4 1.53 1.4198
6 1.455 1.4751
4 0.6525 0.6148
5 1.1325 1.3059
7 2.7075 2.5288
4 1.1025 0.8041
5 0.0975 0.5951
5 2.4375 2.535
5 1.095 1.0389
4 2.7675 2.4158
4 0.4275 0.5907
6 1.005 0.9155
4 1.9275 2.0725
6 0.84 0.9903
6 1.2075 1.1267
6 0.84 0.6123
7 0.765 0.7089
6 1.0725 0.9996
6 0.18 0.5323
6 1.725 1.719
5 2.0325 2.1567
4 2.6025 2.0241
5 0.4125 0.4907
5 2.4375 2.2924
6 1.4775 1.5155
6 0.63 0.6682
7 2.28 2.3521
6 2.4525 2.4112
6 2.2875 2.0318
7 1.65 1.5715
5 0.915 0.898
7 1.9425 1.9132
7 2.3025 2.2477
6 1.815 2.0264
6 1.4175 1.3916
4 1.515 1.448
4 0.18 0.7566
6 2.385 2.4748
6 2.835 2.5636
5 2.6625 2.5295
5 1.995 1.9944
7 1.1325 1.0038
4 1.845 1.7039
4 1.38 1.5185
7 0.8625 0.778
6 0.2025 0.6198
6 0.1575 0.312
7 2.37 2.5186
4 2.4675 2.361
7 1.365 1.4107
4 2.9325 2.1258
6 2.5425 2.296
4 0.2925 0.617
5 2.5125 2.3494
4 0.81 1.0034
6 2.8725 2.6245
4 1.4025 1.3555
4 0.15 0.7599
7 2.4075 2.6027
4 1.3575 1.4725
6 0.225 0.3236
4 1.8375 2.0152
6 0.06 0.2828
6 0.1575 0.3994
5 0.405 0.414
4 0.06 0.7024
6 1.23 1.1438
4 1.53 1.5882
6 2.6475 2.4937
7 1.2975 1.3462
5 1.185 1.2903
5 1.23 1.2786
6 0.9075 0.9398
5 2.76 2.4389
6 2.85 2.5069
7 2.16 2.1664
6 2.4225 2.4964
7 1.5525 1.6299
4 1.74 1.8075
6 1.89 1.8314
7 2.9775 2.5704
7 0.6825 0.8069
7 1.05 1.0611
7 1.275 1.3436
7 0.21 0.341
7 2.7075 2.6136
6 0.045 0.2862
6 0.36 0.3937
5 2.5125 2.3159
7 1.605 1.4768
4 1.1175 1.1477
7 0.1425 0.3381
7 1.455 1.4661
5 0.4275 0.5305
5 2.04 1.8787
5 2.52 2.0858
5 2.97 2.3417
6 0.6825 0.7388
7 0.9375 1.124
6 0.435 0.5288
5 0.8175 0.6606
4 2.955 2.1675
4 2.2275 2.3013
4 0.795 0.8606
4 2.07 1.8931
7 2.07 2.1466
4 2.5575 2.3094
6 2.1075 2.0234
7 0.645 0.5427
5 0.0675 0.6835
5 1.95 1.7697
6 0.2775 0.5112
6 0.0675 0.2975
4 2.58 2.381
7 2.025 1.988
5 0.7125 0.4967
4 1.8075 1.8468
6 0.7575 0.6201
6 1.935 1.8584
5 0.06 0.6962
6 0.075 0.3679
6 2.4375 2.2777
4 1.6875 1.7137
4 1.8825 1.7744
6 2.085 2.2197
6 1.17 1.1588
4 2.8125 2.2653
4 0.63 0.8495
7 2.175 2.2381
6 2.16 2.1205
7 2.37 2.3821
7 1.005 0.9869
7 2.895 2.7889
5 1.8375 1.7868
6 1.77 1.2183
6 0.48 0.5073
4 2.5125 2.3231
6 1.5075 1.5467
6 2.58 2.5309
6 1.6425 1.6765
4 1.9425 1.9619
4 1.3575 1.3005
7 0.6375 0.5551
6 2.8575 2.6269
4 1.74 1.6851
5 2.835 2.5226
5 0.1875 0.49
5 1.29 1.2031
6 2.7975 2.4967
7 0.8325 0.8608
7 2.0475 2.1174
4 0.9075 0.954
6 0.7875 0.8938
6 2.8125 2.582
4 0.9525 1.2033
5 1.785 1.7283
7 1.695 1.7207
5 2.0175 1.9882
7 2.6325 2.707
4 0.0375 0.655
4 1.44 1.5069
6 1.4325 1.4595
5 2.43 2.2171
6 1.53 1.6526
5 1.5075 1.5849
5 2.97 2.5045
7 2.8125 2.4881
5 0.375 0.5065
5 0.15 0.4406
5 0.81 0.7674
4 2.655 2.5197
4 1.005 0.8458
5 0.2625 0.4313
5 0.8625 0.8117
5 0.0075 0.4543
5 0.66 0.4612
5 1.575 1.584
4 1.9425 1.8272
4 0.5625 0.7403
5 1.83 1.9016
7 1.7175 1.707
7 1.2675 1.2466
6 2.61 2.6058
4 1.7175 1.7355
5 2.9025 2.3078
5 1.695 1.7467
5 0.1275 0.6242
6 1.6575 1.6807
4 2.5725 2.1928
5 0.0975 0.4878
7 2.3025 2.2853
5 2.775 2.4356
6 0.375 0.5873
7 0.5175 0.553
4 1.9875 2.1226
7 2.0775 2.0927
6 0.42 0.5186
7 1.4175 1.4677
4 1.6725 1.713
4 2.1825 1.9581
4 2.535 2.073
5 1.515 1.5965
5 1.23 1.397
4 2.5125 2.248
6 0.9225 0.7762
5 1.95 2.1148
5 2.385 2.4228
6 2.19 2.3542
5 2.6325 2.4638
6 0.5325 0.3832
7 0.6825 0.6361
4 1.4625 1.5375
4 0.2775 0.7196
6 1.245 1.1443
7 2.535 2.4635
7 0.57 0.5628
5 0.075 0.5822
4 0.4725 0.7391
5 1.3575 1.3812
6 1.71 1.7248
5 1.155 1.039
7 2.1525 2.1599
7 0.225 0.3093
7 0.93 0.8132
5 1.14 1.2851
7 2.2125 2.3046
6 2.2725 2.3557
6 1.08 1.1041
5 1.59 1.4834
6 0.6675 0.6726
4 1.5825 1.6075
6 1.3575 1.363
4 0.795 0.8313
5 2.7675 2.4537
5 1.6725 1.6995
7 1.395 1.4087
5 0.0075 0.5042
6 1.7475 1.7871
5 2.1375 2.1442
4 0.4425 0.6955
5 1.2975 1.3759
4 0.195 0.5428
6 2.5275 2.4938
5 2.475 2.2469
6 0.225 0.5617
6 2.8425 2.6006
7 2.205 2.1249
4 1.5675 1.5397
7 2.3325 2.2831
5 0.855 0.9468
6 2.565 2.5214
6 1.4625 1.5308
4 2.0775 2.3712
6 2.1375 2.0775
6 0.27 0.3716
5 1.4025 1.3861
5 1.575 1.5971
5 1.29 1.2679
7 0.8625 0.8455
4 1.005 0.6711
6 2.055 2.0938
5 0.54 0.5217
4 1.2375 1.279
6 2.94 2.5641
5 1.1325 1.216
5 2.7825 2.4619
6 2.865 2.5002
7 0.8175 0.8431
4 2.58 2.4363
4 1.41 1.5146
4 0.195 0.631
6 0.045 0.3781
5 2.1375 2.5017
7 2.475 2.3556
6 2.67 2.6093
4 1.6425 1.5122
7 1.8975 1.9916
7 2.565 2.5197
4 1.545 1.4249
7 1.6275 1.6772
4 2.0025 1.9278
4 1.5675 1.666
5 2.8875 2.5281
5 1.5675 1.4508
5 1.095 0.9474
6 2.625 2.4408
4 1.6425 1.5213
5 2.31 2.2393
5 0.0525 0.6915
6 2.895 2.5151
6 0.9975 1.0157
7 2.82 2.7354
5 0.2025 0.575
7 2.9925 2.7925
5 0.9825 1.1553
7 2.9625 2.6863
5 2.775 2.3845
7 0.9825 0.9786
5 0.465 0.7391
5 2.9775 2.4504
6 2.235 2.3335
6 1.155 1.2029
6 0.9675 0.9457
5 0.18 0.5026
5 2.415 2.3351
5 0.495 0.4633
6 0.3075 0.303
7 1.2 1.1985
7 2.385 2.4747
4 1.305 1.2679
5 0.6675 0.4493
4 0.2025 0.8499
7 2.4 2.2372
7 2.8425 2.6734
6 2.5725 2.5413
7 0.6975 0.584
5 2.4075 2.4887
4 2.31 2.3939
5 1.305 1.3755
5 2.9475 2.5134
5 0.78 0.7033
7 1.665 1.6753
5 2.745 2.5145
4 2.1975 2.4869
4 2.865 2.3189
6 0.6225 0.511
5 0.0 0.7203
7 2.115 2.1501
4 0.465 0.5775
5 1.68 1.7543
7 1.6125 1.6276
5 0.0375 0.5988
7 1.68 1.6298
5 2.2575 2.1993
5 1.8225 1.7114
4 2.985 1.8365
7 2.4 2.4385
7 1.68 1.7028
7 2.7975 2.6212
4 1.8675 1.8331
7 0.8625 0.9046
6 0.6975 0.8742
6 0.975 1.1937
7 0.405 0.3278
7 1.2975 1.3241
6 0.525 0.4168
4 0.7275 0.7304
6 0.9375 1.0448
5 1.8 1.7815
7 2.3175 2.2218
6 0.81 0.8624
5 0.06 0.67
5 1.6275 1.6514
7 1.7175 1.6793
6 0.435 0.641
5 0.66 0.5682
4 0.54 0.6635
4 1.365 1.3249
6 0.72 0.7198
5 2.595 2.4545
4 1.2225 0.9641
7 0.3 0.4912
6 2.685 2.3228
7 0.9975 1.0289
4 0.615 0.7615
7 1.425 1.5102
6 0.675 0.3087
7 1.47 1.3823
7 0.39 0.7007
5 1.6575 1.5576
4 1.7475 1.7833
5 1.89 1.8115
5 0.225 0.6166
7 1.0725 1.0234
5 1.2075 1.3068
5 1.3575 1.2852
7 0.6675 0.6014
4 0.6375 0.736
5 0.42 0.4793
7 0.0975 0.4043
5 2.7825 2.4442
7 0.6675 0.7391
7 0.21 0.4549
4 2.6625 2.438
6 1.4325 1.4465
7 2.1075 1.9898
4 2.175 2.4014
6 2.4375 2.4491
6 0.9 0.9659
7 2.1 1.1553
7 2.16 2.2637
6 2.0175 2.1516
6 1.545 1.5624
6 0.375 0.4725
7 0.2475 0.2446
5 1.98 1.9827
7 0.0525 0.2487
5 1.9125 1.8149
6 1.935 1.9627
7 1.545 1.623
6 2.3625 2.4344
5 1.71 1.6733
7 2.7675 2.6561
6 1.05 1.1848
5 1.4775 1.3771
7 1.26 1.0888
5 0.9075 0.6787
6 1.4625 1.5294
6 0.8925 0.8847
4 1.035 0.6727
6 1.4775 1.5829
7 0.855 0.7465
6 1.0725 1.1959
5 1.02 1.0019
7 0.0825 0.2912
5 2.88 2.4976
7 1.68 1.6223
5 2.34 2.2407
6 2.58 2.4604
5 2.5875 2.4264
5 2.7225 2.3585
4 0.93 0.7096
5 0.5325 0.6296
5 0.8475 0.9837
6 1.77 1.7358
4 1.0725 0.8573
4 1.02 1.1458
7 0.8175 0.7904
6 1.1025 1.0446
5 0.975 1.0454
7 1.4625 1.4593
7 2.0025 2.0702
4 0.5175 0.7717
6 1.4025 1.4372
6 2.3625 2.5759
4 1.92 1.6734
4 2.7225 2.0223
5 2.8875 2.6822
5 0.03 0.4576
6 0.1575 0.5618
6 0.285 0.3958
7 0.2025 0.2665
5 2.985 2.4436
4 2.9025 2.4567
7 2.91 2.6281
4 1.125 1.2498
4 0.0 0.7138
7 2.1675 2.2533
7 1.485 1.521
5 1.29 1.077
4 2.8275 2.2679
6 1.545 1.5183
7 1.9875 2.06
6 1.485 1.5019
7 1.5375 1.4903
7 2.46 2.4498
4 0.4425 0.6825
5 1.3425 1.2259
4 2.43 2.34
7 0.405 0.4739
6 2.7525 2.6341
5 2.865 2.3837
5 0.255 0.5488
5 0.7875 0.7262
6 2.04 1.9178
6 1.605 1.6243
7 2.1 2.2104
4 2.1 1.8874
5 1.7475 1.6701
6 0.6525 0.6192
6 2.6775 2.5526
7 2.145 2.1804
4 0.2925 0.6307
7 0.045 0.3531
4 2.6625 2.2374
7 0.105 0.2848
7 1.0275 1.0572
7 0.6525 0.623
6 0.5925 0.3543
6 1.2 1.0816
4 0.2475 0.5756
7 1.05 1.0509
4 1.5375 1.6456
7 0.5325 0.4788
7 1.32 1.3753
7 0.18 0.3652
7 2.46 2.5292
7 1.6875 1.5997
4 2.07 2.086
4 0.09 1.0199
4 1.935 1.792
7 0.03 0.3539
7 1.755 1.7298
6 2.1525 2.1016
5 1.1625 1.1751
6 2.445 2.5415
5 1.29 1.3359
4 1.5075 1.4606
4 0.99 1.1314
6 1.215 1.1799
7 0.96 0.8578
4 0.5625 0.5974
7 0.1275 0.2594
6 1.3575 1.3291
6 1.095 1.1494
5 2.49 2.479
6 0.525 0.5639
4 2.76 2.4571
7 1.1925 1.1838
7 1.47 1.4143
5 0.255 0.4945
7 0.225 0.3214
7 1.35 1.3275
6 0.495 0.3694
7 0.8625 0.7895
7 0.8625 0.891
4 0.2325 0.6579
7 1.575 1.5494
4 1.8225 1.5727
5 2.6475 2.4932
5 1.5075 1.4732
5 0.0525 0.6541
4 0.315 0.6247
7 1.7625 1.6774
5 2.9475 2.5603
7 1.875 1.8484
5 2.5875 2.3226
4 1.5 1.6081
4 0.3225 1.0184
5 0.4425 0.7368
4 0.72 0.5788
4 2.625 2.1475
5 1.71 1.7526
5 1.6875 1.7321
5 2.3175 2.1078
7 0.855 0.7941
5 0.1275 0.6601
4 0.63 0.7904
6 1.86 1.8508
7 2.85 2.7195
7 1.95 1.9744
4 0.525 0.7007
5 1.5525 1.534
4 1.7475 1.8277
4 0.0075 0.769
6 2.625 2.4959
4 0.585 1.0753
6 0.42 0.5209
7 0.45 0.4606
7 1.035 1.1369
5 0.7275 0.7564
7 0.465 0.4547
4 0.9525 0.7779
5 0.57 0.528
4 1.65 1.7711
5 1.5525 1.6714
4 0.39 0.9301
7 1.56 1.4805
5 0.675 0.4909
5 1.3125 1.438
7 1.6725 1.7073
5 1.9425 2.0508
7 0.3675 0.3678
5 0.3525 2.8562
5 1.185 0.9567
6 0.855 0.9922
4 0.1575 0.85
5 1.785 1.8741
6 2.025 1.9687
5 2.475 2.3081
6 0.75 0.6301
7 0.435 0.5609
6 2.655 2.6228
6 2.9775 2.6273
6 1.11 1.1012
4 1.275 1.3971
4 0.8175 0.6786
7 0.0825 0.2364
6 2.2275 2.2149
7 1.9725 1.9717
6 2.6175 2.3282
7 0.18 0.2553
6 0.0525 0.4423
5 2.7075 2.4528
6 1.9125 1.9771
4 1.4325 1.4513
7 2.745 2.6652
7 0.7575 0.8086
6 2.5275 2.5568
7 1.9575 2.0251
4 0.96 0.8553
6 1.6575 1.5906
6 0.84 0.801
7 2.8725 2.6553
6 2.0775 2.0497
7 2.4825 2.6307
5 0.06 0.6194
7 1.32 1.2877
6 0.51 0.4128
7 0.7875 0.8035
6 1.755 1.7377
4 0.9675 1.0867
6 0.465 0.659
7 2.4 2.2326
5 2.3025 2.2887
6 2.5575 2.6207
5 2.715 2.2967
5 0.2625 0.4716
5 2.7975 2.5287
7 1.575 1.5198
4 2.79 2.4613
4 0.99 1.0104
6 2.625 2.4776
5 2.37 2.2886
4 2.565 2.3495
6 0.3 0.3526
4 2.325 2.2142
7 2.28 2.2487
6 2.9775 2.5714
7 1.575 1.5508
6 1.6575 1.7099
4 2.7675 2.2999
4 0.8475 0.6658
7 0.945 0.8083
5 2.6625 2.565
6 1.7775 1.7687
4 1.29 1.2277
5 0.675 0.9056
5 0.3825 0.4516
4 2.625 2.1875
4 2.5725 2.0993
4 0.3825 0.5941
7 2.9625 2.7374
4 0.9675 1.09
4 2.5275 2.3098
5 1.845 1.7703
4 1.26 1.3149
5 0.5475 0.5243
7 0.675 0.6004
7 1.0875 1.0351
4 1.8675 1.8247
4 1.9275 2.138
6 2.7825 2.6509
6 1.47 1.4974
5 0.18 0.345
6 0.7725 0.6729
4 1.71 1.6867
4 0.795 0.7187
5 0.8175 0.8504
6 0.8625 0.8877
7 1.5 1.4471
5 1.17 1.0345
6 0.195 0.778
7 1.8225 1.8095
5 2.415 2.2867
4 1.755 2.0215
7 1.155 1.1299
5 2.8575 2.4229
7 0.1425 0.3155
4 0.3825 0.7458
6 1.59 1.5086
7 1.755 1.8237
7 2.565 2.7624
7 0.645 0.2963
4 2.67 1.8162
7 2.265 2.397
6 0.585 0.627
6 1.845 1.7725
5 0.5025 0.483
6 0.3075 0.5341
4 0.2475 0.6295
4 2.7825 2.4849
7 0.8325 0.9067
5 2.4975 2.4448
5 2.895 2.54
4 0.2775 0.6471
5 1.365 1.5676
6 2.8275 2.5801
4 2.0475 2.2356
7 0.3375 0.4852
6 1.545 1.4229
4 0.6075 0.5733
6 1.77 1.7463
4 1.2 1.4028
6 1.0875 1.0499
7 2.895 2.8284
5 2.8725 2.5307
7 1.545 1.478
5 1.2525 1.0281
4 0.93 1.221
7 0.33 0.412
4 2.1225 2.219
5 2.835 2.1075
5 0.0675 0.4584
5 0.4875 0.4919
4 0.3525 0.597
4 1.515 1.5235
7 0.7575 0.6859
4 0.6975 0.6175
6 1.2825 1.3941
7 0.03 0.2104
4 1.1325 1.1508
5 2.16 2.2574
4 0.825 0.75
6 2.73 2.5619
5 2.4075 2.4186
6 2.04 1.9916
4 1.6125 1.673
6 1.32 1.1686
4 1.425 1.4347
7 1.215 1.2252
7 2.64 2.6724
4 2.9025 2.0817
4 2.61 2.3363
6 0.5325 0.3537
7 0.4725 0.3902
4 2.445 2.5235
4 1.9875 2.034
5 2.535 2.6119
6 1.845 1.8243
7 0.12 0.3638
7 2.775 2.7969
5 1.26 1.291
5 2.5725 2.4425
4 1.8525 1.872
4 1.0425 1.0933
5 0.6225 0.5687
5 2.97 2.5716
5 1.7025 1.6169
6 2.145 2.198
4 1.26 1.2715
5 2.6775 2.36
4 0.255 1.035
5 2.535 2.3517
5 1.665 1.534
7 1.4175 1.4977
6 1.995 2.0836
4 2.7975 2.3217
6 2.7375 2.6793
5 0.885 1.0344
5 2.2575 2.2061
7 0.585 0.7014
7 1.1775 1.2316
5 0.3225 0.7364
5 2.8875 2.4148
6 2.625 2.6091
4 0.3675 0.6088
4 2.9325 2.4228
7 2.9925 2.677
5 0.075 0.5039
4 0.7125 0.6424
7 1.7925 1.8088
6 1.7475 1.7032
4 2.355 2.2054
5 0.0375 0.8202
4 0.3525 0.8004
5 2.2125 2.3771
4 2.9925 2.336
5 2.6625 2.3215
7 0.72 0.6583
5 0.2925 0.4573
7 1.14 0.9993
7 2.8275 2.5781
5 2.9925 2.4969
5 0.36 0.3961
6 1.305 1.1725
6 1.83 1.6512
7 1.5525 1.5084
5 2.865 2.567
5 2.0775 1.8424
4 2.91 2.0745
5 2.79 2.3796
5 0.9 0.577
7 2.6475 2.601
4 1.0725 1.0612
7 1.3275 1.3741
6 2.9475 2.6521
5 0.345 0.3769
7 2.775 2.6231
4 0.3075 0.6613
4 2.88 2.2948
7 2.1975 2.251
6 0.6375 0.7531
4 0.195 0.7216
5 2.0925 2.187
5 2.265 2.3122
6 1.8225 1.7656
4 2.1375 2.0685
5 1.23 1.3946
6 2.0475 2.1701
4 2.835 2.2902
6 0.735 0.6421
7 0.975 0.9562
7 1.3725 1.2664
6 2.64 2.6156
7 0.8175 0.8348
4 1.4325 1.2076
6 1.275 1.2554
6 0.705 0.7368
6 1.365 1.2956
4 0.6 0.6165
6 0.8175 0.7679
4 2.205 1.9927
6 1.1175 1.1576
7 0.2925 0.3204
7 2.7 2.628
5 0.105 0.4343
6 2.355 2.4359
6 0.87 0.8497
6 1.77 1.7565
4 1.275 1.1584
7 0.2025 0.4546
5 1.95 1.9426
5 1.0125 1.1774
5 0.96 0.9199
7 2.49 2.7282
5 0.27 0.4431
5 1.1625 1.2097
4 2.0325 2.3117
7 2.3775 2.3373
6 0.8475 0.8982
4 1.4325 1.175
6 1.845 1.9146
4 0.7275 0.758
6 0.69 0.7701
4 1.9425 2.3181
5 2.0475 2.0472
5 1.17 1.392
5 1.38 1.2337
6 2.9025 2.4944
7 1.6725 1.6636
5 0.7425 0.7808
7 2.4975 2.6754
6 2.1975 2.2805
4 1.2975 1.444
6 2.025 2.1725
5 1.1325 1.2081
4 1.5225 1.4456
7 1.5075 1.4248
6 1.5525 1.6607
6 1.3275 1.3818
6 1.6725 1.6506
4 0.165 0.825
5 1.56 1.6189
7 1.9875 1.9856
7 1.89 1.8603
4 0.195 0.7442
7 0.255 0.4039
6 0.21 0.3895
4 1.7775 2.0603
5 2.1825 2.4054
6 1.4625 1.3488
5 1.0575 1.1386
4 2.13 1.9965
4 2.1075 2.1373
5 1.74 1.8203
7 2.8275 2.5384
6 2.265 2.2883
5 0.4875 0.4485
6 2.88 2.6292
6 2.355 2.4821
6 1.455 1.5091
7 1.7025 1.7407
5 1.395 1.3063
7 2.025 2.1223
6 1.0425 1.0488
5 0.99 0.9223
6 0.84 0.871
6 2.265 2.192
6 0.3975 0.5538
5 1.6425 1.6143
5 0.6375 0.4789
6 0.51 0.7157
5 0.525 0.7171
6 1.05 1.0844
6 0.495 0.5065
5 1.8675 1.9224
6 2.6625 2.5468
4 0.03 0.6176
7 2.6775 2.7159
5 0.1875 0.3629
5 1.4625 1.5645
4 1.1625 1.1786
7 0.8025 0.8757
6 1.9725 2.0082
4 2.9925 2.024
7 0.21 0.2671
6 1.4325 1.4225
7 1.4175 1.3427
4 2.055 1.9847
5 2.685 2.2759
7 2.6175 2.8016
6 1.05 0.9821
4 0.525 0.5048
6 2.01 1.9737
7 1.9125 2.0546
7 0.2325 0.5597
4 1.4625 1.4769
7 2.4075 2.5105
4 0.9675 0.9291
7 1.9575 1.9206
6 0.5925 0.6316
5 2.64 2.4878
5 1.05 0.9807
6 0.8325 0.849
6 2.4825 2.5285
4 0.18 0.5905
4 0.0375 0.6707
6 1.32 1.3261
7 2.2125 2.1811
7 0.21 0.4496
7 0.39 0.5745
7 1.8825 1.8144
5 1.32 1.4469
5 2.9925 2.2241
5 2.385 2.102
4 1.0725 0.8929
4 1.3275 1.385
6 1.035 1.076
5 1.83 1.6972
5 0.8775 0.8706
7 0.3675 0.2883
7 0.03 0.36
4 0.2775 0.8113
4 2.1 1.8311
7 0.8175 0.8109
7 2.445 2.5845
6 1.3575 1.4569
4 1.6875 1.8525
6 0.3 0.3667
5 2.1975 2.1699
5 1.4025 1.4396
6 2.19 2.2079
5 2.97 2.4324
6 0.1275 0.4333
6 2.595 2.7232
6 1.7025 1.7554
5 0.18 2.7395
7 1.215 1.1237
7 2.0175 2.0805
6 1.4925 1.4389
6 0.2775 0.5651
5 2.8575 2.5504
6 1.2675 1.1405
7 0.045 0.3327
6 2.295 2.37
6 2.7825 2.3866
6 0.5475 0.6534
6 1.365 1.4606
6 0.99 1.0687
4 1.8975 1.6718
6 1.575 1.5133
4 1.8225 1.9935
6 1.7325 1.7154
5 2.91 2.5861
6 1.17 1.1763
6 2.325 2.4148
7 2.64 2.4329
6 1.635 1.646
6 1.4925 1.6145
5 2.0475 1.9793
5 0.375 0.6935
4 0.5175 0.77
5 1.1025 0.9631
7 2.58 2.6386
6 2.37 2.2996
5 1.8525 1.8669
6 2.7975 2.5337
5 0.2625 0.5315
7 2.97 2.5978
7 0.4125 0.388
4 1.4175 1.3722
6 2.25 2.2382
5 2.94 2.5963
5 2.28 2.3819
5 1.4625 1.4388
7 0.225 0.3175
7 0.1875 0.2537
7 1.935 1.9651
7 1.83 1.7963
7 0.9225 0.9045
7 2.7675 2.6886
6 2.6325 2.5813
4 0.405 0.5921
6 2.4675 2.5905
7 0.825 0.7927
5 1.83 2.0453
5 2.0775 2.2236
5 2.61 2.4303
6 0.9975 0.8992
5 1.3125 1.4451
5 0.5625 0.543
7 0.3975 0.3782
6 1.1625 1.116
7 1.02 0.9947
4 2.475 2.1908
7 1.845 1.8578
4 2.4675 2.1968
5 0.96 0.7909
4 1.8375 1.7352
7 0.6 0.7543
5 1.0725 1.0934
5 2.865 2.373
7 0.8475 0.8597
5 2.325 2.31
5 1.5825 1.5939
4 0.3525 0.6534
4 1.7325 1.8383
7 0.3525 0.2839
7 0.6 0.5144
6 1.8375 1.8071
4 1.7025 1.547
5 1.2225 1.0884
4 0.18 0.13
6 0.9675 0.9842
4 2.88 2.2492
7 2.01 2.0141
6 1.14 1.2019
4 2.475 2.3622
5 0.69 0.7186
7 2.685 2.5277
5 1.5 1.6593
6 0.615 0.648
5 0.12 0.5458
4 2.85 2.3273
4 1.98 2.1047
6 0.87 1.0364
6 0.09 0.6085
6 1.35 1.3638
6 1.1625 1.2666
5 1.6875 1.6969
5 2.8725 2.4704
4 2.7675 2.4187
7 1.8375 1.9418
6 0.7575 0.8417
5 0.4275 0.5001
5 1.0125 0.9822
7 2.76 2.694
7 1.2375 1.2305
7 2.475 2.4015
4 1.0275 1.0667
6 0.51 0.2523
6 0.2025 0.5522
7 1.8675 1.7974
4 1.44 1.5562
4 0.4875 0.8101
7 2.49 2.492
4 1.8 1.9648
4 1.635 1.6076
6 1.7625 1.7389
7 0.96 0.9023
7 0.9525 0.9681
5 0.135 0.4896
6 1.305 1.2045
7 2.775 2.5574
4 1.53 1.5132
4 1.02 0.947
6 1.5375 1.4935
5 2.3625 2.4569
7 2.1075 2.1492
5 2.9325 2.581
6 0.9675 1.0312
6 2.115 2.1017
7 0.345 0.3186
4 0.4875 0.9509
6 0.0375 0.3853
5 2.2125 2.1726
7 0.0525 0.3403
7 0.1575 0.4922
4 2.625 2.0004
7 0.45 0.6474
6 2.25 2.3336
4 0.195 0.5856
6 0.7575 0.7134
5 1.05 1.0878
6 0.9225 0.7231
4 1.4475 1.3748
5 2.07 1.894
5 2.1975 2.2207
4 1.8825 2.0862
6 2.9775 2.6213
6 0.0975 0.5204
7 1.44 1.5185
7 2.4525 2.5418
4 2.925 2.2832
7 1.89 1.8797
6 1.815 1.8939
4 2.985 2.3266
4 1.6725 1.882
6 2.6475 2.4824
4 1.065 0.9496
7 0.8325 0.7218
7 1.6575 1.5125
7 2.1675 2.2003
7 1.74 1.7732
4 2.955 2.2329
6 0.8175 0.4314
5 2.595 2.4424
4 2.37 2.4417
5 2.145 2.1924
4 1.065 1.1248
4 1.335 1.399
6 0.36 0.3566
5 0.795 0.6133
4 0.09 0.6708
5 1.995 2.022
6 1.455 1.4224
7 1.4475 1.3639
4 0.285 0.722
5 0.8625 1.0004
5 1.605 1.8679
6 0.1425 0.3752
4 1.77 1.787
7 1.5825 1.6545
4 2.775 2.1551
6 2.5725 2.5757
6 1.9875 1.9032
7 0.525 0.2657
5 1.335 1.4273
7 0.6375 0.6952
6 0.375 0.2818
5 1.2825 1.3229
6 2.3475 2.4033
4 1.0875 1.0113
6 1.8825 1.8147
7 0.09 0.6091
7 0.675 0.5293
5 2.5725 2.3876
7 1.77 1.8492
4 0.0225 0.912
6 0.1875 0.5031
6 2.58 2.5619
6 2.805 2.6858
7 0.375 0.4037
6 2.1 1.998
7 2.7 2.8338
5 1.755 1.6806
4 0.585 0.7981
7 2.6625 2.5239
6 1.815 1.7174
6 1.545 1.6062
5 2.6925 2.5413
4 2.01 2.0452
7 1.275 1.3616
5 0.255 0.5612
7 0.48 0.4145
5 2.355 2.2385
5 1.29 1.2879
4 1.6425 1.4987
6 0.915 0.9128
7 2.8725 2.5263
6 1.4775 1.5372
5 1.5075 1.5184
5 2.19 2.2424
6 0.75 0.5918
5 1.8975 1.8259
4 0.51 0.7386
7 0.4875 0.392
5 2.8425 2.4815
6 1.3575 1.4102
7 0.06 0.2623
7 2.7075 2.6824
7 0.9075 0.9605
4 0.645 0.5101
5 0.87 0.746
5 0.765 0.8107
5 2.3775 2.3811
5 0.9525 0.9341
7 2.085 1.9502
7 2.07 2.0852
4 0.615 0.648
5 1.53 1.5885
6 2.0925 2.1377
4 1.86 1.7234
7 1.3425 1.2772
7 1.02 1.0569
5 0.915 0.9612
6 0.435 0.5875
7 2.4075 2.4065
4 0.375 0.6199
6 0.735 0.7124
4 0.2925 0.6081
4 0.15 0.7003
6 0.3375 0.3606
5 2.7525 2.5368
4 2.73 2.0479
6 1.53 1.5724
4 2.295 2.2954
6 1.74 1.787
7 0.15 0.3531
7 1.635 1.5957
6 0.57 0.6934
4 2.9475 2.1414
4 1.6725 1.7505
6 0.3525 0.3409
7 2.4 2.5244
4 0.405 0.8116
6 2.835 2.5331
5 2.43 2.2301
4 1.08 1.2845
6 0.315 0.4988
6 2.64 2.6452
6 1.575 1.6351
5 1.2075 1.0333
7 1.7925 1.7692
5 1.08 1.0075
4 2.01 2.1039
7 2.025 1.9923
7 0.42 0.4153
5 0.3825 0.4432
4 2.73 2.1728
7 1.8675 1.9027
5 1.0575 0.9204
4 0.8025 0.7298
5 0.36 0.6863
7 1.6425 1.5283
7 2.6625 2.6128
4 2.505 2.458
4 1.8075 2.0717
4 0.99 0.7367
7 1.2675 1.2321
6 2.13 2.0931
5 2.445 2.6519
7 2.8425 2.7434
5 2.13 1.9599
6 1.2 1.1531
7 0.5175 0.2745
5 2.4675 2.3501
7 0.0825 0.5044
6 2.085 2.1747
4 2.34 2.1119
6 2.2275 2.133
4 0.6975 0.6917
7 0.1575 0.4841
7 1.6125 1.6545
5 0.525 0.6484
5 1.875 1.9178
6 0.54 0.484
6 2.0625 2.0373
4 1.815 1.95
7 1.4775 1.3202
5 1.0125 1.071
6 1.065 1.0852
5 2.3325 2.4544
5 1.9425 1.8769
6 2.1225 2.2678
7 0.3675 0.3727
7 1.635 1.6374
5 1.86 1.8083
5 2.085 2.2041
6 0.825 0.9169
6 1.905 1.8595
4 1.515 1.6464
4 1.29 1.5889
7 1.7025 1.6432
5 1.5375 1.6189
4 0.15 0.5831
4 0.465 0.9138
4 1.5075 1.3928
7 2.2725 2.393
6 2.1975 2.0486
4 1.41 1.3481
7 1.155 1.1187
6 2.22 2.109
4 2.5125 2.0178
6 2.58 2.4738
7 0.75 0.773
6 0.765 0.8033
7 1.89 1.8841
4 0.5925 0.6111
4 2.4075 2.2475
4 2.6175 2.1309
5 0.18 0.503
5 0.2325 0.4792
6 2.1825 2.2567
5 2.8575 2.4313
4 1.8675 1.7764
7 0.255 0.3435
6 0.555 0.7492
4 2.8425 2.3232
6 2.9475 2.5757
7 1.59 1.5814
6 2.835 2.5295
7 1.1925 1.1384
6 2.0775 1.8583
7 0.6675 0.711
5 1.0575 1.0532
7 2.1825 2.273
4 2.73 2.2987
5 2.2875 2.5307
4 1.14 1.1287
4 0.69 0.553
6 1.965 2.0085
5 0.12 0.6226
7 1.1175 1.1856
7 2.715 2.785
6 2.535 2.6708
7 0.51 0.4479
6 1.0875 1.128
7 1.71 1.6703
5 1.8975 1.7947
4 2.55 2.3944
4 0.795 0.7083
4 1.845 1.9715
4 1.3275 1.104
4 0.315 0.5857
7 2.3175 2.4754
7 2.265 2.3068
5 2.52 2.3452
5 0.105 0.6303
6 1.4025 1.3837
4 0.195 0.5586
4 0.6075 0.5335
4 1.71 1.7016
6 2.34 2.2233
4 2.97 2.5001
4 2.49 2.3857
6 1.26 1.2546
4 1.5375 1.6294
4 0.975 0.915
5 0.075 0.5111
7 1.38 1.3713
5 1.56 1.6657
4 0.5775 0.7729
5 0.4725 0.7081
7 0.3075 0.2812
7 0.1275 0.4295
6 0.165 0.262
5 0.7275 0.6947
6 0.63 0.5982
7 2.9625 2.7271
5 1.1325 0.8442
4 1.3875 1.3791
7 1.215 1.2112
7 0.6375 0.7321
4 1.875 1.8749
4 2.4075 2.1863
4 0.975 0.9947
6 0.42 0.3132
5 0.6525 0.4935
5 2.4975 2.5455
7 1.38 1.3953
6 2.9175 2.5251
4 2.1075 1.7861
4 0.735 0.6917
6 1.335 1.3319
7 0.0225 0.2929
4 1.4025 1.4789
6 2.0475 2.0086
5 2.9475 2.609
7 0.9825 0.962
5 0.015 0.5076
6 1.3275 1.4731
5 2.445 2.0893
4 1.8075 1.8717
5 0.2775 0.4984
5 2.6025 2.47
4 2.97 2.311
4 1.6725 1.5321
6 2.805 2.5342
5 0.615 0.6823
5 0.96 0.9164
7 0.315 0.2217
4 0.945 0.705
7 1.545 1.554
6 0.7125 0.7988
7 0.4875 0.3528
4 1.2825 1.4774
4 2.7975 2.4437
7 0.915 0.9739
7 2.6475 2.7063
6 2.7825 2.6897
4 1.7925 1.8677
5 2.34 2.4188
6 2.8125 2.6726
6 0.54 0.7812
6 2.5425 2.3551
4 1.4475 1.2653
5 1.5975 1.5757
5 1.7025 1.565
7 1.3575 1.4338
4 2.8275 2.2708
7 1.71 1.7199
4 1.2525 1.1778
5 1.3275 2.8913
6 1.3275 1.3505
7 1.1625 1.1796
6 2.85 2.6874
7 2.4675 2.7757
7 0.585 0.6515
4 0.465 0.6128
7 2.2875 2.3613
7 2.145 2.1925
5 2.9175 2.5701
5 1.8075 1.7807
6 0.5025 0.6095
6 1.2525 1.306
6 0.6975 0.8249
7 2.67 2.6067
5 1.545 1.7371
6 2.85 2.5177
5 2.3025 2.4734
7 1.68 1.594
5 2.9475 2.5649
7 0.705 0.7484
4 0.4575 0.6004
6 0.4275 0.3101
7 0.9675 1.0035
5 1.935 1.9096
7 0.03 0.2407
5 0.9 1.177
7 0.0675 0.2476
5 2.535 2.5114
7 0.0825 0.3967
7 1.5225 1.5508
7 2.8425 2.77
7 2.625 2.6519
6 0.465 0.4804
6 0.3 0.343
5 1.8825 1.8348
7 1.41 1.3451
6 1.98 2.0995
7 1.92 1.9477
4 1.11 0.9812
5 1.38 1.3931
4 2.8875 2.4402
4 2.0775 1.9304
7 0.18 0.3376
5 2.565 2.6158
5 0.42 0.3646
5 0.5625 0.8305
5 1.0125 0.8383
5 0.6825 0.6382
4 2.07 2.1922
7 1.905 1.8425
7 1.785 1.8056
5 1.635 1.6186
6 2.7 2.5842
4 1.98 1.885
4 0.135 0.5623
6 0.0525 0.403
4 0.5925 0.8634
5 1.1625 1.2352
7 0.2625 0.2146
6 2.6625 2.5097
5 1.2825 1.2049
5 0.2475 0.5175
4 0.54 0.6642
5 2.925 2.5305
7 0.0375 0.305
5 2.385 2.2346
7 0.9675 0.9548
4 0.0 0.949
5 2.2575 2.493
4 1.545 1.456
6 0.0675 0.5442
6 1.5225 1.5832
4 0.2775 0.656
5 0.7425 0.5801
7 2.3175 2.4656
6 2.2725 2.1398
4 2.445 2.333
6 0.93 0.9371
6 0.435 0.63
4 1.0875 1.1441
7 0.3075 0.4206
4 2.985 2.4348
7 0.1425 0.2802
6 1.0275 1.0009
4 0.03 0.6735
4 1.5675 1.4328
7 2.07 2.0331
7 1.2375 1.252
4 1.0275 1.0823
5 0.075 0.7414
7 2.2725 2.3077
7 2.7 2.7623
6 1.7175 1.719
4 0.6 0.6232
6 2.8425 2.5208
7 0.525 0.49
7 2.7975 2.6794
6 0.135 0.577
5 0.9525 1.0359
4 0.765 0.7727
6 1.8 1.7531
5 0.8175 0.9588
5 0.0375 0.6038
7 2.16 2.1379
5 2.0625 2.1567
5 0.51 0.6346
6 1.8675 1.9255
5 0.69 0.7971
6 0.7425 0.5057
7 2.1525 2.1717
4 0.9225 1.0887
4 0.8175 0.6503
6 0.3225 0.5648
5 2.805 2.4973
6 2.8575 2.6525
7 2.295 2.128
7 0.735 0.6966
5 1.89 1.9424
7 0.4425 0.4916
5 2.3775 2.1725
7 2.13 2.1936
5 0.045 0.5373
7 1.5525 1.5496
4 1.665 1.759
7 1.8675 1.7818
7 1.2225 1.194
6 1.17 1.0139
4 0.6675 0.6323
7 0.8625 0.9761
5 0.915 0.8002
7 0.8175 0.8061
7 0.2325 0.2394
7 1.635 1.5935
5 1.4475 1.4792
6 2.88 2.6093
7 0.7875 0.7418
7 2.2275 2.1313
5 2.55 2.4321
5 2.2275 2.1884
4 2.67 2.3869
4 0.975 0.6585
6 2.43 2.2386
4 1.335 1.2963
7 0.6075 0.6515
5 1.5225 1.7364
5 2.9325 2.5431
4 1.0275 1.219
7 0.87 0.8369
4 0.5325 0.8181
4 0.9675 1.0133
7 0.6975 0.7286
4 0.09 0.7189
6 1.3725 1.3104
5 1.08 1.0067
6 0.63 0.6256
7 1.5525 1.6133
5 2.3925 2.3367
7 0.15 0.2609
5 1.56 1.4364
5 2.715 2.5941
7 0.8925 0.7703
4 1.4475 1.2345
6 0.18 0.5894
7 1.11 1.1298
4 0.855 1.0217
6 2.28 2.6042
5 1.3425 1.455
7 0.495 0.5212
5 1.4025 1.2347
6 1.05 0.8976
7 2.04 1.953
4 2.58 2.3316
5 0.78 0.7932
4 0.33 0.6535
6 1.9275 1.9957
7 1.3725 1.4257
6 1.6875 1.5382
7 0.7425 0.6319
7 2.565 2.6686
7 1.7025 1.7176
6 2.2575 2.0894
5 2.6775 2.3912
5 1.815 1.8715
6 0.15 0.4017
5 2.7525 2.3963
6 1.3425 1.3684
6 1.965 1.9942
6 0.405 0.3719
4 2.3175 2.0061
6 0.1575 0.5405
5 2.4525 2.365
5 0.5175 0.4483
4 2.8575 2.0921
4 0.2025 0.7315
7 1.7775 1.7217
7 0.0825 0.2428
6 1.5975 1.5852
4 2.9475 2.4102
6 1.9275 2.0322
7 2.73 2.6893
5 1.17 1.1219
6 0.1875 0.4671
4 0.9975 1.0779
4 2.28 2.0832
4 0.375 0.614
6 1.2825 1.2744
6 0.7725 0.8194
6 2.5275 2.4808
7 2.685 2.6287
7 1.5075 1.5576
4 0.9825 0.8501
6 0.0825 0.3478
7 0.21 0.2351
5 0.5775 0.5132
5 2.4975 2.4342
6 1.0575 1.0932
6 2.4525 2.4122
6 0.0 0.3742
6 1.86 1.7949
7 2.1225 2.0363
4 2.07 2.2881
4 0.795 1.0768
4 0.5625 0.4851
7 0.795 0.7238
4 1.17 1.1239
4 1.5825 1.6878
7 1.2375 1.2313
7 0.3825 0.603
5 0.78 0.6005
5 0.99 1.0417
4 1.47 1.6847
5 2.4075 2.2116
6 2.5125 2.2551
6 2.1075 2.0017
7 1.4475 1.4116
7 2.3175 2.4097
7 2.715 2.4952
4 2.085 2.0461
4 0.045 0.5751
5 2.595 2.506
7 0.3975 0.2737
7 1.5525 1.5744
7 0.0675 0.2034
5 1.74 1.8834
6 0.165 0.383
6 0.9825 1.0338
5 1.74 1.6904
4 2.6625 2.3694
4 0.7425 0.8109
4 2.31 2.0383
5 1.59 1.5776
4 0.15 0.6034
7 1.7325 1.7644
4 2.3625 2.3366
7 2.7525 2.4402
6 0.75 0.787
4 1.7625 1.902
6 0.3375 0.649
5 2.5575 2.1804
7 1.5075 1.6233
7 2.6775 2.6797
7 0.855 0.9012
6 0.735 0.7941
4 2.4975 2.2239
4 0.72 0.9209
7 1.635 1.6294
5 2.1375 2.1048
4 2.3175 2.29
4 2.955 2.2442
4 1.14 1.1843
6 2.1 2.1163
6 0.2175 0.5754
4 0.84 0.7487
4 1.83 1.6664
4 0.6225 0.5514
5 0.06 0.8425
7 0.2625 1.3824
4 2.22 2.076
6 1.0425 1.0864
5 2.0775 2.2641
4 2.9175 2.4612
6 1.005 1.0747
4 0.855 0.7709
4 2.4825 2.2983
4 2.5425 2.0918
6 0.5175 0.5049
6 1.83 1.8528
7 1.3575 1.3012
6 1.0875 2.8708
5 1.9125 1.7368
7 2.01 2.0804
4 1.9575 2.0386
6 2.9175 2.6825
5 1.9125 1.9337
6 1.665 1.7493
4 2.88 2.2604
6 1.335 1.2974
6 0.2775 0.3795
4 2.49 2.2894
4 0.96 0.8478
7 0.0675 0.2549
5 0.1875 0.4743
7 2.1225 2.113
6 2.0625 2.0528
4 1.845 1.9815
7 2.0625 2.1257
4 1.5375 1.4664
4 0.7575 0.5586
7 1.0275 1.0507
7 2.715 2.608
4 1.0275 0.7971
4 2.61 2.4258
6 1.32 1.3068
4 1.3575 1.3264
4 1.68 1.6424
7 0.8775 0.9986
5 1.755 1.8074
7 0.7425 0.7794
4 0.42 0.6779
4 1.365 1.469
4 1.8075 1.7622
6 1.9275 1.9889
4 1.875 2.0458
4 1.665 1.6147
7 0.1125 0.3592
6 2.13 2.1594
5 2.445 2.646
7 2.7675 2.7193
4 2.8275 2.262
4 2.565 2.3591
6 2.115 2.043
5 0.855 0.8236
4 0.885 1.0459
4 2.1825 2.161
6 0.3375 0.5114
6 2.5575 2.6185
7 0.4125 0.319
7 1.95 1.9282
4 2.985 2.3381
6 1.8375 1.7166
7 1.935 1.9128
5 1.17 1.2265
5 1.35 1.5024
5 1.7175 1.6424
5 0.9225 0.9792
4 0.105 0.6803
7 1.2225 1.2087
7 1.365 1.3951
7 2.34 2.3436
5 2.535 2.4848
4 2.865 2.4592
5 0.855 0.9243
4 2.3325 2.2251
7 0.27 0.5849
4 1.83 1.6883
5 2.7375 2.5285
5 2.3625 2.4992
5 0.4575 0.702
5 1.2075 1.4476
4 1.4325 1.3622
7 0.195 0.2978
6 2.7075 2.4653
6 1.5975 1.6561
4 1.8 1.7748
7 1.2825 1.2479
6 2.1525 2.1825
4 1.515 1.693
4 0.81 0.9301
7 2.7225 2.6327
4 1.635 1.6233
7 0.795 0.9686
7 1.9275 1.8707
6 1.4325 1.4259
6 1.68 1.7034
6 2.835 2.591
5 2.445 2.2324
5 2.7675 2.4549
6 1.0725 0.9896
6 2.2875 2.2828
4 1.74 1.5697
7 0.255 0.4594
4 0.3825 0.442
6 1.5975 1.5953
7 2.445 2.5704
7 0.06 0.3333
7 2.865 2.7782
7 2.5575 2.4299
4 1.755 1.8517
5 0.54 0.4024
4 2.1225 2.0126
5 1.14 1.1452
4 1.2225 1.3385
4 2.6325 2.2924
6 0.8025 0.5731
6 0.6525 0.3409
7 1.56 1.5052
5 2.2275 2.2793
4 1.0275 0.669
5 1.95 1.9095
6 0.3225 0.5181
5 0.225 0.5736
7 1.905 1.8961
5 1.7325 1.6344
7 2.2575 2.0598
5 2.0175 1.9823
4 0.9375 0.8166
5 2.37 2.2174
4 0.1725 0.6574
5 1.8225 1.7798
6 0.93 0.8465
7 0.03 0.3035
5 0.135 0.5097
7 0.3225 0.4707
6 1.0725 1.0859
7 2.8725 2.611
4 1.7175 1.686
4 1.32 1.2799
6 2.595 2.5004
6 2.0025 1.9826
5 0.585 0.6572
5 0.45 0.5877
6 2.025 1.9567
5 0.3825 0.7017
5 2.7225 2.414
5 2.595 2.4107
5 0.0675 0.3662
4 1.1175 1.1645
7 0.6075 0.6309
5 2.235 2.4251
5 2.9625 2.4421
4 2.355 2.133
5 1.3725 1.2885
6 1.83 1.8659
6 2.8125 2.6144
5 1.59 1.4815
4 1.5825 1.5857
4 1.395 1.503
7 1.8675 1.7582
4 1.1025 1.3205
7 1.44 1.416
4 2.2425 2.1672
4 1.56 1.5759
7 2.5725 2.4822
5 1.02 0.8311
6 1.6425 1.6949
7 0.4575 0.3547
4 1.185 1.3149
4 0.54 0.6171
6 2.4 2.3794
7 1.83 1.7014
7 1.1175 1.1129
4 0.855 0.937
4 0.2925 0.6374
6 1.9125 2.0379
7 2.565 2.3502
7 0.315 0.4631
5 1.5 1.4708
4 1.35 1.2854
7 2.8425 2.5464
4 2.8425 2.1195
5 2.4975 2.4401
7 0.2175 0.3369
4 1.485 1.4545
7 1.815 1.8095
6 0.4875 0.5117
6 0.285 0.373
5 0.21 0.6772
4 1.3275 1.3422
5 1.2975 1.2692
4 0.105 0.7414
6 0.3075 0.4802
5 1.71 1.5942
5 0.975 0.8985
6 2.37 2.185
7 2.1675 2.2124
6 1.6725 1.6282
6 0.9675 0.96
4 0.555 0.6232
4 2.7975 2.3979
6 1.6725 1.7121
7 0.555 0.7565
7 1.6575 1.6106
5 0.045 0.4677
4 1.41 1.3522
5 1.725 1.6656
6 0.345 0.5199
4 1.9725 2.0438
7 0.4275 0.1658
5 1.62 1.5452
6 2.76 2.5341
4 2.265 2.2793
7 2.175 2.0929
6 1.3125 1.3119
7 2.7375 2.5943
5 1.635 1.6852
6 0.06 0.4376
7 1.3875 1.3512
7 2.5275 2.5055
5 2.685 2.5945
6 1.155 1.1343
5 1.755 1.7683
5 1.0125 1.1107
4 0.285 0.7356
4 1.995 2.0978
6 0.2475 0.4598
4 1.9125 1.7409
5 1.4625 1.3589
5 1.9425 1.9569
4 0.5325 0.5591
7 0.69 0.8086
6 1.1925 1.0464
7 2.5125 2.7118
6 2.3775 2.4988
6 2.625 2.4829
7 1.305 1.191
5 1.53 1.5866
5 0.0375 0.6137
6 2.7525 2.4775
4 0.18 0.6374
4 1.755 1.9257
4 0.2775 0.7905
6 0.6225 0.5418
7 1.8975 1.976
7 1.9725 2.0001
5 2.2875 2.22
7 0.3075 0.2775
4 1.8525 2.1902
5 1.8375 1.6826
4 1.4775 1.5704
4 2.595 2.5133
6 2.235 2.3174
5 0.975 0.917
6 2.4225 2.2567
5 1.5675 1.5409
7 2.1975 2.2248
4 0.3225 0.625
4 0.69 0.6001
4 2.07 1.9427
7 1.5 1.4095
5 2.685 2.4911
6 1.83 1.7519
4 1.4325 1.3178
5 0.72 0.6142
4 2.2425 1.9263
4 2.1525 2.1529
4 0.2775 0.9485
7 1.275 1.2963
5 2.4975 2.4527
7 2.355 2.3087
6 1.095 1.0481
5 2.3925 2.6215
6 1.545 1.5847
7 0.51 0.3361
7 1.0125 1.0302
7 1.47 1.4615
4 2.1525 2.1109
4 1.065 1.0997
5 2.3175 2.4056
4 0.6375 0.4972
7 2.1375 2.1507
7 2.7525 2.6963
6 2.6025 2.3486
5 2.115 2.1139
6 1.02 1.1857
4 0.69 0.7498
4 2.04 1.9644
5 2.1975 2.3236
5 2.37 2.3673
5 2.715 2.1048
4 2.7375 2.383
7 0.72 0.7953
6 1.05 1.0074
6 1.815 1.8248
6 0.4575 0.5675
6 1.5825 1.7035
5 2.295 2.0282
5 1.47 1.5021
7 0.945 0.9388
5 0.6525 0.52
4 2.1375 2.2398
6 0.135 0.2775
7 2.1075 2.0894
6 1.02 0.9154
5 0.6525 0.4361
7 1.71 1.6105
7 0.48 0.5366
5 1.8975 1.6658
5 0.0675 0.4259
6 0.54 0.4173
5 0.42 0.5074
5 2.745 2.5292
7 0.4125 0.4606
4 0.84 0.6987
6 1.4325 1.4387
5 2.2875 2.4424
4 0.75 0.7873
7 1.9575 1.8673
7 0.36 0.3239
4 0.5925 0.6712
4 0.795 0.8327
4 1.905 1.7835
7 0.045 0.2422
4 0.8025 0.6918
7 1.4025 1.3719
5 1.7775 1.7645
4 2.175 1.9477
7 2.8875 2.3413
6 2.88 2.4921
4 1.62 1.6661
7 2.1975 2.2584
7 1.6725 1.7052
7 2.1225 2.1551
7 0.7875 0.6458
5 1.3425 1.3556
7 1.575 1.5579
7 1.41 1.2945
4 1.3575 1.3614
7 2.685 2.6951
7 2.925 2.6556
6 2.8575 2.2911
6 0.3825 0.2962
4 1.305 1.3979
6 1.7475 1.7622
4 2.3925 2.2893
4 1.3425 1.3448
5 0.57 0.6725
5 2.31 2.4465
5 2.7075 2.4872
4 0.2625 0.6903
5 2.5875 2.4956
5 2.5875 2.5368
4 0.0975 0.4955
4 2.9925 2.4492
5 0.81 1.1354
4 1.2375 1.0543
4 2.1825 2.2657
4 1.1775 1.1988
4 1.905 1.8628
5 1.035 1.0346
6 0.015 0.2671
7 0.7875 0.6992
5 1.455 1.5956
5 1.5225 1.5052
4 2.91 2.3898
4 0.0225 0.7289
5 1.9725 1.9024
5 0.03 0.6086
6 0.1275 0.4678
7 1.26 1.3419
6 0.0075 0.287
6 2.835 2.684
4 2.76 2.3858
7 1.4025 1.45
7 1.4325 1.5081
5 0.9375 0.8813
6 0.9375 0.7699
6 0.855 0.7601
6 1.9875 2.1236
4 1.3575 1.3662
5 0.87 0.5898
4 0.3375 0.818
6 1.905 1.8157
6 2.595 2.6774
6 1.9575 1.8983
4 2.55 1.7529
4 2.49 2.1028
5 1.365 1.32
6 2.3475 2.317
5 2.025 2.0912
5 1.2375 1.0873
5 0.0975 0.37
6 0.0 0.3793
4 0.2775 0.9669
7 0.1275 0.3568
4 1.485 1.544
6 0.255 0.5092
6 0.6375 0.4347
4 1.7775 1.6496
7 0.06 0.4343
6 0.75 0.5644
6 0.1725 0.4198
4 0.06 0.7155
7 2.4075 2.3853
5 2.61 2.6284
4 1.725 1.872
5 2.8725 2.3017
7 0.585 0.4727
6 0.7875 0.6951
4 2.7375 2.2664
7 0.8475 0.874
7 1.0425 0.9557
5 1.7025 1.6905
7 2.3775 2.4841
5 0.705 0.669
6 2.1225 2.1351
7 1.4925 1.6514
6 0.3225 0.4574
6 0.285 0.4356
7 1.3125 1.3172
7 1.2375 1.3001
5 0.1875 0.8317
6 1.8375 1.8697
7 0.3825 0.4985
4 0.24 0.7907
4 1.6125 1.2275
7 1.0125 1.0585
4 0.105 0.6936
5 2.4825 2.4194
6 2.445 2.357
6 0.6525 0.6811
6 0.9 0.915
4 0.7425 0.7471
7 2.115 2.1158
6 1.815 1.8516
4 1.4925 1.7987
6 2.3475 2.6602
6 1.3875 1.4458
5 0.4425 0.4669
5 2.76 2.5157
7 1.2675 1.2563
4 2.67 2.2405
4 2.925 2.3815
4 2.775 2.207
4 0.645 0.8463
4 2.9925 2.2718
6 2.01 2.2402
4 0.36 0.6497
4 0.795 0.5614
6 2.1375 2.2277
4 1.7325 1.5046
4 1.3275 1.2921
5 1.2225 1.2528
7 1.395 1.3716
7 1.47 1.4841
7 2.7375 2.6414
6 2.2125 2.2908
7 0.39 0.6154
4 0.5175 0.6849
5 0.0225 0.5735
4 1.26 1.1126
4 2.1225 2.1934
4 2.5275 2.4234
5 1.1775 1.05
7 1.14 1.095
5 0.585 0.4613
5 2.52 2.4341
7 2.6475 2.6162
6 0.99 0.9656
6 1.605 1.781
4 1.53 1.3876
6 1.2675 1.2345
6 2.2275 2.0207
6 0.09 0.4155
6 0.7725 0.7144
5 1.005 1.1484
7 2.9775 2.6843
6 1.4775 1.4875
5 2.745 2.5471
6 1.6575 1.6878
6 0.645 0.7281
5 1.245 1.1407
7 1.425 1.2713
6 1.7325 1.7394
7 2.0325 1.9846
4 1.2825 1.3437
5 0.3675 0.4302
4 1.4025 1.4643
4 1.1625 1.3186
6 1.8375 2.004
4 0.7575 0.5585
4 1.32 0.912
5 0.8475 0.8654
6 2.115 2.1212
6 1.8075 1.7006
6 2.3925 2.4018
5 1.1175 1.0701
7 0.8925 0.8991
6 1.545 1.554
5 2.7675 2.4976
6 0.2775 0.3422
4 1.185 1.2672
6 0.0375 0.4623
4 0.7125 0.61
4 0.9 0.7586
6 1.965 2.0864
4 0.75 0.5991
4 0.6225 0.6218
4 2.7075 2.0669
5 0.7425 0.6282
4 0.3975 0.6857
6 2.97 2.6853
6 1.3875 1.3192
7 2.97 2.721
7 1.4325 1.3805
5 2.8575 2.6318
4 2.3925 1.9469
4 1.275 1.4855
7 1.935 1.8619
7 2.49 2.6404
6 0.3 0.4399
6 2.34 2.2833
7 1.26 1.2315
6 2.85 2.7272
7 0.06 0.3348
6 0.3825 0.5259
6 2.7975 2.3789
7 1.6275 1.6789
4 2.175 1.9946
6 1.9275 1.8183
6 0.7125 0.5487
5 2.865 2.4146
7 2.28 2.2751
7 1.3875 1.352
6 2.475 2.4305
6 2.055 1.9529
6 2.1975 2.4397
4 0.09 0.6869
6 0.6 0.7192
5 2.1825 2.103
4 2.2275 2.2029
5 1.335 1.2879
6 0.12 0.3011
5 1.26 1.2441
4 1.6425 1.4195
5 2.0625 2.1818
6 2.805 2.589
4 0.48 0.5209
7 0.18 0.2821
6 1.92 1.9254
5 1.395 1.3647
7 2.7675 2.8375
6 0.4875 0.38
6 0.9825 0.9723
5 1.4475 1.3704
6 0.255 0.3038
7 0.63 0.5455
5 2.775 2.1475
6 2.79 2.5734
5 1.3125 2.0356
6 1.4025 1.4706
4 2.0925 2.1555
7 0.525 0.6848
7 0.975 1.0152
6 2.175 2.1021
6 2.91 2.5827
5 0.6 0.7371
5 2.565 2.2317
