sigma2_stimulus 	 [inf, 2.0, 3.0, 4.0, 5.0, 6.0, 7.0, 8.0, 9.0, 10.0]
log_motor_var 	 [8.12501049041748]
sigma_logit 	 [-1.0, -2.0, -3.0, -4.0, -5.0, -6.0, -7.0, -8.0, -9.0, -10.0]
mixture_logit 	 [-5.160216331481934]
prior 	 [-8.611212730407715, -8.577630996704102, -8.544219017028809, -8.510974884033203, -8.477900505065918, -8.44499397277832, -8.412256240844727, -8.379687309265137, -8.347288131713867, -8.315056800842285, -8.28299331665039, -8.251100540161133, -8.219374656677246, -8.18781852722168, -8.156431198120117, -8.125212669372559, -8.094162940979004, -8.063282012939453, -8.03256893157959, -8.00202465057373, -7.971650123596191, -7.941443920135498, -7.911406517028809, -7.881537437438965, -7.851837635040283, -7.822306156158447, -7.792943477630615, -7.763750076293945, -7.734724998474121, -7.705869197845459, -7.677181243896484, -7.64866304397583, -7.620312690734863, -7.5921311378479, -7.564118385314941, -7.5362749099731445, -7.508600234985352, -7.481093406677246, -7.453756332397461, -7.4265875816345215, -7.399587154388428, -7.372756481170654, -7.346094131469727, -7.319599628448486, -7.293274879455566, -7.26711893081665, -7.24113130569458, -7.215312480926514, -7.189662456512451, -7.164181232452393, -7.138868808746338, -7.113724708557129, -7.088749885559082, -7.063943386077881, -7.039306163787842, -7.014837265014648, -6.990537643432617, -6.966405868530273, -6.942443370819092, -6.918649673461914, -6.895025253295898, -6.87156867980957, -6.848280906677246, -6.825162410736084, -6.802212238311768, -6.779430866241455, -6.756818771362305, -6.734375, -6.712100028991699, -6.689993858337402, -6.668056011199951, -6.646287441253662, -6.624687194824219, -6.6032562255859375, -6.581993579864502, -6.56089973449707, -6.539974689483643, -6.519218921661377, -6.498631000518799, -6.478212356567383, -6.4579620361328125, -6.437880992889404, -6.41796875, -6.398224830627441, -6.378649711608887, -6.359243869781494, -6.340006351470947, -6.320937633514404, -6.302037239074707, -6.283306121826172, -6.264743804931641, -6.246349811553955, -6.228124618530273, -6.210068702697754, -6.19218111038208, -6.17446231842041, -6.156912326812744, -6.139531135559082, -6.122318267822266, -6.105274677276611, -6.088399887084961, -6.071693420410156, -6.055156230926514, -6.038787364959717, -6.022587299346924, -6.006556034088135, -5.99069356918335, -5.974999904632568, -5.959475040435791, -5.944118499755859, -5.92893123626709, -5.913912296295166, -5.899062156677246, -5.884381294250488, -5.869868278503418, -5.855525016784668, -5.841350078582764, -5.827343463897705, -5.813506126403809, -5.799837112426758, -5.786337375640869, -5.773005962371826, -5.759843826293945, -5.74685001373291, -5.734025001525879, -5.721368312835693, -5.708881378173828, -5.69656229019165, -5.684412479400635, -5.672430992126465, -5.660618782043457, -5.648974895477295, -5.637499809265137, -5.626193523406982, -5.615056037902832, -5.6040873527526855, -5.593287467956543, -5.582655906677246, -5.572193622589111, -5.561899662017822, -5.551774978637695, -5.541818618774414, -5.532031059265137, -5.522412300109863, -5.512962341308594, -5.503681182861328, -5.494568347930908, -5.48562479019165, -5.4768500328063965, -5.468243598937988, -5.459805965423584, -5.451537132263184, -5.443437099456787, -5.4355058670043945, -5.427743434906006, -5.420149803161621, -5.41272497177124, -5.405468463897705, -5.398381233215332, -5.391462326049805, -5.384712219238281, -5.378130912780762, -5.371718406677246, -5.365474700927734, -5.359399795532227, -5.353493690490723, -5.3477559089660645, -5.342187404632568, -5.336787223815918, -5.3315558433532715, -5.326493740081787, -5.321599960327148, -5.316874980926514, -5.312318801879883, -5.307930946350098, -5.303712368011475, -5.299662113189697, -5.295781135559082, -5.2920684814453125, -5.288524627685547, -5.285149574279785, -5.281943321228027, -5.278905868530273, -5.276037216186523, -5.273337364196777, -5.270805835723877, -5.268443584442139, -5.266249656677246, -5.264225006103516, -5.262368679046631, -5.26068115234375, -5.259162425994873, -5.257812023162842, -5.256630897521973, -5.255618572235107, -5.254775047302246, -5.2540998458862305, -5.253593444824219, -5.253255844116211, -5.253087520599365, -5.253087520599365, -5.253255844116211, -5.253593444824219, -5.2540998458862305, -5.254775047302246, -5.255618572235107, -5.256630897521973, -5.257812023162842, -5.259162425994873, -5.26068115234375, -5.262368679046631, -5.264225006103516, -5.266249656677246, -5.268443584442139, -5.270805835723877, -5.273337364196777, -5.276037216186523, -5.278905868530273, -5.281943321228027, -5.285149574279785, -5.288524627685547, -5.2920684814453125, -5.295781135559082, -5.299662113189697, -5.303712368011475, -5.307930946350098, -5.312318801879883, -5.3168745040893555, -5.321599960327148, -5.326493263244629, -5.3315558433532715, -5.336787223815918, -5.342187404632568, -5.3477559089660645, -5.353493690490723, -5.359399795532227, -5.365474700927734, -5.371718406677246, -5.378130912780762, -5.384712219238281, -5.391462326049805, -5.398380756378174, -5.405468463897705, -5.41272497177124, -5.420149803161621, -5.427743434906006, -5.4355058670043945, -5.443437099456787, -5.451537132263184, -5.459805965423584, -5.468243598937988, -5.4768500328063965, -5.48562479019165, -5.494568347930908, -5.503681182861328, -5.512962341308594, -5.522412300109863, -5.532031059265137, -5.541818618774414, -5.551774501800537, -5.561899662017822, -5.572193622589111, -5.582655906677246, -5.593286991119385, -5.6040873527526855, -5.615056037902832, -5.626193523406982, -5.637499809265137, -5.648974895477295, -5.660618305206299, -5.672430992126465, -5.684412479400635, -5.69656229019165, -5.70888090133667, -5.721368312835693, -5.734024524688721, -5.746849536895752, -5.759843826293945, -5.773005962371826, -5.786337375640869, -5.799837112426758, -5.813506126403809, -5.827343463897705, -5.8413496017456055, -5.855525016784668, -5.869868278503418, -5.88438081741333, -5.899062156677246, -5.913912296295166, -5.92893123626709, -5.944118499755859, -5.959474563598633, -5.974999904632568, -5.99069356918335, -6.006555557250977, -6.022587299346924, -6.038787364959717, -6.0551557540893555, -6.071693420410156, -6.088399887084961, -6.105274677276611, -6.122318267822266, -6.139531135559082, -6.156912326812744, -6.17446231842041, -6.192180633544922, -6.210068702697754, -6.228124618530273, -6.246349334716797, -6.264743804931641, -6.283306121826172, -6.302037239074707, -6.320937156677246, -6.340006351470947, -6.359243392944336, -6.378649711608887, -6.398224353790283, -6.41796875, -6.437880992889404, -6.4579620361328125, -6.478212356567383, -6.498631000518799, -6.519218444824219, -6.539974689483643, -6.56089973449707, -6.581993579864502, -6.603255748748779, -6.624687671661377, -6.646287441253662, -6.668056011199951, -6.689992904663086, -6.712100028991699, -6.734374523162842, -6.7568182945251465, -6.779431343078613, -6.802212238311768, -6.825162410736084, -6.848280429840088, -6.87156867980957, -6.89502477645874, -6.918649673461914, -6.942442893981934, -6.966405868530273, -6.990537166595459, -7.01483678817749, -7.039306163787842, -7.063943386077881, -7.088749408721924, -7.113724231719971, -7.138868808746338, -7.164180755615234, -7.189661979675293, -7.215312480926514, -7.24113130569458, -7.267118453979492, -7.293274402618408, -7.319599628448486, -7.346093654632568, -7.372756004333496, -7.399588108062744, -7.4265875816345215, -7.453756332397461, -7.481093406677246, -7.508600234985352, -7.5362749099731445, -7.564118385314941, -7.592130661010742, -7.620312690734863, -7.648662090301514, -7.677180767059326, -7.705869197845459, -7.734724998474121, -7.763749599456787, -7.792943000793457, -7.822306156158447, -7.851837635040283, -7.881536960601807, -7.911406517028809, -7.941443920135498, -7.971649646759033, -8.00202465057373, -8.03256893157959, -8.063281059265137, -8.094161987304688, -8.125212669372559, -8.156431198120117, -8.18781852722168, -8.219374656677246, -8.251100540161133, -8.28299331665039, -8.315055847167969, -8.347286224365234, -8.379687309265137, -8.412256240844727, -8.444993019104004, -8.477900505065918, -8.510974884033203, -8.544218063354492, -8.577630043029785, -8.611212730407715]
volume 	 [-8.611212730407715, -8.577630996704102, -8.544219017028809, -8.510974884033203, -8.477900505065918, -8.44499397277832, -8.412256240844727, -8.379687309265137, -8.347288131713867, -8.315056800842285, -8.28299331665039, -8.251100540161133, -8.219374656677246, -8.18781852722168, -8.156431198120117, -8.125212669372559, -8.094162940979004, -8.063282012939453, -8.03256893157959, -8.00202465057373, -7.971650123596191, -7.941443920135498, -7.911406517028809, -7.881537437438965, -7.851837635040283, -7.822306156158447, -7.792943477630615, -7.763750076293945, -7.734724998474121, -7.705869197845459, -7.677181243896484, -7.64866304397583, -7.620312690734863, -7.5921311378479, -7.564118385314941, -7.5362749099731445, -7.508600234985352, -7.481093406677246, -7.453756332397461, -7.4265875816345215, -7.399587154388428, -7.372756481170654, -7.346094131469727, -7.319599628448486, -7.293274879455566, -7.26711893081665, -7.24113130569458, -7.215312480926514, -7.189662456512451, -7.164181232452393, -7.138868808746338, -7.113724708557129, -7.088749885559082, -7.063943386077881, -7.039306163787842, -7.014837265014648, -6.990537643432617, -6.966405868530273, -6.942443370819092, -6.918649673461914, -6.895025253295898, -6.87156867980957, -6.848280906677246, -6.825162410736084, -6.802212238311768, -6.779430866241455, -6.756818771362305, -6.734375, -6.712100028991699, -6.689993858337402, -6.668056011199951, -6.646287441253662, -6.624687194824219, -6.6032562255859375, -6.581993579864502, -6.56089973449707, -6.539974689483643, -6.519218921661377, -6.498631000518799, -6.478212356567383, -6.4579620361328125, -6.437880992889404, -6.41796875, -6.398224830627441, -6.378649711608887, -6.359243869781494, -6.340006351470947, -6.320937633514404, -6.302037239074707, -6.283306121826172, -6.264743804931641, -6.246349811553955, -6.228124618530273, -6.210068702697754, -6.19218111038208, -6.17446231842041, -6.156912326812744, -6.139531135559082, -6.122318267822266, -6.105274677276611, -6.088399887084961, -6.071693420410156, -6.055156230926514, -6.038787364959717, -6.022587299346924, -6.006556034088135, -5.99069356918335, -5.974999904632568, -5.959475040435791, -5.944118499755859, -5.92893123626709, -5.913912296295166, -5.899062156677246, -5.884381294250488, -5.869868278503418, -5.855525016784668, -5.841350078582764, -5.827343463897705, -5.813506126403809, -5.799837112426758, -5.786337375640869, -5.773005962371826, -5.759843826293945, -5.74685001373291, -5.734025001525879, -5.721368312835693, -5.708881378173828, -5.69656229019165, -5.684412479400635, -5.672430992126465, -5.660618782043457, -5.648974895477295, -5.637499809265137, -5.626193523406982, -5.615056037902832, -5.6040873527526855, -5.593287467956543, -5.582655906677246, -5.572193622589111, -5.561899662017822, -5.551774978637695, -5.541818618774414, -5.532031059265137, -5.522412300109863, -5.512962341308594, -5.503681182861328, -5.494568347930908, -5.48562479019165, -5.4768500328063965, -5.468243598937988, -5.459805965423584, -5.451537132263184, -5.443437099456787, -5.4355058670043945, -5.427743434906006, -5.420149803161621, -5.41272497177124, -5.405468463897705, -5.398381233215332, -5.391462326049805, -5.384712219238281, -5.378130912780762, -5.371718406677246, -5.365474700927734, -5.359399795532227, -5.353493690490723, -5.3477559089660645, -5.342187404632568, -5.336787223815918, -5.3315558433532715, -5.326493740081787, -5.321599960327148, -5.316874980926514, -5.312318801879883, -5.307930946350098, -5.303712368011475, -5.299662113189697, -5.295781135559082, -5.2920684814453125, -5.288524627685547, -5.285149574279785, -5.281943321228027, -5.278905868530273, -5.276037216186523, -5.273337364196777, -5.270805835723877, -5.268443584442139, -5.266249656677246, -5.264225006103516, -5.262368679046631, -5.26068115234375, -5.259162425994873, -5.257812023162842, -5.256630897521973, -5.255618572235107, -5.254775047302246, -5.2540998458862305, -5.253593444824219, -5.253255844116211, -5.253087520599365, -5.253087520599365, -5.253255844116211, -5.253593444824219, -5.2540998458862305, -5.254775047302246, -5.255618572235107, -5.256630897521973, -5.257812023162842, -5.259162425994873, -5.26068115234375, -5.262368679046631, -5.264225006103516, -5.266249656677246, -5.268443584442139, -5.270805835723877, -5.273337364196777, -5.276037216186523, -5.278905868530273, -5.281943321228027, -5.285149574279785, -5.288524627685547, -5.2920684814453125, -5.295781135559082, -5.299662113189697, -5.303712368011475, -5.307930946350098, -5.312318801879883, -5.3168745040893555, -5.321599960327148, -5.326493263244629, -5.3315558433532715, -5.336787223815918, -5.342187404632568, -5.3477559089660645, -5.353493690490723, -5.359399795532227, -5.365474700927734, -5.371718406677246, -5.378130912780762, -5.384712219238281, -5.391462326049805, -5.398380756378174, -5.405468463897705, -5.41272497177124, -5.420149803161621, -5.427743434906006, -5.4355058670043945, -5.443437099456787, -5.451537132263184, -5.459805965423584, -5.468243598937988, -5.4768500328063965, -5.48562479019165, -5.494568347930908, -5.503681182861328, -5.512962341308594, -5.522412300109863, -5.532031059265137, -5.541818618774414, -5.551774501800537, -5.561899662017822, -5.572193622589111, -5.582655906677246, -5.593286991119385, -5.6040873527526855, -5.615056037902832, -5.626193523406982, -5.637499809265137, -5.648974895477295, -5.660618305206299, -5.672430992126465, -5.684412479400635, -5.69656229019165, -5.70888090133667, -5.721368312835693, -5.734024524688721, -5.746849536895752, -5.759843826293945, -5.773005962371826, -5.786337375640869, -5.799837112426758, -5.813506126403809, -5.827343463897705, -5.8413496017456055, -5.855525016784668, -5.869868278503418, -5.88438081741333, -5.899062156677246, -5.913912296295166, -5.92893123626709, -5.944118499755859, -5.959474563598633, -5.974999904632568, -5.99069356918335, -6.006555557250977, -6.022587299346924, -6.038787364959717, -6.0551557540893555, -6.071693420410156, -6.088399887084961, -6.105274677276611, -6.122318267822266, -6.139531135559082, -6.156912326812744, -6.17446231842041, -6.192180633544922, -6.210068702697754, -6.228124618530273, -6.246349334716797, -6.264743804931641, -6.283306121826172, -6.302037239074707, -6.320937156677246, -6.340006351470947, -6.359243392944336, -6.378649711608887, -6.398224353790283, -6.41796875, -6.437880992889404, -6.4579620361328125, -6.478212356567383, -6.498631000518799, -6.519218444824219, -6.539974689483643, -6.56089973449707, -6.581993579864502, -6.603255748748779, -6.624687671661377, -6.646287441253662, -6.668056011199951, -6.689992904663086, -6.712100028991699, -6.734374523162842, -6.7568182945251465, -6.779431343078613, -6.802212238311768, -6.825162410736084, -6.848280429840088, -6.87156867980957, -6.89502477645874, -6.918649673461914, -6.942442893981934, -6.966405868530273, -6.990537166595459, -7.01483678817749, -7.039306163787842, -7.063943386077881, -7.088749408721924, -7.113724231719971, -7.138868808746338, -7.164180755615234, -7.189661979675293, -7.215312480926514, -7.24113130569458, -7.267118453979492, -7.293274402618408, -7.319599628448486, -7.346093654632568, -7.372756004333496, -7.399588108062744, -7.4265875816345215, -7.453756332397461, -7.481093406677246, -7.508600234985352, -7.5362749099731445, -7.564118385314941, -7.592130661010742, -7.620312690734863, -7.648662090301514, -7.677180767059326, -7.705869197845459, -7.734724998474121, -7.763749599456787, -7.792943000793457, -7.822306156158447, -7.851837635040283, -7.881536960601807, -7.911406517028809, -7.941443920135498, -7.971649646759033, -8.00202465057373, -8.03256893157959, -8.063281059265137, -8.094161987304688, -8.125212669372559, -8.156431198120117, -8.18781852722168, -8.219374656677246, -8.251100540161133, -8.28299331665039, -8.315055847167969, -8.347286224365234, -8.379687309265137, -8.412256240844727, -8.444993019104004, -8.477900505065918, -8.510974884033203, -8.544218063354492, -8.577630043029785, -8.611212730407715]
loss_function_weights_cosine 	 [-1.0, 0.0, 0.0, 0.0, 0.0, 0.0, 0.0, 0.0, 0.0, 0.0]
loss_function_weights_sine 	 [0.0, 0.4000000059604645, -0.25999999046325684, 0.0, 0.0, 0.0, 0.0, 0.0, 0.0, 0.0]
=======
4 1.7175 1.8154
6 1.29 1.3258
6 1.7325 1.6777
4 0.615 0.6679
5 2.4375 2.4444
6 2.4675 2.5926
7 1.9575 1.9383
7 0.48 0.4771
5 1.56 1.7033
5 0.9825 0.9098
5 0.75 0.6359
4 2.8575 2.2762
6 2.9925 2.5965
7 0.135 0.3213
7 2.58 2.5296
5 1.8075 1.8363
4 1.1475 1.1704
7 0.8475 0.871
4 2.025 1.9427
5 1.3725 1.3464
7 2.055 2.1224
7 1.9875 2.0489
6 0.3975 0.3053
5 2.3025 2.2577
6 2.9475 2.7317
6 2.91 2.6587
4 1.8375 2.047
5 0.135 0.6957
7 0.015 0.5109
6 0.405 0.4009
7 2.82 2.5036
4 0.9075 0.6071
5 1.095 1.0559
5 2.6925 2.4558
7 0.945 0.8777
4 1.65 1.6204
5 1.305 1.4682
4 0.195 0.5248
6 1.755 1.8043
4 2.535 2.0659
4 0.4725 0.5619
4 0.675 0.7744
5 1.2375 1.1976
4 0.1125 0.5559
7 1.4925 1.5054
5 2.4525 2.4356
7 1.9725 2.0818
7 1.5975 1.6279
5 2.565 2.4537
5 0.45 0.5221
4 1.7025 1.7638
4 1.125 1.0189
6 1.8075 1.8041
7 0.3375 0.306
5 2.325 2.355
5 0.2925 0.5562
6 0.5025 0.3267
4 2.4225 2.1274
6 2.8425 2.3633
5 1.2975 1.3883
6 1.245 1.2893
6 0.735 0.6319
7 0.825 0.7873
4 1.8525 2.0233
5 0.5325 0.5861
7 0.36 0.5526
6 1.365 1.2546
5 0.495 0.6517
6 1.9425 1.8583
4 2.46 2.1527
5 2.3325 2.3214
4 1.44 1.4867
4 1.0425 1.1288
4 1.305 1.3043
6 0.015 0.4169
7 2.1375 2.1018
7 0.9975 0.9549
5 0.96 0.6968
4 0.24 0.6788
7 1.3425 1.2717
7 1.7475 1.7106
4 1.17 1.0032
7 2.61 2.6954
7 2.0175 2.0243
7 0.7275 0.8139
5 1.575 1.5606
6 2.73 2.5823
6 1.56 1.5803
6 1.8075 1.9316
6 0.1875 0.3798
7 1.47 1.4864
6 1.3875 1.4129
5 1.2 1.0898
4 1.26 1.2718
4 1.755 1.8111
5 1.6125 1.6825
4 1.47 1.5067
4 0.495 0.5835
4 1.3275 1.4098
5 2.9025 2.3993
6 1.245 1.1566
4 0.105 0.8142
6 0.0075 0.464
4 1.605 1.5843
5 0.15 0.6128
4 0.2775 0.6004
4 0.33 0.5098
7 1.365 1.398
7 2.9775 2.8411
5 1.455 1.4418
5 1.3725 1.2395
4 1.3125 1.4431
6 1.5 1.5435
5 1.3425 1.3505
6 2.175 2.1486
7 2.6925 2.6085
6 2.0925 2.0522
7 1.2675 1.3457
5 1.95 1.9781
6 2.73 2.5462
6 0.4575 0.3294
5 0.7125 0.9244
4 1.86 1.774
4 2.0625 2.0372
6 1.9275 2.0444
7 1.7625 1.5839
6 2.49 2.6403
5 1.44 1.2902
6 2.4225 2.5702
5 2.8875 2.6038
5 1.305 1.2808
4 2.58 2.4066
5 2.1525 2.0167
7 2.6625 2.4896
4 0.135 0.9087
6 2.7375 2.5466
4 2.3025 2.1253
5 2.8875 2.2681
7 2.9475 2.6767
7 0.855 0.8429
4 2.01 1.8541
4 0.4275 0.53
7 1.785 1.7726
7 2.76 2.6031
4 0.5775 0.6012
7 1.05 1.0935
6 0.24 0.376
6 0.585 0.6527
5 0.6225 0.6757
4 0.285 0.753
6 2.9925 2.7255
5 2.6625 2.5972
7 1.395 1.4404
6 2.2275 2.4376
5 2.085 2.0627
5 1.5675 1.412
4 1.2675 1.5397
7 1.995 1.9667
6 1.665 1.7053
5 0.795 0.7142
6 1.095 1.0634
6 1.8825 1.8573
5 1.8825 1.9014
5 0.63 0.6049
5 1.83 1.7695
5 2.625 2.4159
4 2.6175 2.5118
4 1.9575 2.1228
7 0.21 0.2447
5 1.2675 1.4612
5 0.27 0.6293
5 0.165 0.5161
5 0.765 0.6207
7 1.3725 1.3549
5 2.28 2.0745
4 1.89 2.0632
5 0.8475 0.7222
5 2.085 2.1007
6 1.5225 1.5027
6 1.5225 1.6291
4 0.7875 0.5772
6 1.3275 1.3365
5 1.0275 0.9927
6 2.1825 2.3808
5 1.4475 1.3203
7 1.3425 1.3165
5 1.4325 1.4269
6 1.44 1.5158
4 2.07 1.7398
6 2.16 2.2263
7 2.4 2.4953
5 1.215 1.2519
5 2.3775 2.4462
5 2.895 2.4469
5 2.9775 2.5522
5 2.16 2.2698
5 0.195 0.4006
5 2.5425 2.5201
5 2.5125 2.5771
4 0.0525 0.6801
4 0.9825 0.9316
4 0.9675 1.3007
7 2.22 2.2007
7 1.83 1.8653
6 0.8475 0.9533
5 0.5625 0.5386
6 0.5025 0.4463
5 0.285 0.5702
7 2.37 2.4575
5 2.805 2.371
5 0.66 0.7265
6 2.235 2.2183
5 2.85 2.5739
6 0.5775 0.5865
7 1.7175 1.6916
5 1.32 1.2953
5 2.925 2.5578
7 2.61 2.589
7 0.045 0.426
4 0.6075 0.7173
4 2.5425 2.3655
7 1.725 1.6554
7 1.5675 1.577
5 2.43 2.4764
4 2.295 2.156
5 2.865 2.3873
5 0.9825 0.936
6 0.1425 0.507
6 2.0775 2.0465
7 0.15 0.213
6 1.695 1.7301
7 2.58 2.66
4 1.1925 1.2087
5 1.8 1.8102
4 0.5175 0.8874
5 0.4725 0.5799
5 1.815 1.8058
4 2.595 2.4262
5 2.9925 2.4679
5 0.09 0.5839
7 2.76 2.7591
6 1.53 1.4272
4 1.05 1.1452
7 1.1925 1.21
6 1.7325 1.781
5 1.0425 0.9355
4 0.435 0.5652
4 2.595 2.4118
4 2.1225 2.4506
5 1.83 1.8452
6 2.1675 2.2776
6 2.955 2.4626
7 0.525 0.4736
4 2.475 2.2118
5 2.4675 2.6076
4 1.0275 0.4806
7 1.68 1.6978
7 1.3725 1.1279
4 0.585 0.5267
6 1.2975 1.2233
5 0.4575 0.5304
4 2.7975 2.377
5 0.5625 0.4145
6 1.905 1.8421
4 1.71 1.9026
7 2.925 2.4887
5 2.3775 2.4968
5 1.08 0.8236
6 1.125 1.0198
5 0.15 0.4248
4 0.1575 0.692
4 0.93 0.9282
6 2.85 1.5404
6 0.15 0.2816
6 0.5325 0.659
6 1.905 2.0523
4 1.08 1.2337
5 0.555 0.4112
4 2.8425 2.3414
7 0.1275 0.2586
5 1.7925 1.6948
6 1.29 1.3544
5 1.035 1.2236
5 0.585 0.4486
6 0.4875 0.653
7 1.215 1.2729
7 2.2575 2.2659
4 1.4025 1.4165
5 2.3325 2.2194
4 2.6325 2.4181
4 0.5175 0.4893
7 2.64 2.4988
5 1.7475 1.705
7 1.26 1.1441
7 1.5375 1.5961
5 2.67 2.5867
4 1.1775 1.0617
6 0.285 0.2947
7 2.88 2.7773
4 0.3525 0.6708
7 0.3225 0.2682
4 2.1675 2.209
5 0.93 0.7803
5 0.87 0.5472
6 1.95 2.0041
5 2.6775 2.4501
4 1.035 0.8673
4 2.7225 2.4566
4 1.86 2.1932
5 1.8225 1.8169
6 1.5975 1.5163
5 0.0375 0.4938
7 0.4725 0.4984
5 2.0325 2.0659
6 2.0775 2.0206
7 0.2925 0.5853
6 1.9125 2.0007
7 1.425 1.4251
7 1.7325 1.7629
6 1.2 1.1378
6 0.6525 0.663
5 1.065 1.275
5 2.91 2.5813
6 0.5625 0.499
6 2.5875 2.4404
5 1.59 1.6284
5 0.225 0.5747
6 2.43 2.5351
6 0.0525 0.3473
5 2.5125 2.3294
5 1.0125 0.8711
7 2.7525 2.5098
6 2.1825 2.4544
4 1.0725 1.0386
6 1.875 1.8898
6 2.9625 2.468
7 0.51 0.5283
5 0.615 0.5335
4 0.87 0.7514
7 2.46 2.4285
4 0.7425 1.1196
6 0.7425 0.7196
5 1.845 2.0498
7 1.755 1.8288
7 1.2525 1.253
7 1.65 1.6452
4 0.09 0.5552
6 0.015 0.3921
5 0.0825 0.7053
6 0.165 0.3139
6 2.31 2.2168
7 2.94 2.6683
7 0.375 0.3822
7 1.155 1.1566
4 0.045 0.5952
7 1.305 1.3435
6 1.9875 2.0822
5 1.875 1.8736
6 2.7075 2.4253
7 1.6575 1.5737
4 0.1575 0.7054
6 1.1325 1.216
6 1.38 1.4432
7 1.005 0.9079
4 0.105 0.595
4 1.8825 1.8953
6 1.47 1.5531
4 2.13 1.9872
5 1.095 1.1452
5 0.21 0.5287
7 0.795 0.7876
7 0.525 0.498
7 1.38 1.3814
4 0.4575 1.1191
7 0.2325 0.3912
5 1.575 1.5047
4 0.42 0.589
6 0.315 0.3692
6 0.36 0.3929
7 2.115 2.1247
4 2.4225 2.2276
7 2.43 2.5772
6 1.725 1.645
7 1.905 1.8834
6 2.2575 2.0027
6 1.2825 1.4015
7 1.53 1.5413
4 2.1375 2.3664
7 1.905 1.8576
5 1.83 1.7491
6 1.9425 1.8776
5 1.605 1.6869
7 0.645 0.6124
7 0.915 0.9425
4 2.0775 2.3601
4 1.26 1.1454
6 2.5725 2.2634
6 1.125 1.2118
4 2.01 1.9264
4 0.345 0.523
5 0.9 0.9557
4 2.55 2.3187
6 0.525 0.4668
6 1.875 1.841
5 0.0825 0.5939
6 1.83 1.8922
4 1.3575 1.2414
7 2.7 2.6978
5 2.475 2.5198
6 2.3175 2.5338
6 1.0125 0.9475
7 2.01 2.1399
6 0.465 0.4839
6 1.47 1.4698
5 1.17 1.2508
6 1.41 1.4389
6 0.825 0.8652
5 0.6375 0.6536
7 1.56 1.6745
7 1.9575 1.8834
6 1.6875 1.6369
6 2.8575 2.5476
5 1.6725 1.8452
6 0.45 0.5799
7 1.9275 1.9347
5 0.9525 0.9671
5 2.8125 2.5284
5 0.39 0.8282
7 1.3725 1.3083
4 2.0175 1.7784
6 2.91 2.572
7 1.5675 1.422
6 1.14 1.0636
4 2.3325 2.2403
6 2.3625 2.211
6 2.7375 2.5928
5 2.1675 2.1611
7 0.3825 0.3104
4 2.9775 2.2736
6 2.79 2.6138
4 1.305 1.0522
6 1.98 1.8831
5 2.505 2.424
6 2.7525 2.6228
4 2.1675 2.1997
5 0.27 0.4925
5 0.2025 0.6306
5 1.1025 1.0753
6 1.365 1.3275
7 0.9375 0.9375
6 2.25 2.2108
4 2.2875 2.0962
5 1.2 1.0174
5 2.0925 2.0748
6 0.5775 0.6511
4 2.8575 2.1972
4 0.7275 0.7235
5 0.465 0.8382
7 1.1475 1.1323
4 2.5875 2.4225
4 1.7925 1.6371
5 2.055 2.1806
4 2.4525 2.2403
7 1.155 1.2831
4 2.88 2.4128
7 2.9625 2.8269
6 1.605 1.6103
7 2.25 2.2577
4 2.565 2.4436
7 1.7775 1.9083
5 0.39 0.6588
7 1.9725 1.9457
4 1.365 1.4431
7 2.565 2.6103
6 0.63 0.5106
7 0.0375 0.2043
5 0.54 0.4526
4 0.51 0.8738
6 1.155 1.0951
7 0.6225 0.6491
6 1.005 1.0629
6 1.77 1.6985
5 0.465 0.5585
4 1.455 1.5357
7 1.065 1.038
5 0.015 0.4867
4 2.025 2.0
7 1.5075 1.5117
5 2.325 2.4916
6 2.6325 2.3829
7 0.1425 0.2806
5 2.145 2.2874
4 1.38 1.5707
7 2.625 2.6576
7 0.345 0.3935
7 2.52 2.55
4 1.29 1.0041
4 0.2775 0.5858
5 1.3875 1.4364
5 2.6325 2.3481
4 0.2175 0.6893
6 1.1325 1.0136
7 0.24 0.3358
5 0.0225 0.4612
5 2.4825 2.2595
7 1.65 1.7263
5 1.71 1.8521
6 2.7 2.5645
6 0.255 0.3886
5 2.835 2.3124
5 2.2575 2.2884
4 2.55 1.9756
5 2.445 2.3303
4 1.185 1.2549
7 0.0675 0.4698
5 2.9925 2.1935
7 1.8975 1.9547
5 2.1375 2.0235
6 2.085 1.9741
5 0.9 0.8189
7 1.9725 1.9276
7 1.35 1.3411
5 0.6825 0.4599
5 1.5 1.3616
4 1.4025 1.4656
5 0.9075 0.9352
7 2.25 2.2193
5 2.73 2.3645
7 1.7925 1.7667
6 0.0675 0.4913
6 1.635 1.6607
5 1.89 1.7796
7 2.445 2.6469
7 0.9075 0.925
5 0.705 0.5951
6 1.1175 1.0957
7 0.48 0.3893
4 2.34 2.279
5 0.0825 0.526
7 1.695 1.7075
4 2.4975 2.2856
6 0.0975 0.4396
5 0.495 0.5156
4 2.9775 2.4085
6 0.9225 0.9056
4 2.3025 2.3683
4 0.0825 0.6891
5 1.4025 1.4257
4 0.1275 0.7041
7 0.735 0.6077
6 0.0525 0.3652
5 2.04 2.3003
4 1.365 1.2592
5 1.0575 1.103
6 1.26 1.2228
7 2.04 1.9845
4 0.78 0.6785
4 0.465 0.5944
6 0.1275 0.3931
7 1.965 1.904
4 1.995 2.1599
6 0.72 0.6823
7 1.545 1.5389
5 2.91 2.5273
6 1.4175 1.4591
5 2.295 2.2134
4 1.05 1.2551
7 1.6575 1.5793
7 2.3325 2.4832
5 2.0925 2.257
5 1.7925 1.7478
5 0.885 0.5288
5 0.1725 0.5628
5 1.4475 1.4983
4 2.1675 2.3869
4 1.08 0.8486
5 2.1825 2.4117
5 1.41 1.3058
4 0.21 0.7978
5 1.74 1.6152
7 1.65 1.7277
4 0.9675 0.9859
4 0.6 0.5645
7 2.955 2.7342
6 1.755 1.8065
7 2.175 2.1403
4 0.1275 0.5248
7 2.1975 2.1878
7 0.4875 0.5555
4 1.4475 1.6316
5 1.1775 1.1115
7 1.17 1.2012
7 2.37 2.3003
6 0.6075 0.7514
6 2.835 2.4369
7 2.55 2.5485
5 1.4775 1.3772
5 2.625 2.4922
6 1.65 1.6904
7 2.7525 2.588
4 1.4625 1.3271
5 2.9325 2.5605
6 2.235 2.4213
7 1.9725 1.9833
6 2.985 2.6901
4 2.085 2.1581
5 0.735 0.8888
5 1.9425 2.0482
7 0.51 0.6854
4 1.215 1.1363
7 2.1075 2.0131
6 0.57 0.4226
7 1.2675 1.3216
6 0.69 0.7277
6 1.245 1.2744
6 0.6975 0.8016
4 2.1075 2.1316
4 2.505 2.3295
6 1.44 1.4114
4 2.1375 2.2954
5 2.265 2.2756
4 2.4225 2.3252
6 2.4075 2.3838
7 1.9725 1.9572
5 2.2125 2.9634
6 2.19 2.0878
6 1.5675 1.67
6 2.385 2.3435
4 0.57 0.6157
4 2.16 2.3675
6 1.9125 1.7959
7 1.62 1.7198
6 1.815 1.7893
6 2.7525 2.5113
4 2.37 2.5519
5 2.07 2.253
7 2.7 2.7206
7 2.6175 2.6663
5 0.9825 0.6574
6 2.58 2.4904
5 2.655 2.5546
7 1.7475 1.7409
6 2.775 2.6074
7 0.525 0.7578
4 2.4075 2.4039
7 0.7275 0.7603
4 1.2 1.3186
4 1.5225 1.6082
6 1.2675 1.2888
7 1.5525 1.6777
4 0.2775 0.6449
5 0.18 0.5376
5 2.175 2.1276
6 0.81 0.7107
6 0.8325 0.9165
7 2.1 2.1786
5 2.2725 2.2902
7 1.605 1.5881
6 2.4525 2.4852
4 1.05 1.315
7 2.67 2.6113
5 1.9125 1.8822
6 2.5425 2.3163
6 2.445 2.604
5 2.1 2.2927
4 2.775 2.5026
5 2.265 2.1592
4 1.35 1.271
4 0.3525 0.6243
7 1.2075 1.3535
4 1.845 1.7496
4 0.0675 0.7939
5 1.7925 1.9129
5 1.2225 1.1907
4 1.425 1.6337
4 0.195 0.5833
4 0.2325 0.5189
7 1.9425 1.9088
6 0.81 0.8711
7 0.465 0.532
5 2.6025 2.5329
6 0.1725 0.3612
7 2.1075 2.1183
5 2.4675 2.21
6 2.6925 2.5312
7 1.98 2.0795
6 0.1575 0.3768
6 1.3125 1.2681
4 2.625 1.9252
7 1.23 1.2313
6 1.605 1.5585
6 2.2275 2.1659
6 1.7325 1.8436
4 1.08 1.1355
4 1.7775 1.8683
6 1.395 1.5163
6 0.9975 1.0076
6 0.21 0.368
6 0.78 0.8937
7 2.985 2.6615
7 0.8775 0.9606
5 1.0425 0.9127
5 2.94 2.5766
4 0.3075 0.6098
5 0.7575 0.6962
4 1.1325 1.2415
4 1.395 1.3239
5 1.215 1.3381
4 0.825 0.964
4 0.45 0.6588
4 1.665 1.4294
5 0.51 0.6257
5 0.0075 0.4617
6 2.28 2.2812
6 2.2875 2.4962
5 1.08 1.0335
4 2.6475 2.073
5 0.48 0.5053
4 2.7 1.969
4 2.0475 2.0265
5 2.01 1.9496
5 0.15 0.457
7 2.2875 2.3239
6 0.51 0.4093
6 1.605 1.5257
6 1.65 1.4964
6 0.18 0.3812
4 0.885 0.7663
6 2.76 2.5754
7 2.28 2.2931
5 0.9225 1.0354
6 2.9325 2.6326
5 0.2175 0.4162
7 1.9575 1.8982
4 2.4075 2.1139
5 2.5425 2.0485
6 1.9425 1.8256
5 2.22 0.3133
5 0.7425 0.6863
7 2.3475 2.2489
6 2.04 2.1731
6 1.725 1.5797
7 0.8025 0.6504
6 2.0175 2.0299
7 0.15 0.2561
6 1.5075 1.4078
5 1.9725 1.9739
4 1.0125 1.112
6 1.8 1.8526
5 0.165 0.4972
7 1.005 1.0274
5 1.47 1.4782
7 2.4825 2.3602
6 1.6125 1.5842
7 2.79 2.633
5 1.1175 1.26
6 2.6775 2.6084
7 1.7475 1.7625
5 1.41 1.591
5 0.5475 0.5199
7 2.4825 2.3562
7 2.385 2.6028
4 1.1625 1.2884
4 0.9675 1.0552
4 0.825 0.9856
6 1.02 1.0421
7 0.27 0.4895
6 2.565 2.6879
4 1.305 1.199
7 0.5325 0.5834
6 2.0475 2.0882
7 0.525 0.467
5 2.64 2.4665
4 0.015 0.7484
5 1.6575 1.7827
5 1.92 2.025
7 1.0275 1.1031
6 0.5775 0.5484
4 2.7 2.257
6 1.7775 1.7794
4 2.085 2.2114
4 0.495 0.6009
7 0.03 0.2035
7 2.7225 2.679
7 0.5625 0.56
7 0.165 0.4614
7 2.3325 2.2785
6 1.7025 1.5936
5 0.0525 0.5051
5 1.6725 1.5152
6 1.53 1.5733
7 2.7675 2.7205
5 1.77 1.9238
6 0.45 0.443
6 1.875 1.8996
6 2.4 2.2624
7 2.9025 2.6362
4 0.93 0.8483
6 1.7325 1.7813
7 0.1425 0.2694
5 2.865 2.4953
7 0.4275 0.2226
4 1.9575 2.175
5 2.565 2.2814
4 1.44 1.3617
6 2.9325 2.5997
7 1.2225 1.1518
7 1.7025 1.6582
6 2.5575 2.6245
6 0.0525 0.4233
5 2.5875 2.5266
4 2.535 2.4215
4 0.495 0.6911
6 2.0925 1.9959
6 0.825 0.8668
7 0.5775 0.601
6 1.53 1.5089
5 2.1375 2.0642
5 1.14 1.0895
4 1.02 0.9094
6 0.675 0.6954
4 1.725 1.5685
6 1.7475 1.7518
5 2.6025 2.5719
5 2.505 2.3094
5 0.0225 0.6623
7 0.4425 0.6117
7 0.3975 0.3706
7 0.8175 0.7302
6 2.2275 2.1541
5 1.47 1.32
4 2.19 2.4214
4 2.5275 1.9532
7 1.11 1.0878
5 0.0075 0.498
7 0.6375 0.4967
6 1.8525 1.86
6 1.7175 1.7035
7 0.615 0.5665
5 2.265 2.4445
6 0.09 0.3576
7 0.465 0.3138
5 1.5525 1.4561
7 1.815 1.7184
7 2.7525 2.5444
5 1.155 1.0141
5 2.4375 2.3128
6 1.4175 1.372
4 0.9075 0.6081
7 2.8575 2.7316
7 1.485 1.5235
5 2.1225 2.2677
5 0.8775 0.7603
7 2.655 2.6093
4 1.4325 1.462
5 0.1425 0.5042
5 0.2025 0.675
5 1.0575 1.2458
5 1.2825 1.3388
5 0.33 0.4084
7 2.55 2.6867
5 1.6725 1.659
6 2.8425 2.5439
4 1.95 2.0512
4 2.4 2.2982
5 0.51 0.5946
4 0.135 0.5121
4 0.6825 0.6321
6 1.26 1.2868
4 0.15 0.7643
7 2.7825 2.7004
5 0.9 0.9144
5 2.3775 2.5909
6 0.135 0.3022
6 2.55 2.6045
6 0.9975 0.9374
5 1.545 1.4105
6 1.83 1.9021
7 1.83 1.9347
7 0.885 0.8982
4 0.765 1.0048
7 1.1625 1.1856
5 1.665 1.5887
7 0.0 0.3771
4 0.6825 0.8888
7 0.21 0.3552
7 2.4975 2.5306
6 2.1 2.068
6 2.4975 2.5027
5 2.01 1.9876
5 0.105 0.6807
7 0.9825 0.974
5 2.6475 2.4304
7 1.4025 1.3408
7 0.9675 1.0351
5 0.4725 0.5771
7 2.7375 2.7786
5 0.285 0.3142
4 1.08 0.7123
6 0.945 1.005
5 1.9125 1.9208
6 2.7375 2.5415
5 2.22 2.5236
7 2.895 2.7683
4 0.855 1.0563
5 2.235 2.102
4 2.1375 2.2278
6 0.1575 0.3343
4 1.725 1.7777
5 2.6325 2.6488
5 0.09 0.4142
4 0.6825 0.7253
5 1.605 1.7389
6 1.8225 1.772
7 1.635 1.7165
4 2.6475 2.1741
5 1.14 1.0776
7 1.9725 1.9519
5 1.635 1.5506
7 2.4675 2.4536
6 1.17 1.2645
4 2.76 2.5258
6 2.5425 2.5093
4 2.1675 2.1368
4 2.745 2.3809
6 1.9875 1.8834
5 0.885 0.8021
7 2.88 2.608
7 1.0575 1.0445
6 1.0425 0.9897
7 1.8825 1.9118
6 1.5 1.4737
4 2.9925 2.4685
5 1.245 1.2939
5 2.7975 2.5939
6 1.35 1.218
6 0.675 0.5854
4 1.605 1.6482
4 2.0175 2.0189
5 0.9 0.6482
5 1.7625 1.74
6 1.3125 1.2643
4 0.0675 0.6571
6 0.195 0.5598
5 1.14 1.193
6 2.1 2.1946
7 0.4725 0.5046
6 2.8875 2.5973
7 1.0875 1.0061
6 0.3225 0.5524
7 0.5625 0.5357
6 2.76 2.5814
5 2.535 2.1918
6 1.9875 1.9976
4 0.1725 0.6358
5 1.9275 2.1606
4 0.0675 0.9166
5 0.705 0.6805
7 0.2025 0.2877
6 2.01 1.8209
7 2.46 2.409
4 0.7875 0.6416
5 2.985 2.3739
5 1.6275 1.5301
7 2.55 2.7501
4 0.5925 0.5894
6 2.3925 2.3795
5 1.89 1.8301
5 0.2325 0.6925
7 2.295 2.2504
5 2.295 2.5186
7 1.1325 1.1859
7 0.795 0.8763
5 0.225 0.4553
5 1.8075 1.96
4 0.9 0.6375
4 0.6975 0.7767
4 1.35 1.1954
5 0.3825 0.4507
7 1.98 2.0156
4 0.975 1.1153
7 0.885 0.8135
7 1.2975 1.2517
5 1.305 1.4484
4 1.305 1.1639
5 0.765 0.625
4 2.2575 2.2887
6 2.685 2.4533
4 1.695 1.6772
5 2.1675 2.5342
4 2.43 2.2406
7 0.855 0.8706
6 2.61 2.4453
5 1.71 1.7033
4 1.905 1.8155
7 1.6575 1.7566
5 2.655 2.5335
6 1.4775 1.5014
4 2.13 2.2665
7 0.78 0.812
5 0.48 0.3961
4 1.62 1.7108
4 2.475 2.1241
4 0.435 0.7487
6 2.175 2.3995
4 0.825 0.9719
7 0.3375 0.1295
5 2.43 2.331
4 0.1725 0.6137
4 1.26 1.3549
5 1.965 1.8451
6 2.1075 2.0683
5 2.295 2.0711
5 0.3 0.5056
4 0.39 0.8391
6 0.915 0.8921
6 2.5275 2.2928
7 2.685 2.7314
4 1.2675 1.591
7 0.8475 0.8536
7 1.845 1.8542
5 1.29 1.3509
7 0.06 0.5496
5 1.8225 1.652
6 2.7825 2.5631
7 1.995 2.0338
6 2.175 2.188
7 0.21 0.3947
7 1.8375 1.8828
4 2.82 2.4298
5 0.8175 0.9825
7 0.96 1.0287
5 0.75 0.7483
5 1.7925 1.8227
6 1.035 1.0309
7 2.55 2.4942
7 2.0325 2.0575
7 1.635 1.5886
4 2.2875 2.3228
6 0.6225 0.2827
6 0.75 0.8557
4 1.2675 1.2438
5 1.185 1.1385
5 1.32 1.2798
5 2.9625 2.5275
4 0.975 0.7016
6 2.5425 2.2858
4 2.4975 2.3267
4 0.9525 0.5313
5 1.1775 1.044
6 0.0675 0.3487
6 2.085 2.0988
6 1.455 1.5608
6 0.51 0.5129
6 2.7075 2.3383
6 1.3425 1.375
7 0.7275 0.6835
4 1.425 1.5337
6 0.51 0.2963
6 0.72 0.737
6 1.935 1.8783
7 1.965 1.9402
6 0.315 0.4505
4 2.205 2.0275
4 2.3175 2.3476
6 1.6125 1.5674
5 1.83 1.9002
4 1.83 1.8669
4 2.325 2.2569
5 2.1375 2.0678
4 2.355 2.3416
7 1.5525 1.5501
5 1.4025 1.3277
7 0.42 0.3618
7 2.0175 2.1306
4 1.9275 1.8429
5 2.31 2.2916
7 1.9425 1.9776
5 1.485 1.6888
7 0.1725 0.3299
5 1.95 2.1486
7 2.025 2.0315
6 0.405 0.5029
7 0.705 0.6911
6 1.3875 1.3717
5 0.3525 0.5716
5 2.985 2.435
5 0.2175 0.5498
6 2.1 2.1277
7 2.6175 2.518
5 0.18 0.4822
4 1.44 1.4174
4 1.32 1.3682
7 2.9325 2.6339
7 2.88 2.7517
5 1.7475 1.7612
4 2.25 2.2468
4 2.6025 2.3724
4 0.3225 0.5723
7 0.33 0.1867
6 1.92 1.9832
7 2.7225 2.6829
6 2.13 2.0909
5 2.7375 2.1743
7 0.495 0.4981
5 0.825 0.5725
6 0.57 0.7237
7 1.62 1.5869
7 2.8725 2.7254
4 0.6 0.5826
4 1.335 1.3062
7 1.4025 1.3925
6 1.6425 1.632
6 0.9 0.8777
7 1.3425 1.324
6 0.0 0.4432
6 0.0075 0.3744
6 1.575 1.576
5 0.315 0.5711
6 1.83 1.7685
6 1.23 1.0409
5 1.2975 1.2835
7 0.8925 0.8235
4 2.5875 2.4823
7 1.035 1.1531
4 2.595 2.3587
7 0.195 0.4983
7 1.8975 1.8755
4 0.555 0.533
5 2.775 2.4892
7 0.135 0.2123
4 2.4975 2.4264
6 2.3025 2.1927
6 1.1925 1.111
4 0.195 0.5846
5 2.1225 2.1815
6 2.175 2.1411
7 2.3775 2.3287
5 2.04 1.9872
6 2.4675 2.3211
7 1.1925 1.2473
6 1.9425 1.9749
6 2.7075 2.4837
5 0.8775 0.8391
7 0.6825 0.6046
6 0.9075 1.1166
6 0.0525 0.3986
5 2.5275 2.2881
7 0.525 0.7323
5 0.0225 0.5647
7 0.7875 0.856
5 1.41 1.5234
6 2.7075 2.5308
7 1.05 0.971
4 2.595 2.3656
5 2.79 2.2594
6 2.9625 2.3739
7 1.755 1.7849
7 1.9725 1.9445
7 1.6575 1.6851
6 2.3625 2.4992
7 2.0625 2.0462
5 0.3075 0.5657
7 1.23 1.2263
7 2.5575 2.5396
4 1.2675 0.8604
5 2.3625 2.2826
4 2.535 2.2911
7 2.3175 2.2568
7 2.1825 2.1553
6 0.9975 0.9981
5 1.5075 1.5158
5 2.5125 2.4651
5 1.305 1.3522
4 1.725 1.5528
5 0.15 0.6364
6 1.3125 1.2859
6 1.5 1.477
5 0.4725 0.7699
7 1.1625 1.1416
4 0.2325 0.5002
4 2.9025 2.3386
6 0.42 0.3573
5 2.1525 1.906
7 0.8025 0.8563
5 2.94 2.5028
4 2.58 2.3
4 1.5975 1.7317
5 0.7275 0.8459
7 0.285 0.6131
4 1.2825 1.5846
4 1.005 1.11
5 0.6375 0.7773
5 2.775 2.3492
6 1.8525 1.8936
7 0.3525 0.2451
6 1.395 1.4028
6 0.9825 0.9338
4 2.3775 2.3186
4 1.7175 1.4479
7 0.0525 0.324
5 1.59 1.6478
6 1.44 1.4052
5 0.78 1.0212
7 1.3125 1.329
7 0.78 0.9098
5 0.3975 0.5831
6 0.8925 0.9581
7 2.985 0.554
7 0.18 0.3931
5 1.7175 1.609
5 2.46 2.453
7 2.595 2.574
6 1.38 1.3381
7 2.1375 2.1909
5 1.425 1.3488
5 1.7025 1.8211
4 0.4575 0.5195
4 2.46 2.3334
7 2.4075 2.538
5 0.8025 0.9039
4 1.8225 1.5647
4 0.6075 0.7932
6 2.37 2.5705
4 0.3975 0.6224
7 0.5925 0.5732
4 1.41 1.3028
4 0.9675 1.0909
5 1.32 1.3256
4 0.3675 0.7078
6 2.115 2.1188
7 0.48 0.2353
7 0.285 0.253
4 1.62 1.5873
5 2.4825 2.2566
7 1.98 1.9853
7 2.19 2.2204
4 0.78 0.8913
4 1.0875 1.1626
7 1.8 1.7952
7 0.9225 0.9049
4 1.1025 1.2493
5 2.3175 2.2943
5 0.255 0.504
6 1.9425 1.932
4 0.885 0.8223
4 0.795 0.5445
4 2.43 2.2163
5 2.4675 2.3492
5 0.195 0.4365
6 0.2775 0.6204
5 1.08 1.0547
6 1.3275 1.2847
4 1.215 1.3819
5 1.935 1.8482
6 1.1175 1.0889
6 0.69 0.3762
7 2.925 2.7026
4 2.985 2.3881
4 2.445 2.1884
5 2.535 2.5904
4 2.94 2.2617
6 2.355 2.575
7 1.695 1.7899
5 0.15 0.4349
7 0.615 0.6186
6 1.7775 1.8298
6 1.4775 1.403
6 2.5425 2.6757
4 0.0375 0.6671
4 1.2675 1.2595
4 0.2325 0.5782
5 0.84 1.0184
5 1.1325 1.0832
6 2.205 2.2456
6 2.265 2.1168
4 2.0925 2.2495
6 1.305 1.3416
6 1.5675 1.4934
5 2.2425 2.2483
4 2.085 1.8969
5 0.57 0.615
6 2.5875 2.5567
4 2.4375 2.3066
7 2.175 2.1552
7 1.9425 1.9512
4 1.6275 2.0017
5 0.5475 0.4715
6 0.225 0.5024
6 0.2625 0.2729
7 0.12 0.398
4 0.675 0.6137
7 2.985 2.5835
5 1.7325 1.8015
7 0.0 0.3736
6 2.5125 2.561
5 0.165 0.484
7 1.2375 1.1873
4 1.71 1.9463
7 0.825 0.7979
6 2.595 2.5149
7 1.38 1.4227
5 1.845 2.0339
6 2.685 2.3626
7 0.9975 0.9478
5 2.3325 2.2977
6 2.265 2.087
5 1.605 1.4943
6 0.9525 0.9159
6 2.9775 2.6107
5 1.35 1.4019
5 1.275 1.1168
6 1.8525 1.7733
5 0.705 0.7486
7 1.3875 1.425
4 0.8325 1.0646
6 1.665 1.6415
5 0.42 0.607
7 0.09 0.3821
6 2.085 2.2083
5 0.735 0.477
6 0.0375 0.5066
6 0.4575 0.4918
6 2.385 2.6144
6 2.775 2.5227
6 2.88 2.4885
7 1.2 1.2222
4 1.3575 1.606
4 1.7925 1.8815
6 2.79 2.5709
7 2.235 2.273
7 2.4975 2.4579
7 0.285 0.2661
4 1.635 1.6284
7 2.01 1.8905
7 0.735 0.8293
7 1.155 1.1429
6 0.225 0.4945
7 2.2725 2.4025
6 1.6425 1.7071
7 0.36 0.5259
7 2.265 2.2699
6 2.8425 2.5411
4 1.4325 1.6182
5 2.7075 2.4395
4 1.8075 1.9233
6 1.065 1.1388
7 1.395 1.3575
7 2.895 2.6389
5 2.61 2.5063
6 1.2975 1.2745
4 1.77 1.9344
7 1.005 0.917
5 2.5425 2.4684
6 2.4825 2.5464
7 1.0125 1.0453
4 1.05 0.8651
4 2.8425 2.1465
5 1.635 1.6725
5 0.195 0.5377
6 0.42 0.3695
5 2.5875 2.3429
7 2.79 2.6361
6 0.3975 0.2887
6 2.5275 2.5836
7 0.2325 0.4782
7 0.9825 1.0183
6 1.3125 1.3416
7 2.67 2.5616
5 1.3575 1.4621
6 1.14 1.1261
7 1.5525 1.5563
6 0.1875 0.4366
5 1.47 1.3904
5 0.705 0.843
6 0.4725 0.472
4 0.1725 0.5763
6 2.6775 2.6251
6 0.705 0.7827
7 2.025 1.8993
7 1.2 1.2357
6 1.1925 1.1822
4 2.4825 2.4419
5 0.7575 0.942
6 1.3575 1.3803
4 1.3425 0.9201
5 2.3025 2.0951
5 2.7525 2.2191
6 1.17 1.2391
7 0.135 0.3681
7 0.21 0.1497
6 1.9725 2.066
7 2.1375 2.1073
7 0.075 0.3738
6 2.925 2.5807
5 1.6425 1.6465
6 0.555 0.5219
7 0.06 0.2742
5 1.1475 1.1387
7 0.5025 0.5899
7 2.745 2.6437
6 0.435 0.4363
6 2.0775 2.1148
5 1.32 1.2476
7 2.775 2.7022
7 1.4475 1.0863
4 1.9425 2.4614
6 2.97 2.3812
5 1.1025 1.2296
7 1.5825 1.5293
6 1.3725 1.3948
6 2.2125 2.0651
7 0.7425 0.7587
6 0.2775 0.4887
5 2.3175 2.4929
7 1.83 1.7754
6 1.41 1.5236
4 1.335 1.1727
7 2.58 2.6749
4 0.9225 1.1808
7 0.8175 0.6962
5 2.5275 2.5852
7 0.93 0.9068
4 2.4825 2.3213
5 0.165 0.6021
4 0.9675 0.9028
5 0.9225 1.0612
5 2.535 2.1953
6 1.3275 1.3691
4 2.985 2.3984
6 2.2875 2.458
6 2.085 2.2096
5 1.035 1.1656
6 1.6125 1.5991
7 1.68 1.7121
4 1.365 1.433
4 0.33 0.575
6 0.96 0.9286
6 1.5225 1.4964
7 0.87 0.8689
6 1.6875 1.8008
7 0.84 0.9114
5 2.49 2.2993
4 0.5775 0.6462
6 2.1225 2.1595
4 2.2425 2.1178
4 2.865 2.1872
5 2.3625 2.3429
4 1.56 1.3867
5 0.615 0.6701
4 0.135 0.5719
7 1.71 1.6803
6 2.5125 2.5878
4 1.9275 1.9566
6 1.7325 1.81
6 2.745 2.5656
7 2.1675 2.1372
5 1.965 1.9476
5 2.64 2.4622
6 1.845 1.7995
6 2.8125 2.5782
6 0.03 0.4671
4 2.2725 2.1229
4 0.81 0.9305
4 2.9325 2.0304
6 2.6775 2.3733
7 2.445 2.3641
5 2.4975 2.3023
6 0.2775 0.4881
6 0.015 0.5241
7 1.1925 1.2775
6 0.075 0.3721
7 2.9175 2.4808
4 0.255 0.5976
4 0.9975 0.9325
4 0.825 0.9523
7 1.605 1.5002
6 2.4525 2.6516
7 0.2025 0.3771
7 1.2525 1.1443
4 0.3675 0.6786
6 1.815 1.731
5 1.6125 1.6676
7 0.3975 0.5233
4 2.0775 1.9498
5 0.51 0.506
5 0.4725 0.4462
5 2.3325 2.424
4 0.3975 0.5386
5 1.8225 1.82
7 2.1675 2.0812
5 0.3225 0.4239
6 2.595 2.4301
6 0.9225 1.0051
5 1.7325 1.6773
4 1.14 1.3628
6 2.955 2.6814
5 2.685 2.4918
7 1.095 1.0228
6 0.9675 0.9706
4 2.7375 2.1522
5 2.6325 2.5225
6 2.46 2.4309
7 2.7375 2.6643
7 2.97 2.6306
5 0.7275 0.5787
4 2.8275 2.5338
7 1.7175 1.7582
7 1.56 1.5918
7 1.08 1.0679
5 2.415 2.2081
4 2.0775 2.1111
4 0.0375 0.589
7 2.7225 2.6
5 1.5 1.5911
7 0.72 0.6606
4 1.815 1.9121
4 1.2825 1.3047
6 1.0425 1.039
5 1.1475 1.1831
6 2.8575 2.5948
7 0.585 0.4723
5 1.5675 1.7143
4 1.3725 1.4117
6 0.1725 0.2861
5 1.6275 1.5752
7 1.6875 1.623
4 2.07 1.9593
4 1.7475 1.5837
7 0.75 0.8652
5 0.315 0.4579
7 2.37 2.4171
7 2.5575 2.7025
5 0.8775 0.8749
7 1.14 1.152
4 2.3325 2.3444
7 1.4475 1.4582
7 2.295 2.3567
7 2.7225 2.6409
7 1.2825 1.2442
5 2.8725 2.5647
4 0.8175 0.7433
5 0.5175 0.4301
4 0.7275 1.1805
7 0.3675 0.3977
4 1.7925 1.7304
6 2.3925 2.2706
6 2.9625 2.7035
7 1.335 1.3414
7 2.4675 2.4425
4 2.04 1.7823
6 1.3275 1.2695
4 0.93 0.954
4 1.2075 1.2472
6 2.445 2.2126
4 0.8775 0.6579
6 0.6975 0.5682
4 0.6075 0.6189
7 1.0575 1.0866
6 0.4875 0.2752
4 0.8025 0.9635
7 0.045 0.3132
5 2.37 2.437
7 0.96 0.9256
4 0.99 1.1551
5 0.8325 0.6685
4 0.3075 0.6135
5 0.9675 0.9506
6 1.395 1.2681
7 2.88 2.5473
4 0.9675 1.0387
4 1.245 1.2629
6 1.2 1.3005
5 1.395 1.2704
4 1.8525 2.1603
5 2.0025 2.2161
6 0.93 0.9637
4 1.185 1.3416
4 1.9575 2.2067
4 2.295 2.2551
5 0.87 0.4897
4 0.0825 0.536
6 2.9475 2.5547
4 1.785 1.7143
4 1.5675 1.6068
6 1.125 1.0906
6 2.2725 2.2681
6 1.1475 1.2155
4 2.9325 2.2951
4 1.08 1.0965
4 2.8275 2.4182
4 0.105 0.6413
5 1.1475 1.1454
4 1.35 1.2051
5 1.5 1.5552
7 0.48 0.3892
5 2.16 2.1238
7 0.45 0.5266
6 0.4275 0.4323
7 2.7 2.6845
4 1.3125 1.111
6 2.625 2.5323
5 1.0725 1.2225
5 2.6775 2.565
7 0.255 0.4117
6 2.7525 2.4323
4 2.91 2.4003
7 1.9725 2.1488
6 0.5925 0.4129
6 2.8875 2.6493
5 0.81 0.9034
6 1.7175 1.7251
5 1.41 1.3312
6 2.865 2.6571
4 1.89 1.6913
4 2.4225 2.2095
5 1.23 1.1013
5 0.795 0.7172
5 1.005 0.7873
5 1.7325 1.8271
5 2.2875 2.1433
7 2.2575 2.0921
7 2.6175 2.6942
7 1.725 1.6607
6 1.6575 1.6095
7 1.2825 1.2298
5 0.885 0.9048
7 2.235 2.2428
6 0.24 0.3355
6 1.9425 1.8482
4 0.5175 0.5213
4 0.15 0.5437
5 1.53 1.5395
7 2.1975 2.1464
5 1.53 1.6235
6 2.7075 2.6103
4 2.475 2.2979
6 2.145 2.0591
7 2.1525 2.1262
7 2.4825 2.4911
6 1.0725 1.0982
5 2.355 2.4791
5 0.0825 0.4517
6 2.985 2.5106
5 0.525 0.5958
4 1.215 1.2472
6 1.095 1.0535
6 0.885 0.8718
7 0.27 0.2914
6 2.82 2.7726
7 2.82 2.7097
7 2.7825 2.6562
7 1.83 1.9147
6 0.51 0.6959
4 1.8975 1.8752
5 2.7075 2.4952
4 0.9975 1.0892
4 0.2475 0.5829
6 2.0775 1.9931
4 2.355 2.0875
5 1.2675 1.2251
6 1.71 1.7921
6 2.0775 1.9944
5 1.5675 1.6302
4 2.655 2.2049
4 0.78 1.0063
6 0.555 0.6037
7 2.1825 2.139
7 2.6775 2.7276
6 2.88 2.5217
7 0.42 0.4316
5 1.1175 1.0171
6 0.69 0.544
5 1.6425 1.751
6 0.8325 0.8425
5 2.0925 1.8865
5 1.4325 1.2753
5 2.2725 2.2654
5 1.905 1.836
7 2.79 2.7605
5 1.035 1.0608
6 2.16 2.0589
6 1.71 1.6837
7 1.4775 1.4331
6 0.825 0.6723
7 1.155 1.2299
7 2.4225 2.2875
5 2.025 2.0185
7 2.0025 1.8458
5 1.9725 2.0372
7 1.2075 1.1798
5 2.3625 2.4027
7 2.2125 2.1546
6 2.61 2.4383
5 2.3475 2.3686
6 1.755 1.7261
6 2.235 2.3265
5 0.225 0.5123
5 2.85 2.5003
5 1.1475 1.3038
5 0.51 0.6748
7 0.15 0.4356
7 2.0175 1.99
7 0.6075 0.7102
5 2.22 2.26
4 0.9825 1.17
5 1.1925 1.165
5 1.0875 1.1916
4 2.3025 2.1088
5 2.9925 2.1977
7 2.745 2.633
6 0.225 0.5112
6 0.36 0.3506
5 1.7475 1.6707
7 2.4825 2.5408
4 2.4675 2.2844
4 1.965 2.3028
6 2.5575 2.518
6 1.785 1.7644
5 1.5225 1.5138
5 0.06 0.5189
5 2.475 1.9632
6 0.555 0.6469
6 1.005 1.087
7 1.74 1.6976
7 0.8775 0.8193
7 2.85 2.7137
5 2.9625 2.283
4 0.315 0.9254
5 2.4675 2.3964
7 1.0875 1.0385
6 1.0725 1.2578
7 1.095 1.1284
5 2.6475 2.4651
6 0.7875 0.8103
7 2.7 2.4968
6 2.1375 1.939
5 0.645 0.4518
6 0.045 0.3862
4 1.9425 1.8683
5 1.77 1.6382
5 0.5175 0.5768
7 0.315 0.3078
5 2.865 2.4087
5 1.3425 1.3451
6 2.31 2.3586
5 0.06 0.7591
5 0.81 0.7077
6 1.2975 1.4273
5 1.08 1.086
6 1.845 1.8415
7 2.82 2.664
6 1.5525 1.5292
7 2.7675 2.6684
7 1.6425 1.6196
6 2.355 2.5972
5 0.6375 0.7599
4 1.245 1.2089
6 1.665 1.7082
5 0.2175 0.4315
6 2.3625 2.1609
7 0.615 0.5123
6 2.8875 2.5478
5 0.4575 0.6293
4 1.68 1.5196
7 2.82 2.6269
6 1.7475 1.7262
6 1.395 1.259
7 2.4375 2.6759
5 1.4025 1.4296
5 1.65 1.5408
7 2.4525 2.581
5 0.42 0.807
5 0.6675 0.6736
5 0.06 0.5292
6 1.905 1.9037
4 2.4825 2.2137
4 1.8375 1.9237
7 1.5675 1.606
6 2.1525 2.1258
5 0.0 0.5617
6 0.21 0.345
5 0.765 0.5495
5 0.735 0.5889
7 0.3525 0.3803
5 2.9925 2.5115
5 1.995 1.9117
5 2.1225 2.009
4 2.31 2.2441
5 0.06 0.4381
5 0.3225 0.412
6 0.1425 0.5001
5 2.7975 2.558
7 2.52 2.5828
4 2.2875 2.2897
5 1.5675 1.4322
5 2.88 2.3993
6 2.0475 1.9571
5 0.1575 0.5591
6 1.515 1.5626
7 1.1775 1.1971
5 0.6675 0.6966
4 2.9475 2.3114
5 1.3875 1.4233
7 2.31 2.389
6 0.2775 0.4884
5 0.78 0.8282
5 0.1125 0.4627
7 2.1075 2.2361
6 2.3475 2.6857
5 1.095 1.0139
5 2.67 2.4002
4 1.4625 1.3689
4 1.8375 1.9206
4 0.585 0.647
4 0.2325 0.4631
5 2.6325 2.4431
4 2.835 2.3255
6 0.4425 0.3838
7 0.465 0.5802
6 1.2225 1.2552
7 2.28 2.3933
6 1.4775 1.4805
5 2.8425 2.3601
4 1.9575 2.0975
6 1.395 0.0519
6 0.075 0.3986
4 2.265 2.1555
4 1.605 1.621
5 2.7825 2.2682
5 0.5475 0.5504
5 0.6825 0.7686
6 1.815 1.6726
4 1.395 1.2494
4 2.2875 2.3746
7 0.5925 0.667
7 1.08 1.0053
7 2.1825 2.1555
5 2.5875 2.479
4 1.605 1.7943
5 2.0625 1.9796
7 0.39 2.279
4 1.485 1.4302
7 0.075 0.2841
6 0.645 0.5269
6 2.4225 2.3724
4 1.2525 0.7446
6 0.5025 0.3199
5 1.26 1.2543
5 1.2075 1.2775
5 2.4825 2.5923
6 0.5925 0.4365
4 1.4025 1.2149
5 2.745 2.3285
7 1.5075 1.4585
6 1.53 1.4263
6 1.38 1.394
5 0.525 0.7702
4 0.3075 0.5692
4 2.175 2.4614
6 0.6075 0.4004
4 2.7975 2.3852
7 2.73 2.6399
7 1.6125 1.6178
4 0.8025 1.0367
6 2.4225 2.5782
4 2.82 2.166
4 2.775 2.3581
6 1.5675 1.5203
5 1.8525 1.8751
7 1.0575 1.0711
4 0.3375 0.7795
7 0.4725 0.5088
5 0.15 0.684
7 1.8075 1.7588
6 0.42 0.5329
6 2.505 2.6128
7 1.53 1.4411
4 0.675 0.6458
7 1.1775 1.0538
4 1.245 1.2049
5 1.8375 1.836
5 2.0775 2.0406
4 0.42 0.7484
6 1.4775 1.4194
7 2.025 1.9749
7 2.7525 2.734
6 2.4375 2.3774
4 0.0075 0.7129
5 1.815 1.6682
4 0.36 0.6844
7 1.6725 1.6566
4 2.91 2.3996
7 0.675 0.7489
5 1.14 1.0449
7 0.8775 0.9127
5 1.2675 1.2307
7 0.3525 0.6957
5 0.9375 0.9632
4 0.705 0.8344
5 0.24 0.3982
4 0.18 0.7328
5 0.81 0.8381
6 2.145 2.2365
5 0.03 0.4578
7 2.4975 2.5743
6 1.32 1.2501
4 2.355 2.5353
4 0.6075 0.8291
7 2.1675 2.1668
4 0.03 0.6677
5 0.555 0.5653
5 2.7975 2.5471
4 1.515 1.1438
6 1.62 1.5291
7 0.825 0.8634
7 0.2025 0.3084
6 0.1725 0.4447
5 0.0225 0.6056
5 2.19 2.1129
4 1.4925 1.4644
4 1.14 1.2151
6 0.825 0.823
7 2.985 2.6767
4 0.2025 0.7993
6 0.6225 0.7829
5 1.1775 1.0705
4 2.025 1.9048
6 2.1375 2.1338
4 2.9175 2.3977
7 1.7175 1.7061
6 1.0575 0.9642
5 2.07 1.9748
4 1.1475 1.2796
7 1.335 1.373
6 2.355 2.2569
4 2.55 2.3341
6 1.815 1.8899
4 0.375 0.58
6 1.92 1.9153
7 2.4 2.3946
6 2.4225 2.1835
4 1.3125 1.3448
4 1.56 1.6217
7 1.1175 1.1678
5 0.0 0.4292
7 1.44 1.4651
4 1.2375 1.2918
7 0.765 0.7361
5 2.1075 2.271
5 0.645 0.6252
6 1.95 1.9485
4 0.15 0.6476
6 1.59 1.654
5 0.915 0.9442
5 2.865 2.4245
4 1.0275 0.953
5 1.38 1.2628
4 0.375 0.6597
6 2.61 2.542
7 1.17 1.1437
6 1.8075 1.852
7 2.34 2.37
4 1.1925 1.1351
5 0.0375 0.4448
5 2.5275 2.2202
7 0.6225 0.6042
7 2.9625 2.7424
6 0.51 0.7328
7 0.3075 0.4772
4 1.9125 2.0128
7 0.225 0.3911
6 1.5 1.4699
7 2.61 2.4262
7 2.955 2.7875
7 0.6 0.631
7 2.6325 2.6383
5 2.8725 2.6075
5 1.3725 1.3513
6 1.32 1.2485
6 0.5325 0.5182
6 0.8325 0.8145
4 1.8225 1.6879
4 1.215 1.3803
5 2.865 2.5885
6 1.17 1.1193
6 0.4875 0.428
4 0.8475 1.0783
7 2.91 2.6422
6 0.315 0.349
7 0.7275 0.8055
7 1.98 1.95
5 2.4525 2.4018
5 0.705 0.9695
7 0.4725 0.6541
4 1.3275 1.3069
6 0.9825 0.8729
4 1.2225 1.1426
5 0.9225 0.9585
7 1.725 1.7506
7 1.35 1.2294
5 0.42 0.6761
7 1.0875 1.1316
7 1.7175 1.7177
5 1.3275 1.3213
7 1.4625 1.5489
7 1.98 2.0388
4 2.8125 2.3975
5 2.205 2.3585
7 0.8775 0.7871
5 1.8225 1.8052
6 1.8675 1.8835
4 0.4425 0.8353
4 2.205 2.2037
4 2.67 2.5152
7 2.6325 2.7249
5 2.2275 2.2883
7 2.0775 1.9881
5 1.7925 1.7607
6 0.495 0.5878
7 1.98 1.8855
4 0.12 0.711
7 0.4125 0.3486
6 0.225 0.5597
4 0.915 0.9821
4 0.5925 0.5814
5 2.4825 2.5756
6 1.6725 1.6867
4 0.7125 0.7161
5 1.215 1.0524
5 2.5125 2.482
7 2.6325 2.5435
7 2.2875 2.2274
6 1.3425 1.3413
7 0.99 1.0817
4 2.73 2.4193
5 2.8575 2.6209
6 2.25 2.2903
6 1.3725 1.2353
4 2.16 2.2909
5 1.0275 1.1152
6 0.5325 0.6373
6 0.5475 0.5093
7 1.3575 1.3461
5 2.9625 2.5963
5 1.7025 1.7672
4 2.3925 2.3975
7 2.52 2.6971
5 2.9475 2.5232
7 2.8125 2.6302
7 0.4575 0.4855
4 0.9225 1.0388
4 0.405 0.48
7 1.86 1.8604
4 2.775 2.2361
5 1.2825 1.4175
6 2.985 2.5996
7 0.8175 0.8638
7 2.01 1.9193
4 1.1625 1.0514
5 1.59 1.7629
7 2.6925 2.6243
4 2.2875 2.4043
7 0.21 0.2299
4 2.34 2.5064
7 2.7225 2.3787
7 2.2125 2.2746
6 2.19 2.1309
7 2.79 2.7755
4 1.815 1.5412
5 2.58 2.3109
4 0.315 0.6292
4 0.285 0.7403
5 0.5775 0.6511
6 0.5475 0.5068
7 2.595 2.7718
4 2.445 2.3139
6 0.2025 0.4224
4 2.8125 2.4086
4 2.1375 2.18
4 0.975 1.3325
6 2.535 2.508
4 1.68 1.7093
5 0.6675 0.6083
6 1.02 0.9078
5 1.515 1.4758
5 1.02 1.1221
7 2.3175 2.3582
6 1.905 1.9707
7 0.825 0.8112
7 2.985 2.5819
6 0.825 0.8334
5 1.1025 1.0251
6 1.5075 1.4401
6 2.5275 2.2212
7 2.3325 2.3659
7 2.1075 2.0614
4 1.605 1.5416
6 1.0725 1.1893
7 0.705 0.631
6 0.9 0.8957
4 1.6425 1.5249
6 0.12 0.3314
6 2.295 2.4979
7 2.4225 2.5039
7 0.7875 0.8526
5 1.3725 1.3948
7 2.8875 2.6801
5 0.525 0.6986
6 1.215 1.0472
6 1.0875 1.0223
6 1.74 1.8385
5 2.8725 2.6125
5 0.6825 0.5717
4 1.5075 1.5732
5 2.775 2.64
6 1.86 2.0245
4 1.14 1.1083
6 0.4575 0.4701
5 0.69 0.5258
5 1.935 1.8442
7 2.0925 2.0797
6 1.71 1.7871
6 2.2875 2.5083
4 0.0675 0.91
4 2.1525 1.9806
6 2.76 2.5879
4 1.74 1.849
7 1.275 1.24
7 0.0375 0.2254
4 0.66 0.5135
7 0.9975 1.1189
7 0.48 0.4883
4 2.6475 2.1159
5 2.82 2.3349
5 0.585 0.5292
4 2.6025 2.1816
6 0.15 0.3922
6 2.295 2.3822
5 2.4825 2.4392
6 1.2375 1.3594
4 2.3175 2.0109
4 0.975 0.7666
4 1.3875 1.3093
5 1.1025 1.0315
5 2.6325 2.4492
7 1.9575 1.9452
6 2.4675 2.3251
7 2.9925 2.7355
7 1.17 1.235
5 1.7925 1.8453
6 2.0775 2.1918
5 2.2275 2.222
4 0.5625 0.6956
6 0.3375 0.4545
5 1.545 1.5386
4 1.455 1.4666
7 2.0475 1.9812
4 0.69 0.9095
7 2.265 2.3728
4 1.2075 0.9321
5 0.06 0.5027
4 1.59 1.6965
7 0.93 1.0494
4 0.2475 0.5056
7 2.1075 2.1922
4 2.7825 2.4624
5 0.4725 0.5
7 1.4325 1.512
5 0.18 0.5508
4 1.41 1.3119
7 0.1275 0.3288
4 1.455 1.442
4 0.585 0.6524
5 0.84 0.9046
5 0.5775 0.6611
6 2.6775 2.4246
4 1.5225 1.5546
4 1.44 1.1186
5 1.5 1.4665
7 2.6925 2.7759
4 0.6675 0.5709
4 0.6075 0.5578
5 0.5625 0.617
6 2.505 2.4736
6 1.71 1.7918
5 0.495 0.4262
6 0.1275 0.2635
5 0.225 0.4662
5 2.0325 2.0983
4 2.52 2.2015
5 0.825 0.8115
4 0.7875 0.7273
6 2.22 2.258
7 1.6275 1.5982
7 2.355 2.6048
4 0.9975 1.0445
6 2.4 2.329
4 0.6075 0.7184
5 1.5375 1.491
5 2.745 2.4389
7 1.725 1.8142
4 1.185 1.2695
5 1.485 1.4676
6 2.805 2.4776
7 0.7125 0.5737
5 2.9775 2.332
4 1.9575 2.1107
4 0.405 0.7156
5 0.7275 0.6048
7 0.81 0.6473
7 0.4425 0.535
5 0.2325 0.4587
4 0.3225 0.5625
6 1.2 1.1611
6 1.05 1.0852
6 1.2375 1.3658
5 0.1875 0.4687
7 2.22 2.1312
6 1.4025 1.4983
5 0.0375 0.4429
6 1.26 1.232
5 1.725 1.7748
6 0.5025 0.4544
4 2.805 2.2957
5 0.135 0.4529
5 0.735 0.4238
7 0.69 0.708
6 1.5225 1.6359
4 0.0675 0.7766
7 0.345 0.305
5 0.6225 0.6657
4 0.6225 0.699
4 1.7175 1.8289
7 2.7075 2.6653
5 0.6675 0.7427
6 1.5375 1.4689
5 2.34 2.4196
4 2.0625 1.7837
4 1.3275 1.4811
6 0.8025 0.7662
5 0.795 0.6676
7 2.745 2.5124
4 1.6425 1.5871
6 0.6375 0.432
5 2.19 2.0677
6 1.0275 1.0649
5 0.24 0.4334
6 0.4425 0.414
5 1.6125 1.4502
4 0.5325 0.7531
6 2.4825 2.4081
7 1.0575 1.0372
4 1.23 1.2322
5 0.615 0.6724
6 2.9925 2.5239
7 0.9075 0.8722
7 2.0325 2.2053
4 2.595 2.5313
6 1.455 1.5476
5 1.3275 1.3132
6 0.255 0.4951
6 1.41 1.4146
4 2.2875 1.9512
5 0.42 0.4306
7 0.615 0.6271
4 2.7525 2.4312
7 2.25 2.1261
6 0.705 0.8079
4 1.6575 1.5763
4 2.4075 2.4164
7 2.9625 2.7046
4 1.86 1.8136
5 2.6475 2.5428
6 2.265 2.2848
6 1.9875 2.0535
4 1.89 1.8519
6 1.89 1.9014
6 0.7725 0.8751
6 1.08 1.0627
6 0.39 0.4312
6 1.395 1.5158
7 2.9025 2.4819
7 0.9975 1.0094
6 2.055 2.2688
5 0.3225 0.2761
5 1.9275 1.9008
4 0.795 0.83
5 1.275 1.0683
5 2.085 2.1039
4 1.5975 1.8546
5 0.72 0.7496
6 0.5175 0.5914
7 1.0425 1.139
7 0.3825 0.1857
7 1.77 1.8589
6 0.3825 0.3812
5 2.6025 2.5013
4 0.225 0.7045
6 0.12 0.4183
7 2.835 2.7191
6 1.77 1.7354
4 2.6925 2.4254
4 2.775 2.2157
4 1.0875 1.3689
5 0.9675 1.1455
7 0.945 0.9597
6 2.16 2.3446
6 0.0675 0.3547
6 0.765 0.5937
7 1.2825 1.4608
6 2.52 2.6684
5 1.4625 1.5359
7 0.5775 0.6065
7 1.7925 1.7796
5 2.055 2.3954
5 0.1125 0.6609
4 2.88 2.1411
4 2.3325 2.2629
4 2.7225 2.1376
4 0.3225 0.6631
4 1.665 1.5975
7 1.2225 1.283
5 1.695 1.6693
5 1.0125 1.0462
5 1.905 2.0648
7 1.935 1.9425
7 0.015 0.1339
4 1.9125 1.7874
7 2.76 2.7338
7 2.82 2.7472
6 1.29 1.2325
5 2.55 2.5034
6 1.1025 1.1938
7 2.0025 2.1033
6 2.0025 2.037
6 2.415 2.332
6 2.6775 2.4834
5 2.9625 2.6177
6 0.36 0.5264
5 2.3775 2.3107
4 2.5125 2.13
6 2.3025 2.3422
7 1.425 1.4513
6 0.0975 0.5344
5 1.395 1.5319
6 1.4175 1.4501
7 1.4925 1.5066
5 1.7625 1.6238
7 0.855 0.8761
7 0.135 0.5522
5 0.465 0.6507
6 2.9775 2.5331
5 1.62 1.5765
5 2.7 2.5496
4 2.0325 2.0941
5 0.8775 0.8342
4 0.03 0.5356
7 2.9175 2.687
4 2.88 2.2984
4 1.26 1.2572
6 1.8 1.7818
7 2.0175 2.0021
7 2.1225 2.9661
4 1.6575 1.9298
7 2.5425 2.6414
7 0.09 0.5025
7 0.6225 0.5811
6 1.47 1.4363
7 0.45 0.5114
4 1.3275 1.3307
7 0.915 0.9101
6 0.9 0.8758
7 1.5675 1.6822
7 2.55 2.5328
5 0.8925 0.9732
5 1.26 1.2817
4 0.81 0.9098
6 0.555 0.5709
4 2.3025 2.2162
7 2.7225 2.5948
6 0.7725 0.6851
6 0.9225 0.8825
7 0.3075 0.4598
5 1.665 1.7335
6 2.1675 2.3012
4 0.6975 0.6722
4 1.605 2.0302
4 0.15 0.6239
6 0.9525 1.055
6 0.135 0.3652
4 2.91 2.103
6 2.55 2.6592
7 2.25 2.3198
6 2.0175 2.2107
6 0.8025 0.5132
7 0.4875 0.4777
6 1.92 1.871
4 1.0725 1.0555
4 2.295 2.4435
7 1.83 1.8465
4 0.8925 0.8377
5 0.84 1.0198
4 0.42 0.5192
4 2.7825 2.4735
7 2.1675 2.1873
4 0.3975 0.638
4 1.0875 1.0129
7 1.53 1.481
6 2.7675 2.516
4 0.12 0.6682
6 2.4975 2.6799
4 2.2575 2.4834
5 2.49 2.5147
7 2.0625 2.0251
6 1.635 1.8499
4 0.3975 0.6029
4 0.165 0.8046
6 1.845 1.7794
7 0.9 0.8879
6 1.98 2.0005
6 0.6375 0.541
6 1.3125 1.3285
7 1.3125 1.3309
7 0.2625 0.1932
7 0.795 0.6896
5 0.765 0.7857
6 2.28 2.4176
7 2.28 2.3154
4 1.65 1.9238
5 2.985 2.4888
4 2.5275 2.4564
6 1.245 1.2106
6 0.81 0.6569
4 0.555 0.7393
7 1.8975 1.9327
6 0.4125 0.4415
6 1.245 1.2027
5 0.6975 0.4888
6 1.1325 1.0991
6 1.8825 1.8651
7 1.2375 1.297
7 2.0325 1.9513
5 0.63 0.4852
5 1.1025 1.182
5 1.3875 1.3802
5 2.2425 2.2873
4 1.485 1.4726
4 1.455 1.4095
4 1.6875 1.8381
5 2.1975 2.1046
6 0.6675 0.6443
7 0.57 0.4513
5 1.29 1.4208
5 1.9425 1.9115
5 0.7725 0.8542
6 0.8625 1.0285
5 2.9775 2.4587
6 2.4 2.4904
7 1.785 1.8123
7 0.5025 0.6102
6 2.1 2.1537
4 0.63 0.5113
4 1.0425 0.919
4 2.505 2.3992
5 0.3675 0.5814
7 2.52 2.5679
7 2.4075 2.5075
7 1.89 1.954
6 2.685 2.6326
5 1.305 1.4231
4 2.6925 2.2693
7 2.01 1.9113
5 2.565 2.2331
7 1.59 1.5537
6 1.035 0.9968
4 2.8275 2.3082
7 0.5025 0.3072
5 0.5925 0.4929
7 0.42 0.3799
6 1.9275 1.9465
5 1.7175 1.7857
4 2.6025 2.4039
6 2.925 2.6638
7 0.3675 0.3308
6 2.0775 2.1186
5 1.6575 1.8011
7 0.8775 0.9085
7 1.4025 1.4629
6 1.7025 1.7685
4 1.515 1.5581
6 1.53 1.5874
6 0.7725 0.7956
7 1.785 1.7601
4 0.93 0.4541
7 0.2925 0.3419
4 0.7725 0.9054
7 1.17 1.2209
6 0.1725 0.4464
5 1.74 1.7379
5 1.8525 1.7061
5 0.1875 0.7042
4 0.4275 0.6743
4 2.235 2.0978
7 1.0425 0.961
7 1.965 2.0115
4 2.625 2.1703
5 1.0275 0.8739
4 0.54 0.7392
7 2.97 2.7423
6 1.0125 1.0848
6 0.15 0.2934
5 0.45 0.4881
6 2.6175 2.6621
4 0.7725 1.0152
6 0.87 0.7028
6 1.785 1.8064
6 0.6975 0.5507
7 0.9675 0.9419
7 1.89 1.9512
4 0.2325 0.5232
5 0.615 0.5481
6 1.8075 1.8286
5 0.105 0.71
5 1.0275 0.9862
6 1.425 1.466
4 1.365 1.3394
6 1.3125 1.297
7 1.8225 1.7568
5 2.0025 2.1444
6 2.1 2.2925
5 2.6775 2.4337
4 0.57 0.61
7 2.94 2.6667
6 2.16 1.6052
7 2.5425 2.6071
7 0.4575 0.6777
7 0.705 0.7304
4 0.5625 0.6599
6 1.26 1.2064
5 2.4675 2.1179
5 2.07 2.311
6 1.4175 1.4349
4 0.54 0.8358
4 1.9875 2.0203
5 0.2475 0.6985
6 1.0875 1.1435
5 0.2775 0.5244
6 2.9925 2.6538
7 0.39 0.2993
7 1.7025 0.0953
4 1.5 1.6019
7 2.625 2.5633
6 2.34 2.4354
7 1.875 1.9063
7 0.1575 0.1744
7 0.5025 0.442
4 2.385 2.0752
7 0.2775 0.3576
4 1.005 1.0884
5 1.08 1.3178
4 1.1625 1.0591
4 1.3575 1.4112
4 1.905 1.9978
6 0.06 0.2525
6 0.12 0.3421
7 1.68 1.6922
4 2.415 2.4276
7 1.7175 1.7696
5 0.99 1.0699
4 1.2375 1.3628
4 1.455 1.4306
4 0.0375 0.5505
5 0.36 0.4095
5 1.05 1.0502
4 0.4275 0.5821
6 1.5675 1.6616
6 1.2 1.1773
7 2.7675 2.4458
6 2.2725 2.5583
4 1.875 1.9727
4 2.9925 2.2342
5 1.5225 1.434
7 1.44 1.4949
6 2.445 2.3286
7 0.1725 0.338
6 0.915 0.7672
4 0.78 0.7743
6 0.99 1.0283
6 0.39 0.479
5 2.4675 2.2681
5 1.2525 1.1218
4 0.885 0.5993
4 1.7325 1.8501
4 2.3775 2.0209
5 2.2425 2.3488
5 1.5375 1.6468
4 2.58 2.1771
6 2.925 2.6961
7 2.0475 2.0824
5 1.2 1.1307
7 0.15 0.3336
5 2.2125 2.0896
7 2.265 2.3841
7 2.31 2.3364
7 2.4525 2.4968
4 1.3875 1.4842
6 1.95 2.0208
6 2.0325 1.9271
4 0.5925 0.6518
4 2.1675 2.0064
5 0.27 0.4445
6 2.835 2.5947
6 1.9275 2.0314
5 2.97 2.4677
4 0.3825 0.7448
4 2.5875 2.3791
5 0.2775 0.541
4 1.8375 1.6046
5 2.2425 2.345
7 1.3875 1.3941
5 2.6625 2.3059
4 0.495 0.6961
4 1.62 1.7457
5 1.4325 1.5196
7 0.8025 0.9033
7 0.525 0.4827
6 2.4225 2.6086
6 2.25 2.5971
6 1.7775 1.6553
4 1.155 0.8213
6 0.435 0.2663
7 1.875 1.8753
6 0.195 0.3481
4 2.145 2.4295
5 1.29 1.1336
5 1.605 1.5809
6 0.3525 0.5604
4 1.23 1.0467
6 0.2625 0.5404
7 0.975 0.9471
4 0.3975 0.5997
5 2.0025 1.9108
4 0.72 0.9082
5 2.6775 2.5409
6 0.495 0.6295
4 0.0975 1.0659
7 1.2975 1.3469
6 2.34 2.5711
6 2.13 2.0959
7 1.6125 1.6928
7 0.0375 0.4171
4 0.5325 0.7955
5 1.125 1.0991
7 0.2775 0.2523
6 1.53 1.5943
4 1.905 1.8835
6 1.62 1.6396
5 2.82 2.4448
7 0.315 0.4065
4 0.15 0.5917
4 1.7025 1.4275
7 0.9525 0.8849
4 0.405 0.5371
5 1.785 1.8243
5 0.9825 1.0052
4 2.2425 2.0576
7 1.515 1.5371
6 1.77 1.6478
6 1.5675 1.4972
4 1.785 1.8449
4 0.075 0.6136
4 2.34 2.3376
7 1.4925 1.5571
7 1.155 1.1628
6 0.93 0.7773
6 0.5025 0.4261
5 2.4975 2.582
7 1.68 1.6557
4 0.555 0.6217
4 2.8575 2.4608
4 0.045 0.69
7 2.055 2.0615
6 1.0125 1.0069
6 0.9975 0.8551
4 0.8475 1.0858
5 2.565 2.4964
7 1.5075 1.4066
5 0.5625 0.8215
4 1.9725 2.2142
6 0.1725 0.4921
6 0.375 0.3354
4 2.67 2.2069
6 2.34 2.249
6 2.7525 2.4997
4 2.655 2.4744
5 0.39 0.6371
5 2.925 2.4103
6 0.3975 0.3107
6 0.5775 0.5343
5 0.45 0.6431
7 2.55 2.469
7 1.0575 1.0755
5 0.2625 0.5512
4 2.22 2.2456
7 2.6775 2.6713
5 1.3425 1.2528
4 2.685 2.2828
7 0.5025 0.4778
5 0.3225 0.5609
6 0.8175 0.8024
4 2.28 2.1163
4 1.7775 2.1103
6 1.7325 1.7298
4 1.635 1.6605
7 2.2425 2.3264
4 0.5025 0.6391
6 2.6475 2.4543
7 2.91 2.6317
4 0.9225 0.8113
7 2.9925 2.6321
5 1.2 1.0133
7 2.1525 2.1711
5 0.3675 0.5615
7 1.14 1.1141
4 1.53 1.4418
6 2.5275 2.4855
4 2.4525 1.9374
7 2.3475 2.2457
5 2.085 2.014
6 0.105 0.4755
7 2.2425 2.1296
6 0.675 0.6206
4 2.9175 2.3231
4 2.685 2.4051
5 1.3425 1.5002
4 1.8825 1.7705
6 2.565 2.3799
6 0.8325 0.6677
5 1.845 1.9639
4 1.38 1.4479
7 1.7625 1.8126
6 2.9475 2.5315
7 0.7875 0.5147
7 1.0125 1.0519
6 1.095 1.1173
6 2.085 2.1266
6 2.0925 2.0617
5 0.2775 0.5773
7 0.4125 0.3553
7 0.555 0.427
7 0.6075 0.4922
6 1.95 1.7067
6 2.5575 2.4451
4 2.97 2.3017
7 0.9525 1.0497
4 2.3025 2.4518
5 0.0375 0.3946
4 0.9225 0.8533
6 2.235 2.3085
4 2.175 2.4514
4 2.8875 2.3748
5 2.895 2.5284
4 2.355 2.0929
4 2.55 2.4177
5 0.7275 0.7785
7 1.875 2.0219
5 2.865 2.5341
7 2.2275 2.2658
4 2.9025 2.2664
5 0.6675 0.5793
5 1.4925 1.4809
4 1.2975 1.2208
7 1.2075 1.2075
7 2.1675 2.2062
6 0.96 0.9652
5 0.63 0.5483
4 2.8125 2.4701
7 0.48 0.5947
6 0.7425 0.766
5 0.315 0.661
5 1.4025 1.4316
5 2.31 2.4877
7 0.7575 0.636
4 0.6825 0.9046
6 1.9575 1.976
4 2.775 2.4139
4 1.365 1.3905
5 0.57 0.5942
7 2.2725 2.2826
4 1.62 1.7285
5 0.915 0.8587
5 2.5875 2.4313
4 0.6 0.6486
4 1.3875 1.3393
4 2.025 1.8323
4 1.8975 1.9835
5 1.0875 1.0522
5 1.2525 1.2224
4 2.3175 2.3277
5 2.535 2.2641
4 2.1225 2.2536
6 2.055 2.1726
5 0.0075 0.7275
6 0.8775 0.8076
4 1.9125 1.849
7 1.9275 1.8731
5 2.3175 2.3788
7 0.9 0.8489
5 0.495 0.4775
7 2.1375 2.1424
5 1.9725 1.8205
5 2.055 2.1448
4 2.6625 2.5183
6 2.19 2.3567
7 1.23 1.1727
5 2.865 2.6224
7 2.85 2.5348
7 1.3725 1.3594
7 2.8725 2.7551
7 2.8425 2.6515
4 1.05 1.0583
4 2.49 2.4318
6 2.07 2.0731
5 0.795 0.7079
4 2.04 1.9719
7 0.2025 0.4289
7 2.145 2.2765
4 1.4175 1.55
6 0.5175 0.4975
5 0.42 0.4515
7 2.3175 2.1845
4 2.6925 2.3842
7 0.2775 0.5175
6 1.065 1.1178
4 1.515 1.548
6 0.9075 0.8372
7 1.6125 1.648
7 1.095 1.1066
4 2.745 2.3546
5 1.8075 1.8318
5 1.8075 1.7297
5 2.895 2.4683
4 1.755 1.9148
6 1.1025 1.1685
5 2.0175 2.1758
5 0.9525 0.7647
5 1.1025 1.2761
5 1.4475 1.4205
6 1.9125 1.9687
7 2.1675 2.1304
7 1.5525 1.6023
4 1.4175 1.4174
7 0.855 0.9182
7 1.425 1.4628
7 0.7575 0.7853
7 0.8775 0.7915
5 2.955 2.6523
4 2.3175 2.0828
6 0.36 0.4502
6 1.95 1.9093
7 0.8625 0.8688
5 1.455 1.3747
4 0.0225 0.6756
5 1.7025 1.6859
6 1.0275 0.9739
5 0.84 0.5013
5 2.55 2.6215
7 2.3625 2.4271
6 1.965 1.901
5 2.16 2.3695
5 0.9225 0.9944
6 0.8025 0.9341
4 0.4875 0.6978
6 1.635 1.6143
6 1.755 1.5709
7 1.1175 1.2929
7 1.605 1.5606
6 2.64 2.6558
4 1.3875 1.3456
5 1.8075 1.8704
7 0.7425 0.6828
7 2.91 2.635
4 2.595 2.4754
6 2.9325 2.5768
4 2.5875 2.3069
4 2.31 2.0588
7 1.2525 1.2819
5 0.9525 1.2235
7 2.1075 2.1295
4 0.9525 1.0914
6 0.255 0.2934
4 0.585 0.6311
6 2.1375 2.3155
5 2.1525 2.0224
5 2.145 2.3954
7 1.245 1.324
7 0.2775 0.3329
7 0.855 0.8117
7 0.0975 0.2745
5 1.3125 1.269
4 1.755 1.6671
6 2.28 2.3942
7 0.675 0.6577
7 2.595 2.6229
5 2.3175 2.5055
7 1.7325 1.7439
5 1.3875 1.437
7 2.2575 2.4418
6 0.93 0.1797
5 1.8 1.8355
5 1.7775 1.8314
5 1.7325 1.7139
7 1.395 1.4174
4 1.4175 1.6676
7 0.78 0.8209
4 0.6675 0.8436
7 1.665 1.5907
6 0.7425 0.5332
5 2.535 2.3698
6 1.71 1.7093
4 1.3575 1.2933
7 0.7725 0.6681
5 0.0525 0.5887
6 0.8625 0.9797
4 2.5125 2.1764
5 1.6425 1.6238
7 2.745 2.6404
6 2.4375 2.3507
5 1.4175 1.3782
6 2.8425 2.6201
5 2.91 2.574
7 0.3 0.2301
4 0.9375 0.9063
7 0.42 0.3567
4 1.0125 0.6709
4 2.0775 2.0944
6 1.125 1.26
6 0.5325 0.5946
6 0.1425 0.3851
4 2.205 2.1015
4 2.595 2.3515
6 1.0575 0.9699
5 1.8075 1.6775
5 0.93 0.8212
6 0.15 0.9332
5 2.16 2.1036
6 2.5425 2.4887
4 1.8825 1.9047
7 2.6625 2.7034
7 1.4325 1.5284
6 2.76 2.7321
6 2.1 2.108
6 2.6775 2.393
4 2.3475 2.4123
4 2.8875 2.4688
5 0.0975 0.8278
6 2.655 2.3075
5 0.9225 1.1296
4 1.02 0.8243
6 2.4825 2.3744
7 0.195 0.2375
4 1.35 1.3807
7 1.17 1.1339
6 1.785 1.743
6 1.59 1.6164
6 2.6925 2.7648
4 1.815 1.7503
5 2.895 2.4405
7 1.6425 1.5557
6 1.6575 1.5583
6 0.8025 0.6839
5 1.77 1.7921
6 0.5625 0.3368
4 0.7425 0.515
7 0.03 0.2892
7 0.465 0.7199
5 2.5725 2.5542
7 2.28 2.3379
5 2.745 2.4261
5 2.22 2.3651
4 1.83 1.8069
7 1.2375 1.319
6 2.7525 2.5626
6 1.425 1.3961
7 1.1025 1.0564
4 1.035 0.9217
5 0.6525 0.7541
6 1.635 1.6053
4 1.89 2.3052
6 2.7825 2.6958
7 2.1975 2.1316
4 0.3675 0.5176
5 0.285 0.596
6 0.3075 0.8013
4 1.6725 1.5404
7 1.575 1.6058
4 0.9375 0.8943
5 0.405 0.491
7 2.385 2.3938
5 1.68 1.6779
7 0.555 0.5701
7 0.435 0.578
4 1.5525 1.3333
4 1.065 0.9621
6 2.595 2.4933
6 0.4125 0.3377
5 0.36 0.4982
4 1.5825 1.7062
5 2.88 2.6116
5 0.3525 0.4889
5 1.5825 1.6501
5 1.5825 1.4912
4 1.2225 1.4011
4 1.6275 1.6943
7 2.895 2.6747
4 0.69 0.6564
6 2.3325 2.4892
5 1.815 1.8462
6 2.4 2.3524
5 0.1125 0.4606
7 0.1125 0.2469
7 2.6325 2.6367
6 2.4525 2.6091
7 0.645 0.7304
7 1.35 1.4148
4 2.3325 2.2867
5 2.025 2.001
7 1.26 1.2604
7 1.695 1.6527
5 0.99 0.9938
5 2.16 2.181
6 2.7 2.5696
5 1.3425 1.2484
6 1.785 1.6481
4 0.0825 0.6033
4 1.56 1.4484
7 0.84 0.8186
7 1.7325 1.7344
7 1.9425 2.0444
4 2.8425 2.1951
6 2.9625 2.5946
4 1.5675 1.4593
4 1.2825 1.4211
6 2.8425 2.4213
4 2.745 2.1864
4 1.4475 1.3527
7 0.5175 0.517
6 0.6675 0.5692
5 2.34 2.3324
6 0.255 0.4052
7 2.1525 2.1569
7 2.22 2.1782
4 0.6375 0.7527
6 0.1725 0.2552
5 1.1325 1.1031
5 2.3925 2.4685
6 0.03 0.3481
6 2.6775 2.3933
4 1.14 1.1738
5 1.98 2.3671
4 2.1075 1.9078
6 2.535 2.6794
4 0.0675 0.5866
5 0.24 0.5235
6 1.5225 1.4888
6 1.3425 1.2602
4 1.155 1.2234
7 0.7275 0.6881
7 0.5925 0.4988
5 2.805 2.45
6 0.84 0.7854
6 0.51 0.4224
6 0.315 0.2734
5 1.2525 1.3342
4 0.99 1.1152
4 2.16 1.9849
5 1.545 1.5332
4 2.1975 2.1739
7 1.0275 1.0114
6 0.78 0.7373
4 2.94 2.3704
4 0.405 0.5393
4 2.805 2.3337
6 2.565 2.6386
5 0.9675 1.0033
5 2.0325 2.0624
7 0.3825 0.4425
5 1.44 1.4405
4 2.5425 2.1134
7 1.4475 1.4835
5 1.215 1.2018
4 1.7925 1.8151
7 1.305 1.2701
7 0.09 0.3013
4 1.8 1.7905
7 1.155 1.2586
6 0.9825 1.1531
7 0.9075 0.924
5 2.2425 2.3978
7 1.0425 1.13
4 1.305 1.1165
5 2.3325 2.2706
5 2.16 2.4799
7 0.225 0.2121
4 0.5925 0.67
6 1.035 1.1679
6 1.605 1.5818
7 0.495 0.2755
5 2.355 2.3802
7 2.6775 2.4963
5 2.07 2.2001
6 2.5275 2.475
5 2.88 2.5872
4 1.32 1.1912
4 1.3725 1.3651
4 0.5325 0.5678
7 0.8925 0.7983
7 0.3525 0.3822
6 0.0 0.3965
5 1.05 1.1666
6 0.9075 0.9118
6 2.985 2.3485
4 0.3075 0.6295
7 1.305 1.3329
6 2.2725 2.5201
6 1.8825 1.8119
6 2.0925 2.1665
5 0.465 0.8143
7 2.4975 2.3855
4 1.785 1.8487
5 1.4325 1.5038
5 0.33 0.6449
5 0.825 0.6745
6 2.2125 2.1541
5 0.5175 0.9506
6 2.82 2.6198
4 1.305 1.4407
7 0.6825 0.6843
5 2.3475 2.4964
4 1.47 1.3963
4 0.735 0.6244
5 2.43 2.1107
5 2.1 2.1702
5 2.3475 2.5504
7 2.2125 2.2293
4 1.9725 2.2889
5 0.5175 0.4533
4 0.66 1.0028
7 2.9475 2.7599
7 2.9175 2.7204
6 1.035 0.9233
6 2.7975 2.5964
4 0.1425 0.642
7 0.1875 0.412
7 2.7675 2.6993
4 1.245 1.3148
7 1.515 1.4621
5 1.3875 1.3317
6 2.1825 2.1562
7 1.3875 1.4176
7 1.5375 1.5783
5 1.6425 1.6882
4 2.655 2.186
4 2.9025 2.4493
4 2.5875 2.1623
5 0.885 0.6744
5 2.0625 1.9153
4 2.6625 2.4774
4 1.98 1.8139
7 0.5775 0.5558
4 1.245 1.4424
4 0.3825 0.6939
7 0.4875 0.5085
4 0.645 0.9235
6 0.36 0.3413
4 2.955 2.0631
7 1.71 1.7549
4 0.3225 0.5728
7 1.11 1.1729
7 2.655 2.6758
5 0.66 0.4221
4 0.435 0.5889
6 2.64 2.4923
6 0.3375 0.5793
5 2.01 1.8803
7 1.455 1.4279
6 0.69 0.5311
7 2.8875 2.6914
6 2.5425 2.6592
6 0.8325 0.7203
6 1.155 1.1549
6 1.455 1.4447
6 2.355 2.3938
5 2.7975 2.447
7 2.85 1.1473
6 1.0575 0.9867
6 2.9175 2.5996
4 1.9125 1.9051
4 1.41 1.333
5 1.5 1.5693
4 1.9725 1.9861
6 1.875 1.8404
7 0.975 0.9054
6 0.825 0.8051
4 0.1575 0.6512
7 2.04 1.9889
4 0.855 0.8668
5 2.37 2.3652
5 1.9875 1.9835
7 1.815 1.7696
6 2.7525 2.4672
7 0.1125 0.1442
6 2.775 2.5479
7 0.975 0.8839
6 2.8425 2.5386
6 0.1275 0.437
5 1.0125 0.9897
4 1.2525 1.1995
7 2.0925 2.1277
5 1.8375 1.8944
4 0.78 0.5954
6 1.185 1.08
6 0.5625 0.3232
7 0.0375 0.2524
7 0.6525 0.6833
5 0.885 0.7014
6 2.55 2.4902
5 0.8475 0.7296
6 1.1625 1.1167
5 2.49 2.4059
6 2.355 2.4325
5 2.9775 2.6036
6 0.045 0.6071
5 2.6475 2.3817
7 2.0475 2.0883
5 2.2725 2.3218
4 2.61 2.2597
6 0.27 0.5529
5 1.935 2.0989
5 2.73 2.5201
5 1.0875 1.2929
4 1.035 0.9327
6 2.76 2.4513
6 1.185 1.2003
7 1.8675 1.8909
6 2.3175 2.3762
6 0.6375 0.6897
7 1.41 1.3917
4 2.2275 2.2533
7 2.445 2.4956
7 0.6525 0.5017
6 0.6375 0.7616
7 1.9875 2.0125
5 2.385 2.5097
5 1.44 1.3176
5 2.145 2.1334
5 1.3875 1.2481
7 2.0025 1.9975
4 0.705 0.7876
5 0.765 0.8415
6 1.8675 1.8385
6 0.21 0.4516
4 1.845 2.3024
7 0.87 0.8563
4 0.7725 0.6687
4 1.4775 1.2497
7 0.225 0.2563
4 1.5975 1.781
4 1.59 1.7304
6 1.3275 1.309
5 1.5075 1.482
6 1.905 1.8915
5 0.855 0.6652
6 2.085 1.9286
4 0.7875 0.6609
6 1.32 1.3802
4 1.845 1.6436
6 2.9625 2.6046
7 2.4675 2.3806
6 0.8175 0.6993
6 0.2475 0.4955
7 2.145 2.1944
5 1.3875 1.3472
5 1.8375 1.7209
4 0.795 0.5994
4 2.0925 2.3456
7 2.325 2.3298
4 2.5575 2.1823
6 1.455 1.5278
6 2.91 2.5931
4 0.1275 0.5399
4 1.845 1.7755
5 1.59 1.6394
5 2.73 2.3126
4 0.6975 0.5678
4 0.8925 0.7758
5 1.5075 1.5596
5 2.8725 2.4962
5 2.07 2.0613
5 1.0875 1.0429
7 2.0925 2.0407
4 2.055 1.8249
5 2.1075 2.2015
6 0.36 0.3164
5 1.08 1.1284
7 2.8575 2.6087
7 2.76 2.7066
4 0.4575 0.6445
5 0.87 0.9636
6 0.5925 0.5158
4 2.1 2.1359
6 2.0175 1.9795
5 2.01 1.9275
5 0.7425 0.8225
7 0.87 0.9316
5 2.9475 2.431
5 1.245 1.3415
5 1.2 1.0431
5 2.6925 2.5225
7 0.9225 0.8633
6 0.6225 0.4988
5 2.0325 2.3774
4 0.3075 0.7641
4 2.9775 2.5217
6 1.05 1.0587
5 1.5225 1.6425
5 2.295 2.3242
6 1.635 1.563
6 0.735 0.6893
5 2.805 2.4835
7 1.485 1.5707
4 2.28 2.4003
5 0.03 0.4116
7 1.875 1.7398
6 0.525 0.6021
4 0.0 0.7659
6 1.41 1.4207
4 1.305 1.2284
7 1.44 1.3197
4 0.0825 0.629
6 0.78 0.719
7 0.66 0.7521
4 2.28 2.5287
5 1.1775 1.1603
4 2.1825 2.2619
7 2.595 2.7098
7 0.555 0.1981
5 0.3 0.4561
6 2.535 2.2105
4 1.905 1.9337
6 2.5125 2.5133
6 2.4375 2.4467
7 1.65 1.5783
4 1.755 1.9685
5 2.9925 2.4916
7 1.515 1.5739
5 0.525 0.4988
7 2.5275 2.5305
5 1.1175 1.1128
5 2.0475 1.8993
5 0.435 0.5087
4 2.6925 2.3455
4 0.9075 1.0047
6 1.8825 1.9918
6 0.0675 0.4406
7 2.6775 2.4089
7 0.0225 0.1803
7 0.795 0.9476
7 2.985 2.7064
7 2.19 2.0937
7 1.245 1.2555
5 1.5975 1.6087
5 2.9925 2.5112
4 1.245 1.2077
5 1.0125 1.1315
4 1.7175 1.5893
4 1.0575 0.6443
4 2.0625 0.6948
7 0.675 0.7822
5 1.125 1.1521
7 1.2225 1.2552
6 2.3025 2.2613
4 2.0475 2.3307
5 2.745 2.598
6 0.42 0.579
7 1.965 1.9331
4 1.0575 1.1651
4 2.8125 2.4995
7 2.8425 2.6899
7 2.2875 2.2864
7 1.5 1.382
4 0.765 0.6841
5 1.7325 1.7749
4 1.275 1.2235
7 0.1875 0.2607
7 0.525 0.4427
6 1.08 1.1613
7 1.6275 1.5873
7 1.0725 1.019
7 0.03 0.3348
5 2.0775 2.3216
5 1.455 1.4412
6 1.7925 1.7399
4 0.0675 0.6014
5 1.935 1.8515
5 1.755 1.733
4 0.255 1.0023
6 2.3325 2.4699
5 2.58 2.4749
5 2.415 2.4646
6 1.0425 1.1482
6 2.1675 2.1222
5 1.7775 1.7594
6 0.6375 0.7496
7 0.4425 0.4141
4 0.6 0.717
5 2.34 2.0709
6 1.275 1.2754
4 2.5125 2.1005
6 1.2675 1.3831
6 2.43 2.3534
4 0.015 0.5425
7 2.04 2.0482
4 2.655 2.4682
7 2.19 2.1878
6 0.42 0.4299
5 2.895 2.4696
6 0.0075 0.3314
4 0.9375 0.7034
4 2.64 2.2961
4 0.6375 0.7491
5 2.985 2.4273
4 0.0375 0.6729
4 0.8175 0.9067
7 1.2075 1.2348
5 2.805 2.526
7 0.12 0.3799
6 1.65 1.6357
7 0.9375 0.9854
6 1.26 1.2797
6 1.4625 1.3754
4 0.8775 0.7812
5 0.5175 0.7746
6 1.5375 1.632
5 1.5 1.5757
7 0.435 0.4599
7 2.3925 2.3795
6 0.4425 0.4661
5 1.365 1.4333
4 0.3675 0.6083
4 0.2475 0.7928
5 0.4275 0.6149
5 0.7725 0.9542
5 1.3575 1.3591
5 2.1375 2.4194
7 2.07 2.0088
5 2.235 2.3481
4 2.6025 2.2505
7 2.7075 2.6657
6 0.1725 0.4739
4 2.46 1.9924
6 0.8625 0.9771
6 0.2475 0.626
5 2.19 2.0676
5 0.645 0.5686
4 1.9425 1.8212
7 1.425 1.4429
6 0.7425 0.7373
6 1.0725 1.0148
7 2.3475 2.4005
7 0.2475 0.358
7 0.18 0.3028
7 0.5325 0.6976
6 0.3225 0.4681
4 0.75 0.6273
5 2.6775 2.42
7 0.6975 0.6307
4 0.7575 0.8572
6 1.965 1.909
6 0.405 0.557
7 2.3025 2.2917
6 2.43 2.2505
6 2.3925 2.2084
5 0.3675 0.6326
7 2.295 2.328
6 2.7525 2.6281
7 0.54 0.4845
5 2.25 2.321
6 2.7675 2.5187
4 2.49 2.2569
5 1.89 1.9588
4 2.655 2.203
6 1.065 1.2385
6 0.42 0.3821
5 2.0925 1.9264
4 1.485 1.4189
7 2.685 2.502
5 2.745 2.3806
4 1.89 2.3458
6 1.7325 1.7886
4 2.22 2.1681
5 2.13 2.1417
4 1.05 1.2903
7 1.71 1.7479
5 1.035 1.0154
5 0.9075 0.9465
6 2.5275 2.5726
6 1.11 1.2199
5 0.9 0.7596
7 0.39 0.3608
5 2.685 2.4249
7 1.3125 1.2799
7 2.145 2.1123
5 0.36 0.5753
5 0.1575 0.4401
4 0.375 0.6815
5 0.45 0.4015
7 2.3925 2.373
5 0.1575 0.4833
6 1.095 1.1439
6 0.0525 0.3708
4 2.715 2.252
5 2.4375 2.4219
4 2.0625 1.7158
4 2.9025 2.3932
6 2.7075 2.384
7 1.47 1.4138
6 1.215 1.2877
4 1.7175 1.7006
6 1.9425 1.9033
4 1.77 1.8276
7 0.225 0.3409
6 1.7175 1.6965
7 1.32 1.2222
5 0.9975 1.0082
6 0.045 0.3519
7 1.035 1.129
4 0.8475 0.9608
4 1.2 1.0307
5 1.98 1.8081
5 0.7125 0.4845
6 0.5175 0.6714
4 0.315 0.4463
5 2.22 2.1658
5 0.2325 0.4254
7 2.2725 2.2208
5 0.795 0.6204
6 1.86 2.0105
6 1.2225 1.2567
5 1.4475 1.51
7 0.9675 0.9695
7 1.9425 1.9775
5 0.6825 0.7283
5 1.9575 2.0289
5 0.5925 0.6356
6 1.695 1.6697
4 2.4075 2.3955
7 1.6425 1.5734
7 0.72 0.6117
7 2.2275 2.2392
5 1.17 1.1145
7 2.13 2.1027
5 2.4675 2.3157
7 2.82 2.7791
7 2.5275 2.6283
5 2.415 2.6022
4 0.1575 0.7596
5 0.1875 0.424
5 0.6375 0.7335
4 1.065 1.3696
4 2.76 2.1288
5 0.015 0.4096
7 2.655 2.6719
4 0.12 0.6769
4 0.5475 0.6401
6 2.88 2.4898
7 2.1975 2.1137
5 1.7175 1.7194
7 2.955 2.6596
4 2.715 2.392
7 2.0175 1.9841
7 1.245 1.1415
6 0.9375 0.9835
7 0.2025 0.2495
6 1.2075 1.0535
7 0.33 0.5177
6 2.8725 2.5542
6 1.4325 1.4094
7 0.675 0.7414
7 1.08 1.0689
4 1.3275 0.2464
5 0.24 0.7658
5 0.3 0.911
4 2.13 2.3617
6 0.5625 0.425
6 0.99 0.9837
6 1.3575 1.2558
6 0.555 0.8396
7 0.975 0.9204
4 2.0175 2.1039
4 2.925 2.2963
5 2.22 2.3264
7 2.1525 2.1363
7 2.1375 2.0915
6 2.8575 2.6657
4 0.1125 0.7061
7 2.535 2.3896
7 1.3425 1.3801
4 1.3575 1.4588
5 2.0775 2.0515
5 2.9625 2.5045
6 2.835 2.4921
5 1.7625 1.7324
6 0.8625 0.7766
7 2.4075 2.2697
7 2.9175 2.5921
4 0.81 0.8962
4 1.3575 1.2467
4 2.4375 2.4654
6 2.4675 2.4284
4 2.085 2.0662
6 1.485 1.463
4 1.3875 1.3183
5 2.4075 2.4295
4 2.7525 2.5128
5 1.0275 0.9938
4 1.08 0.9674
4 2.2125 2.5441
4 0.4575 0.7141
7 2.7525 2.7064
4 1.0875 0.7233
5 2.07 2.0311
7 0.2925 0.3107
6 0.09 0.3005
4 2.9025 2.4698
5 0.78 0.7465
5 1.29 1.4297
6 2.835 2.5941
4 1.1775 1.1453
5 0.42 0.7209
5 0.8775 0.772
5 1.4925 1.4291
5 0.885 0.7955
5 1.9575 2.0281
4 2.9925 2.1736
5 0.855 0.8134
6 0.375 0.6125
7 2.7375 2.585
4 0.7425 0.6006
5 2.715 2.0663
4 0.2025 0.5487
5 0.8775 0.8844
5 0.645 0.6047
7 1.635 1.5103
6 2.1225 2.3594
5 0.5475 0.6489
5 0.9825 0.6021
4 2.43 2.1658
5 2.61 2.3249
6 2.16 2.1094
5 2.085 1.9926
7 2.9025 2.5449
5 0.9375 0.7493
5 0.45 0.4888
7 0.8625 0.8151
7 1.89 1.8605
6 2.355 2.5556
6 1.3425 1.2173
5 1.1475 1.1188
6 1.665 1.707
6 1.65 1.5799
4 1.68 1.7202
6 1.5375 1.3832
4 1.29 1.2948
7 1.845 1.8404
5 0.87 0.8582
7 1.0875 1.0968
4 2.37 2.3604
4 2.505 2.3611
6 0.99 0.9874
5 0.6375 0.5324
5 1.5525 1.446
7 1.0425 1.0528
6 0.8925 0.7562
5 0.345 0.6826
6 1.395 1.4581
6 1.1775 1.0848
4 1.005 0.7992
5 2.13 2.4229
7 0.81 0.7868
5 1.02 1.1336
6 2.1075 2.1813
6 0.3375 0.4309
5 1.1025 1.2448
4 0.1875 0.6044
6 1.365 1.3821
4 1.5975 1.7576
7 2.7 2.6383
7 0.99 0.9895
7 0.7425 0.7451
5 1.455 1.3108
4 0.8925 0.8816
7 1.2375 1.2718
5 0.945 2.1825
7 2.91 2.7412
7 0.7575 0.6801
6 0.0825 0.4586
6 1.3875 1.2894
4 0.165 0.5688
5 2.19 2.4252
7 0.4425 0.3155
6 2.7375 2.5829
6 2.025 1.9719
4 1.89 1.9164
7 1.8375 1.7862
6 1.95 1.939
4 0.4275 0.8117
5 1.14 1.1497
5 0.72 0.9449
6 2.9925 2.2593
6 1.4925 1.4608
4 1.7175 1.7684
7 0.66 0.6196
4 0.09 0.6586
7 1.845 1.9161
7 0.3 0.334
6 0.12 0.4259
4 1.0875 1.1797
5 1.2975 1.2736
4 1.41 1.3019
7 2.775 2.6434
4 1.83 1.7012
7 2.715 2.6624
4 1.3125 1.3853
4 0.0225 0.6518
4 0.495 0.9072
7 2.73 2.5898
7 2.07 2.0992
5 1.7775 1.5811
5 0.03 0.4415
7 0.45 0.3504
6 2.3925 2.2362
6 2.5425 2.3154
7 1.1025 1.1184
5 2.01 2.0522
5 2.3775 2.3324
5 0.135 0.6306
6 1.11 1.0813
4 0.585 0.5702
4 0.24 1.0324
6 0.5925 0.784
7 1.335 1.1998
7 2.1675 2.3096
7 1.5225 1.44
5 2.565 2.2583
6 0.9225 0.9259
4 0.075 0.7427
4 1.965 1.9205
6 2.3925 2.5092
5 2.3475 2.4431
6 0.045 0.4427
7 2.7975 2.7466
5 0.3675 0.5288
6 2.49 2.4761
7 1.125 1.1501
4 1.17 1.4414
7 1.08 1.0288
5 0.315 0.5465
5 2.34 2.2677
4 1.5375 1.4272
4 1.8975 2.0194
7 2.355 2.3996
4 0.4875 0.763
7 1.8225 1.7992
6 1.215 1.2984
4 0.165 1.0603
6 0.6975 0.7236
6 0.21 0.4989
6 2.7675 2.507
4 0.8625 0.67
6 0.18 0.6314
4 0.7425 1.1197
7 2.055 2.0047
5 1.155 1.1216
5 0.2475 0.4492
6 1.6275 1.6436
7 0.765 0.8091
4 0.5925 0.9546
4 0.135 0.6042
6 1.1925 1.1758
5 2.2725 2.3115
5 1.7775 1.6171
5 0.5625 0.507
4 2.205 2.2101
7 1.5675 1.6355
4 1.6575 1.474
7 2.07 2.1061
4 0.615 0.5794
6 2.1375 2.085
6 0.555 0.5439
7 2.4225 2.4708
7 0.4575 0.4123
7 0.135 0.3842
5 2.8875 2.608
7 0.3675 0.4136
4 0.195 0.9724
7 2.79 2.7411
4 1.725 1.8375
5 1.605 1.569
5 0.1575 0.5334
6 2.67 2.3208
5 0.9375 0.7296
4 1.0425 1.073
6 0.33 0.3997
4 2.5425 2.4094
7 1.485 1.5435
6 0.5925 0.765
4 2.04 2.258
5 2.76 2.3839
7 0.7875 0.7523
7 1.4625 1.5487
6 1.605 1.6865
6 0.3675 0.3221
6 0.405 0.3486
6 2.5125 2.3619
6 2.145 2.3416
4 2.715 2.3304
7 2.37 2.3753
4 2.85 2.4759
6 0.345 0.7406
7 1.4325 1.4653
6 0.45 0.6829
5 1.005 1.2413
4 2.0175 2.0762
4 1.56 1.5403
7 1.86 1.9043
7 1.6725 1.6816
6 1.95 1.882
7 0.6075 0.6031
6 0.7125 0.6904
5 0.5925 0.2707
7 0.72 0.7083
6 2.28 2.1909
4 0.8775 0.841
5 2.505 2.34
7 0.54 0.485
7 1.1025 1.065
7 2.8575 2.7125
7 0.5925 0.386
7 0.1425 0.3041
4 1.9275 2.5537
5 0.63 0.9019
7 1.725 1.6947
4 0.6975 0.7529
4 1.38 1.3264
4 2.49 2.4267
5 1.425 1.4468
5 1.38 1.4263
5 1.35 1.4001
6 1.1025 0.9902
5 2.19 2.26
6 2.955 2.6178
4 0.5475 0.6035
7 0.3975 0.4933
4 1.7625 2.0162
4 1.9575 1.9425
4 1.3875 0.9497
7 0.6 0.5084
5 1.4025 1.4905
4 1.5675 1.5324
4 0.0375 0.7116
7 1.155 1.0926
4 1.695 1.822
6 0.3375 0.6448
7 2.37 2.2773
4 2.325 2.1765
5 2.2275 2.2925
7 1.9275 2.0123
5 0.225 0.7367
6 0.2775 0.3921
7 0.0525 0.3125
7 0.8775 0.9635
4 1.8075 1.6508
7 0.36 0.3302
4 2.235 2.206
5 2.34 2.2984
7 0.9375 0.9405
7 1.545 1.5677
4 0.3075 0.7758
6 2.5125 2.3939
7 1.89 1.8392
6 0.9975 0.9719
5 2.625 2.3554
5 1.05 0.9605
5 2.2425 2.6096
7 2.295 2.236
7 0.42 0.5559
6 2.265 2.3518
7 2.4 2.3468
5 1.245 1.1704
6 2.715 2.6473
6 0.3 0.3474
7 0.915 0.9551
7 2.1375 2.0967
6 0.225 0.4813
7 1.89 1.8708
7 2.9475 2.6564
6 2.025 1.9394
6 1.2525 1.2262
6 0.3 0.4739
5 2.94 2.5122
7 1.56 1.6471
6 1.9575 1.9277
5 0.1725 0.5198
4 2.115 2.0625
6 1.44 1.5279
6 1.4175 1.3919
7 2.2725 2.2331
5 0.2775 0.9358
6 2.0625 2.077
5 2.1675 2.143
4 2.535 2.5131
6 0.09 0.452
7 1.515 1.5575
5 1.0725 1.1432
5 1.11 1.2761
4 1.4025 1.547
5 2.4975 2.4422
6 1.515 1.5912
6 2.0625 2.1426
7 2.1525 2.005
5 1.3425 1.1865
4 2.5275 2.3862
5 1.125 1.2088
4 1.485 1.5397
5 0.06 0.4597
4 0.63 0.7521
4 1.23 1.2441
7 1.4025 1.4426
5 0.315 0.6123
4 1.725 1.6254
6 1.0575 1.0718
6 1.365 1.3361
4 2.1675 2.0
6 0.15 0.3889
6 0.78 0.5623
6 2.295 2.6578
6 1.0875 1.2325
6 1.935 2.1369
4 0.105 0.8299
7 2.46 2.3634
4 0.21 0.7548
4 0.6 0.6809
6 2.28 2.2032
7 1.77 1.7077
7 2.7375 2.6992
4 1.83 1.7405
5 1.1325 1.1902
4 1.905 1.9182
4 2.115 2.3125
5 2.85 2.2992
7 2.94 2.7041
7 2.7375 2.656
5 0.525 0.6473
7 2.4975 2.6093
4 1.365 1.2812
6 2.7825 2.6331
5 0.4575 0.4726
4 2.94 2.2284
6 1.14 1.1615
4 2.5875 2.1044
7 2.805 2.5071
7 1.5225 1.5383
6 1.6125 1.5817
6 2.145 2.3708
4 1.89 1.8865
4 0.675 0.7445
6 1.995 1.9364
5 0.0225 0.5905
4 2.715 2.2523
4 2.7975 2.3159
4 0.36 0.6248
5 0.105 0.5289
5 1.125 1.2384
7 0.27 0.4678
4 1.185 1.2808
6 2.295 2.1036
5 1.7625 1.7222
7 1.635 1.631
5 0.9375 0.9833
7 2.37 2.3837
7 1.68 1.6507
6 1.7625 1.8052
6 1.9125 1.9374
5 1.6575 1.6903
7 0.8775 0.9723
5 0.2625 0.5286
7 1.155 1.1052
6 0.99 0.9074
4 2.0625 1.9875
6 1.155 1.1695
4 0.7125 0.9514
6 1.2975 1.3686
5 1.65 1.6327
7 2.6475 2.6804
7 0.6975 0.718
5 0.42 0.6507
6 1.65 1.7517
6 1.125 1.1549
6 0.8325 0.7833
7 1.5825 1.5521
4 1.695 1.6219
7 2.625 2.8062
4 0.5775 0.6057
5 2.3775 2.4284
5 0.975 1.0501
7 2.8575 2.6435
6 2.31 2.4196
5 2.895 2.3583
7 2.16 2.1815
5 0.9825 1.1342
5 0.1425 0.6186
6 1.7175 1.7842
7 1.155 1.1483
7 2.235 2.2992
6 0.585 0.4243
7 0.3975 0.6245
6 2.76 2.7905
5 1.005 0.8214
5 0.87 0.6419
7 2.9025 2.6781
6 1.86 2.0017
7 1.4025 1.2699
7 0.1425 0.2753
6 2.835 2.6306
6 0.255 0.5175
4 2.5725 2.2251
4 0.12 0.4531
7 2.0475 2.0107
7 1.545 1.5432
7 0.5625 0.4471
5 1.3425 1.3248
6 1.9125 1.8084
7 0.9 0.8995
5 2.55 2.5208
4 0.99 0.8927
7 2.7825 2.6482
7 0.075 0.346
5 2.1075 2.0588
7 2.6025 2.5132
6 0.54 0.7373
5 2.6775 2.6215
7 0.0225 0.286
5 0.435 0.5068
6 1.05 1.073
4 1.6425 1.5628
4 2.6325 2.102
7 0.33 0.2742
4 1.92 2.0473
5 2.4225 2.2978
7 0.1575 0.3447
4 0.4725 0.7034
6 1.71 1.6451
5 2.85 2.3898
4 1.545 1.511
6 0.78 0.8739
6 0.54 0.5137
6 1.155 1.1687
6 2.3925 2.2768
4 0.0075 0.6994
7 0.0675 0.3984
6 2.9025 2.3659
7 0.8175 0.7794
7 2.3775 2.3255
5 2.9925 2.4984
5 0.84 0.6369
5 1.6575 1.6018
7 1.53 1.5384
6 2.565 2.5805
7 0.765 0.8061
5 1.0575 1.0769
5 0.1875 0.5596
5 1.7025 1.8354
5 2.9475 2.3909
4 1.545 1.4384
7 2.2425 2.2873
7 0.5475 0.4318
6 0.8625 0.7982
6 1.455 1.452
6 0.525 0.3404
6 0.24 0.4198
5 0.7425 0.4748
5 1.5975 1.6734
5 1.9725 2.0616
6 2.8725 2.3624
7 0.54 0.536
5 2.9025 2.5694
4 2.28 2.1603
5 1.0875 1.0775
7 2.1 2.0874
6 2.9625 2.6589
6 2.8575 2.7028
6 1.6275 1.603
5 2.5575 2.2992
4 0.2625 1.1248
7 2.1525 2.1786
6 1.095 1.1284
6 1.515 1.5201
5 1.4775 1.4335
5 2.6475 2.6024
4 1.035 0.5716
5 1.65 1.5762
7 0.675 0.6808
5 0.375 0.4939
7 2.82 2.5496
7 1.74 1.6583
4 2.7075 2.4368
5 1.0125 0.8293
5 0.315 0.3855
6 0.735 0.8838
5 2.5425 2.4549
4 1.5825 1.5583
4 0.015 0.681
4 1.1325 0.8053
7 0.4425 0.4404
5 1.2 1.0322
7 1.5525 1.5364
4 0.3375 0.9919
7 0.9 1.0074
5 1.2675 1.3708
7 2.6625 2.6579
5 2.235 2.2303
4 2.3775 2.1005
7 1.3125 1.2833
6 2.28 2.3412
4 2.895 2.3646
4 0.105 0.7152
4 0.3375 0.7279
5 2.1525 2.1286
4 1.4925 1.4677
6 2.88 2.6559
7 0.81 0.7831
7 0.81 0.8092
6 2.955 2.2873
6 2.3025 2.3563
4 0.9075 0.774
6 0.4875 0.7395
6 0.24 0.2857
5 1.5975 1.5941
6 1.68 1.6701
5 2.79 2.3295
4 1.1775 1.0904
4 0.495 0.6558
4 0.4875 0.7806
4 0.4725 0.7684
4 2.6025 2.3476
5 0.6525 1.1517
5 1.9275 1.8083
4 2.22 2.2346
7 1.4775 1.4385
7 0.1425 0.2277
6 1.425 1.3927
5 1.545 1.6021
5 2.8275 2.5856
7 0.1125 0.347
6 2.34 2.2626
6 2.955 2.5986
5 1.875 2.0557
5 1.8675 1.807
4 1.2075 1.2919
7 1.0725 1.0429
5 2.8275 2.4106
7 0.09 0.1142
7 0.975 1.0417
4 2.8875 2.2934
7 2.7975 2.6637
7 1.425 1.4096
6 2.7825 2.4427
6 0.48 0.6238
5 0.7125 1.046
6 0.3075 0.4403
6 1.3125 1.3245
5 2.1675 2.4959
4 0.675 0.6618
4 1.755 1.9388
7 0.15 0.3779
5 1.335 1.4014
7 0.51 0.4138
5 1.785 2.0259
6 2.505 2.4732
4 1.2975 1.3303
6 0.36 0.615
4 1.7025 1.7986
5 2.205 2.2623
5 1.5225 1.554
5 0.975 0.8455
7 1.875 1.8124
6 2.16 1.9756
6 2.775 2.3593
4 0.8175 0.6294
7 0.1425 0.387
6 2.595 2.297
7 2.175 2.2375
7 0.7875 0.7586
6 2.22 2.3745
7 1.5075 1.4811
7 0.39 0.5212
4 1.1625 1.2576
5 0.9225 1.0581
7 1.8675 1.8586
7 1.875 1.8179
4 0.405 0.981
4 2.28 2.1947
4 2.4975 2.2634
5 0.7725 1.0087
7 2.5575 2.6754
5 1.035 1.0308
7 0.4575 0.454
6 2.1675 2.2471
4 0.06 0.7672
4 0.69 0.5504
7 1.35 1.3426
4 1.035 0.5678
5 0.5175 0.5017
7 2.955 2.7599
4 1.7175 1.7053
7 2.4825 2.6949
6 0.4575 0.3208
4 0.3675 0.5825
4 1.6725 1.5401
7 0.0975 0.3359
5 2.97 2.5244
4 1.095 0.9882
5 1.2525 1.2662
6 2.4 2.5468
6 0.585 0.7978
7 0.735 0.6874
6 0.36 0.6244
6 0.825 0.7183
6 1.065 0.9406
7 1.0575 1.0332
5 2.325 2.3873
5 1.755 1.8231
5 0.2775 0.6805
4 2.4825 2.4491
5 0.54 0.6292
6 1.8 1.7404
6 0.06 0.5469
6 2.01 2.0833
6 1.53 1.4665
7 2.6025 2.6115
6 1.53 1.5354
4 0.7575 0.851
6 0.2025 0.4078
5 0.8775 0.797
4 2.7825 2.3995
7 2.49 2.4821
4 1.035 0.8262
5 0.7575 0.9071
6 1.5075 1.5695
4 2.94 2.3378
6 1.89 1.9743
6 2.13 2.0346
4 0.3375 0.4602
6 2.715 2.534
5 1.1025 0.9822
6 0.645 0.8162
5 1.6275 1.7075
4 0.6825 0.4808
4 2.37 2.2192
5 1.56 1.6215
6 1.665 1.4977
6 2.745 2.7067
6 1.3875 1.457
7 2.07 1.9974
7 1.35 1.2549
7 1.485 1.5183
7 1.08 0.9648
4 1.845 1.8876
6 0.525 0.3457
5 2.37 2.3452
5 0.78 0.7748
5 0.975 0.5534
7 1.8 1.7344
7 2.1675 1.9805
6 0.7125 0.7307
4 1.6125 1.6458
5 1.8975 1.8993
4 1.5675 1.37
6 2.61 2.5697
4 1.2375 1.1602
5 2.835 2.2985
7 0.6375 0.6395
5 0.6 0.5494
5 2.6475 2.3938
4 0.39 0.7023
7 2.2425 2.3073
7 2.385 2.2935
6 2.325 2.3695
5 2.415 2.353
5 1.29 1.197
4 2.055 1.9466
4 1.89 1.7121
5 0.0525 0.5502
6 1.5525 1.5266
5 1.29 1.2949
7 2.0025 1.9733
6 0.255 0.5888
4 0.3525 0.8389
5 2.1525 2.2896
6 0.195 0.3776
5 1.5675 1.4919
5 1.605 1.5315
4 2.4375 2.1727
6 1.32 1.3057
4 0.615 0.9425
6 0.9825 0.9828
6 0.27 0.3633
5 2.22 2.2085
5 0.21 0.4114
5 1.8975 1.8893
4 1.3425 1.3566
6 1.9275 1.9102
7 0.45 0.6186
7 2.3925 2.2866
6 1.7175 1.7916
6 2.1675 2.1101
4 0.8925 1.0252
4 0.8175 0.9384
7 1.065 1.0035
4 1.23 1.0277
5 0.24 0.6194
6 0.75 0.4448
6 1.665 1.6336
6 1.9575 1.9158
5 2.9475 2.4784
5 1.5075 1.4915
5 0.615 0.4897
4 0.57 0.488
6 0.885 0.8936
4 2.6175 2.2886
4 0.765 0.7041
6 1.095 1.0973
4 1.6275 1.4967
7 1.605 1.4848
5 2.6325 2.125
5 0.585 0.7261
6 1.5 1.4337
4 0.765 0.718
6 1.9125 1.8267
6 2.52 2.5696
7 1.7925 1.7365
6 0.495 0.6344
5 1.455 1.4464
7 0.5925 0.5369
4 1.6425 1.8408
4 0.03 0.7261
5 0.8325 0.507
5 1.1625 1.1892
7 0.435 0.3529
5 2.07 1.9322
4 0.06 0.6191
4 2.985 2.3322
4 2.475 2.4785
7 0.7425 0.8091
5 1.6275 1.6059
7 1.02 1.005
7 1.3425 1.3255
7 0.57 0.3823
5 0.705 0.618
5 2.1375 2.1627
5 0.345 0.4777
5 1.4025 1.3225
4 2.415 2.2762
7 2.205 2.169
5 2.475 2.2617
6 0.4725 0.3702
6 2.2575 2.3761
5 1.7175 1.5376
4 0.6075 0.8793
5 1.245 1.345
7 1.4325 1.4365
6 1.095 0.9955
5 1.5675 1.6894
7 2.6625 2.6897
4 2.9625 2.472
6 1.5975 1.6944
6 1.23 1.1516
7 1.02 0.9808
5 2.9625 2.3436
5 2.0775 2.2102
7 1.5 1.4582
6 2.01 2.0949
5 0.2475 0.585
6 0.8925 0.8516
6 0.3 0.4189
4 2.205 1.9018
4 2.1375 2.099
6 2.97 2.7328
7 1.17 1.094
4 2.9925 2.2643
4 2.055 2.2307
5 2.3025 2.1657
7 1.245 1.2643
6 2.73 2.6301
5 2.1375 2.1488
6 0.9975 0.9878
5 0.345 0.5469
6 1.605 1.6863
5 2.0475 2.1245
7 1.17 1.1496
6 0.6225 0.6801
6 1.575 1.6404
4 0.3825 0.5964
5 1.23 1.1424
5 0.315 0.5084
7 2.385 2.4783
5 1.575 1.4386
4 2.3625 2.457
4 1.2225 0.957
6 1.5825 1.5569
6 1.965 1.9673
7 2.04 2.0568
5 1.17 1.1045
7 2.8425 2.6859
7 0.7125 0.7795
7 0.495 0.2282
7 1.23 1.269
7 0.84 0.7678
4 2.2875 2.2241
4 1.575 1.6053
5 1.755 1.6304
6 1.92 1.8617
4 0.9375 0.8311
4 2.1525 2.2655
7 1.425 1.403
5 0.975 1.0935
5 2.4825 2.4061
7 1.275 1.3493
6 2.5875 2.3917
4 1.7775 1.8207
4 2.2275 2.3481
4 0.915 0.9097
7 2.5275 2.6851
4 1.5675 1.6474
4 2.7825 2.2553
7 1.38 1.4383
5 2.6775 2.6006
5 0.1125 0.5333
5 1.53 1.5353
4 2.7225 2.5088
5 2.175 2.5527
4 1.4475 1.5272
5 0.45 0.6825
7 2.2575 2.1804
5 1.8225 1.7113
5 2.115 2.1846
7 0.69 0.5292
5 2.85 2.5003
4 0.375 0.5023
7 1.2675 1.304
4 2.76 2.2966
4 1.995 2.1284
4 1.515 1.472
6 0.765 0.6367
5 1.38 1.3044
4 1.425 1.526
4 1.83 1.8125
4 1.8375 1.8307
4 0.12 0.5248
4 0.27 0.8723
6 2.6175 2.5301
5 2.115 1.9551
7 1.2975 1.2344
6 0.1725 0.3853
4 1.755 1.815
4 1.7925 1.6489
7 1.4475 1.5102
4 0.78 0.6402
5 2.46 2.5981
7 1.515 1.5637
4 1.7925 1.9499
7 2.1225 2.1847
7 0.075 0.5517
5 2.655 2.4867
7 1.5 1.6474
6 1.44 1.4497
4 1.815 1.6724
4 1.9275 2.1483
7 0.0375 0.1504
4 2.325 2.29
6 1.1475 1.027
4 2.7375 2.3351
6 1.905 1.8159
5 2.175 2.0919
4 2.8425 2.124
4 1.215 1.3305
5 1.905 1.8666
5 1.05 0.9494
6 1.68 2.0537
4 0.3675 0.6031
5 0.0525 0.4763
4 2.82 2.3383
5 2.6325 2.5162
6 2.535 2.2543
5 0.45 0.6829
6 2.37 2.1938
6 0.4425 0.6716
7 0.6 0.4757
5 0.135 0.3527
7 1.53 1.5191
4 1.5 1.6047
5 2.7525 2.4488
5 2.835 2.4817
6 2.16 2.1498
7 0.4275 0.5121
4 1.0275 0.8161
5 1.485 1.4266
7 1.4775 1.5705
5 1.2375 1.4285
6 1.7325 1.7564
7 2.5725 2.7118
5 1.17 1.2695
4 0.285 0.6488
6 2.685 2.4146
5 1.17 1.188
7 2.13 2.1061
4 2.1375 1.9996
7 2.37 2.3883
6 2.9475 2.5028
4 1.0575 0.974
6 2.805 2.6463
7 2.4975 2.5788
4 1.845 1.9304
5 1.2825 1.3466
4 1.7325 1.9873
6 1.995 1.9116
7 2.2275 2.264
5 0.21 0.437
4 1.98 2.2892
6 1.425 1.4799
5 0.8625 0.9067
7 1.47 1.4304
6 2.205 2.4316
4 0.225 0.6554
5 2.94 2.5355
4 0.9825 1.0958
6 2.295 2.6021
4 2.46 2.0497
5 1.8075 1.8709
4 1.8225 1.9871
4 1.0275 1.0011
5 1.545 1.5866
5 2.0775 2.2869
6 2.52 2.3565
7 1.8825 2.0096
4 1.2975 1.2268
7 2.055 1.9945
7 1.335 1.2544
7 0.0075 0.2431
5 1.455 1.4509
4 2.0025 2.028
5 1.62 1.7022
6 1.2375 1.1487
7 0.57 0.5745
5 1.8525 1.7893
6 1.995 1.9192
7 2.01 1.9144
4 0.315 0.8231
5 2.7225 2.5886
4 2.985 2.4081
6 2.2125 2.2037
4 1.3275 1.3358
7 2.8575 2.7145
6 0.3975 0.3901
4 2.67 2.3786
6 0.63 0.4521
7 2.82 2.6579
5 1.62 1.6472
6 2.4375 2.29
5 1.4625 1.4384
4 2.49 2.2458
6 0.84 0.9355
7 0.6 0.704
7 1.185 1.2902
4 1.9725 2.1327
5 0.915 0.8394
7 1.905 1.9223
5 0.87 0.68
4 0.9075 0.6438
7 1.6575 1.6553
6 0.6675 0.8774
5 2.1675 2.188
6 2.4075 2.4621
4 2.0625 1.9236
6 1.6425 1.6048
4 1.815 1.8309
4 2.925 2.4304
4 2.9175 2.3268
7 1.1175 1.1337
6 1.9125 1.98
4 1.6725 1.7375
4 1.6275 1.7262
6 1.455 1.4323
6 0.03 0.3931
7 0.825 0.8475
4 1.065 1.1264
7 2.43 2.3913
5 0.33 0.4294
4 2.7975 2.3656
7 0.3 0.541
6 1.32 1.3051
7 0.675 0.5128
4 0.6225 0.8585
4 1.5 1.3957
4 2.6625 2.4194
5 0.6975 0.6985
7 2.1 2.0246
6 1.98 2.0831
7 2.5875 2.5384
6 0.735 0.7174
4 2.715 2.503
6 1.2525 1.1404
7 1.6875 1.7078
7 1.71 1.7949
6 2.685 2.4637
7 0.36 0.315
4 1.65 1.3946
6 0.765 0.9116
5 1.2525 1.1957
5 1.7625 1.7546
7 2.25 2.2835
5 0.495 0.6809
6 0.765 0.7767
7 0.975 0.9966
6 1.41 1.4696
6 0.8325 0.7027
4 2.88 2.3853
5 1.6575 1.6448
6 1.62 1.6329
4 0.945 0.9669
4 2.1375 2.1786
5 2.16 1.9664
4 2.8575 2.4776
4 2.565 2.0561
6 0.3975 0.4069
7 1.9725 1.8895
6 2.745 2.557
4 1.4025 1.3089
7 1.845 1.8541
7 2.49 2.5486
7 2.8875 2.6499
6 1.0725 1.1539
4 1.605 1.4643
6 1.8675 1.7929
5 0.045 0.622
4 1.4925 1.444
7 1.17 1.2129
6 2.67 2.4499
7 1.0425 1.0856
7 2.1075 2.148
6 1.8375 1.8011
6 1.26 1.3003
7 0.6525 0.7568
6 1.3425 1.2548
4 0.57 0.7629
7 1.9425 1.8806
4 1.98 2.2357
4 1.0425 1.1072
6 0.2475 0.4128
5 0.03 0.6784
4 0.2925 0.7711
4 2.8275 2.3887
7 1.5975 1.4965
4 0.9975 1.0887
4 1.68 1.5934
5 2.6775 2.4548
4 0.105 0.5943
7 0.4575 0.5459
7 0.8925 0.9097
7 1.1775 1.2138
6 2.4375 2.6173
5 2.9625 2.5388
7 1.1025 1.1046
6 2.19 2.1976
7 0.0225 0.2716
6 2.475 2.5461
6 1.665 1.7145
6 0.8025 0.9579
5 1.68 1.6379
7 0.78 0.8333
6 0.9675 1.0154
7 2.925 2.6904
5 0.345 0.4335
5 2.94 2.3794
6 2.5575 2.542
7 0.8775 0.9308
4 0.4725 0.6231
6 0.1425 0.3244
5 0.195 0.49
6 1.8 1.8755
7 0.945 0.9357
7 0.255 0.3479
5 1.545 1.5346
6 0.195 0.5028
7 0.795 0.7431
7 1.8375 1.772
4 1.3725 1.5528
6 1.7925 1.7594
7 1.5075 1.5797
4 2.5275 2.4406
4 1.0875 1.0566
7 2.1 2.1427
7 2.685 2.6772
4 2.8125 2.3872
4 2.9175 2.3487
7 2.145 2.1422
4 2.9925 2.4413
7 2.7975 2.5749
4 2.16 2.1296
7 2.94 2.7212
6 1.605 1.6504
4 0.2175 1.0538
6 1.725 1.6688
7 2.805 2.6287
5 0.5175 0.4656
5 1.59 1.6281
7 1.0425 1.0147
4 1.575 1.6007
4 0.945 1.1756
6 2.4825 2.5897
4 0.7125 0.727
6 2.7675 2.4981
4 0.7275 0.8867
5 2.9025 2.5246
6 2.8275 2.4131
7 1.5975 1.524
7 0.7875 0.671
6 1.56 1.5463
4 2.7675 2.349
7 1.9425 1.9355
4 2.7225 2.3121
5 2.2125 2.4224
6 2.1675 2.2036
7 1.965 1.8568
7 1.8075 1.8756
6 0.015 0.2902
5 2.8425 2.571
4 1.14 1.4155
6 0.945 1.0058
4 1.305 1.1802
6 0.09 0.4047
5 2.475 2.4772
4 2.4225 2.4551
6 1.1475 1.1621
4 2.22 2.2902
7 1.515 1.612
4 1.9875 2.323
4 0.585 0.7084
4 1.7325 1.6488
6 2.205 2.1771
5 1.7625 1.7072
7 2.5875 2.7996
6 1.635 1.6614
4 2.3625 2.0417
5 2.5125 2.2618
6 2.205 2.1215
4 0.8775 0.5247
5 0.495 0.6294
7 1.5975 1.6449
4 2.49 2.4745
6 0.525 0.5972
7 1.575 1.6501
6 2.415 2.3537
7 0.255 0.3669
4 2.49 2.4226
4 2.7825 2.3163
5 1.9125 1.8254
6 1.3725 1.4071
7 2.5125 2.4339
5 1.4925 1.5635
4 2.0775 2.0036
6 2.1675 2.3627
4 1.86 1.9086
4 0.7875 0.8188
7 2.1075 2.1362
4 0.855 1.1793
6 1.2675 1.1969
6 1.0125 1.0251
7 0.225 0.3145
7 1.9875 1.8377
4 0.1575 0.7311
5 2.19 2.1277
6 1.0875 1.1062
4 2.4825 2.3146
5 0.7275 0.5006
6 0.39 0.5634
6 2.61 2.5559
7 1.5075 1.5373
6 2.325 2.5134
5 2.6325 2.5036
5 0.105 0.5547
6 1.425 1.4106
4 0.81 1.1413
7 2.34 2.4863
5 1.5525 1.5349
7 2.6625 2.4537
6 2.745 2.6945
7 1.2 1.1799
7 0.7875 0.7815
5 0.15 0.4443
5 0.1875 0.6534
4 0.66 0.7983
4 2.0175 1.9094
7 0.735 0.6619
5 2.7525 2.4434
6 0.3075 0.5802
6 1.935 2.0112
4 1.2075 1.1343
6 2.235 2.1994
7 1.4625 1.559
6 2.0925 2.1232
6 1.08 1.0565
6 2.7975 2.5927
5 0.4275 0.5072
7 2.2275 2.1566
6 0.945 0.9376
7 1.5225 1.5977
7 0.5925 0.6425
4 2.8575 2.2736
4 1.1175 1.0678
6 1.7925 1.8599
7 1.02 1.0443
6 2.745 2.542
7 0.21 0.3913
4 0.51 0.5459
6 1.0275 1.0889
5 2.01 1.9398
7 0.4875 0.3152
6 2.865 2.672
4 2.1975 1.9602
5 1.605 1.6092
5 1.605 1.559
7 1.4625 1.4945
6 0.6825 0.8492
5 2.55 2.427
4 0.7125 0.7902
4 1.9425 2.0053
4 0.435 0.7281
4 2.34 1.9728
6 0.6225 0.3861
6 0.165 0.5057
4 1.215 1.0265
6 0.3375 0.401
6 1.5675 1.5817
5 2.91 2.4153
5 0.945 0.7443
6 1.2675 1.3631
5 2.925 2.4864
5 0.4725 0.5157
6 0.1575 0.5614
7 2.3325 2.2599
4 1.6125 1.5706
6 0.1575 0.4483
7 2.775 2.7161
5 0.81 0.5067
4 1.2825 1.347
7 1.7775 1.7951
4 0.7875 0.7255
4 0.2625 0.8549
4 1.6875 1.7146
4 0.6 0.6098
7 0.5325 0.5643
4 0.825 0.6823
4 0.9375 0.7661
7 2.9925 2.6769
6 1.4925 1.5021
4 2.775 2.4932
7 1.77 1.776
5 1.575 1.4721
6 2.31 2.1549
6 0.03 0.3958
6 2.6175 2.5002
6 1.515 1.5811
4 2.3775 2.2652
6 0.8175 0.9402
5 0.795 0.8744
4 2.4075 2.1571
7 1.9725 2.0906
6 1.3125 1.308
7 0.9375 1.0391
6 1.9425 1.8992
7 2.4525 2.6455
4 0.135 0.7305
7 0.72 0.75
4 0.6975 1.0112
7 2.6775 2.5921
4 2.3925 2.4025
4 2.6325 2.2351
5 2.925 2.5581
5 2.805 2.5253
7 0.75 0.7513
6 2.1075 2.0174
6 1.815 1.763
6 1.4775 1.5078
5 0.9225 0.7464
5 0.9 0.672
7 1.035 0.9741
5 1.26 1.3977
5 2.2425 2.2272
7 2.4825 2.513
7 2.565 2.4995
7 0.8025 0.7532
6 2.91 2.4898
6 2.46 2.4368
7 0.735 0.6257
5 0.5925 0.5925
6 1.0875 1.1266
4 2.4375 2.332
7 2.6925 2.6266
7 0.8475 0.8621
4 1.245 1.2306
5 2.685 2.4234
7 0.72 0.6885
4 0.5325 0.6705
4 0.9 0.5818
5 2.805 2.4586
7 0.09 0.4807
5 1.92 1.9564
7 1.515 1.4489
7 0.81 0.7662
7 0.4575 0.3111
4 0.12 0.8565
6 1.875 1.966
5 0.39 0.4859
6 0.7875 0.8256
7 2.9925 2.82
4 2.52 2.237
5 1.3725 1.4577
7 0.96 0.9363
6 0.42 0.4381
4 1.2675 1.2144
4 1.68 1.8778
6 0.975 1.0354
4 0.1725 0.5959
5 0.8475 0.5898
6 2.0025 1.9779
6 2.055 2.1739
5 1.425 1.5466
7 2.325 2.1701
6 2.67 2.5697
4 1.3575 1.1841
5 1.125 1.2289
6 1.695 1.6788
7 0.8325 0.8458
4 2.9775 2.4532
5 0.2925 0.7253
4 2.34 2.304
7 2.9925 2.7187
6 0.81 0.8884
4 1.77 2.2078
6 1.0425 0.965
4 2.6025 2.3989
4 1.38 1.3878
7 0.9 0.9553
4 2.6475 2.1023
7 1.65 1.7573
4 2.655 2.258
7 1.035 1.1374
5 0.225 0.4438
6 1.23 1.2995
6 2.3625 2.3522
4 0.165 0.6396
7 0.9 0.884
6 2.1675 2.2782
7 1.7325 1.7288
6 1.5525 1.5679
6 2.1675 2.0954
5 0.6075 0.3983
7 1.65 1.6677
4 2.25 2.2465
4 1.62 1.7381
7 1.4475 1.4761
7 2.595 2.6972
7 0.1875 0.3631
5 0.6225 0.5825
4 2.4525 2.2834
6 1.38 1.1583
7 0.15 0.205
4 1.3875 1.4249
7 2.7675 2.8482
7 0.57 0.6681
5 2.76 2.4561
6 0.4875 0.3585
5 2.8425 2.5172
7 1.8975 1.9287
5 2.43 2.3786
4 2.4675 1.9722
7 2.5875 2.6224
5 0.9975 0.8511
5 2.7075 2.4991
4 1.155 1.1981
6 1.44 1.4521
7 0.555 0.6902
6 1.2825 1.2476
7 1.1925 1.2422
5 1.935 1.9341
7 0.1725 0.4673
5 2.4 2.578
6 2.5125 2.4732
5 0.1875 0.5659
6 2.3475 2.1867
7 2.2425 2.2601
4 1.26 1.2487
7 0.0225 0.4177
5 0.4575 0.5719
6 0.5625 0.3691
7 0.3525 0.4623
6 1.815 1.8036
6 0.27 0.442
5 0.1725 0.3711
6 0.12 0.3773
5 2.8725 2.3692
5 1.6725 1.5892
6 2.4225 2.241
4 2.475 2.2721
6 0.45 0.5719
4 0.885 0.94
4 2.8575 2.3666
5 0.39 0.4483
5 0.015 0.6045
7 1.1325 1.2188
6 1.9125 1.825
4 1.065 1.1405
5 0.405 0.5813
7 0.42 0.3263
6 1.0125 0.9062
5 1.86 2.0022
5 1.125 1.2273
6 2.2425 2.2247
5 2.4525 2.443
7 0.285 0.6067
6 2.7 2.4833
7 0.045 0.2736
4 0.2775 0.4813
7 1.1475 1.1527
4 2.9475 2.5028
5 2.5425 2.6411
6 2.7075 2.6221
4 1.725 1.5698
7 1.4775 1.4707
4 0.225 0.539
6 1.365 1.4047
7 1.02 0.9938
5 1.59 1.556
5 1.0725 1.0366
7 0.015 0.1913
4 2.1975 2.1184
7 0.8775 0.7441
6 2.1 2.0791
4 0.3675 0.4315
5 2.265 2.3792
7 0.795 0.7997
6 1.2675 1.269
7 0.45 0.4686
5 1.785 1.7351
5 2.61 2.3962
7 1.2675 1.2141
4 0.8325 0.7723
5 1.1325 1.1041
4 2.5725 2.0259
5 1.2075 1.0134
7 1.5825 1.5363
4 0.7125 0.6336
4 1.245 1.3196
6 1.245 1.2284
7 0.9075 0.981
5 0.795 0.9692
5 0.8325 0.758
6 2.5725 2.6434
6 2.955 2.466
7 2.8275 2.6593
7 2.505 2.749
7 2.6175 2.5616
7 1.0125 0.9239
5 1.965 1.7323
4 0.0825 0.6018
6 1.8225 1.7685
5 2.5425 2.3123
4 0.78 0.833
7 1.8975 1.8963
6 2.0175 2.0027
6 2.2425 2.2203
7 0.945 0.9764
4 1.395 1.3204
7 0.3 0.3652
7 0.84 0.8688
6 1.305 1.3763
6 0.735 0.8561
7 1.8525 1.7882
5 1.29 1.1357
6 0.39 0.4768
7 2.64 2.724
7 2.2275 2.1591
6 2.025 2.0251
4 2.355 2.3824
6 1.62 1.7144
4 1.9575 2.1411
4 2.5275 2.1952
5 2.295 2.6057
4 2.7825 2.3503
6 0.195 0.3481
5 0.36 0.5014
5 0.4425 0.5078
4 2.5125 2.2904
7 1.575 1.5727
5 2.4525 2.4117
5 1.8 1.7323
5 0.4275 0.6059
7 1.8975 2.0644
6 0.435 0.5546
4 1.215 1.1756
7 0.6225 0.6027
7 1.9275 1.8866
4 1.4625 1.3018
7 1.4925 1.4809
4 2.025 2.0853
4 2.3775 2.4139
7 0.2175 0.2299
7 2.3625 2.5148
6 0.8025 0.8652
7 2.955 2.6398
4 2.475 2.1307
6 0.495 1.2507
7 0.8025 0.7074
4 1.5 2.5923
4 2.355 2.395
7 2.94 2.6162
7 2.4375 2.3695
5 1.5075 1.3995
6 1.7775 1.9107
7 0.9675 0.9953
6 1.7775 1.7513
6 2.07 2.1381
5 0.825 0.5745
5 0.2625 0.4634
6 2.0775 2.1723
5 1.695 1.6923
5 2.7675 2.6069
5 2.7675 2.5083
7 0.1425 0.2692
4 1.5375 1.3459
6 2.2725 2.2708
5 2.7375 2.4317
7 1.7775 1.8141
4 1.2 1.2952
7 1.5225 1.5796
7 2.985 2.7488
5 1.3275 1.517
6 2.19 1.9851
6 1.875 1.9826
6 0.8325 0.7494
6 2.1825 2.3015
7 2.3175 2.3128
7 2.43 2.4846
7 1.9725 1.9476
5 2.3775 2.4623
7 1.275 1.2592
4 1.185 1.0756
6 0.3675 0.3854
4 1.53 1.2411
5 1.5 1.4941
6 1.8675 1.8381
6 2.6775 2.5488
4 0.0225 0.5938
5 1.0575 1.1528
4 2.61 2.2762
6 2.775 2.6622
7 0.2325 0.2491
4 0.855 0.7876
6 0.6675 0.4203
6 0.0825 0.3579
7 2.6775 2.4805
5 0.45 0.4874
4 0.6825 0.688
4 2.6175 2.2126
4 2.37 2.3063
6 0.2175 0.4128
7 1.4775 1.523
7 1.815 1.8308
6 0.7575 0.7876
6 1.5 1.4999
5 0.4425 0.642
4 1.68 1.6139
7 1.125 1.1235
5 1.08 1.2043
7 1.6275 1.6579
6 2.91 2.6291
5 2.505 2.5681
5 2.5725 2.5226
6 0.36 0.4318
4 2.3025 2.293
4 1.1625 1.2292
7 0.045 0.2897
5 2.37 2.3547
6 1.4775 1.4878
7 0.165 0.271
4 2.19 2.0165
4 2.835 2.4317
6 2.7225 2.6737
7 2.67 2.5556
4 0.5775 1.0276
6 2.94 2.5921
6 1.095 1.0942
7 0.5925 0.832
5 0.105 0.4949
7 0.8175 0.8251
6 1.6425 1.6705
7 0.345 0.4666
6 2.7 2.664
5 2.2725 2.3297
7 1.65 1.6101
4 1.635 1.7701
5 0.915 0.7099
6 1.7925 1.9055
4 0.51 1.0149
6 0.7425 0.7666
4 0.6675 0.9829
6 1.425 1.4774
5 0.5625 0.7346
7 2.175 2.1838
6 1.965 1.9359
5 0.4575 0.5763
4 2.355 2.4764
4 0.525 0.6351
5 2.37 2.4672
5 1.0725 1.0735
6 0.0525 0.3395
7 2.31 2.2569
4 1.7175 1.5795
7 0.39 0.4016
6 1.26 1.1528
5 2.7075 2.4674
4 0.2775 0.7917
4 0.66 0.8943
4 1.8675 2.0136
6 0.0375 0.2212
6 1.1775 1.2817
6 2.2725 2.2323
5 0.4725 0.476
7 2.1075 2.0424
4 1.8 1.8199
4 0.9525 0.6744
4 1.5675 1.4743
7 0.4725 0.5847
6 1.7325 1.759
7 0.9525 0.9087
4 0.105 0.6026
7 0.3825 0.2333
7 1.53 1.4688
4 2.2575 2.1126
5 1.8 1.7518
6 0.2925 0.5735
6 2.715 2.5418
6 1.845 1.8239
5 2.7225 2.2942
6 2.64 2.4758
5 1.2675 1.4413
5 2.5575 2.5034
5 1.065 1.3499
4 2.5575 2.412
7 0.0525 0.4368
7 2.5425 2.2363
6 2.31 2.3193
7 0.51 0.2047
7 2.46 2.5054
5 0.8625 0.8426
7 2.205 2.1093
7 0.0975 0.4403
6 1.6275 1.5564
4 0.72 0.5574
4 1.56 1.4846
7 2.25 2.0419
6 1.3875 1.5125
6 0.6825 0.4301
5 2.175 2.3579
5 2.775 2.5762
5 1.965 1.9955
6 0.3 0.3905
4 0.2925 0.6985
4 0.3975 0.6985
4 2.76 2.3812
6 2.4375 2.3507
7 2.805 2.7236
4 0.3675 0.8049
5 2.715 2.548
4 0.93 0.661
6 0.585 0.4168
5 0.3075 0.4732
6 0.7125 0.7528
5 1.545 1.5097
4 1.4925 1.4901
7 0.135 0.3892
5 0.81 0.5918
7 2.76 2.5978
6 1.1025 1.1737
4 1.215 1.1984
4 2.85 2.3832
6 2.325 2.2253
5 2.7525 2.5395
4 2.145 2.241
5 1.5075 1.5671
7 2.8875 2.6443
5 2.175 2.3599
7 1.4025 1.4554
6 2.1975 2.1465
5 0.1425 0.6422
7 1.5525 1.5824
4 1.245 1.2099
4 1.035 1.039
4 0.315 0.7937
5 0.465 0.4873
5 1.725 1.5882
5 2.5425 2.5428
5 2.2875 2.4114
7 2.895 2.6788
5 2.9025 2.6242
4 1.8 1.7738
4 0.2775 1.4918
5 0.225 0.4937
4 1.2375 1.3039
6 0.1875 0.4125
4 2.58 2.1766
5 0.9675 0.8903
5 0.165 0.6635
6 2.355 2.5838
4 1.3425 1.3553
5 1.32 1.3207
4 1.0425 1.1374
4 2.445 2.3847
5 1.38 1.4589
4 1.4925 1.5925
5 2.2275 2.5862
4 2.6025 2.2934
4 0.585 0.7513
4 2.7075 2.4919
7 1.8075 1.6832
4 1.005 1.0626
4 0.6525 0.6417
4 0.9825 1.1629
4 2.5725 2.2939
7 2.655 2.4389
6 0.705 0.7127
6 1.9575 1.9086
6 1.3275 1.3063
5 2.505 2.4357
4 2.3175 2.4372
5 2.9925 2.3609
4 0.9675 1.1333
7 2.475 2.4973
4 0.36 0.781
6 2.325 2.3364
5 1.35 1.3384
7 1.1325 1.1119
4 2.8275 2.3365
4 2.3925 2.3659
7 2.4 2.5918
6 0.9975 0.9719
7 1.5 1.5479
6 1.3275 1.3124
5 2.325 2.5768
6 2.04 1.9683
6 2.565 2.4808
4 2.3625 1.9427
4 1.2525 1.2279
7 2.3325 2.377
7 1.9575 1.8897
5 0.285 0.3892
5 1.77 1.74
6 0.9075 0.9933
5 1.11 1.2205
4 0.525 0.5145
4 2.835 2.2114
4 0.5475 0.7491
6 2.5875 2.5219
7 1.2525 1.236
4 1.395 1.441
7 1.0875 1.1224
4 0.4725 0.5963
7 1.32 1.2206
4 1.5 1.6829
6 1.17 1.082
4 1.2975 1.1086
4 1.4475 1.3352
5 1.005 0.9901
6 2.31 2.2077
4 0.3 0.7242
5 2.5575 2.2678
4 2.7825 2.3044
7 2.4975 2.7105
4 0.8625 1.0946
7 2.625 2.7104
4 1.2525 1.0157
6 2.8275 2.4174
7 0.225 0.31
5 0.9825 0.9735
4 0.99 1.148
5 2.5125 2.5412
5 2.115 2.1492
6 1.9725 1.9971
4 2.31 2.3292
4 2.2725 2.1673
5 2.4 2.2838
6 2.7975 2.6776
4 1.5675 1.5662
6 0.1125 0.4844
5 2.43 2.2364
6 2.355 2.5761
5 1.89 1.9232
4 2.58 2.2026
7 1.32 1.3109
7 1.455 1.4701
4 2.6775 2.2791
7 2.85 2.7471
6 0.735 0.7678
6 1.5675 1.536
6 2.955 2.6694
7 1.53 1.4779
6 0.8775 0.6127
7 2.8125 2.5448
4 1.59 1.6277
7 0.93 0.9634
6 0.5025 0.5932
6 1.2675 1.3565
4 2.01 2.2724
5 2.1525 2.3477
4 2.445 2.2665
4 2.4375 2.4723
6 2.1225 2.1462
7 0.4575 0.1941
4 0.06 0.8356
7 1.1925 1.1362
7 0.45 0.2331
4 0.525 0.8454
4 1.1775 1.1317
6 1.665 1.7954
4 2.625 2.1315
5 2.1975 2.0896
5 0.1875 0.3897
7 2.6025 2.6699
6 1.155 1.0961
4 1.695 1.4577
4 0.24 0.5467
7 1.98 2.0328
4 2.625 2.3453
4 1.59 1.7697
4 1.065 0.9732
7 2.3925 2.3931
5 1.29 1.3873
6 2.4825 2.4554
6 1.1625 0.9946
5 1.68 1.7924
7 2.46 2.3296
5 2.5125 2.2341
4 0.2175 0.4331
5 0.0375 0.4994
6 2.6925 2.5743
7 1.95 1.9355
5 1.35 1.2701
5 2.4975 2.5938
4 2.2275 2.2722
4 2.685 2.3971
4 1.9275 1.8379
5 2.94 2.5143
6 2.2725 2.457
6 0.57 0.3986
4 0.9375 1.0623
4 2.2575 1.9638
4 2.04 2.0094
7 0.57 0.6647
6 0.21 0.4738
5 0.42 0.5539
5 2.64 2.4975
5 1.8375 1.7193
6 0.8325 0.9311
4 2.91 2.2664
6 0.72 0.7139
5 1.425 1.5542
4 1.065 0.9076
7 2.4675 2.276
6 1.65 1.6668
4 1.515 1.5977
7 0.525 0.5028
5 0.3 0.5731
6 1.0275 0.9953
4 1.395 1.5671
5 0.78 0.7537
7 0.5775 0.5197
4 1.2675 1.3648
7 0.3825 0.4454
5 0.6 0.8074
5 1.2975 1.2653
6 2.3625 2.3754
4 1.4325 1.5283
5 0.1125 0.381
5 1.56 1.5492
4 1.9575 1.8709
7 2.415 2.4693
5 0.51 0.5479
7 1.1775 1.2512
5 1.0725 1.1986
6 2.5875 2.6095
5 2.73 2.4032
4 1.71 1.8076
7 0.42 0.5216
5 2.1675 2.1682
5 0.975 0.8562
6 1.905 1.7895
5 2.025 2.1699
5 1.605 1.5042
4 0.87 1.1561
6 0.39 0.6048
4 2.01 2.3031
7 1.935 1.8991
7 2.0325 2.1742
6 2.1975 2.2669
4 0.6675 0.9993
4 1.14 1.1369
6 1.77 1.7892
4 1.32 1.1666
4 0.8625 0.9282
4 0.6 1.136
5 0.3975 0.5492
7 2.2725 2.2339
5 2.79 2.4665
5 1.875 1.7036
5 0.855 0.9729
4 0.6525 0.7774
6 2.22 2.2002
5 1.425 1.3375
4 0.66 0.6978
5 1.14 1.0918
4 2.2875 2.3201
4 2.0775 2.2473
4 0.6525 0.632
6 1.2675 1.2666
4 1.9575 2.0121
5 2.34 2.4249
5 1.4325 1.5
4 1.215 1.1359
4 1.98 1.9565
7 2.7075 2.5276
6 2.6775 2.6573
4 2.175 2.3257
4 0.81 0.7663
7 0.6075 0.5176
7 0.7875 0.7865
7 1.2525 1.2148
5 1.725 1.6763
6 1.665 1.6842
5 0.3 0.3908
4 0.6375 0.9183
6 0.48 0.465
4 1.3275 1.2796
6 1.845 1.8202
7 0.1125 0.3606
5 1.6425 1.6681
7 0.12 0.2257
5 1.7025 1.5018
5 0.0675 0.5053
7 1.56 1.5353
4 2.37 2.474
4 0.5925 0.7458
5 0.5775 0.5846
5 2.505 2.3964
4 1.1625 1.0476
4 2.115 2.3433
4 0.675 0.5579
6 2.4525 2.6371
6 2.55 2.4023
7 1.7475 1.7228
5 2.475 2.4104
6 0.9975 1.1362
7 1.0875 1.0097
6 1.44 1.4303
6 1.0425 1.0578
6 1.905 1.9954
4 0.135 0.8153
6 1.59 1.6702
7 1.725 1.8173
4 1.6875 1.9134
5 1.8 1.8287
5 0.72 0.7463
6 0.285 0.3673
4 0.48 0.6397
4 1.005 0.753
4 1.5225 1.4378
6 1.17 1.1051
7 2.34 2.2421
5 0.495 0.5486
6 0.705 0.8213
4 0.705 1.0303
4 1.32 1.2631
6 0.9225 0.9005
5 1.155 1.2333
5 1.29 1.3232
6 1.98 2.0196
7 0.015 0.452
6 1.125 1.1624
6 0.4125 0.365
7 0.405 0.2598
6 2.205 2.3379
7 0.42 0.2239
7 0.3075 0.2832
6 0.4425 0.3728
5 0.435 0.4491
5 1.185 1.2434
7 0.33 0.3691
4 1.8375 1.3154
6 0.99 1.0502
6 0.48 0.5528
5 2.43 2.3088
5 0.0225 0.6717
4 0.6825 0.5212
6 1.8 1.6211
7 1.5375 1.5604
6 2.6025 2.4416
7 1.1175 1.1186
4 0.2325 0.6061
7 0.855 0.7619
5 0.6225 0.7382
5 2.6775 2.215
5 1.5075 1.4814
7 1.1175 1.1214
7 2.52 2.4574
6 1.8825 1.896
5 1.44 1.5083
6 1.3875 1.3358
5 0.09 0.4556
4 1.9425 2.2124
5 0.9 1.0371
5 2.01 1.9942
5 2.025 2.1001
7 0.1575 0.2612
6 2.46 0.6069
5 2.3625 2.0945
4 0.33 0.6147
4 2.0625 2.54
7 1.6425 1.5621
7 2.205 2.3308
6 2.775 2.6412
4 1.4325 0.0577
5 0.42 0.5314
6 2.445 2.4116
6 0.21 0.3926
6 1.785 1.8901
6 0.885 0.9674
4 0.375 0.5403
7 0.375 0.4178
6 0.3675 0.6253
6 0.045 0.4504
6 1.875 1.9988
4 0.27 0.6895
6 0.21 0.4524
7 2.3775 2.3984
6 0.3675 0.6967
6 1.395 1.425
4 0.2475 0.5466
4 2.2125 2.1042
5 1.305 1.232
5 2.8425 2.4465
5 1.395 1.4033
6 0.1425 0.3853
7 2.6775 2.681
4 1.74 1.8866
4 2.4975 2.4165
4 0.0375 0.9211
6 1.4925 1.4169
7 1.7775 1.7995
6 1.6275 1.6206
5 0.84 0.8903
6 1.035 1.107
5 2.9325 2.4907
7 1.725 1.6925
4 1.74 1.5751
7 1.2675 1.2593
6 2.4375 2.6031
5 1.2 1.2274
5 1.2825 1.2113
5 1.065 1.1294
6 0.465 0.4684
7 2.8725 2.5982
5 1.38 1.3706
7 0.615 0.6188
4 1.4475 1.4067
4 0.6675 1.1489
7 2.565 2.4141
7 1.0575 1.0729
5 2.67 2.6354
4 1.26 1.0698
4 2.2575 1.9044
5 0.69 0.4566
6 1.3275 1.1891
4 2.1675 2.201
5 0.8175 1.0189
7 0.765 0.6876
4 1.4925 1.3682
4 1.6725 1.8637
6 1.2675 1.2073
7 1.98 2.0943
4 2.34 2.0527
6 0.6675 0.6194
5 2.4075 2.3699
5 2.6925 2.5011
5 0.075 0.6044
5 2.8275 2.3813
6 2.0025 2.2249
6 0.0375 0.313
6 0.1725 0.3593
4 1.53 1.4465
5 2.565 2.4993
6 1.3875 1.4227
7 2.4675 2.3476
7 1.155 1.1136
4 0.4725 0.5975
4 2.6025 2.4315
4 0.2325 0.6356
6 1.9575 1.975
4 1.275 1.3617
7 1.7175 1.7269
6 0.51 0.7025
7 1.74 1.6386
5 2.3925 2.4197
6 2.3625 2.3543
5 2.46 2.5089
5 0.72 0.5901
6 1.4025 1.3809
4 0.615 0.5429
7 0.2175 0.3014
5 2.7075 2.5788
4 0.5025 0.8568
4 1.0425 0.7161
5 1.245 1.4528
6 1.1475 1.2413
7 2.1975 2.2583
7 2.43 2.5028
7 0.48 0.2869
7 1.1025 1.0344
4 0.96 0.9528
6 0.8775 0.7903
7 2.25 2.2811
4 0.3825 0.5618
4 2.22 2.0345
6 2.4075 2.5484
7 2.25 2.349
4 2.64 2.3763
5 1.05 1.1299
6 2.46 2.4933
4 1.605 2.0156
4 0.3825 0.5576
5 2.925 2.5592
4 1.41 1.3544
6 0.435 0.514
6 0.15 0.477
6 0.72 0.692
5 2.4525 2.4413
4 2.1225 2.0276
4 0.6225 0.7737
5 2.265 2.4528
7 1.2525 1.1533
6 0.54 0.655
4 2.3775 2.3744
7 2.0025 1.9336
5 2.58 2.6481
6 2.0175 1.893
5 1.5375 1.459
6 0.735 0.6857
5 2.0475 1.9965
7 0.585 0.6628
7 1.6425 1.7141
4 2.0775 2.0455
4 2.445 2.2857
7 1.44 1.4301
5 1.6725 1.7379
6 1.7325 1.7948
5 2.19 2.3758
4 1.245 1.1241
7 0.8775 0.8608
5 2.235 2.3547
4 0.675 0.8428
7 2.4 2.4368
7 0.99 0.9675
6 2.1675 2.2465
4 1.845 1.7978
4 1.05 1.1647
5 1.4025 1.4226
6 2.9025 2.5437
4 2.8875 2.3368
5 2.085 2.0276
5 0.12 0.622
7 2.4375 2.379
4 2.2275 1.9459
6 2.1375 2.0416
4 0.87 0.5771
6 1.815 1.6619
5 2.97 2.4914
5 2.46 2.5247
6 2.4225 2.3464
5 2.0775 2.3696
4 1.29 1.313
5 0.81 0.9696
5 1.245 1.2191
5 0.4725 0.7524
5 0.645 0.527
4 0.345 0.7553
6 2.3325 2.616
4 0.135 0.5431
6 1.4025 1.3382
5 2.1375 2.2397
4 1.7325 1.7951
4 0.21 0.6309
4 1.9425 2.0626
7 1.335 1.3655
5 2.91 2.5286
5 2.6175 2.6012
6 2.6475 2.5879
6 0.0675 0.3296
4 2.8725 2.4407
4 2.7825 2.3579
7 2.565 2.7106
7 2.4825 2.6314
4 2.3475 2.3087
7 0.24 0.3717
6 0.315 0.3902
5 2.745 2.5909
4 0.5325 0.6916
6 0.6825 0.809
6 2.745 2.5793
4 0.3675 0.6473
4 1.875 2.1262
4 1.395 1.4823
5 1.17 1.2936
4 2.5725 2.2662
5 1.125 1.1129
6 0.2625 0.3805
5 1.23 1.3833
6 0.0825 0.3304
7 0.945 0.9568
4 0.2625 0.542
5 0.87 0.9974
4 1.6875 1.5944
5 2.625 2.3114
6 1.9575 1.9263
4 2.625 2.2476
7 0.645 0.6152
4 2.2575 2.3554
4 1.71 1.7242
5 2.2575 2.3046
6 1.5675 1.5778
5 0.93 0.7998
7 0.7275 0.7967
5 1.77 1.7795
7 2.19 2.1825
6 1.095 1.1662
5 1.2975 1.2149
7 2.625 2.6849
7 0.5325 0.2533
6 1.65 1.7097
7 1.6425 1.4937
6 2.535 2.4638
4 0.8625 0.765
7 2.6475 2.6094
4 0.96 1.259
5 2.835 2.5489
4 1.305 1.2563
5 2.25 2.2867
7 2.895 2.6861
4 2.25 1.8828
6 1.8225 1.8065
7 1.605 1.5406
4 1.8 1.7185
4 0.5475 0.7037
5 2.16 2.1193
7 2.775 2.6807
6 2.91 2.4713
4 1.8075 1.6129
5 2.8275 2.5059
5 0.165 0.5313
6 2.6925 2.4446
5 2.4 2.5128
7 0.9375 0.9909
5 2.7375 2.54
4 1.9275 1.6555
4 2.115 2.2765
5 0.6825 0.9434
6 2.865 2.6497
6 0.435 0.5966
7 0.96 0.9496
4 1.95 1.799
4 0.0075 0.9257
4 0.5175 0.6561
6 1.4775 1.4818
6 1.92 1.9466
4 1.4625 1.2653
6 0.4875 0.4641
7 0.435 0.413
5 1.2075 1.2561
6 1.155 1.1517
4 2.8425 2.2448
6 1.7925 1.8007
4 2.0625 2.4099
5 1.26 1.1017
6 1.0125 0.901
5 1.635 1.7179
6 0.03 0.2504
6 2.3325 2.4419
5 0.8475 0.6781
4 1.05 0.8945
4 0.4425 0.5763
4 1.5675 1.7042
7 1.4775 1.5835
6 0.735 0.9855
7 2.295 2.1952
5 1.3275 1.2263
4 2.355 2.128
5 1.0425 1.1388
6 0.405 0.4184
5 2.94 2.4383
5 0.435 0.69
7 2.4825 2.5453
4 1.0725 1.1971
5 2.49 2.4049
5 0.3075 0.3943
5 2.46 2.4418
6 1.9125 2.0154
6 0.555 0.5394
7 0.435 0.6229
5 2.76 2.4758
4 2.7675 2.4569
7 1.0875 1.0251
6 2.655 2.6604
6 1.245 1.3117
4 2.73 2.4079
6 1.4325 1.4912
6 0.03 0.4455
7 1.275 1.1384
4 1.35 1.2393
6 0.5175 0.5843
5 2.9325 2.5828
7 1.815 1.8599
5 2.1 2.1389
5 0.3525 0.4523
5 1.2225 1.0947
6 1.7175 1.6759
4 1.2375 1.2149
5 2.805 2.4311
4 2.3925 2.4072
6 0.3525 0.3459
6 1.305 1.2641
7 1.5075 1.5259
7 1.635 1.6392
4 2.52 2.0016
6 1.1175 1.1361
6 0.9075 0.8201
5 1.125 1.0745
7 0.345 0.205
7 0.7125 0.7713
6 0.5175 0.4606
7 0.6 0.507
4 0.0 0.5711
7 2.4375 2.2518
4 1.635 1.6895
5 1.425 1.4775
7 2.7975 2.6667
7 2.9925 2.6693
7 0.54 0.5882
5 2.055 2.0281
7 2.145 2.1675
7 0.5025 0.2856
6 2.9925 2.7106
5 1.155 1.0902
5 1.53 1.5438
4 0.105 0.8094
7 0.9 0.8663
4 1.6725 1.6581
7 0.885 0.7698
7 2.0775 1.9626
6 0.1725 0.4886
7 1.05 1.0746
4 0.1125 0.6346
7 2.07 1.9893
4 0.0075 0.6697
4 2.745 2.2876
7 1.2825 1.3408
7 1.245 1.2416
4 1.29 1.2366
7 0.3 0.3334
4 1.65 1.4645
6 0.0375 0.7758
6 1.2525 1.2976
6 2.325 2.4274
4 0.225 0.6421
4 2.2275 2.252
6 1.47 1.5066
4 1.395 1.2729
4 0.7125 0.7369
4 0.06 0.649
5 2.235 2.2213
4 0.435 0.5969
4 1.875 1.7948
6 2.6925 2.7993
6 2.07 2.0702
7 2.07 2.0929
6 0.21 0.6241
7 1.815 1.8769
7 0.69 0.5535
5 1.455 1.4113
5 0.2625 0.3722
6 1.08 0.9442
4 0.225 0.5289
4 1.5525 1.5454
6 0.42 0.5708
4 1.08 0.9241
6 1.95 1.9013
4 0.285 0.6121
7 0.0075 0.3656
7 0.33 0.3251
5 1.335 1.1976
7 0.2175 0.1615
7 1.02 1.1235
4 2.25 2.2898
7 2.115 2.3492
7 1.47 1.5156
4 1.905 1.9394
6 2.295 2.3075
7 2.0775 2.0771
6 0.1125 0.4154
7 2.5575 2.6723
5 2.8425 2.3012
7 0.8775 0.962
7 1.965 2.1818
4 2.13 1.9147
4 2.0025 2.2422
7 1.1475 1.1354
7 1.905 1.9151
5 2.565 2.5506
6 2.325 2.2419
7 1.0125 1.137
6 1.9275 1.8421
7 0.705 0.4517
4 0.4725 0.5878
7 0.225 0.2846
7 2.475 2.4722
7 0.1875 0.312
6 2.7375 2.5101
7 2.1825 2.1461
5 1.485 1.5539
4 2.3175 2.3322
6 1.5075 1.5975
4 1.4475 1.7035
7 0.12 0.2545
6 0.69 0.7992
5 2.97 2.4282
5 1.98 1.9779
4 2.82 2.323
5 0.255 0.4455
5 2.5875 2.4205
6 2.0325 1.9513
4 1.2825 0.9828
4 1.605 1.633
4 1.44 1.3466
5 2.28 2.5114
5 0.0525 0.5284
5 2.16 2.2022
5 2.8875 2.506
6 1.7625 1.6515
4 1.9725 2.0274
5 2.2425 2.233
4 0.105 0.8425
4 1.1325 1.3186
6 1.0275 1.0884
7 1.395 1.3813
7 0.9825 0.9484
7 2.925 2.6997
4 2.8425 2.4603
6 1.4775 1.2957
4 2.1075 2.0013
7 1.2375 1.2885
7 2.7825 2.8117
6 2.46 2.4648
4 1.56 1.4883
5 1.7175 1.8107
5 0.42 0.6145
7 2.235 2.1795
6 2.7825 2.5284
4 1.0875 1.3157
7 0.21 0.2876
6 1.2225 1.0338
5 2.4075 2.237
4 0.645 0.7529
4 0.975 1.1199
6 0.7575 0.6875
6 1.995 1.8846
7 1.665 1.6543
7 1.05 1.0644
6 0.45 0.5126
7 0.195 0.2838
6 2.985 2.4377
4 1.5375 1.6902
4 2.415 2.4301
5 0.18 0.387
5 0.1425 0.535
4 0.1575 0.5033
6 0.72 0.8383
6 0.81 0.6595
7 1.1025 1.1229
6 0.5925 0.5348
7 2.7675 2.6771
4 0.6 0.6834
7 1.11 1.1295
4 2.1825 2.2135
7 2.4225 2.4062
4 1.38 1.2899
7 2.7375 2.7424
5 2.4975 2.4195
5 2.8575 2.4919
5 2.1225 2.0262
7 0.9675 0.9026
4 0.585 0.7863
5 2.175 2.1525
4 1.7775 1.9763
5 0.0 0.43
4 1.1625 1.3785
5 1.6425 1.716
7 2.685 2.7065
4 0.555 0.7169
5 2.925 2.4609
5 0.69 0.8858
5 2.085 2.1901
5 2.6175 2.4114
7 0.24 0.4033
4 2.9925 2.3905
6 1.785 1.7026
5 2.9925 2.4386
6 1.8825 1.8604
5 0.855 0.9431
6 2.19 2.3188
7 2.1225 2.0616
4 2.415 2.3711
5 1.86 1.6753
4 0.4875 0.9671
4 2.0775 2.0303
5 1.0425 0.9682
5 2.0175 1.9372
5 0.1875 0.5045
6 1.8 1.7866
7 2.7675 2.6972
6 2.145 2.15
5 2.0325 2.2199
7 2.3775 2.3795
6 1.6125 1.6548
6 0.6 0.6486
6 0.0 0.4829
4 2.5275 2.4466
6 2.295 2.314
7 2.64 2.7317
6 0.915 0.8447
5 0.2775 0.4995
4 0.7875 0.7299
5 0.15 0.4992
5 2.3175 2.4222
4 0.7575 0.6112
5 1.02 0.9869
5 1.845 1.8573
6 1.1325 1.1746
7 0.5775 0.6084
7 0.555 0.2889
4 1.545 1.7135
5 0.1875 0.6004
4 1.4775 1.5987
6 2.775 2.6133
7 1.095 1.0683
4 0.6525 0.9384
7 2.8875 2.642
6 0.195 0.4537
7 1.2525 1.1862
6 1.38 1.3492
7 1.755 1.7578
7 0.8925 0.9966
7 0.435 0.6025
6 0.6225 0.6259
4 0.96 0.7341
5 1.14 1.0441
7 2.13 2.2607
7 0.8625 0.8258
5 2.685 2.4931
4 2.79 2.2327
6 0.735 0.6479
5 2.7375 2.2596
5 2.595 2.4658
4 1.5975 1.6325
6 2.1075 2.242
6 2.0925 2.1539
7 2.6325 2.692
6 2.0625 1.9493
5 0.165 0.4914
5 2.505 2.662
6 0.165 0.3453
7 0.945 0.8831
5 0.4425 0.5502
4 1.0125 1.0931
6 2.4225 2.4352
5 2.9475 2.5189
6 2.6775 2.7185
6 0.8175 0.8659
4 2.01 1.834
6 2.3175 2.4077
7 0.6675 0.7094
5 0.8025 0.5811
6 1.2 1.1462
6 0.0225 0.2904
7 0.2625 0.3763
5 0.81 0.8093
7 1.485 1.3675
6 0.225 0.3693
6 2.4 2.4458
7 1.8825 1.8366
4 2.805 2.2661
5 1.3125 1.4905
5 2.67 2.4586
5 2.1075 2.1599
4 2.8875 2.2815
7 0.8925 0.9214
4 1.035 0.7855
7 0.63 0.4446
5 0.435 0.5061
4 1.7325 1.7585
4 0.945 0.9637
4 1.725 1.6678
5 2.295 2.4201
5 2.5725 2.2836
7 0.8175 0.9657
7 2.49 2.6405
6 1.7175 1.6171
5 0.3975 0.6277
4 2.445 2.2756
5 1.2 1.316
4 0.99 0.8801
7 0.375 0.3311
5 1.1025 1.1375
6 2.9025 2.5032
4 1.5675 1.7748
4 0.72 0.6368
5 0.855 0.6623
4 1.5075 1.5673
7 0.1725 0.4164
7 1.095 1.0941
6 0.405 0.338
7 2.805 2.4993
7 1.11 1.0934
6 2.9775 2.4028
6 0.045 0.3693
6 2.2725 2.4614
5 2.0775 2.1609
7 2.265 2.2939
7 2.43 2.3604
5 2.7075 2.4681
4 0.75 0.6614
7 0.15 0.3465
7 2.01 1.9713
4 0.75 0.9379
6 0.8775 0.8985
5 1.155 0.8753
6 2.07 2.1184
6 1.29 1.2613
5 0.18 0.526
4 1.74 1.4838
5 0.1275 0.4798
6 2.1375 2.3194
7 2.8125 2.6247
6 0.7425 0.7066
6 1.2075 1.317
5 1.7025 1.7513
4 2.835 2.2815
7 2.9925 2.722
4 0.255 0.9422
4 2.28 1.8556
7 0.1125 0.3854
4 2.49 2.1834
7 0.2175 0.2582
6 2.2575 2.4139
6 0.8325 0.7462
4 2.5125 2.2331
6 2.6625 2.4531
4 1.35 1.2129
7 0.6 0.5413
6 1.5675 1.5969
6 2.94 2.6587
7 1.1625 1.1308
5 2.655 2.5313
4 0.45 0.4967
6 2.655 2.5352
6 2.4675 2.6957
6 1.3575 1.3173
7 0.5025 0.3811
4 0.525 0.5323
4 0.0825 0.6177
6 1.0725 1.0828
4 2.0625 2.2706
5 0.5025 0.5087
6 2.91 2.6215
4 0.0825 0.482
6 0.3525 0.3133
5 2.88 2.4706
5 0.7275 0.3691
7 1.3425 1.3136
4 2.6325 2.2592
5 0.555 0.471
7 1.59 1.6254
5 1.755 1.6744
7 1.665 1.5795
6 2.4 2.3704
7 2.1 2.1732
5 2.94 2.5202
7 0.93 0.7866
7 2.115 2.0946
4 0.105 0.5223
5 0.8775 0.6856
5 2.235 1.9936
4 1.8075 2.0238
7 2.205 2.1773
5 1.095 1.1794
5 1.665 1.5601
6 0.7575 0.7075
7 0.795 0.8215
4 2.0175 1.8371
4 0.24 0.7343
7 0.2025 0.4202
6 2.2125 2.2447
6 2.895 2.6019
7 2.43 2.3725
6 1.2525 1.8194
7 1.3725 1.41
5 0.2025 0.5
7 2.8275 2.6818
5 2.985 2.5954
6 2.6475 2.5301
5 2.4675 2.5789
7 1.05 1.0415
7 0.18 0.2602
6 1.2375 1.322
6 1.125 1.0797
6 0.255 0.3725
4 1.0575 0.9836
4 1.395 1.4326
7 1.365 1.3039
7 0.48 0.5865
4 1.0125 0.6351
6 2.1975 2.3108
7 1.815 1.8647
7 2.2575 2.2401
6 2.49 2.3336
6 1.5675 1.7186
7 2.88 2.628
4 0.1575 0.711
7 2.205 2.1458
7 2.8275 2.6864
7 2.655 2.7025
7 2.7 2.5036
5 0.0825 0.5485
6 0.6 0.4347
4 2.505 2.302
4 0.3675 0.6563
7 1.4625 1.4673
4 2.16 2.0323
6 0.3375 0.3586
5 0.7275 0.7037
4 1.785 1.9885
6 2.55 2.3
4 0.975 0.8979
7 1.8 1.8085
4 2.73 2.3533
7 1.9875 2.0585
4 0.8325 0.8008
4 1.6275 1.5773
4 1.5825 1.537
6 1.6425 1.6643
7 0.69 0.5285
4 0.885 1.0517
5 0.135 0.3725
5 1.6875 1.7005
7 2.31 0.5362
5 2.2875 2.3075
6 0.8025 0.904
5 2.1075 2.1803
7 2.3475 2.5306
6 1.6725 1.6245
5 2.865 2.4312
7 0.66 0.5734
5 2.8875 2.5854
6 1.5225 1.4749
6 0.12 0.5058
6 0.675 0.7557
5 2.685 2.5554
7 0.855 0.9332
6 0.315 0.3499
7 2.8275 2.7412
5 1.5675 1.6215
5 0.87 0.6839
6 1.4625 1.4343
4 0.2775 0.4817
5 0.12 0.6285
6 2.9175 2.5751
6 0.24 0.4947
5 2.4975 2.4215
5 2.0175 2.0392
5 2.49 2.364
7 1.08 0.9843
5 0.4725 0.5254
4 1.6425 1.7804
6 2.85 2.5553
5 2.565 2.6091
6 2.355 2.4264
7 0.1725 0.2714
5 1.71 1.6682
7 1.755 1.7176
4 2.8425 2.0967
6 1.7175 1.7038
5 0.3375 0.4157
6 2.5575 2.5958
6 1.1925 1.2388
7 0.4275 0.5269
5 0.075 0.6072
5 2.2275 2.1452
6 2.925 2.5884
5 0.39 0.703
4 1.365 1.2852
7 1.0425 0.9899
7 0.36 0.5267
6 2.0325 2.1043
6 2.85 2.4504
5 0.9825 0.4543
6 1.17 1.1635
4 0.2475 0.704
6 0.6825 0.7461
7 2.1825 2.189
5 2.2575 2.1759
5 0.0675 0.4933
6 2.3925 2.531
6 2.5425 2.6512
6 1.965 2.0338
5 0.0375 0.5652
5 0.8775 0.8281
5 1.695 1.8124
7 0.345 0.4138
6 2.085 2.1328
6 0.3825 0.6484
5 1.35 1.2936
5 2.595 2.4851
6 0.435 0.5582
4 0.9375 1.0422
7 2.1675 2.0969
5 2.4 2.1852
6 0.5925 0.4328
6 2.1975 2.197
6 2.82 2.5367
6 1.2525 1.2445
4 2.3775 2.4291
4 0.72 0.7146
4 1.4175 1.4597
7 0.1725 0.4195
7 2.175 2.2089
6 1.335 1.3246
7 1.5675 1.5298
5 1.2 1.1693
5 2.34 2.476
5 2.37 2.6012
6 2.4225 2.4937
7 1.0275 0.9445
6 2.07 1.9521
7 0.225 0.2148
7 0.57 0.608
4 2.82 2.417
7 1.665 1.6586
6 0.7275 0.8367
4 1.065 1.1414
6 0.99 1.0009
5 0.945 0.9718
7 1.0575 1.1461
5 2.91 2.474
7 2.4825 2.6601
5 2.7225 2.44
5 0.075 0.4519
5 2.7525 2.5804
5 1.05 1.0828
6 0.06 0.3388
5 0.8025 0.8209
7 2.6025 2.7451
5 2.925 2.5676
6 2.2875 2.646
7 1.3575 1.2549
6 0.03 0.7532
6 1.4025 1.4843
4 2.805 2.4412
5 0.7725 0.7647
7 0.0525 0.3575
7 0.21 0.3574
7 2.1375 2.1163
4 1.62 1.3147
7 1.26 1.3644
5 2.34 2.2882
5 2.7525 2.3395
6 1.7625 1.7556
5 1.0275 0.9343
5 2.8725 2.4887
4 1.4325 1.4292
7 2.5425 2.6929
6 0.7575 0.6914
7 1.185 0.4368
4 2.5275 2.2205
4 0.18 0.7015
6 1.2825 1.1139
7 2.9925 2.5809
5 1.8675 1.8111
4 0.66 0.6329
4 2.025 1.5536
4 2.5875 2.3676
7 2.8425 2.5903
4 1.86 2.0863
7 0.795 0.7176
7 0.705 0.7897
5 1.7325 1.558
6 1.02 1.1053
6 1.485 1.4414
7 0.7125 0.8015
6 1.62 1.5475
7 2.1 2.0689
4 1.7325 1.9156
7 1.635 1.6859
5 0.1875 0.5624
7 1.965 1.9632
7 2.25 2.3307
5 2.6175 2.4408
4 2.865 2.1557
7 0.165 0.4009
4 2.5575 2.2639
7 0.8925 0.9248
6 0.6225 0.7663
5 2.0025 2.0963
5 0.1575 0.4089
7 2.46 2.4596
7 1.5225 1.4906
7 1.635 1.6384
7 1.155 1.1167
7 1.9125 1.9837
6 2.0175 2.1282
7 1.545 1.5404
7 0.2325 0.2934
6 2.1525 2.1899
4 1.6575 1.5412
5 2.595 2.5121
6 0.825 0.8213
7 0.705 0.5865
5 2.46 2.2638
7 2.7825 2.5905
7 0.5475 0.5232
7 2.2425 2.2385
5 1.92 1.834
7 2.0475 2.0953
4 2.055 2.113
7 0.0375 0.4034
4 0.6525 0.7283
7 2.0925 2.0908
7 1.3875 1.3394
5 0.2475 0.4265
6 0.0075 0.4742
5 0.4575 0.9155
7 2.64 2.6237
4 0.2025 0.6262
7 2.865 2.7775
7 0.7575 0.7098
4 0.0375 0.7429
6 1.695 1.6149
7 2.5575 2.5871
5 2.9325 2.4654
7 0.69 0.5952
4 2.805 2.5219
5 1.8375 1.8507
6 1.3425 1.3359
4 0.6 0.707
5 0.9825 0.8833
7 2.085 2.0907
5 2.415 2.6039
4 1.83 1.8117
6 2.1975 2.1906
5 2.025 2.0429
6 1.905 1.9845
5 2.1675 2.0187
4 2.1375 2.0674
4 0.5925 0.8701
5 2.8275 2.5657
6 2.61 2.4224
6 0.5925 0.6358
6 2.43 2.6083
5 0.3075 0.4735
4 2.5575 2.4019
5 0.3825 0.5833
4 0.405 0.7109
7 1.2975 1.2741
7 1.1175 1.0893
6 2.2725 2.4717
4 0.705 0.6865
6 0.5625 0.6605
7 0.1575 0.2834
4 1.4175 1.1373
7 1.0725 0.998
7 1.62 1.6066
5 2.0925 1.9674
5 2.865 2.4727
6 0.8325 0.2724
5 0.9825 0.9231
6 2.145 2.2346
7 1.7925 1.7165
4 2.1 2.1336
5 2.49 2.4675
6 2.0175 2.0314
4 0.9825 1.2253
7 1.26 1.2526
4 1.1925 1.2058
7 1.935 1.8549
7 0.4425 0.3178
6 1.6875 1.6255
7 1.2975 1.2708
5 1.47 1.6319
6 0.7575 0.7341
7 2.07 2.0447
4 0.2025 0.6968
7 1.5 1.5087
4 0.0975 0.7676
4 1.1175 0.8435
6 1.7625 1.8502
5 0.8325 0.8498
5 0.2175 0.6664
4 1.0875 1.1436
6 0.6 0.6129
6 0.15 0.3346
4 1.0125 1.06
4 1.065 1.2477
4 0.465 0.6397
7 2.01 2.0166
4 2.7375 2.3659
4 2.835 2.307
7 1.0875 1.1426
6 0.0675 0.3002
6 2.2425 2.2615
6 2.025 2.0374
5 0.0825 0.4537
7 1.23 1.2053
4 1.71 1.6335
6 2.4975 2.4788
7 1.515 1.4783
5 1.5225 1.5169
7 0.045 0.2854
5 0.1125 0.7094
4 1.755 1.8214
6 0.3225 0.4341
5 2.4 2.2652
6 1.7775 1.6066
4 2.5425 2.1848
5 2.8425 2.4932
5 2.67 2.3506
5 1.77 1.7765
5 1.56 1.3483
4 0.465 0.7433
7 1.905 1.8386
6 2.61 2.3116
4 2.67 2.2223
6 1.5675 1.655
4 0.5175 0.9599
7 2.8125 2.5537
4 2.295 2.3999
7 0.9825 1.0813
5 2.94 2.5212
7 2.145 2.057
4 1.74 1.6256
5 0.4275 0.6528
5 1.7025 1.7509
4 1.6575 1.5784
5 2.6775 2.4379
6 2.91 2.5279
5 2.1075 2.0079
7 0.9525 0.9028
6 0.9 0.9807
7 0.8925 0.8469
6 0.4575 0.4306
7 0.06 0.5161
7 0.0375 0.2983
5 0.885 1.0181
6 0.9525 1.0079
4 1.0275 1.0201
6 0.0675 0.5364
4 2.805 2.2512
4 0.2925 0.7928
4 1.02 0.8325
5 2.0775 1.9921
4 1.7175 1.6808
6 1.6275 1.7293
4 2.565 2.1533
7 0.2475 0.2663
7 2.2575 2.3267
4 2.7225 2.4088
4 2.055 2.0018
5 2.715 2.6898
5 2.8425 2.327
6 1.845 1.7921
4 2.5425 2.0076
4 0.7575 1.0003
5 0.06 0.4989
5 2.0475 2.12
7 2.46 2.4528
5 0.6975 0.7133
4 0.225 0.6611
7 0.495 0.5589
6 0.615 0.4403
6 0.135 0.4075
4 1.605 1.5029
6 0.5625 0.6142
4 0.78 0.9091
5 1.515 1.6055
7 1.245 1.3472
6 2.1525 2.3656
7 0.7425 0.6634
7 1.635 1.6773
7 1.0275 1.0325
5 0.3825 0.5247
7 2.7375 2.6932
5 0.2925 0.7414
6 0.1425 0.3865
6 2.475 2.5917
5 2.6475 2.4709
6 0.6375 0.6552
6 1.965 2.0674
6 0.3075 0.5283
7 0.375 0.4895
6 1.23 1.3106
6 0.12 0.4024
5 2.775 2.4275
4 0.465 0.8203
7 2.3175 2.1562
6 1.6725 1.6372
7 1.68 1.8377
7 1.365 1.3831
7 1.1775 1.1926
6 0.8925 1.0397
4 2.07 1.9544
6 0.39 0.5144
5 1.215 1.1523
7 2.43 2.5869
5 1.6725 1.7572
6 1.02 0.9322
6 1.0725 1.0247
6 2.3175 2.3211
4 1.185 1.2289
5 0.075 0.3576
7 1.335 1.4924
4 1.365 1.3686
4 1.215 1.1311
5 2.2125 2.0176
6 1.9875 2.0422
4 2.5425 2.4624
6 1.575 1.5064
7 1.3575 1.3688
7 1.725 1.6742
6 0.4575 0.4304
7 1.8 1.7889
7 2.7075 2.5824
5 0.21 0.618
7 2.4525 2.3307
7 1.005 1.0895
6 1.2375 1.2021
5 2.34 2.2117
7 1.965 2.0205
6 0.7875 0.8528
5 2.805 2.553
6 0.3225 0.2156
5 0.9075 1.0171
5 2.67 2.3405
6 2.46 2.546
4 1.455 1.3928
5 1.5525 1.6726
7 1.4325 1.3275
5 1.3425 1.1326
5 2.3775 2.3774
4 0.315 0.5941
6 2.9175 2.6342
4 2.79 2.1637
6 1.4025 1.5365
5 1.9125 2.0379
7 0.105 0.3315
5 1.6275 1.6542
5 2.5725 2.3813
6 2.655 2.5561
7 2.9475 2.5595
6 1.98 1.9364
4 0.915 1.1097
7 0.0525 0.3378
5 1.665 1.7345
7 0.15 0.2592
7 2.895 2.6422
7 2.4675 2.212
6 1.38 1.3321
4 0.645 0.6014
5 2.4 2.1868
7 2.52 2.4275
6 0.3075 0.3543
5 0.6675 0.5671
6 1.575 1.6635
5 1.38 1.3289
7 0.66 1.0011
5 0.1725 0.3819
6 0.645 0.5698
5 1.1025 0.9749
7 0.2475 0.2453
4 1.3575 1.5034
5 2.1975 2.0685
6 2.5725 2.4451
6 2.415 2.494
6 1.305 1.3781
4 1.3875 1.2752
4 0.9075 0.6211
7 0.96 0.9418
5 2.265 2.1129
4 2.5875 2.4029
6 1.635 1.6201
5 2.6925 2.4039
6 0.525 0.6643
4 0.9825 1.0496
5 1.2825 1.4206
6 2.145 2.1354
6 0.5925 0.3711
5 1.1475 0.9513
5 2.97 2.4785
7 2.6025 2.4327
4 2.505 2.3776
4 2.6775 2.4362
4 0.8775 0.6097
6 1.005 1.0519
7 2.2725 2.3086
4 2.2275 2.073
7 0.72 0.529
7 0.1575 0.2183
7 1.695 1.6553
5 2.865 2.4683
4 1.5225 1.4017
6 2.0475 1.8809
4 2.5425 2.3871
4 0.9075 0.7641
6 0.06 0.4626
5 1.98 2.0655
6 0.4125 0.7064
7 1.4325 1.4785
6 1.7025 1.6158
6 1.2825 1.3728
6 1.95 1.8742
5 2.37 2.0447
4 0.1875 0.5502
4 1.3575 1.3197
7 0.03 0.4916
6 0.33 0.3976
4 1.38 1.319
7 0.465 0.5218
7 2.16 2.1018
6 0.36 0.5107
4 1.17 1.0129
6 0.1725 0.3761
7 1.65 1.6317
6 1.7175 1.8208
7 1.695 1.6764
4 0.855 0.8393
6 0.3 0.263
5 0.195 0.5074
6 1.6275 1.6607
6 2.25 2.4485
5 1.785 1.7295
6 2.7075 2.4111
6 1.395 1.4496
4 0.3825 0.7762
6 2.7975 2.5676
5 1.8975 1.8402
7 0.495 0.3865
4 0.09 0.5753
4 1.965 1.9561
7 2.5125 2.4887
5 2.895 2.4403
4 0.0225 0.755
4 0.7575 0.8731
4 1.335 1.4497
5 2.7375 2.4122
5 2.2725 2.1715
4 0.5475 1.0253
7 1.77 1.764
5 1.02 0.9492
5 1.2 1.3172
6 0.135 0.3578
7 0.6225 0.5406
6 1.0275 1.0086
4 0.15 0.6056
4 2.61 1.8828
7 2.4525 2.2899
7 1.635 1.592
4 1.83 1.6822
5 2.4975 2.5796
4 2.8125 2.4702
6 1.065 1.0645
6 1.05 1.1054
5 0.8175 0.6116
4 1.2525 1.25
6 2.5275 2.446
4 0.165 0.6807
5 1.1325 1.1249
7 0.4425 0.3528
7 2.835 2.7452
6 2.67 2.5979
7 0.0075 0.3362
6 0.555 0.4197
7 1.83 1.7952
6 1.65 1.6428
6 2.5875 2.5337
4 2.1825 2.3224
7 0.0975 0.4035
6 1.4625 1.5997
6 2.6025 2.4968
5 0.9675 1.0908
4 1.7175 1.5169
7 1.9875 2.0492
4 2.1375 2.2216
5 1.95 1.9522
5 0.6675 0.5976
5 2.7675 2.3887
6 2.7075 2.4982
4 2.1675 2.275
4 1.6725 1.8759
6 1.6725 1.7123
4 1.92 1.9095
6 0.705 0.513
5 1.9125 2.1051
5 2.9475 2.4872
4 0.375 0.7916
4 2.325 2.2314
7 1.005 0.9789
5 2.7525 2.548
5 1.875 1.9321
5 0.105 0.7015
4 2.8575 2.3839
6 1.2675 1.2576
4 0.525 0.7449
7 1.38 1.3937
4 1.1775 1.2153
4 2.73 2.2086
4 1.5975 1.6606
4 0.975 0.9787
4 0.96 0.8842
4 1.215 1.063
4 2.1 2.1589
7 0.3075 0.4369
6 2.31 2.4116
7 0.945 1.0048
7 0.1875 0.3106
7 1.6575 1.6184
7 0.075 0.2338
5 2.9775 2.5757
4 0.0 0.5653
5 1.7325 1.6558
7 0.57 0.7159
4 2.265 2.2448
5 2.265 2.1073
6 0.78 0.8563
5 1.9125 2.0212
5 1.53 1.4492
5 0.555 0.608
6 2.0925 2.0645
5 2.46 2.4683
6 2.1825 2.2674
7 2.865 2.6354
4 1.2675 1.1728
4 1.845 1.8771
7 0.4125 0.454
5 1.9125 1.984
7 1.845 1.8504
5 0.4275 0.5068
6 1.155 1.1385
5 0.5775 0.4833
5 0.615 0.572
7 0.6075 0.5412
4 1.0875 1.1136
4 1.0125 1.009
4 2.34 2.0923
6 1.38 1.3161
7 2.955 2.6527
4 2.8125 2.3884
7 0.015 0.2169
7 0.3675 0.5186
5 1.2 1.1767
7 2.2725 2.3291
6 1.4925 1.4985
5 1.1025 1.1579
5 2.4 2.2223
5 2.9325 2.5284
4 1.23 1.4352
6 0.105 0.3384
5 1.5825 1.7728
4 2.415 2.2554
7 0.2025 0.2277
6 0.9525 0.9239
4 0.1575 0.7631
6 0.12 0.3438
7 0.57 0.3894
6 1.5675 1.514
4 2.0475 2.0443
5 1.08 1.1915
5 1.56 1.655
5 0.5475 0.8775
4 2.16 2.0261
7 2.4975 2.4654
6 0.915 0.7354
7 1.1325 1.1418
4 0.1725 0.7036
6 0.5625 0.4198
6 1.47 1.4982
5 2.1 1.803
7 2.2425 2.1477
5 2.13 2.1386
5 1.2225 1.2741
7 2.385 2.2342
6 1.3125 1.3468
5 0.075 0.472
5 2.28 2.3216
6 2.1075 2.2613
5 1.4475 1.3128
4 2.0325 2.1539
4 0.21 0.5651
4 2.52 2.3942
7 1.6575 1.6709
6 2.4075 2.4804
7 2.985 2.6542
6 2.1825 2.2211
4 0.1875 0.6246
5 1.905 1.8474
5 0.135 0.4129
6 0.9 0.9542
4 0.1575 0.6235
7 0.51 0.2559
4 2.415 2.2686
4 0.48 0.731
4 2.73 2.3949
5 0.69 0.7042
5 1.4775 1.3194
4 1.8 1.9011
5 1.9125 1.8629
5 1.5375 1.4076
5 1.8075 1.781
4 1.74 1.6919
4 0.1275 0.7429
5 1.47 1.5875
7 1.935 1.8969
5 2.3775 2.2958
7 0.8325 0.8549
4 0.24 0.5757
6 1.725 1.766
4 0.2175 0.5198
4 0.225 0.6543
5 1.0125 1.0985
7 1.9725 2.0607
4 2.6625 2.231
5 0.3225 0.4166
7 0.765 0.595
4 2.28 1.7013
7 1.2225 1.1537
6 1.4625 1.4514
6 2.2425 2.4399
6 0.2625 0.3466
5 2.13 2.0197
6 2.3175 2.6979
5 2.385 2.2147
4 2.7075 2.3756
5 0.3075 0.3723
5 0.165 0.7089
6 0.0975 0.4026
4 1.9425 1.8805
5 2.0925 2.1893
6 2.8125 2.4813
4 1.4925 1.4208
4 1.6725 1.5376
6 0.99 0.9433
7 0.0 0.3513
4 0.015 0.6091
7 0.3525 0.5087
5 0.2475 0.3198
7 1.095 0.951
7 1.65 1.6409
6 0.4425 0.5256
7 1.935 2.0034
6 1.275 1.4367
4 2.0625 2.1551
7 1.335 1.4987
6 2.88 2.5399
6 1.905 1.8477
5 0.39 0.5745
4 2.295 2.4125
4 2.37 2.486
6 1.74 1.727
4 2.1975 2.2414
5 2.6025 2.4089
6 0.4425 0.5526
7 2.655 2.7098
7 2.94 2.6308
5 0.375 0.4977
6 1.98 2.0089
7 1.575 1.5955
7 0.42 0.3891
7 0.885 0.7886
4 2.4525 2.1688
7 2.025 2.1343
5 2.175 2.5188
7 1.3425 1.2889
4 1.095 1.2292
5 1.4025 1.3931
4 2.805 2.3514
4 2.3625 2.0447
7 0.015 0.3432
5 2.9025 2.4479
5 2.73 2.612
5 1.7475 1.7241
5 2.7075 2.2807
7 1.65 1.6353
6 0.1125 0.6455
4 0.4275 0.5022
4 1.3575 1.3325
4 1.005 1.5086
4 1.1175 1.0915
4 2.7675 2.2613
6 1.02 1.0744
6 1.605 1.64
7 2.52 2.6875
5 1.92 1.9838
7 1.08 1.052
5 2.1525 2.4885
4 2.715 2.3362
6 1.1775 1.1622
4 1.245 1.223
7 1.605 1.6191
6 2.9175 2.6623
5 1.5525 1.4223
7 0.3225 0.2964
6 2.9625 2.6333
4 2.2875 2.4089
4 0.7575 0.7243
5 1.98 1.9598
7 1.275 1.2903
4 1.6575 1.7123
5 0.9825 0.7855
6 0.435 0.4329
4 0.825 0.9063
7 0.555 0.6818
6 1.905 1.9898
4 1.05 0.9935
6 1.455 1.4416
6 2.3175 2.3862
4 1.095 1.1041
7 2.58 2.8165
5 0.5175 0.5657
5 1.83 1.8748
6 0.4875 0.3809
4 2.7975 2.2606
4 0.405 0.7797
7 0.495 0.503
6 0.0225 0.3017
6 1.845 1.8762
7 1.92 1.9371
6 1.5525 1.5761
4 1.395 1.1813
4 1.41 1.6189
7 0.2775 0.3591
6 1.4775 1.4378
4 2.3625 2.3515
4 1.965 1.949
6 1.92 1.9818
7 1.23 1.1905
5 2.6625 2.4253
4 0.8175 0.9439
6 1.785 1.7738
6 1.6875 1.7347
6 0.4875 0.5414
7 1.35 1.3132
5 1.7775 1.8629
6 1.4475 1.5047
4 1.6875 1.5924
7 1.125 1.112
7 0.2475 0.6459
6 2.085 2.2086
4 1.47 1.3196
5 1.5075 1.5252
5 0.03 0.7341
7 2.835 2.7402
5 0.48 0.4014
4 0.39 0.5618
6 0.8625 0.8713
4 2.67 2.1886
6 1.1475 1.2885
7 1.38 1.3897
6 1.9275 1.8608
4 2.6925 2.4961
5 2.9175 2.5795
6 1.665 1.6638
6 1.2375 1.2787
4 1.5225 1.3352
4 0.63 0.8799
7 2.49 2.5389
6 0.0525 0.2856
6 0.7875 0.7834
5 0.9675 0.9128
7 2.325 2.3053
7 1.425 1.3872
4 0.78 0.8577
7 1.5075 1.4566
4 1.1475 1.1239
6 0.09 0.4476
5 2.3175 2.3671
6 0.5325 0.4671
7 0.5175 0.4183
5 2.2725 2.2484
6 1.8075 1.6395
6 2.6475 2.5294
7 1.05 1.1315
6 0.4575 0.6903
6 0.885 0.796
7 2.5425 2.6688
6 2.2125 2.1256
4 0.5475 0.9609
7 0.9825 0.8988
6 0.045 0.2992
7 1.62 1.6058
5 0.2025 0.4472
7 0.5775 0.4808
6 1.2975 1.1315
4 2.325 2.1451
5 2.58 2.6766
4 2.205 2.2585
5 0.51 0.7096
6 0.135 0.6591
5 2.2575 1.8711
4 0.6 0.7068
7 1.6125 1.5909
4 0.495 0.5975
7 1.8675 1.8895
7 1.8675 1.9495
7 1.365 1.3942
6 0.9075 0.9782
5 0.99 0.944
6 0.0225 0.3942
6 1.9725 2.0915
7 0.0525 0.2028
7 2.5575 2.3288
6 1.8825 1.8316
7 1.9275 1.9632
7 2.505 2.5112
6 1.0725 0.9781
7 1.68 1.7162
7 0.1875 0.4234
6 1.29 1.1623
6 0.525 0.4193
6 1.8825 1.8287
7 1.4025 1.4093
6 0.4425 0.4318
7 2.3025 2.3028
5 2.745 2.4808
6 1.605 1.5574
7 2.1075 2.1496
7 1.4175 1.4491
4 0.6525 0.7245
4 1.8375 1.8763
4 1.53 1.374
6 2.475 2.3608
4 2.655 2.2946
7 2.895 2.6843
7 0.3075 0.5768
7 2.055 2.0157
4 0.5625 0.6581
7 2.6625 2.66
6 1.4625 1.4904
4 2.685 2.4791
6 0.765 0.9083
7 0.7575 0.64
5 2.325 2.3839
7 1.1025 1.0558
4 1.425 1.2838
4 0.1275 0.7671
5 0.7575 0.7827
4 2.1 1.8831
6 2.3175 2.4
4 1.65 1.7161
4 1.1325 1.3824
5 1.47 1.4183
6 1.59 1.6299
6 2.3775 2.3677
5 1.9275 1.8638
6 0.1575 0.3198
7 1.5075 1.4705
4 0.15 0.5813
6 0.6825 0.4044
7 0.345 0.3714
4 0.225 0.6416
5 1.77 1.7249
5 2.6775 2.4801
4 0.795 0.7773
5 1.7325 1.7408
6 1.59 1.5328
4 0.33 0.9531
6 2.34 2.5061
7 1.9125 1.9084
7 1.725 1.7205
5 2.5125 2.4035
7 1.0875 1.0204
4 2.325 2.4055
6 2.5575 2.5625
7 1.6425 1.6179
5 1.89 1.8567
5 1.1925 1.266
7 0.5175 0.3173
4 0.9075 0.5584
7 1.02 0.9347
7 1.77 1.791
6 2.6175 2.4333
5 1.2675 1.2959
7 0.6075 0.4996
7 2.265 2.415
6 2.46 2.3124
4 1.0125 1.0886
7 2.1975 2.2633
5 0.2925 0.6682
6 2.7375 2.6205
5 1.7175 1.7212
4 2.8575 2.4063
7 1.8 1.7753
5 1.2525 1.2193
7 1.59 1.5884
6 2.52 2.6635
6 2.4 2.67
6 0.1875 0.3864
4 1.6425 1.6287
7 2.52 2.6571
6 2.7075 2.5098
7 2.22 2.0819
4 2.3325 2.2784
4 0.12 0.7595
5 0.3975 0.4738
6 2.055 2.1141
4 1.26 1.4625
5 1.485 1.5996
5 0.45 0.8147
7 1.38 1.344
5 0.405 0.5458
5 2.91 2.4748
5 1.4175 1.3646
6 1.305 1.3274
7 0.3975 0.2433
7 2.8875 2.4734
7 0.0075 0.3498
7 0.8025 0.7954
4 1.2975 1.3162
4 0.2475 0.6882
5 0.0825 0.6938
7 0.8925 0.8384
5 2.91 2.4869
6 2.8725 2.5497
4 0.585 0.5794
5 2.145 2.1995
6 0.66 0.4395
4 1.32 1.36
7 2.355 2.2162
4 1.0275 0.9167
5 1.65 1.546
5 0.9975 0.8607
7 1.0875 1.1338
6 0.6225 0.4644
5 0.9825 0.9964
5 1.7625 1.8075
4 0.2775 0.4652
4 1.7775 1.8993
7 1.11 1.0528
4 2.715 2.5232
5 1.425 1.4639
7 2.3925 2.5805
5 2.9925 2.5917
4 0.8625 0.9406
5 1.3725 1.2621
6 1.9575 2.029
4 1.365 1.3041
7 2.04 2.0368
4 1.275 1.0477
5 2.0925 1.9385
7 2.895 2.6799
6 1.59 1.6342
7 2.5125 2.4856
6 2.5425 2.5167
6 0.0675 0.5647
4 1.9275 1.9071
6 0.5625 0.5179
7 2.0925 2.1108
5 0.7575 0.6175
7 2.9925 2.7562
5 0.8925 0.9171
4 1.26 1.1282
4 1.5375 1.5859
7 1.905 1.8524
7 2.7825 2.6349
6 1.1025 1.166
4 0.1875 0.6474
7 2.2125 2.2728
5 2.58 2.452
5 1.4325 1.4465
6 1.74 1.7816
6 0.405 0.4646
5 0.9225 0.711
4 0.465 0.7085
7 1.065 1.1589
7 2.5725 2.4538
7 0.105 0.2972
6 2.2725 2.4012
5 1.1775 1.268
6 0.69 0.7522
4 2.6025 2.1813
5 0.96 0.8626
5 2.7975 2.6342
4 2.595 2.3703
6 1.845 1.7651
5 2.9625 2.572
5 2.895 2.563
6 1.185 1.253
4 1.56 1.539
5 1.4925 1.5366
5 1.71 1.6269
5 2.91 2.6298
4 2.0325 1.9274
5 1.1025 0.9206
5 2.8425 2.434
6 2.685 2.4121
5 0.8325 0.7487
7 2.355 2.322
6 1.8075 1.8902
7 0.5775 0.6233
7 1.3425 1.2999
7 2.07 2.0789
4 1.68 1.7313
6 2.1975 2.1954
6 2.5275 2.5986
6 1.605 1.5543
4 0.75 0.666
6 2.6325 2.6789
5 1.365 1.3286
5 2.025 1.8927
7 2.3775 2.4356
5 0.7875 1.0972
4 1.32 1.4002
5 1.7325 1.8357
6 1.1925 1.1281
4 0.975 1.0631
5 1.1175 1.0846
4 1.53 1.672
6 1.845 1.8476
4 0.0525 0.5995
5 2.3175 2.3061
5 2.76 2.3559
5 1.98 1.8085
6 0.3825 0.4095
4 2.55 2.1092
4 0.24 0.5981
6 0.4125 0.4527
6 2.8875 2.731
6 0.4425 0.4338
6 1.95 1.95
4 2.2125 2.1279
5 0.3525 0.6532
7 1.6275 1.4927
7 1.3125 1.3554
6 1.0725 0.7515
5 0.195 0.4478
6 2.355 2.3031
4 2.5575 2.4624
6 2.4075 2.5495
6 2.505 2.5649
6 0.0675 0.4585
5 0.7425 0.5285
5 0.3825 0.4849
7 2.34 2.3267
4 1.56 1.5392
5 2.0925 1.94
4 2.97 2.3999
5 2.505 2.1141
4 1.7475 1.7169
7 2.025 2.0713
4 0.315 0.6296
5 2.7975 1.9817
7 2.37 2.385
5 1.8975 1.9735
6 1.95 1.9995
5 2.2725 2.2854
5 1.11 1.1335
4 1.2975 1.1754
7 2.46 2.4286
6 1.5825 1.539
7 1.6575 1.6017
7 0.375 0.6538
4 2.9775 2.4412
7 0.375 0.5186
4 1.005 0.7875
6 0.465 0.4678
6 0.3225 1.208
4 0.8325 0.8283
4 1.845 2.2119
4 2.6325 2.271
7 2.49 2.6522
7 0.7125 0.7819
6 0.21 0.4659
6 1.8075 1.8124
7 1.3875 1.3568
5 0.1275 0.4444
7 2.055 2.0643
6 2.8275 2.5488
5 0.2175 0.6675
6 2.355 2.4007
6 0.8625 0.941
4 1.8975 1.6833
4 0.6075 0.7708
5 0.8775 1.029
7 0.81 0.7354
4 0.54 0.5961
6 1.335 1.3977
5 1.9875 2.0304
6 2.64 2.423
7 1.71 1.768
7 1.7925 1.7862
6 2.505 2.299
7 0.8625 0.872
7 1.86 1.8015
5 0.315 0.3711
4 0.21 0.5477
7 1.6875 1.6716
6 2.865 2.6531
7 1.3425 1.2348
6 2.82 2.6268
4 2.0475 2.1358
6 2.0775 2.1869
7 0.945 0.8574
6 2.1075 2.0635
4 0.975 1.0339
4 1.83 2.1791
6 2.325 2.2848
5 1.26 1.3183
5 0.4125 0.4473
6 1.755 1.6261
5 0.9375 1.017
5 0.4125 0.5581
4 1.7475 1.6195
7 0.855 0.7739
6 0.6975 0.6246
7 0.3525 0.5836
7 2.4 2.3957
4 1.1025 1.4134
6 0.345 0.4916
7 2.2425 2.2396
5 0.9375 0.1267
5 1.2075 1.1966
4 2.8575 2.3425
4 2.4825 2.3742
5 2.715 2.4796
7 2.445 2.4234
6 0.54 0.2938
5 0.465 0.777
7 0.435 0.4445
4 0.27 0.725
4 1.2675 1.2277
4 1.2075 1.0773
6 0.06 0.37
4 2.4825 2.2837
4 2.1375 2.3504
7 2.4525 2.3075
5 0.4425 0.5514
6 1.395 1.3576
6 2.0175 2.0145
4 1.1775 1.0796
4 0.8925 1.0722
4 0.4275 0.5277
4 2.4825 2.4679
7 2.745 2.4444
7 0.045 0.263
6 2.28 2.3154
5 0.7125 1.0932
6 2.5125 2.3196
5 0.4725 0.6703
5 1.3725 1.4071
4 0.6525 0.7247
7 0.9975 0.9463
5 0.5925 0.6317
7 0.435 0.3495
6 0.7275 0.4054
6 1.2675 1.3581
5 1.62 1.7302
7 2.175 2.128
5 1.545 1.526
6 1.0875 1.1465
5 1.4025 1.4946
7 1.4625 1.389
7 2.9025 2.7013
4 2.235 2.3232
6 1.5975 1.5237
4 0.555 0.5548
5 0.195 0.4473
4 1.635 1.5309
5 0.4125 0.4376
5 1.965 2.1825
5 2.6025 2.5317
6 2.5875 2.6522
7 2.055 2.1931
5 1.8825 2.0095
5 1.905 1.7682
7 1.2375 1.2891
5 0.465 0.6629
4 0.225 0.5868
5 0.315 0.382
4 1.9725 2.0385
5 2.805 2.296
7 0.6525 0.7546
6 0.2625 0.351
4 2.3925 2.2685
7 0.4125 0.4225
5 2.8575 2.3865
7 0.96 0.8664
7 1.62 1.6036
4 0.63 0.5841
5 1.2075 1.1958
4 2.2575 1.8771
4 0.69 0.765
7 0.135 0.3024
4 1.8825 1.7863
5 0.5475 0.5174
6 0.105 0.4806
6 2.52 2.384
7 1.8075 1.7724
5 2.775 2.4666
5 2.9925 0.7994
7 0.7875 0.8358
5 0.9375 0.9569
7 0.5175 0.5873
6 2.3475 2.5274
5 1.995 1.8638
7 0.2925 0.3875
5 1.125 1.2882
4 0.0675 0.6069
4 1.08 1.2181
5 1.095 0.9571
6 0.42 0.4039
4 2.0025 2.4875
7 0.51 0.3996
6 0.7425 0.7031
7 2.0925 2.1035
5 2.04 2.1112
7 1.9425 1.832
4 0.8475 0.7478
4 2.415 2.4111
7 2.775 2.746
5 1.8825 1.8679
5 0.36 0.7118
4 0.75 0.9144
6 1.7775 1.8689
4 0.105 0.8306
5 2.715 2.3073
5 1.44 1.4609
5 1.3275 1.2574
5 0.66 0.8193
6 2.9625 2.6116
6 2.7 2.5483
4 0.3525 0.5932
5 0.3825 0.6222
7 1.4775 1.5754
4 1.1475 1.2055
4 1.08 0.9508
7 1.35 1.4062
4 1.995 2.3624
7 0.1425 0.4443
7 1.125 1.0425
4 1.74 1.8763
7 0.6225 0.4932
5 1.695 1.6683
4 2.49 2.2277
4 1.4175 1.6255
7 0.6075 0.3231
4 1.605 1.5922
7 2.3475 2.3823
7 2.895 2.7174
6 1.725 1.7577
4 2.49 2.3145
5 1.7325 1.6819
7 1.065 1.0944
5 0.5175 0.4715
6 0.5625 0.6831
4 0.36 0.739
5 1.905 2.0793
6 1.905 1.9354
5 2.4375 2.1292
6 2.8425 2.5384
4 2.415 2.373
7 0.6525 0.749
5 1.7925 1.8441
7 2.205 2.2475
7 0.9675 1.0105
7 1.5525 1.4987
4 2.775 2.2968
5 0.6 0.8624
4 1.14 1.2346
4 0.1575 0.8675
6 2.6025 2.681
4 0.3375 0.7073
7 0.465 0.5776
6 0.99 1.0155
4 0.18 0.5457
5 1.7775 1.6829
5 2.6625 2.6432
6 1.92 1.8591
6 0.5775 0.7264
6 2.3325 2.3978
7 2.04 1.9585
5 0.4275 0.4319
6 1.7475 1.8683
4 1.89 2.0027
7 0.105 0.4264
6 1.2 1.1776
7 2.5425 2.6738
7 1.125 1.1597
5 2.1 2.1865
4 2.7225 2.4981
6 2.2875 2.2659
7 2.535 2.6436
5 1.89 1.9579
7 2.5575 2.5756
4 0.6375 0.6245
5 0.3525 0.5341
7 1.3575 1.3176
4 0.21 0.8355
5 1.3425 1.4138
6 1.5 1.4287
5 0.27 0.7108
4 2.595 2.4326
7 2.3625 2.288
4 2.355 2.3878
5 0.375 0.6783
5 1.3425 1.3673
5 0.2925 0.5124
5 0.4425 0.4989
5 1.5225 1.5669
6 0.9375 0.8788
5 1.7475 1.6868
4 2.43 2.3378
5 1.17 1.1776
4 2.79 2.3426
5 0.825 0.7518
7 2.25 2.2969
4 1.53 1.822
6 1.455 1.4678
4 0.6525 0.6372
5 1.1325 1.1642
7 2.7075 2.6647
4 1.1025 1.1283
5 0.0975 0.4187
5 2.4375 2.4962
5 1.095 1.1914
4 2.7675 2.3311
4 0.4275 0.5996
6 1.005 0.9984
4 1.9275 2.0668
6 0.84 0.4999
6 1.2075 1.1685
6 0.84 1.0124
7 0.765 0.6462
6 1.0725 1.2267
6 0.18 0.518
6 1.725 1.7345
5 2.0325 1.9316
4 2.6025 2.3594
5 0.4125 0.4208
5 2.4375 2.1729
6 1.4775 1.4084
6 0.63 0.4132
7 2.28 2.3191
6 2.4525 2.3352
6 2.2875 2.6269
7 1.65 1.6674
5 0.915 0.8378
7 1.9425 1.8986
7 2.3025 2.326
6 1.815 1.755
6 1.4175 1.4035
4 1.515 1.5499
4 0.18 0.5898
6 2.385 2.4657
6 2.835 2.3521
5 2.6625 2.5542
5 1.995 2.1486
7 1.1325 1.0629
4 1.845 1.8636
4 1.38 1.4656
7 0.8625 0.8668
6 0.2025 0.3179
6 0.1575 0.3705
7 2.37 2.3722
4 2.4675 2.4253
7 1.365 1.383
4 2.9325 2.4061
6 2.5425 2.4337
4 0.2925 0.6071
5 2.5125 2.4964
4 0.81 0.7276
6 2.8725 2.6275
4 1.4025 1.2423
4 0.15 0.7234
7 2.4075 2.7117
4 1.3575 1.5338
6 0.225 0.5592
4 1.8375 1.8133
6 0.06 0.4295
6 0.1575 0.591
5 0.405 0.5232
4 0.06 0.6991
6 1.23 1.2488
4 1.53 1.3512
6 2.6475 2.5779
7 1.2975 1.3509
5 1.185 1.0236
5 1.23 1.0926
6 0.9075 0.8281
5 2.76 2.5478
6 2.85 2.5484
7 2.16 2.085
6 2.4225 2.3837
7 1.5525 1.5978
4 1.74 1.7744
6 1.89 1.8588
7 2.9775 2.6914
7 0.6825 0.6534
7 1.05 1.0816
7 1.275 1.2751
7 0.21 0.2777
7 2.7075 2.6403
6 0.045 0.6402
6 0.36 0.533
5 2.5125 2.3733
7 1.605 1.5584
4 1.1175 1.1703
7 0.1425 0.307
7 1.455 1.3559
5 0.4275 0.6098
5 2.04 1.9975
5 2.52 2.4615
5 2.97 2.5775
6 0.6825 0.7371
7 0.9375 0.896
6 0.435 0.408
5 0.8175 0.761
4 2.955 2.3352
4 2.2275 2.0267
4 0.795 0.6373
4 2.07 1.9337
7 2.07 2.0455
4 2.5575 1.9787
6 2.1075 2.1664
7 0.645 0.6212
5 0.0675 0.5402
5 1.95 1.9569
6 0.2775 0.3452
6 0.0675 0.3168
4 2.58 2.4113
7 2.025 2.038
5 0.7125 0.7352
4 1.8075 1.581
6 0.7575 0.7129
6 1.935 1.9958
5 0.06 0.4739
6 0.075 0.343
6 2.4375 2.5157
4 1.6875 1.5697
4 1.8825 1.7961
6 2.085 2.0076
6 1.17 1.0553
4 2.8125 2.4881
4 0.63 0.5334
7 2.175 2.1368
6 2.16 2.1557
7 2.37 2.3807
7 1.005 0.9851
7 2.895 2.6818
5 1.8375 1.7936
6 1.77 1.6806
6 0.48 0.9137
4 2.5125 1.9185
6 1.5075 1.6411
6 2.58 2.4085
6 1.6425 1.6239
4 1.9425 2.1749
4 1.3575 1.7633
7 0.6375 0.6381
6 2.8575 2.6711
4 1.74 1.661
5 2.835 2.5138
5 0.1875 0.5313
5 1.29 1.3359
6 2.7975 2.5113
7 0.8325 0.8704
7 2.0475 1.9652
4 0.9075 0.6023
6 0.7875 0.7882
6 2.8125 2.5622
4 0.9525 0.8062
5 1.785 1.9497
7 1.695 1.72
5 2.0175 2.0519
7 2.6325 2.4781
4 0.0375 0.8522
4 1.44 1.6541
6 1.4325 1.4311
5 2.43 2.4713
6 1.53 1.5242
5 1.5075 1.5652
5 2.97 2.5018
7 2.8125 2.6636
5 0.375 0.5786
5 0.15 0.5082
5 0.81 1.1159
4 2.655 2.4369
4 1.005 1.1765
5 0.2625 0.4284
5 0.8625 0.5676
5 0.0075 0.4875
5 0.66 0.7937
5 1.575 1.6179
4 1.9425 1.9477
4 0.5625 0.6473
5 1.83 1.7469
7 1.7175 1.6972
7 1.2675 1.2709
6 2.61 2.6183
4 1.7175 1.6464
5 2.9025 1.9972
5 1.695 1.6298
5 0.1275 0.4454
6 1.6575 1.7406
4 2.5725 2.2568
5 0.0975 0.5546
7 2.3025 2.3751
5 2.775 2.5229
6 0.375 0.3599
7 0.5175 0.4986
4 1.9875 1.8269
7 2.0775 2.1766
6 0.42 0.3371
7 1.4175 1.4064
4 1.6725 1.7861
4 2.1825 1.8808
4 2.535 2.4375
5 1.515 1.4776
5 1.23 1.2857
4 2.5125 2.5548
6 0.9225 1.0587
5 1.95 1.8323
5 2.385 2.3227
6 2.19 2.0392
5 2.6325 2.5569
6 0.5325 0.6403
7 0.6825 0.5954
4 1.4625 1.2516
4 0.2775 0.5726
6 1.245 1.2702
7 2.535 2.6088
7 0.57 0.3626
5 0.075 0.618
4 0.4725 0.6244
5 1.3575 1.3563
6 1.71 1.7164
5 1.155 1.2737
7 2.1525 2.2431
7 0.225 0.1878
7 0.93 0.7856
5 1.14 0.9624
7 2.2125 2.1768
6 2.2725 2.375
6 1.08 1.1199
5 1.59 1.6454
6 0.6675 0.8395
4 1.5825 1.5168
6 1.3575 1.3499
4 0.795 0.6796
5 2.7675 2.4444
5 1.6725 1.7799
7 1.395 1.4599
5 0.0075 0.5624
6 1.7475 1.7035
5 2.1375 2.0519
4 0.4425 0.5961
5 1.2975 1.113
4 0.195 0.7157
6 2.5275 2.205
5 2.475 2.3529
6 0.225 0.4243
6 2.8425 2.3436
7 2.205 2.2167
4 1.5675 1.6169
7 2.3325 2.3267
5 0.855 0.8615
6 2.565 2.4863
6 1.4625 1.4425
4 2.0775 2.2043
6 2.1375 2.1345
6 0.27 0.4283
5 1.4025 1.5538
5 1.575 1.596
5 1.29 1.2746
7 0.8625 0.8415
4 1.005 0.9407
6 2.055 1.9849
5 0.54 0.3907
4 1.2375 1.4222
6 2.94 2.6214
5 1.1325 1.2012
5 2.7825 2.3077
6 2.865 2.5096
7 0.8175 0.8669
4 2.58 2.4852
4 1.41 1.5214
4 0.195 0.5793
6 0.045 0.3858
5 2.1375 2.4114
7 2.475 2.401
6 2.67 2.3691
4 1.6425 1.4438
7 1.8975 1.9971
7 2.565 2.7181
4 1.545 1.5929
7 1.6275 1.5169
4 2.0025 2.2579
4 1.5675 1.5639
5 2.8875 2.026
5 1.5675 1.4747
5 1.095 1.0427
6 2.625 2.5888
4 1.6425 1.9948
5 2.31 2.6258
5 0.0525 0.6685
6 2.895 2.4807
6 0.9975 0.9667
7 2.82 2.5789
5 0.2025 0.7301
7 2.9925 2.5402
5 0.9825 0.9015
7 2.9625 2.7286
5 2.775 2.3625
7 0.9825 1.0332
5 0.465 0.5996
5 2.9775 2.3914
6 2.235 2.3965
6 1.155 1.0898
6 0.9675 0.924
5 0.18 0.4396
5 2.415 2.5212
5 0.495 0.4908
6 0.3075 0.417
7 1.2 1.1819
7 2.385 2.3911
4 1.305 1.2366
5 0.6675 0.7011
4 0.2025 0.6252
7 2.4 2.2279
7 2.8425 2.7226
6 2.5725 2.4827
7 0.6975 0.7589
5 2.4075 2.3359
4 2.31 2.1451
5 1.305 1.2786
5 2.9475 2.5052
5 0.78 0.7998
7 1.665 1.4982
5 2.745 2.2283
4 2.1975 2.1405
4 2.865 2.4233
6 0.6225 0.5574
5 0.0 0.5144
7 2.115 2.2231
4 0.465 0.6601
5 1.68 1.7559
7 1.6125 1.5915
5 0.0375 0.4624
7 1.68 1.6426
5 2.2575 2.4228
5 1.8225 1.8044
4 2.985 2.2411
7 2.4 2.4583
7 1.68 1.68
7 2.7975 2.8005
4 1.8675 1.9443
7 0.8625 0.8237
6 0.6975 0.6723
6 0.975 0.9808
7 0.405 0.2149
7 1.2975 1.3562
6 0.525 0.3825
4 0.7275 0.7078
6 0.9375 0.823
5 1.8 1.8326
7 2.3175 2.4637
6 0.81 0.7833
5 0.06 0.5112
5 1.6275 1.5527
7 1.7175 1.6617
6 0.435 0.3727
5 0.66 0.7
4 0.54 0.5901
4 1.365 1.3889
6 0.72 0.8965
5 2.595 2.5821
4 1.2225 1.2461
7 0.3 0.2817
6 2.685 2.4449
7 0.9975 1.0052
4 0.615 0.8237
7 1.425 1.3947
6 0.675 0.6522
7 1.47 1.5866
7 0.39 0.3327
5 1.6575 1.5586
4 1.7475 1.4971
5 1.89 2.1614
5 0.225 0.3213
7 1.0725 1.0956
5 1.2075 0.9144
5 1.3575 1.2895
7 0.6675 0.7792
4 0.6375 0.8754
5 0.42 0.8174
7 0.0975 0.3418
5 2.7825 2.5252
7 0.6675 0.6717
7 0.21 0.2932
4 2.6625 2.4858
6 1.4325 1.3862
7 2.1075 2.1061
4 2.175 2.4887
6 2.4375 2.3271
6 0.9 0.949
7 2.1 2.1389
7 2.16 2.2638
6 2.0175 2.1046
6 1.545 1.6154
6 0.375 0.4315
7 0.2475 0.2981
5 1.98 2.3112
7 0.0525 0.2343
5 1.9125 1.8819
6 1.935 2.0066
7 1.545 1.5367
6 2.3625 2.2547
5 1.71 1.6866
7 2.7675 2.5568
6 1.05 1.1381
5 1.4775 1.3657
7 1.26 1.2777
5 0.9075 0.9383
6 1.4625 1.5006
6 0.8925 0.9249
4 1.035 1.0506
6 1.4775 1.4671
7 0.855 0.858
6 1.0725 1.126
5 1.02 1.1734
7 0.0825 0.2431
5 2.88 2.5152
7 1.68 1.5968
5 2.34 2.1443
6 2.58 2.5875
5 2.5875 2.2063
5 2.7225 2.4118
4 0.93 0.92
5 0.5325 0.5684
5 0.8475 0.9233
6 1.77 1.7013
4 1.0725 0.7611
4 1.02 1.0235
7 0.8175 0.8853
6 1.1025 1.0227
5 0.975 0.7818
7 1.4625 1.4982
7 2.0025 1.8914
4 0.5175 0.6926
6 1.4025 1.4704
6 2.3625 2.6669
4 1.92 1.9541
4 2.7225 2.4077
5 2.8875 2.5132
5 0.03 0.4932
6 0.1575 0.4593
6 0.285 0.2827
7 0.2025 0.273
5 2.985 2.5322
4 2.9025 2.1182
7 2.91 2.7176
4 1.125 0.9938
4 0.0 0.5664
7 2.1675 2.1362
7 1.485 1.5305
5 1.29 1.2101
4 2.8275 2.4813
6 1.545 1.5735
7 1.9875 1.9047
6 1.485 1.4304
7 1.5375 1.5384
7 2.46 2.5549
4 0.4425 0.8927
5 1.3425 1.3481
4 2.43 2.3232
7 0.405 0.3195
6 2.7525 2.5443
5 2.865 2.5299
5 0.255 0.5987
5 0.7875 0.7564
6 2.04 2.1347
6 1.605 1.7091
7 2.1 2.0854
4 2.1 2.2753
5 1.7475 1.7418
6 0.6525 0.5202
6 2.6775 2.599
7 2.145 2.2124
4 0.2925 0.64
7 0.045 0.2785
4 2.6625 2.3442
7 0.105 0.2702
7 1.0275 0.9599
7 0.6525 0.7369
6 0.5925 0.5272
6 1.2 1.1446
4 0.2475 0.6573
7 1.05 1.0984
4 1.5375 1.2494
7 0.5325 0.4852
7 1.32 1.4914
7 0.18 0.4319
7 2.46 2.3502
7 1.6875 1.7437
4 2.07 2.1488
4 0.09 0.6076
4 1.935 2.0249
7 0.03 0.1632
7 1.755 1.8164
6 2.1525 2.1817
5 1.1625 1.2693
6 2.445 2.6094
5 1.29 1.2849
4 1.5075 1.387
4 0.99 0.7374
6 1.215 1.1919
7 0.96 0.9831
4 0.5625 0.586
7 0.1275 0.3094
6 1.3575 1.4501
6 1.095 1.137
5 2.49 2.3759
6 0.525 0.4376
4 2.76 2.4751
7 1.1925 1.2146
7 1.47 1.4332
5 0.255 0.4876
7 0.225 0.346
7 1.35 1.3213
6 0.495 0.4854
7 0.8625 0.8957
7 0.8625 1.014
4 0.2325 0.6593
7 1.575 1.6411
4 1.8225 1.7486
5 2.6475 2.6228
5 1.5075 1.6665
5 0.0525 0.4127
4 0.315 0.638
7 1.7625 1.88
5 2.9475 2.4862
7 1.875 1.8016
5 2.5875 2.3434
4 1.5 1.4907
4 0.3225 0.5933
5 0.4425 0.3813
4 0.72 0.5744
4 2.625 2.1661
5 1.71 1.6377
5 1.6875 1.7408
5 2.3175 2.5141
7 0.855 0.7987
5 0.1275 0.5401
4 0.63 0.6933
6 1.86 1.8929
7 2.85 2.5776
7 1.95 1.9606
4 0.525 0.9946
5 1.5525 1.6869
4 1.7475 1.698
4 0.0075 0.5676
6 2.625 2.4298
4 0.585 0.9376
6 0.42 0.5468
7 0.45 0.1678
7 1.035 1.1001
5 0.7275 0.4543
7 0.465 0.4177
4 0.9525 0.6532
5 0.57 0.5332
4 1.65 1.7063
5 1.5525 1.4627
4 0.39 0.5819
7 1.56 1.4983
5 0.675 0.5887
5 1.3125 1.3055
7 1.6725 1.6708
5 1.9425 2.1176
7 0.3675 0.2307
5 0.3525 0.5828
5 1.185 1.2191
6 0.855 0.9102
4 0.1575 0.745
5 1.785 1.7977
6 2.025 1.9193
5 2.475 2.5508
6 0.75 0.674
7 0.435 0.392
6 2.655 2.4918
6 2.9775 2.5182
6 1.11 1.0951
4 1.275 1.2348
4 0.8175 1.0733
7 0.0825 0.2249
6 2.2275 2.3358
7 1.9725 2.012
6 2.6175 2.4676
7 0.18 0.4298
6 0.0525 0.4385
5 2.7075 2.4476
6 1.9125 1.7942
4 1.4325 1.3181
7 2.745 2.5247
7 0.7575 0.7903
6 2.5275 2.5238
7 1.9575 1.9408
4 0.96 1.2227
6 1.6575 1.714
6 0.84 0.8689
7 2.8725 2.7241
6 2.0775 2.1017
7 2.4825 2.5356
5 0.06 0.6046
7 1.32 1.2044
6 0.51 0.6914
7 0.7875 0.7099
6 1.755 1.7848
4 0.9675 0.7175
6 0.465 0.4053
7 2.4 2.5346
5 2.3025 2.1067
6 2.5575 2.4583
5 2.715 2.4643
5 0.2625 0.7229
5 2.7975 2.3201
7 1.575 1.6535
4 2.79 2.2444
4 0.99 0.8308
6 2.625 2.6242
5 2.37 2.3262
4 2.565 2.3539
6 0.3 0.4488
4 2.325 2.2978
7 2.28 2.2556
6 2.9775 2.5933
7 1.575 1.6815
6 1.6575 1.6439
4 2.7675 2.1795
4 0.8475 0.8346
7 0.945 0.9456
5 2.6625 2.5701
6 1.7775 1.8397
4 1.29 1.1572
5 0.675 0.7655
5 0.3825 0.4846
4 2.625 2.1697
4 2.5725 2.2224
4 0.3825 0.8372
7 2.9625 2.6452
4 0.9675 0.929
4 2.5275 2.4135
5 1.845 1.9004
4 1.26 1.5554
5 0.5475 0.6463
7 0.675 0.659
7 1.0875 1.0195
4 1.8675 1.928
4 1.9275 2.1841
6 2.7825 2.4675
6 1.47 1.456
5 0.18 0.6514
6 0.7725 0.756
4 1.71 1.5124
4 0.795 0.8198
5 0.8175 0.5963
6 0.8625 0.8664
7 1.5 1.503
5 1.17 1.2227
6 0.195 0.4767
7 1.8225 1.8554
5 2.415 2.5937
4 1.755 1.7738
7 1.155 1.2916
5 2.8575 2.5687
7 0.1425 0.3844
4 0.3825 0.8863
6 1.59 1.6135
7 1.755 1.7419
7 2.565 2.7438
7 0.645 0.6458
4 2.67 2.3955
7 2.265 2.1036
6 0.585 0.4465
6 1.845 1.799
5 0.5025 0.4885
6 0.3075 0.4645
4 0.2475 0.7121
4 2.7825 2.2426
7 0.8325 0.8554
5 2.4975 2.4508
5 2.895 2.4622
4 0.2775 0.6282
5 1.365 1.5165
6 2.8275 2.6093
4 2.0475 2.0709
7 0.3375 0.3765
6 1.545 1.5556
4 0.6075 0.5082
6 1.77 1.802
4 1.2 1.0054
6 1.0875 1.1031
7 2.895 2.4962
5 2.8725 2.5004
7 1.545 1.5706
5 1.2525 1.162
4 0.93 0.7516
7 0.33 0.5003
4 2.1225 2.1209
5 2.835 2.4397
5 0.0675 0.4331
5 0.4875 0.4482
4 0.3525 0.6462
4 1.515 1.4291
7 0.7575 0.6375
4 0.6975 0.6977
6 1.2825 1.3394
7 0.03 0.3095
4 1.1325 1.2448
5 2.16 2.4616
4 0.825 0.9447
6 2.73 2.3554
5 2.4075 2.1294
6 2.04 2.0903
4 1.6125 1.5911
6 1.32 1.2563
4 1.425 1.4782
7 1.215 1.2096
7 2.64 2.4605
4 2.9025 2.4748
4 2.61 2.4064
6 0.5325 0.5562
7 0.4725 0.4166
4 2.445 2.3424
4 1.9875 1.7699
5 2.535 2.408
6 1.845 1.9468
7 0.12 0.2121
7 2.775 2.702
5 1.26 1.2414
5 2.5725 2.3977
4 1.8525 1.9351
4 1.0425 1.202
5 0.6225 0.6602
5 2.97 2.4184
5 1.7025 1.6632
6 2.145 2.1346
4 1.26 1.424
5 2.6775 2.4287
4 0.255 0.5726
5 2.535 2.2937
5 1.665 1.6718
7 1.4175 1.4678
6 1.995 2.0034
4 2.7975 2.4224
6 2.7375 2.6309
5 0.885 0.6927
5 2.2575 2.3349
7 0.585 0.5849
7 1.1775 1.2879
5 0.3225 0.4756
5 2.8875 2.3762
6 2.625 2.4486
4 0.3675 0.4583
4 2.9325 2.3947
7 2.9925 2.7137
5 0.075 0.396
4 0.7125 0.5761
7 1.7925 1.7875
6 1.7475 1.8316
4 2.355 2.4249
5 0.0375 0.67
4 0.3525 0.6637
5 2.2125 2.0939
4 2.9925 2.4929
5 2.6625 2.4625
7 0.72 0.7105
5 0.2925 0.7301
7 1.14 1.1354
7 2.8275 2.6652
5 2.9925 2.4699
5 0.36 0.5614
6 1.305 1.2608
6 1.83 1.754
7 1.5525 1.4749
5 2.865 2.5915
5 2.0775 1.9511
4 2.91 2.3722
5 2.79 2.4482
5 0.9 0.9093
7 2.6475 2.799
4 1.0725 1.005
7 1.3275 1.1944
6 2.9475 2.4631
5 0.345 0.5351
7 2.775 2.7837
4 0.3075 0.6729
4 2.88 2.2576
7 2.1975 2.272
6 0.6375 0.4909
4 0.195 0.6162
5 2.0925 2.174
5 2.265 2.4972
6 1.8225 1.8448
4 2.1375 2.2113
5 1.23 1.3022
6 2.0475 2.2289
4 2.835 2.4662
6 0.735 0.8899
7 0.975 1.0494
7 1.3725 1.3836
6 2.64 2.5325
7 0.8175 0.8601
4 1.4325 1.2401
6 1.275 1.3098
6 0.705 0.7651
6 1.365 1.352
4 0.6 0.8381
6 0.8175 0.7267
4 2.205 2.0165
6 1.1175 1.0632
7 0.2925 0.2044
7 2.7 2.6243
5 0.105 0.3928
6 2.355 2.563
6 0.87 0.8226
6 1.77 1.7398
4 1.275 1.2106
7 0.2025 0.2302
5 1.95 2.0032
5 1.0125 1.1307
5 0.96 0.9555
7 2.49 2.3437
5 0.27 0.6897
5 1.1625 1.3323
4 2.0325 2.3067
7 2.3775 2.4402
6 0.8475 0.8344
4 1.4325 1.522
6 1.845 1.7168
4 0.7275 0.8649
6 0.69 0.529
4 1.9425 2.2683
5 2.0475 2.0127
5 1.17 1.2625
5 1.38 1.4523
6 2.9025 2.4647
7 1.6725 1.6743
5 0.7425 0.8562
7 2.4975 2.4077
6 2.1975 2.3864
4 1.2975 1.4173
6 2.025 2.0033
5 1.1325 1.0171
4 1.5225 1.1928
7 1.5075 1.4767
6 1.5525 1.4917
6 1.3275 1.3067
6 1.6725 1.5549
4 0.165 0.6523
5 1.56 1.7219
7 1.9875 2.0806
7 1.89 1.9258
4 0.195 0.7715
7 0.255 0.2837
6 0.21 0.3318
4 1.7775 1.519
5 2.1825 2.0502
6 1.4625 1.4768
5 1.0575 0.9806
4 2.13 2.0547
4 2.1075 2.3384
5 1.74 1.8033
7 2.8275 2.7828
6 2.265 2.3407
5 0.4875 0.8437
6 2.88 2.5376
6 2.355 2.4491
6 1.455 1.4289
7 1.7025 1.828
5 1.395 1.443
7 2.025 2.0767
6 1.0425 0.9762
5 0.99 0.5808
6 0.84 0.7551
6 2.265 2.2804
6 0.3975 0.5051
5 1.6425 1.7667
5 0.6375 0.5981
6 0.51 0.4504
5 0.525 0.3623
6 1.05 0.9634
6 0.495 0.3322
5 1.8675 1.7491
6 2.6625 2.4021
4 0.03 0.6381
7 2.6775 2.4503
5 0.1875 0.5839
5 1.4625 1.31
4 1.1625 1.2627
7 0.8025 0.8292
6 1.9725 2.0295
4 2.9925 2.1248
7 0.21 0.4126
6 1.4325 1.5147
7 1.4175 1.3858
4 2.055 2.229
5 2.685 2.5498
7 2.6175 2.6077
6 1.05 0.9641
4 0.525 0.7955
6 2.01 2.0758
7 1.9125 1.8852
7 0.2325 0.2829
4 1.4625 1.5743
7 2.4075 2.2946
4 0.9675 0.6031
7 1.9575 2.0279
6 0.5925 0.7647
5 2.64 2.4918
5 1.05 1.2029
6 0.8325 0.8779
6 2.4825 2.6916
4 0.18 0.7803
4 0.0375 0.5183
6 1.32 1.388
7 2.2125 2.2147
7 0.21 0.3111
7 0.39 0.3407
7 1.8825 1.8192
5 1.32 1.3188
5 2.9925 2.6218
5 2.385 2.5455
4 1.0725 1.0284
4 1.3275 1.3378
6 1.035 1.003
5 1.83 1.8076
5 0.8775 1.0431
7 0.3675 0.6399
7 0.03 0.3503
4 0.2775 0.5802
4 2.1 2.3829
7 0.8175 0.834
7 2.445 2.534
6 1.3575 1.2836
4 1.6875 1.8602
6 0.3 0.3129
5 2.1975 2.2364
5 1.4025 1.5597
6 2.19 2.3329
5 2.97 2.6294
6 0.1275 0.4251
6 2.595 2.599
6 1.7025 1.6853
5 0.18 0.5611
7 1.215 1.1863
7 2.0175 2.0693
6 1.4925 1.5021
6 0.2775 0.3787
5 2.8575 2.2985
6 1.2675 1.1288
7 0.045 0.2584
6 2.295 2.3699
6 2.7825 2.5852
6 0.5475 0.4199
6 1.365 1.4716
6 0.99 0.8613
4 1.8975 1.9594
6 1.575 1.5657
4 1.8225 1.7962
6 1.7325 1.7854
5 2.91 2.5849
6 1.17 1.2106
6 2.325 2.2375
7 2.64 2.6893
6 1.635 1.5587
6 1.4925 1.3819
5 2.0475 1.9319
5 0.375 0.5226
4 0.5175 0.5978
5 1.1025 1.1443
7 2.58 2.5292
6 2.37 2.6469
5 1.8525 1.8072
6 2.7975 2.6514
5 0.2625 0.4281
7 2.97 2.6783
7 0.4125 0.3387
4 1.4175 1.4402
6 2.25 2.2244
5 2.94 2.5131
5 2.28 2.5062
5 1.4625 1.2774
7 0.225 0.2279
7 0.1875 0.1959
7 1.935 1.8958
7 1.83 1.7833
7 0.9225 1.021
7 2.7675 2.6649
6 2.6325 2.6264
4 0.405 0.7506
6 2.4675 2.5083
7 0.825 0.834
5 1.83 1.8486
5 2.0775 2.3201
5 2.61 2.649
6 0.9975 1.0845
5 1.3125 1.2947
5 0.5625 0.5128
7 0.3975 0.4515
6 1.1625 1.2348
7 1.02 1.0144
4 2.475 2.4562
7 1.845 1.8606
4 2.4675 2.3167
5 0.96 1.0366
4 1.8375 1.943
7 0.6 0.471
5 1.0725 1.0544
5 2.865 2.5159
7 0.8475 0.8965
5 2.325 2.472
5 1.5825 1.6108
4 0.3525 0.4816
4 1.7325 1.7537
7 0.3525 0.3949
7 0.6 0.7299
6 1.8375 1.8653
4 1.7025 1.6114
5 1.2225 1.3169
4 0.18 0.6188
6 0.9675 0.9335
4 2.88 2.4844
7 2.01 1.931
6 1.14 1.0668
4 2.475 2.2973
5 0.69 0.7759
7 2.685 2.8232
5 1.5 1.5875
6 0.615 0.6886
5 0.12 0.8253
4 2.85 1.9934
4 1.98 1.9875
6 0.87 0.7255
6 0.09 0.4903
6 1.35 1.4187
6 1.1625 1.0878
5 1.6875 1.7117
5 2.8725 2.5432
4 2.7675 2.3427
7 1.8375 1.8322
6 0.7575 0.7047
5 0.4275 0.5063
5 1.0125 1.0941
7 2.76 2.5521
7 1.2375 1.188
7 2.475 2.4628
4 1.0275 0.8681
6 0.51 0.4637
6 0.2025 0.6061
7 1.8675 1.9218
4 1.44 1.6215
4 0.4875 0.4195
7 2.49 2.547
4 1.8 1.9891
4 1.635 1.5312
6 1.7625 1.7361
7 0.96 0.9118
7 0.9525 0.9329
5 0.135 0.7507
6 1.305 1.3578
7 2.775 2.6924
4 1.53 1.5012
4 1.02 1.1003
6 1.5375 1.59
5 2.3625 2.1839
7 2.1075 1.9627
5 2.9325 2.5332
6 0.9675 0.8476
6 2.115 2.3731
7 0.345 0.3425
4 0.4875 0.5891
6 0.0375 0.5862
5 2.2125 2.3266
7 0.0525 0.3466
7 0.1575 0.3491
4 2.625 2.2265
7 0.45 0.5198
6 2.25 2.2902
4 0.195 0.5465
6 0.7575 0.8787
5 1.05 0.9798
6 0.9225 0.9653
4 1.4475 1.5336
5 2.07 2.2202
5 2.1975 2.2787
4 1.8825 1.9806
6 2.9775 2.5584
6 0.0975 0.4249
7 1.44 1.5471
7 2.4525 2.7067
4 2.925 2.4234
7 1.89 1.9246
6 1.815 1.8085
4 2.985 2.3767
4 1.6725 1.7644
6 2.6475 2.5984
4 1.065 1.0315
7 0.8325 0.8972
7 1.6575 1.6081
7 2.1675 2.188
7 1.74 1.7083
4 2.955 2.25
6 0.8175 0.4225
5 2.595 2.3255
4 2.37 2.1781
5 2.145 2.0444
4 1.065 1.2451
4 1.335 1.5808
6 0.36 0.3065
5 0.795 0.6208
4 0.09 0.7581
5 1.995 2.1817
6 1.455 1.4967
7 1.4475 1.4507
4 0.285 0.6134
5 0.8625 0.9637
5 1.605 1.7394
6 0.1425 0.5845
4 1.77 1.8328
7 1.5825 1.6841
4 2.775 2.3163
6 2.5725 2.471
6 1.9875 1.9326
7 0.525 0.5605
5 1.335 1.2687
7 0.6375 0.7318
6 0.375 0.6166
5 1.2825 1.2255
6 2.3475 2.5863
4 1.0875 1.1434
6 1.8825 1.8961
7 0.09 0.2044
7 0.675 0.5737
5 2.5725 2.5171
7 1.77 1.7673
4 0.0225 0.7418
6 0.1875 0.337
6 2.58 2.616
6 2.805 2.543
7 0.375 0.258
6 2.1 2.1711
7 2.7 2.6669
5 1.755 1.7754
4 0.585 0.6572
7 2.6625 2.464
6 1.815 1.8271
6 1.545 1.5654
5 2.6925 2.4937
4 2.01 2.0989
7 1.275 1.3537
5 0.255 0.4726
7 0.48 0.3671
5 2.355 2.0448
5 1.29 1.221
4 1.6425 1.7362
6 0.915 0.9302
7 2.8725 2.724
6 1.4775 1.3473
5 1.5075 1.6279
5 2.19 2.3822
6 0.75 0.7342
5 1.8975 1.9279
4 0.51 0.5736
7 0.4875 0.6563
5 2.8425 2.5529
6 1.3575 1.3891
7 0.06 0.2816
7 2.7075 2.5822
7 0.9075 0.9515
4 0.645 0.6176
5 0.87 0.7902
5 0.765 0.9383
5 2.3775 2.3733
5 0.9525 0.9372
7 2.085 2.0502
7 2.07 2.0981
4 0.615 0.6236
5 1.53 1.427
6 2.0925 2.3538
4 1.86 1.8277
7 1.3425 1.3567
7 1.02 0.9972
5 0.915 0.8836
6 0.435 0.5677
7 2.4075 2.4158
4 0.375 0.5523
6 0.735 1.0428
4 0.2925 0.5925
4 0.15 0.6072
6 0.3375 0.2767
5 2.7525 2.3952
4 2.73 2.2767
6 1.53 1.5284
4 2.295 2.2059
6 1.74 1.8092
7 0.15 0.4431
7 1.635 1.6069
6 0.57 0.5286
4 2.9475 2.3045
4 1.6725 1.7756
6 0.3525 0.7295
7 2.4 2.4361
4 0.405 0.7544
6 2.835 2.5545
5 2.43 2.476
4 1.08 1.018
6 0.315 0.4336
6 2.64 2.2615
6 1.575 1.5559
5 1.2075 1.3724
7 1.7925 1.757
5 1.08 1.0914
4 2.01 2.0841
7 2.025 2.0547
7 0.42 0.3291
5 0.3825 0.6674
4 2.73 2.3254
7 1.8675 1.8813
5 1.0575 1.1184
4 0.8025 0.7938
5 0.36 0.9015
7 1.6425 1.6181
7 2.6625 2.5976
4 2.505 2.3982
4 1.8075 1.8373
4 0.99 0.6535
7 1.2675 1.2351
6 2.13 2.2099
5 2.445 2.4225
7 2.8425 2.6656
5 2.13 1.8656
6 1.2 1.1891
7 0.5175 0.4936
5 2.4675 2.5005
7 0.0825 0.3572
6 2.085 2.021
4 2.34 2.3453
6 2.2275 2.2401
4 0.6975 0.5169
7 0.1575 0.2838
7 1.6125 1.5989
5 0.525 0.8745
5 1.875 1.9581
6 0.54 0.377
6 2.0625 2.046
4 1.815 1.9325
7 1.4775 1.4526
5 1.0125 0.9111
6 1.065 1.0155
5 2.3325 2.2565
5 1.9425 1.8855
6 2.1225 2.1762
7 0.3675 0.5464
7 1.635 1.6744
5 1.86 1.8441
5 2.085 2.0606
6 0.825 0.8514
6 1.905 1.827
4 1.515 1.61
4 1.29 1.2303
7 1.7025 1.6424
5 1.5375 1.547
4 0.15 0.7131
4 0.465 0.8485
4 1.5075 1.7595
7 2.2725 2.2264
6 2.1975 2.1604
4 1.41 1.5708
7 1.155 1.2534
6 2.22 2.5186
4 2.5125 2.3897
6 2.58 2.5124
7 0.75 0.7699
6 0.765 0.6299
7 1.89 1.9774
4 0.5925 0.6241
4 2.4075 2.4575
4 2.6175 2.2963
5 0.18 0.5189
5 0.2325 0.4401
6 2.1825 2.0385
5 2.8575 2.4577
4 1.8675 1.7216
7 0.255 0.3719
6 0.555 0.4849
4 2.8425 2.2308
6 2.9475 2.6633
7 1.59 1.5455
6 2.835 2.5825
7 1.1925 1.3181
6 2.0775 2.1171
7 0.6675 0.6328
5 1.0575 1.3187
7 2.1825 2.1998
4 2.73 2.4397
5 2.2875 2.1342
4 1.14 1.1628
4 0.69 0.576
6 1.965 2.0517
5 0.12 0.533
7 1.1175 1.103
7 2.715 2.6304
6 2.535 2.6092
7 0.51 0.4878
6 1.0875 0.919
7 1.71 1.7276
5 1.8975 2.0658
4 2.55 2.1747
4 0.795 1.0958
4 1.845 2.1292
4 1.3275 1.1815
4 0.315 0.5538
7 2.3175 2.3402
7 2.265 2.116
5 2.52 2.2597
5 0.105 0.5966
6 1.4025 1.4839
4 0.195 0.7337
4 0.6075 0.6563
4 1.71 2.2869
6 2.34 2.5664
4 2.97 2.132
4 2.49 2.3176
6 1.26 1.2911
4 1.5375 1.554
4 0.975 0.6481
5 0.075 0.7463
7 1.38 1.3347
5 1.56 1.4149
4 0.5775 0.6339
5 0.4725 0.4086
7 0.3075 0.4209
7 0.1275 0.425
6 0.165 0.6605
5 0.7275 0.815
6 0.63 0.6225
7 2.9625 2.6774
5 1.1325 1.0276
4 1.3875 1.342
7 1.215 1.2331
7 0.6375 0.659
4 1.875 1.7879
4 2.4075 2.3442
4 0.975 0.8127
6 0.42 0.3605
5 0.6525 0.7254
5 2.4975 2.3254
7 1.38 1.4148
6 2.9175 2.482
4 2.1075 2.0712
4 0.735 0.5586
6 1.335 1.2857
7 0.0225 0.3425
4 1.4025 1.5246
6 2.0475 2.0611
5 2.9475 2.1064
7 0.9825 0.9988
5 0.015 0.5319
6 1.3275 1.2422
5 2.445 2.4278
4 1.8075 1.9866
5 0.2775 0.6622
5 2.6025 2.4735
4 2.97 2.3126
4 1.6725 1.6367
6 2.805 2.6091
5 0.615 0.492
5 0.96 0.746
7 0.315 0.3631
4 0.945 0.9951
7 1.545 1.45
6 0.7125 0.6208
7 0.4875 0.4519
4 1.2825 1.2757
4 2.7975 2.36
7 0.915 0.9117
7 2.6475 2.6282
6 2.7825 2.4032
4 1.7925 1.7189
5 2.34 2.1591
6 2.8125 2.6041
6 0.54 0.6776
6 2.5425 2.3684
4 1.4475 1.3711
5 1.5975 1.691
5 1.7025 1.7388
7 1.3575 1.289
4 2.8275 2.4537
7 1.71 1.7862
4 1.2525 1.2117
5 1.3275 1.4489
6 1.3275 1.3083
7 1.1625 1.1492
6 2.85 2.6079
7 2.4675 2.5678
7 0.585 0.4971
4 0.465 1.1563
7 2.2875 2.346
7 2.145 2.1463
5 2.9175 2.4299
5 1.8075 1.7555
6 0.5025 0.6452
6 1.2525 1.2254
6 0.6975 0.7308
7 2.67 2.5687
5 1.545 1.659
6 2.85 2.5808
5 2.3025 2.5559
7 1.68 1.7755
5 2.9475 2.5856
7 0.705 0.5548
4 0.4575 0.7631
6 0.4275 0.4295
7 0.9675 0.8998
5 1.935 1.9773
7 0.03 0.3674
5 0.9 0.9234
7 0.0675 0.2434
5 2.535 2.5142
7 0.0825 0.3186
7 1.5225 1.5019
7 2.8425 2.7067
7 2.625 2.5693
6 0.465 0.3282
6 0.3 0.5833
5 1.8825 1.9466
7 1.41 1.4203
6 1.98 1.8215
7 1.92 2.0174
4 1.11 1.2228
5 1.38 1.4267
4 2.8875 2.2365
4 2.0775 1.976
7 0.18 0.2044
5 2.565 2.5281
5 0.42 0.43
5 0.5625 0.8381
5 1.0125 0.7649
5 0.6825 0.7864
4 2.07 2.2837
7 1.905 1.7893
7 1.785 1.7291
5 1.635 1.6862
6 2.7 2.5701
4 1.98 1.9533
4 0.135 0.5001
6 0.0525 0.3917
4 0.5925 0.7284
5 1.1625 1.2578
7 0.2625 0.35
6 2.6625 2.6235
5 1.2825 1.3039
5 0.2475 0.449
4 0.54 0.6041
5 2.925 2.4704
7 0.0375 0.3959
5 2.385 2.2596
7 0.9675 1.0139
4 0.0 0.5346
5 2.2575 2.5054
4 1.545 1.561
6 0.0675 0.3941
6 1.5225 1.5853
4 0.2775 0.7619
5 0.7425 0.8979
7 2.3175 2.3647
6 2.2725 2.469
4 2.445 2.5577
6 0.93 0.8449
6 0.435 0.5169
4 1.0875 1.13
7 0.3075 0.4079
4 2.985 2.2392
7 0.1425 0.3494
6 1.0275 1.1886
4 0.03 0.8909
4 1.5675 1.3906
7 2.07 2.074
7 1.2375 1.1706
4 1.0275 0.9176
5 0.075 0.5178
7 2.2725 2.2912
7 2.7 2.689
6 1.7175 1.6
4 0.6 0.8456
6 2.8425 2.4937
7 0.525 0.5329
7 2.7975 2.6955
6 0.135 0.322
5 0.9525 0.8893
4 0.765 0.9682
6 1.8 1.6855
5 0.8175 0.8803
5 0.0375 0.4687
7 2.16 2.1043
5 2.0625 2.1493
5 0.51 0.4612
6 1.8675 1.9612
5 0.69 0.7847
6 0.7425 0.6348
7 2.1525 2.1257
4 0.9225 0.7402
4 0.8175 0.8824
6 0.3225 0.4669
5 2.805 2.5336
6 2.8575 2.5796
7 2.295 2.3078
7 0.735 0.5267
5 1.89 1.9188
7 0.4425 0.3127
5 2.3775 2.4624
7 2.13 2.2813
5 0.045 0.3959
7 1.5525 1.5246
4 1.665 1.5945
7 1.8675 1.8553
7 1.2225 1.2765
6 1.17 1.087
4 0.6675 0.8748
7 0.8625 1.001
5 0.915 0.9387
7 0.8175 0.8292
7 0.2325 0.2889
7 1.635 1.7531
5 1.4475 1.4288
6 2.88 2.5073
7 0.7875 0.6691
7 2.2275 2.1084
5 2.55 2.3856
5 2.2275 2.193
4 2.67 2.2282
4 0.975 1.0582
6 2.43 2.4487
4 1.335 1.2989
7 0.6075 0.6924
5 1.5225 1.5163
5 2.9325 2.492
4 1.0275 0.9606
7 0.87 0.8281
4 0.5325 0.5435
4 0.9675 0.8494
7 0.6975 0.7182
4 0.09 0.763
6 1.3725 1.3304
5 1.08 1.121
6 0.63 0.4394
7 1.5525 1.5778
5 2.3925 2.532
7 0.15 0.3968
5 1.56 1.6652
5 2.715 2.4539
7 0.8925 0.919
4 1.4475 1.2391
6 0.18 0.4907
7 1.11 0.9879
4 0.855 0.6661
6 2.28 2.2317
5 1.3425 1.2808
7 0.495 0.3923
5 1.4025 1.3617
6 1.05 1.104
7 2.04 2.1341
4 2.58 2.3446
5 0.78 0.7197
4 0.33 0.8376
6 1.9275 1.8614
7 1.3725 1.4678
6 1.6875 1.7445
7 0.7425 0.6822
7 2.565 2.6478
7 1.7025 1.6756
6 2.2575 2.2041
5 2.6775 2.4809
5 1.815 1.8223
6 0.15 0.4386
5 2.7525 2.4681
6 1.3425 1.3739
6 1.965 1.8267
6 0.405 0.432
4 2.3175 2.4211
6 0.1575 1.1142
5 2.4525 2.467
5 0.5175 0.5114
4 2.8575 2.3421
4 0.2025 0.558
7 1.7775 1.8053
7 0.0825 0.368
6 1.5975 1.5762
4 2.9475 2.3748
6 1.9275 1.8674
7 2.73 2.7331
5 1.17 1.0646
6 0.1875 0.378
4 0.9975 0.8538
4 2.28 2.4199
4 0.375 0.7973
6 1.2825 1.2955
6 0.7725 0.6096
6 2.5275 2.4098
7 2.685 2.6067
7 1.5075 1.4009
4 0.9825 1.2485
6 0.0825 0.3422
7 0.21 0.3888
5 0.5775 0.582
5 2.4975 2.3171
6 1.0575 1.1062
6 2.4525 2.4018
6 0.0 0.6516
6 1.86 1.9213
7 2.1225 2.0868
4 2.07 2.1405
4 0.795 0.5866
4 0.5625 0.5615
7 0.795 0.7191
4 1.17 1.2668
4 1.5825 1.7797
7 1.2375 1.2354
7 0.3825 0.3822
5 0.78 0.6854
5 0.99 0.7303
4 1.47 1.3699
5 2.4075 2.376
6 2.5125 2.4393
6 2.1075 2.0403
7 1.4475 1.387
7 2.3175 2.4599
7 2.715 2.5863
4 2.085 2.3575
4 0.045 0.5629
5 2.595 2.4491
7 0.3975 0.598
7 1.5525 1.5759
7 0.0675 0.3332
5 1.74 1.7746
6 0.165 0.4317
6 0.9825 0.9216
5 1.74 1.7162
4 2.6625 2.3849
4 0.7425 0.8801
4 2.31 2.5572
5 1.59 1.591
4 0.15 0.6254
7 1.7325 1.6807
4 2.3625 2.3765
7 2.7525 2.4459
6 0.75 0.5884
4 1.7625 1.7999
6 0.3375 0.5363
5 2.5575 2.4908
7 1.5075 1.4401
7 2.6775 2.7538
7 0.855 0.8362
6 0.735 0.6472
4 2.4975 2.2691
4 0.72 0.7059
7 1.635 1.5851
5 2.1375 2.2415
4 2.3175 2.2676
4 2.955 2.1708
4 1.14 1.0791
6 2.1 2.0945
6 0.2175 0.33
4 0.84 0.9768
4 1.83 2.1825
4 0.6225 0.7101
5 0.06 0.4697
7 0.2625 0.2359
4 2.22 2.2145
6 1.0425 1.1064
5 2.0775 2.133
4 2.9175 2.3155
6 1.005 1.0033
4 0.855 0.7711
4 2.4825 1.9668
4 2.5425 2.4906
6 0.5175 0.4486
6 1.83 1.8747
7 1.3575 1.3439
6 1.0875 1.0541
5 1.9125 1.7854
7 2.01 1.9851
4 1.9575 2.1902
6 2.9175 2.6952
5 1.9125 2.0514
6 1.665 1.6924
4 2.88 2.3024
6 1.335 1.2916
6 0.2775 0.4509
4 2.49 2.1904
4 0.96 1.2007
7 0.0675 0.3406
5 0.1875 0.6478
7 2.1225 2.1325
6 2.0625 0.0918
4 1.845 2.1029
7 2.0625 2.0328
4 1.5375 1.4009
4 0.7575 0.534
7 1.0275 0.9941
7 2.715 2.7179
4 1.0275 1.2235
4 2.61 2.3023
6 1.32 1.3543
4 1.3575 1.449
4 1.68 1.6718
7 0.8775 0.9764
5 1.755 1.6976
7 0.7425 0.7982
4 0.42 0.7835
4 1.365 1.401
4 1.8075 1.6217
6 1.9275 1.8748
4 1.875 1.9945
4 1.665 1.8191
7 0.1125 0.3919
6 2.13 2.1352
5 2.445 2.3116
7 2.7675 2.6055
4 2.8275 2.3683
4 2.565 2.3026
6 2.115 2.1513
5 0.855 0.5979
4 0.885 0.7121
4 2.1825 2.4014
6 0.3375 0.3411
6 2.5575 2.3029
7 0.4125 0.4874
7 1.95 2.0224
4 2.985 2.4837
6 1.8375 1.9332
7 1.935 1.9442
5 1.17 1.2315
5 1.35 1.2983
5 1.7175 1.6707
5 0.9225 0.7457
4 0.105 0.6142
7 1.2225 1.2189
7 1.365 1.4151
7 2.34 2.4244
5 2.535 2.3604
4 2.865 2.3302
5 0.855 0.697
4 2.3325 2.4154
7 0.27 0.2591
4 1.83 1.6902
5 2.7375 2.4558
5 2.3625 1.9587
5 0.4575 0.6825
5 1.2075 1.1948
4 1.4325 1.5107
7 0.195 0.4787
6 2.7075 2.3488
6 1.5975 1.5094
4 1.8 1.8213
7 1.2825 1.3089
6 2.1525 2.1936
4 1.515 1.5832
4 0.81 0.6512
7 2.7225 2.6403
4 1.635 1.3356
7 0.795 0.7906
7 1.9275 1.879
6 1.4325 1.4155
6 1.68 1.6837
6 2.835 2.6934
5 2.445 2.5734
5 2.7675 2.4043
6 1.0725 1.0909
6 2.2875 2.1638
4 1.74 1.8773
7 0.255 0.6343
4 0.3825 0.7012
6 1.5975 1.6656
7 2.445 2.4895
7 0.06 0.425
7 2.865 2.4174
7 2.5575 2.3943
4 1.755 1.6632
5 0.54 0.5326
4 2.1225 1.826
5 1.14 1.0238
4 1.2225 1.1583
4 2.6325 2.3638
6 0.8025 0.4477
6 0.6525 0.5235
7 1.56 1.5654
5 2.2275 2.142
4 1.0275 1.2424
5 1.95 2.0316
6 0.3225 0.4795
5 0.225 0.4236
7 1.905 1.86
5 1.7325 1.7756
7 2.2575 2.2085
5 2.0175 1.8786
4 0.9375 0.564
5 2.37 2.2438
4 0.1725 0.519
5 1.8225 1.6912
6 0.93 0.801
7 0.03 0.354
5 0.135 0.4871
7 0.3225 0.234
6 1.0725 1.0292
7 2.8725 2.3582
4 1.7175 1.6618
4 1.32 1.2107
6 2.595 2.3984
6 2.0025 2.1665
5 0.585 0.6696
5 0.45 0.6288
6 2.025 2.207
5 0.3825 0.4921
5 2.7225 2.3769
5 2.595 2.4932
5 0.0675 0.5605
4 1.1175 1.1275
7 0.6075 0.4217
5 2.235 2.4554
5 2.9625 2.4885
4 2.355 2.2819
5 1.3725 1.4467
6 1.83 1.7879
6 2.8125 2.5463
5 1.59 1.486
4 1.5825 1.4457
4 1.395 1.5086
7 1.8675 1.8853
4 1.1025 0.8935
7 1.44 1.4358
4 2.2425 2.2159
4 1.56 1.4456
7 2.5725 2.59
5 1.02 1.0938
6 1.6425 1.6348
7 0.4575 0.4502
4 1.185 1.2267
4 0.54 0.6662
6 2.4 2.1936
7 1.83 1.8334
7 1.1175 1.0967
4 0.855 1.026
4 0.2925 0.4919
6 1.9125 1.9713
7 2.565 2.5047
7 0.315 0.3006
5 1.5 1.5753
4 1.35 1.488
7 2.8425 2.6333
4 2.8425 2.3613
5 2.4975 2.5504
7 0.2175 0.2815
4 1.485 1.2768
7 1.815 1.8671
6 0.4875 0.5606
6 0.285 0.4874
5 0.21 0.5377
4 1.3275 1.2127
5 1.2975 1.2499
4 0.105 0.6111
6 0.3075 0.5251
5 1.71 1.7868
5 0.975 0.8709
6 2.37 2.4661
7 2.1675 2.2723
6 1.6725 1.699
6 0.9675 0.9444
4 0.555 0.7191
4 2.7975 2.4504
6 1.6725 1.6325
7 0.555 0.4697
7 1.6575 1.6774
5 0.045 0.8193
4 1.41 1.2174
5 1.725 1.6842
6 0.345 0.5632
4 1.9725 1.9682
7 0.4275 0.4455
5 1.62 1.7162
6 2.76 2.353
4 2.265 2.0178
7 2.175 2.1486
6 1.3125 1.2898
7 2.7375 2.7301
5 1.635 1.6032
6 0.06 0.3915
7 1.3875 1.4165
7 2.5275 2.4398
5 2.685 2.6225
6 1.155 0.9096
5 1.755 1.6603
5 1.0125 0.6309
4 0.285 0.8298
4 1.995 1.8275
6 0.2475 0.366
4 1.9125 0.6849
5 1.4625 1.4551
5 1.9425 2.2332
4 0.5325 0.691
7 0.69 0.7087
6 1.1925 1.1764
7 2.5125 2.529
6 2.3775 2.2007
6 2.625 2.6621
7 1.305 1.3361
5 1.53 1.4978
5 0.0375 0.49
6 2.7525 2.5848
4 0.18 0.6859
4 1.755 1.5579
4 0.2775 0.6575
6 0.6225 0.8513
7 1.8975 1.9222
7 1.9725 2.0945
5 2.2875 2.134
7 0.3075 0.656
4 1.8525 1.8471
5 1.8375 1.8626
4 1.4775 1.4996
4 2.595 2.5181
6 2.235 2.264
5 0.975 1.0289
6 2.4225 2.2131
5 1.5675 1.3889
7 2.1975 2.2093
4 0.3225 0.7951
4 0.69 1.0392
4 2.07 2.2826
7 1.5 1.543
5 2.685 2.4385
6 1.83 1.9439
4 1.4325 1.4644
5 0.72 0.6598
4 2.2425 2.3401
4 2.1525 2.1192
4 0.2775 0.5793
7 1.275 1.3314
5 2.4975 2.2912
7 2.355 2.3351
6 1.095 1.1237
5 2.3925 2.4512
6 1.545 1.5494
7 0.51 0.2383
7 1.0125 1.0303
7 1.47 1.4358
4 2.1525 2.4308
4 1.065 1.0442
5 2.3175 2.1754
4 0.6375 0.876
7 2.1375 2.1655
7 2.7525 2.6999
6 2.6025 2.5607
5 2.115 2.3967
6 1.02 1.0638
4 0.69 0.7321
4 2.04 1.7804
5 2.1975 2.4917
5 2.37 0.9812
5 2.715 2.4273
4 2.7375 2.4682
7 0.72 0.7486
6 1.05 0.9883
6 1.815 1.8496
6 0.4575 0.6129
6 1.5825 1.5847
5 2.295 2.2128
5 1.47 1.5685
7 0.945 0.9853
5 0.6525 0.6827
4 2.1375 2.1435
6 0.135 0.5934
7 2.1075 2.1237
6 1.02 1.0538
5 0.6525 0.6119
7 1.71 1.7376
7 0.48 0.4408
5 1.8975 1.8951
5 0.0675 0.3844
6 0.54 0.6243
5 0.42 0.6076
5 2.745 2.4445
7 0.4125 0.3735
4 0.84 0.8029
6 1.4325 1.3828
5 2.2875 2.2894
4 0.75 0.7381
7 1.9575 2.0929
7 0.36 0.5686
4 0.5925 0.5975
4 0.795 0.8939
4 1.905 1.9941
7 0.045 0.2692
4 0.8025 0.8019
7 1.4025 1.4767
5 1.7775 1.8285
4 2.175 1.9349
7 2.8875 2.7513
6 2.88 2.4559
4 1.62 1.3663
7 2.1975 2.1928
7 1.6725 1.6966
7 2.1225 2.0018
7 0.7875 0.8344
5 1.3425 1.3411
7 1.575 1.501
7 1.41 1.4922
4 1.3575 1.4077
7 2.685 2.6829
7 2.925 2.6341
6 2.8575 2.5738
6 0.3825 0.3489
4 1.305 1.0139
6 1.7475 1.7867
4 2.3925 2.2432
4 1.3425 1.6851
5 0.57 0.3678
5 2.31 2.2755
5 2.7075 2.4108
4 0.2625 0.6397
5 2.5875 2.5352
5 2.5875 2.2584
4 0.0975 0.6312
4 2.9925 2.3578
5 0.81 0.8099
4 1.2375 1.1503
4 2.1825 2.3717
4 1.1775 1.6099
4 1.905 1.8203
5 1.035 1.0056
6 0.015 0.4361
7 0.7875 0.7955
5 1.455 1.5146
5 1.5225 1.4236
4 2.91 2.3855
4 0.0225 0.9242
5 1.9725 2.0801
5 0.03 0.5173
6 0.1275 0.3847
7 1.26 1.3461
6 0.0075 0.2897
6 2.835 2.4971
4 2.76 2.351
7 1.4025 1.3882
7 1.4325 1.4298
5 0.9375 0.9671
6 0.9375 0.9815
6 0.855 0.9091
6 1.9875 1.8252
4 1.3575 1.1484
5 0.87 0.634
4 0.3375 0.6382
6 1.905 1.9635
6 2.595 2.6432
6 1.9575 1.9126
4 2.55 2.3235
4 2.49 2.0752
5 1.365 1.3316
6 2.3475 2.4592
5 2.025 1.8103
5 1.2375 1.3452
5 0.0975 0.5879
6 0.0 0.27
4 0.2775 0.567
7 0.1275 0.5813
4 1.485 1.5856
6 0.255 0.6121
6 0.6375 0.7076
4 1.7775 1.6982
7 0.06 0.1963
6 0.75 0.7857
6 0.1725 0.4898
4 0.06 0.5948
7 2.4075 2.4903
5 2.61 2.3361
4 1.725 1.7679
5 2.8725 2.4938
7 0.585 0.6522
6 0.7875 0.8479
4 2.7375 2.0901
7 0.8475 0.8238
7 1.0425 1.1392
5 1.7025 1.846
7 2.3775 2.2587
5 0.705 0.5568
6 2.1225 2.1499
7 1.4925 1.4833
6 0.3225 0.4877
6 0.285 0.4783
7 1.3125 1.3313
7 1.2375 1.1325
5 0.1875 0.5198
6 1.8375 1.9487
7 0.3825 0.3849
4 0.24 0.721
4 1.6125 1.5128
7 1.0125 1.0192
4 0.105 0.56
5 2.4825 2.43
6 2.445 2.5268
6 0.6525 0.4935
6 0.9 0.8536
4 0.7425 0.8442
7 2.115 2.161
6 1.815 1.8862
4 1.4925 1.4186
6 2.3475 2.2779
6 1.3875 1.3942
5 0.4425 0.8655
5 2.76 2.6046
7 1.2675 1.3326
4 2.67 2.3323
4 2.925 2.1516
4 2.775 2.4451
4 0.645 1.046
4 2.9925 2.496
6 2.01 1.9486
4 0.36 0.8356
4 0.795 1.2401
6 2.1375 2.1751
4 1.7325 1.6089
4 1.3275 1.4067
5 1.2225 1.0957
7 1.395 1.4262
7 1.47 1.5058
7 2.7375 2.7128
6 2.2125 2.2247
7 0.39 0.3818
4 0.5175 0.5247
5 0.0225 0.562
4 1.26 1.4745
4 2.1225 2.3127
4 2.5275 2.2041
5 1.1775 1.2508
7 1.14 1.1357
5 0.585 0.8246
5 2.52 2.2935
7 2.6475 2.7983
6 0.99 1.0801
6 1.605 1.6438
4 1.53 1.4911
6 1.2675 1.3036
6 2.2275 2.3123
6 0.09 0.6428
6 0.7725 0.7462
5 1.005 0.9113
7 2.9775 2.7269
6 1.4775 1.5172
5 2.745 2.6746
6 1.6575 1.4712
6 0.645 0.7333
5 1.245 1.2661
7 1.425 1.4086
6 1.7325 1.7704
7 2.0325 2.0883
4 1.2825 1.2693
5 0.3675 0.5671
4 1.4025 1.335
4 1.1625 0.8572
6 1.8375 1.8661
4 0.7575 0.9103
4 1.32 1.3532
5 0.8475 0.9001
6 2.115 2.0543
6 1.8075 1.7044
6 2.3925 2.4485
5 1.1175 1.0748
7 0.8925 0.8711
6 1.545 1.5018
5 2.7675 2.5096
6 0.2775 0.2913
4 1.185 1.2937
6 0.0375 0.4897
4 0.7125 1.034
4 0.9 1.0828
6 1.965 1.9511
4 0.75 0.6718
4 0.6225 0.5847
4 2.7075 2.1895
5 0.7425 0.6338
4 0.3975 0.5451
6 2.97 2.4643
6 1.3875 1.4131
7 2.97 2.6827
7 1.4325 1.4599
5 2.8575 2.4958
4 2.3925 2.4115
4 1.275 1.1387
7 1.935 1.8412
7 2.49 2.7949
6 0.3 0.4324
6 2.34 2.5311
7 1.26 1.1305
6 2.85 2.5915
7 0.06 0.3651
6 0.3825 0.3859
6 2.7975 2.5029
7 1.6275 1.6885
4 2.175 2.2596
6 1.9275 1.9966
6 0.7125 0.7038
5 2.865 2.5989
7 2.28 2.4365
7 1.3875 1.3815
6 2.475 2.6041
6 2.055 2.1427
6 2.1975 2.4142
4 0.09 0.9215
6 0.6 0.7208
5 2.1825 2.1843
4 2.2275 2.357
5 1.335 1.4784
6 0.12 0.3592
5 1.26 1.2459
4 1.6425 1.7374
5 2.0625 2.1071
6 2.805 2.6817
4 0.48 0.554
7 0.18 0.3538
6 1.92 1.9221
5 1.395 1.3074
7 2.7675 2.6968
6 0.4875 0.4053
6 0.9825 1.0459
5 1.4475 1.3717
6 0.255 0.3438
7 0.63 0.6715
5 2.775 2.4532
6 2.79 2.5303
5 1.3125 1.3326
6 1.4025 1.3563
4 2.0925 2.0842
7 0.525 0.5975
7 0.975 0.9031
6 2.175 2.2727
6 2.91 2.6025
5 0.6 0.711
5 2.565 2.4403
