sigma2_stimulus 	 [inf, 2.0, 3.0, 4.0, 5.0, 6.0, 7.0, 8.0, 9.0, 10.0]
log_motor_var 	 [8.12501049041748]
sigma_logit 	 [-1.0, -2.0, -3.0, -4.0, -5.0, -6.0, -7.0, -8.0, -9.0, -10.0]
mixture_logit 	 [-5.160216331481934]
prior 	 [0.0024999999441206455, 0.0024999999441206455, 0.0024999999441206455, 0.0024999999441206455, 0.0024999999441206455, 0.0024999999441206455, 0.0024999999441206455, 0.0024999999441206455, 0.0024999999441206455, 0.0024999999441206455, 0.0024999999441206455, 0.0024999999441206455, 0.0024999999441206455, 0.0024999999441206455, 0.0024999999441206455, 0.0024999999441206455, 0.0024999999441206455, 0.0024999999441206455, 0.0024999999441206455, 0.0024999999441206455, 0.0024999999441206455, 0.0024999999441206455, 0.0024999999441206455, 0.0024999999441206455, 0.0024999999441206455, 0.0024999999441206455, 0.0024999999441206455, 0.0024999999441206455, 0.0024999999441206455, 0.0024999999441206455, 0.0024999999441206455, 0.0024999999441206455, 0.0024999999441206455, 0.0024999999441206455, 0.0024999999441206455, 0.0024999999441206455, 0.0024999999441206455, 0.0024999999441206455, 0.0024999999441206455, 0.0024999999441206455, 0.0024999999441206455, 0.0024999999441206455, 0.0024999999441206455, 0.0024999999441206455, 0.0024999999441206455, 0.0024999999441206455, 0.0024999999441206455, 0.0024999999441206455, 0.0024999999441206455, 0.0024999999441206455, 0.0024999999441206455, 0.0024999999441206455, 0.0024999999441206455, 0.0024999999441206455, 0.0024999999441206455, 0.0024999999441206455, 0.0024999999441206455, 0.0024999999441206455, 0.0024999999441206455, 0.0024999999441206455, 0.0024999999441206455, 0.0024999999441206455, 0.0024999999441206455, 0.0024999999441206455, 0.0024999999441206455, 0.0024999999441206455, 0.0024999999441206455, 0.0024999999441206455, 0.0024999999441206455, 0.0024999999441206455, 0.0024999999441206455, 0.0024999999441206455, 0.0024999999441206455, 0.0024999999441206455, 0.0024999999441206455, 0.0024999999441206455, 0.0024999999441206455, 0.0024999999441206455, 0.0024999999441206455, 0.0024999999441206455, 0.0024999999441206455, 0.0024999999441206455, 0.0024999999441206455, 0.0024999999441206455, 0.0024999999441206455, 0.0024999999441206455, 0.0024999999441206455, 0.0024999999441206455, 0.0024999999441206455, 0.0024999999441206455, 0.0024999999441206455, 0.0024999999441206455, 0.0024999999441206455, 0.0024999999441206455, 0.0024999999441206455, 0.0024999999441206455, 0.0024999999441206455, 0.0024999999441206455, 0.0024999999441206455, 0.0024999999441206455, 0.0024999999441206455, 0.0024999999441206455, 0.0024999999441206455, 0.0024999999441206455, 0.0024999999441206455, 0.0024999999441206455, 0.0024999999441206455, 0.0024999999441206455, 0.0024999999441206455, 0.0024999999441206455, 0.0024999999441206455, 0.0024999999441206455, 0.0024999999441206455, 0.0024999999441206455, 0.0024999999441206455, 0.0024999999441206455, 0.0024999999441206455, 0.0024999999441206455, 0.0024999999441206455, 0.0024999999441206455, 0.0024999999441206455, 0.0024999999441206455, 0.0024999999441206455, 0.0024999999441206455, 0.0024999999441206455, 0.0024999999441206455, 0.0024999999441206455, 0.0024999999441206455, 0.0024999999441206455, 0.0024999999441206455, 0.0024999999441206455, 0.0024999999441206455, 0.0024999999441206455, 0.0024999999441206455, 0.0024999999441206455, 0.0024999999441206455, 0.0024999999441206455, 0.0024999999441206455, 0.0024999999441206455, 0.0024999999441206455, 0.0024999999441206455, 0.0024999999441206455, 0.0024999999441206455, 0.0024999999441206455, 0.0024999999441206455, 0.0024999999441206455, 0.0024999999441206455, 0.0024999999441206455, 0.0024999999441206455, 0.0024999999441206455, 0.0024999999441206455, 0.0024999999441206455, 0.0024999999441206455, 0.0024999999441206455, 0.0024999999441206455, 0.0024999999441206455, 0.0024999999441206455, 0.0024999999441206455, 0.0024999999441206455, 0.0024999999441206455, 0.0024999999441206455, 0.0024999999441206455, 0.0024999999441206455, 0.0024999999441206455, 0.0024999999441206455, 0.0024999999441206455, 0.0024999999441206455, 0.0024999999441206455, 0.0024999999441206455, 0.0024999999441206455, 0.0024999999441206455, 0.0024999999441206455, 0.0024999999441206455, 0.0024999999441206455, 0.0024999999441206455, 0.0024999999441206455, 0.0024999999441206455, 0.0024999999441206455, 0.0024999999441206455, 0.0024999999441206455, 0.0024999999441206455, 0.0024999999441206455, 0.0024999999441206455, 0.0024999999441206455, 0.0024999999441206455, 0.0024999999441206455, 0.0024999999441206455, 0.0024999999441206455, 0.0024999999441206455, 0.0024999999441206455, 0.0024999999441206455, 0.0024999999441206455, 0.0024999999441206455, 0.0024999999441206455, 0.0024999999441206455, 0.0024999999441206455, 0.0024999999441206455, 0.0024999999441206455, 0.0024999999441206455, 0.0024999999441206455, 0.0024999999441206455, 0.0024999999441206455, 0.0024999999441206455, 0.0024999999441206455, 0.0024999999441206455, 0.0024999999441206455, 0.0024999999441206455, 0.0024999999441206455, 0.0024999999441206455, 0.0024999999441206455, 0.0024999999441206455, 0.0024999999441206455, 0.0024999999441206455, 0.0024999999441206455, 0.0024999999441206455, 0.0024999999441206455, 0.0024999999441206455, 0.0024999999441206455, 0.0024999999441206455, 0.0024999999441206455, 0.0024999999441206455, 0.0024999999441206455, 0.0024999999441206455, 0.0024999999441206455, 0.0024999999441206455, 0.0024999999441206455, 0.0024999999441206455, 0.0024999999441206455, 0.0024999999441206455, 0.0024999999441206455, 0.0024999999441206455, 0.0024999999441206455, 0.0024999999441206455, 0.0024999999441206455, 0.0024999999441206455, 0.0024999999441206455, 0.0024999999441206455, 0.0024999999441206455, 0.0024999999441206455, 0.0024999999441206455, 0.0024999999441206455, 0.0024999999441206455, 0.0024999999441206455, 0.0024999999441206455, 0.0024999999441206455, 0.0024999999441206455, 0.0024999999441206455, 0.0024999999441206455, 0.0024999999441206455, 0.0024999999441206455, 0.0024999999441206455, 0.0024999999441206455, 0.0024999999441206455, 0.0024999999441206455, 0.0024999999441206455, 0.0024999999441206455, 0.0024999999441206455, 0.0024999999441206455, 0.0024999999441206455, 0.0024999999441206455, 0.0024999999441206455, 0.0024999999441206455, 0.0024999999441206455, 0.0024999999441206455, 0.0024999999441206455, 0.0024999999441206455, 0.0024999999441206455, 0.0024999999441206455, 0.0024999999441206455, 0.0024999999441206455, 0.0024999999441206455, 0.0024999999441206455, 0.0024999999441206455, 0.0024999999441206455, 0.0024999999441206455, 0.0024999999441206455, 0.0024999999441206455, 0.0024999999441206455, 0.0024999999441206455, 0.0024999999441206455, 0.0024999999441206455, 0.0024999999441206455, 0.0024999999441206455, 0.0024999999441206455, 0.0024999999441206455, 0.0024999999441206455, 0.0024999999441206455, 0.0024999999441206455, 0.0024999999441206455, 0.0024999999441206455, 0.0024999999441206455, 0.0024999999441206455, 0.0024999999441206455, 0.0024999999441206455, 0.0024999999441206455, 0.0024999999441206455, 0.0024999999441206455, 0.0024999999441206455, 0.0024999999441206455, 0.0024999999441206455, 0.0024999999441206455, 0.0024999999441206455, 0.0024999999441206455, 0.0024999999441206455, 0.0024999999441206455, 0.0024999999441206455, 0.0024999999441206455, 0.0024999999441206455, 0.0024999999441206455, 0.0024999999441206455, 0.0024999999441206455, 0.0024999999441206455, 0.0024999999441206455, 0.0024999999441206455, 0.0024999999441206455, 0.0024999999441206455, 0.0024999999441206455, 0.0024999999441206455, 0.0024999999441206455, 0.0024999999441206455, 0.0024999999441206455, 0.0024999999441206455, 0.0024999999441206455, 0.0024999999441206455, 0.0024999999441206455, 0.0024999999441206455, 0.0024999999441206455, 0.0024999999441206455, 0.0024999999441206455, 0.0024999999441206455, 0.0024999999441206455, 0.0024999999441206455, 0.0024999999441206455, 0.0024999999441206455, 0.0024999999441206455, 0.0024999999441206455, 0.0024999999441206455, 0.0024999999441206455, 0.0024999999441206455, 0.0024999999441206455, 0.0024999999441206455, 0.0024999999441206455, 0.0024999999441206455, 0.0024999999441206455, 0.0024999999441206455, 0.0024999999441206455, 0.0024999999441206455, 0.0024999999441206455, 0.0024999999441206455, 0.0024999999441206455, 0.0024999999441206455, 0.0024999999441206455, 0.0024999999441206455, 0.0024999999441206455, 0.0024999999441206455, 0.0024999999441206455, 0.0024999999441206455, 0.0024999999441206455, 0.0024999999441206455, 0.0024999999441206455, 0.0024999999441206455, 0.0024999999441206455, 0.0024999999441206455, 0.0024999999441206455, 0.0024999999441206455, 0.0024999999441206455, 0.0024999999441206455, 0.0024999999441206455, 0.0024999999441206455, 0.0024999999441206455, 0.0024999999441206455, 0.0024999999441206455, 0.0024999999441206455, 0.0024999999441206455, 0.0024999999441206455, 0.0024999999441206455, 0.0024999999441206455, 0.0024999999441206455, 0.0024999999441206455, 0.0024999999441206455, 0.0024999999441206455, 0.0024999999441206455, 0.0024999999441206455, 0.0024999999441206455, 0.0024999999441206455, 0.0024999999441206455, 0.0024999999441206455, 0.0024999999441206455, 0.0024999999441206455, 0.0024999999441206455, 0.0024999999441206455, 0.0024999999441206455, 0.0024999999441206455, 0.0024999999441206455, 0.0024999999441206455, 0.0024999999441206455, 0.0024999999441206455, 0.0024999999441206455, 0.0024999999441206455, 0.0024999999441206455]
volume 	 [-4.574504852294922, -4.574588775634766, -4.5748419761657715, -4.575263500213623, -4.575854301452637, -4.576613426208496, -4.577541351318359, -4.578638076782227, -4.579903602600098, -4.581337928771973, -4.582940578460693, -4.584712505340576, -4.586652755737305, -4.588761806488037, -4.591040134429932, -4.593486309051514, -4.596101760864258, -4.598886013031006, -4.6018385887146, -4.6049604415893555, -4.608250617980957, -4.6117095947265625, -4.615336894989014, -4.619133472442627, -4.623098850250244, -4.627232551574707, -4.631535053253174, -4.6360063552856445, -4.640646457672119, -4.6454548835754395, -4.650432586669922, -4.65557861328125, -4.660893440246582, -4.666377067565918, -4.6720290184021, -4.677849769592285, -4.683839797973633, -4.689997673034668, -4.696324825286865, -4.702820301055908, -4.709484577178955, -4.716317176818848, -4.723319053649902, -4.7304887771606445, -4.737827777862549, -4.745335102081299, -4.753011226654053, -4.760855674743652, -4.768868923187256, -4.777050971984863, -4.785400867462158, -4.793920040130615, -4.802607536315918, -4.811463356018066, -4.820487976074219, -4.829680919647217, -4.839042663574219, -4.848572731018066, -4.858270645141602, -4.868137836456299, -4.878172874450684, -4.888376235961914, -4.898748397827148, -4.90928840637207, -4.919997215270996, -4.930873870849609, -4.941918849945068, -4.953132152557373, -4.964513301849365, -4.976062774658203, -4.9877800941467285, -4.9996657371521, -5.011719226837158, -5.023940563201904, -5.036329746246338, -5.048886775970459, -5.061611175537109, -5.0745038986206055, -5.087563514709473, -5.100790977478027, -5.114185810089111, -5.127748012542725, -5.141477108001709, -5.155373573303223, -5.169436931610107, -5.183667182922363, -5.198063850402832, -5.212627410888672, -5.227357387542725, -5.24225378036499, -5.257315635681152, -5.272543907165527, -5.287937641143799, -5.303497314453125, -5.319221496582031, -5.335111141204834, -5.351165771484375, -5.367384910583496, -5.383767604827881, -5.400314807891846, -5.417025566101074, -5.43389892578125, -5.4509358406066895, -5.46813440322876, -5.485495090484619, -5.503017425537109, -5.520700931549072, -5.538544178009033, -5.55654764175415, -5.574710369110107, -5.593031883239746, -5.611510753631592, -5.6301469802856445, -5.648939609527588, -5.6678876876831055, -5.686989784240723, -5.7062458992004395, -5.725654125213623, -5.745213985443115, -5.764924049377441, -5.784782409667969, -5.804789066314697, -5.824941158294678, -5.845237731933594, -5.8656768798828125, -5.886257648468018, -5.90697717666626, -5.927833557128906, -5.948824882507324, -5.969948768615723, -5.991203308105469, -6.012584686279297, -6.034090518951416, -6.055717945098877, -6.0774641036987305, -6.099325180053711, -6.121297359466553, -6.143377304077148, -6.165559768676758, -6.187841892242432, -6.210216999053955, -6.232682704925537, -6.255231857299805, -6.277858257293701, -6.300557613372803, -6.32332181930542, -6.3461456298828125, -6.369020462036133, -6.391939640045166, -6.414894104003906, -6.437876224517822, -6.460875988006592, -6.483883380889893, -6.506889343261719, -6.529881477355957, -6.552849769592285, -6.575780868530273, -6.598662376403809, -6.6214799880981445, -6.64422082901001, -6.666868686676025, -6.689408302307129, -6.711822986602783, -6.734094619750977, -6.756206512451172, -6.778137683868408, -6.799869537353516, -6.821380615234375, -6.842649459838867, -6.863653659820557, -6.884369373321533, -6.904772758483887, -6.924839496612549, -6.94454288482666, -6.9638566970825195, -6.982754230499268, -7.0012078285217285, -7.019188404083252, -7.036668300628662, -7.053618431091309, -7.070009231567383, -7.085811138153076, -7.1009955406188965, -7.115532398223877, -7.129393577575684, -7.142550468444824, -7.154974937438965, -7.166640281677246, -7.177519798278809, -7.187589645385742, -7.19682502746582, -7.205204963684082, -7.212707996368408, -7.219316482543945, -7.225012302398682, -7.2297821044921875, -7.233612537384033, -7.236495018005371, -7.238420486450195, -7.239384651184082, -7.239384651184082, -7.238420486450195, -7.236495018005371, -7.233612537384033, -7.2297821044921875, -7.225012302398682, -7.219316005706787, -7.212707996368408, -7.205204963684082, -7.1968255043029785, -7.187589645385742, -7.177520275115967, -7.166640281677246, -7.154974937438965, -7.142550468444824, -7.129394054412842, -7.115532398223877, -7.1009955406188965, -7.085811138153076, -7.070009231567383, -7.053618431091309, -7.036668300628662, -7.01918888092041, -7.0012078285217285, -6.982754707336426, -6.9638566970825195, -6.94454288482666, -6.924839496612549, -6.904772758483887, -6.884369850158691, -6.863653659820557, -6.842649459838867, -6.821380615234375, -6.799869537353516, -6.778138160705566, -6.756206512451172, -6.734095096588135, -6.711822986602783, -6.689408779144287, -6.666868686676025, -6.644221305847168, -6.6214799880981445, -6.598662376403809, -6.575780868530273, -6.552849769592285, -6.529881954193115, -6.506889343261719, -6.483883857727051, -6.460875988006592, -6.4378767013549805, -6.4148945808410645, -6.391939640045166, -6.369020938873291, -6.3461456298828125, -6.323322296142578, -6.300557613372803, -6.277858734130859, -6.255231857299805, -6.232683181762695, -6.2102179527282715, -6.187841892242432, -6.165560245513916, -6.143377304077148, -6.121297836303711, -6.099325180053711, -6.077464580535889, -6.055718421936035, -6.034090518951416, -6.012584686279297, -5.991203308105469, -5.969948768615723, -5.948824882507324, -5.9278340339660645, -5.906977653503418, -5.886257648468018, -5.865677356719971, -5.845238208770752, -5.8249406814575195, -5.804789066314697, -5.784782886505127, -5.7649245262146, -5.745213985443115, -5.725654602050781, -5.7062458992004395, -5.686989784240723, -5.6678876876831055, -5.648940086364746, -5.630147457122803, -5.611510753631592, -5.593031883239746, -5.574710845947266, -5.556548118591309, -5.538544178009033, -5.520700931549072, -5.503017902374268, -5.485495090484619, -5.46813440322876, -5.4509358406066895, -5.433899402618408, -5.417025566101074, -5.400314807891846, -5.383768081665039, -5.367384433746338, -5.351165771484375, -5.335111618041992, -5.3192219734191895, -5.303497314453125, -5.287937641143799, -5.272543907165527, -5.257315635681152, -5.24225378036499, -5.227357387542725, -5.21262788772583, -5.198063850402832, -5.183667182922363, -5.169436931610107, -5.155374050140381, -5.141477108001709, -5.127748012542725, -5.1141862869262695, -5.100790977478027, -5.087563514709473, -5.0745038986206055, -5.061611652374268, -5.048886775970459, -5.036329746246338, -5.0239410400390625, -5.011719226837158, -4.9996657371521, -4.987780570983887, -4.976063251495361, -4.964513301849365, -4.953132152557373, -4.941918849945068, -4.930873870849609, -4.919997215270996, -4.90928840637207, -4.898748397827148, -4.888376235961914, -4.878172874450684, -4.868137836456299, -4.85827112197876, -4.848572731018066, -4.839042663574219, -4.829681396484375, -4.820487976074219, -4.811463832855225, -4.802607536315918, -4.793920040130615, -4.785400867462158, -4.777050971984863, -4.768868923187256, -4.760855674743652, -4.753011226654053, -4.745335102081299, -4.737827777862549, -4.7304887771606445, -4.723319053649902, -4.716317176818848, -4.709484577178955, -4.702820301055908, -4.696324825286865, -4.689997673034668, -4.683839797973633, -4.677850246429443, -4.672029495239258, -4.666377067565918, -4.660893440246582, -4.65557861328125, -4.650432586669922, -4.6454548835754395, -4.640646457672119, -4.6360063552856445, -4.631535530090332, -4.627232551574707, -4.623098850250244, -4.619133472442627, -4.615336894989014, -4.6117095947265625, -4.608250617980957, -4.6049604415893555, -4.6018385887146, -4.598886013031006, -4.596101760864258, -4.593486309051514, -4.591040134429932, -4.588761806488037, -4.586652755737305, -4.584712505340576, -4.582940578460693, -4.581337928771973, -4.579903602600098, -4.578638076782227, -4.577541351318359, -4.576613426208496, -4.575854301452637, -4.575263500213623, -4.5748419761657715, -4.574588775634766, -4.574504852294922]
loss_function_weights_cosine 	 [-1.0, 0.0, 0.0, 0.0, 0.0, 0.0, 0.0, 0.0, 0.0, 0.0]
loss_function_weights_sine 	 [0.0, 0.4000000059604645, -0.25999999046325684, 0.0, 0.0, 0.0, 0.0, 0.0, 0.0, 0.0]
=======
4 1.7175 1.2693
6 1.29 1.5554
6 1.7325 1.7265
4 0.615 1.0942
5 2.4375 2.4746
6 2.4675 2.3597
7 1.9575 2.1212
7 0.48 0.4006
5 1.56 1.9694
5 0.9825 1.2354
5 0.75 0.5259
4 2.8575 2.7915
6 2.9925 2.9138
7 0.135 0.1978
7 2.58 2.6433
5 1.8075 1.252
4 1.1475 1.0325
7 0.8475 1.126
4 2.025 0.6732
5 1.3725 1.3367
7 2.055 2.2225
7 1.9875 1.6752
6 0.3975 0.3409
5 2.3025 1.6536
6 2.9475 2.9665
6 2.91 2.9728
4 1.8375 1.6363
5 0.135 0.0835
7 0.015 -0.0184
6 0.405 0.509
7 2.82 2.7366
4 0.9075 1.3751
5 1.095 0.5682
5 2.6925 2.7406
7 0.945 0.9752
4 1.65 1.6703
5 1.305 1.4958
4 0.195 0.267
6 1.755 1.7114
4 2.535 2.352
4 0.4725 0.4033
4 0.675 1.5754
5 1.2375 1.2378
4 0.1125 0.0623
7 1.4925 1.8327
5 2.4525 2.6287
7 1.9725 2.2018
7 1.5975 1.4791
5 2.565 2.4104
5 0.45 0.4086
4 1.7025 1.6291
4 1.125 1.6126
6 1.8075 1.4652
7 0.3375 0.4105
5 2.325 2.2678
5 0.2925 0.4313
6 0.5025 0.5709
4 2.4225 2.456
6 2.8425 2.7769
5 1.2975 1.7828
6 1.245 1.806
6 0.735 0.7752
7 0.825 0.8347
4 1.8525 1.7541
5 0.5325 0.6799
7 0.36 0.2826
6 1.365 1.9321
5 0.495 0.4573
6 1.9425 1.7241
4 2.46 2.0952
5 2.3325 2.2967
4 1.44 1.7339
4 1.0425 0.8074
4 1.305 2.0144
6 0.015 0.0846
7 2.1375 2.2442
7 0.9975 1.1592
5 0.96 1.0668
4 0.24 0.2
7 1.3425 1.1956
7 1.7475 1.4585
4 1.17 0.7844
7 2.61 2.5417
7 2.0175 1.6936
7 0.7275 0.6346
5 1.575 1.7495
6 2.73 2.6682
6 1.56 1.5
6 1.8075 1.4912
6 0.1875 0.1945
7 1.47 1.4686
6 1.3875 1.5773
5 1.2 1.5232
4 1.26 1.0822
4 1.755 1.378
5 1.6125 1.7616
4 1.47 1.4579
4 0.495 0.5417
4 1.3275 1.9212
5 2.9025 2.9418
6 1.245 1.3611
4 0.105 0.1485
6 0.0075 -0.0234
4 1.605 2.0985
5 0.15 0.1606
4 0.2775 0.2361
4 0.33 0.3528
7 1.365 2.0271
7 2.9775 2.8867
5 1.455 1.7981
5 1.3725 1.5947
4 1.3125 0.969
6 1.5 1.8787
5 1.3425 1.5912
6 2.175 2.2065
7 2.6925 2.6486
6 2.0925 1.9396
7 1.2675 1.4999
5 1.95 1.623
6 2.73 2.6451
6 0.4575 0.3689
5 0.7125 0.9247
4 1.86 1.7121
4 2.0625 1.8017
6 1.9275 1.8132
7 1.7625 1.4407
6 2.49 2.36
5 1.44 1.1975
6 2.4225 2.4604
5 2.8875 2.9954
5 1.305 1.4828
4 2.58 2.5506
5 2.1525 1.9174
7 2.6625 2.7042
4 0.135 0.1834
6 2.7375 2.7111
4 2.3025 2.3258
5 2.8875 2.892
7 2.9475 2.9686
7 0.855 0.9943
4 2.01 1.4208
4 0.4275 0.534
7 1.785 1.6072
7 2.76 2.67
4 0.5775 1.2807
7 1.05 0.872
6 0.24 0.3074
6 0.585 0.5337
5 0.6225 0.3654
4 0.285 0.2223
6 2.9925 2.972
5 2.6625 2.5455
7 1.395 1.24
6 2.2275 2.1255
5 2.085 1.9301
5 1.5675 1.7077
4 1.2675 1.7963
7 1.995 1.5645
6 1.665 1.4253
5 0.795 0.8191
6 1.095 1.2501
6 1.8825 1.7414
5 1.8825 1.5583
5 0.63 0.7356
5 1.83 1.4972
5 2.625 2.5187
4 2.6175 2.5833
4 1.9575 1.2099
7 0.21 0.3328
5 1.2675 1.7741
5 0.27 0.3317
5 0.165 -0.0258
5 0.765 0.9413
7 1.3725 1.6933
5 2.28 1.8333
4 1.89 1.931
5 0.8475 1.1754
5 2.085 1.7527
6 1.5225 1.4039
6 1.5225 1.7723
4 0.7875 1.104
6 1.3275 1.6109
5 1.0275 0.8311
6 2.1825 2.1752
5 1.4475 1.521
7 1.3425 0.8625
5 1.4325 2.0417
6 1.44 1.3122
4 2.07 1.8505
6 2.16 1.3872
7 2.4 2.4294
5 1.215 1.515
5 2.3775 2.4651
5 2.895 2.9394
5 2.9775 2.9524
5 2.16 1.8242
5 0.195 0.1098
5 2.5425 2.4477
5 2.5125 2.5696
4 0.0525 0.149
4 0.9825 1.3645
4 0.9675 1.4147
7 2.22 2.2056
7 1.83 1.7102
6 0.8475 1.4474
5 0.5625 0.7439
6 0.5025 0.4779
5 0.285 0.2479
7 2.37 2.3489
5 2.805 2.883
5 0.66 1.0113
6 2.235 2.3139
5 2.85 3.0392
6 0.5775 0.6695
7 1.7175 1.4783
5 1.32 0.9529
5 2.925 2.8291
7 2.61 2.6056
7 0.045 0.0349
4 0.6075 0.6245
4 2.5425 2.524
7 1.725 1.759
7 1.5675 1.7432
5 2.43 1.8871
4 2.295 2.3332
5 2.865 2.9009
5 0.9825 1.3473
6 0.1425 0.04
6 2.0775 2.1083
7 0.15 0.2319
6 1.695 1.573
7 2.58 2.5147
4 1.1925 1.73
5 1.8 1.7738
4 0.5175 0.6894
5 0.4725 0.3172
5 1.815 1.4703
4 2.595 2.6062
5 2.9925 3.0604
5 0.09 0.0971
7 2.76 2.7645
6 1.53 1.7387
4 1.05 1.5449
7 1.1925 1.337
6 1.7325 1.3334
5 1.0425 1.4079
4 0.435 0.188
4 2.595 2.538
4 2.1225 2.2303
5 1.83 1.228
6 2.1675 1.7234
6 2.955 2.9821
7 0.525 0.0432
4 2.475 2.6664
5 2.4675 2.544
4 1.0275 1.9992
7 1.68 2.5426
7 1.3725 1.8999
4 0.585 0.6463
6 1.2975 1.4607
5 0.4575 0.5016
4 2.7975 2.6211
5 0.5625 0.3533
6 1.905 1.9293
4 1.71 1.2628
7 2.925 2.9307
5 2.3775 2.39
5 1.08 0.8742
6 1.125 0.9887
5 0.15 0.187
4 0.1575 0.1891
4 0.93 0.5812
6 2.85 2.8214
6 0.15 0.1532
6 0.5325 0.4768
6 1.905 1.1462
4 1.08 1.786
5 0.555 0.6313
4 2.8425 2.7723
7 0.1275 0.1554
5 1.7925 1.8847
6 1.29 1.3805
5 1.035 1.0977
5 0.585 0.8299
6 0.4875 0.5758
7 1.215 1.1406
7 2.2575 2.3584
4 1.4025 1.5179
5 2.3325 2.3098
4 2.6325 2.5143
4 0.5175 1.1251
7 2.64 2.5906
5 1.7475 1.6917
7 1.26 1.3455
7 1.5375 1.5645
5 2.67 2.8565
4 1.1775 1.4661
6 0.285 0.1143
7 2.88 2.8665
4 0.3525 0.2551
7 0.3225 0.2267
4 2.1675 1.5025
5 0.93 1.3691
5 0.87 0.8694
6 1.95 1.7373
5 2.6775 2.6351
4 1.035 1.6237
4 2.7225 2.1728
4 1.86 2.0302
5 1.8225 1.7823
6 1.5975 1.6974
5 0.0375 0.0039
7 0.4725 0.5172
5 2.0325 1.8363
6 2.0775 1.9377
7 0.2925 0.1804
6 1.9125 1.7711
7 1.425 1.0235
7 1.7325 1.4401
6 1.2 1.2254
6 0.6525 0.5642
5 1.065 1.3042
5 2.91 2.8807
6 0.5625 0.8806
6 2.5875 2.585
5 1.59 2.0377
5 0.225 0.3781
6 2.43 2.3914
6 0.0525 0.0332
5 2.5125 2.5142
5 1.0125 1.6153
7 2.7525 2.7208
6 2.1825 1.9732
4 1.0725 1.0742
6 1.875 1.6115
6 2.9625 2.8615
7 0.51 0.5347
5 0.615 0.6088
4 0.87 0.9173
7 2.46 2.447
4 0.7425 0.3162
6 0.7425 0.8921
5 1.845 1.5774
7 1.755 1.4373
7 1.2525 1.4697
7 1.65 1.6842
4 0.09 0.1833
6 0.015 0.0466
5 0.0825 0.03
6 0.165 0.1179
6 2.31 2.316
7 2.94 2.9051
7 0.375 0.4008
7 1.155 1.2564
4 0.045 0.0965
7 1.305 1.3649
6 1.9875 2.2897
5 1.875 1.468
6 2.7075 2.6656
7 1.6575 1.9521
4 0.1575 0.3945
6 1.1325 1.3657
6 1.38 1.434
7 1.005 1.5174
4 0.105 0.2317
4 1.8825 1.6745
6 1.47 1.9397
4 2.13 1.4476
5 1.095 1.4425
5 0.21 0.2268
7 0.795 0.7359
7 0.525 0.5001
7 1.38 1.3362
4 0.4575 0.6176
7 0.2325 0.258
5 1.575 0.9531
4 0.42 0.7599
6 0.315 0.302
6 0.36 0.4038
7 2.115 2.0383
4 2.4225 2.4939
7 2.43 2.371
6 1.725 1.7751
7 1.905 1.7738
6 2.2575 2.3149
6 1.2825 1.2533
7 1.53 1.6526
4 2.1375 1.581
7 1.905 1.92
5 1.83 1.7063
6 1.9425 1.805
5 1.605 1.9936
7 0.645 0.6756
7 0.915 1.1957
4 2.0775 2.1207
4 1.26 1.6929
6 2.5725 2.5864
6 1.125 1.5845
4 2.01 1.5927
4 0.345 0.7004
5 0.9 2.175
4 2.55 2.2358
6 0.525 0.5742
6 1.875 1.7959
5 0.0825 0.0406
6 1.83 1.3372
4 1.3575 1.819
7 2.7 2.604
5 2.475 2.347
6 2.3175 2.4125
6 1.0125 1.4586
7 2.01 1.8388
6 0.465 0.694
6 1.47 1.3955
5 1.17 1.7267
6 1.41 1.284
6 0.825 0.8507
5 0.6375 1.4741
7 1.56 1.5773
7 1.9575 1.4476
6 1.6875 1.6285
6 2.8575 2.8634
5 1.6725 1.6345
6 0.45 0.3843
7 1.9275 2.0019
5 0.9525 0.8317
5 2.8125 2.6503
5 0.39 0.2905
7 1.3725 1.2525
4 2.0175 1.6318
6 2.91 2.9546
7 1.5675 1.5525
6 1.14 1.2205
4 2.3325 2.2138
6 2.3625 2.4539
6 2.7375 2.6998
5 2.1675 2.0157
7 0.3825 0.3925
4 2.9775 2.8577
6 2.79 2.7334
4 1.305 1.5183
6 1.98 1.5067
5 2.505 2.3698
6 2.7525 2.7533
4 2.1675 1.8287
5 0.27 0.286
5 0.2025 0.223
5 1.1025 1.4181
6 1.365 1.8658
7 0.9375 1.2429
6 2.25 2.2129
4 2.2875 2.6636
5 1.2 1.7578
5 2.0925 2.1511
6 0.5775 0.6429
4 2.8575 2.788
4 0.7275 1.0585
5 0.465 0.1895
7 1.1475 1.4583
4 2.5875 2.8555
4 1.7925 1.6778
5 2.055 1.3881
4 2.4525 2.6528
7 1.155 1.1516
4 2.88 2.9133
7 2.9625 2.9828
6 1.605 1.4488
7 2.25 2.2316
4 2.565 2.8176
7 1.7775 1.7765
5 0.39 0.6799
7 1.9725 1.8786
4 1.365 1.1623
7 2.565 2.5157
6 0.63 0.7089
7 0.0375 0.0875
5 0.54 0.761
4 0.51 1.1395
6 1.155 1.5616
7 0.6225 0.7977
6 1.005 1.3872
6 1.77 1.979
5 0.465 0.7528
4 1.455 1.4627
7 1.065 0.9062
5 0.015 0.141
4 2.025 1.5033
7 1.5075 1.5919
5 2.325 2.5269
6 2.6325 2.5338
7 0.1425 0.1805
5 2.145 1.8551
4 1.38 1.806
7 2.625 2.6489
7 0.345 0.2758
7 2.52 2.4743
4 1.29 1.9145
4 0.2775 0.3358
5 1.3875 1.2444
5 2.6325 2.7701
4 0.2175 0.4702
6 1.1325 1.3617
7 0.24 0.3308
5 0.0225 0.2296
5 2.4825 1.7202
7 1.65 1.5493
5 1.71 1.5736
6 2.7 2.7632
6 0.255 0.1268
5 2.835 2.8309
5 2.2575 2.4159
4 2.55 2.104
5 2.445 2.4828
4 1.185 2.0446
7 0.0675 0.1082
5 2.9925 2.9846
7 1.8975 1.6959
5 2.1375 2.0935
6 2.085 1.7028
5 0.9 0.6004
7 1.9725 1.9844
7 1.35 1.3844
5 0.6825 0.6821
5 1.5 1.8105
4 1.4025 2.0866
5 0.9075 1.409
7 2.25 2.1525
5 2.73 2.6299
7 1.7925 1.9372
6 0.0675 -0.0119
6 1.635 1.6454
5 1.89 1.5127
7 2.445 2.421
7 0.9075 1.0087
5 0.705 1.0199
6 1.1175 1.0349
7 0.48 0.5026
4 2.34 2.2354
5 0.0825 0.2088
7 1.695 1.5176
4 2.4975 2.4863
6 0.0975 0.0779
5 0.495 0.2768
4 2.9775 2.7996
6 0.9225 0.7802
4 2.3025 2.3659
4 0.0825 0.3156
5 1.4025 1.8184
4 0.1275 0.2305
7 0.735 0.6691
6 0.0525 0.0485
5 2.04 1.6368
4 1.365 1.6155
5 1.0575 0.727
6 1.26 1.3731
7 2.04 1.8993
4 0.78 0.6096
4 0.465 0.4041
6 0.1275 0.0808
7 1.965 1.7946
4 1.995 1.5496
6 0.72 1.1424
7 1.545 1.4787
5 2.91 2.9326
6 1.4175 1.4244
5 2.295 2.1851
4 1.05 1.3441
7 1.6575 1.8619
7 2.3325 2.295
5 2.0925 1.4879
5 1.7925 2.0505
5 0.885 1.2738
5 0.1725 0.2863
5 1.4475 1.2227
4 2.1675 1.6971
4 1.08 1.0486
5 2.1825 2.1138
5 1.41 1.5297
4 0.21 0.4104
5 1.74 2.7745
7 1.65 1.5557
4 0.9675 0.7281
4 0.6 0.8996
7 2.955 2.9973
6 1.755 1.8667
7 2.175 2.1333
4 0.1275 0.2288
7 2.1975 2.1378
7 0.4875 0.4396
4 1.4475 1.4327
5 1.1775 1.0506
7 1.17 1.1748
7 2.37 2.3334
6 0.6075 0.7919
6 2.835 2.8711
7 2.55 2.6018
5 1.4775 0.9805
5 2.625 2.4011
6 1.65 1.7865
7 2.7525 2.7685
4 1.4625 1.4168
5 2.9325 2.9358
6 2.235 2.2195
7 1.9725 1.7927
6 2.985 2.9579
4 2.085 1.6577
5 0.735 0.89
5 1.9425 1.2621
7 0.51 0.5076
4 1.215 1.4003
7 2.1075 2.0826
6 0.57 0.6573
7 1.2675 1.3151
6 0.69 0.9323
6 1.245 1.3618
6 0.6975 0.5246
4 2.1075 1.7523
4 2.505 2.2917
6 1.44 0.9583
4 2.1375 1.9513
5 2.265 1.597
4 2.4225 2.5126
6 2.4075 2.2598
7 1.9725 1.7935
5 2.2125 2.1198
6 2.19 2.0103
6 1.5675 1.6129
6 2.385 2.3762
4 0.57 0.5761
4 2.16 1.636
6 1.9125 1.7858
7 1.62 1.3132
6 1.815 1.6079
6 2.7525 2.8058
4 2.37 2.5503
5 2.07 1.6564
7 2.7 2.7552
7 2.6175 2.6506
5 0.9825 1.1073
6 2.58 2.5393
5 2.655 2.7657
7 1.7475 1.6086
6 2.775 2.7109
7 0.525 0.498
4 2.4075 1.8209
7 0.7275 0.6902
4 1.2 0.808
4 1.5225 1.6567
6 1.2675 1.44
7 1.5525 1.5018
4 0.2775 0.223
5 0.18 0.0996
5 2.175 2.3122
6 0.81 0.9088
6 0.8325 1.2514
7 2.1 1.8963
5 2.2725 1.7113
7 1.605 1.3976
6 2.4525 2.4277
4 1.05 2.0255
7 2.67 2.5941
5 1.9125 1.9892
6 2.5425 2.6295
6 2.445 2.3642
5 2.1 2.2328
4 2.775 2.647
5 2.265 1.7847
4 1.35 0.9297
4 0.3525 0.1965
7 1.2075 1.6456
4 1.845 1.6989
4 0.0675 0.0976
5 1.7925 1.6777
5 1.2225 1.9163
4 1.425 1.5324
4 0.195 0.4867
4 0.2325 0.2511
7 1.9425 2.1614
6 0.81 1.0546
7 0.465 0.5567
5 2.6025 2.7328
6 0.1725 0.1215
7 2.1075 2.1536
5 2.4675 2.1541
6 2.6925 2.6454
7 1.98 1.8193
6 0.1575 0.1334
6 1.3125 1.068
4 2.625 2.72
7 1.23 1.5962
6 1.605 1.5922
6 2.2275 1.91
6 1.7325 1.9427
4 1.08 1.1621
4 1.7775 0.9354
6 1.395 1.3394
6 0.9975 1.1988
6 0.21 0.1198
6 0.78 0.8466
7 2.985 3.0118
7 0.8775 0.8976
5 1.0425 1.1114
5 2.94 2.8892
4 0.3075 0.5861
5 0.7575 1.2624
4 1.1325 1.0309
4 1.395 1.0158
5 1.215 1.6093
4 0.825 0.9443
4 0.45 0.6509
4 1.665 1.4695
5 0.51 0.5753
5 0.0075 0.1441
6 2.28 2.0784
6 2.2875 2.3717
5 1.08 1.4269
4 2.6475 2.1875
5 0.48 0.4748
4 2.7 2.708
4 2.0475 1.9014
5 2.01 1.8593
5 0.15 0.1048
7 2.2875 2.4188
6 0.51 0.4888
6 1.605 1.3924
6 1.65 1.7352
6 0.18 0.1108
4 0.885 0.4509
6 2.76 2.6965
7 2.28 2.209
5 0.9225 1.2526
6 2.9325 2.9214
5 0.2175 0.1099
7 1.9575 1.794
4 2.4075 2.3094
5 2.5425 2.4027
6 1.9425 2.0354
5 2.22 1.5259
5 0.7425 1.1982
7 2.3475 2.2957
6 2.04 1.5373
6 1.725 2.1599
7 0.8025 0.7513
6 2.0175 1.4842
7 0.15 0.081
6 1.5075 1.6148
5 1.9725 1.7823
4 1.0125 1.209
6 1.8 2.045
5 0.165 0.0959
7 1.005 1.0882
5 1.47 0.9772
7 2.4825 2.5411
6 1.6125 1.4258
7 2.79 2.804
5 1.1175 1.0809
6 2.6775 2.6948
7 1.7475 1.8155
5 1.41 1.5579
5 0.5475 0.4764
7 2.4825 2.5904
7 2.385 2.2739
4 1.1625 1.2444
4 0.9675 1.0577
4 0.825 0.7539
6 1.02 1.6453
7 0.27 0.3261
6 2.565 2.5039
4 1.305 1.7345
7 0.5325 0.5426
6 2.0475 1.5968
7 0.525 0.4647
5 2.64 2.7221
4 0.015 0.1035
5 1.6575 0.7227
5 1.92 1.5684
7 1.0275 0.9659
6 0.5775 0.6154
4 2.7 2.6418
6 1.7775 1.7975
4 2.085 1.7236
4 0.495 0.4939
7 0.03 0.0271
7 2.7225 2.696
7 0.5625 0.495
7 0.165 0.1788
7 2.3325 2.3906
6 1.7025 1.6718
5 0.0525 0.1817
5 1.6725 1.9039
6 1.53 1.7044
7 2.7675 2.7855
5 1.77 1.8986
6 0.45 0.4139
6 1.875 1.6376
6 2.4 2.4684
7 2.9025 3.0038
4 0.93 1.6764
6 1.7325 1.1705
7 0.1425 0.1513
5 2.865 2.8224
7 0.4275 0.371
4 1.9575 1.987
5 2.565 2.6555
4 1.44 1.2113
6 2.9325 2.8709
7 1.2225 1.1578
7 1.7025 1.9326
6 2.5575 2.5903
6 0.0525 -0.0347
5 2.5875 2.4904
4 2.535 2.4871
4 0.495 0.0612
6 2.0925 2.0331
6 0.825 1.1262
7 0.5775 0.596
6 1.53 1.397
5 2.1375 2.0886
5 1.14 1.1294
4 1.02 1.3368
6 0.675 0.9658
4 1.725 1.7283
6 1.7475 1.3371
5 2.6025 2.5476
5 2.505 2.3185
5 0.0225 0.1744
7 0.4425 0.3776
7 0.3975 0.4194
7 0.8175 0.6848
6 2.2275 2.0086
5 1.47 1.3423
4 2.19 2.0159
4 2.5275 2.5323
7 1.11 0.9304
5 0.0075 0.0665
7 0.6375 0.5435
6 1.8525 1.5031
6 1.7175 1.5868
7 0.615 0.5235
5 2.265 1.6825
6 0.09 -0.0497
7 0.465 0.3824
5 1.5525 1.355
7 1.815 1.7876
7 2.7525 2.7169
5 1.155 1.3058
5 2.4375 2.6344
6 1.4175 1.622
4 0.9075 1.3238
7 2.8575 2.8759
7 1.485 1.48
5 2.1225 1.3961
5 0.8775 0.8308
7 2.655 2.6462
4 1.4325 1.284
5 0.1425 0.161
5 0.2025 0.156
5 1.0575 0.6154
5 1.2825 1.346
5 0.33 0.3774
7 2.55 2.4831
5 1.6725 1.7424
6 2.8425 2.8997
4 1.95 1.1527
4 2.4 2.4776
5 0.51 0.671
4 0.135 0.0556
4 0.6825 0.9244
6 1.26 1.3418
4 0.15 0.2765
7 2.7825 2.7555
5 0.9 0.7885
5 2.3775 2.1893
6 0.135 0.1826
6 2.55 2.5641
6 0.9975 1.4841
5 1.545 1.7478
6 1.83 2.1875
7 1.83 1.8818
7 0.885 1.0056
4 0.765 1.4416
7 1.1625 1.3588
5 1.665 1.4802
7 0.0 0.065
4 0.6825 1.0146
7 0.21 0.2
7 2.4975 2.5495
6 2.1 1.9917
6 2.4975 2.5224
5 2.01 2.173
5 0.105 0.2405
7 0.9825 0.9329
5 2.6475 2.533
7 1.4025 1.225
7 0.9675 1.1034
5 0.4725 0.4759
7 2.7375 2.7478
5 0.285 0.2131
4 1.08 1.4055
6 0.945 1.3718
5 1.9125 1.6246
6 2.7375 2.7081
5 2.22 2.2279
7 2.895 2.8742
4 0.855 1.5162
5 2.235 2.2587
4 2.1375 2.0528
6 0.1575 0.1864
4 1.725 1.556
5 2.6325 2.5714
5 0.09 0.2346
4 0.6825 0.7594
5 1.605 1.8452
6 1.8225 2.0066
7 1.635 1.1694
4 2.6475 2.5779
5 1.14 1.1533
7 1.9725 1.7972
5 1.635 1.6276
7 2.4675 2.3705
6 1.17 1.0981
4 2.76 2.2417
6 2.5425 2.7216
4 2.1675 1.689
4 2.745 2.7753
6 1.9875 2.0726
5 0.885 1.5785
7 2.88 2.9134
7 1.0575 1.1892
6 1.0425 1.288
7 1.8825 1.6229
6 1.5 1.383
4 2.9925 2.8665
5 1.245 1.7764
5 2.7975 2.811
6 1.35 1.5095
6 0.675 0.7426
4 1.605 1.4966
4 2.0175 1.7977
5 0.9 1.5222
5 1.7625 1.3305
6 1.3125 1.2718
4 0.0675 0.1619
6 0.195 0.249
5 1.14 1.1211
6 2.1 2.1826
7 0.4725 0.4269
6 2.8875 2.8997
7 1.0875 1.2231
6 0.3225 0.3792
7 0.5625 0.5622
6 2.76 2.8269
5 2.535 2.4835
6 1.9875 1.697
4 0.1725 0.266
5 1.9275 1.4247
4 0.0675 0.1414
5 0.705 0.7478
7 0.2025 0.2825
6 2.01 2.0471
7 2.46 2.4529
4 0.7875 1.176
5 2.985 2.9538
5 1.6275 1.3868
7 2.55 2.5492
4 0.5925 0.7565
6 2.3925 2.4199
5 1.89 1.3508
5 0.2325 0.2064
7 2.295 2.2684
5 2.295 1.7195
7 1.1325 1.4126
7 0.795 0.8975
5 0.225 0.3787
5 1.8075 1.0749
4 0.9 1.3926
4 0.6975 0.5534
4 1.35 1.8135
5 0.3825 0.322
7 1.98 1.7029
4 0.975 0.7301
7 0.885 0.8884
7 1.2975 1.2095
5 1.305 1.2279
4 1.305 0.9839
5 0.765 0.886
4 2.2575 2.4528
6 2.685 2.6742
4 1.695 1.9218
5 2.1675 2.1408
4 2.43 1.871
7 0.855 0.9146
6 2.61 2.584
5 1.71 1.7917
4 1.905 1.8255
7 1.6575 1.2911
5 2.655 2.7183
6 1.4775 1.4112
4 2.13 1.7031
7 0.78 0.7661
5 0.48 0.7066
4 1.62 1.8874
4 2.475 1.9917
4 0.435 0.28
6 2.175 2.0354
4 0.825 0.9442
7 0.3375 0.3274
5 2.43 2.3335
4 0.1725 0.1576
4 1.26 1.3609
5 1.965 1.5739
6 2.1075 1.9449
5 2.295 2.1735
5 0.3 0.1945
4 0.39 0.3346
6 0.915 1.0467
6 2.5275 2.5958
7 2.685 2.7389
4 1.2675 1.5229
7 0.8475 0.9922
7 1.845 2.019
5 1.29 1.3034
7 0.06 0.0543
5 1.8225 0.9474
6 2.7825 2.7471
7 1.995 2.111
6 2.175 2.0665
7 0.21 0.0571
7 1.8375 1.6844
4 2.82 2.8961
5 0.8175 0.8157
7 0.96 1.0292
5 0.75 1.3032
5 1.7925 1.4263
6 1.035 1.2424
7 2.55 2.6759
7 2.0325 2.0185
7 1.635 1.6319
4 2.2875 1.6204
6 0.6225 2.4598
6 0.75 0.8342
4 1.2675 1.1982
5 1.185 0.5442
5 1.32 1.1606
5 2.9625 2.9728
4 0.975 1.5622
6 2.5425 2.7119
4 2.4975 2.107
4 0.9525 0.9435
5 1.1775 0.9283
6 0.0675 0.0502
6 2.085 2.1332
6 1.455 1.535
6 0.51 0.5686
6 2.7075 2.7614
6 1.3425 1.1498
7 0.7275 0.8139
4 1.425 1.3095
6 0.51 0.5472
6 0.72 1.3758
6 1.935 1.4161
7 1.965 1.8377
6 0.315 0.2897
4 2.205 1.4598
4 2.3175 1.805
6 1.6125 1.2917
5 1.83 2.0054
4 1.83 1.7458
4 2.325 2.5809
5 2.1375 1.8447
4 2.355 2.1746
7 1.5525 1.3314
5 1.4025 1.6348
7 0.42 0.3454
7 2.0175 1.9789
4 1.9275 1.5489
5 2.31 2.1527
7 1.9425 1.9326
5 1.485 1.088
7 0.1725 0.1451
5 1.95 1.662
7 2.025 2.0621
6 0.405 0.4763
7 0.705 0.7871
6 1.3875 1.2408
5 0.3525 0.2311
5 2.985 2.9274
5 0.2175 0.3474
6 2.1 1.9684
7 2.6175 2.7352
5 0.18 0.2149
4 1.44 0.7952
4 1.32 1.0658
7 2.9325 3.0264
7 2.88 2.9003
5 1.7475 1.793
4 2.25 1.6797
4 2.6025 2.4046
4 0.3225 0.2101
7 0.33 0.3773
6 1.92 1.7785
7 2.7225 2.7705
6 2.13 2.099
5 2.7375 2.6367
7 0.495 0.4848
5 0.825 0.7972
6 0.57 0.6389
7 1.62 1.3095
7 2.8725 2.8798
4 0.6 1.341
4 1.335 1.4275
7 1.4025 1.305
6 1.6425 1.2094
6 0.9 0.9386
7 1.3425 1.4364
6 0.0 0.054
6 0.0075 0.065
6 1.575 1.9888
5 0.315 0.3678
6 1.83 1.654
6 1.23 1.1464
5 1.2975 1.3414
7 0.8925 0.7785
4 2.5875 2.804
7 1.035 1.0567
4 2.595 2.64
7 0.195 0.1267
7 1.8975 1.8772
4 0.555 1.4715
5 2.775 2.873
7 0.135 0.1981
4 2.4975 2.3224
6 2.3025 2.4138
6 1.1925 1.3716
4 0.195 -0.0128
5 2.1225 1.6768
6 2.175 2.2623
7 2.3775 2.464
5 2.04 1.64
6 2.4675 2.5297
7 1.1925 1.3558
6 1.9425 1.8569
6 2.7075 2.5131
5 0.8775 1.0364
7 0.6825 0.8501
6 0.9075 0.845
6 0.0525 0.0812
5 2.5275 2.4297
7 0.525 0.6547
5 0.0225 0.168
7 0.7875 0.6039
5 1.41 1.3787
6 2.7075 2.6129
7 1.05 1.2251
4 2.595 1.8876
5 2.79 2.8682
6 2.9625 3.0547
7 1.755 1.8302
7 1.9725 1.7799
7 1.6575 1.5775
6 2.3625 2.3872
7 2.0625 1.7868
5 0.3075 0.158
7 1.23 1.0175
7 2.5575 2.4721
4 1.2675 1.1641
5 2.3625 2.1209
4 2.535 2.6325
7 2.3175 2.4068
7 2.1825 1.8631
6 0.9975 1.1956
5 1.5075 1.7874
5 2.5125 2.4064
5 1.305 1.5623
4 1.725 1.4362
5 0.15 0.0807
6 1.3125 1.3074
6 1.5 1.4876
5 0.4725 0.5148
7 1.1625 1.1931
4 0.2325 0.3985
4 2.9025 2.9324
6 0.42 0.3794
5 2.1525 1.983
7 0.8025 1.0407
5 2.94 2.8825
4 2.58 2.751
4 1.5975 2.0098
5 0.7275 0.8194
7 0.285 0.2821
4 1.2825 1.3921
4 1.005 0.8658
5 0.6375 0.8606
5 2.775 2.674
6 1.8525 1.7634
7 0.3525 0.3178
6 1.395 1.6315
6 0.9825 1.0076
4 2.3775 1.5967
4 1.7175 1.8645
7 0.0525 0.0645
5 1.59 1.5934
6 1.44 1.2727
5 0.78 0.7855
7 1.3125 1.5366
7 0.78 0.8589
5 0.3975 0.5365
6 0.8925 1.2179
7 2.985 2.9005
7 0.18 0.139
5 1.7175 1.9459
5 2.46 2.6251
7 2.595 2.6169
6 1.38 1.3761
7 2.1375 2.1462
5 1.425 1.2015
5 1.7025 0.9602
4 0.4575 1.007
4 2.46 1.8228
7 2.4075 2.44
5 0.8025 1.0137
4 1.8225 1.7174
4 0.6075 0.642
6 2.37 2.3396
4 0.3975 0.5947
7 0.5925 0.5992
4 1.41 1.8382
4 0.9675 1.1927
5 1.32 1.7277
4 0.3675 0.4063
6 2.115 2.174
7 0.48 0.4643
7 0.285 0.3268
4 1.62 1.3872
5 2.4825 2.3729
7 1.98 1.6406
7 2.19 2.2333
4 0.78 0.9578
4 1.0875 0.706
7 1.8 1.5764
7 0.9225 0.9402
4 1.1025 1.6835
5 2.3175 1.9419
5 0.255 0.3879
6 1.9425 1.8265
4 0.885 1.1243
4 0.795 2.1549
4 2.43 2.2339
5 2.4675 2.455
5 0.195 0.1179
6 0.2775 0.2624
5 1.08 1.9083
6 1.3275 1.4703
4 1.215 1.149
5 1.935 1.6093
6 1.1175 1.6391
6 0.69 0.7409
7 2.925 2.9862
4 2.985 2.8528
4 2.445 1.8353
5 2.535 2.6704
4 2.94 2.8866
6 2.355 2.4379
7 1.695 1.7345
5 0.15 0.2221
7 0.615 0.6649
6 1.7775 1.4837
6 1.4775 1.5661
6 2.5425 2.5347
4 0.0375 0.1799
4 1.2675 1.5869
4 0.2325 0.1187
5 0.84 0.8917
5 1.1325 0.8791
6 2.205 1.8515
6 2.265 2.2432
4 2.0925 1.9801
6 1.305 1.9059
6 1.5675 1.8251
5 2.2425 2.239
4 2.085 2.0158
5 0.57 0.3306
6 2.5875 2.5223
4 2.4375 2.3129
7 2.175 2.1828
7 1.9425 1.705
4 1.6275 1.2454
5 0.5475 0.8601
6 0.225 0.2026
6 0.2625 0.226
7 0.12 0.199
4 0.675 1.0466
7 2.985 2.9673
5 1.7325 1.4016
7 0.0 0.0854
6 2.5125 2.3322
5 0.165 0.3692
7 1.2375 1.0575
4 1.71 1.5028
7 0.825 0.7472
6 2.595 2.4621
7 1.38 1.4087
5 1.845 1.5508
6 2.685 2.6115
7 0.9975 2.8584
5 2.3325 1.7093
6 2.265 2.0795
5 1.605 1.6418
6 0.9525 1.2935
6 2.9775 3.0019
5 1.35 1.4608
5 1.275 1.0506
6 1.8525 1.6937
5 0.705 0.58
7 1.3875 1.176
4 0.8325 0.608
6 1.665 1.7311
5 0.42 0.3478
7 0.09 0.1193
6 2.085 1.7274
5 0.735 0.8823
6 0.0375 0.0054
6 0.4575 0.414
6 2.385 1.9665
6 2.775 2.75
6 2.88 2.9203
7 1.2 1.6033
4 1.3575 1.3112
4 1.7925 1.366
6 2.79 2.8435
7 2.235 2.2532
7 2.4975 2.347
7 0.285 0.2945
4 1.635 1.484
7 2.01 2.1278
7 0.735 0.7108
7 1.155 1.4211
6 0.225 0.0643
7 2.2725 2.2536
6 1.6425 1.4906
7 0.36 0.4554
7 2.265 2.3216
6 2.8425 2.8028
4 1.4325 1.4005
5 2.7075 2.7395
4 1.8075 2.2764
6 1.065 1.2745
7 1.395 1.647
7 2.895 2.8786
5 2.61 2.4338
6 1.2975 1.2976
4 1.77 1.6682
7 1.005 0.9564
5 2.5425 2.6106
6 2.4825 2.4744
7 1.0125 1.0216
4 1.05 1.7788
4 2.8425 2.8279
5 1.635 1.4364
5 0.195 0.2314
6 0.42 0.4247
5 2.5875 2.5155
7 2.79 2.7179
6 0.3975 0.2064
6 2.5275 2.4801
7 0.2325 0.256
7 0.9825 1.2733
6 1.3125 1.2576
7 2.67 2.6854
5 1.3575 1.2103
6 1.14 1.3029
7 1.5525 1.9306
6 0.1875 0.1472
5 1.47 1.5933
5 0.705 0.7193
6 0.4725 0.4005
4 0.1725 0.2119
6 2.6775 2.6139
6 0.705 0.5846
7 2.025 1.8753
7 1.2 0.9098
6 1.1925 1.7854
4 2.4825 2.2881
5 0.7575 0.9737
6 1.3575 1.1623
4 1.3425 1.1697
5 2.3025 1.5648
5 2.7525 2.7693
6 1.17 1.3179
7 0.135 0.1291
7 0.21 0.2761
6 1.9725 1.797
7 2.1375 1.8409
7 0.075 -0.0657
6 2.925 2.9696
5 1.6425 1.7229
6 0.555 0.7261
7 0.06 -0.0297
5 1.1475 1.803
7 0.5025 0.4645
7 2.745 2.7952
6 0.435 0.3084
6 2.0775 1.8104
5 1.32 0.8018
7 2.775 2.8134
7 1.4475 1.5568
4 1.9425 1.0985
6 2.97 2.8653
5 1.1025 1.5664
7 1.5825 1.6505
6 1.3725 1.7587
6 2.2125 2.1805
7 0.7425 0.7179
6 0.2775 0.3042
5 2.3175 2.5065
7 1.83 1.5106
6 1.41 1.6752
4 1.335 2.0114
7 2.58 2.472
4 0.9225 1.7935
7 0.8175 0.8039
5 2.5275 2.6478
7 0.93 0.8882
4 2.4825 2.427
5 0.165 0.2846
4 0.9675 1.1402
5 0.9225 1.187
5 2.535 2.6367
6 1.3275 1.326
4 2.985 2.8327
6 2.2875 2.2476
6 2.085 1.8173
5 1.035 1.1675
6 1.6125 1.6839
7 1.68 1.7287
4 1.365 1.049
4 0.33 0.1753
6 0.96 1.1652
6 1.5225 1.7324
7 0.87 0.812
6 1.6875 1.7694
7 0.84 0.7438
5 2.49 2.3368
4 0.5775 1.8261
6 2.1225 2.1806
4 2.2425 1.7017
4 2.865 2.7036
5 2.3625 2.3255
4 1.56 1.836
5 0.615 0.4505
4 0.135 0.1682
7 1.71 1.3321
6 2.5125 2.5058
4 1.9275 2.0907
6 1.7325 1.534
6 2.745 2.8396
7 2.1675 2.1421
5 1.965 1.7268
5 2.64 2.7465
6 1.845 1.6454
6 2.8125 2.6874
6 0.03 -0.041
4 2.2725 1.5252
4 0.81 1.1154
4 2.9325 2.6889
6 2.6775 2.5884
7 2.445 2.3625
5 2.4975 2.6455
6 0.2775 0.2805
6 0.015 0.2081
7 1.1925 1.1216
6 0.075 -0.0186
7 2.9175 2.9052
4 0.255 0.4115
4 0.9975 1.9343
4 0.825 0.5391
7 1.605 1.3063
6 2.4525 2.4353
7 0.2025 0.1674
7 1.2525 1.1976
4 0.3675 0.6023
6 1.815 1.6486
5 1.6125 1.3756
7 0.3975 0.4382
4 2.0775 1.5161
5 0.51 0.4105
5 0.4725 0.3853
5 2.3325 2.2217
4 0.3975 0.3368
5 1.8225 1.8682
7 2.1675 2.1946
5 0.3225 0.3575
6 2.595 2.6034
6 0.9225 0.9724
5 1.7325 2.1241
4 1.14 1.1161
6 2.955 2.9498
5 2.685 2.5629
7 1.095 1.0314
6 0.9675 1.3699
4 2.7375 2.5927
5 2.6325 2.5932
6 2.46 2.6424
7 2.7375 2.7664
7 2.97 2.9026
5 0.7275 0.7578
4 2.8275 2.521
7 1.7175 2.044
7 1.56 1.8385
7 1.08 0.9591
5 2.415 2.5695
4 2.0775 1.7995
4 0.0375 0.1647
7 2.7225 2.8124
5 1.5 0.9967
7 0.72 0.6948
4 1.815 1.6409
4 1.2825 1.3833
6 1.0425 1.4327
5 1.1475 1.3745
6 2.8575 2.9212
7 0.585 0.5458
5 1.5675 1.5446
4 1.3725 2.0781
6 0.1725 0.2157
5 1.6275 1.9248
7 1.6875 1.6631
4 2.07 1.4245
4 1.7475 1.2597
7 0.75 0.6881
5 0.315 0.3535
7 2.37 2.3072
7 2.5575 2.6035
5 0.8775 0.9661
7 1.14 1.1271
4 2.3325 2.4416
7 1.4475 1.4907
7 2.295 2.2096
7 2.7225 2.6723
7 1.2825 1.4316
5 2.8725 2.6838
4 0.8175 1.4518
5 0.5175 0.6935
4 0.7275 1.4101
7 0.3675 2.0793
4 1.7925 1.716
6 2.3925 2.3134
6 2.9625 2.9418
7 1.335 1.5103
7 2.4675 2.3322
4 2.04 1.3325
6 1.3275 1.7342
4 0.93 1.6122
4 1.2075 2.2533
6 2.445 2.4723
4 0.8775 0.7038
6 0.6975 0.8558
4 0.6075 0.9878
7 1.0575 1.5303
6 0.4875 0.6165
4 0.8025 0.9095
7 0.045 0.0722
5 2.37 2.1115
7 0.96 1.253
4 0.99 1.3409
5 0.8325 0.7762
4 0.3075 0.6923
5 0.9675 1.5853
6 1.395 1.567
7 2.88 2.8392
4 0.9675 0.7686
4 1.245 2.1066
6 1.2 1.4636
5 1.395 0.8603
4 1.8525 1.2514
5 2.0025 1.6384
6 0.93 1.0274
4 1.185 0.7328
4 1.9575 1.9972
4 2.295 2.2539
5 0.87 0.7983
4 0.0825 0.7098
6 2.9475 2.8348
4 1.785 1.7761
4 1.5675 2.0236
6 1.125 1.0581
6 2.2725 2.2691
6 1.1475 0.9927
4 2.9325 2.8133
4 1.08 0.6074
4 2.8275 2.8317
4 0.105 0.3604
5 1.1475 1.5864
4 1.35 1.8254
5 1.5 1.3643
7 0.48 0.3922
5 2.16 2.3451
7 0.45 0.3556
6 0.4275 0.472
7 2.7 2.659
4 1.3125 1.2534
6 2.625 2.4821
5 1.0725 1.5619
5 2.6775 2.5017
7 0.255 0.172
6 2.7525 2.8544
4 2.91 2.8545
7 1.9725 1.5357
6 0.5925 0.6894
6 2.8875 2.8586
5 0.81 1.7137
6 1.7175 1.7496
5 1.41 1.7175
6 2.865 2.8398
4 1.89 1.7418
4 2.4225 2.542
5 1.23 1.1323
5 0.795 0.633
5 1.005 1.4178
5 1.7325 1.5364
5 2.2875 2.4259
7 2.2575 2.2998
7 2.6175 2.5682
7 1.725 1.5666
6 1.6575 0.8593
7 1.2825 1.2465
5 0.885 1.5826
7 2.235 2.2226
6 0.24 0.3218
6 1.9425 1.9218
4 0.5175 0.5109
4 0.15 0.2369
5 1.53 1.6123
7 2.1975 2.1323
5 1.53 1.5428
6 2.7075 2.4736
4 2.475 2.4436
6 2.145 1.6793
7 2.1525 2.3261
7 2.4825 2.5612
6 1.0725 1.348
5 2.355 2.2969
5 0.0825 0.1469
6 2.985 2.9272
5 0.525 0.5152
4 1.215 1.3529
6 1.095 1.5531
6 0.885 0.8369
7 0.27 0.2321
6 2.82 2.7976
7 2.82 2.7649
7 2.7825 2.707
7 1.83 1.6003
6 0.51 0.419
4 1.8975 1.8799
5 2.7075 2.632
4 0.9975 1.5846
4 0.2475 0.1852
6 2.0775 1.5767
4 2.355 1.9374
5 1.2675 2.038
6 1.71 1.6333
6 2.0775 1.5042
5 1.5675 1.6884
4 2.655 2.6302
4 0.78 0.4486
6 0.555 0.6292
7 2.1825 2.242
7 2.6775 2.78
6 2.88 2.8611
7 0.42 0.4513
5 1.1175 1.4861
6 0.69 0.7932
5 1.6425 1.2343
6 0.8325 0.749
5 2.0925 1.5835
5 1.4325 1.3644
5 2.2725 2.2484
5 1.905 0.992
7 2.79 2.844
5 1.035 0.9843
6 2.16 1.7814
6 1.71 1.5189
7 1.4775 1.6436
6 0.825 0.782
7 1.155 1.4376
7 2.4225 2.3994
5 2.025 1.7004
7 2.0025 2.1994
5 1.9725 1.5447
7 1.2075 1.0475
5 2.3625 1.8344
7 2.2125 2.1722
6 2.61 2.6311
5 2.3475 1.6106
6 1.755 1.4532
6 2.235 1.9726
5 0.225 0.2671
5 2.85 2.9021
5 1.1475 1.135
5 0.51 0.5121
7 0.15 0.079
7 2.0175 1.6435
7 0.6075 0.534
5 2.22 2.0231
4 0.9825 1.0933
5 1.1925 1.4774
5 1.0875 1.1805
4 2.3025 2.2465
5 2.9925 2.9357
7 2.745 2.7016
6 0.225 0.1982
6 0.36 0.5588
5 1.7475 1.4649
7 2.4825 2.459
4 2.4675 1.4182
4 1.965 1.3125
6 2.5575 2.511
6 1.785 1.9396
5 1.5225 1.5028
5 0.06 0.108
5 2.475 2.403
6 0.555 0.5802
6 1.005 0.8482
7 1.74 1.6934
7 0.8775 0.8269
7 2.85 2.821
5 2.9625 2.9086
4 0.315 0.1687
5 2.4675 2.5707
7 1.0875 0.9639
6 1.0725 0.9759
7 1.095 1.2757
5 2.6475 2.62
6 0.7875 1.0032
7 2.7 2.6982
6 2.1375 1.9498
5 0.645 1.1692
6 0.045 -0.0033
4 1.9425 1.7398
5 1.77 1.6449
5 0.5175 0.4923
7 0.315 0.3034
5 2.865 2.796
5 1.3425 1.7357
6 2.31 2.1727
5 0.06 0.1426
5 0.81 1.5389
6 1.2975 1.213
5 1.08 1.658
6 1.845 1.5736
7 2.82 2.7907
6 1.5525 1.4831
7 2.7675 2.802
7 1.6425 1.378
6 2.355 2.067
5 0.6375 0.6175
4 1.245 1.5716
6 1.665 1.6277
5 0.2175 0.2321
6 2.3625 2.4102
7 0.615 0.5706
6 2.8875 2.8919
5 0.4575 0.3148
4 1.68 1.4871
7 2.82 2.7499
6 1.7475 1.6313
6 1.395 1.5693
7 2.4375 2.4423
5 1.4025 1.4601
5 1.65 1.421
7 2.4525 2.4552
5 0.42 0.5101
5 0.6675 1.4294
5 0.06 0.198
6 1.905 1.6743
4 2.4825 2.4474
4 1.8375 1.3962
7 1.5675 1.3334
6 2.1525 1.7449
5 0.0 0.0979
6 0.21 0.2925
5 0.765 1.2119
5 0.735 0.7538
7 0.3525 0.3457
5 2.9925 2.9142
5 1.995 1.6035
5 2.1225 1.5858
4 2.31 2.0055
5 0.06 0.0132
5 0.3225 0.321
6 0.1425 0.2414
5 2.7975 2.6551
7 2.52 2.5021
4 2.2875 2.0107
5 1.5675 0.8244
5 2.88 2.8128
6 2.0475 1.3656
5 0.1575 0.1101
6 1.515 1.6334
7 1.1775 1.206
5 0.6675 0.7943
4 2.9475 2.7938
5 1.3875 1.1495
7 2.31 2.26
6 0.2775 0.1084
5 0.78 0.6815
5 0.1125 0.1717
7 2.1075 0.5108
6 2.3475 2.4677
5 1.095 1.2532
5 2.67 2.6579
4 1.4625 2.0357
4 1.8375 1.3656
4 0.585 0.8227
4 0.2325 0.2499
5 2.6325 2.4858
4 2.835 2.6472
6 0.4425 0.4594
7 0.465 0.5028
6 1.2225 1.3893
7 2.28 2.3967
6 1.4775 1.6279
5 2.8425 2.8625
4 1.9575 1.8944
6 1.395 1.5598
6 0.075 0.2547
4 2.265 2.5049
4 1.605 1.7064
5 2.7825 2.9049
5 0.5475 0.5693
5 0.6825 0.5644
6 1.815 1.673
4 1.395 1.0445
4 2.2875 1.7153
7 0.5925 0.4383
7 1.08 1.0542
7 2.1825 2.0817
5 2.5875 2.5156
4 1.605 1.2735
5 2.0625 1.5139
7 0.39 0.4339
4 1.485 1.9001
7 0.075 -0.0049
6 0.645 0.7549
6 2.4225 2.4867
4 1.2525 1.6657
6 0.5025 0.4543
5 1.26 1.0199
5 1.2075 1.4513
5 2.4825 2.5084
6 0.5925 0.5507
4 1.4025 1.6443
5 2.745 2.5446
7 1.5075 1.4142
6 1.53 1.2548
6 1.38 1.7491
5 0.525 0.5776
4 0.3075 0.0721
4 2.175 1.8841
6 0.6075 0.679
4 2.7975 2.7064
7 2.73 2.8089
7 1.6125 1.3677
4 0.8025 0.5023
6 2.4225 2.4577
4 2.82 2.7359
4 2.775 2.9287
6 1.5675 1.549
5 1.8525 1.5352
7 1.0575 1.2404
4 0.3375 0.4158
7 0.4725 0.4665
5 0.15 0.0609
7 1.8075 1.7526
6 0.42 0.3695
6 2.505 2.362
7 1.53 1.6755
4 0.675 0.9151
7 1.1775 1.1458
4 1.245 2.0492
5 1.8375 1.6063
5 2.0775 1.9657
4 0.42 1.4187
6 1.4775 1.7565
7 2.025 1.9612
7 2.7525 2.7853
6 2.4375 2.5195
4 0.0075 0.2034
5 1.815 1.5065
4 0.36 0.428
7 1.6725 1.5064
4 2.91 2.8604
7 0.675 0.5789
5 1.14 1.3666
7 0.8775 0.9303
5 1.2675 1.2944
7 0.3525 0.275
5 0.9375 0.8011
4 0.705 1.0285
5 0.24 0.3158
4 0.18 1.9916
5 0.81 1.1908
6 2.145 1.8667
5 0.03 0.2091
7 2.4975 2.4781
6 1.32 1.5137
4 2.355 1.717
4 0.6075 0.502
7 2.1675 2.0955
4 0.03 0.1425
5 0.555 0.5107
5 2.7975 2.6635
4 1.515 0.9249
6 1.62 2.0119
7 0.825 0.9495
7 0.2025 0.2251
6 0.1725 0.1447
5 0.0225 -0.0051
5 2.19 1.6286
4 1.4925 2.0407
4 1.14 1.5029
6 0.825 0.7805
7 2.985 2.9367
4 0.2025 0.1855
6 0.6225 0.6522
5 1.1775 1.2921
4 2.025 1.238
6 2.1375 2.0576
4 2.9175 2.7925
7 1.7175 1.6057
6 1.0575 1.4391
5 2.07 2.1576
4 1.1475 1.0891
7 1.335 1.4768
6 2.355 2.3988
4 2.55 1.5687
6 1.815 1.8299
4 0.375 0.7113
6 1.92 1.2314
7 2.4 2.5122
6 2.4225 2.3539
4 1.3125 1.514
4 1.56 1.7522
7 1.1175 1.1132
5 0.0 -0.0469
7 1.44 1.5164
4 1.2375 1.3429
7 0.765 0.775
5 2.1075 2.2421
5 0.645 1.0881
6 1.95 1.584
4 0.15 0.2908
6 1.59 1.702
5 0.915 1.4353
5 2.865 2.8836
4 1.0275 1.2786
5 1.38 1.5702
4 0.375 0.5273
6 2.61 2.5882
7 1.17 1.4513
6 1.8075 2.1497
7 2.34 2.3743
4 1.1925 1.0007
5 0.0375 -0.0052
5 2.5275 2.519
7 0.6225 0.6136
7 2.9625 2.953
6 0.51 0.3521
7 0.3075 0.2181
4 1.9125 0.9045
7 0.225 0.1955
6 1.5 1.3526
7 2.61 2.55
7 2.955 2.9598
7 0.6 0.6413
7 2.6325 2.7009
5 2.8725 2.889
5 1.3725 1.8015
6 1.32 1.8584
6 0.5325 0.5835
6 0.8325 0.663
4 1.8225 1.4191
4 1.215 2.4612
5 2.865 2.8162
6 1.17 1.402
6 0.4875 0.4357
4 0.8475 1.5842
7 2.91 3.0079
6 0.315 0.4152
7 0.7275 0.7352
7 1.98 1.6769
5 2.4525 2.3718
5 0.705 0.9853
7 0.4725 0.3716
4 1.3275 0.9875
6 0.9825 0.9906
4 1.2225 1.3823
5 0.9225 1.2397
7 1.725 1.3145
7 1.35 1.3387
5 0.42 0.4096
7 1.0875 1.0994
7 1.7175 1.1878
5 1.3275 1.6727
7 1.4625 1.1471
7 1.98 2.0882
4 2.8125 2.8989
5 2.205 2.4228
7 0.8775 0.967
5 1.8225 2.2132
6 1.8675 1.5493
4 0.4425 0.4013
4 2.205 2.3974
4 2.67 2.5066
7 2.6325 2.7072
5 2.2275 2.2648
7 2.0775 1.7606
5 1.7925 1.444
6 0.495 0.4388
7 1.98 2.0526
4 0.12 0.1553
7 0.4125 0.4834
6 0.225 0.3403
4 0.915 1.4923
4 0.5925 0.7516
5 2.4825 2.4943
6 1.6725 1.6536
4 0.7125 0.775
5 1.215 1.8141
5 2.5125 2.5497
7 2.6325 2.6462
7 2.2875 2.3207
6 1.3425 1.7688
7 0.99 1.0863
4 2.73 2.7342
5 2.8575 2.7626
6 2.25 2.2398
6 1.3725 1.3677
4 2.16 2.1349
5 1.0275 0.8214
6 0.5325 0.5974
6 0.5475 0.6246
7 1.3575 1.52
5 2.9625 2.8773
5 1.7025 1.5992
4 2.3925 1.6439
7 2.52 2.5023
5 2.9475 2.9002
7 2.8125 2.7702
7 0.4575 0.3766
4 0.9225 1.0896
4 0.405 0.5281
7 1.86 1.6613
4 2.775 2.8192
5 1.2825 0.9966
6 2.985 2.9263
7 0.8175 0.834
7 2.01 1.8072
4 1.1625 1.6242
5 1.59 1.0748
7 2.6925 2.7906
4 2.2875 2.322
7 0.21 0.256
4 2.34 2.2024
7 2.7225 2.7942
7 2.2125 2.2661
6 2.19 2.187
7 2.79 2.8016
4 1.815 1.4485
5 2.58 2.533
4 0.315 0.3033
4 0.285 0.2741
5 0.5775 0.5684
6 0.5475 0.5132
7 2.595 2.5773
4 2.445 2.4628
6 0.2025 0.169
4 2.8125 2.8026
4 2.1375 1.8246
4 0.975 1.7675
6 2.535 2.4671
4 1.68 1.4126
5 0.6675 0.5083
6 1.02 1.3427
5 1.515 1.7121
5 1.02 1.4223
7 2.3175 2.2889
6 1.905 2.2115
7 0.825 0.8235
7 2.985 2.9076
6 0.825 0.7804
5 1.1025 1.2429
6 1.5075 1.5878
6 2.5275 2.677
7 2.3325 2.3355
7 2.1075 2.1393
4 1.605 0.8795
6 1.0725 1.0245
7 0.705 0.6598
6 0.9 1.1543
4 1.6425 1.0578
6 0.12 0.2726
6 2.295 2.3774
7 2.4225 2.377
7 0.7875 0.7188
5 1.3725 1.663
7 2.8875 2.9504
5 0.525 0.5359
6 1.215 1.6529
6 1.0875 1.0394
6 1.74 1.66
5 2.8725 2.8823
5 0.6825 0.552
4 1.5075 1.5902
5 2.775 2.8816
6 1.86 1.3672
4 1.14 1.3752
6 0.4575 0.481
5 0.69 1.0573
5 1.935 1.382
7 2.0925 1.6553
6 1.71 1.2572
6 2.2875 2.1238
4 0.0675 0.132
4 2.1525 2.3131
6 2.76 2.9622
4 1.74 1.2446
7 1.275 1.4399
7 0.0375 0.0419
4 0.66 0.6291
7 0.9975 1.1922
7 0.48 0.557
4 2.6475 2.5217
5 2.82 2.8189
5 0.585 0.6059
4 2.6025 2.9596
6 0.15 0.1243
6 2.295 2.203
5 2.4825 2.5352
6 1.2375 1.1441
4 2.3175 2.3418
4 0.975 1.4251
4 1.3875 1.1268
5 1.1025 0.9447
5 2.6325 2.6485
7 1.9575 1.7565
6 2.4675 2.4779
7 2.9925 2.9384
7 1.17 1.4582
5 1.7925 1.0839
6 2.0775 2.1398
5 2.2275 2.2403
4 0.5625 0.5669
6 0.3375 0.41
5 1.545 1.4242
4 1.455 1.5876
7 2.0475 1.8433
4 0.69 1.5207
7 2.265 2.1434
4 1.2075 1.8799
5 0.06 0.132
4 1.59 1.45
7 0.93 1.1926
4 0.2475 0.1071
7 2.1075 2.1949
4 2.7825 2.8086
5 0.4725 0.8374
7 1.4325 1.4525
5 0.18 0.2785
4 1.41 1.8177
7 0.1275 0.0252
4 1.455 1.4054
4 0.585 0.4837
5 0.84 0.9819
5 0.5775 0.5447
6 2.6775 2.5756
4 1.5225 1.6647
4 1.44 2.0239
5 1.5 1.2129
7 2.6925 2.6643
4 0.6675 0.5762
4 0.6075 0.5431
5 0.5625 0.4434
6 2.505 2.448
6 1.71 1.6772
5 0.495 0.8003
6 0.1275 0.0136
5 0.225 0.2158
5 2.0325 1.9596
4 2.52 2.5801
5 0.825 1.3714
4 0.7875 1.5205
6 2.22 2.304
7 1.6275 1.3921
7 2.355 2.4294
4 0.9975 1.4953
6 2.4 2.4415
4 0.6075 1.0977
5 1.5375 1.4757
5 2.745 2.739
7 1.725 1.6695
4 1.185 1.7985
5 1.485 1.7413
6 2.805 2.8932
7 0.7125 0.6901
5 2.9775 2.8934
4 1.9575 1.7114
4 0.405 0.5519
5 0.7275 0.8779
7 0.81 0.8855
7 0.4425 0.4929
5 0.2325 0.1239
4 0.3225 2.6599
6 1.2 1.2157
6 1.05 1.3711
6 1.2375 1.574
5 0.1875 0.087
7 2.22 2.2362
6 1.4025 1.167
5 0.0375 0.0928
6 1.26 1.2743
5 1.725 1.3479
6 0.5025 0.5928
4 2.805 2.578
5 0.135 0.0791
5 0.735 0.9956
7 0.69 0.7994
6 1.5225 1.5538
4 0.0675 0.164
7 0.345 0.4014
5 0.6225 0.6289
4 0.6225 0.8077
4 1.7175 2.2468
7 2.7075 2.6777
5 0.6675 0.679
6 1.5375 1.33
5 2.34 2.4394
4 2.0625 1.8333
4 1.3275 2.1497
6 0.8025 0.7353
5 0.795 0.5051
7 2.745 2.7352
4 1.6425 1.8147
6 0.6375 0.5543
5 2.19 1.5483
6 1.0275 1.2092
5 0.24 0.3049
6 0.4425 0.4692
5 1.6125 1.8982
4 0.5325 1.0218
6 2.4825 2.6123
7 1.0575 1.1938
4 1.23 1.3047
5 0.615 0.3804
6 2.9925 2.9796
7 0.9075 1.0705
7 2.0325 2.1384
4 2.595 2.3529
6 1.455 1.7317
5 1.3275 1.2736
6 0.255 0.1937
6 1.41 1.5074
4 2.2875 2.2553
5 0.42 0.514
7 0.615 0.6496
4 2.7525 2.6529
7 2.25 2.1362
6 0.705 0.8389
4 1.6575 1.7263
4 2.4075 2.3765
7 2.9625 2.9343
4 1.86 1.4588
5 2.6475 2.7849
6 2.265 2.1266
6 1.9875 1.4665
4 1.89 1.8146
6 1.89 1.8603
6 0.7725 0.9171
6 1.08 1.3015
6 0.39 0.4902
6 1.395 1.3087
7 2.9025 2.8831
7 0.9975 1.3059
6 2.055 2.1429
5 0.3225 0.2915
5 1.9275 1.5713
4 0.795 1.24
5 1.275 1.4712
5 2.085 2.1155
4 1.5975 1.5094
5 0.72 0.7144
6 0.5175 0.6205
7 1.0425 0.8807
7 0.3825 0.3701
7 1.77 1.6613
6 0.3825 0.3597
5 2.6025 2.7236
4 0.225 0.19
6 0.12 0.1582
7 2.835 2.8112
6 1.77 1.5911
4 2.6925 2.4279
4 2.775 2.4817
4 1.0875 1.3615
5 0.9675 1.3276
7 0.945 1.3178
6 2.16 2.3733
6 0.0675 0.0513
6 0.765 1.0798
7 1.2825 1.2328
6 2.52 2.4719
5 1.4625 1.9494
7 0.5775 0.5788
7 1.7925 2.0254
5 2.055 1.5529
5 0.1125 0.1339
4 2.88 2.7611
4 2.3325 1.8356
4 2.7225 2.8522
4 0.3225 0.2966
4 1.665 1.0722
7 1.2225 1.5281
5 1.695 1.7751
5 1.0125 1.2026
5 1.905 1.4007
7 1.935 1.9118
7 0.015 -0.0569
4 1.9125 1.5268
7 2.76 2.8371
7 2.82 2.7851
6 1.29 1.3884
5 2.55 2.5222
6 1.1025 1.4625
7 2.0025 0.6311
6 2.0025 1.5927
6 2.415 2.2603
6 2.6775 2.6855
5 2.9625 2.8951
6 0.36 0.3749
5 2.3775 2.2416
4 2.5125 2.2016
6 2.3025 2.1256
7 1.425 1.0808
6 0.0975 0.0179
5 1.395 1.5616
6 1.4175 1.8554
7 1.4925 1.3402
5 1.7625 1.6251
7 0.855 0.9198
7 0.135 0.1146
5 0.465 0.4364
6 2.9775 2.9365
5 1.62 1.5311
5 2.7 2.6465
4 2.0325 1.7489
5 0.8775 0.8245
4 0.03 0.0643
7 2.9175 2.9847
4 2.88 2.8807
4 1.26 1.6514
6 1.8 1.6561
7 2.0175 1.9404
7 2.1225 1.9665
4 1.6575 1.9551
7 2.5425 2.5741
7 0.09 0.2199
7 0.6225 0.6212
6 1.47 1.0253
7 0.45 0.4535
4 1.3275 0.9517
7 0.915 0.7824
6 0.9 1.142
7 1.5675 1.6123
7 2.55 2.519
5 0.8925 1.2361
5 1.26 1.2164
4 0.81 1.7878
6 0.555 0.5868
4 2.3025 2.3488
7 2.7225 2.6875
6 0.7725 0.8853
6 0.9225 1.0142
7 0.3075 0.389
5 1.665 1.7097
6 2.1675 1.8688
4 0.6975 0.4548
4 1.605 2.0309
4 0.15 0.2327
6 0.9525 0.9059
6 0.135 0.1221
4 2.91 2.5761
6 2.55 2.4872
7 2.25 2.1958
6 2.0175 1.7984
6 0.8025 0.8269
7 0.4875 0.5552
6 1.92 1.4187
4 1.0725 1.4494
4 2.295 2.3607
7 1.83 1.8376
4 0.8925 0.8414
5 0.84 1.4652
4 0.42 1.0666
4 2.7825 2.6851
7 2.1675 2.2397
4 0.3975 0.5036
4 1.0875 1.3093
7 1.53 1.5985
6 2.7675 2.6955
4 0.12 0.1743
6 2.4975 2.4551
4 2.2575 1.7879
5 2.49 2.3109
7 2.0625 2.2903
6 1.635 1.5667
4 0.3975 0.4367
4 0.165 0.2093
6 1.845 1.712
7 0.9 0.8738
6 1.98 2.698
6 0.6375 0.643
6 1.3125 1.1046
7 1.3125 1.3206
7 0.2625 0.3832
7 0.795 0.8638
5 0.765 0.9992
6 2.28 2.195
7 2.28 2.2406
4 1.65 1.3797
5 2.985 2.9085
4 2.5275 2.1209
6 1.245 1.1388
6 0.81 1.1606
4 0.555 0.5013
7 1.8975 1.9328
6 0.4125 0.3421
6 1.245 0.9893
5 0.6975 0.7662
6 1.1325 1.0585
6 1.8825 2.1668
7 1.2375 1.2208
7 2.0325 2.1972
5 0.63 0.8293
5 1.1025 2.4808
5 1.3875 1.6931
5 2.2425 2.2716
4 1.485 2.5751
4 1.455 2.3075
4 1.6875 1.185
5 2.1975 1.518
6 0.6675 0.7655
7 0.57 0.508
5 1.29 1.861
5 1.9425 1.6195
5 0.7725 1.0342
6 0.8625 0.8555
5 2.9775 2.9096
6 2.4 2.3442
7 1.785 2.0191
7 0.5025 0.5232
6 2.1 2.2077
4 0.63 1.4505
4 1.0425 0.6059
4 2.505 2.7519
5 0.3675 0.149
7 2.52 2.4982
7 2.4075 2.4778
7 1.89 1.7336
6 2.685 2.8054
5 1.305 1.4308
4 2.6925 2.3711
7 2.01 1.8877
5 2.565 1.8363
7 1.59 1.7957
6 1.035 1.2378
4 2.8275 2.8248
7 0.5025 0.4536
5 0.5925 0.8545
7 0.42 0.3968
6 1.9275 1.8291
5 1.7175 1.328
4 2.6025 1.9673
6 2.925 2.8544
7 0.3675 0.4408
6 2.0775 1.9331
5 1.6575 1.9903
7 0.8775 0.9933
7 1.4025 1.373
6 1.7025 1.9924
4 1.515 2.249
6 1.53 1.912
6 0.7725 1.372
7 1.785 1.5585
4 0.93 1.1153
7 0.2925 0.3752
4 0.7725 0.7638
7 1.17 1.2372
6 0.1725 0.2395
5 1.74 1.3878
5 1.8525 1.5814
5 0.1875 0.1058
4 0.4275 0.6699
4 2.235 1.8015
7 1.0425 0.9775
7 1.965 1.9297
4 2.625 2.7916
5 1.0275 1.5165
4 0.54 1.1441
7 2.97 2.998
6 1.0125 0.9605
6 0.15 0.1094
5 0.45 0.4855
6 2.6175 2.6032
4 0.7725 1.6877
6 0.87 0.8426
6 1.785 1.5839
6 0.6975 0.8252
7 0.9675 1.218
7 1.89 2.1211
4 0.2325 0.2076
5 0.615 0.9852
6 1.8075 1.8533
5 0.105 0.126
5 1.0275 1.3413
6 1.425 1.6247
4 1.365 1.4896
6 1.3125 1.7605
7 1.8225 1.4811
5 2.0025 2.1095
6 2.1 2.1818
5 2.6775 2.6125
4 0.57 1.0542
7 2.94 2.8893
6 2.16 2.0189
7 2.5425 2.5175
7 0.4575 0.4264
7 0.705 0.7618
4 0.5625 1.1037
6 1.26 1.7229
5 2.4675 2.4833
5 2.07 1.8444
6 1.4175 1.6534
4 0.54 0.5041
4 1.9875 1.081
5 0.2475 0.3367
6 1.0875 1.0938
5 0.2775 0.3547
6 2.9925 3.0003
7 0.39 0.4231
7 1.7025 1.6622
4 1.5 1.3439
7 2.625 2.4905
6 2.34 2.2602
7 1.875 1.7545
7 0.1575 0.2109
7 0.5025 0.5676
4 2.385 2.5532
7 0.2775 0.2887
4 1.005 2.2875
5 1.08 1.2291
4 1.1625 0.7135
4 1.3575 1.1514
4 1.905 0.9721
6 0.06 0.1153
6 0.12 0.136
7 1.68 1.364
4 2.415 1.9065
7 1.7175 1.8159
5 0.99 1.5939
4 1.2375 1.1222
4 1.455 1.6225
4 0.0375 0.0652
5 0.36 0.4977
5 1.05 1.6333
4 0.4275 0.6617
6 1.5675 1.3003
6 1.2 1.5878
7 2.7675 2.7724
6 2.2725 2.4658
4 1.875 2.1701
4 2.9925 2.8145
5 1.5225 1.6577
7 1.44 1.1857
6 2.445 2.5289
7 0.1725 0.1862
6 0.915 1.0798
4 0.78 1.3857
6 0.99 1.0775
6 0.39 0.4984
5 2.4675 2.2198
5 1.2525 1.362
4 0.885 1.2508
4 1.7325 1.9891
4 2.3775 1.7216
5 2.2425 2.2522
5 1.5375 1.7676
4 2.58 2.6402
6 2.925 2.9723
7 2.0475 2.0956
5 1.2 1.4544
7 0.15 0.2245
5 2.2125 1.8142
7 2.265 2.1251
7 2.31 2.3
7 2.4525 2.349
4 1.3875 1.5332
6 1.95 1.7277
6 2.0325 1.7199
4 0.5925 0.6088
4 2.1675 1.6458
5 0.27 0.4332
6 2.835 2.9017
6 1.9275 1.4533
5 2.97 3.002
4 0.3825 0.6472
4 2.5875 2.482
5 0.2775 0.1592
4 1.8375 1.1081
5 2.2425 2.4633
7 1.3875 1.3062
5 2.6625 2.7255
4 0.495 1.3212
4 1.62 1.4017
5 1.4325 1.5298
7 0.8025 0.8516
7 0.525 0.5119
6 2.4225 2.539
6 2.25 2.3932
6 1.7775 1.6369
4 1.155 1.3659
6 0.435 0.546
7 1.875 2.0083
6 0.195 0.2573
4 2.145 1.5293
5 1.29 2.0744
5 1.605 1.6599
6 0.3525 0.3545
4 1.23 1.009
6 0.2625 0.3209
7 0.975 1.0059
4 0.3975 0.5806
5 2.0025 1.3946
4 0.72 0.8407
5 2.6775 2.7476
6 0.495 0.3907
4 0.0975 0.1322
7 1.2975 1.2675
6 2.34 2.2423
6 2.13 1.9402
7 1.6125 1.1806
7 0.0375 0.0192
4 0.5325 0.1864
5 1.125 1.5284
7 0.2775 0.321
6 1.53 1.5192
4 1.905 1.8282
6 1.62 1.0051
5 2.82 2.7545
7 0.315 0.2444
4 0.15 0.1874
4 1.7025 0.8067
7 0.9525 0.943
4 0.405 0.2974
5 1.785 1.4311
5 0.9825 1.3075
4 2.2425 1.5458
7 1.515 1.6414
6 1.77 1.689
6 1.5675 1.458
4 1.785 1.3856
4 0.075 0.146
4 2.34 2.1162
7 1.4925 1.4134
7 1.155 0.9777
6 0.93 1.0126
6 0.5025 0.4574
5 2.4975 2.4835
7 1.68 1.6397
4 0.555 0.6736
4 2.8575 2.8212
4 0.045 0.1298
7 2.055 2.0655
6 1.0125 1.4169
6 0.9975 0.7044
4 0.8475 0.7389
5 2.565 2.5307
7 1.5075 1.2459
5 0.5625 0.3759
4 1.9725 2.1918
6 0.1725 0.0449
6 0.375 0.3805
4 2.67 2.7498
6 2.34 2.321
6 2.7525 2.9071
4 2.655 1.7368
5 0.39 0.388
5 2.925 2.8401
6 0.3975 0.3691
6 0.5775 0.5669
5 0.45 0.4381
7 2.55 2.4563
7 1.0575 1.2276
5 0.2625 0.2748
4 2.22 1.866
7 2.6775 2.6317
5 1.3425 1.4912
4 2.685 2.4643
7 0.5025 0.4452
5 0.3225 0.3178
6 0.8175 0.8691
4 2.28 2.1136
4 1.7775 1.5513
6 1.7325 1.7112
4 1.635 1.5682
7 2.2425 2.235
4 0.5025 1.3752
6 2.6475 2.7398
7 2.91 2.993
4 0.9225 1.2758
7 2.9925 3.0225
5 1.2 1.0879
7 2.1525 2.0152
5 0.3675 0.1993
7 1.14 1.3214
4 1.53 1.3121
6 2.5275 2.4714
4 2.4525 2.1801
7 2.3475 2.329
5 2.085 2.0204
6 0.105 0.1382
7 2.2425 2.274
6 0.675 0.5519
4 2.9175 2.8302
4 2.685 2.2792
5 1.3425 1.2855
4 1.8825 1.6838
6 2.565 2.4651
6 0.8325 1.1771
5 1.845 1.4383
4 1.38 1.6354
7 1.7625 1.7172
6 2.9475 2.9432
7 0.7875 0.7794
7 1.0125 1.002
6 1.095 1.4995
6 2.085 2.3032
6 2.0925 1.6375
5 0.2775 0.3746
7 0.4125 0.4299
7 0.555 0.5805
7 0.6075 0.7945
6 1.95 1.8112
6 2.5575 2.6424
4 2.97 2.7015
7 0.9525 0.9353
4 2.3025 2.4844
5 0.0375 0.0385
4 0.9225 1.1723
6 2.235 2.3973
4 2.175 1.6348
4 2.8875 2.7763
5 2.895 2.8319
4 2.355 1.9648
4 2.55 2.2491
5 0.7275 0.981
7 1.875 1.729
5 2.865 2.9418
7 2.2275 1.9576
4 2.9025 2.7181
5 0.6675 0.8682
5 1.4925 0.943
4 1.2975 1.6921
7 1.2075 1.5897
7 2.1675 1.9486
6 0.96 1.5124
5 0.63 0.809
4 2.8125 2.8315
7 0.48 0.4157
6 0.7425 0.8061
5 0.315 0.2196
5 1.4025 1.3869
5 2.31 2.3588
7 0.7575 1.1754
4 0.6825 0.7589
6 1.9575 1.5162
4 2.775 2.647
4 1.365 1.6908
5 0.57 0.607
7 2.2725 2.3168
4 1.62 2.1079
5 0.915 1.2746
5 2.5875 2.5503
4 0.6 0.5673
4 1.3875 1.4957
4 2.025 2.0666
4 1.8975 1.1649
5 1.0875 1.1085
5 1.2525 1.1219
4 2.3175 2.3755
5 2.535 2.5135
4 2.1225 1.8168
6 2.055 1.8096
5 0.0075 0.185
6 0.8775 0.6774
4 1.9125 1.4856
7 1.9275 2.0522
5 2.3175 2.1715
7 0.9 0.7752
5 0.495 0.7162
7 2.1375 2.0096
5 1.9725 1.5117
5 2.055 2.0915
4 2.6625 2.4417
6 2.19 1.8917
7 1.23 1.4198
5 2.865 2.9281
7 2.85 2.8268
7 1.3725 1.8418
7 2.8725 2.8517
7 2.8425 2.8616
4 1.05 0.8878
4 2.49 2.5948
6 2.07 1.8502
5 0.795 0.5978
4 2.04 1.0841
7 0.2025 0.2028
7 2.145 2.1877
4 1.4175 1.2943
6 0.5175 0.4788
5 0.42 0.5729
7 2.3175 2.1869
4 2.6925 2.7627
7 0.2775 0.2863
6 1.065 0.9316
4 1.515 0.7438
6 0.9075 1.4483
7 1.6125 1.352
7 1.095 1.3912
4 2.745 2.7742
5 1.8075 1.5786
5 1.8075 0.6883
5 2.895 2.7865
4 1.755 2.2568
6 1.1025 1.7385
5 2.0175 1.775
5 0.9525 1.4872
5 1.1025 1.3664
5 1.4475 1.2588
6 1.9125 1.6903
7 2.1675 2.0128
7 1.5525 1.3783
4 1.4175 1.4975
7 0.855 0.8926
7 1.425 1.2488
7 0.7575 0.8367
7 0.8775 0.8668
5 2.955 2.923
4 2.3175 2.3028
6 0.36 0.3012
6 1.95 1.4393
7 0.8625 0.8984
5 1.455 1.8315
4 0.0225 0.0827
5 1.7025 1.6324
6 1.0275 0.9884
5 0.84 0.9132
5 2.55 2.4611
7 2.3625 2.3234
6 1.965 1.9381
5 2.16 1.1699
5 0.9225 1.3136
6 0.8025 0.9797
4 0.4875 0.6898
6 1.635 1.264
6 1.755 1.6787
7 1.1175 1.1559
7 1.605 1.5697
6 2.64 2.5851
4 1.3875 1.5145
5 1.8075 1.3196
7 0.7425 0.706
7 2.91 2.8078
4 2.595 2.4663
6 2.9325 2.9246
4 2.5875 2.6305
4 2.31 2.1738
7 1.2525 1.3186
5 0.9525 1.5444
7 2.1075 2.3111
4 0.9525 1.4473
6 0.255 0.266
4 0.585 1.1251
6 2.1375 2.2411
5 2.1525 1.6829
5 2.145 1.6045
7 1.245 1.7051
7 0.2775 0.3839
7 0.855 0.9097
7 0.0975 0.1131
5 1.3125 2.0645
4 1.755 1.8221
6 2.28 2.4263
7 0.675 0.7337
7 2.595 2.5385
5 2.3175 2.247
7 1.7325 1.6932
5 1.3875 1.4614
7 2.2575 2.2354
6 0.93 1.1823
5 1.8 1.242
5 1.7775 2.0447
5 1.7325 1.2276
7 1.395 1.5441
4 1.4175 1.0194
7 0.78 0.8122
4 0.6675 1.2821
7 1.665 1.6339
6 0.7425 0.6297
5 2.535 2.7151
6 1.71 1.5098
4 1.3575 1.8765
7 0.7725 0.6643
5 0.0525 0.0331
6 0.8625 0.8906
4 2.5125 1.8569
5 1.6425 1.7688
7 2.745 2.8025
6 2.4375 2.5357
5 1.4175 1.6282
6 2.8425 2.8415
5 2.91 2.9756
7 0.3 0.2969
4 0.9375 1.6501
7 0.42 0.4601
4 1.0125 2.1865
4 2.0775 1.929
6 1.125 1.2797
6 0.5325 0.5628
6 0.1425 0.1342
4 2.205 2.4409
4 2.595 1.9784
6 1.0575 0.9471
5 1.8075 1.6551
5 0.93 1.3579
6 0.15 0.228
5 2.16 1.8314
6 2.5425 2.4672
4 1.8825 1.5229
7 2.6625 2.7182
7 1.4325 1.2889
6 2.76 2.7939
6 2.1 1.948
6 2.6775 2.6797
4 2.3475 1.8774
4 2.8875 2.7234
5 0.0975 0.1782
6 2.655 2.668
5 0.9225 1.3532
4 1.02 1.4952
6 2.4825 2.3512
7 0.195 0.2056
4 1.35 1.6802
7 1.17 1.1025
6 1.785 1.5091
6 1.59 1.404
6 2.6925 2.7229
4 1.815 1.4222
5 2.895 3.0029
7 1.6425 1.4786
6 1.6575 1.7774
6 0.8025 0.9622
5 1.77 1.7859
6 0.5625 0.5876
4 0.7425 1.603
7 0.03 -0.0303
7 0.465 0.5247
5 2.5725 2.415
7 2.28 2.3779
5 2.745 2.7338
5 2.22 1.9809
4 1.83 1.4963
7 1.2375 1.5459
6 2.7525 2.7301
6 1.425 1.2239
7 1.1025 1.2112
4 1.035 1.6636
5 0.6525 0.6211
6 1.635 1.4891
4 1.89 1.3548
6 2.7825 2.7217
7 2.1975 2.0461
4 0.3675 0.2696
5 0.285 0.1886
6 0.3075 0.3708
4 1.6725 1.448
7 1.575 1.7116
4 0.9375 2.0439
5 0.405 0.4341
7 2.385 2.2389
5 1.68 1.4262
7 0.555 0.6639
7 0.435 0.4447
4 1.5525 1.6347
4 1.065 1.8239
6 2.595 2.4408
6 0.4125 0.3187
5 0.36 0.3839
4 1.5825 1.1999
5 2.88 2.5098
5 0.3525 0.387
5 1.5825 1.6635
5 1.5825 1.4275
4 1.2225 1.0953
4 1.6275 0.983
7 2.895 0.9612
4 0.69 0.6858
6 2.3325 2.3937
5 1.815 1.419
6 2.4 2.0669
5 0.1125 0.1227
7 0.1125 0.0904
7 2.6325 2.4856
6 2.4525 2.4285
7 0.645 0.7757
7 1.35 1.2361
4 2.3325 2.3368
5 2.025 1.6011
7 1.26 1.3812
7 1.695 1.4251
5 0.99 0.8734
5 2.16 2.0821
6 2.7 2.7255
5 1.3425 1.4348
6 1.785 1.2478
4 0.0825 0.0886
4 1.56 0.385
7 0.84 0.9084
7 1.7325 1.5925
7 1.9425 1.4927
4 2.8425 2.7556
6 2.9625 2.9466
4 1.5675 2.196
4 1.2825 1.0813
6 2.8425 2.8836
4 2.745 2.5182
4 1.4475 2.1146
7 0.5175 0.4717
6 0.6675 0.647
5 2.34 2.5593
6 0.255 0.2037
7 2.1525 2.0148
7 2.22 2.3294
4 0.6375 1.2781
6 0.1725 0.1705
5 1.1325 0.9276
5 2.3925 2.4174
6 0.03 0.0863
6 2.6775 2.5104
4 1.14 1.1759
5 1.98 1.5489
4 2.1075 1.5534
6 2.535 2.6055
4 0.0675 0.0807
5 0.24 0.3186
6 1.5225 1.4145
6 1.3425 1.7443
4 1.155 1.5545
7 0.7275 0.6798
7 0.5925 0.5794
5 2.805 2.7784
6 0.84 1.0759
6 0.51 0.5926
6 0.315 0.4604
5 1.2525 1.1184
4 0.99 2.1583
4 2.16 1.8577
5 1.545 2.016
4 2.1975 1.3216
7 1.0275 1.1761
6 0.78 0.7189
4 2.94 2.8421
4 0.405 0.3714
4 2.805 2.7781
6 2.565 2.5309
5 0.9675 0.9721
5 2.0325 1.4493
7 0.3825 0.3096
5 1.44 1.4281
4 2.5425 2.5137
7 1.4475 1.7018
5 1.215 1.3021
4 1.7925 2.192
7 1.305 1.7864
7 0.09 0.1757
4 1.8 1.3997
7 1.155 1.2366
6 0.9825 1.3379
7 0.9075 1.195
5 2.2425 2.4397
7 1.0425 1.4637
4 1.305 1.6587
5 2.3325 2.2143
5 2.16 1.5989
7 0.225 0.2734
4 0.5925 0.6681
6 1.035 1.2481
6 1.605 1.6318
7 0.495 0.4094
5 2.355 1.9605
7 2.6775 2.66
5 2.07 2.0714
6 2.5275 2.6118
5 2.88 2.857
4 1.32 1.8424
4 1.3725 1.7317
4 0.5325 0.5681
7 0.8925 0.9596
7 0.3525 0.294
6 0.0 0.0662
5 1.05 1.6817
6 0.9075 0.9627
6 2.985 2.9701
4 0.3075 0.2686
7 1.305 1.5432
6 2.2725 2.1086
6 1.8825 1.4546
6 2.0925 2.1371
5 0.465 0.5602
7 2.4975 2.5449
4 1.785 2.0033
5 1.4325 2.0342
5 0.33 0.3553
5 0.825 1.8861
6 2.2125 2.0381
5 0.5175 0.9037
6 2.82 2.8783
4 1.305 1.3481
7 0.6825 0.627
5 2.3475 2.0154
4 1.47 2.135
4 0.735 0.775
5 2.43 2.4068
5 2.1 1.8407
5 2.3475 1.6796
7 2.2125 2.2329
4 1.9725 1.5903
5 0.5175 0.6489
4 0.66 0.8567
7 2.9475 2.9443
7 2.9175 2.936
6 1.035 1.4622
6 2.7975 2.8072
4 0.1425 0.2454
7 0.1875 0.2844
7 2.7675 2.7633
4 1.245 1.5394
7 1.515 1.4808
5 1.3875 1.6244
6 2.1825 2.1386
7 1.3875 1.3848
7 1.5375 1.826
5 1.6425 1.5396
4 2.655 2.846
4 2.9025 2.8886
4 2.5875 2.4389
5 0.885 0.8974
5 2.0625 1.7232
4 2.6625 2.5678
4 1.98 1.9292
7 0.5775 0.5012
4 1.245 2.1764
4 0.3825 0.3742
7 0.4875 0.5305
4 0.645 0.7423
6 0.36 0.3248
4 2.955 2.7472
7 1.71 1.6829
4 0.3225 0.4602
7 1.11 1.0461
7 2.655 2.6216
5 0.66 0.9697
4 0.435 0.4652
6 2.64 2.6976
6 0.3375 0.3091
5 2.01 1.7802
7 1.455 1.146
6 0.69 0.9721
7 2.8875 2.9669
6 2.5425 2.6658
6 0.8325 0.9358
6 1.155 1.4042
6 1.455 1.4931
6 2.355 2.2503
5 2.7975 2.7964
7 2.85 2.9897
6 1.0575 1.0481
6 2.9175 2.8741
4 1.9125 1.7417
4 1.41 1.1806
5 1.5 1.5053
4 1.9725 1.6553
6 1.875 1.6502
7 0.975 1.4393
6 0.825 0.9542
4 0.1575 0.2147
7 2.04 2.0156
4 0.855 1.1198
5 2.37 1.9107
5 1.9875 1.6617
7 1.815 1.5186
6 2.7525 2.8529
7 0.1125 0.1224
6 2.775 2.6098
7 0.975 0.8915
6 2.8425 2.7854
6 0.1275 0.2009
5 1.0125 1.0598
4 1.2525 1.8288
7 2.0925 1.9275
5 1.8375 1.7251
4 0.78 0.919
6 1.185 0.8758
6 0.5625 0.5915
7 0.0375 0.0847
7 0.6525 0.6865
5 0.885 1.0865
6 2.55 2.4682
5 0.8475 1.3223
6 1.1625 1.3129
5 2.49 2.1551
6 2.355 2.3772
5 2.9775 2.9616
6 0.045 -0.0301
5 2.6475 2.7022
7 2.0475 1.9018
5 2.2725 2.4461
4 2.61 2.2052
6 0.27 0.2747
5 1.935 1.89
5 2.73 2.8105
5 1.0875 1.7521
4 1.035 1.7273
6 2.76 2.6693
6 1.185 1.4166
7 1.8675 1.4334
6 2.3175 2.3049
6 0.6375 0.6259
7 1.41 1.5839
4 2.2275 1.8627
7 2.445 2.3493
7 0.6525 0.6327
6 0.6375 0.7538
7 1.9875 1.9769
5 2.385 2.4706
5 1.44 1.4861
5 2.145 1.9369
5 1.3875 0.9976
7 2.0025 1.6915
4 0.705 0.57
5 0.765 0.606
6 1.8675 1.4798
6 0.21 0.1936
4 1.845 2.3715
7 0.87 1.0218
4 0.7725 1.0105
4 1.4775 1.359
7 0.225 0.2858
4 1.5975 1.7708
4 1.59 2.0088
6 1.3275 1.4026
5 1.5075 1.2507
6 1.905 1.8999
5 0.855 0.831
6 2.085 1.7515
4 0.7875 1.1144
6 1.32 1.4574
4 1.845 1.624
6 2.9625 2.9474
7 2.4675 2.6857
6 0.8175 0.5642
6 0.2475 0.199
7 2.145 2.1037
5 1.3875 1.2208
5 1.8375 1.7217
4 0.795 0.9466
4 2.0925 1.7355
7 2.325 2.2591
4 2.5575 2.7608
6 1.455 1.5859
6 2.91 2.8241
4 0.1275 0.227
4 1.845 1.1987
5 1.59 1.3738
5 2.73 2.4882
4 0.6975 0.5927
4 0.8925 2.0082
5 1.5075 1.3532
5 2.8725 2.8619
5 2.07 2.249
5 1.0875 1.2177
7 2.0925 1.8621
4 2.055 1.6208
5 2.1075 1.5581
6 0.36 0.2744
5 1.08 1.1031
7 2.8575 2.8345
7 2.76 2.6545
4 0.4575 0.5347
5 0.87 1.1184
6 0.5925 1.6101
4 2.1 2.5105
6 2.0175 1.7877
5 2.01 1.6142
5 0.7425 0.8776
7 0.87 1.0142
5 2.9475 2.9175
5 1.245 1.2291
5 1.2 1.8219
5 2.6925 2.6468
7 0.9225 1.0463
6 0.6225 0.6626
5 2.0325 2.1149
4 0.3075 0.1891
4 2.9775 2.7789
6 1.05 1.4225
5 1.5225 1.7972
5 2.295 1.6873
6 1.635 0.9474
6 0.735 0.7352
5 2.805 2.8299
7 1.485 1.4662
4 2.28 2.2724
5 0.03 0.2116
7 1.875 1.84
6 0.525 0.5784
4 0.0 0.0426
6 1.41 1.2244
4 1.305 1.6506
7 1.44 1.1585
4 0.0825 0.1096
6 0.78 0.8437
7 0.66 0.7463
4 2.28 2.4685
5 1.1775 1.6263
4 2.1825 1.9989
7 2.595 2.5886
7 0.555 0.5417
5 0.3 0.3874
6 2.535 2.5941
4 1.905 1.0072
6 2.5125 2.3996
6 2.4375 2.362
7 1.65 1.5818
4 1.755 1.4062
5 2.9925 2.794
7 1.515 1.467
5 0.525 0.5073
7 2.5275 2.5189
5 1.1175 1.2131
5 2.0475 1.9818
5 0.435 0.4155
4 2.6925 2.3834
4 0.9075 1.645
6 1.8825 1.9363
6 0.0675 0.0372
7 2.6775 2.6462
7 0.0225 0.0277
7 0.795 0.7461
7 2.985 3.0514
7 2.19 2.2752
7 1.245 1.1653
5 1.5975 1.8034
5 2.9925 2.8193
4 1.245 1.5779
5 1.0125 0.758
4 1.7175 1.8029
4 1.0575 1.5955
4 2.0625 1.3837
7 0.675 0.6982
5 1.125 1.2749
7 1.2225 1.2313
6 2.3025 2.1973
4 2.0475 1.4493
5 2.745 2.7652
6 0.42 0.3796
7 1.965 1.8033
4 1.0575 1.8436
4 2.8125 2.834
7 2.8425 2.9321
7 2.2875 2.3031
7 1.5 1.5414
4 0.765 1.3774
5 1.7325 1.703
4 1.275 1.1088
7 0.1875 0.152
7 0.525 0.4323
6 1.08 1.3414
7 1.6275 1.8625
7 1.0725 1.0701
7 0.03 0.0228
5 2.0775 1.4728
5 1.455 1.8191
6 1.7925 1.8224
4 0.0675 0.3615
5 1.935 1.7108
5 1.755 1.3373
4 0.255 0.5568
6 2.3325 2.2263
5 2.58 2.5591
5 2.415 2.2456
6 1.0425 1.7416
6 2.1675 1.6553
5 1.7775 1.3316
6 0.6375 0.66
7 0.4425 0.6278
4 0.6 0.5066
5 2.34 2.3283
6 1.275 1.2126
4 2.5125 2.5082
6 1.2675 1.4528
6 2.43 2.3983
4 0.015 0.1415
7 2.04 1.6481
4 2.655 2.8401
7 2.19 1.9579
6 0.42 0.4893
5 2.895 2.8991
6 0.0075 -0.0191
4 0.9375 1.4433
4 2.64 2.8316
4 0.6375 0.9043
5 2.985 3.0235
4 0.0375 0.1267
4 0.8175 1.8112
7 1.2075 0.9835
5 2.805 2.8559
7 0.12 0.227
6 1.65 1.6382
7 0.9375 0.8517
6 1.26 1.3591
6 1.4625 1.4653
4 0.8775 1.892
5 0.5175 0.5972
6 1.5375 1.0872
5 1.5 1.0889
7 0.435 0.4675
7 2.3925 2.3284
6 0.4425 0.3795
5 1.365 1.18
4 0.3675 0.3974
4 0.2475 0.2768
5 0.4275 0.3423
5 0.7725 1.1729
5 1.3575 1.0584
5 2.1375 2.195
7 2.07 2.1225
5 2.235 1.7211
4 2.6025 2.6654
7 2.7075 2.667
6 0.1725 0.1543
4 2.46 2.3087
6 0.8625 1.1421
6 0.2475 0.1439
5 2.19 2.1417
5 0.645 1.1279
4 1.9425 2.0339
7 1.425 1.1762
6 0.7425 0.8821
6 1.0725 1.5451
7 2.3475 2.1824
7 0.2475 0.2188
7 0.18 0.2024
7 0.5325 0.467
6 0.3225 0.295
4 0.75 0.8449
5 2.6775 2.5851
7 0.6975 0.7718
4 0.7575 1.4146
6 1.965 1.7078
6 0.405 0.3094
7 2.3025 2.2764
6 2.43 2.5024
6 2.3925 2.4347
5 0.3675 0.3396
7 2.295 2.2204
6 2.7525 2.79
7 0.54 0.5107
5 2.25 2.2202
6 2.7675 2.8425
4 2.49 2.0493
5 1.89 1.793
4 2.655 2.5213
6 1.065 1.0152
6 0.42 0.4523
5 2.0925 1.6854
4 1.485 1.468
7 2.685 2.5698
5 2.745 2.7289
4 1.89 2.0368
6 1.7325 1.5655
4 2.22 1.5853
5 2.13 1.8219
4 1.05 1.8762
7 1.71 1.4543
5 1.035 1.4894
5 0.9075 0.7862
6 2.5275 2.425
6 1.11 1.3372
5 0.9 1.0244
7 0.39 0.3495
5 2.685 2.6282
7 1.3125 1.4045
7 2.145 2.1099
5 0.36 0.665
5 0.1575 0.0935
4 0.375 0.6581
5 0.45 0.513
7 2.3925 2.488
5 0.1575 0.2879
6 1.095 1.2227
6 0.0525 0.0118
4 2.715 2.7701
5 2.4375 2.4894
4 2.0625 1.7428
4 2.9025 2.6125
6 2.7075 2.6882
7 1.47 1.3748
6 1.215 1.3198
4 1.7175 1.6268
6 1.9425 2.0178
4 1.77 1.6904
7 0.225 0.1929
6 1.7175 2.009
7 1.32 1.1683
5 0.9975 1.0352
6 0.045 0.1335
7 1.035 0.911
4 0.8475 1.4014
4 1.2 1.4427
5 1.98 1.6576
5 0.7125 0.7678
6 0.5175 0.6109
4 0.315 0.211
5 2.22 2.1371
5 0.2325 0.255
7 2.2725 2.3654
5 0.795 0.7038
6 1.86 1.5817
6 1.2225 1.6071
5 1.4475 1.5085
7 0.9675 1.1303
7 1.9425 1.6496
5 0.6825 0.6608
5 1.9575 1.5484
5 0.5925 2.3232
6 1.695 1.3801
4 2.4075 1.8988
7 1.6425 1.3803
7 0.72 0.9573
7 2.2275 2.3324
5 1.17 0.7818
7 2.13 2.1146
5 2.4675 2.3663
7 2.82 2.742
7 2.5275 2.3426
5 2.415 2.3631
4 0.1575 0.1231
5 0.1875 0.1984
5 0.6375 0.7206
4 1.065 1.579
4 2.76 2.8644
5 0.015 0.0238
7 2.655 2.5709
4 0.12 0.3571
4 0.5475 0.2008
6 2.88 2.7962
7 2.1975 2.1271
5 1.7175 1.778
7 2.955 2.9183
4 2.715 2.4244
7 2.0175 1.623
7 1.245 1.6215
6 0.9375 0.8665
7 0.2025 0.2283
6 1.2075 1.5827
7 0.33 0.4444
6 2.8725 2.8157
6 1.4325 1.9339
7 0.675 0.6902
7 1.08 1.1128
4 1.3275 0.9835
5 0.24 0.242
5 0.3 0.1693
4 2.13 1.4643
6 0.5625 0.5242
6 0.99 1.4694
6 1.3575 1.632
6 0.555 0.4927
7 0.975 1.0751
4 2.0175 1.4381
4 2.925 2.9341
5 2.22 1.8938
7 2.1525 2.3234
7 2.1375 1.8443
6 2.8575 2.8696
4 0.1125 0.1345
7 2.535 2.5486
7 1.3425 1.1508
4 1.3575 1.0962
5 2.0775 2.0543
5 2.9625 2.9139
6 2.835 2.8668
5 1.7625 1.7611
6 0.8625 0.8333
7 2.4075 2.4108
7 2.9175 2.9744
4 0.81 0.8689
4 1.3575 1.8091
4 2.4375 1.7017
6 2.4675 2.395
4 2.085 1.4986
6 1.485 1.6771
4 1.3875 1.0905
5 2.4075 2.2387
4 2.7525 2.7883
5 1.0275 1.3018
4 1.08 1.308
4 2.2125 1.8792
4 0.4575 0.5987
7 2.7525 2.8385
4 1.0875 1.9968
5 2.07 2.0915
7 0.2925 0.3241
6 0.09 0.0096
4 2.9025 2.8769
5 0.78 0.8433
5 1.29 2.2101
6 2.835 2.8574
4 1.1775 1.6547
5 0.42 0.3508
5 0.8775 0.6735
5 1.4925 1.2197
5 0.885 1.3081
5 1.9575 1.8531
4 2.9925 2.7648
5 0.855 1.5061
6 0.375 0.3368
7 2.7375 2.7217
4 0.7425 0.697
5 2.715 2.6406
4 0.2025 0.4933
5 0.8775 1.2384
5 0.645 0.7202
7 1.635 1.5268
6 2.1225 1.975
5 0.5475 0.3921
5 0.9825 0.9228
4 2.43 2.3
5 2.61 2.8052
6 2.16 2.1556
5 2.085 1.7209
7 2.9025 2.8774
5 0.9375 1.1946
5 0.45 0.5973
7 0.8625 0.9619
7 1.89 1.873
6 2.355 2.2494
6 1.3425 1.6412
5 1.1475 1.3798
6 1.665 1.4163
6 1.65 1.994
4 1.68 1.4198
6 1.5375 1.3991
4 1.29 1.4603
7 1.845 1.7364
5 0.87 1.4882
7 1.0875 1.2153
4 2.37 2.238
4 2.505 2.0985
6 0.99 0.9972
5 0.6375 0.8015
5 1.5525 2.031
7 1.0425 0.8749
6 0.8925 1.6888
5 0.345 0.408
6 1.395 1.6919
6 1.1775 1.7436
4 1.005 1.4475
5 2.13 1.775
7 0.81 0.933
5 1.02 1.73
6 2.1075 1.3906
6 0.3375 0.3528
5 1.1025 1.2033
4 0.1875 0.1128
6 1.365 1.5885
4 1.5975 1.3296
7 2.7 2.7915
7 0.99 0.8502
7 0.7425 0.747
5 1.455 1.0323
4 0.8925 0.4553
7 1.2375 1.2737
5 0.945 1.3198
7 2.91 2.931
7 0.7575 0.7214
6 0.0825 0.0366
6 1.3875 1.4821
4 0.165 0.0892
5 2.19 1.5117
7 0.4425 0.497
6 2.7375 2.5837
6 2.025 1.8752
4 1.89 1.8826
7 1.8375 1.7581
6 1.95 1.3772
4 0.4275 0.5909
5 1.14 1.3056
5 0.72 0.7242
6 2.9925 3.0659
6 1.4925 1.2872
4 1.7175 1.4466
7 0.66 0.6485
4 0.09 0.1641
7 1.845 1.8785
7 0.3 0.2287
6 0.12 0.1073
4 1.0875 1.471
5 1.2975 1.6678
4 1.41 1.3855
7 2.775 2.7507
4 1.83 1.7208
7 2.715 2.7311
4 1.3125 1.2204
4 0.0225 0.2609
4 0.495 0.2311
7 2.73 2.6801
7 2.07 2.1075
5 1.7775 1.836
5 0.03 0.1308
7 0.45 0.4467
6 2.3925 2.3503
6 2.5425 2.4141
7 1.1025 0.9234
5 2.01 1.673
5 2.3775 2.2166
5 0.135 0.168
6 1.11 1.4653
4 0.585 0.8832
4 0.24 0.3598
6 0.5925 0.587
7 1.335 1.5061
7 2.1675 1.9826
7 1.5225 1.6342
5 2.565 2.4667
6 0.9225 1.2614
4 0.075 0.0683
4 1.965 2.017
6 2.3925 2.3482
5 2.3475 2.4399
6 0.045 0.0301
7 2.7975 2.8464
5 0.3675 0.4476
6 2.49 2.4339
7 1.125 0.8852
4 1.17 1.6365
7 1.08 1.3596
5 0.315 0.2759
5 2.34 2.4612
4 1.5375 0.9602
4 1.8975 1.9992
7 2.355 2.3308
4 0.4875 0.7547
7 1.8225 1.863
6 1.215 1.1215
4 0.165 0.3169
6 0.6975 0.6573
6 0.21 0.2911
6 2.7675 2.8186
4 0.8625 1.1091
6 0.18 0.1417
4 0.7425 0.7129
7 2.055 2.0661
5 1.155 1.5197
5 0.2475 0.1961
6 1.6275 1.7771
7 0.765 0.7797
4 0.5925 1.6927
4 0.135 0.0731
6 1.1925 1.9223
5 2.2725 2.193
5 1.7775 1.7807
5 0.5625 0.7755
4 2.205 1.9564
7 1.5675 1.2476
4 1.6575 2.1846
7 2.07 2.0097
4 0.615 1.5152
6 2.1375 2.0724
6 0.555 0.7686
7 2.4225 2.3469
7 0.4575 0.4685
7 0.135 0.1344
5 2.8875 2.8866
7 0.3675 0.4373
4 0.195 0.225
7 2.79 2.7978
4 1.725 1.6882
5 1.605 1.9429
5 0.1575 0.2624
6 2.67 2.8308
5 0.9375 1.7018
4 1.0425 1.51
6 0.33 0.2992
4 2.5425 1.8364
7 1.485 1.7844
6 0.5925 0.5972
4 2.04 1.7016
5 2.76 2.7662
7 0.7875 0.7724
7 1.4625 1.2982
6 1.605 1.5595
6 0.3675 0.3587
6 0.405 0.5359
6 2.5125 2.3901
6 2.145 2.1176
4 2.715 2.7052
7 2.37 2.4547
4 2.85 2.5902
6 0.345 0.3662
7 1.4325 1.3798
6 0.45 0.355
5 1.005 1.1072
4 2.0175 1.4568
4 1.56 1.4358
7 1.86 1.6663
7 1.6725 1.5468
6 1.95 1.9417
7 0.6075 0.7241
6 0.7125 0.6167
5 0.5925 1.1142
7 0.72 0.6049
6 2.28 2.2164
4 0.8775 0.9973
5 2.505 2.5253
7 0.54 0.6133
7 1.1025 1.448
7 2.8575 2.8101
7 0.5925 0.6011
7 0.1425 0.1637
4 1.9275 1.566
5 0.63 0.7261
7 1.725 1.9831
4 0.6975 0.3106
4 1.38 1.2558
4 2.49 2.122
5 1.425 0.9346
5 1.38 1.7009
5 1.35 1.324
6 1.1025 1.1139
5 2.19 2.153
6 2.955 2.8895
4 0.5475 0.6026
7 0.3975 0.4067
4 1.7625 1.6154
4 1.9575 1.629
4 1.3875 1.6678
7 0.6 0.6048
5 1.4025 1.4717
4 1.5675 1.2265
4 0.0375 0.153
7 1.155 1.2534
4 1.695 1.4563
6 0.3375 0.4142
7 2.37 2.3811
4 2.325 2.3684
5 2.2275 2.165
7 1.9275 2.0658
5 0.225 0.2019
6 0.2775 0.198
7 0.0525 0.0302
7 0.8775 0.9031
4 1.8075 1.2667
7 0.36 0.2678
4 2.235 2.0073
5 2.34 1.6128
7 0.9375 0.7871
7 1.545 1.591
4 0.3075 0.4084
6 2.5125 2.4126
7 1.89 1.6091
6 0.9975 1.1024
5 2.625 2.5928
5 1.05 1.0276
5 2.2425 2.2435
7 2.295 2.2083
7 0.42 0.3093
6 2.265 2.269
7 2.4 2.3703
5 1.245 1.4927
6 2.715 2.6594
6 0.3 0.4246
7 0.915 0.926
7 2.1375 2.2984
6 0.225 0.2246
7 1.89 1.9783
7 2.9475 2.881
6 2.025 2.2732
6 1.2525 1.5978
6 0.3 0.2266
5 2.94 2.9337
7 1.56 1.33
6 1.9575 1.3827
5 0.1725 0.3378
4 2.115 0.9205
6 1.44 1.6588
6 1.4175 1.5292
7 2.2725 2.3076
5 0.2775 0.1824
6 2.0625 1.8319
5 2.1675 2.1699
4 2.535 2.5426
6 0.09 0.2985
7 1.515 1.5853
5 1.0725 1.6956
5 1.11 1.3991
4 1.4025 1.4472
5 2.4975 2.3146
6 1.515 1.5516
6 2.0625 1.8619
7 2.1525 2.3492
5 1.3425 1.1407
4 2.5275 2.4647
5 1.125 1.5835
4 1.485 1.3292
5 0.06 0.0893
4 0.63 0.8932
4 1.23 1.6581
7 1.4025 1.4526
5 0.315 0.1763
4 1.725 1.0073
6 1.0575 1.1999
6 1.365 1.7895
4 2.1675 1.9133
6 0.15 0.0414
6 0.78 0.5722
6 2.295 2.1921
6 1.0875 1.0613
6 1.935 1.1355
4 0.105 0.2278
7 2.46 2.53
4 0.21 0.2161
4 0.6 0.9076
6 2.28 2.3428
7 1.77 1.6907
7 2.7375 2.7315
4 1.83 1.3911
5 1.1325 0.7863
4 1.905 1.7471
4 2.115 1.6396
5 2.85 2.8896
7 2.94 2.9329
7 2.7375 2.7856
5 0.525 1.061
7 2.4975 2.6211
4 1.365 1.1403
6 2.7825 2.8345
5 0.4575 0.6579
4 2.94 2.8987
6 1.14 1.3833
4 2.5875 2.5839
7 2.805 2.7245
7 1.5225 1.3912
6 1.6125 0.8942
6 2.145 1.5728
4 1.89 1.3278
4 0.675 1.0018
6 1.995 1.7124
5 0.0225 0.0779
4 2.715 2.6456
4 2.7975 2.705
4 0.36 0.3117
5 0.105 0.1261
5 1.125 1.4413
7 0.27 0.362
4 1.185 1.44
6 2.295 2.4411
5 1.7625 1.5572
7 1.635 1.6606
5 0.9375 1.465
7 2.37 2.3717
7 1.68 1.5756
6 1.7625 1.3806
6 1.9125 1.4245
5 1.6575 1.54
7 0.8775 0.8619
5 0.2625 0.3031
7 1.155 1.2143
6 0.99 1.3422
4 2.0625 1.2983
6 1.155 1.5329
4 0.7125 1.3814
6 1.2975 1.4945
5 1.65 1.5995
7 2.6475 2.646
7 0.6975 0.6792
5 0.42 0.4224
6 1.65 1.7802
6 1.125 0.7177
6 0.8325 1.0539
7 1.5825 1.6631
4 1.695 1.5377
7 2.625 2.656
4 0.5775 0.4869
5 2.3775 2.2133
5 0.975 0.9676
7 2.8575 2.805
6 2.31 2.2086
5 2.895 2.7689
7 2.16 2.2723
5 0.9825 1.2848
5 0.1425 0.2409
6 1.7175 1.5567
7 1.155 1.343
7 2.235 2.2128
6 0.585 0.6544
7 0.3975 0.467
6 2.76 2.8086
5 1.005 1.4805
5 0.87 0.4383
7 2.9025 3.0004
6 1.86 1.2987
7 1.4025 1.3512
7 0.1425 0.084
6 2.835 2.8627
6 0.255 0.2546
4 2.5725 2.4665
4 0.12 0.1131
7 2.0475 2.2101
7 1.545 1.6444
7 0.5625 0.5444
5 1.3425 1.6842
6 1.9125 1.7105
7 0.9 0.9048
5 2.55 2.5668
4 0.99 1.7257
7 2.7825 2.8353
7 0.075 0.0444
5 2.1075 1.9387
7 2.6025 2.5835
6 0.54 0.4773
5 2.6775 2.7497
7 0.0225 -0.0262
5 0.435 0.6701
6 1.05 1.4337
4 1.6425 1.0372
4 2.6325 2.5944
7 0.33 0.2496
4 1.92 0.4577
5 2.4225 2.1917
7 0.1575 0.1627
4 0.4725 0.8828
6 1.71 1.2808
5 2.85 2.9385
4 1.545 1.5745
6 0.78 0.97
6 0.54 0.4727
6 1.155 0.9389
6 2.3925 2.4107
4 0.0075 0.2495
7 0.0675 0.0359
6 2.9025 2.8702
7 0.8175 0.9529
7 2.3775 2.3086
5 2.9925 2.8601
5 0.84 1.2255
5 1.6575 2.2786
7 1.53 1.5286
6 2.565 2.5412
7 0.765 1.073
5 1.0575 0.8843
5 0.1875 0.1896
5 1.7025 1.6983
5 2.9475 2.9634
4 1.545 1.4689
7 2.2425 2.3334
7 0.5475 0.6682
6 0.8625 0.641
6 1.455 1.3623
6 0.525 0.4117
6 0.24 0.1402
5 0.7425 0.9341
5 1.5975 1.0995
5 1.9725 1.7956
6 2.8725 2.871
7 0.54 0.4358
5 2.9025 2.9185
4 2.28 2.2126
5 1.0875 1.4909
7 2.1 2.1838
6 2.9625 2.8678
6 2.8575 2.9616
6 1.6275 1.8746
5 2.5575 2.5544
4 0.2625 0.0803
7 2.1525 2.0562
6 1.095 0.9964
6 1.515 1.2146
5 1.4775 1.6924
5 2.6475 2.6906
4 1.035 1.4602
5 1.65 1.7316
7 0.675 0.6435
5 0.375 0.2722
7 2.82 2.7764
7 1.74 1.6068
4 2.7075 2.4942
5 1.0125 1.0967
5 0.315 0.3423
6 0.735 0.6275
5 2.5425 1.9635
4 1.5825 1.2699
4 0.015 0.0701
4 1.1325 1.2509
7 0.4425 0.3662
5 1.2 2.1081
7 1.5525 1.536
4 0.3375 0.2897
7 0.9 0.8193
5 1.2675 1.3474
7 2.6625 2.6704
5 2.235 2.1311
4 2.3775 2.467
7 1.3125 1.313
6 2.28 2.0239
4 2.895 2.9873
4 0.105 0.3131
4 0.3375 0.4478
5 2.1525 2.047
4 1.4925 1.8481
6 2.88 2.8109
7 0.81 0.9093
7 0.81 0.7243
6 2.955 2.9177
6 2.3025 2.0587
4 0.9075 1.4747
6 0.4875 0.5532
6 0.24 0.2186
5 1.5975 1.3427
6 1.68 1.3312
5 2.79 2.9063
4 1.1775 1.7685
4 0.495 1.3237
4 0.4875 0.6044
4 0.4725 0.4807
4 2.6025 2.6636
5 0.6525 0.8223
5 1.9275 1.744
4 2.22 1.7258
7 1.4775 1.6097
7 0.1425 0.2155
6 1.425 1.767
5 1.545 1.0954
5 2.8275 2.7754
7 0.1125 0.0516
6 2.34 2.281
6 2.955 2.9583
5 1.875 2.1195
5 1.8675 1.9753
4 1.2075 1.2959
7 1.0725 1.1041
5 2.8275 2.9454
7 0.09 0.0476
7 0.975 0.9765
4 2.8875 2.765
7 2.7975 2.8032
7 1.425 1.5892
6 2.7825 2.8446
6 0.48 0.4435
5 0.7125 0.8054
6 0.3075 0.4511
6 1.3125 1.38
5 2.1675 1.65
4 0.675 0.7688
4 1.755 1.3611
7 0.15 0.1713
5 1.335 1.9376
7 0.51 0.5142
5 1.785 1.5356
6 2.505 2.567
4 1.2975 1.4921
6 0.36 0.2863
4 1.7025 1.9515
5 2.205 1.836
5 1.5225 1.477
5 0.975 1.4015
7 1.875 1.8675
6 2.16 1.8508
6 2.775 2.801
4 0.8175 1.2353
7 0.1425 0.1599
6 2.595 2.6167
7 2.175 2.1404
7 0.7875 0.8747
6 2.22 1.8493
7 1.5075 1.7056
7 0.39 0.2996
4 1.1625 1.5287
5 0.9225 1.2662
7 1.8675 1.7549
7 1.875 1.6117
4 0.405 0.4025
4 2.28 1.44
4 2.4975 2.6206
5 0.7725 1.0117
7 2.5575 2.5237
5 1.035 1.6656
7 0.4575 0.4996
6 2.1675 1.687
4 0.06 0.3013
4 0.69 0.9793
7 1.35 1.5474
4 1.035 1.3513
5 0.5175 0.4772
7 2.955 2.8993
4 1.7175 1.6196
7 2.4825 2.4585
6 0.4575 0.6276
4 0.3675 0.1856
4 1.6725 1.7898
7 0.0975 0.1772
5 2.97 2.8536
4 1.095 1.21
5 1.2525 1.2658
6 2.4 2.3305
6 0.585 0.5813
7 0.735 0.8558
6 0.36 0.1857
6 0.825 0.8405
6 1.065 1.1699
7 1.0575 1.2679
5 2.325 1.7666
5 1.755 1.4391
5 0.2775 0.1311
4 2.4825 2.6533
5 0.54 0.3401
6 1.8 1.5032
6 0.06 0.0234
6 2.01 2.216
6 1.53 1.5813
7 2.6025 2.5756
6 1.53 1.2217
4 0.7575 1.4718
6 0.2025 0.1846
5 0.8775 1.4279
4 2.7825 2.7194
7 2.49 2.4468
4 1.035 2.3677
5 0.7575 0.842
6 1.5075 1.3133
4 2.94 2.7707
6 1.89 1.9429
6 2.13 2.1905
4 0.3375 0.1223
6 2.715 2.7103
5 1.1025 1.6223
6 0.645 0.7005
5 1.6275 1.3316
4 0.6825 1.0095
4 2.37 2.1437
5 1.56 1.8758
6 1.665 1.3817
6 2.745 2.6425
6 1.3875 1.5934
7 2.07 1.6169
7 1.35 1.5556
7 1.485 1.9823
7 1.08 1.148
4 1.845 1.6064
6 0.525 0.6679
5 2.37 2.5942
5 0.78 0.8274
5 0.975 1.6045
7 1.8 1.8333
7 2.1675 2.1703
6 0.7125 0.5772
4 1.6125 2.5172
5 1.8975 1.8901
4 1.5675 1.8531
6 2.61 2.6445
4 1.2375 1.4581
5 2.835 2.8854
7 0.6375 0.6383
5 0.6 0.7241
5 2.6475 2.6312
4 0.39 0.271
7 2.2425 2.1586
7 2.385 2.4027
6 2.325 2.1748
5 2.415 2.6569
5 1.29 2.1131
4 2.055 1.4733
4 1.89 1.8563
5 0.0525 0.016
6 1.5525 1.6043
5 1.29 1.7129
7 2.0025 2.0695
6 0.255 0.1193
4 0.3525 0.2856
5 2.1525 1.6694
6 0.195 0.132
5 1.5675 1.3403
5 1.605 1.8895
4 2.4375 1.9857
6 1.32 1.5821
4 0.615 0.9039
6 0.9825 0.9249
6 0.27 0.2846
5 2.22 1.9748
5 0.21 0.3055
5 1.8975 1.6768
4 1.3425 2.4035
6 1.9275 1.6195
7 0.45 0.4275
7 2.3925 2.3259
6 1.7175 1.7774
6 2.1675 2.0291
4 0.8925 1.5903
4 0.8175 0.9357
7 1.065 1.4751
4 1.23 0.9218
5 0.24 0.2782
6 0.75 0.658
6 1.665 1.849
6 1.9575 1.4635
5 2.9475 2.9177
5 1.5075 1.7807
5 0.615 0.5821
4 0.57 0.3701
6 0.885 0.9807
4 2.6175 2.3685
4 0.765 1.4752
6 1.095 0.7791
4 1.6275 1.7807
7 1.605 1.4735
5 2.6325 2.5993
5 0.585 0.6483
6 1.5 1.797
4 0.765 0.7576
6 1.9125 1.7261
6 2.52 2.5016
7 1.7925 1.5611
6 0.495 0.4967
5 1.455 1.6892
7 0.5925 0.6739
4 1.6425 1.523
4 0.03 0.2949
5 0.8325 0.9989
5 1.1625 1.7279
7 0.435 0.3652
5 2.07 2.1827
4 0.06 0.0849
4 2.985 2.8833
4 2.475 2.2532
7 0.7425 0.7148
5 1.6275 1.7179
7 1.02 1.2011
7 1.3425 1.5596
7 0.57 0.4937
5 0.705 0.9849
5 2.1375 2.3814
5 0.345 0.4829
5 1.4025 1.6007
4 2.415 2.2642
7 2.205 2.1457
5 2.475 2.4834
6 0.4725 0.461
6 2.2575 2.2223
5 1.7175 1.3641
4 0.6075 0.9362
5 1.245 1.6172
7 1.4325 1.8403
6 1.095 1.2791
5 1.5675 1.0613
7 2.6625 2.577
4 2.9625 2.9068
6 1.5975 1.3051
6 1.23 1.1443
7 1.02 1.2307
5 2.9625 2.7697
5 2.0775 1.8592
7 1.5 1.4315
6 2.01 1.7996
5 0.2475 0.3528
6 0.8925 1.0004
6 0.3 0.2764
4 2.205 1.4352
4 2.1375 2.2833
6 2.97 2.9213
7 1.17 1.2917
4 2.9925 2.921
4 2.055 1.8594
5 2.3025 1.907
7 1.245 1.3216
6 2.73 2.7599
5 2.1375 1.9864
6 0.9975 1.1934
5 0.345 0.5592
6 1.605 1.3913
5 2.0475 2.1623
7 1.17 1.6088
6 0.6225 0.7421
6 1.575 1.6275
4 0.3825 0.4676
5 1.23 1.6991
5 0.315 0.3702
7 2.385 2.3089
5 1.575 1.4449
4 2.3625 2.0074
4 1.2225 1.0995
6 1.5825 1.8324
6 1.965 1.997
7 2.04 2.0957
5 1.17 1.5245
7 2.8425 2.8995
7 0.7125 0.7718
7 0.495 0.4465
7 1.23 1.585
7 0.84 0.8941
4 2.2875 2.3299
4 1.575 1.5194
5 1.755 1.6289
6 1.92 1.6518
4 0.9375 1.0019
4 2.1525 1.3673
7 1.425 1.3439
5 0.975 1.9336
5 2.4825 2.5389
7 1.275 1.6026
6 2.5875 2.5982
4 1.7775 1.3181
4 2.2275 1.9336
4 0.915 1.8189
7 2.5275 2.5879
4 1.5675 1.7875
4 2.7825 2.7982
7 1.38 1.3149
5 2.6775 2.6009
5 0.1125 0.0528
5 1.53 1.6089
4 2.7225 2.6112
5 2.175 1.4015
4 1.4475 1.7462
5 0.45 0.5912
7 2.2575 2.1712
5 1.8225 1.7907
5 2.115 1.3721
7 0.69 0.6457
5 2.85 2.8853
4 0.375 0.6051
7 1.2675 1.3918
4 2.76 2.8628
4 1.995 1.4948
4 1.515 1.3974
6 0.765 0.8865
5 1.38 1.4191
4 1.425 1.3614
4 1.83 1.8978
4 1.8375 2.05
4 0.12 0.1442
4 0.27 0.2954
6 2.6175 2.6061
5 2.115 1.797
7 1.2975 1.4581
6 0.1725 0.2095
4 1.755 0.6451
4 1.7925 1.4662
7 1.4475 1.4375
4 0.78 0.3214
5 2.46 2.6908
7 1.515 1.6524
4 1.7925 1.9114
7 2.1225 2.0517
7 0.075 0.2256
5 2.655 2.735
7 1.5 1.4219
6 1.44 1.6537
4 1.815 1.6796
4 1.9275 2.0044
7 0.0375 0.0228
4 2.325 2.3195
6 1.1475 1.2925
4 2.7375 2.7029
6 1.905 1.4172
5 2.175 2.1824
4 2.8425 2.7718
4 1.215 1.567
5 1.905 1.5127
5 1.05 1.3599
6 1.68 1.6553
4 0.3675 0.3686
5 0.0525 0.2529
4 2.82 2.8487
5 2.6325 2.7471
6 2.535 2.5439
5 0.45 0.3979
6 2.37 2.3739
6 0.4425 0.4599
7 0.6 0.6464
5 0.135 0.0378
7 1.53 1.6555
4 1.5 2.0077
5 2.7525 2.8172
5 2.835 2.7992
6 2.16 2.1906
7 0.4275 0.5465
4 1.0275 1.3414
5 1.485 1.6037
7 1.4775 1.5888
5 1.2375 1.2357
6 1.7325 1.9504
7 2.5725 2.5759
5 1.17 0.951
4 0.285 0.2344
6 2.685 2.6116
5 1.17 1.5971
7 2.13 1.9503
4 2.1375 2.1223
7 2.37 2.3562
6 2.9475 2.9256
4 1.0575 1.3191
6 2.805 2.8407
7 2.4975 2.4693
4 1.845 2.4917
5 1.2825 1.3149
4 1.7325 1.5367
6 1.995 1.9054
7 2.2275 1.9775
5 0.21 0.1648
4 1.98 1.5186
6 1.425 1.3347
5 0.8625 0.6317
7 1.47 1.672
6 2.205 2.2516
4 0.225 0.1311
5 2.94 2.9758
4 0.9825 1.1662
6 2.295 2.391
4 2.46 2.0017
5 1.8075 1.2765
4 1.8225 1.5631
4 1.0275 0.8839
5 1.545 1.759
5 2.0775 1.9106
6 2.52 2.4323
7 1.8825 1.9918
4 1.2975 1.6265
7 2.055 1.5951
7 1.335 1.4569
7 0.0075 -0.0094
5 1.455 1.3507
4 2.0025 1.5485
5 1.62 1.3917
6 1.2375 1.6984
7 0.57 0.6317
5 1.8525 1.432
6 1.995 1.6232
7 2.01 0.2897
4 0.315 0.4221
5 2.7225 2.7282
4 2.985 2.6448
6 2.2125 2.1165
4 1.3275 1.9556
7 2.8575 2.8169
6 0.3975 0.5187
4 2.67 2.7619
6 0.63 1.0914
7 2.82 2.9002
5 1.62 1.5518
6 2.4375 2.3264
5 1.4625 2.0066
4 2.49 2.1724
6 0.84 0.7921
7 0.6 0.5857
7 1.185 0.9498
4 1.9725 1.8131
5 0.915 1.0536
7 1.905 1.4516
5 0.87 1.0713
4 0.9075 1.4168
7 1.6575 1.4509
6 0.6675 0.8203
5 2.1675 2.2608
6 2.4075 2.3766
4 2.0625 2.0032
6 1.6425 1.6328
4 1.815 0.8357
4 2.925 2.6737
4 2.9175 2.9059
7 1.1175 1.1318
6 1.9125 2.0586
4 1.6725 0.9267
4 1.6275 1.8909
6 1.455 1.6622
6 0.03 0.042
7 0.825 0.8396
4 1.065 1.1447
7 2.43 2.4884
5 0.33 0.3873
4 2.7975 2.4175
7 0.3 0.2335
6 1.32 1.1707
7 0.675 0.6115
4 0.6225 0.9445
4 1.5 1.6139
4 2.6625 2.6247
5 0.6975 0.646
7 2.1 2.2326
6 1.98 1.8937
7 2.5875 2.6214
6 0.735 0.812
4 2.715 2.7599
6 1.2525 1.2299
7 1.6875 1.3195
7 1.71 1.5076
6 2.685 2.6126
7 0.36 0.3749
4 1.65 1.4747
6 0.765 0.8421
5 1.2525 1.5311
5 1.7625 1.5924
7 2.25 2.1623
5 0.495 0.4549
6 0.765 1.0898
7 0.975 1.3151
6 1.41 1.4213
6 0.8325 0.9674
4 2.88 2.7108
5 1.6575 0.9726
6 1.62 1.5371
4 0.945 0.7539
4 2.1375 1.7093
5 2.16 1.3806
4 2.8575 2.8126
4 2.565 2.7638
6 0.3975 0.4832
7 1.9725 2.1391
6 2.745 2.8674
4 1.4025 1.1273
7 1.845 1.5711
7 2.49 2.4958
7 2.8875 2.9233
6 1.0725 1.2373
4 1.605 1.396
6 1.8675 1.8298
5 0.045 0.1118
4 1.4925 1.5496
7 1.17 1.1221
6 2.67 2.6649
7 1.0425 1.2118
7 2.1075 2.0638
6 1.8375 1.3868
6 1.26 1.1443
7 0.6525 0.6793
6 1.3425 1.6303
4 0.57 0.4935
7 1.9425 1.7239
4 1.98 1.7619
4 1.0425 1.5151
6 0.2475 0.2683
5 0.03 0.0548
4 0.2925 0.1251
4 2.8275 2.7632
7 1.5975 1.7178
4 0.9975 1.5753
4 1.68 1.378
5 2.6775 2.9039
4 0.105 0.1417
7 0.4575 0.5209
7 0.8925 0.9627
7 1.1775 1.0893
6 2.4375 2.4612
5 2.9625 2.8986
7 1.1025 1.5366
6 2.19 2.2915
7 0.0225 0.0441
6 2.475 2.4485
6 1.665 1.6728
6 0.8025 0.8025
5 1.68 1.78
7 0.78 0.7001
6 0.9675 1.2017
7 2.925 2.9797
5 0.345 0.4471
5 2.94 2.8387
6 2.5575 2.5879
7 0.8775 1.1266
4 0.4725 0.6362
6 0.1425 0.0141
5 0.195 0.1351
6 1.8 1.5812
7 0.945 1.1568
7 0.255 0.2529
5 1.545 1.4896
6 0.195 0.0837
7 0.795 0.5786
7 1.8375 1.4914
4 1.3725 2.5876
6 1.7925 1.5894
7 1.5075 1.4532
4 2.5275 2.3488
4 1.0875 0.7279
7 2.1 2.1139
7 2.685 2.6914
4 2.8125 2.8349
4 2.9175 2.8942
7 2.145 2.0332
4 2.9925 2.9422
7 2.7975 2.7778
4 2.16 1.6492
7 2.94 2.9103
6 1.605 1.6946
4 0.2175 0.2033
6 1.725 1.6395
7 2.805 2.819
5 0.5175 0.6197
5 1.59 1.3999
7 1.0425 1.0044
4 1.575 1.5858
4 0.945 1.1047
6 2.4825 2.5566
4 0.7125 0.7243
6 2.7675 2.6679
4 0.7275 1.1914
5 2.9025 2.8676
6 2.8275 2.7412
7 1.5975 1.4471
7 0.7875 0.7082
6 1.56 1.4756
4 2.7675 2.8545
7 1.9425 1.7638
4 2.7225 2.6554
5 2.2125 2.3748
6 2.1675 2.1969
7 1.965 1.3444
7 1.8075 1.6391
6 0.015 0.0963
5 2.8425 2.9177
4 1.14 1.4186
6 0.945 1.1581
4 1.305 0.774
6 0.09 0.1387
5 2.475 2.4536
4 2.4225 1.591
6 1.1475 1.444
4 2.22 2.3343
7 1.515 1.2994
4 1.9875 2.2604
4 0.585 0.8461
4 1.7325 1.404
6 2.205 2.233
5 1.7625 1.7797
7 2.5875 2.5553
6 1.635 1.176
4 2.3625 2.248
5 2.5125 2.5784
6 2.205 2.2416
4 0.8775 1.5509
5 0.495 0.4088
7 1.5975 1.4133
4 2.49 2.6277
6 0.525 0.4937
7 1.575 1.5
6 2.415 2.5032
7 0.255 0.3025
4 2.49 1.6872
4 2.7825 2.5533
5 1.9125 1.5778
6 1.3725 1.4548
7 2.5125 2.5779
5 1.4925 1.9127
4 2.0775 1.6545
6 2.1675 2.0849
4 1.86 1.1628
4 0.7875 1.4351
7 2.1075 1.6012
4 0.855 1.2895
6 1.2675 1.0469
6 1.0125 0.9309
7 0.225 0.2818
7 1.9875 2.176
4 0.1575 0.0995
5 2.19 1.9385
6 1.0875 1.0749
4 2.4825 2.9117
5 0.7275 0.3899
6 0.39 0.3829
6 2.61 2.6418
7 1.5075 1.3462
6 2.325 2.2982
5 2.6325 2.7231
5 0.105 0.0376
6 1.425 1.4703
4 0.81 0.8594
7 2.34 2.2854
5 1.5525 1.8838
7 2.6625 2.6578
6 2.745 2.7697
7 1.2 1.2422
7 0.7875 0.855
5 0.15 0.1054
5 0.1875 0.2295
4 0.66 0.6894
4 2.0175 1.7247
7 0.735 0.873
5 2.7525 2.4157
6 0.3075 0.4092
6 1.935 1.6884
4 1.2075 1.0969
6 2.235 2.3033
7 1.4625 1.6855
6 2.0925 1.7724
6 1.08 1.4922
6 2.7975 2.779
5 0.4275 0.3121
7 2.2275 2.2586
6 0.945 1.3341
7 1.5225 1.969
7 0.5925 0.6366
4 2.8575 2.2881
4 1.1175 1.2833
6 1.7925 1.3
7 1.02 1.1159
6 2.745 2.5156
7 0.21 0.2142
4 0.51 0.4967
6 1.0275 1.1106
5 2.01 1.9238
7 0.4875 0.4288
6 2.865 2.8928
4 2.1975 2.2661
5 1.605 2.1443
5 1.605 1.421
7 1.4625 1.8938
6 0.6825 0.5791
5 2.55 2.7708
4 0.7125 1.4121
4 1.9425 2.3666
4 0.435 0.5746
4 2.34 2.0366
6 0.6225 0.711
6 0.165 0.1216
4 1.215 1.1898
6 0.3375 0.3693
6 1.5675 1.502
5 2.91 2.9239
5 0.945 1.3159
6 1.2675 1.4379
5 2.925 2.981
5 0.4725 0.3873
6 0.1575 0.3096
7 2.3325 2.1526
4 1.6125 1.1988
6 0.1575 0.1278
7 2.775 2.7687
5 0.81 1.1364
4 1.2825 1.277
7 1.7775 1.3869
4 0.7875 2.1728
4 0.2625 0.4052
4 1.6875 1.4656
4 0.6 0.8443
7 0.5325 0.5907
4 0.825 0.5915
4 0.9375 1.044
7 2.9925 2.9255
6 1.4925 1.5796
4 2.775 2.5914
7 1.77 1.7164
5 1.575 1.9384
6 2.31 2.245
6 0.03 0.0332
6 2.6175 2.7102
6 1.515 1.1043
4 2.3775 1.9224
6 0.8175 0.8885
5 0.795 1.0436
4 2.4075 2.011
7 1.9725 2.151
6 1.3125 1.4248
7 0.9375 1.0715
6 1.9425 1.9436
7 2.4525 2.5416
4 0.135 0.1786
7 0.72 0.8368
4 0.6975 0.8453
7 2.6775 2.6289
4 2.3925 2.3641
4 2.6325 2.7892
5 2.925 2.9576
5 2.805 2.7627
7 0.75 0.8081
6 2.1075 2.2635
6 1.815 1.9137
6 1.4775 1.8659
5 0.9225 1.3514
5 0.9 1.4757
7 1.035 1.1803
5 1.26 1.3934
5 2.2425 1.9243
7 2.4825 2.4679
7 2.565 2.4936
7 0.8025 0.9516
6 2.91 3.0169
6 2.46 2.5458
7 0.735 0.8757
5 0.5925 0.4805
6 1.0875 1.1656
4 2.4375 2.0485
7 2.6925 2.6963
7 0.8475 1.0034
4 1.245 1.2917
5 2.685 2.7194
7 0.72 0.6964
4 0.5325 1.0667
4 0.9 1.5306
5 2.805 2.7932
7 0.09 0.0834
5 1.92 1.9821
7 1.515 1.6627
7 0.81 0.9657
7 0.4575 0.4832
4 0.12 0.3486
6 1.875 1.3903
5 0.39 0.3159
6 0.7875 0.7531
7 2.9925 3.0085
4 2.52 2.369
5 1.3725 1.1891
7 0.96 0.9854
6 0.42 0.4896
4 1.2675 1.7016
4 1.68 1.6515
6 0.975 0.9955
4 0.1725 0.4626
5 0.8475 0.6159
6 2.0025 1.7353
6 2.055 1.7547
5 1.425 1.7253
7 2.325 2.3101
6 2.67 2.6613
4 1.3575 1.968
5 1.125 1.2727
6 1.695 1.6401
7 0.8325 0.7542
4 2.9775 2.8287
5 0.2925 0.0206
4 2.34 1.7976
7 2.9925 2.9922
6 0.81 0.8067
4 1.77 2.4994
6 1.0425 1.5446
4 2.6025 2.7421
4 1.38 1.7419
7 0.9 0.961
4 2.6475 2.5419
7 1.65 1.7389
4 2.655 2.6192
7 1.035 1.1307
5 0.225 0.3707
6 1.23 1.3075
6 2.3625 2.351
4 0.165 0.1577
7 0.9 1.0646
6 2.1675 1.8405
7 1.7325 1.7682
6 1.5525 1.5599
6 2.1675 2.1253
5 0.6075 0.5109
7 1.65 1.321
4 2.25 2.3695
4 1.62 1.3415
7 1.4475 1.0368
7 2.595 2.7385
7 0.1875 0.1377
5 0.6225 1.0864
4 2.4525 2.2476
6 1.38 1.46
7 0.15 0.0889
4 1.3875 1.2841
7 2.7675 2.842
7 0.57 0.5187
5 2.76 2.7169
6 0.4875 0.4383
5 2.8425 2.96
7 1.8975 1.926
5 2.43 2.5137
4 2.4675 2.4502
7 2.5875 2.5617
5 0.9975 1.5939
5 2.7075 2.7141
4 1.155 1.2812
6 1.44 1.8037
7 0.555 0.6135
6 1.2825 1.2701
7 1.1925 1.1878
5 1.935 1.4653
7 0.1725 0.1353
5 2.4 2.1603
6 2.5125 2.4999
5 0.1875 0.2804
6 2.3475 2.4423
7 2.2425 2.2771
4 1.26 1.2551
7 0.0225 0.0365
5 0.4575 0.3132
6 0.5625 0.5717
7 0.3525 0.3006
6 1.815 2.0843
6 0.27 0.4032
5 0.1725 0.1735
6 0.12 0.1344
5 2.8725 2.8554
5 1.6725 1.3373
6 2.4225 2.4288
4 2.475 2.4102
6 0.45 0.4068
4 0.885 1.2139
4 2.8575 2.6961
5 0.39 0.2316
5 0.015 0.0887
7 1.1325 1.4398
6 1.9125 1.9205
4 1.065 1.4369
5 0.405 0.5123
7 0.42 0.4416
6 1.0125 0.8791
5 1.86 1.4165
5 1.125 1.7041
6 2.2425 2.08
5 2.4525 2.6343
7 0.285 0.2425
6 2.7 2.6561
7 0.045 -0.0034
4 0.2775 0.0464
7 1.1475 1.2492
4 2.9475 2.6242
5 2.5425 2.3436
6 2.7075 2.5453
4 1.725 1.596
7 1.4775 1.4362
4 0.225 0.4495
6 1.365 1.6331
7 1.02 1.4443
5 1.59 1.2993
5 1.0725 1.4636
7 0.015 0.0175
4 2.1975 2.2448
7 0.8775 0.9014
6 2.1 1.8555
4 0.3675 0.5564
5 2.265 2.2598
7 0.795 0.7699
6 1.2675 1.466
7 0.45 0.3558
5 1.785 1.7899
5 2.61 2.5188
7 1.2675 1.4816
4 0.8325 1.7766
5 1.1325 1.1029
4 2.5725 2.7397
5 1.2075 1.9991
7 1.5825 1.4049
4 0.7125 0.9186
4 1.245 0.7277
6 1.245 1.2755
7 0.9075 1.0175
5 0.795 0.8245
5 0.8325 0.8148
6 2.5725 2.5595
6 2.955 3.0177
7 2.8275 2.8326
7 2.505 2.5305
7 2.6175 2.578
7 1.0125 0.8894
5 1.965 1.487
4 0.0825 0.2303
6 1.8225 1.2691
5 2.5425 2.6164
4 0.78 0.6716
7 1.8975 1.6665
6 2.0175 2.101
6 2.2425 1.8092
7 0.945 0.8156
4 1.395 1.3687
7 0.3 0.2526
7 0.84 1.0191
6 1.305 1.1931
6 0.735 0.8635
7 1.8525 1.8961
5 1.29 1.8259
6 0.39 0.36
7 2.64 2.7603
7 2.2275 2.2456
6 2.025 1.9827
4 2.355 2.2478
6 1.62 1.4596
4 1.9575 1.9132
4 2.5275 2.4924
5 2.295 2.47
4 2.7825 2.9088
6 0.195 0.2117
5 0.36 0.3968
5 0.4425 0.6295
4 2.5125 2.5185
7 1.575 1.5499
5 2.4525 2.1599
5 1.8 2.1726
5 0.4275 0.3817
7 1.8975 2.1714
6 0.435 0.2828
4 1.215 1.7384
7 0.6225 0.6821
7 1.9275 1.8085
4 1.4625 1.4011
7 1.4925 1.4212
4 2.025 2.2465
4 2.3775 2.3507
7 0.2175 0.31
7 2.3625 2.5071
6 0.8025 0.9707
7 2.955 2.8418
4 2.475 2.7129
6 0.495 0.4614
7 0.8025 0.9972
4 1.5 1.2895
4 2.355 2.5339
7 2.94 2.9716
7 2.4375 2.4382
5 1.5075 1.8441
6 1.7775 1.5619
7 0.9675 1.0672
6 1.7775 2.0537
6 2.07 1.9658
5 0.825 1.227
5 0.2625 0.225
6 2.0775 2.0765
5 1.695 1.7646
5 2.7675 2.6538
5 2.7675 2.6063
7 0.1425 0.2002
4 1.5375 1.6178
6 2.2725 2.0983
5 2.7375 2.783
7 1.7775 1.6823
4 1.2 1.2766
7 1.5225 1.4307
7 2.985 2.8726
5 1.3275 1.6849
6 2.19 2.2015
6 1.875 1.7663
6 0.8325 0.7185
6 2.1825 2.0696
7 2.3175 2.2442
7 2.43 2.4988
7 1.9725 1.7561
5 2.3775 2.4279
7 1.275 1.4118
4 1.185 1.2915
6 0.3675 0.292
4 1.53 1.157
5 1.5 1.7651
6 1.8675 1.7484
6 2.6775 2.5842
4 0.0225 0.2611
5 1.0575 1.6304
4 2.61 2.4322
6 2.775 2.7915
7 0.2325 0.22
4 0.855 0.6326
6 0.6675 0.5786
6 0.0825 0.1308
7 2.6775 2.7025
5 0.45 0.3404
4 0.6825 1.1558
4 2.6175 2.4968
4 2.37 0.9771
6 0.2175 0.2474
7 1.4775 1.6396
7 1.815 1.4941
6 0.7575 0.7482
6 1.5 1.4646
5 0.4425 0.4007
4 1.68 1.2599
7 1.125 1.4627
5 1.08 1.2383
7 1.6275 1.315
6 2.91 2.9213
5 2.505 2.4191
5 2.5725 2.5564
6 0.36 0.3092
4 2.3025 1.949
4 1.1625 1.267
7 0.045 0.0487
5 2.37 1.9771
6 1.4775 1.6485
7 0.165 0.1073
4 2.19 1.8335
4 2.835 2.8331
6 2.7225 2.6959
7 2.67 2.7252
4 0.5775 0.6539
6 2.94 2.9551
6 1.095 1.5037
7 0.5925 0.6135
5 0.105 0.1325
7 0.8175 0.7988
6 1.6425 1.793
7 0.345 0.3315
6 2.7 2.6647
5 2.2725 2.253
7 1.65 1.95
4 1.635 0.8841
5 0.915 1.2109
6 1.7925 2.0076
4 0.51 1.2715
6 0.7425 0.7835
4 0.6675 0.4337
6 1.425 1.4681
5 0.5625 0.5103
7 2.175 2.1413
6 1.965 1.6333
5 0.4575 0.5276
4 2.355 2.3826
4 0.525 1.0562
5 2.37 2.2985
5 1.0725 1.5739
6 0.0525 0.0475
7 2.31 2.3285
4 1.7175 1.8492
7 0.39 0.4232
6 1.26 1.5612
5 2.7075 2.7529
4 0.2775 0.2628
4 0.66 0.4653
4 1.8675 1.5593
6 0.0375 -0.0003
6 1.1775 1.7332
6 2.2725 1.824
5 0.4725 0.4599
7 2.1075 2.01
4 1.8 1.4776
4 0.9525 1.2135
4 1.5675 1.96
7 0.4725 0.4359
6 1.7325 1.454
7 0.9525 1.0262
4 0.105 0.2243
7 0.3825 0.4486
7 1.53 1.4701
4 2.2575 2.0222
5 1.8 1.6866
6 0.2925 0.4192
6 2.715 2.6661
6 1.845 1.6822
5 2.7225 2.563
6 2.64 2.6038
5 1.2675 1.1936
5 2.5575 2.6238
5 1.065 0.7712
4 2.5575 2.7604
7 0.0525 0.0208
7 2.5425 2.451
6 2.31 2.4996
7 0.51 0.3663
7 2.46 2.4787
5 0.8625 1.4865
7 2.205 2.2352
7 0.0975 0.0355
6 1.6275 1.6234
4 0.72 1.0429
4 1.56 1.6029
7 2.25 2.2483
6 1.3875 1.3681
6 0.6825 0.9168
5 2.175 1.9904
5 2.775 2.5813
5 1.965 1.8648
6 0.3 0.2166
4 0.2925 0.4078
4 0.3975 0.7821
4 2.76 2.9729
6 2.4375 2.5062
7 2.805 2.8211
4 0.3675 0.5715
5 2.715 2.5726
4 0.93 1.44
6 0.585 0.6896
5 0.3075 1.6735
6 0.7125 0.8399
5 1.545 1.6686
4 1.4925 0.9427
7 0.135 0.1787
5 0.81 0.7103
7 2.76 2.8233
6 1.1025 1.2343
4 1.215 0.8367
4 2.85 2.8089
6 2.325 2.313
5 2.7525 2.8104
4 2.145 1.9079
5 1.5075 1.5657
7 2.8875 2.8521
5 2.175 1.7243
7 1.4025 0.9657
6 2.1975 2.3682
5 0.1425 0.2178
7 1.5525 2.0091
4 1.245 1.8589
4 1.035 0.9848
4 0.315 0.2148
5 0.465 0.568
5 1.725 1.6211
5 2.5425 2.2901
5 2.2875 2.3842
7 2.895 2.8933
5 2.9025 2.8517
4 1.8 1.6929
4 0.2775 0.3977
5 0.225 0.1484
4 1.2375 1.4918
6 0.1875 0.2262
4 2.58 2.6673
5 0.9675 1.3636
5 0.165 0.229
6 2.355 2.3109
4 1.3425 1.0317
5 1.32 1.6878
4 1.0425 1.4674
4 2.445 2.1467
5 1.38 1.3214
4 1.4925 1.385
5 2.2275 2.1046
4 2.6025 2.4278
4 0.585 1.2836
4 2.7075 2.7504
7 1.8075 1.9343
4 1.005 1.4301
4 0.6525 0.5943
4 0.9825 1.2177
4 2.5725 2.7195
7 2.655 2.6837
6 0.705 0.7079
6 1.9575 1.5054
6 1.3275 1.6932
5 2.505 2.6729
4 2.3175 1.3217
5 2.9925 2.9264
4 0.9675 1.6273
7 2.475 2.5649
4 0.36 0.4124
6 2.325 2.2524
5 1.35 1.716
7 1.1325 1.0507
4 2.8275 2.8767
4 2.3925 2.1147
7 2.4 2.2911
6 0.9975 1.5367
7 1.5 1.3448
6 1.3275 1.5279
5 2.325 1.7205
6 2.04 1.6683
6 2.565 2.6162
4 2.3625 2.1202
4 1.2525 1.3592
7 2.3325 2.4267
7 1.9575 1.7603
5 0.285 0.0824
5 1.77 1.6463
6 0.9075 1.2322
5 1.11 1.7015
4 0.525 0.6486
4 2.835 2.7968
4 0.5475 0.678
6 2.5875 2.6255
7 1.2525 1.4751
4 1.395 1.4543
7 1.0875 1.0916
4 0.4725 0.5646
7 1.32 1.5112
4 1.5 0.5094
6 1.17 1.4357
4 1.2975 1.7687
4 1.4475 1.4101
5 1.005 1.2689
6 2.31 2.2596
4 0.3 0.3323
5 2.5575 2.5554
4 2.7825 2.6934
7 2.4975 2.5728
4 0.8625 0.9326
7 2.625 2.6534
4 1.2525 1.4717
6 2.8275 2.7826
7 0.225 0.2102
5 0.9825 1.5375
4 0.99 1.6626
5 2.5125 2.607
5 2.115 2.133
6 1.9725 1.8833
4 2.31 2.1235
4 2.2725 1.5457
5 2.4 2.5286
6 2.7975 2.8252
4 1.5675 1.6453
6 0.1125 0.0085
5 2.43 2.2002
6 2.355 1.6206
5 1.89 1.9372
4 2.58 2.6977
7 1.32 1.037
7 1.455 1.5731
4 2.6775 2.6641
7 2.85 2.8727
6 0.735 1.0962
6 1.5675 1.2914
6 2.955 2.897
7 1.53 1.5545
6 0.8775 1.398
7 2.8125 2.8394
4 1.59 0.3551
7 0.93 0.8169
6 0.5025 0.4069
6 1.2675 1.6018
4 2.01 1.5431
5 2.1525 2.2488
4 2.445 1.8544
4 2.4375 2.2378
6 2.1225 1.8308
7 0.4575 0.6381
4 0.06 0.1535
7 1.1925 1.3346
7 0.45 0.4295
4 0.525 0.2728
4 1.1775 1.49
6 1.665 1.6295
4 2.625 2.2739
5 2.1975 2.4596
5 0.1875 0.1519
7 2.6025 2.6687
6 1.155 1.372
4 1.695 1.4342
4 0.24 0.2571
7 1.98 1.9308
4 2.625 2.7147
4 1.59 1.4077
4 1.065 1.5195
7 2.3925 2.3472
5 1.29 1.4643
6 2.4825 2.5011
6 1.1625 1.3762
5 1.68 1.1619
7 2.46 2.4135
5 2.5125 2.054
4 0.2175 0.1318
5 0.0375 0.0819
6 2.6925 2.7641
7 1.95 1.8769
5 1.35 1.759
5 2.4975 2.4505
4 2.2275 1.1083
4 2.685 2.5732
4 1.9275 1.9558
5 2.94 2.9709
6 2.2725 2.3391
6 0.57 0.417
4 0.9375 1.3568
4 2.2575 1.5621
4 2.04 1.0417
7 0.57 0.6477
6 0.21 0.2017
5 0.42 0.391
5 2.64 2.7435
5 1.8375 1.3784
6 0.8325 0.8884
4 2.91 2.8308
6 0.72 0.7353
5 1.425 1.2331
4 1.065 1.7361
7 2.4675 2.4621
6 1.65 1.8064
4 1.515 0.5863
7 0.525 0.6239
5 0.3 0.0303
6 1.0275 1.0709
4 1.395 1.5442
5 0.78 1.0687
7 0.5775 0.5992
4 1.2675 1.0815
7 0.3825 0.3349
5 0.6 0.5063
5 1.2975 1.4579
6 2.3625 2.514
4 1.4325 1.244
5 0.1125 0.1471
5 1.56 1.4032
4 1.9575 1.6999
7 2.415 2.4386
5 0.51 0.47
7 1.1775 1.33
5 1.0725 1.6439
6 2.5875 2.5254
5 2.73 2.5262
4 1.71 1.7321
7 0.42 0.3686
5 2.1675 1.9495
5 0.975 1.2012
6 1.905 1.5616
5 2.025 1.5801
5 1.605 1.6197
4 0.87 0.6062
6 0.39 0.3619
4 2.01 2.237
7 1.935 1.7357
7 2.0325 2.0165
6 2.1975 1.9289
4 0.6675 0.774
4 1.14 1.3068
6 1.77 0.9464
4 1.32 1.0716
4 0.8625 1.1428
4 0.6 1.2997
5 0.3975 0.1675
7 2.2725 2.4029
5 2.79 2.9654
5 1.875 2.0509
5 0.855 1.0033
4 0.6525 1.4005
6 2.22 2.1549
5 1.425 1.6878
4 0.66 0.5339
5 1.14 1.1401
4 2.2875 2.2014
4 2.0775 2.1742
4 0.6525 0.6443
6 1.2675 1.2455
4 1.9575 1.4458
5 2.34 2.3779
5 1.4325 1.9254
4 1.215 1.5037
4 1.98 1.9719
7 2.7075 2.7284
6 2.6775 2.7013
4 2.175 2.0421
4 0.81 2.1595
7 0.6075 0.6848
7 0.7875 0.8188
7 1.2525 1.3809
5 1.725 2.0536
6 1.665 1.6532
5 0.3 0.3916
4 0.6375 0.5363
6 0.48 0.4205
4 1.3275 1.6373
6 1.845 1.7601
7 0.1125 0.0121
5 1.6425 1.2992
7 0.12 0.1775
5 1.7025 1.6797
5 0.0675 0.14
7 1.56 1.4944
4 2.37 1.934
4 0.5925 1.121
5 0.5775 1.3746
5 2.505 2.3648
4 1.1625 1.2067
4 2.115 1.7047
4 0.675 1.309
6 2.4525 2.3697
6 2.55 2.5776
7 1.7475 1.5223
5 2.475 2.5169
6 0.9975 0.7991
7 1.0875 1.1132
6 1.44 1.6818
6 1.0425 1.6695
6 1.905 1.613
4 0.135 0.249
6 1.59 1.1164
7 1.725 1.477
4 1.6875 1.7614
5 1.8 1.6007
5 0.72 0.8403
6 0.285 0.2742
4 0.48 0.5996
4 1.005 2.0045
4 1.5225 0.5518
6 1.17 1.4071
7 2.34 2.2553
5 0.495 0.3459
6 0.705 0.6893
4 0.705 0.9433
4 1.32 1.8072
6 0.9225 1.0917
5 1.155 1.3815
5 1.29 1.8319
6 1.98 1.8232
7 0.015 -0.0196
6 1.125 1.2272
6 0.4125 0.2343
7 0.405 0.4596
6 2.205 2.0919
7 0.42 0.4818
7 0.3075 0.2568
6 0.4425 0.426
5 0.435 0.3634
5 1.185 1.3608
7 0.33 0.3811
4 1.8375 1.7082
6 0.99 1.1046
6 0.48 0.5618
5 2.43 2.2714
5 0.0225 0.0518
4 0.6825 0.4143
6 1.8 2.0275
7 1.5375 1.4926
6 2.6025 2.6656
7 1.1175 1.4164
4 0.2325 0.2347
7 0.855 0.8579
5 0.6225 1.0937
5 2.6775 2.7676
5 1.5075 1.1691
7 1.1175 1.5246
7 2.52 2.5367
6 1.8825 1.3012
5 1.44 1.7825
6 1.3875 1.252
5 0.09 0.1699
4 1.9425 1.5176
5 0.9 0.7969
5 2.01 1.7659
5 2.025 1.5193
7 0.1575 0.1835
6 2.46 2.5442
5 2.3625 2.5438
4 0.33 0.3498
4 2.0625 1.9252
7 1.6425 1.906
7 2.205 2.1089
6 2.775 2.8114
4 1.4325 1.4966
5 0.42 0.3741
6 2.445 2.3085
6 0.21 0.2612
6 1.785 1.7993
6 0.885 1.1348
4 0.375 0.5386
7 0.375 0.4027
6 0.3675 0.3394
6 0.045 0.1238
6 1.875 1.7925
4 0.27 0.2413
6 0.21 0.1668
7 2.3775 2.3502
6 0.3675 0.2699
6 1.395 1.5685
4 0.2475 0.6071
4 2.2125 1.9228
5 1.305 1.1409
5 2.8425 2.9286
5 1.395 1.423
6 0.1425 0.2191
7 2.6775 2.8071
4 1.74 1.9202
4 2.4975 2.3772
4 0.0375 0.1879
6 1.4925 1.0833
7 1.7775 1.8263
6 1.6275 1.966
5 0.84 1.1741
6 1.035 0.7634
5 2.9325 2.8909
7 1.725 1.5398
4 1.74 0.8203
7 1.2675 1.5239
6 2.4375 2.3372
5 1.2 1.2833
5 1.2825 1.3676
5 1.065 1.4309
6 0.465 0.4725
7 2.8725 2.893
5 1.38 1.7416
7 0.615 0.5501
4 1.4475 1.4212
4 0.6675 0.7759
7 2.565 2.5745
7 1.0575 1.3954
5 2.67 2.7851
4 1.26 1.6542
4 2.2575 1.9837
5 0.69 1.6474
6 1.3275 1.3862
4 2.1675 1.4964
5 0.8175 0.5922
7 0.765 0.9722
4 1.4925 1.5473
4 1.6725 1.7436
6 1.2675 1.1788
7 1.98 1.9105
4 2.34 2.3307
6 0.6675 0.8861
5 2.4075 2.6966
5 2.6925 2.5283
5 0.075 0.1946
5 2.8275 2.784
6 2.0025 1.7754
6 0.0375 0.022
6 0.1725 0.2081
4 1.53 1.656
5 2.565 2.5187
6 1.3875 1.7333
7 2.4675 2.4663
7 1.155 1.3157
4 0.4725 0.5376
4 2.6025 2.2207
4 0.2325 0.3408
6 1.9575 1.5621
4 1.275 1.6839
7 1.7175 1.7387
6 0.51 0.5333
7 1.74 1.7031
5 2.3925 2.3831
6 2.3625 2.4222
5 2.46 2.4705
5 0.72 0.6982
6 1.4025 1.582
4 0.615 0.7973
7 0.2175 0.3436
5 2.7075 2.3558
4 0.5025 1.799
4 1.0425 1.7045
5 1.245 1.3832
6 1.1475 1.3884
7 2.1975 2.0242
7 2.43 2.3968
7 0.48 0.5733
7 1.1025 1.1545
4 0.96 1.5717
6 0.8775 0.8747
7 2.25 2.262
4 0.3825 0.3695
4 2.22 2.5017
6 2.4075 2.3774
7 2.25 2.103
4 2.64 2.7742
5 1.05 1.2349
6 2.46 2.3607
4 1.605 1.5738
4 0.3825 1.1076
5 2.925 2.9792
4 1.41 1.9025
6 0.435 0.4058
6 0.15 0.0374
6 0.72 0.6449
5 2.4525 2.5079
4 2.1225 2.1659
4 0.6225 0.9032
5 2.265 2.26
7 1.2525 1.1538
6 0.54 0.5044
4 2.3775 1.9518
7 2.0025 1.9638
5 2.58 2.649
6 2.0175 2.1281
5 1.5375 1.7825
6 0.735 0.7991
5 2.0475 1.4214
7 0.585 0.6038
7 1.6425 1.3083
4 2.0775 1.5151
4 2.445 2.3319
7 1.44 1.1784
5 1.6725 1.3039
6 1.7325 1.6452
5 2.19 1.892
4 1.245 1.2377
7 0.8775 0.9136
5 2.235 2.261
4 0.675 0.9274
7 2.4 2.2827
7 0.99 1.1664
6 2.1675 2.2731
4 1.845 2.1189
4 1.05 1.6362
5 1.4025 1.0797
6 2.9025 3.0268
4 2.8875 2.8767
5 2.085 1.9806
5 0.12 0.074
7 2.4375 2.3834
4 2.2275 2.5823
6 2.1375 1.989
4 0.87 0.8947
6 1.815 1.5264
5 2.97 2.9882
5 2.46 2.1939
6 2.4225 2.361
5 2.0775 2.0594
4 1.29 1.0918
5 0.81 1.0419
5 1.245 1.0394
5 0.4725 0.5727
5 0.645 0.5527
4 0.345 0.9565
6 2.3325 2.3447
4 0.135 0.0952
6 1.4025 0.995
5 2.1375 2.1454
4 1.7325 1.8843
4 0.21 0.4348
4 1.9425 1.9433
7 1.335 1.4601
5 2.91 2.9478
5 2.6175 2.5619
6 2.6475 2.7907
6 0.0675 0.0627
4 2.8725 2.6486
4 2.7825 2.5063
7 2.565 2.1622
7 2.4825 2.541
4 2.3475 2.1599
7 0.24 0.1858
6 0.315 0.3843
5 2.745 2.7022
4 0.5325 0.7203
6 0.6825 0.6654
6 2.745 2.5438
4 0.3675 0.5747
4 1.875 2.201
4 1.395 1.4752
5 1.17 1.913
4 2.5725 2.5937
5 1.125 1.2698
6 0.2625 0.23
5 1.23 1.3236
6 0.0825 0.1844
7 0.945 0.8585
4 0.2625 0.6866
5 0.87 1.1828
4 1.6875 1.7805
5 2.625 2.5688
6 1.9575 1.9163
4 2.625 2.7709
7 0.645 0.7207
4 2.2575 1.9402
4 1.71 1.371
5 2.2575 2.1484
6 1.5675 1.6134
5 0.93 0.9627
7 0.7275 0.7997
5 1.77 1.7214
7 2.19 2.3079
6 1.095 1.3151
5 1.2975 1.5496
7 2.625 2.6531
7 0.5325 0.572
6 1.65 1.8036
7 1.6425 1.5655
6 2.535 2.4487
4 0.8625 1.1941
7 2.6475 2.7068
4 0.96 0.4391
5 2.835 2.8818
4 1.305 1.5345
5 2.25 2.0868
7 2.895 3.0023
4 2.25 1.9938
6 1.8225 1.272
7 1.605 1.6898
4 1.8 1.9641
4 0.5475 0.85
5 2.16 2.2136
7 2.775 2.7074
6 2.91 2.9248
4 1.8075 1.3057
5 2.8275 2.8191
5 0.165 0.1182
6 2.6925 2.6216
5 2.4 1.8754
7 0.9375 1.166
5 2.7375 2.6043
4 1.9275 1.5013
4 2.115 1.4282
5 0.6825 0.5601
6 2.865 2.8121
6 0.435 0.4873
7 0.96 1.2307
4 1.95 1.6757
4 0.0075 0.2073
4 0.5175 0.8101
6 1.4775 1.5931
6 1.92 1.8149
4 1.4625 1.9112
6 0.4875 0.5667
7 0.435 0.4921
5 1.2075 1.6323
6 1.155 1.2426
4 2.8425 2.718
6 1.7925 1.8042
4 2.0625 1.834
5 1.26 1.8972
6 1.0125 1.4578
5 1.635 1.9927
6 0.03 0.1052
6 2.3325 2.2489
5 0.8475 1.5554
4 1.05 0.8043
4 0.4425 0.8648
4 1.5675 1.3502
7 1.4775 1.4198
6 0.735 0.9062
7 2.295 2.2412
5 1.3275 1.5297
4 2.355 1.8019
5 1.0425 0.9968
6 0.405 0.3855
5 2.94 2.9449
5 0.435 0.4496
7 2.4825 2.4843
4 1.0725 1.6799
5 2.49 2.3711
5 0.3075 0.3902
5 2.46 2.4401
6 1.9125 1.5251
6 0.555 0.7663
7 0.435 0.3997
5 2.76 2.7105
4 2.7675 2.4582
7 1.0875 1.0314
6 2.655 2.8195
6 1.245 1.0464
4 2.73 2.7265
6 1.4325 1.5505
6 0.03 0.096
7 1.275 1.5731
4 1.35 1.6558
6 0.5175 0.4631
5 2.9325 2.9215
7 1.815 1.6578
5 2.1 2.2026
5 0.3525 0.3067
5 1.2225 1.4667
6 1.7175 1.388
4 1.2375 0.7643
5 2.805 2.7588
4 2.3925 2.506
6 0.3525 0.3747
6 1.305 1.2723
7 1.5075 1.5532
7 1.635 1.677
4 2.52 2.6277
6 1.1175 0.7645
6 0.9075 1.1127
5 1.125 1.1106
7 0.345 0.3615
7 0.7125 0.8086
6 0.5175 0.5909
7 0.6 0.4854
4 0.0 0.2081
7 2.4375 2.4143
4 1.635 1.4427
5 1.425 1.535
7 2.7975 2.7757
7 2.9925 3.0079
7 0.54 0.6307
5 2.055 2.0149
7 2.145 2.1405
7 0.5025 0.5672
6 2.9925 2.89
5 1.155 1.0772
5 1.53 1.1505
4 0.105 0.1475
7 0.9 1.0498
4 1.6725 1.4607
7 0.885 0.9132
7 2.0775 1.9854
6 0.1725 0.2252
7 1.05 1.1358
4 0.1125 0.245
7 2.07 2.1523
4 0.0075 0.2031
4 2.745 2.8064
7 1.2825 1.2643
7 1.245 1.0623
4 1.29 1.4668
7 0.3 0.3556
4 1.65 1.5912
6 0.0375 0.0322
6 1.2525 1.6166
6 2.325 2.2593
4 0.225 0.2028
4 2.2275 1.6607
6 1.47 1.298
4 1.395 1.6123
4 0.7125 1.4179
4 0.06 0.0353
5 2.235 2.119
4 0.435 0.4077
4 1.875 1.4892
6 2.6925 2.6381
6 2.07 1.9874
7 2.07 1.8463
6 0.21 0.1398
7 1.815 1.8149
7 0.69 0.6298
5 1.455 1.2025
5 0.2625 0.2823
6 1.08 0.8411
4 0.225 0.2061
4 1.5525 1.1462
6 0.42 0.5087
4 1.08 0.4727
6 1.95 1.5815
4 0.285 0.2183
7 0.0075 0.0704
7 0.33 0.2821
5 1.335 0.7816
7 0.2175 0.1742
7 1.02 0.8558
4 2.25 1.1909
7 2.115 2.0214
7 1.47 1.4527
4 1.905 1.6007
6 2.295 2.2216
7 2.0775 2.032
6 0.1125 0.0431
7 2.5575 2.6415
5 2.8425 2.8933
7 0.8775 1.0328
7 1.965 1.7738
4 2.13 1.3458
4 2.0025 1.3006
7 1.1475 1.2389
7 1.905 1.6315
5 2.565 2.5981
6 2.325 2.3963
7 1.0125 0.8129
6 1.9275 2.09
7 0.705 0.6249
4 0.4725 1.1317
7 0.225 0.2425
7 2.475 2.4907
7 0.1875 0.1684
6 2.7375 2.7182
7 2.1825 2.2081
5 1.485 1.4711
4 2.3175 2.077
6 1.5075 1.5876
4 1.4475 2.0441
7 0.12 0.0464
6 0.69 0.7347
5 2.97 2.8984
5 1.98 1.5553
4 2.82 2.8534
5 0.255 0.4508
5 2.5875 2.4228
6 2.0325 1.7239
4 1.2825 1.2934
4 1.605 1.3734
4 1.44 1.3281
5 2.28 2.3252
5 0.0525 0.1345
5 2.16 2.0075
5 2.8875 2.9326
6 1.7625 1.7223
4 1.9725 1.9294
5 2.2425 2.4183
4 0.105 0.2683
4 1.1325 1.6086
6 1.0275 1.4689
7 1.395 1.3904
7 0.9825 1.0163
7 2.925 2.9808
4 2.8425 2.7187
6 1.4775 1.5414
4 2.1075 1.7861
7 1.2375 1.0569
7 2.7825 2.8074
6 2.46 2.313
4 1.56 2.2715
5 1.7175 1.3884
5 0.42 0.5893
7 2.235 2.3338
6 2.7825 2.749
4 1.0875 1.253
7 0.21 0.2633
6 1.2225 1.6088
5 2.4075 2.1647
4 0.645 0.5912
4 0.975 1.2887
6 0.7575 0.7806
6 1.995 1.6878
7 1.665 1.3193
7 1.05 1.0095
6 0.45 0.4898
7 0.195 0.1445
6 2.985 2.9684
4 1.5375 1.4267
4 2.415 2.2927
5 0.18 0.0327
5 0.1425 0.2019
4 0.1575 0.3247
6 0.72 0.7639
6 0.81 0.8296
7 1.1025 1.291
6 0.5925 0.8487
7 2.7675 2.7901
4 0.6 0.7173
7 1.11 0.9038
4 2.1825 1.3306
7 2.4225 2.3998
4 1.38 1.3771
7 2.7375 2.7492
5 2.4975 2.2926
5 2.8575 2.7555
5 2.1225 1.8497
7 0.9675 1.0487
4 0.585 0.3298
5 2.175 1.4438
4 1.7775 1.1927
5 0.0 0.1074
4 1.1625 1.6056
5 1.6425 1.3835
7 2.685 2.6406
4 0.555 0.3715
5 2.925 2.7814
5 0.69 0.7139
5 2.085 1.2357
5 2.6175 2.5307
7 0.24 0.2418
4 2.9925 2.7577
6 1.785 1.7833
5 2.9925 2.827
6 1.8825 1.7502
5 0.855 1.546
6 2.19 1.6836
7 2.1225 1.9006
4 2.415 2.3947
5 1.86 1.3402
4 0.4875 1.3192
4 2.0775 1.3006
5 1.0425 1.5875
5 2.0175 1.3711
5 0.1875 0.1467
6 1.8 1.6945
7 2.7675 2.8829
6 2.145 2.34
5 2.0325 1.6907
7 2.3775 2.1905
6 1.6125 1.5716
6 0.6 0.6095
6 0.0 0.1387
4 2.5275 2.4301
6 2.295 2.2034
7 2.64 2.6006
6 0.915 1.1501
5 0.2775 0.3458
4 0.7875 1.8213
5 0.15 0.2326
5 2.3175 1.9629
4 0.7575 1.2016
5 1.02 1.2156
5 1.845 1.6124
6 1.1325 1.5475
7 0.5775 0.474
7 0.555 0.5633
4 1.545 1.1261
5 0.1875 0.2368
4 1.4775 1.471
6 2.775 2.8386
7 1.095 1.1768
4 0.6525 1.2403
7 2.8875 2.8806
6 0.195 0.0422
7 1.2525 1.39
6 1.38 1.2378
7 1.755 1.6219
7 0.8925 1.1061
7 0.435 0.4862
6 0.6225 0.6603
4 0.96 1.6506
5 1.14 1.0788
7 2.13 2.2441
7 0.8625 1.0948
5 2.685 2.5566
4 2.79 2.517
6 0.735 0.9292
5 2.7375 2.6848
5 2.595 2.5298
4 1.5975 1.454
6 2.1075 1.2898
6 2.0925 1.7502
7 2.6325 2.5058
6 2.0625 2.132
5 0.165 0.245
5 2.505 2.291
6 0.165 0.1866
7 0.945 0.8115
5 0.4425 0.422
4 1.0125 1.3312
6 2.4225 2.3146
5 2.9475 2.9678
6 2.6775 2.6481
6 0.8175 1.0002
4 2.01 1.0819
6 2.3175 2.3368
7 0.6675 0.6806
5 0.8025 1.0294
6 1.2 1.3615
6 0.0225 0.0991
7 0.2625 0.1958
5 0.81 1.2133
7 1.485 1.1342
6 0.225 0.1989
6 2.4 2.2831
7 1.8825 1.7317
4 2.805 2.8569
5 1.3125 1.3168
5 2.67 2.8493
5 2.1075 1.9899
4 2.8875 3.0018
7 0.8925 1.0686
4 1.035 1.2385
7 0.63 0.5766
5 0.435 0.5763
4 1.7325 1.4049
4 0.945 1.1605
4 1.725 1.2778
5 2.295 2.419
5 2.5725 2.4399
7 0.8175 0.7848
7 2.49 2.5088
6 1.7175 1.4976
5 0.3975 0.558
4 2.445 1.9634
5 1.2 1.1679
4 0.99 1.7061
7 0.375 0.4217
5 1.1025 1.2517
6 2.9025 2.972
4 1.5675 1.6135
4 0.72 0.8924
5 0.855 1.0927
4 1.5075 1.4673
7 0.1725 0.0788
7 1.095 1.1039
6 0.405 0.4564
7 2.805 2.848
7 1.11 1.082
6 2.9775 2.9635
6 0.045 0.1555
6 2.2725 2.2767
5 2.0775 1.8428
7 2.265 2.1604
7 2.43 2.4568
5 2.7075 2.7632
4 0.75 0.7608
7 0.15 0.0962
7 2.01 1.9112
4 0.75 0.9629
6 0.8775 1.0398
5 1.155 0.7542
6 2.07 2.1047
6 1.29 1.6315
5 0.18 0.2629
4 1.74 2.011
5 0.1275 0.098
6 2.1375 2.1848
7 2.8125 2.8205
6 0.7425 0.9141
6 1.2075 1.154
5 1.7025 1.4321
4 2.835 2.8061
7 2.9925 2.949
4 0.255 0.0898
4 2.28 2.1898
7 0.1125 0.1446
4 2.49 2.4778
7 0.2175 0.2292
6 2.2575 1.8463
6 0.8325 1.5574
4 2.5125 2.5565
6 2.6625 2.6841
4 1.35 1.4438
7 0.6 0.6231
6 1.5675 1.7995
6 2.94 2.8164
7 1.1625 1.4807
5 2.655 2.6427
4 0.45 1.3395
6 2.655 2.6607
6 2.4675 2.4538
6 1.3575 1.6577
7 0.5025 0.4569
4 0.525 0.5259
4 0.0825 0.0653
6 1.0725 1.6989
4 2.0625 1.4067
5 0.5025 0.4672
6 2.91 2.8892
4 0.0825 0.3014
6 0.3525 0.3109
5 2.88 2.9237
5 0.7275 1.1148
7 1.3425 1.0535
4 2.6325 2.7325
5 0.555 0.5834
7 1.59 1.4806
5 1.755 1.5442
7 1.665 1.6734
6 2.4 2.4143
7 2.1 2.1169
5 2.94 3.0119
7 0.93 1.0072
7 2.115 2.0798
4 0.105 0.1409
5 0.8775 1.3793
5 2.235 1.9122
4 1.8075 1.6411
7 2.205 2.0697
5 1.095 1.7473
5 1.665 1.5928
6 0.7575 0.5109
7 0.795 1.2367
4 2.0175 1.6365
4 0.24 0.4507
7 0.2025 0.2485
6 2.2125 2.1419
6 2.895 2.8969
7 2.43 2.4756
6 1.2525 1.6049
7 1.3725 1.3441
5 0.2025 0.1324
7 2.8275 2.934
5 2.985 2.9827
6 2.6475 2.6282
5 2.4675 2.0096
7 1.05 1.375
7 0.18 0.2333
6 1.2375 1.8596
6 1.125 1.2991
6 0.255 0.2569
4 1.0575 1.6825
4 1.395 1.5391
7 1.365 1.8388
7 0.48 0.401
4 1.0125 0.9012
6 2.1975 2.0509
7 1.815 1.6102
7 2.2575 2.119
6 2.49 2.5901
6 1.5675 1.9221
7 2.88 2.8958
4 0.1575 0.3254
7 2.205 2.1865
7 2.8275 2.6597
7 2.655 2.6073
7 2.7 2.7653
5 0.0825 0.1803
6 0.6 0.5793
4 2.505 2.363
4 0.3675 0.3091
7 1.4625 1.5624
4 2.16 1.7048
6 0.3375 0.2154
5 0.7275 1.4679
4 1.785 1.1162
6 2.55 2.5816
4 0.975 0.7675
7 1.8 1.7446
4 2.73 2.7668
7 1.9875 1.8832
4 0.8325 0.5426
4 1.6275 1.3713
4 1.5825 2.2215
6 1.6425 1.4766
7 0.69 0.7468
4 0.885 1.6411
5 0.135 0.0698
5 1.6875 1.3741
7 2.31 2.2354
5 2.2875 1.7998
6 0.8025 0.6844
5 2.1075 2.413
7 2.3475 2.3709
6 1.6725 1.6025
5 2.865 2.7985
7 0.66 0.5342
5 2.8875 2.886
6 1.5225 1.7877
6 0.12 0.1164
6 0.675 0.7995
5 2.685 2.7425
7 0.855 0.7932
6 0.315 0.2623
7 2.8275 2.7505
5 1.5675 1.3356
5 0.87 0.7332
6 1.4625 1.5184
4 0.2775 0.1957
5 0.12 0.0698
6 2.9175 2.7663
6 0.24 0.1543
5 2.4975 2.4252
5 2.0175 1.6877
5 2.49 2.3393
7 1.08 1.0704
5 0.4725 0.4374
4 1.6425 1.1969
6 2.85 2.7595
5 2.565 2.5214
6 2.355 2.4252
7 0.1725 0.1741
5 1.71 1.1408
7 1.755 1.5321
4 2.8425 2.7732
6 1.7175 1.9312
5 0.3375 0.367
6 2.5575 2.4468
6 1.1925 1.5254
7 0.4275 0.3721
5 0.075 0.0862
5 2.2275 1.8917
6 2.925 2.9567
5 0.39 0.2925
4 1.365 1.516
7 1.0425 1.3342
7 0.36 0.4463
6 2.0325 2.0982
6 2.85 2.7054
5 0.9825 1.3188
6 1.17 0.9121
4 0.2475 0.3778
6 0.6825 0.6386
7 2.1825 2.1204
5 2.2575 1.9177
5 0.0675 0.1731
6 2.3925 2.3977
6 2.5425 2.4907
6 1.965 1.8549
5 0.0375 0.0359
5 0.8775 1.1032
5 1.695 1.4949
7 0.345 0.3663
6 2.085 1.7744
6 0.3825 0.4572
5 1.35 1.7078
5 2.595 2.4972
6 0.435 0.2396
4 0.9375 0.9047
7 2.1675 2.2744
5 2.4 2.2209
6 0.5925 0.6115
6 2.1975 2.2894
6 2.82 2.8407
6 1.2525 1.0371
4 2.3775 1.7081
4 0.72 0.9022
4 1.4175 1.1824
7 0.1725 0.1731
7 2.175 2.2157
6 1.335 1.4118
7 1.5675 1.4832
5 1.2 1.0182
5 2.34 2.0115
5 2.37 2.3773
6 2.4225 2.4758
7 1.0275 0.9796
6 2.07 1.841
7 0.225 0.2099
7 0.57 0.6119
4 2.82 2.847
7 1.665 1.5078
6 0.7275 0.7418
4 1.065 1.2497
6 0.99 0.982
5 0.945 1.4053
7 1.0575 1.3771
5 2.91 2.8871
7 2.4825 2.4795
5 2.7225 2.8675
5 0.075 0.1137
5 2.7525 2.7322
5 1.05 1.4274
6 0.06 0.1585
5 0.8025 1.1918
7 2.6025 2.6243
5 2.925 2.9762
6 2.2875 1.8526
7 1.3575 1.5033
6 0.03 0.0099
6 1.4025 1.069
4 2.805 2.7344
5 0.7725 0.7955
7 0.0525 0.109
7 0.21 0.2829
7 2.1375 1.8395
4 1.62 1.7615
7 1.26 1.6343
5 2.34 2.2669
5 2.7525 2.6942
6 1.7625 1.371
5 1.0275 1.3672
5 2.8725 2.7916
4 1.4325 1.0925
7 2.5425 2.4567
6 0.7575 0.5923
7 1.185 1.3334
4 2.5275 1.7159
4 0.18 0.1393
6 1.2825 1.3079
7 2.9925 2.9525
5 1.8675 1.8196
4 0.66 0.9627
4 2.025 2.0807
4 2.5875 2.4169
7 2.8425 2.8679
4 1.86 1.395
7 0.795 0.895
7 0.705 0.8112
5 1.7325 1.4756
6 1.02 1.5544
6 1.485 1.0727
7 0.7125 0.7326
6 1.62 1.6587
7 2.1 2.1335
4 1.7325 2.2027
7 1.635 1.791
5 0.1875 0.2212
7 1.965 1.8645
7 2.25 2.2287
5 2.6175 2.7164
4 2.865 2.8982
7 0.165 0.2177
4 2.5575 2.4944
7 0.8925 0.9401
6 0.6225 0.7504
5 2.0025 2.0354
5 0.1575 0.1637
7 2.46 2.5152
7 1.5225 1.718
7 1.635 1.4475
7 1.155 1.298
7 1.9125 1.9281
6 2.0175 1.6402
7 1.545 1.4501
7 0.2325 0.274
6 2.1525 1.8434
4 1.6575 1.676
5 2.595 2.5492
6 0.825 0.7697
7 0.705 0.7177
5 2.46 2.4122
7 2.7825 2.731
7 0.5475 0.5064
7 2.2425 2.1974
5 1.92 1.6435
7 2.0475 1.8164
4 2.055 1.6354
7 0.0375 0.0972
4 0.6525 1.0051
7 2.0925 2.1124
7 1.3875 1.3605
5 0.2475 0.1668
6 0.0075 0.1858
5 0.4575 0.5112
7 2.64 2.647
4 0.2025 0.3771
7 2.865 2.8304
7 0.7575 0.7347
4 0.0375 0.0742
6 1.695 1.4624
7 2.5575 2.6555
5 2.9325 2.9714
7 0.69 0.6604
4 2.805 2.7861
5 1.8375 2.0858
6 1.3425 1.4632
4 0.6 0.6449
5 0.9825 1.0537
7 2.085 2.1552
5 2.415 2.3991
4 1.83 2.063
6 2.1975 2.2774
5 2.025 1.6866
6 1.905 1.6279
5 2.1675 1.7615
4 2.1375 1.8985
4 0.5925 0.4199
5 2.8275 2.7246
6 2.61 2.6596
6 0.5925 0.7045
6 2.43 2.4583
5 0.3075 0.326
4 2.5575 2.55
5 0.3825 0.3629
4 0.405 0.3008
7 1.2975 1.4622
7 1.1175 0.9681
6 2.2725 2.2419
4 0.705 1.7116
6 0.5625 0.3533
7 0.1575 0.1637
4 1.4175 1.5137
7 1.0725 1.125
7 1.62 1.5255
5 2.0925 2.0837
5 2.865 2.9343
6 0.8325 1.3506
5 0.9825 0.9978
6 2.145 2.0427
7 1.7925 1.8055
4 2.1 1.4039
5 2.49 2.7107
6 2.0175 1.9424
4 0.9825 1.4757
7 1.26 1.4753
4 1.1925 1.4437
7 1.935 1.9446
7 0.4425 0.4635
6 1.6875 1.2399
7 1.2975 1.366
5 1.47 1.4956
6 0.7575 0.8102
7 2.07 2.2015
4 0.2025 0.1235
7 1.5 1.3819
4 0.0975 0.3516
4 1.1175 1.5504
6 1.7625 0.4668
5 0.8325 1.0053
5 0.2175 0.2147
4 1.0875 0.9396
6 0.6 0.6717
6 0.15 0.0188
4 1.0125 0.6042
4 1.065 2.0547
4 0.465 0.537
7 2.01 1.7442
4 2.7375 2.4337
4 2.835 2.7723
7 1.0875 0.9577
6 0.0675 0.126
6 2.2425 2.0201
6 2.025 1.8686
5 0.0825 0.0325
7 1.23 1.2905
4 1.71 1.9582
6 2.4975 2.4232
7 1.515 1.0752
5 1.5225 1.914
7 0.045 0.1223
5 0.1125 0.1248
4 1.755 1.5283
6 0.3225 0.2769
5 2.4 2.5463
6 1.7775 1.7255
4 2.5425 2.5763
5 2.8425 2.9387
5 2.67 2.7261
5 1.77 1.5574
5 1.56 1.1484
4 0.465 0.25
7 1.905 1.8822
6 2.61 2.6793
4 2.67 2.5584
6 1.5675 1.4995
4 0.5175 0.2913
7 2.8125 2.8342
4 2.295 1.5423
7 0.9825 0.8854
5 2.94 2.9066
7 2.145 2.068
4 1.74 1.3864
5 0.4275 0.5138
5 1.7025 0.8996
4 1.6575 1.7452
5 2.6775 2.6572
6 2.91 3.0066
5 2.1075 1.9907
7 0.9525 1.2222
6 0.9 1.3366
7 0.8925 0.8873
6 0.4575 0.51
7 0.06 0.1064
7 0.0375 0.1008
5 0.885 1.0714
6 0.9525 1.6616
4 1.0275 0.9325
6 0.0675 0.1295
4 2.805 2.7634
4 0.2925 0.4216
4 1.02 1.6605
5 2.0775 1.3797
4 1.7175 0.6428
6 1.6275 1.721
4 2.565 2.3475
7 0.2475 0.3041
7 2.2575 2.0054
4 2.7225 2.7809
4 2.055 2.1807
5 2.715 2.7883
5 2.8425 2.872
6 1.845 1.2278
4 2.5425 2.67
4 0.7575 1.3308
5 0.06 0.1852
5 2.0475 2.3402
7 2.46 2.4338
5 0.6975 0.8489
4 0.225 0.3575
7 0.495 0.5654
6 0.615 0.5445
6 0.135 0.1558
4 1.605 1.4809
6 0.5625 0.5085
4 0.78 0.7111
5 1.515 1.218
7 1.245 1.1586
6 2.1525 1.4667
7 0.7425 0.7741
7 1.635 1.6371
7 1.0275 1.144
5 0.3825 0.2893
7 2.7375 2.7474
5 0.2925 0.0279
6 0.1425 0.0659
6 2.475 2.512
5 2.6475 2.7081
6 0.6375 0.6983
6 1.965 1.5589
6 0.3075 0.2326
7 0.375 0.3585
6 1.23 1.4678
6 0.12 0.1585
5 2.775 2.7097
4 0.465 1.0382
7 2.3175 2.3228
6 1.6725 1.2499
7 1.68 1.4836
7 1.365 1.5545
7 1.1775 1.1706
6 0.8925 0.7781
4 2.07 2.2974
6 0.39 0.3542
5 1.215 1.4652
7 2.43 2.3912
5 1.6725 1.9063
6 1.02 1.1015
6 1.0725 1.506
6 2.3175 1.9465
4 1.185 1.6813
5 0.075 -0.0388
7 1.335 1.3429
4 1.365 1.5921
4 1.215 0.9666
5 2.2125 1.6918
6 1.9875 1.6936
4 2.5425 2.3719
6 1.575 1.4654
7 1.3575 1.4455
7 1.725 1.4703
6 0.4575 0.4719
7 1.8 1.7929
7 2.7075 2.6952
5 0.21 0.2995
7 2.4525 2.4088
7 1.005 0.9161
6 1.2375 1.7347
5 2.34 2.3429
7 1.965 2.0389
6 0.7875 0.8377
5 2.805 2.7534
6 0.3225 0.2878
5 0.9075 0.6473
5 2.67 2.649
6 2.46 2.478
4 1.455 1.8048
5 1.5525 1.134
7 1.4325 1.3828
5 1.3425 1.4833
5 2.3775 2.1441
4 0.315 0.2437
6 2.9175 2.9157
4 2.79 2.6496
6 1.4025 1.4353
5 1.9125 1.6274
7 0.105 0.1552
5 1.6275 1.3291
5 2.5725 2.7338
6 2.655 2.5628
7 2.9475 3.0033
6 1.98 1.895
4 0.915 0.9444
7 0.0525 0.093
5 1.665 1.3986
7 0.15 0.05
7 2.895 2.945
7 2.4675 2.6138
6 1.38 1.3248
4 0.645 0.6624
5 2.4 2.4644
7 2.52 2.5495
6 0.3075 0.2634
5 0.6675 0.5642
6 1.575 1.3365
5 1.38 1.4382
7 0.66 0.7047
5 0.1725 0.1479
6 0.645 0.6926
5 1.1025 1.3134
7 0.2475 0.1858
4 1.3575 1.2987
5 2.1975 2.1073
6 2.5725 2.5787
6 2.415 2.5821
6 1.305 1.5429
4 1.3875 1.4898
4 0.9075 1.5655
7 0.96 1.1128
5 2.265 2.2876
4 2.5875 2.2415
6 1.635 1.7393
5 2.6925 2.5697
6 0.525 0.4176
4 0.9825 1.6005
5 1.2825 1.3036
6 2.145 1.8888
6 0.5925 0.6348
5 1.1475 1.4072
5 2.97 2.896
7 2.6025 2.5735
4 2.505 2.3265
4 2.6775 2.8362
4 0.8775 0.5671
6 1.005 1.1355
7 2.2725 2.2986
4 2.2275 2.0042
7 0.72 0.7724
7 0.1575 0.171
7 1.695 1.6185
5 2.865 2.8837
4 1.5225 0.6091
6 2.0475 1.9378
4 2.5425 2.6935
4 0.9075 0.4939
6 0.06 -0.012
5 1.98 1.8264
6 0.4125 0.4058
7 1.4325 1.7508
6 1.7025 1.1755
6 1.2825 1.3771
6 1.95 1.7983
5 2.37 2.362
4 0.1875 0.2308
4 1.3575 1.3333
7 0.03 0.1045
6 0.33 0.2822
4 1.38 1.7477
7 0.465 0.4206
7 2.16 2.0137
6 0.36 0.3019
4 1.17 1.0268
6 0.1725 0.0904
7 1.65 1.2022
6 1.7175 1.7495
7 1.695 1.5701
4 0.855 0.935
6 0.3 0.2081
5 0.195 0.2947
6 1.6275 0.4338
6 2.25 2.203
5 1.785 1.7981
6 2.7075 2.6444
6 1.395 1.7496
4 0.3825 0.7531
6 2.7975 2.7965
5 1.8975 1.5714
7 0.495 0.502
4 0.09 0.0947
4 1.965 1.4672
7 2.5125 2.4993
5 2.895 2.8988
4 0.0225 0.1321
4 0.7575 0.201
4 1.335 1.4637
5 2.7375 2.8012
5 2.2725 1.726
4 0.5475 0.3172
7 1.77 1.6917
5 1.02 1.342
5 1.2 1.3509
6 0.135 0.0451
7 0.6225 0.6103
6 1.0275 1.5632
4 0.15 0.2704
4 2.61 2.6307
7 2.4525 2.3274
7 1.635 1.687
4 1.83 1.7846
5 2.4975 2.6051
4 2.8125 2.7417
6 1.065 1.3961
6 1.05 1.4798
5 0.8175 1.1899
4 1.2525 1.6932
6 2.5275 2.369
4 0.165 0.3953
5 1.1325 1.4596
7 0.4425 0.5556
7 2.835 2.7941
6 2.67 2.67
7 0.0075 -0.0359
6 0.555 0.5154
7 1.83 1.866
6 1.65 1.5671
6 2.5875 2.5759
4 2.1825 1.9707
7 0.0975 0.1654
6 1.4625 1.0176
6 2.6025 2.5943
5 0.9675 1.4062
4 1.7175 1.5094
7 1.9875 1.9083
4 2.1375 2.321
5 1.95 1.5676
5 0.6675 0.7165
5 2.7675 2.9158
6 2.7075 2.7457
4 2.1675 1.5374
4 1.6725 1.5015
6 1.6725 1.6616
4 1.92 0.9763
6 0.705 2.5404
5 1.9125 1.79
5 2.9475 2.7589
4 0.375 0.6198
4 2.325 1.8119
7 1.005 1.4986
5 2.7525 2.7121
5 1.875 1.932
5 0.105 0.1659
4 2.8575 2.876
6 1.2675 1.5737
4 0.525 0.266
7 1.38 1.5602
4 1.1775 1.4839
4 2.73 2.6776
4 1.5975 1.5129
4 0.975 1.3449
4 0.96 1.9981
4 1.215 1.2897
4 2.1 2.4565
7 0.3075 0.35
6 2.31 2.4021
7 0.945 0.9981
7 0.1875 0.1743
7 1.6575 1.7755
7 0.075 0.0519
5 2.9775 2.9277
4 0.0 0.2636
5 1.7325 1.8228
7 0.57 0.5206
4 2.265 1.9648
5 2.265 2.4573
6 0.78 0.6159
5 1.9125 1.6622
5 1.53 1.5438
5 0.555 0.6369
6 2.0925 2.229
5 2.46 2.3544
6 2.1825 2.2051
7 2.865 2.8539
4 1.2675 1.6007
4 1.845 0.972
7 0.4125 0.4079
5 1.9125 1.6864
7 1.845 1.8099
5 0.4275 0.3558
6 1.155 1.2124
5 0.5775 0.6718
5 0.615 0.6725
7 0.6075 0.6212
4 1.0875 1.5091
4 1.0125 1.5312
4 2.34 1.9574
6 1.38 1.0967
7 2.955 2.856
4 2.8125 2.7394
7 0.015 -0.0026
7 0.3675 0.2776
5 1.2 1.7413
7 2.2725 2.3319
6 1.4925 1.2082
5 1.1025 1.944
5 2.4 0.3065
5 2.9325 2.8816
4 1.23 0.6645
6 0.105 0.1245
5 1.5825 1.5962
4 2.415 1.8337
7 0.2025 0.1532
6 0.9525 0.9995
4 0.1575 0.1551
6 0.12 0.1514
7 0.57 0.5498
6 1.5675 1.4058
4 2.0475 2.0876
5 1.08 0.9004
5 1.56 1.0577
5 0.5475 0.8867
4 2.16 1.9458
7 2.4975 2.3924
6 0.915 1.4549
7 1.1325 1.2658
4 0.1725 0.2047
6 0.5625 0.4662
6 1.47 1.5669
5 2.1 1.8966
7 2.2425 2.2087
5 2.13 1.5059
5 1.2225 1.1777
7 2.385 2.439
6 1.3125 1.705
5 0.075 0.0768
5 2.28 2.2905
6 2.1075 1.8458
5 1.4475 1.1949
4 2.0325 1.3273
4 0.21 0.2054
4 2.52 1.991
7 1.6575 1.7802
6 2.4075 2.421
7 2.985 2.968
6 2.1825 2.1602
4 0.1875 0.3601
5 1.905 2.0397
5 0.135 0.1459
6 0.9 0.9753
4 0.1575 0.0254
7 0.51 0.4694
4 2.415 1.9191
4 0.48 0.1817
4 2.73 2.6099
5 0.69 0.7898
5 1.4775 1.3544
4 1.8 1.604
5 1.9125 1.5609
5 1.5375 1.5595
5 1.8075 1.6906
4 1.74 1.4182
4 0.1275 0.2498
5 1.47 1.3482
7 1.935 1.972
5 2.3775 2.2409
7 0.8325 0.8031
4 0.24 0.2829
6 1.725 1.6423
4 0.2175 0.1075
4 0.225 0.1794
5 1.0125 1.3686
7 1.9725 1.8664
4 2.6625 2.8396
5 0.3225 0.2216
7 0.765 0.793
4 2.28 1.4038
7 1.2225 1.1603
6 1.4625 1.8046
6 2.2425 2.1161
6 0.2625 0.2388
5 2.13 2.3319
6 2.3175 2.237
5 2.385 2.4268
4 2.7075 2.4528
5 0.3075 0.2715
5 0.165 0.2566
6 0.0975 0.167
4 1.9425 1.9107
5 2.0925 1.6096
6 2.8125 2.8045
4 1.4925 1.6841
4 1.6725 0.8821
6 0.99 1.1016
7 0.0 0.0211
4 0.015 0.0443
7 0.3525 0.2828
5 0.2475 0.1395
7 1.095 1.4946
7 1.65 1.471
6 0.4425 0.4752
7 1.935 1.9803
6 1.275 1.6155
4 2.0625 2.2916
7 1.335 1.2941
6 2.88 2.8678
6 1.905 1.6802
5 0.39 0.4025
4 2.295 2.5233
4 2.37 2.2887
6 1.74 1.5548
4 2.1975 1.4931
5 2.6025 2.4212
6 0.4425 0.616
7 2.655 2.7365
7 2.94 2.8686
5 0.375 0.4205
6 1.98 1.9933
7 1.575 1.3687
7 0.42 0.3753
7 0.885 0.9297
4 2.4525 2.458
7 2.025 1.6866
5 2.175 1.5043
7 1.3425 1.2095
4 1.095 1.3276
5 1.4025 1.6539
4 2.805 2.6345
4 2.3625 2.4913
7 0.015 -0.0851
5 2.9025 2.8671
5 2.73 2.7178
5 1.7475 1.6491
5 2.7075 2.7018
7 1.65 1.482
6 0.1125 0.1113
4 0.4275 0.483
4 1.3575 1.2866
4 1.005 1.3374
4 1.1175 1.1939
4 2.7675 2.8097
6 1.02 1.4
6 1.605 1.4594
7 2.52 2.5532
5 1.92 1.2876
7 1.08 1.3038
5 2.1525 1.612
4 2.715 2.6829
6 1.1775 1.0206
4 1.245 0.7788
7 1.605 1.3654
6 2.9175 2.794
5 1.5525 1.1702
7 0.3225 0.3496
6 2.9625 2.9111
4 2.2875 2.0814
4 0.7575 1.3234
5 1.98 1.7451
7 1.275 1.4613
4 1.6575 2.0511
5 0.9825 1.2964
6 0.435 0.4683
4 0.825 0.7174
7 0.555 0.6571
6 1.905 1.887
4 1.05 1.0575
6 1.455 1.3633
6 2.3175 2.1652
4 1.095 2.1158
7 2.58 2.5282
5 0.5175 0.6178
5 1.83 1.7599
6 0.4875 0.4813
4 2.7975 2.8276
4 0.405 0.394
7 0.495 0.5358
6 0.0225 -0.0075
6 1.845 1.5862
7 1.92 1.9847
6 1.5525 1.6738
4 1.395 1.7016
4 1.41 2.3011
7 0.2775 0.1745
6 1.4775 1.4512
4 2.3625 2.3007
4 1.965 2.4094
6 1.92 1.5742
7 1.23 1.4388
5 2.6625 2.6441
4 0.8175 0.5589
6 1.785 1.2771
6 1.6875 1.3345
6 0.4875 0.6259
7 1.35 1.495
5 1.7775 1.4053
6 1.4475 1.7666
4 1.6875 1.5138
7 1.125 1.1916
7 0.2475 0.1963
6 2.085 2.0463
4 1.47 2.1529
5 1.5075 1.7368
5 0.03 0.0958
7 2.835 2.8108
5 0.48 0.4016
4 0.39 0.3753
6 0.8625 0.861
4 2.67 2.5198
6 1.1475 1.0449
7 1.38 1.4515
6 1.9275 1.8199
4 2.6925 2.7378
5 2.9175 2.8581
6 1.665 1.6002
6 1.2375 0.8126
4 1.5225 1.4631
4 0.63 0.7199
7 2.49 2.4707
6 0.0525 0.1129
6 0.7875 0.8835
5 0.9675 1.5854
7 2.325 2.2808
7 1.425 1.4582
4 0.78 1.7689
7 1.5075 1.4903
4 1.1475 1.8291
6 0.09 0.0558
5 2.3175 2.3092
6 0.5325 0.6134
7 0.5175 0.397
5 2.2725 2.0856
6 1.8075 1.1825
6 2.6475 2.691
7 1.05 1.1578
6 0.4575 0.4093
6 0.885 1.3777
7 2.5425 2.5513
6 2.2125 2.1394
4 0.5475 0.633
7 0.9825 0.9892
6 0.045 0.038
7 1.62 1.6587
5 0.2025 0.2737
7 0.5775 0.4865
6 1.2975 1.3871
4 2.325 1.9963
5 2.58 2.6275
4 2.205 2.0575
5 0.51 0.4771
6 0.135 0.1606
5 2.2575 1.9497
4 0.6 0.9755
7 1.6125 1.1399
4 0.495 0.4089
7 1.8675 1.5856
7 1.8675 1.8096
7 1.365 1.305
6 0.9075 1.3699
5 0.99 1.4114
6 0.0225 0.0528
6 1.9725 1.4345
7 0.0525 -0.0914
7 2.5575 2.6601
6 1.8825 1.5879
7 1.9275 1.8064
7 2.505 2.4157
6 1.0725 1.189
7 1.68 1.5182
7 0.1875 0.2827
6 1.29 0.858
6 0.525 0.502
6 1.8825 1.3123
7 1.4025 1.0427
6 0.4425 0.4768
7 2.3025 2.238
5 2.745 2.7533
6 1.605 1.4821
7 2.1075 2.0684
7 1.4175 1.1621
4 0.6525 0.8621
4 1.8375 1.6294
4 1.53 1.4974
6 2.475 2.253
4 2.655 2.6943
7 2.895 2.8871
7 0.3075 0.2054
7 2.055 2.0977
4 0.5625 0.3829
7 2.6625 2.6999
6 1.4625 1.8332
4 2.685 2.646
6 0.765 0.7886
7 0.7575 0.7089
5 2.325 2.2452
7 1.1025 1.1933
4 1.425 1.6698
4 0.1275 0.282
5 0.7575 1.0535
4 2.1 2.1034
6 2.3175 2.2516
4 1.65 1.5932
4 1.1325 1.6155
5 1.47 2.1038
6 1.59 1.6448
6 2.3775 2.3335
5 1.9275 1.1874
6 0.1575 0.1617
7 1.5075 1.3507
4 0.15 0.3177
6 0.6825 0.902
7 0.345 0.3121
4 0.225 0.2782
5 1.77 1.448
5 2.6775 2.5938
4 0.795 1.0828
5 1.7325 1.7118
6 1.59 1.1593
4 0.33 0.4045
6 2.34 2.1669
7 1.9125 1.989
7 1.725 1.6853
5 2.5125 2.5999
7 1.0875 1.1815
4 2.325 2.2384
6 2.5575 2.5744
7 1.6425 1.3878
5 1.89 1.5011
5 1.1925 0.9068
7 0.5175 0.554
4 0.9075 2.287
7 1.02 1.0583
7 1.77 1.8727
6 2.6175 2.6779
5 1.2675 1.7755
7 0.6075 0.5301
7 2.265 2.2475
6 2.46 2.3779
4 1.0125 0.616
7 2.1975 2.1785
5 0.2925 0.3933
6 2.7375 2.8436
5 1.7175 1.495
4 2.8575 2.7847
7 1.8 1.6686
5 1.2525 1.3991
7 1.59 1.4273
6 2.52 2.418
6 2.4 2.0405
6 0.1875 0.2306
4 1.6425 1.4083
7 2.52 2.5962
6 2.7075 2.7108
7 2.22 2.1847
4 2.3325 2.5573
4 0.12 0.3141
5 0.3975 0.5853
6 2.055 2.19
4 1.26 1.2755
5 1.485 0.9255
5 0.45 0.7126
7 1.38 1.3217
5 0.405 0.5172
5 2.91 2.8057
5 1.4175 1.6917
6 1.305 1.4207
7 0.3975 0.4211
7 2.8875 2.9103
7 0.0075 0.0134
7 0.8025 0.7469
4 1.2975 1.4175
4 0.2475 0.242
5 0.0825 0.1061
7 0.8925 1.0081
5 2.91 2.9393
6 2.8725 2.9513
4 0.585 1.3789
5 2.145 1.5589
6 0.66 0.7804
4 1.32 1.2432
7 2.355 2.3308
4 1.0275 1.5225
5 1.65 1.5459
5 0.9975 1.5399
7 1.0875 1.028
6 0.6225 0.5707
5 0.9825 1.2723
5 1.7625 1.2461
4 0.2775 1.1229
4 1.7775 1.7198
7 1.11 1.5713
4 2.715 2.8089
5 1.425 1.8357
7 2.3925 2.3355
5 2.9925 2.9695
4 0.8625 1.4509
5 1.3725 1.4457
6 1.9575 0.7658
4 1.365 1.7088
7 2.04 1.8509
4 1.275 1.2751
5 2.0925 1.3273
7 2.895 2.9315
6 1.59 1.611
7 2.5125 2.4203
6 2.5425 2.5537
6 0.0675 0.1807
4 1.9275 1.1302
6 0.5625 0.6607
7 2.0925 2.0704
5 0.7575 0.5705
7 2.9925 2.9032
5 0.8925 1.1792
4 1.26 1.7833
4 1.5375 1.1065
7 1.905 1.9051
7 2.7825 2.8859
6 1.1025 1.212
4 0.1875 0.1499
7 2.2125 2.0294
5 2.58 2.6308
5 1.4325 2.0284
6 1.74 1.443
6 0.405 0.511
5 0.9225 0.7886
4 0.465 0.5317
7 1.065 1.0794
7 2.5725 2.4985
7 0.105 0.0926
6 2.2725 2.1682
5 1.1775 1.6121
6 0.69 0.8873
4 2.6025 2.6491
5 0.96 1.1631
5 2.7975 2.5874
4 2.595 2.3503
6 1.845 1.8486
5 2.9625 2.808
5 2.895 2.8106
6 1.185 1.438
4 1.56 0.7367
5 1.4925 1.4589
5 1.71 1.8527
5 2.91 2.8557
4 2.0325 1.9152
5 1.1025 1.0573
5 2.8425 2.8493
6 2.685 2.7325
5 0.8325 0.9097
7 2.355 2.4107
6 1.8075 1.4408
7 0.5775 0.5581
7 1.3425 1.5067
7 2.07 1.8711
4 1.68 1.7425
6 2.1975 2.3662
6 2.5275 2.5021
6 1.605 1.7542
4 0.75 1.0205
6 2.6325 2.6163
5 1.365 1.5057
5 2.025 1.2646
7 2.3775 1.042
5 0.7875 1.2665
4 1.32 1.6581
5 1.7325 1.4448
6 1.1925 1.4929
4 0.975 0.8356
5 1.1175 0.9684
4 1.53 1.7302
6 1.845 1.4705
4 0.0525 0.1488
5 2.3175 1.6976
5 2.76 2.7365
5 1.98 1.6269
6 0.3825 0.4147
4 2.55 2.4195
4 0.24 0.3151
6 0.4125 0.6239
6 2.8875 2.9253
6 0.4425 0.4603
6 1.95 1.7093
4 2.2125 1.2861
5 0.3525 0.3948
7 1.6275 1.5186
7 1.3125 1.4564
6 1.0725 0.8377
5 0.195 0.1022
6 2.355 2.324
4 2.5575 2.6679
6 2.4075 2.3229
6 2.505 2.5854
6 0.0675 0.119
5 0.7425 0.9428
5 0.3825 0.2284
7 2.34 2.426
4 1.56 2.1571
5 2.0925 1.631
4 2.97 2.8791
5 2.505 2.5407
4 1.7475 1.6742
7 2.025 1.8453
4 0.315 0.2638
5 2.7975 2.8865
7 2.37 2.2542
5 1.8975 2.2173
6 1.95 1.4935
5 2.2725 1.7529
5 1.11 1.6742
4 1.2975 2.5258
7 2.46 2.5801
6 1.5825 1.7607
7 1.6575 1.2939
7 0.375 0.3508
4 2.9775 2.8689
7 0.375 0.4974
4 1.005 1.6023
6 0.465 0.4292
6 0.3225 0.3503
4 0.8325 1.8749
4 1.845 0.9175
4 2.6325 2.2181
7 2.49 2.6382
7 0.7125 0.7461
6 0.21 0.1161
6 1.8075 1.8177
7 1.3875 1.4571
5 0.1275 0.2216
7 2.055 1.9334
6 2.8275 2.8952
5 0.2175 0.181
6 2.355 2.4303
6 0.8625 1.0081
4 1.8975 1.7086
4 0.6075 1.2016
5 0.8775 0.9648
7 0.81 0.9938
4 0.54 0.3077
6 1.335 1.0603
5 1.9875 1.9405
6 2.64 2.6925
7 1.71 1.4146
7 1.7925 1.8718
6 2.505 2.6605
7 0.8625 0.7324
7 1.86 1.787
5 0.315 0.2294
4 0.21 0.1687
7 1.6875 1.7035
6 2.865 2.8485
7 1.3425 1.6146
6 2.82 2.7744
4 2.0475 1.5733
6 2.0775 1.942
7 0.945 0.9931
6 2.1075 2.2204
4 0.975 1.614
4 1.83 1.2581
6 2.325 2.0682
5 1.26 1.3866
5 0.4125 0.3531
6 1.755 2.0154
5 0.9375 1.3216
5 0.4125 0.4383
4 1.7475 1.7168
7 0.855 0.7267
6 0.6975 0.8557
7 0.3525 0.3385
7 2.4 2.4121
4 1.1025 1.8296
6 0.345 0.2061
7 2.2425 2.3218
5 0.9375 1.3746
5 1.2075 1.9413
4 2.8575 2.833
4 2.4825 2.1652
5 2.715 2.6802
7 2.445 2.4219
6 0.54 0.5088
5 0.465 0.4176
7 0.435 0.5223
4 0.27 0.1879
4 1.2675 0.5604
4 1.2075 2.476
6 0.06 0.1247
4 2.4825 2.3353
4 2.1375 1.5704
7 2.4525 2.4485
5 0.4425 0.4529
6 1.395 1.4443
6 2.0175 1.8779
4 1.1775 1.866
4 0.8925 1.5367
4 0.4275 0.6274
4 2.4825 2.3941
7 2.745 2.8087
7 0.045 -0.0585
6 2.28 2.2754
5 0.7125 1.0165
6 2.5125 2.4526
5 0.4725 0.4201
5 1.3725 2.1317
4 0.6525 0.4221
7 0.9975 1.0241
5 0.5925 0.7683
7 0.435 0.3005
6 0.7275 1.0293
6 1.2675 1.4482
5 1.62 1.2279
7 2.175 2.2856
5 1.545 1.706
6 1.0875 1.4759
5 1.4025 1.5649
7 1.4625 1.8258
7 2.9025 2.8345
4 2.235 2.1464
6 1.5975 1.1877
4 0.555 0.4877
5 0.195 0.1098
4 1.635 1.5243
5 0.4125 0.5535
5 1.965 1.7188
5 2.6025 2.4724
6 2.5875 2.5662
7 2.055 2.1017
5 1.8825 1.3344
5 1.905 1.8596
7 1.2375 1.1947
5 0.465 0.6879
4 0.225 0.2714
5 0.315 0.375
4 1.9725 1.2668
5 2.805 2.6206
7 0.6525 0.6336
6 0.2625 0.2131
4 2.3925 2.3309
7 0.4125 0.3679
5 2.8575 2.8733
7 0.96 0.8581
7 1.62 1.8
4 0.63 0.6633
5 1.2075 2.1472
4 2.2575 2.5977
4 0.69 0.3855
7 0.135 0.0817
4 1.8825 2.0782
5 0.5475 1.0079
6 0.105 0.0047
6 2.52 2.5123
7 1.8075 1.7902
5 2.775 2.7467
5 2.9925 2.9273
7 0.7875 0.8516
5 0.9375 0.9927
7 0.5175 0.5239
6 2.3475 2.1998
5 1.995 1.8979
7 0.2925 0.1933
5 1.125 1.5225
4 0.0675 0.1165
4 1.08 1.3395
5 1.095 1.506
6 0.42 0.4053
4 2.0025 1.8048
7 0.51 0.4983
6 0.7425 0.589
7 2.0925 2.1963
5 2.04 1.6489
7 1.9425 1.8235
4 0.8475 1.0514
4 2.415 1.92
7 2.775 2.7266
5 1.8825 1.8973
5 0.36 0.2326
4 0.75 1.2273
6 1.7775 1.2416
4 0.105 0.1331
5 2.715 2.6249
5 1.44 1.9576
5 1.3275 1.7076
5 0.66 0.4654
6 2.9625 2.9496
6 2.7 2.6292
4 0.3525 0.5691
5 0.3825 0.3982
7 1.4775 1.9885
4 1.1475 1.3255
4 1.08 1.2248
7 1.35 1.3779
4 1.995 1.4065
7 0.1425 0.0576
7 1.125 1.1482
4 1.74 0.8225
7 0.6225 0.5965
5 1.695 1.7847
4 2.49 2.5828
4 1.4175 1.3089
7 0.6075 0.573
4 1.605 1.461
7 2.3475 2.4712
7 2.895 2.8106
6 1.725 1.3894
4 2.49 1.8206
5 1.7325 1.5636
7 1.065 1.1322
5 0.5175 0.5146
6 0.5625 0.5959
4 0.36 0.5521
5 1.905 1.552
6 1.905 1.5834
5 2.4375 2.5127
6 2.8425 2.8226
4 2.415 2.8483
7 0.6525 0.6375
5 1.7925 1.4815
7 2.205 2.1065
7 0.9675 1.042
7 1.5525 1.4336
4 2.775 2.741
5 0.6 0.9129
4 1.14 1.8616
4 0.1575 0.0591
6 2.6025 2.5791
4 0.3375 0.6597
7 0.465 0.4253
6 0.99 1.5235
4 0.18 0.0567
5 1.7775 1.7547
5 2.6625 2.5711
6 1.92 1.7511
6 0.5775 0.717
6 2.3325 2.3554
7 2.04 2.1473
5 0.4275 0.53
6 1.7475 1.7634
4 1.89 1.7127
7 0.105 0.1355
6 1.2 1.5801
7 2.5425 2.5785
7 1.125 1.0312
5 2.1 1.448
4 2.7225 2.6635
6 2.2875 2.278
7 2.535 2.5234
5 1.89 1.1873
7 2.5575 2.5513
4 0.6375 0.7454
5 0.3525 0.2523
7 1.3575 1.2579
4 0.21 0.2549
5 1.3425 1.0767
6 1.5 1.8754
5 0.27 0.2669
4 2.595 2.1799
7 2.3625 2.3785
4 2.355 1.4674
5 0.375 0.4219
5 1.3425 1.5807
5 0.2925 0.3716
5 0.4425 0.5286
5 1.5225 2.0429
6 0.9375 1.234
5 1.7475 1.6855
4 2.43 2.4957
5 1.17 1.5331
4 2.79 2.7025
5 0.825 0.7974
7 2.25 2.1156
4 1.53 1.5942
6 1.455 1.32
4 0.6525 0.6462
5 1.1325 1.5786
7 2.7075 2.5777
4 1.1025 1.6543
5 0.0975 0.0591
5 2.4375 2.0798
5 1.095 1.3484
4 2.7675 2.5792
4 0.4275 0.9608
6 1.005 1.0173
4 1.9275 1.6909
6 0.84 0.6647
6 1.2075 1.3706
6 0.84 0.8196
7 0.765 0.8699
6 1.0725 1.3925
6 0.18 0.1276
6 1.725 1.6939
5 2.0325 1.5605
4 2.6025 2.62
5 0.4125 0.2383
5 2.4375 2.4446
6 1.4775 1.4571
6 0.63 0.6248
7 2.28 2.3003
6 2.4525 2.2994
6 2.2875 2.2308
7 1.65 1.4744
5 0.915 1.1208
7 1.9425 1.7624
7 2.3025 2.2591
6 1.815 1.7397
6 1.4175 1.6635
4 1.515 1.6808
4 0.18 0.3704
6 2.385 2.2872
6 2.835 1.2563
5 2.6625 2.7322
5 1.995 1.5086
7 1.1325 1.1699
4 1.845 1.973
4 1.38 1.5968
7 0.8625 0.7499
6 0.2025 0.1046
6 0.1575 0.1783
7 2.37 2.5007
4 2.4675 2.291
7 1.365 1.3705
4 2.9325 2.8938
6 2.5425 2.6406
4 0.2925 0.2403
5 2.5125 2.5805
4 0.81 1.5104
6 2.8725 2.8535
4 1.4025 1.4201
4 0.15 0.0985
7 2.4075 2.3965
4 1.3575 1.5226
6 0.225 0.1853
4 1.8375 1.5746
6 0.06 0.0973
6 0.1575 0.1865
5 0.405 0.5069
4 0.06 0.1893
6 1.23 1.9251
4 1.53 1.3264
6 2.6475 2.7042
7 1.2975 1.5006
5 1.185 2.0412
5 1.23 1.6464
6 0.9075 1.2016
5 2.76 2.7029
6 2.85 2.8396
7 2.16 2.0504
6 2.4225 2.3487
7 1.5525 1.2944
4 1.74 1.2012
6 1.89 1.3453
7 2.9775 2.9895
7 0.6825 0.6675
7 1.05 0.9795
7 1.275 1.4084
7 0.21 0.2355
7 2.7075 2.7667
6 0.045 0.1061
6 0.36 0.389
5 2.5125 2.1777
7 1.605 1.5618
4 1.1175 0.8146
7 0.1425 0.0631
7 1.455 1.3898
5 0.4275 0.3644
5 2.04 2.3306
5 2.52 2.4873
5 2.97 2.7882
6 0.6825 0.6719
7 0.9375 0.9035
6 0.435 0.4826
5 0.8175 0.7956
4 2.955 2.7173
4 2.2275 1.9334
4 0.795 0.8033
4 2.07 1.4033
7 2.07 2.122
4 2.5575 2.7617
6 2.1075 1.8701
7 0.645 0.8022
5 0.0675 0.0482
5 1.95 1.7767
6 0.2775 0.2341
6 0.0675 -0.0367
4 2.58 2.6087
7 2.025 1.5816
5 0.7125 0.8673
4 1.8075 1.7526
6 0.7575 0.8935
6 1.935 1.7762
5 0.06 0.0786
6 0.075 0.081
6 2.4375 2.5045
4 1.6875 1.7276
4 1.8825 1.7551
6 2.085 1.7448
6 1.17 1.2285
4 2.8125 2.8457
4 0.63 0.3727
7 2.175 2.1837
6 2.16 1.9441
7 2.37 2.3617
7 1.005 1.0827
7 2.895 2.9716
5 1.8375 1.6945
6 1.77 1.9206
6 0.48 0.541
4 2.5125 2.4743
6 1.5075 1.1091
6 2.58 2.5512
6 1.6425 1.3747
4 1.9425 1.9015
4 1.3575 1.3113
7 0.6375 0.7121
6 2.8575 2.8478
4 1.74 1.2297
5 2.835 2.7251
5 0.1875 0.2386
5 1.29 1.2207
6 2.7975 2.7666
7 0.8325 0.8796
7 2.0475 1.8679
4 0.9075 1.0714
6 0.7875 0.834
6 2.8125 2.724
4 0.9525 0.8354
5 1.785 2.0197
7 1.695 1.5658
5 2.0175 1.5316
7 2.6325 2.6664
4 0.0375 0.035
4 1.44 1.2516
6 1.4325 1.5837
5 2.43 2.468
6 1.53 1.6958
5 1.5075 1.2926
5 2.97 2.8547
7 2.8125 2.7569
5 0.375 0.4216
5 0.15 0.1334
5 0.81 0.7203
4 2.655 2.5598
4 1.005 1.4874
5 0.2625 0.2055
5 0.8625 0.5819
5 0.0075 0.1307
5 0.66 0.6279
5 1.575 1.3896
4 1.9425 1.6378
4 0.5625 0.5865
5 1.83 1.3903
7 1.7175 1.6915
7 1.2675 1.5072
6 2.61 2.6846
4 1.7175 0.7744
5 2.9025 2.8176
5 1.695 1.6776
5 0.1275 0.1042
6 1.6575 1.2706
4 2.5725 2.5472
5 0.0975 0.1018
7 2.3025 2.2017
5 2.775 2.8353
6 0.375 0.4689
7 0.5175 0.5392
4 1.9875 2.3575
7 2.0775 1.9564
6 0.42 0.3658
7 1.4175 1.6556
4 1.6725 1.8099
4 2.1825 1.6817
4 2.535 2.5948
5 1.515 1.6942
5 1.23 1.3943
4 2.5125 2.3479
6 0.9225 1.2146
5 1.95 2.0296
5 2.385 2.31
6 2.19 2.2985
5 2.6325 2.6125
6 0.5325 0.432
7 0.6825 0.7173
4 1.4625 1.3636
4 0.2775 0.3482
6 1.245 1.5956
7 2.535 2.454
7 0.57 0.6259
5 0.075 0.1159
4 0.4725 0.5521
5 1.3575 1.8098
6 1.71 1.4989
5 1.155 1.6655
7 2.1525 1.989
7 0.225 0.2387
7 0.93 0.9773
5 1.14 1.2578
7 2.2125 2.1305
6 2.2725 2.3465
6 1.08 1.0744
5 1.59 1.3051
6 0.6675 0.597
4 1.5825 1.4722
6 1.3575 1.4102
4 0.795 1.7256
5 2.7675 2.6581
5 1.6725 1.4765
7 1.395 1.348
5 0.0075 -0.0016
6 1.7475 1.4553
5 2.1375 2.0906
4 0.4425 0.8085
5 1.2975 1.2247
4 0.195 0.305
6 2.5275 2.4272
5 2.475 2.3938
6 0.225 0.2433
6 2.8425 2.9093
7 2.205 2.0778
4 1.5675 1.2182
7 2.3325 2.1828
5 0.855 0.732
6 2.565 2.5864
6 1.4625 1.4889
4 2.0775 1.8423
6 2.1375 2.1694
6 0.27 0.2587
5 1.4025 1.3777
5 1.575 1.8895
5 1.29 1.3816
7 0.8625 1.0733
4 1.005 1.1375
6 2.055 2.3129
5 0.54 0.7597
4 1.2375 2.0269
6 2.94 2.9284
5 1.1325 1.5489
5 2.7825 2.7685
6 2.865 2.9048
7 0.8175 0.6916
4 2.58 2.5032
4 1.41 1.4597
4 0.195 0.2342
6 0.045 0.0951
5 2.1375 1.6144
7 2.475 2.6944
6 2.67 2.6877
4 1.6425 1.3374
7 1.8975 1.7818
7 2.565 2.6002
4 1.545 1.6367
7 1.6275 1.5335
4 2.0025 1.7179
4 1.5675 1.6635
5 2.8875 2.9894
5 1.5675 1.3196
5 1.095 1.8032
6 2.625 2.6743
4 1.6425 1.3328
5 2.31 1.9464
5 0.0525 -0.0017
6 2.895 2.909
6 0.9975 0.8602
7 2.82 2.9222
5 0.2025 0.2574
7 2.9925 2.9267
5 0.9825 1.5363
7 2.9625 2.9282
5 2.775 2.8613
7 0.9825 0.9432
5 0.465 0.5566
5 2.9775 0.4029
6 2.235 2.158
6 1.155 1.4734
6 0.9675 1.3877
5 0.18 0.0903
5 2.415 2.3518
5 0.495 1.0046
6 0.3075 0.209
7 1.2 1.3395
7 2.385 2.4423
4 1.305 1.7057
5 0.6675 0.6294
4 0.2025 0.1416
7 2.4 2.5021
7 2.8425 2.9915
6 2.5725 2.5222
7 0.6975 0.6275
5 2.4075 2.268
4 2.31 2.2118
5 1.305 1.1367
5 2.9475 2.9028
5 0.78 0.6268
7 1.665 1.6089
5 2.745 2.7838
4 2.1975 1.9357
4 2.865 2.7544
6 0.6225 0.4648
5 0.0 0.2017
7 2.115 2.0282
4 0.465 0.287
5 1.68 1.0688
7 1.6125 1.628
5 0.0375 0.0513
7 1.68 1.4661
5 2.2575 1.8811
5 1.8225 1.8682
4 2.985 2.9535
7 2.4 2.5085
7 1.68 1.5391
7 2.7975 2.7826
4 1.8675 1.9076
7 0.8625 0.9468
6 0.6975 0.6795
6 0.975 0.8012
7 0.405 0.4097
7 1.2975 1.2865
6 0.525 0.4963
4 0.7275 0.6596
6 0.9375 0.781
5 1.8 1.4781
7 2.3175 2.1698
6 0.81 1.0432
5 0.06 0.19
5 1.6275 1.4062
7 1.7175 1.7645
6 0.435 0.4143
5 0.66 1.3674
4 0.54 1.0192
4 1.365 1.7766
6 0.72 1.0864
5 2.595 2.5041
4 1.2225 1.0224
7 0.3 0.1955
6 2.685 2.5992
7 0.9975 1.2091
4 0.615 0.7337
7 1.425 1.491
6 0.675 0.7189
7 1.47 1.8294
7 0.39 0.4027
5 1.6575 2.2446
4 1.7475 1.531
5 1.89 1.6244
5 0.225 0.3491
7 1.0725 1.2118
5 1.2075 1.7361
5 1.3575 1.4262
7 0.6675 0.5694
4 0.6375 1.1036
5 0.42 0.2637
7 0.0975 0.074
5 2.7825 2.7561
7 0.6675 0.6877
7 0.21 0.1797
4 2.6625 2.7929
6 1.4325 1.7022
7 2.1075 2.1028
4 2.175 1.5243
6 2.4375 2.3108
6 0.9 1.4997
7 2.1 2.0947
7 2.16 2.2241
6 2.0175 1.8147
6 1.545 1.3413
6 0.375 0.3582
7 0.2475 0.3749
5 1.98 1.9261
7 0.0525 0.1492
5 1.9125 1.2433
6 1.935 1.8758
7 1.545 1.7706
6 2.3625 2.2962
5 1.71 1.5993
7 2.7675 2.7643
6 1.05 1.2582
5 1.4775 0.9474
7 1.26 1.3971
5 0.9075 1.5863
6 1.4625 1.1035
6 0.8925 1.3627
4 1.035 0.8429
6 1.4775 2.2587
7 0.855 0.8138
6 1.0725 0.7742
5 1.02 1.2558
7 0.0825 0.1564
5 2.88 2.8027
7 1.68 1.5581
5 2.34 2.1104
6 2.58 2.4888
5 2.5875 2.5465
5 2.7225 2.9503
4 0.93 1.2322
5 0.5325 0.5023
5 0.8475 0.4751
6 1.77 1.4488
4 1.0725 1.3675
4 1.02 1.2174
7 0.8175 0.711
6 1.1025 1.5943
5 0.975 1.3392
7 1.4625 1.0716
7 2.0025 1.7053
4 0.5175 1.2395
6 1.4025 1.6496
6 2.3625 2.3249
4 1.92 1.1931
4 2.7225 2.7662
5 2.8875 2.8619
5 0.03 0.1263
6 0.1575 0.1663
6 0.285 0.2547
7 0.2025 0.2051
5 2.985 2.8025
4 2.9025 2.6605
7 2.91 2.896
4 1.125 1.8285
4 0.0 0.1032
7 2.1675 2.0851
7 1.485 1.5987
5 1.29 1.5605
4 2.8275 2.9915
6 1.545 1.5814
7 1.9875 1.9312
6 1.485 1.5057
7 1.5375 1.4617
7 2.46 2.4221
4 0.4425 0.4028
5 1.3425 1.2925
4 2.43 1.5914
7 0.405 0.3517
6 2.7525 2.6831
5 2.865 2.6984
5 0.255 0.2063
5 0.7875 0.8779
6 2.04 1.8398
6 1.605 1.4515
7 2.1 2.1873
4 2.1 1.8472
5 1.7475 1.603
6 0.6525 0.6864
6 2.6775 2.6138
7 2.145 2.1739
4 0.2925 0.3228
7 0.045 0.1081
4 2.6625 2.6588
7 0.105 0.1305
7 1.0275 1.1333
7 0.6525 0.6521
6 0.5925 0.6761
6 1.2 1.1113
4 0.2475 0.3156
7 1.05 1.3505
4 1.5375 2.0054
7 0.5325 0.5541
7 1.32 1.4169
7 0.18 0.216
7 2.46 2.3806
7 1.6875 1.2428
4 2.07 1.2388
4 0.09 0.3023
4 1.935 1.6674
7 0.03 0.0414
7 1.755 1.4097
6 2.1525 2.0924
5 1.1625 2.0116
6 2.445 2.44
5 1.29 1.4306
4 1.5075 1.1431
4 0.99 0.704
6 1.215 1.8142
7 0.96 0.839
4 0.5625 0.9123
7 0.1275 0.2637
6 1.3575 1.2877
6 1.095 1.1483
5 2.49 2.2762
6 0.525 0.5743
4 2.76 2.9023
7 1.1925 1.6898
7 1.47 1.5378
5 0.255 0.159
7 0.225 0.1703
7 1.35 1.7185
6 0.495 0.567
7 0.8625 0.8945
7 0.8625 0.7912
4 0.2325 0.4749
7 1.575 1.5256
4 1.8225 0.9767
5 2.6475 2.7867
5 1.5075 1.7663
5 0.0525 0.2193
4 0.315 0.2214
7 1.7625 1.4357
5 2.9475 2.8931
7 1.875 1.4845
5 2.5875 2.7341
4 1.5 1.4198
4 0.3225 0.5412
5 0.4425 0.4702
4 0.72 0.9811
4 2.625 2.3584
5 1.71 1.8072
5 1.6875 1.3507
5 2.3175 2.1026
7 0.855 0.9631
5 0.1275 0.1528
4 0.63 0.7968
6 1.86 1.9561
7 2.85 2.8271
7 1.95 1.6161
4 0.525 1.199
5 1.5525 1.0978
4 1.7475 1.9237
4 0.0075 0.2322
6 2.625 2.5495
4 0.585 1.175
6 0.42 0.3453
7 0.45 0.538
7 1.035 0.9741
5 0.7275 1.0368
7 0.465 0.4522
4 0.9525 1.7146
5 0.57 0.5682
4 1.65 1.2506
5 1.5525 1.8552
4 0.39 0.3751
7 1.56 1.7697
5 0.675 1.2847
5 1.3125 1.5129
7 1.6725 1.4377
5 1.9425 1.8416
7 0.3675 0.3213
5 0.3525 0.3364
5 1.185 1.57
6 0.855 0.7566
4 0.1575 0.2704
5 1.785 1.2616
6 2.025 1.9953
5 2.475 2.4927
6 0.75 0.8286
7 0.435 0.3628
6 2.655 2.5325
6 2.9775 2.9114
6 1.11 1.155
4 1.275 1.3303
4 0.8175 1.4675
7 0.0825 0.0685
6 2.2275 2.0718
7 1.9725 1.9921
6 2.6175 2.6737
7 0.18 0.1311
6 0.0525 0.0927
5 2.7075 2.6919
6 1.9125 1.9022
4 1.4325 1.9326
7 2.745 2.7003
7 0.7575 0.8739
6 2.5275 2.4573
7 1.9575 1.8331
4 0.96 1.6832
6 1.6575 1.8264
6 0.84 0.9204
7 2.8725 2.963
6 2.0775 1.6758
7 2.4825 2.5232
5 0.06 0.0873
7 1.32 1.3497
6 0.51 1.0281
7 0.7875 0.8288
6 1.755 1.7825
4 0.9675 1.2368
6 0.465 0.4625
7 2.4 2.3734
5 2.3025 2.3908
6 2.5575 2.6604
5 2.715 2.6897
5 0.2625 0.4495
5 2.7975 2.8457
7 1.575 1.6264
4 2.79 2.7056
4 0.99 1.0465
6 2.625 2.5331
5 2.37 1.9288
4 2.565 2.093
6 0.3 0.216
4 2.325 2.3331
7 2.28 2.3417
6 2.9775 3.0161
7 1.575 1.4978
6 1.6575 1.8244
4 2.7675 2.9697
4 0.8475 0.7922
7 0.945 1.0212
5 2.6625 2.4719
6 1.7775 1.5669
4 1.29 1.6043
5 0.675 0.3658
5 0.3825 0.4576
4 2.625 2.4803
4 2.5725 2.5328
4 0.3825 1.0285
7 2.9625 2.895
4 0.9675 1.4488
4 2.5275 2.5828
5 1.845 1.799
4 1.26 1.133
5 0.5475 0.501
7 0.675 0.8123
7 1.0875 1.186
4 1.8675 1.3532
4 1.9275 1.8209
6 2.7825 2.7689
6 1.47 1.4507
5 0.18 0.324
6 0.7725 1.0851
4 1.71 1.5387
4 0.795 1.1058
5 0.8175 0.9328
6 0.8625 0.8982
7 1.5 1.3477
5 1.17 1.2453
6 0.195 0.0805
7 1.8225 1.7941
5 2.415 2.486
4 1.755 1.9125
7 1.155 1.6574
5 2.8575 2.8431
7 0.1425 0.0504
4 0.3825 0.5891
6 1.59 1.9407
7 1.755 1.8332
7 2.565 2.5768
7 0.645 0.6713
4 2.67 1.9974
7 2.265 2.368
6 0.585 0.5921
6 1.845 2.2143
5 0.5025 0.4299
6 0.3075 0.4903
4 0.2475 0.1874
4 2.7825 2.7904
7 0.8325 0.7654
5 2.4975 2.5606
5 2.895 2.7824
4 0.2775 0.4041
5 1.365 1.8326
6 2.8275 2.8415
4 2.0475 1.8944
7 0.3375 0.4648
6 1.545 1.3137
4 0.6075 0.9809
6 1.77 1.6342
4 1.2 1.1414
6 1.0875 1.6461
7 2.895 2.9259
5 2.8725 2.7316
7 1.545 1.1963
5 1.2525 1.5684
4 0.93 1.43
7 0.33 0.4177
4 2.1225 0.5505
5 2.835 2.7723
5 0.0675 -0.0155
5 0.4875 0.6952
4 0.3525 0.4475
4 1.515 2.2431
7 0.7575 0.958
4 0.6975 1.4009
6 1.2825 1.3878
7 0.03 0.0691
4 1.1325 1.7606
5 2.16 1.9847
4 0.825 1.1917
6 2.73 2.6766
5 2.4075 2.0973
6 2.04 2.1495
4 1.6125 1.3053
6 1.32 1.6502
4 1.425 1.1392
7 1.215 1.6103
7 2.64 2.7066
4 2.9025 2.6785
4 2.61 2.4956
6 0.5325 0.521
7 0.4725 0.3596
4 2.445 1.9463
4 1.9875 2.1508
5 2.535 2.2398
6 1.845 1.4992
7 0.12 0.0549
7 2.775 2.8369
5 1.26 1.8293
5 2.5725 2.3732
4 1.8525 1.783
4 1.0425 1.0948
5 0.6225 0.5235
5 2.97 2.811
5 1.7025 1.2356
6 2.145 2.194
4 1.26 1.3489
5 2.6775 2.5798
4 0.255 0.1012
5 2.535 2.5712
5 1.665 1.2049
7 1.4175 1.571
6 1.995 1.686
4 2.7975 2.808
6 2.7375 2.8224
5 0.885 1.0274
5 2.2575 2.2736
7 0.585 0.6012
7 1.1775 1.0015
5 0.3225 0.3292
5 2.8875 2.9766
6 2.625 2.5881
4 0.3675 0.2203
4 2.9325 2.9049
7 2.9925 2.9252
5 0.075 0.1201
4 0.7125 1.3866
7 1.7925 1.3963
6 1.7475 1.4169
4 2.355 1.9148
5 0.0375 0.1087
4 0.3525 1.3817
5 2.2125 2.1927
4 2.9925 2.9376
5 2.6625 2.5755
7 0.72 0.7902
5 0.2925 0.9806
7 1.14 1.3512
7 2.8275 2.7805
5 2.9925 2.8814
5 0.36 0.2238
6 1.305 1.3105
6 1.83 1.9213
7 1.5525 1.4701
5 2.865 2.9023
5 2.0775 1.5451
4 2.91 2.8789
5 2.79 2.8651
5 0.9 0.9452
7 2.6475 2.5248
4 1.0725 0.6618
7 1.3275 1.5389
6 2.9475 2.9163
5 0.345 0.3538
7 2.775 2.7619
4 0.3075 0.7755
4 2.88 2.7145
7 2.1975 2.1418
6 0.6375 0.7788
4 0.195 0.172
5 2.0925 2.3517
5 2.265 2.1137
6 1.8225 1.7778
4 2.1375 0.8026
5 1.23 0.9922
6 2.0475 1.7973
4 2.835 2.8201
6 0.735 0.7766
7 0.975 1.3372
7 1.3725 1.6053
6 2.64 2.6552
7 0.8175 0.841
4 1.4325 1.3326
6 1.275 1.4641
6 0.705 0.6267
6 1.365 1.8869
4 0.6 0.9059
6 0.8175 0.7538
4 2.205 1.3208
6 1.1175 0.9246
7 0.2925 0.2119
7 2.7 2.716
5 0.105 0.1495
6 2.355 2.2353
6 0.87 1.5742
6 1.77 1.4992
4 1.275 1.5724
7 0.2025 0.1846
5 1.95 1.4452
5 1.0125 1.2712
5 0.96 1.2108
7 2.49 2.5161
5 0.27 0.1784
5 1.1625 1.2454
4 2.0325 1.4546
7 2.3775 2.2983
6 0.8475 1.0177
4 1.4325 1.4082
6 1.845 1.7597
4 0.7275 1.2911
6 0.69 0.7329
4 1.9425 1.4003
5 2.0475 2.0812
5 1.17 1.5437
5 1.38 1.6633
6 2.9025 2.8321
7 1.6725 1.5399
5 0.7425 1.0699
7 2.4975 2.5565
6 2.1975 2.2459
4 1.2975 1.4706
6 2.025 2.0889
5 1.1325 1.7453
4 1.5225 2.0309
7 1.5075 1.5664
6 1.5525 1.4217
6 1.3275 1.2906
6 1.6725 1.0807
4 0.165 0.179
5 1.56 1.6828
7 1.9875 2.0066
7 1.89 2.022
4 0.195 0.2993
7 0.255 0.3237
6 0.21 0.133
4 1.7775 1.9471
5 2.1825 1.5938
6 1.4625 2.0275
5 1.0575 1.2108
4 2.13 1.3252
4 2.1075 1.5976
5 1.74 1.8509
7 2.8275 2.9284
6 2.265 2.1805
5 0.4875 0.5875
6 2.88 2.7538
6 2.355 2.5215
6 1.455 1.6557
7 1.7025 1.8389
5 1.395 1.7099
7 2.025 1.9135
6 1.0425 1.4199
5 0.99 1.5341
6 0.84 0.8877
6 2.265 2.0642
6 0.3975 0.4907
5 1.6425 1.3847
5 0.6375 0.6315
6 0.51 0.5549
5 0.525 1.3444
6 1.05 1.6926
6 0.495 0.4228
5 1.8675 1.1797
6 2.6625 2.6474
4 0.03 0.1033
7 2.6775 2.7031
5 0.1875 0.1293
5 1.4625 1.8726
4 1.1625 0.9317
7 0.8025 0.8033
6 1.9725 2.2051
4 2.9925 2.8336
7 0.21 0.2866
6 1.4325 1.5396
7 1.4175 1.4638
4 2.055 1.6897
5 2.685 2.7494
7 2.6175 2.6864
6 1.05 1.5281
4 0.525 1.0889
6 2.01 1.5008
7 1.9125 1.8914
7 0.2325 0.204
4 1.4625 1.8771
7 2.4075 2.4166
4 0.9675 1.1606
7 1.9575 1.847
6 0.5925 0.6257
5 2.64 2.6222
5 1.05 0.9126
6 0.8325 0.7173
6 2.4825 2.5037
4 0.18 0.2725
4 0.0375 0.1861
6 1.32 1.3027
7 2.2125 2.0927
7 0.21 0.1639
7 0.39 0.4319
7 1.8825 1.7629
5 1.32 1.5719
5 2.9925 2.7436
5 2.385 2.2773
4 1.0725 1.5365
4 1.3275 1.5624
6 1.035 0.7228
5 1.83 1.6432
5 0.8775 0.8235
7 0.3675 0.2945
7 0.03 -0.0296
4 0.2775 0.3115
4 2.1 1.8982
7 0.8175 0.9903
7 2.445 2.5931
6 1.3575 1.4454
4 1.6875 2.2194
6 0.3 0.1908
5 2.1975 2.176
5 1.4025 0.9984
6 2.19 2.2457
5 2.97 2.8989
6 0.1275 0.0654
6 2.595 2.5355
6 1.7025 1.3159
5 0.18 0.1811
7 1.215 0.9682
7 2.0175 1.9854
6 1.4925 1.4542
6 0.2775 0.2145
5 2.8575 2.7894
6 1.2675 1.3174
7 0.045 0.0527
6 2.295 1.9405
6 2.7825 2.6834
6 0.5475 0.4438
6 1.365 1.8758
6 0.99 1.1726
4 1.8975 1.7597
6 1.575 1.3652
4 1.8225 1.5272
6 1.7325 1.3731
5 2.91 2.7422
6 1.17 0.9242
6 2.325 1.9712
7 2.64 2.6566
6 1.635 1.4292
6 1.4925 1.7232
5 2.0475 2.0301
5 0.375 0.5324
4 0.5175 1.0304
5 1.1025 1.188
7 2.58 2.6535
6 2.37 2.4219
5 1.8525 1.5734
6 2.7975 2.7572
5 0.2625 0.3231
7 2.97 3.0103
7 0.4125 0.4062
4 1.4175 1.6747
6 2.25 2.0831
5 2.94 2.7492
5 2.28 1.923
5 1.4625 1.1769
7 0.225 0.129
7 0.1875 0.2096
7 1.935 1.9562
7 1.83 1.8227
7 0.9225 1.0042
7 2.7675 2.8622
6 2.6325 2.7174
4 0.405 0.6136
6 2.4675 2.3428
7 0.825 0.8032
5 1.83 1.6387
5 2.0775 1.7088
5 2.61 2.5265
6 0.9975 1.1983
5 1.3125 1.628
5 0.5625 0.5486
7 0.3975 0.3395
6 1.1625 1.4972
7 1.02 1.1035
4 2.475 2.4553
7 1.845 1.5392
4 2.4675 2.39
5 0.96 1.1603
4 1.8375 1.4301
7 0.6 0.7494
5 1.0725 1.1382
5 2.865 2.8003
7 0.8475 0.9723
5 2.325 1.7804
5 1.5825 1.581
4 0.3525 0.4179
4 1.7325 1.6395
7 0.3525 0.389
7 0.6 0.5444
6 1.8375 1.4999
4 1.7025 1.6241
5 1.2225 1.3422
4 0.18 0.1388
6 0.9675 1.1197
4 2.88 2.8936
7 2.01 1.9477
6 1.14 1.6346
4 2.475 1.9392
5 0.69 1.0393
7 2.685 2.6005
5 1.5 1.1771
6 0.615 0.5997
5 0.12 0.1802
4 2.85 2.8951
4 1.98 1.2939
6 0.87 0.819
6 0.09 0.096
6 1.35 1.1899
6 1.1625 1.3795
5 1.6875 1.4085
5 2.8725 2.894
4 2.7675 2.9192
7 1.8375 1.929
6 0.7575 0.6339
5 0.4275 0.4862
5 1.0125 1.1771
7 2.76 2.7001
7 1.2375 1.561
7 2.475 2.476
4 1.0275 1.1252
6 0.51 0.4272
6 0.2025 0.1664
7 1.8675 1.6114
4 1.44 1.2903
4 0.4875 0.3291
7 2.49 2.4273
4 1.8 2.1142
4 1.635 1.252
6 1.7625 1.6766
7 0.96 0.8499
7 0.9525 0.9367
5 0.135 0.0985
6 1.305 1.3724
7 2.775 2.732
4 1.53 1.9908
4 1.02 1.5324
6 1.5375 1.6128
5 2.3625 2.3533
7 2.1075 1.9881
5 2.9325 2.9369
6 0.9675 0.8777
6 2.115 2.1161
7 0.345 0.3506
4 0.4875 0.5545
6 0.0375 0.0397
5 2.2125 2.2134
7 0.0525 0.0523
7 0.1575 0.1512
4 2.625 2.3719
7 0.45 0.3835
6 2.25 1.8072
4 0.195 0.2428
6 0.7575 0.6954
5 1.05 1.1458
6 0.9225 1.2879
4 1.4475 2.6414
5 2.07 1.4122
5 2.1975 1.7155
4 1.8825 1.765
6 2.9775 2.8671
6 0.0975 0.1434
7 1.44 1.3619
7 2.4525 2.4041
4 2.925 2.8431
7 1.89 2.036
6 1.815 2.0097
4 2.985 2.8278
4 1.6725 1.7687
6 2.6475 2.6478
4 1.065 1.1541
7 0.8325 0.8402
7 1.6575 1.6523
7 2.1675 2.1252
7 1.74 1.5552
4 2.955 2.7941
6 0.8175 1.0089
5 2.595 2.6488
4 2.37 1.6798
5 2.145 1.7762
4 1.065 1.4104
4 1.335 1.8769
6 0.36 0.3717
5 0.795 1.1468
4 0.09 0.1739
5 1.995 1.73
6 1.455 1.5084
7 1.4475 1.43
4 0.285 0.4387
5 0.8625 0.7314
5 1.605 2.2054
6 0.1425 0.1892
4 1.77 1.3948
7 1.5825 1.4681
4 2.775 2.4894
6 2.5725 2.5191
6 1.9875 1.5397
7 0.525 0.6352
5 1.335 1.0151
7 0.6375 0.5496
6 0.375 0.3661
5 1.2825 1.559
6 2.3475 2.3877
4 1.0875 0.657
6 1.8825 1.8849
7 0.09 0.0139
7 0.675 0.5618
5 2.5725 2.5104
7 1.77 1.6331
4 0.0225 0.0575
6 0.1875 0.1579
6 2.58 2.5356
6 2.805 2.7742
7 0.375 0.4428
6 2.1 1.9363
7 2.7 2.8161
5 1.755 1.7495
4 0.585 0.3078
7 2.6625 2.7944
6 1.815 1.5316
6 1.545 1.128
5 2.6925 2.707
4 2.01 1.5187
7 1.275 1.6046
5 0.255 0.2823
7 0.48 0.5692
5 2.355 2.3569
5 1.29 1.2019
4 1.6425 1.3167
6 0.915 1.3643
7 2.8725 2.8322
6 1.4775 1.8126
5 1.5075 1.3482
5 2.19 1.7478
6 0.75 1.005
5 1.8975 1.7517
4 0.51 0.2842
7 0.4875 0.4357
5 2.8425 2.9166
6 1.3575 1.3183
7 0.06 0.1041
7 2.7075 2.792
7 0.9075 0.9166
4 0.645 0.4638
5 0.87 1.0627
5 0.765 0.9197
5 2.3775 2.4582
5 0.9525 1.2044
7 2.085 2.2021
7 2.07 1.9603
4 0.615 1.0349
5 1.53 1.194
6 2.0925 2.0304
4 1.86 1.9764
7 1.3425 1.4914
7 1.02 1.3817
5 0.915 1.1379
6 0.435 0.3417
7 2.4075 2.4089
4 0.375 0.4711
6 0.735 1.1209
4 0.2925 0.6091
4 0.15 0.1067
6 0.3375 0.3835
5 2.7525 2.6861
4 2.73 2.7201
6 1.53 1.4589
4 2.295 1.8434
6 1.74 1.4525
7 0.15 0.1669
7 1.635 1.6704
6 0.57 0.6185
4 2.9475 2.931
4 1.6725 1.5052
6 0.3525 0.2618
7 2.4 2.4651
4 0.405 0.4898
6 2.835 2.8407
5 2.43 2.2149
4 1.08 1.9036
6 0.315 0.4206
6 2.64 2.5094
6 1.575 1.3118
5 1.2075 1.4389
7 1.7925 1.3352
5 1.08 1.3403
4 2.01 1.8051
7 2.025 2.0491
7 0.42 0.3896
5 0.3825 0.4442
4 2.73 2.7373
7 1.8675 2.0924
5 1.0575 1.6868
4 0.8025 0.9963
5 0.36 0.442
7 1.6425 1.4889
7 2.6625 2.6291
4 2.505 2.6166
4 1.8075 1.7251
4 0.99 1.0327
7 1.2675 1.4016
6 2.13 2.2637
5 2.445 2.4835
7 2.8425 2.6977
5 2.13 2.258
6 1.2 0.8484
7 0.5175 0.4383
5 2.4675 2.2238
7 0.0825 0.0931
6 2.085 1.7762
4 2.34 2.0228
6 2.2275 1.9349
4 0.6975 0.7831
7 0.1575 0.166
7 1.6125 1.4699
5 0.525 0.405
5 1.875 1.8471
6 0.54 0.4943
6 2.0625 1.6367
4 1.815 1.8195
7 1.4775 1.533
5 1.0125 1.0704
6 1.065 1.4364
5 2.3325 2.2352
5 1.9425 2.3752
6 2.1225 2.0405
7 0.3675 0.3293
7 1.635 1.6205
5 1.86 1.7201
5 2.085 1.8431
6 0.825 0.6913
6 1.905 1.5694
4 1.515 2.3665
4 1.29 1.7557
7 1.7025 1.5043
5 1.5375 1.3762
4 0.15 0.1498
4 0.465 0.5875
4 1.5075 1.5428
7 2.2725 2.2637
6 2.1975 2.2382
4 1.41 1.2783
7 1.155 1.5594
6 2.22 2.093
4 2.5125 2.4247
6 2.58 2.5978
7 0.75 0.7661
6 0.765 0.8567
7 1.89 1.6451
4 0.5925 0.1974
4 2.4075 2.2618
4 2.6175 2.3769
5 0.18 0.0822
5 0.2325 0.0896
6 2.1825 2.2131
5 2.8575 2.6926
4 1.8675 1.8891
7 0.255 0.2504
6 0.555 0.4623
4 2.8425 2.6322
6 2.9475 2.9513
7 1.59 1.6462
6 2.835 2.7233
7 1.1925 1.509
6 2.0775 1.607
7 0.6675 0.7255
5 1.0575 1.3602
7 2.1825 2.1618
4 2.73 2.7578
5 2.2875 2.4306
4 1.14 0.862
4 0.69 0.7768
6 1.965 2.0333
5 0.12 0.1721
7 1.1175 1.1369
7 2.715 2.7787
6 2.535 2.5417
7 0.51 0.6303
6 1.0875 1.6464
7 1.71 1.6967
5 1.8975 0.812
4 2.55 2.181
4 0.795 1.7339
4 1.845 1.7114
4 1.3275 1.6373
4 0.315 0.521
7 2.3175 2.2875
7 2.265 2.1249
5 2.52 2.424
5 0.105 0.2297
6 1.4025 1.5721
4 0.195 0.1521
4 0.6075 0.4794
4 1.71 1.6133
6 2.34 2.3071
4 2.97 2.8156
4 2.49 2.6198
6 1.26 1.1554
4 1.5375 0.8316
4 0.975 0.7966
5 0.075 0.187
7 1.38 1.2426
5 1.56 0.9596
4 0.5775 0.4166
5 0.4725 0.6173
7 0.3075 0.2484
7 0.1275 0.05
6 0.165 0.0972
5 0.7275 0.7324
6 0.63 0.8193
7 2.9625 3.0017
5 1.1325 1.9429
4 1.3875 0.8407
7 1.215 1.4738
7 0.6375 0.6808
4 1.875 1.2664
4 2.4075 2.4872
4 0.975 1.1725
6 0.42 0.2823
5 0.6525 0.6573
5 2.4975 2.5049
7 1.38 1.3064
6 2.9175 2.8555
4 2.1075 1.4141
4 0.735 1.2485
6 1.335 0.7665
7 0.0225 -0.041
4 1.4025 1.6719
6 2.0475 1.7128
5 2.9475 2.9283
7 0.9825 0.9047
5 0.015 0.0664
6 1.3275 1.9855
5 2.445 2.3623
4 1.8075 1.4642
5 0.2775 0.2548
5 2.6025 2.6147
4 2.97 2.9146
4 1.6725 1.7128
6 2.805 2.6995
5 0.615 0.4963
5 0.96 1.495
7 0.315 0.2902
4 0.945 2.036
7 1.545 1.5815
6 0.7125 0.6299
7 0.4875 0.535
4 1.2825 2.0937
4 2.7975 2.7541
7 0.915 1.0197
7 2.6475 2.6462
6 2.7825 2.78
4 1.7925 1.3052
5 2.34 2.1764
6 2.8125 2.8048
6 0.54 1.3448
6 2.5425 2.479
4 1.4475 1.5083
5 1.5975 1.8387
5 1.7025 1.8242
7 1.3575 1.5418
4 2.8275 2.7862
7 1.71 1.3918
4 1.2525 1.3945
5 1.3275 1.7966
6 1.3275 1.4299
7 1.1625 1.2998
6 2.85 2.8248
7 2.4675 2.4691
7 0.585 0.626
4 0.465 1.2928
7 2.2875 2.3631
7 2.145 1.7818
5 2.9175 2.8808
5 1.8075 1.8779
6 0.5025 0.6216
6 1.2525 0.963
6 0.6975 0.936
7 2.67 2.5861
5 1.545 1.7847
6 2.85 2.8931
5 2.3025 2.2485
7 1.68 1.4503
5 2.9475 2.8036
7 0.705 0.7633
4 0.4575 0.7301
6 0.4275 0.422
7 0.9675 0.9813
5 1.935 1.1001
7 0.03 -0.0419
5 0.9 1.4471
7 0.0675 0.0733
5 2.535 1.7572
7 0.0825 0.18
7 1.5225 1.4636
7 2.8425 2.8341
7 2.625 2.6608
6 0.465 0.5871
6 0.3 0.2588
5 1.8825 1.6302
7 1.41 1.6134
6 1.98 1.8197
7 1.92 1.535
4 1.11 1.2372
5 1.38 1.3897
4 2.8875 2.8604
4 2.0775 2.2486
7 0.18 0.2047
5 2.565 2.2519
5 0.42 0.4056
5 0.5625 0.6145
5 1.0125 1.3324
5 0.6825 0.7516
4 2.07 1.6666
7 1.905 1.6067
7 1.785 1.6403
5 1.635 1.4328
6 2.7 2.7743
4 1.98 1.882
4 0.135 0.2209
6 0.0525 0.0679
4 0.5925 0.8334
5 1.1625 1.3082
7 0.2625 0.286
6 2.6625 2.6141
5 1.2825 1.4287
5 0.2475 0.5498
4 0.54 0.8582
5 2.925 2.8824
7 0.0375 0.0358
5 2.385 2.0052
7 0.9675 1.0141
4 0.0 0.139
5 2.2575 2.1236
4 1.545 1.5122
6 0.0675 0.1319
6 1.5225 1.3151
4 0.2775 0.4215
5 0.7425 0.7356
7 2.3175 2.3048
6 2.2725 2.2736
4 2.445 2.0884
6 0.93 1.058
6 0.435 0.4413
4 1.0875 1.0837
7 0.3075 0.2985
4 2.985 2.96
7 0.1425 0.1382
6 1.0275 1.4271
4 0.03 0.1783
4 1.5675 1.0879
7 2.07 1.8882
7 1.2375 1.4045
4 1.0275 0.9343
5 0.075 0.0158
7 2.2725 2.3107
7 2.7 2.615
6 1.7175 1.6669
4 0.6 0.745
6 2.8425 2.8249
7 0.525 0.5057
7 2.7975 2.8453
6 0.135 0.1139
5 0.9525 0.9344
4 0.765 0.4987
6 1.8 1.7035
5 0.8175 1.5023
5 0.0375 0.2145
7 2.16 2.2547
5 2.0625 1.6246
5 0.51 0.4829
6 1.8675 1.4524
5 0.69 1.02
6 0.7425 0.9349
7 2.1525 1.9229
4 0.9225 1.4377
4 0.8175 1.0817
6 0.3225 0.3974
5 2.805 2.7709
6 2.8575 2.7024
7 2.295 2.2157
7 0.735 0.9601
5 1.89 1.5983
7 0.4425 0.3834
5 2.3775 1.8647
7 2.13 2.2843
5 0.045 0.0383
7 1.5525 1.4708
4 1.665 1.5288
7 1.8675 1.6627
7 1.2225 1.2223
6 1.17 1.0171
4 0.6675 0.3389
7 0.8625 0.8827
5 0.915 1.368
7 0.8175 0.9187
7 0.2325 0.1982
7 1.635 1.5879
5 1.4475 1.6562
6 2.88 2.8811
7 0.7875 0.7689
7 2.2275 2.2308
5 2.55 2.5611
5 2.2275 2.5056
4 2.67 2.6886
4 0.975 0.9234
6 2.43 2.3622
4 1.335 2.0429
7 0.6075 0.7171
5 1.5225 1.6972
5 2.9325 3.0658
4 1.0275 1.815
7 0.87 0.8492
4 0.5325 0.438
4 0.9675 1.3614
7 0.6975 0.6444
4 0.09 0.1655
6 1.3725 1.7515
5 1.08 1.323
6 0.63 0.7994
7 1.5525 1.683
5 2.3925 2.2338
7 0.15 0.1619
5 1.56 1.7302
5 2.715 2.7404
7 0.8925 0.8817
4 1.4475 1.3227
6 0.18 0.1801
7 1.11 1.0594
4 0.855 1.0099
6 2.28 2.3875
5 1.3425 1.5423
7 0.495 0.5981
5 1.4025 1.426
6 1.05 1.4676
7 2.04 1.9044
4 2.58 2.6096
5 0.78 0.9295
4 0.33 0.5374
6 1.9275 1.8527
7 1.3725 1.6172
6 1.6875 1.6874
7 0.7425 0.7555
7 2.565 2.6332
7 1.7025 1.8725
6 2.2575 2.288
5 2.6775 2.837
5 1.815 1.7483
6 0.15 0.2158
5 2.7525 2.7472
6 1.3425 1.4928
6 1.965 1.9129
6 0.405 0.3839
4 2.3175 2.6816
6 0.1575 0.07
5 2.4525 2.5671
5 0.5175 0.6189
4 2.8575 2.9508
4 0.2025 0.3165
7 1.7775 1.7013
7 0.0825 0.0281
6 1.5975 1.553
4 2.9475 2.9051
6 1.9275 1.9041
7 2.73 2.74
5 1.17 0.9667
6 0.1875 0.2832
4 0.9975 0.5864
4 2.28 2.7072
4 0.375 0.56
6 1.2825 1.0854
6 0.7725 0.7915
6 2.5275 2.4914
7 2.685 2.6689
7 1.5075 1.497
4 0.9825 0.6885
6 0.0825 0.039
7 0.21 0.0668
5 0.5775 0.8674
5 2.4975 2.4958
6 1.0575 1.4841
6 2.4525 2.3513
6 0.0 0.1128
6 1.86 1.5685
7 2.1225 2.2688
4 2.07 1.555
4 0.795 1.5922
4 0.5625 0.5039
7 0.795 0.7249
4 1.17 1.4349
4 1.5825 1.9354
7 1.2375 1.427
7 0.3825 0.2873
5 0.78 0.9292
5 0.99 1.4106
4 1.47 1.275
5 2.4075 2.3019
6 2.5125 2.5912
6 2.1075 2.0723
7 1.4475 1.1386
7 2.3175 2.1819
7 2.715 2.8303
4 2.085 1.6738
4 0.045 0.1155
5 2.595 2.6626
7 0.3975 0.4647
7 1.5525 1.6541
7 0.0675 0.0578
5 1.74 1.2719
6 0.165 0.1708
6 0.9825 0.9895
5 1.74 1.2772
4 2.6625 2.6847
4 0.7425 0.7472
4 2.31 2.6342
5 1.59 1.2234
4 0.15 0.239
7 1.7325 1.6537
4 2.3625 1.5812
7 2.7525 2.7317
6 0.75 0.8269
4 1.7625 1.6656
6 0.3375 0.2516
5 2.5575 2.6027
7 1.5075 1.4083
7 2.6775 2.6231
7 0.855 0.9983
6 0.735 0.9674
4 2.4975 2.4193
4 0.72 1.2652
7 1.635 1.2995
5 2.1375 1.6145
4 2.3175 1.4151
4 2.955 2.837
4 1.14 1.6901
6 2.1 2.242
6 0.2175 0.2364
4 0.84 1.3086
4 1.83 1.4876
4 0.6225 0.6582
5 0.06 0.1409
7 0.2625 0.2836
4 2.22 2.351
6 1.0425 0.8903
5 2.0775 1.8594
4 2.9175 2.8192
6 1.005 1.6682
4 0.855 1.3525
4 2.4825 1.7893
4 2.5425 2.6651
6 0.5175 0.6614
6 1.83 1.3731
7 1.3575 1.4966
6 1.0875 1.3318
5 1.9125 0.4003
7 2.01 1.8447
4 1.9575 1.3097
6 2.9175 2.9631
5 1.9125 1.5819
6 1.665 1.4684
4 2.88 2.897
6 1.335 1.1328
6 0.2775 0.2536
4 2.49 2.5361
4 0.96 1.7793
7 0.0675 -0.0064
5 0.1875 0.2043
7 2.1225 1.907
6 2.0625 1.6715
4 1.845 2.0406
7 2.0625 1.9256
4 1.5375 0.9896
4 0.7575 1.0812
7 1.0275 0.8966
7 2.715 2.6853
4 1.0275 0.7857
4 2.61 1.1782
6 1.32 1.7746
4 1.3575 1.0771
4 1.68 1.1205
7 0.8775 0.9946
5 1.755 1.8404
7 0.7425 0.7008
4 0.42 0.5844
4 1.365 1.2495
4 1.8075 1.3748
6 1.9275 1.6785
4 1.875 1.6428
4 1.665 1.5307
7 0.1125 0.1112
6 2.13 2.1325
5 2.445 2.4699
7 2.7675 2.8031
4 2.8275 2.6837
4 2.565 2.7702
6 2.115 1.8103
5 0.855 1.5601
4 0.885 1.5182
4 2.1825 2.3275
6 0.3375 0.3618
6 2.5575 2.5496
7 0.4125 0.4981
7 1.95 1.9486
4 2.985 2.9116
6 1.8375 1.5057
7 1.935 1.5308
5 1.17 1.7797
5 1.35 1.0842
5 1.7175 1.755
5 0.9225 1.2882
4 0.105 0.302
7 1.2225 1.3134
7 1.365 1.4331
7 2.34 2.1872
5 2.535 2.5936
4 2.865 2.7283
5 0.855 1.1852
4 2.3325 2.1048
7 0.27 0.423
4 1.83 1.3352
5 2.7375 2.5578
5 2.3625 1.8571
5 0.4575 0.6698
5 1.2075 1.2829
4 1.4325 1.7224
7 0.195 0.1353
6 2.7075 2.673
6 1.5975 1.5897
4 1.8 1.4339
7 1.2825 1.0807
6 2.1525 2.0602
4 1.515 1.0707
4 0.81 1.1691
7 2.7225 2.674
4 1.635 1.5786
7 0.795 0.8548
7 1.9275 1.5423
6 1.4325 1.6327
6 1.68 1.5575
6 2.835 2.8742
5 2.445 1.8735
5 2.7675 2.8754
6 1.0725 1.4049
6 2.2875 2.3363
4 1.74 1.4198
7 0.255 0.2352
4 0.3825 0.2818
6 1.5975 1.7894
7 2.445 2.4748
7 0.06 2.4868
7 2.865 2.8912
7 2.5575 2.59
4 1.755 1.335
5 0.54 0.5145
4 2.1225 2.2075
5 1.14 1.2788
4 1.2225 1.4002
4 2.6325 2.5733
6 0.8025 0.6783
6 0.6525 0.7843
7 1.56 1.2607
5 2.2275 1.4719
4 1.0275 1.4399
5 1.95 2.2704
6 0.3225 0.3782
5 0.225 0.1467
7 1.905 1.6568
5 1.7325 1.8009
7 2.2575 2.281
5 2.0175 2.1663
4 0.9375 1.6201
5 2.37 2.21
4 0.1725 0.1954
5 1.8225 2.1635
6 0.93 1.719
7 0.03 0.0575
5 0.135 0.225
7 0.3225 0.3029
6 1.0725 1.4552
7 2.8725 2.9328
4 1.7175 1.0655
4 1.32 0.9224
6 2.595 2.557
6 2.0025 1.326
5 0.585 0.3666
5 0.45 0.5299
6 2.025 1.7816
5 0.3825 0.2112
5 2.7225 2.6192
5 2.595 2.4966
5 0.0675 0.0366
4 1.1175 1.2912
7 0.6075 0.4993
5 2.235 2.1746
5 2.9625 2.9061
4 2.355 1.8551
5 1.3725 2.2015
6 1.83 1.3929
6 2.8125 2.8484
5 1.59 1.4908
4 1.5825 2.0361
4 1.395 1.5726
7 1.8675 1.9283
4 1.1025 1.2378
7 1.44 0.9718
4 2.2425 2.5587
4 1.56 2.052
7 2.5725 2.5338
5 1.02 1.4374
6 1.6425 1.4011
7 0.4575 0.5021
4 1.185 2.1269
4 0.54 0.8894
6 2.4 2.0479
7 1.83 1.7644
7 1.1175 1.1972
4 0.855 1.5594
4 0.2925 0.1927
6 1.9125 1.8687
7 2.565 2.5619
7 0.315 0.2011
5 1.5 2.046
4 1.35 1.7849
7 2.8425 2.8312
4 2.8425 2.4609
5 2.4975 2.4909
7 0.2175 0.2423
4 1.485 2.0289
7 1.815 2.147
6 0.4875 0.3863
6 0.285 0.2835
5 0.21 0.17
4 1.3275 1.1197
5 1.2975 1.6159
4 0.105 -0.0029
6 0.3075 0.3132
5 1.71 1.5798
5 0.975 1.4021
6 2.37 2.3797
7 2.1675 2.1935
6 1.6725 1.528
6 0.9675 1.5252
4 0.555 0.8766
4 2.7975 2.8649
6 1.6725 1.7695
7 0.555 0.5844
7 1.6575 1.7328
5 0.045 0.0522
4 1.41 0.7423
5 1.725 1.2649
6 0.345 0.4053
4 1.9725 1.4495
7 0.4275 0.4524
5 1.62 1.3693
6 2.76 2.8558
4 2.265 1.9541
7 2.175 2.2059
6 1.3125 1.0947
7 2.7375 2.6489
5 1.635 1.2168
6 0.06 0.0752
7 1.3875 1.3795
7 2.5275 2.6032
5 2.685 2.5245
6 1.155 1.5438
5 1.755 2.2367
5 1.0125 1.5423
4 0.285 0.2024
4 1.995 1.1708
6 0.2475 0.2277
4 1.9125 0.8329
5 1.4625 2.0147
5 1.9425 1.6304
4 0.5325 0.7325
7 0.69 0.6365
6 1.1925 1.4656
7 2.5125 2.3938
6 2.3775 2.5643
6 2.625 2.6573
7 1.305 1.0898
5 1.53 1.5751
5 0.0375 0.0593
6 2.7525 2.8844
4 0.18 0.4796
4 1.755 1.5912
4 0.2775 0.25
6 0.6225 0.5854
7 1.8975 1.925
7 1.9725 1.7095
5 2.2875 2.0419
7 0.3075 0.155
4 1.8525 2.0615
5 1.8375 2.1177
4 1.4775 1.2055
4 2.595 2.4953
6 2.235 1.8369
5 0.975 1.083
6 2.4225 2.3134
5 1.5675 1.0994
7 2.1975 2.3076
4 0.3225 0.3874
4 0.69 0.72
4 2.07 1.8087
7 1.5 1.1471
5 2.685 2.6459
6 1.83 1.8766
4 1.4325 1.3856
5 0.72 0.6916
4 2.2425 1.1213
4 2.1525 1.63
4 0.2775 0.2056
7 1.275 1.2951
5 2.4975 2.6245
7 2.355 2.2732
6 1.095 1.4229
5 2.3925 1.5826
6 1.545 1.5954
7 0.51 0.5257
7 1.0125 1.3127
7 1.47 1.6056
4 2.1525 2.2755
4 1.065 1.7399
5 2.3175 2.0345
4 0.6375 0.7942
7 2.1375 1.8125
7 2.7525 2.7569
6 2.6025 2.5858
5 2.115 1.7409
6 1.02 1.1145
4 0.69 0.4105
4 2.04 1.9596
5 2.1975 2.2705
5 2.37 2.218
5 2.715 2.7508
4 2.7375 2.6831
7 0.72 0.6239
6 1.05 1.0137
6 1.815 1.697
6 0.4575 0.4939
6 1.5825 1.7718
5 2.295 2.0226
5 1.47 1.5873
7 0.945 0.8166
5 0.6525 1.0786
4 2.1375 2.0147
6 0.135 0.1512
7 2.1075 2.2146
6 1.02 0.939
5 0.6525 1.6265
7 1.71 1.7326
7 0.48 0.4047
5 1.8975 2.1149
5 0.0675 0.16
6 0.54 0.5099
5 0.42 0.2548
5 2.745 2.7379
7 0.4125 0.4373
4 0.84 0.3057
6 1.4325 1.6809
5 2.2875 1.8462
4 0.75 1.4612
7 1.9575 1.8923
7 0.36 0.3875
4 0.5925 0.2853
4 0.795 0.5793
4 1.905 1.4991
7 0.045 0.0287
4 0.8025 0.6063
7 1.4025 1.2612
5 1.7775 1.5033
4 2.175 1.724
7 2.8875 2.8828
6 2.88 2.8049
4 1.62 1.5476
7 2.1975 2.1149
7 1.6725 1.8123
7 2.1225 2.124
7 0.7875 0.75
5 1.3425 2.042
7 1.575 1.2351
7 1.41 1.51
4 1.3575 1.3528
7 2.685 2.6969
7 2.925 2.9381
6 2.8575 2.8401
6 0.3825 0.3416
4 1.305 1.3084
6 1.7475 1.7037
4 2.3925 2.2925
4 1.3425 1.6353
5 0.57 0.5016
5 2.31 2.4318
5 2.7075 2.5834
4 0.2625 0.3482
5 2.5875 2.5493
5 2.5875 1.9906
4 0.0975 0.2265
4 2.9925 2.9023
5 0.81 0.7568
4 1.2375 1.6787
4 2.1825 2.0524
4 1.1775 1.2002
4 1.905 1.4889
5 1.035 1.4966
6 0.015 0.1349
7 0.7875 0.9356
5 1.455 1.0272
5 1.5225 2.0449
4 2.91 2.8822
4 0.0225 0.128
5 1.9725 1.3718
5 0.03 0.1066
6 0.1275 0.2143
7 1.26 1.8146
6 0.0075 0.1454
6 2.835 2.8327
4 2.76 2.8453
7 1.4025 1.4935
7 1.4325 1.3191
5 0.9375 1.3487
6 0.9375 1.4296
6 0.855 1.2899
6 1.9875 1.8321
4 1.3575 1.6331
5 0.87 1.5004
4 0.3375 0.6086
6 1.905 1.455
6 2.595 2.6521
6 1.9575 1.6686
4 2.55 2.5292
4 2.49 2.5714
5 1.365 1.0565
6 2.3475 2.3043
5 2.025 1.7404
5 1.2375 1.0366
5 0.0975 0.0443
6 0.0 0.1104
4 0.2775 0.2489
7 0.1275 0.1485
4 1.485 1.1863
6 0.255 0.3732
6 0.6375 0.7088
4 1.7775 2.1533
7 0.06 0.1322
6 0.75 0.825
6 0.1725 0.2585
4 0.06 0.056
7 2.4075 2.5084
5 2.61 2.6449
4 1.725 1.7799
5 2.8725 2.8578
7 0.585 0.5931
6 0.7875 0.7171
4 2.7375 2.5396
7 0.8475 0.7254
7 1.0425 0.9934
5 1.7025 2.0724
7 2.3775 2.3968
5 0.705 1.2495
6 2.1225 1.9959
7 1.4925 1.6129
6 0.3225 0.3751
6 0.285 0.2862
7 1.3125 1.5255
7 1.2375 1.4456
5 0.1875 0.4273
6 1.8375 1.3687
7 0.3825 0.3229
4 0.24 0.5635
4 1.6125 2.1153
7 1.0125 1.0794
4 0.105 0.1229
5 2.4825 2.4379
6 2.445 2.4959
6 0.6525 0.6469
6 0.9 0.9505
4 0.7425 1.3466
7 2.115 2.0286
6 1.815 1.4931
4 1.4925 1.6026
6 2.3475 2.2251
6 1.3875 1.0734
5 0.4425 0.5414
5 2.76 2.7915
7 1.2675 1.2552
4 2.67 2.9828
4 2.925 2.7809
4 2.775 2.8746
4 0.645 0.3561
4 2.9925 2.7743
6 2.01 1.8514
4 0.36 0.4366
4 0.795 1.7404
6 2.1375 1.5001
4 1.7325 1.4648
4 1.3275 1.4571
5 1.2225 1.4292
7 1.395 1.3097
7 1.47 1.513
7 2.7375 2.7372
6 2.2125 2.1998
7 0.39 0.4151
4 0.5175 0.4894
5 0.0225 0.0799
4 1.26 1.6848
4 2.1225 1.824
4 2.5275 2.0835
5 1.1775 1.1676
7 1.14 1.2341
5 0.585 0.7053
5 2.52 2.7515
7 2.6475 2.6705
6 0.99 1.0561
6 1.605 1.5026
4 1.53 1.9412
6 1.2675 1.7543
6 2.2275 2.022
6 0.09 0.0708
6 0.7725 0.9532
5 1.005 1.0787
7 2.9775 2.9287
6 1.4775 1.7965
5 2.745 2.7146
6 1.6575 1.2476
6 0.645 0.7149
5 1.245 1.3869
7 1.425 1.4423
6 1.7325 1.516
7 2.0325 1.5733
4 1.2825 1.3941
5 0.3675 0.444
4 1.4025 2.1027
4 1.1625 1.9493
6 1.8375 1.7744
4 0.7575 0.8451
4 1.32 0.6247
5 0.8475 1.3554
6 2.115 2.4089
6 1.8075 1.0187
6 2.3925 2.3377
5 1.1175 1.6172
7 0.8925 0.7844
6 1.545 1.415
5 2.7675 2.6957
6 0.2775 0.2479
4 1.185 1.8696
6 0.0375 0.1588
4 0.7125 0.9012
4 0.9 1.339
6 1.965 1.9644
4 0.75 1.1387
4 0.6225 1.6918
4 2.7075 2.55
5 0.7425 0.8823
4 0.3975 0.3417
6 2.97 2.9708
6 1.3875 1.377
7 2.97 3.0289
7 1.4325 1.4293
5 2.8575 2.9418
4 2.3925 1.5507
4 1.275 1.0377
7 1.935 1.7153
7 2.49 2.4624
6 0.3 0.1415
6 2.34 2.3996
7 1.26 1.8769
6 2.85 3.0758
7 0.06 0.0319
6 0.3825 0.4327
6 2.7975 2.8549
7 1.6275 1.6802
4 2.175 1.8626
6 1.9275 1.4627
6 0.7125 0.7245
5 2.865 2.8297
7 2.28 2.2045
7 1.3875 1.3108
6 2.475 2.3505
6 2.055 1.7854
6 2.1975 2.2421
4 0.09 0.1155
6 0.6 0.6707
5 2.1825 2.0824
4 2.2275 1.9284
5 1.335 1.6626
6 0.12 0.2718
5 1.26 1.249
4 1.6425 1.7046
5 2.0625 1.4669
6 2.805 2.6955
4 0.48 0.8007
7 0.18 0.2202
6 1.92 1.64
5 1.395 2.1201
7 2.7675 2.7137
6 0.4875 0.5421
6 0.9825 1.287
5 1.4475 1.4827
6 0.255 0.2669
7 0.63 0.6745
5 2.775 2.6346
6 2.79 2.7754
5 1.3125 1.4327
6 1.4025 1.1599
4 2.0925 1.8023
7 0.525 0.5666
7 0.975 1.0692
6 2.175 2.0836
6 2.91 2.9076
5 0.6 0.4128
5 2.565 2.5141
