sigma2_stimulus 	 [0.0]
log_motor_var 	 [6.49498987197876]
sigma_logit 	 [-3.0, 0.8610827922821045, -1.4008985757827759, -3.219881057739258, -3.7730233669281006, -4.337666988372803, -4.800000190734863, -5.300000190734863, -5.800000190734863, -6.300000190734863]
mixture_logit 	 [-3.1963789463043213]
prior 	 [0.5171023011207581, 0.5712746381759644, 0.6229034662246704, 0.6712584495544434, 0.7156386375427246, 0.7553845047950745, 0.7898880839347839, 0.8186027407646179, 0.8410524129867554, 0.856840193271637, 0.8656548857688904, 0.8672778606414795, 0.8615869283676147, 0.8485602140426636, 0.8282777667045593, 0.8009216785430908, 0.7667750120162964, 0.7262191772460938, 0.6797286868095398, 0.6278663277626038, 0.5712753534317017, 0.5106704831123352, 0.44682902097702026, 0.3805789649486542, 0.3127877712249756, 0.24435020983219147, 0.17617450654506683, 0.10916958749294281, 0.0442313477396965, -0.017770439386367798, -0.07600532472133636, -0.12969501316547394, -0.17812496423721313, -0.22065520286560059, -0.2567305564880371, -0.28588882088661194, -0.3077685534954071, -0.32211464643478394, -0.3287821412086487, -0.327739417552948, -0.31906837224960327, -0.30296415090560913, -0.27973175048828125, -0.2497827559709549, -0.21362854540348053, -0.1718735694885254, -0.12520620226860046, -0.07438862323760986, -0.020246796309947968, 0.03634338080883026, 0.09446685016155243, 0.15318447351455688, 0.2115454226732254, 0.2686014473438263, 0.32342034578323364, 0.3750995099544525, 0.4227776825428009, 0.465648889541626, 0.502972424030304, 0.5340823531150818, 0.5583991408348083, 0.5754342079162598, 0.5847975015640259, 0.5862035751342773, 0.5794724822044373, 0.5645322799682617, 0.5414195656776428, 0.5102778077125549, 0.4713536202907562, 0.42499321699142456, 0.37163475155830383, 0.31180495023727417, 0.24610596895217896, 0.17521041631698608, 0.09984929114580154, 0.020802482962608337, -0.06111365556716919, -0.14505630731582642, -0.2301681935787201, -0.3155883252620697, -0.400463342666626, -0.48395952582359314, -0.5652704238891602, -0.6436285972595215, -0.7183125019073486, -0.7886539101600647, -0.8540480136871338, -0.913953423500061, -0.9679020643234253, -1.0154979228973389, -1.0564229488372803, -1.0904351472854614, -1.1173697710037231, -1.1371387243270874, -1.1497265100479126, -1.155189037322998, -1.1536486148834229, -1.1452901363372803, -1.1303545236587524, -1.1091350317001343, -1.081968903541565, -1.0492336750030518, -1.0113378763198853, -0.9687179327011108, -0.9218284487724304, -0.8711395263671875, -0.8171278834342957, -0.7602736949920654, -0.701055645942688, -0.6399441361427307, -0.5774004459381104, -0.5138721466064453, -0.44978898763656616, -0.38556337356567383, -0.3215871751308441, -0.2582298815250397, -0.19583994150161743, -0.13474345207214355, -0.07524523138999939, -0.01762564852833748, 0.03785258159041405, 0.09094816446304321, 0.141438826918602, 0.18911923468112946, 0.23380379378795624, 0.27532055974006653, 0.3135148584842682, 0.34824615716934204, 0.37939026951789856, 0.40683791041374207, 0.4304943084716797, 0.450282484292984, 0.4661424458026886, 0.478031724691391, 0.48592808842658997, 0.4898316264152527, 0.48976612091064453, 0.48577961325645447, 0.47794654965400696, 0.4663725793361664, 0.45119184255599976, 0.4325713813304901, 0.410710871219635, 0.3858441710472107, 0.35823848843574524, 0.32819604873657227, 0.29605257511138916, 0.26217329502105713, 0.2269551157951355, 0.1908217966556549, 0.15422192215919495, 0.11762087047100067, 0.08150241523981094, 0.04635939747095108, 0.012689471244812012, -0.019011959433555603, -0.048257797956466675, -0.074574775993824, -0.09751242399215698, -0.11664901673793793, -0.1315995752811432, -0.1420203149318695, -0.1476176381111145, -0.1481536626815796, -0.14345073699951172, -0.13339614868164062, -0.11794617772102356, -0.09713247418403625, -0.07105714082717896, -0.03990253806114197, -0.003922462463378906, 0.0365525484085083, 0.08112245798110962, 0.12931537628173828, 0.18059968948364258, 0.2343858778476715, 0.2900311052799225, 0.3468540906906128, 0.4041351079940796, 0.46113696694374084]
volume 	 [1.0342046022415161, 1.1425492763519287, 1.2458069324493408, 1.3425168991088867, 1.4312772750854492, 1.510769009590149, 1.5797761678695679, 1.6372054815292358, 1.6821048259735107, 1.713680386543274, 1.7313097715377808, 1.734555721282959, 1.7231738567352295, 1.6971204280853271, 1.6565555334091187, 1.6018433570861816, 1.5335500240325928, 1.4524383544921875, 1.3594573736190796, 1.2557326555252075, 1.1425507068634033, 1.0213409662246704, 0.8936580419540405, 0.7611579298973083, 0.6255755424499512, 0.48870041966438293, 0.35234901309013367, 0.21833917498588562, 0.088462695479393, -0.035540878772735596, -0.15201064944267273, -0.2593900263309479, -0.35624992847442627, -0.44131040573120117, -0.5134611129760742, -0.5717776417732239, -0.6155371069908142, -0.6442292928695679, -0.6575642824172974, -0.655478835105896, -0.6381367444992065, -0.6059283018112183, -0.5594635009765625, -0.4995655119419098, -0.42725709080696106, -0.3437471389770508, -0.2504124045372009, -0.14877724647521973, -0.040493592619895935, 0.07268676161766052, 0.18893370032310486, 0.30636894702911377, 0.4230908453464508, 0.5372028946876526, 0.6468406915664673, 0.750199019908905, 0.8455553650856018, 0.931297779083252, 1.005944848060608, 1.0681647062301636, 1.1167982816696167, 1.1508684158325195, 1.1695950031280518, 1.1724071502685547, 1.1589449644088745, 1.1290645599365234, 1.0828391313552856, 1.0205556154251099, 0.9427072405815125, 0.8499864339828491, 0.7432695031166077, 0.6236099004745483, 0.4922119379043579, 0.35042083263397217, 0.1996985822916031, 0.041604965925216675, -0.12222731113433838, -0.29011261463165283, -0.4603363871574402, -0.6311766505241394, -0.800926685333252, -0.9679190516471863, -1.1305408477783203, -1.287257194519043, -1.4366250038146973, -1.5773078203201294, -1.7080960273742676, -1.827906847000122, -1.9358041286468506, -2.0309958457946777, -2.1128458976745605, -2.180870294570923, -2.2347395420074463, -2.274277448654175, -2.299453020095825, -2.310378074645996, -2.3072972297668457, -2.2905802726745605, -2.260709047317505, -2.2182700634002686, -2.16393780708313, -2.0984673500061035, -2.0226757526397705, -1.9374358654022217, -1.8436568975448608, -1.742279052734375, -1.6342557668685913, -1.5205473899841309, -1.402111291885376, -1.2798882722854614, -1.1548008918762207, -1.0277442932128906, -0.8995779752731323, -0.7711267471313477, -0.6431743502616882, -0.5164597630500793, -0.39167988300323486, -0.2694869041442871, -0.15049046277999878, -0.03525129705667496, 0.0757051631808281, 0.18189632892608643, 0.282877653837204, 0.3782384693622589, 0.4676075875759125, 0.5506411194801331, 0.6270297169685364, 0.6964923143386841, 0.7587805390357971, 0.8136758208274841, 0.8609886169433594, 0.900564968585968, 0.9322848916053772, 0.956063449382782, 0.9718561768531799, 0.9796632528305054, 0.9795322418212891, 0.9715592265129089, 0.9558930993080139, 0.9327451586723328, 0.9023836851119995, 0.8651427626609802, 0.82142174243927, 0.7716883420944214, 0.7164769768714905, 0.6563920974731445, 0.5921051502227783, 0.5243465900421143, 0.453910231590271, 0.3816435933113098, 0.3084438443183899, 0.23524174094200134, 0.1630048304796219, 0.09271879494190216, 0.025378942489624023, -0.038023918867111206, -0.09651559591293335, -0.149149551987648, -0.19502484798431396, -0.23329803347587585, -0.2631991505622864, -0.284040629863739, -0.295235276222229, -0.2963073253631592, -0.28690147399902344, -0.26679229736328125, -0.23589235544204712, -0.1942649483680725, -0.1421142816543579, -0.07980507612228394, -0.007844924926757812, 0.0731050968170166, 0.16224491596221924, 0.25863075256347656, 0.36119937896728516, 0.468771755695343, 0.580062210559845, 0.6937081813812256, 0.8082702159881592, 0.9222739338874817]
=======
4 110.0 101.7
5 276.0 281.9
3 118.0 152.9
3 86.0 63.9
5 240.0 235.2
2 238.0 49.4
3 198.0 244.7
4 78.0 101.9
5 166.0 187.3
2 236.0 243.4
2 260.0 16.4
3 332.0 2.8
4 104.0 107.2
5 338.0 307.1
5 238.0 172.9
3 272.0 237.6
3 242.0 227.2
3 312.0 323.7
4 326.0 343.8
2 100.0 55.8
3 104.0 85.3
4 118.0 106.7
2 208.0 279.6
5 78.0 110.4
3 76.0 75.4
5 44.0 37.6
5 128.0 121.0
4 32.0 37.0
3 68.0 78.8
5 56.0 61.0
3 354.0 310.5
3 272.0 199.7
2 284.0 340.5
5 202.0 159.7
4 138.0 143.0
5 46.0 58.7
4 228.0 158.5
5 190.0 199.2
2 298.0 341.8
4 328.0 150.5
4 184.0 184.5
3 140.0 149.2
5 86.0 81.8
5 120.0 112.2
5 222.0 207.4
3 146.0 137.4
4 354.0 340.8
5 268.0 250.4
4 170.0 166.8
5 28.0 30.4
3 182.0 223.3
4 80.0 66.4
2 340.0 274.8
3 196.0 207.6
5 16.0 11.8
5 108.0 91.4
3 104.0 104.9
5 26.0 31.5
4 4.0 349.3
2 12.0 358.6
3 104.0 86.0
5 60.0 86.0
3 344.0 342.0
2 284.0 318.0
3 172.0 134.1
5 248.0 241.6
5 106.0 86.0
2 242.0 304.8
5 352.0 354.7
5 68.0 78.1
3 144.0 225.4
4 150.0 182.1
5 314.0 328.1
4 120.0 107.6
4 354.0 345.3
4 324.0 325.3
5 186.0 153.9
5 94.0 111.0
3 158.0 227.3
3 306.0 321.9
5 52.0 39.8
2 22.0 45.8
2 266.0 176.3
2 262.0 260.1
4 82.0 64.6
2 172.0 156.3
4 274.0 285.6
4 86.0 66.7
4 178.0 160.5
4 294.0 309.5
3 320.0 307.9
2 238.0 64.8
2 16.0 19.4
4 74.0 73.1
3 298.0 346.3
3 122.0 122.5
3 182.0 248.6
4 46.0 60.2
5 104.0 84.2
5 226.0 207.4
5 314.0 314.0
2 232.0 203.6
4 224.0 157.3
4 248.0 176.7
5 234.0 311.3
2 280.0 170.2
5 302.0 295.4
5 152.0 149.0
4 124.0 159.9
4 190.0 156.6
5 166.0 237.4
2 296.0 287.8
3 280.0 278.4
5 72.0 65.9
2 104.0 3.2
2 196.0 207.2
4 226.0 186.1
5 330.0 332.0
4 232.0 139.6
4 116.0 102.8
4 2.0 2.4
3 164.0 218.1
2 348.0 290.1
2 356.0 29.2
5 52.0 80.1
3 120.0 131.7
3 158.0 194.1
2 332.0 270.9
2 78.0 91.9
2 170.0 144.0
5 288.0 283.2
5 178.0 180.8
2 150.0 101.8
3 168.0 189.0
4 264.0 234.9
2 14.0 322.5
3 20.0 13.8
5 206.0 158.5
3 358.0 357.1
5 324.0 326.4
3 54.0 61.5
3 14.0 5.1
5 10.0 10.3
2 132.0 254.9
5 254.0 255.3
3 300.0 320.4
4 38.0 52.4
2 274.0 12.3
5 0.0 355.6
4 184.0 134.4
4 266.0 240.6
3 174.0 223.7
2 106.0 246.1
5 202.0 172.1
4 12.0 101.8
5 140.0 185.5
4 316.0 314.3
3 38.0 72.2
2 88.0 77.1
5 282.0 276.4
5 314.0 300.9
5 236.0 226.5
2 240.0 196.3
3 190.0 210.3
4 346.0 254.1
4 114.0 94.0
4 154.0 205.6
5 280.0 275.9
4 328.0 358.1
3 212.0 215.2
3 70.0 83.4
5 358.0 1.5
2 190.0 118.5
4 148.0 197.3
3 280.0 314.4
2 260.0 248.5
3 14.0 4.9
2 204.0 217.8
2 92.0 138.6
4 48.0 72.9
2 184.0 241.6
2 102.0 342.7
3 354.0 329.7
3 32.0 28.9
5 142.0 177.7
3 320.0 321.2
2 24.0 355.1
3 130.0 148.5
2 190.0 108.6
2 30.0 78.1
2 108.0 311.6
3 184.0 202.6
5 74.0 102.9
4 310.0 329.3
4 8.0 0.6
5 106.0 99.6
5 62.0 77.5
4 220.0 206.9
2 172.0 256.4
2 266.0 298.6
3 258.0 260.5
2 126.0 253.9
3 304.0 294.0
4 200.0 182.9
5 176.0 206.0
2 12.0 295.6
2 300.0 294.7
4 128.0 141.0
3 168.0 359.6
2 58.0 130.5
2 24.0 54.6
4 210.0 235.4
3 64.0 79.7
2 138.0 131.7
5 100.0 80.3
2 100.0 299.3
3 248.0 212.3
5 106.0 85.4
3 232.0 151.1
4 336.0 328.5
3 12.0 20.1
5 164.0 245.4
3 22.0 43.7
4 154.0 197.9
5 196.0 211.2
2 124.0 81.2
5 308.0 306.6
3 174.0 232.9
3 206.0 177.0
4 58.0 64.0
2 82.0 123.0
2 244.0 309.6
2 164.0 148.3
5 248.0 120.1
2 90.0 93.3
5 10.0 62.9
5 58.0 40.8
3 102.0 95.7
5 52.0 79.1
5 106.0 103.5
3 216.0 227.2
3 54.0 115.0
4 150.0 168.0
3 116.0 121.2
4 90.0 83.5
3 336.0 344.9
4 72.0 89.0
5 326.0 329.1
2 126.0 166.7
4 280.0 4.8
4 94.0 84.5
3 122.0 71.5
5 138.0 134.6
4 14.0 11.8
3 246.0 241.1
3 230.0 266.8
2 10.0 335.4
3 292.0 318.3
5 100.0 140.2
3 234.0 222.9
3 262.0 246.2
2 224.0 316.6
2 4.0 22.4
4 236.0 167.4
2 310.0 296.5
5 14.0 17.7
5 122.0 128.7
3 224.0 230.9
2 356.0 9.9
2 110.0 86.9
4 196.0 222.3
3 22.0 25.7
5 12.0 5.7
5 132.0 113.8
4 240.0 224.9
4 308.0 310.6
3 354.0 344.2
4 34.0 57.5
3 144.0 163.2
3 148.0 216.0
5 252.0 204.8
2 260.0 243.4
5 112.0 90.4
3 178.0 260.5
4 6.0 11.3
3 294.0 20.8
3 286.0 284.1
3 54.0 22.0
2 162.0 171.7
2 326.0 340.8
4 326.0 296.5
5 152.0 208.9
5 250.0 20.8
4 28.0 31.7
4 304.0 304.7
2 188.0 215.3
3 306.0 332.2
2 166.0 232.7
2 146.0 302.1
5 144.0 150.6
5 230.0 210.8
5 120.0 126.6
5 260.0 261.8
5 2.0 351.3
3 28.0 23.1
4 154.0 337.2
3 324.0 326.9
3 294.0 349.7
5 202.0 219.7
5 34.0 39.5
4 84.0 49.9
5 236.0 217.6
5 66.0 48.3
5 312.0 315.5
5 54.0 89.2
2 164.0 100.1
2 54.0 108.5
2 262.0 287.5
5 22.0 25.4
4 264.0 262.8
4 338.0 351.0
5 78.0 60.5
2 172.0 124.5
4 124.0 112.4
4 98.0 80.5
4 134.0 156.7
5 44.0 74.6
4 270.0 275.3
5 200.0 239.8
2 190.0 270.8
5 316.0 323.0
4 196.0 180.7
5 284.0 281.0
5 304.0 290.1
2 10.0 10.2
5 276.0 285.2
5 80.0 75.7
3 218.0 182.9
2 242.0 309.0
4 40.0 43.3
2 136.0 184.7
3 116.0 318.0
3 76.0 72.6
2 228.0 287.9
4 80.0 83.0
3 244.0 248.3
2 164.0 225.6
5 70.0 102.7
4 100.0 106.9
3 178.0 209.5
4 112.0 102.9
3 72.0 41.9
4 340.0 0.5
3 266.0 261.9
5 92.0 88.6
3 228.0 193.4
2 64.0 55.5
3 16.0 7.3
3 4.0 326.1
4 266.0 282.4
2 14.0 336.9
2 72.0 140.3
4 214.0 214.7
3 240.0 175.5
4 0.0 12.3
3 300.0 286.3
3 346.0 4.9
3 302.0 289.0
5 144.0 155.4
4 54.0 47.6
4 40.0 64.6
4 262.0 271.4
3 8.0 17.5
5 244.0 164.9
4 156.0 200.4
4 52.0 44.4
3 180.0 203.8
3 82.0 32.1
2 14.0 0.1
2 156.0 183.0
2 14.0 331.3
3 22.0 5.0
5 218.0 191.8
4 316.0 342.4
4 110.0 79.0
3 220.0 169.7
3 12.0 347.9
4 8.0 12.2
4 276.0 290.4
5 140.0 191.9
4 16.0 17.6
2 236.0 233.5
2 14.0 358.9
2 132.0 263.1
3 152.0 174.1
2 160.0 149.1
3 164.0 141.8
4 278.0 280.9
3 94.0 74.0
2 94.0 76.3
5 20.0 21.8
5 336.0 321.4
2 38.0 54.2
2 196.0 326.6
5 280.0 273.6
2 126.0 68.4
2 94.0 63.3
5 14.0 16.7
2 24.0 334.7
5 208.0 221.4
4 138.0 162.4
5 262.0 253.6
2 154.0 213.7
5 324.0 314.7
3 282.0 217.5
4 82.0 92.3
3 198.0 177.4
2 184.0 45.5
4 30.0 32.0
4 8.0 8.2
3 116.0 133.2
3 234.0 177.3
2 300.0 228.8
2 36.0 80.7
5 30.0 56.3
5 82.0 115.7
5 28.0 19.6
4 100.0 242.7
2 120.0 233.8
5 96.0 90.4
4 130.0 125.7
4 52.0 46.7
5 50.0 37.5
2 114.0 197.0
5 258.0 235.0
4 176.0 146.0
2 172.0 268.4
3 278.0 326.7
5 292.0 289.2
2 318.0 351.9
4 96.0 64.5
3 184.0 232.6
2 316.0 272.8
5 208.0 190.5
3 222.0 263.6
4 2.0 334.0
3 58.0 84.7
2 176.0 135.2
5 46.0 60.7
4 184.0 228.2
5 18.0 21.4
4 316.0 321.3
5 144.0 203.0
4 52.0 88.4
2 62.0 39.5
4 138.0 175.8
3 196.0 232.3
3 234.0 165.1
2 56.0 109.5
5 254.0 212.3
4 346.0 283.3
3 20.0 9.9
5 154.0 208.7
3 264.0 259.1
2 146.0 164.4
4 330.0 312.1
3 166.0 247.6
2 172.0 240.8
2 254.0 96.0
4 22.0 23.5
2 44.0 155.6
2 264.0 318.1
4 80.0 84.9
5 38.0 34.0
4 126.0 103.5
2 166.0 66.8
3 324.0 11.4
4 154.0 201.9
4 272.0 263.9
5 58.0 200.1
2 78.0 357.2
3 2.0 339.2
2 210.0 147.8
3 228.0 182.2
2 216.0 131.5
5 338.0 351.3
4 284.0 310.0
4 62.0 80.4
3 172.0 156.5
5 194.0 219.5
3 264.0 218.5
3 312.0 316.7
3 222.0 186.1
2 298.0 310.1
5 204.0 207.5
2 210.0 27.3
4 262.0 272.0
2 144.0 186.5
5 312.0 183.3
4 30.0 56.4
4 192.0 189.0
3 76.0 328.1
4 264.0 240.3
5 236.0 180.0
5 358.0 359.9
4 158.0 174.6
3 96.0 76.9
5 274.0 273.0
3 110.0 83.7
5 94.0 86.4
4 178.0 209.0
2 30.0 14.6
3 246.0 201.9
5 298.0 314.0
4 130.0 298.2
3 88.0 62.9
5 260.0 201.7
4 66.0 47.8
4 276.0 309.1
2 26.0 47.5
2 144.0 94.0
4 160.0 175.6
2 210.0 296.2
3 54.0 52.4
3 292.0 321.8
3 0.0 346.4
5 216.0 199.3
3 248.0 151.5
4 200.0 180.5
5 150.0 210.8
4 8.0 1.3
5 188.0 321.4
5 206.0 179.2
2 70.0 74.7
5 94.0 90.6
3 2.0 347.9
2 328.0 5.5
4 250.0 255.8
4 114.0 73.4
4 276.0 282.0
2 26.0 354.9
3 190.0 149.5
4 196.0 164.0
5 140.0 154.6
2 286.0 345.6
2 108.0 92.2
5 342.0 321.3
5 40.0 40.6
5 322.0 338.1
4 342.0 350.8
2 68.0 196.2
3 236.0 223.2
5 12.0 9.0
4 90.0 84.1
3 46.0 58.6
3 26.0 39.9
2 178.0 220.9
2 48.0 64.3
5 118.0 108.9
2 60.0 161.4
4 280.0 251.5
4 166.0 179.5
2 326.0 353.1
4 132.0 130.6
5 84.0 84.3
4 326.0 355.2
5 136.0 187.3
3 82.0 89.3
2 10.0 90.1
4 344.0 344.4
4 24.0 15.8
3 138.0 132.8
4 136.0 323.9
5 238.0 152.2
4 164.0 223.6
4 22.0 20.6
4 308.0 333.9
5 166.0 244.9
5 78.0 101.9
3 112.0 88.4
2 84.0 319.4
4 306.0 301.1
5 190.0 222.8
4 316.0 309.5
3 220.0 213.5
5 350.0 302.4
2 66.0 47.4
2 70.0 52.8
2 202.0 157.5
3 60.0 94.2
3 50.0 72.7
5 242.0 205.3
3 164.0 156.0
3 150.0 214.2
3 212.0 233.5
5 24.0 24.9
2 232.0 16.1
3 214.0 165.4
2 158.0 282.4
3 340.0 311.7
3 96.0 87.5
5 286.0 297.5
3 314.0 297.5
5 148.0 181.2
4 146.0 155.2
5 24.0 113.8
3 178.0 128.7
3 344.0 335.3
4 174.0 199.7
4 4.0 13.6
3 98.0 102.9
3 322.0 342.4
5 8.0 10.7
2 204.0 104.9
4 100.0 70.7
3 152.0 127.3
4 210.0 197.4
3 270.0 91.2
2 88.0 124.3
5 66.0 78.8
5 282.0 308.3
5 304.0 319.7
3 36.0 29.7
4 242.0 269.7
2 264.0 197.5
5 332.0 324.7
3 76.0 86.2
3 236.0 173.9
3 190.0 204.7
5 106.0 80.0
3 84.0 91.4
3 194.0 249.2
2 188.0 260.0
4 326.0 318.7
5 162.0 58.9
5 34.0 44.6
3 64.0 90.0
4 130.0 144.5
4 208.0 230.4
2 302.0 335.0
5 248.0 235.4
4 156.0 204.8
2 88.0 68.3
2 66.0 65.3
4 60.0 51.1
5 186.0 187.8
2 282.0 189.7
2 64.0 41.3
2 166.0 253.0
4 164.0 187.2
4 354.0 340.9
2 320.0 86.8
4 324.0 347.9
3 306.0 315.2
3 24.0 50.7
3 294.0 276.4
2 24.0 318.3
4 86.0 83.6
5 222.0 183.6
4 154.0 200.5
2 68.0 69.3
2 166.0 201.2
3 54.0 68.2
4 140.0 133.8
2 348.0 145.1
2 300.0 282.4
2 238.0 211.7
4 32.0 42.0
3 226.0 297.7
4 20.0 19.7
2 358.0 75.3
3 192.0 256.1
5 124.0 132.1
3 216.0 140.0
3 200.0 269.8
2 134.0 84.2
2 58.0 101.3
4 50.0 61.8
3 48.0 34.4
2 310.0 340.3
3 288.0 329.5
2 140.0 255.2
4 324.0 342.3
2 10.0 34.6
3 92.0 112.4
4 338.0 325.2
5 18.0 102.4
3 286.0 352.9
5 38.0 44.4
5 140.0 129.0
5 346.0 342.6
4 308.0 285.6
2 330.0 120.5
4 112.0 80.7
3 232.0 216.2
3 54.0 65.1
4 228.0 233.0
2 156.0 148.7
5 236.0 166.7
4 70.0 226.5
4 192.0 214.4
4 242.0 232.8
3 34.0 51.9
4 178.0 236.0
5 170.0 207.3
2 220.0 259.0
2 118.0 239.3
3 202.0 253.2
3 142.0 168.9
2 206.0 138.3
4 158.0 140.9
4 232.0 133.1
2 98.0 6.7
5 208.0 195.0
2 138.0 297.1
5 304.0 306.5
5 118.0 111.7
2 60.0 71.1
3 250.0 265.7
2 154.0 105.4
3 222.0 174.1
5 316.0 320.0
5 36.0 48.7
5 296.0 275.2
2 4.0 86.6
4 190.0 217.5
3 208.0 205.2
4 302.0 285.2
2 256.0 54.8
3 188.0 215.5
4 2.0 3.3
5 142.0 165.0
3 8.0 234.6
4 346.0 0.7
3 280.0 306.0
4 76.0 59.0
4 128.0 127.2
5 258.0 268.1
2 208.0 153.5
3 48.0 59.0
3 80.0 56.0
2 114.0 325.3
2 88.0 56.6
3 296.0 308.7
3 44.0 47.0
3 256.0 237.4
2 50.0 58.0
4 290.0 274.5
5 216.0 222.9
4 118.0 129.2
5 222.0 229.9
2 26.0 17.3
2 212.0 188.6
2 210.0 208.7
5 344.0 342.7
4 304.0 301.7
5 72.0 63.0
3 64.0 54.7
4 302.0 264.2
3 324.0 329.3
3 60.0 61.0
5 204.0 139.0
5 252.0 249.9
4 308.0 334.5
5 234.0 227.4
4 264.0 269.8
2 82.0 300.7
5 232.0 223.6
4 6.0 4.0
3 352.0 350.4
2 324.0 17.3
2 128.0 113.8
5 140.0 155.6
5 56.0 78.7
4 58.0 88.5
4 324.0 336.6
3 246.0 156.2
3 328.0 5.3
2 98.0 109.6
3 70.0 45.7
4 78.0 78.2
3 218.0 208.5
2 148.0 117.0
3 180.0 162.2
4 332.0 334.7
3 40.0 30.9
2 2.0 323.6
5 282.0 282.9
5 94.0 92.3
4 132.0 127.6
5 298.0 294.3
2 248.0 201.6
3 318.0 7.4
3 222.0 180.7
4 306.0 347.2
3 288.0 286.0
3 286.0 322.0
4 204.0 192.6
5 6.0 354.2
4 2.0 359.6
4 304.0 302.3
3 274.0 255.7
4 98.0 104.6
2 190.0 241.2
3 112.0 116.8
3 162.0 260.4
3 348.0 299.5
4 310.0 333.3
2 98.0 92.5
3 24.0 26.3
4 308.0 339.4
3 322.0 284.2
4 174.0 185.6
2 160.0 257.8
4 38.0 51.4
5 132.0 156.0
3 356.0 332.2
3 116.0 117.8
3 132.0 201.5
3 230.0 135.6
5 356.0 343.6
3 200.0 138.2
3 350.0 357.6
5 124.0 139.2
4 314.0 322.7
5 180.0 208.7
5 348.0 337.4
3 208.0 254.0
5 164.0 185.6
4 350.0 348.3
3 242.0 195.5
4 262.0 236.4
5 142.0 144.2
2 324.0 323.7
3 2.0 322.2
2 110.0 61.6
5 218.0 209.4
2 10.0 329.8
5 34.0 28.9
4 288.0 293.7
3 198.0 192.6
3 294.0 266.0
3 354.0 1.5
4 82.0 86.3
5 226.0 206.3
3 62.0 83.2
3 194.0 156.5
3 174.0 142.3
3 84.0 92.9
3 324.0 301.2
3 252.0 234.2
2 312.0 343.2
5 306.0 329.3
4 262.0 252.7
4 146.0 146.9
2 46.0 107.4
3 212.0 233.2
4 164.0 145.4
2 224.0 269.9
3 74.0 47.4
5 124.0 110.1
4 198.0 162.4
2 232.0 226.8
3 82.0 56.5
5 60.0 46.2
3 16.0 13.8
4 50.0 58.8
5 70.0 97.7
4 272.0 232.2
5 38.0 52.6
2 30.0 81.1
3 284.0 276.5
3 214.0 182.3
2 238.0 188.2
2 290.0 205.9
3 214.0 223.6
2 178.0 89.2
4 152.0 212.0
2 212.0 246.0
2 80.0 93.1
5 56.0 65.3
4 94.0 94.8
4 190.0 217.2
2 148.0 123.2
3 184.0 184.0
5 180.0 227.4
4 66.0 96.8
4 358.0 353.1
4 268.0 270.6
4 322.0 355.9
4 182.0 133.7
4 254.0 249.7
5 214.0 176.2
5 74.0 63.8
4 174.0 248.6
2 202.0 205.6
4 336.0 334.5
3 30.0 36.5
3 342.0 350.5
2 92.0 41.8
5 266.0 15.9
4 310.0 298.6
2 6.0 47.8
2 270.0 237.2
2 88.0 95.8
2 286.0 271.7
2 170.0 145.5
3 22.0 18.4
2 278.0 227.9
2 276.0 215.6
2 134.0 70.0
4 26.0 24.9
2 128.0 65.4
5 198.0 158.5
4 242.0 208.6
3 82.0 81.2
4 262.0 265.5
4 66.0 84.8
5 318.0 336.3
3 78.0 65.0
5 88.0 86.1
5 324.0 327.9
4 96.0 111.6
5 162.0 191.4
5 80.0 95.4
2 282.0 7.0
3 190.0 211.2
2 322.0 242.1
4 268.0 275.2
5 176.0 183.8
2 36.0 46.0
3 102.0 78.7
4 18.0 20.5
2 146.0 220.2
4 268.0 278.3
3 286.0 296.6
4 78.0 86.2
5 80.0 76.6
5 320.0 295.7
2 30.0 79.6
5 278.0 273.9
5 350.0 352.2
2 92.0 124.8
4 254.0 253.4
2 226.0 83.6
4 318.0 318.1
5 68.0 65.7
4 158.0 168.2
4 290.0 237.2
2 76.0 33.7
2 274.0 68.9
2 300.0 306.6
4 344.0 342.8
4 104.0 100.3
2 142.0 231.7
2 28.0 69.9
4 108.0 95.3
3 332.0 320.3
5 132.0 145.8
3 326.0 331.5
2 138.0 215.8
3 40.0 55.3
5 326.0 304.8
3 150.0 109.5
3 48.0 100.7
5 34.0 41.0
3 322.0 262.8
3 242.0 208.4
2 64.0 29.8
5 16.0 8.3
4 16.0 14.1
4 302.0 314.5
3 136.0 202.0
5 118.0 91.1
4 266.0 264.5
3 264.0 258.2
5 304.0 305.1
2 40.0 123.6
5 114.0 103.9
3 170.0 219.6
4 180.0 226.5
4 40.0 35.6
5 340.0 348.9
3 180.0 211.1
4 172.0 183.0
3 198.0 201.1
3 256.0 271.5
2 306.0 252.0
5 224.0 209.9
5 290.0 300.4
4 186.0 167.0
3 180.0 237.0
2 328.0 325.0
2 170.0 334.4
2 172.0 322.7
3 138.0 142.5
3 202.0 209.6
5 86.0 72.6
5 234.0 209.4
2 208.0 184.1
2 242.0 243.6
5 100.0 95.7
4 304.0 300.1
2 118.0 198.5
2 142.0 177.5
4 112.0 106.9
3 328.0 320.8
4 46.0 54.9
2 292.0 351.5
2 56.0 79.5
4 260.0 34.1
5 120.0 164.8
3 102.0 82.7
5 188.0 171.3
3 142.0 216.9
5 262.0 246.3
5 40.0 33.4
4 112.0 108.9
2 40.0 43.0
2 26.0 11.2
2 36.0 72.5
2 88.0 136.6
2 238.0 227.3
5 288.0 297.2
3 58.0 78.7
3 300.0 294.5
4 138.0 198.4
2 252.0 349.9
4 252.0 230.5
2 78.0 340.5
2 50.0 62.3
2 114.0 64.6
5 14.0 17.9
3 68.0 60.1
2 242.0 356.1
3 332.0 335.6
5 254.0 254.5
5 48.0 36.8
2 180.0 286.8
2 108.0 122.1
2 222.0 283.9
3 6.0 20.4
2 18.0 353.8
2 50.0 91.8
3 122.0 105.6
3 184.0 154.3
5 208.0 204.6
3 24.0 29.2
3 188.0 237.1
5 258.0 216.0
3 12.0 15.4
5 80.0 85.2
5 50.0 75.0
3 324.0 318.6
3 82.0 92.1
3 62.0 159.2
2 74.0 81.7
5 56.0 67.5
3 212.0 163.9
5 302.0 275.4
3 330.0 13.8
3 212.0 235.2
5 158.0 232.1
3 354.0 322.2
3 162.0 195.4
2 18.0 342.3
4 216.0 252.1
2 74.0 130.3
2 178.0 59.1
4 174.0 162.0
4 316.0 325.7
2 112.0 154.2
3 152.0 146.4
2 312.0 157.9
3 76.0 85.7
2 30.0 323.2
2 100.0 81.8
4 80.0 63.9
3 214.0 246.3
5 136.0 130.6
2 92.0 91.7
4 352.0 320.1
4 26.0 25.7
2 114.0 104.5
4 100.0 83.1
3 40.0 92.3
2 254.0 12.0
4 240.0 253.4
5 174.0 199.1
4 356.0 3.4
4 102.0 99.7
4 150.0 150.5
4 166.0 231.5
4 224.0 211.6
4 220.0 199.5
2 164.0 180.3
5 76.0 83.5
4 102.0 120.0
4 74.0 88.2
5 16.0 3.9
4 270.0 257.7
2 220.0 127.3
5 214.0 194.2
5 350.0 325.3
5 250.0 219.1
3 72.0 38.1
4 208.0 226.6
4 238.0 222.0
2 358.0 137.3
5 332.0 341.9
2 86.0 244.2
3 330.0 312.6
5 276.0 281.1
4 42.0 42.6
5 316.0 319.0
4 80.0 126.5
2 64.0 45.9
3 186.0 199.3
5 34.0 31.0
4 56.0 49.4
5 308.0 344.3
2 344.0 321.7
4 274.0 300.4
3 64.0 67.9
2 232.0 52.8
4 334.0 331.2
5 112.0 100.1
3 264.0 276.7
5 96.0 65.2
3 122.0 101.7
4 28.0 29.1
5 328.0 344.0
4 300.0 302.6
5 302.0 292.6
2 62.0 22.2
4 120.0 69.0
2 188.0 281.3
3 144.0 95.5
3 346.0 4.1
4 320.0 297.8
2 208.0 274.1
3 316.0 318.6
4 36.0 51.8
3 108.0 302.7
4 212.0 259.8
3 170.0 174.4
4 80.0 57.8
2 98.0 67.8
4 104.0 104.5
4 194.0 255.7
2 336.0 276.2
5 214.0 220.4
4 202.0 213.7
2 10.0 336.9
3 100.0 44.5
3 164.0 204.7
4 68.0 58.4
2 248.0 146.7
3 352.0 20.9
3 244.0 212.9
3 262.0 271.7
4 258.0 258.2
2 152.0 260.5
5 184.0 192.8
5 346.0 350.2
5 28.0 29.4
4 250.0 234.0
5 156.0 173.0
4 178.0 158.9
2 320.0 330.4
5 148.0 210.2
4 98.0 81.0
4 226.0 201.7
3 346.0 318.9
3 354.0 351.2
5 310.0 313.2
2 44.0 97.6
2 116.0 78.9
4 204.0 230.2
2 24.0 16.3
3 326.0 3.4
5 262.0 271.3
3 196.0 209.5
2 340.0 6.1
5 56.0 85.6
5 18.0 12.9
3 134.0 157.6
2 198.0 15.4
2 256.0 121.7
3 258.0 284.1
4 356.0 346.9
4 258.0 234.1
3 142.0 130.9
2 304.0 29.6
5 48.0 33.3
5 26.0 20.3
5 312.0 338.7
4 304.0 291.7
4 78.0 75.6
4 88.0 92.1
3 124.0 136.1
4 356.0 340.7
4 230.0 257.6
5 268.0 246.6
5 234.0 204.3
4 336.0 317.6
2 124.0 203.8
5 282.0 274.3
3 338.0 351.2
4 134.0 73.7
2 22.0 28.9
4 260.0 14.6
4 272.0 280.6
2 58.0 119.2
3 278.0 315.5
4 42.0 65.3
2 148.0 272.3
5 354.0 7.6
4 98.0 80.1
3 82.0 70.6
2 10.0 325.6
3 286.0 290.3
2 60.0 77.3
5 348.0 325.4
5 320.0 350.9
2 50.0 42.2
2 320.0 336.3
3 344.0 334.9
3 184.0 210.2
5 188.0 202.4
3 226.0 201.5
2 98.0 277.9
4 140.0 156.9
5 50.0 67.3
5 130.0 109.9
4 70.0 65.9
2 190.0 166.1
2 94.0 243.3
4 324.0 316.4
5 340.0 340.9
4 234.0 232.6
2 90.0 59.5
4 90.0 81.5
3 340.0 347.6
4 192.0 215.0
2 280.0 303.4
2 40.0 3.6
5 272.0 282.0
5 354.0 321.8
5 338.0 330.3
4 234.0 0.5
4 208.0 163.3
2 332.0 298.1
2 100.0 123.4
3 108.0 53.1
5 86.0 68.4
4 264.0 275.6
5 346.0 341.6
3 12.0 349.9
4 250.0 226.1
4 214.0 175.8
4 278.0 291.8
4 320.0 321.4
3 42.0 125.3
2 208.0 285.9
2 242.0 302.8
3 242.0 246.5
2 300.0 11.1
4 134.0 142.4
4 146.0 208.7
4 118.0 118.7
2 72.0 147.2
4 280.0 275.5
2 166.0 55.3
3 240.0 205.8
2 248.0 106.4
2 214.0 300.2
5 242.0 251.4
5 268.0 274.3
5 164.0 193.7
5 44.0 72.9
3 130.0 136.4
4 254.0 66.6
2 234.0 150.3
4 112.0 102.1
4 334.0 348.6
4 236.0 249.7
2 68.0 126.3
2 36.0 275.9
3 130.0 125.5
4 142.0 201.1
3 68.0 86.4
3 174.0 165.2
5 266.0 260.0
3 236.0 174.7
5 324.0 309.8
4 242.0 211.8
4 206.0 138.2
5 134.0 177.7
4 250.0 247.2
3 114.0 105.6
2 52.0 262.5
2 210.0 59.6
5 122.0 115.1
2 174.0 238.6
2 18.0 274.7
2 346.0 343.8
4 306.0 310.1
4 170.0 236.4
4 146.0 138.1
2 96.0 81.2
2 144.0 207.6
4 320.0 333.9
4 124.0 151.0
4 92.0 143.6
5 158.0 202.0
3 250.0 276.2
5 208.0 169.2
4 210.0 202.8
4 64.0 251.6
4 94.0 119.1
3 296.0 3.0
5 78.0 114.1
4 248.0 208.9
2 156.0 290.2
3 210.0 149.5
2 16.0 36.0
5 336.0 334.7
5 282.0 271.7
5 330.0 320.2
3 104.0 95.1
2 26.0 39.9
2 322.0 310.0
4 22.0 21.2
3 324.0 304.2
2 68.0 67.6
3 248.0 96.6
2 48.0 91.1
3 178.0 270.8
2 234.0 97.7
4 72.0 72.2
5 344.0 312.9
4 312.0 315.4
4 226.0 202.0
4 336.0 316.9
5 74.0 76.5
3 128.0 125.2
5 342.0 323.9
3 180.0 186.0
3 272.0 262.2
3 96.0 134.5
5 216.0 229.1
5 170.0 252.4
3 230.0 167.2
2 86.0 70.6
4 186.0 124.1
4 78.0 96.6
5 308.0 330.1
5 146.0 128.1
3 250.0 244.6
5 320.0 44.6
2 322.0 298.2
5 64.0 60.1
3 22.0 9.9
3 158.0 239.4
3 222.0 203.6
4 352.0 15.2
5 350.0 336.2
4 128.0 80.7
2 330.0 345.4
5 288.0 310.0
4 324.0 313.8
4 68.0 83.6
3 118.0 152.7
4 300.0 314.9
3 98.0 54.3
4 78.0 90.9
4 284.0 294.3
2 22.0 61.0
2 252.0 262.7
3 256.0 218.6
5 154.0 184.8
4 314.0 311.4
4 346.0 332.8
3 156.0 203.4
2 42.0 53.0
4 234.0 218.9
4 118.0 97.2
2 124.0 92.5
5 192.0 201.5
3 236.0 258.1
3 28.0 36.8
2 328.0 352.6
2 172.0 68.5
4 248.0 269.0
2 260.0 296.1
2 80.0 97.6
4 326.0 328.7
4 210.0 198.5
4 208.0 197.7
5 120.0 91.4
5 212.0 136.0
3 276.0 310.5
2 160.0 112.8
5 90.0 72.5
5 40.0 55.2
2 332.0 335.4
5 154.0 156.1
3 210.0 216.5
5 88.0 74.4
5 194.0 184.6
3 190.0 202.1
5 320.0 315.0
4 34.0 48.4
3 20.0 352.8
2 82.0 87.2
2 222.0 51.6
3 198.0 175.8
4 78.0 56.3
5 192.0 153.2
3 210.0 160.4
2 140.0 201.4
2 32.0 59.2
3 80.0 45.4
5 134.0 131.8
5 38.0 49.1
3 324.0 332.9
5 318.0 303.1
4 98.0 90.9
5 320.0 313.0
5 106.0 75.8
3 50.0 79.9
2 298.0 296.3
4 8.0 11.9
5 220.0 212.8
5 288.0 293.3
4 16.0 20.7
2 288.0 262.7
4 220.0 206.7
5 60.0 68.4
4 160.0 212.3
5 270.0 265.7
4 128.0 139.0
3 94.0 107.5
4 308.0 337.1
3 108.0 120.2
3 72.0 73.0
5 232.0 241.2
5 98.0 93.1
4 240.0 228.3
4 304.0 312.4
5 326.0 315.3
2 174.0 266.5
4 224.0 242.3
3 348.0 337.0
5 180.0 197.9
3 230.0 177.0
5 46.0 53.0
4 56.0 68.4
5 288.0 320.1
3 250.0 262.7
5 294.0 327.5
2 280.0 280.8
4 352.0 343.1
3 282.0 289.0
5 108.0 106.7
2 328.0 293.9
5 186.0 181.6
2 30.0 22.6
4 270.0 289.9
3 316.0 334.6
5 156.0 184.8
2 140.0 317.3
4 262.0 274.4
5 94.0 94.2
2 194.0 165.1
5 54.0 55.1
4 206.0 235.5
2 56.0 134.2
4 182.0 214.5
3 232.0 168.1
5 264.0 258.8
3 342.0 314.5
2 254.0 6.4
4 250.0 255.6
5 104.0 100.3
5 310.0 329.7
2 306.0 89.4
2 16.0 32.2
2 288.0 353.3
2 350.0 356.9
2 250.0 294.2
3 332.0 308.8
5 324.0 305.9
2 122.0 236.5
5 112.0 87.6
5 88.0 74.6
3 22.0 9.3
3 24.0 18.0
5 308.0 318.1
2 12.0 6.5
3 318.0 321.9
5 314.0 346.3
4 332.0 335.8
4 326.0 302.0
2 326.0 317.0
4 126.0 133.5
5 270.0 252.7
2 138.0 82.9
2 196.0 103.5
5 278.0 283.3
3 214.0 177.7
3 300.0 307.1
2 38.0 76.2
3 18.0 7.7
2 268.0 323.6
2 242.0 112.3
3 216.0 237.2
5 352.0 329.4
2 238.0 255.4
5 120.0 126.5
3 358.0 312.8
4 230.0 231.4
4 96.0 89.4
5 108.0 116.5
4 196.0 204.6
2 262.0 354.7
3 168.0 203.1
3 264.0 266.4
5 358.0 329.7
3 340.0 343.4
3 8.0 8.3
4 262.0 261.4
2 32.0 27.0
5 98.0 103.4
2 166.0 182.4
5 102.0 109.9
5 182.0 141.4
5 6.0 14.1
3 352.0 1.7
2 160.0 23.8
2 88.0 313.5
3 354.0 330.9
3 304.0 326.9
3 268.0 221.6
3 74.0 97.1
2 160.0 111.8
4 256.0 245.6
2 32.0 27.0
3 12.0 33.6
3 56.0 89.0
2 268.0 70.6
2 102.0 92.4
3 32.0 61.1
2 156.0 268.7
4 274.0 314.5
2 76.0 81.2
3 256.0 223.9
4 320.0 272.0
3 176.0 150.1
5 58.0 55.8
5 118.0 83.6
2 114.0 122.0
4 280.0 299.4
5 26.0 28.2
3 196.0 226.5
5 136.0 127.6
3 182.0 204.0
3 10.0 337.9
4 234.0 119.8
4 58.0 66.3
2 106.0 120.2
2 290.0 301.9
2 14.0 332.9
5 266.0 285.2
2 128.0 100.9
4 8.0 15.1
5 266.0 275.7
5 358.0 357.3
3 158.0 198.1
2 130.0 197.5
5 134.0 166.6
4 14.0 28.7
5 132.0 129.1
2 46.0 48.5
2 90.0 358.3
3 24.0 25.1
3 90.0 86.1
2 296.0 41.4
5 8.0 5.6
2 254.0 231.8
2 106.0 78.3
4 328.0 320.8
5 248.0 246.3
3 258.0 230.7
5 244.0 229.5
4 352.0 339.1
5 286.0 306.0
3 242.0 216.8
3 210.0 71.1
3 120.0 103.9
5 346.0 333.8
5 270.0 274.3
2 254.0 322.8
3 174.0 195.4
4 292.0 283.2
5 70.0 68.1
5 344.0 327.3
2 252.0 313.9
4 54.0 107.0
2 300.0 74.2
5 50.0 79.1
2 154.0 324.3
5 268.0 254.3
2 228.0 216.5
3 62.0 113.7
2 306.0 307.9
2 108.0 347.1
2 118.0 40.9
4 334.0 0.2
4 170.0 216.2
2 292.0 341.4
5 188.0 227.1
5 222.0 215.3
2 318.0 281.1
2 112.0 113.6
4 176.0 206.1
5 258.0 218.3
3 296.0 306.2
5 224.0 156.4
3 246.0 242.7
5 222.0 203.2
5 16.0 13.5
5 74.0 84.0
4 110.0 100.7
5 210.0 230.1
4 28.0 17.6
5 218.0 13.0
4 32.0 31.6
4 242.0 154.9
5 78.0 97.4
4 130.0 146.8
4 328.0 333.9
5 252.0 149.9
4 282.0 282.2
4 200.0 254.3
4 42.0 260.4
5 180.0 224.6
3 160.0 170.9
4 26.0 22.8
5 322.0 343.6
2 140.0 95.4
3 214.0 176.7
4 256.0 240.3
5 154.0 176.0
3 110.0 106.0
3 78.0 141.8
5 214.0 221.3
3 2.0 8.2
4 170.0 190.9
2 280.0 289.6
2 186.0 176.1
3 180.0 179.2
3 216.0 217.2
4 36.0 32.0
2 216.0 242.0
5 316.0 318.9
2 306.0 286.8
5 332.0 331.4
2 116.0 169.4
4 336.0 293.3
2 266.0 306.3
5 146.0 212.4
3 118.0 85.9
4 320.0 315.9
2 308.0 232.9
4 290.0 342.3
5 230.0 223.0
4 242.0 217.7
4 336.0 355.9
3 272.0 270.5
4 50.0 44.2
4 10.0 7.4
5 164.0 185.2
3 314.0 321.4
2 346.0 352.2
4 246.0 193.9
4 152.0 62.9
4 114.0 86.2
4 280.0 276.2
4 236.0 221.1
4 260.0 257.2
4 206.0 225.4
5 268.0 258.6
4 62.0 41.7
3 230.0 253.2
4 240.0 237.2
2 210.0 281.4
5 358.0 342.5
2 334.0 343.3
4 176.0 102.4
2 38.0 106.6
2 306.0 316.5
4 250.0 225.8
5 236.0 250.7
5 70.0 76.5
2 178.0 255.7
4 226.0 216.6
5 330.0 339.4
3 164.0 231.2
2 120.0 137.7
3 56.0 86.8
5 322.0 264.5
2 260.0 324.2
2 320.0 327.4
4 254.0 243.3
2 250.0 212.5
2 156.0 268.5
2 74.0 38.9
5 28.0 36.6
4 144.0 212.5
3 248.0 179.8
2 304.0 288.6
3 174.0 239.7
5 202.0 220.4
3 202.0 155.0
2 64.0 45.9
4 358.0 346.9
2 304.0 322.2
5 248.0 227.2
2 322.0 6.0
5 200.0 146.4
2 26.0 359.9
4 212.0 219.4
4 166.0 139.0
4 6.0 7.8
4 356.0 341.8
5 56.0 61.3
4 104.0 96.8
2 272.0 350.5
5 234.0 187.5
4 276.0 284.8
5 104.0 77.9
2 256.0 155.8
2 70.0 71.2
4 308.0 304.9
2 16.0 318.0
3 218.0 262.4
2 74.0 100.8
3 236.0 176.3
2 58.0 193.0
2 160.0 242.0
3 258.0 252.0
5 276.0 212.5
5 354.0 325.9
4 176.0 253.8
4 134.0 159.7
5 164.0 172.4
5 88.0 90.0
5 24.0 20.6
2 214.0 292.5
5 14.0 12.4
5 244.0 211.9
4 86.0 98.8
2 312.0 273.0
4 212.0 187.6
4 206.0 200.5
4 50.0 56.2
2 264.0 183.9
3 10.0 11.1
3 166.0 203.8
5 214.0 177.8
5 8.0 4.5
3 214.0 164.3
5 102.0 74.5
2 2.0 31.7
3 64.0 86.2
4 300.0 325.2
4 8.0 5.5
4 332.0 332.1
5 130.0 125.1
4 20.0 15.4
5 184.0 223.1
5 194.0 241.6
5 122.0 124.8
2 346.0 322.3
4 212.0 222.1
4 230.0 194.7
3 310.0 94.6
5 38.0 42.7
2 202.0 137.7
5 40.0 51.6
2 28.0 296.8
2 158.0 7.1
4 350.0 352.7
3 190.0 179.7
5 74.0 91.5
2 144.0 262.6
2 176.0 50.2
5 114.0 101.6
2 328.0 297.5
5 282.0 276.9
5 256.0 209.6
2 244.0 239.4
5 38.0 42.8
4 90.0 72.8
3 230.0 199.1
5 198.0 41.6
2 214.0 262.1
3 194.0 264.4
2 36.0 112.9
2 22.0 328.9
2 344.0 297.5
2 176.0 100.2
4 92.0 91.0
5 126.0 332.1
3 306.0 268.6
5 118.0 93.9
3 28.0 35.5
2 172.0 152.1
3 64.0 122.3
5 282.0 313.5
2 56.0 78.1
2 188.0 101.4
2 278.0 303.9
4 304.0 282.9
4 296.0 298.5
5 154.0 187.8
4 276.0 282.3
5 282.0 286.7
5 262.0 237.7
5 70.0 62.4
2 144.0 211.5
5 28.0 27.7
2 336.0 346.3
2 92.0 106.0
3 342.0 122.6
3 300.0 294.7
4 220.0 216.4
5 274.0 267.6
2 322.0 292.0
5 264.0 251.9
2 92.0 96.0
2 56.0 55.7
5 42.0 82.1
3 356.0 18.2
5 98.0 70.5
5 174.0 203.0
3 164.0 118.4
2 230.0 289.3
3 138.0 170.6
2 100.0 235.8
4 314.0 311.1
3 34.0 25.6
3 24.0 13.9
4 240.0 225.5
3 128.0 163.0
2 356.0 305.5
3 94.0 92.0
2 302.0 302.3
3 250.0 274.2
3 26.0 10.5
3 352.0 5.7
4 142.0 187.3
2 312.0 317.7
3 352.0 332.9
4 100.0 89.7
2 258.0 256.3
3 14.0 21.6
4 208.0 244.9
2 94.0 243.0
3 30.0 41.6
2 172.0 326.5
3 172.0 176.9
5 256.0 258.7
3 260.0 246.8
3 312.0 330.3
3 140.0 169.2
5 20.0 19.1
4 78.0 109.3
5 154.0 177.3
4 106.0 91.8
3 96.0 123.0
5 352.0 355.5
5 52.0 90.4
4 254.0 231.9
2 82.0 44.3
3 16.0 9.1
4 170.0 238.7
3 276.0 300.2
4 330.0 321.3
3 236.0 277.3
4 148.0 214.2
3 70.0 88.2
5 174.0 220.0
4 56.0 91.7
5 346.0 333.1
3 312.0 171.4
3 68.0 47.0
5 214.0 142.0
5 256.0 228.8
3 78.0 55.3
3 130.0 103.8
2 354.0 355.2
5 330.0 306.3
2 128.0 36.9
3 162.0 147.4
4 270.0 264.8
3 254.0 282.9
3 238.0 191.7
5 232.0 207.0
2 192.0 179.5
4 46.0 44.8
5 306.0 300.2
3 284.0 322.4
5 76.0 76.6
5 272.0 270.1
3 298.0 302.8
5 336.0 299.0
2 24.0 8.8
2 88.0 92.8
5 164.0 169.6
3 248.0 230.9
2 170.0 275.5
5 322.0 337.3
2 236.0 162.8
2 268.0 248.6
4 240.0 212.5
2 222.0 153.2
2 130.0 74.8
5 118.0 118.4
4 136.0 101.3
4 192.0 172.7
2 54.0 257.6
2 4.0 334.2
2 242.0 314.9
2 342.0 329.1
5 144.0 246.7
4 246.0 206.6
2 220.0 294.0
3 14.0 19.8
3 40.0 84.0
4 310.0 336.2
2 64.0 133.4
4 58.0 39.6
2 170.0 354.4
3 208.0 177.6
4 346.0 353.1
4 250.0 235.5
5 42.0 79.6
4 298.0 321.7
5 196.0 206.1
2 62.0 57.4
4 268.0 247.1
4 276.0 302.0
5 224.0 197.3
2 348.0 333.1
4 300.0 308.9
4 202.0 245.0
2 154.0 345.3
4 234.0 180.8
5 4.0 7.3
4 326.0 345.5
5 274.0 284.1
3 174.0 226.6
4 106.0 80.1
2 310.0 344.6
2 174.0 265.0
4 240.0 233.3
2 94.0 119.3
3 354.0 340.2
4 150.0 174.1
5 292.0 289.3
2 320.0 297.4
5 4.0 9.5
2 18.0 346.2
4 80.0 51.6
2 186.0 71.9
2 38.0 296.5
2 60.0 97.1
4 160.0 250.6
4 72.0 113.4
5 66.0 83.2
4 36.0 55.5
2 14.0 324.7
2 270.0 326.8
5 146.0 231.7
3 352.0 343.5
3 276.0 306.7
3 28.0 52.7
2 112.0 27.9
4 30.0 35.9
3 334.0 326.6
3 242.0 199.3
3 8.0 358.1
2 136.0 167.0
5 102.0 102.8
2 144.0 307.6
5 238.0 255.1
4 18.0 20.2
3 298.0 290.1
5 80.0 77.8
4 62.0 66.5
2 334.0 226.8
4 70.0 91.7
3 58.0 56.0
5 314.0 319.2
3 178.0 231.8
4 24.0 17.1
2 176.0 323.7
3 94.0 90.0
3 198.0 237.5
3 54.0 77.8
2 294.0 262.5
4 22.0 19.2
4 16.0 15.2
5 82.0 79.3
5 76.0 77.4
5 98.0 68.5
3 240.0 248.3
4 124.0 145.8
2 260.0 302.2
4 236.0 178.0
2 288.0 95.9
5 258.0 262.0
2 6.0 111.3
2 324.0 327.4
4 204.0 186.3
5 308.0 308.1
5 10.0 1.4
3 278.0 253.2
4 182.0 199.8
4 80.0 88.6
3 262.0 219.4
2 150.0 234.5
2 316.0 252.8
3 256.0 230.3
2 276.0 277.7
2 332.0 338.3
5 294.0 303.6
4 226.0 185.4
3 78.0 77.7
3 344.0 314.0
4 250.0 242.3
4 284.0 292.5
5 166.0 240.0
4 202.0 178.1
4 186.0 227.6
2 4.0 38.3
3 58.0 66.0
2 14.0 19.2
2 72.0 358.0
2 4.0 165.7
2 106.0 63.9
3 132.0 131.9
5 356.0 1.8
2 346.0 253.3
5 38.0 32.3
4 72.0 69.3
4 192.0 205.4
5 272.0 252.0
4 0.0 335.3
2 234.0 61.4
3 298.0 299.7
2 76.0 118.7
4 212.0 248.7
4 242.0 209.4
4 246.0 207.4
3 174.0 259.0
5 346.0 318.5
3 336.0 304.6
3 62.0 69.7
5 318.0 327.6
5 82.0 79.9
3 186.0 185.8
5 288.0 295.2
5 62.0 55.8
5 4.0 42.0
2 122.0 2.7
2 284.0 0.7
2 228.0 171.6
3 226.0 190.5
3 152.0 182.2
4 346.0 355.9
5 6.0 6.2
4 294.0 300.1
5 34.0 33.1
4 354.0 321.6
3 290.0 33.4
2 126.0 262.3
4 58.0 65.5
5 78.0 80.1
4 76.0 100.3
2 162.0 140.8
2 248.0 201.3
5 346.0 309.5
5 204.0 145.2
4 8.0 353.5
3 348.0 339.4
4 170.0 196.8
5 180.0 182.6
2 318.0 227.2
2 312.0 328.3
2 344.0 256.6
4 166.0 221.4
4 204.0 238.1
3 356.0 18.6
2 142.0 120.0
3 294.0 10.4
5 200.0 262.3
2 32.0 1.0
2 80.0 96.2
4 18.0 18.4
5 28.0 30.4
2 150.0 312.0
4 68.0 66.4
4 292.0 313.2
5 104.0 110.5
4 104.0 66.2
4 56.0 314.3
2 98.0 211.1
4 64.0 106.4
4 280.0 265.2
2 344.0 8.4
3 354.0 311.7
4 208.0 196.8
2 272.0 317.9
2 232.0 301.9
5 172.0 205.4
2 308.0 13.5
4 244.0 215.3
3 278.0 275.4
3 132.0 166.3
2 322.0 288.6
3 324.0 306.8
5 274.0 246.5
5 318.0 306.3
3 50.0 60.1
4 342.0 339.7
4 324.0 4.3
5 152.0 160.1
5 352.0 358.3
5 152.0 128.8
4 304.0 281.0
3 104.0 55.7
2 214.0 194.2
2 112.0 274.5
3 182.0 211.6
3 224.0 248.3
5 296.0 285.9
3 322.0 335.4
3 200.0 250.9
4 320.0 297.0
4 284.0 315.4
5 90.0 63.1
2 262.0 206.3
3 246.0 166.8
3 164.0 178.5
3 114.0 168.6
3 188.0 193.4
3 326.0 329.0
3 314.0 298.1
2 348.0 309.4
3 196.0 199.7
5 264.0 247.2
2 230.0 126.6
2 42.0 82.9
5 64.0 64.0
3 320.0 274.3
3 38.0 67.8
5 164.0 172.3
5 16.0 13.8
4 300.0 313.1
2 286.0 107.1
5 274.0 276.1
2 304.0 223.4
5 278.0 282.8
4 22.0 16.0
3 244.0 227.7
3 266.0 227.9
2 4.0 340.4
3 206.0 225.1
3 198.0 103.7
5 34.0 25.0
4 194.0 190.8
4 40.0 56.7
4 62.0 95.0
2 108.0 112.2
5 328.0 334.2
4 172.0 163.9
5 64.0 59.2
4 62.0 51.4
2 308.0 327.5
4 76.0 123.1
2 328.0 343.7
4 128.0 156.7
3 344.0 329.3
3 346.0 331.1
2 230.0 279.6
2 234.0 81.1
4 74.0 42.7
3 164.0 158.7
3 214.0 201.4
5 126.0 122.1
4 192.0 217.1
5 306.0 289.7
3 260.0 225.4
2 20.0 28.5
3 258.0 255.2
2 200.0 233.0
5 76.0 97.3
3 172.0 205.2
4 10.0 352.2
5 86.0 81.0
3 264.0 245.0
5 220.0 216.7
4 134.0 150.6
4 292.0 277.9
2 106.0 51.6
4 236.0 241.8
2 224.0 96.4
3 72.0 103.9
4 260.0 212.8
5 34.0 42.0
5 266.0 263.4
4 228.0 229.7
5 308.0 320.5
4 336.0 314.6
5 122.0 122.5
3 176.0 204.8
3 96.0 92.7
5 174.0 204.6
3 330.0 315.2
2 158.0 17.7
4 276.0 281.9
2 38.0 65.2
2 16.0 333.4
5 116.0 115.6
3 194.0 236.9
5 334.0 338.9
4 52.0 78.7
4 246.0 220.7
3 98.0 85.8
3 188.0 190.3
2 86.0 300.4
3 110.0 98.2
4 106.0 97.4
2 158.0 48.3
5 38.0 39.4
4 154.0 155.7
3 26.0 48.0
4 64.0 70.6
4 52.0 37.6
5 268.0 265.9
5 204.0 205.1
4 168.0 172.5
4 234.0 234.5
4 114.0 90.4
3 146.0 249.2
5 158.0 136.6
3 296.0 317.1
5 2.0 353.0
3 106.0 93.7
2 6.0 341.3
3 214.0 240.2
3 264.0 293.3
4 38.0 15.9
4 208.0 212.4
4 14.0 12.2
5 170.0 178.8
5 44.0 70.0
5 14.0 12.9
5 242.0 205.5
5 2.0 2.8
3 158.0 231.7
5 320.0 296.3
5 322.0 311.3
2 230.0 73.3
2 232.0 91.8
2 40.0 127.3
5 132.0 127.7
5 156.0 173.6
5 36.0 42.4
4 52.0 50.4
3 20.0 19.5
3 116.0 97.0
5 322.0 336.0
3 206.0 213.0
5 68.0 61.7
5 52.0 48.0
5 282.0 268.4
2 6.0 243.3
5 354.0 0.2
5 258.0 251.3
5 342.0 331.8
4 154.0 171.3
5 270.0 273.8
3 120.0 99.6
3 256.0 234.8
4 358.0 326.2
5 194.0 133.9
2 96.0 94.0
3 278.0 278.3
2 172.0 239.3
3 288.0 230.6
2 178.0 60.9
2 74.0 61.2
2 292.0 211.7
4 4.0 349.5
4 214.0 196.6
5 168.0 191.5
3 30.0 88.8
5 52.0 81.9
2 28.0 201.2
5 114.0 110.2
3 124.0 118.2
3 154.0 182.8
5 148.0 186.9
2 350.0 287.2
2 330.0 358.2
5 28.0 18.1
5 110.0 84.7
4 6.0 358.6
3 330.0 325.2
3 232.0 208.1
3 8.0 14.2
2 34.0 89.7
4 8.0 345.7
3 224.0 143.0
5 112.0 97.1
3 192.0 261.1
4 230.0 207.0
2 86.0 51.5
4 136.0 174.0
5 32.0 34.7
4 248.0 263.0
2 312.0 326.9
2 24.0 68.6
5 78.0 109.9
3 234.0 227.3
3 32.0 35.0
2 280.0 262.8
4 202.0 253.4
2 356.0 51.3
5 302.0 288.7
3 88.0 141.9
2 96.0 273.9
3 296.0 278.6
2 204.0 132.4
3 44.0 83.8
2 104.0 45.7
4 30.0 22.5
3 350.0 322.7
4 16.0 19.4
4 246.0 261.6
2 348.0 207.9
4 310.0 293.7
5 4.0 8.9
4 296.0 325.2
5 314.0 301.1
4 168.0 250.8
3 320.0 293.7
5 74.0 98.2
2 310.0 340.7
2 12.0 12.0
5 322.0 319.5
5 250.0 239.6
5 260.0 268.9
4 246.0 223.7
3 162.0 189.9
4 96.0 108.7
4 170.0 199.3
5 212.0 214.6
3 194.0 222.8
3 194.0 218.2
4 68.0 89.7
5 160.0 152.6
3 50.0 69.7
2 344.0 254.8
3 342.0 6.3
2 294.0 300.8
4 246.0 237.1
3 90.0 38.4
2 236.0 207.4
2 66.0 9.4
3 38.0 41.8
2 124.0 93.3
5 174.0 215.4
2 260.0 182.4
4 36.0 30.2
5 42.0 52.7
2 76.0 115.2
4 308.0 310.0
4 196.0 180.5
4 274.0 268.7
4 304.0 333.5
2 240.0 41.3
2 130.0 112.6
5 270.0 274.7
3 300.0 285.4
2 190.0 148.6
5 296.0 323.9
2 110.0 71.8
5 42.0 65.4
5 92.0 80.3
5 204.0 163.3
4 58.0 63.6
4 298.0 295.8
3 130.0 140.1
3 76.0 89.4
3 246.0 227.8
2 74.0 337.2
4 286.0 299.6
5 276.0 284.5
4 116.0 121.0
3 178.0 231.6
5 16.0 18.5
3 110.0 104.5
4 186.0 132.5
4 182.0 129.5
2 310.0 107.1
2 310.0 47.0
3 140.0 146.3
3 16.0 10.2
3 8.0 326.5
5 262.0 172.5
5 6.0 0.1
3 6.0 29.1
3 114.0 100.5
5 200.0 153.7
2 282.0 287.3
5 280.0 296.5
2 264.0 215.5
4 146.0 213.6
2 210.0 147.5
3 140.0 167.3
3 64.0 79.5
3 352.0 315.6
3 112.0 106.1
4 134.0 118.9
5 52.0 63.8
2 4.0 93.7
2 230.0 76.8
5 178.0 201.1
2 2.0 228.3
5 72.0 86.7
3 284.0 283.0
5 162.0 205.5
3 138.0 162.0
2 126.0 27.8
2 34.0 336.6
5 4.0 356.4
3 316.0 321.6
2 284.0 295.6
3 180.0 237.0
5 88.0 74.1
3 276.0 278.0
4 198.0 189.4
4 74.0 63.6
5 186.0 149.5
3 162.0 229.9
2 338.0 345.2
2 106.0 76.4
3 284.0 84.0
2 262.0 153.8
5 338.0 317.2
4 58.0 55.3
2 262.0 10.0
3 224.0 204.4
4 320.0 327.7
4 0.0 337.4
3 266.0 275.5
4 296.0 312.8
4 196.0 194.0
5 172.0 192.4
3 122.0 95.9
5 152.0 185.3
3 348.0 350.3
2 36.0 31.3
2 274.0 278.4
3 98.0 91.9
5 46.0 34.7
2 32.0 27.6
3 114.0 55.4
4 338.0 292.3
3 22.0 21.2
2 126.0 139.0
2 58.0 47.4
4 208.0 168.2
3 28.0 32.0
5 214.0 229.0
2 356.0 322.1
5 32.0 43.7
2 28.0 4.9
5 4.0 8.2
3 306.0 311.9
2 220.0 325.0
3 102.0 96.7
2 196.0 266.2
4 276.0 258.1
5 122.0 131.7
2 14.0 344.8
4 220.0 206.1
5 358.0 349.3
4 358.0 310.9
2 128.0 193.2
2 320.0 338.2
4 180.0 254.6
2 226.0 143.5
4 34.0 43.3
3 240.0 172.0
2 36.0 26.2
3 308.0 303.7
2 100.0 34.3
5 192.0 184.2
3 0.0 310.8
2 350.0 42.7
2 128.0 246.3
2 192.0 353.0
3 274.0 291.6
3 358.0 9.3
2 200.0 190.2
2 148.0 267.8
4 94.0 94.8
4 282.0 282.2
2 184.0 183.0
5 254.0 247.7
2 276.0 278.5
4 74.0 72.4
2 140.0 103.2
2 144.0 230.6
5 354.0 332.9
5 86.0 90.0
2 184.0 74.8
5 10.0 12.9
4 144.0 153.3
5 14.0 14.6
3 298.0 306.8
4 120.0 74.7
5 344.0 330.1
4 152.0 174.9
3 204.0 202.4
2 172.0 295.2
4 80.0 53.2
5 226.0 206.0
5 116.0 99.3
5 42.0 40.9
2 102.0 106.4
4 310.0 319.1
5 318.0 308.5
5 116.0 109.1
5 168.0 218.6
4 66.0 83.8
4 352.0 342.9
5 336.0 338.2
2 12.0 345.9
2 346.0 254.1
3 306.0 233.0
5 64.0 76.1
3 178.0 154.8
4 158.0 201.9
2 262.0 175.6
4 84.0 82.6
4 162.0 240.5
3 12.0 2.5
4 24.0 27.1
5 286.0 287.1
3 292.0 292.9
2 254.0 147.5
4 222.0 212.0
5 146.0 137.2
3 252.0 175.8
3 278.0 289.8
2 146.0 240.5
2 322.0 36.2
4 60.0 88.8
4 298.0 281.2
4 250.0 257.2
4 82.0 94.0
3 40.0 42.2
3 164.0 163.5
4 68.0 144.7
4 344.0 321.9
3 178.0 208.3
3 218.0 228.4
3 150.0 183.9
3 50.0 38.1
2 36.0 100.1
3 226.0 151.5
2 148.0 299.5
5 52.0 65.6
5 358.0 354.6
3 116.0 144.7
4 292.0 299.6
5 270.0 264.0
5 228.0 156.9
3 254.0 85.0
4 4.0 347.4
3 188.0 221.2
5 310.0 339.2
2 346.0 259.7
3 222.0 184.2
2 146.0 198.8
4 94.0 117.2
2 138.0 241.7
5 234.0 195.8
5 310.0 308.6
2 336.0 263.2
2 150.0 16.1
2 158.0 174.7
5 58.0 69.8
5 156.0 164.1
4 320.0 319.6
5 218.0 161.8
2 228.0 261.1
5 278.0 285.8
3 156.0 203.4
3 156.0 244.9
2 258.0 188.2
3 70.0 70.8
5 246.0 145.6
4 40.0 56.0
5 20.0 15.0
4 238.0 192.4
4 228.0 225.0
2 350.0 312.5
2 154.0 143.0
4 340.0 305.9
2 42.0 325.2
5 170.0 202.4
4 20.0 29.6
5 194.0 236.6
3 82.0 48.9
2 48.0 137.5
3 336.0 327.2
4 126.0 151.4
2 186.0 120.1
5 36.0 30.2
3 98.0 319.5
4 280.0 290.0
3 356.0 353.4
4 108.0 100.1
3 108.0 322.1
2 70.0 104.8
2 46.0 290.5
5 208.0 233.3
3 28.0 34.4
4 46.0 94.2
3 274.0 324.0
3 104.0 83.0
4 256.0 203.2
2 338.0 348.5
3 344.0 316.6
3 16.0 19.9
4 144.0 165.6
5 170.0 219.9
2 6.0 330.4
5 104.0 84.6
5 272.0 263.1
4 20.0 21.0
3 264.0 257.5
5 284.0 287.5
2 24.0 50.1
2 10.0 315.0
3 138.0 211.0
4 28.0 25.4
2 284.0 314.5
2 86.0 123.4
2 160.0 228.9
3 218.0 253.6
4 132.0 321.1
3 340.0 315.4
2 60.0 37.9
5 156.0 123.9
4 36.0 35.5
5 224.0 176.9
4 296.0 307.1
4 166.0 223.0
4 112.0 89.8
4 18.0 32.3
5 354.0 3.4
4 88.0 87.1
3 52.0 51.6
2 210.0 297.7
4 172.0 186.5
3 354.0 18.3
5 280.0 285.1
3 56.0 24.4
5 8.0 17.2
5 284.0 281.3
4 204.0 194.2
2 32.0 50.4
5 130.0 134.2
4 84.0 68.6
4 328.0 331.0
5 132.0 123.6
3 314.0 314.3
3 24.0 27.5
3 238.0 232.5
5 352.0 5.1
3 230.0 164.2
5 216.0 160.2
4 76.0 102.8
4 48.0 72.8
4 136.0 152.7
3 64.0 97.2
4 234.0 206.9
2 264.0 305.9
2 242.0 57.9
4 72.0 109.5
5 144.0 158.3
5 308.0 318.1
2 254.0 300.5
3 56.0 71.5
4 170.0 196.3
4 50.0 106.7
3 58.0 66.1
5 340.0 322.3
4 218.0 179.3
4 84.0 91.0
3 74.0 99.5
4 352.0 349.0
3 86.0 105.4
3 18.0 14.4
5 312.0 324.4
2 134.0 109.1
5 108.0 117.1
5 4.0 3.6
3 204.0 189.4
5 150.0 149.2
3 134.0 34.8
3 132.0 141.2
2 192.0 337.3
4 194.0 217.8
5 346.0 335.6
2 192.0 127.8
4 154.0 228.9
5 174.0 142.0
3 6.0 325.7
4 222.0 208.7
5 326.0 299.2
2 210.0 101.1
4 286.0 299.4
5 50.0 71.0
2 230.0 274.0
4 216.0 225.3
3 228.0 177.1
3 284.0 303.4
4 264.0 210.3
2 238.0 328.2
2 234.0 291.2
4 230.0 232.5
2 304.0 140.8
5 146.0 226.7
5 162.0 185.7
5 186.0 207.3
4 228.0 170.8
5 62.0 79.8
3 160.0 246.5
2 164.0 277.9
3 160.0 129.5
4 212.0 172.4
2 280.0 320.3
4 124.0 149.3
2 296.0 332.0
4 100.0 88.9
4 292.0 284.7
2 186.0 165.3
3 8.0 23.9
3 204.0 244.2
4 162.0 217.3
2 244.0 86.0
4 68.0 98.2
4 140.0 141.8
5 128.0 142.6
5 80.0 95.5
4 302.0 323.5
4 16.0 4.2
5 256.0 261.6
5 74.0 60.9
5 60.0 83.6
2 0.0 46.0
4 150.0 189.0
2 248.0 134.2
5 172.0 220.5
2 210.0 2.7
5 338.0 319.9
4 270.0 284.9
3 40.0 66.6
3 152.0 157.5
3 232.0 199.4
4 276.0 65.0
2 302.0 278.6
5 116.0 254.4
3 144.0 168.0
5 154.0 216.3
4 142.0 169.9
5 66.0 94.0
4 88.0 107.1
4 180.0 223.0
2 358.0 354.2
4 278.0 288.0
4 216.0 202.7
3 258.0 225.1
2 278.0 270.5
5 328.0 316.5
3 232.0 238.4
3 208.0 104.0
3 86.0 98.3
5 300.0 319.5
3 178.0 134.0
5 236.0 139.8
4 210.0 150.9
5 182.0 232.8
4 338.0 342.2
2 244.0 277.4
3 312.0 322.8
5 164.0 169.5
4 342.0 321.4
2 296.0 237.0
3 276.0 283.5
2 344.0 99.6
5 90.0 98.5
4 42.0 35.6
5 92.0 69.7
4 24.0 30.8
2 134.0 95.7
2 148.0 155.3
5 56.0 59.8
5 184.0 142.3
4 220.0 217.1
2 92.0 69.9
3 288.0 308.0
4 166.0 186.0
3 12.0 358.9
4 188.0 187.0
4 316.0 355.2
4 286.0 276.8
2 74.0 114.1
4 174.0 218.5
2 108.0 113.6
5 88.0 82.6
3 74.0 59.8
5 216.0 250.6
2 94.0 163.9
4 196.0 191.7
4 220.0 252.7
4 6.0 6.6
2 170.0 171.8
3 332.0 312.5
5 334.0 310.6
5 336.0 325.3
3 152.0 212.5
3 132.0 117.5
2 222.0 197.2
3 308.0 312.3
3 128.0 165.4
2 152.0 253.1
2 22.0 27.3
4 4.0 7.8
5 64.0 85.0
2 180.0 340.9
5 100.0 60.4
2 338.0 18.1
3 108.0 101.6
4 160.0 208.9
4 58.0 75.2
5 322.0 328.9
5 62.0 69.1
5 40.0 33.7
2 228.0 239.2
2 40.0 61.0
2 62.0 198.2
2 42.0 39.8
2 150.0 132.4
4 82.0 80.1
3 136.0 150.6
4 36.0 36.8
3 212.0 141.8
2 272.0 313.0
5 26.0 36.0
2 62.0 76.0
3 242.0 251.2
3 66.0 46.4
2 158.0 294.0
5 228.0 203.9
5 352.0 337.1
4 80.0 64.1
4 44.0 40.5
4 42.0 33.4
3 66.0 83.0
4 184.0 122.9
5 80.0 62.2
4 218.0 229.4
4 110.0 106.6
4 138.0 153.5
5 178.0 166.2
4 250.0 255.1
3 344.0 339.3
2 198.0 218.7
4 282.0 313.2
5 54.0 54.5
2 346.0 331.4
4 332.0 311.0
5 230.0 229.1
2 256.0 192.7
2 240.0 123.1
4 58.0 36.3
4 98.0 127.9
2 64.0 75.3
3 108.0 78.2
5 304.0 315.5
5 256.0 247.9
2 44.0 101.5
2 252.0 213.8
3 134.0 130.1
5 206.0 179.0
2 132.0 107.8
5 264.0 263.4
2 68.0 58.5
3 28.0 161.3
4 204.0 210.4
3 182.0 255.7
5 342.0 313.1
5 312.0 336.6
2 130.0 233.2
2 290.0 305.5
5 324.0 294.2
4 62.0 52.2
5 146.0 236.2
3 164.0 157.3
3 330.0 326.7
4 116.0 112.0
2 236.0 70.1
5 118.0 72.2
3 30.0 28.9
5 82.0 64.4
5 34.0 38.1
4 228.0 172.6
3 148.0 179.6
4 320.0 310.0
2 300.0 304.3
5 112.0 69.4
5 306.0 304.1
5 320.0 308.0
5 42.0 58.9
4 116.0 119.8
4 40.0 282.3
4 244.0 193.1
2 70.0 64.9
4 102.0 82.8
5 92.0 102.1
2 312.0 33.0
4 282.0 304.2
4 260.0 245.2
3 2.0 6.0
5 118.0 106.7
5 228.0 235.0
2 226.0 276.4
2 210.0 225.9
3 182.0 275.8
3 132.0 134.2
3 260.0 341.1
3 144.0 186.8
4 276.0 269.8
5 268.0 276.2
4 150.0 212.8
5 158.0 178.5
2 350.0 318.0
2 46.0 241.2
2 58.0 26.6
4 140.0 151.8
3 82.0 76.9
3 234.0 206.0
4 258.0 217.8
5 210.0 194.4
4 78.0 54.9
5 48.0 92.9
4 30.0 47.3
3 302.0 309.9
5 16.0 18.5
3 50.0 57.0
5 194.0 127.0
5 36.0 33.6
2 256.0 248.7
2 96.0 129.5
5 222.0 214.8
5 278.0 275.2
2 178.0 31.9
4 332.0 318.3
2 354.0 321.7
2 42.0 66.6
2 16.0 354.3
4 324.0 343.7
2 354.0 349.4
2 30.0 30.6
3 108.0 117.1
2 178.0 233.4
5 236.0 175.7
3 238.0 195.9
2 228.0 329.3
4 54.0 44.9
5 150.0 133.6
5 136.0 165.9
2 178.0 85.4
3 88.0 51.7
3 178.0 170.7
4 286.0 315.1
4 206.0 233.1
4 128.0 131.0
3 116.0 172.3
2 46.0 314.7
5 110.0 99.8
4 354.0 326.0
2 240.0 86.5
3 12.0 19.6
5 168.0 208.0
3 104.0 123.2
4 278.0 281.8
3 288.0 297.2
4 340.0 324.6
3 104.0 36.3
2 218.0 214.7
4 216.0 181.3
3 314.0 310.0
3 182.0 197.0
5 154.0 174.5
2 100.0 6.9
5 114.0 115.8
4 182.0 233.1
4 252.0 251.6
5 18.0 17.4
4 176.0 224.2
5 290.0 312.0
3 14.0 12.3
3 254.0 212.6
2 132.0 82.9
3 250.0 242.3
3 76.0 66.7
3 298.0 298.1
5 336.0 313.2
2 232.0 206.2
2 288.0 306.2
5 128.0 127.2
3 176.0 168.6
5 270.0 265.7
4 350.0 357.6
4 120.0 88.4
3 104.0 57.0
5 290.0 305.9
4 230.0 262.4
4 198.0 169.6
3 218.0 137.2
2 110.0 269.5
4 192.0 164.9
4 150.0 190.6
5 164.0 193.7
2 330.0 33.7
5 302.0 308.7
2 260.0 197.9
5 164.0 166.8
2 218.0 53.1
5 316.0 295.6
2 260.0 166.1
3 16.0 17.0
4 74.0 63.5
4 10.0 18.8
2 292.0 236.2
5 226.0 191.7
5 90.0 90.4
4 140.0 164.2
4 60.0 78.0
4 54.0 56.4
2 36.0 58.7
3 290.0 282.8
2 94.0 56.4
3 10.0 350.0
3 218.0 245.9
3 246.0 248.2
5 230.0 184.1
2 314.0 281.5
5 254.0 262.9
2 154.0 301.6
2 292.0 133.6
2 38.0 51.7
3 164.0 209.8
3 98.0 112.9
3 164.0 206.1
5 86.0 85.0
5 260.0 249.1
3 272.0 226.9
3 206.0 242.7
3 264.0 259.3
3 322.0 304.5
3 118.0 189.8
5 330.0 343.5
4 278.0 241.9
4 102.0 105.6
3 84.0 52.5
4 54.0 69.9
4 138.0 139.2
3 124.0 110.5
5 42.0 47.5
2 350.0 0.3
3 108.0 73.7
2 122.0 175.7
3 244.0 257.9
3 234.0 169.0
4 210.0 268.9
4 166.0 241.9
4 176.0 144.2
2 344.0 130.6
5 268.0 238.8
5 90.0 73.8
4 278.0 275.8
5 252.0 206.2
2 222.0 352.8
2 150.0 340.7
4 234.0 267.6
5 18.0 7.3
5 320.0 332.2
5 302.0 342.1
2 58.0 32.4
4 250.0 218.0
4 38.0 52.0
5 224.0 257.5
5 232.0 224.5
4 254.0 242.8
5 254.0 242.7
4 192.0 249.9
2 134.0 8.2
2 78.0 80.7
2 22.0 36.1
3 132.0 133.0
3 102.0 86.0
2 102.0 90.4
4 332.0 305.2
4 242.0 251.5
2 332.0 325.1
5 78.0 66.5
3 354.0 341.6
3 40.0 47.1
4 186.0 219.7
3 16.0 29.7
3 138.0 163.7
4 296.0 287.5
3 26.0 21.4
2 120.0 73.3
3 312.0 261.6
5 264.0 51.0
4 212.0 222.6
3 244.0 247.5
3 310.0 337.8
5 314.0 326.3
2 62.0 107.7
5 318.0 324.8
5 188.0 212.5
3 162.0 171.9
4 330.0 339.8
4 232.0 191.8
5 234.0 235.6
4 172.0 142.6
5 274.0 276.7
3 36.0 53.3
4 176.0 213.8
4 92.0 51.2
4 212.0 205.7
2 2.0 32.0
5 106.0 79.5
5 150.0 232.7
3 160.0 183.5
5 40.0 38.5
2 110.0 99.0
3 182.0 211.7
5 208.0 179.4
3 294.0 296.6
4 270.0 272.3
5 136.0 155.3
2 162.0 109.2
3 92.0 40.5
4 280.0 241.4
4 334.0 345.4
4 154.0 186.2
4 234.0 170.1
4 46.0 166.0
3 118.0 107.7
5 24.0 28.3
5 344.0 329.2
2 266.0 286.6
2 180.0 138.2
5 298.0 300.3
5 314.0 335.0
4 348.0 353.7
3 14.0 6.2
5 94.0 76.3
4 178.0 227.9
2 288.0 72.1
3 180.0 191.7
3 292.0 314.5
2 342.0 323.5
4 22.0 23.0
4 198.0 236.5
2 196.0 93.5
5 44.0 46.8
5 134.0 143.8
3 24.0 15.9
5 90.0 118.4
2 96.0 100.2
3 48.0 329.0
5 212.0 215.0
4 320.0 324.6
2 136.0 245.1
5 186.0 233.3
2 284.0 334.5
3 40.0 98.7
3 124.0 116.7
5 252.0 225.4
4 42.0 58.8
4 334.0 330.8
4 276.0 276.4
3 164.0 174.9
5 104.0 77.0
2 188.0 282.9
3 192.0 255.1
2 162.0 89.1
4 80.0 64.5
3 2.0 16.5
4 256.0 220.9
5 18.0 16.4
2 216.0 130.9
4 30.0 31.8
2 68.0 319.1
5 172.0 191.5
4 46.0 88.5
2 294.0 303.4
3 146.0 119.5
4 176.0 197.3
4 208.0 205.5
2 192.0 262.0
3 232.0 221.4
5 336.0 309.5
2 176.0 197.7
2 166.0 223.9
3 114.0 119.7
2 112.0 90.2
5 92.0 99.1
4 296.0 312.7
5 294.0 319.4
5 120.0 107.7
3 298.0 293.3
4 268.0 249.3
4 120.0 113.7
2 178.0 323.4
5 236.0 195.4
5 42.0 73.9
3 220.0 239.7
3 144.0 139.5
4 338.0 340.5
3 78.0 74.6
4 14.0 18.7
3 120.0 108.5
4 332.0 309.3
2 278.0 268.3
3 160.0 181.8
2 252.0 174.6
5 202.0 186.7
2 180.0 348.4
5 186.0 160.7
5 150.0 202.1
5 60.0 86.9
2 170.0 308.9
2 230.0 155.1
2 258.0 294.9
5 52.0 54.7
5 124.0 129.4
5 52.0 58.3
3 358.0 351.1
3 328.0 329.9
4 280.0 293.9
3 16.0 7.6
5 258.0 226.1
3 14.0 272.6
4 302.0 319.5
4 108.0 64.7
4 262.0 256.9
3 162.0 181.8
3 244.0 116.7
5 268.0 275.8
3 310.0 320.0
5 282.0 294.7
3 272.0 248.6
3 250.0 276.7
3 178.0 201.0
5 292.0 276.3
5 292.0 297.7
4 72.0 107.2
4 238.0 196.3
4 64.0 66.8
2 266.0 207.6
2 186.0 98.9
2 82.0 84.1
4 272.0 257.4
2 316.0 279.6
3 224.0 144.6
2 38.0 329.1
2 160.0 196.0
4 178.0 180.9
2 248.0 192.5
2 190.0 177.0
3 234.0 159.3
4 82.0 93.7
5 294.0 290.9
4 106.0 94.6
2 180.0 136.7
2 204.0 260.9
5 202.0 246.4
5 96.0 83.6
3 342.0 357.0
4 346.0 350.8
4 256.0 221.8
4 356.0 355.6
4 18.0 4.5
5 314.0 292.6
3 336.0 352.8
5 130.0 123.8
2 194.0 142.5
5 56.0 45.2
4 234.0 248.3
5 172.0 205.5
3 102.0 102.5
3 112.0 102.6
4 236.0 234.2
3 86.0 84.2
5 10.0 7.3
5 66.0 53.3
2 278.0 289.7
4 34.0 56.4
5 288.0 272.3
5 304.0 334.9
3 126.0 176.5
5 352.0 359.8
4 348.0 343.4
5 92.0 82.0
3 312.0 298.8
3 356.0 21.5
5 160.0 189.6
4 176.0 170.3
3 240.0 225.0
5 320.0 325.4
3 104.0 75.7
5 254.0 232.2
3 174.0 128.4
2 46.0 344.3
4 188.0 211.0
5 242.0 245.5
2 68.0 96.0
2 156.0 178.7
5 62.0 69.5
3 74.0 89.4
3 66.0 91.5
5 258.0 241.2
4 342.0 324.3
3 36.0 26.3
2 144.0 257.1
4 208.0 131.8
5 94.0 68.1
5 218.0 178.6
4 40.0 54.1
3 98.0 80.5
5 180.0 238.8
2 92.0 136.6
5 210.0 224.2
5 254.0 273.8
2 110.0 114.6
2 118.0 53.1
3 88.0 91.7
4 146.0 124.1
2 118.0 97.2
3 290.0 252.7
4 340.0 344.2
4 172.0 215.2
5 4.0 351.3
4 340.0 332.1
5 80.0 101.2
5 272.0 270.3
2 316.0 337.2
3 84.0 65.1
4 24.0 25.4
3 152.0 247.2
5 230.0 164.6
2 332.0 359.1
3 30.0 25.7
5 342.0 332.1
2 38.0 42.6
3 52.0 98.0
3 74.0 80.9
4 356.0 4.8
5 170.0 141.1
5 128.0 162.7
3 118.0 96.5
2 178.0 296.5
2 212.0 233.2
2 134.0 255.5
4 330.0 320.1
4 8.0 10.3
3 58.0 53.3
2 202.0 241.4
2 224.0 188.4
3 16.0 7.7
2 64.0 34.1
3 42.0 54.5
4 260.0 244.5
5 334.0 332.0
2 128.0 146.7
2 342.0 78.3
4 244.0 204.9
3 332.0 331.2
2 196.0 287.2
2 102.0 75.7
3 12.0 10.4
4 210.0 219.4
2 140.0 115.1
5 62.0 53.7
5 202.0 166.4
5 274.0 279.7
5 224.0 227.8
4 112.0 101.5
3 270.0 339.3
3 308.0 251.5
4 304.0 317.7
3 26.0 36.6
5 270.0 260.8
3 276.0 282.0
5 68.0 77.2
3 78.0 43.5
3 2.0 339.5
3 104.0 356.3
4 320.0 336.2
2 164.0 78.3
2 26.0 171.0
5 244.0 287.1
5 60.0 60.7
3 32.0 22.7
2 260.0 330.1
5 112.0 108.8
5 90.0 84.4
4 28.0 22.9
2 150.0 39.3
5 240.0 219.1
5 272.0 266.9
5 46.0 37.3
5 264.0 276.0
2 12.0 68.1
2 126.0 64.7
3 152.0 176.5
3 290.0 312.3
3 138.0 163.4
4 242.0 228.3
2 328.0 326.9
5 68.0 70.1
5 154.0 146.4
5 222.0 174.2
4 172.0 223.2
2 346.0 232.8
5 310.0 324.3
5 296.0 317.3
3 74.0 39.7
5 250.0 229.3
2 22.0 74.8
3 2.0 14.1
3 278.0 261.8
3 116.0 58.0
4 276.0 255.9
4 160.0 215.6
3 8.0 106.7
3 200.0 192.9
3 182.0 227.1
4 254.0 237.4
4 4.0 355.2
2 92.0 333.6
3 80.0 94.4
4 248.0 181.6
2 64.0 82.5
3 30.0 29.1
2 232.0 294.4
5 270.0 226.4
5 200.0 138.2
5 40.0 46.0
5 84.0 81.3
4 10.0 349.8
4 48.0 64.1
2 336.0 359.7
4 336.0 325.4
4 190.0 253.0
3 132.0 92.1
4 226.0 160.5
2 118.0 141.8
3 240.0 238.0
4 246.0 214.5
4 48.0 56.6
4 90.0 103.7
3 258.0 224.4
3 166.0 194.3
4 72.0 99.0
5 312.0 302.6
4 358.0 2.9
2 248.0 144.0
4 194.0 227.2
3 110.0 134.7
4 140.0 143.5
2 90.0 43.0
5 302.0 309.1
5 238.0 159.6
5 4.0 1.2
5 274.0 297.1
3 190.0 233.3
4 46.0 47.8
2 162.0 209.4
5 170.0 168.4
2 254.0 218.4
3 312.0 254.0
5 140.0 146.2
4 270.0 285.9
5 88.0 97.0
5 88.0 63.2
2 68.0 40.6
2 76.0 72.8
4 172.0 216.2
2 280.0 236.6
5 238.0 241.9
2 152.0 219.6
2 184.0 262.7
3 166.0 224.9
2 28.0 356.3
2 46.0 55.8
5 308.0 304.6
2 254.0 117.7
2 156.0 224.8
3 258.0 249.4
3 26.0 25.6
2 244.0 330.5
4 298.0 267.1
5 174.0 178.7
4 326.0 340.2
4 298.0 332.7
5 200.0 234.3
5 154.0 193.1
4 320.0 320.7
4 266.0 272.0
3 356.0 2.6
2 126.0 248.1
4 8.0 327.0
4 128.0 170.1
4 228.0 196.3
4 96.0 95.6
4 258.0 282.6
4 76.0 34.0
5 132.0 137.2
4 70.0 89.2
3 52.0 55.9
4 58.0 81.6
2 14.0 347.6
4 332.0 346.7
3 100.0 86.7
3 300.0 304.1
2 112.0 90.4
4 310.0 308.0
2 124.0 59.3
5 108.0 83.5
3 58.0 83.1
3 114.0 165.5
2 186.0 323.2
3 300.0 343.4
2 80.0 35.0
3 94.0 71.7
3 304.0 338.4
4 94.0 91.7
5 140.0 147.7
5 186.0 348.1
5 254.0 247.7
4 336.0 311.8
3 136.0 131.7
4 24.0 20.6
2 206.0 336.5
2 220.0 6.8
4 62.0 54.5
4 154.0 188.2
4 220.0 242.4
2 14.0 15.2
2 78.0 266.4
5 166.0 170.6
3 232.0 197.0
3 72.0 71.8
4 220.0 203.4
4 50.0 76.1
5 228.0 191.6
4 80.0 106.0
3 308.0 253.8
4 20.0 25.3
5 12.0 5.4
5 180.0 164.8
3 74.0 110.0
5 312.0 339.7
4 12.0 9.1
2 234.0 335.8
4 288.0 301.4
4 358.0 336.4
3 142.0 158.4
4 130.0 98.3
2 274.0 49.9
3 202.0 14.4
2 76.0 45.1
3 302.0 322.6
4 114.0 110.3
4 338.0 337.8
4 290.0 331.0
4 112.0 137.7
3 278.0 324.6
4 276.0 276.1
3 12.0 359.4
4 148.0 196.9
5 332.0 340.7
3 216.0 232.3
4 268.0 238.4
2 98.0 70.5
5 204.0 171.9
3 230.0 221.1
2 196.0 149.0
4 8.0 3.1
3 56.0 30.8
5 216.0 177.9
5 50.0 46.4
5 70.0 97.5
4 236.0 210.6
5 264.0 254.6
3 32.0 33.0
2 12.0 61.0
3 288.0 316.9
3 274.0 279.4
2 254.0 319.0
5 326.0 346.8
4 4.0 12.2
4 144.0 182.7
3 358.0 5.6
3 160.0 179.5
2 276.0 277.1
5 326.0 323.7
4 316.0 307.8
3 114.0 90.7
4 188.0 119.7
5 186.0 216.1
3 280.0 337.2
2 318.0 1.6
3 304.0 322.6
4 252.0 246.9
4 306.0 300.5
3 194.0 189.7
3 82.0 105.5
5 214.0 217.4
5 56.0 45.0
2 280.0 213.1
2 226.0 242.3
2 98.0 94.0
2 218.0 90.8
2 140.0 291.7
2 154.0 86.5
3 4.0 355.1
5 266.0 257.7
5 64.0 54.6
3 290.0 333.7
2 24.0 31.9
3 182.0 180.6
2 102.0 135.6
4 164.0 193.9
2 264.0 208.6
2 330.0 348.1
3 80.0 81.4
2 122.0 302.9
4 8.0 0.5
5 306.0 307.5
2 20.0 81.5
5 254.0 252.8
3 206.0 203.7
3 264.0 255.7
4 60.0 56.6
3 256.0 185.3
2 32.0 19.2
3 52.0 103.2
5 86.0 85.3
3 240.0 164.9
4 62.0 97.6
2 26.0 79.7
3 292.0 325.3
4 358.0 352.3
4 198.0 191.6
3 186.0 212.7
3 154.0 153.5
5 62.0 54.6
5 170.0 160.2
2 210.0 77.2
4 20.0 23.6
3 284.0 299.8
2 298.0 356.9
2 32.0 62.7
3 168.0 179.4
5 102.0 96.5
5 96.0 79.3
2 144.0 263.1
3 224.0 245.8
4 174.0 19.7
5 112.0 99.3
3 210.0 224.2
2 110.0 114.0
2 76.0 58.7
3 84.0 88.1
5 120.0 115.4
5 230.0 189.6
3 214.0 212.6
3 16.0 22.9
2 60.0 69.0
4 338.0 344.8
3 24.0 42.4
3 308.0 355.7
4 332.0 335.1
3 54.0 51.9
3 324.0 341.6
3 236.0 233.8
5 60.0 98.8
5 358.0 357.0
4 316.0 310.0
3 234.0 224.0
2 306.0 320.0
3 266.0 213.3
5 270.0 273.4
3 338.0 330.7
5 144.0 174.6
5 352.0 341.2
4 222.0 141.3
3 18.0 23.2
2 140.0 252.1
5 72.0 74.6
3 154.0 257.6
5 190.0 193.1
4 354.0 332.7
4 358.0 308.3
2 68.0 116.6
4 238.0 221.3
4 180.0 204.9
3 52.0 56.9
3 204.0 190.5
5 270.0 37.5
5 102.0 82.9
2 102.0 190.6
2 156.0 314.9
2 316.0 353.2
5 310.0 324.7
2 246.0 297.2
5 160.0 192.3
3 264.0 228.1
4 216.0 220.0
4 200.0 222.9
3 70.0 113.0
3 286.0 235.2
5 288.0 286.7
4 210.0 196.7
4 214.0 218.5
2 32.0 131.8
2 200.0 222.2
4 62.0 75.0
2 196.0 258.1
2 242.0 192.8
3 56.0 60.7
5 56.0 40.7
2 172.0 144.7
4 336.0 292.2
2 12.0 22.9
3 236.0 178.4
5 146.0 153.5
5 202.0 199.1
2 334.0 322.2
2 322.0 311.2
5 122.0 128.1
4 294.0 277.6
5 146.0 186.6
3 280.0 302.3
3 170.0 258.9
4 234.0 216.2
5 266.0 259.2
2 82.0 288.9
4 314.0 330.9
3 90.0 98.3
5 358.0 3.5
2 0.0 22.6
5 148.0 158.3
3 78.0 94.4
3 304.0 293.6
3 310.0 343.1
3 262.0 287.4
5 232.0 193.1
2 80.0 46.4
2 178.0 249.3
4 224.0 238.0
2 122.0 28.0
2 256.0 73.0
4 256.0 261.4
3 68.0 89.8
5 62.0 43.5
2 248.0 313.5
3 134.0 129.9
3 328.0 338.6
4 14.0 9.4
5 280.0 285.0
3 278.0 308.9
2 238.0 228.0
5 246.0 228.2
4 132.0 124.3
2 154.0 217.9
4 236.0 171.9
3 154.0 212.8
4 256.0 282.9
2 62.0 61.8
4 84.0 60.4
4 174.0 175.8
3 358.0 6.3
5 304.0 345.6
5 180.0 268.0
4 182.0 259.5
2 250.0 169.1
5 200.0 202.3
2 324.0 346.7
5 192.0 220.1
3 168.0 184.6
4 96.0 69.6
4 80.0 62.7
5 154.0 203.1
5 20.0 22.6
5 128.0 117.9
4 100.0 70.9
2 192.0 168.2
4 60.0 76.7
5 242.0 240.1
2 252.0 227.7
4 198.0 206.7
2 278.0 279.5
5 222.0 221.6
2 308.0 330.9
5 62.0 84.2
3 340.0 310.8
4 74.0 108.7
5 108.0 102.4
4 160.0 184.7
4 102.0 94.5
5 224.0 154.9
3 130.0 119.8
5 8.0 0.4
5 320.0 305.9
5 58.0 74.6
5 358.0 349.2
3 334.0 11.2
2 164.0 21.4
4 224.0 235.6
4 24.0 19.1
4 10.0 7.4
3 222.0 242.2
5 236.0 195.4
3 10.0 11.5
3 234.0 202.0
5 118.0 108.8
2 100.0 194.0
5 108.0 120.1
5 228.0 232.8
4 90.0 88.2
4 156.0 214.9
4 302.0 331.2
4 294.0 284.9
3 210.0 150.4
4 68.0 77.9
5 46.0 59.4
3 32.0 25.7
4 208.0 183.4
5 200.0 189.1
2 294.0 278.2
4 96.0 59.1
5 256.0 266.0
2 166.0 106.2
3 216.0 265.9
5 64.0 48.4
4 236.0 222.8
5 156.0 151.9
3 174.0 223.8
2 184.0 264.8
3 30.0 42.1
2 164.0 76.7
3 244.0 179.8
3 300.0 298.3
2 348.0 320.7
5 42.0 39.8
2 280.0 272.0
2 78.0 66.7
3 130.0 100.0
5 278.0 274.8
3 306.0 47.2
2 216.0 275.4
5 352.0 354.4
3 92.0 84.0
2 264.0 303.1
2 294.0 281.4
4 110.0 68.7
5 244.0 208.5
3 144.0 128.2
4 10.0 340.7
3 308.0 297.3
4 236.0 238.8
4 70.0 80.0
5 210.0 187.1
5 66.0 83.9
3 100.0 110.1
3 248.0 235.9
2 64.0 69.3
5 244.0 228.5
2 166.0 102.6
4 112.0 110.0
2 284.0 291.4
2 294.0 342.5
5 298.0 297.4
4 316.0 273.7
5 232.0 217.4
5 298.0 312.8
2 182.0 357.9
5 8.0 7.4
5 22.0 18.7
4 100.0 93.3
5 290.0 304.1
5 152.0 44.2
5 204.0 248.8
4 266.0 248.7
2 188.0 216.1
4 358.0 346.5
2 78.0 81.2
2 122.0 112.9
4 240.0 234.2
4 120.0 109.4
2 220.0 152.6
5 14.0 13.6
4 2.0 357.4
4 216.0 187.9
3 212.0 140.2
5 296.0 280.3
5 46.0 91.3
3 298.0 342.4
4 94.0 58.4
5 40.0 45.1
2 330.0 338.0
4 230.0 224.0
3 52.0 130.4
5 338.0 353.7
3 64.0 78.9
2 136.0 120.2
2 100.0 356.2
3 50.0 59.7
4 84.0 93.3
2 260.0 229.7
5 330.0 320.9
2 272.0 250.8
3 310.0 257.2
2 162.0 277.1
2 166.0 117.3
5 142.0 190.1
3 166.0 270.2
2 128.0 103.6
2 340.0 6.6
2 102.0 125.2
3 14.0 14.0
5 68.0 65.0
5 36.0 50.6
3 358.0 359.0
2 336.0 294.0
5 304.0 335.3
5 12.0 8.5
3 344.0 24.0
2 346.0 175.7
2 324.0 351.8
5 150.0 169.7
4 216.0 193.9
5 32.0 40.8
3 76.0 91.8
2 188.0 52.6
2 144.0 125.7
4 82.0 80.5
2 240.0 89.9
2 138.0 84.4
5 308.0 326.3
3 258.0 274.2
4 214.0 189.9
4 154.0 218.7
5 140.0 133.6
2 204.0 178.6
4 22.0 23.7
3 280.0 284.8
4 160.0 172.8
2 70.0 214.0
3 244.0 158.6
2 74.0 11.1
3 30.0 55.1
3 272.0 208.3
5 340.0 314.8
2 100.0 153.0
3 164.0 216.4
3 188.0 230.3
3 48.0 156.7
4 54.0 95.2
3 34.0 39.1
5 42.0 37.4
3 6.0 357.8
2 6.0 360.0
4 142.0 144.3
3 102.0 85.4
3 76.0 96.1
2 52.0 79.9
3 256.0 273.3
4 40.0 48.5
2 86.0 69.1
5 278.0 298.1
4 106.0 94.6
5 178.0 245.9
2 76.0 338.4
2 262.0 295.4
5 166.0 240.4
2 40.0 47.8
4 136.0 167.6
4 2.0 359.9
5 204.0 217.7
5 72.0 78.5
4 166.0 198.1
5 168.0 204.5
2 208.0 118.2
3 328.0 318.8
4 28.0 30.1
2 242.0 235.0
5 138.0 174.5
2 270.0 262.7
4 210.0 180.9
5 228.0 190.0
3 132.0 160.9
5 316.0 324.1
2 102.0 88.3
2 318.0 155.9
3 40.0 57.2
4 154.0 276.2
5 30.0 36.7
3 128.0 117.6
3 10.0 31.1
2 174.0 300.8
3 236.0 195.1
2 316.0 297.0
5 164.0 174.5
5 184.0 164.5
2 132.0 151.1
3 246.0 243.3
4 12.0 22.6
4 142.0 134.9
4 180.0 233.1
5 222.0 216.1
5 268.0 274.4
3 22.0 25.7
4 188.0 199.1
4 320.0 70.3
5 156.0 155.7
3 242.0 236.1
3 200.0 200.2
4 354.0 348.3
5 114.0 107.4
2 352.0 341.5
5 246.0 241.2
2 278.0 236.9
4 70.0 69.9
3 26.0 28.8
5 202.0 52.4
3 348.0 352.6
5 166.0 231.9
5 84.0 81.1
4 336.0 25.2
4 334.0 343.6
5 142.0 180.7
3 312.0 322.5
4 154.0 202.4
4 194.0 235.6
4 350.0 309.8
5 46.0 59.1
4 176.0 155.5
2 2.0 11.3
4 66.0 87.0
2 284.0 272.6
3 52.0 80.8
2 88.0 120.0
4 284.0 293.6
5 102.0 88.8
4 134.0 182.5
3 354.0 342.6
3 182.0 258.7
2 292.0 71.1
3 276.0 216.8
4 276.0 286.0
2 298.0 37.5
4 242.0 242.1
2 330.0 299.1
4 276.0 329.5
2 142.0 131.0
3 334.0 328.3
5 312.0 109.3
5 348.0 358.6
4 208.0 178.7
3 294.0 294.4
2 134.0 179.5
5 274.0 275.2
4 64.0 58.4
3 10.0 12.4
2 126.0 84.9
2 48.0 216.1
4 108.0 113.7
4 42.0 49.3
2 28.0 7.2
3 302.0 315.8
5 28.0 39.1
2 54.0 52.6
4 166.0 221.1
3 46.0 56.4
4 206.0 240.5
3 222.0 216.6
4 166.0 201.9
5 224.0 205.7
3 92.0 104.8
4 186.0 226.8
5 192.0 285.9
4 2.0 359.1
3 290.0 277.5
3 108.0 98.3
2 188.0 50.0
4 352.0 292.8
5 246.0 193.1
2 2.0 21.6
3 342.0 354.2
2 50.0 106.7
3 38.0 44.9
5 346.0 351.8
2 198.0 287.7
2 98.0 94.0
3 338.0 323.5
4 304.0 290.1
2 90.0 164.4
5 142.0 213.3
2 2.0 4.0
5 48.0 73.4
4 120.0 111.9
2 134.0 190.0
2 64.0 131.8
2 88.0 103.4
4 298.0 313.0
4 126.0 127.0
4 60.0 304.2
3 226.0 219.9
4 112.0 90.3
2 156.0 263.6
2 268.0 303.4
4 336.0 331.7
2 126.0 83.3
3 158.0 117.1
2 98.0 94.4
2 90.0 42.0
3 60.0 78.2
2 54.0 45.2
5 76.0 107.2
3 148.0 169.3
2 314.0 341.6
4 150.0 199.2
3 146.0 238.9
5 86.0 94.3
4 298.0 339.0
2 198.0 99.4
3 246.0 207.5
4 62.0 57.0
5 264.0 248.4
3 158.0 244.5
4 288.0 299.8
5 26.0 37.0
5 138.0 134.7
4 60.0 89.9
3 100.0 62.0
4 280.0 319.1
2 356.0 345.1
4 52.0 31.8
2 214.0 191.4
3 40.0 330.8
4 36.0 29.0
5 118.0 123.1
5 212.0 243.8
5 68.0 74.9
2 180.0 179.0
2 72.0 89.2
4 66.0 89.6
5 2.0 351.0
2 34.0 30.9
4 334.0 327.4
3 254.0 207.7
5 162.0 189.2
4 106.0 76.5
4 234.0 168.2
5 18.0 20.3
3 58.0 84.2
2 152.0 337.8
5 14.0 13.1
3 172.0 168.1
2 100.0 229.5
3 128.0 158.5
2 214.0 193.3
3 350.0 350.5
3 236.0 219.8
4 174.0 182.9
2 116.0 270.7
2 112.0 65.8
2 16.0 290.4
4 132.0 129.6
4 142.0 184.3
5 242.0 218.5
3 164.0 143.3
4 20.0 22.6
2 130.0 50.8
4 14.0 358.9
2 136.0 270.7
5 136.0 136.0
2 58.0 16.3
4 64.0 73.9
3 16.0 18.3
2 54.0 44.6
2 206.0 207.9
5 328.0 317.9
5 24.0 27.9
3 250.0 9.3
4 340.0 323.8
5 106.0 78.0
3 334.0 357.3
5 62.0 59.6
2 26.0 4.2
2 136.0 228.8
3 148.0 186.4
5 244.0 205.7
3 110.0 127.8
3 350.0 316.4
5 250.0 227.4
2 50.0 65.1
3 266.0 105.9
4 352.0 347.5
2 124.0 76.3
3 288.0 226.7
3 122.0 106.6
5 84.0 62.8
2 24.0 310.8
5 140.0 161.5
4 130.0 151.5
3 112.0 100.1
5 228.0 195.5
4 192.0 190.7
5 186.0 238.8
4 110.0 120.3
3 328.0 2.3
3 114.0 103.9
5 238.0 242.8
4 12.0 7.0
5 150.0 166.4
3 94.0 72.6
2 46.0 77.7
2 50.0 132.1
4 290.0 309.9
5 46.0 36.5
3 216.0 203.3
4 176.0 128.4
3 296.0 340.1
2 244.0 233.4
4 288.0 274.9
3 216.0 198.1
4 332.0 325.5
5 86.0 89.0
3 350.0 5.6
2 60.0 70.3
2 232.0 153.9
5 74.0 89.3
4 288.0 296.0
4 202.0 208.3
5 222.0 243.9
2 242.0 132.2
5 54.0 45.3
4 310.0 324.1
2 334.0 6.8
4 304.0 349.9
5 108.0 84.7
2 220.0 144.6
5 356.0 358.4
2 168.0 286.9
5 128.0 143.2
3 270.0 262.9
5 118.0 104.8
2 12.0 153.1
5 46.0 54.0
5 220.0 185.0
5 308.0 304.7
3 170.0 217.9
4 190.0 210.0
2 60.0 85.5
4 290.0 275.5
5 88.0 56.6
5 112.0 116.2
2 294.0 301.6
2 194.0 295.6
5 248.0 212.4
2 80.0 137.4
5 134.0 120.1
4 156.0 122.8
2 264.0 185.2
2 216.0 98.9
4 268.0 267.6
5 282.0 287.1
5 124.0 127.5
3 354.0 336.7
3 304.0 337.0
2 92.0 78.0
4 356.0 8.2
2 76.0 94.6
5 62.0 73.2
5 226.0 251.3
4 64.0 71.1
2 130.0 294.3
2 320.0 268.5
3 286.0 322.5
3 2.0 341.3
2 354.0 348.9
2 122.0 235.9
2 130.0 237.4
2 196.0 239.1
5 304.0 282.7
3 76.0 96.8
5 26.0 29.2
5 296.0 324.9
3 334.0 347.3
4 148.0 230.2
2 26.0 295.1
5 178.0 148.9
5 302.0 320.9
2 4.0 351.4
2 78.0 109.7
3 18.0 3.4
2 106.0 112.0
4 202.0 192.9
5 38.0 40.3
5 88.0 100.4
5 188.0 146.7
2 244.0 279.9
5 38.0 36.2
5 264.0 224.9
2 236.0 246.1
4 348.0 316.1
4 46.0 72.5
4 88.0 39.4
3 124.0 121.2
3 78.0 56.7
5 182.0 181.7
4 340.0 314.5
2 282.0 320.9
5 140.0 137.3
5 80.0 95.1
3 280.0 254.2
3 276.0 276.1
2 50.0 107.6
3 16.0 4.7
5 28.0 34.9
2 18.0 133.9
2 314.0 324.6
3 340.0 314.3
4 164.0 205.7
5 284.0 280.8
4 296.0 349.3
2 8.0 353.3
4 260.0 226.8
2 256.0 114.8
5 2.0 5.8
4 324.0 311.9
2 128.0 125.1
3 26.0 32.8
5 116.0 95.4
2 254.0 232.3
4 314.0 6.9
4 264.0 41.3
5 40.0 33.4
3 218.0 222.9
4 156.0 141.9
4 266.0 261.1
2 138.0 2.5
2 88.0 119.7
5 196.0 224.4
3 226.0 191.0
3 26.0 21.9
5 324.0 348.4
5 288.0 303.0
3 348.0 321.3
3 114.0 126.2
2 108.0 80.4
3 58.0 49.7
4 262.0 246.5
4 244.0 165.7
2 114.0 98.6
3 170.0 153.2
5 304.0 319.4
4 162.0 184.1
3 172.0 180.2
4 232.0 194.0
4 100.0 75.2
3 188.0 180.1
5 208.0 203.3
3 124.0 136.1
5 330.0 334.1
4 306.0 321.7
2 34.0 23.0
5 162.0 195.7
5 280.0 260.1
3 250.0 265.2
5 258.0 270.0
4 84.0 63.1
5 226.0 230.5
3 36.0 52.7
3 16.0 7.4
5 96.0 67.0
4 134.0 196.7
3 236.0 209.2
5 260.0 268.5
3 326.0 331.4
4 90.0 84.2
2 156.0 102.9
3 78.0 79.1
2 302.0 335.7
4 288.0 287.1
5 48.0 44.9
2 160.0 128.3
3 198.0 288.7
3 274.0 249.2
5 270.0 268.9
4 138.0 202.1
2 32.0 16.3
4 164.0 204.8
5 28.0 26.7
3 116.0 99.6
3 314.0 260.4
2 190.0 254.4
5 312.0 329.8
4 178.0 165.0
4 338.0 349.5
2 228.0 129.1
5 90.0 87.6
3 70.0 70.9
3 344.0 328.1
4 262.0 223.3
3 320.0 303.5
5 124.0 166.3
3 14.0 357.2
5 164.0 174.4
4 314.0 347.2
5 84.0 82.4
4 144.0 218.0
4 94.0 99.2
5 10.0 11.3
2 16.0 313.9
3 264.0 265.4
4 244.0 229.5
4 8.0 8.0
4 184.0 129.6
5 260.0 274.4
3 140.0 125.1
3 154.0 253.2
2 294.0 0.6
3 210.0 212.4
2 226.0 313.5
2 214.0 203.4
5 216.0 162.7
5 222.0 233.3
4 214.0 227.5
5 60.0 39.8
3 244.0 244.4
3 38.0 49.5
5 292.0 285.5
3 130.0 147.8
5 144.0 155.9
3 62.0 70.8
3 304.0 328.1
3 146.0 120.7
2 170.0 42.4
5 236.0 265.9
5 334.0 308.2
3 60.0 60.9
2 354.0 323.5
3 62.0 79.9
5 312.0 313.7
4 60.0 87.4
2 222.0 267.8
5 40.0 36.6
2 154.0 249.3
2 154.0 277.6
2 44.0 288.8
2 46.0 296.0
5 158.0 208.2
5 106.0 84.3
4 352.0 357.8
5 292.0 314.7
2 332.0 298.5
5 134.0 129.7
3 10.0 343.6
2 86.0 65.0
4 16.0 7.9
3 32.0 42.1
3 108.0 99.5
2 358.0 12.5
5 190.0 194.1
2 106.0 85.8
4 114.0 102.2
5 336.0 344.4
5 312.0 298.1
4 32.0 26.1
2 358.0 338.7
2 338.0 325.8
2 64.0 53.6
5 100.0 96.1
3 152.0 164.9
3 122.0 148.0
5 170.0 208.1
3 26.0 24.5
4 128.0 127.4
4 304.0 291.3
2 90.0 102.9
2 334.0 324.0
4 68.0 88.7
3 154.0 191.1
4 12.0 18.1
3 226.0 257.6
5 134.0 163.1
5 296.0 301.3
4 84.0 92.2
4 62.0 77.3
3 96.0 54.4
2 332.0 309.6
3 280.0 270.1
5 214.0 166.7
4 306.0 301.2
3 30.0 27.3
2 46.0 189.0
3 164.0 216.7
4 160.0 212.2
5 348.0 337.3
3 252.0 232.2
2 40.0 54.9
3 88.0 63.8
4 42.0 72.4
3 282.0 299.6
3 74.0 96.8
3 292.0 282.3
4 108.0 98.8
5 246.0 223.6
2 94.0 143.0
3 300.0 294.9
2 140.0 29.0
5 18.0 16.2
2 244.0 217.1
4 148.0 192.0
4 130.0 160.9
2 166.0 56.8
5 288.0 282.3
3 302.0 306.0
4 146.0 162.6
5 178.0 221.6
4 24.0 28.4
4 206.0 180.4
4 94.0 85.7
3 8.0 337.6
4 348.0 5.4
5 280.0 284.2
3 286.0 280.0
2 244.0 359.0
4 242.0 185.1
4 160.0 188.1
5 104.0 93.8
2 46.0 82.5
3 72.0 107.7
2 256.0 227.9
4 256.0 264.0
4 36.0 39.9
5 148.0 182.5
2 312.0 299.1
4 324.0 331.0
3 220.0 243.4
2 92.0 345.9
4 322.0 342.4
2 24.0 0.5
4 242.0 229.1
4 188.0 220.7
2 62.0 264.6
2 338.0 330.1
4 250.0 223.8
5 204.0 187.0
4 88.0 87.2
4 196.0 209.3
2 226.0 229.0
5 226.0 179.1
5 274.0 283.6
2 152.0 32.0
3 176.0 236.2
5 288.0 286.4
3 100.0 332.7
2 320.0 60.3
5 134.0 182.2
5 202.0 213.5
4 216.0 214.5
5 304.0 310.4
4 262.0 201.5
2 0.0 353.8
2 118.0 124.9
3 306.0 318.9
4 188.0 170.2
5 210.0 205.4
5 354.0 352.9
4 76.0 57.4
5 106.0 84.5
3 278.0 325.6
3 332.0 322.3
5 80.0 109.6
5 64.0 71.6
5 338.0 330.1
3 338.0 323.3
2 68.0 113.4
5 354.0 0.2
3 132.0 116.3
3 180.0 164.7
5 338.0 349.4
4 8.0 358.1
3 56.0 87.1
3 172.0 237.1
2 266.0 252.5
5 344.0 327.2
4 136.0 194.4
3 184.0 286.1
5 60.0 55.7
5 232.0 223.3
3 332.0 323.1
5 282.0 317.4
2 132.0 9.6
3 2.0 359.4
4 40.0 72.6
2 244.0 243.9
2 52.0 71.7
3 320.0 298.7
4 126.0 143.2
2 220.0 241.3
5 76.0 69.0
2 34.0 91.4
3 8.0 22.2
2 330.0 326.4
4 226.0 257.9
3 18.0 40.2
5 162.0 190.9
4 274.0 248.5
4 154.0 145.3
3 62.0 58.3
4 250.0 201.2
3 348.0 337.2
5 294.0 319.8
5 256.0 248.2
3 292.0 291.0
2 194.0 182.3
2 302.0 246.7
4 108.0 84.2
4 68.0 108.5
3 68.0 102.0
4 274.0 257.8
5 212.0 156.0
4 62.0 56.2
2 208.0 214.5
3 206.0 203.7
5 248.0 245.8
3 150.0 159.6
3 280.0 266.1
4 202.0 206.3
5 48.0 85.2
4 184.0 196.7
5 142.0 145.3
5 210.0 194.3
5 44.0 49.4
5 280.0 266.6
4 296.0 293.5
3 284.0 297.8
5 256.0 268.7
2 298.0 311.4
5 234.0 219.4
5 164.0 196.3
2 90.0 92.2
3 266.0 255.6
3 190.0 220.8
5 26.0 27.6
4 334.0 338.5
4 318.0 343.8
5 284.0 279.1
4 134.0 123.4
2 92.0 74.3
3 314.0 324.0
5 338.0 334.5
4 88.0 77.0
4 330.0 314.9
2 156.0 130.1
4 58.0 51.5
2 102.0 63.4
2 54.0 4.9
2 250.0 188.6
3 350.0 18.1
3 182.0 213.0
5 68.0 70.6
2 58.0 163.7
5 200.0 193.6
3 352.0 333.7
4 10.0 10.3
5 126.0 136.4
3 296.0 318.6
3 168.0 208.9
4 28.0 28.6
3 160.0 251.8
2 202.0 70.2
3 38.0 82.9
3 272.0 250.1
5 350.0 309.5
5 56.0 84.3
2 270.0 333.7
3 236.0 226.8
2 126.0 323.4
5 104.0 36.1
3 190.0 257.2
4 166.0 208.2
2 324.0 8.9
4 46.0 67.3
3 72.0 71.9
4 98.0 94.0
4 86.0 67.3
2 6.0 99.2
3 18.0 4.5
4 2.0 347.5
5 356.0 348.9
5 30.0 28.9
2 188.0 179.5
2 52.0 53.0
3 48.0 84.6
2 24.0 46.7
5 160.0 166.3
5 358.0 349.2
5 74.0 82.0
4 316.0 310.7
2 36.0 89.2
4 324.0 141.4
5 174.0 164.4
4 352.0 348.4
3 184.0 324.0
4 276.0 281.5
2 196.0 178.2
4 108.0 63.9
5 38.0 62.6
4 248.0 216.5
3 218.0 180.3
4 246.0 225.7
4 338.0 326.3
4 270.0 274.4
3 268.0 266.5
2 46.0 67.6
3 204.0 184.6
4 66.0 77.4
3 332.0 329.9
3 272.0 241.8
3 44.0 62.5
3 146.0 113.9
3 108.0 100.9
2 172.0 268.2
2 38.0 12.7
5 126.0 111.1
2 152.0 60.9
5 88.0 52.1
3 318.0 278.8
3 282.0 286.9
4 294.0 301.7
2 354.0 306.7
5 86.0 101.2
3 244.0 261.1
2 88.0 273.3
5 184.0 177.3
3 214.0 182.5
3 254.0 199.1
2 152.0 20.1
5 228.0 192.6
4 214.0 218.5
2 234.0 257.3
4 172.0 194.1
5 82.0 81.6
5 102.0 157.7
5 256.0 221.3
3 54.0 22.8
5 356.0 328.8
4 50.0 74.0
3 10.0 13.5
2 34.0 62.0
4 260.0 252.3
3 174.0 98.6
5 268.0 249.5
2 54.0 348.0
4 4.0 3.3
3 134.0 165.8
4 246.0 239.3
4 148.0 170.9
3 254.0 221.5
3 24.0 19.5
3 280.0 262.1
4 312.0 341.1
4 184.0 239.7
2 20.0 30.5
3 90.0 115.1
2 4.0 25.5
3 330.0 289.6
3 250.0 255.2
4 264.0 206.2
5 22.0 24.2
4 58.0 81.8
5 306.0 340.6
3 258.0 56.7
4 328.0 319.6
5 180.0 191.2
5 98.0 68.7
4 138.0 131.3
2 246.0 302.5
4 84.0 66.9
3 208.0 175.8
5 132.0 164.5
2 34.0 61.9
4 214.0 221.7
4 108.0 77.3
5 182.0 178.6
5 80.0 56.2
3 258.0 267.5
5 246.0 30.6
3 36.0 51.7
3 24.0 20.2
5 318.0 331.9
4 96.0 97.6
5 214.0 211.6
4 298.0 288.5
4 14.0 353.3
5 24.0 24.1
2 320.0 329.0
4 300.0 293.1
2 190.0 228.2
3 204.0 213.2
3 358.0 354.5
4 72.0 90.7
5 84.0 101.6
4 252.0 331.2
5 240.0 221.0
4 122.0 114.7
2 292.0 319.3
2 12.0 337.8
4 20.0 22.2
2 8.0 345.4
3 324.0 348.6
2 174.0 219.3
5 284.0 270.9
3 252.0 249.7
4 14.0 10.0
4 316.0 290.7
4 34.0 29.9
2 84.0 73.0
5 164.0 249.2
3 126.0 143.0
2 244.0 307.8
2 134.0 106.3
4 4.0 354.6
5 306.0 302.9
2 208.0 134.3
2 308.0 9.9
4 352.0 354.8
2 338.0 69.3
5 54.0 60.5
4 244.0 36.2
4 78.0 109.8
3 326.0 308.4
2 32.0 89.7
2 354.0 272.6
3 262.0 252.0
3 10.0 350.3
4 194.0 147.1
4 338.0 318.2
5 4.0 346.4
3 304.0 310.1
3 70.0 75.0
2 194.0 206.0
4 138.0 138.3
3 306.0 331.2
2 260.0 328.1
5 270.0 260.1
2 164.0 225.0
2 302.0 327.0
5 202.0 204.6
3 116.0 117.3
3 180.0 155.6
2 322.0 313.4
5 130.0 136.4
3 262.0 223.9
5 262.0 231.1
5 130.0 296.8
4 344.0 205.1
2 338.0 333.5
4 258.0 236.5
3 44.0 68.6
5 316.0 328.9
4 336.0 309.1
3 186.0 178.2
3 94.0 59.7
3 174.0 163.2
3 106.0 352.7
5 20.0 17.1
4 320.0 172.3
2 324.0 342.4
4 174.0 201.7
4 276.0 245.4
5 58.0 84.9
2 50.0 183.4
2 104.0 101.1
2 110.0 161.9
3 26.0 33.1
5 94.0 73.8
5 190.0 214.9
5 22.0 21.5
4 94.0 102.3
2 42.0 353.3
4 142.0 202.8
4 66.0 73.7
2 264.0 275.7
3 24.0 17.9
5 200.0 232.3
5 28.0 30.7
3 290.0 313.3
2 250.0 161.9
2 208.0 176.1
4 22.0 31.8
5 98.0 61.5
2 68.0 87.8
4 260.0 202.8
4 276.0 262.8
2 134.0 143.5
5 94.0 89.8
5 344.0 333.5
4 332.0 290.6
2 104.0 84.9
5 268.0 263.4
3 108.0 81.1
3 20.0 18.7
2 104.0 94.0
3 250.0 261.3
3 142.0 195.1
5 74.0 49.4
4 298.0 305.3
5 326.0 313.8
3 176.0 231.0
4 320.0 302.4
4 310.0 332.8
3 312.0 269.5
2 286.0 350.4
5 186.0 195.1
2 22.0 90.5
2 322.0 353.6
4 64.0 59.4
2 248.0 69.1
4 16.0 16.5
4 82.0 74.6
3 176.0 230.5
5 130.0 127.4
2 164.0 250.9
5 48.0 46.6
3 52.0 53.1
4 144.0 209.8
2 246.0 297.0
4 196.0 241.9
3 132.0 132.8
2 326.0 215.4
2 250.0 262.4
2 138.0 185.5
5 28.0 21.2
3 160.0 209.4
2 58.0 81.0
5 106.0 97.7
2 286.0 105.4
2 78.0 89.7
3 188.0 184.4
3 176.0 270.8
3 58.0 54.9
5 46.0 92.0
4 316.0 316.4
5 22.0 30.5
5 312.0 350.9
5 236.0 223.9
3 62.0 93.6
5 348.0 358.5
2 92.0 79.2
2 260.0 97.9
2 302.0 341.7
2 200.0 76.1
2 78.0 227.0
3 322.0 339.2
2 170.0 255.5
2 38.0 30.0
4 38.0 34.8
4 300.0 333.3
4 104.0 82.0
5 78.0 74.5
4 222.0 197.7
4 236.0 247.5
4 308.0 318.1
4 106.0 122.1
5 4.0 342.3
2 174.0 356.7
5 6.0 15.6
5 42.0 45.0
3 212.0 211.8
4 170.0 246.2
5 350.0 340.7
3 186.0 138.6
2 38.0 52.0
5 350.0 335.3
3 132.0 238.2
4 112.0 117.9
3 234.0 214.2
4 188.0 203.9
2 136.0 136.2
5 126.0 136.9
3 24.0 45.0
3 32.0 58.7
3 350.0 312.7
2 326.0 348.1
4 350.0 338.8
4 340.0 326.0
3 72.0 88.5
2 158.0 110.7
3 104.0 98.7
4 74.0 49.5
5 274.0 280.2
5 78.0 87.7
3 82.0 78.2
5 232.0 197.3
4 296.0 296.8
2 282.0 295.8
2 146.0 161.1
5 334.0 338.1
5 22.0 23.1
4 144.0 108.4
4 208.0 203.2
5 94.0 67.2
2 242.0 254.8
5 40.0 37.3
3 136.0 101.4
3 286.0 275.0
2 180.0 290.7
5 214.0 158.2
2 232.0 325.3
2 268.0 289.9
4 12.0 354.8
4 134.0 121.7
4 352.0 340.7
5 272.0 279.1
2 264.0 290.1
5 140.0 149.9
3 112.0 81.9
4 220.0 227.7
4 22.0 12.2
5 320.0 324.7
2 228.0 200.8
3 352.0 1.7
3 46.0 68.9
3 16.0 4.8
3 28.0 22.4
2 96.0 277.8
3 272.0 277.0
4 354.0 309.2
5 74.0 63.5
5 152.0 156.4
4 74.0 123.8
2 184.0 30.5
4 316.0 291.1
3 150.0 156.0
4 204.0 230.4
2 222.0 304.9
4 254.0 237.3
2 230.0 249.9
5 26.0 28.3
2 322.0 314.8
5 44.0 71.6
3 320.0 294.7
4 42.0 86.8
5 56.0 84.1
5 218.0 184.5
5 358.0 350.2
4 122.0 110.2
5 10.0 11.7
3 256.0 164.8
3 130.0 161.2
5 198.0 180.0
2 324.0 334.4
3 270.0 236.6
3 288.0 331.1
4 164.0 205.6
3 296.0 300.9
2 320.0 336.7
2 180.0 193.3
2 268.0 244.6
4 146.0 157.1
4 92.0 106.3
4 44.0 62.0
3 142.0 182.0
2 166.0 357.7
3 208.0 200.9
3 180.0 239.8
3 2.0 345.5
3 234.0 191.7
4 36.0 37.9
5 16.0 13.0
2 288.0 337.9
2 88.0 109.5
2 270.0 351.2
4 66.0 81.0
3 22.0 31.1
3 336.0 295.4
4 190.0 232.5
5 128.0 9.8
2 242.0 85.9
3 180.0 247.8
4 58.0 42.6
3 74.0 78.2
5 54.0 78.0
5 8.0 2.4
4 298.0 115.4
4 164.0 166.4
3 56.0 117.0
2 294.0 191.3
3 14.0 9.7
3 178.0 121.6
2 58.0 125.5
2 342.0 328.3
2 34.0 158.2
4 72.0 89.6
4 342.0 342.1
2 324.0 24.8
5 176.0 177.9
4 336.0 316.8
3 116.0 94.1
5 64.0 88.5
4 190.0 237.6
3 134.0 123.7
4 194.0 191.9
3 352.0 279.3
3 210.0 248.6
5 44.0 36.6
4 184.0 267.2
4 108.0 91.6
3 116.0 90.0
3 330.0 335.7
3 46.0 70.6
5 92.0 103.1
2 280.0 304.3
2 300.0 351.3
4 224.0 171.5
5 90.0 65.4
3 250.0 266.0
4 188.0 210.0
5 316.0 310.3
5 184.0 180.8
2 98.0 278.7
4 214.0 221.4
2 330.0 247.3
2 30.0 146.3
3 42.0 146.9
5 34.0 35.8
2 266.0 308.2
4 128.0 168.3
2 350.0 319.9
3 222.0 249.5
2 246.0 79.8
2 102.0 340.1
5 232.0 225.6
4 18.0 15.6
2 350.0 0.7
3 170.0 204.5
2 70.0 85.6
3 338.0 354.4
3 106.0 111.7
5 352.0 330.7
3 156.0 49.3
3 208.0 40.4
2 144.0 7.1
2 136.0 89.0
4 58.0 82.5
2 146.0 120.3
5 46.0 47.5
3 256.0 253.4
3 24.0 40.2
4 36.0 52.1
4 200.0 207.4
5 294.0 303.2
2 172.0 21.9
2 354.0 251.8
4 246.0 137.8
5 220.0 252.2
3 284.0 266.3
4 138.0 154.8
5 58.0 66.9
3 150.0 171.1
4 2.0 0.4
2 202.0 169.5
3 72.0 60.1
5 218.0 278.3
5 118.0 99.4
2 52.0 85.9
2 316.0 330.5
4 34.0 34.2
5 342.0 199.8
4 236.0 241.9
4 192.0 254.6
4 302.0 298.6
2 222.0 202.9
4 102.0 83.8
3 92.0 72.2
3 182.0 207.1
5 110.0 79.9
5 88.0 86.8
5 34.0 33.0
2 304.0 334.0
4 18.0 13.8
5 70.0 60.0
5 334.0 321.1
3 350.0 293.6
4 92.0 105.4
3 126.0 118.8
4 170.0 192.7
4 238.0 236.2
5 206.0 231.8
2 326.0 279.0
2 314.0 262.5
4 358.0 314.4
4 306.0 310.3
3 288.0 306.2
3 134.0 106.6
3 186.0 219.3
3 180.0 221.1
3 322.0 329.1
3 200.0 175.0
5 292.0 299.4
3 2.0 359.0
3 48.0 203.2
2 122.0 163.5
2 10.0 345.5
5 72.0 82.6
5 294.0 300.7
4 284.0 286.4
3 220.0 220.3
2 274.0 351.6
5 138.0 120.1
5 56.0 83.6
2 272.0 280.0
5 122.0 123.1
5 270.0 273.6
5 190.0 181.3
4 94.0 87.0
2 176.0 90.9
2 216.0 82.1
5 342.0 353.5
4 296.0 310.8
2 224.0 182.7
3 338.0 352.6
3 102.0 62.6
2 46.0 79.7
2 304.0 291.5
4 274.0 276.5
5 294.0 290.0
3 40.0 37.9
2 298.0 242.3
3 346.0 347.5
3 274.0 271.8
5 330.0 331.9
3 116.0 57.6
3 260.0 255.4
2 32.0 153.0
5 348.0 344.3
5 272.0 284.4
4 14.0 13.9
3 34.0 36.1
4 150.0 214.1
2 226.0 245.7
4 232.0 189.9
2 34.0 355.0
5 114.0 126.9
2 86.0 61.2
2 152.0 354.2
2 118.0 110.2
3 50.0 46.9
3 34.0 27.2
4 304.0 312.7
3 358.0 6.8
3 110.0 105.5
3 34.0 30.0
5 272.0 60.0
3 156.0 139.5
5 64.0 77.9
4 116.0 99.6
2 90.0 130.7
3 358.0 334.1
4 214.0 233.5
2 214.0 354.5
5 302.0 316.6
5 150.0 156.0
2 44.0 25.5
5 86.0 91.2
4 132.0 122.9
3 110.0 109.7
4 24.0 19.5
5 44.0 36.7
2 304.0 303.6
3 250.0 208.6
4 218.0 152.3
2 154.0 144.7
5 178.0 216.3
4 162.0 185.2
3 64.0 96.1
5 340.0 324.2
5 164.0 181.7
5 44.0 55.2
3 220.0 197.2
2 326.0 312.0
2 110.0 31.0
2 148.0 70.4
4 342.0 319.2
2 236.0 39.1
2 8.0 11.1
5 246.0 217.5
3 92.0 103.5
2 8.0 333.3
2 146.0 207.9
4 182.0 237.1
4 190.0 137.5
5 284.0 198.1
3 210.0 225.1
4 90.0 62.6
3 56.0 89.4
4 276.0 234.2
2 12.0 250.6
4 226.0 244.7
2 200.0 133.2
4 246.0 236.8
5 180.0 227.5
4 268.0 262.4
4 278.0 308.2
5 192.0 214.1
5 182.0 180.6
3 176.0 229.6
5 312.0 313.7
5 228.0 223.1
2 4.0 71.0
4 294.0 279.5
5 206.0 208.7
4 350.0 315.4
4 224.0 182.3
4 234.0 130.8
5 346.0 347.8
3 240.0 169.4
2 260.0 311.9
2 0.0 335.6
2 72.0 86.0
5 212.0 199.4
5 116.0 46.2
5 204.0 182.9
2 114.0 206.4
3 318.0 356.2
2 94.0 38.7
3 234.0 181.6
2 178.0 141.3
5 98.0 119.8
5 290.0 301.0
5 72.0 92.2
2 98.0 117.4
4 116.0 74.5
4 70.0 77.4
5 146.0 176.5
4 250.0 286.8
4 224.0 206.5
5 92.0 73.8
4 120.0 145.9
2 16.0 52.1
3 50.0 84.9
3 64.0 100.2
4 262.0 263.4
5 334.0 353.5
5 100.0 72.4
4 228.0 233.8
2 230.0 359.2
3 302.0 348.2
2 176.0 287.9
5 184.0 155.9
3 38.0 48.0
4 318.0 307.8
2 206.0 147.5
2 202.0 106.1
5 132.0 141.4
3 138.0 197.1
4 246.0 197.0
2 154.0 309.6
5 152.0 127.6
2 52.0 102.5
3 172.0 193.7
4 6.0 347.0
4 208.0 161.9
5 264.0 245.1
5 78.0 94.2
5 274.0 268.5
4 156.0 226.4
5 128.0 117.5
4 70.0 55.8
3 164.0 140.9
5 322.0 311.1
2 162.0 120.1
4 86.0 125.5
5 148.0 198.2
5 254.0 241.5
5 38.0 35.8
2 80.0 184.2
3 70.0 75.4
4 328.0 352.4
2 356.0 358.6
2 266.0 303.5
4 246.0 266.1
2 28.0 104.4
3 70.0 42.1
3 124.0 105.4
2 196.0 307.3
4 98.0 108.9
4 42.0 76.1
2 190.0 357.6
5 350.0 349.0
5 180.0 186.4
2 30.0 54.9
4 336.0 347.3
3 18.0 7.9
3 338.0 0.3
5 158.0 175.8
2 332.0 230.7
2 140.0 108.3
2 10.0 331.6
4 358.0 354.0
2 64.0 134.4
2 134.0 147.8
4 336.0 354.8
3 18.0 20.8
2 196.0 136.4
2 52.0 229.0
5 188.0 197.9
2 180.0 236.4
4 274.0 274.6
3 20.0 256.7
4 70.0 51.1
2 246.0 33.1
5 284.0 279.0
5 4.0 5.7
2 42.0 49.4
5 160.0 199.2
4 56.0 76.7
2 204.0 73.3
4 184.0 182.0
5 274.0 278.4
5 214.0 230.7
3 62.0 51.4
5 250.0 258.7
4 186.0 177.9
5 224.0 198.7
4 60.0 89.1
2 338.0 328.7
2 4.0 3.9
3 232.0 200.4
2 246.0 353.2
3 244.0 196.0
4 122.0 125.8
2 54.0 77.7
3 190.0 200.2
2 68.0 117.5
2 160.0 44.4
4 244.0 257.9
2 216.0 87.0
4 162.0 212.0
5 100.0 108.7
5 260.0 247.1
3 200.0 162.3
5 114.0 119.1
4 46.0 53.2
5 78.0 69.8
2 216.0 42.0
4 82.0 88.8
4 42.0 29.6
2 50.0 68.6
4 120.0 101.8
3 138.0 181.6
4 196.0 257.9
3 250.0 188.2
5 232.0 199.0
2 232.0 102.8
4 92.0 90.8
3 48.0 35.4
5 286.0 267.6
5 228.0 188.2
4 234.0 148.5
3 38.0 81.9
3 326.0 324.0
3 78.0 113.2
3 50.0 56.1
3 310.0 338.2
3 120.0 103.4
2 50.0 197.5
3 206.0 177.2
5 318.0 342.4
4 34.0 42.7
4 32.0 34.9
3 286.0 135.7
4 314.0 311.9
2 52.0 356.5
4 200.0 137.6
2 294.0 182.5
3 266.0 237.4
3 324.0 311.9
5 46.0 45.7
4 304.0 310.6
4 188.0 218.5
5 266.0 262.6
3 208.0 209.5
4 120.0 125.0
2 150.0 75.3
3 324.0 328.0
5 268.0 268.6
5 76.0 91.4
3 192.0 192.3
5 358.0 349.1
4 304.0 270.9
2 96.0 329.5
5 112.0 104.6
5 172.0 199.0
5 74.0 73.5
4 144.0 167.6
5 358.0 356.3
5 210.0 150.4
2 278.0 316.5
5 168.0 176.7
5 100.0 107.2
2 126.0 63.8
4 238.0 213.2
5 102.0 111.1
2 134.0 217.3
4 226.0 218.7
5 140.0 154.6
2 282.0 229.6
5 260.0 273.2
4 144.0 152.3
5 38.0 45.9
4 98.0 68.3
4 282.0 270.1
2 162.0 306.4
5 96.0 116.1
4 312.0 333.3
4 154.0 151.7
5 334.0 347.4
5 168.0 165.3
4 120.0 110.8
3 332.0 331.2
2 350.0 313.6
5 136.0 140.1
5 88.0 73.8
5 102.0 64.4
5 180.0 212.2
4 282.0 293.8
4 78.0 69.7
3 252.0 225.0
4 12.0 348.7
5 248.0 202.2
5 196.0 184.5
3 280.0 324.6
2 350.0 343.6
3 336.0 313.0
4 276.0 266.6
5 284.0 298.6
4 218.0 196.4
3 96.0 81.3
4 354.0 332.4
3 128.0 161.1
5 110.0 111.1
4 250.0 232.7
3 154.0 201.7
4 262.0 217.0
2 164.0 285.3
2 354.0 3.6
5 140.0 175.6
2 106.0 132.9
2 32.0 35.0
2 4.0 333.2
3 248.0 206.5
5 68.0 79.8
2 16.0 335.9
4 218.0 205.0
4 304.0 332.2
4 294.0 326.5
5 76.0 70.1
4 290.0 303.4
3 56.0 61.9
2 98.0 206.8
5 304.0 315.5
3 270.0 269.3
5 70.0 73.2
3 194.0 186.2
5 114.0 113.1
2 280.0 38.1
4 68.0 64.9
5 264.0 262.0
5 212.0 207.6
4 230.0 159.1
4 200.0 173.0
3 224.0 212.3
3 72.0 59.9
5 302.0 292.0
2 204.0 152.0
5 68.0 57.4
5 88.0 101.9
4 62.0 70.4
2 214.0 226.6
2 266.0 95.7
5 294.0 320.3
2 164.0 119.0
5 140.0 137.3
5 20.0 12.3
3 88.0 78.7
5 320.0 327.1
3 204.0 226.1
3 132.0 154.9
4 126.0 120.7
4 180.0 210.1
4 30.0 27.7
5 68.0 80.6
4 290.0 290.1
4 234.0 195.3
4 30.0 28.1
3 148.0 119.7
4 2.0 7.0
2 94.0 118.0
4 66.0 69.3
5 266.0 254.7
4 234.0 251.5
4 108.0 81.5
3 70.0 114.4
3 320.0 331.7
2 232.0 116.7
3 348.0 326.7
2 50.0 37.9
2 160.0 207.4
2 206.0 167.8
2 196.0 225.8
5 114.0 115.3
4 70.0 69.3
4 294.0 343.5
2 308.0 222.5
5 80.0 77.7
2 122.0 108.5
4 24.0 22.9
4 304.0 318.2
5 264.0 271.1
3 132.0 167.0
5 40.0 37.3
4 230.0 239.4
5 242.0 150.8
2 342.0 359.8
4 344.0 325.5
2 232.0 226.9
4 212.0 192.3
5 212.0 215.9
3 286.0 321.2
3 316.0 310.5
3 58.0 68.5
3 356.0 291.5
2 294.0 338.0
5 116.0 218.7
4 104.0 125.1
2 256.0 105.9
3 280.0 308.8
5 356.0 345.2
2 238.0 86.2
4 310.0 312.5
5 154.0 165.7
4 192.0 226.4
3 22.0 15.6
3 242.0 251.9
5 312.0 285.5
2 192.0 72.4
3 158.0 182.8
3 284.0 303.4
4 144.0 143.4
2 142.0 99.0
2 110.0 252.5
2 288.0 273.8
3 66.0 93.9
4 188.0 187.4
3 262.0 291.2
3 260.0 271.0
5 286.0 313.8
2 248.0 322.2
3 82.0 85.5
2 90.0 46.6
2 56.0 131.0
3 246.0 182.2
5 240.0 208.7
3 288.0 322.6
4 146.0 211.8
2 352.0 272.3
3 200.0 160.0
5 34.0 57.2
5 234.0 240.9
2 268.0 301.3
3 132.0 188.6
4 62.0 76.6
3 286.0 277.8
5 134.0 185.2
3 196.0 232.5
3 0.0 10.6
4 176.0 254.7
5 322.0 318.8
2 336.0 336.6
5 116.0 84.2
3 36.0 9.1
4 260.0 261.3
2 212.0 281.6
5 262.0 237.6
5 12.0 13.5
2 106.0 355.0
2 154.0 140.7
3 80.0 102.0
2 332.0 232.7
3 78.0 85.9
5 178.0 154.1
2 124.0 84.0
4 318.0 321.3
5 292.0 290.6
4 192.0 202.3
4 32.0 46.8
4 302.0 300.2
4 14.0 4.1
4 206.0 129.5
3 240.0 195.7
3 314.0 336.3
5 92.0 94.8
5 126.0 114.5
3 186.0 178.9
2 212.0 170.4
3 190.0 189.1
5 120.0 112.5
2 70.0 18.2
2 294.0 346.5
5 284.0 302.0
5 138.0 139.1
2 60.0 58.2
2 328.0 326.5
5 48.0 81.1
5 150.0 149.0
3 70.0 58.1
3 206.0 206.6
3 12.0 14.0
3 60.0 37.2
4 306.0 289.8
4 262.0 251.2
2 156.0 100.4
3 258.0 265.9
4 28.0 28.3
2 122.0 53.9
4 226.0 240.6
5 246.0 276.8
3 14.0 19.1
5 296.0 318.9
2 184.0 143.7
3 358.0 329.6
2 112.0 75.5
3 54.0 59.4
4 156.0 210.4
2 188.0 93.3
2 98.0 119.6
5 314.0 326.1
2 250.0 212.7
5 64.0 57.8
2 314.0 322.8
3 258.0 255.3
3 294.0 295.4
5 318.0 335.1
2 52.0 77.9
4 324.0 316.3
2 134.0 98.9
4 26.0 129.4
5 290.0 331.6
3 310.0 335.7
5 206.0 175.0
2 12.0 19.0
3 122.0 109.1
2 22.0 41.5
5 206.0 161.0
2 32.0 2.7
3 142.0 175.6
3 226.0 244.1
3 246.0 109.0
2 230.0 205.7
4 18.0 25.2
4 298.0 317.7
5 118.0 102.1
2 152.0 208.9
5 260.0 209.6
2 246.0 224.6
2 168.0 270.4
4 256.0 242.3
2 98.0 48.0
4 138.0 164.9
5 346.0 334.9
5 70.0 81.9
3 214.0 193.3
5 244.0 134.3
3 100.0 80.5
5 216.0 204.1
4 308.0 271.8
2 144.0 212.9
4 44.0 60.4
4 328.0 308.8
2 40.0 118.6
2 138.0 360.0
5 72.0 70.5
3 322.0 267.9
3 204.0 149.3
2 96.0 212.7
4 186.0 224.2
2 66.0 88.7
5 156.0 179.5
5 210.0 222.7
2 282.0 44.0
4 32.0 49.0
4 204.0 185.4
3 352.0 3.2
4 26.0 31.1
4 348.0 334.9
2 26.0 248.4
2 30.0 345.2
4 182.0 231.6
3 144.0 143.1
5 104.0 71.2
4 266.0 268.4
5 356.0 348.9
2 216.0 139.2
3 74.0 65.7
5 158.0 207.0
2 46.0 100.8
2 358.0 317.8
5 280.0 287.3
4 268.0 259.4
4 36.0 35.1
3 156.0 148.0
3 192.0 166.3
3 186.0 157.5
4 332.0 338.2
2 94.0 69.3
2 302.0 294.8
2 108.0 110.9
5 78.0 67.0
4 36.0 48.6
3 266.0 264.7
3 196.0 275.2
2 236.0 227.0
3 260.0 182.5
2 134.0 177.3
4 132.0 105.4
2 178.0 234.6
5 288.0 293.4
2 314.0 308.0
4 350.0 335.8
5 350.0 353.1
4 8.0 2.5
4 314.0 307.5
5 296.0 283.3
2 158.0 223.5
2 290.0 344.4
5 346.0 182.2
5 66.0 49.1
2 282.0 307.5
5 330.0 347.3
4 216.0 216.9
3 276.0 264.3
3 342.0 341.5
4 262.0 239.7
4 328.0 314.9
4 208.0 190.0
2 342.0 8.2
4 2.0 351.3
2 116.0 185.6
4 90.0 83.4
3 170.0 208.9
4 162.0 200.7
3 260.0 276.3
4 138.0 154.4
2 156.0 256.5
2 60.0 115.8
2 222.0 124.6
2 256.0 286.0
4 290.0 274.9
3 50.0 64.5
3 86.0 102.0
5 144.0 174.9
4 280.0 269.1
3 268.0 295.3
2 112.0 79.9
3 106.0 163.2
5 80.0 63.1
2 120.0 105.4
4 54.0 79.2
3 292.0 297.6
2 348.0 338.2
4 152.0 215.3
3 162.0 230.3
4 244.0 193.8
3 304.0 301.3
3 182.0 219.8
3 22.0 26.4
3 196.0 163.5
2 282.0 277.4
4 136.0 120.9
3 80.0 73.7
3 210.0 226.8
3 236.0 223.7
4 278.0 310.5
5 314.0 301.9
3 268.0 250.3
4 46.0 85.4
4 190.0 228.5
5 272.0 273.2
3 278.0 267.6
5 276.0 277.7
4 340.0 306.6
5 156.0 216.4
5 36.0 31.9
2 244.0 203.8
2 344.0 22.7
3 158.0 197.2
2 74.0 121.4
3 312.0 331.0
3 306.0 343.7
2 182.0 324.5
4 54.0 64.5
2 222.0 137.0
5 252.0 186.6
2 322.0 352.3
4 296.0 301.9
4 78.0 59.6
2 208.0 331.0
4 66.0 60.2
4 196.0 195.2
4 202.0 152.3
4 32.0 50.2
2 110.0 207.2
5 306.0 313.8
3 324.0 324.8
3 92.0 96.7
2 28.0 113.3
4 142.0 232.9
2 52.0 215.0
3 328.0 320.1
3 206.0 273.5
3 98.0 36.2
3 240.0 228.7
3 278.0 307.7
3 18.0 253.7
5 128.0 142.0
4 164.0 175.2
4 332.0 333.9
5 236.0 168.5
3 120.0 91.5
2 222.0 205.2
3 50.0 38.1
4 254.0 203.9
3 298.0 327.4
5 262.0 156.8
5 330.0 332.0
2 44.0 293.7
2 12.0 20.6
2 112.0 25.7
5 68.0 81.4
2 142.0 74.7
3 338.0 336.3
3 352.0 359.2
3 0.0 19.8
5 308.0 312.9
3 250.0 238.7
3 184.0 161.9
3 134.0 272.0
4 286.0 270.6
3 108.0 84.2
5 200.0 163.8
4 344.0 122.2
3 310.0 329.0
5 280.0 289.2
5 244.0 167.4
5 336.0 321.1
5 102.0 82.1
2 16.0 110.4
3 190.0 210.7
5 68.0 76.4
2 292.0 260.1
3 10.0 355.9
5 288.0 309.9
3 278.0 269.2
3 108.0 93.2
5 196.0 203.1
4 122.0 104.9
4 76.0 55.9
4 288.0 287.2
3 60.0 44.3
4 244.0 233.9
5 290.0 276.5
5 302.0 351.0
5 312.0 331.0
2 20.0 358.0
2 42.0 23.3
3 228.0 163.9
5 6.0 9.0
4 46.0 76.4
2 82.0 156.3
4 56.0 97.9
5 292.0 296.4
4 114.0 101.5
4 348.0 348.8
4 144.0 207.1
2 356.0 257.3
4 210.0 171.9
2 162.0 112.7
5 316.0 316.7
5 332.0 330.4
3 240.0 132.2
5 214.0 156.1
3 58.0 277.9
4 106.0 75.8
5 346.0 355.0
2 306.0 329.8
3 326.0 332.8
5 354.0 315.3
2 198.0 325.5
3 2.0 323.7
5 260.0 258.8
4 156.0 191.0
3 172.0 141.7
2 0.0 359.1
3 354.0 333.0
2 152.0 213.1
4 136.0 127.1
4 262.0 253.2
3 258.0 177.8
4 298.0 324.9
3 170.0 107.1
3 158.0 114.9
2 4.0 334.2
2 238.0 21.5
3 42.0 44.5
5 166.0 158.4
4 114.0 109.9
4 10.0 11.7
4 300.0 312.6
2 184.0 79.6
2 344.0 13.2
5 66.0 104.2
2 106.0 92.5
5 318.0 328.6
5 138.0 157.5
3 88.0 61.8
2 174.0 227.2
5 234.0 250.6
5 26.0 32.5
3 358.0 2.4
2 202.0 146.1
2 356.0 330.5
2 292.0 322.3
2 242.0 276.6
5 140.0 166.9
3 82.0 95.8
2 122.0 83.9
3 14.0 14.1
2 190.0 218.8
5 138.0 191.2
2 278.0 273.7
3 118.0 79.4
3 356.0 350.0
3 166.0 200.1
2 240.0 206.2
3 306.0 306.4
2 248.0 306.1
2 86.0 151.1
5 168.0 191.3
5 254.0 230.4
5 108.0 125.2
5 256.0 202.6
4 198.0 230.8
5 304.0 298.9
2 236.0 231.2
4 104.0 104.5
5 64.0 69.6
3 270.0 269.6
3 310.0 325.1
4 312.0 310.9
3 188.0 169.7
5 272.0 104.1
3 296.0 327.3
5 60.0 84.0
5 340.0 295.1
5 34.0 42.2
2 242.0 295.9
5 28.0 26.4
2 282.0 264.3
4 260.0 264.7
4 224.0 169.5
2 294.0 327.9
4 132.0 144.2
4 22.0 28.1
2 78.0 50.1
4 80.0 69.2
3 230.0 221.8
5 174.0 195.1
5 334.0 313.7
3 328.0 315.8
4 74.0 104.1
4 322.0 353.2
4 170.0 129.0
4 88.0 106.3
2 60.0 153.9
3 248.0 272.0
4 290.0 274.0
2 300.0 6.6
4 290.0 266.9
4 344.0 343.4
3 236.0 239.0
4 212.0 192.6
4 274.0 263.1
4 212.0 192.9
5 80.0 103.2
3 40.0 234.9
3 164.0 242.5
2 132.0 150.8
5 60.0 84.4
3 338.0 315.6
4 192.0 227.0
5 298.0 292.3
5 62.0 99.8
4 228.0 233.0
3 196.0 226.1
2 318.0 275.8
4 68.0 67.0
3 152.0 121.8
3 68.0 60.5
5 128.0 147.9
3 78.0 71.7
5 338.0 337.4
2 82.0 127.4
2 256.0 311.2
2 140.0 186.4
4 244.0 196.3
4 54.0 53.6
4 10.0 347.8
4 290.0 297.6
4 24.0 24.5
4 316.0 293.6
5 188.0 181.3
3 296.0 267.1
3 132.0 110.9
4 302.0 320.5
2 38.0 44.2
5 32.0 40.5
2 196.0 234.5
4 120.0 102.9
2 232.0 137.2
3 248.0 257.9
4 18.0 16.8
4 168.0 126.1
5 84.0 89.4
2 14.0 35.8
2 356.0 273.5
3 340.0 310.2
5 188.0 246.3
5 212.0 161.7
3 244.0 175.7
4 22.0 22.4
4 356.0 342.0
2 114.0 301.1
5 340.0 356.4
5 20.0 19.6
3 70.0 54.3
5 318.0 288.3
5 192.0 238.1
3 180.0 163.5
2 72.0 18.4
5 306.0 311.6
2 260.0 231.5
4 114.0 81.7
5 138.0 152.7
4 254.0 237.2
3 228.0 213.9
5 332.0 287.5
2 54.0 124.1
5 114.0 98.5
3 306.0 314.5
5 10.0 9.1
2 328.0 312.3
4 104.0 97.8
3 156.0 100.1
5 344.0 334.7
4 28.0 26.2
5 166.0 230.6
2 46.0 25.8
5 128.0 126.4
3 114.0 102.0
3 118.0 107.8
3 130.0 110.4
4 258.0 229.2
2 114.0 148.0
4 30.0 28.9
2 108.0 91.0
5 280.0 270.3
2 88.0 42.1
5 188.0 162.7
4 228.0 180.8
5 14.0 15.8
3 358.0 0.2
5 294.0 298.8
3 262.0 272.2
5 70.0 97.2
3 78.0 93.5
4 352.0 359.5
4 356.0 356.1
4 346.0 337.6
3 60.0 78.9
2 188.0 55.1
3 204.0 173.4
4 156.0 170.0
5 342.0 347.1
3 160.0 139.2
3 354.0 314.4
4 188.0 222.2
5 286.0 332.0
4 218.0 221.9
2 244.0 231.8
2 268.0 287.9
4 296.0 298.5
4 34.0 54.6
5 36.0 42.7
3 296.0 299.1
3 2.0 329.4
2 240.0 102.4
2 340.0 343.6
3 348.0 351.3
4 222.0 189.2
4 154.0 135.7
3 198.0 195.6
3 168.0 167.0
5 272.0 283.0
5 10.0 8.2
3 358.0 317.0
4 170.0 153.4
2 304.0 12.1
2 278.0 348.7
5 96.0 98.3
2 162.0 73.5
2 250.0 282.8
2 126.0 116.3
5 214.0 217.0
3 64.0 93.0
3 68.0 112.0
2 158.0 202.6
4 258.0 215.1
2 298.0 63.5
3 202.0 244.5
4 220.0 199.1
2 160.0 88.4
3 174.0 145.8
5 64.0 73.8
5 4.0 358.9
2 48.0 85.2
4 210.0 139.5
2 318.0 346.3
2 144.0 258.0
5 50.0 76.8
3 252.0 263.4
3 228.0 190.0
5 222.0 230.4
2 60.0 46.1
5 286.0 299.9
4 90.0 83.9
5 112.0 99.3
4 142.0 118.2
4 98.0 78.6
5 52.0 72.1
5 130.0 127.5
3 46.0 40.3
3 332.0 337.6
5 232.0 212.0
4 42.0 49.0
3 234.0 266.8
2 270.0 189.9
3 86.0 94.4
4 138.0 149.3
2 76.0 27.6
2 162.0 97.8
2 14.0 265.5
2 180.0 333.9
2 170.0 150.0
5 314.0 336.8
4 144.0 130.9
5 358.0 330.8
3 192.0 162.8
2 6.0 278.6
4 28.0 23.3
5 282.0 284.8
2 74.0 88.8
2 256.0 254.0
2 254.0 286.3
4 88.0 91.1
3 90.0 59.4
5 196.0 172.1
3 264.0 267.9
2 358.0 61.2
4 114.0 120.6
4 298.0 317.3
5 316.0 330.8
2 72.0 12.7
3 190.0 252.5
2 294.0 186.3
3 60.0 65.0
5 268.0 264.7
5 60.0 93.9
2 270.0 337.6
3 132.0 137.1
4 238.0 193.2
2 64.0 77.3
4 72.0 56.1
5 238.0 211.2
5 214.0 224.4
3 138.0 198.1
5 124.0 116.1
4 154.0 158.4
3 294.0 292.9
2 338.0 226.1
5 64.0 74.0
3 224.0 259.1
4 240.0 200.8
4 194.0 156.1
3 266.0 262.0
3 24.0 21.8
4 212.0 224.2
5 256.0 220.6
2 48.0 110.3
2 260.0 236.0
2 4.0 336.5
4 332.0 310.6
3 242.0 238.9
2 98.0 101.3
3 196.0 262.2
5 218.0 143.6
2 70.0 54.6
3 86.0 105.5
2 262.0 165.5
2 40.0 48.5
3 314.0 329.5
2 92.0 150.1
2 6.0 332.6
5 210.0 57.2
2 358.0 9.1
4 78.0 51.4
5 162.0 219.4
5 10.0 10.8
3 170.0 167.7
3 40.0 46.1
2 206.0 241.8
2 4.0 318.6
3 246.0 211.9
5 204.0 210.5
3 314.0 318.3
4 242.0 233.2
2 340.0 318.6
5 356.0 350.5
2 58.0 231.1
3 144.0 231.9
2 342.0 289.3
4 102.0 71.9
4 92.0 95.6
2 228.0 109.1
3 126.0 115.1
3 270.0 272.2
2 284.0 304.6
4 84.0 94.5
3 296.0 260.1
5 110.0 109.3
3 112.0 97.2
4 216.0 254.4
4 280.0 220.5
2 92.0 38.9
4 68.0 79.8
3 130.0 164.2
4 266.0 254.2
5 58.0 63.8
3 12.0 3.6
4 170.0 227.6
2 186.0 153.5
3 66.0 69.0
4 310.0 302.0
5 52.0 69.1
2 350.0 286.9
4 268.0 277.1
5 170.0 153.7
5 22.0 18.2
3 2.0 321.5
2 248.0 125.7
3 326.0 260.5
2 162.0 311.6
5 102.0 76.7
2 192.0 241.0
4 12.0 358.3
4 174.0 237.5
5 54.0 68.6
3 310.0 317.8
2 250.0 316.0
4 256.0 270.7
4 104.0 112.2
4 302.0 336.9
5 142.0 172.5
3 138.0 160.3
3 222.0 205.2
3 66.0 67.0
3 132.0 99.8
3 6.0 333.0
5 62.0 74.7
4 292.0 279.4
4 268.0 252.4
4 26.0 28.7
3 150.0 165.9
3 86.0 72.3
4 220.0 261.1
4 230.0 162.4
5 234.0 195.2
2 68.0 67.7
2 288.0 356.9
2 198.0 150.3
3 154.0 200.8
4 226.0 213.4
3 92.0 241.7
5 124.0 144.6
2 70.0 66.5
2 252.0 183.6
4 202.0 164.1
2 118.0 99.0
3 26.0 18.7
4 150.0 121.0
2 222.0 175.4
4 122.0 108.1
3 258.0 271.6
5 52.0 50.8
2 220.0 186.0
4 332.0 321.1
3 312.0 329.7
5 156.0 211.6
3 120.0 204.5
4 114.0 99.1
2 306.0 150.8
2 94.0 78.1
3 46.0 50.1
3 342.0 339.9
2 62.0 196.3
2 258.0 275.3
2 12.0 180.1
2 64.0 89.4
2 102.0 56.9
5 98.0 67.5
3 276.0 263.1
3 174.0 227.1
3 74.0 65.0
3 90.0 70.7
4 54.0 55.9
4 180.0 232.3
2 32.0 84.9
5 318.0 303.7
4 274.0 256.5
4 310.0 317.7
2 28.0 348.8
2 88.0 61.4
5 334.0 334.9
5 104.0 112.6
2 258.0 263.4
3 236.0 260.3
2 182.0 38.9
2 328.0 357.4
4 78.0 91.1
3 80.0 66.9
2 222.0 304.6
3 310.0 277.2
4 352.0 334.7
3 30.0 119.2
2 84.0 63.2
3 354.0 5.6
5 358.0 356.4
5 144.0 173.4
4 216.0 131.5
4 286.0 317.5
4 104.0 98.2
4 134.0 144.7
5 192.0 192.4
2 192.0 128.0
5 222.0 250.0
3 10.0 354.1
4 34.0 40.6
4 244.0 215.3
3 28.0 44.3
5 178.0 211.0
4 330.0 310.1
3 262.0 250.8
4 180.0 189.1
5 348.0 353.5
3 26.0 181.1
5 98.0 93.8
4 24.0 21.6
4 124.0 119.7
5 90.0 115.0
4 238.0 179.2
2 14.0 29.4
4 356.0 352.7
3 324.0 242.0
4 292.0 327.4
2 254.0 244.4
2 132.0 253.8
2 230.0 252.7
2 136.0 120.7
3 264.0 257.7
5 22.0 18.9
2 120.0 101.8
2 266.0 247.4
3 328.0 318.5
3 188.0 230.9
2 150.0 141.4
3 102.0 81.9
3 62.0 82.7
3 294.0 119.3
3 110.0 124.1
3 162.0 210.4
4 264.0 241.9
2 36.0 4.8
5 86.0 83.5
3 56.0 29.7
4 136.0 169.3
5 254.0 265.5
4 344.0 320.9
4 58.0 51.5
3 336.0 262.4
5 230.0 230.2
5 164.0 201.7
3 260.0 277.1
3 314.0 325.8
5 16.0 16.4
5 108.0 87.0
3 228.0 261.9
5 334.0 336.9
3 294.0 297.8
3 154.0 187.9
3 188.0 115.6
3 220.0 257.5
2 276.0 244.6
4 320.0 325.2
3 164.0 224.8
5 104.0 111.2
4 312.0 305.1
5 74.0 113.2
4 212.0 181.4
2 112.0 133.4
5 126.0 136.3
2 84.0 54.7
3 324.0 325.6
5 54.0 73.6
5 330.0 335.5
4 232.0 205.2
3 302.0 324.0
3 138.0 199.9
5 330.0 333.6
5 42.0 43.5
4 228.0 233.7
5 326.0 310.2
3 308.0 281.8
5 282.0 280.3
5 128.0 121.8
5 56.0 78.4
2 330.0 83.2
3 204.0 221.7
2 222.0 159.5
4 24.0 31.9
4 24.0 53.8
2 154.0 309.3
2 50.0 34.5
4 94.0 71.9
4 130.0 111.1
2 290.0 344.0
2 106.0 104.1
2 88.0 272.2
5 212.0 137.7
2 130.0 220.2
3 244.0 223.4
5 328.0 309.7
3 6.0 351.5
4 44.0 78.5
2 58.0 48.1
2 42.0 49.3
2 58.0 35.5
3 210.0 204.6
2 148.0 14.4
4 134.0 152.1
5 224.0 183.1
3 134.0 165.0
3 140.0 196.2
4 226.0 231.7
2 176.0 103.6
2 84.0 183.6
2 40.0 77.2
4 74.0 99.7
4 316.0 336.4
5 214.0 213.9
5 260.0 226.3
5 174.0 189.3
5 210.0 186.8
2 160.0 124.2
3 268.0 280.7
4 204.0 190.8
4 182.0 207.0
5 4.0 6.6
3 188.0 182.5
5 164.0 213.3
2 246.0 296.6
4 310.0 331.3
4 34.0 39.4
5 16.0 356.1
3 318.0 335.5
5 42.0 67.9
4 278.0 291.8
2 164.0 275.0
3 54.0 58.1
2 204.0 11.7
3 356.0 338.6
3 142.0 122.1
2 2.0 40.1
3 270.0 284.5
2 332.0 333.8
3 70.0 59.7
3 136.0 92.6
2 352.0 351.3
3 86.0 94.8
2 296.0 264.8
4 350.0 346.2
3 278.0 284.6
4 60.0 59.2
2 328.0 241.5
3 68.0 54.7
3 18.0 26.0
4 110.0 112.9
4 258.0 263.2
5 274.0 283.8
2 278.0 246.7
4 356.0 351.7
2 154.0 225.7
3 26.0 22.9
5 288.0 282.6
4 324.0 107.1
3 10.0 14.0
3 60.0 94.2
5 112.0 90.3
2 34.0 77.4
2 190.0 292.1
5 18.0 23.6
2 220.0 151.2
3 172.0 213.0
5 344.0 354.4
3 34.0 54.3
4 242.0 243.9
5 358.0 17.1
5 154.0 205.3
5 266.0 257.6
2 48.0 320.6
4 332.0 323.7
2 130.0 99.4
3 300.0 271.6
4 204.0 161.7
3 238.0 235.7
5 146.0 176.2
2 260.0 158.3
4 198.0 159.8
4 256.0 220.2
2 18.0 8.4
5 322.0 325.4
3 322.0 310.1
4 154.0 206.0
2 210.0 117.5
4 294.0 329.4
2 214.0 105.0
5 184.0 169.2
4 208.0 130.8
3 72.0 56.2
2 320.0 325.2
3 356.0 333.7
2 32.0 37.4
4 254.0 199.9
3 6.0 354.0
3 68.0 149.4
4 164.0 154.3
5 114.0 106.3
5 154.0 227.4
2 156.0 193.2
3 34.0 27.1
4 268.0 224.7
2 256.0 29.8
4 144.0 152.5
5 42.0 47.3
5 314.0 340.3
2 246.0 315.8
2 2.0 174.0
2 84.0 72.3
2 308.0 357.4
4 194.0 182.8
4 194.0 249.2
2 104.0 209.4
3 250.0 257.5
3 216.0 221.8
4 316.0 319.9
5 86.0 76.5
3 348.0 340.6
3 154.0 204.3
2 302.0 264.0
5 214.0 186.5
2 336.0 25.8
4 66.0 38.3
5 180.0 183.7
5 358.0 333.8
3 88.0 73.6
2 124.0 116.7
4 178.0 258.7
5 42.0 30.7
5 186.0 204.3
2 330.0 302.2
4 338.0 352.1
3 38.0 43.2
2 314.0 247.6
3 128.0 153.9
4 280.0 290.0
2 332.0 306.8
2 64.0 87.3
4 328.0 313.8
5 218.0 176.7
5 348.0 332.4
5 352.0 351.2
5 358.0 354.2
4 66.0 56.9
3 190.0 244.0
4 244.0 231.2
3 196.0 132.4
3 128.0 179.4
2 166.0 237.2
3 202.0 211.9
2 222.0 305.3
3 60.0 75.9
3 156.0 192.8
2 186.0 135.1
2 218.0 96.5
4 338.0 344.4
3 200.0 192.2
3 340.0 10.2
2 168.0 344.4
5 198.0 186.1
2 128.0 169.1
5 250.0 259.1
5 244.0 240.2
5 306.0 294.3
5 244.0 220.5
4 288.0 302.7
4 144.0 160.7
3 36.0 39.3
2 24.0 10.4
3 168.0 253.8
5 176.0 196.8
3 310.0 297.9
2 298.0 334.1
4 212.0 176.6
3 108.0 90.5
5 330.0 299.2
2 116.0 200.2
5 310.0 312.0
4 334.0 341.4
5 32.0 38.7
4 358.0 4.4
4 114.0 133.7
5 258.0 209.4
3 144.0 208.3
4 208.0 195.2
2 358.0 345.7
2 328.0 305.9
5 330.0 327.3
2 174.0 286.6
2 118.0 276.8
3 334.0 305.8
4 144.0 177.1
4 124.0 147.4
2 176.0 270.9
5 144.0 179.6
3 210.0 174.2
4 298.0 289.7
2 96.0 74.2
5 276.0 264.9
2 12.0 22.6
3 220.0 184.4
2 10.0 104.2
2 124.0 136.8
3 48.0 46.9
2 120.0 197.2
5 74.0 85.5
2 160.0 278.4
3 194.0 133.0
4 4.0 270.7
4 66.0 83.5
5 256.0 264.1
5 58.0 84.6
4 288.0 286.2
4 234.0 333.2
2 56.0 74.0
5 280.0 283.3
4 276.0 302.0
4 144.0 157.5
5 26.0 31.8
5 288.0 295.1
5 32.0 28.8
4 164.0 206.2
3 104.0 129.1
3 278.0 294.8
4 182.0 197.3
2 202.0 55.4
4 206.0 230.7
2 204.0 303.7
2 182.0 53.5
2 98.0 36.0
4 186.0 257.9
2 76.0 63.6
2 4.0 90.8
2 154.0 167.7
4 202.0 173.4
4 238.0 180.1
5 288.0 284.2
5 114.0 123.8
4 62.0 69.2
5 28.0 23.4
2 316.0 334.7
4 36.0 42.2
2 96.0 100.8
4 114.0 90.4
5 190.0 183.5
5 110.0 73.9
2 80.0 112.6
5 34.0 29.0
2 0.0 41.1
2 54.0 73.6
4 156.0 192.4
4 348.0 331.4
2 144.0 250.3
3 86.0 95.0
5 336.0 315.0
4 156.0 173.6
4 46.0 63.5
3 348.0 334.5
4 168.0 234.3
5 224.0 195.7
5 358.0 356.1
4 150.0 219.4
3 358.0 6.5
2 6.0 326.0
2 90.0 30.0
4 314.0 199.7
2 238.0 276.8
3 152.0 216.3
5 298.0 282.4
3 86.0 71.2
4 78.0 67.2
3 284.0 298.3
2 68.0 113.3
5 200.0 213.4
5 90.0 79.9
2 314.0 21.6
2 160.0 228.3
2 50.0 50.1
2 82.0 81.8
2 60.0 345.0
5 338.0 337.4
4 150.0 161.3
2 194.0 218.5
4 80.0 97.1
3 22.0 10.7
2 54.0 226.1
3 158.0 187.3
3 126.0 117.4
2 126.0 109.5
5 72.0 100.3
3 38.0 37.0
5 254.0 222.7
3 354.0 3.2
5 248.0 249.3
2 336.0 57.8
4 234.0 140.5
5 56.0 64.0
5 122.0 116.9
4 252.0 260.0
5 352.0 333.2
3 88.0 102.9
3 120.0 158.1
3 200.0 112.2
5 266.0 275.1
2 212.0 188.4
3 148.0 122.5
4 322.0 339.7
3 72.0 103.7
5 158.0 160.1
4 254.0 235.5
2 162.0 155.2
2 176.0 331.7
4 134.0 300.0
3 198.0 137.1
5 174.0 195.2
5 220.0 226.7
4 126.0 121.1
5 188.0 160.8
4 250.0 266.6
2 186.0 97.8
5 96.0 90.1
4 224.0 255.4
3 142.0 136.2
5 242.0 239.7
4 20.0 28.3
2 278.0 321.3
5 134.0 160.6
4 126.0 151.9
2 2.0 78.7
3 168.0 146.0
3 166.0 157.8
3 128.0 91.0
5 102.0 81.4
2 84.0 93.0
4 298.0 340.3
5 44.0 55.2
3 322.0 339.5
4 124.0 110.4
3 272.0 256.2
5 34.0 34.9
3 294.0 312.6
2 156.0 248.3
5 164.0 155.9
2 148.0 57.0
4 264.0 249.4
4 202.0 251.5
3 20.0 10.6
4 72.0 61.0
5 302.0 164.3
2 246.0 251.3
4 284.0 315.4
2 358.0 334.6
3 206.0 224.2
3 288.0 295.7
3 342.0 354.9
4 212.0 187.5
2 26.0 15.5
5 262.0 276.7
3 272.0 251.7
5 316.0 289.7
5 148.0 153.5
5 348.0 352.6
5 178.0 138.5
4 100.0 117.7
4 142.0 264.2
3 230.0 222.6
5 132.0 132.4
4 154.0 195.3
3 132.0 166.0
2 42.0 136.1
5 334.0 292.9
2 26.0 65.5
3 158.0 233.8
2 290.0 206.7
3 234.0 204.1
3 268.0 251.4
2 92.0 306.0
3 202.0 141.1
4 250.0 234.0
4 116.0 116.0
2 262.0 131.4
3 248.0 243.5
2 88.0 150.7
3 260.0 278.0
5 218.0 245.1
4 52.0 58.4
3 334.0 324.7
5 126.0 112.6
4 224.0 175.3
4 202.0 182.0
4 64.0 85.8
3 302.0 345.5
4 108.0 92.4
5 20.0 19.5
2 62.0 45.5
5 276.0 269.4
5 330.0 327.2
2 320.0 296.2
2 68.0 33.9
2 48.0 75.1
2 194.0 280.1
2 60.0 101.6
4 354.0 330.1
4 252.0 259.0
5 256.0 228.2
4 148.0 126.1
5 24.0 23.2
2 224.0 77.7
2 328.0 313.7
4 122.0 126.6
3 346.0 335.1
4 314.0 287.6
5 40.0 31.8
4 178.0 233.0
5 78.0 72.1
2 118.0 158.1
3 278.0 275.7
4 322.0 348.0
4 38.0 50.1
4 160.0 200.6
3 202.0 184.2
5 148.0 146.6
4 80.0 62.7
2 294.0 312.7
4 0.0 343.0
4 196.0 188.6
4 144.0 222.7
3 274.0 197.3
4 118.0 138.0
5 88.0 91.9
4 212.0 269.5
5 168.0 148.9
5 206.0 217.3
3 332.0 185.6
2 184.0 265.2
4 342.0 323.9
4 16.0 22.2
2 326.0 294.3
2 30.0 2.6
3 188.0 121.6
2 56.0 67.2
3 50.0 65.2
4 78.0 64.5
4 254.0 196.2
5 236.0 231.4
5 288.0 277.4
2 350.0 9.6
4 66.0 72.6
5 132.0 121.8
2 256.0 247.7
4 114.0 94.4
5 108.0 93.4
3 242.0 225.4
5 60.0 83.0
3 202.0 210.8
2 270.0 232.2
2 136.0 62.3
2 316.0 330.3
2 352.0 42.5
3 236.0 199.2
2 268.0 128.2
2 250.0 200.0
3 92.0 63.1
2 244.0 45.2
4 140.0 169.8
2 252.0 280.0
5 322.0 330.0
5 66.0 123.0
3 224.0 225.2
3 306.0 308.9
3 308.0 0.4
3 342.0 347.7
2 38.0 34.7
2 170.0 222.9
3 34.0 47.8
3 42.0 318.1
4 80.0 52.1
5 226.0 161.2
2 158.0 326.5
2 172.0 272.5
2 260.0 46.2
5 78.0 106.6
2 206.0 250.3
2 296.0 356.1
5 270.0 280.1
2 234.0 75.1
3 320.0 328.5
3 90.0 73.6
2 288.0 268.2
3 302.0 284.3
3 20.0 23.4
2 114.0 206.2
3 122.0 143.2
5 52.0 296.6
2 238.0 240.3
2 186.0 225.2
5 326.0 306.0
5 122.0 112.8
3 242.0 273.2
3 88.0 85.1
5 180.0 200.3
4 196.0 172.9
3 326.0 320.7
3 312.0 307.2
3 256.0 245.1
3 76.0 79.7
3 26.0 23.1
2 84.0 60.6
5 20.0 18.2
2 154.0 80.8
5 122.0 89.1
3 150.0 199.6
2 258.0 241.9
5 256.0 269.9
2 270.0 186.9
3 140.0 123.2
5 264.0 235.1
2 88.0 84.8
4 98.0 51.7
4 306.0 319.9
5 356.0 354.1
3 24.0 16.7
3 84.0 42.9
3 196.0 193.1
2 122.0 90.4
5 236.0 254.8
5 302.0 337.9
3 110.0 80.4
2 280.0 257.0
5 92.0 52.3
3 98.0 88.3
5 196.0 131.8
5 222.0 139.8
4 170.0 165.4
4 296.0 306.2
2 138.0 128.5
5 310.0 325.0
3 220.0 197.9
3 142.0 192.2
3 50.0 36.6
5 80.0 54.5
3 94.0 91.4
3 134.0 168.0
5 110.0 89.1
5 286.0 300.6
4 110.0 110.0
3 212.0 174.2
3 306.0 309.5
2 294.0 237.2
2 20.0 4.8
2 328.0 257.1
4 50.0 74.6
4 118.0 135.5
3 288.0 290.9
5 90.0 94.3
4 350.0 328.0
3 356.0 336.8
2 44.0 123.3
3 328.0 323.7
4 12.0 352.0
4 34.0 19.7
3 338.0 303.8
2 226.0 127.1
4 94.0 64.2
3 336.0 291.6
3 50.0 66.4
2 180.0 74.0
4 284.0 295.3
3 200.0 247.5
2 22.0 339.7
2 302.0 294.2
2 282.0 287.4
3 214.0 223.1
3 16.0 13.2
3 64.0 98.5
5 176.0 165.0
2 290.0 63.6
2 326.0 348.0
3 36.0 45.6
4 168.0 173.2
5 148.0 155.6
3 356.0 350.9
2 342.0 303.8
2 328.0 276.7
3 316.0 266.5
3 50.0 239.9
5 82.0 53.3
2 212.0 344.1
2 96.0 72.3
5 194.0 199.7
3 174.0 198.7
4 232.0 162.4
5 292.0 283.7
2 42.0 172.3
4 44.0 38.7
3 286.0 268.8
2 320.0 326.6
2 300.0 235.6
3 72.0 45.2
4 254.0 235.0
2 34.0 13.0
2 18.0 87.5
2 216.0 251.6
3 152.0 122.9
4 336.0 313.7
5 314.0 305.9
4 8.0 8.4
3 48.0 65.6
5 162.0 147.2
4 348.0 350.6
4 96.0 60.9
4 96.0 96.8
2 146.0 255.2
2 170.0 163.3
2 208.0 53.2
3 10.0 330.9
5 34.0 40.0
5 322.0 317.5
5 208.0 234.4
2 296.0 320.8
3 24.0 244.4
4 204.0 194.0
5 68.0 66.5
4 262.0 246.2
5 72.0 110.1
5 158.0 252.4
2 214.0 187.5
4 320.0 340.6
5 258.0 218.7
5 30.0 350.0
3 156.0 140.2
2 128.0 97.2
5 334.0 228.2
4 238.0 228.4
5 182.0 182.1
2 188.0 200.2
2 60.0 82.7
4 240.0 217.5
5 200.0 215.4
3 6.0 356.1
3 170.0 220.7
5 174.0 187.0
4 142.0 152.7
4 190.0 207.4
5 162.0 215.0
5 176.0 164.2
3 96.0 50.2
3 274.0 267.4
5 58.0 87.9
3 186.0 145.0
3 226.0 239.7
4 264.0 273.4
2 226.0 170.5
5 324.0 336.3
3 2.0 344.4
4 136.0 122.1
5 190.0 164.0
3 152.0 243.5
2 154.0 190.4
4 186.0 207.4
3 352.0 325.5
3 6.0 6.1
5 280.0 301.1
3 98.0 82.7
4 98.0 71.6
2 240.0 310.5
3 242.0 178.6
2 52.0 93.0
2 300.0 321.2
4 140.0 204.2
3 114.0 105.8
3 304.0 321.3
4 164.0 168.9
4 288.0 297.5
4 98.0 116.1
4 24.0 26.6
5 176.0 199.1
2 196.0 281.6
2 186.0 95.4
3 336.0 356.7
2 354.0 291.9
2 356.0 349.5
5 236.0 169.6
5 262.0 259.6
3 258.0 245.1
3 176.0 155.0
2 236.0 188.4
3 218.0 114.0
5 206.0 208.5
5 214.0 200.2
4 164.0 172.5
4 42.0 38.4
4 20.0 6.9
3 164.0 183.2
3 280.0 292.2
5 30.0 35.7
5 264.0 259.3
3 12.0 9.1
2 32.0 18.3
2 112.0 80.0
2 356.0 331.8
4 30.0 27.0
5 82.0 71.3
5 208.0 172.7
3 110.0 82.7
5 314.0 319.6
2 2.0 17.8
5 58.0 95.7
3 134.0 106.1
5 120.0 112.9
3 334.0 315.2
5 2.0 2.8
3 88.0 97.3
5 260.0 228.5
4 292.0 286.8
4 210.0 214.0
3 136.0 125.6
5 298.0 286.3
5 226.0 195.6
4 318.0 314.8
4 306.0 341.1
3 136.0 120.1
3 198.0 182.2
4 94.0 75.7
4 316.0 322.9
5 52.0 186.2
2 194.0 114.8
3 290.0 278.4
5 138.0 147.8
3 344.0 342.1
5 28.0 29.7
5 100.0 97.8
4 224.0 205.3
4 192.0 250.8
3 288.0 296.4
4 82.0 101.5
3 314.0 331.0
2 258.0 262.3
3 252.0 213.6
5 350.0 345.9
3 68.0 88.5
5 24.0 24.3
2 74.0 57.8
3 28.0 34.9
3 124.0 123.8
4 110.0 76.3
3 154.0 153.3
5 256.0 266.5
4 262.0 252.8
2 182.0 213.9
2 306.0 64.0
3 332.0 321.1
4 64.0 90.2
3 218.0 114.3
2 344.0 287.9
5 146.0 201.9
4 36.0 38.0
3 144.0 205.1
2 58.0 45.9
5 210.0 186.8
4 322.0 308.7
5 322.0 328.6
4 106.0 99.5
4 312.0 314.2
2 164.0 242.2
5 186.0 178.5
2 180.0 248.4
3 238.0 280.7
5 0.0 358.1
3 216.0 238.9
5 50.0 67.3
3 286.0 325.1
5 124.0 130.8
2 300.0 256.8
3 206.0 217.2
2 86.0 90.8
4 12.0 12.3
2 92.0 95.5
2 72.0 66.0
2 160.0 317.1
2 252.0 265.1
4 114.0 108.7
5 232.0 233.7
3 90.0 61.9
2 212.0 237.2
5 196.0 198.5
3 70.0 55.4
5 356.0 308.6
4 148.0 156.7
2 142.0 107.6
5 186.0 161.9
4 244.0 151.2
4 290.0 275.7
4 302.0 304.1
2 276.0 180.5
2 114.0 52.4
5 180.0 167.6
4 152.0 152.4
3 80.0 55.8
2 354.0 316.9
2 140.0 195.4
4 20.0 21.9
4 52.0 84.6
2 82.0 325.3
3 124.0 127.5
5 220.0 145.5
3 108.0 93.6
3 296.0 317.0
3 326.0 339.7
4 152.0 204.7
4 106.0 65.7
5 296.0 318.0
4 140.0 133.2
3 196.0 236.8
5 344.0 354.3
4 162.0 171.9
4 118.0 144.5
3 112.0 109.8
4 68.0 77.6
2 194.0 330.9
3 0.0 343.8
5 332.0 351.8
2 358.0 6.0
5 88.0 109.0
3 328.0 328.2
3 292.0 251.5
4 22.0 8.6
5 254.0 238.0
2 192.0 152.2
4 96.0 93.1
4 346.0 332.8
3 274.0 259.2
5 292.0 291.3
2 230.0 357.7
5 82.0 66.2
5 164.0 165.5
3 50.0 70.8
3 334.0 159.6
4 330.0 327.7
4 176.0 220.6
5 190.0 193.2
3 18.0 30.5
2 276.0 340.2
2 280.0 227.1
4 108.0 99.7
3 310.0 302.8
5 2.0 341.6
2 142.0 337.3
5 334.0 337.2
5 306.0 304.0
2 138.0 187.3
4 6.0 14.2
2 232.0 349.3
5 136.0 183.5
3 356.0 257.2
2 76.0 94.9
4 186.0 203.9
4 274.0 292.2
5 164.0 218.3
5 38.0 37.2
5 30.0 25.4
2 128.0 137.2
5 130.0 133.7
3 266.0 249.6
2 178.0 127.7
2 228.0 265.4
3 312.0 316.3
5 224.0 217.7
3 56.0 50.6
4 90.0 85.8
4 348.0 332.1
3 256.0 272.0
5 138.0 131.5
5 278.0 294.7
4 54.0 92.1
2 4.0 38.0
3 164.0 191.8
4 2.0 358.4
4 192.0 214.4
4 170.0 140.4
3 148.0 218.4
2 46.0 107.2
2 212.0 136.8
2 80.0 119.0
5 254.0 256.1
2 230.0 221.9
3 354.0 333.0
3 278.0 280.4
4 62.0 61.6
3 194.0 239.5
4 174.0 234.8
2 196.0 228.7
5 34.0 29.6
5 356.0 343.9
4 276.0 296.6
4 284.0 294.0
4 334.0 340.8
5 268.0 268.3
3 320.0 314.1
3 82.0 240.8
4 280.0 287.1
2 122.0 178.2
3 138.0 157.7
5 166.0 185.3
5 246.0 233.8
5 46.0 58.8
5 292.0 301.5
4 340.0 320.9
3 160.0 227.0
3 336.0 355.6
3 50.0 48.2
2 116.0 40.5
2 184.0 23.0
2 4.0 330.2
2 118.0 159.1
3 230.0 206.0
5 126.0 113.3
2 110.0 71.9
4 204.0 193.4
3 130.0 84.2
5 98.0 101.5
4 310.0 333.3
3 170.0 195.9
3 110.0 253.1
3 312.0 301.9
2 58.0 43.0
2 358.0 325.5
4 34.0 30.1
5 166.0 175.5
2 24.0 16.7
5 176.0 149.6
4 30.0 38.7
3 216.0 155.5
5 264.0 273.9
3 206.0 217.7
3 16.0 18.0
3 32.0 170.3
5 150.0 179.7
3 42.0 71.3
3 66.0 227.3
3 256.0 244.2
2 114.0 79.5
2 334.0 30.3
2 358.0 136.5
5 126.0 128.5
5 162.0 226.1
4 130.0 137.5
5 244.0 163.8
3 44.0 33.9
3 110.0 116.9
2 4.0 286.1
2 348.0 192.4
5 166.0 205.5
4 82.0 74.8
4 190.0 176.4
3 308.0 299.5
3 334.0 349.5
5 342.0 334.5
3 200.0 145.0
4 66.0 75.7
3 172.0 215.8
3 328.0 345.2
3 154.0 161.5
2 354.0 334.6
4 54.0 54.0
4 146.0 169.1
5 298.0 296.9
3 106.0 97.8
4 40.0 30.0
2 208.0 116.5
3 356.0 0.3
3 86.0 62.9
2 28.0 126.6
3 108.0 77.8
3 134.0 213.4
4 50.0 51.5
2 320.0 331.1
3 256.0 172.5
5 96.0 62.1
4 66.0 73.5
5 236.0 211.6
4 352.0 349.7
5 234.0 238.8
4 278.0 309.0
3 320.0 325.4
2 124.0 48.0
5 124.0 108.6
3 352.0 330.3
4 74.0 101.8
5 208.0 220.1
3 324.0 335.7
2 104.0 135.5
4 0.0 322.0
2 354.0 299.2
3 214.0 247.6
5 194.0 155.3
5 202.0 66.8
2 298.0 112.8
5 112.0 98.0
5 328.0 352.5
2 342.0 277.0
3 92.0 85.7
2 240.0 291.0
5 210.0 158.8
3 126.0 162.4
5 324.0 353.7
5 302.0 316.7
3 262.0 234.5
3 226.0 120.5
4 156.0 268.7
5 62.0 86.6
5 268.0 264.4
5 204.0 239.8
2 120.0 94.2
2 238.0 336.8
4 122.0 125.9
3 218.0 160.0
3 316.0 326.6
3 84.0 68.4
2 190.0 236.6
2 156.0 124.5
3 186.0 243.0
2 314.0 331.3
4 286.0 282.1
5 86.0 64.7
3 4.0 350.1
5 324.0 333.1
5 222.0 207.3
4 176.0 193.4
5 236.0 222.1
3 16.0 26.9
3 142.0 263.4
5 56.0 88.0
4 294.0 275.7
3 292.0 301.9
4 242.0 211.0
2 86.0 56.9
3 326.0 332.8
5 232.0 234.2
2 68.0 110.9
3 240.0 200.8
2 86.0 130.8
5 184.0 239.6
5 348.0 342.7
5 178.0 184.4
5 122.0 127.5
2 146.0 19.1
4 58.0 50.7
4 340.0 346.4
5 140.0 187.7
2 290.0 351.8
5 346.0 335.3
4 338.0 12.5
3 252.0 216.8
4 242.0 203.5
2 144.0 95.6
5 70.0 307.0
5 354.0 353.2
2 236.0 268.5
4 102.0 56.3
2 104.0 66.1
2 236.0 31.9
4 54.0 82.2
2 210.0 113.5
3 292.0 283.4
5 6.0 3.7
5 294.0 337.1
2 344.0 267.4
3 326.0 306.2
4 54.0 51.5
4 246.0 271.8
2 304.0 351.9
4 156.0 213.7
2 102.0 69.5
2 116.0 66.9
4 124.0 118.9
4 184.0 204.5
3 348.0 309.0
4 320.0 305.7
3 322.0 327.9
3 336.0 319.4
2 270.0 212.5
4 90.0 88.0
5 260.0 225.8
5 290.0 284.3
4 202.0 215.9
2 180.0 287.0
4 90.0 117.9
2 150.0 113.2
2 16.0 350.7
4 302.0 327.7
2 42.0 57.4
2 4.0 14.0
5 358.0 347.5
3 248.0 318.5
4 220.0 233.0
3 190.0 182.0
4 302.0 283.4
5 136.0 131.9
5 348.0 324.3
2 262.0 191.0
3 76.0 155.5
4 216.0 186.3
2 8.0 29.7
2 40.0 54.2
4 204.0 196.0
5 252.0 249.0
4 144.0 172.7
4 236.0 227.5
5 150.0 154.3
4 262.0 267.6
4 304.0 289.7
3 330.0 348.1
2 170.0 281.0
5 20.0 19.0
2 50.0 107.1
2 210.0 198.1
3 320.0 250.3
3 108.0 62.6
3 264.0 219.2
5 322.0 310.3
4 294.0 311.8
4 300.0 311.4
5 122.0 109.8
4 34.0 32.6
4 190.0 268.6
3 92.0 103.2
5 250.0 172.2
2 12.0 351.4
3 144.0 164.4
4 6.0 355.2
3 352.0 351.8
2 242.0 204.7
3 170.0 185.8
2 82.0 13.2
3 322.0 216.0
2 222.0 70.1
5 40.0 35.1
5 52.0 69.4
2 62.0 341.0
5 6.0 5.3
4 296.0 303.2
5 254.0 260.6
5 68.0 78.3
4 66.0 65.5
3 128.0 119.5
5 358.0 12.7
4 334.0 322.6
3 242.0 229.2
2 74.0 137.2
5 210.0 187.3
4 330.0 337.6
3 256.0 251.8
5 116.0 120.4
3 118.0 128.0
4 62.0 107.4
4 208.0 211.1
5 340.0 331.6
5 142.0 238.8
2 90.0 186.0
4 130.0 122.1
2 258.0 231.1
5 338.0 354.5
3 252.0 218.5
2 168.0 142.2
4 232.0 204.2
2 48.0 26.6
2 234.0 221.6
5 102.0 99.4
2 28.0 210.8
2 134.0 189.1
5 210.0 252.8
5 42.0 37.4
2 346.0 332.4
5 260.0 242.6
4 10.0 18.2
3 20.0 17.0
5 216.0 192.4
2 208.0 255.7
2 342.0 317.3
4 122.0 139.8
2 212.0 113.5
5 92.0 101.5
4 206.0 238.7
5 224.0 212.5
4 26.0 26.0
2 180.0 80.7
3 312.0 321.0
5 220.0 190.5
5 120.0 118.6
5 22.0 20.0
5 62.0 79.5
2 220.0 109.2
4 32.0 37.0
2 90.0 100.9
2 326.0 99.3
4 12.0 339.0
2 72.0 123.1
5 188.0 218.3
4 220.0 202.7
3 70.0 43.6
5 284.0 287.3
4 272.0 299.4
5 300.0 328.4
5 188.0 212.4
3 2.0 330.4
3 6.0 346.6
3 356.0 2.5
2 268.0 272.6
4 202.0 168.6
2 154.0 71.4
3 10.0 5.8
5 250.0 266.0
3 172.0 197.6
2 138.0 213.4
4 94.0 99.5
5 278.0 271.9
4 146.0 181.2
4 92.0 81.5
5 294.0 302.1
5 48.0 63.5
2 328.0 308.9
4 320.0 306.5
3 6.0 264.1
5 0.0 353.0
5 206.0 162.8
2 226.0 184.0
5 172.0 216.1
2 256.0 198.4
5 338.0 302.0
4 30.0 34.6
5 10.0 10.1
4 6.0 13.0
2 238.0 263.5
4 264.0 235.3
3 62.0 66.7
4 248.0 213.0
3 346.0 315.7
2 348.0 262.1
3 48.0 37.8
3 90.0 97.7
3 260.0 246.2
5 132.0 127.6
3 190.0 237.5
5 22.0 24.1
5 260.0 273.7
5 126.0 128.3
5 128.0 250.5
4 220.0 93.0
4 66.0 67.8
5 184.0 141.0
5 92.0 103.5
2 88.0 319.1
5 156.0 148.5
4 154.0 210.7
3 284.0 277.9
2 24.0 23.7
2 216.0 96.8
3 62.0 82.2
3 34.0 38.3
5 214.0 213.2
3 118.0 113.3
5 42.0 39.0
3 176.0 267.1
5 280.0 274.1
2 68.0 132.9
3 330.0 307.7
3 112.0 106.9
4 176.0 144.1
4 102.0 102.3
2 232.0 4.9
3 154.0 229.4
5 200.0 199.0
5 336.0 343.2
5 312.0 337.6
4 184.0 145.8
5 276.0 283.3
2 226.0 187.6
2 358.0 349.3
4 44.0 37.5
3 38.0 41.9
5 338.0 343.0
3 178.0 198.5
4 94.0 78.8
5 314.0 296.2
2 300.0 52.4
4 288.0 282.5
3 32.0 42.0
4 110.0 102.2
5 156.0 222.1
5 12.0 8.6
5 20.0 27.9
5 62.0 67.8
4 132.0 135.2
3 68.0 73.2
3 62.0 97.5
4 212.0 222.5
2 44.0 107.2
2 262.0 70.2
5 176.0 186.1
3 68.0 68.1
4 56.0 53.2
2 70.0 34.3
4 202.0 235.5
4 116.0 109.8
5 118.0 96.5
3 276.0 272.3
4 30.0 26.0
3 286.0 274.1
5 84.0 92.1
5 52.0 80.6
3 14.0 343.9
2 304.0 322.1
4 82.0 84.0
2 226.0 318.2
2 102.0 66.9
2 230.0 171.1
2 336.0 254.3
2 222.0 220.5
2 142.0 157.8
3 304.0 297.6
3 292.0 278.6
4 266.0 246.7
3 284.0 319.4
5 204.0 193.3
3 320.0 318.6
3 122.0 115.3
3 324.0 227.6
3 116.0 109.5
4 320.0 330.9
3 322.0 316.8
5 90.0 77.7
5 122.0 117.1
3 284.0 267.2
5 84.0 72.7
2 252.0 302.3
5 30.0 26.6
2 194.0 308.1
5 192.0 215.5
4 162.0 188.6
2 108.0 126.4
3 322.0 339.2
2 162.0 127.8
5 154.0 152.7
2 280.0 311.3
5 152.0 190.9
5 324.0 336.9
4 58.0 265.6
4 260.0 237.9
3 126.0 139.0
2 336.0 301.5
5 164.0 254.1
5 324.0 326.6
2 284.0 199.2
2 254.0 205.2
2 152.0 256.8
3 112.0 84.6
5 96.0 69.1
2 154.0 96.8
4 188.0 168.6
2 12.0 1.8
2 190.0 258.4
2 46.0 92.6
3 84.0 98.9
3 356.0 334.4
4 140.0 170.5
5 60.0 73.3
2 46.0 321.9
3 78.0 68.8
3 32.0 29.5
5 282.0 295.3
4 204.0 208.6
5 126.0 104.3
4 90.0 104.9
5 152.0 187.7
2 188.0 221.4
5 90.0 79.6
4 132.0 132.2
4 80.0 68.4
4 326.0 331.0
2 124.0 95.6
4 134.0 126.5
3 72.0 85.3
5 66.0 103.8
2 96.0 114.0
4 312.0 350.5
2 330.0 209.0
3 188.0 176.6
2 2.0 323.8
2 198.0 106.0
4 330.0 347.3
4 282.0 259.9
4 44.0 68.7
4 46.0 52.7
3 170.0 179.5
4 202.0 196.1
2 66.0 123.3
4 288.0 286.7
3 264.0 247.2
2 204.0 209.3
4 318.0 329.6
3 64.0 92.9
3 108.0 54.4
5 162.0 179.5
5 38.0 36.1
3 80.0 127.6
2 12.0 11.0
2 24.0 26.6
3 216.0 191.6
4 116.0 76.6
3 310.0 276.4
3 184.0 263.8
5 280.0 300.0
4 198.0 148.9
5 108.0 125.3
2 126.0 217.1
4 90.0 52.8
4 132.0 121.1
3 44.0 61.3
4 98.0 86.4
4 150.0 188.8
3 36.0 8.4
4 348.0 343.8
3 106.0 131.2
5 210.0 245.5
4 240.0 155.6
2 198.0 238.9
5 228.0 182.5
5 38.0 47.6
3 204.0 140.9
3 40.0 52.0
4 274.0 271.4
5 252.0 249.3
5 242.0 244.9
3 354.0 11.2
5 212.0 144.0
4 214.0 229.9
3 124.0 137.9
3 182.0 141.6
5 342.0 307.3
3 64.0 54.0
5 206.0 166.6
5 354.0 315.4
5 24.0 24.1
3 272.0 213.0
3 118.0 128.1
3 276.0 240.6
2 88.0 338.0
5 236.0 242.6
4 324.0 316.1
2 156.0 185.3
2 166.0 183.5
5 170.0 225.1
5 218.0 148.5
4 174.0 171.2
4 206.0 172.9
2 206.0 271.4
5 214.0 196.8
2 340.0 352.3
2 198.0 159.9
5 90.0 63.0
5 342.0 5.8
5 232.0 199.6
2 348.0 338.4
2 42.0 32.9
5 356.0 41.2
2 316.0 256.8
3 28.0 22.4
2 110.0 166.0
5 288.0 292.0
2 20.0 11.2
2 54.0 91.2
5 126.0 125.5
3 24.0 185.0
5 170.0 189.0
5 56.0 49.6
4 156.0 266.3
3 264.0 277.9
5 144.0 142.7
2 138.0 82.9
4 148.0 138.8
5 306.0 313.7
2 142.0 169.3
4 8.0 16.5
5 48.0 81.5
2 106.0 224.9
4 86.0 87.0
2 170.0 185.9
5 96.0 100.4
3 28.0 20.2
3 140.0 191.7
3 46.0 56.4
5 326.0 347.9
2 182.0 299.0
5 186.0 174.9
4 66.0 77.2
2 328.0 341.0
3 28.0 38.2
3 28.0 63.2
3 114.0 110.1
4 112.0 110.0
4 90.0 81.7
3 348.0 329.7
5 130.0 131.6
5 58.0 70.4
3 254.0 252.4
3 226.0 179.5
4 102.0 93.4
3 198.0 161.3
3 72.0 79.1
4 170.0 223.6
4 326.0 324.3
4 284.0 104.7
2 154.0 27.6
5 112.0 115.2
5 84.0 71.5
5 158.0 192.4
5 146.0 162.4
5 32.0 33.1
3 230.0 248.0
4 162.0 200.8
2 46.0 69.7
2 220.0 338.6
2 278.0 277.7
5 318.0 324.5
2 196.0 61.5
2 140.0 220.4
4 48.0 79.9
5 130.0 123.8
3 70.0 109.8
4 286.0 292.0
3 172.0 165.9
5 30.0 26.3
3 16.0 21.7
3 86.0 66.5
3 318.0 302.6
5 18.0 14.9
3 84.0 104.6
3 294.0 315.0
2 100.0 349.7
4 50.0 72.9
4 346.0 320.8
3 176.0 152.1
4 76.0 45.8
2 358.0 357.6
4 258.0 240.0
3 252.0 252.6
2 220.0 141.0
2 308.0 340.4
5 152.0 189.4
3 312.0 336.7
2 350.0 46.3
2 88.0 78.8
5 46.0 51.1
3 196.0 147.4
4 300.0 310.8
3 104.0 136.2
3 246.0 170.1
5 274.0 278.6
3 242.0 234.9
3 174.0 217.3
3 266.0 230.0
4 180.0 188.4
4 282.0 273.7
3 92.0 110.1
3 114.0 75.8
4 274.0 267.2
4 326.0 333.5
4 250.0 238.4
4 130.0 114.3
2 28.0 61.2
4 236.0 179.4
4 44.0 52.6
5 178.0 139.4
3 110.0 96.3
5 148.0 148.7
2 46.0 62.4
3 240.0 186.4
2 126.0 90.0
5 46.0 45.2
4 76.0 54.8
2 358.0 253.1
3 32.0 36.6
4 280.0 289.0
5 224.0 178.9
4 52.0 55.5
5 234.0 206.3
5 250.0 236.5
4 38.0 38.4
4 250.0 213.8
5 190.0 233.2
2 212.0 242.0
2 202.0 138.3
5 356.0 346.8
2 314.0 27.5
4 332.0 309.5
2 314.0 240.6
3 154.0 159.4
3 358.0 313.6
3 22.0 21.1
5 96.0 102.1
2 20.0 216.6
2 114.0 60.0
2 260.0 186.4
5 204.0 227.7
3 344.0 338.0
4 180.0 250.0
2 202.0 71.7
4 86.0 55.9
5 322.0 352.5
3 260.0 185.0
2 250.0 334.4
2 302.0 291.9
4 170.0 121.4
4 358.0 11.1
4 296.0 278.8
4 110.0 103.5
3 128.0 156.5
2 296.0 320.5
3 268.0 316.6
3 36.0 58.1
2 38.0 35.8
5 10.0 18.9
2 202.0 188.6
5 280.0 281.4
3 68.0 53.9
2 312.0 301.7
5 230.0 211.9
3 138.0 192.6
2 140.0 71.2
4 332.0 342.6
4 176.0 163.6
3 44.0 50.8
2 304.0 354.8
3 4.0 354.5
2 348.0 334.8
3 128.0 132.6
4 146.0 179.1
3 6.0 348.9
2 154.0 355.5
2 192.0 358.7
2 94.0 104.5
4 202.0 235.1
2 222.0 304.6
5 0.0 358.4
2 220.0 105.2
3 254.0 199.2
4 190.0 167.5
3 326.0 294.3
5 270.0 268.3
2 84.0 100.5
3 112.0 124.9
5 114.0 96.2
2 30.0 320.0
3 250.0 216.1
3 112.0 80.1
4 140.0 168.5
5 58.0 71.0
4 144.0 190.3
2 160.0 89.4
2 54.0 20.0
2 90.0 48.5
5 84.0 87.5
4 220.0 229.2
5 92.0 85.1
2 212.0 224.7
3 358.0 289.1
4 112.0 118.1
5 302.0 309.9
2 240.0 300.0
5 24.0 25.7
4 82.0 55.8
5 70.0 67.5
3 122.0 145.3
2 330.0 21.7
2 312.0 251.2
3 202.0 184.0
3 342.0 343.5
5 160.0 178.3
4 2.0 359.0
3 96.0 59.5
4 76.0 75.8
4 34.0 39.9
5 134.0 146.0
2 50.0 7.7
2 154.0 279.5
5 262.0 264.9
4 292.0 311.3
5 346.0 342.2
4 222.0 152.1
5 78.0 123.5
5 202.0 200.6
3 226.0 185.3
3 250.0 198.0
5 176.0 183.2
4 296.0 277.4
2 214.0 121.9
3 62.0 45.8
3 208.0 222.6
5 148.0 134.6
5 160.0 214.2
4 186.0 231.9
2 0.0 326.1
2 196.0 141.1
3 358.0 353.8
5 214.0 219.5
5 274.0 270.5
4 214.0 239.0
5 12.0 8.7
4 122.0 97.3
2 264.0 334.1
3 102.0 107.1
5 80.0 71.1
5 52.0 57.2
2 302.0 320.7
3 352.0 331.2
5 26.0 36.4
5 48.0 52.6
2 168.0 204.8
3 336.0 356.9
2 138.0 36.0
5 322.0 323.8
4 6.0 11.8
4 158.0 215.8
4 334.0 335.5
4 320.0 317.3
5 36.0 45.1
2 356.0 345.0
3 110.0 87.7
5 126.0 144.7
3 276.0 318.1
5 246.0 217.2
4 86.0 92.2
5 286.0 308.1
4 162.0 161.9
4 6.0 359.1
3 56.0 37.1
2 178.0 197.9
3 94.0 85.4
2 242.0 287.3
2 106.0 31.2
4 238.0 191.5
2 4.0 347.8
3 304.0 269.8
3 20.0 10.1
4 144.0 171.3
5 262.0 262.4
2 312.0 334.6
4 102.0 115.0
5 54.0 69.3
4 342.0 337.1
2 346.0 322.5
2 66.0 77.0
4 44.0 60.9
2 176.0 51.6
4 324.0 311.2
5 234.0 243.5
5 262.0 264.6
4 42.0 63.3
3 182.0 236.6
4 116.0 138.8
5 290.0 281.8
4 258.0 222.5
2 56.0 221.2
5 352.0 337.4
5 266.0 262.9
4 26.0 18.2
3 138.0 148.0
3 128.0 164.8
5 280.0 291.1
4 124.0 105.9
3 280.0 298.4
3 324.0 333.8
5 210.0 222.6
3 162.0 252.7
3 6.0 348.0
5 300.0 311.8
3 328.0 329.0
4 4.0 14.5
2 176.0 342.4
4 294.0 332.2
4 52.0 42.7
4 152.0 191.5
5 152.0 143.4
3 30.0 35.9
2 98.0 264.2
5 8.0 353.0
2 220.0 33.1
3 284.0 262.2
2 252.0 289.4
5 340.0 314.9
2 132.0 257.9
4 38.0 41.2
2 236.0 221.9
3 164.0 172.0
3 246.0 221.1
3 80.0 53.8
5 86.0 81.5
2 222.0 328.8
3 304.0 300.7
4 124.0 129.2
2 126.0 33.5
2 56.0 138.0
5 318.0 313.4
3 214.0 170.2
5 6.0 357.6
5 112.0 105.8
2 104.0 169.3
4 146.0 176.6
5 20.0 25.8
3 286.0 296.6
2 180.0 112.1
5 54.0 81.0
3 154.0 184.3
5 150.0 149.3
5 258.0 283.8
5 208.0 228.6
5 102.0 82.4
4 208.0 202.1
2 86.0 54.1
3 224.0 156.0
5 86.0 92.6
2 254.0 201.7
5 276.0 269.3
2 4.0 53.0
3 348.0 359.2
4 86.0 79.0
2 152.0 123.6
2 306.0 204.3
5 106.0 88.7
5 74.0 46.5
2 184.0 260.7
2 180.0 107.3
3 102.0 139.5
5 286.0 294.6
5 16.0 7.4
5 52.0 51.1
2 184.0 178.4
3 316.0 305.6
4 356.0 350.5
5 198.0 237.1
2 190.0 298.6
2 64.0 139.8
4 354.0 316.0
2 210.0 295.5
2 92.0 205.1
4 102.0 66.1
2 58.0 70.5
5 350.0 317.9
3 42.0 48.3
4 292.0 324.2
5 192.0 173.2
2 142.0 56.8
3 304.0 334.4
5 276.0 295.0
4 352.0 352.0
2 240.0 125.7
3 350.0 319.4
4 310.0 346.8
2 38.0 37.4
4 334.0 356.1
4 84.0 118.4
4 102.0 106.1
3 238.0 232.6
4 154.0 133.9
4 128.0 126.9
4 106.0 82.7
5 358.0 13.1
3 102.0 96.8
3 256.0 262.2
3 76.0 67.8
5 230.0 176.0
4 358.0 359.1
5 22.0 14.7
2 242.0 215.1
4 354.0 329.8
5 264.0 258.4
4 334.0 351.5
3 118.0 65.8
5 66.0 56.9
5 204.0 189.8
2 176.0 111.7
2 126.0 244.5
4 114.0 140.4
4 220.0 193.9
3 44.0 58.3
2 108.0 54.0
3 174.0 163.2
5 302.0 286.4
2 76.0 82.8
2 290.0 315.8
2 140.0 141.3
2 266.0 297.0
5 280.0 277.1
5 56.0 39.4
5 10.0 3.6
5 134.0 140.4
2 30.0 103.8
4 24.0 23.1
2 164.0 159.3
4 62.0 75.8
5 40.0 40.9
5 8.0 350.4
2 156.0 324.0
4 102.0 110.7
2 10.0 327.7
2 228.0 311.1
4 106.0 88.6
5 258.0 237.9
5 332.0 334.2
3 280.0 268.1
4 56.0 47.2
3 234.0 248.6
3 22.0 32.6
4 108.0 114.4
4 272.0 241.2
5 304.0 307.0
3 174.0 223.0
2 260.0 280.5
4 60.0 292.1
3 232.0 202.7
2 138.0 230.2
4 18.0 6.6
4 6.0 2.9
4 10.0 339.2
4 344.0 331.0
3 22.0 31.6
2 96.0 50.7
3 266.0 256.6
2 304.0 321.9
4 28.0 26.0
2 100.0 99.7
2 64.0 68.7
5 166.0 244.4
4 182.0 118.8
5 76.0 38.5
2 28.0 48.6
5 60.0 50.6
5 128.0 132.3
3 156.0 220.5
4 268.0 295.1
5 272.0 274.0
4 286.0 274.1
3 298.0 284.8
3 32.0 30.7
2 306.0 339.0
5 62.0 178.9
2 164.0 143.0
2 40.0 69.3
4 312.0 288.0
5 62.0 97.1
2 290.0 255.6
2 228.0 185.3
4 290.0 286.4
3 150.0 196.7
2 128.0 85.1
5 20.0 15.6
4 294.0 259.1
2 248.0 194.0
3 202.0 175.4
5 346.0 332.5
4 140.0 144.8
5 142.0 201.6
2 292.0 328.5
4 52.0 47.6
3 310.0 318.8
4 200.0 154.8
5 162.0 165.2
5 188.0 189.0
2 60.0 67.0
3 178.0 238.0
4 184.0 196.8
4 240.0 208.4
5 348.0 349.4
5 244.0 234.3
2 274.0 279.1
2 302.0 266.7
4 44.0 50.5
3 312.0 331.8
3 200.0 141.6
4 90.0 65.0
5 306.0 325.4
5 20.0 35.0
3 290.0 301.2
3 292.0 262.1
5 40.0 35.7
5 282.0 280.1
5 238.0 240.6
4 52.0 58.2
4 316.0 325.3
4 276.0 284.7
5 350.0 345.0
5 282.0 288.1
2 304.0 337.2
3 204.0 210.9
2 8.0 22.3
4 320.0 344.6
4 284.0 283.9
2 274.0 265.3
4 278.0 278.4
2 196.0 4.0
2 62.0 116.8
4 82.0 73.2
3 96.0 86.8
5 10.0 4.0
2 292.0 350.8
4 140.0 202.7
3 200.0 178.7
5 296.0 313.5
5 16.0 13.4
5 140.0 164.7
2 342.0 264.2
3 6.0 313.1
2 256.0 350.5
3 48.0 35.4
3 294.0 275.5
4 122.0 89.4
3 130.0 350.3
3 294.0 268.6
5 180.0 219.4
2 258.0 267.1
4 124.0 112.3
4 286.0 281.9
5 196.0 189.0
2 354.0 315.8
2 204.0 51.0
4 158.0 175.6
2 306.0 350.8
2 292.0 173.5
2 112.0 10.0
3 202.0 332.1
2 280.0 348.7
5 178.0 147.3
5 64.0 65.7
3 352.0 339.9
3 116.0 85.9
4 270.0 269.2
2 186.0 202.8
3 208.0 164.9
4 64.0 93.4
3 282.0 288.5
4 176.0 256.8
4 206.0 139.7
3 226.0 204.2
4 278.0 299.1
3 48.0 91.7
3 150.0 167.9
2 184.0 96.7
5 188.0 181.6
2 32.0 45.8
2 46.0 97.9
4 140.0 192.2
3 210.0 201.6
2 264.0 241.1
2 310.0 283.1
5 40.0 38.1
4 82.0 121.6
5 14.0 17.4
3 60.0 65.7
2 42.0 5.5
2 28.0 23.1
4 258.0 251.4
4 344.0 320.4
4 244.0 241.4
4 88.0 62.0
5 306.0 307.2
5 12.0 11.9
5 308.0 317.0
4 230.0 259.7
4 10.0 342.2
3 358.0 272.0
2 310.0 290.3
2 358.0 294.6
4 212.0 195.8
2 178.0 246.5
3 22.0 30.2
5 92.0 98.1
5 102.0 76.7
4 146.0 218.1
3 140.0 189.0
4 222.0 210.2
3 80.0 65.1
4 10.0 19.7
4 318.0 306.6
4 128.0 123.0
3 174.0 202.1
5 322.0 322.7
4 340.0 317.2
3 44.0 38.8
3 236.0 215.9
4 36.0 38.8
3 18.0 17.8
2 272.0 292.7
3 202.0 263.7
4 326.0 325.8
4 192.0 170.2
5 114.0 110.5
2 76.0 21.7
2 214.0 255.9
5 200.0 231.5
5 146.0 187.2
3 292.0 278.9
2 44.0 122.8
5 314.0 329.2
3 230.0 194.1
3 208.0 172.5
4 176.0 204.0
4 48.0 88.3
2 358.0 347.2
2 262.0 329.8
3 134.0 154.2
5 6.0 336.7
4 156.0 183.3
4 356.0 349.3
3 346.0 344.4
5 226.0 247.6
3 354.0 343.2
5 196.0 202.8
5 288.0 292.7
5 120.0 122.7
4 212.0 236.0
4 204.0 226.8
5 112.0 57.3
3 96.0 97.7
4 156.0 191.1
5 76.0 61.7
3 202.0 197.4
2 208.0 280.5
4 174.0 169.0
3 92.0 83.7
4 116.0 103.6
3 208.0 231.0
5 218.0 199.4
4 354.0 358.7
4 54.0 38.3
2 36.0 148.5
5 22.0 33.8
2 194.0 285.0
4 170.0 255.8
4 296.0 287.8
4 72.0 74.5
5 112.0 220.1
3 170.0 196.2
2 340.0 295.3
4 246.0 255.2
3 252.0 186.7
5 128.0 122.3
3 28.0 34.1
2 46.0 21.0
4 86.0 63.1
2 16.0 29.5
5 292.0 276.1
4 124.0 132.0
3 130.0 170.9
4 22.0 24.2
4 42.0 42.1
2 318.0 310.1
5 314.0 311.7
5 154.0 161.2
2 90.0 215.4
5 182.0 168.5
3 202.0 213.2
2 228.0 63.2
2 112.0 109.0
3 244.0 222.2
3 236.0 280.7
4 270.0 242.3
5 98.0 92.6
3 342.0 320.2
2 302.0 75.9
3 204.0 172.5
3 310.0 304.4
2 162.0 150.7
3 234.0 242.9
3 344.0 297.0
2 76.0 359.7
2 342.0 326.0
4 286.0 295.2
4 206.0 201.4
3 146.0 177.3
5 168.0 233.5
4 340.0 357.7
5 196.0 244.6
5 316.0 290.3
5 348.0 336.0
4 138.0 119.9
4 124.0 130.6
4 322.0 330.0
5 172.0 131.1
5 198.0 217.8
2 272.0 92.8
4 130.0 121.3
2 340.0 338.0
3 202.0 197.1
4 298.0 304.5
5 286.0 284.0
4 314.0 305.0
2 180.0 312.1
5 132.0 121.8
3 222.0 161.6
5 312.0 302.7
2 326.0 327.2
2 182.0 290.5
3 10.0 1.1
4 18.0 12.1
4 310.0 354.9
3 314.0 278.6
3 296.0 316.8
4 302.0 281.8
5 296.0 284.6
3 146.0 163.9
5 236.0 223.6
3 246.0 201.6
5 102.0 71.9
5 208.0 178.7
5 338.0 326.0
5 220.0 206.3
3 272.0 293.4
5 202.0 206.7
2 174.0 104.6
2 108.0 48.8
3 334.0 328.8
5 310.0 332.7
5 168.0 233.7
4 358.0 6.4
5 330.0 343.7
2 182.0 187.7
3 148.0 124.5
5 328.0 317.7
3 46.0 35.7
4 210.0 179.8
2 356.0 328.6
4 278.0 262.7
3 164.0 215.8
2 94.0 239.8
4 248.0 171.3
3 114.0 87.3
3 104.0 62.9
5 78.0 61.4
2 258.0 211.5
2 190.0 105.4
3 16.0 3.8
4 312.0 320.9
3 270.0 231.8
2 350.0 55.3
5 58.0 76.5
3 154.0 224.2
2 206.0 152.3
3 296.0 312.0
3 148.0 190.7
4 284.0 296.7
3 76.0 67.7
2 140.0 88.1
4 152.0 179.5
3 76.0 67.8
4 74.0 95.2
5 72.0 58.7
3 320.0 343.3
5 134.0 132.2
3 354.0 10.1
3 336.0 350.8
3 202.0 165.5
4 342.0 349.8
2 320.0 343.9
4 286.0 295.9
2 240.0 125.0
3 350.0 345.9
5 186.0 160.5
3 352.0 331.0
3 202.0 145.3
2 352.0 350.9
3 88.0 55.4
5 180.0 207.7
2 124.0 116.1
3 38.0 38.8
4 126.0 106.4
3 2.0 7.5
4 48.0 66.1
3 340.0 314.9
4 112.0 108.7
4 38.0 64.9
2 206.0 314.8
4 166.0 171.1
2 38.0 53.3
2 216.0 213.4
4 284.0 308.1
5 84.0 81.9
5 208.0 206.3
4 336.0 330.4
4 192.0 206.4
3 20.0 19.4
5 330.0 333.8
3 338.0 323.1
5 198.0 227.5
4 182.0 139.5
3 228.0 162.0
3 320.0 325.3
4 328.0 337.2
5 254.0 261.6
2 300.0 346.8
5 160.0 154.3
5 108.0 88.2
5 134.0 181.7
3 140.0 180.4
4 140.0 124.4
3 262.0 241.9
3 250.0 282.6
4 274.0 273.8
2 58.0 100.2
3 54.0 227.9
3 302.0 297.2
5 102.0 14.4
2 344.0 186.4
4 350.0 344.4
4 292.0 317.8
3 258.0 281.0
2 284.0 196.1
3 168.0 225.3
4 128.0 136.8
3 144.0 189.6
5 114.0 123.6
3 106.0 98.4
3 162.0 163.6
4 200.0 237.1
2 44.0 151.8
3 42.0 58.7
2 200.0 231.8
2 320.0 293.3
3 4.0 348.3
4 256.0 270.4
2 86.0 73.4
5 318.0 343.9
2 170.0 113.1
3 222.0 212.6
4 194.0 208.6
5 270.0 277.8
2 214.0 62.9
5 140.0 136.9
3 82.0 58.5
3 56.0 78.3
3 106.0 111.4
3 326.0 265.0
4 104.0 74.5
4 6.0 6.5
2 198.0 186.1
5 114.0 91.2
3 282.0 279.8
5 46.0 84.3
4 310.0 317.8
3 114.0 89.8
2 0.0 314.1
3 114.0 122.0
5 242.0 183.9
3 332.0 326.1
5 10.0 25.3
2 288.0 323.8
3 134.0 161.4
2 150.0 256.2
5 38.0 50.6
5 206.0 189.4
3 160.0 212.5
2 230.0 170.1
2 68.0 91.5
4 230.0 218.7
4 146.0 196.3
4 112.0 114.9
4 48.0 80.2
5 102.0 112.5
3 234.0 190.3
3 190.0 184.4
5 358.0 346.3
2 146.0 197.7
4 24.0 26.8
5 16.0 15.4
3 250.0 206.3
4 230.0 232.3
5 8.0 6.5
2 150.0 190.1
3 244.0 200.3
5 2.0 358.9
5 114.0 120.2
4 340.0 329.5
4 232.0 235.1
3 54.0 94.8
2 188.0 235.7
2 144.0 114.6
3 158.0 186.0
4 206.0 183.5
3 114.0 97.9
4 2.0 4.7
2 340.0 165.5
4 170.0 245.3
5 128.0 135.0
5 18.0 16.3
2 142.0 61.2
5 210.0 158.1
4 270.0 256.4
3 26.0 49.7
5 62.0 47.9
3 350.0 357.1
4 246.0 252.8
3 146.0 132.2
5 328.0 320.7
3 352.0 327.2
4 320.0 311.4
4 102.0 45.1
4 294.0 306.3
5 228.0 240.8
3 180.0 267.3
5 328.0 343.1
4 82.0 47.6
3 354.0 3.6
5 62.0 75.4
5 140.0 200.5
4 336.0 345.0
3 234.0 193.1
4 178.0 175.3
2 82.0 75.7
5 116.0 108.8
4 228.0 170.4
5 166.0 217.1
2 82.0 165.0
4 312.0 319.4
2 84.0 103.2
3 214.0 255.3
2 330.0 39.4
5 14.0 17.4
3 122.0 96.6
5 222.0 152.7
5 38.0 49.0
4 94.0 117.4
3 118.0 92.1
3 352.0 299.1
4 216.0 222.6
5 258.0 233.7
5 302.0 309.0
5 172.0 210.8
2 144.0 250.4
4 332.0 328.7
4 326.0 301.5
2 78.0 85.9
2 274.0 285.7
5 284.0 286.2
4 296.0 306.1
5 104.0 107.2
4 330.0 298.8
2 248.0 318.5
4 204.0 205.2
5 104.0 64.4
5 32.0 30.6
3 142.0 151.8
4 70.0 77.4
5 8.0 9.2
3 336.0 299.2
4 278.0 256.8
2 130.0 63.7
4 72.0 57.0
3 102.0 62.8
3 334.0 318.8
3 142.0 135.2
5 224.0 233.4
2 312.0 6.3
3 332.0 325.1
5 24.0 21.5
2 212.0 175.7
3 270.0 289.7
2 8.0 7.7
2 88.0 70.7
5 222.0 193.7
3 78.0 32.0
3 118.0 114.7
2 78.0 99.0
3 214.0 169.8
5 54.0 60.2
5 332.0 326.1
2 36.0 56.0
3 122.0 114.5
3 98.0 55.2
2 270.0 318.4
4 132.0 132.2
3 358.0 348.1
2 18.0 349.5
2 104.0 110.8
4 342.0 329.3
4 334.0 309.1
2 62.0 117.8
3 96.0 86.3
4 222.0 214.8
2 162.0 99.7
4 152.0 194.3
3 354.0 343.7
5 304.0 324.3
2 272.0 285.0
5 250.0 249.0
3 114.0 114.7
4 298.0 298.5
5 244.0 245.9
4 196.0 150.4
2 258.0 274.7
3 104.0 69.8
2 278.0 282.5
4 10.0 18.7
2 298.0 266.2
5 274.0 272.9
2 114.0 84.3
5 16.0 10.7
3 340.0 305.7
3 50.0 138.5
5 6.0 62.0
2 308.0 92.1
2 38.0 319.4
5 68.0 62.2
5 314.0 320.6
3 330.0 334.3
3 358.0 341.2
3 184.0 244.6
3 68.0 110.4
2 46.0 64.6
3 132.0 145.6
5 4.0 350.6
5 180.0 220.2
3 110.0 106.9
4 98.0 74.3
2 4.0 275.8
3 90.0 59.9
3 148.0 123.6
5 264.0 269.6
3 230.0 102.0
4 278.0 305.5
5 6.0 0.1
2 218.0 272.2
2 352.0 250.7
3 240.0 217.8
2 76.0 5.5
2 336.0 329.5
5 152.0 179.9
5 208.0 190.2
4 248.0 132.8
4 204.0 209.5
5 252.0 258.7
5 82.0 66.7
5 42.0 58.3
3 350.0 4.9
2 260.0 289.4
3 58.0 50.6
2 62.0 268.1
5 280.0 282.4
2 38.0 105.6
4 28.0 23.1
3 184.0 176.2
2 314.0 263.4
2 102.0 41.7
2 154.0 110.5
4 84.0 112.2
3 184.0 201.9
4 328.0 57.5
4 214.0 130.2
3 204.0 258.1
4 22.0 16.2
5 184.0 194.2
3 8.0 19.3
3 286.0 72.5
2 294.0 288.1
2 234.0 82.3
2 98.0 62.4
4 44.0 157.1
2 66.0 136.8
5 248.0 184.2
2 176.0 120.4
3 190.0 212.8
4 346.0 304.3
2 160.0 243.6
4 168.0 161.9
3 274.0 268.6
4 260.0 296.8
5 238.0 150.1
5 146.0 134.9
4 244.0 250.4
4 170.0 181.8
2 236.0 280.3
3 94.0 82.7
5 118.0 122.3
3 146.0 193.8
4 242.0 206.0
3 22.0 23.0
4 346.0 330.6
2 330.0 86.4
3 264.0 223.0
4 310.0 310.3
2 280.0 332.3
4 106.0 96.5
4 288.0 289.1
5 64.0 95.8
3 326.0 6.6
2 126.0 108.0
4 276.0 284.9
4 266.0 195.2
4 252.0 213.3
3 240.0 220.1
3 48.0 111.8
3 248.0 280.8
4 280.0 286.6
2 12.0 39.9
2 102.0 90.3
3 158.0 178.8
5 290.0 293.8
4 284.0 222.1
2 96.0 43.6
2 116.0 85.1
5 0.0 352.4
2 136.0 86.7
2 86.0 43.3
2 22.0 67.3
2 344.0 341.4
2 74.0 15.7
4 140.0 183.8
4 312.0 294.1
3 156.0 123.6
2 278.0 298.2
5 40.0 36.9
3 60.0 120.4
5 252.0 258.4
3 240.0 315.6
2 4.0 311.9
4 138.0 134.3
4 278.0 273.8
4 84.0 47.8
3 18.0 19.6
5 184.0 169.0
2 138.0 304.5
5 20.0 11.8
5 348.0 335.7
4 252.0 256.7
4 190.0 222.7
4 256.0 261.4
5 30.0 30.1
4 296.0 314.5
4 122.0 105.8
5 334.0 324.7
5 300.0 339.6
5 114.0 116.3
5 24.0 33.3
5 338.0 328.5
4 202.0 24.0
5 336.0 328.5
4 140.0 148.4
2 354.0 337.7
4 162.0 156.8
3 342.0 48.5
3 96.0 86.7
5 338.0 330.2
2 122.0 56.9
3 66.0 47.1
2 260.0 175.0
2 232.0 320.2
2 202.0 274.6
2 174.0 270.4
3 116.0 102.1
4 324.0 286.1
4 224.0 156.5
5 308.0 321.7
3 36.0 83.3
2 152.0 269.0
2 320.0 24.9
2 254.0 345.2
2 182.0 193.1
4 40.0 45.8
5 48.0 56.2
5 44.0 54.0
4 112.0 72.1
5 188.0 158.8
2 196.0 247.3
2 176.0 306.8
5 290.0 293.3
2 52.0 167.3
2 62.0 100.3
2 62.0 108.5
2 194.0 304.9
2 230.0 280.6
4 330.0 359.8
2 310.0 39.2
3 114.0 101.5
3 328.0 309.7
3 296.0 311.1
3 246.0 190.4
3 16.0 12.1
3 340.0 327.0
4 200.0 169.3
2 216.0 18.1
2 2.0 348.4
5 98.0 89.1
3 270.0 240.1
3 304.0 290.3
3 14.0 346.3
2 42.0 74.8
4 124.0 117.8
3 96.0 155.9
3 302.0 298.2
5 30.0 313.6
2 192.0 33.0
3 60.0 73.0
3 158.0 188.6
3 246.0 198.0
2 182.0 90.5
4 354.0 350.0
3 66.0 69.3
2 310.0 323.2
4 10.0 339.5
3 164.0 198.5
3 350.0 350.2
5 54.0 89.6
3 192.0 132.1
3 298.0 310.5
4 250.0 235.7
3 10.0 355.7
4 272.0 278.7
4 226.0 139.7
4 144.0 135.1
2 168.0 133.0
2 244.0 301.2
4 278.0 262.6
4 18.0 14.0
5 108.0 242.1
5 46.0 59.8
4 54.0 102.1
4 254.0 203.8
3 326.0 306.8
4 182.0 135.0
2 348.0 350.3
5 238.0 197.3
5 56.0 68.6
3 136.0 134.1
2 10.0 7.9
2 264.0 37.8
2 222.0 214.7
3 148.0 154.2
4 346.0 349.0
4 30.0 21.6
5 324.0 315.5
5 4.0 326.6
2 84.0 78.0
2 222.0 356.1
2 320.0 294.4
4 62.0 98.6
2 64.0 14.4
2 14.0 347.5
2 308.0 307.2
5 60.0 356.6
4 118.0 113.0
4 210.0 201.8
4 100.0 103.6
5 184.0 219.2
2 100.0 282.5
2 30.0 30.8
5 214.0 190.2
4 194.0 198.5
2 358.0 6.8
2 72.0 51.3
3 358.0 322.8
5 172.0 190.8
3 260.0 247.3
2 148.0 282.3
2 242.0 268.4
5 50.0 66.9
4 148.0 200.8
3 160.0 195.5
3 152.0 258.5
5 82.0 83.4
4 12.0 165.5
5 82.0 80.9
4 232.0 198.8
2 334.0 313.5
4 48.0 69.3
4 228.0 203.6
2 98.0 73.5
4 226.0 183.3
3 54.0 58.9
2 34.0 72.2
3 218.0 139.7
4 146.0 197.2
4 170.0 220.7
5 294.0 289.0
2 170.0 59.7
2 136.0 356.2
5 348.0 323.7
4 52.0 75.9
2 176.0 237.9
5 126.0 98.7
2 314.0 189.0
3 172.0 246.7
4 98.0 56.5
3 180.0 196.2
4 124.0 116.4
3 338.0 346.0
5 332.0 335.6
5 102.0 87.6
4 314.0 302.2
4 214.0 206.9
2 168.0 164.6
3 284.0 294.1
5 254.0 230.2
3 326.0 347.6
5 120.0 118.7
2 302.0 277.5
3 354.0 343.8
3 2.0 15.9
2 122.0 218.1
2 4.0 32.7
2 342.0 354.0
3 180.0 196.4
5 180.0 189.0
3 14.0 13.8
5 252.0 253.6
3 136.0 139.7
3 150.0 169.0
3 272.0 254.6
3 258.0 244.9
3 162.0 249.1
4 6.0 352.7
4 266.0 280.4
3 352.0 329.5
4 272.0 289.8
4 190.0 237.9
4 284.0 278.0
2 204.0 229.3
4 292.0 314.0
2 154.0 194.7
5 186.0 179.5
4 316.0 311.3
4 346.0 332.0
4 232.0 184.1
2 58.0 43.6
4 36.0 36.7
3 260.0 242.9
4 222.0 247.1
2 200.0 283.5
5 188.0 178.1
5 198.0 186.2
3 108.0 112.6
3 162.0 189.3
3 56.0 188.6
4 312.0 313.4
4 88.0 56.9
4 216.0 227.5
3 292.0 270.1
4 234.0 279.4
5 356.0 5.0
4 274.0 272.5
5 96.0 69.8
2 6.0 219.8
3 222.0 262.0
5 256.0 243.8
3 326.0 297.6
4 330.0 338.7
5 168.0 210.9
4 314.0 316.8
3 218.0 187.8
5 138.0 166.7
3 272.0 313.8
4 68.0 84.9
5 308.0 310.1
5 182.0 158.8
2 108.0 126.9
3 246.0 264.0
5 254.0 265.1
5 186.0 198.1
3 296.0 311.6
5 188.0 213.7
5 324.0 351.1
2 168.0 177.6
5 350.0 347.4
3 118.0 96.0
4 10.0 9.6
4 60.0 218.4
5 290.0 291.9
4 248.0 234.4
3 252.0 263.3
2 246.0 150.9
5 122.0 116.1
5 308.0 306.3
5 204.0 196.8
5 286.0 286.8
5 358.0 8.5
5 96.0 95.7
3 222.0 154.1
3 32.0 46.2
3 38.0 31.0
3 342.0 12.1
4 164.0 196.9
3 268.0 250.3
2 250.0 258.7
2 10.0 31.9
3 132.0 165.0
2 170.0 267.9
2 70.0 351.8
2 348.0 253.8
3 112.0 110.9
5 138.0 149.5
2 294.0 226.9
5 348.0 2.6
5 12.0 17.5
4 350.0 353.1
4 218.0 227.3
2 60.0 27.2
3 268.0 288.6
4 296.0 301.5
2 236.0 289.6
4 222.0 182.5
3 130.0 181.3
5 342.0 276.3
2 80.0 34.0
2 178.0 80.3
5 198.0 182.8
3 342.0 324.5
3 176.0 150.8
5 244.0 234.3
3 350.0 327.8
3 242.0 237.8
2 54.0 79.4
5 24.0 249.9
3 28.0 16.0
3 228.0 151.8
5 268.0 247.7
3 6.0 14.9
3 82.0 107.8
2 64.0 23.3
3 56.0 71.1
2 328.0 223.7
5 132.0 173.8
4 350.0 346.2
3 178.0 131.1
5 308.0 323.5
5 204.0 208.7
4 250.0 231.6
5 8.0 20.4
2 150.0 120.1
5 2.0 355.0
3 114.0 82.5
3 340.0 310.0
4 232.0 211.5
2 188.0 168.8
5 158.0 197.3
4 206.0 224.1
2 114.0 133.4
5 2.0 7.4
4 170.0 180.1
3 18.0 5.3
2 142.0 124.2
2 270.0 219.3
2 62.0 7.5
2 246.0 236.1
5 146.0 166.7
2 352.0 264.4
3 102.0 128.8
5 294.0 313.8
2 180.0 358.6
2 328.0 16.2
2 82.0 203.3
2 140.0 140.6
2 336.0 302.5
5 178.0 191.7
3 82.0 92.1
4 166.0 174.1
4 82.0 43.1
4 312.0 325.8
2 84.0 55.7
3 330.0 345.4
2 222.0 261.1
2 352.0 328.9
4 216.0 170.2
4 258.0 200.6
2 172.0 260.3
5 332.0 346.0
5 326.0 343.7
3 78.0 98.9
3 274.0 53.9
4 284.0 302.8
5 296.0 293.1
4 104.0 97.2
4 104.0 74.6
5 32.0 29.3
3 142.0 180.5
3 70.0 59.7
2 8.0 311.9
4 278.0 263.8
2 72.0 215.3
5 102.0 106.1
5 334.0 318.8
3 142.0 192.5
2 312.0 275.9
3 332.0 350.5
4 24.0 27.3
3 212.0 223.9
2 270.0 254.1
2 78.0 22.3
2 78.0 94.7
5 214.0 228.8
2 36.0 131.9
2 122.0 63.7
3 98.0 93.1
3 270.0 296.1
2 132.0 177.2
4 358.0 334.6
3 18.0 14.6
3 104.0 74.3
2 342.0 345.7
5 334.0 309.1
3 222.0 197.3
3 162.0 229.3
4 152.0 165.5
5 354.0 345.8
3 304.0 313.2
2 272.0 281.7
2 164.0 128.4
3 286.0 308.4
3 270.0 278.8
5 174.0 148.3
5 136.0 141.1
5 202.0 173.9
3 190.0 252.2
4 70.0 68.9
3 172.0 163.9
4 254.0 275.3
3 344.0 288.2
2 164.0 259.9
2 332.0 154.2
3 348.0 291.2
2 246.0 112.7
2 338.0 347.0
5 212.0 244.8
2 212.0 173.3
4 278.0 278.8
4 234.0 218.3
4 326.0 313.6
2 290.0 12.2
4 178.0 208.3
4 30.0 17.7
4 350.0 1.6
2 36.0 84.7
4 248.0 194.9
2 72.0 7.9
2 12.0 48.4
5 258.0 246.2
4 70.0 42.3
2 6.0 262.4
4 320.0 335.3
2 244.0 270.5
3 80.0 46.7
4 22.0 18.1
5 44.0 37.2
4 84.0 81.5
5 244.0 258.9
3 218.0 142.3
3 256.0 186.9
2 332.0 95.8
3 198.0 171.4
2 348.0 281.3
3 184.0 209.1
3 166.0 145.2
5 270.0 264.9
4 194.0 143.2
4 278.0 291.9
3 266.0 238.7
3 102.0 59.7
5 172.0 191.6
5 40.0 42.9
2 258.0 104.3
3 308.0 328.8
5 60.0 84.9
2 200.0 154.0
5 74.0 78.3
5 266.0 287.5
2 216.0 144.4
3 192.0 336.8
5 220.0 220.1
5 278.0 144.6
5 52.0 51.8
5 110.0 70.3
4 98.0 69.0
5 30.0 28.2
2 226.0 59.2
4 28.0 25.2
5 330.0 293.7
2 112.0 164.0
5 148.0 165.8
5 172.0 217.3
4 178.0 175.0
2 210.0 191.0
4 120.0 96.4
4 10.0 4.4
2 26.0 349.6
5 112.0 93.8
4 254.0 280.9
3 156.0 156.1
3 174.0 213.9
3 306.0 322.8
4 354.0 3.7
3 120.0 78.3
3 62.0 117.5
5 266.0 282.6
5 134.0 312.4
3 344.0 329.2
5 82.0 77.9
2 26.0 50.2
2 16.0 32.9
2 222.0 298.0
2 92.0 223.1
5 100.0 81.8
4 298.0 296.8
3 296.0 277.2
4 330.0 340.1
4 296.0 327.1
2 74.0 105.4
2 108.0 206.0
3 262.0 258.1
5 144.0 141.8
5 28.0 18.6
4 182.0 223.0
3 86.0 101.0
5 120.0 121.7
3 350.0 344.7
5 244.0 232.6
3 160.0 248.6
4 254.0 235.6
2 192.0 295.2
4 112.0 117.4
4 110.0 113.4
2 222.0 225.5
5 290.0 130.4
5 250.0 196.0
4 2.0 2.7
5 106.0 84.8
4 258.0 199.4
2 304.0 39.5
3 278.0 304.2
5 186.0 189.2
4 242.0 258.5
3 66.0 76.1
2 298.0 328.6
4 124.0 114.5
5 298.0 282.4
5 314.0 310.7
4 340.0 342.6
2 58.0 209.5
2 174.0 160.7
4 214.0 315.9
2 2.0 45.7
4 184.0 232.0
5 280.0 272.0
4 214.0 185.6
2 192.0 228.1
4 14.0 16.3
5 196.0 197.7
2 320.0 1.8
3 294.0 297.0
4 68.0 56.2
2 40.0 36.5
3 262.0 279.1
5 128.0 124.9
5 136.0 165.2
3 204.0 218.5
4 22.0 16.0
4 174.0 210.3
2 162.0 189.6
2 226.0 128.6
4 182.0 191.6
2 138.0 209.4
4 106.0 81.8
2 282.0 293.4
3 260.0 268.8
2 218.0 33.8
2 354.0 352.9
5 58.0 90.1
3 44.0 113.1
4 348.0 351.9
2 324.0 337.0
5 78.0 77.2
5 260.0 231.6
5 316.0 330.6
4 148.0 165.7
4 62.0 67.3
5 342.0 325.8
3 252.0 261.3
4 242.0 211.7
5 44.0 53.8
4 248.0 203.2
5 212.0 231.5
4 28.0 20.0
5 352.0 353.2
5 330.0 312.8
5 358.0 340.9
4 196.0 166.2
2 64.0 93.9
4 182.0 199.7
2 80.0 96.4
4 164.0 237.6
3 206.0 209.6
5 298.0 319.2
3 198.0 227.5
5 158.0 194.2
5 90.0 72.4
4 312.0 349.2
2 110.0 335.9
2 156.0 157.6
4 164.0 232.1
4 84.0 63.5
4 174.0 212.1
4 54.0 68.4
2 146.0 233.7
5 314.0 317.2
2 94.0 69.7
2 248.0 0.7
4 226.0 182.0
4 200.0 133.5
2 76.0 69.9
4 336.0 322.1
2 354.0 100.9
4 274.0 263.9
4 272.0 273.8
4 170.0 237.7
3 308.0 317.1
2 84.0 90.0
3 104.0 119.0
4 24.0 32.0
3 310.0 318.2
2 10.0 105.8
2 24.0 32.9
5 356.0 357.1
2 116.0 107.1
3 286.0 341.3
5 232.0 201.5
3 14.0 14.4
2 226.0 50.3
3 56.0 75.0
5 332.0 0.6
3 210.0 204.2
5 152.0 200.1
3 148.0 162.7
3 342.0 359.2
3 14.0 16.7
2 62.0 284.6
3 356.0 334.3
3 214.0 173.0
2 306.0 322.5
5 326.0 310.6
4 280.0 281.6
3 284.0 298.2
5 314.0 330.5
5 34.0 31.8
2 214.0 307.4
3 36.0 41.9
4 54.0 85.5
5 192.0 166.1
4 324.0 300.9
3 248.0 193.8
2 118.0 211.7
5 42.0 43.9
4 270.0 253.5
3 232.0 215.3
3 294.0 294.5
3 278.0 237.3
5 254.0 253.3
2 132.0 238.5
5 254.0 254.2
5 4.0 347.4
2 300.0 287.6
2 268.0 304.2
3 6.0 342.3
5 194.0 214.0
5 130.0 122.7
4 354.0 347.5
5 132.0 153.5
5 312.0 326.0
3 24.0 30.3
3 280.0 302.2
2 156.0 227.2
5 60.0 99.6
2 282.0 288.3
3 42.0 33.0
2 260.0 213.4
3 116.0 87.9
4 38.0 34.7
4 230.0 273.7
5 198.0 180.5
5 8.0 360.0
2 48.0 49.1
3 340.0 357.9
3 300.0 340.5
5 268.0 262.7
5 100.0 119.8
2 352.0 46.8
3 18.0 5.2
3 322.0 308.2
4 78.0 81.7
2 168.0 194.0
3 144.0 244.9
4 22.0 35.6
5 22.0 15.1
5 192.0 166.8
2 72.0 147.5
2 62.0 37.8
3 48.0 88.1
2 126.0 71.2
3 26.0 23.7
5 146.0 173.9
5 236.0 196.4
2 50.0 7.6
3 334.0 329.8
2 180.0 95.0
4 100.0 108.3
2 20.0 16.8
2 208.0 309.4
4 276.0 220.6
2 258.0 121.7
4 250.0 200.8
4 306.0 294.5
2 104.0 73.1
2 342.0 349.3
4 308.0 300.3
4 70.0 88.0
5 300.0 293.5
5 278.0 272.8
5 34.0 28.0
4 286.0 271.1
3 146.0 131.5
3 26.0 18.4
5 194.0 182.5
5 304.0 298.8
2 62.0 173.2
3 306.0 335.5
2 64.0 128.6
2 330.0 347.7
5 124.0 137.2
2 152.0 212.9
5 320.0 336.6
2 76.0 90.5
3 268.0 274.1
2 198.0 104.6
4 246.0 257.4
3 10.0 348.0
3 246.0 172.6
3 190.0 174.7
2 94.0 115.2
2 12.0 352.8
5 234.0 213.3
2 222.0 189.3
2 104.0 163.4
5 56.0 53.8
4 20.0 20.3
2 156.0 338.9
3 94.0 120.8
2 306.0 285.2
3 138.0 188.1
4 260.0 259.1
5 242.0 248.2
4 60.0 71.2
3 28.0 8.6
3 32.0 28.0
5 240.0 228.2
4 102.0 87.2
2 42.0 59.3
4 70.0 140.9
4 186.0 176.3
4 58.0 93.9
5 300.0 309.4
3 202.0 190.3
5 80.0 63.0
5 150.0 132.4
2 130.0 46.9
4 296.0 296.7
3 332.0 332.4
5 160.0 197.1
5 222.0 165.2
