sigma2_stimulus 	 [0.0]
log_motor_var 	 [6.49498987197876]
sigma_logit 	 [-3.0, 0.8610827922821045, -1.4008985757827759, -3.219881057739258, -3.7730233669281006, -4.337666988372803, -4.800000190734863, -5.300000190734863, -5.800000190734863, -6.300000190734863]
mixture_logit 	 [-3.1963789463043213]
prior 	 [0.5171023011207581, 0.5712746381759644, 0.6229034662246704, 0.6712584495544434, 0.7156386375427246, 0.7553845047950745, 0.7898880839347839, 0.8186027407646179, 0.8410524129867554, 0.856840193271637, 0.8656548857688904, 0.8672778606414795, 0.8615869283676147, 0.8485602140426636, 0.8282777667045593, 0.8009216785430908, 0.7667750120162964, 0.7262191772460938, 0.6797286868095398, 0.6278663277626038, 0.5712753534317017, 0.5106704831123352, 0.44682902097702026, 0.3805789649486542, 0.3127877712249756, 0.24435020983219147, 0.17617450654506683, 0.10916958749294281, 0.0442313477396965, -0.017770439386367798, -0.07600532472133636, -0.12969501316547394, -0.17812496423721313, -0.22065520286560059, -0.2567305564880371, -0.28588882088661194, -0.3077685534954071, -0.32211464643478394, -0.3287821412086487, -0.327739417552948, -0.31906837224960327, -0.30296415090560913, -0.27973175048828125, -0.2497827559709549, -0.21362854540348053, -0.1718735694885254, -0.12520620226860046, -0.07438862323760986, -0.020246796309947968, 0.03634338080883026, 0.09446685016155243, 0.15318447351455688, 0.2115454226732254, 0.2686014473438263, 0.32342034578323364, 0.3750995099544525, 0.4227776825428009, 0.465648889541626, 0.502972424030304, 0.5340823531150818, 0.5583991408348083, 0.5754342079162598, 0.5847975015640259, 0.5862035751342773, 0.5794724822044373, 0.5645322799682617, 0.5414195656776428, 0.5102778077125549, 0.4713536202907562, 0.42499321699142456, 0.37163475155830383, 0.31180495023727417, 0.24610596895217896, 0.17521041631698608, 0.09984929114580154, 0.020802482962608337, -0.06111365556716919, -0.14505630731582642, -0.2301681935787201, -0.3155883252620697, -0.400463342666626, -0.48395952582359314, -0.5652704238891602, -0.6436285972595215, -0.7183125019073486, -0.7886539101600647, -0.8540480136871338, -0.913953423500061, -0.9679020643234253, -1.0154979228973389, -1.0564229488372803, -1.0904351472854614, -1.1173697710037231, -1.1371387243270874, -1.1497265100479126, -1.155189037322998, -1.1536486148834229, -1.1452901363372803, -1.1303545236587524, -1.1091350317001343, -1.081968903541565, -1.0492336750030518, -1.0113378763198853, -0.9687179327011108, -0.9218284487724304, -0.8711395263671875, -0.8171278834342957, -0.7602736949920654, -0.701055645942688, -0.6399441361427307, -0.5774004459381104, -0.5138721466064453, -0.44978898763656616, -0.38556337356567383, -0.3215871751308441, -0.2582298815250397, -0.19583994150161743, -0.13474345207214355, -0.07524523138999939, -0.01762564852833748, 0.03785258159041405, 0.09094816446304321, 0.141438826918602, 0.18911923468112946, 0.23380379378795624, 0.27532055974006653, 0.3135148584842682, 0.34824615716934204, 0.37939026951789856, 0.40683791041374207, 0.4304943084716797, 0.450282484292984, 0.4661424458026886, 0.478031724691391, 0.48592808842658997, 0.4898316264152527, 0.48976612091064453, 0.48577961325645447, 0.47794654965400696, 0.4663725793361664, 0.45119184255599976, 0.4325713813304901, 0.410710871219635, 0.3858441710472107, 0.35823848843574524, 0.32819604873657227, 0.29605257511138916, 0.26217329502105713, 0.2269551157951355, 0.1908217966556549, 0.15422192215919495, 0.11762087047100067, 0.08150241523981094, 0.04635939747095108, 0.012689471244812012, -0.019011959433555603, -0.048257797956466675, -0.074574775993824, -0.09751242399215698, -0.11664901673793793, -0.1315995752811432, -0.1420203149318695, -0.1476176381111145, -0.1481536626815796, -0.14345073699951172, -0.13339614868164062, -0.11794617772102356, -0.09713247418403625, -0.07105714082717896, -0.03990253806114197, -0.003922462463378906, 0.0365525484085083, 0.08112245798110962, 0.12931537628173828, 0.18059968948364258, 0.2343858778476715, 0.2900311052799225, 0.3468540906906128, 0.4041351079940796, 0.46113696694374084]
volume 	 [0.25855115056037903, 0.2856373190879822, 0.3114517331123352, 0.3356292247772217, 0.3578193187713623, 0.37769225239753723, 0.39494404196739197, 0.40930137038230896, 0.4205262064933777, 0.4284200966358185, 0.4328274428844452, 0.43363893032073975, 0.4307934641838074, 0.4242801070213318, 0.41413888335227966, 0.4004608392715454, 0.3833875060081482, 0.3631095886230469, 0.3398643434047699, 0.3139331638813019, 0.28563767671585083, 0.2553352415561676, 0.22341451048851013, 0.1902894824743271, 0.1563938856124878, 0.12217510491609573, 0.08808725327253342, 0.054584793746471405, 0.02211567386984825, -0.008885219693183899, -0.03800266236066818, -0.06484750658273697, -0.08906248211860657, -0.11032760143280029, -0.12836527824401855, -0.14294441044330597, -0.15388427674770355, -0.16105732321739197, -0.16439107060432434, -0.163869708776474, -0.15953418612480164, -0.15148207545280457, -0.13986587524414062, -0.12489137798547745, -0.10681427270174026, -0.0859367847442627, -0.06260310113430023, -0.03719431161880493, -0.010123398154973984, 0.01817169040441513, 0.047233425080776215, 0.07659223675727844, 0.1057727113366127, 0.13430072367191315, 0.16171017289161682, 0.18754975497722626, 0.21138884127140045, 0.232824444770813, 0.251486212015152, 0.2670411765575409, 0.2791995704174042, 0.2877171039581299, 0.29239875078201294, 0.29310178756713867, 0.28973624110221863, 0.28226613998413086, 0.2707097828388214, 0.25513890385627747, 0.2356768101453781, 0.21249660849571228, 0.18581737577915192, 0.15590247511863708, 0.12305298447608948, 0.08760520815849304, 0.04992464557290077, 0.010401241481304169, -0.030556827783584595, -0.07252815365791321, -0.11508409678936005, -0.15779416263103485, -0.200231671333313, -0.24197976291179657, -0.2826352119445801, -0.32181429862976074, -0.3591562509536743, -0.39432695508003235, -0.4270240068435669, -0.4569767117500305, -0.48395103216171265, -0.5077489614486694, -0.5282114744186401, -0.5452175736427307, -0.5586848855018616, -0.5685693621635437, -0.5748632550239563, -0.577594518661499, -0.5768243074417114, -0.5726450681686401, -0.5651772618293762, -0.5545675158500671, -0.5409844517707825, -0.5246168375015259, -0.5056689381599426, -0.4843589663505554, -0.4609142243862152, -0.43556976318359375, -0.4085639417171478, -0.3801368474960327, -0.350527822971344, -0.31997206807136536, -0.2887002229690552, -0.25693607330322266, -0.22489449381828308, -0.19278168678283691, -0.16079358756542206, -0.12911494076251984, -0.09791997075080872, -0.06737172603607178, -0.037622615694999695, -0.00881282426416874, 0.018926290795207024, 0.045474082231521606, 0.070719413459301, 0.09455961734056473, 0.11690189689397812, 0.13766027987003326, 0.1567574292421341, 0.17412307858467102, 0.18969513475894928, 0.20341895520687103, 0.21524715423583984, 0.225141242146492, 0.2330712229013443, 0.2390158623456955, 0.24296404421329498, 0.24491581320762634, 0.24488306045532227, 0.24288980662822723, 0.23897327482700348, 0.2331862896680832, 0.22559592127799988, 0.21628569066524506, 0.2053554356098175, 0.19292208552360535, 0.17911924421787262, 0.16409802436828613, 0.14802628755569458, 0.13108664751052856, 0.11347755789756775, 0.09541089832782745, 0.07711096107959747, 0.058810435235500336, 0.04075120761990547, 0.02317969873547554, 0.006344735622406006, -0.009505979716777802, -0.024128898978233337, -0.037287387996912, -0.04875621199607849, -0.058324508368968964, -0.0657997876405716, -0.07101015746593475, -0.07380881905555725, -0.0740768313407898, -0.07172536849975586, -0.06669807434082031, -0.05897308886051178, -0.04856623709201813, -0.03552857041358948, -0.019951269030570984, -0.001961231231689453, 0.01827627420425415, 0.04056122899055481, 0.06465768814086914, 0.09029984474182129, 0.11719293892383575, 0.14501555263996124, 0.1734270453453064, 0.2020675539970398, 0.23056848347187042]
=======
4 110.0 118.7
5 276.0 268.1
3 118.0 102.7
3 86.0 55.5
5 240.0 237.5
2 238.0 266.7
3 198.0 153.0
4 78.0 334.7
5 166.0 156.7
2 236.0 191.6
2 260.0 347.7
3 332.0 315.1
4 104.0 109.0
5 338.0 328.3
5 238.0 212.6
3 272.0 42.4
3 242.0 256.7
3 312.0 277.1
4 326.0 304.5
2 100.0 135.0
3 104.0 140.9
4 118.0 136.5
2 208.0 267.5
5 78.0 69.2
3 76.0 95.8
5 44.0 37.1
5 128.0 64.8
4 32.0 29.6
3 68.0 74.6
5 56.0 50.2
3 354.0 12.8
3 272.0 264.3
2 284.0 288.4
5 202.0 248.2
4 138.0 130.8
5 46.0 38.4
4 228.0 228.9
5 190.0 148.0
2 298.0 305.1
4 328.0 352.9
4 184.0 154.6
3 140.0 96.8
5 86.0 68.4
5 120.0 123.0
5 222.0 223.8
3 146.0 133.2
4 354.0 336.8
5 268.0 266.3
4 170.0 189.3
5 28.0 42.6
3 182.0 143.1
4 80.0 88.5
2 340.0 331.6
3 196.0 173.7
5 16.0 21.2
5 108.0 113.5
3 104.0 99.7
5 26.0 22.5
4 4.0 345.7
2 12.0 5.3
3 104.0 128.2
5 60.0 89.1
3 344.0 340.8
2 284.0 8.5
3 172.0 155.8
5 248.0 237.9
5 106.0 90.9
2 242.0 328.8
5 352.0 3.4
5 68.0 50.0
3 144.0 194.3
4 150.0 140.5
5 314.0 312.8
4 120.0 111.0
4 354.0 8.9
4 324.0 333.8
5 186.0 168.2
5 94.0 86.4
3 158.0 219.5
3 306.0 301.4
5 52.0 65.2
2 22.0 23.8
2 266.0 344.4
2 262.0 228.6
4 82.0 105.0
2 172.0 39.2
4 274.0 283.0
4 86.0 92.4
4 178.0 49.5
4 294.0 287.6
3 320.0 328.2
2 238.0 196.8
2 16.0 63.0
4 74.0 97.1
3 298.0 103.1
3 122.0 117.4
3 182.0 256.1
4 46.0 35.2
5 104.0 100.2
5 226.0 228.5
5 314.0 306.0
2 232.0 117.2
4 224.0 190.9
4 248.0 262.0
5 234.0 252.4
2 280.0 321.5
5 302.0 311.9
5 152.0 165.7
4 124.0 115.4
4 190.0 263.4
5 166.0 157.0
2 296.0 319.3
3 280.0 265.8
5 72.0 66.6
2 104.0 54.2
2 196.0 113.4
4 226.0 240.3
5 330.0 354.2
4 232.0 216.0
4 116.0 118.7
4 2.0 11.8
3 164.0 167.1
2 348.0 327.4
2 356.0 335.6
5 52.0 63.4
3 120.0 135.0
3 158.0 137.6
2 332.0 45.2
2 78.0 19.1
2 170.0 114.3
5 288.0 281.3
5 178.0 208.8
2 150.0 211.2
3 168.0 208.5
4 264.0 275.8
2 14.0 4.0
3 20.0 28.8
5 206.0 215.5
3 358.0 355.5
5 324.0 312.9
3 54.0 25.4
3 14.0 358.3
5 10.0 295.5
2 132.0 211.1
5 254.0 261.8
3 300.0 284.4
4 38.0 57.1
2 274.0 278.4
5 0.0 1.5
4 184.0 208.0
4 266.0 266.3
3 174.0 196.4
2 106.0 151.2
5 202.0 177.1
4 12.0 5.5
5 140.0 141.5
4 316.0 308.0
3 38.0 40.4
2 88.0 70.5
5 282.0 289.4
5 314.0 304.0
5 236.0 243.4
2 240.0 107.5
3 190.0 219.9
4 346.0 313.7
4 114.0 140.4
4 154.0 151.3
5 280.0 265.5
4 328.0 328.4
3 212.0 195.7
3 70.0 60.1
5 358.0 357.8
2 190.0 285.1
4 148.0 139.1
3 280.0 290.0
2 260.0 324.0
3 14.0 4.6
2 204.0 157.1
2 92.0 165.3
4 48.0 51.0
2 184.0 303.0
2 102.0 54.5
3 354.0 359.3
3 32.0 158.6
5 142.0 167.0
3 320.0 335.1
2 24.0 359.3
3 130.0 144.0
2 190.0 88.3
2 30.0 290.9
2 108.0 85.6
3 184.0 214.6
5 74.0 98.5
4 310.0 310.4
4 8.0 9.5
5 106.0 118.6
5 62.0 62.1
4 220.0 220.2
2 172.0 94.2
2 266.0 261.6
3 258.0 238.1
2 126.0 70.2
3 304.0 332.6
4 200.0 215.8
5 176.0 202.1
2 12.0 333.5
2 300.0 274.6
4 128.0 110.0
3 168.0 175.4
2 58.0 56.5
2 24.0 354.1
4 210.0 207.8
3 64.0 115.5
2 138.0 114.2
5 100.0 106.1
2 100.0 108.9
3 248.0 277.9
5 106.0 98.7
3 232.0 239.0
4 336.0 322.9
3 12.0 359.8
5 164.0 144.0
3 22.0 31.5
4 154.0 141.5
5 196.0 194.4
2 124.0 44.9
5 308.0 311.7
3 174.0 166.4
3 206.0 224.6
4 58.0 53.3
2 82.0 23.2
2 244.0 142.7
2 164.0 100.8
5 248.0 237.8
2 90.0 75.3
5 10.0 38.0
5 58.0 49.7
3 102.0 105.9
5 52.0 243.1
5 106.0 121.2
3 216.0 206.2
3 54.0 54.2
4 150.0 153.6
3 116.0 106.1
4 90.0 275.6
3 336.0 346.1
4 72.0 62.1
5 326.0 329.1
2 126.0 107.2
4 280.0 286.2
4 94.0 89.6
3 122.0 102.0
5 138.0 145.1
4 14.0 352.9
3 246.0 247.1
3 230.0 244.0
2 10.0 298.3
3 292.0 289.2
5 100.0 106.3
3 234.0 151.9
3 262.0 246.8
2 224.0 176.4
2 4.0 312.2
4 236.0 255.0
2 310.0 286.9
5 14.0 12.1
5 122.0 100.0
3 224.0 240.2
2 356.0 285.8
2 110.0 90.7
4 196.0 155.0
3 22.0 32.8
5 12.0 11.9
5 132.0 136.6
4 240.0 235.7
4 308.0 325.8
3 354.0 336.5
4 34.0 36.1
3 144.0 139.8
3 148.0 164.7
5 252.0 238.2
2 260.0 258.2
5 112.0 112.5
3 178.0 139.1
4 6.0 12.2
3 294.0 305.8
3 286.0 161.7
3 54.0 45.7
2 162.0 192.8
2 326.0 289.5
4 326.0 298.4
5 152.0 140.9
5 250.0 249.9
4 28.0 23.6
4 304.0 301.4
2 188.0 255.5
3 306.0 295.3
2 166.0 115.3
2 146.0 250.5
5 144.0 140.7
5 230.0 251.3
5 120.0 136.3
5 260.0 241.7
5 2.0 17.4
3 28.0 17.2
4 154.0 192.5
3 324.0 313.3
3 294.0 273.4
5 202.0 205.1
5 34.0 30.4
4 84.0 98.2
5 236.0 249.0
5 66.0 72.6
5 312.0 302.0
5 54.0 56.3
2 164.0 116.7
2 54.0 77.8
2 262.0 296.9
5 22.0 16.0
4 264.0 249.6
4 338.0 326.9
5 78.0 62.2
2 172.0 40.8
4 124.0 3.9
4 98.0 114.4
4 134.0 107.0
5 44.0 57.5
4 270.0 270.8
5 200.0 221.5
2 190.0 35.5
5 316.0 311.5
4 196.0 177.5
5 284.0 304.4
5 304.0 317.5
2 10.0 22.5
5 276.0 293.8
5 80.0 71.2
3 218.0 186.3
2 242.0 340.4
4 40.0 29.6
2 136.0 251.3
3 116.0 116.8
3 76.0 73.8
2 228.0 203.8
4 80.0 84.9
3 244.0 241.9
2 164.0 192.3
5 70.0 62.7
4 100.0 113.0
3 178.0 226.7
4 112.0 135.4
3 72.0 105.0
4 340.0 339.7
3 266.0 282.2
5 92.0 101.6
3 228.0 200.5
2 64.0 249.8
3 16.0 14.3
3 4.0 346.7
4 266.0 238.8
2 14.0 9.8
2 72.0 33.7
4 214.0 196.3
3 240.0 241.1
4 0.0 8.4
3 300.0 295.9
3 346.0 322.1
3 302.0 300.1
5 144.0 135.6
4 54.0 74.9
4 40.0 55.4
4 262.0 265.3
3 8.0 10.9
5 244.0 299.4
4 156.0 183.1
4 52.0 189.5
3 180.0 185.2
3 82.0 122.1
2 14.0 358.6
2 156.0 192.6
2 14.0 172.0
3 22.0 27.8
5 218.0 213.7
4 316.0 322.6
4 110.0 99.2
3 220.0 219.2
3 12.0 17.9
4 8.0 27.8
4 276.0 258.6
5 140.0 146.9
4 16.0 10.6
2 236.0 155.9
2 14.0 353.3
2 132.0 105.3
3 152.0 166.5
2 160.0 52.6
3 164.0 146.1
4 278.0 265.6
3 94.0 95.2
2 94.0 34.4
5 20.0 28.1
5 336.0 349.9
2 38.0 331.8
2 196.0 235.5
5 280.0 280.4
2 126.0 56.7
2 94.0 26.3
5 14.0 360.0
2 24.0 10.2
5 208.0 236.9
4 138.0 147.5
5 262.0 259.5
2 154.0 198.8
5 324.0 312.4
3 282.0 284.2
4 82.0 68.1
3 198.0 202.6
2 184.0 131.2
4 30.0 11.5
4 8.0 358.5
3 116.0 82.8
3 234.0 218.6
2 300.0 323.6
2 36.0 51.6
5 30.0 296.4
5 82.0 104.5
5 28.0 25.6
4 100.0 123.2
2 120.0 89.8
5 96.0 115.5
4 130.0 131.3
4 52.0 94.8
5 50.0 62.2
2 114.0 63.6
5 258.0 254.5
4 176.0 168.0
2 172.0 121.2
3 278.0 285.9
5 292.0 280.3
2 318.0 5.1
4 96.0 86.1
3 184.0 200.5
2 316.0 261.0
5 208.0 200.7
3 222.0 189.6
4 2.0 347.6
3 58.0 33.2
2 176.0 254.5
5 46.0 45.2
4 184.0 141.7
5 18.0 9.6
4 316.0 310.8
5 144.0 119.4
4 52.0 58.5
2 62.0 21.1
4 138.0 118.4
3 196.0 162.1
3 234.0 241.1
2 56.0 350.1
5 254.0 257.5
4 346.0 334.2
3 20.0 19.3
5 154.0 157.1
3 264.0 249.0
2 146.0 153.1
4 330.0 342.1
3 166.0 175.9
2 172.0 103.2
2 254.0 13.4
4 22.0 29.0
2 44.0 84.3
2 264.0 340.6
4 80.0 76.7
5 38.0 44.8
4 126.0 126.2
2 166.0 167.8
3 324.0 319.9
4 154.0 151.3
4 272.0 245.6
5 58.0 73.5
2 78.0 318.3
3 2.0 3.9
2 210.0 236.2
3 228.0 253.0
2 216.0 288.6
5 338.0 321.8
4 284.0 282.0
4 62.0 67.7
3 172.0 145.4
5 194.0 214.6
3 264.0 283.5
3 312.0 305.0
3 222.0 216.8
2 298.0 302.3
5 204.0 189.3
2 210.0 166.5
4 262.0 265.7
2 144.0 89.9
5 312.0 287.7
4 30.0 50.0
4 192.0 190.7
3 76.0 93.9
4 264.0 271.9
5 236.0 233.3
5 358.0 0.7
4 158.0 148.7
3 96.0 103.6
5 274.0 251.9
3 110.0 130.9
5 94.0 91.9
4 178.0 196.2
2 30.0 260.7
3 246.0 258.1
5 298.0 207.1
4 130.0 137.7
3 88.0 111.1
5 260.0 252.6
4 66.0 63.5
4 276.0 268.1
2 26.0 131.1
2 144.0 56.7
4 160.0 126.6
2 210.0 287.4
3 54.0 38.0
3 292.0 298.6
3 0.0 342.6
5 216.0 178.5
3 248.0 202.5
4 200.0 138.5
5 150.0 160.5
4 8.0 22.3
5 188.0 238.6
5 206.0 183.6
2 70.0 33.0
5 94.0 74.5
3 2.0 13.3
2 328.0 2.3
4 250.0 271.8
4 114.0 121.4
4 276.0 301.2
2 26.0 60.2
3 190.0 162.7
4 196.0 176.8
5 140.0 140.0
2 286.0 287.5
2 108.0 82.4
5 342.0 339.4
5 40.0 36.1
5 322.0 317.0
4 342.0 299.2
2 68.0 102.2
3 236.0 215.6
5 12.0 18.7
4 90.0 103.4
3 46.0 50.5
3 26.0 354.3
2 178.0 308.5
2 48.0 15.0
5 118.0 129.7
2 60.0 40.2
4 280.0 274.0
4 166.0 168.4
2 326.0 306.5
4 132.0 119.6
5 84.0 95.5
4 326.0 282.3
5 136.0 129.8
3 82.0 56.1
2 10.0 350.2
4 344.0 311.2
4 24.0 18.8
3 138.0 154.1
4 136.0 118.3
5 238.0 249.0
4 164.0 192.5
4 22.0 26.3
4 308.0 286.8
5 166.0 179.0
5 78.0 81.5
3 112.0 110.0
2 84.0 84.7
4 306.0 300.3
5 190.0 173.7
4 316.0 285.0
3 220.0 250.4
5 350.0 342.9
2 66.0 246.3
2 70.0 356.7
2 202.0 307.8
3 60.0 105.1
3 50.0 43.4
5 242.0 251.9
3 164.0 181.6
3 150.0 125.2
3 212.0 227.9
5 24.0 24.0
2 232.0 123.9
3 214.0 136.6
2 158.0 129.4
3 340.0 359.2
3 96.0 121.3
5 286.0 87.2
3 314.0 283.7
5 148.0 147.5
4 146.0 143.6
5 24.0 27.3
3 178.0 270.4
3 344.0 352.5
4 174.0 168.1
4 4.0 32.4
3 98.0 91.3
3 322.0 323.0
5 8.0 356.2
2 204.0 274.2
4 100.0 58.5
3 152.0 135.9
4 210.0 216.3
3 270.0 281.6
2 88.0 210.5
5 66.0 70.0
5 282.0 266.1
5 304.0 323.3
3 36.0 88.9
4 242.0 224.1
2 264.0 353.7
5 332.0 336.8
3 76.0 33.3
3 236.0 192.3
3 190.0 154.9
5 106.0 105.7
3 84.0 33.5
3 194.0 148.1
2 188.0 220.1
4 326.0 311.9
5 162.0 178.6
5 34.0 29.9
3 64.0 45.9
4 130.0 174.8
4 208.0 215.0
2 302.0 274.3
5 248.0 259.7
4 156.0 141.7
2 88.0 40.5
2 66.0 116.5
4 60.0 55.0
5 186.0 190.0
2 282.0 296.7
2 64.0 20.6
2 166.0 163.5
4 164.0 152.9
4 354.0 337.3
2 320.0 4.9
4 324.0 0.6
3 306.0 306.4
3 24.0 21.7
3 294.0 343.1
2 24.0 23.7
4 86.0 105.1
5 222.0 206.2
4 154.0 169.7
2 68.0 97.4
2 166.0 39.8
3 54.0 108.4
4 140.0 127.3
2 348.0 1.0
2 300.0 249.9
2 238.0 115.5
4 32.0 16.2
3 226.0 227.8
4 20.0 31.8
2 358.0 158.9
3 192.0 204.3
5 124.0 145.8
3 216.0 160.7
3 200.0 191.0
2 134.0 191.5
2 58.0 32.6
4 50.0 19.1
3 48.0 25.1
2 310.0 302.6
3 288.0 269.2
2 140.0 90.4
4 324.0 297.2
2 10.0 63.4
3 92.0 91.7
4 338.0 354.1
5 18.0 26.8
3 286.0 281.8
5 38.0 38.7
5 140.0 139.6
5 346.0 354.6
4 308.0 298.3
2 330.0 315.3
4 112.0 117.0
3 232.0 229.2
3 54.0 89.9
4 228.0 196.1
2 156.0 296.9
5 236.0 237.2
4 70.0 59.5
4 192.0 157.2
4 242.0 204.4
3 34.0 24.4
4 178.0 176.4
5 170.0 156.3
2 220.0 288.0
2 118.0 85.5
3 202.0 293.0
3 142.0 141.5
2 206.0 130.8
4 158.0 139.4
4 232.0 258.8
2 98.0 79.9
5 208.0 172.4
2 138.0 52.8
5 304.0 299.2
5 118.0 113.4
2 60.0 56.9
3 250.0 257.6
2 154.0 161.6
3 222.0 210.0
5 316.0 338.5
5 36.0 322.0
5 296.0 284.9
2 4.0 94.1
4 190.0 192.0
3 208.0 158.5
4 302.0 301.5
2 256.0 299.8
3 188.0 179.4
4 2.0 332.1
5 142.0 164.8
3 8.0 352.2
4 346.0 350.9
3 280.0 265.7
4 76.0 110.8
4 128.0 108.0
5 258.0 255.5
2 208.0 301.9
3 48.0 55.7
3 80.0 74.2
2 114.0 23.3
2 88.0 101.0
3 296.0 295.8
3 44.0 46.1
3 256.0 176.0
2 50.0 65.6
4 290.0 289.8
5 216.0 227.8
4 118.0 122.4
5 222.0 228.3
2 26.0 68.3
2 212.0 88.5
2 210.0 267.8
5 344.0 324.8
4 304.0 314.5
5 72.0 92.9
3 64.0 66.6
4 302.0 284.6
3 324.0 340.6
3 60.0 39.6
5 204.0 221.9
5 252.0 245.5
4 308.0 310.0
5 234.0 232.6
4 264.0 233.3
2 82.0 347.0
5 232.0 242.9
4 6.0 355.9
3 352.0 354.4
2 324.0 338.3
2 128.0 48.8
5 140.0 148.2
5 56.0 58.8
4 58.0 72.7
4 324.0 332.3
3 246.0 254.5
3 328.0 325.9
2 98.0 43.9
3 70.0 50.4
4 78.0 99.2
3 218.0 257.9
2 148.0 112.7
3 180.0 167.8
4 332.0 327.4
3 40.0 73.3
2 2.0 35.4
5 282.0 214.6
5 94.0 118.4
4 132.0 125.6
5 298.0 293.2
2 248.0 255.0
3 318.0 331.7
3 222.0 257.0
4 306.0 321.1
3 288.0 285.3
3 286.0 259.6
4 204.0 180.7
5 6.0 356.0
4 2.0 26.9
4 304.0 300.7
3 274.0 67.1
4 98.0 111.0
2 190.0 150.0
3 112.0 141.4
3 162.0 165.0
3 348.0 298.6
4 310.0 297.1
2 98.0 36.0
3 24.0 48.8
4 308.0 334.1
3 322.0 318.2
4 174.0 148.0
2 160.0 164.1
4 38.0 24.8
5 132.0 139.1
3 356.0 343.0
3 116.0 115.0
3 132.0 143.7
3 230.0 250.5
5 356.0 6.7
3 200.0 205.6
3 350.0 13.6
5 124.0 112.9
4 314.0 312.8
5 180.0 170.2
5 348.0 352.4
3 208.0 162.1
5 164.0 179.9
4 350.0 5.5
3 242.0 235.1
4 262.0 274.0
5 142.0 141.2
2 324.0 281.8
3 2.0 29.6
2 110.0 62.5
5 218.0 240.1
2 10.0 297.7
5 34.0 37.3
4 288.0 290.2
3 198.0 173.7
3 294.0 160.2
3 354.0 341.1
4 82.0 91.6
5 226.0 239.7
3 62.0 102.2
3 194.0 183.1
3 174.0 193.3
3 84.0 27.3
3 324.0 300.3
3 252.0 264.3
2 312.0 286.1
5 306.0 291.6
4 262.0 292.2
4 146.0 143.6
2 46.0 38.5
3 212.0 215.4
4 164.0 152.8
2 224.0 157.1
3 74.0 91.9
5 124.0 2.9
4 198.0 186.1
2 232.0 115.8
3 82.0 47.4
5 60.0 76.2
3 16.0 18.1
4 50.0 58.9
5 70.0 54.4
4 272.0 265.3
5 38.0 42.3
2 30.0 10.6
3 284.0 296.8
3 214.0 237.3
2 238.0 265.8
2 290.0 210.8
3 214.0 184.5
2 178.0 234.3
4 152.0 148.6
2 212.0 197.0
2 80.0 6.9
5 56.0 64.5
4 94.0 77.1
4 190.0 239.6
2 148.0 175.5
3 184.0 176.6
5 180.0 201.4
4 66.0 106.0
4 358.0 5.6
4 268.0 270.2
4 322.0 8.3
4 182.0 202.7
4 254.0 273.4
5 214.0 183.9
5 74.0 102.6
4 174.0 162.1
2 202.0 252.3
4 336.0 336.3
3 30.0 39.7
3 342.0 326.9
2 92.0 34.8
5 266.0 260.7
4 310.0 280.0
2 6.0 58.7
2 270.0 212.9
2 88.0 89.7
2 286.0 268.4
2 170.0 243.9
3 22.0 27.1
2 278.0 282.5
2 276.0 185.7
2 134.0 151.7
4 26.0 19.6
2 128.0 20.3
5 198.0 159.5
4 242.0 262.5
3 82.0 35.9
4 262.0 235.6
4 66.0 39.2
5 318.0 326.3
3 78.0 56.3
5 88.0 83.4
5 324.0 344.0
4 96.0 94.6
5 162.0 191.6
5 80.0 64.9
2 282.0 312.6
3 190.0 239.1
2 322.0 322.2
4 268.0 267.4
5 176.0 181.3
2 36.0 247.1
3 102.0 127.3
4 18.0 75.0
2 146.0 187.6
4 268.0 255.3
3 286.0 242.9
4 78.0 62.7
5 80.0 74.1
5 320.0 320.8
2 30.0 61.1
5 278.0 261.0
5 350.0 343.6
2 92.0 68.5
4 254.0 253.7
2 226.0 257.6
4 318.0 303.6
5 68.0 77.6
4 158.0 135.4
4 290.0 95.7
2 76.0 36.1
2 274.0 295.6
2 300.0 141.6
4 344.0 320.1
4 104.0 70.3
2 142.0 140.1
2 28.0 34.4
4 108.0 130.9
3 332.0 344.4
5 132.0 144.3
3 326.0 336.4
2 138.0 123.4
3 40.0 70.4
5 326.0 313.1
3 150.0 136.9
3 48.0 99.3
5 34.0 32.6
3 322.0 300.9
3 242.0 271.4
2 64.0 93.0
5 16.0 8.1
4 16.0 22.0
4 302.0 277.1
3 136.0 139.4
5 118.0 99.3
4 266.0 308.1
3 264.0 307.0
5 304.0 301.4
2 40.0 29.3
5 114.0 117.2
3 170.0 175.6
4 180.0 220.6
4 40.0 23.2
5 340.0 342.9
3 180.0 167.3
4 172.0 164.9
3 198.0 198.1
3 256.0 273.0
2 306.0 10.4
5 224.0 243.2
5 290.0 306.7
4 186.0 227.6
3 180.0 205.0
2 328.0 352.4
2 170.0 131.8
2 172.0 253.6
3 138.0 122.3
3 202.0 227.1
5 86.0 74.4
5 234.0 253.9
2 208.0 257.8
2 242.0 276.3
5 100.0 115.7
4 304.0 301.0
2 118.0 143.8
2 142.0 114.3
4 112.0 117.7
3 328.0 319.3
4 46.0 33.0
2 292.0 52.5
2 56.0 49.4
4 260.0 239.6
5 120.0 109.1
3 102.0 90.6
5 188.0 185.1
3 142.0 156.4
5 262.0 262.8
5 40.0 36.8
4 112.0 114.4
2 40.0 264.3
2 26.0 70.1
2 36.0 354.4
2 88.0 279.1
2 238.0 118.3
5 288.0 278.1
3 58.0 35.3
3 300.0 343.3
4 138.0 131.0
2 252.0 229.0
4 252.0 253.6
2 78.0 87.6
2 50.0 45.1
2 114.0 261.5
5 14.0 22.1
3 68.0 81.3
2 242.0 293.5
3 332.0 299.5
5 254.0 248.3
5 48.0 39.2
2 180.0 249.6
2 108.0 12.0
2 222.0 96.9
3 6.0 6.5
2 18.0 136.9
2 50.0 32.4
3 122.0 151.4
3 184.0 198.5
5 208.0 169.3
3 24.0 14.1
3 188.0 254.6
5 258.0 260.4
3 12.0 27.6
5 80.0 71.9
5 50.0 66.7
3 324.0 1.1
3 82.0 104.1
3 62.0 92.2
2 74.0 69.6
5 56.0 53.0
3 212.0 245.7
5 302.0 284.0
3 330.0 322.3
3 212.0 152.9
5 158.0 190.3
3 354.0 351.1
3 162.0 199.2
2 18.0 343.6
4 216.0 240.3
2 74.0 152.9
2 178.0 23.9
4 174.0 187.3
4 316.0 318.2
2 112.0 87.7
3 152.0 160.0
2 312.0 85.9
3 76.0 23.9
2 30.0 58.3
2 100.0 116.0
4 80.0 90.4
3 214.0 247.8
5 136.0 143.8
2 92.0 104.9
4 352.0 357.2
4 26.0 20.8
2 114.0 132.3
4 100.0 89.6
3 40.0 38.5
2 254.0 311.2
4 240.0 264.8
5 174.0 216.9
4 356.0 358.9
4 102.0 115.3
4 150.0 154.1
4 166.0 138.8
4 224.0 224.0
4 220.0 153.7
2 164.0 152.4
5 76.0 100.8
4 102.0 106.8
4 74.0 43.9
5 16.0 20.6
4 270.0 270.9
2 220.0 251.0
5 214.0 197.0
5 350.0 354.5
5 250.0 251.8
3 72.0 76.5
4 208.0 164.5
4 238.0 216.8
2 358.0 354.8
5 332.0 333.4
2 86.0 47.4
3 330.0 338.1
5 276.0 283.9
4 42.0 41.1
5 316.0 316.5
4 80.0 116.5
2 64.0 71.1
3 186.0 208.7
5 34.0 31.7
4 56.0 48.9
5 308.0 301.7
2 344.0 252.1
4 274.0 275.5
3 64.0 39.3
2 232.0 241.6
4 334.0 5.9
5 112.0 121.0
3 264.0 256.6
5 96.0 100.2
3 122.0 128.6
4 28.0 20.8
5 328.0 335.1
4 300.0 287.2
5 302.0 322.9
2 62.0 129.9
4 120.0 119.7
2 188.0 122.8
3 144.0 138.4
3 346.0 315.4
4 320.0 306.4
2 208.0 288.0
3 316.0 318.2
4 36.0 16.5
3 108.0 114.6
4 212.0 227.5
3 170.0 210.0
4 80.0 63.4
2 98.0 32.4
4 104.0 112.2
4 194.0 159.3
2 336.0 353.7
5 214.0 288.8
4 202.0 213.2
2 10.0 57.8
3 100.0 99.5
3 164.0 164.5
4 68.0 53.8
2 248.0 237.6
3 352.0 359.1
3 244.0 186.8
3 262.0 260.6
4 258.0 239.7
2 152.0 233.6
5 184.0 144.7
5 346.0 345.3
5 28.0 24.1
4 250.0 273.9
5 156.0 158.5
4 178.0 152.5
2 320.0 289.2
5 148.0 149.1
4 98.0 103.1
4 226.0 227.8
3 346.0 326.0
3 354.0 357.6
5 310.0 274.6
2 44.0 359.9
2 116.0 114.6
4 204.0 210.1
2 24.0 233.3
3 326.0 43.3
5 262.0 241.9
3 196.0 236.0
2 340.0 11.9
5 56.0 94.6
5 18.0 19.6
3 134.0 192.0
2 198.0 198.4
2 256.0 279.1
3 258.0 266.4
4 356.0 7.0
4 258.0 241.2
3 142.0 138.2
2 304.0 282.1
5 48.0 304.1
5 26.0 30.3
5 312.0 335.1
4 304.0 312.8
4 78.0 67.5
4 88.0 79.7
3 124.0 129.8
4 356.0 343.2
4 230.0 238.6
5 268.0 258.8
5 234.0 242.3
4 336.0 351.6
2 124.0 123.6
5 282.0 266.6
3 338.0 355.3
4 134.0 111.9
2 22.0 19.0
4 260.0 245.6
4 272.0 276.9
2 58.0 35.3
3 278.0 282.4
4 42.0 239.6
2 148.0 131.5
5 354.0 359.3
4 98.0 104.6
3 82.0 126.1
2 10.0 208.3
3 286.0 270.7
2 60.0 13.5
5 348.0 6.5
5 320.0 336.7
2 50.0 7.8
2 320.0 9.3
3 344.0 356.6
3 184.0 175.5
5 188.0 223.4
3 226.0 249.7
2 98.0 111.3
4 140.0 133.5
5 50.0 61.6
5 130.0 127.3
4 70.0 68.5
2 190.0 94.7
2 94.0 77.5
4 324.0 318.8
5 340.0 0.8
4 234.0 220.2
2 90.0 119.4
4 90.0 76.6
3 340.0 342.6
4 192.0 178.1
2 280.0 192.7
2 40.0 130.3
5 272.0 261.4
5 354.0 354.8
5 338.0 319.2
4 234.0 268.9
4 208.0 236.5
2 332.0 300.3
2 100.0 86.5
3 108.0 77.9
5 86.0 86.1
4 264.0 261.3
5 346.0 338.1
3 12.0 44.4
4 250.0 260.4
4 214.0 220.7
4 278.0 270.2
4 320.0 352.7
3 42.0 29.9
2 208.0 235.7
2 242.0 145.5
3 242.0 230.9
2 300.0 230.2
4 134.0 135.0
4 146.0 125.0
4 118.0 111.0
2 72.0 157.6
4 280.0 276.7
2 166.0 151.8
3 240.0 267.5
2 248.0 313.0
2 214.0 141.1
5 242.0 264.6
5 268.0 265.2
5 164.0 148.8
5 44.0 34.3
3 130.0 145.0
4 254.0 259.0
2 234.0 257.7
4 112.0 124.5
4 334.0 309.2
4 236.0 237.2
2 68.0 295.3
2 36.0 12.0
3 130.0 129.9
4 142.0 126.6
3 68.0 85.0
3 174.0 259.4
5 266.0 269.5
3 236.0 264.3
5 324.0 317.1
4 242.0 265.1
4 206.0 182.3
5 134.0 146.8
4 250.0 240.0
3 114.0 114.2
2 52.0 11.2
2 210.0 209.7
5 122.0 99.5
2 174.0 144.6
2 18.0 37.3
2 346.0 223.2
4 306.0 104.6
4 170.0 181.1
4 146.0 142.3
2 96.0 72.9
2 144.0 17.2
4 320.0 330.6
4 124.0 110.1
4 92.0 81.9
5 158.0 125.7
3 250.0 272.6
5 208.0 210.3
4 210.0 256.7
4 64.0 72.6
4 94.0 82.2
3 296.0 292.9
5 78.0 69.4
4 248.0 241.9
2 156.0 214.5
3 210.0 257.9
2 16.0 60.8
5 336.0 348.4
5 282.0 271.1
5 330.0 333.3
3 104.0 140.9
2 26.0 271.1
2 322.0 314.0
4 22.0 39.3
3 324.0 317.3
2 68.0 148.6
3 248.0 189.4
2 48.0 44.4
3 178.0 247.7
2 234.0 260.7
4 72.0 64.2
5 344.0 5.0
4 312.0 296.2
4 226.0 203.7
4 336.0 331.2
5 74.0 49.3
3 128.0 103.4
5 342.0 332.9
3 180.0 189.4
3 272.0 280.7
3 96.0 101.0
5 216.0 216.4
5 170.0 145.1
3 230.0 184.3
2 86.0 154.0
4 186.0 183.7
4 78.0 69.5
5 308.0 287.9
5 146.0 138.1
3 250.0 257.7
5 320.0 313.7
2 322.0 319.6
5 64.0 78.2
3 22.0 136.6
3 158.0 242.2
3 222.0 202.8
4 352.0 2.5
5 350.0 1.2
4 128.0 150.7
2 330.0 339.2
5 288.0 280.5
4 324.0 101.1
4 68.0 69.6
3 118.0 124.0
4 300.0 269.1
3 98.0 116.9
4 78.0 82.9
4 284.0 273.1
2 22.0 344.5
2 252.0 1.2
3 256.0 263.7
5 154.0 156.5
4 314.0 293.0
4 346.0 356.9
3 156.0 237.4
2 42.0 69.4
4 234.0 259.1
4 118.0 141.4
2 124.0 106.0
5 192.0 207.0
3 236.0 249.9
3 28.0 40.8
2 328.0 358.4
2 172.0 158.2
4 248.0 262.4
2 260.0 236.7
2 80.0 60.7
4 326.0 345.6
4 210.0 200.5
4 208.0 189.6
5 120.0 114.5
5 212.0 220.2
3 276.0 274.1
2 160.0 74.9
5 90.0 57.0
5 40.0 29.6
2 332.0 264.8
5 154.0 126.7
3 210.0 256.2
5 88.0 82.2
5 194.0 157.2
3 190.0 187.6
5 320.0 298.3
4 34.0 43.5
3 20.0 4.4
2 82.0 52.2
2 222.0 265.8
3 198.0 182.1
4 78.0 47.1
5 192.0 143.6
3 210.0 241.7
2 140.0 126.8
2 32.0 84.9
3 80.0 77.7
5 134.0 129.0
5 38.0 64.3
3 324.0 332.5
5 318.0 290.4
4 98.0 109.4
5 320.0 336.9
5 106.0 96.0
3 50.0 44.6
2 298.0 30.7
4 8.0 16.1
5 220.0 207.8
5 288.0 254.3
4 16.0 24.1
2 288.0 298.2
4 220.0 178.4
5 60.0 79.6
4 160.0 153.5
5 270.0 261.9
4 128.0 111.1
3 94.0 43.0
4 308.0 111.0
3 108.0 74.7
3 72.0 59.6
5 232.0 358.9
5 98.0 102.2
4 240.0 229.6
4 304.0 313.0
5 326.0 85.6
2 174.0 289.4
4 224.0 231.4
3 348.0 344.5
5 180.0 143.4
3 230.0 263.9
5 46.0 34.5
4 56.0 78.9
5 288.0 293.9
3 250.0 254.3
5 294.0 288.3
2 280.0 224.9
4 352.0 353.4
3 282.0 324.0
5 108.0 123.8
2 328.0 30.2
5 186.0 32.9
2 30.0 99.6
4 270.0 282.8
3 316.0 345.6
5 156.0 164.0
2 140.0 268.4
4 262.0 261.6
5 94.0 104.3
2 194.0 155.2
5 54.0 44.1
4 206.0 147.0
2 56.0 89.6
4 182.0 209.0
3 232.0 224.0
5 264.0 349.1
3 342.0 337.8
2 254.0 322.6
4 250.0 143.3
5 104.0 89.6
5 310.0 307.1
2 306.0 259.4
2 16.0 35.4
2 288.0 275.9
2 350.0 305.7
2 250.0 270.7
3 332.0 286.4
5 324.0 316.3
2 122.0 104.5
5 112.0 112.1
5 88.0 86.2
3 22.0 17.0
3 24.0 5.2
5 308.0 315.9
2 12.0 327.5
3 318.0 322.3
5 314.0 320.6
4 332.0 337.3
4 326.0 330.9
2 326.0 265.3
4 126.0 124.5
5 270.0 278.1
2 138.0 125.6
2 196.0 236.9
5 278.0 296.5
3 214.0 166.6
3 300.0 335.7
2 38.0 64.3
3 18.0 20.5
2 268.0 286.3
2 242.0 249.1
3 216.0 186.5
5 352.0 341.4
2 238.0 340.4
5 120.0 119.2
3 358.0 4.7
4 230.0 206.6
4 96.0 2.8
5 108.0 116.8
4 196.0 186.7
2 262.0 299.6
3 168.0 226.7
3 264.0 244.2
5 358.0 5.3
3 340.0 349.6
3 8.0 349.7
4 262.0 266.1
2 32.0 114.5
5 98.0 92.7
2 166.0 129.5
5 102.0 102.2
5 182.0 214.4
5 6.0 21.9
3 352.0 351.0
2 160.0 140.1
2 88.0 308.9
3 354.0 301.3
3 304.0 288.5
3 268.0 260.1
3 74.0 146.1
2 160.0 252.2
4 256.0 247.3
2 32.0 104.7
3 12.0 25.4
3 56.0 26.9
2 268.0 304.0
2 102.0 287.4
3 32.0 34.0
2 156.0 247.1
4 274.0 262.5
2 76.0 305.3
3 256.0 250.6
4 320.0 342.6
3 176.0 181.9
5 58.0 66.8
5 118.0 116.3
2 114.0 88.3
4 280.0 303.6
5 26.0 37.6
3 196.0 190.4
5 136.0 122.2
3 182.0 97.6
3 10.0 1.4
4 234.0 243.6
4 58.0 105.4
2 106.0 61.4
2 290.0 310.4
2 14.0 44.7
5 266.0 278.1
2 128.0 124.1
4 8.0 0.3
5 266.0 248.6
5 358.0 354.0
3 158.0 179.4
2 130.0 90.0
5 134.0 126.0
4 14.0 10.7
5 132.0 134.1
2 46.0 95.0
2 90.0 52.9
3 24.0 38.2
3 90.0 98.1
2 296.0 319.5
5 8.0 6.5
2 254.0 342.6
2 106.0 80.8
4 328.0 116.7
5 248.0 228.7
3 258.0 289.4
5 244.0 252.8
4 352.0 328.4
5 286.0 294.1
3 242.0 210.1
3 210.0 165.4
3 120.0 125.4
5 346.0 332.5
5 270.0 282.1
2 254.0 224.4
3 174.0 169.8
4 292.0 302.8
5 70.0 84.9
5 344.0 343.7
2 252.0 206.6
4 54.0 79.6
2 300.0 47.2
5 50.0 34.1
2 154.0 71.9
5 268.0 256.5
2 228.0 221.6
3 62.0 124.7
2 306.0 3.3
2 108.0 319.9
2 118.0 55.9
4 334.0 3.8
4 170.0 176.5
2 292.0 202.3
5 188.0 172.0
5 222.0 270.4
2 318.0 4.2
2 112.0 102.2
4 176.0 165.5
5 258.0 253.2
3 296.0 342.1
5 224.0 239.0
3 246.0 262.8
5 222.0 159.7
5 16.0 24.6
5 74.0 106.6
4 110.0 78.8
5 210.0 195.0
4 28.0 53.5
5 218.0 208.9
4 32.0 20.1
4 242.0 255.4
5 78.0 84.6
4 130.0 109.4
4 328.0 352.3
5 252.0 256.3
4 282.0 328.4
4 200.0 221.8
4 42.0 42.2
5 180.0 164.8
3 160.0 244.6
4 26.0 30.6
5 322.0 336.1
2 140.0 25.5
3 214.0 179.6
4 256.0 249.1
5 154.0 141.1
3 110.0 116.9
3 78.0 64.7
5 214.0 226.4
3 2.0 348.9
4 170.0 198.6
2 280.0 305.2
2 186.0 289.5
3 180.0 133.0
3 216.0 192.7
4 36.0 42.1
2 216.0 134.2
5 316.0 311.0
2 306.0 335.4
5 332.0 324.6
2 116.0 125.6
4 336.0 331.1
2 266.0 85.9
5 146.0 154.0
3 118.0 133.2
4 320.0 336.4
2 308.0 326.9
4 290.0 287.1
5 230.0 252.2
4 242.0 246.6
4 336.0 316.2
3 272.0 242.0
4 50.0 66.9
4 10.0 9.2
5 164.0 178.3
3 314.0 306.2
2 346.0 351.9
4 246.0 237.9
4 152.0 164.4
4 114.0 120.6
4 280.0 292.8
4 236.0 229.2
4 260.0 242.8
4 206.0 172.3
5 268.0 275.6
4 62.0 54.3
3 230.0 211.1
4 240.0 255.9
2 210.0 237.2
5 358.0 14.5
2 334.0 233.9
4 176.0 340.2
2 38.0 93.1
2 306.0 358.7
4 250.0 253.6
5 236.0 228.9
5 70.0 54.7
2 178.0 189.3
4 226.0 224.0
5 330.0 182.3
3 164.0 201.5
2 120.0 80.3
3 56.0 91.0
5 322.0 353.3
2 260.0 122.0
2 320.0 325.5
4 254.0 259.2
2 250.0 257.3
2 156.0 282.6
2 74.0 55.8
5 28.0 22.2
4 144.0 158.5
3 248.0 243.9
2 304.0 351.3
3 174.0 217.1
5 202.0 193.1
3 202.0 206.6
2 64.0 68.4
4 358.0 16.1
2 304.0 345.4
5 248.0 263.6
2 322.0 346.3
5 200.0 212.7
2 26.0 349.6
4 212.0 182.0
4 166.0 132.7
4 6.0 359.3
4 356.0 353.6
5 56.0 37.7
4 104.0 91.5
2 272.0 246.1
5 234.0 253.5
4 276.0 303.2
5 104.0 81.1
2 256.0 252.9
2 70.0 78.1
4 308.0 306.3
2 16.0 35.9
3 218.0 220.4
2 74.0 74.9
3 236.0 224.2
2 58.0 37.2
2 160.0 210.4
3 258.0 267.1
5 276.0 270.6
5 354.0 3.8
4 176.0 155.5
4 134.0 152.9
5 164.0 146.7
5 88.0 67.3
5 24.0 27.3
2 214.0 106.7
5 14.0 17.3
5 244.0 232.1
4 86.0 77.3
2 312.0 282.5
4 212.0 67.1
4 206.0 247.2
4 50.0 47.8
2 264.0 340.1
3 10.0 354.0
3 166.0 162.0
5 214.0 206.4
5 8.0 8.6
3 214.0 221.0
5 102.0 83.2
2 2.0 68.9
3 64.0 119.5
4 300.0 304.6
4 8.0 155.6
4 332.0 338.1
5 130.0 131.0
4 20.0 1.7
5 184.0 196.9
5 194.0 197.0
5 122.0 128.6
2 346.0 28.7
4 212.0 175.1
4 230.0 242.8
3 310.0 303.0
5 38.0 36.9
2 202.0 164.7
5 40.0 33.7
2 28.0 206.0
2 158.0 48.9
4 350.0 345.2
3 190.0 191.5
5 74.0 73.0
2 144.0 101.3
2 176.0 142.8
5 114.0 307.3
2 328.0 12.5
5 282.0 294.8
5 256.0 241.6
2 244.0 129.8
5 38.0 42.2
4 90.0 106.0
3 230.0 257.8
5 198.0 184.1
2 214.0 288.5
3 194.0 152.7
2 36.0 117.5
2 22.0 329.6
2 344.0 307.3
2 176.0 358.6
4 92.0 75.4
5 126.0 116.9
3 306.0 303.1
5 118.0 117.9
3 28.0 9.8
2 172.0 311.2
3 64.0 40.2
5 282.0 287.0
2 56.0 29.1
2 188.0 237.4
2 278.0 63.3
4 304.0 299.1
4 296.0 296.1
5 154.0 176.6
4 276.0 12.9
5 282.0 276.5
5 262.0 256.6
5 70.0 54.0
2 144.0 168.7
5 28.0 11.9
2 336.0 304.5
2 92.0 11.4
3 342.0 344.3
3 300.0 267.0
4 220.0 232.9
5 274.0 264.7
2 322.0 53.5
5 264.0 248.2
2 92.0 20.2
2 56.0 75.3
5 42.0 58.0
3 356.0 340.6
5 98.0 96.0
5 174.0 169.5
3 164.0 159.1
2 230.0 171.9
3 138.0 98.1
2 100.0 27.6
4 314.0 285.2
3 34.0 16.7
3 24.0 29.9
4 240.0 271.4
3 128.0 111.2
2 356.0 347.1
3 94.0 114.3
2 302.0 308.6
3 250.0 259.7
3 26.0 5.1
3 352.0 342.4
4 142.0 134.8
2 312.0 282.8
3 352.0 316.4
4 100.0 109.6
2 258.0 219.6
3 14.0 21.2
4 208.0 213.3
2 94.0 50.9
3 30.0 42.5
2 172.0 196.7
3 172.0 165.6
5 256.0 255.8
3 260.0 295.0
3 312.0 290.5
3 140.0 197.0
5 20.0 25.9
4 78.0 65.1
5 154.0 145.8
4 106.0 106.7
3 96.0 119.1
5 352.0 12.4
5 52.0 51.0
4 254.0 251.2
2 82.0 82.3
3 16.0 13.8
4 170.0 143.1
3 276.0 254.9
4 330.0 145.3
3 236.0 262.7
4 148.0 133.2
3 70.0 26.7
5 174.0 216.7
4 56.0 58.0
5 346.0 355.8
3 312.0 349.3
3 68.0 64.4
5 214.0 216.5
5 256.0 253.6
3 78.0 122.6
3 130.0 150.4
2 354.0 304.1
5 330.0 338.6
2 128.0 195.8
3 162.0 186.0
4 270.0 289.8
3 254.0 250.6
3 238.0 272.4
5 232.0 256.3
2 192.0 257.3
4 46.0 63.8
5 306.0 311.0
3 284.0 316.4
5 76.0 72.7
5 272.0 283.4
3 298.0 275.9
5 336.0 335.8
2 24.0 352.5
2 88.0 41.7
5 164.0 141.3
3 248.0 229.4
2 170.0 259.0
5 322.0 318.0
2 236.0 10.9
2 268.0 248.6
4 240.0 249.6
2 222.0 234.2
2 130.0 262.9
5 118.0 218.9
4 136.0 137.8
4 192.0 156.8
2 54.0 27.9
2 4.0 144.0
2 242.0 168.3
2 342.0 298.8
5 144.0 143.8
4 246.0 184.5
2 220.0 181.0
3 14.0 47.0
3 40.0 43.3
4 310.0 298.8
2 64.0 61.6
4 58.0 66.1
2 170.0 123.9
3 208.0 177.4
4 346.0 355.6
4 250.0 227.2
5 42.0 44.0
4 298.0 284.0
5 196.0 156.9
2 62.0 71.8
4 268.0 257.8
4 276.0 252.3
5 224.0 223.6
2 348.0 6.1
4 300.0 291.4
4 202.0 158.1
2 154.0 316.1
4 234.0 234.6
5 4.0 351.4
4 326.0 308.5
5 274.0 264.5
3 174.0 221.7
4 106.0 129.8
2 310.0 294.4
2 174.0 144.3
4 240.0 253.0
2 94.0 108.6
3 354.0 0.5
4 150.0 155.4
5 292.0 271.3
2 320.0 331.3
5 4.0 354.9
2 18.0 10.6
4 80.0 85.2
2 186.0 322.9
2 38.0 102.7
2 60.0 356.9
4 160.0 127.9
4 72.0 90.8
5 66.0 52.4
4 36.0 38.9
2 14.0 19.5
2 270.0 273.0
5 146.0 163.3
3 352.0 347.0
3 276.0 277.9
3 28.0 65.1
2 112.0 257.0
4 30.0 32.4
3 334.0 357.1
3 242.0 238.4
3 8.0 14.3
2 136.0 131.6
5 102.0 74.6
2 144.0 6.8
5 238.0 235.2
4 18.0 358.9
3 298.0 284.3
5 80.0 89.9
4 62.0 82.4
2 334.0 48.4
4 70.0 87.1
3 58.0 195.1
5 314.0 321.7
3 178.0 158.6
4 24.0 29.8
2 176.0 242.8
3 94.0 50.7
3 198.0 251.3
3 54.0 47.8
2 294.0 291.4
4 22.0 4.4
4 16.0 268.4
5 82.0 90.9
5 76.0 103.8
5 98.0 96.4
3 240.0 240.4
4 124.0 137.9
2 260.0 314.2
4 236.0 293.2
2 288.0 310.5
5 258.0 251.9
2 6.0 3.4
2 324.0 295.9
4 204.0 213.7
5 308.0 287.4
5 10.0 8.1
3 278.0 260.8
4 182.0 198.6
4 80.0 96.8
3 262.0 272.9
2 150.0 192.4
2 316.0 304.9
3 256.0 267.0
2 276.0 333.7
2 332.0 71.9
5 294.0 298.1
4 226.0 174.6
3 78.0 62.5
3 344.0 359.4
4 250.0 215.4
4 284.0 279.6
5 166.0 169.9
4 202.0 190.9
4 186.0 198.8
2 4.0 33.3
3 58.0 38.1
2 14.0 329.0
2 72.0 318.4
2 4.0 293.2
2 106.0 151.7
3 132.0 167.5
5 356.0 354.9
2 346.0 15.3
5 38.0 56.4
4 72.0 41.0
4 192.0 195.5
5 272.0 252.6
4 0.0 13.0
2 234.0 178.0
3 298.0 269.6
2 76.0 52.8
4 212.0 191.0
4 242.0 227.0
4 246.0 248.3
3 174.0 139.2
5 346.0 127.3
3 336.0 300.3
3 62.0 74.0
5 318.0 356.4
5 82.0 82.8
3 186.0 179.4
5 288.0 293.8
5 62.0 52.0
5 4.0 341.8
2 122.0 63.5
2 284.0 248.0
2 228.0 157.8
3 226.0 240.2
3 152.0 147.7
4 346.0 297.2
5 6.0 25.3
4 294.0 45.9
5 34.0 40.2
4 354.0 11.5
3 290.0 256.6
2 126.0 156.4
4 58.0 56.5
5 78.0 344.3
4 76.0 67.9
2 162.0 123.3
2 248.0 229.9
5 346.0 6.5
5 204.0 220.2
4 8.0 4.4
3 348.0 285.5
4 170.0 153.8
5 180.0 159.0
2 318.0 1.9
2 312.0 314.1
2 344.0 1.4
4 166.0 147.7
4 204.0 237.6
3 356.0 339.7
2 142.0 185.0
3 294.0 313.0
5 200.0 189.7
2 32.0 22.4
2 80.0 79.8
4 18.0 359.0
5 28.0 21.9
2 150.0 339.3
4 68.0 60.9
4 292.0 271.3
5 104.0 108.8
4 104.0 91.6
4 56.0 57.1
2 98.0 81.2
4 64.0 86.7
4 280.0 288.9
2 344.0 345.4
3 354.0 12.1
4 208.0 172.7
2 272.0 289.9
2 232.0 126.1
5 172.0 172.5
2 308.0 282.0
4 244.0 236.4
3 278.0 310.5
3 132.0 134.4
2 322.0 351.9
3 324.0 346.5
5 274.0 266.9
5 318.0 307.9
3 50.0 23.9
4 342.0 326.1
4 324.0 314.2
5 152.0 150.2
5 352.0 354.7
5 152.0 106.6
4 304.0 297.9
3 104.0 116.3
2 214.0 248.6
2 112.0 75.9
3 182.0 249.4
3 224.0 178.1
5 296.0 304.9
3 322.0 303.0
3 200.0 231.2
4 320.0 329.7
4 284.0 284.5
5 90.0 97.6
2 262.0 360.0
3 246.0 253.4
3 164.0 149.4
3 114.0 101.7
3 188.0 143.6
3 326.0 333.6
3 314.0 333.5
2 348.0 347.7
3 196.0 198.0
5 264.0 262.6
2 230.0 109.1
2 42.0 338.8
5 64.0 50.2
3 320.0 294.9
3 38.0 42.7
5 164.0 167.0
5 16.0 19.5
4 300.0 300.1
2 286.0 281.9
5 274.0 277.7
2 304.0 332.3
5 278.0 290.0
4 22.0 41.2
3 244.0 231.0
3 266.0 235.4
2 4.0 334.5
3 206.0 218.8
3 198.0 147.2
5 34.0 39.3
4 194.0 185.8
4 40.0 51.5
4 62.0 52.9
2 108.0 152.7
5 328.0 308.8
4 172.0 200.6
5 64.0 46.4
4 62.0 72.0
2 308.0 320.0
4 76.0 90.9
2 328.0 304.7
4 128.0 141.6
3 344.0 356.7
3 346.0 351.7
2 230.0 168.8
2 234.0 261.3
4 74.0 108.8
3 164.0 150.4
3 214.0 265.2
5 126.0 122.4
4 192.0 235.1
5 306.0 287.7
3 260.0 266.7
2 20.0 41.4
3 258.0 253.3
2 200.0 74.2
5 76.0 97.8
3 172.0 115.7
4 10.0 3.6
5 86.0 75.4
3 264.0 276.6
5 220.0 217.8
4 134.0 115.2
4 292.0 271.7
2 106.0 215.6
4 236.0 237.0
2 224.0 276.6
3 72.0 72.8
4 260.0 262.5
5 34.0 25.0
5 266.0 250.2
4 228.0 258.7
5 308.0 294.5
4 336.0 331.2
5 122.0 122.9
3 176.0 148.8
3 96.0 76.2
5 174.0 185.8
3 330.0 335.8
2 158.0 90.4
4 276.0 281.5
2 38.0 252.6
2 16.0 156.4
5 116.0 136.4
3 194.0 184.3
5 334.0 318.0
4 52.0 78.6
4 246.0 237.7
3 98.0 88.5
3 188.0 153.4
2 86.0 344.5
3 110.0 146.6
4 106.0 99.7
2 158.0 134.5
5 38.0 39.5
4 154.0 121.4
3 26.0 14.2
4 64.0 46.8
4 52.0 46.8
5 268.0 269.7
5 204.0 203.5
4 168.0 154.9
4 234.0 220.8
4 114.0 125.3
3 146.0 142.0
5 158.0 162.5
3 296.0 294.1
5 2.0 345.2
3 106.0 117.2
2 6.0 324.4
3 214.0 253.5
3 264.0 265.4
4 38.0 33.9
4 208.0 184.1
4 14.0 12.0
5 170.0 151.9
5 44.0 35.8
5 14.0 353.2
5 242.0 250.0
5 2.0 12.6
3 158.0 184.9
5 320.0 356.5
5 322.0 312.5
2 230.0 146.0
2 232.0 127.3
2 40.0 18.5
5 132.0 141.8
5 156.0 157.6
5 36.0 57.6
4 52.0 87.1
3 20.0 14.3
3 116.0 58.2
5 322.0 315.7
3 206.0 240.7
5 68.0 71.9
5 52.0 45.0
5 282.0 263.6
2 6.0 316.8
5 354.0 352.8
5 258.0 246.8
5 342.0 348.4
4 154.0 190.8
5 270.0 262.7
3 120.0 118.4
3 256.0 197.1
4 358.0 6.3
5 194.0 221.2
2 96.0 131.0
3 278.0 278.4
2 172.0 141.4
3 288.0 257.9
2 178.0 232.9
2 74.0 338.4
2 292.0 331.5
4 4.0 14.0
4 214.0 191.6
5 168.0 149.3
3 30.0 32.9
5 52.0 75.7
2 28.0 282.0
5 114.0 98.5
3 124.0 134.6
3 154.0 121.0
5 148.0 173.5
2 350.0 289.7
2 330.0 224.9
5 28.0 31.8
5 110.0 111.0
4 6.0 319.0
3 330.0 350.3
3 232.0 215.0
3 8.0 8.1
2 34.0 266.3
4 8.0 6.8
3 224.0 256.1
5 112.0 106.9
3 192.0 193.1
4 230.0 206.0
2 86.0 319.9
4 136.0 196.7
5 32.0 24.2
4 248.0 227.9
2 312.0 300.7
2 24.0 29.9
5 78.0 76.4
3 234.0 254.6
3 32.0 293.8
2 280.0 326.8
4 202.0 237.7
2 356.0 9.4
5 302.0 307.0
3 88.0 124.4
2 96.0 103.3
3 296.0 345.5
2 204.0 125.7
3 44.0 26.8
2 104.0 198.7
4 30.0 33.3
3 350.0 6.4
4 16.0 23.5
4 246.0 255.6
2 348.0 114.5
4 310.0 289.6
5 4.0 342.9
4 296.0 309.3
5 314.0 326.3
4 168.0 163.7
3 320.0 295.6
5 74.0 82.9
2 310.0 274.0
2 12.0 54.3
5 322.0 334.9
5 250.0 244.8
5 260.0 260.1
4 246.0 256.2
3 162.0 146.5
4 96.0 87.4
4 170.0 158.9
5 212.0 220.2
3 194.0 170.8
3 194.0 219.6
4 68.0 46.4
5 160.0 141.1
3 50.0 44.1
2 344.0 289.1
3 342.0 355.3
2 294.0 230.6
4 246.0 237.2
3 90.0 86.8
2 236.0 147.0
2 66.0 346.0
3 38.0 26.9
2 124.0 53.2
5 174.0 161.7
2 260.0 164.0
4 36.0 19.5
5 42.0 45.4
2 76.0 60.3
4 308.0 308.9
4 196.0 219.7
4 274.0 286.9
4 304.0 308.4
2 240.0 314.2
2 130.0 132.7
5 270.0 261.5
3 300.0 295.1
2 190.0 145.8
5 296.0 328.7
2 110.0 117.3
5 42.0 20.6
5 92.0 86.4
5 204.0 240.0
4 58.0 80.2
4 298.0 308.6
3 130.0 111.0
3 76.0 75.9
3 246.0 218.7
2 74.0 323.3
4 286.0 303.0
5 276.0 273.0
4 116.0 124.4
3 178.0 163.9
5 16.0 27.4
3 110.0 77.6
4 186.0 216.3
4 182.0 167.6
2 310.0 355.3
2 310.0 330.7
3 140.0 158.6
3 16.0 33.3
3 8.0 30.4
5 262.0 233.8
5 6.0 7.7
3 6.0 19.0
3 114.0 124.3
5 200.0 218.5
2 282.0 279.3
5 280.0 275.9
2 264.0 308.2
4 146.0 142.2
2 210.0 237.4
3 140.0 128.8
3 64.0 52.1
3 352.0 1.8
3 112.0 76.4
4 134.0 126.3
5 52.0 46.3
2 4.0 228.5
2 230.0 314.1
5 178.0 160.7
2 2.0 92.4
5 72.0 95.8
3 284.0 286.7
5 162.0 357.7
3 138.0 135.5
2 126.0 96.3
2 34.0 26.0
5 4.0 4.4
3 316.0 256.8
2 284.0 221.5
3 180.0 146.7
5 88.0 106.3
3 276.0 319.0
4 198.0 210.9
4 74.0 86.3
5 186.0 195.5
3 162.0 210.4
2 338.0 141.5
2 106.0 132.1
3 284.0 292.7
2 262.0 329.1
5 338.0 341.0
4 58.0 49.7
2 262.0 269.3
3 224.0 244.8
4 320.0 339.8
4 0.0 16.3
3 266.0 233.1
4 296.0 272.8
4 196.0 190.9
5 172.0 154.4
3 122.0 134.2
5 152.0 180.3
3 348.0 318.9
2 36.0 312.1
2 274.0 251.1
3 98.0 76.9
5 46.0 41.4
2 32.0 303.8
3 114.0 122.2
4 338.0 322.9
3 22.0 6.5
2 126.0 111.2
2 58.0 117.4
4 208.0 223.0
3 28.0 27.3
5 214.0 198.8
2 356.0 357.3
5 32.0 36.0
2 28.0 92.2
5 4.0 345.6
3 306.0 279.6
2 220.0 184.1
3 102.0 105.7
2 196.0 229.7
4 276.0 286.3
5 122.0 124.9
2 14.0 14.2
4 220.0 231.0
5 358.0 359.2
4 358.0 359.9
2 128.0 73.5
2 320.0 12.3
4 180.0 189.6
2 226.0 297.8
4 34.0 25.9
3 240.0 263.8
2 36.0 59.3
3 308.0 299.3
2 100.0 83.4
5 192.0 217.8
3 0.0 321.7
2 350.0 273.6
2 128.0 160.6
2 192.0 304.3
3 274.0 315.2
3 358.0 5.9
2 200.0 339.3
2 148.0 164.9
4 94.0 90.8
4 282.0 272.2
2 184.0 110.4
5 254.0 250.4
2 276.0 276.5
4 74.0 104.1
2 140.0 296.4
2 144.0 158.0
5 354.0 1.7
5 86.0 76.8
2 184.0 206.4
5 10.0 3.2
4 144.0 159.6
5 14.0 11.5
3 298.0 297.4
4 120.0 119.0
5 344.0 346.2
4 152.0 199.2
3 204.0 166.9
2 172.0 164.3
4 80.0 57.3
5 226.0 225.2
5 116.0 124.1
5 42.0 56.5
2 102.0 183.5
4 310.0 281.2
5 318.0 326.6
5 116.0 132.2
5 168.0 146.9
4 66.0 91.3
4 352.0 341.3
5 336.0 357.6
2 12.0 272.5
2 346.0 340.0
3 306.0 294.8
5 64.0 249.9
3 178.0 158.9
4 158.0 132.6
2 262.0 223.9
4 84.0 55.0
4 162.0 131.2
3 12.0 26.5
4 24.0 40.4
5 286.0 281.6
3 292.0 275.9
2 254.0 86.8
4 222.0 246.9
5 146.0 173.2
3 252.0 190.5
3 278.0 290.1
2 146.0 99.5
2 322.0 354.0
4 60.0 61.3
4 298.0 284.0
4 250.0 260.9
4 82.0 44.8
3 40.0 46.9
3 164.0 149.6
4 68.0 73.9
4 344.0 330.7
3 178.0 144.4
3 218.0 185.1
3 150.0 134.8
3 50.0 61.1
2 36.0 6.5
3 226.0 154.7
2 148.0 135.4
5 52.0 67.8
5 358.0 8.5
3 116.0 112.3
4 292.0 276.3
5 270.0 265.3
5 228.0 226.9
3 254.0 237.9
4 4.0 338.9
3 188.0 233.1
5 310.0 350.0
2 346.0 9.6
3 222.0 243.5
2 146.0 124.5
4 94.0 94.5
2 138.0 291.1
5 234.0 234.7
5 310.0 291.5
2 336.0 302.3
2 150.0 139.2
2 158.0 171.0
5 58.0 61.4
5 156.0 170.8
4 320.0 296.0
5 218.0 217.6
2 228.0 265.5
5 278.0 286.3
3 156.0 162.0
3 156.0 131.3
2 258.0 97.4
3 70.0 84.3
5 246.0 258.6
4 40.0 60.4
5 20.0 26.9
4 238.0 211.5
4 228.0 230.3
2 350.0 289.0
2 154.0 312.4
4 340.0 337.5
2 42.0 107.3
5 170.0 170.1
4 20.0 45.9
5 194.0 176.6
3 82.0 92.7
2 48.0 111.2
3 336.0 319.2
4 126.0 119.1
2 186.0 262.5
5 36.0 31.8
3 98.0 71.1
4 280.0 334.6
3 356.0 346.3
4 108.0 74.3
3 108.0 130.9
2 70.0 14.2
2 46.0 32.3
5 208.0 242.5
3 28.0 32.9
4 46.0 52.0
3 274.0 247.7
3 104.0 127.6
4 256.0 261.8
2 338.0 320.2
3 344.0 256.2
3 16.0 10.9
4 144.0 172.4
5 170.0 152.5
2 6.0 263.9
5 104.0 88.9
5 272.0 267.5
4 20.0 41.8
3 264.0 241.3
5 284.0 275.3
2 24.0 39.2
2 10.0 17.7
3 138.0 137.1
4 28.0 68.7
2 284.0 309.7
2 86.0 89.7
2 160.0 96.6
3 218.0 230.9
4 132.0 136.9
3 340.0 329.2
2 60.0 230.5
5 156.0 141.8
4 36.0 33.5
5 224.0 194.3
4 296.0 266.9
4 166.0 177.5
4 112.0 114.2
4 18.0 26.5
5 354.0 343.3
4 88.0 76.7
3 52.0 44.8
2 210.0 152.3
4 172.0 150.1
3 354.0 4.8
5 280.0 288.0
3 56.0 214.4
5 8.0 4.7
5 284.0 293.7
4 204.0 186.9
2 32.0 18.7
5 130.0 112.5
4 84.0 90.0
4 328.0 4.4
5 132.0 142.6
3 314.0 296.6
3 24.0 38.3
3 238.0 227.1
5 352.0 358.7
3 230.0 233.2
5 216.0 226.6
4 76.0 99.3
4 48.0 48.4
4 136.0 123.6
3 64.0 87.7
4 234.0 237.9
2 264.0 348.6
2 242.0 272.0
4 72.0 68.8
5 144.0 149.8
5 308.0 297.0
2 254.0 154.0
3 56.0 99.4
4 170.0 191.3
4 50.0 57.3
3 58.0 68.4
5 340.0 318.9
4 218.0 220.3
4 84.0 44.4
3 74.0 51.2
4 352.0 356.2
3 86.0 70.1
3 18.0 29.4
5 312.0 314.4
2 134.0 197.9
5 108.0 112.5
5 4.0 359.5
3 204.0 220.1
5 150.0 158.6
3 134.0 139.4
3 132.0 147.4
2 192.0 275.7
4 194.0 212.1
5 346.0 339.2
2 192.0 257.5
4 154.0 126.8
5 174.0 180.7
3 6.0 13.2
4 222.0 241.0
5 326.0 323.3
2 210.0 154.0
4 286.0 292.7
5 50.0 45.1
2 230.0 230.8
4 216.0 228.2
3 228.0 239.1
3 284.0 288.7
4 264.0 294.7
2 238.0 332.4
2 234.0 121.2
4 230.0 223.3
2 304.0 282.6
5 146.0 135.2
5 162.0 133.3
5 186.0 187.1
4 228.0 241.0
5 62.0 66.7
3 160.0 137.3
2 164.0 48.0
3 160.0 156.2
4 212.0 225.6
2 280.0 24.2
4 124.0 130.2
2 296.0 342.1
4 100.0 81.8
4 292.0 302.9
2 186.0 100.9
3 8.0 15.9
3 204.0 169.1
4 162.0 164.0
2 244.0 184.3
4 68.0 43.7
4 140.0 110.7
5 128.0 109.5
5 80.0 90.9
4 302.0 308.4
4 16.0 12.5
5 256.0 263.0
5 74.0 47.0
5 60.0 78.1
2 0.0 270.6
4 150.0 155.0
2 248.0 11.9
5 172.0 137.7
2 210.0 185.1
5 338.0 332.0
4 270.0 260.7
3 40.0 53.7
3 152.0 159.1
3 232.0 200.3
4 276.0 270.0
2 302.0 313.1
5 116.0 110.5
3 144.0 187.7
5 154.0 148.9
4 142.0 131.0
5 66.0 59.8
4 88.0 90.7
4 180.0 224.6
2 358.0 26.1
4 278.0 287.2
4 216.0 213.5
3 258.0 230.5
2 278.0 346.7
5 328.0 312.6
3 232.0 255.6
3 208.0 226.9
3 86.0 95.8
5 300.0 295.5
3 178.0 180.8
5 236.0 217.1
4 210.0 236.0
5 182.0 206.3
4 338.0 21.0
2 244.0 197.4
3 312.0 340.4
5 164.0 182.5
4 342.0 7.7
2 296.0 6.6
3 276.0 285.7
2 344.0 281.6
5 90.0 101.2
4 42.0 41.2
5 92.0 84.0
4 24.0 48.0
2 134.0 127.6
2 148.0 118.6
5 56.0 46.4
5 184.0 157.4
4 220.0 217.8
2 92.0 47.8
3 288.0 288.4
4 166.0 199.7
3 12.0 359.5
4 188.0 141.7
4 316.0 343.6
4 286.0 298.6
2 74.0 56.2
4 174.0 200.9
2 108.0 208.4
5 88.0 92.3
3 74.0 42.5
5 216.0 209.5
2 94.0 74.1
4 196.0 211.9
4 220.0 210.8
4 6.0 346.0
2 170.0 113.8
3 332.0 332.4
5 334.0 311.1
5 336.0 322.2
3 152.0 169.5
3 132.0 146.7
2 222.0 108.6
3 308.0 296.8
3 128.0 127.7
2 152.0 174.8
2 22.0 41.2
4 4.0 351.0
5 64.0 81.3
2 180.0 347.3
5 100.0 99.8
2 338.0 318.5
3 108.0 86.4
4 160.0 356.8
4 58.0 17.2
5 322.0 311.4
5 62.0 86.3
5 40.0 39.5
2 228.0 134.7
2 40.0 346.6
2 62.0 166.2
2 42.0 28.8
2 150.0 161.4
4 82.0 57.2
3 136.0 149.6
4 36.0 42.2
3 212.0 212.6
2 272.0 286.0
5 26.0 78.4
2 62.0 94.0
3 242.0 260.6
3 66.0 65.8
2 158.0 113.5
5 228.0 235.8
5 352.0 344.2
4 80.0 91.5
4 44.0 42.7
4 42.0 41.8
3 66.0 122.2
4 184.0 208.6
5 80.0 51.4
4 218.0 235.9
4 110.0 75.9
4 138.0 142.3
5 178.0 141.8
4 250.0 259.7
3 344.0 4.7
2 198.0 201.3
4 282.0 244.8
5 54.0 62.5
2 346.0 296.6
4 332.0 312.1
5 230.0 236.2
2 256.0 284.5
2 240.0 239.1
4 58.0 44.1
4 98.0 110.2
2 64.0 75.4
3 108.0 135.5
5 304.0 296.3
5 256.0 251.4
2 44.0 26.2
2 252.0 300.4
3 134.0 144.0
5 206.0 200.7
2 132.0 258.9
5 264.0 269.2
2 68.0 181.5
3 28.0 50.2
4 204.0 238.3
3 182.0 151.4
5 342.0 349.1
5 312.0 318.1
2 130.0 119.6
2 290.0 314.5
5 324.0 290.3
4 62.0 52.8
5 146.0 134.9
3 164.0 141.9
3 330.0 339.4
4 116.0 116.4
2 236.0 243.0
5 118.0 127.4
3 30.0 35.3
5 82.0 98.7
5 34.0 46.7
4 228.0 249.6
3 148.0 188.7
4 320.0 305.8
2 300.0 267.7
5 112.0 116.7
5 306.0 302.2
5 320.0 311.3
5 42.0 79.2
4 116.0 115.1
4 40.0 43.2
4 244.0 254.8
2 70.0 61.6
4 102.0 104.4
5 92.0 122.1
2 312.0 357.7
4 282.0 279.4
4 260.0 272.5
3 2.0 18.2
5 118.0 125.7
5 228.0 216.3
2 226.0 124.8
2 210.0 228.3
3 182.0 178.5
3 132.0 134.4
3 260.0 260.9
3 144.0 114.7
4 276.0 279.6
5 268.0 277.0
4 150.0 138.3
5 158.0 159.1
2 350.0 254.2
2 46.0 92.5
2 58.0 87.5
4 140.0 125.6
3 82.0 99.1
3 234.0 253.5
4 258.0 274.7
5 210.0 183.9
4 78.0 80.8
5 48.0 28.3
4 30.0 23.7
3 302.0 294.1
5 16.0 5.7
3 50.0 57.2
5 194.0 261.4
5 36.0 39.9
2 256.0 246.4
2 96.0 66.9
5 222.0 213.2
5 278.0 279.6
2 178.0 130.1
4 332.0 51.6
2 354.0 252.9
2 42.0 46.5
2 16.0 20.4
4 324.0 327.5
2 354.0 290.5
2 30.0 240.5
3 108.0 108.9
2 178.0 96.4
5 236.0 216.0
3 238.0 247.0
2 228.0 154.8
4 54.0 148.6
5 150.0 206.6
5 136.0 145.2
2 178.0 138.3
3 88.0 32.9
3 178.0 236.6
4 286.0 281.5
4 206.0 167.1
4 128.0 122.9
3 116.0 116.4
2 46.0 69.8
5 110.0 103.5
4 354.0 355.7
2 240.0 184.3
3 12.0 19.8
5 168.0 196.9
3 104.0 79.0
4 278.0 283.2
3 288.0 258.0
4 340.0 1.4
3 104.0 48.5
2 218.0 195.9
4 216.0 207.3
3 314.0 296.0
3 182.0 225.1
5 154.0 162.2
2 100.0 266.2
5 114.0 122.3
4 182.0 173.4
4 252.0 214.7
5 18.0 25.0
4 176.0 198.8
5 290.0 265.0
3 14.0 12.2
3 254.0 289.5
2 132.0 60.0
3 250.0 253.9
3 76.0 85.3
3 298.0 149.0
5 336.0 336.2
2 232.0 103.2
2 288.0 304.4
5 128.0 124.6
3 176.0 136.1
5 270.0 253.3
4 350.0 11.6
4 120.0 78.0
3 104.0 95.7
5 290.0 274.9
4 230.0 230.8
4 198.0 181.2
3 218.0 180.7
2 110.0 306.8
4 192.0 168.6
4 150.0 191.4
5 164.0 198.3
2 330.0 49.9
5 302.0 293.6
2 260.0 212.2
5 164.0 145.1
2 218.0 296.6
5 316.0 165.3
2 260.0 214.7
3 16.0 35.3
4 74.0 92.4
4 10.0 12.1
2 292.0 292.5
5 226.0 244.0
5 90.0 68.0
4 140.0 155.9
4 60.0 91.4
4 54.0 43.0
2 36.0 347.2
3 290.0 267.0
2 94.0 66.2
3 10.0 13.0
3 218.0 249.1
3 246.0 257.1
5 230.0 241.2
2 314.0 347.4
5 254.0 236.9
2 154.0 123.6
2 292.0 318.2
2 38.0 86.6
3 164.0 238.7
3 98.0 97.6
3 164.0 177.3
5 86.0 21.6
5 260.0 262.2
3 272.0 281.7
3 206.0 183.8
3 264.0 263.3
3 322.0 164.8
3 118.0 99.6
5 330.0 305.5
4 278.0 266.5
4 102.0 115.9
3 84.0 44.7
4 54.0 49.2
4 138.0 137.9
3 124.0 123.5
5 42.0 46.3
2 350.0 357.5
3 108.0 119.6
2 122.0 35.8
3 244.0 235.1
3 234.0 237.5
4 210.0 208.6
4 166.0 136.7
4 176.0 141.3
2 344.0 308.9
5 268.0 282.3
5 90.0 105.4
4 278.0 281.8
5 252.0 252.9
2 222.0 204.0
2 150.0 341.5
4 234.0 212.5
5 18.0 31.4
5 320.0 317.7
5 302.0 317.4
2 58.0 33.9
4 250.0 231.8
4 38.0 35.1
5 224.0 236.4
5 232.0 226.6
4 254.0 264.7
5 254.0 250.8
4 192.0 148.1
2 134.0 298.7
2 78.0 80.0
2 22.0 21.8
3 132.0 131.6
3 102.0 32.4
2 102.0 80.9
4 332.0 350.0
4 242.0 242.3
2 332.0 326.8
5 78.0 56.2
3 354.0 286.3
3 40.0 60.4
4 186.0 164.3
3 16.0 4.6
3 138.0 128.8
4 296.0 289.6
3 26.0 8.1
2 120.0 31.0
3 312.0 329.2
5 264.0 268.5
4 212.0 145.9
3 244.0 197.5
3 310.0 93.9
5 314.0 298.0
2 62.0 67.2
5 318.0 310.7
5 188.0 174.5
3 162.0 159.4
4 330.0 302.6
4 232.0 201.3
5 234.0 240.7
4 172.0 148.9
5 274.0 262.9
3 36.0 18.4
4 176.0 175.1
4 92.0 99.2
4 212.0 157.4
2 2.0 346.9
5 106.0 115.2
5 150.0 140.0
3 160.0 142.2
5 40.0 34.8
2 110.0 69.4
3 182.0 170.2
5 208.0 207.4
3 294.0 282.3
4 270.0 257.1
5 136.0 131.7
2 162.0 305.2
3 92.0 92.4
4 280.0 265.1
4 334.0 343.7
4 154.0 140.6
4 234.0 257.6
4 46.0 59.3
3 118.0 79.1
5 24.0 24.0
5 344.0 349.4
2 266.0 253.6
2 180.0 100.3
5 298.0 299.3
5 314.0 305.1
4 348.0 341.8
3 14.0 27.5
5 94.0 55.3
4 178.0 231.9
2 288.0 254.8
3 180.0 203.7
3 292.0 298.1
2 342.0 314.8
4 22.0 22.7
4 198.0 233.0
2 196.0 107.8
5 44.0 31.6
5 134.0 128.4
3 24.0 51.2
5 90.0 77.8
2 96.0 69.0
3 48.0 33.4
5 212.0 210.5
4 320.0 352.1
2 136.0 202.2
5 186.0 149.2
2 284.0 306.5
3 40.0 91.2
3 124.0 92.3
5 252.0 257.4
4 42.0 35.4
4 334.0 305.1
4 276.0 268.8
3 164.0 146.7
5 104.0 93.8
2 188.0 122.1
3 192.0 145.1
2 162.0 126.0
4 80.0 68.7
3 2.0 164.3
4 256.0 251.4
5 18.0 29.1
2 216.0 136.1
4 30.0 29.5
2 68.0 8.6
5 172.0 164.6
4 46.0 53.2
2 294.0 278.1
3 146.0 113.9
4 176.0 203.8
4 208.0 228.9
2 192.0 183.0
3 232.0 237.5
5 336.0 326.9
2 176.0 270.1
2 166.0 112.0
3 114.0 115.2
2 112.0 75.0
5 92.0 96.6
4 296.0 287.8
5 294.0 292.5
5 120.0 118.2
3 298.0 288.6
4 268.0 271.5
4 120.0 119.3
2 178.0 123.6
5 236.0 341.9
5 42.0 72.9
3 220.0 267.4
3 144.0 167.0
4 338.0 321.5
3 78.0 84.3
4 14.0 21.1
3 120.0 143.7
4 332.0 324.6
2 278.0 301.4
3 160.0 153.2
2 252.0 300.1
5 202.0 170.5
2 180.0 64.2
5 186.0 184.1
5 150.0 160.8
5 60.0 63.2
2 170.0 107.2
2 230.0 9.3
2 258.0 254.7
5 52.0 66.6
5 124.0 140.5
5 52.0 69.5
3 358.0 343.3
3 328.0 312.1
4 280.0 281.1
3 16.0 355.5
5 258.0 257.6
3 14.0 16.4
4 302.0 300.0
4 108.0 91.6
4 262.0 260.3
3 162.0 152.9
3 244.0 249.5
5 268.0 285.9
3 310.0 293.1
5 282.0 287.2
3 272.0 262.1
3 250.0 178.5
3 178.0 179.6
5 292.0 276.3
5 292.0 286.6
4 72.0 87.5
4 238.0 257.7
4 64.0 48.2
2 266.0 259.5
2 186.0 260.4
2 82.0 277.1
4 272.0 292.5
2 316.0 40.3
3 224.0 246.6
2 38.0 331.9
2 160.0 148.4
4 178.0 213.3
2 248.0 292.9
2 190.0 123.2
3 234.0 136.1
4 82.0 90.7
5 294.0 315.3
4 106.0 135.7
2 180.0 258.0
2 204.0 77.7
5 202.0 200.3
5 96.0 112.7
3 342.0 324.6
4 346.0 359.1
4 256.0 282.8
4 356.0 19.2
4 18.0 43.9
5 314.0 314.8
3 336.0 355.8
5 130.0 120.2
2 194.0 91.8
5 56.0 56.4
4 234.0 248.8
5 172.0 213.8
3 102.0 115.6
3 112.0 95.4
4 236.0 249.0
3 86.0 94.1
5 10.0 12.2
5 66.0 82.9
2 278.0 255.4
4 34.0 35.8
5 288.0 280.3
5 304.0 288.4
3 126.0 126.7
5 352.0 1.7
4 348.0 355.9
5 92.0 105.0
3 312.0 324.1
3 356.0 353.5
5 160.0 162.7
4 176.0 152.0
3 240.0 229.2
5 320.0 330.3
3 104.0 114.1
5 254.0 243.2
3 174.0 135.2
2 46.0 264.4
4 188.0 201.6
5 242.0 217.4
2 68.0 62.2
2 156.0 229.4
5 62.0 56.3
3 74.0 71.7
3 66.0 19.3
5 258.0 261.3
4 342.0 314.0
3 36.0 47.3
2 144.0 181.9
4 208.0 190.2
5 94.0 107.3
5 218.0 210.9
4 40.0 52.4
3 98.0 83.7
5 180.0 176.0
2 92.0 189.3
5 210.0 212.5
5 254.0 263.7
2 110.0 91.6
2 118.0 132.4
3 88.0 102.8
4 146.0 183.8
2 118.0 90.7
3 290.0 277.3
4 340.0 319.8
4 172.0 213.8
5 4.0 2.7
4 340.0 3.4
5 80.0 99.3
5 272.0 265.4
2 316.0 350.8
3 84.0 134.1
4 24.0 33.2
3 152.0 146.2
5 230.0 221.7
2 332.0 350.7
3 30.0 23.6
5 342.0 334.7
2 38.0 56.5
3 52.0 41.1
3 74.0 62.7
4 356.0 338.9
5 170.0 158.6
5 128.0 132.8
3 118.0 125.8
2 178.0 236.8
2 212.0 47.7
2 134.0 13.6
4 330.0 321.3
4 8.0 344.8
3 58.0 60.9
2 202.0 108.2
2 224.0 126.3
3 16.0 12.4
2 64.0 87.5
3 42.0 22.4
4 260.0 237.6
5 334.0 351.6
2 128.0 163.3
2 342.0 294.7
4 244.0 258.1
3 332.0 354.5
2 196.0 97.4
2 102.0 88.3
3 12.0 23.7
4 210.0 235.4
2 140.0 101.4
5 62.0 42.5
5 202.0 244.8
5 274.0 279.0
5 224.0 242.5
4 112.0 118.8
3 270.0 292.8
3 308.0 323.4
4 304.0 297.0
3 26.0 15.2
5 270.0 261.9
3 276.0 345.1
5 68.0 50.2
3 78.0 44.3
3 2.0 345.9
3 104.0 89.0
4 320.0 350.7
2 164.0 255.3
2 26.0 157.8
5 244.0 259.2
5 60.0 56.7
3 32.0 31.8
2 260.0 279.0
5 112.0 108.6
5 90.0 98.9
4 28.0 30.4
2 150.0 245.2
5 240.0 239.4
5 272.0 273.3
5 46.0 46.0
5 264.0 266.6
2 12.0 30.7
2 126.0 110.6
3 152.0 128.8
3 290.0 283.0
3 138.0 117.7
4 242.0 242.3
2 328.0 139.7
5 68.0 44.8
5 154.0 153.2
5 222.0 204.9
4 172.0 160.6
2 346.0 305.6
5 310.0 328.2
5 296.0 271.9
3 74.0 63.3
5 250.0 244.3
2 22.0 18.6
3 2.0 24.0
3 278.0 255.1
3 116.0 107.7
4 276.0 285.0
4 160.0 141.2
3 8.0 60.5
3 200.0 220.3
3 182.0 200.3
4 254.0 254.1
4 4.0 2.0
2 92.0 142.4
3 80.0 106.8
4 248.0 226.1
2 64.0 350.8
3 30.0 20.2
2 232.0 149.6
5 270.0 277.9
5 200.0 233.9
5 40.0 26.4
5 84.0 74.7
4 10.0 359.1
4 48.0 37.4
2 336.0 350.2
4 336.0 303.5
4 190.0 156.1
3 132.0 106.8
4 226.0 228.6
2 118.0 244.9
3 240.0 256.2
4 246.0 253.4
4 48.0 76.2
4 90.0 95.8
3 258.0 266.0
3 166.0 152.1
4 72.0 91.7
5 312.0 332.0
4 358.0 11.0
2 248.0 236.3
4 194.0 170.7
3 110.0 105.0
4 140.0 164.0
2 90.0 154.0
5 302.0 300.5
5 238.0 259.1
5 4.0 354.4
5 274.0 278.7
3 190.0 147.1
4 46.0 47.0
2 162.0 180.5
5 170.0 167.2
2 254.0 148.7
3 312.0 314.2
5 140.0 136.2
4 270.0 253.3
5 88.0 89.5
5 88.0 42.0
2 68.0 123.8
2 76.0 31.1
4 172.0 141.1
2 280.0 13.8
5 238.0 253.4
2 152.0 147.8
2 184.0 176.3
3 166.0 184.6
2 28.0 64.3
2 46.0 150.6
5 308.0 335.0
2 254.0 322.9
2 156.0 243.3
3 258.0 265.0
3 26.0 257.3
2 244.0 331.4
4 298.0 296.4
5 174.0 177.5
4 326.0 303.4
4 298.0 331.6
5 200.0 193.6
5 154.0 156.1
4 320.0 307.4
4 266.0 287.6
3 356.0 9.9
2 126.0 271.3
4 8.0 25.1
4 128.0 102.8
4 228.0 217.7
4 96.0 113.3
4 258.0 279.9
4 76.0 89.9
5 132.0 138.6
4 70.0 76.3
3 52.0 86.0
4 58.0 70.5
2 14.0 53.1
4 332.0 330.2
3 100.0 106.0
3 300.0 310.7
2 112.0 117.9
4 310.0 307.1
2 124.0 132.9
5 108.0 119.9
3 58.0 49.7
3 114.0 101.9
2 186.0 153.8
3 300.0 300.3
2 80.0 343.0
3 94.0 110.7
3 304.0 300.6
4 94.0 105.8
5 140.0 153.7
5 186.0 193.8
5 254.0 246.6
4 336.0 356.1
3 136.0 151.1
4 24.0 22.2
2 206.0 135.3
2 220.0 154.1
4 62.0 89.8
4 154.0 150.5
4 220.0 204.1
2 14.0 309.4
2 78.0 25.8
5 166.0 169.3
3 232.0 216.7
3 72.0 49.3
4 220.0 191.0
4 50.0 40.5
5 228.0 232.8
4 80.0 71.4
3 308.0 345.4
4 20.0 17.2
5 12.0 17.5
5 180.0 182.9
3 74.0 85.0
5 312.0 301.0
4 12.0 13.9
2 234.0 77.4
4 288.0 266.3
4 358.0 358.5
3 142.0 170.2
4 130.0 149.1
2 274.0 222.5
3 202.0 195.7
2 76.0 44.9
3 302.0 335.1
4 114.0 105.7
4 338.0 318.8
4 290.0 325.1
4 112.0 75.5
3 278.0 279.4
4 276.0 272.9
3 12.0 32.9
4 148.0 331.4
5 332.0 338.3
3 216.0 211.2
4 268.0 261.6
2 98.0 104.5
5 204.0 233.0
3 230.0 235.0
2 196.0 135.6
4 8.0 10.9
3 56.0 67.8
5 216.0 191.7
5 50.0 50.8
5 70.0 59.3
4 236.0 261.0
5 264.0 267.7
3 32.0 23.0
2 12.0 262.9
3 288.0 281.8
3 274.0 227.9
2 254.0 294.0
5 326.0 312.7
4 4.0 333.2
4 144.0 149.3
3 358.0 356.0
3 160.0 261.5
2 276.0 253.1
5 326.0 321.0
4 316.0 308.0
3 114.0 124.1
4 188.0 191.9
5 186.0 182.5
3 280.0 266.8
2 318.0 296.2
3 304.0 287.9
4 252.0 231.0
4 306.0 303.3
3 194.0 171.5
3 82.0 91.1
5 214.0 243.1
5 56.0 46.1
2 280.0 282.7
2 226.0 340.5
2 98.0 90.1
2 218.0 148.9
2 140.0 105.0
2 154.0 175.1
3 4.0 341.7
5 266.0 275.6
5 64.0 69.4
3 290.0 286.8
2 24.0 280.1
3 182.0 193.3
2 102.0 110.5
4 164.0 153.4
2 264.0 158.7
2 330.0 78.4
3 80.0 50.1
2 122.0 29.6
4 8.0 276.2
5 306.0 293.2
2 20.0 16.4
5 254.0 237.8
3 206.0 163.5
3 264.0 265.1
4 60.0 73.1
3 256.0 265.1
2 32.0 193.9
3 52.0 41.8
5 86.0 112.2
3 240.0 248.0
4 62.0 78.2
2 26.0 37.3
3 292.0 297.7
4 358.0 356.4
4 198.0 168.0
3 186.0 166.0
3 154.0 147.0
5 62.0 48.3
5 170.0 164.2
2 210.0 309.8
4 20.0 29.0
3 284.0 296.3
2 298.0 316.1
2 32.0 57.6
3 168.0 180.0
5 102.0 75.2
5 96.0 94.7
2 144.0 317.4
3 224.0 265.4
4 174.0 176.3
5 112.0 119.3
3 210.0 158.7
2 110.0 163.3
2 76.0 12.7
3 84.0 119.3
5 120.0 123.1
5 230.0 211.0
3 214.0 219.6
3 16.0 16.7
2 60.0 67.6
4 338.0 343.0
3 24.0 18.7
3 308.0 329.4
4 332.0 317.0
3 54.0 40.9
3 324.0 2.0
3 236.0 252.4
5 60.0 47.6
5 358.0 5.8
4 316.0 336.6
3 234.0 227.3
2 306.0 109.7
3 266.0 262.2
5 270.0 270.3
3 338.0 332.5
5 144.0 154.7
5 352.0 338.3
4 222.0 164.9
3 18.0 356.9
2 140.0 116.3
5 72.0 62.8
3 154.0 134.5
5 190.0 174.3
4 354.0 16.5
4 358.0 348.7
2 68.0 30.3
4 238.0 256.0
4 180.0 168.9
3 52.0 27.9
3 204.0 202.5
5 270.0 281.7
5 102.0 115.6
2 102.0 42.8
2 156.0 193.5
2 316.0 279.3
5 310.0 313.9
2 246.0 154.0
5 160.0 21.6
3 264.0 264.4
4 216.0 227.1
4 200.0 238.5
3 70.0 56.1
3 286.0 289.5
5 288.0 289.3
4 210.0 192.4
4 214.0 195.8
2 32.0 356.4
2 200.0 82.8
4 62.0 52.2
2 196.0 208.7
2 242.0 181.8
3 56.0 109.9
5 56.0 46.1
2 172.0 141.0
4 336.0 6.6
2 12.0 33.4
3 236.0 205.7
5 146.0 175.9
5 202.0 199.9
2 334.0 71.5
2 322.0 318.1
5 122.0 119.1
4 294.0 293.7
5 146.0 148.6
3 280.0 306.9
3 170.0 200.6
4 234.0 251.4
5 266.0 268.7
2 82.0 12.1
4 314.0 310.8
3 90.0 59.5
5 358.0 0.3
2 0.0 355.0
5 148.0 161.3
3 78.0 96.8
3 304.0 307.0
3 310.0 329.2
3 262.0 202.5
5 232.0 247.8
2 80.0 51.1
2 178.0 150.2
4 224.0 183.0
2 122.0 38.8
2 256.0 112.9
4 256.0 225.0
3 68.0 107.3
5 62.0 80.0
2 248.0 70.3
3 134.0 121.6
3 328.0 17.9
4 14.0 22.1
5 280.0 286.4
3 278.0 342.4
2 238.0 281.8
5 246.0 223.8
4 132.0 111.5
2 154.0 145.8
4 236.0 246.7
3 154.0 328.7
4 256.0 245.5
2 62.0 274.8
4 84.0 92.2
4 174.0 150.1
3 358.0 353.7
5 304.0 299.7
5 180.0 169.4
4 182.0 242.5
2 250.0 58.2
5 200.0 205.3
2 324.0 292.7
5 192.0 189.2
3 168.0 210.8
4 96.0 75.4
4 80.0 79.2
5 154.0 140.5
5 20.0 27.2
5 128.0 137.2
4 100.0 121.1
2 192.0 122.3
4 60.0 87.7
5 242.0 207.4
2 252.0 81.3
4 198.0 223.6
2 278.0 247.5
5 222.0 218.1
2 308.0 359.1
5 62.0 283.4
3 340.0 355.1
4 74.0 98.9
5 108.0 119.7
4 160.0 139.3
4 102.0 84.4
5 224.0 248.3
3 130.0 137.1
5 8.0 0.4
5 320.0 2.3
5 58.0 38.9
5 358.0 342.7
3 334.0 354.5
2 164.0 332.1
4 224.0 205.5
4 24.0 41.6
4 10.0 15.1
3 222.0 239.3
5 236.0 240.2
3 10.0 22.7
3 234.0 247.0
5 118.0 0.4
2 100.0 74.2
5 108.0 111.2
5 228.0 202.4
4 90.0 49.4
4 156.0 209.9
4 302.0 283.6
4 294.0 294.4
3 210.0 151.4
4 68.0 43.3
5 46.0 40.6
3 32.0 32.1
4 208.0 231.1
5 200.0 218.2
2 294.0 340.5
4 96.0 93.9
5 256.0 178.4
2 166.0 114.1
3 216.0 224.8
5 64.0 253.1
4 236.0 193.6
5 156.0 145.5
3 174.0 176.3
2 184.0 153.9
3 30.0 48.7
2 164.0 220.4
3 244.0 249.0
3 300.0 309.3
2 348.0 301.6
5 42.0 46.5
2 280.0 331.8
2 78.0 59.1
3 130.0 119.5
5 278.0 279.6
3 306.0 286.8
2 216.0 206.9
5 352.0 351.6
3 92.0 94.9
2 264.0 16.7
2 294.0 249.4
4 110.0 98.1
5 244.0 268.2
3 144.0 115.4
4 10.0 341.2
3 308.0 297.4
4 236.0 210.0
4 70.0 53.7
5 210.0 211.0
5 66.0 58.8
3 100.0 90.8
3 248.0 267.4
2 64.0 77.2
5 244.0 249.1
2 166.0 114.7
4 112.0 108.4
2 284.0 333.1
2 294.0 273.0
5 298.0 303.0
4 316.0 321.4
5 232.0 245.8
5 298.0 304.5
2 182.0 142.8
5 8.0 4.0
5 22.0 44.8
4 100.0 125.5
5 290.0 275.0
5 152.0 149.7
5 204.0 172.1
4 266.0 235.3
2 188.0 200.3
4 358.0 0.2
2 78.0 148.2
2 122.0 346.8
4 240.0 176.6
4 120.0 124.1
2 220.0 84.2
5 14.0 3.4
4 2.0 24.5
4 216.0 225.4
3 212.0 254.8
5 296.0 314.1
5 46.0 50.7
3 298.0 297.7
4 94.0 65.9
5 40.0 47.5
2 330.0 20.9
4 230.0 179.3
3 52.0 68.9
5 338.0 4.8
3 64.0 53.3
2 136.0 258.5
2 100.0 41.5
3 50.0 25.4
4 84.0 58.0
2 260.0 295.0
5 330.0 299.9
2 272.0 32.3
3 310.0 293.3
2 162.0 343.3
2 166.0 232.7
5 142.0 147.2
3 166.0 231.4
2 128.0 148.0
2 340.0 340.2
2 102.0 57.9
3 14.0 27.5
5 68.0 73.9
5 36.0 44.1
3 358.0 344.1
2 336.0 317.0
5 304.0 323.7
5 12.0 14.9
3 344.0 340.0
2 346.0 28.4
2 324.0 38.3
5 150.0 138.4
4 216.0 223.7
5 32.0 32.8
3 76.0 76.4
2 188.0 133.3
2 144.0 152.3
4 82.0 109.4
2 240.0 226.0
2 138.0 72.1
5 308.0 324.2
3 258.0 210.6
4 214.0 204.4
4 154.0 150.1
5 140.0 134.0
2 204.0 166.5
4 22.0 21.8
3 280.0 309.7
4 160.0 173.2
2 70.0 54.6
3 244.0 229.5
2 74.0 279.7
3 30.0 3.5
3 272.0 266.2
5 340.0 354.0
2 100.0 263.0
3 164.0 183.0
3 188.0 244.7
3 48.0 40.7
4 54.0 45.7
3 34.0 19.7
5 42.0 308.8
3 6.0 356.9
2 6.0 18.8
4 142.0 152.1
3 102.0 103.9
3 76.0 68.9
2 52.0 327.6
3 256.0 250.6
4 40.0 92.6
2 86.0 229.7
5 278.0 57.7
4 106.0 110.7
5 178.0 226.7
2 76.0 107.8
2 262.0 231.8
5 166.0 158.0
2 40.0 152.2
4 136.0 128.5
4 2.0 7.0
5 204.0 184.3
5 72.0 99.2
4 166.0 172.1
5 168.0 167.6
2 208.0 207.2
3 328.0 326.2
4 28.0 33.4
2 242.0 178.1
5 138.0 126.4
2 270.0 183.5
4 210.0 191.0
5 228.0 227.6
3 132.0 122.9
5 316.0 307.1
2 102.0 25.8
2 318.0 275.0
3 40.0 63.0
4 154.0 153.3
5 30.0 39.2
3 128.0 163.0
3 10.0 0.9
2 174.0 165.6
3 236.0 278.0
2 316.0 74.0
5 164.0 165.7
5 184.0 162.6
2 132.0 73.2
3 246.0 260.7
4 12.0 353.3
4 142.0 176.6
4 180.0 322.8
5 222.0 207.6
5 268.0 275.7
3 22.0 43.9
4 188.0 209.1
4 320.0 331.2
5 156.0 180.8
3 242.0 260.9
3 200.0 217.8
4 354.0 1.5
5 114.0 126.2
2 352.0 345.0
5 246.0 251.7
2 278.0 12.7
4 70.0 21.7
3 26.0 31.7
5 202.0 234.3
3 348.0 359.4
5 166.0 154.6
5 84.0 80.3
4 336.0 333.1
4 334.0 310.3
5 142.0 147.2
3 312.0 288.8
4 154.0 164.2
4 194.0 195.9
4 350.0 359.6
5 46.0 18.4
4 176.0 191.6
2 2.0 328.6
4 66.0 51.1
2 284.0 256.3
3 52.0 79.5
2 88.0 20.3
4 284.0 278.0
5 102.0 103.9
4 134.0 135.7
3 354.0 1.6
3 182.0 181.9
2 292.0 320.3
3 276.0 294.2
4 276.0 273.4
2 298.0 334.5
4 242.0 258.6
2 330.0 346.1
4 276.0 247.5
2 142.0 119.7
3 334.0 306.2
5 312.0 323.9
5 348.0 350.0
4 208.0 221.0
3 294.0 268.4
2 134.0 160.7
5 274.0 285.5
4 64.0 51.2
3 10.0 21.3
2 126.0 195.2
2 48.0 149.7
4 108.0 124.2
4 42.0 39.4
2 28.0 66.0
3 302.0 271.3
5 28.0 29.2
2 54.0 18.1
4 166.0 126.4
3 46.0 81.6
4 206.0 234.5
3 222.0 216.0
4 166.0 195.1
5 224.0 221.3
3 92.0 171.0
4 186.0 187.2
5 192.0 162.0
4 2.0 0.0
3 290.0 264.4
3 108.0 70.6
2 188.0 244.2
4 352.0 351.9
5 246.0 244.2
2 2.0 301.3
3 342.0 7.7
2 50.0 32.7
3 38.0 42.2
5 346.0 341.4
2 198.0 305.3
2 98.0 106.3
3 338.0 334.3
4 304.0 330.1
2 90.0 134.6
5 142.0 142.5
2 2.0 313.2
5 48.0 21.2
4 120.0 145.6
2 134.0 124.1
2 64.0 111.2
2 88.0 189.3
4 298.0 185.5
4 126.0 126.5
4 60.0 63.4
3 226.0 258.7
4 112.0 108.1
2 156.0 98.0
2 268.0 271.5
4 336.0 320.3
2 126.0 102.5
3 158.0 136.7
2 98.0 98.5
2 90.0 135.3
3 60.0 82.9
2 54.0 348.9
5 76.0 59.5
3 148.0 150.5
2 314.0 343.7
4 150.0 198.1
3 146.0 163.5
5 86.0 98.6
4 298.0 306.9
2 198.0 226.6
3 246.0 244.1
4 62.0 45.8
5 264.0 279.2
3 158.0 221.8
4 288.0 304.4
5 26.0 18.3
5 138.0 135.3
4 60.0 65.8
3 100.0 129.9
4 280.0 280.8
2 356.0 328.7
4 52.0 65.0
2 214.0 176.9
3 40.0 26.2
4 36.0 32.0
5 118.0 126.9
5 212.0 225.6
5 68.0 83.6
2 180.0 267.0
2 72.0 32.6
4 66.0 47.1
5 2.0 1.2
2 34.0 62.2
4 334.0 344.5
3 254.0 158.5
5 162.0 206.2
4 106.0 78.1
4 234.0 243.1
5 18.0 35.4
3 58.0 79.0
2 152.0 53.3
5 14.0 358.0
3 172.0 186.0
2 100.0 46.6
3 128.0 109.5
2 214.0 203.3
3 350.0 21.5
3 236.0 243.4
4 174.0 194.8
2 116.0 103.0
2 112.0 98.0
2 16.0 357.2
4 132.0 125.2
4 142.0 149.8
5 242.0 244.3
3 164.0 189.6
4 20.0 344.7
2 130.0 20.0
4 14.0 12.3
2 136.0 168.8
5 136.0 129.1
2 58.0 12.9
4 64.0 54.9
3 16.0 88.4
2 54.0 215.3
2 206.0 226.8
5 328.0 0.6
5 24.0 24.4
3 250.0 261.1
4 340.0 349.0
5 106.0 94.0
3 334.0 312.9
5 62.0 52.0
2 26.0 26.0
2 136.0 173.4
3 148.0 246.4
5 244.0 252.4
3 110.0 105.6
3 350.0 3.1
5 250.0 236.6
2 50.0 14.9
3 266.0 248.6
4 352.0 329.4
2 124.0 141.3
3 288.0 294.7
3 122.0 95.7
5 84.0 76.2
2 24.0 160.8
5 140.0 145.3
4 130.0 146.1
3 112.0 117.9
5 228.0 224.9
4 192.0 167.5
5 186.0 192.9
4 110.0 115.8
3 328.0 341.6
3 114.0 270.0
5 238.0 240.1
4 12.0 13.8
5 150.0 138.9
3 94.0 104.5
2 46.0 73.6
2 50.0 55.5
4 290.0 293.1
5 46.0 54.5
3 216.0 143.9
4 176.0 167.9
3 296.0 332.6
2 244.0 247.0
4 288.0 288.0
3 216.0 207.8
4 332.0 344.3
5 86.0 100.6
3 350.0 353.5
2 60.0 336.4
2 232.0 86.7
5 74.0 87.1
4 288.0 288.5
4 202.0 167.5
5 222.0 233.2
2 242.0 124.3
5 54.0 40.4
4 310.0 312.8
2 334.0 137.7
4 304.0 311.7
5 108.0 114.5
2 220.0 264.7
5 356.0 12.7
2 168.0 171.7
5 128.0 118.6
3 270.0 279.6
5 118.0 129.6
2 12.0 17.5
5 46.0 34.7
5 220.0 287.3
5 308.0 303.3
3 170.0 160.2
4 190.0 196.6
2 60.0 74.2
4 290.0 259.4
5 88.0 95.3
5 112.0 97.1
2 294.0 322.6
2 194.0 218.8
5 248.0 241.0
2 80.0 11.4
5 134.0 141.1
4 156.0 129.6
2 264.0 235.5
2 216.0 281.5
4 268.0 262.5
5 282.0 275.9
5 124.0 128.6
3 354.0 356.1
3 304.0 344.4
2 92.0 59.1
4 356.0 4.2
2 76.0 45.3
5 62.0 52.8
5 226.0 240.7
4 64.0 113.4
2 130.0 164.8
2 320.0 359.5
3 286.0 291.4
3 2.0 8.9
2 354.0 314.9
2 122.0 80.2
2 130.0 358.7
2 196.0 109.0
5 304.0 309.9
3 76.0 52.0
5 26.0 28.5
5 296.0 332.3
3 334.0 307.0
4 148.0 211.2
2 26.0 321.8
5 178.0 176.9
5 302.0 315.5
2 4.0 52.8
2 78.0 291.8
3 18.0 13.5
2 106.0 33.4
4 202.0 233.8
5 38.0 27.9
5 88.0 97.5
5 188.0 170.0
2 244.0 305.6
5 38.0 26.9
5 264.0 275.3
2 236.0 331.1
4 348.0 324.0
4 46.0 25.9
4 88.0 107.1
3 124.0 111.9
3 78.0 49.3
5 182.0 159.8
4 340.0 327.7
2 282.0 282.8
5 140.0 133.5
5 80.0 71.6
3 280.0 277.9
3 276.0 287.8
2 50.0 95.4
3 16.0 345.9
5 28.0 15.6
2 18.0 38.0
2 314.0 317.8
3 340.0 333.3
4 164.0 171.0
5 284.0 273.2
4 296.0 296.7
2 8.0 343.8
4 260.0 262.0
2 256.0 264.9
5 2.0 0.9
4 324.0 353.3
2 128.0 37.9
3 26.0 10.7
5 116.0 92.3
2 254.0 119.3
4 314.0 71.7
4 264.0 249.9
5 40.0 42.1
3 218.0 150.5
4 156.0 140.0
4 266.0 238.4
2 138.0 149.2
2 88.0 115.9
5 196.0 203.4
3 226.0 148.1
3 26.0 41.0
5 324.0 329.8
5 288.0 270.3
3 348.0 341.0
3 114.0 97.3
2 108.0 6.9
3 58.0 36.6
4 262.0 210.4
4 244.0 247.8
2 114.0 165.9
3 170.0 240.6
5 304.0 291.7
4 162.0 160.2
3 172.0 149.3
4 232.0 244.0
4 100.0 110.8
3 188.0 241.5
5 208.0 211.3
3 124.0 158.8
5 330.0 307.1
4 306.0 299.0
2 34.0 352.5
5 162.0 203.0
5 280.0 284.0
3 250.0 221.1
5 258.0 249.2
4 84.0 54.5
5 226.0 217.7
3 36.0 61.0
3 16.0 33.1
5 96.0 93.2
4 134.0 119.0
3 236.0 181.2
5 260.0 247.1
3 326.0 321.6
4 90.0 102.6
2 156.0 267.9
3 78.0 109.3
2 302.0 18.4
4 288.0 272.7
5 48.0 76.1
2 160.0 252.6
3 198.0 147.2
3 274.0 263.1
5 270.0 335.9
4 138.0 140.5
2 32.0 232.0
4 164.0 153.4
5 28.0 47.1
3 116.0 100.4
3 314.0 314.0
2 190.0 204.9
5 312.0 320.8
4 178.0 212.0
4 338.0 276.2
2 228.0 122.0
5 90.0 99.2
3 70.0 33.0
3 344.0 335.4
4 262.0 269.8
3 320.0 291.2
5 124.0 115.7
3 14.0 1.2
5 164.0 156.9
4 314.0 358.6
5 84.0 109.0
4 144.0 129.4
4 94.0 65.2
5 10.0 7.0
2 16.0 67.8
3 264.0 287.5
4 244.0 258.6
4 8.0 13.2
4 184.0 162.0
5 260.0 267.0
3 140.0 184.3
3 154.0 141.1
2 294.0 193.9
3 210.0 187.9
2 226.0 197.7
2 214.0 255.3
5 216.0 239.7
5 222.0 231.8
4 214.0 203.9
5 60.0 40.3
3 244.0 237.4
3 38.0 60.7
5 292.0 304.9
3 130.0 128.9
5 144.0 148.1
3 62.0 35.3
3 304.0 300.4
3 146.0 105.6
2 170.0 35.7
5 236.0 227.2
5 334.0 323.1
3 60.0 43.2
2 354.0 13.9
3 62.0 107.3
5 312.0 311.7
4 60.0 45.8
2 222.0 183.7
5 40.0 26.8
2 154.0 262.6
2 154.0 70.1
2 44.0 60.0
2 46.0 37.4
5 158.0 150.5
5 106.0 99.4
4 352.0 334.1
5 292.0 284.6
2 332.0 197.7
5 134.0 155.2
3 10.0 11.0
2 86.0 88.7
4 16.0 23.8
3 32.0 94.0
3 108.0 85.9
2 358.0 298.0
5 190.0 213.8
2 106.0 24.1
4 114.0 278.7
5 336.0 338.0
5 312.0 331.5
4 32.0 181.2
2 358.0 309.4
2 338.0 249.8
2 64.0 68.5
5 100.0 90.9
3 152.0 158.9
3 122.0 98.3
5 170.0 230.5
3 26.0 34.0
4 128.0 134.0
4 304.0 317.8
2 90.0 94.2
2 334.0 83.0
4 68.0 59.9
3 154.0 169.5
4 12.0 14.1
3 226.0 247.0
5 134.0 138.1
5 296.0 284.7
4 84.0 74.0
4 62.0 41.5
3 96.0 121.2
2 332.0 7.0
3 280.0 270.0
5 214.0 205.7
4 306.0 298.9
3 30.0 47.4
2 46.0 6.2
3 164.0 150.1
4 160.0 139.8
5 348.0 356.9
3 252.0 264.2
2 40.0 48.2
3 88.0 66.8
4 42.0 35.2
3 282.0 266.8
3 74.0 95.1
3 292.0 271.2
4 108.0 120.0
5 246.0 247.6
2 94.0 158.7
3 300.0 267.6
2 140.0 70.8
5 18.0 30.7
2 244.0 214.0
4 148.0 149.9
4 130.0 113.1
2 166.0 254.8
5 288.0 275.9
3 302.0 303.3
4 146.0 124.7
5 178.0 177.5
4 24.0 29.3
4 206.0 235.8
4 94.0 97.4
3 8.0 33.0
4 348.0 2.6
5 280.0 273.5
3 286.0 272.0
2 244.0 288.8
4 242.0 253.9
4 160.0 207.3
5 104.0 99.3
2 46.0 359.0
3 72.0 63.6
2 256.0 353.4
4 256.0 296.8
4 36.0 32.1
5 148.0 139.5
2 312.0 16.3
4 324.0 359.5
3 220.0 244.0
2 92.0 326.3
4 322.0 302.0
2 24.0 39.9
4 242.0 231.7
4 188.0 179.4
2 62.0 64.2
2 338.0 12.5
4 250.0 249.1
5 204.0 224.2
4 88.0 93.7
4 196.0 197.6
2 226.0 135.2
5 226.0 155.1
5 274.0 282.5
2 152.0 131.5
3 176.0 307.4
5 288.0 286.9
3 100.0 87.4
2 320.0 276.6
5 134.0 149.3
5 202.0 154.0
4 216.0 179.2
5 304.0 304.5
4 262.0 269.3
2 0.0 102.9
2 118.0 102.7
3 306.0 278.5
4 188.0 72.9
5 210.0 180.1
5 354.0 336.7
4 76.0 58.9
5 106.0 87.5
3 278.0 293.4
3 332.0 317.4
5 80.0 103.7
5 64.0 64.9
5 338.0 342.6
3 338.0 350.3
2 68.0 100.4
5 354.0 22.0
3 132.0 109.5
3 180.0 143.0
5 338.0 336.0
4 8.0 22.2
3 56.0 22.9
3 172.0 224.5
2 266.0 149.6
5 344.0 329.3
4 136.0 144.4
3 184.0 170.3
5 60.0 68.8
5 232.0 225.3
3 332.0 338.2
5 282.0 329.2
2 132.0 248.5
3 2.0 12.2
4 40.0 49.0
2 244.0 158.0
2 52.0 132.9
3 320.0 346.8
4 126.0 125.3
2 220.0 14.4
5 76.0 69.8
2 34.0 33.6
3 8.0 10.7
2 330.0 296.0
4 226.0 246.7
3 18.0 3.7
5 162.0 138.8
4 274.0 252.4
4 154.0 133.9
3 62.0 46.4
4 250.0 256.0
3 348.0 22.3
5 294.0 314.0
5 256.0 250.4
3 292.0 333.2
2 194.0 228.4
2 302.0 293.9
4 108.0 105.8
4 68.0 64.1
3 68.0 106.0
4 274.0 264.7
5 212.0 174.7
4 62.0 78.5
2 208.0 210.5
3 206.0 207.5
5 248.0 255.4
3 150.0 164.9
3 280.0 260.5
4 202.0 220.5
5 48.0 57.8
4 184.0 182.3
5 142.0 136.7
5 210.0 232.2
5 44.0 28.7
5 280.0 281.4
4 296.0 295.6
3 284.0 279.4
5 256.0 265.9
2 298.0 300.9
5 234.0 215.0
5 164.0 175.0
2 90.0 66.0
3 266.0 280.5
3 190.0 225.5
5 26.0 26.8
4 334.0 5.5
4 318.0 309.8
5 284.0 277.1
4 134.0 123.0
2 92.0 228.4
3 314.0 303.8
5 338.0 331.6
4 88.0 93.9
4 330.0 349.5
2 156.0 139.4
4 58.0 58.2
2 102.0 345.2
2 54.0 347.3
2 250.0 230.8
3 350.0 311.1
3 182.0 215.8
5 68.0 83.7
2 58.0 10.8
5 200.0 201.6
3 352.0 356.0
4 10.0 2.0
5 126.0 126.2
3 296.0 303.5
3 168.0 174.7
4 28.0 53.4
3 160.0 212.8
2 202.0 259.5
3 38.0 36.0
3 272.0 272.2
5 350.0 355.1
5 56.0 38.0
2 270.0 233.1
3 236.0 301.7
2 126.0 133.5
5 104.0 114.5
3 190.0 156.6
4 166.0 149.7
2 324.0 294.2
4 46.0 48.4
3 72.0 80.8
4 98.0 78.8
4 86.0 56.6
2 6.0 55.8
3 18.0 15.0
4 2.0 2.8
5 356.0 358.0
5 30.0 49.1
2 188.0 232.1
2 52.0 101.0
3 48.0 73.9
2 24.0 18.2
5 160.0 145.5
5 358.0 2.6
5 74.0 57.2
4 316.0 325.8
2 36.0 46.7
4 324.0 312.7
5 174.0 184.7
4 352.0 2.9
3 184.0 185.0
4 276.0 267.3
2 196.0 342.4
4 108.0 106.0
5 38.0 41.6
4 248.0 216.6
3 218.0 187.6
4 246.0 266.2
4 338.0 299.8
4 270.0 277.3
3 268.0 250.0
2 46.0 37.0
3 204.0 229.2
4 66.0 85.8
3 332.0 39.8
3 272.0 289.5
3 44.0 41.2
3 146.0 152.3
3 108.0 99.2
2 172.0 226.8
2 38.0 43.4
5 126.0 138.0
2 152.0 166.3
5 88.0 84.1
3 318.0 338.9
3 282.0 306.1
4 294.0 275.3
2 354.0 295.4
5 86.0 76.3
3 244.0 245.9
2 88.0 134.4
5 184.0 161.2
3 214.0 172.8
3 254.0 292.4
2 152.0 194.7
5 228.0 222.5
4 214.0 205.5
2 234.0 266.6
4 172.0 145.7
5 82.0 90.0
5 102.0 81.5
5 256.0 248.5
3 54.0 78.7
5 356.0 10.4
4 50.0 66.4
3 10.0 25.2
2 34.0 2.9
4 260.0 265.5
3 174.0 169.2
5 268.0 266.2
2 54.0 144.2
4 4.0 345.1
3 134.0 133.8
4 246.0 225.3
4 148.0 125.1
3 254.0 266.6
3 24.0 28.8
3 280.0 292.0
4 312.0 309.9
4 184.0 212.3
2 20.0 133.6
3 90.0 84.9
2 4.0 88.0
3 330.0 334.9
3 250.0 257.3
4 264.0 289.4
5 22.0 27.3
4 58.0 101.5
5 306.0 324.2
3 258.0 266.1
4 328.0 303.8
5 180.0 137.8
5 98.0 105.8
4 138.0 133.6
2 246.0 229.7
4 84.0 70.3
3 208.0 248.0
5 132.0 120.0
2 34.0 71.1
4 214.0 247.5
4 108.0 89.3
5 182.0 158.7
5 80.0 55.3
3 258.0 269.0
5 246.0 57.0
3 36.0 45.2
3 24.0 23.4
5 318.0 332.9
4 96.0 80.2
5 214.0 239.4
4 298.0 319.6
4 14.0 9.1
5 24.0 46.8
2 320.0 308.9
4 300.0 280.5
2 190.0 155.0
3 204.0 217.7
3 358.0 4.7
4 72.0 46.6
5 84.0 96.2
4 252.0 162.2
5 240.0 268.7
4 122.0 126.3
2 292.0 24.4
2 12.0 301.9
4 20.0 21.0
2 8.0 29.0
3 324.0 295.4
2 174.0 176.8
5 284.0 260.7
3 252.0 247.2
4 14.0 2.2
4 316.0 305.5
4 34.0 358.4
2 84.0 93.2
5 164.0 167.9
3 126.0 99.6
2 244.0 183.9
2 134.0 83.9
4 4.0 6.1
5 306.0 301.5
2 208.0 225.1
2 308.0 177.3
4 352.0 7.6
2 338.0 309.6
5 54.0 34.2
4 244.0 251.9
4 78.0 95.6
3 326.0 321.0
2 32.0 29.1
2 354.0 355.0
3 262.0 259.2
3 10.0 27.4
4 194.0 227.0
4 338.0 0.3
5 4.0 341.2
3 304.0 293.6
3 70.0 59.0
2 194.0 203.4
4 138.0 133.4
3 306.0 315.3
2 260.0 178.2
5 270.0 268.4
2 164.0 216.5
2 302.0 23.7
5 202.0 194.0
3 116.0 121.0
3 180.0 209.9
2 322.0 15.9
5 130.0 134.6
3 262.0 247.2
5 262.0 275.2
5 130.0 131.8
4 344.0 4.6
2 338.0 329.9
4 258.0 241.6
3 44.0 70.9
5 316.0 315.8
4 336.0 320.8
3 186.0 146.5
3 94.0 123.9
3 174.0 191.2
3 106.0 135.2
5 20.0 42.6
4 320.0 349.8
2 324.0 342.4
4 174.0 142.6
4 276.0 271.1
5 58.0 58.5
2 50.0 84.0
2 104.0 94.1
2 110.0 109.2
3 26.0 35.5
5 94.0 87.3
5 190.0 167.0
5 22.0 25.2
4 94.0 83.3
2 42.0 15.0
4 142.0 170.4
4 66.0 90.7
2 264.0 170.2
3 24.0 359.4
5 200.0 222.5
5 28.0 25.4
3 290.0 274.8
2 250.0 273.4
2 208.0 206.5
4 22.0 31.0
5 98.0 106.9
2 68.0 111.5
4 260.0 242.2
4 276.0 272.4
2 134.0 87.9
5 94.0 108.8
5 344.0 325.5
4 332.0 331.8
2 104.0 66.2
5 268.0 264.8
3 108.0 116.7
3 20.0 12.5
2 104.0 24.1
3 250.0 245.0
3 142.0 163.7
5 74.0 109.0
4 298.0 304.1
5 326.0 324.1
3 176.0 161.9
4 320.0 338.5
4 310.0 310.0
3 312.0 299.7
2 286.0 227.6
5 186.0 206.0
2 22.0 346.7
2 322.0 326.2
4 64.0 67.4
2 248.0 116.8
4 16.0 24.0
4 82.0 94.7
3 176.0 151.5
5 130.0 122.7
2 164.0 150.0
5 48.0 67.2
3 52.0 35.8
4 144.0 189.3
2 246.0 288.7
4 196.0 169.7
3 132.0 157.0
2 326.0 269.7
2 250.0 231.3
2 138.0 76.0
5 28.0 26.7
3 160.0 147.9
2 58.0 45.2
5 106.0 115.3
2 286.0 244.5
2 78.0 263.7
3 188.0 172.8
3 176.0 231.8
3 58.0 39.6
5 46.0 62.1
4 316.0 330.6
5 22.0 35.7
5 312.0 307.7
5 236.0 214.2
3 62.0 48.4
5 348.0 352.1
2 92.0 89.8
2 260.0 272.6
2 302.0 306.1
2 200.0 274.1
2 78.0 75.9
3 322.0 358.0
2 170.0 167.6
2 38.0 81.0
4 38.0 31.4
4 300.0 302.6
4 104.0 77.5
5 78.0 59.3
4 222.0 234.9
4 236.0 246.3
4 308.0 302.8
4 106.0 118.6
5 4.0 2.1
2 174.0 158.9
5 6.0 11.2
5 42.0 45.5
3 212.0 236.6
4 170.0 206.9
5 350.0 355.6
3 186.0 191.1
2 38.0 348.6
5 350.0 345.4
3 132.0 109.4
4 112.0 109.9
3 234.0 241.3
4 188.0 155.8
2 136.0 232.1
5 126.0 126.5
3 24.0 23.0
3 32.0 329.4
3 350.0 346.0
2 326.0 323.4
4 350.0 346.6
4 340.0 350.5
3 72.0 125.5
2 158.0 101.4
3 104.0 95.8
4 74.0 38.4
5 274.0 272.7
5 78.0 79.4
3 82.0 104.4
5 232.0 229.7
4 296.0 268.5
2 282.0 346.5
2 146.0 200.8
5 334.0 336.3
5 22.0 13.5
4 144.0 162.3
4 208.0 227.8
5 94.0 81.4
2 242.0 209.1
5 40.0 59.5
3 136.0 124.8
3 286.0 281.7
2 180.0 293.1
5 214.0 216.7
2 232.0 278.9
2 268.0 322.1
4 12.0 353.3
4 134.0 162.7
4 352.0 29.4
5 272.0 295.9
2 264.0 296.3
5 140.0 145.1
3 112.0 89.0
4 220.0 238.7
4 22.0 21.8
5 320.0 303.7
2 228.0 290.4
3 352.0 330.7
3 46.0 34.8
3 16.0 20.7
3 28.0 15.9
2 96.0 82.2
3 272.0 254.6
4 354.0 19.2
5 74.0 90.0
5 152.0 134.0
4 74.0 92.6
2 184.0 345.8
4 316.0 274.8
3 150.0 164.1
4 204.0 222.8
2 222.0 257.5
4 254.0 247.0
2 230.0 293.4
5 26.0 21.6
2 322.0 323.7
5 44.0 354.3
3 320.0 312.8
4 42.0 131.1
5 56.0 52.5
5 218.0 211.7
5 358.0 355.2
4 122.0 117.2
5 10.0 356.6
3 256.0 244.9
3 130.0 143.9
5 198.0 178.7
2 324.0 253.8
3 270.0 261.5
3 288.0 266.3
4 164.0 165.0
3 296.0 276.1
2 320.0 4.8
2 180.0 100.9
2 268.0 319.6
4 146.0 131.6
4 92.0 97.0
4 44.0 33.5
3 142.0 186.2
2 166.0 280.3
3 208.0 234.4
3 180.0 151.3
3 2.0 337.5
3 234.0 219.2
4 36.0 32.3
5 16.0 36.6
2 288.0 198.1
2 88.0 112.1
2 270.0 278.8
4 66.0 100.5
3 22.0 34.3
3 336.0 114.7
4 190.0 163.6
5 128.0 140.1
2 242.0 275.4
3 180.0 219.6
4 58.0 28.6
3 74.0 18.4
5 54.0 70.7
5 8.0 25.4
4 298.0 280.4
4 164.0 166.5
3 56.0 38.0
2 294.0 273.9
3 14.0 347.4
3 178.0 176.9
2 58.0 66.2
2 342.0 311.7
2 34.0 60.3
4 72.0 204.2
4 342.0 9.9
2 324.0 292.2
5 176.0 163.3
4 336.0 337.8
3 116.0 143.0
5 64.0 87.3
4 190.0 170.3
3 134.0 184.7
4 194.0 203.8
3 352.0 19.2
3 210.0 179.1
5 44.0 57.0
4 184.0 265.0
4 108.0 83.0
3 116.0 127.4
3 330.0 354.1
3 46.0 66.3
5 92.0 90.5
2 280.0 279.0
2 300.0 358.0
4 224.0 195.1
5 90.0 97.6
3 250.0 158.1
4 188.0 153.1
5 316.0 290.1
5 184.0 220.7
2 98.0 110.5
4 214.0 256.0
2 330.0 357.6
2 30.0 287.9
3 42.0 27.9
5 34.0 33.6
2 266.0 352.4
4 128.0 112.6
2 350.0 334.6
3 222.0 257.6
2 246.0 72.6
2 102.0 27.9
5 232.0 234.9
4 18.0 19.1
2 350.0 332.2
3 170.0 172.2
2 70.0 93.5
3 338.0 340.9
3 106.0 83.8
5 352.0 326.4
3 156.0 155.9
3 208.0 226.2
2 144.0 191.9
2 136.0 232.8
4 58.0 38.8
2 146.0 104.5
5 46.0 86.8
3 256.0 246.7
3 24.0 55.5
4 36.0 69.9
4 200.0 142.1
5 294.0 297.1
2 172.0 220.7
2 354.0 11.8
4 246.0 215.0
5 220.0 235.4
3 284.0 270.1
4 138.0 144.8
5 58.0 59.4
3 150.0 195.9
4 2.0 12.5
2 202.0 258.7
3 72.0 54.3
5 218.0 211.7
5 118.0 119.7
2 52.0 40.3
2 316.0 268.0
4 34.0 31.5
5 342.0 347.9
4 236.0 236.7
4 192.0 155.4
4 302.0 303.5
2 222.0 297.4
4 102.0 90.9
3 92.0 45.1
3 182.0 218.6
5 110.0 99.3
5 88.0 104.2
5 34.0 40.1
2 304.0 329.9
4 18.0 29.9
5 70.0 92.2
5 334.0 344.2
3 350.0 357.7
4 92.0 114.6
3 126.0 105.8
4 170.0 170.4
4 238.0 251.8
5 206.0 202.0
2 326.0 11.1
2 314.0 28.0
4 358.0 353.1
4 306.0 284.6
3 288.0 283.0
3 134.0 119.1
3 186.0 168.4
3 180.0 183.3
3 322.0 311.5
3 200.0 199.7
5 292.0 291.6
3 2.0 5.4
3 48.0 36.7
2 122.0 129.4
2 10.0 356.1
5 72.0 61.3
5 294.0 330.2
4 284.0 276.0
3 220.0 259.9
2 274.0 305.7
5 138.0 139.7
5 56.0 63.2
2 272.0 319.8
5 122.0 132.2
5 270.0 257.6
5 190.0 167.8
4 94.0 94.3
2 176.0 130.3
2 216.0 225.5
5 342.0 349.1
4 296.0 292.8
2 224.0 239.5
3 338.0 319.3
3 102.0 79.0
2 46.0 138.7
2 304.0 2.7
4 274.0 272.6
5 294.0 304.0
3 40.0 96.3
2 298.0 282.6
3 346.0 5.6
3 274.0 281.2
5 330.0 324.4
3 116.0 112.0
3 260.0 261.6
2 32.0 14.7
5 348.0 344.1
5 272.0 265.4
4 14.0 23.4
3 34.0 8.4
4 150.0 191.6
2 226.0 336.3
4 232.0 243.1
2 34.0 126.4
5 114.0 111.3
2 86.0 94.6
2 152.0 171.0
2 118.0 134.4
3 50.0 107.6
3 34.0 42.2
4 304.0 322.0
3 358.0 326.0
3 110.0 107.2
3 34.0 9.4
5 272.0 287.3
3 156.0 121.3
5 64.0 66.5
4 116.0 119.1
2 90.0 19.4
3 358.0 27.6
4 214.0 209.8
2 214.0 195.7
5 302.0 318.7
5 150.0 148.5
2 44.0 27.8
5 86.0 102.2
4 132.0 133.2
3 110.0 117.7
4 24.0 260.0
5 44.0 46.8
2 304.0 291.2
3 250.0 271.8
4 218.0 247.5
2 154.0 259.8
5 178.0 161.1
4 162.0 230.5
3 64.0 106.3
5 340.0 354.0
5 164.0 157.0
5 44.0 48.5
3 220.0 181.2
2 326.0 278.2
2 110.0 115.1
2 148.0 200.8
4 342.0 10.6
2 236.0 177.7
2 8.0 7.4
5 246.0 244.7
3 92.0 51.8
2 8.0 314.3
2 146.0 198.4
4 182.0 170.7
4 190.0 169.6
5 284.0 277.4
3 210.0 218.9
4 90.0 185.0
3 56.0 112.4
4 276.0 270.7
2 12.0 212.3
4 226.0 261.7
2 200.0 263.4
4 246.0 250.3
5 180.0 154.3
4 268.0 247.0
4 278.0 262.0
5 192.0 223.6
5 182.0 158.3
3 176.0 234.1
5 312.0 323.5
5 228.0 213.1
2 4.0 23.1
4 294.0 303.5
5 206.0 225.4
4 350.0 322.2
4 224.0 222.3
4 234.0 233.4
5 346.0 352.9
3 240.0 230.7
2 260.0 327.7
2 0.0 347.9
2 72.0 53.4
5 212.0 218.5
5 116.0 116.8
5 204.0 187.7
2 114.0 100.3
3 318.0 335.8
2 94.0 159.3
3 234.0 242.8
2 178.0 93.1
5 98.0 104.4
5 290.0 271.2
5 72.0 62.2
2 98.0 130.2
4 116.0 107.6
4 70.0 140.1
5 146.0 173.9
4 250.0 234.0
4 224.0 226.8
5 92.0 72.5
4 120.0 136.1
2 16.0 352.6
3 50.0 261.4
3 64.0 83.7
4 262.0 264.7
5 334.0 341.4
5 100.0 101.2
4 228.0 226.6
2 230.0 161.3
3 302.0 291.9
2 176.0 251.9
5 184.0 179.1
3 38.0 24.1
4 318.0 291.0
2 206.0 218.2
2 202.0 177.2
5 132.0 123.4
3 138.0 119.6
4 246.0 262.0
2 154.0 359.1
5 152.0 94.6
2 52.0 40.7
3 172.0 139.3
4 6.0 12.5
4 208.0 202.9
5 264.0 258.6
5 78.0 98.8
5 274.0 275.3
4 156.0 137.6
5 128.0 141.1
4 70.0 351.9
3 164.0 108.6
5 322.0 310.4
2 162.0 276.6
4 86.0 68.8
5 148.0 142.6
5 254.0 226.5
5 38.0 49.7
2 80.0 26.9
3 70.0 93.1
4 328.0 329.4
2 356.0 350.0
2 266.0 243.4
4 246.0 201.6
2 28.0 326.0
3 70.0 40.3
3 124.0 116.6
2 196.0 190.8
4 98.0 98.6
4 42.0 32.5
2 190.0 75.2
5 350.0 348.6
5 180.0 152.0
2 30.0 43.3
4 336.0 357.7
3 18.0 4.0
3 338.0 311.8
5 158.0 167.4
2 332.0 3.8
2 140.0 206.4
2 10.0 69.1
4 358.0 0.6
2 64.0 33.8
2 134.0 144.2
4 336.0 312.7
3 18.0 19.4
2 196.0 40.2
2 52.0 357.5
5 188.0 173.7
2 180.0 249.6
4 274.0 262.3
3 20.0 355.3
4 70.0 93.3
2 246.0 281.2
5 284.0 286.6
5 4.0 6.2
2 42.0 37.9
5 160.0 165.0
4 56.0 61.9
2 204.0 308.4
4 184.0 170.6
5 274.0 256.8
5 214.0 197.4
3 62.0 98.6
5 250.0 262.1
4 186.0 225.6
5 224.0 215.0
4 60.0 56.4
2 338.0 327.0
2 4.0 270.9
3 232.0 222.4
2 246.0 262.4
3 244.0 259.4
4 122.0 138.2
2 54.0 359.2
3 190.0 168.4
2 68.0 36.9
2 160.0 170.6
4 244.0 249.9
2 216.0 241.5
4 162.0 139.1
5 100.0 97.3
5 260.0 252.7
3 200.0 231.7
5 114.0 131.0
4 46.0 33.5
5 78.0 79.8
2 216.0 115.1
4 82.0 90.1
4 42.0 39.8
2 50.0 41.9
4 120.0 117.8
3 138.0 149.9
4 196.0 201.9
3 250.0 240.7
5 232.0 233.5
2 232.0 355.1
4 92.0 108.1
3 48.0 70.9
5 286.0 288.3
5 228.0 244.4
4 234.0 235.2
3 38.0 33.6
3 326.0 288.8
3 78.0 71.2
3 50.0 51.5
3 310.0 326.1
3 120.0 189.1
2 50.0 13.4
3 206.0 171.7
5 318.0 317.9
4 34.0 54.0
4 32.0 22.5
3 286.0 255.3
4 314.0 292.2
2 52.0 132.2
4 200.0 164.9
2 294.0 53.7
3 266.0 276.9
3 324.0 314.0
5 46.0 57.7
4 304.0 306.9
4 188.0 163.4
5 266.0 277.5
3 208.0 164.1
4 120.0 120.5
2 150.0 43.4
3 324.0 308.2
5 268.0 275.0
5 76.0 89.2
3 192.0 203.0
5 358.0 359.5
4 304.0 304.0
2 96.0 84.1
5 112.0 138.2
5 172.0 182.2
5 74.0 97.8
4 144.0 149.3
5 358.0 348.9
5 210.0 233.3
2 278.0 192.0
5 168.0 158.3
5 100.0 116.2
2 126.0 196.3
4 238.0 241.6
5 102.0 101.4
2 134.0 210.2
4 226.0 216.1
5 140.0 129.8
2 282.0 303.4
5 260.0 270.2
4 144.0 188.6
5 38.0 27.2
4 98.0 85.9
4 282.0 289.6
2 162.0 260.1
5 96.0 86.4
4 312.0 340.7
4 154.0 142.4
5 334.0 327.2
5 168.0 151.6
4 120.0 114.6
3 332.0 328.4
2 350.0 358.8
5 136.0 144.6
5 88.0 87.6
5 102.0 93.9
5 180.0 193.5
4 282.0 289.3
4 78.0 98.1
3 252.0 274.5
4 12.0 352.6
5 248.0 234.5
5 196.0 223.0
3 280.0 260.1
2 350.0 25.3
3 336.0 307.0
4 276.0 290.7
5 284.0 267.0
4 218.0 233.4
3 96.0 95.9
4 354.0 6.4
3 128.0 114.2
5 110.0 98.1
4 250.0 270.0
3 154.0 178.1
4 262.0 262.8
2 164.0 137.7
2 354.0 6.0
5 140.0 136.1
2 106.0 155.1
2 32.0 338.5
2 4.0 358.8
3 248.0 213.4
5 68.0 50.7
2 16.0 46.2
4 218.0 248.5
4 304.0 337.4
4 294.0 273.9
5 76.0 48.4
4 290.0 346.1
3 56.0 48.7
2 98.0 74.5
5 304.0 309.3
3 270.0 257.7
5 70.0 40.2
3 194.0 177.7
5 114.0 102.4
2 280.0 142.9
4 68.0 71.7
5 264.0 10.5
5 212.0 214.1
4 230.0 211.3
4 200.0 170.6
3 224.0 249.6
3 72.0 76.9
5 302.0 283.5
2 204.0 205.8
5 68.0 82.6
5 88.0 105.6
4 62.0 58.8
2 214.0 213.2
2 266.0 249.7
5 294.0 291.8
2 164.0 280.3
5 140.0 142.5
5 20.0 27.0
3 88.0 40.3
5 320.0 298.3
3 204.0 170.6
3 132.0 118.7
4 126.0 109.1
4 180.0 186.6
4 30.0 45.6
5 68.0 60.7
4 290.0 278.6
4 234.0 224.3
4 30.0 49.0
3 148.0 126.8
4 2.0 10.8
2 94.0 126.8
4 66.0 50.6
5 266.0 259.1
4 234.0 246.6
4 108.0 135.7
3 70.0 47.2
3 320.0 304.1
2 232.0 279.3
3 348.0 332.6
2 50.0 34.3
2 160.0 269.7
2 206.0 191.1
2 196.0 331.0
5 114.0 116.8
4 70.0 105.7
4 294.0 174.1
2 308.0 301.1
5 80.0 82.8
2 122.0 103.6
4 24.0 18.6
4 304.0 68.7
5 264.0 261.9
3 132.0 19.7
5 40.0 36.1
4 230.0 221.3
5 242.0 238.5
2 342.0 340.2
4 344.0 329.5
2 232.0 222.3
4 212.0 179.1
5 212.0 203.2
3 286.0 260.6
3 316.0 321.6
3 58.0 60.5
3 356.0 22.9
2 294.0 212.0
5 116.0 112.2
4 104.0 75.6
2 256.0 146.6
3 280.0 274.6
5 356.0 343.4
2 238.0 69.3
4 310.0 285.6
5 154.0 155.6
4 192.0 176.8
3 22.0 28.3
3 242.0 216.9
5 312.0 336.5
2 192.0 251.1
3 158.0 187.7
3 284.0 306.6
4 144.0 136.1
2 142.0 122.9
2 110.0 108.1
2 288.0 256.8
3 66.0 100.4
4 188.0 164.4
3 262.0 314.2
3 260.0 300.4
5 286.0 291.0
2 248.0 285.0
3 82.0 82.4
2 90.0 99.0
2 56.0 82.9
3 246.0 261.3
5 240.0 248.2
3 288.0 303.9
4 146.0 139.3
2 352.0 57.4
3 200.0 161.3
5 34.0 20.0
5 234.0 217.3
2 268.0 289.7
3 132.0 124.7
4 62.0 65.6
3 286.0 305.9
5 134.0 141.7
3 196.0 225.8
3 0.0 12.4
4 176.0 158.8
5 322.0 304.9
2 336.0 304.5
5 116.0 115.0
3 36.0 30.6
4 260.0 244.8
2 212.0 130.6
5 262.0 12.3
5 12.0 15.7
2 106.0 174.1
2 154.0 157.5
3 80.0 13.5
2 332.0 336.4
3 78.0 54.3
5 178.0 209.1
2 124.0 174.2
4 318.0 297.3
5 292.0 285.5
4 192.0 204.8
4 32.0 16.9
4 302.0 305.7
4 14.0 358.4
4 206.0 192.7
3 240.0 230.9
3 314.0 323.7
5 92.0 94.2
5 126.0 132.7
3 186.0 162.1
2 212.0 158.6
3 190.0 226.0
5 120.0 122.4
2 70.0 81.1
2 294.0 286.8
5 284.0 286.1
5 138.0 151.3
2 60.0 42.7
2 328.0 42.3
5 48.0 54.1
5 150.0 142.0
3 70.0 53.6
3 206.0 236.5
3 12.0 11.1
3 60.0 46.2
4 306.0 353.4
4 262.0 269.4
2 156.0 179.4
3 258.0 252.0
4 28.0 30.4
2 122.0 277.6
4 226.0 218.0
5 246.0 273.4
3 14.0 14.2
5 296.0 290.1
2 184.0 212.2
3 358.0 355.8
2 112.0 48.8
3 54.0 109.4
4 156.0 129.1
2 188.0 197.6
2 98.0 346.9
5 314.0 315.0
2 250.0 28.6
5 64.0 55.2
2 314.0 332.4
3 258.0 259.6
3 294.0 290.0
5 318.0 306.3
2 52.0 356.9
4 324.0 328.7
2 134.0 246.4
4 26.0 70.5
5 290.0 279.6
3 310.0 359.0
5 206.0 210.2
2 12.0 343.1
3 122.0 126.2
2 22.0 66.5
5 206.0 235.9
2 32.0 318.7
3 142.0 158.9
3 226.0 229.9
3 246.0 257.1
2 230.0 285.9
4 18.0 29.7
4 298.0 283.4
5 118.0 117.0
2 152.0 253.3
5 260.0 258.2
2 246.0 240.6
2 168.0 102.5
4 256.0 239.4
2 98.0 159.5
4 138.0 131.2
5 346.0 358.0
5 70.0 52.5
3 214.0 228.9
5 244.0 235.4
3 100.0 117.1
5 216.0 230.1
4 308.0 319.0
2 144.0 144.0
4 44.0 34.2
4 328.0 345.0
2 40.0 28.5
2 138.0 244.8
5 72.0 80.7
3 322.0 4.6
3 204.0 231.8
2 96.0 276.6
4 186.0 177.2
2 66.0 153.4
5 156.0 146.3
5 210.0 199.5
2 282.0 6.5
4 32.0 32.1
4 204.0 164.3
3 352.0 293.2
4 26.0 25.1
4 348.0 355.5
2 26.0 45.1
2 30.0 13.8
4 182.0 222.1
3 144.0 140.0
5 104.0 79.8
4 266.0 279.5
5 356.0 359.6
2 216.0 149.3
3 74.0 106.9
5 158.0 163.8
2 46.0 24.4
2 358.0 96.8
5 280.0 272.0
4 268.0 271.3
4 36.0 50.3
3 156.0 148.8
3 192.0 134.2
3 186.0 190.0
4 332.0 320.8
2 94.0 30.5
2 302.0 155.5
2 108.0 5.9
5 78.0 82.3
4 36.0 44.0
3 266.0 1.4
3 196.0 164.2
2 236.0 254.9
3 260.0 296.7
2 134.0 104.1
4 132.0 122.2
2 178.0 292.2
5 288.0 291.2
2 314.0 335.5
4 350.0 355.9
5 350.0 320.0
4 8.0 334.7
4 314.0 301.7
5 296.0 305.8
2 158.0 151.8
2 290.0 348.9
5 346.0 356.0
5 66.0 71.4
2 282.0 53.3
5 330.0 319.0
4 216.0 243.1
3 276.0 299.4
3 342.0 18.0
4 262.0 241.8
4 328.0 307.8
4 208.0 226.4
2 342.0 166.7
4 2.0 327.3
2 116.0 239.6
4 90.0 64.8
3 170.0 175.0
4 162.0 180.9
3 260.0 265.6
4 138.0 121.3
2 156.0 238.2
2 60.0 326.3
2 222.0 258.2
2 256.0 214.2
4 290.0 312.3
3 50.0 34.3
3 86.0 86.8
5 144.0 134.5
4 280.0 268.6
3 268.0 322.7
2 112.0 67.4
3 106.0 72.5
5 80.0 80.5
2 120.0 179.5
4 54.0 51.0
3 292.0 322.8
2 348.0 354.7
4 152.0 161.7
3 162.0 168.6
4 244.0 248.5
3 304.0 265.2
3 182.0 190.2
3 22.0 1.6
3 196.0 210.8
2 282.0 280.4
4 136.0 100.4
3 80.0 42.5
3 210.0 199.5
3 236.0 256.1
4 278.0 276.3
5 314.0 300.1
3 268.0 272.3
4 46.0 39.3
4 190.0 229.1
5 272.0 255.7
3 278.0 268.6
5 276.0 259.5
4 340.0 348.6
5 156.0 150.2
5 36.0 53.3
2 244.0 25.6
2 344.0 10.0
3 158.0 122.6
2 74.0 358.7
3 312.0 342.2
3 306.0 309.4
2 182.0 134.4
4 54.0 64.5
2 222.0 163.1
5 252.0 259.3
2 322.0 292.8
4 296.0 282.5
4 78.0 84.2
2 208.0 296.2
4 66.0 101.1
4 196.0 173.9
4 202.0 164.6
4 32.0 40.0
2 110.0 13.2
5 306.0 348.8
3 324.0 325.7
3 92.0 93.7
2 28.0 147.5
4 142.0 144.0
2 52.0 293.7
3 328.0 348.7
3 206.0 211.4
3 98.0 65.4
3 240.0 279.7
3 278.0 254.8
3 18.0 18.7
5 128.0 123.1
4 164.0 156.2
4 332.0 344.7
5 236.0 245.0
3 120.0 106.9
2 222.0 281.9
3 50.0 50.0
4 254.0 264.8
3 298.0 285.3
5 262.0 272.9
5 330.0 344.1
2 44.0 133.3
2 12.0 150.6
2 112.0 224.9
5 68.0 47.9
2 142.0 63.9
3 338.0 351.2
3 352.0 346.6
3 0.0 0.4
5 308.0 293.6
3 250.0 241.0
3 184.0 164.0
3 134.0 135.1
4 286.0 267.1
3 108.0 106.2
5 200.0 167.3
4 344.0 328.8
3 310.0 258.8
5 280.0 299.1
5 244.0 247.6
5 336.0 353.1
5 102.0 99.2
2 16.0 52.9
3 190.0 229.0
5 68.0 74.7
2 292.0 154.2
3 10.0 77.3
5 288.0 296.3
3 278.0 287.0
3 108.0 70.8
5 196.0 206.5
4 122.0 101.2
4 76.0 68.8
4 288.0 291.8
3 60.0 36.7
4 244.0 214.9
5 290.0 282.0
5 302.0 285.8
5 312.0 328.2
2 20.0 174.6
2 42.0 9.6
3 228.0 261.5
5 6.0 359.8
4 46.0 32.0
2 82.0 116.3
4 56.0 52.4
5 292.0 300.8
4 114.0 127.6
4 348.0 3.3
4 144.0 161.6
2 356.0 270.4
4 210.0 209.4
2 162.0 131.4
5 316.0 324.4
5 332.0 348.9
3 240.0 275.4
5 214.0 237.8
3 58.0 35.1
4 106.0 103.7
5 346.0 339.1
2 306.0 277.4
3 326.0 301.2
5 354.0 348.9
2 198.0 116.5
3 2.0 354.2
5 260.0 250.2
4 156.0 151.8
3 172.0 156.3
2 0.0 17.1
3 354.0 326.9
2 152.0 158.7
4 136.0 115.5
4 262.0 275.6
3 258.0 223.0
4 298.0 290.1
3 170.0 184.2
3 158.0 132.2
2 4.0 358.2
2 238.0 234.9
3 42.0 75.3
5 166.0 185.9
4 114.0 120.0
4 10.0 41.8
4 300.0 283.7
2 184.0 262.1
2 344.0 63.0
5 66.0 90.6
2 106.0 144.6
5 318.0 327.0
5 138.0 41.9
3 88.0 103.8
2 174.0 279.0
5 234.0 226.6
5 26.0 36.5
3 358.0 349.7
2 202.0 143.4
2 356.0 77.4
2 292.0 268.9
2 242.0 291.8
5 140.0 147.1
3 82.0 355.6
2 122.0 243.7
3 14.0 41.2
2 190.0 65.3
5 138.0 162.3
2 278.0 286.4
3 118.0 133.9
3 356.0 4.1
3 166.0 166.8
2 240.0 265.1
3 306.0 266.3
2 248.0 227.9
2 86.0 163.1
5 168.0 149.3
5 254.0 252.8
5 108.0 96.1
5 256.0 266.5
4 198.0 167.2
5 304.0 293.0
2 236.0 221.2
4 104.0 110.4
5 64.0 91.4
3 270.0 272.9
3 310.0 303.3
4 312.0 345.8
3 188.0 150.6
5 272.0 291.4
3 296.0 310.9
5 60.0 50.9
5 340.0 331.8
5 34.0 29.4
2 242.0 110.5
5 28.0 43.9
2 282.0 289.7
4 260.0 248.1
4 224.0 243.9
2 294.0 10.8
4 132.0 159.0
4 22.0 44.5
2 78.0 97.1
4 80.0 54.5
3 230.0 224.1
5 174.0 140.0
5 334.0 345.8
3 328.0 358.7
4 74.0 96.1
4 322.0 330.4
4 170.0 207.1
4 88.0 95.8
2 60.0 20.3
3 248.0 284.9
4 290.0 286.6
2 300.0 238.7
4 290.0 292.6
4 344.0 313.1
3 236.0 260.0
4 212.0 159.4
4 274.0 284.2
4 212.0 220.4
5 80.0 68.2
3 40.0 44.7
3 164.0 225.1
2 132.0 118.1
5 60.0 61.5
3 338.0 344.1
4 192.0 187.2
5 298.0 296.4
5 62.0 73.7
4 228.0 244.0
3 196.0 191.3
2 318.0 334.4
4 68.0 50.9
3 152.0 138.3
3 68.0 55.9
5 128.0 167.5
3 78.0 47.6
5 338.0 352.6
2 82.0 139.4
2 256.0 185.7
2 140.0 249.8
4 244.0 230.8
4 54.0 74.7
4 10.0 350.7
4 290.0 280.5
4 24.0 27.1
4 316.0 291.2
5 188.0 179.4
3 296.0 318.2
3 132.0 111.1
4 302.0 286.0
2 38.0 5.1
5 32.0 31.7
2 196.0 192.1
4 120.0 99.5
2 232.0 281.7
3 248.0 250.1
4 18.0 23.9
4 168.0 188.8
5 84.0 87.9
2 14.0 68.4
2 356.0 39.8
3 340.0 348.0
5 188.0 177.3
5 212.0 219.4
3 244.0 289.0
4 22.0 15.0
4 356.0 337.1
2 114.0 121.6
5 340.0 7.3
5 20.0 288.1
3 70.0 80.6
5 318.0 344.8
5 192.0 247.5
3 180.0 137.4
2 72.0 217.3
5 306.0 321.9
2 260.0 176.7
4 114.0 93.3
5 138.0 138.2
4 254.0 258.0
3 228.0 233.7
5 332.0 345.2
2 54.0 56.4
5 114.0 92.8
3 306.0 319.2
5 10.0 358.5
2 328.0 26.2
4 104.0 77.7
3 156.0 177.6
5 344.0 342.4
4 28.0 42.5
5 166.0 169.0
2 46.0 51.3
5 128.0 135.4
3 114.0 105.1
3 118.0 125.0
3 130.0 195.1
4 258.0 268.1
2 114.0 167.1
4 30.0 28.2
2 108.0 155.6
5 280.0 289.9
2 88.0 69.0
5 188.0 182.7
4 228.0 240.8
5 14.0 8.1
3 358.0 348.9
5 294.0 294.8
3 262.0 308.7
5 70.0 81.2
3 78.0 92.5
4 352.0 7.5
4 356.0 1.8
4 346.0 206.2
3 60.0 54.2
2 188.0 309.0
3 204.0 158.3
4 156.0 145.5
5 342.0 326.1
3 160.0 232.3
3 354.0 333.6
4 188.0 205.3
5 286.0 265.8
4 218.0 227.0
2 244.0 317.2
2 268.0 354.0
4 296.0 310.2
4 34.0 41.5
5 36.0 26.3
3 296.0 289.0
3 2.0 124.5
2 240.0 160.5
2 340.0 336.7
3 348.0 347.1
4 222.0 235.7
4 154.0 158.0
3 198.0 148.0
3 168.0 162.3
5 272.0 282.3
5 10.0 5.3
3 358.0 25.3
4 170.0 160.5
2 304.0 141.4
2 278.0 284.5
5 96.0 91.6
2 162.0 173.4
2 250.0 297.1
2 126.0 256.4
5 214.0 249.6
3 64.0 116.5
3 68.0 33.9
2 158.0 51.3
4 258.0 259.1
2 298.0 306.4
3 202.0 146.2
4 220.0 182.8
2 160.0 101.3
3 174.0 181.2
5 64.0 73.8
5 4.0 19.7
2 48.0 251.8
4 210.0 166.0
2 318.0 282.1
2 144.0 104.5
5 50.0 58.4
3 252.0 258.4
3 228.0 247.5
5 222.0 222.5
2 60.0 99.3
5 286.0 311.9
4 90.0 77.3
5 112.0 109.4
4 142.0 127.1
4 98.0 119.3
5 52.0 60.6
5 130.0 126.3
3 46.0 52.0
3 332.0 335.0
5 232.0 206.5
4 42.0 4.6
3 234.0 286.9
2 270.0 312.7
3 86.0 44.4
4 138.0 145.9
2 76.0 325.4
2 162.0 40.1
2 14.0 5.6
2 180.0 25.1
2 170.0 164.2
5 314.0 352.7
4 144.0 67.5
5 358.0 1.6
3 192.0 169.0
2 6.0 14.3
4 28.0 12.3
5 282.0 296.0
2 74.0 49.1
2 256.0 253.2
2 254.0 353.7
4 88.0 50.5
3 90.0 104.2
5 196.0 226.9
3 264.0 277.0
2 358.0 2.0
4 114.0 120.5
4 298.0 37.8
5 316.0 294.8
2 72.0 38.4
3 190.0 245.9
2 294.0 260.8
3 60.0 69.0
5 268.0 265.7
5 60.0 69.5
2 270.0 295.2
3 132.0 168.8
4 238.0 257.2
2 64.0 291.4
4 72.0 91.1
5 238.0 244.8
5 214.0 207.1
3 138.0 131.3
5 124.0 113.8
4 154.0 156.8
3 294.0 303.3
2 338.0 1.4
5 64.0 67.1
3 224.0 169.7
4 240.0 253.9
4 194.0 173.7
3 266.0 5.2
3 24.0 17.4
4 212.0 227.9
5 256.0 265.3
2 48.0 104.6
2 260.0 265.2
2 4.0 292.6
4 332.0 306.9
3 242.0 256.7
2 98.0 137.8
3 196.0 174.9
5 218.0 216.6
2 70.0 46.9
3 86.0 65.6
2 262.0 133.9
2 40.0 347.4
3 314.0 330.3
2 92.0 23.2
2 6.0 54.9
5 210.0 192.8
2 358.0 33.5
4 78.0 102.0
5 162.0 155.7
5 10.0 353.8
3 170.0 201.4
3 40.0 23.5
2 206.0 202.8
2 4.0 32.9
3 246.0 233.1
5 204.0 215.2
3 314.0 326.1
4 242.0 221.9
2 340.0 308.6
5 356.0 2.5
2 58.0 18.3
3 144.0 115.8
2 342.0 325.2
4 102.0 82.4
4 92.0 92.2
2 228.0 324.4
3 126.0 115.5
3 270.0 264.1
2 284.0 332.2
4 84.0 56.3
3 296.0 286.3
5 110.0 110.1
3 112.0 117.7
4 216.0 235.2
4 280.0 285.8
2 92.0 82.4
4 68.0 55.3
3 130.0 119.8
4 266.0 274.5
5 58.0 50.9
3 12.0 9.0
4 170.0 157.5
2 186.0 123.3
3 66.0 53.8
4 310.0 346.1
5 52.0 50.0
2 350.0 345.6
4 268.0 251.2
5 170.0 170.5
5 22.0 28.4
3 2.0 12.5
2 248.0 189.6
3 326.0 330.8
2 162.0 111.0
5 102.0 77.3
2 192.0 258.6
4 12.0 11.3
4 174.0 142.8
5 54.0 61.8
3 310.0 338.6
2 250.0 260.4
4 256.0 288.0
4 104.0 318.1
4 302.0 265.8
5 142.0 138.2
3 138.0 122.4
3 222.0 276.2
3 66.0 37.0
3 132.0 130.3
3 6.0 17.0
5 62.0 72.4
4 292.0 292.7
4 268.0 14.9
4 26.0 27.3
3 150.0 131.8
3 86.0 124.4
4 220.0 249.9
4 230.0 224.9
5 234.0 234.5
2 68.0 167.9
2 288.0 290.3
2 198.0 3.2
3 154.0 129.1
4 226.0 234.6
3 92.0 114.7
5 124.0 123.0
2 70.0 51.5
2 252.0 260.5
4 202.0 201.9
2 118.0 105.1
3 26.0 10.7
4 150.0 137.2
2 222.0 166.2
4 122.0 110.9
3 258.0 257.6
5 52.0 48.1
2 220.0 234.7
4 332.0 337.4
3 312.0 84.0
5 156.0 149.2
3 120.0 122.5
4 114.0 114.9
2 306.0 282.6
2 94.0 70.0
3 46.0 55.9
3 342.0 12.0
2 62.0 47.7
2 258.0 340.3
2 12.0 246.7
2 64.0 77.0
2 102.0 154.7
5 98.0 113.1
3 276.0 309.3
3 174.0 160.3
3 74.0 85.5
3 90.0 125.7
4 54.0 62.6
4 180.0 156.7
2 32.0 14.0
5 318.0 310.0
4 274.0 278.2
4 310.0 298.6
2 28.0 23.2
2 88.0 3.5
5 334.0 343.8
5 104.0 102.9
2 258.0 162.2
3 236.0 185.1
2 182.0 86.0
2 328.0 349.1
4 78.0 56.6
3 80.0 54.3
2 222.0 282.9
3 310.0 310.0
4 352.0 336.0
3 30.0 18.2
2 84.0 88.4
3 354.0 352.4
5 358.0 357.6
5 144.0 138.5
4 216.0 140.8
4 286.0 300.5
4 104.0 105.3
4 134.0 140.1
5 192.0 216.6
2 192.0 265.1
5 222.0 204.9
3 10.0 21.6
4 34.0 49.3
4 244.0 264.7
3 28.0 47.6
5 178.0 191.8
4 330.0 353.3
3 262.0 232.3
4 180.0 133.7
5 348.0 345.3
3 26.0 15.2
5 98.0 104.5
4 24.0 20.4
4 124.0 148.5
5 90.0 68.7
4 238.0 220.0
2 14.0 20.4
4 356.0 7.5
3 324.0 358.6
4 292.0 19.2
2 254.0 251.4
2 132.0 99.9
2 230.0 183.4
2 136.0 155.3
3 264.0 265.0
5 22.0 9.5
2 120.0 130.5
2 266.0 301.4
3 328.0 312.9
3 188.0 150.9
2 150.0 149.7
3 102.0 85.0
3 62.0 78.2
3 294.0 270.3
3 110.0 105.8
3 162.0 146.2
4 264.0 274.3
2 36.0 60.6
5 86.0 92.9
3 56.0 28.3
4 136.0 111.6
5 254.0 261.5
4 344.0 0.6
4 58.0 62.8
3 336.0 356.1
5 230.0 218.0
5 164.0 177.9
3 260.0 245.1
3 314.0 17.8
5 16.0 24.5
5 108.0 105.2
3 228.0 173.5
5 334.0 1.1
3 294.0 303.6
3 154.0 154.6
3 188.0 232.1
3 220.0 249.1
2 276.0 242.5
4 320.0 355.8
3 164.0 134.9
5 104.0 113.7
4 312.0 319.7
5 74.0 85.9
4 212.0 157.8
2 112.0 226.2
5 126.0 115.0
2 84.0 36.1
3 324.0 306.7
5 54.0 78.7
5 330.0 340.3
4 232.0 260.1
3 302.0 312.7
3 138.0 157.1
5 330.0 312.3
5 42.0 35.5
4 228.0 238.2
5 326.0 343.1
3 308.0 291.7
5 282.0 284.8
5 128.0 124.4
5 56.0 48.1
2 330.0 339.2
3 204.0 249.3
2 222.0 116.7
4 24.0 28.7
4 24.0 29.9
2 154.0 221.2
2 50.0 133.9
4 94.0 83.6
4 130.0 118.4
2 290.0 134.2
2 106.0 34.9
2 88.0 73.2
5 212.0 184.4
2 130.0 158.7
3 244.0 238.6
5 328.0 359.1
3 6.0 358.9
4 44.0 36.2
2 58.0 104.1
2 42.0 318.1
2 58.0 0.1
3 210.0 251.0
2 148.0 208.4
4 134.0 131.8
5 224.0 241.5
3 134.0 153.1
3 140.0 120.6
4 226.0 205.8
2 176.0 174.7
2 84.0 61.9
2 40.0 156.3
4 74.0 69.1
4 316.0 301.3
5 214.0 246.9
5 260.0 256.8
5 174.0 143.7
5 210.0 198.3
2 160.0 202.9
3 268.0 262.2
4 204.0 230.9
4 182.0 232.6
5 4.0 25.6
3 188.0 220.7
5 164.0 49.5
2 246.0 235.5
4 310.0 308.6
4 34.0 46.1
5 16.0 18.8
3 318.0 348.0
5 42.0 37.5
4 278.0 276.5
2 164.0 217.8
3 54.0 61.3
2 204.0 216.0
3 356.0 338.1
3 142.0 137.6
2 2.0 340.5
3 270.0 268.3
2 332.0 313.2
3 70.0 61.4
3 136.0 109.6
2 352.0 350.9
3 86.0 67.3
2 296.0 318.7
4 350.0 351.9
3 278.0 283.9
4 60.0 43.1
2 328.0 357.7
3 68.0 65.4
3 18.0 357.9
4 110.0 28.4
4 258.0 272.1
5 274.0 283.9
2 278.0 241.5
4 356.0 350.3
2 154.0 126.9
3 26.0 22.9
5 288.0 340.5
4 324.0 326.9
3 10.0 326.5
3 60.0 142.6
5 112.0 108.2
2 34.0 119.7
2 190.0 172.0
5 18.0 28.2
2 220.0 103.3
3 172.0 144.7
5 344.0 337.4
3 34.0 23.4
4 242.0 260.4
5 358.0 7.3
5 154.0 149.5
5 266.0 280.4
2 48.0 36.1
4 332.0 351.2
2 130.0 121.8
3 300.0 313.8
4 204.0 169.5
3 238.0 234.9
5 146.0 146.0
2 260.0 254.9
4 198.0 199.4
4 256.0 252.2
2 18.0 57.0
5 322.0 337.6
3 322.0 340.2
4 154.0 175.7
2 210.0 266.3
4 294.0 306.8
2 214.0 132.4
5 184.0 172.0
4 208.0 221.6
3 72.0 61.7
2 320.0 336.7
3 356.0 9.1
2 32.0 325.6
4 254.0 250.6
3 6.0 0.9
3 68.0 51.9
4 164.0 191.4
5 114.0 120.0
5 154.0 146.3
2 156.0 227.7
3 34.0 26.3
4 268.0 290.8
2 256.0 259.9
4 144.0 131.5
5 42.0 32.1
5 314.0 293.5
2 246.0 235.6
2 2.0 271.8
2 84.0 102.5
2 308.0 7.0
4 194.0 199.0
4 194.0 213.6
2 104.0 50.6
3 250.0 260.0
3 216.0 150.7
4 316.0 325.6
5 86.0 86.9
3 348.0 8.4
3 154.0 153.6
2 302.0 65.4
5 214.0 313.4
2 336.0 219.0
4 66.0 70.8
5 180.0 185.2
5 358.0 358.0
3 88.0 71.9
2 124.0 239.0
4 178.0 186.8
5 42.0 37.2
5 186.0 155.9
2 330.0 7.1
4 338.0 3.1
3 38.0 41.4
2 314.0 326.0
3 128.0 128.4
4 280.0 272.0
2 332.0 17.3
2 64.0 71.1
4 328.0 318.0
5 218.0 73.8
5 348.0 346.8
5 352.0 340.5
5 358.0 348.3
4 66.0 65.3
3 190.0 237.5
4 244.0 242.1
3 196.0 158.7
3 128.0 95.8
2 166.0 198.2
3 202.0 244.8
2 222.0 265.6
3 60.0 125.0
3 156.0 154.5
2 186.0 105.4
2 218.0 270.5
4 338.0 321.5
3 200.0 220.7
3 340.0 322.1
2 168.0 125.8
5 198.0 190.7
2 128.0 113.0
5 250.0 234.0
5 244.0 260.2
5 306.0 301.1
5 244.0 250.4
4 288.0 280.1
4 144.0 162.0
3 36.0 40.1
2 24.0 320.2
3 168.0 169.4
5 176.0 204.3
3 310.0 319.3
2 298.0 356.1
4 212.0 235.8
3 108.0 106.7
5 330.0 329.1
2 116.0 83.2
5 310.0 317.5
4 334.0 349.1
5 32.0 17.2
4 358.0 347.4
4 114.0 117.3
5 258.0 254.7
3 144.0 137.9
4 208.0 167.5
2 358.0 261.9
2 328.0 349.2
5 330.0 294.5
2 174.0 163.4
2 118.0 235.7
3 334.0 302.3
4 144.0 144.2
4 124.0 127.8
2 176.0 89.6
5 144.0 131.8
3 210.0 145.2
4 298.0 332.3
2 96.0 335.9
5 276.0 270.5
2 12.0 14.9
3 220.0 259.7
2 10.0 336.5
2 124.0 181.9
3 48.0 38.8
2 120.0 99.1
5 74.0 53.7
2 160.0 283.6
3 194.0 235.9
4 4.0 12.1
4 66.0 99.7
5 256.0 258.0
5 58.0 56.0
4 288.0 277.8
4 234.0 150.5
2 56.0 80.6
5 280.0 269.7
4 276.0 291.9
4 144.0 139.7
5 26.0 13.9
5 288.0 285.0
5 32.0 46.3
4 164.0 129.2
3 104.0 92.6
3 278.0 274.6
4 182.0 153.2
2 202.0 196.2
4 206.0 334.1
2 204.0 197.2
2 182.0 234.7
2 98.0 88.1
4 186.0 149.7
2 76.0 66.9
2 4.0 9.3
2 154.0 98.7
4 202.0 147.7
4 238.0 230.9
5 288.0 277.6
5 114.0 113.1
4 62.0 78.8
5 28.0 20.9
2 316.0 355.2
4 36.0 47.3
2 96.0 7.4
4 114.0 127.1
5 190.0 182.6
5 110.0 79.9
2 80.0 14.3
5 34.0 34.7
2 0.0 319.5
2 54.0 16.7
4 156.0 179.4
4 348.0 346.1
2 144.0 8.7
3 86.0 53.1
5 336.0 337.6
4 156.0 197.3
4 46.0 36.2
3 348.0 336.5
4 168.0 160.6
5 224.0 53.2
5 358.0 354.3
4 150.0 143.1
3 358.0 325.4
2 6.0 60.6
2 90.0 83.2
4 314.0 304.6
2 238.0 24.8
3 152.0 160.5
5 298.0 288.4
3 86.0 33.0
4 78.0 85.9
3 284.0 294.5
2 68.0 84.4
5 200.0 200.6
5 90.0 81.2
2 314.0 274.1
2 160.0 164.4
2 50.0 300.9
2 82.0 177.0
2 60.0 35.1
5 338.0 340.5
4 150.0 153.8
2 194.0 263.3
4 80.0 80.2
3 22.0 18.2
2 54.0 21.6
3 158.0 150.4
3 126.0 114.8
2 126.0 223.6
5 72.0 88.3
3 38.0 34.9
5 254.0 258.7
3 354.0 10.1
5 248.0 259.7
2 336.0 51.2
4 234.0 234.1
5 56.0 60.6
5 122.0 100.3
4 252.0 237.4
5 352.0 4.5
3 88.0 56.6
3 120.0 98.4
3 200.0 202.9
5 266.0 263.9
2 212.0 305.4
3 148.0 125.4
4 322.0 336.0
3 72.0 118.5
5 158.0 146.5
4 254.0 264.0
2 162.0 253.8
2 176.0 111.0
4 134.0 350.9
3 198.0 173.2
5 174.0 150.2
5 220.0 238.8
4 126.0 127.8
5 188.0 213.2
4 250.0 226.3
2 186.0 234.7
5 96.0 87.9
4 224.0 223.0
3 142.0 145.2
5 242.0 251.8
4 20.0 16.6
2 278.0 339.1
5 134.0 129.5
4 126.0 344.2
2 2.0 50.7
3 168.0 243.5
3 166.0 172.4
3 128.0 153.2
5 102.0 113.7
2 84.0 46.2
4 298.0 322.5
5 44.0 34.1
3 322.0 322.7
4 124.0 123.2
3 272.0 145.4
5 34.0 43.2
3 294.0 298.6
2 156.0 283.7
5 164.0 176.3
2 148.0 125.4
4 264.0 275.8
4 202.0 174.1
3 20.0 20.6
4 72.0 59.4
5 302.0 287.8
2 246.0 114.9
4 284.0 278.9
2 358.0 267.1
3 206.0 208.9
3 288.0 301.3
3 342.0 6.5
4 212.0 199.8
2 26.0 359.5
5 262.0 258.6
3 272.0 294.8
5 316.0 320.0
5 148.0 143.0
5 348.0 4.1
5 178.0 232.2
4 100.0 219.9
4 142.0 117.9
3 230.0 211.4
5 132.0 167.4
4 154.0 131.8
3 132.0 123.6
2 42.0 108.1
5 334.0 334.5
2 26.0 80.5
3 158.0 200.7
2 290.0 149.7
3 234.0 202.2
3 268.0 278.9
2 92.0 1.9
3 202.0 204.8
4 250.0 228.2
4 116.0 117.7
2 262.0 254.4
3 248.0 271.0
2 88.0 14.0
3 260.0 265.0
5 218.0 208.2
4 52.0 37.0
3 334.0 352.2
5 126.0 104.9
4 224.0 237.0
4 202.0 245.1
4 64.0 70.0
3 302.0 299.8
4 108.0 89.0
5 20.0 0.8
2 62.0 349.1
5 276.0 268.7
5 330.0 336.6
2 320.0 310.6
2 68.0 313.8
2 48.0 191.8
2 194.0 89.0
2 60.0 77.4
4 354.0 324.6
4 252.0 257.7
5 256.0 261.3
4 148.0 146.2
5 24.0 313.4
2 224.0 250.0
2 328.0 65.7
4 122.0 123.8
3 346.0 1.3
4 314.0 312.8
5 40.0 58.4
4 178.0 189.9
5 78.0 64.4
2 118.0 357.4
3 278.0 306.3
4 322.0 290.5
4 38.0 31.4
4 160.0 266.1
3 202.0 241.6
5 148.0 153.8
4 80.0 100.6
2 294.0 276.8
4 0.0 351.7
4 196.0 208.8
4 144.0 144.4
3 274.0 260.8
4 118.0 136.6
5 88.0 87.1
4 212.0 250.3
5 168.0 190.9
5 206.0 178.2
3 332.0 299.5
2 184.0 137.2
4 342.0 11.1
4 16.0 39.1
2 326.0 288.5
2 30.0 14.9
3 188.0 149.7
2 56.0 17.9
3 50.0 42.6
4 78.0 54.4
4 254.0 192.8
5 236.0 204.2
5 288.0 273.9
2 350.0 6.0
4 66.0 78.4
5 132.0 137.9
2 256.0 128.8
4 114.0 106.1
5 108.0 102.6
3 242.0 260.8
5 60.0 38.6
3 202.0 155.3
2 270.0 346.7
2 136.0 165.3
2 316.0 314.9
2 352.0 324.9
3 236.0 231.6
2 268.0 308.3
2 250.0 291.5
3 92.0 138.7
2 244.0 252.6
4 140.0 127.3
2 252.0 98.5
5 322.0 316.7
5 66.0 72.6
3 224.0 253.8
3 306.0 321.7
3 308.0 295.3
3 342.0 349.6
2 38.0 302.8
2 170.0 84.7
3 34.0 46.7
3 42.0 46.2
4 80.0 81.8
5 226.0 213.8
2 158.0 139.5
2 172.0 144.0
2 260.0 316.6
5 78.0 73.0
2 206.0 73.3
2 296.0 194.7
5 270.0 256.6
2 234.0 178.0
3 320.0 278.4
3 90.0 89.1
2 288.0 62.0
3 302.0 260.4
3 20.0 24.3
2 114.0 53.6
3 122.0 93.3
5 52.0 16.4
2 238.0 250.6
2 186.0 268.6
5 326.0 321.2
5 122.0 110.0
3 242.0 253.4
3 88.0 104.3
5 180.0 179.2
4 196.0 211.7
3 326.0 353.1
3 312.0 355.8
3 256.0 246.9
3 76.0 96.4
3 26.0 16.6
2 84.0 90.6
5 20.0 18.3
2 154.0 120.5
5 122.0 110.5
3 150.0 233.5
2 258.0 261.8
5 256.0 263.8
2 270.0 246.1
3 140.0 215.4
5 264.0 275.2
2 88.0 114.2
4 98.0 125.0
4 306.0 337.0
5 356.0 335.8
3 24.0 34.6
3 84.0 59.1
3 196.0 145.6
2 122.0 71.2
5 236.0 241.5
5 302.0 329.8
3 110.0 125.9
2 280.0 297.7
5 92.0 106.5
3 98.0 107.5
5 196.0 351.1
5 222.0 236.0
4 170.0 160.7
4 296.0 287.9
2 138.0 283.5
5 310.0 327.3
3 220.0 220.3
3 142.0 191.4
3 50.0 47.9
5 80.0 89.4
3 94.0 82.6
3 134.0 124.7
5 110.0 109.0
5 286.0 297.3
4 110.0 65.4
3 212.0 223.3
3 306.0 290.5
2 294.0 197.1
2 20.0 273.9
2 328.0 258.9
4 50.0 42.4
4 118.0 104.9
3 288.0 324.0
5 90.0 69.0
4 350.0 12.4
3 356.0 358.2
2 44.0 81.0
3 328.0 6.6
4 12.0 12.8
4 34.0 57.7
3 338.0 332.2
2 226.0 208.5
4 94.0 67.7
3 336.0 302.0
3 50.0 33.1
2 180.0 130.0
4 284.0 263.7
3 200.0 203.1
2 22.0 95.2
2 302.0 235.0
2 282.0 307.4
3 214.0 248.2
3 16.0 31.6
3 64.0 91.1
5 176.0 186.0
2 290.0 300.3
2 326.0 333.9
3 36.0 22.2
4 168.0 185.1
5 148.0 126.8
3 356.0 359.7
2 342.0 333.1
2 328.0 338.6
3 316.0 311.9
3 50.0 69.9
5 82.0 100.2
2 212.0 269.4
2 96.0 338.2
5 194.0 211.5
3 174.0 170.3
4 232.0 226.7
5 292.0 299.7
2 42.0 44.6
4 44.0 53.1
3 286.0 306.8
2 320.0 340.1
2 300.0 330.0
3 72.0 29.7
4 254.0 236.9
2 34.0 36.3
2 18.0 13.2
2 216.0 314.1
3 152.0 134.9
4 336.0 315.9
5 314.0 321.4
4 8.0 0.5
3 48.0 49.9
5 162.0 172.0
4 348.0 332.5
4 96.0 80.5
4 96.0 74.5
2 146.0 153.6
2 170.0 76.3
2 208.0 139.2
3 10.0 6.8
5 34.0 32.5
5 322.0 329.8
5 208.0 230.7
2 296.0 85.9
3 24.0 340.9
4 204.0 204.5
5 68.0 79.9
4 262.0 257.7
5 72.0 68.3
5 158.0 172.7
2 214.0 261.0
4 320.0 333.5
5 258.0 255.7
5 30.0 32.4
3 156.0 149.0
2 128.0 146.6
5 334.0 330.7
4 238.0 267.6
5 182.0 193.1
2 188.0 97.2
2 60.0 48.3
4 240.0 225.2
5 200.0 189.0
3 6.0 14.6
3 170.0 176.9
5 174.0 195.2
4 142.0 162.2
4 190.0 189.8
5 162.0 166.3
5 176.0 166.3
3 96.0 114.3
3 274.0 274.0
5 58.0 70.1
3 186.0 244.6
3 226.0 223.8
4 264.0 258.7
2 226.0 221.0
5 324.0 351.6
3 2.0 9.9
4 136.0 164.4
5 190.0 156.2
3 152.0 129.6
2 154.0 225.4
4 186.0 190.9
3 352.0 15.1
3 6.0 20.5
5 280.0 283.4
3 98.0 106.0
4 98.0 57.9
2 240.0 240.0
3 242.0 238.4
2 52.0 61.1
2 300.0 322.9
4 140.0 132.1
3 114.0 99.3
3 304.0 299.7
4 164.0 180.4
4 288.0 285.1
4 98.0 246.4
4 24.0 29.0
5 176.0 180.5
2 196.0 178.2
2 186.0 83.2
3 336.0 5.9
2 354.0 341.4
2 356.0 351.1
5 236.0 211.3
5 262.0 270.6
3 258.0 267.2
3 176.0 232.6
2 236.0 218.6
3 218.0 219.2
5 206.0 200.1
5 214.0 203.1
4 164.0 151.5
4 42.0 48.9
4 20.0 359.6
3 164.0 170.1
3 280.0 294.9
5 30.0 32.5
5 264.0 252.0
3 12.0 37.1
2 32.0 42.6
2 112.0 121.3
2 356.0 16.8
4 30.0 10.2
5 82.0 84.1
5 208.0 235.6
3 110.0 85.0
5 314.0 335.5
2 2.0 334.4
5 58.0 54.0
3 134.0 132.4
5 120.0 110.9
3 334.0 354.5
5 2.0 13.1
3 88.0 115.0
5 260.0 273.6
4 292.0 294.9
4 210.0 251.3
3 136.0 151.2
5 298.0 276.7
5 226.0 233.6
4 318.0 336.2
4 306.0 320.6
3 136.0 170.9
3 198.0 228.1
4 94.0 90.3
4 316.0 310.6
5 52.0 62.2
2 194.0 154.8
3 290.0 317.3
5 138.0 141.2
3 344.0 326.1
5 28.0 24.8
5 100.0 122.9
4 224.0 222.3
4 192.0 200.2
3 288.0 292.4
4 82.0 91.4
3 314.0 324.4
2 258.0 60.1
3 252.0 259.1
5 350.0 11.2
3 68.0 37.0
5 24.0 28.5
2 74.0 123.8
3 28.0 60.0
3 124.0 123.6
4 110.0 102.0
3 154.0 168.4
5 256.0 278.2
4 262.0 260.5
2 182.0 86.2
2 306.0 305.4
3 332.0 0.4
4 64.0 85.3
3 218.0 161.1
2 344.0 305.6
5 146.0 143.4
4 36.0 136.2
3 144.0 135.6
2 58.0 78.2
5 210.0 175.3
4 322.0 341.5
5 322.0 316.7
4 106.0 128.8
4 312.0 301.5
2 164.0 157.0
5 186.0 181.2
2 180.0 249.5
3 238.0 213.3
5 0.0 2.2
3 216.0 177.7
5 50.0 63.9
3 286.0 300.7
5 124.0 120.7
2 300.0 335.7
3 206.0 220.4
2 86.0 245.8
4 12.0 7.4
2 92.0 160.9
2 72.0 61.4
2 160.0 200.6
2 252.0 263.5
4 114.0 127.5
5 232.0 236.6
3 90.0 92.9
2 212.0 191.0
5 196.0 167.9
3 70.0 37.9
5 356.0 357.3
4 148.0 116.9
2 142.0 220.1
5 186.0 138.0
4 244.0 300.5
4 290.0 311.4
4 302.0 304.1
2 276.0 285.4
2 114.0 116.5
5 180.0 186.7
4 152.0 182.7
3 80.0 89.5
2 354.0 252.7
2 140.0 169.0
4 20.0 5.7
4 52.0 50.2
2 82.0 62.8
3 124.0 142.0
5 220.0 214.4
3 108.0 109.7
3 296.0 303.9
3 326.0 333.4
4 152.0 142.7
4 106.0 131.5
5 296.0 281.3
4 140.0 149.5
3 196.0 194.1
5 344.0 6.1
4 162.0 158.1
4 118.0 87.8
3 112.0 86.5
4 68.0 86.8
2 194.0 265.5
3 0.0 19.7
5 332.0 317.4
2 358.0 95.7
5 88.0 70.8
3 328.0 331.8
3 292.0 287.5
4 22.0 22.4
5 254.0 258.5
2 192.0 76.0
4 96.0 77.8
4 346.0 305.7
3 274.0 268.0
5 292.0 273.5
2 230.0 264.2
5 82.0 83.7
5 164.0 146.6
3 50.0 58.8
3 334.0 300.3
4 330.0 351.9
4 176.0 168.9
5 190.0 158.6
3 18.0 14.3
2 276.0 351.1
2 280.0 296.8
4 108.0 101.6
3 310.0 322.4
5 2.0 3.3
2 142.0 121.8
5 334.0 342.8
5 306.0 288.3
2 138.0 124.9
4 6.0 8.5
2 232.0 173.9
5 136.0 143.0
3 356.0 15.1
2 76.0 89.9
4 186.0 195.2
4 274.0 275.7
5 164.0 166.9
5 38.0 46.3
5 30.0 28.2
2 128.0 116.2
5 130.0 116.4
3 266.0 278.4
2 178.0 110.6
2 228.0 300.8
3 312.0 305.7
5 224.0 244.9
3 56.0 64.3
4 90.0 46.3
4 348.0 312.4
3 256.0 271.2
5 138.0 171.4
5 278.0 283.1
4 54.0 52.8
2 4.0 276.3
3 164.0 226.5
4 2.0 352.1
4 192.0 157.3
4 170.0 170.4
3 148.0 97.0
2 46.0 357.6
2 212.0 130.4
2 80.0 111.9
5 254.0 245.3
2 230.0 275.2
3 354.0 348.9
3 278.0 278.8
4 62.0 33.9
3 194.0 197.1
4 174.0 136.5
2 196.0 186.4
5 34.0 35.7
5 356.0 346.6
4 276.0 255.2
4 284.0 285.0
4 334.0 34.3
5 268.0 276.0
3 320.0 325.5
3 82.0 113.5
4 280.0 293.0
2 122.0 240.9
3 138.0 204.2
5 166.0 233.6
5 246.0 240.8
5 46.0 25.1
5 292.0 306.5
4 340.0 216.1
3 160.0 150.9
3 336.0 282.1
3 50.0 26.7
2 116.0 117.4
2 184.0 339.5
2 4.0 1.8
2 118.0 121.8
3 230.0 220.2
5 126.0 97.0
2 110.0 99.5
4 204.0 205.5
3 130.0 142.0
5 98.0 83.5
4 310.0 317.3
3 170.0 137.5
3 110.0 108.4
3 312.0 314.3
2 58.0 31.0
2 358.0 357.0
4 34.0 26.6
5 166.0 188.2
2 24.0 356.2
5 176.0 186.1
4 30.0 28.5
3 216.0 214.9
5 264.0 260.8
3 206.0 254.3
3 16.0 12.2
3 32.0 35.1
5 150.0 153.0
3 42.0 335.7
3 66.0 55.1
3 256.0 240.5
2 114.0 104.2
2 334.0 15.1
2 358.0 1.6
5 126.0 124.6
5 162.0 147.4
4 130.0 140.1
5 244.0 220.9
3 44.0 31.5
3 110.0 73.0
2 4.0 74.0
2 348.0 301.3
5 166.0 160.0
4 82.0 102.1
4 190.0 153.3
3 308.0 295.7
3 334.0 6.8
5 342.0 344.7
3 200.0 257.4
4 66.0 57.8
3 172.0 206.3
3 328.0 315.0
3 154.0 162.2
2 354.0 359.5
4 54.0 44.6
4 146.0 146.9
5 298.0 303.1
3 106.0 118.7
4 40.0 25.5
2 208.0 350.0
3 356.0 344.3
3 86.0 116.6
2 28.0 86.3
3 108.0 96.9
3 134.0 149.4
4 50.0 65.9
2 320.0 35.3
3 256.0 270.1
5 96.0 93.0
4 66.0 73.2
5 236.0 247.0
4 352.0 1.0
5 234.0 202.2
4 278.0 284.1
3 320.0 357.4
2 124.0 99.0
5 124.0 120.9
3 352.0 17.3
4 74.0 70.1
5 208.0 154.3
3 324.0 337.6
2 104.0 247.6
4 0.0 345.0
2 354.0 215.1
3 214.0 251.0
5 194.0 198.7
5 202.0 173.4
2 298.0 267.7
5 112.0 115.3
5 328.0 324.6
2 342.0 6.0
3 92.0 92.3
2 240.0 260.5
5 210.0 235.6
3 126.0 135.2
5 324.0 201.8
5 302.0 291.2
3 262.0 253.7
3 226.0 249.3
4 156.0 156.1
5 62.0 52.4
5 268.0 240.3
5 204.0 212.8
2 120.0 134.2
2 238.0 125.6
4 122.0 138.5
3 218.0 257.4
3 316.0 122.3
3 84.0 53.5
2 190.0 220.7
2 156.0 157.1
3 186.0 193.4
2 314.0 344.7
4 286.0 281.5
5 86.0 104.7
3 4.0 5.9
5 324.0 328.4
5 222.0 235.9
4 176.0 205.6
5 236.0 241.0
3 16.0 225.3
3 142.0 152.5
5 56.0 67.1
4 294.0 292.5
3 292.0 322.8
4 242.0 257.3
2 86.0 92.3
3 326.0 357.9
5 232.0 246.6
2 68.0 73.2
3 240.0 189.6
2 86.0 152.2
5 184.0 167.7
5 348.0 329.1
5 178.0 164.6
5 122.0 111.4
2 146.0 287.4
4 58.0 95.0
4 340.0 0.2
5 140.0 164.7
2 290.0 7.2
5 346.0 358.4
4 338.0 341.0
3 252.0 286.4
4 242.0 219.1
2 144.0 264.8
5 70.0 58.4
5 354.0 4.1
2 236.0 120.8
4 102.0 97.4
2 104.0 92.0
2 236.0 129.4
4 54.0 54.1
2 210.0 176.5
3 292.0 333.2
5 6.0 3.1
5 294.0 301.2
2 344.0 328.9
3 326.0 349.5
4 54.0 41.5
4 246.0 266.3
2 304.0 268.8
4 156.0 136.1
2 102.0 140.5
2 116.0 1.6
4 124.0 123.9
4 184.0 195.3
3 348.0 304.9
4 320.0 335.1
3 322.0 300.6
3 336.0 307.2
2 270.0 341.4
4 90.0 288.7
5 260.0 247.5
5 290.0 271.1
4 202.0 183.6
2 180.0 130.6
4 90.0 80.7
2 150.0 254.0
2 16.0 99.1
4 302.0 291.6
2 42.0 118.5
2 4.0 176.3
5 358.0 9.8
3 248.0 260.9
4 220.0 227.7
3 190.0 157.1
4 302.0 305.9
5 136.0 131.7
5 348.0 6.4
2 262.0 289.7
3 76.0 63.4
4 216.0 235.9
2 8.0 353.0
2 40.0 355.0
4 204.0 182.2
5 252.0 240.5
4 144.0 198.4
4 236.0 225.1
5 150.0 151.8
4 262.0 251.4
4 304.0 287.2
3 330.0 11.9
2 170.0 94.1
5 20.0 26.4
2 50.0 68.4
2 210.0 302.9
3 320.0 341.6
3 108.0 81.3
3 264.0 279.5
5 322.0 324.4
4 294.0 316.5
4 300.0 182.0
5 122.0 119.7
4 34.0 9.5
4 190.0 160.9
3 92.0 129.3
5 250.0 245.0
2 12.0 167.4
3 144.0 159.9
4 6.0 319.5
3 352.0 345.9
2 242.0 213.3
3 170.0 183.0
2 82.0 286.6
3 322.0 318.0
2 222.0 144.0
5 40.0 32.7
5 52.0 38.4
2 62.0 83.7
5 6.0 350.3
4 296.0 320.2
5 254.0 243.9
5 68.0 41.0
4 66.0 81.6
3 128.0 127.0
5 358.0 9.3
4 334.0 343.5
3 242.0 211.5
2 74.0 134.8
5 210.0 176.7
4 330.0 314.1
3 256.0 265.6
5 116.0 110.7
3 118.0 139.3
4 62.0 43.3
4 208.0 228.7
5 340.0 100.8
5 142.0 159.0
2 90.0 90.6
4 130.0 156.0
2 258.0 330.8
5 338.0 308.3
3 252.0 257.0
2 168.0 187.6
4 232.0 242.3
2 48.0 92.4
2 234.0 264.2
5 102.0 105.5
2 28.0 45.5
2 134.0 52.4
5 210.0 232.1
5 42.0 69.9
2 346.0 353.8
5 260.0 262.0
4 10.0 119.2
3 20.0 5.0
5 216.0 231.3
2 208.0 56.2
2 342.0 216.6
4 122.0 134.7
2 212.0 308.7
5 92.0 119.1
4 206.0 218.7
5 224.0 237.7
4 26.0 17.6
2 180.0 192.2
3 312.0 352.4
5 220.0 194.9
5 120.0 120.0
5 22.0 18.5
5 62.0 52.0
2 220.0 164.3
4 32.0 11.3
2 90.0 357.2
2 326.0 40.2
4 12.0 28.9
2 72.0 70.6
5 188.0 202.2
4 220.0 231.6
3 70.0 48.6
5 284.0 279.3
4 272.0 297.8
5 300.0 319.5
5 188.0 222.1
3 2.0 9.3
3 6.0 11.6
3 356.0 349.7
2 268.0 214.1
4 202.0 226.0
2 154.0 27.9
3 10.0 22.8
5 250.0 261.3
3 172.0 161.3
2 138.0 92.5
4 94.0 115.1
5 278.0 267.1
4 146.0 164.2
4 92.0 84.1
5 294.0 280.0
5 48.0 48.8
2 328.0 308.7
4 320.0 327.1
3 6.0 17.7
5 0.0 67.8
5 206.0 195.7
2 226.0 318.0
5 172.0 168.1
2 256.0 204.4
5 338.0 350.3
4 30.0 18.5
5 10.0 10.6
4 6.0 14.5
2 238.0 44.1
4 264.0 263.8
3 62.0 41.0
4 248.0 245.1
3 346.0 347.8
2 348.0 329.1
3 48.0 43.6
3 90.0 43.1
3 260.0 276.7
5 132.0 135.9
3 190.0 198.3
5 22.0 32.4
5 260.0 262.4
5 126.0 137.3
5 128.0 138.2
4 220.0 255.2
4 66.0 46.9
5 184.0 188.1
5 92.0 69.3
2 88.0 34.9
5 156.0 163.9
4 154.0 156.7
3 284.0 273.7
2 24.0 276.9
2 216.0 269.7
3 62.0 96.1
3 34.0 285.8
5 214.0 230.5
3 118.0 156.9
5 42.0 58.0
3 176.0 134.0
5 280.0 343.9
2 68.0 176.3
3 330.0 295.9
3 112.0 120.4
4 176.0 157.0
4 102.0 90.7
2 232.0 34.3
3 154.0 240.0
5 200.0 218.9
5 336.0 325.0
5 312.0 325.7
4 184.0 131.1
5 276.0 286.5
2 226.0 250.6
2 358.0 69.2
4 44.0 33.2
3 38.0 42.8
5 338.0 317.5
3 178.0 192.4
4 94.0 91.5
5 314.0 326.4
2 300.0 178.2
4 288.0 302.9
3 32.0 53.5
4 110.0 124.5
5 156.0 162.3
5 12.0 15.2
5 20.0 14.4
5 62.0 45.3
4 132.0 127.4
3 68.0 70.4
3 62.0 79.1
4 212.0 171.1
2 44.0 57.6
2 262.0 253.4
5 176.0 198.6
3 68.0 51.4
4 56.0 42.8
2 70.0 40.3
4 202.0 200.0
4 116.0 121.7
5 118.0 104.5
3 276.0 20.8
4 30.0 80.7
3 286.0 299.8
5 84.0 87.9
5 52.0 65.9
3 14.0 6.3
2 304.0 305.6
4 82.0 109.9
2 226.0 99.9
2 102.0 34.6
2 230.0 71.2
2 336.0 16.9
2 222.0 184.4
2 142.0 130.7
3 304.0 309.8
3 292.0 287.6
4 266.0 287.3
3 284.0 308.8
5 204.0 245.5
3 320.0 333.9
3 122.0 107.1
3 324.0 318.9
3 116.0 83.4
4 320.0 328.1
3 322.0 341.4
5 90.0 91.6
5 122.0 123.5
3 284.0 260.1
5 84.0 58.4
2 252.0 258.8
5 30.0 28.0
2 194.0 203.7
5 192.0 198.7
4 162.0 154.9
2 108.0 159.2
3 322.0 318.4
2 162.0 202.1
5 154.0 193.7
2 280.0 295.6
5 152.0 146.7
5 324.0 356.5
4 58.0 50.4
4 260.0 262.9
3 126.0 119.2
2 336.0 298.2
5 164.0 144.4
5 324.0 323.7
2 284.0 1.2
2 254.0 238.5
2 152.0 191.6
3 112.0 119.4
5 96.0 92.4
2 154.0 242.1
4 188.0 233.5
2 12.0 317.7
2 190.0 152.8
2 46.0 66.9
3 84.0 96.7
3 356.0 12.2
4 140.0 144.5
5 60.0 75.6
2 46.0 170.7
3 78.0 91.2
3 32.0 48.0
5 282.0 282.3
4 204.0 217.5
5 126.0 137.1
4 90.0 102.5
5 152.0 109.5
2 188.0 220.3
5 90.0 98.7
4 132.0 135.9
4 80.0 63.9
4 326.0 169.0
2 124.0 64.6
4 134.0 140.4
3 72.0 73.1
5 66.0 57.4
2 96.0 40.7
4 312.0 336.1
2 330.0 173.8
3 188.0 170.1
2 2.0 33.7
2 198.0 287.6
4 330.0 305.6
4 282.0 100.3
4 44.0 74.5
4 46.0 45.9
3 170.0 127.9
4 202.0 164.3
2 66.0 95.7
4 288.0 269.5
3 264.0 285.4
2 204.0 135.2
4 318.0 314.5
3 64.0 38.0
3 108.0 104.2
5 162.0 142.9
5 38.0 51.1
3 80.0 121.4
2 12.0 33.8
2 24.0 33.7
3 216.0 166.0
4 116.0 123.6
3 310.0 331.2
3 184.0 164.0
5 280.0 279.4
4 198.0 80.8
5 108.0 119.5
2 126.0 46.4
4 90.0 81.0
4 132.0 138.4
3 44.0 54.2
4 98.0 82.0
4 150.0 158.0
3 36.0 41.9
4 348.0 353.1
3 106.0 80.9
5 210.0 247.1
4 240.0 265.7
2 198.0 267.8
5 228.0 236.0
5 38.0 61.7
3 204.0 205.4
3 40.0 0.6
4 274.0 266.1
5 252.0 261.8
5 242.0 250.4
3 354.0 338.2
5 212.0 181.9
4 214.0 218.7
3 124.0 152.5
3 182.0 236.4
5 342.0 352.1
3 64.0 47.0
5 206.0 180.8
5 354.0 7.7
5 24.0 34.2
3 272.0 263.3
3 118.0 127.9
3 276.0 262.5
2 88.0 117.0
5 236.0 220.8
4 324.0 328.3
2 156.0 106.1
2 166.0 117.6
5 170.0 144.0
5 218.0 215.2
4 174.0 190.7
4 206.0 203.8
2 206.0 264.8
5 214.0 196.1
2 340.0 13.6
2 198.0 141.5
5 90.0 106.2
5 342.0 345.0
5 232.0 238.3
2 348.0 349.3
2 42.0 33.2
5 356.0 121.4
2 316.0 6.2
3 28.0 19.8
2 110.0 67.7
5 288.0 316.4
2 20.0 264.1
2 54.0 47.8
5 126.0 112.4
3 24.0 33.3
5 170.0 281.0
5 56.0 48.7
4 156.0 161.4
3 264.0 273.9
5 144.0 142.6
2 138.0 319.1
4 148.0 132.1
5 306.0 71.5
2 142.0 143.6
4 8.0 4.1
5 48.0 39.9
2 106.0 20.5
4 86.0 70.8
2 170.0 245.8
5 96.0 84.0
3 28.0 5.9
3 140.0 143.7
3 46.0 84.9
5 326.0 337.8
2 182.0 193.6
5 186.0 154.2
4 66.0 89.3
2 328.0 356.1
3 28.0 17.3
3 28.0 15.1
3 114.0 57.3
4 112.0 91.9
4 90.0 93.6
3 348.0 304.7
5 130.0 185.3
5 58.0 66.2
3 254.0 205.2
3 226.0 253.0
4 102.0 112.2
3 198.0 192.4
3 72.0 82.9
4 170.0 172.2
4 326.0 350.3
4 284.0 276.3
2 154.0 156.2
5 112.0 84.9
5 84.0 70.5
5 158.0 140.5
5 146.0 132.3
5 32.0 39.4
3 230.0 214.2
4 162.0 146.9
2 46.0 47.1
2 220.0 128.0
2 278.0 293.2
5 318.0 317.4
2 196.0 277.8
2 140.0 224.2
4 48.0 68.8
5 130.0 122.7
3 70.0 99.9
4 286.0 272.2
3 172.0 250.0
5 30.0 30.0
3 16.0 356.9
3 86.0 113.7
3 318.0 341.0
5 18.0 20.6
3 84.0 104.6
3 294.0 293.0
2 100.0 86.5
4 50.0 54.1
4 346.0 339.0
3 176.0 172.5
4 76.0 65.5
2 358.0 40.9
4 258.0 246.2
3 252.0 250.4
2 220.0 99.2
2 308.0 336.1
5 152.0 161.9
3 312.0 349.0
2 350.0 4.6
2 88.0 54.2
5 46.0 87.9
3 196.0 251.1
4 300.0 302.1
3 104.0 112.3
3 246.0 242.7
5 274.0 298.9
3 242.0 265.3
3 174.0 145.9
3 266.0 247.9
4 180.0 150.5
4 282.0 137.6
3 92.0 118.2
3 114.0 128.7
4 274.0 275.6
4 326.0 304.6
4 250.0 275.2
4 130.0 112.2
2 28.0 17.8
4 236.0 230.8
4 44.0 51.0
5 178.0 188.2
3 110.0 143.0
5 148.0 162.2
2 46.0 296.7
3 240.0 280.5
2 126.0 113.3
5 46.0 31.1
4 76.0 76.4
2 358.0 329.7
3 32.0 4.2
4 280.0 276.5
5 224.0 224.2
4 52.0 76.3
5 234.0 224.7
5 250.0 246.4
4 38.0 16.9
4 250.0 239.9
5 190.0 209.8
2 212.0 5.6
2 202.0 136.0
5 356.0 356.2
2 314.0 142.3
4 332.0 0.1
2 314.0 150.0
3 154.0 169.3
3 358.0 31.3
3 22.0 51.4
5 96.0 103.0
2 20.0 293.6
2 114.0 107.0
2 260.0 8.4
5 204.0 201.5
3 344.0 342.0
4 180.0 201.2
2 202.0 73.5
4 86.0 86.7
5 322.0 328.0
3 260.0 246.1
2 250.0 32.7
2 302.0 38.7
4 170.0 185.1
4 358.0 355.3
4 296.0 278.6
4 110.0 108.4
3 128.0 143.6
2 296.0 206.9
3 268.0 235.9
3 36.0 17.6
2 38.0 63.3
5 10.0 3.8
2 202.0 230.0
5 280.0 296.1
3 68.0 54.5
2 312.0 5.9
5 230.0 239.2
3 138.0 143.5
2 140.0 263.2
4 332.0 299.4
4 176.0 148.9
3 44.0 50.6
2 304.0 347.7
3 4.0 25.5
2 348.0 286.0
3 128.0 117.9
4 146.0 144.8
3 6.0 6.9
2 154.0 171.8
2 192.0 154.8
2 94.0 44.2
4 202.0 208.1
2 222.0 260.4
5 0.0 4.8
2 220.0 253.0
3 254.0 265.2
4 190.0 152.5
3 326.0 342.0
5 270.0 254.4
2 84.0 30.3
3 112.0 92.7
5 114.0 133.2
2 30.0 336.8
3 250.0 273.2
3 112.0 118.1
4 140.0 135.2
5 58.0 58.5
4 144.0 160.5
2 160.0 249.4
2 54.0 51.4
2 90.0 166.3
5 84.0 81.2
4 220.0 265.8
5 92.0 108.2
2 212.0 184.2
3 358.0 346.2
4 112.0 321.7
5 302.0 309.3
2 240.0 229.3
5 24.0 26.0
4 82.0 85.0
5 70.0 56.9
3 122.0 110.7
2 330.0 283.5
2 312.0 291.5
3 202.0 175.4
3 342.0 5.7
5 160.0 150.7
4 2.0 352.4
3 96.0 82.7
4 76.0 93.1
4 34.0 52.9
5 134.0 135.2
2 50.0 98.3
2 154.0 109.1
5 262.0 274.3
4 292.0 287.7
5 346.0 351.7
4 222.0 201.5
5 78.0 74.1
5 202.0 259.7
3 226.0 209.2
3 250.0 270.2
5 176.0 165.7
4 296.0 293.0
2 214.0 185.7
3 62.0 84.5
3 208.0 245.9
5 148.0 163.5
5 160.0 147.8
4 186.0 190.4
2 0.0 357.5
2 196.0 58.3
3 358.0 327.5
5 214.0 208.8
5 274.0 286.4
4 214.0 181.4
5 12.0 19.7
4 122.0 124.9
2 264.0 290.4
3 102.0 125.5
5 80.0 99.0
5 52.0 37.5
2 302.0 300.1
3 352.0 341.9
5 26.0 33.1
5 48.0 50.8
2 168.0 258.0
3 336.0 328.2
2 138.0 137.1
5 322.0 339.2
4 6.0 40.6
4 158.0 201.6
4 334.0 309.2
4 320.0 309.5
5 36.0 41.5
2 356.0 160.4
3 110.0 73.6
5 126.0 182.3
3 276.0 254.9
5 246.0 254.5
4 86.0 87.6
5 286.0 289.0
4 162.0 216.2
4 6.0 22.9
3 56.0 47.2
2 178.0 41.7
3 94.0 100.3
2 242.0 308.6
2 106.0 120.9
4 238.0 238.6
2 4.0 91.9
3 304.0 299.6
3 20.0 248.0
4 144.0 135.0
5 262.0 251.9
2 312.0 29.7
4 102.0 112.5
5 54.0 54.3
4 342.0 349.8
2 346.0 308.3
2 66.0 276.0
4 44.0 47.0
2 176.0 236.8
4 324.0 325.2
5 234.0 236.0
5 262.0 256.2
4 42.0 42.5
3 182.0 219.5
4 116.0 112.2
5 290.0 265.2
4 258.0 260.9
2 56.0 78.5
5 352.0 2.0
5 266.0 271.4
4 26.0 27.5
3 138.0 131.0
3 128.0 119.0
5 280.0 285.2
4 124.0 134.9
3 280.0 304.0
3 324.0 304.1
5 210.0 232.5
3 162.0 148.5
3 6.0 12.5
5 300.0 302.1
3 328.0 331.3
4 4.0 4.2
2 176.0 204.5
4 294.0 299.7
4 52.0 66.6
4 152.0 181.3
5 152.0 138.6
3 30.0 27.6
2 98.0 182.7
5 8.0 8.5
2 220.0 206.4
3 284.0 275.4
2 252.0 190.4
5 340.0 324.9
2 132.0 123.5
4 38.0 2.8
2 236.0 229.6
3 164.0 179.3
3 246.0 265.1
3 80.0 75.4
5 86.0 86.8
2 222.0 182.9
3 304.0 323.3
4 124.0 143.4
2 126.0 105.3
2 56.0 240.6
5 318.0 321.5
3 214.0 240.1
5 6.0 4.6
5 112.0 115.8
2 104.0 103.3
4 146.0 151.0
5 20.0 15.4
3 286.0 312.9
2 180.0 169.7
5 54.0 46.2
3 154.0 190.1
5 150.0 148.3
5 258.0 254.0
5 208.0 216.3
5 102.0 118.8
4 208.0 231.6
2 86.0 293.1
3 224.0 203.7
5 86.0 88.1
2 254.0 311.3
5 276.0 271.0
2 4.0 100.5
3 348.0 29.5
4 86.0 339.6
2 152.0 109.6
2 306.0 83.7
5 106.0 111.2
5 74.0 48.6
2 184.0 206.9
2 180.0 273.3
3 102.0 80.0
5 286.0 284.0
5 16.0 21.3
5 52.0 29.9
2 184.0 253.1
3 316.0 340.2
4 356.0 352.2
5 198.0 170.0
2 190.0 134.0
2 64.0 355.2
4 354.0 346.7
2 210.0 136.4
2 92.0 46.9
4 102.0 108.2
2 58.0 128.5
5 350.0 1.5
3 42.0 22.9
4 292.0 293.9
5 192.0 153.9
2 142.0 111.5
3 304.0 290.6
5 276.0 284.1
4 352.0 1.0
2 240.0 171.2
3 350.0 337.5
4 310.0 313.7
2 38.0 353.8
4 334.0 345.4
4 84.0 97.4
4 102.0 120.6
3 238.0 242.3
4 154.0 156.9
4 128.0 144.8
4 106.0 101.5
5 358.0 1.8
3 102.0 82.9
3 256.0 260.9
3 76.0 46.8
5 230.0 208.5
4 358.0 6.1
5 22.0 5.1
2 242.0 241.1
4 354.0 350.4
5 264.0 269.0
4 334.0 337.5
3 118.0 84.9
5 66.0 83.8
5 204.0 188.9
2 176.0 257.7
2 126.0 138.1
4 114.0 130.5
4 220.0 239.5
3 44.0 98.8
2 108.0 165.1
3 174.0 186.9
5 302.0 321.7
2 76.0 58.0
2 290.0 306.7
2 140.0 244.0
2 266.0 239.1
5 280.0 265.6
5 56.0 47.2
5 10.0 13.7
5 134.0 133.6
2 30.0 261.1
4 24.0 15.9
2 164.0 78.9
4 62.0 133.2
5 40.0 316.1
5 8.0 356.1
2 156.0 116.5
4 102.0 105.1
2 10.0 58.0
2 228.0 230.2
4 106.0 106.5
5 258.0 259.2
5 332.0 349.2
3 280.0 284.5
4 56.0 71.9
3 234.0 256.7
3 22.0 39.3
4 108.0 89.4
4 272.0 288.1
5 304.0 299.1
3 174.0 210.4
2 260.0 273.1
4 60.0 43.1
3 232.0 254.6
2 138.0 84.0
4 18.0 359.8
4 6.0 23.4
4 10.0 1.1
4 344.0 354.1
3 22.0 31.6
2 96.0 45.5
3 266.0 275.5
2 304.0 275.6
4 28.0 33.7
2 100.0 89.9
2 64.0 34.9
5 166.0 161.0
4 182.0 176.5
5 76.0 72.6
2 28.0 328.5
5 60.0 62.5
5 128.0 129.5
3 156.0 184.9
4 268.0 276.1
5 272.0 275.8
4 286.0 308.7
3 298.0 254.3
3 32.0 50.2
2 306.0 334.8
5 62.0 65.5
2 164.0 183.3
2 40.0 127.2
4 312.0 334.1
5 62.0 63.3
2 290.0 267.3
2 228.0 249.9
4 290.0 329.5
3 150.0 138.5
2 128.0 112.6
5 20.0 4.9
4 294.0 287.9
2 248.0 312.8
3 202.0 154.2
5 346.0 13.9
4 140.0 136.2
5 142.0 143.7
2 292.0 352.8
4 52.0 29.9
3 310.0 332.8
4 200.0 207.4
5 162.0 175.9
5 188.0 199.6
2 60.0 272.1
3 178.0 172.3
4 184.0 152.8
4 240.0 227.8
5 348.0 345.0
5 244.0 260.0
2 274.0 314.4
2 302.0 49.8
4 44.0 34.7
3 312.0 301.2
3 200.0 198.5
4 90.0 52.0
5 306.0 300.3
5 20.0 24.3
3 290.0 292.7
3 292.0 278.5
5 40.0 40.4
5 282.0 229.6
5 238.0 251.6
4 52.0 53.2
4 316.0 292.5
4 276.0 277.8
5 350.0 347.2
5 282.0 274.4
2 304.0 292.1
3 204.0 267.5
2 8.0 196.8
4 320.0 337.0
4 284.0 297.9
2 274.0 243.1
4 278.0 283.3
2 196.0 164.1
2 62.0 131.6
4 82.0 90.2
3 96.0 114.9
5 10.0 26.6
2 292.0 264.4
4 140.0 139.6
3 200.0 197.0
5 296.0 10.5
5 16.0 16.5
5 140.0 141.2
2 342.0 9.9
3 6.0 3.2
2 256.0 82.3
3 48.0 46.5
3 294.0 341.1
4 122.0 118.4
3 130.0 109.1
3 294.0 269.0
5 180.0 185.8
2 258.0 147.5
4 124.0 118.5
4 286.0 293.1
5 196.0 198.7
2 354.0 15.5
2 204.0 328.5
4 158.0 153.0
2 306.0 351.2
2 292.0 254.1
2 112.0 58.0
3 202.0 164.9
2 280.0 108.7
5 178.0 185.9
5 64.0 50.3
3 352.0 262.9
3 116.0 81.4
4 270.0 287.2
2 186.0 233.5
3 208.0 216.0
4 64.0 25.8
3 282.0 259.7
4 176.0 165.2
4 206.0 131.5
3 226.0 208.2
4 278.0 300.6
3 48.0 68.7
3 150.0 168.8
2 184.0 69.6
5 188.0 177.7
2 32.0 5.8
2 46.0 50.3
4 140.0 136.0
3 210.0 245.5
2 264.0 264.5
2 310.0 59.5
5 40.0 23.8
4 82.0 64.9
5 14.0 357.2
3 60.0 142.5
2 42.0 32.1
2 28.0 23.0
4 258.0 246.6
4 344.0 329.8
4 244.0 252.3
4 88.0 74.4
5 306.0 310.2
5 12.0 2.6
5 308.0 303.3
4 230.0 348.8
4 10.0 19.7
3 358.0 14.5
2 310.0 301.8
2 358.0 340.9
4 212.0 182.9
2 178.0 148.4
3 22.0 26.3
5 92.0 99.8
5 102.0 92.9
4 146.0 148.6
3 140.0 118.5
4 222.0 195.7
3 80.0 89.0
4 10.0 355.2
4 318.0 309.9
4 128.0 123.8
3 174.0 140.3
5 322.0 309.9
4 340.0 308.3
3 44.0 42.8
3 236.0 163.9
4 36.0 41.4
3 18.0 356.4
2 272.0 42.0
3 202.0 198.7
4 326.0 315.4
4 192.0 223.9
5 114.0 116.3
2 76.0 34.7
2 214.0 219.3
5 200.0 209.6
5 146.0 134.3
3 292.0 285.7
2 44.0 30.5
5 314.0 334.3
3 230.0 217.7
3 208.0 194.1
4 176.0 176.5
4 48.0 77.2
2 358.0 341.6
2 262.0 1.5
3 134.0 142.5
5 6.0 5.4
4 156.0 156.0
4 356.0 356.5
3 346.0 337.0
5 226.0 246.5
3 354.0 349.3
5 196.0 183.6
5 288.0 280.1
5 120.0 141.4
4 212.0 194.2
4 204.0 205.3
5 112.0 98.8
3 96.0 39.5
4 156.0 137.4
5 76.0 70.4
3 202.0 201.7
2 208.0 351.3
4 174.0 173.4
3 92.0 74.9
4 116.0 109.2
3 208.0 241.6
5 218.0 208.9
4 354.0 359.0
4 54.0 67.1
2 36.0 164.2
5 22.0 30.1
2 194.0 221.3
4 170.0 148.7
4 296.0 275.0
4 72.0 66.4
5 112.0 89.9
3 170.0 207.7
2 340.0 250.9
4 246.0 220.9
3 252.0 251.9
5 128.0 106.9
3 28.0 2.2
2 46.0 105.2
4 86.0 83.6
2 16.0 307.5
5 292.0 286.7
4 124.0 121.6
3 130.0 134.0
4 22.0 34.8
4 42.0 28.0
2 318.0 334.4
5 314.0 308.0
5 154.0 139.9
2 90.0 79.1
5 182.0 216.0
3 202.0 146.2
2 228.0 273.9
2 112.0 7.3
3 244.0 265.7
3 236.0 267.3
4 270.0 266.2
5 98.0 96.3
3 342.0 2.2
2 302.0 319.5
3 204.0 229.4
3 310.0 313.2
2 162.0 83.4
3 234.0 225.2
3 344.0 328.1
2 76.0 31.7
2 342.0 5.8
4 286.0 286.0
4 206.0 164.3
3 146.0 149.7
5 168.0 142.0
4 340.0 330.2
5 196.0 173.8
5 316.0 299.3
5 348.0 346.2
4 138.0 132.9
4 124.0 133.4
4 322.0 351.7
5 172.0 157.3
5 198.0 181.3
2 272.0 19.3
4 130.0 135.4
2 340.0 307.0
3 202.0 155.2
4 298.0 288.9
5 286.0 272.8
4 314.0 339.6
2 180.0 124.2
5 132.0 134.5
3 222.0 240.0
5 312.0 312.7
2 326.0 41.8
2 182.0 254.9
3 10.0 358.4
4 18.0 11.7
4 310.0 320.7
3 314.0 344.5
3 296.0 280.8
4 302.0 296.8
5 296.0 302.8
3 146.0 125.7
5 236.0 240.9
3 246.0 272.3
5 102.0 108.1
5 208.0 216.0
5 338.0 4.2
5 220.0 246.8
3 272.0 251.2
5 202.0 191.5
2 174.0 146.6
2 108.0 260.8
3 334.0 4.4
5 310.0 304.2
5 168.0 172.0
4 358.0 344.3
5 330.0 348.9
2 182.0 245.1
3 148.0 219.4
5 328.0 335.7
3 46.0 31.0
4 210.0 191.6
2 356.0 9.9
4 278.0 260.7
3 164.0 192.3
2 94.0 71.2
4 248.0 235.0
3 114.0 114.5
3 104.0 103.5
5 78.0 66.9
2 258.0 79.8
2 190.0 258.8
3 16.0 12.7
4 312.0 342.2
3 270.0 271.8
2 350.0 352.6
5 58.0 54.7
3 154.0 144.1
2 206.0 249.7
3 296.0 300.5
3 148.0 232.6
4 284.0 268.4
3 76.0 117.5
2 140.0 244.9
4 152.0 127.6
3 76.0 69.6
4 74.0 55.5
5 72.0 98.2
3 320.0 341.6
5 134.0 125.9
3 354.0 22.6
3 336.0 332.2
3 202.0 210.9
4 342.0 331.9
2 320.0 275.0
4 286.0 269.8
2 240.0 252.9
3 350.0 354.9
5 186.0 181.4
3 352.0 341.0
3 202.0 165.4
2 352.0 350.7
3 88.0 91.9
5 180.0 211.5
2 124.0 175.6
3 38.0 356.4
4 126.0 124.7
3 2.0 32.9
4 48.0 34.9
3 340.0 335.0
4 112.0 136.3
4 38.0 11.9
2 206.0 206.4
4 166.0 157.4
2 38.0 17.9
2 216.0 303.0
4 284.0 293.6
5 84.0 111.0
5 208.0 211.5
4 336.0 352.9
4 192.0 197.2
3 20.0 9.7
5 330.0 338.2
3 338.0 334.9
5 198.0 204.1
4 182.0 181.1
3 228.0 229.8
3 320.0 324.8
4 328.0 359.8
5 254.0 269.6
2 300.0 287.9
5 160.0 177.7
5 108.0 104.3
5 134.0 129.5
3 140.0 92.4
4 140.0 146.9
3 262.0 283.9
3 250.0 242.1
4 274.0 308.9
2 58.0 0.4
3 54.0 27.9
3 302.0 322.3
5 102.0 102.8
2 344.0 340.0
4 350.0 348.8
4 292.0 281.0
3 258.0 266.7
2 284.0 283.1
3 168.0 175.0
4 128.0 172.5
3 144.0 180.0
5 114.0 121.3
3 106.0 100.7
3 162.0 138.4
4 200.0 206.0
2 44.0 3.3
3 42.0 38.3
2 200.0 44.0
2 320.0 69.8
3 4.0 17.8
4 256.0 243.5
2 86.0 91.4
5 318.0 306.8
2 170.0 263.5
3 222.0 241.8
4 194.0 212.7
5 270.0 258.7
2 214.0 56.4
5 140.0 163.4
3 82.0 103.6
3 56.0 114.3
3 106.0 91.9
3 326.0 299.1
4 104.0 124.5
4 6.0 5.4
2 198.0 159.5
5 114.0 93.4
3 282.0 282.1
5 46.0 34.9
4 310.0 307.8
3 114.0 75.9
2 0.0 29.7
3 114.0 66.3
5 242.0 243.1
3 332.0 8.5
5 10.0 4.7
2 288.0 28.6
3 134.0 95.9
2 150.0 37.9
5 38.0 34.6
5 206.0 232.4
3 160.0 143.6
2 230.0 195.3
2 68.0 38.5
4 230.0 228.5
4 146.0 126.9
4 112.0 119.1
4 48.0 62.4
5 102.0 85.7
3 234.0 241.9
3 190.0 148.7
5 358.0 344.6
2 146.0 165.9
4 24.0 27.6
5 16.0 29.3
3 250.0 251.0
4 230.0 229.3
5 8.0 7.1
2 150.0 306.6
3 244.0 267.2
5 2.0 0.3
5 114.0 126.3
4 340.0 315.9
4 232.0 250.6
3 54.0 60.7
2 188.0 90.7
2 144.0 265.2
3 158.0 225.4
4 206.0 186.0
3 114.0 120.1
4 2.0 353.9
2 340.0 12.7
4 170.0 236.6
5 128.0 121.3
5 18.0 18.7
2 142.0 93.6
5 210.0 210.3
4 270.0 263.9
3 26.0 340.1
5 62.0 57.6
3 350.0 288.3
4 246.0 236.2
3 146.0 100.1
5 328.0 307.8
3 352.0 347.1
4 320.0 320.8
4 102.0 80.2
4 294.0 282.8
5 228.0 236.5
3 180.0 120.4
5 328.0 313.4
4 82.0 82.4
3 354.0 343.1
5 62.0 52.9
5 140.0 149.2
4 336.0 326.7
3 234.0 253.2
4 178.0 183.3
2 82.0 55.3
5 116.0 118.8
4 228.0 253.4
5 166.0 163.7
2 82.0 177.9
4 312.0 299.3
2 84.0 238.5
3 214.0 217.9
2 330.0 287.2
5 14.0 12.1
3 122.0 130.6
5 222.0 253.1
5 38.0 36.9
4 94.0 111.6
3 118.0 150.7
3 352.0 352.3
4 216.0 213.3
5 258.0 284.0
5 302.0 331.2
5 172.0 164.3
2 144.0 148.0
4 332.0 319.2
4 326.0 336.6
2 78.0 30.8
2 274.0 298.8
5 284.0 283.0
4 296.0 299.1
5 104.0 99.2
4 330.0 332.0
2 248.0 17.6
4 204.0 224.5
5 104.0 101.3
5 32.0 15.4
3 142.0 171.8
4 70.0 49.3
5 8.0 15.3
3 336.0 338.1
4 278.0 289.6
2 130.0 106.4
4 72.0 56.0
3 102.0 118.7
3 334.0 296.7
3 142.0 124.5
5 224.0 249.1
2 312.0 42.9
3 332.0 307.1
5 24.0 25.7
2 212.0 126.0
3 270.0 262.5
2 8.0 331.3
2 88.0 87.0
5 222.0 211.2
3 78.0 47.8
3 118.0 91.0
2 78.0 349.1
3 214.0 223.6
5 54.0 73.9
5 332.0 334.7
2 36.0 5.9
3 122.0 127.2
3 98.0 130.1
2 270.0 52.7
4 132.0 123.5
3 358.0 341.1
2 18.0 346.9
2 104.0 92.1
4 342.0 3.2
4 334.0 345.9
2 62.0 39.6
3 96.0 114.7
4 222.0 208.0
2 162.0 200.0
4 152.0 146.1
3 354.0 348.1
5 304.0 304.6
2 272.0 299.7
5 250.0 269.0
3 114.0 114.0
4 298.0 289.5
5 244.0 221.2
4 196.0 162.9
2 258.0 243.7
3 104.0 300.4
2 278.0 247.4
4 10.0 30.1
2 298.0 309.4
5 274.0 275.8
2 114.0 89.2
5 16.0 26.6
3 340.0 318.8
3 50.0 63.1
5 6.0 352.6
2 308.0 286.8
2 38.0 62.3
5 68.0 71.8
5 314.0 315.1
3 330.0 318.8
3 358.0 24.4
3 184.0 238.4
3 68.0 55.2
2 46.0 112.0
3 132.0 131.0
5 4.0 353.8
5 180.0 155.0
3 110.0 77.0
4 98.0 108.3
2 4.0 331.8
3 90.0 67.8
3 148.0 216.0
5 264.0 254.5
3 230.0 264.3
4 278.0 283.2
5 6.0 15.3
2 218.0 241.7
2 352.0 211.6
3 240.0 236.6
2 76.0 123.5
2 336.0 336.1
5 152.0 145.3
5 208.0 210.2
4 248.0 244.2
4 204.0 223.8
5 252.0 244.6
5 82.0 86.9
5 42.0 31.8
3 350.0 22.0
2 260.0 60.2
3 58.0 57.1
2 62.0 100.9
5 280.0 281.2
2 38.0 179.0
4 28.0 23.2
3 184.0 212.9
2 314.0 189.2
2 102.0 44.0
2 154.0 125.7
4 84.0 60.6
3 184.0 262.6
4 328.0 324.2
4 214.0 234.8
3 204.0 205.3
4 22.0 11.4
5 184.0 137.8
3 8.0 334.0
3 286.0 285.4
2 294.0 24.3
2 234.0 177.9
2 98.0 115.3
4 44.0 47.4
2 66.0 78.5
5 248.0 253.8
2 176.0 117.5
3 190.0 157.0
4 346.0 3.8
2 160.0 228.1
4 168.0 208.8
3 274.0 275.4
4 260.0 260.6
5 238.0 218.4
5 146.0 147.2
4 244.0 269.9
4 170.0 136.6
2 236.0 265.5
3 94.0 92.2
5 118.0 110.4
3 146.0 174.3
4 242.0 247.1
3 22.0 36.8
4 346.0 1.6
2 330.0 333.3
3 264.0 257.9
4 310.0 296.0
2 280.0 324.3
4 106.0 73.6
4 288.0 294.7
5 64.0 75.8
3 326.0 11.5
2 126.0 146.6
4 276.0 303.3
4 266.0 283.9
4 252.0 258.4
3 240.0 242.3
3 48.0 85.7
3 248.0 205.5
4 280.0 282.0
2 12.0 111.8
2 102.0 91.3
3 158.0 120.6
5 290.0 282.1
4 284.0 299.0
2 96.0 85.3
2 116.0 336.8
5 0.0 353.2
2 136.0 196.9
2 86.0 359.1
2 22.0 26.7
2 344.0 281.4
2 74.0 65.0
4 140.0 123.9
4 312.0 303.9
3 156.0 187.4
2 278.0 93.7
5 40.0 29.9
3 60.0 162.4
5 252.0 244.7
3 240.0 223.3
2 4.0 314.2
4 138.0 138.0
4 278.0 297.4
4 84.0 60.9
3 18.0 12.6
5 184.0 179.2
2 138.0 183.5
5 20.0 326.0
5 348.0 337.9
4 252.0 249.9
4 190.0 188.7
4 256.0 248.8
5 30.0 40.3
4 296.0 293.7
4 122.0 167.2
5 334.0 322.9
5 300.0 304.9
5 114.0 118.8
5 24.0 25.1
5 338.0 315.3
4 202.0 172.7
5 336.0 335.9
4 140.0 124.3
2 354.0 296.8
4 162.0 145.4
3 342.0 355.9
3 96.0 127.7
5 338.0 317.7
2 122.0 127.4
3 66.0 60.4
2 260.0 273.8
2 232.0 284.5
2 202.0 160.3
2 174.0 175.0
3 116.0 116.3
4 324.0 298.0
4 224.0 210.7
5 308.0 297.6
3 36.0 40.3
2 152.0 21.3
2 320.0 279.1
2 254.0 302.3
2 182.0 211.9
4 40.0 36.1
5 48.0 51.7
5 44.0 34.0
4 112.0 132.2
5 188.0 204.1
2 196.0 195.0
2 176.0 132.1
5 290.0 161.0
2 52.0 81.0
2 62.0 357.2
2 62.0 83.5
2 194.0 15.5
2 230.0 198.8
4 330.0 305.3
2 310.0 287.4
3 114.0 114.0
3 328.0 336.7
3 296.0 297.7
3 246.0 262.4
3 16.0 23.7
3 340.0 298.2
4 200.0 221.5
2 216.0 254.7
2 2.0 94.2
5 98.0 115.9
3 270.0 268.7
3 304.0 254.8
3 14.0 23.9
2 42.0 29.9
4 124.0 102.7
3 96.0 118.2
3 302.0 306.8
5 30.0 25.0
2 192.0 138.4
3 60.0 76.9
3 158.0 157.7
3 246.0 223.4
2 182.0 209.2
4 354.0 355.6
3 66.0 48.5
2 310.0 49.2
4 10.0 17.1
3 164.0 150.8
3 350.0 221.4
5 54.0 70.8
3 192.0 149.2
3 298.0 284.9
4 250.0 256.0
3 10.0 176.6
4 272.0 293.2
4 226.0 262.6
4 144.0 127.8
2 168.0 234.0
2 244.0 273.0
4 278.0 307.0
4 18.0 14.4
5 108.0 118.3
5 46.0 49.5
4 54.0 63.5
4 254.0 262.1
3 326.0 290.3
4 182.0 141.0
2 348.0 349.9
5 238.0 257.0
5 56.0 82.5
3 136.0 122.0
2 10.0 9.9
2 264.0 8.5
2 222.0 273.7
3 148.0 102.7
4 346.0 345.9
4 30.0 27.9
5 324.0 322.3
5 4.0 208.9
2 84.0 273.8
2 222.0 23.3
2 320.0 351.3
4 62.0 60.5
2 64.0 106.7
2 14.0 241.9
2 308.0 251.4
5 60.0 63.9
4 118.0 107.3
4 210.0 250.0
4 100.0 96.0
5 184.0 211.8
2 100.0 99.8
2 30.0 74.6
5 214.0 191.7
4 194.0 210.6
2 358.0 288.5
2 72.0 276.0
3 358.0 343.7
5 172.0 161.3
3 260.0 263.1
2 148.0 183.6
2 242.0 351.3
5 50.0 47.9
4 148.0 134.4
3 160.0 188.2
3 152.0 157.4
5 82.0 96.4
4 12.0 16.7
5 82.0 85.7
4 232.0 247.0
2 334.0 14.4
4 48.0 69.1
4 228.0 219.2
2 98.0 174.6
4 226.0 212.3
3 54.0 36.4
2 34.0 146.0
3 218.0 225.1
4 146.0 145.8
4 170.0 192.8
5 294.0 301.1
2 170.0 108.7
2 136.0 143.5
5 348.0 111.3
4 52.0 80.2
2 176.0 143.5
5 126.0 124.1
2 314.0 344.9
3 172.0 194.0
4 98.0 98.6
3 180.0 178.4
4 124.0 133.3
3 338.0 327.3
5 332.0 342.0
5 102.0 100.9
4 314.0 315.1
4 214.0 158.9
2 168.0 165.9
3 284.0 294.7
5 254.0 259.6
3 326.0 298.4
5 120.0 115.2
2 302.0 38.5
3 354.0 1.8
3 2.0 331.6
2 122.0 122.3
2 4.0 23.0
2 342.0 23.9
3 180.0 163.8
5 180.0 156.7
3 14.0 331.3
5 252.0 256.2
3 136.0 116.8
3 150.0 129.4
3 272.0 295.2
3 258.0 271.4
3 162.0 151.6
4 6.0 17.0
4 266.0 268.0
3 352.0 336.6
4 272.0 280.0
4 190.0 163.8
4 284.0 304.3
2 204.0 287.5
4 292.0 266.6
2 154.0 197.8
5 186.0 186.6
4 316.0 303.2
4 346.0 353.1
4 232.0 260.2
2 58.0 77.2
4 36.0 28.8
3 260.0 253.1
4 222.0 227.4
2 200.0 285.7
5 188.0 191.8
5 198.0 171.2
3 108.0 118.0
3 162.0 187.9
3 56.0 52.1
4 312.0 287.2
4 88.0 82.0
4 216.0 222.9
3 292.0 301.6
4 234.0 254.4
5 356.0 6.1
4 274.0 273.8
5 96.0 98.5
2 6.0 293.6
3 222.0 200.7
5 256.0 265.7
3 326.0 303.0
4 330.0 336.1
5 168.0 155.2
4 314.0 315.2
3 218.0 222.8
5 138.0 142.1
3 272.0 279.4
4 68.0 66.3
5 308.0 288.7
5 182.0 198.8
2 108.0 115.2
3 246.0 259.1
5 254.0 254.5
5 186.0 204.7
3 296.0 329.8
5 188.0 190.4
5 324.0 66.0
2 168.0 236.3
5 350.0 0.3
3 118.0 250.9
4 10.0 11.0
4 60.0 87.5
5 290.0 279.6
4 248.0 268.1
3 252.0 329.2
2 246.0 225.4
5 122.0 124.5
5 308.0 338.1
5 204.0 197.6
5 286.0 289.8
5 358.0 351.9
5 96.0 76.3
3 222.0 133.6
3 32.0 20.3
3 38.0 25.7
3 342.0 295.4
4 164.0 149.0
3 268.0 288.5
2 250.0 286.4
2 10.0 81.8
3 132.0 110.1
2 170.0 78.0
2 70.0 22.3
2 348.0 14.3
3 112.0 115.1
5 138.0 130.9
2 294.0 292.8
5 348.0 355.0
5 12.0 2.8
4 350.0 4.6
4 218.0 178.7
2 60.0 325.6
3 268.0 277.3
4 296.0 295.1
2 236.0 215.5
4 222.0 232.7
3 130.0 144.1
5 342.0 334.1
2 80.0 186.9
2 178.0 287.6
5 198.0 213.7
3 342.0 316.7
3 176.0 148.0
5 244.0 230.8
3 350.0 347.6
3 242.0 231.0
2 54.0 51.7
5 24.0 113.9
3 28.0 20.2
3 228.0 204.5
5 268.0 238.0
3 6.0 356.6
3 82.0 82.9
2 64.0 22.0
3 56.0 99.8
2 328.0 344.4
5 132.0 156.2
4 350.0 27.0
3 178.0 206.6
5 308.0 302.1
5 204.0 356.8
4 250.0 266.8
5 8.0 9.3
2 150.0 126.3
5 2.0 14.4
3 114.0 157.4
3 340.0 1.4
4 232.0 216.2
2 188.0 184.4
5 158.0 188.8
4 206.0 182.1
2 114.0 94.0
5 2.0 271.1
4 170.0 157.1
3 18.0 13.8
2 142.0 112.7
2 270.0 239.1
2 62.0 101.2
2 246.0 166.3
5 146.0 167.0
2 352.0 73.8
3 102.0 90.6
5 294.0 272.4
2 180.0 244.0
2 328.0 307.2
2 82.0 65.6
2 140.0 154.6
2 336.0 352.3
5 178.0 200.8
3 82.0 94.5
4 166.0 168.4
4 82.0 62.2
4 312.0 321.0
2 84.0 167.8
3 330.0 350.2
2 222.0 359.4
2 352.0 63.6
4 216.0 175.3
4 258.0 240.3
2 172.0 194.3
5 332.0 337.0
5 326.0 313.5
3 78.0 33.0
3 274.0 290.1
4 284.0 275.5
5 296.0 316.3
4 104.0 134.8
4 104.0 135.0
5 32.0 126.4
3 142.0 152.4
3 70.0 80.8
2 8.0 16.6
4 278.0 270.9
2 72.0 104.7
5 102.0 91.3
5 334.0 308.0
3 142.0 118.4
2 312.0 300.3
3 332.0 354.6
4 24.0 19.6
3 212.0 270.8
2 270.0 134.2
2 78.0 7.0
2 78.0 24.9
5 214.0 219.7
2 36.0 15.3
2 122.0 61.1
3 98.0 113.2
3 270.0 265.6
2 132.0 123.3
4 358.0 355.2
3 18.0 15.9
3 104.0 105.5
2 342.0 246.5
5 334.0 329.1
3 222.0 173.7
3 162.0 186.8
4 152.0 130.3
5 354.0 342.4
3 304.0 309.2
2 272.0 272.3
2 164.0 220.7
3 286.0 279.2
3 270.0 274.7
5 174.0 208.6
5 136.0 121.7
5 202.0 218.4
3 190.0 131.5
4 70.0 82.3
3 172.0 162.8
4 254.0 227.5
3 344.0 313.1
2 164.0 173.8
2 332.0 22.4
3 348.0 4.3
2 246.0 277.2
2 338.0 21.1
5 212.0 245.4
2 212.0 202.0
4 278.0 300.7
4 234.0 238.2
4 326.0 327.6
2 290.0 261.6
4 178.0 169.9
4 30.0 20.8
4 350.0 354.8
2 36.0 36.4
4 248.0 201.0
2 72.0 66.6
2 12.0 29.1
5 258.0 248.1
4 70.0 78.7
2 6.0 333.3
4 320.0 341.4
2 244.0 191.9
3 80.0 81.0
4 22.0 5.9
5 44.0 46.7
4 84.0 99.3
5 244.0 259.6
3 218.0 230.5
3 256.0 281.0
2 332.0 10.4
3 198.0 239.3
2 348.0 41.5
3 184.0 245.6
3 166.0 114.8
5 270.0 285.8
4 194.0 205.2
4 278.0 280.5
3 266.0 291.4
3 102.0 107.2
5 172.0 176.9
5 40.0 39.1
2 258.0 193.8
3 308.0 277.8
5 60.0 81.4
2 200.0 231.8
5 74.0 60.2
5 266.0 244.0
2 216.0 186.9
3 192.0 132.8
5 220.0 221.2
5 278.0 278.3
5 52.0 45.8
5 110.0 99.1
4 98.0 70.5
5 30.0 21.8
2 226.0 122.0
4 28.0 19.5
5 330.0 354.9
2 112.0 59.0
5 148.0 153.5
5 172.0 149.2
4 178.0 166.4
2 210.0 312.9
4 120.0 115.3
4 10.0 2.1
2 26.0 346.5
5 112.0 282.0
4 254.0 254.3
3 156.0 227.2
3 174.0 187.7
3 306.0 290.0
4 354.0 338.4
3 120.0 106.4
3 62.0 115.3
5 266.0 247.4
5 134.0 138.2
3 344.0 335.2
5 82.0 72.8
2 26.0 10.8
2 16.0 44.7
2 222.0 335.1
2 92.0 140.4
5 100.0 105.3
4 298.0 283.6
3 296.0 292.7
4 330.0 323.8
4 296.0 268.8
2 74.0 28.7
2 108.0 89.9
3 262.0 269.9
5 144.0 143.9
5 28.0 17.6
4 182.0 198.2
3 86.0 78.9
5 120.0 126.9
3 350.0 319.1
5 244.0 264.8
3 160.0 227.4
4 254.0 235.8
2 192.0 74.5
4 112.0 102.7
4 110.0 91.5
2 222.0 255.7
5 290.0 271.0
5 250.0 250.6
4 2.0 339.3
5 106.0 101.8
4 258.0 263.1
2 304.0 19.9
3 278.0 275.9
5 186.0 235.0
4 242.0 259.9
3 66.0 69.0
2 298.0 325.4
4 124.0 119.5
5 298.0 295.0
5 314.0 294.0
4 340.0 185.6
2 58.0 13.8
2 174.0 228.1
4 214.0 171.3
2 2.0 345.0
4 184.0 139.2
5 280.0 276.0
4 214.0 245.2
2 192.0 282.1
4 14.0 9.4
5 196.0 211.5
2 320.0 347.8
3 294.0 277.3
4 68.0 64.0
2 40.0 30.3
3 262.0 256.3
5 128.0 131.6
5 136.0 148.8
3 204.0 158.0
4 22.0 57.2
4 174.0 163.8
2 162.0 275.6
2 226.0 192.9
4 182.0 166.7
2 138.0 133.3
4 106.0 120.3
2 282.0 276.6
3 260.0 244.8
2 218.0 289.1
2 354.0 347.6
5 58.0 58.7
3 44.0 58.3
4 348.0 1.7
2 324.0 359.4
5 78.0 65.3
5 260.0 237.7
5 316.0 312.0
4 148.0 138.2
4 62.0 50.8
5 342.0 2.0
3 252.0 251.3
4 242.0 241.4
5 44.0 57.3
4 248.0 232.8
5 212.0 161.5
4 28.0 27.0
5 352.0 14.4
5 330.0 321.7
5 358.0 358.6
4 196.0 225.8
2 64.0 84.6
4 182.0 220.4
2 80.0 58.7
4 164.0 127.4
3 206.0 270.3
5 298.0 306.2
3 198.0 218.7
5 158.0 156.0
5 90.0 67.9
4 312.0 173.3
2 110.0 182.9
2 156.0 90.5
4 164.0 150.6
4 84.0 61.7
4 174.0 181.3
4 54.0 43.9
2 146.0 38.6
5 314.0 332.6
2 94.0 29.2
2 248.0 217.0
4 226.0 54.1
4 200.0 197.8
2 76.0 3.1
4 336.0 351.9
2 354.0 39.4
4 274.0 291.4
4 272.0 292.5
4 170.0 162.1
3 308.0 278.9
2 84.0 136.2
3 104.0 72.2
4 24.0 40.6
3 310.0 303.7
2 10.0 309.7
2 24.0 41.3
5 356.0 356.1
2 116.0 13.6
3 286.0 263.5
5 232.0 249.9
3 14.0 28.1
2 226.0 267.0
3 56.0 59.1
5 332.0 341.0
3 210.0 221.5
5 152.0 156.4
3 148.0 194.3
3 342.0 320.5
3 14.0 2.4
2 62.0 129.7
3 356.0 354.5
3 214.0 202.8
2 306.0 319.2
5 326.0 313.3
4 280.0 271.6
3 284.0 297.1
5 314.0 335.9
5 34.0 38.4
2 214.0 166.0
3 36.0 40.2
4 54.0 54.4
5 192.0 182.4
4 324.0 296.1
3 248.0 248.7
2 118.0 76.5
5 42.0 40.6
4 270.0 283.8
3 232.0 214.8
3 294.0 266.7
3 278.0 269.5
5 254.0 279.5
2 132.0 71.7
5 254.0 258.5
5 4.0 0.2
2 300.0 313.6
2 268.0 315.1
3 6.0 17.5
5 194.0 197.4
5 130.0 131.8
4 354.0 341.3
5 132.0 132.7
5 312.0 324.0
3 24.0 0.5
3 280.0 256.6
2 156.0 107.2
5 60.0 106.4
2 282.0 344.8
3 42.0 31.8
2 260.0 272.2
3 116.0 136.7
4 38.0 30.2
4 230.0 239.7
5 198.0 50.8
5 8.0 12.0
2 48.0 143.9
3 340.0 296.2
3 300.0 280.3
5 268.0 259.9
5 100.0 107.1
2 352.0 355.0
3 18.0 26.3
3 322.0 346.2
4 78.0 93.3
2 168.0 116.6
3 144.0 147.4
4 22.0 22.1
5 22.0 42.8
5 192.0 234.1
2 72.0 302.4
2 62.0 96.5
3 48.0 31.1
2 126.0 180.8
3 26.0 17.8
5 146.0 131.8
5 236.0 251.1
2 50.0 33.3
3 334.0 309.2
2 180.0 214.8
4 100.0 98.0
2 20.0 84.8
2 208.0 316.9
4 276.0 277.5
2 258.0 260.1
4 250.0 250.9
4 306.0 301.6
2 104.0 197.1
2 342.0 311.0
4 308.0 316.0
4 70.0 86.0
5 300.0 315.8
5 278.0 292.3
5 34.0 29.7
4 286.0 283.9
3 146.0 147.4
3 26.0 27.7
5 194.0 226.8
5 304.0 297.5
2 62.0 87.2
3 306.0 300.8
2 64.0 47.4
2 330.0 342.7
5 124.0 125.9
2 152.0 100.4
5 320.0 326.9
2 76.0 173.0
3 268.0 275.7
2 198.0 218.5
4 246.0 253.2
3 10.0 343.1
3 246.0 250.7
3 190.0 143.8
2 94.0 49.5
2 12.0 43.3
5 234.0 224.5
2 222.0 157.5
2 104.0 299.9
5 56.0 56.3
4 20.0 26.8
2 156.0 202.1
3 94.0 83.7
2 306.0 302.3
3 138.0 155.2
4 260.0 272.1
5 242.0 236.5
4 60.0 63.2
3 28.0 295.8
3 32.0 34.7
5 240.0 254.5
4 102.0 117.9
2 42.0 134.5
4 70.0 79.1
4 186.0 230.4
4 58.0 56.3
5 300.0 295.0
3 202.0 207.7
5 80.0 76.7
5 150.0 180.9
2 130.0 356.0
4 296.0 297.1
3 332.0 262.6
5 160.0 157.4
5 222.0 199.8
