sigma2_stimulus 	 [inf, 2.0, 3.0, 4.0, 5.0, 6.0, 7.0, 8.0, 9.0, 10.0]
log_motor_var 	 [8.12501049041748]
sigma_logit 	 [-1.0, -2.0, -3.0, -4.0, -5.0, -6.0, -7.0, -8.0, -9.0, -10.0]
mixture_logit 	 [-5.160216331481934]
prior 	 [-8.611212730407715, -8.577630996704102, -8.544219017028809, -8.510974884033203, -8.477900505065918, -8.44499397277832, -8.412256240844727, -8.379687309265137, -8.347288131713867, -8.315056800842285, -8.28299331665039, -8.251100540161133, -8.219374656677246, -8.18781852722168, -8.156431198120117, -8.125212669372559, -8.094162940979004, -8.063282012939453, -8.03256893157959, -8.00202465057373, -7.971650123596191, -7.941443920135498, -7.911406517028809, -7.881537437438965, -7.851837635040283, -7.822306156158447, -7.792943477630615, -7.763750076293945, -7.734724998474121, -7.705869197845459, -7.677181243896484, -7.64866304397583, -7.620312690734863, -7.5921311378479, -7.564118385314941, -7.5362749099731445, -7.508600234985352, -7.481093406677246, -7.453756332397461, -7.4265875816345215, -7.399587154388428, -7.372756481170654, -7.346094131469727, -7.319599628448486, -7.293274879455566, -7.26711893081665, -7.24113130569458, -7.215312480926514, -7.189662456512451, -7.164181232452393, -7.138868808746338, -7.113724708557129, -7.088749885559082, -7.063943386077881, -7.039306163787842, -7.014837265014648, -6.990537643432617, -6.966405868530273, -6.942443370819092, -6.918649673461914, -6.895025253295898, -6.87156867980957, -6.848280906677246, -6.825162410736084, -6.802212238311768, -6.779430866241455, -6.756818771362305, -6.734375, -6.712100028991699, -6.689993858337402, -6.668056011199951, -6.646287441253662, -6.624687194824219, -6.6032562255859375, -6.581993579864502, -6.56089973449707, -6.539974689483643, -6.519218921661377, -6.498631000518799, -6.478212356567383, -6.4579620361328125, -6.437880992889404, -6.41796875, -6.398224830627441, -6.378649711608887, -6.359243869781494, -6.340006351470947, -6.320937633514404, -6.302037239074707, -6.283306121826172, -6.264743804931641, -6.246349811553955, -6.228124618530273, -6.210068702697754, -6.19218111038208, -6.17446231842041, -6.156912326812744, -6.139531135559082, -6.122318267822266, -6.105274677276611, -6.088399887084961, -6.071693420410156, -6.055156230926514, -6.038787364959717, -6.022587299346924, -6.006556034088135, -5.99069356918335, -5.974999904632568, -5.959475040435791, -5.944118499755859, -5.92893123626709, -5.913912296295166, -5.899062156677246, -5.884381294250488, -5.869868278503418, -5.855525016784668, -5.841350078582764, -5.827343463897705, -5.813506126403809, -5.799837112426758, -5.786337375640869, -5.773005962371826, -5.759843826293945, -5.74685001373291, -5.734025001525879, -5.721368312835693, -5.708881378173828, -5.69656229019165, -5.684412479400635, -5.672430992126465, -5.660618782043457, -5.648974895477295, -5.637499809265137, -5.626193523406982, -5.615056037902832, -5.6040873527526855, -5.593287467956543, -5.582655906677246, -5.572193622589111, -5.561899662017822, -5.551774978637695, -5.541818618774414, -5.532031059265137, -5.522412300109863, -5.512962341308594, -5.503681182861328, -5.494568347930908, -5.48562479019165, -5.4768500328063965, -5.468243598937988, -5.459805965423584, -5.451537132263184, -5.443437099456787, -5.4355058670043945, -5.427743434906006, -5.420149803161621, -5.41272497177124, -5.405468463897705, -5.398381233215332, -5.391462326049805, -5.384712219238281, -5.378130912780762, -5.371718406677246, -5.365474700927734, -5.359399795532227, -5.353493690490723, -5.3477559089660645, -5.342187404632568, -5.336787223815918, -5.3315558433532715, -5.326493740081787, -5.321599960327148, -5.316874980926514, -5.312318801879883, -5.307930946350098, -5.303712368011475, -5.299662113189697, -5.295781135559082, -5.2920684814453125, -5.288524627685547, -5.285149574279785, -5.281943321228027, -5.278905868530273, -5.276037216186523, -5.273337364196777, -5.270805835723877, -5.268443584442139, -5.266249656677246, -5.264225006103516, -5.262368679046631, -5.26068115234375, -5.259162425994873, -5.257812023162842, -5.256630897521973, -5.255618572235107, -5.254775047302246, -5.2540998458862305, -5.253593444824219, -5.253255844116211, -5.253087520599365, -5.253087520599365, -5.253255844116211, -5.253593444824219, -5.2540998458862305, -5.254775047302246, -5.255618572235107, -5.256630897521973, -5.257812023162842, -5.259162425994873, -5.26068115234375, -5.262368679046631, -5.264225006103516, -5.266249656677246, -5.268443584442139, -5.270805835723877, -5.273337364196777, -5.276037216186523, -5.278905868530273, -5.281943321228027, -5.285149574279785, -5.288524627685547, -5.2920684814453125, -5.295781135559082, -5.299662113189697, -5.303712368011475, -5.307930946350098, -5.312318801879883, -5.3168745040893555, -5.321599960327148, -5.326493263244629, -5.3315558433532715, -5.336787223815918, -5.342187404632568, -5.3477559089660645, -5.353493690490723, -5.359399795532227, -5.365474700927734, -5.371718406677246, -5.378130912780762, -5.384712219238281, -5.391462326049805, -5.398380756378174, -5.405468463897705, -5.41272497177124, -5.420149803161621, -5.427743434906006, -5.4355058670043945, -5.443437099456787, -5.451537132263184, -5.459805965423584, -5.468243598937988, -5.4768500328063965, -5.48562479019165, -5.494568347930908, -5.503681182861328, -5.512962341308594, -5.522412300109863, -5.532031059265137, -5.541818618774414, -5.551774501800537, -5.561899662017822, -5.572193622589111, -5.582655906677246, -5.593286991119385, -5.6040873527526855, -5.615056037902832, -5.626193523406982, -5.637499809265137, -5.648974895477295, -5.660618305206299, -5.672430992126465, -5.684412479400635, -5.69656229019165, -5.70888090133667, -5.721368312835693, -5.734024524688721, -5.746849536895752, -5.759843826293945, -5.773005962371826, -5.786337375640869, -5.799837112426758, -5.813506126403809, -5.827343463897705, -5.8413496017456055, -5.855525016784668, -5.869868278503418, -5.88438081741333, -5.899062156677246, -5.913912296295166, -5.92893123626709, -5.944118499755859, -5.959474563598633, -5.974999904632568, -5.99069356918335, -6.006555557250977, -6.022587299346924, -6.038787364959717, -6.0551557540893555, -6.071693420410156, -6.088399887084961, -6.105274677276611, -6.122318267822266, -6.139531135559082, -6.156912326812744, -6.17446231842041, -6.192180633544922, -6.210068702697754, -6.228124618530273, -6.246349334716797, -6.264743804931641, -6.283306121826172, -6.302037239074707, -6.320937156677246, -6.340006351470947, -6.359243392944336, -6.378649711608887, -6.398224353790283, -6.41796875, -6.437880992889404, -6.4579620361328125, -6.478212356567383, -6.498631000518799, -6.519218444824219, -6.539974689483643, -6.56089973449707, -6.581993579864502, -6.603255748748779, -6.624687671661377, -6.646287441253662, -6.668056011199951, -6.689992904663086, -6.712100028991699, -6.734374523162842, -6.7568182945251465, -6.779431343078613, -6.802212238311768, -6.825162410736084, -6.848280429840088, -6.87156867980957, -6.89502477645874, -6.918649673461914, -6.942442893981934, -6.966405868530273, -6.990537166595459, -7.01483678817749, -7.039306163787842, -7.063943386077881, -7.088749408721924, -7.113724231719971, -7.138868808746338, -7.164180755615234, -7.189661979675293, -7.215312480926514, -7.24113130569458, -7.267118453979492, -7.293274402618408, -7.319599628448486, -7.346093654632568, -7.372756004333496, -7.399588108062744, -7.4265875816345215, -7.453756332397461, -7.481093406677246, -7.508600234985352, -7.5362749099731445, -7.564118385314941, -7.592130661010742, -7.620312690734863, -7.648662090301514, -7.677180767059326, -7.705869197845459, -7.734724998474121, -7.763749599456787, -7.792943000793457, -7.822306156158447, -7.851837635040283, -7.881536960601807, -7.911406517028809, -7.941443920135498, -7.971649646759033, -8.00202465057373, -8.03256893157959, -8.063281059265137, -8.094161987304688, -8.125212669372559, -8.156431198120117, -8.18781852722168, -8.219374656677246, -8.251100540161133, -8.28299331665039, -8.315055847167969, -8.347286224365234, -8.379687309265137, -8.412256240844727, -8.444993019104004, -8.477900505065918, -8.510974884033203, -8.544218063354492, -8.577630043029785, -8.611212730407715]
volume 	 [0.0024999999441206455, 0.0024999999441206455, 0.0024999999441206455, 0.0024999999441206455, 0.0024999999441206455, 0.0024999999441206455, 0.0024999999441206455, 0.0024999999441206455, 0.0024999999441206455, 0.0024999999441206455, 0.0024999999441206455, 0.0024999999441206455, 0.0024999999441206455, 0.0024999999441206455, 0.0024999999441206455, 0.0024999999441206455, 0.0024999999441206455, 0.0024999999441206455, 0.0024999999441206455, 0.0024999999441206455, 0.0024999999441206455, 0.0024999999441206455, 0.0024999999441206455, 0.0024999999441206455, 0.0024999999441206455, 0.0024999999441206455, 0.0024999999441206455, 0.0024999999441206455, 0.0024999999441206455, 0.0024999999441206455, 0.0024999999441206455, 0.0024999999441206455, 0.0024999999441206455, 0.0024999999441206455, 0.0024999999441206455, 0.0024999999441206455, 0.0024999999441206455, 0.0024999999441206455, 0.0024999999441206455, 0.0024999999441206455, 0.0024999999441206455, 0.0024999999441206455, 0.0024999999441206455, 0.0024999999441206455, 0.0024999999441206455, 0.0024999999441206455, 0.0024999999441206455, 0.0024999999441206455, 0.0024999999441206455, 0.0024999999441206455, 0.0024999999441206455, 0.0024999999441206455, 0.0024999999441206455, 0.0024999999441206455, 0.0024999999441206455, 0.0024999999441206455, 0.0024999999441206455, 0.0024999999441206455, 0.0024999999441206455, 0.0024999999441206455, 0.0024999999441206455, 0.0024999999441206455, 0.0024999999441206455, 0.0024999999441206455, 0.0024999999441206455, 0.0024999999441206455, 0.0024999999441206455, 0.0024999999441206455, 0.0024999999441206455, 0.0024999999441206455, 0.0024999999441206455, 0.0024999999441206455, 0.0024999999441206455, 0.0024999999441206455, 0.0024999999441206455, 0.0024999999441206455, 0.0024999999441206455, 0.0024999999441206455, 0.0024999999441206455, 0.0024999999441206455, 0.0024999999441206455, 0.0024999999441206455, 0.0024999999441206455, 0.0024999999441206455, 0.0024999999441206455, 0.0024999999441206455, 0.0024999999441206455, 0.0024999999441206455, 0.0024999999441206455, 0.0024999999441206455, 0.0024999999441206455, 0.0024999999441206455, 0.0024999999441206455, 0.0024999999441206455, 0.0024999999441206455, 0.0024999999441206455, 0.0024999999441206455, 0.0024999999441206455, 0.0024999999441206455, 0.0024999999441206455, 0.0024999999441206455, 0.0024999999441206455, 0.0024999999441206455, 0.0024999999441206455, 0.0024999999441206455, 0.0024999999441206455, 0.0024999999441206455, 0.0024999999441206455, 0.0024999999441206455, 0.0024999999441206455, 0.0024999999441206455, 0.0024999999441206455, 0.0024999999441206455, 0.0024999999441206455, 0.0024999999441206455, 0.0024999999441206455, 0.0024999999441206455, 0.0024999999441206455, 0.0024999999441206455, 0.0024999999441206455, 0.0024999999441206455, 0.0024999999441206455, 0.0024999999441206455, 0.0024999999441206455, 0.0024999999441206455, 0.0024999999441206455, 0.0024999999441206455, 0.0024999999441206455, 0.0024999999441206455, 0.0024999999441206455, 0.0024999999441206455, 0.0024999999441206455, 0.0024999999441206455, 0.0024999999441206455, 0.0024999999441206455, 0.0024999999441206455, 0.0024999999441206455, 0.0024999999441206455, 0.0024999999441206455, 0.0024999999441206455, 0.0024999999441206455, 0.0024999999441206455, 0.0024999999441206455, 0.0024999999441206455, 0.0024999999441206455, 0.0024999999441206455, 0.0024999999441206455, 0.0024999999441206455, 0.0024999999441206455, 0.0024999999441206455, 0.0024999999441206455, 0.0024999999441206455, 0.0024999999441206455, 0.0024999999441206455, 0.0024999999441206455, 0.0024999999441206455, 0.0024999999441206455, 0.0024999999441206455, 0.0024999999441206455, 0.0024999999441206455, 0.0024999999441206455, 0.0024999999441206455, 0.0024999999441206455, 0.0024999999441206455, 0.0024999999441206455, 0.0024999999441206455, 0.0024999999441206455, 0.0024999999441206455, 0.0024999999441206455, 0.0024999999441206455, 0.0024999999441206455, 0.0024999999441206455, 0.0024999999441206455, 0.0024999999441206455, 0.0024999999441206455, 0.0024999999441206455, 0.0024999999441206455, 0.0024999999441206455, 0.0024999999441206455, 0.0024999999441206455, 0.0024999999441206455, 0.0024999999441206455, 0.0024999999441206455, 0.0024999999441206455, 0.0024999999441206455, 0.0024999999441206455, 0.0024999999441206455, 0.0024999999441206455, 0.0024999999441206455, 0.0024999999441206455, 0.0024999999441206455, 0.0024999999441206455, 0.0024999999441206455, 0.0024999999441206455, 0.0024999999441206455, 0.0024999999441206455, 0.0024999999441206455, 0.0024999999441206455, 0.0024999999441206455, 0.0024999999441206455, 0.0024999999441206455, 0.0024999999441206455, 0.0024999999441206455, 0.0024999999441206455, 0.0024999999441206455, 0.0024999999441206455, 0.0024999999441206455, 0.0024999999441206455, 0.0024999999441206455, 0.0024999999441206455, 0.0024999999441206455, 0.0024999999441206455, 0.0024999999441206455, 0.0024999999441206455, 0.0024999999441206455, 0.0024999999441206455, 0.0024999999441206455, 0.0024999999441206455, 0.0024999999441206455, 0.0024999999441206455, 0.0024999999441206455, 0.0024999999441206455, 0.0024999999441206455, 0.0024999999441206455, 0.0024999999441206455, 0.0024999999441206455, 0.0024999999441206455, 0.0024999999441206455, 0.0024999999441206455, 0.0024999999441206455, 0.0024999999441206455, 0.0024999999441206455, 0.0024999999441206455, 0.0024999999441206455, 0.0024999999441206455, 0.0024999999441206455, 0.0024999999441206455, 0.0024999999441206455, 0.0024999999441206455, 0.0024999999441206455, 0.0024999999441206455, 0.0024999999441206455, 0.0024999999441206455, 0.0024999999441206455, 0.0024999999441206455, 0.0024999999441206455, 0.0024999999441206455, 0.0024999999441206455, 0.0024999999441206455, 0.0024999999441206455, 0.0024999999441206455, 0.0024999999441206455, 0.0024999999441206455, 0.0024999999441206455, 0.0024999999441206455, 0.0024999999441206455, 0.0024999999441206455, 0.0024999999441206455, 0.0024999999441206455, 0.0024999999441206455, 0.0024999999441206455, 0.0024999999441206455, 0.0024999999441206455, 0.0024999999441206455, 0.0024999999441206455, 0.0024999999441206455, 0.0024999999441206455, 0.0024999999441206455, 0.0024999999441206455, 0.0024999999441206455, 0.0024999999441206455, 0.0024999999441206455, 0.0024999999441206455, 0.0024999999441206455, 0.0024999999441206455, 0.0024999999441206455, 0.0024999999441206455, 0.0024999999441206455, 0.0024999999441206455, 0.0024999999441206455, 0.0024999999441206455, 0.0024999999441206455, 0.0024999999441206455, 0.0024999999441206455, 0.0024999999441206455, 0.0024999999441206455, 0.0024999999441206455, 0.0024999999441206455, 0.0024999999441206455, 0.0024999999441206455, 0.0024999999441206455, 0.0024999999441206455, 0.0024999999441206455, 0.0024999999441206455, 0.0024999999441206455, 0.0024999999441206455, 0.0024999999441206455, 0.0024999999441206455, 0.0024999999441206455, 0.0024999999441206455, 0.0024999999441206455, 0.0024999999441206455, 0.0024999999441206455, 0.0024999999441206455, 0.0024999999441206455, 0.0024999999441206455, 0.0024999999441206455, 0.0024999999441206455, 0.0024999999441206455, 0.0024999999441206455, 0.0024999999441206455, 0.0024999999441206455, 0.0024999999441206455, 0.0024999999441206455, 0.0024999999441206455, 0.0024999999441206455, 0.0024999999441206455, 0.0024999999441206455, 0.0024999999441206455, 0.0024999999441206455, 0.0024999999441206455, 0.0024999999441206455, 0.0024999999441206455, 0.0024999999441206455, 0.0024999999441206455, 0.0024999999441206455, 0.0024999999441206455, 0.0024999999441206455, 0.0024999999441206455, 0.0024999999441206455, 0.0024999999441206455, 0.0024999999441206455, 0.0024999999441206455, 0.0024999999441206455, 0.0024999999441206455, 0.0024999999441206455, 0.0024999999441206455, 0.0024999999441206455, 0.0024999999441206455, 0.0024999999441206455, 0.0024999999441206455, 0.0024999999441206455, 0.0024999999441206455, 0.0024999999441206455, 0.0024999999441206455, 0.0024999999441206455, 0.0024999999441206455, 0.0024999999441206455, 0.0024999999441206455, 0.0024999999441206455, 0.0024999999441206455, 0.0024999999441206455, 0.0024999999441206455, 0.0024999999441206455, 0.0024999999441206455, 0.0024999999441206455, 0.0024999999441206455, 0.0024999999441206455, 0.0024999999441206455, 0.0024999999441206455, 0.0024999999441206455, 0.0024999999441206455, 0.0024999999441206455, 0.0024999999441206455, 0.0024999999441206455, 0.0024999999441206455, 0.0024999999441206455, 0.0024999999441206455, 0.0024999999441206455, 0.0024999999441206455, 0.0024999999441206455, 0.0024999999441206455, 0.0024999999441206455, 0.0024999999441206455, 0.0024999999441206455, 0.0024999999441206455, 0.0024999999441206455, 0.0024999999441206455, 0.0024999999441206455, 0.0024999999441206455, 0.0024999999441206455, 0.0024999999441206455, 0.0024999999441206455, 0.0024999999441206455, 0.0024999999441206455, 0.0024999999441206455, 0.0024999999441206455, 0.0024999999441206455, 0.0024999999441206455, 0.0024999999441206455, 0.0024999999441206455, 0.0024999999441206455, 0.0024999999441206455, 0.0024999999441206455, 0.0024999999441206455, 0.0024999999441206455, 0.0024999999441206455, 0.0024999999441206455, 0.0024999999441206455, 0.0024999999441206455]
loss_function_weights_cosine 	 [-1.0, 0.0, 0.0, 0.0, 0.0, 0.0, 0.0, 0.0, 0.0, 0.0]
loss_function_weights_sine 	 [0.0, 0.4000000059604645, -0.25999999046325684, 0.0, 0.0, 0.0, 0.0, 0.0, 0.0, 0.0]
=======
4 1.7175 1.5206
6 1.29 1.2445
6 1.7325 1.717
4 0.615 0.6896
5 2.4375 2.5886
6 2.4675 2.5686
7 1.9575 1.9341
7 0.48 0.6099
5 1.56 1.5194
5 0.9825 1.0888
5 0.75 0.6009
4 2.8575 1.8337
6 2.9925 2.8494
7 0.135 0.1505
7 2.58 2.4856
5 1.8075 1.7013
4 1.1475 1.3252
7 0.8475 0.8967
4 2.025 1.797
5 1.3725 1.4427
7 2.055 2.0036
7 1.9875 1.933
6 0.3975 0.4492
5 2.3025 2.4267
6 2.9475 2.9136
6 2.91 2.9524
4 1.8375 1.746
5 0.135 0.0759
7 0.015 0.0017
6 0.405 0.3372
7 2.82 2.8561
4 0.9075 1.0245
5 1.095 1.1677
5 2.6925 2.7588
7 0.945 0.8899
4 1.65 1.3558
5 1.305 1.3068
4 0.195 0.4686
6 1.755 1.7977
4 2.535 2.436
4 0.4725 0.7519
4 0.675 1.0284
5 1.2375 1.0896
4 0.1125 0.4534
7 1.4925 1.6583
5 2.4525 2.3176
7 1.9725 1.9434
7 1.5975 1.7225
5 2.565 2.8834
5 0.45 0.4445
4 1.7025 1.6402
4 1.125 1.2309
6 1.8075 1.6936
7 0.3375 0.3276
5 2.325 2.132
5 0.2925 0.4145
6 0.5025 0.4597
4 2.4225 2.4397
6 2.8425 2.7525
5 1.2975 1.1005
6 1.245 1.1786
6 0.735 0.8322
7 0.825 0.9305
4 1.8525 1.7464
5 0.5325 0.7235
7 0.36 0.3573
6 1.365 1.1576
5 0.495 0.7063
6 1.9425 1.8234
4 2.46 2.393
5 2.3325 2.2588
4 1.44 1.243
4 1.0425 1.1836
4 1.305 1.212
6 0.015 0.1083
7 2.1375 2.1628
7 0.9975 1.1505
5 0.96 1.1442
4 0.24 0.3525
7 1.3425 1.3221
7 1.7475 1.6449
4 1.17 1.427
7 2.61 2.6739
7 2.0175 1.9632
7 0.7275 0.7774
5 1.575 1.6737
6 2.73 2.6713
6 1.56 1.3959
6 1.8075 1.9871
6 0.1875 0.306
7 1.47 1.5083
6 1.3875 1.3589
5 1.2 1.1524
4 1.26 1.2779
4 1.755 1.2968
5 1.6125 1.6145
4 1.47 1.3257
4 0.495 0.7347
4 1.3275 1.1993
5 2.9025 2.7718
6 1.245 1.166
4 0.105 0.3002
6 0.0075 0.1762
4 1.605 1.4276
5 0.15 0.4874
4 0.2775 0.5066
4 0.33 0.9941
7 1.365 1.3519
7 2.9775 2.8537
5 1.455 1.5367
5 1.3725 1.4085
4 1.3125 1.2917
6 1.5 1.6084
5 1.3425 1.4902
6 2.175 2.0555
7 2.6925 2.6257
6 2.0925 2.0873
7 1.2675 1.3313
5 1.95 1.8192
6 2.73 2.6422
6 0.4575 0.4724
5 0.7125 0.7081
4 1.86 1.9058
4 2.0625 2.0604
6 1.9275 1.7484
7 1.7625 1.7049
6 2.49 2.4317
5 1.44 1.4961
6 2.4225 2.5468
5 2.8875 2.8452
5 1.305 1.4158
4 2.58 2.5276
5 2.1525 2.2265
7 2.6625 2.7243
4 0.135 0.6242
6 2.7375 2.7152
4 2.3025 2.5164
5 2.8875 2.8843
7 2.9475 2.8722
7 0.855 0.8013
4 2.01 1.3014
4 0.4275 0.2367
7 1.785 1.715
7 2.76 2.6171
4 0.5775 0.2612
7 1.05 1.1074
6 0.24 0.2442
6 0.585 0.6933
5 0.6225 0.6117
4 0.285 0.3987
6 2.9925 2.872
5 2.6625 2.645
7 1.395 1.4903
6 2.2275 2.2637
5 2.085 2.1145
5 1.5675 1.7234
4 1.2675 1.3455
7 1.995 1.9678
6 1.665 1.6285
5 0.795 0.6614
6 1.095 1.0946
6 1.8825 1.849
5 1.8825 1.7529
5 0.63 0.4036
5 1.83 1.8468
5 2.625 2.7579
4 2.6175 2.6926
4 1.9575 2.0464
7 0.21 0.1439
5 1.2675 1.4656
5 0.27 0.5751
5 0.165 0.2544
5 0.765 0.8114
7 1.3725 1.3252
5 2.28 2.1148
4 1.89 1.3205
5 0.8475 0.77
5 2.085 2.0064
6 1.5225 1.3367
6 1.5225 1.3086
4 0.7875 0.75
6 1.3275 1.3439
5 1.0275 0.9786
6 2.1825 2.1982
5 1.4475 1.2061
7 1.3425 1.3286
5 1.4325 1.5865
6 1.44 1.3212
4 2.07 2.1473
6 2.16 2.2777
7 2.4 2.443
5 1.215 1.3904
5 2.3775 2.0419
5 2.895 2.7695
5 2.9775 2.9311
5 2.16 2.1427
5 0.195 0.3571
5 2.5425 2.5201
5 2.5125 2.5968
4 0.0525 0.5311
4 0.9825 0.959
4 0.9675 1.161
7 2.22 2.2955
7 1.83 1.8871
6 0.8475 0.8096
5 0.5625 0.6443
6 0.5025 0.491
5 0.285 0.4101
7 2.37 0.5776
5 2.805 2.5703
5 0.66 0.4346
6 2.235 2.4056
5 2.85 2.4602
6 0.5775 0.6942
7 1.7175 1.5764
5 1.32 1.1362
5 2.925 2.8384
7 2.61 2.5715
7 0.045 0.0108
4 0.6075 0.869
4 2.5425 2.5404
7 1.725 1.6239
7 1.5675 1.6394
5 2.43 2.4711
4 2.295 2.1387
5 2.865 2.8776
5 0.9825 1.0899
6 0.1425 0.0332
6 2.0775 2.079
7 0.15 0.2833
6 1.695 1.6156
7 2.58 2.6572
4 1.1925 1.2661
5 1.8 1.7626
4 0.5175 0.4345
5 0.4725 0.5654
5 1.815 2.0989
4 2.595 2.4156
5 2.9925 2.8856
5 0.09 0.2294
7 2.76 2.8657
6 1.53 1.3714
4 1.05 1.3023
7 1.1925 1.0749
6 1.7325 1.7459
5 1.0425 0.8733
4 0.435 0.4901
4 2.595 2.4337
4 2.1225 1.8033
5 1.83 1.948
6 2.1675 2.158
6 2.955 2.8808
7 0.525 0.5179
4 2.475 2.2269
5 2.4675 2.3277
4 1.0275 1.1162
7 1.68 1.626
7 1.3725 1.3327
4 0.585 0.6269
6 1.2975 1.3008
5 0.4575 0.4622
4 2.7975 2.6053
5 0.5625 0.5901
6 1.905 2.0025
4 1.71 1.4357
7 2.925 2.8461
5 2.3775 2.2872
5 1.08 1.0752
6 1.125 1.1619
5 0.15 0.1898
4 0.1575 0.4034
4 0.93 0.7213
6 2.85 2.7731
6 0.15 0.1651
6 0.5325 0.5315
6 1.905 2.0188
4 1.08 1.0024
5 0.555 0.4583
4 2.8425 2.6023
7 0.1275 0.0912
5 1.7925 1.8507
6 1.29 1.4129
5 1.035 0.848
5 0.585 0.5685
6 0.4875 0.6555
7 1.215 1.1211
7 2.2575 2.1099
4 1.4025 1.1475
5 2.3325 2.268
4 2.6325 2.3526
4 0.5175 0.5416
7 2.64 2.5725
5 1.7475 1.8806
7 1.26 1.1826
7 1.5375 1.4358
5 2.67 2.8175
4 1.1775 1.3781
6 0.285 0.3934
7 2.88 2.7784
4 0.3525 0.5172
7 0.3225 0.3635
4 2.1675 2.1155
5 0.93 1.0849
5 0.87 0.7889
6 1.95 1.9732
5 2.6775 2.6718
4 1.035 1.1204
4 2.7225 2.2894
4 1.86 1.406
5 1.8225 1.8691
6 1.5975 1.5887
5 0.0375 0.3664
7 0.4725 0.4499
5 2.0325 1.9068
6 2.0775 2.1016
7 0.2925 0.2256
6 1.9125 1.866
7 1.425 1.4784
7 1.7325 1.7727
6 1.2 0.994
6 0.6525 0.6967
5 1.065 1.1919
5 2.91 2.7534
6 0.5625 0.6474
6 2.5875 2.444
5 1.59 1.4973
5 0.225 0.2988
6 2.43 2.3633
6 0.0525 0.1417
5 2.5125 2.5348
5 1.0125 1.1768
7 2.7525 2.7544
6 2.1825 2.2782
4 1.0725 1.2945
6 1.875 1.8315
6 2.9625 2.9286
7 0.51 0.5572
5 0.615 0.922
4 0.87 0.9624
7 2.46 2.4635
4 0.7425 0.9865
6 0.7425 0.9948
5 1.845 1.8501
7 1.755 1.7349
7 1.2525 1.3498
7 1.65 1.6048
4 0.09 0.3384
6 0.015 0.0917
5 0.0825 0.248
6 0.165 0.1216
6 2.31 2.1621
7 2.94 2.8152
7 0.375 0.4099
7 1.155 1.2215
4 0.045 0.5809
7 1.305 1.2896
6 1.9875 2.0299
5 1.875 1.777
6 2.7075 2.827
7 1.6575 1.6302
4 0.1575 0.6642
6 1.1325 1.1962
6 1.38 1.5161
7 1.005 0.9643
4 0.105 0.3282
4 1.8825 2.194
6 1.47 1.382
4 2.13 2.2781
5 1.095 1.1391
5 0.21 0.3648
7 0.795 0.9197
7 0.525 0.5103
7 1.38 1.2542
4 0.4575 0.5629
7 0.2325 0.219
5 1.575 1.5932
4 0.42 0.7512
6 0.315 0.1795
6 0.36 0.248
7 2.115 2.0315
4 2.4225 2.4462
7 2.43 2.3145
6 1.725 1.6398
7 1.905 1.8497
6 2.2575 2.2092
6 1.2825 1.4104
7 1.53 1.4717
4 2.1375 2.1314
7 1.905 1.8268
5 1.83 1.6538
6 1.9425 1.979
5 1.605 1.5369
7 0.645 0.6903
7 0.915 0.8334
4 2.0775 1.9889
4 1.26 1.1228
6 2.5725 2.5234
6 1.125 0.9133
4 2.01 2.1402
4 0.345 0.5192
5 0.9 2.6287
4 2.55 2.6503
6 0.525 0.5499
6 1.875 1.9156
5 0.0825 0.1273
6 1.83 1.5601
4 1.3575 1.4308
7 2.7 2.5613
5 2.475 2.3316
6 2.3175 2.3079
6 1.0125 1.091
7 2.01 1.9822
6 0.465 0.4041
6 1.47 1.5439
5 1.17 1.2106
6 1.41 1.589
6 0.825 0.9561
5 0.6375 0.7258
7 1.56 1.4823
7 1.9575 1.9275
6 1.6875 1.5529
6 2.8575 2.8911
5 1.6725 1.822
6 0.45 0.3644
7 1.9275 1.8336
5 0.9525 1.0147
5 2.8125 2.6612
5 0.39 0.3509
7 1.3725 1.425
4 2.0175 1.7203
6 2.91 2.7513
7 1.5675 1.5903
6 1.14 1.0666
4 2.3325 2.6463
6 2.3625 2.2712
6 2.7375 2.6514
5 2.1675 2.2458
7 0.3825 0.4459
4 2.9775 2.7305
6 2.79 2.6717
4 1.305 1.398
6 1.98 1.9431
5 2.505 2.4574
6 2.7525 2.5753
4 2.1675 2.0745
5 0.27 0.2296
5 0.2025 0.2553
5 1.1025 1.1419
6 1.365 1.4457
7 0.9375 1.1156
6 2.25 2.2681
4 2.2875 2.128
5 1.2 1.4696
5 2.0925 2.2021
6 0.5775 0.629
4 2.8575 2.659
4 0.7275 0.8505
5 0.465 0.6445
7 1.1475 1.1624
4 2.5875 2.2293
4 1.7925 1.7602
5 2.055 1.9091
4 2.4525 2.2471
7 1.155 1.1932
4 2.88 2.7736
7 2.9625 2.8968
6 1.605 1.4285
7 2.25 2.1304
4 2.565 1.9649
7 1.7775 1.863
5 0.39 0.3314
7 1.9725 1.9919
4 1.365 1.7805
7 2.565 2.5851
6 0.63 0.5234
7 0.0375 0.0852
5 0.54 0.8056
4 0.51 0.6592
6 1.155 1.2081
7 0.6225 0.5663
6 1.005 0.9578
6 1.77 1.6923
5 0.465 0.6291
4 1.455 1.0304
7 1.065 1.0339
5 0.015 0.2849
4 2.025 1.8686
7 1.5075 1.6612
5 2.325 2.3422
6 2.6325 2.5704
7 0.1425 0.1082
5 2.145 2.1734
4 1.38 1.2653
7 2.625 2.5837
7 0.345 0.337
7 2.52 2.4802
4 1.29 1.4586
4 0.2775 0.6008
5 1.3875 1.4544
5 2.6325 2.8229
4 0.2175 0.5006
6 1.1325 1.0051
7 0.24 0.3032
5 0.0225 0.1641
5 2.4825 2.2462
7 1.65 1.4683
5 1.71 1.6565
6 2.7 2.8098
6 0.255 0.3065
5 2.835 2.5739
5 2.2575 2.2613
4 2.55 2.3806
5 2.445 2.0782
4 1.185 0.865
7 0.0675 0.1086
5 2.9925 2.7272
7 1.8975 1.9236
5 2.1375 2.1521
6 2.085 2.0071
5 0.9 0.9286
7 1.9725 1.9294
7 1.35 1.3637
5 0.6825 0.5416
5 1.5 1.593
4 1.4025 1.8209
5 0.9075 0.9289
7 2.25 2.2105
5 2.73 2.5228
7 1.7925 1.7972
6 0.0675 0.005
6 1.635 1.585
5 1.89 1.7737
7 2.445 2.5069
7 0.9075 0.8657
5 0.705 0.7942
6 1.1175 1.2358
7 0.48 0.4184
4 2.34 2.2043
5 0.0825 0.158
7 1.695 1.7339
4 2.4975 1.9274
6 0.0975 0.0882
5 0.495 0.7151
4 2.9775 2.429
6 0.9225 0.76
4 2.3025 2.5046
4 0.0825 0.4962
5 1.4025 1.3807
4 0.1275 0.2664
7 0.735 0.8009
6 0.0525 0.0966
5 2.04 1.9246
4 1.365 1.4779
5 1.0575 1.3417
6 1.26 1.4512
7 2.04 2.01
4 0.78 0.8749
4 0.465 0.5453
6 0.1275 0.0032
7 1.965 1.9733
4 1.995 1.6802
6 0.72 0.7642
7 1.545 1.4961
5 2.91 2.7403
6 1.4175 1.5861
5 2.295 2.0415
4 1.05 1.3499
7 1.6575 1.6618
7 2.3325 2.3673
5 2.0925 2.0026
5 1.7925 1.6185
5 0.885 0.848
5 0.1725 0.1567
5 1.4475 1.6871
4 2.1675 2.2396
4 1.08 1.0269
5 2.1825 2.0433
5 1.41 1.3908
4 0.21 0.4301
5 1.74 1.7125
7 1.65 1.7432
4 0.9675 0.8034
4 0.6 0.7761
7 2.955 2.9493
6 1.755 1.6789
7 2.175 2.3537
4 0.1275 0.1993
7 2.1975 2.1127
7 0.4875 0.437
4 1.4475 1.6162
5 1.1775 1.4309
7 1.17 1.1287
7 2.37 2.3639
6 0.6075 0.7198
6 2.835 2.8547
7 2.55 2.4755
5 1.4775 2.6489
5 2.625 2.6369
6 1.65 1.5675
7 2.7525 2.8662
4 1.4625 1.2819
5 2.9325 2.8608
6 2.235 2.1855
7 1.9725 1.8787
6 2.985 2.8553
4 2.085 1.9077
5 0.735 0.925
5 1.9425 2.0317
7 0.51 0.4872
4 1.215 1.2594
7 2.1075 2.0803
6 0.57 0.7634
7 1.2675 1.3903
6 0.69 0.8545
6 1.245 1.229
6 0.6975 0.6671
4 2.1075 2.1829
4 2.505 2.374
6 1.44 1.5179
4 2.1375 2.0896
5 2.265 2.0957
4 2.4225 2.192
6 2.4075 2.5136
7 1.9725 2.0324
5 2.2125 2.3081
6 2.19 1.9749
6 1.5675 1.6817
6 2.385 2.5046
4 0.57 1.1903
4 2.16 1.9822
6 1.9125 2.0544
7 1.62 1.6418
6 1.815 1.6903
6 2.7525 2.7642
4 2.37 2.5375
5 2.07 1.9227
7 2.7 2.6085
7 2.6175 2.5418
5 0.9825 0.871
6 2.58 2.3969
5 2.655 2.5128
7 1.7475 1.7587
6 2.775 2.6696
7 0.525 0.5461
4 2.4075 2.0287
7 0.7275 0.6713
4 1.2 1.0985
4 1.5225 0.3407
6 1.2675 1.0093
7 1.5525 1.5966
4 0.2775 0.3914
5 0.18 0.4674
5 2.175 2.247
6 0.81 0.6564
6 0.8325 0.8076
7 2.1 2.0269
5 2.2725 2.312
7 1.605 1.5859
6 2.4525 2.5133
4 1.05 0.8611
7 2.67 2.742
5 1.9125 1.798
6 2.5425 2.4743
6 2.445 2.5237
5 2.1 2.0998
4 2.775 2.4167
5 2.265 2.0432
4 1.35 1.5583
4 0.3525 0.6486
7 1.2075 1.2864
4 1.845 2.0121
4 0.0675 0.2387
5 1.7925 1.8777
5 1.2225 1.2177
4 1.425 1.3895
4 0.195 0.3104
4 0.2325 0.6662
7 1.9425 1.9955
6 0.81 0.9868
7 0.465 0.3658
5 2.6025 2.6242
6 0.1725 0.1775
7 2.1075 2.0915
5 2.4675 2.7085
6 2.6925 2.7468
7 1.98 1.9744
6 0.1575 0.119
6 1.3125 1.2999
4 2.625 2.1263
7 1.23 1.1901
6 1.605 1.6035
6 2.2275 2.172
6 1.7325 1.74
4 1.08 1.101
4 1.7775 1.5051
6 1.395 1.5128
6 0.9975 1.027
6 0.21 0.4538
6 0.78 0.8767
7 2.985 2.894
7 0.8775 0.9753
5 1.0425 1.081
5 2.94 2.8126
4 0.3075 0.5199
5 0.7575 0.7477
4 1.1325 1.0208
4 1.395 1.5612
5 1.215 1.1995
4 0.825 0.9784
4 0.45 0.9202
4 1.665 1.6883
5 0.51 0.5383
5 0.0075 0.2175
6 2.28 2.4256
6 2.2875 2.2182
5 1.08 1.4133
4 2.6475 2.6894
5 0.48 0.4717
4 2.7 2.4843
4 2.0475 2.0557
5 2.01 2.2122
5 0.15 0.3293
7 2.2875 2.346
6 0.51 0.5049
6 1.605 1.3339
6 1.65 1.7431
6 0.18 0.0514
4 0.885 0.7521
6 2.76 2.8545
7 2.28 2.2655
5 0.9225 0.9591
6 2.9325 2.7727
5 0.2175 0.1655
7 1.9575 2.0716
4 2.4075 2.2364
5 2.5425 2.4116
6 1.9425 1.9745
5 2.22 2.3071
5 0.7425 0.8569
7 2.3475 2.2963
6 2.04 1.9925
6 1.725 1.7732
7 0.8025 0.7664
6 2.0175 2.096
7 0.15 0.0986
6 1.5075 1.4621
5 1.9725 1.829
4 1.0125 1.2679
6 1.8 1.9064
5 0.165 0.1041
7 1.005 1.0487
5 1.47 1.3355
7 2.4825 2.4172
6 1.6125 1.4833
7 2.79 2.6944
5 1.1175 1.1285
6 2.6775 2.5524
7 1.7475 1.6633
5 1.41 1.4565
5 0.5475 0.4194
7 2.4825 2.4354
7 2.385 2.2651
4 1.1625 1.2865
4 0.9675 0.8121
4 0.825 1.1641
6 1.02 1.0055
7 0.27 0.2816
6 2.565 2.6595
4 1.305 1.5488
7 0.5325 0.6089
6 2.0475 1.8757
7 0.525 0.5958
5 2.64 2.348
4 0.015 0.2963
5 1.6575 1.8504
5 1.92 2.2021
7 1.0275 1.1231
6 0.5775 0.7377
4 2.7 2.5728
6 1.7775 1.8131
4 2.085 1.8439
4 0.495 0.6467
7 0.03 0.0718
7 2.7225 2.6506
7 0.5625 0.6103
7 0.165 0.1047
7 2.3325 2.4009
6 1.7025 1.6317
5 0.0525 0.1714
5 1.6725 1.5861
6 1.53 1.4481
7 2.7675 2.8943
5 1.77 1.8798
6 0.45 0.4318
6 1.875 1.8531
6 2.4 2.5
7 2.9025 2.987
4 0.93 0.8401
6 1.7325 1.4733
7 0.1425 0.3065
5 2.865 2.792
7 0.4275 0.4765
4 1.9575 2.0519
5 2.565 2.7277
4 1.44 1.8095
6 2.9325 3.0155
7 1.2225 1.1414
7 1.7025 1.6829
6 2.5575 2.5555
6 0.0525 0.1476
5 2.5875 2.2457
4 2.535 2.2903
4 0.495 1.0006
6 2.0925 2.0698
6 0.825 1.0109
7 0.5775 0.5736
6 1.53 1.4504
5 2.1375 2.3047
5 1.14 1.0459
4 1.02 0.5746
6 0.675 0.7862
4 1.725 1.2317
6 1.7475 1.73
5 2.6025 2.7577
5 2.505 2.3558
5 0.0225 0.3122
7 0.4425 0.452
7 0.3975 0.4131
7 0.8175 0.7964
6 2.2275 2.3537
5 1.47 1.5297
4 2.19 2.2611
4 2.5275 2.2964
7 1.11 1.1129
5 0.0075 0.0938
7 0.6375 0.7134
6 1.8525 1.8437
6 1.7175 1.7636
7 0.615 0.6542
5 2.265 2.0919
6 0.09 0.1393
7 0.465 0.6857
5 1.5525 1.5063
7 1.815 1.7303
7 2.7525 2.6788
5 1.155 1.282
5 2.4375 2.4643
6 1.4175 1.546
4 0.9075 1.1778
7 2.8575 2.9638
7 1.485 1.5479
5 2.1225 1.9757
5 0.8775 0.9314
7 2.655 2.5489
4 1.4325 1.8827
5 0.1425 0.2669
5 0.2025 0.345
5 1.0575 1.1942
5 1.2825 1.4206
5 0.33 0.3891
7 2.55 2.5091
5 1.6725 1.7982
6 2.8425 2.8061
4 1.95 1.732
4 2.4 2.2358
5 0.51 0.5242
4 0.135 0.5087
4 0.6825 1.1813
6 1.26 1.0828
4 0.15 0.4141
7 2.7825 2.6805
5 0.9 0.7481
5 2.3775 2.1128
6 0.135 0.1701
6 2.55 2.6034
6 0.9975 0.9373
5 1.545 1.3844
6 1.83 1.5917
7 1.83 1.7777
7 0.885 0.9117
4 0.765 1.0951
7 1.1625 1.1466
5 1.665 1.6412
7 0.0 0.0642
4 0.6825 0.7167
7 0.21 0.2678
7 2.4975 2.427
6 2.1 2.268
6 2.4975 2.5501
5 2.01 2.0676
5 0.105 0.1265
7 0.9825 0.9443
5 2.6475 2.6429
7 1.4025 1.441
7 0.9675 0.9319
5 0.4725 0.8456
7 2.7375 2.7078
5 0.285 0.2388
4 1.08 0.7246
6 0.945 0.9954
5 1.9125 2.0993
6 2.7375 2.7951
5 2.22 1.8433
7 2.895 2.9392
4 0.855 0.9761
5 2.235 2.26
4 2.1375 2.2641
6 0.1575 0.1073
4 1.725 1.4898
5 2.6325 2.5803
5 0.09 0.0749
4 0.6825 0.756
5 1.605 1.6223
6 1.8225 1.6513
7 1.635 1.5679
4 2.6475 2.4865
5 1.14 1.1453
7 1.9725 2.0825
5 1.635 1.5911
7 2.4675 2.49
6 1.17 1.212
4 2.76 2.4599
6 2.5425 2.362
4 2.1675 1.7656
4 2.745 2.5709
6 1.9875 1.9137
5 0.885 1.1172
7 2.88 2.9046
7 1.0575 1.2294
6 1.0425 1.0918
7 1.8825 1.9127
6 1.5 1.4499
4 2.9925 2.8054
5 1.245 1.4396
5 2.7975 2.8224
6 1.35 1.3674
6 0.675 0.7514
4 1.605 1.3711
4 2.0175 1.7835
5 0.9 0.8678
5 1.7625 1.478
6 1.3125 1.2685
4 0.0675 0.4137
6 0.195 0.43
5 1.14 1.1582
6 2.1 2.1326
7 0.4725 0.5299
6 2.8875 2.8238
7 1.0875 1.0862
6 0.3225 0.1628
7 0.5625 0.5923
6 2.76 2.6702
5 2.535 2.5111
6 1.9875 1.9979
4 0.1725 0.4705
5 1.9275 1.7369
4 0.0675 2.0633
5 0.705 0.7526
7 0.2025 0.1517
6 2.01 1.9675
7 2.46 2.4159
4 0.7875 0.286
5 2.985 2.8186
5 1.6275 1.467
7 2.55 2.4628
4 0.5925 1.025
6 2.3925 2.4765
5 1.89 1.9943
5 0.2325 0.4379
7 2.295 2.2604
5 2.295 2.3272
7 1.1325 1.1336
7 0.795 0.8099
5 0.225 0.4404
5 1.8075 2.0889
4 0.9 1.3244
4 0.6975 0.9736
4 1.35 1.2835
5 0.3825 0.3173
7 1.98 1.944
4 0.975 0.9544
7 0.885 0.8738
7 1.2975 1.3304
5 1.305 1.2302
4 1.305 1.1693
5 0.765 0.7502
4 2.2575 1.9155
6 2.685 2.6251
4 1.695 1.8627
5 2.1675 1.9858
4 2.43 2.4666
7 0.855 0.9139
6 2.61 2.4242
5 1.71 1.7801
4 1.905 1.7939
7 1.6575 1.7129
5 2.655 2.4885
6 1.4775 1.3993
4 2.13 1.4731
7 0.78 0.8431
5 0.48 0.733
4 1.62 1.748
4 2.475 2.4643
4 0.435 0.6627
6 2.175 2.1323
4 0.825 0.9875
7 0.3375 0.3036
5 2.43 2.3681
4 0.1725 0.4567
4 1.26 0.9353
5 1.965 1.7005
6 2.1075 1.9928
5 2.295 2.3053
5 0.3 0.3197
4 0.39 0.4117
6 0.915 1.1214
6 2.5275 2.4473
7 2.685 2.7081
4 1.2675 1.5597
7 0.8475 0.7888
7 1.845 1.8327
5 1.29 1.275
7 0.06 0.0541
5 1.8225 1.8353
6 2.7825 2.8803
7 1.995 1.8563
6 2.175 2.0786
7 0.21 0.223
7 1.8375 1.7275
4 2.82 2.6871
5 0.8175 0.9288
7 0.96 0.9788
5 0.75 0.7413
5 1.7925 1.6813
6 1.035 0.9803
7 2.55 2.6507
7 2.0325 2.0991
7 1.635 1.6784
4 2.2875 2.2376
6 0.6225 0.6209
6 0.75 0.8217
4 1.2675 1.2599
5 1.185 1.0539
5 1.32 1.386
5 2.9625 2.7366
4 0.975 0.9276
6 2.5425 2.5131
4 2.4975 2.3382
4 0.9525 0.785
5 1.1775 1.4082
6 0.0675 0.1704
6 2.085 2.0631
6 1.455 1.5159
6 0.51 0.6843
6 2.7075 2.6769
6 1.3425 1.5203
7 0.7275 0.7337
4 1.425 1.2923
6 0.51 0.7715
6 0.72 0.8059
6 1.935 1.8674
7 1.965 1.8909
6 0.315 0.1843
4 2.205 2.0518
4 2.3175 2.1145
6 1.6125 1.8152
5 1.83 1.8716
4 1.83 1.9506
4 2.325 2.1735
5 2.1375 2.1991
4 2.355 2.2224
7 1.5525 1.4996
5 1.4025 1.2355
7 0.42 0.3571
7 2.0175 1.8592
4 1.9275 1.8453
5 2.31 2.1371
7 1.9425 1.919
5 1.485 1.5446
7 0.1725 0.2009
5 1.95 1.9591
7 2.025 1.9494
6 0.405 0.5362
7 0.705 0.8099
6 1.3875 1.3634
5 0.3525 0.458
5 2.985 2.9628
5 0.2175 0.4479
6 2.1 2.0203
7 2.6175 2.4524
5 0.18 0.1981
4 1.44 1.5601
4 1.32 1.4647
7 2.9325 2.9604
7 2.88 2.8103
5 1.7475 1.7223
4 2.25 2.222
4 2.6025 2.3246
4 0.3225 0.6593
7 0.33 0.3694
6 1.92 1.8099
7 2.7225 2.5633
6 2.13 1.9582
5 2.7375 2.5392
7 0.495 0.3839
5 0.825 0.9113
6 0.57 0.4794
7 1.62 1.5888
7 2.8725 2.9408
4 0.6 0.5611
4 1.335 1.4874
7 1.4025 1.4198
6 1.6425 1.5402
6 0.9 1.0
7 1.3425 1.4118
6 0.0 0.095
6 0.0075 0.0571
6 1.575 1.7201
5 0.315 0.7324
6 1.83 1.8864
6 1.23 1.19
5 1.2975 1.3948
7 0.8925 0.9227
4 2.5875 2.2296
7 1.035 1.0153
4 2.595 2.6812
7 0.195 0.1387
7 1.8975 1.9557
4 0.555 0.3259
5 2.775 2.8281
7 0.135 0.1164
4 2.4975 2.3639
6 2.3025 2.4944
6 1.1925 1.1876
4 0.195 0.3618
5 2.1225 1.9973
6 2.175 2.1921
7 2.3775 2.3066
5 2.04 2.161
6 2.4675 2.5067
7 1.1925 1.2597
6 1.9425 1.8917
6 2.7075 2.6336
5 0.8775 1.0165
7 0.6825 0.6648
6 0.9075 1.0165
6 0.0525 0.1773
5 2.5275 2.3677
7 0.525 0.5356
5 0.0225 0.2873
7 0.7875 0.8538
5 1.41 1.4203
6 2.7075 2.8376
7 1.05 1.0093
4 2.595 2.242
5 2.79 2.8368
6 2.9625 2.899
7 1.755 1.8147
7 1.9725 1.9915
7 1.6575 1.6616
6 2.3625 2.2271
7 2.0625 2.0767
5 0.3075 0.3792
7 1.23 1.2788
7 2.5575 2.5099
4 1.2675 1.6069
5 2.3625 2.3957
4 2.535 2.4749
7 2.3175 2.2816
7 2.1825 2.1928
6 0.9975 1.0581
5 1.5075 1.4337
5 2.5125 2.4887
5 1.305 1.0298
4 1.725 1.3039
5 0.15 0.1194
6 1.3125 1.3612
6 1.5 1.4333
5 0.4725 0.572
7 1.1625 1.2125
4 0.2325 0.6378
4 2.9025 2.5104
6 0.42 0.3222
5 2.1525 1.7699
7 0.8025 0.7471
5 2.94 2.8443
4 2.58 2.5611
4 1.5975 1.4257
5 0.7275 0.6458
7 0.285 0.3259
4 1.2825 1.3087
4 1.005 1.2551
5 0.6375 0.7482
5 2.775 2.6345
6 1.8525 1.6791
7 0.3525 0.3434
6 1.395 1.373
6 0.9825 1.0109
4 2.3775 2.6435
4 1.7175 1.8194
7 0.0525 0.0449
5 1.59 1.5664
6 1.44 1.3577
5 0.78 0.9119
7 1.3125 1.3743
7 0.78 0.7483
5 0.3975 0.6368
6 0.8925 0.7102
7 2.985 2.9822
7 0.18 0.3156
5 1.7175 1.3004
5 2.46 2.5759
7 2.595 2.5296
6 1.38 1.3792
7 2.1375 2.2174
5 1.425 1.2446
5 1.7025 1.9432
4 0.4575 0.3139
4 2.46 2.3917
7 2.4075 2.3354
5 0.8025 0.7961
4 1.8225 1.8079
4 0.6075 0.3967
6 2.37 2.2915
4 0.3975 0.5815
7 0.5925 0.5491
4 1.41 1.6212
4 0.9675 1.0237
5 1.32 1.4554
4 0.3675 0.9885
6 2.115 2.001
7 0.48 0.5201
7 0.285 0.3095
4 1.62 1.8083
5 2.4825 2.4738
7 1.98 1.9878
7 2.19 2.0998
4 0.78 0.5402
4 1.0875 1.2529
7 1.8 1.7933
7 0.9225 0.9703
4 1.1025 1.2727
5 2.3175 2.3252
5 0.255 0.2044
6 1.9425 2.0783
4 0.885 0.5975
4 0.795 0.922
4 2.43 2.4507
5 2.4675 2.0687
5 0.195 0.1408
6 0.2775 0.4604
5 1.08 1.107
6 1.3275 1.3766
4 1.215 1.6476
5 1.935 1.9995
6 1.1175 1.111
6 0.69 0.763
7 2.925 2.7362
4 2.985 2.5714
4 2.445 2.2961
5 2.535 2.486
4 2.94 2.357
6 2.355 2.4164
7 1.695 1.7632
5 0.15 0.4176
7 0.615 0.6603
6 1.7775 1.879
6 1.4775 1.5793
6 2.5425 2.4506
4 0.0375 0.2904
4 1.2675 1.0581
4 0.2325 0.2776
5 0.84 0.8415
5 1.1325 0.8212
6 2.205 2.2006
6 2.265 2.214
4 2.0925 1.8288
6 1.305 1.266
6 1.5675 1.4764
5 2.2425 2.1395
4 2.085 1.8495
5 0.57 0.4778
6 2.5875 2.7746
4 2.4375 2.2211
7 2.175 2.311
7 1.9425 1.9366
4 1.6275 1.4297
5 0.5475 0.7683
6 0.225 0.2332
6 0.2625 0.1856
7 0.12 0.2676
4 0.675 0.6674
7 2.985 3.0228
5 1.7325 1.5832
7 0.0 0.0527
6 2.5125 2.5005
5 0.165 0.3596
7 1.2375 1.2981
4 1.71 1.6835
7 0.825 0.775
6 2.595 2.6277
7 1.38 1.3439
5 1.845 1.9072
6 2.685 2.668
7 0.9975 1.0905
5 2.3325 2.2892
6 2.265 2.4263
5 1.605 1.4167
6 0.9525 0.8002
6 2.9775 2.9192
5 1.35 1.2066
5 1.275 1.2736
6 1.8525 1.8862
5 0.705 0.6436
7 1.3875 1.3989
4 0.8325 0.8326
6 1.665 1.6785
5 0.42 0.4682
7 0.09 0.1193
6 2.085 2.1093
5 0.735 0.8384
6 0.0375 0.0775
6 0.4575 0.4962
6 2.385 2.4324
6 2.775 2.9277
6 2.88 2.9334
7 1.2 1.2383
4 1.3575 1.024
4 1.7925 1.838
6 2.79 2.8335
7 2.235 2.2414
7 2.4975 2.4699
7 0.285 0.2888
4 1.635 1.6985
7 2.01 1.9843
7 0.735 0.7395
7 1.155 1.1938
6 0.225 0.3699
7 2.2725 2.3213
6 1.6425 1.7814
7 0.36 0.4234
7 2.265 2.3335
6 2.8425 2.8863
4 1.4325 1.5042
5 2.7075 2.5857
4 1.8075 2.0225
6 1.065 1.2259
7 1.395 1.4991
7 2.895 2.8563
5 2.61 2.3738
6 1.2975 1.2975
4 1.77 1.8656
7 1.005 1.0651
5 2.5425 2.5343
6 2.4825 2.451
7 1.0125 0.9835
4 1.05 1.225
4 2.8425 2.661
5 1.635 1.6111
5 0.195 0.3058
6 0.42 0.3148
5 2.5875 2.5216
7 2.79 2.6419
6 0.3975 0.4176
6 2.5275 2.3829
7 0.2325 0.0972
7 0.9825 1.0519
6 1.3125 1.288
7 2.67 2.7189
5 1.3575 1.2785
6 1.14 1.0252
7 1.5525 1.474
6 0.1875 0.435
5 1.47 1.6618
5 0.705 0.7864
6 0.4725 0.5145
4 0.1725 0.2506
6 2.6775 2.6666
6 0.705 0.6194
7 2.025 1.9434
7 1.2 1.0887
6 1.1925 1.2051
4 2.4825 2.3404
5 0.7575 0.8454
6 1.3575 1.3916
4 1.3425 1.2591
5 2.3025 2.2203
5 2.7525 2.4308
6 1.17 1.1421
7 0.135 0.1449
7 0.21 0.2488
6 1.9725 2.1113
7 2.1375 2.165
7 0.075 0.0882
6 2.925 2.8042
5 1.6425 1.7529
6 0.555 0.4773
7 0.06 0.1151
5 1.1475 1.1498
7 0.5025 0.4112
7 2.745 2.6917
6 0.435 0.3748
6 2.0775 2.0563
5 1.32 1.3676
7 2.775 2.8648
7 1.4475 1.4058
4 1.9425 2.094
6 2.97 2.8065
5 1.1025 1.2948
7 1.5825 1.6121
6 1.3725 1.3149
6 2.2125 2.0581
7 0.7425 0.7729
6 0.2775 0.2881
5 2.3175 2.5167
7 1.83 1.7826
6 1.41 1.4641
4 1.335 1.2526
7 2.58 2.7151
4 0.9225 0.8538
7 0.8175 0.8296
5 2.5275 2.5156
7 0.93 0.8087
4 2.4825 2.1655
5 0.165 0.1358
4 0.9675 1.0694
5 0.9225 1.1516
5 2.535 2.1546
6 1.3275 1.3554
4 2.985 2.7598
6 2.2875 2.3729
6 2.085 2.0211
5 1.035 1.0305
6 1.6125 1.551
7 1.68 1.8063
4 1.365 1.5348
4 0.33 0.6797
6 0.96 1.0162
6 1.5225 1.3942
7 0.87 0.9753
6 1.6875 1.6513
7 0.84 0.8862
5 2.49 2.2341
4 0.5775 0.3427
6 2.1225 2.1243
4 2.2425 2.1346
4 2.865 2.633
5 2.3625 2.4529
4 1.56 1.4922
5 0.615 0.626
4 0.135 0.4911
7 1.71 1.5097
6 2.5125 2.4644
4 1.9275 1.503
6 1.7325 1.6569
6 2.745 2.5728
7 2.1675 2.2317
5 1.965 1.9919
5 2.64 2.4087
6 1.845 1.8043
6 2.8125 0.5614
6 0.03 0.1537
4 2.2725 2.2344
4 0.81 1.0735
4 2.9325 2.8175
6 2.6775 2.7625
7 2.445 2.2932
5 2.4975 2.662
6 0.2775 0.311
6 0.015 0.1642
7 1.1925 1.0598
6 0.075 0.1752
7 2.9175 2.9347
4 0.255 0.6562
4 0.9975 1.1584
4 0.825 1.2521
7 1.605 1.5678
6 2.4525 2.5812
7 0.2025 0.2066
7 1.2525 1.3328
4 0.3675 0.3607
6 1.815 1.7898
5 1.6125 1.5062
7 0.3975 0.4149
4 2.0775 1.9468
5 0.51 0.8907
5 0.4725 0.6924
5 2.3325 2.2953
4 0.3975 0.4909
5 1.8225 1.9935
7 2.1675 0.075
5 0.3225 0.3935
6 2.595 2.7357
6 0.9225 1.0316
5 1.7325 1.7059
4 1.14 0.6554
6 2.955 2.7167
5 2.685 2.2947
7 1.095 1.0205
6 0.9675 1.1281
4 2.7375 2.8138
5 2.6325 2.6678
6 2.46 2.4077
7 2.7375 2.6576
7 2.97 2.9528
5 0.7275 0.8465
4 2.8275 2.4476
7 1.7175 1.7562
7 1.56 1.5764
7 1.08 1.1728
5 2.415 2.2074
4 2.0775 2.0761
4 0.0375 0.4808
7 2.7225 2.6851
5 1.5 1.5654
7 0.72 0.841
4 1.815 1.7502
4 1.2825 1.1994
6 1.0425 1.1786
5 1.1475 1.2082
6 2.8575 2.8081
7 0.585 0.5633
5 1.5675 1.6635
4 1.3725 1.2641
6 0.1725 0.1564
5 1.6275 1.5055
7 1.6875 1.5693
4 2.07 1.7498
4 1.7475 2.0494
7 0.75 0.7218
5 0.315 0.3824
7 2.37 2.397
7 2.5575 2.5861
5 0.8775 1.1081
7 1.14 1.1376
4 2.3325 1.824
7 1.4475 1.3695
7 2.295 2.2474
7 2.7225 2.6924
7 1.2825 1.3233
5 2.8725 2.8597
4 0.8175 1.0906
5 0.5175 0.5237
4 0.7275 0.8505
7 0.3675 0.3116
4 1.7925 1.6527
6 2.3925 2.4961
6 2.9625 2.8898
7 1.335 1.204
7 2.4675 2.3563
4 2.04 1.8895
6 1.3275 1.3811
4 0.93 1.2148
4 1.2075 1.441
6 2.445 2.391
4 0.8775 1.1788
6 0.6975 0.7457
4 0.6075 0.8342
7 1.0575 1.0068
6 0.4875 0.5044
4 0.8025 0.298
7 0.045 0.1544
5 2.37 2.0999
7 0.96 1.0171
4 0.99 1.017
5 0.8325 0.5778
4 0.3075 0.5528
5 0.9675 0.9633
6 1.395 1.432
7 2.88 2.893
4 0.9675 0.887
4 1.245 1.1222
6 1.2 1.247
5 1.395 1.3787
4 1.8525 1.3569
5 2.0025 1.8729
6 0.93 1.1196
4 1.185 1.4695
4 1.9575 1.9424
4 2.295 2.288
5 0.87 0.8096
4 0.0825 0.2682
6 2.9475 2.9194
4 1.785 1.8576
4 1.5675 1.4517
6 1.125 1.1884
6 2.2725 2.206
6 1.1475 1.0705
4 2.9325 2.6854
4 1.08 1.5067
4 2.8275 2.4659
4 0.105 0.3478
5 1.1475 1.2368
4 1.35 1.7466
5 1.5 1.1475
7 0.48 0.5502
5 2.16 1.9338
7 0.45 0.4839
6 0.4275 0.6553
7 2.7 2.5695
4 1.3125 1.5405
6 2.625 2.6126
5 1.0725 1.0888
5 2.6775 2.7987
7 0.255 0.2105
6 2.7525 2.6596
4 2.91 2.6689
7 1.9725 2.1004
6 0.5925 0.4775
6 2.8875 2.8192
5 0.81 0.7259
6 1.7175 1.7447
5 1.41 1.4682
6 2.865 2.7614
4 1.89 1.8227
4 2.4225 2.7826
5 1.23 1.2747
5 0.795 0.852
5 1.005 1.3248
5 1.7325 1.511
5 2.2875 2.0912
7 2.2575 2.2447
7 2.6175 2.7062
7 1.725 1.6982
6 1.6575 1.6134
7 1.2825 1.372
5 0.885 0.9705
7 2.235 2.2404
6 0.24 0.3147
6 1.9425 2.0521
4 0.5175 0.8267
4 0.15 0.6497
5 1.53 1.5118
7 2.1975 2.2225
5 1.53 1.7986
6 2.7075 2.5897
4 2.475 2.4607
6 2.145 2.2039
7 2.1525 2.2071
7 2.4825 2.4775
6 1.0725 1.1033
5 2.355 2.4458
5 0.0825 0.2431
6 2.985 2.988
5 0.525 0.8767
4 1.215 1.005
6 1.095 1.0433
6 0.885 0.8193
7 0.27 0.174
6 2.82 2.8024
7 2.82 2.8206
7 2.7825 2.6919
7 1.83 1.7998
6 0.51 0.5514
4 1.8975 1.9318
5 2.7075 2.6812
4 0.9975 1.0825
4 0.2475 0.3379
6 2.0775 2.1548
4 2.355 2.3322
5 1.2675 1.2434
6 1.71 1.6351
6 2.0775 1.9303
5 1.5675 1.6146
4 2.655 2.5042
4 0.78 0.907
6 0.555 0.6178
7 2.1825 2.1798
7 2.6775 2.689
6 2.88 2.7449
7 0.42 0.4578
5 1.1175 1.2107
6 0.69 0.7031
5 1.6425 1.3906
6 0.8325 0.6742
5 2.0925 2.1421
5 1.4325 1.3986
5 2.2725 2.1172
5 1.905 1.8012
7 2.79 2.6368
5 1.035 1.296
6 2.16 2.0977
6 1.71 1.5439
7 1.4775 1.4562
6 0.825 0.8212
7 1.155 1.2582
7 2.4225 2.4995
5 2.025 1.7111
7 2.0025 2.0656
5 1.9725 2.0293
7 1.2075 1.183
5 2.3625 2.1286
7 2.2125 2.1767
6 2.61 2.3642
5 2.3475 2.2208
6 1.755 1.7407
6 2.235 2.3806
5 0.225 0.4705
5 2.85 2.6561
5 1.1475 1.0087
5 0.51 0.3749
7 0.15 0.1682
7 2.0175 2.0471
7 0.6075 0.5089
5 2.22 2.2883
4 0.9825 0.9199
5 1.1925 1.3489
5 1.0875 1.3508
4 2.3025 2.1519
5 2.9925 2.8153
7 2.745 2.6483
6 0.225 0.1314
6 0.36 0.3654
5 1.7475 1.5497
7 2.4825 2.4329
4 2.4675 1.9099
4 1.965 1.9439
6 2.5575 2.6008
6 1.785 1.8387
5 1.5225 1.1928
5 0.06 0.299
5 2.475 2.6222
6 0.555 0.4455
6 1.005 0.7691
7 1.74 1.5898
7 0.8775 0.8315
7 2.85 2.8085
5 2.9625 2.6674
4 0.315 0.6445
5 2.4675 2.3222
7 1.0875 1.1608
6 1.0725 1.3453
7 1.095 1.1134
5 2.6475 2.5158
6 0.7875 0.7814
7 2.7 2.6979
6 2.1375 2.1666
5 0.645 0.8351
6 0.045 0.1375
4 1.9425 2.1279
5 1.77 1.6618
5 0.5175 0.8273
7 0.315 0.328
5 2.865 2.7273
5 1.3425 1.3943
6 2.31 2.3088
5 0.06 0.2916
5 0.81 1.1303
6 1.2975 1.4091
5 1.08 1.2177
6 1.845 1.8971
7 2.82 2.7364
6 1.5525 1.3173
7 2.7675 2.6772
7 1.6425 1.5079
6 2.355 2.5318
5 0.6375 0.8364
4 1.245 1.3956
6 1.665 1.7227
5 0.2175 0.2572
6 2.3625 2.3642
7 0.615 0.6889
6 2.8875 2.6481
5 0.4575 0.6263
4 1.68 1.6688
7 2.82 2.8999
6 1.7475 1.8011
6 1.395 1.4195
7 2.4375 2.5518
5 1.4025 1.3988
5 1.65 1.2647
7 2.4525 2.5556
5 0.42 0.6958
5 0.6675 0.7281
5 0.06 0.3712
6 1.905 1.7708
4 2.4825 2.5074
4 1.8375 1.6401
7 1.5675 1.5826
6 2.1525 2.0819
5 0.0 0.4329
6 0.21 0.1735
5 0.765 0.8436
5 0.735 0.532
7 0.3525 0.4217
5 2.9925 2.6421
5 1.995 2.0475
5 2.1225 2.155
4 2.31 2.1796
5 0.06 0.192
5 0.3225 0.4815
6 0.1425 0.1653
5 2.7975 2.8778
7 2.52 2.443
4 2.2875 2.3555
5 1.5675 1.546
5 2.88 2.7674
6 2.0475 2.1844
5 0.1575 0.2343
6 1.515 1.6498
7 1.1775 1.2412
5 0.6675 0.6287
4 2.9475 2.405
5 1.3875 1.3899
7 2.31 2.2447
6 0.2775 0.472
5 0.78 0.4741
5 0.1125 0.3012
7 2.1075 2.1398
6 2.3475 2.1824
5 1.095 1.2558
5 2.67 2.534
4 1.4625 1.4388
4 1.8375 1.6716
4 0.585 0.923
4 0.2325 0.3668
5 2.6325 2.6614
4 2.835 2.3332
6 0.4425 0.4716
7 0.465 0.354
6 1.2225 1.0749
7 2.28 2.3177
6 1.4775 1.5328
5 2.8425 2.8788
4 1.9575 1.6917
6 1.395 1.3566
6 0.075 0.1938
4 2.265 2.0721
4 1.605 1.5624
5 2.7825 2.8638
5 0.5475 0.6998
5 0.6825 0.4036
6 1.815 1.8796
4 1.395 1.4974
4 2.2875 2.0771
7 0.5925 0.5501
7 1.08 1.0587
7 2.1825 2.138
5 2.5875 2.734
4 1.605 1.615
5 2.0625 1.9203
7 0.39 0.435
4 1.485 1.3841
7 0.075 0.1265
6 0.645 0.7482
6 2.4225 2.3583
4 1.2525 1.3139
6 0.5025 0.5019
5 1.26 1.3906
5 1.2075 1.1537
5 2.4825 2.6766
6 0.5925 0.5673
4 1.4025 1.2188
5 2.745 2.4668
7 1.5075 1.4986
6 1.53 1.7205
6 1.38 1.3951
5 0.525 0.6027
4 0.3075 0.3344
4 2.175 2.3031
6 0.6075 0.8986
4 2.7975 2.5881
7 2.73 2.8524
7 1.6125 1.561
4 0.8025 0.7214
6 2.4225 2.3238
4 2.82 2.6587
4 2.775 2.1071
6 1.5675 1.5602
5 1.8525 1.8945
7 1.0575 1.1429
4 0.3375 0.6776
7 0.4725 0.4839
5 0.15 0.1754
7 1.8075 1.8826
6 0.42 0.5709
6 2.505 2.5099
7 1.53 1.5037
4 0.675 0.7243
7 1.1775 1.1987
4 1.245 1.3482
5 1.8375 1.8169
5 2.0775 1.8166
4 0.42 0.7716
6 1.4775 1.4273
7 2.025 2.1355
7 2.7525 2.6803
6 2.4375 2.2665
4 0.0075 0.2665
5 1.815 1.7986
4 0.36 0.7079
7 1.6725 1.7434
4 2.91 2.3895
7 0.675 0.7842
5 1.14 1.0814
7 0.8775 0.8053
5 1.2675 1.3376
7 0.3525 0.3937
5 0.9375 1.0812
4 0.705 0.8571
5 0.24 0.1083
4 0.18 0.5827
5 0.81 1.0892
6 2.145 2.089
5 0.03 0.3782
7 2.4975 2.4919
6 1.32 1.3753
4 2.355 2.4937
4 0.6075 0.7378
7 2.1675 2.1321
4 0.03 0.2552
5 0.555 0.5113
5 2.7975 2.6742
4 1.515 1.6568
6 1.62 1.7907
7 0.825 0.9172
7 0.2025 0.1973
6 0.1725 0.0875
5 0.0225 0.128
5 2.19 2.1465
4 1.4925 1.5691
4 1.14 1.0816
6 0.825 0.862
7 2.985 2.9469
4 0.2025 0.2881
6 0.6225 0.5748
5 1.1775 1.1172
4 2.025 1.8558
6 2.1375 1.9962
4 2.9175 2.5623
7 1.7175 1.6862
6 1.0575 1.2241
5 2.07 2.1469
4 1.1475 1.1995
7 1.335 1.2338
6 2.355 2.1599
4 2.55 2.5792
6 1.815 1.8879
4 0.375 0.5195
6 1.92 2.1176
7 2.4 2.3087
6 2.4225 2.5076
4 1.3125 1.2445
4 1.56 1.3606
7 1.1175 1.1927
5 0.0 0.1047
7 1.44 1.3767
4 1.2375 1.2492
7 0.765 0.8348
5 2.1075 2.2947
5 0.645 0.7029
6 1.95 1.8809
4 0.15 0.3717
6 1.59 1.7663
5 0.915 1.0501
5 2.865 2.6121
4 1.0275 1.0982
5 1.38 1.407
4 0.375 0.569
6 2.61 2.6243
7 1.17 1.1405
6 1.8075 1.5872
7 2.34 2.3519
4 1.1925 1.6229
5 0.0375 0.2339
5 2.5275 2.8215
7 0.6225 0.6668
7 2.9625 2.9294
6 0.51 0.5617
7 0.3075 0.3166
4 1.9125 1.3802
7 0.225 0.3042
6 1.5 1.6465
7 2.61 2.6875
7 2.955 2.9182
7 0.6 0.7458
7 2.6325 2.6302
5 2.8725 2.6761
5 1.3725 1.3489
6 1.32 1.3285
6 0.5325 0.578
6 0.8325 0.9337
4 1.8225 1.6906
4 1.215 1.5209
5 2.865 2.8264
6 1.17 1.2499
6 0.4875 0.3562
4 0.8475 0.7618
7 2.91 3.0052
6 0.315 0.2394
7 0.7275 0.8726
7 1.98 1.8854
5 2.4525 2.3179
5 0.705 0.9005
7 0.4725 0.3581
4 1.3275 1.2816
6 0.9825 1.02
4 1.2225 1.5405
5 0.9225 1.0389
7 1.725 1.7759
7 1.35 1.1644
5 0.42 0.7587
7 1.0875 1.1099
7 1.7175 1.7732
5 1.3275 1.2012
7 1.4625 1.4598
7 1.98 1.9583
4 2.8125 2.8542
5 2.205 2.0009
7 0.8775 0.845
5 1.8225 2.1227
6 1.8675 1.7334
4 0.4425 0.3657
4 2.205 2.1369
4 2.67 2.6665
7 2.6325 2.6322
5 2.2275 2.1289
7 2.0775 2.0835
5 1.7925 1.5152
6 0.495 0.6026
7 1.98 1.9815
4 0.12 0.3984
7 0.4125 0.4082
6 0.225 0.2173
4 0.915 0.7983
4 0.5925 0.6079
5 2.4825 2.6789
6 1.6725 1.797
4 0.7125 0.6263
5 1.215 1.1826
5 2.5125 2.384
7 2.6325 2.6864
7 2.2875 2.2169
6 1.3425 1.4007
7 0.99 0.9672
4 2.73 2.5724
5 2.8575 2.819
6 2.25 2.2182
6 1.3725 1.3224
4 2.16 1.8605
5 1.0275 1.0636
6 0.5325 0.3235
6 0.5475 0.6718
7 1.3575 1.3868
5 2.9625 2.7849
5 1.7025 1.982
4 2.3925 2.5656
7 2.52 2.3588
5 2.9475 2.824
7 2.8125 2.7248
7 0.4575 0.5808
4 0.9225 1.3538
4 0.405 0.2324
7 1.86 1.8672
4 2.775 2.0502
5 1.2825 1.4274
6 2.985 2.802
7 0.8175 0.7685
7 2.01 2.0694
4 1.1625 1.1285
5 1.59 1.3822
7 2.6925 2.7274
4 2.2875 1.8972
7 0.21 0.2435
4 2.34 2.3726
7 2.7225 2.7309
7 2.2125 2.2044
6 2.19 1.8769
7 2.79 2.7272
4 1.815 1.7738
5 2.58 2.376
4 0.315 0.3107
4 0.285 0.4308
5 0.5775 0.8399
6 0.5475 0.381
7 2.595 2.5758
4 2.445 2.4944
6 0.2025 0.3058
4 2.8125 2.356
4 2.1375 1.8559
4 0.975 1.1057
6 2.535 2.4854
4 1.68 1.8049
5 0.6675 0.9437
6 1.02 1.1323
5 1.515 1.6195
5 1.02 1.2825
7 2.3175 2.2062
6 1.905 1.9904
7 0.825 0.8106
7 2.985 2.8876
6 0.825 0.8127
5 1.1025 1.2028
6 1.5075 1.4398
6 2.5275 2.3729
7 2.3325 2.2121
7 2.1075 2.1966
4 1.605 1.6955
6 1.0725 1.0342
7 0.705 0.787
6 0.9 0.9037
4 1.6425 1.4353
6 0.12 0.2083
6 2.295 2.2408
7 2.4225 2.2759
7 0.7875 0.708
5 1.3725 1.2838
7 2.8875 2.8088
5 0.525 0.8527
6 1.215 1.3566
6 1.0875 1.1408
6 1.74 1.6134
5 2.8725 2.6481
5 0.6825 0.4517
4 1.5075 1.7493
5 2.775 2.7613
6 1.86 1.7841
4 1.14 1.2868
6 0.4575 0.4596
5 0.69 0.5997
5 1.935 1.9528
7 2.0925 2.082
6 1.71 1.7259
6 2.2875 2.2577
4 0.0675 0.5346
4 2.1525 2.1387
6 2.76 2.4985
4 1.74 1.6543
7 1.275 1.2808
7 0.0375 0.0483
4 0.66 0.7829
7 0.9975 0.9893
7 0.48 0.5177
4 2.6475 2.4703
5 2.82 2.8809
5 0.585 0.7803
4 2.6025 2.4697
6 0.15 0.1298
6 2.295 2.4083
5 2.4825 2.7363
6 1.2375 1.1961
4 2.3175 2.4817
4 0.975 0.581
4 1.3875 1.2548
5 1.1025 1.1464
5 2.6325 2.6312
7 1.9575 1.8647
6 2.4675 2.3078
7 2.9925 2.8556
7 1.17 1.152
5 1.7925 1.9241
6 2.0775 2.0736
5 2.2275 2.331
4 0.5625 0.6385
6 0.3375 0.4362
5 1.545 1.3486
4 1.455 1.3849
7 2.0475 2.0326
4 0.69 0.8414
7 2.265 2.2936
4 1.2075 1.3061
5 0.06 0.3811
4 1.59 1.5923
7 0.93 0.9785
4 0.2475 0.3686
7 2.1075 2.22
4 2.7825 2.4833
5 0.4725 0.3996
7 1.4325 1.3559
5 0.18 0.1634
4 1.41 1.512
7 0.1275 0.0379
4 1.455 1.3014
4 0.585 0.7086
5 0.84 0.7678
5 0.5775 0.3803
6 2.6775 2.5499
4 1.5225 1.6063
4 1.44 1.5187
5 1.5 1.5934
7 2.6925 2.6997
4 0.6675 0.665
4 0.6075 0.33
5 0.5625 0.5568
6 2.505 2.542
6 1.71 1.6011
5 0.495 0.5398
6 0.1275 0.1921
5 0.225 0.2289
5 2.0325 2.3098
4 2.52 2.5601
5 0.825 0.7961
4 0.7875 0.6571
6 2.22 2.2887
7 1.6275 1.6715
7 2.355 2.4958
4 0.9975 1.0036
6 2.4 2.4705
4 0.6075 0.4754
5 1.5375 1.593
5 2.745 2.5308
7 1.725 1.7308
4 1.185 1.3985
5 1.485 1.6466
6 2.805 2.7196
7 0.7125 0.718
5 2.9775 2.7343
4 1.9575 1.7498
4 0.405 0.8592
5 0.7275 0.6595
7 0.81 0.8396
7 0.4425 0.4633
5 0.2325 0.2981
4 0.3225 0.1953
6 1.2 1.1556
6 1.05 1.16
6 1.2375 1.2054
5 0.1875 0.3738
7 2.22 2.2148
6 1.4025 1.428
5 0.0375 0.2529
6 1.26 1.169
5 1.725 1.5796
6 0.5025 0.4938
4 2.805 2.4706
5 0.135 0.1856
5 0.735 0.8464
7 0.69 0.8288
6 1.5225 1.7035
4 0.0675 0.4755
7 0.345 0.2635
5 0.6225 0.6815
4 0.6225 0.6538
4 1.7175 1.7107
7 2.7075 2.7149
5 0.6675 0.613
6 1.5375 1.6583
5 2.34 2.342
4 2.0625 2.3099
4 1.3275 1.2328
6 0.8025 1.0273
5 0.795 1.0982
7 2.745 2.6906
4 1.6425 1.7013
6 0.6375 0.673
5 2.19 2.2074
6 1.0275 1.1346
5 0.24 2.1296
6 0.4425 0.733
5 1.6125 1.5214
4 0.5325 0.5455
6 2.4825 2.3506
7 1.0575 1.0458
4 1.23 1.4095
5 0.615 0.5778
6 2.9925 2.7723
7 0.9075 0.9518
7 2.0325 2.1047
4 2.595 2.1005
6 1.455 1.487
5 1.3275 1.6084
6 0.255 0.2084
6 1.41 1.4424
4 2.2875 2.2957
5 0.42 0.53
7 0.615 0.7437
4 2.7525 2.3652
7 2.25 2.4264
6 0.705 0.7658
4 1.6575 1.4571
4 2.4075 2.203
7 2.9625 2.9752
4 1.86 1.6761
5 2.6475 2.573
6 2.265 2.0907
6 1.9875 2.0442
4 1.89 1.8184
6 1.89 1.8668
6 0.7725 0.6857
6 1.08 0.9139
6 0.39 0.214
6 1.395 1.6445
7 2.9025 2.9047
7 0.9975 0.9266
6 2.055 1.9741
5 0.3225 0.4353
5 1.9275 1.8331
4 0.795 0.9805
5 1.275 1.1168
5 2.085 2.0268
4 1.5975 1.3625
5 0.72 0.7523
6 0.5175 0.6991
7 1.0425 1.0501
7 0.3825 0.3553
7 1.77 1.7015
6 0.3825 0.2661
5 2.6025 2.5256
4 0.225 0.6856
6 0.12 0.199
7 2.835 2.6915
6 1.77 1.8262
4 2.6925 2.5247
4 2.775 2.7101
4 1.0875 1.1257
5 0.9675 0.9434
7 0.945 1.1477
6 2.16 2.2695
6 0.0675 0.2292
6 0.765 0.7954
7 1.2825 1.1676
6 2.52 2.5321
5 1.4625 1.6907
7 0.5775 0.6496
7 1.7925 1.7344
5 2.055 2.055
5 0.1125 0.1765
4 2.88 2.3801
4 2.3325 1.7844
4 2.7225 2.4954
4 0.3225 0.705
4 1.665 1.8626
7 1.2225 1.2877
5 1.695 1.6668
5 1.0125 0.7378
5 1.905 2.1446
7 1.935 1.914
7 0.015 0.1607
4 1.9125 2.1631
7 2.76 2.8083
7 2.82 2.8846
6 1.29 1.5367
5 2.55 2.5379
6 1.1025 1.0395
7 2.0025 2.0665
6 2.0025 1.956
6 2.415 2.4819
6 2.6775 2.7286
5 2.9625 2.8408
6 0.36 0.2886
5 2.3775 2.4396
4 2.5125 2.1327
6 2.3025 2.3008
7 1.425 1.4229
6 0.0975 0.2021
5 1.395 1.0456
6 1.4175 1.4216
7 1.4925 1.5505
5 1.7625 1.8283
7 0.855 0.8571
7 0.135 0.0801
5 0.465 0.4255
6 2.9775 2.7498
5 1.62 1.5914
5 2.7 2.5404
4 2.0325 1.8758
5 0.8775 0.7386
4 0.03 0.4477
7 2.9175 2.8857
4 2.88 2.3485
4 1.26 1.2164
6 1.8 1.8829
7 2.0175 2.0509
7 2.1225 2.1353
4 1.6575 1.4934
7 2.5425 2.4643
7 0.09 0.1441
7 0.6225 0.6791
6 1.47 1.4377
7 0.45 0.4086
4 1.3275 1.5408
7 0.915 1.0697
6 0.9 0.7902
7 1.5675 1.6678
7 2.55 2.5807
5 0.8925 0.9661
5 1.26 1.3612
4 0.81 0.5682
6 0.555 0.5871
4 2.3025 2.0822
7 2.7225 2.7068
6 0.7725 0.6927
6 0.9225 0.8316
7 0.3075 0.3159
5 1.665 1.5937
6 2.1675 2.1745
4 0.6975 0.7661
4 1.605 1.6676
4 0.15 0.5322
6 0.9525 0.7245
6 0.135 0.2072
4 2.91 2.3527
6 2.55 2.6161
7 2.25 2.28
6 2.0175 2.0176
6 0.8025 0.7673
7 0.4875 0.5796
6 1.92 1.9828
4 1.0725 1.261
4 2.295 2.4126
7 1.83 1.8503
4 0.8925 0.7669
5 0.84 0.8347
4 0.42 0.3443
4 2.7825 2.3897
7 2.1675 2.3226
4 0.3975 0.5596
4 1.0875 0.9519
7 1.53 1.6264
6 2.7675 2.6007
4 0.12 0.4111
6 2.4975 2.3945
4 2.2575 2.4476
5 2.49 2.3385
7 2.0625 1.994
6 1.635 1.6093
4 0.3975 0.7397
4 0.165 0.7412
6 1.845 1.8415
7 0.9 0.7522
6 1.98 1.956
6 0.6375 0.7643
6 1.3125 1.2514
7 1.3125 1.5565
7 0.2625 0.2603
7 0.795 0.7768
5 0.765 0.5253
6 2.28 1.9633
7 2.28 2.2708
4 1.65 1.7323
5 2.985 2.7143
4 2.5275 2.2033
6 1.245 1.1175
6 0.81 0.9446
4 0.555 0.5534
7 1.8975 1.827
6 0.4125 0.527
6 1.245 1.1958
5 0.6975 0.6268
6 1.1325 1.3009
6 1.8825 1.9873
7 1.2375 1.1817
7 2.0325 1.9235
5 0.63 0.6332
5 1.1025 1.0134
5 1.3875 1.2045
5 2.2425 2.2487
4 1.485 1.7757
4 1.455 1.4937
4 1.6875 1.6508
5 2.1975 2.1311
6 0.6675 0.7752
7 0.57 0.5431
5 1.29 1.4057
5 1.9425 1.9298
5 0.7725 0.923
6 0.8625 0.8605
5 2.9775 2.7342
6 2.4 2.456
7 1.785 1.7857
7 0.5025 0.5654
6 2.1 2.1282
4 0.63 0.8256
4 1.0425 0.925
4 2.505 2.3011
5 0.3675 0.5482
7 2.52 2.6647
7 2.4075 2.4611
7 1.89 1.9505
6 2.685 2.6219
5 1.305 1.3957
4 2.6925 2.6132
7 2.01 1.9369
5 2.565 2.4718
7 1.59 1.419
6 1.035 1.0732
4 2.8275 2.6194
7 0.5025 0.4493
5 0.5925 0.8518
7 0.42 0.4669
6 1.9275 1.906
5 1.7175 1.6698
4 2.6025 2.5489
6 2.925 2.9164
7 0.3675 0.4084
6 2.0775 2.0597
5 1.6575 1.3865
7 0.8775 0.8735
7 1.4025 1.4141
6 1.7025 1.7866
4 1.515 1.5207
6 1.53 1.648
6 0.7725 0.6428
7 1.785 1.8192
4 0.93 1.0239
7 0.2925 0.4779
4 0.7725 1.0386
7 1.17 1.235
6 0.1725 0.3562
5 1.74 1.7671
5 1.8525 1.6941
5 0.1875 0.2926
4 0.4275 0.5406
4 2.235 2.2846
7 1.0425 1.1865
7 1.965 1.9797
4 2.625 2.6482
5 1.0275 1.0163
4 0.54 0.7713
7 2.97 2.8806
6 1.0125 1.02
6 0.15 0.1153
5 0.45 0.439
6 2.6175 2.6464
4 0.7725 0.9894
6 0.87 0.7765
6 1.785 1.7471
6 0.6975 0.6522
7 0.9675 0.856
7 1.89 1.9434
4 0.2325 0.3841
5 0.615 0.89
6 1.8075 1.8838
5 0.105 0.3161
5 1.0275 0.819
6 1.425 1.3658
4 1.365 1.2422
6 1.3125 1.3097
7 1.8225 1.962
5 2.0025 1.999
6 2.1 1.9504
5 2.6775 2.7282
4 0.57 0.431
7 2.94 2.9792
6 2.16 2.2578
7 2.5425 2.6202
7 0.4575 0.5517
7 0.705 0.6809
4 0.5625 0.7678
6 1.26 1.3795
5 2.4675 2.126
5 2.07 2.265
6 1.4175 1.4763
4 0.54 1.2135
4 1.9875 2.2357
5 0.2475 0.1103
6 1.0875 1.1902
5 0.2775 0.29
6 2.9925 2.8592
7 0.39 0.6086
7 1.7025 1.7294
4 1.5 1.3565
7 2.625 2.6396
6 2.34 2.271
7 1.875 1.7696
7 0.1575 0.1632
7 0.5025 0.5316
4 2.385 1.8717
7 0.2775 0.2144
4 1.005 0.9498
5 1.08 1.2237
4 1.1625 1.2709
4 1.3575 1.68
4 1.905 1.6657
6 0.06 0.1974
6 0.12 0.2814
7 1.68 1.6322
4 2.415 2.3417
7 1.7175 1.6193
5 0.99 0.9554
4 1.2375 1.3457
4 1.455 1.3114
4 0.0375 0.565
5 0.36 0.4007
5 1.05 1.0658
4 0.4275 0.626
6 1.5675 1.4491
6 1.2 1.2141
7 2.7675 2.8641
6 2.2725 2.2203
4 1.875 1.8632
4 2.9925 2.2874
5 1.5225 1.4601
7 1.44 1.3885
6 2.445 2.6333
7 0.1725 0.2212
6 0.915 1.1137
4 0.78 1.0784
6 0.99 0.7911
6 0.39 0.5309
5 2.4675 2.5325
5 1.2525 1.3237
4 0.885 0.7713
4 1.7325 1.6975
4 2.3775 2.0874
5 2.2425 2.2372
5 1.5375 1.5542
4 2.58 2.4977
6 2.925 3.0438
7 2.0475 2.0284
5 1.2 1.1779
7 0.15 0.0457
5 2.2125 2.2971
7 2.265 2.1829
7 2.31 2.4289
7 2.4525 2.5418
4 1.3875 1.3922
6 1.95 1.772
6 2.0325 2.1015
4 0.5925 0.5969
4 2.1675 1.7844
5 0.27 0.4179
6 2.835 2.8013
6 1.9275 1.7484
5 2.97 2.7757
4 0.3825 0.3494
4 2.5875 2.199
5 0.2775 0.2173
4 1.8375 1.3312
5 2.2425 2.0968
7 1.3875 1.5082
5 2.6625 2.4018
4 0.495 0.9736
4 1.62 1.8695
5 1.4325 1.5296
7 0.8025 0.8352
7 0.525 0.6011
6 2.4225 2.5319
6 2.25 2.3473
6 1.7775 1.7785
4 1.155 1.0143
6 0.435 0.3906
7 1.875 1.9071
6 0.195 0.0548
4 2.145 2.083
5 1.29 1.1423
5 1.605 1.6109
6 0.3525 0.2938
4 1.23 1.2687
6 0.2625 0.1598
7 0.975 1.0819
4 0.3975 0.4525
5 2.0025 2.0215
4 0.72 0.9049
5 2.6775 2.6748
6 0.495 0.5151
4 0.0975 0.662
7 1.2975 1.2556
6 2.34 2.407
6 2.13 2.1719
7 1.6125 1.582
7 0.0375 0.0661
4 0.5325 0.9374
5 1.125 0.9462
7 0.2775 0.5036
6 1.53 1.6623
4 1.905 1.9637
6 1.62 1.5993
5 2.82 2.8016
7 0.315 0.3176
4 0.15 0.335
4 1.7025 1.6576
7 0.9525 0.9186
4 0.405 0.7593
5 1.785 1.6442
5 0.9825 0.9975
4 2.2425 2.3138
7 1.515 1.5292
6 1.77 1.7749
6 1.5675 1.5452
4 1.785 2.0319
4 0.075 0.3095
4 2.34 2.3865
7 1.4925 1.5568
7 1.155 1.2993
6 0.93 1.2191
6 0.5025 0.6062
5 2.4975 2.5536
7 1.68 1.6065
4 0.555 0.7885
4 2.8575 2.5777
4 0.045 0.4917
7 2.055 2.0629
6 1.0125 1.1137
6 0.9975 1.0923
4 0.8475 0.5599
5 2.565 2.4468
7 1.5075 1.5311
5 0.5625 0.6092
4 1.9725 1.7401
6 0.1725 0.1918
6 0.375 0.4907
4 2.67 2.6791
6 2.34 2.1663
6 2.7525 2.666
4 2.655 2.7454
5 0.39 0.7481
5 2.925 2.786
6 0.3975 0.4382
6 0.5775 0.7089
5 0.45 0.3766
7 2.55 2.5951
7 1.0575 1.1203
5 0.2625 0.1107
4 2.22 2.0168
7 2.6775 2.6971
5 1.3425 1.2178
4 2.685 2.4674
7 0.5025 0.4552
5 0.3225 0.7194
6 0.8175 0.7303
4 2.28 2.3441
4 1.7775 2.3343
6 1.7325 1.7053
4 1.635 1.5145
7 2.2425 2.1944
4 0.5025 0.8067
6 2.6475 2.6506
7 2.91 2.9821
4 0.9225 0.9203
7 2.9925 2.8657
5 1.2 1.4422
7 2.1525 2.1735
5 0.3675 0.4192
7 1.14 1.1953
4 1.53 0.9903
6 2.5275 2.2631
4 2.4525 2.491
7 2.3475 2.314
5 2.085 2.1113
6 0.105 0.3328
7 2.2425 2.4327
6 0.675 0.7397
4 2.9175 2.7004
4 2.685 2.4472
5 1.3425 1.3857
4 1.8825 1.8175
6 2.565 2.4547
6 0.8325 0.7213
5 1.845 1.9464
4 1.38 1.4256
7 1.7625 1.6288
6 2.9475 2.8862
7 0.7875 0.7635
7 1.0125 0.9976
6 1.095 1.243
6 2.085 2.0708
6 2.0925 1.9799
5 0.2775 0.4708
7 0.4125 0.4526
7 0.555 0.5793
7 0.6075 0.4825
6 1.95 1.8521
6 2.5575 2.6471
4 2.97 2.5788
7 0.9525 1.0249
4 2.3025 2.2652
5 0.0375 0.1915
4 0.9225 0.9787
6 2.235 2.3002
4 2.175 1.8752
4 2.8875 1.587
5 2.895 2.5459
4 2.355 2.0578
4 2.55 2.4996
5 0.7275 0.8689
7 1.875 1.8362
5 2.865 2.855
7 2.2275 2.3262
4 2.9025 2.737
5 0.6675 0.8357
5 1.4925 1.4181
4 1.2975 0.9955
7 1.2075 1.1216
7 2.1675 2.2348
6 0.96 0.9518
5 0.63 0.6234
4 2.8125 2.6504
7 0.48 0.5377
6 0.7425 0.7749
5 0.315 0.2289
5 1.4025 1.2277
5 2.31 2.379
7 0.7575 0.7832
4 0.6825 0.9634
6 1.9575 1.8125
4 2.775 2.6834
4 1.365 1.3676
5 0.57 0.7124
7 2.2725 2.1936
4 1.62 1.6767
5 0.915 1.092
5 2.5875 2.7236
4 0.6 0.6911
4 1.3875 1.1159
4 2.025 1.8957
4 1.8975 1.6589
5 1.0875 1.015
5 1.2525 1.3595
4 2.3175 1.9959
5 2.535 2.3961
4 2.1225 2.1042
6 2.055 2.2771
5 0.0075 0.1817
6 0.8775 0.9467
4 1.9125 1.4306
7 1.9275 1.9007
5 2.3175 2.501
7 0.9 0.8958
5 0.495 0.1749
7 2.1375 2.0478
5 1.9725 2.1674
5 2.055 1.9418
4 2.6625 2.5608
6 2.19 2.1762
7 1.23 1.3639
5 2.865 2.8061
7 2.85 2.8965
7 1.3725 1.1947
7 2.8725 2.8863
7 2.8425 2.7413
4 1.05 0.7684
4 2.49 2.0048
6 2.07 2.1779
5 0.795 0.8822
4 2.04 1.9176
7 0.2025 0.0773
7 2.145 2.2304
4 1.4175 1.2319
6 0.5175 0.478
5 0.42 0.4518
7 2.3175 2.405
4 2.6925 2.6299
7 0.2775 0.2168
6 1.065 1.0006
4 1.515 1.7328
6 0.9075 0.9239
7 1.6125 1.5811
7 1.095 1.0176
4 2.745 2.4257
5 1.8075 1.6819
5 1.8075 1.6651
5 2.895 2.7844
4 1.755 1.8013
6 1.1025 1.2254
5 2.0175 2.0073
5 0.9525 1.1744
5 1.1025 1.2522
5 1.4475 1.6059
6 1.9125 1.9774
7 2.1675 2.187
7 1.5525 1.5569
4 1.4175 1.409
7 0.855 0.8946
7 1.425 1.3686
7 0.7575 0.7772
7 0.8775 0.8004
5 2.955 2.8096
4 2.3175 2.1771
6 0.36 0.3485
6 1.95 1.8225
7 0.8625 0.8939
5 1.455 1.3626
4 0.0225 0.5419
5 1.7025 1.5729
6 1.0275 1.0032
5 0.84 0.9545
5 2.55 2.3091
7 2.3625 2.4263
6 1.965 2.0324
5 2.16 2.1568
5 0.9225 1.0303
6 0.8025 0.6647
4 0.4875 0.8477
6 1.635 1.6099
6 1.755 1.7595
7 1.1175 1.0208
7 1.605 1.6443
6 2.64 2.7435
4 1.3875 1.3852
5 1.8075 1.5103
7 0.7425 0.6543
7 2.91 2.8413
4 2.595 2.2254
6 2.9325 2.9142
4 2.5875 2.7552
4 2.31 2.4017
7 1.2525 1.283
5 0.9525 1.0586
7 2.1075 2.1771
4 0.9525 1.1506
6 0.255 0.3164
4 0.585 0.6271
6 2.1375 1.9758
5 2.1525 2.028
5 2.145 2.2326
7 1.245 1.2437
7 0.2775 0.3355
7 0.855 0.9755
7 0.0975 0.0943
5 1.3125 1.43
4 1.755 1.6095
6 2.28 1.93
7 0.675 0.6054
7 2.595 2.6661
5 2.3175 2.4734
7 1.7325 1.6663
5 1.3875 1.4187
7 2.2575 2.1644
6 0.93 0.9529
5 1.8 1.872
5 1.7775 1.4881
5 1.7325 1.841
7 1.395 1.3638
4 1.4175 1.5068
7 0.78 0.7565
4 0.6675 0.3775
7 1.665 1.6617
6 0.7425 0.8463
5 2.535 2.5826
6 1.71 1.6226
4 1.3575 1.0792
7 0.7725 0.8674
5 0.0525 0.2253
6 0.8625 0.6246
4 2.5125 2.3956
5 1.6425 1.6142
7 2.745 2.6262
6 2.4375 2.3334
5 1.4175 1.3161
6 2.8425 2.5718
5 2.91 2.8009
7 0.3 0.3369
4 0.9375 1.3859
7 0.42 0.2897
4 1.0125 1.3102
4 2.0775 1.3643
6 1.125 1.1846
6 0.5325 0.5259
6 0.1425 2.706
4 2.205 2.2907
4 2.595 2.5241
6 1.0575 1.0808
5 1.8075 1.8872
5 0.93 1.0848
6 0.15 0.1193
5 2.16 2.5766
6 2.5425 2.5412
4 1.8825 1.7621
7 2.6625 2.7422
7 1.4325 1.3055
6 2.76 2.6413
6 2.1 2.1127
6 2.6775 2.4764
4 2.3475 2.2402
4 2.8875 2.6411
5 0.0975 0.3027
6 2.655 2.5984
5 0.9225 1.1168
4 1.02 1.2971
6 2.4825 2.3779
7 0.195 0.0251
4 1.35 1.2782
7 1.17 1.0688
6 1.785 1.6233
6 1.59 1.5565
6 2.6925 2.6121
4 1.815 1.7509
5 2.895 2.6252
7 1.6425 1.6596
6 1.6575 1.4246
6 0.8025 0.8195
5 1.77 1.6617
6 0.5625 0.7741
4 0.7425 1.0749
7 0.03 -0.0827
7 0.465 0.6027
5 2.5725 2.8424
7 2.28 2.1193
5 2.745 2.6801
5 2.22 2.0129
4 1.83 1.9642
7 1.2375 1.2974
6 2.7525 1.3566
6 1.425 1.4195
7 1.1025 1.1538
4 1.035 1.1768
5 0.6525 0.7795
6 1.635 1.4128
4 1.89 2.1684
6 2.7825 2.8308
7 2.1975 2.26
4 0.3675 0.2843
5 0.285 0.5778
6 0.3075 0.2471
4 1.6725 1.4311
7 1.575 1.6536
4 0.9375 0.9903
5 0.405 0.4647
7 2.385 2.3798
5 1.68 1.9626
7 0.555 0.5093
7 0.435 0.3917
4 1.5525 1.4012
4 1.065 1.0884
6 2.595 2.445
6 0.4125 0.4275
5 0.36 0.4378
4 1.5825 1.5595
5 2.88 2.6115
5 0.3525 0.2388
5 1.5825 1.5516
5 1.5825 1.5292
4 1.2225 1.2608
4 1.6275 1.4955
7 2.895 2.9302
4 0.69 0.385
6 2.3325 2.2208
5 1.815 1.5814
6 2.4 2.323
5 0.1125 0.3504
7 0.1125 0.0624
7 2.6325 2.64
6 2.4525 2.3558
7 0.645 0.6166
7 1.35 1.4358
4 2.3325 1.8389
5 2.025 2.0231
7 1.26 1.3212
7 1.695 1.7518
5 0.99 1.0115
5 2.16 2.152
6 2.7 2.6034
5 1.3425 1.4938
6 1.785 1.7584
4 0.0825 0.7615
4 1.56 1.6597
7 0.84 0.6892
7 1.7325 1.6893
7 1.9425 1.9886
4 2.8425 2.0026
6 2.9625 2.9173
4 1.5675 1.4506
4 1.2825 1.3495
6 2.8425 2.9366
4 2.745 2.4248
4 1.4475 1.2773
7 0.5175 0.5856
6 0.6675 0.7169
5 2.34 2.1923
6 0.255 0.3648
7 2.1525 2.1231
7 2.22 2.3368
4 0.6375 0.9095
6 0.1725 0.1569
5 1.1325 0.8975
5 2.3925 2.4377
6 0.03 0.132
6 2.6775 2.661
4 1.14 1.2901
5 1.98 1.9429
4 2.1075 1.6678
6 2.535 2.4852
4 0.0675 0.2695
5 0.24 0.2485
6 1.5225 1.5383
6 1.3425 1.2141
4 1.155 1.2749
7 0.7275 0.8196
7 0.5925 0.5046
5 2.805 2.7072
6 0.84 0.9845
6 0.51 0.6068
6 0.315 0.3329
5 1.2525 1.1976
4 0.99 1.0769
4 2.16 2.1278
5 1.545 1.8386
4 2.1975 2.0709
7 1.0275 1.0705
6 0.78 0.6837
4 2.94 2.737
4 0.405 0.5855
4 2.805 2.705
6 2.565 2.4389
5 0.9675 1.0121
5 2.0325 1.8934
7 0.3825 0.5096
5 1.44 1.3592
4 2.5425 2.4073
7 1.4475 1.4536
5 1.215 1.4258
4 1.7925 1.3614
7 1.305 1.3493
7 0.09 0.1185
4 1.8 1.7381
7 1.155 1.052
6 0.9825 0.9785
7 0.9075 0.7561
5 2.2425 1.9011
7 1.0425 1.1281
4 1.305 1.2787
5 2.3325 2.3845
5 2.16 2.311
7 0.225 0.2436
4 0.5925 0.4506
6 1.035 1.0493
6 1.605 1.4844
7 0.495 0.3859
5 2.355 2.1447
7 2.6775 2.6354
5 2.07 1.7793
6 2.5275 2.3618
5 2.88 2.9256
4 1.32 1.5627
4 1.3725 1.6306
4 0.5325 0.3797
7 0.8925 0.8754
7 0.3525 0.3525
6 0.0 0.201
5 1.05 1.3055
6 0.9075 0.9817
6 2.985 2.8796
4 0.3075 0.5302
7 1.305 1.255
6 2.2725 2.2508
6 1.8825 1.8008
6 2.0925 2.1654
5 0.465 0.3381
7 2.4975 2.385
4 1.785 1.5867
5 1.4325 1.2521
5 0.33 0.4743
5 0.825 1.0766
6 2.2125 2.2742
5 0.5175 0.444
6 2.82 2.6772
4 1.305 1.264
7 0.6825 0.662
5 2.3475 2.2657
4 1.47 1.1718
4 0.735 1.0872
5 2.43 2.4166
5 2.1 2.2398
5 2.3475 2.6338
7 2.2125 2.2298
4 1.9725 1.8856
5 0.5175 0.6915
4 0.66 1.1699
7 2.9475 2.9015
7 2.9175 2.8144
6 1.035 1.0912
6 2.7975 2.8478
4 0.1425 0.7795
7 0.1875 0.2113
7 2.7675 2.8257
4 1.245 1.3031
7 1.515 1.4233
5 1.3875 1.3755
6 2.1825 2.193
7 1.3875 1.3503
7 1.5375 1.6022
5 1.6425 1.3091
4 2.655 2.2913
4 2.9025 2.3918
4 2.5875 2.4161
5 0.885 0.8
5 2.0625 1.9301
4 2.6625 2.2052
4 1.98 1.7196
7 0.5775 0.5357
4 1.245 1.0337
4 0.3825 0.8984
7 0.4875 0.5073
4 0.645 0.3391
6 0.36 0.4321
4 2.955 2.7699
7 1.71 1.6479
4 0.3225 0.915
7 1.11 0.9008
7 2.655 2.6485
5 0.66 0.8455
4 0.435 0.7014
6 2.64 2.7552
6 0.3375 0.3037
5 2.01 2.2455
7 1.455 1.5731
6 0.69 0.794
7 2.8875 2.9801
6 2.5425 2.6031
6 0.8325 0.8766
6 1.155 1.1205
6 1.455 1.4686
6 2.355 2.4383
5 2.7975 2.4756
7 2.85 2.6905
6 1.0575 1.0697
6 2.9175 2.8995
4 1.9125 1.7459
4 1.41 1.6747
5 1.5 1.4409
4 1.9725 1.7801
6 1.875 1.9725
7 0.975 0.9624
6 0.825 0.9063
4 0.1575 0.5237
7 2.04 2.1109
4 0.855 1.2139
5 2.37 2.3038
5 1.9875 2.2122
7 1.815 1.8153
6 2.7525 2.6194
7 0.1125 0.1359
6 2.775 2.8357
7 0.975 0.8703
6 2.8425 2.7016
6 0.1275 0.2278
5 1.0125 1.0788
4 1.2525 1.1301
7 2.0925 2.1498
5 1.8375 1.9039
4 0.78 1.0073
6 1.185 1.3552
6 0.5625 0.6224
7 0.0375 0.0412
7 0.6525 0.7739
5 0.885 0.9784
6 2.55 2.5016
5 0.8475 0.5681
6 1.1625 1.2185
5 2.49 2.5425
6 2.355 2.1563
5 2.9775 2.7826
6 0.045 2.8338
5 2.6475 2.7477
7 2.0475 1.9304
5 2.2725 1.6876
4 2.61 2.4533
6 0.27 0.2599
5 1.935 1.9347
5 2.73 2.7487
5 1.0875 1.21
4 1.035 1.0923
6 2.76 2.72
6 1.185 1.1762
7 1.8675 1.9048
6 2.3175 2.2981
6 0.6375 0.6257
7 1.41 1.2909
4 2.2275 2.0742
7 2.445 2.5601
7 0.6525 0.6328
6 0.6375 0.6424
7 1.9875 1.985
5 2.385 2.4836
5 1.44 1.5724
5 2.145 1.9214
5 1.3875 1.2122
7 2.0025 1.89
4 0.705 1.183
5 0.765 0.4348
6 1.8675 1.9545
6 0.21 0.0965
4 1.845 1.7014
7 0.87 0.9169
4 0.7725 0.8673
4 1.4775 1.3315
7 0.225 0.2081
4 1.5975 1.7639
4 1.59 2.0481
6 1.3275 1.3968
5 1.5075 1.5447
6 1.905 1.9942
5 0.855 1.1723
6 2.085 2.1928
4 0.7875 0.0251
6 1.32 1.2322
4 1.845 1.7714
6 2.9625 2.9307
7 2.4675 2.394
6 0.8175 0.8086
6 0.2475 0.1302
7 2.145 2.315
5 1.3875 1.4606
5 1.8375 1.8059
4 0.795 1.1628
4 2.0925 2.0476
7 2.325 2.2946
4 2.5575 2.5208
6 1.455 1.3012
6 2.91 2.8976
4 0.1275 0.3287
4 1.845 1.7353
5 1.59 1.4167
5 2.73 2.5143
4 0.6975 0.7616
4 0.8925 1.0425
5 1.5075 1.5475
5 2.8725 2.9342
5 2.07 2.426
5 1.0875 0.7066
7 2.0925 2.0542
4 2.055 2.2797
5 2.1075 2.0891
6 0.36 0.4963
5 1.08 1.2217
7 2.8575 2.9249
7 2.76 2.6986
4 0.4575 0.4175
5 0.87 0.8796
6 0.5925 0.7266
4 2.1 1.9503
6 2.0175 2.0262
5 2.01 2.0539
5 0.7425 0.6808
7 0.87 0.7696
5 2.9475 2.773
5 1.245 1.4738
5 1.2 1.0908
5 2.6925 2.5227
7 0.9225 1.0314
6 0.6225 0.649
5 2.0325 2.0298
4 0.3075 0.1826
4 2.9775 2.5362
6 1.05 0.9484
5 1.5225 1.7654
5 2.295 2.1508
6 1.635 1.5049
6 0.735 0.8567
5 2.805 2.5529
7 1.485 1.3616
4 2.28 2.4497
5 0.03 0.2908
7 1.875 1.8461
6 0.525 0.568
4 0.0 0.3174
6 1.41 1.3678
4 1.305 1.2361
7 1.44 1.5604
4 0.0825 0.2224
6 0.78 0.7696
7 0.66 0.6129
4 2.28 2.1872
5 1.1775 1.1356
4 2.1825 1.9482
7 2.595 2.4904
7 0.555 0.6094
5 0.3 0.5054
6 2.535 2.416
4 1.905 1.7907
6 2.5125 2.5442
6 2.4375 2.4729
7 1.65 1.5713
4 1.755 1.6202
5 2.9925 2.8708
7 1.515 1.5676
5 0.525 0.577
7 2.5275 2.5555
5 1.1175 1.0006
5 2.0475 1.9903
5 0.435 0.5135
4 2.6925 2.6106
4 0.9075 0.9981
6 1.8825 1.6756
6 0.0675 0.1224
7 2.6775 2.72
7 0.0225 0.0851
7 0.795 0.7288
7 2.985 2.9503
7 2.19 2.1987
7 1.245 1.1977
5 1.5975 1.52
5 2.9925 2.8025
4 1.245 1.3246
5 1.0125 0.6981
4 1.7175 1.8126
4 1.0575 1.3368
4 2.0625 2.3935
7 0.675 0.7491
5 1.125 1.3766
7 1.2225 1.2547
6 2.3025 2.3439
4 2.0475 1.8509
5 2.745 2.6587
6 0.42 0.5066
7 1.965 1.8625
4 1.0575 0.81
4 2.8125 2.7394
7 2.8425 2.8235
7 2.2875 2.2321
7 1.5 1.4896
4 0.765 0.9794
5 1.7325 1.6216
4 1.275 0.9803
7 0.1875 0.2148
7 0.525 0.4871
6 1.08 0.96
7 1.6275 1.6177
7 1.0725 1.1034
7 0.03 -0.0992
5 2.0775 2.0911
5 1.455 1.3982
6 1.7925 1.7052
4 0.0675 0.3939
5 1.935 2.0669
5 1.755 1.5824
4 0.255 0.7889
6 2.3325 2.3234
5 2.58 2.3966
5 2.415 2.2917
6 1.0425 1.0947
6 2.1675 2.124
5 1.7775 1.7231
6 0.6375 0.6275
7 0.4425 0.4658
4 0.6 0.968
5 2.34 2.42
6 1.275 1.2157
4 2.5125 2.4188
6 1.2675 1.256
6 2.43 2.3193
4 0.015 0.2876
7 2.04 1.868
4 2.655 2.227
7 2.19 2.2224
6 0.42 0.6116
5 2.895 2.8394
6 0.0075 0.0417
4 0.9375 1.0311
4 2.64 2.2237
4 0.6375 1.098
5 2.985 2.8261
4 0.0375 0.2881
4 0.8175 0.9188
7 1.2075 1.1985
5 2.805 2.5877
7 0.12 0.1394
6 1.65 1.5627
7 0.9375 0.8872
6 1.26 1.3266
6 1.4625 1.4834
4 0.8775 1.2604
5 0.5175 0.7809
6 1.5375 1.5467
5 1.5 1.3545
7 0.435 0.4001
7 2.3925 2.3601
6 0.4425 0.4751
5 1.365 1.2008
4 0.3675 0.7204
4 0.2475 0.2568
5 0.4275 0.6274
5 0.7725 0.9255
5 1.3575 1.0948
5 2.1375 1.9511
7 2.07 2.3077
5 2.235 2.2594
4 2.6025 2.6186
7 2.7075 2.7415
6 0.1725 0.0672
4 2.46 2.3442
6 0.8625 0.854
6 0.2475 0.0874
5 2.19 2.2944
5 0.645 0.6489
4 1.9425 2.0287
7 1.425 1.4576
6 0.7425 0.6897
6 1.0725 1.1213
7 2.3475 2.3577
7 0.2475 0.1772
7 0.18 0.0567
7 0.5325 0.6584
6 0.3225 0.261
4 0.75 1.0363
5 2.6775 2.5639
7 0.6975 0.6224
4 0.7575 1.2464
6 1.965 1.9541
6 0.405 0.3892
7 2.3025 2.4142
6 2.43 2.3103
6 2.3925 2.6628
5 0.3675 0.3417
7 2.295 2.3822
6 2.7525 2.635
7 0.54 0.5133
5 2.25 2.2023
6 2.7675 2.7886
4 2.49 2.4731
5 1.89 2.036
4 2.655 1.9474
6 1.065 1.099
6 0.42 0.4009
5 2.0925 2.2017
4 1.485 1.8134
7 2.685 2.6412
5 2.745 2.8226
4 1.89 1.9361
6 1.7325 1.5819
4 2.22 2.1796
5 2.13 1.9929
4 1.05 0.9166
7 1.71 1.6554
5 1.035 1.0644
5 0.9075 0.8995
6 2.5275 2.5619
6 1.11 0.9178
5 0.9 0.7095
7 0.39 0.382
5 2.685 2.6804
7 1.3125 1.3576
7 2.145 2.206
5 0.36 0.4721
5 0.1575 0.1727
4 0.375 0.4228
5 0.45 0.6081
7 2.3925 2.3419
5 0.1575 0.3525
6 1.095 1.0908
6 0.0525 0.0854
4 2.715 2.5224
5 2.4375 2.5048
4 2.0625 2.2894
4 2.9025 2.6334
6 2.7075 2.6763
7 1.47 1.4716
6 1.215 1.2259
4 1.7175 1.6035
6 1.9425 1.8775
4 1.77 1.954
7 0.225 0.2026
6 1.7175 1.7399
7 1.32 1.2806
5 0.9975 0.697
6 0.045 0.1153
7 1.035 1.1654
4 0.8475 0.5863
4 1.2 1.2753
5 1.98 2.2444
5 0.7125 0.6951
6 0.5175 0.4651
4 0.315 0.3958
5 2.22 2.2767
5 0.2325 0.1313
7 2.2725 2.187
5 0.795 1.1473
6 1.86 1.9369
6 1.2225 1.1079
5 1.4475 1.4635
7 0.9675 1.0062
7 1.9425 1.8528
5 0.6825 0.6854
5 1.9575 2.054
5 0.5925 0.5824
6 1.695 1.4707
4 2.4075 2.4988
7 1.6425 1.5078
7 0.72 0.5829
7 2.2275 2.2474
5 1.17 1.1946
7 2.13 2.2061
5 2.4675 2.5001
7 2.82 2.7736
7 2.5275 2.5409
5 2.415 2.1437
4 0.1575 0.5233
5 0.1875 0.2062
5 0.6375 0.906
4 1.065 0.829
4 2.76 2.6147
5 0.015 0.2761
7 2.655 2.5705
4 0.12 0.2893
4 0.5475 0.5397
6 2.88 2.8515
7 2.1975 2.2484
5 1.7175 1.5126
7 2.955 2.8846
4 2.715 2.6617
7 2.0175 2.0565
7 1.245 1.2699
6 0.9375 0.9967
7 0.2025 0.0492
6 1.2075 1.2937
7 0.33 0.3259
6 2.8725 2.6888
6 1.4325 1.2095
7 0.675 0.7636
7 1.08 1.0574
4 1.3275 1.1789
5 0.24 0.4922
5 0.3 0.12
4 2.13 1.9047
6 0.5625 0.5092
6 0.99 0.9799
6 1.3575 1.0984
6 0.555 0.3758
7 0.975 1.0239
4 2.0175 1.7587
4 2.925 2.7365
5 2.22 1.9816
7 2.1525 2.1874
7 2.1375 2.0885
6 2.8575 2.7484
4 0.1125 0.6555
7 2.535 2.4922
7 1.3425 1.2855
4 1.3575 1.2918
5 2.0775 2.2162
5 2.9625 2.7817
6 2.835 2.9831
5 1.7625 1.7448
6 0.8625 0.8827
7 2.4075 2.3727
7 2.9175 2.9063
4 0.81 1.0007
4 1.3575 1.3176
4 2.4375 2.5773
6 2.4675 2.3114
4 2.085 1.5645
6 1.485 1.5263
4 1.3875 1.1179
5 2.4075 2.4156
4 2.7525 2.4309
5 1.0275 0.7992
4 1.08 1.2328
4 2.2125 2.0579
4 0.4575 0.5385
7 2.7525 2.7244
4 1.0875 0.9352
5 2.07 2.3084
7 0.2925 0.2739
6 0.09 0.0664
4 2.9025 2.7073
5 0.78 0.7318
5 1.29 1.2896
6 2.835 2.727
4 1.1775 1.435
5 0.42 0.4365
5 0.8775 0.6767
5 1.4925 1.5442
5 0.885 1.1456
5 1.9575 2.033
4 2.9925 2.6356
5 0.855 0.7549
6 0.375 0.2912
7 2.7375 2.794
4 0.7425 0.557
5 2.715 2.3024
4 0.2025 0.3947
5 0.8775 0.7989
5 0.645 0.8195
7 1.635 1.5137
6 2.1225 1.7691
5 0.5475 0.1682
5 0.9825 1.005
4 2.43 1.9348
5 2.61 2.4805
6 2.16 2.0495
5 2.085 1.8379
7 2.9025 2.8956
5 0.9375 0.9347
5 0.45 0.5049
7 0.8625 1.0292
7 1.89 1.7515
6 2.355 2.4286
6 1.3425 1.474
5 1.1475 1.3716
6 1.665 1.5914
6 1.65 1.5957
4 1.68 1.867
6 1.5375 1.6729
4 1.29 1.5251
7 1.845 1.8061
5 0.87 0.7438
7 1.0875 1.0799
4 2.37 2.257
4 2.505 2.1615
6 0.99 0.9723
5 0.6375 0.6143
5 1.5525 1.681
7 1.0425 1.0696
6 0.8925 0.9006
5 0.345 0.6038
6 1.395 1.3455
6 1.1775 1.0831
4 1.005 0.7172
5 2.13 2.1862
7 0.81 0.6407
5 1.02 1.1839
6 2.1075 2.1826
6 0.3375 0.3519
5 1.1025 1.1144
4 0.1875 0.4514
6 1.365 1.3866
4 1.5975 1.5308
7 2.7 2.6731
7 0.99 1.1293
7 0.7425 0.75
5 1.455 1.3438
4 0.8925 0.4387
7 1.2375 1.2345
5 0.945 1.0941
7 2.91 2.9633
7 0.7575 0.8339
6 0.0825 0.1962
6 1.3875 1.4679
4 0.165 0.1691
5 2.19 2.1033
7 0.4425 0.4809
6 2.7375 2.8148
6 2.025 1.9468
4 1.89 2.0636
7 1.8375 1.7225
6 1.95 1.9099
4 0.4275 1.0025
5 1.14 1.1142
5 0.72 0.8776
6 2.9925 2.8843
6 1.4925 1.389
4 1.7175 1.4981
7 0.66 0.7072
4 0.09 0.4647
7 1.845 1.8339
7 0.3 0.3476
6 0.12 0.1557
4 1.0875 0.8334
5 1.2975 1.2324
4 1.41 1.3079
7 2.775 2.7228
4 1.83 1.6356
7 2.715 2.5433
4 1.3125 1.5267
4 0.0225 0.2621
4 0.495 0.4244
7 2.73 2.7036
7 2.07 2.0221
5 1.7775 1.668
5 0.03 0.222
7 0.45 0.6269
6 2.3925 2.4286
6 2.5425 2.5405
7 1.1025 1.1721
5 2.01 1.9015
5 2.3775 2.474
5 0.135 0.219
6 1.11 1.2294
4 0.585 0.9828
4 0.24 0.6586
6 0.5925 0.6398
7 1.335 1.2439
7 2.1675 2.0446
7 1.5225 1.3597
5 2.565 2.4631
6 0.9225 0.8457
4 0.075 0.678
4 1.965 1.9814
6 2.3925 2.3999
5 2.3475 2.5166
6 0.045 0.1192
7 2.7975 2.8282
5 0.3675 0.7382
6 2.49 2.4994
7 1.125 1.1366
4 1.17 1.127
7 1.08 0.9841
5 0.315 0.5003
5 2.34 2.2293
4 1.5375 1.294
4 1.8975 2.0524
7 2.355 2.2715
4 0.4875 0.336
7 1.8225 1.7423
6 1.215 1.3001
4 0.165 0.2456
6 0.6975 0.6422
6 0.21 0.2515
6 2.7675 2.854
4 0.8625 0.8596
6 0.18 0.2869
4 0.7425 0.988
7 2.055 1.9738
5 1.155 1.2233
5 0.2475 0.3834
6 1.6275 1.47
7 0.765 0.824
4 0.5925 0.3038
4 0.135 0.5948
6 1.1925 1.2034
5 2.2725 1.9911
5 1.7775 1.6957
5 0.5625 1.0048
4 2.205 2.0282
7 1.5675 1.5837
4 1.6575 2.0154
7 2.07 2.0896
4 0.615 0.47
6 2.1375 2.1178
6 0.555 0.4481
7 2.4225 2.3823
7 0.4575 0.5439
7 0.135 0.1872
5 2.8875 2.8859
7 0.3675 0.4701
4 0.195 0.2909
7 2.79 0.0095
4 1.725 1.9493
5 1.605 1.6524
5 0.1575 2.5343
6 2.67 2.7515
5 0.9375 0.6184
4 1.0425 1.0658
6 0.33 0.1758
4 2.5425 2.4818
7 1.485 1.4264
6 0.5925 0.4898
4 2.04 1.7044
5 2.76 2.5679
7 0.7875 0.897
7 1.4625 1.4498
6 1.605 1.7482
6 0.3675 0.4684
6 0.405 0.4267
6 2.5125 2.5134
6 2.145 2.2117
4 2.715 2.5109
7 2.37 2.339
4 2.85 2.5853
6 0.345 0.3653
7 1.4325 1.4506
6 0.45 0.322
5 1.005 1.2356
4 2.0175 2.0274
4 1.56 1.3293
7 1.86 1.9028
7 1.6725 1.7167
6 1.95 1.7559
7 0.6075 0.5703
6 0.7125 0.6442
5 0.5925 0.8842
7 0.72 0.5988
6 2.28 2.1572
4 0.8775 1.0918
5 2.505 2.3102
7 0.54 0.5204
7 1.1025 1.0334
7 2.8575 2.719
7 0.5925 0.5953
7 0.1425 0.2593
4 1.9275 1.7857
5 0.63 0.8914
7 1.725 1.6657
4 0.6975 0.6961
4 1.38 1.4795
4 2.49 2.2103
5 1.425 1.801
5 1.38 1.312
5 1.35 1.3799
6 1.1025 1.114
5 2.19 1.9624
6 2.955 2.7717
4 0.5475 0.576
7 0.3975 0.4046
4 1.7625 1.7382
4 1.9575 1.9574
4 1.3875 1.064
7 0.6 0.4694
5 1.4025 1.2532
4 1.5675 1.8365
4 0.0375 0.284
7 1.155 1.1189
4 1.695 2.0015
6 0.3375 0.2993
7 2.37 2.4567
4 2.325 2.1498
5 2.2275 2.3362
7 1.9275 1.7989
5 0.225 0.21
6 0.2775 0.3224
7 0.0525 -0.0352
7 0.8775 0.7853
4 1.8075 1.6475
7 0.36 0.3297
4 2.235 2.1982
5 2.34 2.2171
7 0.9375 0.8894
7 1.545 1.5209
4 0.3075 0.4442
6 2.5125 2.5052
7 1.89 1.9354
6 0.9975 1.2262
5 2.625 2.5102
5 1.05 0.8714
5 2.2425 2.1157
7 2.295 2.2977
7 0.42 0.3969
6 2.265 2.2507
7 2.4 2.3141
5 1.245 1.2008
6 2.715 2.8364
6 0.3 0.553
7 0.915 0.9908
7 2.1375 2.1602
6 0.225 0.1696
7 1.89 1.9626
7 2.9475 2.9038
6 2.025 2.204
6 1.2525 1.3071
6 0.3 0.3124
5 2.94 2.7482
7 1.56 1.5054
6 1.9575 1.8721
5 0.1725 0.2529
4 2.115 1.8545
6 1.44 1.4493
6 1.4175 1.3501
7 2.2725 2.238
5 0.2775 0.4395
6 2.0625 1.9962
5 2.1675 2.1973
4 2.535 2.7238
6 0.09 0.0758
7 1.515 1.4722
5 1.0725 0.9463
5 1.11 1.458
4 1.4025 1.4454
5 2.4975 2.4551
6 1.515 1.5807
6 2.0625 2.0557
7 2.1525 2.1031
5 1.3425 1.3376
4 2.5275 2.4208
5 1.125 0.949
4 1.485 1.3046
5 0.06 0.17
4 0.63 0.8654
4 1.23 1.0577
7 1.4025 1.4749
5 0.315 0.4549
4 1.725 1.262
6 1.0575 1.2598
6 1.365 1.3908
4 2.1675 1.9821
6 0.15 0.1656
6 0.78 0.8394
6 2.295 2.3067
6 1.0875 0.9983
6 1.935 1.8711
4 0.105 0.3441
7 2.46 2.4394
4 0.21 0.4275
4 0.6 1.0514
6 2.28 2.4168
7 1.77 1.7073
7 2.7375 2.7156
4 1.83 1.9875
5 1.1325 1.1101
4 1.905 1.7453
4 2.115 2.3194
5 2.85 2.8357
7 2.94 2.7669
7 2.7375 2.8539
5 0.525 0.5939
7 2.4975 2.5455
4 1.365 1.4868
6 2.7825 2.8849
5 0.4575 0.5095
4 2.94 2.7086
6 1.14 1.2564
4 2.5875 2.4271
7 2.805 2.8436
7 1.5225 1.4736
6 1.6125 1.5388
6 2.145 2.1067
4 1.89 1.8138
4 0.675 0.795
6 1.995 1.8184
5 0.0225 0.154
4 2.715 1.9492
4 2.7975 2.4778
4 0.36 0.7995
5 0.105 0.2606
5 1.125 1.4256
7 0.27 0.2627
4 1.185 1.4172
6 2.295 2.1872
5 1.7625 1.8132
7 1.635 1.624
5 0.9375 0.9463
7 2.37 2.3516
7 1.68 1.6484
6 1.7625 1.7542
6 1.9125 2.0161
5 1.6575 1.6326
7 0.8775 0.8264
5 0.2625 0.271
7 1.155 1.3177
6 0.99 0.8882
4 2.0625 2.2794
6 1.155 1.2419
4 0.7125 0.6239
6 1.2975 1.2203
5 1.65 1.8626
7 2.6475 2.68
7 0.6975 0.6176
5 0.42 0.6279
6 1.65 1.6884
6 1.125 1.0059
6 0.8325 0.8869
7 1.5825 1.5718
4 1.695 1.2237
7 2.625 2.5568
4 0.5775 0.3406
5 2.3775 2.432
5 0.975 1.2329
7 2.8575 2.7242
6 2.31 2.2267
5 2.895 2.7844
7 2.16 2.1231
5 0.9825 0.8965
5 0.1425 0.4116
6 1.7175 1.6515
7 1.155 1.0617
7 2.235 2.181
6 0.585 0.3902
7 0.3975 0.3018
6 2.76 2.7805
5 1.005 0.8015
5 0.87 0.6824
7 2.9025 2.9174
6 1.86 1.7934
7 1.4025 1.3013
7 0.1425 0.0598
6 2.835 2.9172
6 0.255 0.3701
4 2.5725 2.3534
4 0.12 0.2191
7 2.0475 1.9542
7 1.545 1.5979
7 0.5625 0.5626
5 1.3425 1.4385
6 1.9125 1.8937
7 0.9 0.9277
5 2.55 2.6964
4 0.99 1.2255
7 2.7825 2.7941
7 0.075 0.1305
5 2.1075 2.1392
7 2.6025 2.608
6 0.54 0.5528
5 2.6775 2.7222
7 0.0225 0.1188
5 0.435 0.096
6 1.05 1.0104
4 1.6425 1.7585
4 2.6325 2.517
7 0.33 0.3731
4 1.92 1.8228
5 2.4225 2.5473
7 0.1575 0.2564
4 0.4725 0.6601
6 1.71 1.7521
5 2.85 2.5945
4 1.545 1.5485
6 0.78 0.6871
6 0.54 0.615
6 1.155 1.1568
6 2.3925 2.4378
4 0.0075 0.4386
7 0.0675 0.0269
6 2.9025 2.5829
7 0.8175 0.872
7 2.3775 2.4158
5 2.9925 2.6442
5 0.84 0.952
5 1.6575 1.6918
7 1.53 1.4142
6 2.565 2.7108
7 0.765 0.9015
5 1.0575 0.9777
5 0.1875 0.148
5 1.7025 1.5604
5 2.9475 2.7252
4 1.545 1.8329
7 2.2425 2.2204
7 0.5475 0.5813
6 0.8625 0.9542
6 1.455 1.4093
6 0.525 0.5359
6 0.24 0.2311
5 0.7425 1.0725
5 1.5975 1.8738
5 1.9725 1.9204
6 2.8725 2.9021
7 0.54 0.6113
5 2.9025 2.5196
4 2.28 2.1026
5 1.0875 1.4184
7 2.1 2.1178
6 2.9625 2.9335
6 2.8575 2.8393
6 1.6275 1.422
5 2.5575 2.4503
4 0.2625 0.8258
7 2.1525 2.1003
6 1.095 1.102
6 1.515 1.331
5 1.4775 1.3526
5 2.6475 2.7276
4 1.035 0.8967
5 1.65 1.3641
7 0.675 0.6874
5 0.375 0.6881
7 2.82 2.7841
7 1.74 1.6761
4 2.7075 2.1616
5 1.0125 1.1832
5 0.315 0.3592
6 0.735 0.6016
5 2.5425 2.3208
4 1.5825 1.4427
4 0.015 0.2566
4 1.1325 1.258
7 0.4425 0.4302
5 1.2 0.9811
7 1.5525 1.6326
4 0.3375 0.4267
7 0.9 0.712
5 1.2675 1.3765
7 2.6625 2.8112
5 2.235 2.0778
4 2.3775 2.1044
7 1.3125 1.2563
6 2.28 2.1805
4 2.895 2.67
4 0.105 0.2979
4 0.3375 0.6459
5 2.1525 2.3179
4 1.4925 1.2809
6 2.88 2.7489
7 0.81 0.9131
7 0.81 0.7781
6 2.955 2.9632
6 2.3025 2.3795
4 0.9075 1.1932
6 0.4875 0.5501
6 0.24 0.3581
5 1.5975 1.6864
6 1.68 1.6915
5 2.79 2.7462
4 1.1775 1.4716
4 0.495 0.7185
4 0.4875 0.4349
4 0.4725 0.7231
4 2.6025 2.4348
5 0.6525 0.6245
5 1.9275 2.042
4 2.22 1.673
7 1.4775 1.5375
7 0.1425 0.2131
6 1.425 1.3333
5 1.545 1.2796
5 2.8275 2.9006
7 0.1125 0.1318
6 2.34 2.2656
6 2.955 2.8388
5 1.875 1.9165
5 1.8675 1.7452
4 1.2075 1.296
7 1.0725 1.0809
5 2.8275 2.7906
7 0.09 0.1332
7 0.975 1.0795
4 2.8875 2.6174
7 2.7975 2.7231
7 1.425 1.3804
6 2.7825 2.8002
6 0.48 0.4503
5 0.7125 0.8676
6 0.3075 0.3443
6 1.3125 1.338
5 2.1675 1.7504
4 0.675 1.0451
4 1.755 1.3941
7 0.15 0.2109
5 1.335 1.3456
7 0.51 0.4843
5 1.785 1.726
6 2.505 2.5478
4 1.2975 1.3609
6 0.36 0.7545
4 1.7025 1.7208
5 2.205 2.1849
5 1.5225 1.6239
5 0.975 1.144
7 1.875 1.9341
6 2.16 2.1484
6 2.775 2.6629
4 0.8175 1.3601
7 0.1425 0.2582
6 2.595 2.6288
7 2.175 2.0729
7 0.7875 0.7302
6 2.22 2.4247
7 1.5075 1.6007
7 0.39 0.3029
4 1.1625 1.2004
5 0.9225 1.1418
7 1.8675 1.8206
7 1.875 1.9348
4 0.405 0.7441
4 2.28 2.2607
4 2.4975 2.4746
5 0.7725 0.8275
7 2.5575 2.4526
5 1.035 1.179
7 0.4575 0.5482
6 2.1675 2.2652
4 0.06 0.3612
4 0.69 0.4704
7 1.35 1.3692
4 1.035 0.877
5 0.5175 0.5736
7 2.955 2.9854
4 1.7175 1.4795
7 2.4825 2.5025
6 0.4575 0.5084
4 0.3675 0.7272
4 1.6725 1.5115
7 0.0975 0.2946
5 2.97 2.9474
4 1.095 1.0204
5 1.2525 1.281
6 2.4 2.3192
6 0.585 0.6735
7 0.735 0.7737
6 0.36 0.5239
6 0.825 1.0164
6 1.065 1.1501
7 1.0575 0.9936
5 2.325 2.2357
5 1.755 1.7632
5 0.2775 0.4912
4 2.4825 2.1588
5 0.54 0.6573
6 1.8 1.7641
6 0.06 0.0136
6 2.01 1.9677
6 1.53 1.4356
7 2.6025 2.5796
6 1.53 1.4077
4 0.7575 0.92
6 0.2025 0.1793
5 0.8775 0.5201
4 2.7825 2.5236
7 2.49 2.3915
4 1.035 0.911
5 0.7575 0.5068
6 1.5075 1.5805
4 2.94 2.709
6 1.89 2.0272
6 2.13 2.0835
4 0.3375 0.5638
6 2.715 2.7847
5 1.1025 1.3185
6 0.645 0.9329
5 1.6275 1.7666
4 0.6825 0.6249
4 2.37 2.0582
5 1.56 1.4355
6 1.665 1.7239
6 2.745 2.7712
6 1.3875 1.4656
7 2.07 2.1308
7 1.35 1.4976
7 1.485 1.5271
7 1.08 0.9991
4 1.845 1.6588
6 0.525 0.5057
5 2.37 2.4651
5 0.78 0.8027
5 0.975 0.7459
7 1.8 1.8477
7 2.1675 2.1469
6 0.7125 0.7683
4 1.6125 1.7556
5 1.8975 1.8306
4 1.5675 1.8509
6 2.61 2.5476
4 1.2375 1.0619
5 2.835 2.8443
7 0.6375 0.6113
5 0.6 0.5283
5 2.6475 2.3095
4 0.39 0.354
7 2.2425 2.2958
7 2.385 2.3521
6 2.325 2.5706
5 2.415 2.3492
5 1.29 1.2118
4 2.055 2.1636
4 1.89 1.7656
5 0.0525 0.1416
6 1.5525 1.57
5 1.29 1.3883
7 2.0025 2.1203
6 0.255 0.2888
4 0.3525 0.5954
5 2.1525 2.0985
6 0.195 0.2587
5 1.5675 1.696
5 1.605 1.568
4 2.4375 2.135
6 1.32 1.3224
4 0.615 0.8656
6 0.9825 0.9432
6 0.27 0.3008
5 2.22 2.3698
5 0.21 0.3759
5 1.8975 1.8039
4 1.3425 1.306
6 1.9275 2.0278
7 0.45 0.4105
7 2.3925 2.3676
6 1.7175 1.6668
6 2.1675 2.0546
4 0.8925 0.8984
4 0.8175 0.8089
7 1.065 0.9471
4 1.23 1.3027
5 0.24 0.288
6 0.75 0.7894
6 1.665 1.7016
6 1.9575 1.9496
5 2.9475 2.7646
5 1.5075 1.7379
5 0.615 0.9097
4 0.57 0.426
6 0.885 0.9002
4 2.6175 2.0987
4 0.765 1.1029
6 1.095 1.2584
4 1.6275 1.2843
7 1.605 1.526
5 2.6325 2.7228
5 0.585 0.6397
6 1.5 1.7064
4 0.765 0.833
6 1.9125 1.8168
6 2.52 2.5641
7 1.7925 1.7837
6 0.495 0.6075
5 1.455 1.5066
7 0.5925 0.7208
4 1.6425 1.6433
4 0.03 0.4625
5 0.8325 0.8282
5 1.1625 1.1283
7 0.435 0.4599
5 2.07 2.0719
4 0.06 0.1902
4 2.985 2.766
4 2.475 2.4256
7 0.7425 0.7429
5 1.6275 1.6743
7 1.02 1.0528
7 1.3425 1.2669
7 0.57 0.4636
5 0.705 0.4316
5 2.1375 2.0131
5 0.345 0.4095
5 1.4025 1.3644
4 2.415 2.015
7 2.205 2.0614
5 2.475 2.6803
6 0.4725 0.5459
6 2.2575 2.263
5 1.7175 1.6036
4 0.6075 0.8673
5 1.245 1.2874
7 1.4325 1.4091
6 1.095 1.1922
5 1.5675 1.8305
7 2.6625 2.6929
4 2.9625 2.7848
6 1.5975 1.4167
6 1.23 1.3261
7 1.02 1.0141
5 2.9625 2.7046
5 2.0775 1.9907
7 1.5 1.6806
6 2.01 2.3152
5 0.2475 0.339
6 0.8925 1.0423
6 0.3 0.2774
4 2.205 2.4917
4 2.1375 2.1161
6 2.97 2.8531
7 1.17 1.1719
4 2.9925 2.5332
4 2.055 1.6513
5 2.3025 2.2081
7 1.245 1.2039
6 2.73 2.7521
5 2.1375 2.0977
6 0.9975 1.1561
5 0.345 0.7848
6 1.605 1.6649
5 2.0475 2.0375
7 1.17 1.1357
6 0.6225 0.6194
6 1.575 1.4492
4 0.3825 0.3568
5 1.23 1.5977
5 0.315 0.5807
7 2.385 2.3673
5 1.575 1.732
4 2.3625 2.3416
4 1.2225 1.2769
6 1.5825 1.738
6 1.965 1.9907
7 2.04 1.9295
5 1.17 1.2853
7 2.8425 2.7861
7 0.7125 0.66
7 0.495 0.4864
7 1.23 1.3411
7 0.84 0.8701
4 2.2875 1.823
4 1.575 1.2613
5 1.755 1.8184
6 1.92 1.7787
4 0.9375 1.2106
4 2.1525 2.1808
7 1.425 1.3406
5 0.975 1.0645
5 2.4825 2.294
7 1.275 1.3331
6 2.5875 2.657
4 1.7775 1.3818
4 2.2275 1.933
4 0.915 1.0777
7 2.5275 2.5546
4 1.5675 1.694
4 2.7825 2.457
7 1.38 1.395
5 2.6775 2.5144
5 0.1125 0.3213
5 1.53 1.5973
4 2.7225 2.5166
5 2.175 2.0554
4 1.4475 1.5049
5 0.45 0.6285
7 2.2575 2.238
5 1.8225 1.9562
5 2.115 2.0831
7 0.69 0.6956
5 2.85 2.613
4 0.375 0.7521
7 1.2675 1.3432
4 2.76 2.5407
4 1.995 2.2379
4 1.515 1.6164
6 0.765 0.7703
5 1.38 1.3303
4 1.425 1.3947
4 1.83 1.8354
4 1.8375 1.8386
4 0.12 0.2762
4 0.27 0.5341
6 2.6175 2.6488
5 2.115 1.827
7 1.2975 1.3505
6 0.1725 0.1787
4 1.755 2.0064
4 1.7925 1.5048
7 1.4475 1.3397
4 0.78 1.0141
5 2.46 2.3474
7 1.515 1.5551
4 1.7925 2.2475
7 2.1225 2.1967
7 0.075 0.1478
5 2.655 2.5964
7 1.5 1.595
6 1.44 1.5318
4 1.815 1.9199
4 1.9275 2.0076
7 0.0375 0.0614
4 2.325 1.9691
6 1.1475 1.0271
4 2.7375 2.7355
6 1.905 2.1845
5 2.175 2.2313
4 2.8425 2.7619
4 1.215 1.3935
5 1.905 1.8117
5 1.05 0.9206
6 1.68 1.6733
4 0.3675 0.6785
5 0.0525 0.2899
4 2.82 2.4427
5 2.6325 2.7081
6 2.535 2.3265
5 0.45 0.3782
6 2.37 2.2597
6 0.4425 0.459
7 0.6 0.7535
5 0.135 0.4034
7 1.53 1.5808
4 1.5 1.392
5 2.7525 2.7772
5 2.835 2.888
6 2.16 2.2216
7 0.4275 0.5604
4 1.0275 0.9666
5 1.485 1.4955
7 1.4775 1.4181
5 1.2375 1.0992
6 1.7325 1.6822
7 2.5725 2.6069
5 1.17 0.9779
4 0.285 0.6099
6 2.685 2.676
5 1.17 1.074
7 2.13 2.1071
4 2.1375 2.4937
7 2.37 2.3956
6 2.9475 2.815
4 1.0575 1.5236
6 2.805 2.8697
7 2.4975 2.5061
4 1.845 1.7216
5 1.2825 1.3554
4 1.7325 1.4898
6 1.995 1.872
7 2.2275 2.1961
5 0.21 0.4141
4 1.98 1.5741
6 1.425 1.5526
5 0.8625 0.8646
7 1.47 1.5938
6 2.205 2.2841
4 0.225 0.4312
5 2.94 2.6813
4 0.9825 0.9891
6 2.295 2.239
4 2.46 2.0399
5 1.8075 1.7456
4 1.8225 1.7939
4 1.0275 1.1682
5 1.545 1.5959
5 2.0775 2.1635
6 2.52 0.9493
7 1.8825 1.9528
4 1.2975 1.2751
7 2.055 2.1826
7 1.335 1.352
7 0.0075 0.0183
5 1.455 1.4295
4 2.0025 1.9666
5 1.62 1.6953
6 1.2375 1.2728
7 0.57 0.5178
5 1.8525 1.6156
6 1.995 2.1202
7 2.01 1.9505
4 0.315 0.4549
5 2.7225 2.7153
4 2.985 2.6229
6 2.2125 2.2982
4 1.3275 1.4396
7 2.8575 2.8329
6 0.3975 0.3672
4 2.67 2.4911
6 0.63 0.6432
7 2.82 2.7866
5 1.62 1.582
6 2.4375 2.3436
5 1.4625 1.1813
4 2.49 2.5006
6 0.84 0.852
7 0.6 0.6291
7 1.185 1.1501
4 1.9725 2.0721
5 0.915 0.8798
7 1.905 1.827
5 0.87 0.8651
4 0.9075 0.8346
7 1.6575 1.5336
6 0.6675 0.9751
5 2.1675 2.0875
6 2.4075 2.3013
4 2.0625 1.8132
6 1.6425 1.5069
4 1.815 1.8361
4 2.925 2.6555
4 2.9175 2.5077
7 1.1175 1.1789
6 1.9125 2.0138
4 1.6725 1.3013
4 1.6275 1.6667
6 1.455 1.4815
6 0.03 0.1439
7 0.825 0.9158
4 1.065 0.9238
7 2.43 2.4257
5 0.33 0.5405
4 2.7975 2.599
7 0.3 0.4285
6 1.32 1.2376
7 0.675 0.7688
4 0.6225 0.6485
4 1.5 1.4194
4 2.6625 2.6833
5 0.6975 0.6171
7 2.1 2.0393
6 1.98 1.8835
7 2.5875 2.442
6 0.735 0.6422
4 2.715 2.2915
6 1.2525 1.3845
7 1.6875 1.7502
7 1.71 1.6606
6 2.685 2.5961
7 0.36 0.5267
4 1.65 1.3541
6 0.765 0.7562
5 1.2525 1.3063
5 1.7625 1.7871
7 2.25 2.3053
5 0.495 0.5221
6 0.765 0.8348
7 0.975 0.9957
6 1.41 1.4916
6 0.8325 0.7989
4 2.88 2.5152
5 1.6575 1.4521
6 1.62 1.5891
4 0.945 1.2279
4 2.1375 2.3518
5 2.16 2.0771
4 2.8575 2.6744
4 2.565 2.1624
6 0.3975 0.4993
7 1.9725 1.9633
6 2.745 2.728
4 1.4025 1.4158
7 1.845 1.9057
7 2.49 2.381
7 2.8875 2.7095
6 1.0725 1.229
4 1.605 1.828
6 1.8675 1.8171
5 0.045 0.1855
4 1.4925 1.4024
7 1.17 1.2428
6 2.67 2.7487
7 1.0425 1.2584
7 2.1075 2.0113
6 1.8375 1.8004
6 1.26 1.2164
7 0.6525 0.6069
6 1.3425 1.272
4 0.57 0.6209
7 1.9425 1.9761
4 1.98 1.8829
4 1.0425 1.2849
6 0.2475 0.4613
5 0.03 0.1088
4 0.2925 0.4988
4 2.8275 2.5162
7 1.5975 1.5729
4 0.9975 1.1449
4 1.68 1.7222
5 2.6775 2.7128
4 0.105 0.4386
7 0.4575 0.5256
7 0.8925 0.9056
7 1.1775 1.1605
6 2.4375 2.4827
5 2.9625 2.8076
7 1.1025 1.0007
6 2.19 2.1777
7 0.0225 0.0979
6 2.475 2.4169
6 1.665 1.7398
6 0.8025 0.9157
5 1.68 1.3918
7 0.78 0.8222
6 0.9675 0.9428
7 2.925 2.9068
5 0.345 0.2808
5 2.94 2.8954
6 2.5575 2.3442
7 0.8775 0.9135
4 0.4725 0.6774
6 0.1425 0.0552
5 0.195 0.3692
6 1.8 1.6292
7 0.945 0.9879
7 0.255 0.3095
5 1.545 1.1486
6 0.195 0.145
7 0.795 0.7633
7 1.8375 1.7589
4 1.3725 1.4431
6 1.7925 1.7581
7 1.5075 1.4644
4 2.5275 1.9111
4 1.0875 1.0088
7 2.1 2.1424
7 2.685 2.707
4 2.8125 2.8001
4 2.9175 2.5118
7 2.145 2.1349
4 2.9925 2.542
7 2.7975 2.9042
4 2.16 2.2011
7 2.94 2.9494
6 1.605 1.8128
4 0.2175 0.5324
6 1.725 1.5799
7 2.805 2.8298
5 0.5175 0.3676
5 1.59 1.7307
7 1.0425 1.1385
4 1.575 1.8321
4 0.945 0.9363
6 2.4825 2.4895
4 0.7125 0.705
6 2.7675 2.6339
4 0.7275 1.1315
5 2.9025 2.8493
6 2.8275 2.8324
7 1.5975 1.6338
7 0.7875 0.816
6 1.56 1.5758
4 2.7675 2.4583
7 1.9425 1.9775
4 2.7225 2.702
5 2.2125 1.9333
6 2.1675 2.1217
7 1.965 2.0821
7 1.8075 1.8536
6 0.015 0.1341
5 2.8425 2.5856
4 1.14 1.3211
6 0.945 0.9013
4 1.305 1.2154
6 0.09 0.0915
5 2.475 2.3035
4 2.4225 2.4943
6 1.1475 1.0629
4 2.22 1.9815
7 1.515 1.4999
4 1.9875 2.5621
4 0.585 0.9654
4 1.7325 1.4483
6 2.205 2.1985
5 1.7625 1.1431
7 2.5875 2.6261
6 1.635 1.6502
4 2.3625 2.2644
5 2.5125 2.4336
6 2.205 2.0663
4 0.8775 1.1488
5 0.495 0.5271
7 1.5975 1.5289
4 2.49 2.4826
6 0.525 0.7335
7 1.575 1.4641
6 2.415 2.3711
7 0.255 0.2309
4 2.49 2.4643
4 2.7825 2.3
5 1.9125 1.8956
6 1.3725 1.2256
7 2.5125 2.5096
5 1.4925 1.5234
4 2.0775 2.0988
6 2.1675 2.2857
4 1.86 1.8586
4 0.7875 1.1226
7 2.1075 2.1023
4 0.855 1.04
6 1.2675 1.2526
6 1.0125 1.0607
7 0.225 0.1682
7 1.9875 1.8157
4 0.1575 0.7094
5 2.19 2.1468
6 1.0875 1.1433
4 2.4825 2.1814
5 0.7275 0.7255
6 0.39 0.4499
6 2.61 2.5378
7 1.5075 1.5272
6 2.325 2.3979
5 2.6325 2.619
5 0.105 0.4883
6 1.425 1.4081
4 0.81 1.4044
7 2.34 2.4519
5 1.5525 1.6052
7 2.6625 2.6332
6 2.745 2.6269
7 1.2 1.2365
7 0.7875 0.8244
5 0.15 0.1869
5 0.1875 0.2072
4 0.66 0.3051
4 2.0175 1.6845
7 0.735 0.6848
5 2.7525 2.4278
6 0.3075 0.538
6 1.935 1.8068
4 1.2075 0.6437
6 2.235 2.3634
7 1.4625 1.4458
6 2.0925 2.2087
6 1.08 0.8992
6 2.7975 2.7574
5 0.4275 0.5093
7 2.2275 2.1698
6 0.945 0.8857
7 1.5225 1.4243
7 0.5925 0.6639
4 2.8575 2.3292
4 1.1175 0.9197
6 1.7925 1.8498
7 1.02 1.0676
6 2.745 2.5903
7 0.21 0.0778
4 0.51 0.8957
6 1.0275 0.9868
5 2.01 1.8329
7 0.4875 0.7145
6 2.865 2.7895
4 2.1975 2.0873
5 1.605 1.6448
5 1.605 1.6769
7 1.4625 1.4768
6 0.6825 0.6868
5 2.55 2.3655
4 0.7125 0.8923
4 1.9425 1.5818
4 0.435 1.9638
4 2.34 2.2867
6 0.6225 0.7472
6 0.165 0.1173
4 1.215 1.3648
6 0.3375 0.2541
6 1.5675 1.6991
5 2.91 2.8254
5 0.945 1.1793
6 1.2675 1.2922
5 2.925 2.4759
5 0.4725 0.6537
6 0.1575 0.0714
7 2.3325 2.327
4 1.6125 1.5597
6 0.1575 0.2121
7 2.775 2.798
5 0.81 0.7615
4 1.2825 1.2571
7 1.7775 1.8166
4 0.7875 0.978
4 0.2625 0.8493
4 1.6875 1.2732
4 0.6 0.6719
7 0.5325 0.5466
4 0.825 0.8848
4 0.9375 1.3942
7 2.9925 2.8515
6 1.4925 1.2939
4 2.775 2.2411
7 1.77 1.8002
5 1.575 1.794
6 2.31 2.1465
6 0.03 0.1905
6 2.6175 2.6027
6 1.515 0.0452
4 2.3775 2.4442
6 0.8175 0.7016
5 0.795 0.8705
4 2.4075 2.3432
7 1.9725 1.8214
6 1.3125 1.2601
7 0.9375 0.8417
6 1.9425 1.7307
7 2.4525 2.3904
4 0.135 0.5228
7 0.72 0.7768
4 0.6975 0.5654
7 2.6775 2.6443
4 2.3925 2.2199
4 2.6325 2.1357
5 2.925 2.5704
5 2.805 2.5462
7 0.75 0.7936
6 2.1075 2.2893
6 1.815 1.8433
6 1.4775 1.5125
5 0.9225 1.5836
5 0.9 1.0871
7 1.035 1.1258
5 1.26 1.0448
5 2.2425 1.9868
7 2.4825 2.4325
7 2.565 2.6339
7 0.8025 0.8209
6 2.91 2.8765
6 2.46 2.2942
7 0.735 0.7567
5 0.5925 0.7864
6 1.0875 1.1088
4 2.4375 2.5876
7 2.6925 2.7099
7 0.8475 0.7413
4 1.245 1.1713
5 2.685 2.4419
7 0.72 0.6879
4 0.5325 0.9595
4 0.9 0.7432
5 2.805 2.6398
7 0.09 0.0014
5 1.92 1.9428
7 1.515 1.4855
7 0.81 0.8568
7 0.4575 0.4633
4 0.12 0.5374
6 1.875 1.9727
5 0.39 0.3959
6 0.7875 1.0065
7 2.9925 2.958
4 2.52 2.3968
5 1.3725 1.2387
7 0.96 0.7616
6 0.42 0.4523
4 1.2675 1.4047
4 1.68 1.8617
6 0.975 1.017
4 0.1725 0.6025
5 0.8475 1.2508
6 2.0025 2.0463
6 2.055 1.9469
5 1.425 1.4295
7 2.325 2.3795
6 2.67 2.7791
4 1.3575 1.5333
5 1.125 1.6314
6 1.695 1.6626
7 0.8325 0.8448
4 2.9775 2.6548
5 0.2925 0.2729
4 2.34 2.3782
7 2.9925 2.8861
6 0.81 0.9374
4 1.77 1.6108
6 1.0425 1.2911
4 2.6025 2.4069
4 1.38 1.0655
7 0.9 0.8887
4 2.6475 2.7703
7 1.65 1.6794
4 2.655 2.6266
7 1.035 1.138
5 0.225 0.3991
6 1.23 1.2074
6 2.3625 2.2701
4 0.165 0.5104
7 0.9 1.0283
6 2.1675 1.9797
7 1.7325 1.7559
6 1.5525 1.5082
6 2.1675 2.2361
5 0.6075 0.4313
7 1.65 1.6388
4 2.25 2.222
4 1.62 1.7142
7 1.4475 1.3137
7 2.595 2.6024
7 0.1875 0.2813
5 0.6225 0.6279
4 2.4525 2.1898
6 1.38 1.5346
7 0.15 0.3105
4 1.3875 1.2188
7 2.7675 2.7639
7 0.57 0.5961
5 2.76 2.5056
6 0.4875 0.586
5 2.8425 2.7202
7 1.8975 1.9855
5 2.43 2.5992
4 2.4675 2.3289
7 2.5875 2.638
5 0.9975 0.9024
5 2.7075 2.6785
4 1.155 1.3829
6 1.44 1.5053
7 0.555 0.6764
6 1.2825 1.381
7 1.1925 1.2205
5 1.935 1.7492
7 0.1725 0.1794
5 2.4 2.5827
6 2.5125 2.4965
5 0.1875 0.2219
6 2.3475 2.3005
7 2.2425 2.1659
4 1.26 1.5042
7 0.0225 0.0956
5 0.4575 0.3744
6 0.5625 0.5316
7 0.3525 0.4384
6 1.815 1.9189
6 0.27 0.4264
5 0.1725 0.4538
6 0.12 0.1365
5 2.8725 2.6757
5 1.6725 1.5991
6 2.4225 2.4971
4 2.475 2.2857
6 0.45 0.4608
4 0.885 0.7027
4 2.8575 2.6476
5 0.39 0.4773
5 0.015 0.1942
7 1.1325 1.1627
6 1.9125 1.6991
4 1.065 1.2597
5 0.405 0.4364
7 0.42 0.5011
6 1.0125 0.9306
5 1.86 1.7841
5 1.125 1.1707
6 2.2425 2.3233
5 2.4525 2.4959
7 0.285 0.2494
6 2.7 2.8546
7 0.045 0.2063
4 0.2775 1.2094
7 1.1475 1.0439
4 2.9475 2.6823
5 2.5425 2.5524
6 2.7075 2.8069
4 1.725 1.5714
7 1.4775 1.4262
4 0.225 0.3456
6 1.365 2.4295
7 1.02 1.1516
5 1.59 1.4559
5 1.0725 1.0383
7 0.015 0.0483
4 2.1975 2.26
7 0.8775 0.8786
6 2.1 1.9865
4 0.3675 0.523
5 2.265 2.4554
7 0.795 0.8859
6 1.2675 1.0993
7 0.45 0.4488
5 1.785 1.7631
5 2.61 2.3765
7 1.2675 1.1963
4 0.8325 1.1072
5 1.1325 1.0202
4 2.5725 2.3541
5 1.2075 1.1977
7 1.5825 1.5902
4 0.7125 0.5112
4 1.245 0.7784
6 1.245 1.2127
7 0.9075 0.8909
5 0.795 0.6177
5 0.8325 0.8777
6 2.5725 2.4692
6 2.955 2.7839
7 2.8275 3.0424
7 2.505 2.5954
7 2.6175 2.4729
7 1.0125 1.0537
5 1.965 2.1674
4 0.0825 0.3977
6 1.8225 1.7034
5 2.5425 2.7304
4 0.78 0.963
7 1.8975 1.8455
6 2.0175 2.0425
6 2.2425 2.1942
7 0.945 0.903
4 1.395 0.8443
7 0.3 0.1515
7 0.84 0.7622
6 1.305 1.2537
6 0.735 0.6453
7 1.8525 1.9263
5 1.29 1.2099
6 0.39 0.4077
7 2.64 2.672
7 2.2275 2.1435
6 2.025 1.9496
4 2.355 2.2799
6 1.62 1.6769
4 1.9575 1.8648
4 2.5275 2.2713
5 2.295 2.3193
4 2.7825 1.9917
6 0.195 0.1886
5 0.36 0.461
5 0.4425 0.5714
4 2.5125 2.555
7 1.575 1.6288
5 2.4525 2.3663
5 1.8 1.9765
5 0.4275 0.422
7 1.8975 1.8572
6 0.435 0.5083
4 1.215 0.8913
7 0.6225 0.8139
7 1.9275 1.8808
4 1.4625 1.7084
7 1.4925 1.4333
4 2.025 1.9944
4 2.3775 2.0908
7 0.2175 0.3193
7 2.3625 2.5545
6 0.8025 0.8412
7 2.955 2.8736
4 2.475 2.3644
6 0.495 0.3287
7 0.8025 0.7814
4 1.5 1.1403
4 2.355 2.1269
7 2.94 2.93
7 2.4375 2.4522
5 1.5075 1.47
6 1.7775 1.8408
7 0.9675 1.0056
6 1.7775 1.8641
6 2.07 2.0626
5 0.825 0.942
5 0.2625 0.361
6 2.0775 2.0538
5 1.695 1.7776
5 2.7675 2.6354
5 2.7675 2.6679
7 0.1425 0.203
4 1.5375 1.5272
6 2.2725 2.242
5 2.7375 2.7246
7 1.7775 1.8776
4 1.2 1.2424
7 1.5225 1.4563
7 2.985 2.9796
5 1.3275 1.4155
6 2.19 2.1784
6 1.875 1.8718
6 0.8325 0.919
6 2.1825 2.287
7 2.3175 2.3779
7 2.43 2.3697
7 1.9725 1.9687
5 2.3775 2.293
7 1.275 1.2994
4 1.185 1.1515
6 0.3675 0.299
4 1.53 1.1702
5 1.5 1.4798
6 1.8675 2.0007
6 2.6775 2.5237
4 0.0225 0.3276
5 1.0575 0.8661
4 2.61 2.265
6 2.775 2.6409
7 0.2325 0.0933
4 0.855 0.723
6 0.6675 0.7723
6 0.0825 0.0799
7 2.6775 2.7805
5 0.45 0.5982
4 0.6825 0.7163
4 2.6175 2.738
4 2.37 1.9111
6 0.2175 0.4229
7 1.4775 1.4809
7 1.815 1.8318
6 0.7575 0.7528
6 1.5 1.4487
5 0.4425 0.454
4 1.68 1.654
7 1.125 1.0742
5 1.08 1.1583
7 1.6275 1.6506
6 2.91 2.9255
5 2.505 2.3414
5 2.5725 2.4641
6 0.36 0.307
4 2.3025 1.9571
4 1.1625 1.1985
7 0.045 0.1195
5 2.37 2.4992
6 1.4775 1.229
7 0.165 0.3031
4 2.19 2.2612
4 2.835 2.4374
6 2.7225 2.7897
7 2.67 2.4505
4 0.5775 0.5971
6 2.94 2.7004
6 1.095 0.9948
7 0.5925 0.6073
5 0.105 0.2754
7 0.8175 0.8445
6 1.6425 1.4498
7 0.345 0.446
6 2.7 2.7766
5 2.2725 2.0338
7 1.65 1.7494
4 1.635 1.6954
5 0.915 0.6952
6 1.7925 1.8779
4 0.51 0.9917
6 0.7425 0.683
4 0.6675 0.6771
6 1.425 1.4602
5 0.5625 0.607
7 2.175 2.3383
6 1.965 2.0969
5 0.4575 0.3441
4 2.355 2.3134
4 0.525 0.5994
5 2.37 2.2109
5 1.0725 1.2335
6 0.0525 0.14
7 2.31 2.2331
4 1.7175 1.56
7 0.39 0.395
6 1.26 1.3956
5 2.7075 2.579
4 0.2775 0.4084
4 0.66 1.2037
4 1.8675 1.7756
6 0.0375 0.1696
6 1.1775 0.6138
6 2.2725 2.1296
5 0.4725 0.4672
7 2.1075 1.9127
4 1.8 1.848
4 0.9525 0.9757
4 1.5675 1.6231
7 0.4725 0.4373
6 1.7325 1.7173
7 0.9525 1.0415
4 0.105 0.276
7 0.3825 0.3997
7 1.53 1.5228
4 2.2575 2.2408
5 1.8 1.7374
6 0.2925 0.4552
6 2.715 2.6217
6 1.845 2.0973
5 2.7225 2.6836
6 2.64 2.4499
5 1.2675 1.414
5 2.5575 2.5578
5 1.065 1.0385
4 2.5575 2.5585
7 0.0525 -0.0174
7 2.5425 2.3954
6 2.31 2.4206
7 0.51 0.5352
7 2.46 2.4001
5 0.8625 0.8497
7 2.205 2.2836
7 0.0975 0.1221
6 1.6275 1.6736
4 0.72 1.1311
4 1.56 1.4949
7 2.25 2.9225
6 1.3875 1.4043
6 0.6825 0.7378
5 2.175 2.2391
5 2.775 2.713
5 1.965 1.897
6 0.3 0.2561
4 0.2925 0.4004
4 0.3975 0.9134
4 2.76 2.7193
6 2.4375 2.449
7 2.805 2.9145
4 0.3675 0.8256
5 2.715 2.624
4 0.93 1.1131
6 0.585 0.678
5 0.3075 0.4105
6 0.7125 0.5982
5 1.545 1.4734
4 1.4925 1.7215
7 0.135 0.1422
5 0.81 0.9976
7 2.76 2.6929
6 1.1025 1.11
4 1.215 1.0361
4 2.85 2.7764
6 2.325 2.3916
5 2.7525 2.652
4 2.145 2.404
5 1.5075 1.1843
7 2.8875 2.8161
5 2.175 2.1016
7 1.4025 1.4028
6 2.1975 2.2128
5 0.1425 0.2269
7 1.5525 1.5185
4 1.245 1.4458
4 1.035 0.9446
4 0.315 0.5213
5 0.465 0.6073
5 1.725 2.0045
5 2.5425 2.3358
5 2.2875 2.3466
7 2.895 2.7797
5 2.9025 2.7636
4 1.8 1.5427
4 0.2775 0.6854
5 0.225 0.5912
4 1.2375 1.3374
6 0.1875 0.3763
4 2.58 2.1891
5 0.9675 1.2522
5 0.165 0.242
6 2.355 2.3695
4 1.3425 1.3065
5 1.32 1.3633
4 1.0425 1.5266
4 2.445 2.4113
5 1.38 1.2607
4 1.4925 1.4841
5 2.2275 2.2816
4 2.6025 2.6265
4 0.585 0.6627
4 2.7075 2.7113
7 1.8075 1.7887
4 1.005 0.7779
4 0.6525 0.62
4 0.9825 1.2482
4 2.5725 2.3465
7 2.655 2.6341
6 0.705 0.859
6 1.9575 1.9052
6 1.3275 1.3903
5 2.505 2.6616
4 2.3175 1.9742
5 2.9925 2.8018
4 0.9675 1.0347
7 2.475 2.4182
4 0.36 0.6755
6 2.325 2.2927
5 1.35 1.2277
7 1.1325 1.1592
4 2.8275 2.529
4 2.3925 2.6772
7 2.4 2.4844
6 0.9975 0.9315
7 1.5 1.4401
6 1.3275 1.2197
5 2.325 2.2816
6 2.04 1.964
6 2.565 2.6616
4 2.3625 1.9344
4 1.2525 1.2474
7 2.3325 2.4206
7 1.9575 2.0341
5 0.285 0.1634
5 1.77 1.7886
6 0.9075 0.8549
5 1.11 1.0041
4 0.525 0.6009
4 2.835 2.7056
4 0.5475 0.3924
6 2.5875 2.6525
7 1.2525 1.1962
4 1.395 1.5361
7 1.0875 1.0345
4 0.4725 0.7014
7 1.32 1.285
4 1.5 1.4438
6 1.17 1.3314
4 1.2975 1.5215
4 1.4475 1.2451
5 1.005 0.9393
6 2.31 2.187
4 0.3 0.474
5 2.5575 2.3091
4 2.7825 2.6328
7 2.4975 2.3816
4 0.8625 1.0603
7 2.625 2.4462
4 1.2525 1.2119
6 2.8275 2.9716
7 0.225 0.0952
5 0.9825 1.07
4 0.99 1.1578
5 2.5125 2.4523
5 2.115 2.2415
6 1.9725 1.9755
4 2.31 1.9305
4 2.2725 2.2962
5 2.4 2.5851
6 2.7975 2.708
4 1.5675 1.6305
6 0.1125 0.3102
5 2.43 2.2856
6 2.355 2.3291
5 1.89 1.7872
4 2.58 2.4586
7 1.32 1.3174
7 1.455 1.5939
4 2.6775 2.5373
7 2.85 2.8956
6 0.735 0.6733
6 1.5675 1.6895
6 2.955 2.8979
7 1.53 1.6293
6 0.8775 0.9546
7 2.8125 2.8629
4 1.59 1.7901
7 0.93 0.9853
6 0.5025 0.5365
6 1.2675 1.2613
4 2.01 1.7896
5 2.1525 2.2114
4 2.445 2.3696
4 2.4375 2.3942
6 2.1225 2.1083
7 0.4575 0.5004
4 0.06 0.1972
7 1.1925 1.2129
7 0.45 0.3288
4 0.525 0.4761
4 1.1775 1.31
6 1.665 1.5015
4 2.625 2.3775
5 2.1975 1.9632
5 0.1875 0.3812
7 2.6025 2.5626
6 1.155 1.1765
4 1.695 1.687
4 0.24 0.5494
7 1.98 2.0537
4 2.625 2.3731
4 1.59 1.8332
4 1.065 0.6634
7 2.3925 2.3581
5 1.29 1.0403
6 2.4825 2.376
6 1.1625 1.2429
5 1.68 1.5077
7 2.46 2.4493
5 2.5125 2.3094
4 0.2175 0.3483
5 0.0375 0.1993
6 2.6925 2.7517
7 1.95 1.9877
5 1.35 1.3435
5 2.4975 2.328
4 2.2275 2.1777
4 2.685 2.5619
4 1.9275 1.9677
5 2.94 2.8252
6 2.2725 2.3395
6 0.57 0.581
4 0.9375 1.0516
4 2.2575 2.0479
4 2.04 1.9508
7 0.57 0.5072
6 0.21 0.42
5 0.42 0.4919
5 2.64 2.6007
5 1.8375 1.7858
6 0.8325 0.6293
4 2.91 2.6257
6 0.72 0.6574
5 1.425 1.4135
4 1.065 1.1276
7 2.4675 2.503
6 1.65 1.5919
4 1.515 1.6146
7 0.525 0.5862
5 0.3 0.2881
6 1.0275 0.862
4 1.395 1.6488
5 0.78 1.0296
7 0.5775 0.5561
4 1.2675 0.9056
7 0.3825 0.5128
5 0.6 0.9904
5 1.2975 1.2151
6 2.3625 2.235
4 1.4325 1.2796
5 0.1125 0.1584
5 1.56 1.5
4 1.9575 1.9596
7 2.415 2.4446
5 0.51 0.7116
7 1.1775 1.0682
5 1.0725 0.8753
6 2.5875 2.5135
5 2.73 2.6931
4 1.71 1.4778
7 0.42 0.2397
5 2.1675 2.0723
5 0.975 1.0525
6 1.905 2.0696
5 2.025 2.1001
5 1.605 1.4601
4 0.87 0.9866
6 0.39 0.4984
4 2.01 1.9106
7 1.935 1.8715
7 2.0325 2.1504
6 2.1975 2.224
4 0.6675 0.9754
4 1.14 1.1729
6 1.77 1.838
4 1.32 1.2343
4 0.8625 0.586
4 0.6 0.9625
5 0.3975 0.6291
7 2.2725 2.1818
5 2.79 2.3668
5 1.875 1.9231
5 0.855 0.8976
4 0.6525 0.8713
6 2.22 2.1286
5 1.425 1.2079
4 0.66 0.7167
5 1.14 1.0916
4 2.2875 2.4302
4 2.0775 2.1978
4 0.6525 0.9862
6 1.2675 1.1228
4 1.9575 2.0763
5 2.34 2.5378
5 1.4325 1.3602
4 1.215 1.3574
4 1.98 1.901
7 2.7075 2.7754
6 2.6775 2.7047
4 2.175 2.2333
4 0.81 0.9543
7 0.6075 0.6141
7 0.7875 0.7346
7 1.2525 1.2226
5 1.725 1.7856
6 1.665 1.6408
5 0.3 0.2449
4 0.6375 1.1008
6 0.48 0.2162
4 1.3275 0.9276
6 1.845 1.8346
7 0.1125 0.1356
5 1.6425 1.5411
7 0.12 0.0639
5 1.7025 1.7054
5 0.0675 0.1797
7 1.56 1.5122
4 2.37 1.8278
4 0.5925 0.6724
5 0.5775 0.8851
5 2.505 2.2923
4 1.1625 1.6225
4 2.115 1.7649
4 0.675 0.9236
6 2.4525 2.4173
6 2.55 2.6192
7 1.7475 1.6084
5 2.475 2.3586
6 0.9975 1.0922
7 1.0875 0.9739
6 1.44 1.6072
6 1.0425 1.0886
6 1.905 1.8154
4 0.135 0.3511
6 1.59 1.4701
7 1.725 1.7829
4 1.6875 1.5011
5 1.8 1.6074
5 0.72 0.5594
6 0.285 0.2971
4 0.48 0.4878
4 1.005 1.2022
4 1.5225 1.2841
6 1.17 1.1748
7 2.34 2.2288
5 0.495 0.653
6 0.705 0.7227
4 0.705 0.7852
4 1.32 1.7414
6 0.9225 1.0416
5 1.155 1.3253
5 1.29 1.404
6 1.98 2.0709
7 0.015 0.0561
6 1.125 1.0991
6 0.4125 0.4239
7 0.405 0.4275
6 2.205 2.3808
7 0.42 0.4668
7 0.3075 0.4628
6 0.4425 0.4798
5 0.435 0.3053
5 1.185 1.0113
7 0.33 0.3142
4 1.8375 1.8274
6 0.99 1.0934
6 0.48 0.4863
5 2.43 2.4624
5 0.0225 0.1407
4 0.6825 0.2605
6 1.8 1.617
7 1.5375 1.5697
6 2.6025 2.3699
7 1.1175 1.0299
4 0.2325 0.7771
7 0.855 0.9556
5 0.6225 0.5961
5 2.6775 2.6709
5 1.5075 1.5157
7 1.1175 1.0755
7 2.52 2.4432
6 1.8825 1.9127
5 1.44 1.4348
6 1.3875 1.2415
5 0.09 0.1805
4 1.9425 2.0234
5 0.9 0.7844
5 2.01 2.2247
5 2.025 1.8828
7 0.1575 0.2775
6 2.46 2.3332
5 2.3625 2.1222
4 0.33 0.5732
4 2.0625 2.2346
7 1.6425 1.5676
7 2.205 2.1076
6 2.775 2.807
4 1.4325 1.4102
5 0.42 0.6204
6 2.445 2.3818
6 0.21 0.1894
6 1.785 1.6606
6 0.885 0.9119
4 0.375 0.6677
7 0.375 0.4189
6 0.3675 0.2824
6 0.045 0.1427
6 1.875 1.7986
4 0.27 0.3473
6 0.21 0.4023
7 2.3775 2.2738
6 0.3675 0.4037
6 1.395 1.4167
4 0.2475 0.5718
4 2.2125 2.0895
5 1.305 1.131
5 2.8425 2.7115
5 1.395 1.1974
6 0.1425 0.1598
7 2.6775 2.6647
4 1.74 1.6821
4 2.4975 2.0801
4 0.0375 0.5319
6 1.4925 1.5445
7 1.7775 1.7658
6 1.6275 1.7494
5 0.84 0.819
6 1.035 0.9861
5 2.9325 2.6719
7 1.725 1.7682
4 1.74 1.3633
7 1.2675 1.3207
6 2.4375 2.4351
5 1.2 1.337
5 1.2825 1.4313
5 1.065 1.2703
6 0.465 0.395
7 2.8725 2.8003
5 1.38 1.4604
7 0.615 0.6192
4 1.4475 1.4974
4 0.6675 0.9139
7 2.565 2.5968
7 1.0575 1.0268
5 2.67 2.4942
4 1.26 1.1801
4 2.2575 2.2528
5 0.69 0.7168
6 1.3275 1.3481
4 2.1675 2.0911
5 0.8175 0.9063
7 0.765 0.7875
4 1.4925 1.6215
4 1.6725 2.0565
6 1.2675 1.1982
7 1.98 2.0626
4 2.34 2.1342
6 0.6675 0.4563
5 2.4075 2.4435
5 2.6925 2.4215
5 0.075 0.1585
5 2.8275 2.7416
6 2.0025 1.9705
6 0.0375 0.027
6 0.1725 0.1224
4 1.53 1.1637
5 2.565 2.4857
6 1.3875 1.4316
7 2.4675 2.395
7 1.155 1.2273
4 0.4725 0.6145
4 2.6025 2.2982
4 0.2325 0.4744
6 1.9575 1.943
4 1.275 1.3429
7 1.7175 1.5727
6 0.51 0.5796
7 1.74 1.7672
5 2.3925 2.0643
6 2.3625 2.4052
5 2.46 2.7858
5 0.72 0.5928
6 1.4025 1.3938
4 0.615 1.0821
7 0.2175 0.1826
5 2.7075 2.8413
4 0.5025 0.5254
4 1.0425 1.1272
5 1.245 1.3536
6 1.1475 0.9384
7 2.1975 2.0969
7 2.43 2.4175
7 0.48 0.6119
7 1.1025 1.0975
4 0.96 1.2052
6 0.8775 0.9835
7 2.25 2.2916
4 0.3825 0.7428
4 2.22 1.8661
6 2.4075 2.3853
7 2.25 2.2665
4 2.64 2.5625
5 1.05 1.0779
6 2.46 2.5032
4 1.605 1.4219
4 0.3825 0.4756
5 2.925 2.7675
4 1.41 1.6305
6 0.435 0.3255
6 0.15 -0.0067
6 0.72 0.6448
5 2.4525 2.3455
4 2.1225 1.9517
4 0.6225 0.8082
5 2.265 1.9219
7 1.2525 1.3028
6 0.54 0.7029
4 2.3775 2.1313
7 2.0025 2.0939
5 2.58 2.6699
6 2.0175 2.0353
5 1.5375 1.6084
6 0.735 0.7597
5 2.0475 1.9021
7 0.585 0.535
7 1.6425 1.6222
4 2.0775 1.7841
4 2.445 2.3304
7 1.44 1.4104
5 1.6725 1.7731
6 1.7325 1.6239
5 2.19 2.3185
4 1.245 1.1571
7 0.8775 0.9683
5 2.235 2.0853
4 0.675 0.9707
7 2.4 2.2703
7 0.99 0.8757
6 2.1675 1.9986
4 1.845 2.0875
4 1.05 0.7583
5 1.4025 1.5971
6 2.9025 2.8494
4 2.8875 2.2108
5 2.085 2.0169
5 0.12 0.1318
7 2.4375 2.4847
4 2.2275 1.8176
6 2.1375 2.1165
4 0.87 0.8397
6 1.815 1.9472
5 2.97 2.802
5 2.46 2.4417
6 2.4225 2.3114
5 2.0775 1.9189
4 1.29 1.6441
5 0.81 0.9056
5 1.245 1.2559
5 0.4725 0.4178
5 0.645 0.7246
4 0.345 0.271
6 2.3325 2.1134
4 0.135 0.4708
6 1.4025 1.3144
5 2.1375 2.2129
4 1.7325 1.3422
4 0.21 0.1913
4 1.9425 1.8989
7 1.335 1.3568
5 2.91 2.8302
5 2.6175 2.5308
6 2.6475 2.6448
6 0.0675 0.0776
4 2.8725 2.4315
4 2.7825 2.5917
7 2.565 2.6441
7 2.4825 2.3125
4 2.3475 2.2058
7 0.24 0.3339
6 0.315 0.4207
5 2.745 2.7675
4 0.5325 0.6967
6 0.6825 0.6657
6 2.745 2.701
4 0.3675 0.4196
4 1.875 2.1322
4 1.395 1.272
5 1.17 1.453
4 2.5725 2.2866
5 1.125 1.2485
6 0.2625 0.2988
5 1.23 1.1644
6 0.0825 0.131
7 0.945 0.9947
4 0.2625 0.2018
5 0.87 0.8605
4 1.6875 1.7332
5 2.625 2.2686
6 1.9575 1.7388
4 2.625 2.5894
7 0.645 0.575
4 2.2575 2.1992
4 1.71 1.541
5 2.2575 2.1914
6 1.5675 1.6717
5 0.93 0.8262
7 0.7275 0.674
5 1.77 1.6313
7 2.19 2.2677
6 1.095 1.1258
5 1.2975 1.1042
7 2.625 2.6099
7 0.5325 0.3697
6 1.65 1.6116
7 1.6425 1.5621
6 2.535 2.3339
4 0.8625 0.9804
7 2.6475 2.5168
4 0.96 0.8393
5 2.835 2.7966
4 1.305 1.5555
5 2.25 2.1864
7 2.895 2.932
4 2.25 2.2839
6 1.8225 1.7169
7 1.605 1.677
4 1.8 1.7293
4 0.5475 0.3575
5 2.16 2.0878
7 2.775 2.6482
6 2.91 2.832
4 1.8075 1.6435
5 2.8275 2.7916
5 0.165 0.1845
6 2.6925 2.5231
5 2.4 2.2671
7 0.9375 0.9643
5 2.7375 2.7175
4 1.9275 1.9599
4 2.115 2.5506
5 0.6825 0.9933
6 2.865 2.9338
6 0.435 0.5615
7 0.96 1.0143
4 1.95 1.3292
4 0.0075 0.2982
4 0.5175 0.7785
6 1.4775 1.4804
6 1.92 1.8997
4 1.4625 1.803
6 0.4875 0.4751
7 0.435 0.4614
5 1.2075 1.3125
6 1.155 1.1348
4 2.8425 2.7242
6 1.7925 1.8568
4 2.0625 2.0723
5 1.26 1.0638
6 1.0125 1.0708
5 1.635 1.5505
6 0.03 0.2055
6 2.3325 2.3708
5 0.8475 0.9988
4 1.05 0.9994
4 0.4425 0.6439
4 1.5675 1.5263
7 1.4775 1.6225
6 0.735 0.6907
7 2.295 2.4148
5 1.3275 1.2695
4 2.355 2.4761
5 1.0425 1.2224
6 0.405 0.6225
5 2.94 2.808
5 0.435 0.5205
7 2.4825 2.4794
4 1.0725 1.1822
5 2.49 2.3088
5 0.3075 0.3609
5 2.46 2.3428
6 1.9125 1.6692
6 0.555 0.5632
7 0.435 0.5383
5 2.76 2.6356
4 2.7675 2.6167
7 1.0875 1.1381
6 2.655 2.6999
6 1.245 1.1492
4 2.73 2.6375
6 1.4325 1.5206
6 0.03 0.1338
7 1.275 1.26
4 1.35 1.1513
6 0.5175 0.5603
5 2.9325 2.913
7 1.815 1.7651
5 2.1 1.9783
5 0.3525 0.3224
5 1.2225 1.1843
6 1.7175 1.7691
4 1.2375 1.2129
5 2.805 2.3757
4 2.3925 2.5753
6 0.3525 0.2116
6 1.305 1.3517
7 1.5075 1.3645
7 1.635 1.599
4 2.52 2.293
6 1.1175 1.0618
6 0.9075 0.848
5 1.125 1.0892
7 0.345 0.2392
7 0.7125 0.7888
6 0.5175 0.418
7 0.6 0.7494
4 0.0 0.3263
7 2.4375 2.3113
4 1.635 1.8444
5 1.425 1.5288
7 2.7975 2.8204
7 2.9925 2.9191
7 0.54 0.5815
5 2.055 1.9443
7 2.145 2.2165
7 0.5025 0.5126
6 2.9925 2.8517
5 1.155 1.4886
5 1.53 1.5894
4 0.105 0.5827
7 0.9 0.7678
4 1.6725 1.9773
7 0.885 0.857
7 2.0775 2.1896
6 0.1725 0.2675
7 1.05 1.0804
4 0.1125 0.5372
7 2.07 2.0755
4 0.0075 0.3683
4 2.745 2.4865
7 1.2825 1.2952
7 1.245 1.3584
4 1.29 0.5572
7 0.3 0.301
4 1.65 1.6197
6 0.0375 0.1673
6 1.2525 1.1989
6 2.325 2.3852
4 0.225 0.6859
4 2.2275 2.3192
6 1.47 1.5556
4 1.395 1.6208
4 0.7125 0.5992
4 0.06 0.3142
5 2.235 2.0139
4 0.435 0.3126
4 1.875 2.0974
6 2.6925 2.6273
6 2.07 2.0292
7 2.07 2.0592
6 0.21 0.271
7 1.815 1.8507
7 0.69 0.7589
5 1.455 1.5156
5 0.2625 0.2121
6 1.08 1.0417
4 0.225 0.7684
4 1.5525 1.5623
6 0.42 0.2619
4 1.08 0.6498
6 1.95 1.8898
4 0.285 0.8502
7 0.0075 0.0249
7 0.33 0.2899
5 1.335 1.223
7 0.2175 0.2979
7 1.02 1.0878
4 2.25 2.3474
7 2.115 2.3324
7 1.47 1.3503
4 1.905 2.0685
6 2.295 2.4499
7 2.0775 1.9578
6 0.1125 0.0237
7 2.5575 2.5835
5 2.8425 2.7743
7 0.8775 0.9204
7 1.965 1.8492
4 2.13 1.6645
4 2.0025 1.9809
7 1.1475 1.3459
7 1.905 2.0442
5 2.565 2.4194
6 2.325 2.3873
7 1.0125 1.0353
6 1.9275 2.0061
7 0.705 0.8255
4 0.4725 0.6625
7 0.225 0.3488
7 2.475 2.3762
7 0.1875 0.3034
6 2.7375 2.6309
7 2.1825 2.2222
5 1.485 1.5986
4 2.3175 2.1046
6 1.5075 1.535
4 1.4475 1.1806
7 0.12 0.1548
6 0.69 0.6074
5 2.97 2.7411
5 1.98 2.0076
4 2.82 2.2695
5 0.255 0.4839
5 2.5875 2.4793
6 2.0325 2.0172
4 1.2825 1.3846
4 1.605 1.2233
4 1.44 1.526
5 2.28 2.1531
5 0.0525 0.3851
5 2.16 1.8456
5 2.8875 2.8762
6 1.7625 1.8045
4 1.9725 1.6207
5 2.2425 2.2875
4 0.105 0.6106
4 1.1325 1.2847
6 1.0275 0.9828
7 1.395 1.2934
7 0.9825 0.9905
7 2.925 2.8437
4 2.8425 2.0873
6 1.4775 1.3893
4 2.1075 1.7598
7 1.2375 1.085
7 2.7825 2.7929
6 2.46 2.5334
4 1.56 1.7961
5 1.7175 1.6661
5 0.42 0.5967
7 2.235 2.2924
6 2.7825 2.7316
4 1.0875 1.3015
7 0.21 0.341
6 1.2225 1.0768
5 2.4075 2.4379
4 0.645 0.7245
4 0.975 1.0954
6 0.7575 0.8489
6 1.995 1.844
7 1.665 1.6621
7 1.05 1.0435
6 0.45 0.4893
7 0.195 0.1501
6 2.985 2.934
4 1.5375 1.8341
4 2.415 2.0118
5 0.18 0.2758
5 0.1425 0.3549
4 0.1575 0.3892
6 0.72 0.8065
6 0.81 0.9056
7 1.1025 1.06
6 0.5925 0.65
7 2.7675 2.8226
4 0.6 0.4181
7 1.11 1.043
4 2.1825 2.109
7 2.4225 2.4125
4 1.38 1.5428
7 2.7375 2.7107
5 2.4975 2.7585
5 2.8575 2.874
5 2.1225 2.525
7 0.9675 1.1056
4 0.585 0.369
5 2.175 2.1584
4 1.7775 2.0926
5 0.0 0.2075
4 1.1625 1.4585
5 1.6425 1.7791
7 2.685 2.696
4 0.555 0.4539
5 2.925 2.7288
5 0.69 0.9734
5 2.085 1.9141
5 2.6175 2.3974
7 0.24 0.2152
4 2.9925 2.5945
6 1.785 1.7838
5 2.9925 2.822
6 1.8825 1.9788
5 0.855 0.7858
6 2.19 2.2753
7 2.1225 2.0225
4 2.415 2.6328
5 1.86 1.8203
4 0.4875 0.4341
4 2.0775 2.3811
5 1.0425 1.1099
5 2.0175 2.0951
5 0.1875 0.6198
6 1.8 1.6996
7 2.7675 2.7843
6 2.145 2.1383
5 2.0325 1.9472
7 2.3775 2.3851
6 1.6125 1.7448
6 0.6 0.7547
6 0.0 0.0845
4 2.5275 2.0016
6 2.295 2.4126
7 2.64 2.5691
6 0.915 0.8472
5 0.2775 0.2744
4 0.7875 0.7996
5 0.15 0.3138
5 2.3175 2.2801
4 0.7575 0.4628
5 1.02 1.1154
5 1.845 1.6704
6 1.1325 1.0072
7 0.5775 0.5545
7 0.555 0.5619
4 1.545 1.5556
5 0.1875 0.163
4 1.4775 1.3539
6 2.775 2.7375
7 1.095 1.1561
4 0.6525 0.8677
7 2.8875 2.8983
6 0.195 0.1218
7 1.2525 1.3509
6 1.38 1.4357
7 1.755 1.8174
7 0.8925 0.9
7 0.435 0.4122
6 0.6225 0.6737
4 0.96 1.1144
5 1.14 1.0784
7 2.13 2.1295
7 0.8625 0.8882
5 2.685 2.6004
4 2.79 2.4854
6 0.735 0.8267
5 2.7375 2.7159
5 2.595 2.5137
4 1.5975 1.7378
6 2.1075 2.091
6 2.0925 2.0396
7 2.6325 2.766
6 2.0625 1.9375
5 0.165 0.246
5 2.505 2.4026
6 0.165 0.1923
7 0.945 1.0204
5 0.4425 0.3285
4 1.0125 1.136
6 2.4225 2.2873
5 2.9475 2.7252
6 2.6775 2.5974
6 0.8175 0.8144
4 2.01 2.0163
6 2.3175 2.4374
7 0.6675 0.6541
5 0.8025 0.6657
6 1.2 0.4564
6 0.0225 0.2032
7 0.2625 0.2938
5 0.81 0.9868
7 1.485 1.43
6 0.225 0.0918
6 2.4 2.4462
7 1.8825 1.9307
4 2.805 2.2436
5 1.3125 1.3836
5 2.67 2.6029
5 2.1075 2.2364
4 2.8875 2.6171
7 0.8925 1.1171
4 1.035 0.7765
7 0.63 0.6104
5 0.435 0.3914
4 1.7325 1.7131
4 0.945 0.9918
4 1.725 1.9182
5 2.295 2.2978
5 2.5725 2.4583
7 0.8175 0.8042
7 2.49 2.4261
6 1.7175 1.7421
5 0.3975 0.5775
4 2.445 1.9923
5 1.2 1.0863
4 0.99 1.0076
7 0.375 0.5434
5 1.1025 0.9843
6 2.9025 2.876
4 1.5675 1.5519
4 0.72 1.0925
5 0.855 0.7755
4 1.5075 1.817
7 0.1725 0.367
7 1.095 1.1709
6 0.405 0.2916
7 2.805 2.6859
7 1.11 1.1979
6 2.9775 2.904
6 0.045 0.1334
6 2.2725 2.3894
5 2.0775 2.0334
7 2.265 2.173
7 2.43 2.3372
5 2.7075 2.7715
4 0.75 0.937
7 0.15 0.2228
7 2.01 2.0168
4 0.75 0.9543
6 0.8775 1.122
5 1.155 1.0917
6 2.07 1.8657
6 1.29 1.1267
5 0.18 0.3164
4 1.74 1.2874
5 0.1275 0.3866
6 2.1375 2.0247
7 2.8125 2.7539
6 0.7425 0.8862
6 1.2075 1.6341
5 1.7025 1.8212
4 2.835 2.7769
7 2.9925 2.9142
4 0.255 0.675
4 2.28 2.3053
7 0.1125 0.0836
4 2.49 2.6042
7 0.2175 0.207
6 2.2575 2.5336
6 0.8325 0.9546
4 2.5125 2.4969
6 2.6625 2.5441
4 1.35 1.3707
7 0.6 0.649
6 1.5675 1.6476
6 2.94 2.9234
7 1.1625 1.1673
5 2.655 2.4618
4 0.45 0.9242
6 2.655 2.7966
6 2.4675 2.3097
6 1.3575 1.2685
7 0.5025 0.4916
4 0.525 0.8291
4 0.0825 0.3093
6 1.0725 1.1278
4 2.0625 1.9113
5 0.5025 0.3148
6 2.91 2.8792
4 0.0825 0.2145
6 0.3525 0.3985
5 2.88 2.5912
5 0.7275 0.682
7 1.3425 1.3023
4 2.6325 2.5656
5 0.555 0.6955
7 1.59 1.5971
5 1.755 1.8457
7 1.665 1.7028
6 2.4 2.3833
7 2.1 1.9886
5 2.94 2.7711
7 0.93 1.0041
7 2.115 1.9009
4 0.105 0.421
5 0.8775 1.0968
5 2.235 2.2733
4 1.8075 1.6391
7 2.205 2.3082
5 1.095 1.2829
5 1.665 1.4397
6 0.7575 0.7416
7 0.795 0.8296
4 2.0175 2.0346
4 0.24 0.6634
7 0.2025 0.1962
6 2.2125 2.2839
6 2.895 2.848
7 2.43 2.4845
6 1.2525 1.1091
7 1.3725 1.3909
5 0.2025 0.3296
7 2.8275 2.9133
5 2.985 2.8284
6 2.6475 2.4428
5 2.4675 2.3777
7 1.05 1.1024
7 0.18 0.3335
6 1.2375 1.243
6 1.125 1.0632
6 0.255 0.2559
4 1.0575 1.1964
4 1.395 1.4219
7 1.365 1.3477
7 0.48 0.4846
4 1.0125 0.9108
6 2.1975 2.2886
7 1.815 1.7829
7 2.2575 2.2998
6 2.49 2.4632
6 1.5675 1.4937
7 2.88 2.962
4 0.1575 0.3607
7 2.205 2.1778
7 2.8275 2.8856
7 2.655 2.7346
7 2.7 2.7246
5 0.0825 0.3491
6 0.6 0.5133
4 2.505 2.0904
4 0.3675 0.2264
7 1.4625 1.4994
4 2.16 2.1711
6 0.3375 0.3882
5 0.7275 0.5799
4 1.785 1.8041
6 2.55 2.553
4 0.975 0.7582
7 1.8 1.8697
4 2.73 2.5264
7 1.9875 1.9244
4 0.8325 0.6543
4 1.6275 1.7132
4 1.5825 1.5598
6 1.6425 1.4434
7 0.69 0.628
4 0.885 0.8622
5 0.135 0.1116
5 1.6875 1.753
7 2.31 2.2809
5 2.2875 2.0289
6 0.8025 0.7822
5 2.1075 2.0636
7 2.3475 2.3023
6 1.6725 1.6485
5 2.865 2.5378
7 0.66 0.713
5 2.8875 2.7002
6 1.5225 1.4131
6 0.12 0.1851
6 0.675 0.7693
5 2.685 2.4318
7 0.855 0.8667
6 0.315 0.4696
7 2.8275 2.9709
5 1.5675 1.5912
5 0.87 1.147
6 1.4625 1.6071
4 0.2775 0.7543
5 0.12 0.2036
6 2.9175 2.8908
6 0.24 0.3357
5 2.4975 2.4109
5 2.0175 1.9994
5 2.49 2.2183
7 1.08 1.1827
5 0.4725 0.5247
4 1.6425 1.5654
6 2.85 2.7612
5 2.565 2.4562
6 2.355 2.2809
7 0.1725 0.1944
5 1.71 1.6973
7 1.755 1.6378
4 2.8425 2.4007
6 1.7175 1.8243
5 0.3375 0.2826
6 2.5575 2.6044
6 1.1925 1.1267
7 0.4275 0.4732
5 0.075 0.1972
5 2.2275 2.231
6 2.925 2.8801
5 0.39 0.446
4 1.365 1.0001
7 1.0425 0.9428
7 0.36 0.4305
6 2.0325 2.0799
6 2.85 2.8232
5 0.9825 1.1439
6 1.17 1.3019
4 0.2475 0.3734
6 0.6825 0.7893
7 2.1825 2.157
5 2.2575 2.1769
5 0.0675 0.153
6 2.3925 2.4707
6 2.5425 2.4818
6 1.965 1.9376
5 0.0375 0.1702
5 0.8775 0.8654
5 1.695 1.7324
7 0.345 0.2873
6 2.085 2.0769
6 0.3825 0.4688
5 1.35 1.3559
5 2.595 2.3608
6 0.435 0.4723
4 0.9375 0.8124
7 2.1675 1.4387
5 2.4 2.2162
6 0.5925 0.5909
6 2.1975 2.0921
6 2.82 2.7862
6 1.2525 1.0861
4 2.3775 2.7322
4 0.72 1.1401
4 1.4175 1.0273
7 0.1725 0.2876
7 2.175 2.2204
6 1.335 1.4543
7 1.5675 1.6531
5 1.2 0.9168
5 2.34 2.3491
5 2.37 2.3504
6 2.4225 2.573
7 1.0275 1.0183
6 2.07 2.0725
7 0.225 0.2942
7 0.57 0.5599
4 2.82 2.4924
7 1.665 1.7569
6 0.7275 0.6773
4 1.065 1.0798
6 0.99 0.8716
5 0.945 1.025
7 1.0575 0.9824
5 2.91 2.8617
7 2.4825 2.6692
5 2.7225 2.6341
5 0.075 0.1163
5 2.7525 2.4985
5 1.05 1.0518
6 0.06 0.2166
5 0.8025 0.9421
7 2.6025 2.6693
5 2.925 2.8887
6 2.2875 2.3669
7 1.3575 1.3565
6 0.03 0.2392
6 1.4025 1.2669
4 2.805 2.4319
5 0.7725 0.639
7 0.0525 0.1924
7 0.21 0.2103
7 2.1375 2.0312
4 1.62 1.3414
7 1.26 1.3589
5 2.34 2.3369
5 2.7525 2.763
6 1.7625 1.9484
5 1.0275 1.0259
5 2.8725 2.5974
4 1.4325 1.4671
7 2.5425 2.4641
6 0.7575 0.8603
7 1.185 1.2096
4 2.5275 2.3241
4 0.18 0.3543
6 1.2825 1.3895
7 2.9925 3.0264
5 1.8675 1.7467
4 0.66 0.6701
4 2.025 1.6471
4 2.5875 2.393
7 2.8425 2.8585
4 1.86 1.8368
7 0.795 0.8506
7 0.705 0.6081
5 1.7325 1.5412
6 1.02 1.0578
6 1.485 1.4158
7 0.7125 0.7272
6 1.62 1.7762
7 2.1 2.1658
4 1.7325 1.4009
7 1.635 1.7161
5 0.1875 0.4204
7 1.965 2.0011
7 2.25 2.3048
5 2.6175 2.625
4 2.865 0.0011
7 0.165 0.2402
4 2.5575 2.1877
7 0.8925 0.8331
6 0.6225 0.6135
5 2.0025 1.953
5 0.1575 0.4623
7 2.46 2.409
7 1.5225 1.6129
7 1.635 1.5882
7 1.155 1.0818
7 1.9125 1.8915
6 2.0175 2.0133
7 1.545 1.5879
7 0.2325 0.2737
6 2.1525 2.0474
4 1.6575 1.3353
5 2.595 2.513
6 0.825 1.1675
7 0.705 0.7239
5 2.46 2.4317
7 2.7825 2.8158
7 0.5475 0.5226
7 2.2425 2.1725
5 1.92 2.1556
7 2.0475 1.9214
4 2.055 1.8363
7 0.0375 0.096
4 0.6525 0.6805
7 2.0925 2.0121
7 1.3875 1.2769
5 0.2475 0.3581
6 0.0075 0.1117
5 0.4575 0.6915
7 2.64 2.6072
4 0.2025 0.6463
7 2.865 2.9265
7 0.7575 0.852
4 0.0375 0.324
6 1.695 1.8113
7 2.5575 2.4278
5 2.9325 2.8143
7 0.69 0.7136
4 2.805 2.1375
5 1.8375 2.0894
6 1.3425 1.3374
4 0.6 0.6094
5 0.9825 0.8408
7 2.085 2.0994
5 2.415 2.4383
4 1.83 1.2904
6 2.1975 2.1974
5 2.025 2.1741
6 1.905 1.738
5 2.1675 2.3754
4 2.1375 2.1303
4 0.5925 0.7225
5 2.8275 2.5247
6 2.61 2.6241
6 0.5925 0.7558
6 2.43 2.3485
5 0.3075 0.6443
4 2.5575 1.9658
5 0.3825 0.2558
4 0.405 0.7534
7 1.2975 1.2065
7 1.1175 1.262
6 2.2725 2.213
4 0.705 0.7077
6 0.5625 0.4406
7 0.1575 0.1468
4 1.4175 1.0746
7 1.0725 1.1431
7 1.62 1.5477
5 2.0925 2.1443
5 2.865 2.6384
6 0.8325 0.8392
5 0.9825 0.9715
6 2.145 2.0988
7 1.7925 1.6937
4 2.1 2.0088
5 2.49 2.6531
6 2.0175 2.0635
4 0.9825 0.7509
7 1.26 1.1845
4 1.1925 1.253
7 1.935 1.7964
7 0.4425 0.4148
6 1.6875 1.5835
7 1.2975 1.3033
5 1.47 1.2441
6 0.7575 0.8283
7 2.07 2.0913
4 0.2025 0.3079
7 1.5 1.593
4 0.0975 0.6007
4 1.1175 1.0119
6 1.7625 1.7975
5 0.8325 1.1135
5 0.2175 0.1982
4 1.0875 0.8857
6 0.6 0.5982
6 0.15 0.0491
4 1.0125 1.431
4 1.065 0.7437
4 0.465 0.5965
7 2.01 1.9618
4 2.7375 2.6547
4 2.835 2.6288
7 1.0875 1.072
6 0.0675 0.1363
6 2.2425 2.3271
6 2.025 1.9599
5 0.0825 0.097
7 1.23 1.2112
4 1.71 1.832
6 2.4975 2.5222
7 1.515 1.1202
5 1.5225 1.6373
7 0.045 0.1938
5 0.1125 0.3981
4 1.755 1.5858
6 0.3225 0.3418
5 2.4 2.386
6 1.7775 1.9876
4 2.5425 2.6999
5 2.8425 2.5499
5 2.67 2.4815
5 1.77 1.7644
5 1.56 1.6592
4 0.465 0.5941
7 1.905 1.79
6 2.61 2.5314
4 2.67 2.4236
6 1.5675 1.4767
4 0.5175 0.8226
7 2.8125 2.9324
4 2.295 2.3867
7 0.9825 1.0151
5 2.94 2.5451
7 2.145 2.1467
4 1.74 1.7105
5 0.4275 0.302
5 1.7025 1.5834
4 1.6575 1.461
5 2.6775 2.3899
6 2.91 2.7822
5 2.1075 1.902
7 0.9525 0.9093
6 0.9 0.9985
7 0.8925 0.9626
6 0.4575 0.586
7 0.06 0.0618
7 0.0375 0.1809
5 0.885 0.862
6 0.9525 0.8356
4 1.0275 1.0171
6 0.0675 0.1216
4 2.805 2.7076
4 0.2925 0.6529
4 1.02 1.0014
5 2.0775 1.8233
4 1.7175 1.3856
6 1.6275 1.5384
4 2.565 2.7316
7 0.2475 0.2062
7 2.2575 2.2101
4 2.7225 2.6208
4 2.055 2.0252
5 2.715 2.8501
5 2.8425 2.7768
6 1.845 1.7966
4 2.5425 2.2619
4 0.7575 0.916
5 0.06 0.2932
5 2.0475 2.1036
7 2.46 2.521
5 0.6975 0.9762
4 0.225 0.6809
7 0.495 0.5663
6 0.615 0.6403
6 0.135 0.2076
4 1.605 1.695
6 0.5625 0.5819
4 0.78 0.9113
5 1.515 1.5941
7 1.245 1.2906
6 2.1525 0.6288
7 0.7425 0.7021
7 1.635 1.6717
7 1.0275 1.0922
5 0.3825 0.4146
7 2.7375 2.6913
5 0.2925 0.238
6 0.1425 0.2103
6 2.475 2.2983
5 2.6475 2.5393
6 0.6375 0.6569
6 1.965 1.9111
6 0.3075 0.2646
7 0.375 0.4264
6 1.23 1.295
6 0.12 0.0863
5 2.775 2.492
4 0.465 1.0713
7 2.3175 2.2427
6 1.6725 1.7451
7 1.68 1.5966
7 1.365 1.2848
7 1.1775 1.1296
6 0.8925 0.9057
4 2.07 1.7872
6 0.39 0.4128
5 1.215 1.4763
7 2.43 2.371
5 1.6725 1.611
6 1.02 1.1788
6 1.0725 1.0638
6 2.3175 2.3759
4 1.185 1.2798
5 0.075 0.2288
7 1.335 1.2578
4 1.365 1.3653
4 1.215 1.4189
5 2.2125 2.0942
6 1.9875 2.2081
4 2.5425 2.505
6 1.575 1.538
7 1.3575 1.4151
7 1.725 1.6616
6 0.4575 0.3948
7 1.8 1.7679
7 2.7075 2.6588
5 0.21 0.1648
7 2.4525 2.4662
7 1.005 1.134
6 1.2375 1.1775
5 2.34 1.9066
7 1.965 1.9503
6 0.7875 0.9258
5 2.805 2.6063
6 0.3225 0.3238
5 0.9075 0.7917
5 2.67 2.6344
6 2.46 2.5498
4 1.455 1.2922
5 1.5525 1.6919
7 1.4325 1.4994
5 1.3425 1.3188
5 2.3775 2.4903
4 0.315 0.3803
6 2.9175 2.8442
4 2.79 2.3548
6 1.4025 1.1409
5 1.9125 1.7093
7 0.105 0.1069
5 1.6275 1.612
5 2.5725 2.5821
6 2.655 2.3522
7 2.9475 2.989
6 1.98 1.976
4 0.915 0.9923
7 0.0525 0.1492
5 1.665 1.4249
7 0.15 0.1047
7 2.895 2.8047
7 2.4675 2.3494
6 1.38 1.3106
4 0.645 0.4496
5 2.4 2.1008
7 2.52 2.4139
6 0.3075 0.6124
5 0.6675 0.6263
6 1.575 1.5534
5 1.38 0.8962
7 0.66 0.5658
5 0.1725 0.358
6 0.645 0.7701
5 1.1025 1.0319
7 0.2475 0.2162
4 1.3575 1.51
5 2.1975 1.9639
6 2.5725 2.6006
6 2.415 2.4023
6 1.305 1.249
4 1.3875 1.5229
4 0.9075 0.9609
7 0.96 0.8528
5 2.265 2.0609
4 2.5875 2.2067
6 1.635 1.5761
5 2.6925 2.6111
6 0.525 0.4026
4 0.9825 1.5704
5 1.2825 1.4242
6 2.145 2.0707
6 0.5925 0.8009
5 1.1475 0.8979
5 2.97 2.8893
7 2.6025 2.6137
4 2.505 2.4158
4 2.6775 2.15
4 0.8775 0.6777
6 1.005 1.083
7 2.2725 2.2413
4 2.2275 2.3445
7 0.72 0.6813
7 0.1575 0.0705
7 1.695 1.6605
5 2.865 2.8079
4 1.5225 1.8014
6 2.0475 1.9905
4 2.5425 2.6255
4 0.9075 1.0057
6 0.06 0.0585
5 1.98 1.9331
6 0.4125 0.6449
7 1.4325 1.4181
6 1.7025 1.6534
6 1.2825 1.1724
6 1.95 1.9374
5 2.37 2.5506
4 0.1875 0.2536
4 1.3575 1.2131
7 0.03 0.0478
6 0.33 0.2792
4 1.38 1.5602
7 0.465 0.5306
7 2.16 2.1264
6 0.36 0.4247
4 1.17 1.12
6 0.1725 0.2062
7 1.65 1.6693
6 1.7175 1.6802
7 1.695 1.7647
4 0.855 0.9625
6 0.3 0.4627
5 0.195 0.2532
6 1.6275 1.4728
6 2.25 2.2523
5 1.785 1.7534
6 2.7075 2.6803
6 1.395 1.5209
4 0.3825 0.4303
6 2.7975 2.6782
5 1.8975 1.9454
7 0.495 0.6031
4 0.09 0.3948
4 1.965 1.5432
7 2.5125 2.4739
5 2.895 2.7902
4 0.0225 0.5572
4 0.7575 0.7885
4 1.335 1.3812
5 2.7375 2.8914
5 2.2725 1.9779
4 0.5475 0.6933
7 1.77 1.7442
5 1.02 0.7628
5 1.2 1.1964
6 0.135 0.027
7 0.6225 0.6616
6 1.0275 1.2465
4 0.15 0.4884
4 2.61 2.5629
7 2.4525 2.3636
7 1.635 1.6648
4 1.83 1.8203
5 2.4975 2.5439
4 2.8125 2.4572
6 1.065 0.9121
6 1.05 1.122
5 0.8175 0.8594
4 1.2525 1.0815
6 2.5275 2.3522
4 0.165 0.355
5 1.1325 1.1213
7 0.4425 0.3565
7 2.835 2.7652
6 2.67 2.7036
7 0.0075 -0.0117
6 0.555 0.6962
7 1.83 1.8285
6 1.65 1.6155
6 2.5875 2.5345
4 2.1825 2.1934
7 0.0975 0.1413
6 1.4625 1.4574
6 2.6025 2.5374
5 0.9675 0.8164
4 1.7175 1.5303
7 1.9875 1.9528
4 2.1375 2.0631
5 1.95 1.9338
5 0.6675 0.6454
5 2.7675 2.6896
6 2.7075 2.6945
4 2.1675 2.0036
4 1.6725 1.349
6 1.6725 1.7165
4 1.92 1.8093
6 0.705 0.6036
5 1.9125 1.9789
5 2.9475 2.9074
4 0.375 0.6438
4 2.325 2.1454
7 1.005 0.9862
5 2.7525 2.7429
5 1.875 1.8859
5 0.105 0.5283
4 2.8575 2.5122
6 1.2675 1.1106
4 0.525 0.5578
7 1.38 1.3594
4 1.1775 1.2798
4 2.73 2.6187
4 1.5975 1.803
4 0.975 0.5221
4 0.96 1.2153
4 1.215 1.157
4 2.1 1.9777
7 0.3075 0.2751
6 2.31 2.4608
7 0.945 0.7925
7 0.1875 0.1046
7 1.6575 1.7759
7 0.075 0.1625
5 2.9775 2.7577
4 0.0 0.2615
5 1.7325 1.919
7 0.57 0.4825
4 2.265 1.851
5 2.265 2.2308
6 0.78 0.7382
5 1.9125 2.0613
5 1.53 2.344
5 0.555 0.6322
6 2.0925 2.192
5 2.46 2.2805
6 2.1825 2.2728
7 2.865 2.799
4 1.2675 1.3237
4 1.845 1.6702
7 0.4125 0.4025
5 1.9125 1.5828
7 1.845 1.8642
5 0.4275 0.6086
6 1.155 1.0161
5 0.5775 0.2838
5 0.615 0.7861
7 0.6075 0.5709
4 1.0875 1.2533
4 1.0125 0.6097
4 2.34 2.2839
6 1.38 1.479
7 2.955 2.8705
4 2.8125 2.5077
7 0.015 0.157
7 0.3675 0.5013
5 1.2 1.0878
7 2.2725 2.3259
6 1.4925 1.5407
5 1.1025 1.0721
5 2.4 2.1403
5 2.9325 2.7889
4 1.23 1.2016
6 0.105 0.2335
5 1.5825 1.6515
4 2.415 2.3979
7 0.2025 0.2379
6 0.9525 1.0818
4 0.1575 0.1978
6 0.12 0.1437
7 0.57 0.5508
6 1.5675 1.5828
4 2.0475 1.7266
5 1.08 0.8982
5 1.56 1.6032
5 0.5475 0.4452
4 2.16 2.0489
7 2.4975 2.5352
6 0.915 0.797
7 1.1325 1.097
4 0.1725 0.3012
6 0.5625 0.6039
6 1.47 1.3289
5 2.1 2.2398
7 2.2425 2.0604
5 2.13 2.0865
5 1.2225 0.9979
7 2.385 2.2887
6 1.3125 1.3236
5 0.075 0.144
5 2.28 2.06
6 2.1075 2.0816
5 1.4475 1.6166
4 2.0325 1.7956
4 0.21 0.2972
4 2.52 2.3407
7 1.6575 1.7419
6 2.4075 2.2078
7 2.985 2.9181
6 2.1825 2.2019
4 0.1875 0.3702
5 1.905 2.0713
5 0.135 0.5828
6 0.9 0.8995
4 0.1575 0.3023
7 0.51 0.5727
4 2.415 2.3191
4 0.48 0.5403
4 2.73 2.3508
5 0.69 0.6064
5 1.4775 1.669
4 1.8 1.6553
5 1.9125 2.0085
5 1.5375 1.3865
5 1.8075 1.8825
4 1.74 1.9929
4 0.1275 0.4774
5 1.47 1.6325
7 1.935 1.8646
5 2.3775 2.0591
7 0.8325 0.954
4 0.24 0.7158
6 1.725 1.6995
4 0.2175 0.7581
4 0.225 0.3531
5 1.0125 0.9849
7 1.9725 1.9214
4 2.6625 2.7493
5 0.3225 0.4194
7 0.765 0.5739
4 2.28 2.0451
7 1.2225 1.292
6 1.4625 1.3394
6 2.2425 2.3907
6 0.2625 0.2351
5 2.13 1.9451
6 2.3175 2.2717
5 2.385 2.2359
4 2.7075 2.6888
5 0.3075 0.0465
5 0.165 0.3892
6 0.0975 0.1754
4 1.9425 1.9464
5 2.0925 1.9796
6 2.8125 2.6811
4 1.4925 1.6478
4 1.6725 1.995
6 0.99 0.823
7 0.0 -0.0097
4 0.015 0.5846
7 0.3525 0.312
5 0.2475 0.3319
7 1.095 1.1898
7 1.65 1.6756
6 0.4425 0.3185
7 1.935 1.8892
6 1.275 1.1961
4 2.0625 2.0362
7 1.335 1.4445
6 2.88 2.9305
6 1.905 2.0052
5 0.39 0.4928
4 2.295 1.7634
4 2.37 2.3238
6 1.74 1.6763
4 2.1975 2.0823
5 2.6025 2.7082
6 0.4425 0.4251
7 2.655 2.6816
7 2.94 2.899
5 0.375 0.2412
6 1.98 1.9108
7 1.575 1.6855
7 0.42 0.4658
7 0.885 0.8849
4 2.4525 2.084
7 2.025 1.8566
5 2.175 2.0161
7 1.3425 1.3642
4 1.095 1.0025
5 1.4025 1.6125
4 2.805 2.439
4 2.3625 1.9993
7 0.015 0.0131
5 2.9025 2.7669
5 2.73 2.7954
5 1.7475 1.8468
5 2.7075 2.374
7 1.65 1.6551
6 0.1125 0.143
4 0.4275 0.4172
4 1.3575 1.6553
4 1.005 1.2792
4 1.1175 1.0724
4 2.7675 2.6918
6 1.02 1.1223
6 1.605 1.7123
7 2.52 2.3983
5 1.92 2.0406
7 1.08 1.0537
5 2.1525 2.1923
4 2.715 2.6004
6 1.1775 1.2083
4 1.245 1.1771
7 1.605 1.6133
6 2.9175 2.8558
5 1.5525 1.6501
7 0.3225 0.497
6 2.9625 2.8444
4 2.2875 1.9692
4 0.7575 1.0712
5 1.98 2.0661
7 1.275 1.3873
4 1.6575 1.9901
5 0.9825 0.2262
6 0.435 0.5009
4 0.825 0.4833
7 0.555 0.4178
6 1.905 2.1228
4 1.05 0.9123
6 1.455 1.4226
6 2.3175 2.3361
4 1.095 0.8703
7 2.58 2.696
5 0.5175 0.477
5 1.83 1.9629
6 0.4875 0.5198
4 2.7975 2.2443
4 0.405 0.47
7 0.495 0.5504
6 0.0225 0.0942
6 1.845 1.6673
7 1.92 2.0505
6 1.5525 1.6616
4 1.395 1.7466
4 1.41 1.6644
7 0.2775 0.1541
6 1.4775 1.4753
4 2.3625 2.1331
4 1.965 2.0815
6 1.92 1.8734
7 1.23 1.2471
5 2.6625 2.435
4 0.8175 0.8257
6 1.785 1.816
6 1.6875 1.6398
6 0.4875 0.3833
7 1.35 1.3432
5 1.7775 1.897
6 1.4475 1.5233
4 1.6875 1.3659
7 1.125 0.9799
7 0.2475 0.2132
6 2.085 2.0923
4 1.47 1.5705
5 1.5075 1.6606
5 0.03 0.1819
7 2.835 2.7603
5 0.48 0.7674
4 0.39 0.9179
6 0.8625 0.9428
4 2.67 2.4546
6 1.1475 1.0984
7 1.38 1.3616
6 1.9275 1.9585
4 2.6925 2.4828
5 2.9175 2.8144
6 1.665 1.6177
6 1.2375 1.2297
4 1.5225 1.7579
4 0.63 0.8285
7 2.49 2.6042
6 0.0525 0.1617
6 0.7875 0.8379
5 0.9675 0.9578
7 2.325 2.4981
7 1.425 1.3784
4 0.78 1.0745
7 1.5075 1.4509
4 1.1475 1.6599
6 0.09 0.179
5 2.3175 2.2204
6 0.5325 0.3944
7 0.5175 0.5614
5 2.2725 2.0881
6 1.8075 1.7069
6 2.6475 2.6546
7 1.05 1.0429
6 0.4575 0.5503
6 0.885 0.8146
7 2.5425 2.501
6 2.2125 2.1575
4 0.5475 0.4994
7 0.9825 0.9902
6 0.045 0.3144
7 1.62 1.6448
5 0.2025 0.2687
7 0.5775 0.7376
6 1.2975 1.2457
4 2.325 2.0051
5 2.58 2.2588
4 2.205 2.1835
5 0.51 0.5245
6 0.135 0.1235
5 2.2575 2.3396
4 0.6 0.818
7 1.6125 1.6635
4 0.495 0.7333
7 1.8675 1.8837
7 1.8675 1.8356
7 1.365 1.4393
6 0.9075 0.956
5 0.99 0.9669
6 0.0225 0.105
6 1.9725 2.0727
7 0.0525 -0.0016
7 2.5575 2.5131
6 1.8825 2.0293
7 1.9275 1.9682
7 2.505 2.6023
6 1.0725 1.0533
7 1.68 1.5301
7 0.1875 0.215
6 1.29 1.416
6 0.525 0.3898
6 1.8825 1.7602
7 1.4025 1.4126
6 0.4425 0.4158
7 2.3025 2.2162
5 2.745 2.5816
6 1.605 1.5528
7 2.1075 2.1324
7 1.4175 1.4094
4 0.6525 0.8399
4 1.8375 1.5119
4 1.53 1.3961
6 2.475 2.4267
4 2.655 2.6476
7 2.895 2.9158
7 0.3075 0.3685
7 2.055 2.1527
4 0.5625 0.6871
7 2.6625 2.6172
6 1.4625 1.5961
4 2.685 2.0485
6 0.765 0.8445
7 0.7575 0.8057
5 2.325 2.1327
7 1.1025 1.0557
4 1.425 1.1482
4 0.1275 0.7995
5 0.7575 0.7408
4 2.1 1.7344
6 2.3175 2.3311
4 1.65 1.3735
4 1.1325 0.9373
5 1.47 1.8318
6 1.59 1.7253
6 2.3775 2.2896
5 1.9275 1.8278
6 0.1575 0.2214
7 1.5075 1.493
4 0.15 0.3221
6 0.6825 0.6217
7 0.345 0.416
4 0.225 0.3465
5 1.77 1.649
5 2.6775 2.7414
4 0.795 0.7757
5 1.7325 1.7253
6 1.59 1.7136
4 0.33 0.7575
6 2.34 2.0277
7 1.9125 1.9932
7 1.725 1.7431
5 2.5125 2.6179
7 1.0875 1.0911
4 2.325 1.9717
6 2.5575 2.4713
7 1.6425 1.5803
5 1.89 2.0263
5 1.1925 1.3551
7 0.5175 0.4961
4 0.9075 0.5889
7 1.02 1.1238
7 1.77 1.7476
6 2.6175 2.6416
5 1.2675 1.3402
7 0.6075 0.6008
7 2.265 2.179
6 2.46 2.487
4 1.0125 0.7046
7 2.1975 2.107
5 0.2925 0.4939
6 2.7375 2.649
5 1.7175 1.7625
4 2.8575 2.5333
7 1.8 1.935
5 1.2525 1.0008
7 1.59 1.6107
6 2.52 2.4258
6 2.4 2.2504
6 0.1875 0.353
4 1.6425 1.5917
7 2.52 2.4232
6 2.7075 2.7599
7 2.22 2.1799
4 2.3325 1.9565
4 0.12 0.5358
5 0.3975 0.5318
6 2.055 2.0064
4 1.26 1.621
5 1.485 1.323
5 0.45 0.3255
7 1.38 1.3751
5 0.405 0.5328
5 2.91 2.6401
5 1.4175 1.344
6 1.305 1.2998
7 0.3975 0.4943
7 2.8875 2.8121
7 0.0075 0.1205
7 0.8025 0.8452
4 1.2975 1.1789
4 0.2475 0.4238
5 0.0825 0.3998
7 0.8925 0.9541
5 2.91 2.7749
6 2.8725 2.7142
4 0.585 0.5125
5 2.145 1.9641
6 0.66 0.5999
4 1.32 1.142
7 2.355 2.4377
4 1.0275 1.1952
5 1.65 1.3068
5 0.9975 0.7833
7 1.0875 1.139
6 0.6225 0.6239
5 0.9825 1.0537
5 1.7625 1.5738
4 0.2775 0.3648
4 1.7775 1.9618
7 1.11 1.1137
4 2.715 2.5653
5 1.425 1.2184
7 2.3925 2.3639
5 2.9925 2.7531
4 0.8625 0.307
5 1.3725 1.4558
6 1.9575 2.0043
4 1.365 1.9026
7 2.04 2.0507
4 1.275 1.2538
5 2.0925 2.1306
7 2.895 3.0008
6 1.59 1.7319
7 2.5125 2.5128
6 2.5425 2.3681
6 0.0675 0.1574
4 1.9275 1.8075
6 0.5625 0.6749
7 2.0925 2.0989
5 0.7575 0.9034
7 2.9925 2.9157
5 0.8925 0.907
4 1.26 1.421
4 1.5375 1.2967
7 1.905 1.8467
7 2.7825 2.8662
6 1.1025 1.3281
4 0.1875 0.4269
7 2.2125 2.2566
5 2.58 2.3801
5 1.4325 1.3315
6 1.74 1.8771
6 0.405 0.2498
5 0.9225 1.0056
4 0.465 0.5111
7 1.065 1.1095
7 2.5725 2.4909
7 0.105 0.0773
6 2.2725 2.2892
5 1.1775 1.0581
6 0.69 0.8235
4 2.6025 2.4
5 0.96 0.9294
5 2.7975 2.597
4 2.595 2.4261
6 1.845 1.681
5 2.9625 2.7627
5 2.895 2.7333
6 1.185 1.3982
4 1.56 1.9405
5 1.4925 1.1249
5 1.71 1.7316
5 2.91 2.5977
4 2.0325 1.8483
5 1.1025 1.0142
5 2.8425 2.688
6 2.685 2.5199
5 0.8325 0.8007
7 2.355 2.4031
6 1.8075 1.7352
7 0.5775 0.6007
7 1.3425 1.383
7 2.07 2.0302
4 1.68 1.4989
6 2.1975 2.1653
6 2.5275 2.5522
6 1.605 1.7863
4 0.75 0.7422
6 2.6325 2.6689
5 1.365 1.4438
5 2.025 1.7865
7 2.3775 2.4259
5 0.7875 0.7024
4 1.32 1.5386
5 1.7325 1.8493
6 1.1925 1.2627
4 0.975 0.8688
5 1.1175 1.1509
4 1.53 1.729
6 1.845 1.8468
4 0.0525 0.2795
5 2.3175 2.6793
5 2.76 2.6781
5 1.98 2.2098
6 0.3825 0.43
4 2.55 2.2581
4 0.24 0.6625
6 0.4125 0.4443
6 2.8875 2.8344
6 0.4425 0.3441
6 1.95 2.3495
4 2.2125 2.0534
5 0.3525 0.3749
7 1.6275 1.5994
7 1.3125 1.307
6 1.0725 1.0742
5 0.195 0.202
6 2.355 2.3373
4 2.5575 2.5637
6 2.4075 2.4112
6 2.505 2.4615
6 0.0675 0.0821
5 0.7425 0.7456
5 0.3825 0.441
7 2.34 2.3617
4 1.56 1.5068
5 2.0925 2.0617
4 2.97 2.6536
5 2.505 2.416
4 1.7475 1.45
7 2.025 1.9386
4 0.315 0.494
5 2.7975 2.6409
7 2.37 2.2941
5 1.8975 1.7995
6 1.95 1.8622
5 2.2725 2.0532
5 1.11 1.1545
4 1.2975 1.1636
7 2.46 2.4616
6 1.5825 1.575
7 1.6575 1.663
7 0.375 0.4443
4 2.9775 2.2932
7 0.375 0.4809
4 1.005 1.0866
6 0.465 0.5864
6 0.3225 0.3108
4 0.8325 1.0428
4 1.845 1.8012
4 2.6325 2.5966
7 2.49 2.6242
7 0.7125 0.6722
6 0.21 0.1488
6 1.8075 1.7736
7 1.3875 1.4746
5 0.1275 0.1951
7 2.055 2.0632
6 2.8275 2.75
5 0.2175 0.2425
6 2.355 2.2608
6 0.8625 0.9968
4 1.8975 2.1674
4 0.6075 0.5679
5 0.8775 0.9399
7 0.81 0.8236
4 0.54 0.7574
6 1.335 1.3731
5 1.9875 1.7889
6 2.64 2.5808
7 1.71 1.8318
7 1.7925 1.864
6 2.505 2.6499
7 0.8625 0.8641
7 1.86 1.7226
5 0.315 0.2245
4 0.21 0.8165
7 1.6875 1.7573
6 2.865 2.8438
7 1.3425 1.3784
6 2.82 2.9196
4 2.0475 1.4905
6 2.0775 1.9602
7 0.945 1.0146
6 2.1075 2.1494
4 0.975 0.9198
4 1.83 1.7576
6 2.325 2.1812
5 1.26 1.4773
5 0.4125 0.4105
6 1.755 0.5701
5 0.9375 1.022
5 0.4125 0.5574
4 1.7475 1.6991
7 0.855 0.7624
6 0.6975 0.6869
7 0.3525 0.3293
7 2.4 2.4551
4 1.1025 1.0364
6 0.345 0.5573
7 2.2425 2.3323
5 0.9375 1.2663
5 1.2075 1.1944
4 2.8575 2.705
4 2.4825 2.3899
5 2.715 2.7539
7 2.445 2.3965
6 0.54 0.3633
5 0.465 0.3892
7 0.435 0.4873
4 0.27 0.7276
4 1.2675 0.9421
4 1.2075 1.2778
6 0.06 0.0789
4 2.4825 1.5169
4 2.1375 2.2741
7 2.4525 2.3267
5 0.4425 0.5833
6 1.395 1.5859
6 2.0175 2.0384
4 1.1775 1.5329
4 0.8925 1.0386
4 0.4275 0.3171
4 2.4825 2.3135
7 2.745 2.7803
7 0.045 0.0278
6 2.28 2.1603
5 0.7125 0.6046
6 2.5125 2.3921
5 0.4725 0.3402
5 1.3725 1.205
4 0.6525 1.2699
7 0.9975 1.0417
5 0.5925 0.85
7 0.435 0.5064
6 0.7275 0.6706
6 1.2675 1.159
5 1.62 1.3573
7 2.175 2.297
5 1.545 1.2814
6 1.0875 1.0741
5 1.4025 1.4466
7 1.4625 1.5018
7 2.9025 2.8982
4 2.235 1.9585
6 1.5975 1.6702
4 0.555 0.8895
5 0.195 0.1777
4 1.635 1.3665
5 0.4125 0.6112
5 1.965 2.0053
5 2.6025 2.5882
6 2.5875 2.6584
7 2.055 2.1355
5 1.8825 2.0947
5 1.905 1.7778
7 1.2375 1.2503
5 0.465 0.4521
4 0.225 0.4535
5 0.315 0.3843
4 1.9725 2.1809
5 2.805 2.5209
7 0.6525 0.6635
6 0.2625 0.4826
4 2.3925 2.1874
7 0.4125 0.4625
5 2.8575 2.7886
7 0.96 0.9698
7 1.62 1.7221
4 0.63 0.8534
5 1.2075 1.2331
4 2.2575 2.0922
4 0.69 1.1344
7 0.135 0.1583
4 1.8825 2.124
5 0.5475 0.5623
6 0.105 0.1028
6 2.52 2.496
7 1.8075 1.8466
5 2.775 2.7856
5 2.9925 2.7919
7 0.7875 0.832
5 0.9375 0.7518
7 0.5175 0.5356
6 2.3475 2.2265
5 1.995 1.9134
7 0.2925 0.228
5 1.125 1.0766
4 0.0675 0.6746
4 1.08 1.1377
5 1.095 0.9177
6 0.42 0.3073
4 2.0025 1.7938
7 0.51 0.495
6 0.7425 0.8082
7 2.0925 2.0551
5 2.04 1.6323
7 1.9425 1.9042
4 0.8475 0.9989
4 2.415 2.4176
7 2.775 2.8628
5 1.8825 1.8566
5 0.36 0.357
4 0.75 0.8474
6 1.7775 1.7514
4 0.105 0.6701
5 2.715 2.5336
5 1.44 1.3819
5 1.3275 1.4455
5 0.66 0.8857
6 2.9625 2.7853
6 2.7 2.6409
4 0.3525 0.6345
5 0.3825 0.5741
7 1.4775 1.5549
4 1.1475 1.1353
4 1.08 1.4814
7 1.35 1.1653
4 1.995 2.2298
7 0.1425 0.1711
7 1.125 1.1211
4 1.74 1.8114
7 0.6225 0.6615
5 1.695 1.6953
4 2.49 2.6816
4 1.4175 1.0441
7 0.6075 0.4934
4 1.605 1.2241
7 2.3475 2.3754
7 2.895 2.8927
6 1.725 1.8132
4 2.49 2.1882
5 1.7325 1.5193
7 1.065 1.1493
5 0.5175 0.5911
6 0.5625 0.4165
4 0.36 0.4587
5 1.905 2.0001
6 1.905 1.9665
5 2.4375 2.2064
6 2.8425 2.8285
4 2.415 2.2552
7 0.6525 0.7101
5 1.7925 1.6372
7 2.205 2.1163
7 0.9675 0.9665
7 1.5525 1.4563
4 2.775 2.6426
5 0.6 0.452
4 1.14 0.7643
4 0.1575 0.2449
6 2.6025 2.5891
4 0.3375 0.3032
7 0.465 0.3916
6 0.99 1.1439
4 0.18 1.0235
5 1.7775 1.862
5 2.6625 2.5552
6 1.92 1.8549
6 0.5775 0.5931
6 2.3325 2.3451
7 2.04 1.9995
5 0.4275 0.4121
6 1.7475 1.6542
4 1.89 2.0462
7 0.105 0.0939
6 1.2 1.0902
7 2.5425 2.5376
7 1.125 1.1276
5 2.1 1.847
4 2.7225 2.4448
6 2.2875 2.1388
7 2.535 2.4586
5 1.89 1.9701
7 2.5575 2.4791
4 0.6375 0.5542
5 0.3525 0.3581
7 1.3575 1.3494
4 0.21 0.9142
5 1.3425 1.3138
6 1.5 1.4978
5 0.27 0.3443
4 2.595 2.3704
7 2.3625 2.3613
4 2.355 2.4511
5 0.375 0.467
5 1.3425 1.1716
5 0.2925 0.4381
5 0.4425 0.7029
5 1.5225 1.4723
6 0.9375 0.8557
5 1.7475 1.7872
4 2.43 1.8706
5 1.17 0.9245
4 2.79 2.5836
5 0.825 0.7788
7 2.25 2.3504
4 1.53 1.2443
6 1.455 1.3922
4 0.6525 0.5287
5 1.1325 1.186
7 2.7075 2.6188
4 1.1025 1.0825
5 0.0975 0.2664
5 2.4375 2.5221
5 1.095 1.026
4 2.7675 2.6723
4 0.4275 0.2827
6 1.005 1.0997
4 1.9275 1.7103
6 0.84 0.9265
6 1.2075 1.3152
6 0.84 0.9239
7 0.765 0.8444
6 1.0725 1.1436
6 0.18 0.2425
6 1.725 1.6014
5 2.0325 1.8169
4 2.6025 2.6977
5 0.4125 0.3159
5 2.4375 2.3683
6 1.4775 1.5138
6 0.63 0.6885
7 2.28 2.3987
6 2.4525 2.3588
6 2.2875 2.3547
7 1.65 1.671
5 0.915 1.0837
7 1.9425 1.9373
7 2.3025 2.4369
6 1.815 1.6776
6 1.4175 1.5025
4 1.515 1.6363
4 0.18 0.4885
6 2.385 2.5577
6 2.835 2.8687
5 2.6625 2.5624
5 1.995 1.6261
7 1.1325 1.0341
4 1.845 1.735
4 1.38 1.3667
7 0.8625 0.8637
6 0.2025 0.2828
6 0.1575 0.0534
7 2.37 2.2403
4 2.4675 2.5225
7 1.365 1.32
4 2.9325 2.5014
6 2.5425 2.4774
4 0.2925 0.596
5 2.5125 2.4819
4 0.81 0.9755
6 2.8725 2.8522
4 1.4025 1.3167
4 0.15 0.4872
7 2.4075 2.257
4 1.3575 1.3337
6 0.225 0.2507
4 1.8375 2.2319
6 0.06 0.1427
6 0.1575 0.2562
5 0.405 0.7158
4 0.06 0.2801
6 1.23 1.0124
4 1.53 1.7054
6 2.6475 2.6316
7 1.2975 1.2965
5 1.185 1.4208
5 1.23 1.1754
6 0.9075 0.9268
5 2.76 2.4791
6 2.85 2.8936
7 2.16 2.0737
6 2.4225 2.3784
7 1.5525 1.5353
4 1.74 1.7409
6 1.89 2.0487
7 2.9775 2.9482
7 0.6825 0.5847
7 1.05 1.0657
7 1.275 1.4474
7 0.21 0.3764
7 2.7075 2.7561
6 0.045 0.1565
6 0.36 0.361
5 2.5125 2.0237
7 1.605 1.6758
4 1.1175 1.1321
7 0.1425 0.1822
7 1.455 1.437
5 0.4275 0.2815
5 2.04 2.0279
5 2.52 2.1767
5 2.97 2.6489
6 0.6825 0.6662
7 0.9375 0.8532
6 0.435 0.3814
5 0.8175 0.9366
4 2.955 2.6405
4 2.2275 1.8757
4 0.795 0.7697
4 2.07 1.9229
7 2.07 2.0949
4 2.5575 2.5703
6 2.1075 2.0296
7 0.645 0.6273
5 0.0675 0.3644
5 1.95 1.6517
6 0.2775 0.3702
6 0.0675 -0.0018
4 2.58 2.5795
7 2.025 1.9913
5 0.7125 0.6123
4 1.8075 1.6057
6 0.7575 0.9529
6 1.935 1.8654
5 0.06 0.331
6 0.075 0.1652
6 2.4375 2.2782
4 1.6875 1.4277
4 1.8825 1.898
6 2.085 2.0381
6 1.17 1.1887
4 2.8125 2.0668
4 0.63 0.7094
7 2.175 2.1427
6 2.16 2.21
7 2.37 2.3394
7 1.005 0.9384
7 2.895 2.8519
5 1.8375 1.6068
6 1.77 1.7891
6 0.48 0.5917
4 2.5125 2.0913
6 1.5075 1.4937
6 2.58 2.5958
6 1.6425 1.6267
4 1.9425 1.8779
4 1.3575 1.3645
7 0.6375 0.613
6 2.8575 2.8673
4 1.74 1.6981
5 2.835 2.5922
5 0.1875 0.3785
5 1.29 1.1527
6 2.7975 2.7475
7 0.8325 0.7931
7 2.0475 1.9815
4 0.9075 1.1362
6 0.7875 0.8949
6 2.8125 2.7996
4 0.9525 1.3603
5 1.785 1.6373
7 1.695 1.6745
5 2.0175 1.9821
7 2.6325 2.7052
4 0.0375 0.5627
4 1.44 1.5703
6 1.4325 1.2711
5 2.43 2.6697
6 1.53 1.3847
5 1.5075 1.3931
5 2.97 2.7814
7 2.8125 2.8347
5 0.375 0.629
5 0.15 0.2003
5 0.81 0.8434
4 2.655 2.7984
4 1.005 1.0809
5 0.2625 0.1521
5 0.8625 0.6302
5 0.0075 0.2633
5 0.66 0.7398
5 1.575 1.5293
4 1.9425 1.8209
4 0.5625 0.5555
5 1.83 1.6618
7 1.7175 1.5948
7 1.2675 1.4118
6 2.61 2.5502
4 1.7175 1.5728
5 2.9025 2.6063
5 1.695 1.7795
5 0.1275 0.3162
6 1.6575 1.5692
4 2.5725 2.4316
5 0.0975 0.3805
7 2.3025 2.2171
5 2.775 2.8055
6 0.375 0.6551
7 0.5175 0.4555
4 1.9875 1.9361
7 2.0775 2.0445
6 0.42 0.3892
7 1.4175 1.4599
4 1.6725 1.6431
4 2.1825 2.4363
4 2.535 2.5829
5 1.515 1.8596
5 1.23 1.2237
4 2.5125 2.2874
6 0.9225 0.9045
5 1.95 1.8404
5 2.385 2.2174
6 2.19 2.0161
5 2.6325 2.6956
6 0.5325 0.5245
7 0.6825 0.6353
4 1.4625 1.555
4 0.2775 0.6354
6 1.245 1.323
7 2.535 2.6411
7 0.57 0.5884
5 0.075 0.2314
4 0.4725 0.3908
5 1.3575 1.2089
6 1.71 1.6916
5 1.155 1.1887
7 2.1525 2.1262
7 0.225 0.0712
7 0.93 0.8794
5 1.14 1.2305
7 2.2125 2.1937
6 2.2725 2.315
6 1.08 1.1226
5 1.59 1.5663
6 0.6675 0.6179
4 1.5825 1.543
6 1.3575 1.3198
4 0.795 1.0783
5 2.7675 2.8423
5 1.6725 1.7562
7 1.395 1.5115
5 0.0075 0.2455
6 1.7475 1.7653
5 2.1375 2.1282
4 0.4425 0.6239
5 1.2975 1.0884
4 0.195 0.4373
6 2.5275 2.3639
5 2.475 2.6143
6 0.225 0.2472
6 2.8425 2.6797
7 2.205 2.209
4 1.5675 1.6552
7 2.3325 2.3622
5 0.855 0.8589
6 2.565 2.4382
6 1.4625 1.4703
4 2.0775 1.8641
6 2.1375 2.1877
6 0.27 0.2417
5 1.4025 1.4825
5 1.575 1.3946
5 1.29 1.4207
7 0.8625 0.9283
4 1.005 1.0828
6 2.055 2.2115
5 0.54 0.4656
4 1.2375 1.4983
6 2.94 2.6991
5 1.1325 1.0887
5 2.7825 2.5251
6 2.865 2.8442
7 0.8175 0.9512
4 2.58 2.631
4 1.41 1.5621
4 0.195 0.4441
6 0.045 0.1717
5 2.1375 2.4799
7 2.475 2.3963
6 2.67 2.6112
4 1.6425 1.3231
7 1.8975 1.8301
7 2.565 2.4435
4 1.545 1.7647
7 1.6275 1.6362
4 2.0025 1.8706
4 1.5675 1.2913
5 2.8875 2.9645
5 1.5675 1.4715
5 1.095 1.0356
6 2.625 2.5172
4 1.6425 1.7875
5 2.31 2.168
5 0.0525 0.1206
6 2.895 2.8782
6 0.9975 0.9786
7 2.82 2.8185
5 0.2025 0.5893
7 2.9925 2.8533
5 0.9825 0.9018
7 2.9625 2.8173
5 2.775 2.489
7 0.9825 0.9385
5 0.465 0.4029
5 2.9775 2.7755
6 2.235 2.2602
6 1.155 1.0413
6 0.9675 1.1202
5 0.18 0.1902
5 2.415 2.4146
5 0.495 0.8646
6 0.3075 0.3356
7 1.2 1.2143
7 2.385 2.2506
4 1.305 0.8054
5 0.6675 0.6263
4 0.2025 0.3101
7 2.4 2.4439
7 2.8425 2.8764
6 2.5725 2.4836
7 0.6975 0.7263
5 2.4075 2.0954
4 2.31 2.3396
5 1.305 1.2923
5 2.9475 2.7413
5 0.78 0.7392
7 1.665 1.6932
5 2.745 2.7641
4 2.1975 1.9196
4 2.865 2.7711
6 0.6225 0.6946
5 0.0 0.2005
7 2.115 2.0239
4 0.465 0.8318
5 1.68 1.5761
7 1.6125 1.6375
5 0.0375 0.1884
7 1.68 1.5442
5 2.2575 2.0867
5 1.8225 1.5991
4 2.985 2.5434
7 2.4 2.3933
7 1.68 1.6458
7 2.7975 2.8955
4 1.8675 1.7084
7 0.8625 0.7939
6 0.6975 0.8977
6 0.975 0.9231
7 0.405 0.3936
7 1.2975 1.2842
6 0.525 0.6478
4 0.7275 0.9584
6 0.9375 0.8081
5 1.8 1.9162
7 2.3175 2.3817
6 0.81 0.8887
5 0.06 0.1909
5 1.6275 1.7009
7 1.7175 1.8022
6 0.435 0.525
5 0.66 0.6493
4 0.54 0.7113
4 1.365 1.4833
6 0.72 0.6688
5 2.595 2.5676
4 1.2225 1.4976
7 0.3 0.4319
6 2.685 2.7231
7 0.9975 0.9016
4 0.615 0.9103
7 1.425 1.3875
6 0.675 0.9511
7 1.47 1.4635
7 0.39 0.4009
5 1.6575 1.6483
4 1.7475 1.4159
5 1.89 1.8468
5 0.225 0.2196
7 1.0725 1.0954
5 1.2075 1.4107
5 1.3575 1.5851
7 0.6675 0.6235
4 0.6375 0.3482
5 0.42 0.6798
7 0.0975 0.0844
5 2.7825 2.8374
7 0.6675 0.5745
7 0.21 0.2096
4 2.6625 2.2982
6 1.4325 1.4582
7 2.1075 2.1121
4 2.175 2.4136
6 2.4375 2.3807
6 0.9 0.8613
7 2.1 2.1669
7 2.16 2.0699
6 2.0175 2.0748
6 1.545 1.5522
6 0.375 0.3293
7 0.2475 0.2833
5 1.98 1.6336
7 0.0525 -0.0304
5 1.9125 1.9831
6 1.935 2.0192
7 1.545 1.5452
6 2.3625 2.3064
5 1.71 1.8304
7 2.7675 2.9222
6 1.05 1.0715
5 1.4775 1.6115
7 1.26 1.1932
5 0.9075 0.7025
6 1.4625 1.4606
6 0.8925 1.0095
4 1.035 1.4871
6 1.4775 1.5682
7 0.855 0.8219
6 1.0725 0.9618
5 1.02 0.9315
7 0.0825 0.1402
5 2.88 2.6989
7 1.68 1.7924
5 2.34 2.5169
6 2.58 2.5358
5 2.5875 2.7677
5 2.7225 2.8047
4 0.93 0.7785
5 0.5325 0.642
5 0.8475 0.8093
6 1.77 1.6746
4 1.0725 1.367
4 1.02 0.8711
7 0.8175 0.9756
6 1.1025 1.1321
5 0.975 0.8314
7 1.4625 1.4315
7 2.0025 1.9898
4 0.5175 0.9599
6 1.4025 2.1759
6 2.3625 2.3268
4 1.92 1.6421
4 2.7225 2.6295
5 2.8875 2.7731
5 0.03 0.2646
6 0.1575 0.3297
6 0.285 0.28
7 0.2025 0.3291
5 2.985 2.8571
4 2.9025 2.6987
7 2.91 2.6715
4 1.125 1.269
4 0.0 0.2644
7 2.1675 2.2924
7 1.485 1.3787
5 1.29 1.2018
4 2.8275 2.7948
6 1.545 1.6577
7 1.9875 2.0037
6 1.485 1.3407
7 1.5375 1.6045
7 2.46 2.5525
4 0.4425 0.5244
5 1.3425 1.5738
4 2.43 2.3503
7 0.405 0.4111
6 2.7525 2.7468
5 2.865 2.684
5 0.255 0.2532
5 0.7875 0.814
6 2.04 2.0908
6 1.605 1.6168
7 2.1 2.0786
4 2.1 2.0895
5 1.7475 1.7462
6 0.6525 0.7888
6 2.6775 2.6559
7 2.145 2.0396
4 0.2925 0.7247
7 0.045 0.0043
4 2.6625 2.6237
7 0.105 0.0927
7 1.0275 1.1652
7 0.6525 0.6392
6 0.5925 0.6662
6 1.2 1.218
4 0.2475 0.4405
7 1.05 1.1816
4 1.5375 1.4263
7 0.5325 0.5757
7 1.32 1.2985
7 0.18 0.2642
7 2.46 2.4201
7 1.6875 1.7001
4 2.07 1.5268
4 0.09 0.3299
4 1.935 1.8762
7 0.03 0.1249
7 1.755 1.679
6 2.1525 2.027
5 1.1625 1.1663
6 2.445 2.5642
5 1.29 1.3134
4 1.5075 1.4529
4 0.99 0.7975
6 1.215 0.9893
7 0.96 0.9745
4 0.5625 0.783
7 0.1275 0.2428
6 1.3575 1.4563
6 1.095 0.9254
5 2.49 2.391
6 0.525 0.6819
4 2.76 2.6664
7 1.1925 1.268
7 1.47 1.4519
5 0.255 0.551
7 0.225 0.2765
7 1.35 1.3785
6 0.495 0.6974
7 0.8625 0.7427
7 0.8625 0.8967
4 0.2325 0.8195
7 1.575 1.5977
4 1.8225 1.7284
5 2.6475 2.68
5 1.5075 1.3817
5 0.0525 0.2292
4 0.315 0.3201
7 1.7625 1.7097
5 2.9475 2.6649
7 1.875 1.9281
5 2.5875 2.4698
4 1.5 1.5457
4 0.3225 0.4765
5 0.4425 0.614
4 0.72 1.1162
4 2.625 2.51
5 1.71 1.7899
5 1.6875 1.4461
5 2.3175 2.3241
7 0.855 0.9452
5 0.1275 0.1605
4 0.63 1.1225
6 1.86 1.9633
7 2.85 2.8154
7 1.95 2.0107
4 0.525 0.8096
5 1.5525 1.4782
4 1.7475 1.9099
4 0.0075 0.5699
6 2.625 2.3838
4 0.585 0.6388
6 0.42 0.4748
7 0.45 0.4522
7 1.035 1.0085
5 0.7275 0.8543
7 0.465 0.4615
4 0.9525 1.4724
5 0.57 0.6596
4 1.65 1.5337
5 1.5525 1.3828
4 0.39 0.5153
7 1.56 1.4603
5 0.675 0.8061
5 1.3125 1.4574
7 1.6725 1.6366
5 1.9425 2.099
7 0.3675 0.4757
5 0.3525 0.2773
5 1.185 1.2529
6 0.855 0.8788
4 0.1575 0.3951
5 1.785 1.6127
6 2.025 1.8925
5 2.475 2.5469
6 0.75 0.9985
7 0.435 0.5025
6 2.655 2.5315
6 2.9775 2.9828
6 1.11 1.1789
4 1.275 1.3365
4 0.8175 0.6739
7 0.0825 0.0385
6 2.2275 2.3209
7 1.9725 1.9364
6 2.6175 2.5432
7 0.18 0.0669
6 0.0525 0.1734
5 2.7075 2.7883
6 1.9125 1.7905
4 1.4325 1.0235
7 2.745 2.7158
7 0.7575 0.7168
6 2.5275 2.241
7 1.9575 2.0951
4 0.96 1.3319
6 1.6575 1.7359
6 0.84 0.8749
7 2.8725 0.8258
6 2.0775 1.8421
7 2.4825 2.4167
5 0.06 0.563
7 1.32 1.3148
6 0.51 0.6294
7 0.7875 0.7547
6 1.755 1.7566
4 0.9675 0.9713
6 0.465 0.6655
7 2.4 2.4363
5 2.3025 2.0794
6 2.5575 2.5378
5 2.715 2.3915
5 0.2625 0.4727
5 2.7975 2.5705
7 1.575 1.6433
4 2.79 2.4122
4 0.99 0.9055
6 2.625 2.6363
5 2.37 2.266
4 2.565 1.7751
6 0.3 0.3141
4 2.325 2.2617
7 2.28 2.354
6 2.9775 2.8977
7 1.575 1.5871
6 1.6575 1.7222
4 2.7675 2.471
4 0.8475 1.1938
7 0.945 0.9456
5 2.6625 2.6148
6 1.7775 1.7422
4 1.29 1.4039
5 0.675 0.8429
5 0.3825 0.471
4 2.625 1.9159
4 2.5725 2.2686
4 0.3825 0.2923
7 2.9625 2.8145
4 0.9675 1.2445
4 2.5275 2.352
5 1.845 1.4766
4 1.26 1.5494
5 0.5475 0.4697
7 0.675 0.6847
7 1.0875 1.0245
4 1.8675 2.1322
4 1.9275 1.7113
6 2.7825 2.7968
6 1.47 1.4546
5 0.18 0.2748
6 0.7725 0.8154
4 1.71 1.8224
4 0.795 0.8562
5 0.8175 0.7709
6 0.8625 0.7061
7 1.5 1.5783
5 1.17 1.264
6 0.195 -0.0177
7 1.8225 1.7826
5 2.415 2.3709
4 1.755 1.7471
7 1.155 1.1922
5 2.8575 2.8089
7 0.1425 0.2495
4 0.3825 0.5906
6 1.59 1.4171
7 1.755 1.6374
7 2.565 2.5228
7 0.645 0.4653
4 2.67 2.4433
7 2.265 2.1371
6 0.585 0.6069
6 1.845 1.8509
5 0.5025 0.4503
6 0.3075 0.418
4 0.2475 0.6987
4 2.7825 2.6755
7 0.8325 0.8751
5 2.4975 2.4339
5 2.895 2.7404
4 0.2775 0.6463
5 1.365 1.2939
6 2.8275 2.742
4 2.0475 1.884
7 0.3375 0.2861
6 1.545 1.5157
4 0.6075 0.861
6 1.77 1.724
4 1.2 1.1549
6 1.0875 1.1159
7 2.895 2.8189
5 2.8725 2.9099
7 1.545 1.609
5 1.2525 1.5736
4 0.93 0.9856
7 0.33 0.2297
4 2.1225 2.0824
5 2.835 2.605
5 0.0675 0.3199
5 0.4875 0.4134
4 0.3525 0.3314
4 1.515 1.3995
7 0.7575 0.8922
4 0.6975 0.9002
6 1.2825 1.0483
7 0.03 0.0897
4 1.1325 1.143
5 2.16 2.0883
4 0.825 1.296
6 2.73 2.6404
5 2.4075 2.2079
6 2.04 2.0598
4 1.6125 1.639
6 1.32 1.2646
4 1.425 1.3845
7 1.215 1.171
7 2.64 2.6244
4 2.9025 2.5499
4 2.61 2.5688
6 0.5325 0.5355
7 0.4725 0.4165
4 2.445 2.1702
4 1.9875 2.3185
5 2.535 2.4657
6 1.845 1.9395
7 0.12 0.081
7 2.775 2.7482
5 1.26 1.4846
5 2.5725 2.2241
4 1.8525 1.453
4 1.0425 0.8026
5 0.6225 0.5821
5 2.97 2.9305
5 1.7025 1.6579
6 2.145 2.2369
4 1.26 1.2335
5 2.6775 2.5095
4 0.255 0.5323
5 2.535 2.3067
5 1.665 1.6227
7 1.4175 1.3909
6 1.995 2.0981
4 2.7975 2.2629
6 2.7375 2.618
5 0.885 1.0503
5 2.2575 2.2825
7 0.585 0.6255
7 1.1775 1.2763
5 0.3225 0.2467
5 2.8875 2.7154
6 2.625 2.7027
4 0.3675 1.2077
4 2.9325 2.4487
7 2.9925 2.9539
5 0.075 0.2991
4 0.7125 0.6976
7 1.7925 1.8499
6 1.7475 1.8039
4 2.355 2.5016
5 0.0375 0.2419
4 0.3525 0.807
5 2.2125 2.1011
4 2.9925 2.6804
5 2.6625 1.5452
7 0.72 0.7642
5 0.2925 0.6361
7 1.14 1.0646
7 2.8275 2.9462
5 2.9925 2.7087
5 0.36 0.4556
6 1.305 1.2328
6 1.83 1.7247
7 1.5525 1.5009
5 2.865 2.8477
5 2.0775 1.7916
4 2.91 2.6736
5 2.79 2.4319
5 0.9 1.0348
7 2.6475 2.5886
4 1.0725 1.2016
7 1.3275 1.2664
6 2.9475 2.9576
5 0.345 0.1955
7 2.775 2.6865
4 0.3075 0.4232
4 2.88 2.5936
7 2.1975 2.1089
6 0.6375 0.6602
4 0.195 0.2786
5 2.0925 2.0333
5 2.265 2.2353
6 1.8225 1.7444
4 2.1375 1.9376
5 1.23 1.1517
6 2.0475 1.9321
4 2.835 2.3876
6 0.735 0.9113
7 0.975 0.8966
7 1.3725 1.3128
6 2.64 2.5642
7 0.8175 0.774
4 1.4325 1.6895
6 1.275 1.2295
6 0.705 0.8105
6 1.365 1.4026
4 0.6 0.8056
6 0.8175 0.7834
4 2.205 2.028
6 1.1175 1.2328
7 0.2925 0.3181
7 2.7 2.765
5 0.105 0.1404
6 2.355 2.1986
6 0.87 1.0037
6 1.77 1.7789
4 1.275 1.4083
7 0.2025 0.1383
5 1.95 1.7123
5 1.0125 0.9223
5 0.96 1.1503
7 2.49 2.406
5 0.27 0.5292
5 1.1625 1.3329
4 2.0325 1.9254
7 2.3775 2.426
6 0.8475 0.7684
4 1.4325 1.3861
6 1.845 1.7252
4 0.7275 0.817
6 0.69 0.7069
4 1.9425 2.0395
5 2.0475 1.9233
5 1.17 1.0828
5 1.38 1.4508
6 2.9025 2.9101
7 1.6725 1.8029
5 0.7425 0.7817
7 2.4975 2.494
6 2.1975 2.1872
4 1.2975 1.4392
6 2.025 1.8115
5 1.1325 0.9832
4 1.5225 1.414
7 1.5075 1.4579
6 1.5525 1.6207
6 1.3275 1.2628
6 1.6725 1.6152
4 0.165 1.6733
5 1.56 1.7803
7 1.9875 2.0975
7 1.89 1.8811
4 0.195 0.4246
7 0.255 0.2531
6 0.21 0.2373
4 1.7775 1.3982
5 2.1825 2.1729
6 1.4625 1.5141
5 1.0575 1.2916
4 2.13 2.5672
4 2.1075 2.0608
5 1.74 1.8866
7 2.8275 2.8031
6 2.265 2.118
5 0.4875 0.371
6 2.88 2.8271
6 2.355 2.4386
6 1.455 1.4505
7 1.7025 1.6573
5 1.395 1.3736
7 2.025 2.0399
6 1.0425 0.8493
5 0.99 1.4582
6 0.84 0.7478
6 2.265 2.4254
6 0.3975 0.5535
5 1.6425 1.7796
5 0.6375 0.5443
6 0.51 0.2598
5 0.525 0.6942
6 1.05 1.1858
6 0.495 0.4622
5 1.8675 1.6946
6 2.6625 2.7167
4 0.03 0.3984
7 2.6775 2.7426
5 0.1875 0.1887
5 1.4625 1.5332
4 1.1625 1.3277
7 0.8025 0.8141
6 1.9725 2.0436
4 2.9925 2.6962
7 0.21 0.2131
6 1.4325 1.4068
7 1.4175 1.5296
4 2.055 1.9152
5 2.685 2.5299
7 2.6175 2.6237
6 1.05 1.0953
4 0.525 0.7222
6 2.01 2.074
7 1.9125 2.0339
7 0.2325 0.3454
4 1.4625 1.9306
7 2.4075 2.3988
4 0.9675 1.2452
7 1.9575 1.9647
6 0.5925 0.6038
5 2.64 2.62
5 1.05 1.1863
6 0.8325 0.7776
6 2.4825 2.4879
4 0.18 0.5131
4 0.0375 0.547
6 1.32 1.3833
7 2.2125 2.2601
7 0.21 0.22
7 0.39 0.4562
7 1.8825 1.891
5 1.32 1.2485
5 2.9925 2.7984
5 2.385 2.5722
4 1.0725 1.0209
4 1.3275 1.6324
6 1.035 1.0721
5 1.83 1.6376
5 0.8775 1.1404
7 0.3675 0.4807
7 0.03 0.1168
4 0.2775 0.5353
4 2.1 1.9319
7 0.8175 0.9247
7 2.445 2.4325
6 1.3575 1.5205
4 1.6875 1.5054
6 0.3 0.2783
5 2.1975 2.0026
5 1.4025 1.1134
6 2.19 2.3879
5 2.97 2.6987
6 0.1275 0.2614
6 2.595 2.8205
6 1.7025 1.3483
5 0.18 0.3707
7 1.215 1.1926
7 2.0175 1.997
6 1.4925 1.5024
6 0.2775 0.3483
5 2.8575 2.695
6 1.2675 1.2931
7 0.045 0.0812
6 2.295 2.1338
6 2.7825 2.6117
6 0.5475 0.7123
6 1.365 1.4969
6 0.99 0.9186
4 1.8975 2.0043
6 1.575 1.5087
4 1.8225 1.4859
6 1.7325 1.5774
5 2.91 2.6987
6 1.17 1.2763
6 2.325 2.4119
7 2.64 2.6719
6 1.635 1.7608
6 1.4925 1.4152
5 2.0475 1.85
5 0.375 0.3733
4 0.5175 0.7367
5 1.1025 1.074
7 2.58 2.5578
6 2.37 2.2687
5 1.8525 2.049
6 2.7975 2.7416
5 0.2625 0.475
7 2.97 2.8148
7 0.4125 0.4675
4 1.4175 1.5802
6 2.25 2.1917
5 2.94 2.6733
5 2.28 2.1007
5 1.4625 1.4123
7 0.225 0.295
7 0.1875 0.2965
7 1.935 1.9195
7 1.83 1.7178
7 0.9225 0.9495
7 2.7675 2.7318
6 2.6325 2.6808
4 0.405 0.5063
6 2.4675 2.3362
7 0.825 0.8086
5 1.83 1.9824
5 2.0775 1.8596
5 2.61 2.4173
6 0.9975 0.8872
5 1.3125 1.4108
5 0.5625 0.6296
7 0.3975 0.3181
6 1.1625 1.2058
7 1.02 1.1564
4 2.475 2.2504
7 1.845 1.9687
4 2.4675 2.5533
5 0.96 1.0103
4 1.8375 1.8651
7 0.6 2.7356
5 1.0725 1.2096
5 2.865 2.6659
7 0.8475 0.8308
5 2.325 2.1584
5 1.5825 1.5118
4 0.3525 0.3948
4 1.7325 1.6287
7 0.3525 0.4464
7 0.6 0.6864
6 1.8375 1.5989
4 1.7025 1.553
5 1.2225 1.3303
4 0.18 0.6816
6 0.9675 0.8136
4 2.88 2.71
7 2.01 1.9096
6 1.14 1.1682
4 2.475 2.2009
5 0.69 0.7866
7 2.685 2.679
5 1.5 1.4781
6 0.615 0.693
5 0.12 0.1584
4 2.85 2.4248
4 1.98 2.228
6 0.87 1.1246
6 0.09 0.2715
6 1.35 1.4624
6 1.1625 1.4431
5 1.6875 1.7682
5 2.8725 2.7252
4 2.7675 2.4757
7 1.8375 1.8687
6 0.7575 1.0571
5 0.4275 0.6365
5 1.0125 0.8099
7 2.76 2.8127
7 1.2375 1.2429
7 2.475 2.4041
4 1.0275 1.4432
6 0.51 0.3934
6 0.2025 0.2802
7 1.8675 1.8281
4 1.44 1.2117
4 0.4875 0.5205
7 2.49 2.5353
4 1.8 0.8406
4 1.635 1.3081
6 1.7625 1.8308
7 0.96 1.0358
7 0.9525 0.9924
5 0.135 0.1924
6 1.305 1.3853
7 2.775 2.6561
4 1.53 1.8036
4 1.02 0.9862
6 1.5375 1.5646
5 2.3625 2.1703
7 2.1075 2.1112
5 2.9325 2.7532
6 0.9675 1.026
6 2.115 2.1884
7 0.345 0.3522
4 0.4875 0.8835
6 0.0375 0.1494
5 2.2125 2.2023
7 0.0525 0.0027
7 0.1575 0.2785
4 2.625 2.2538
7 0.45 0.3593
6 2.25 2.2728
4 0.195 0.2115
6 0.7575 0.8544
5 1.05 0.9376
6 0.9225 0.8194
4 1.4475 1.4653
5 2.07 1.9298
5 2.1975 1.9233
4 1.8825 1.7264
6 2.9775 2.8531
6 0.0975 0.2657
7 1.44 1.4539
7 2.4525 2.4978
4 2.925 2.6717
7 1.89 1.8885
6 1.815 1.6632
4 2.985 2.5013
4 1.6725 1.7345
6 2.6475 2.4595
4 1.065 0.5622
7 0.8325 0.7904
7 1.6575 1.6441
7 2.1675 2.0738
7 1.74 1.7129
4 2.955 2.6791
6 0.8175 0.7417
5 2.595 2.3364
4 2.37 2.4471
5 2.145 2.2251
4 1.065 1.332
4 1.335 1.475
6 0.36 0.3389
5 0.795 0.8278
4 0.09 0.2216
5 1.995 2.0047
6 1.455 1.6056
7 1.4475 1.5017
4 0.285 0.4138
5 0.8625 0.7472
5 1.605 1.66
6 0.1425 0.2121
4 1.77 1.8324
7 1.5825 1.4684
4 2.775 2.6389
6 2.5725 2.4212
6 1.9875 1.992
7 0.525 0.4563
5 1.335 1.5144
7 0.6375 0.6582
6 0.375 0.2522
5 1.2825 1.1334
6 2.3475 2.2798
4 1.0875 1.2485
6 1.8825 1.6204
7 0.09 0.1606
7 0.675 0.6539
5 2.5725 2.3715
7 1.77 1.7618
4 0.0225 0.3818
6 0.1875 0.1409
6 2.58 2.7263
6 2.805 2.7719
7 0.375 0.3353
6 2.1 2.0658
7 2.7 2.617
5 1.755 1.6483
4 0.585 0.6505
7 2.6625 2.6977
6 1.815 1.8041
6 1.545 1.5198
5 2.6925 2.6464
4 2.01 1.8216
7 1.275 1.3264
5 0.255 0.4967
7 0.48 0.58
5 2.355 2.5893
5 1.29 1.3686
4 1.6425 1.8238
6 0.915 0.9904
7 2.8725 2.9174
6 1.4775 1.4186
5 1.5075 1.5737
5 2.19 2.038
6 0.75 0.6945
5 1.8975 2.0035
4 0.51 0.3723
7 0.4875 0.5551
5 2.8425 2.6585
6 1.3575 1.3749
7 0.06 0.2225
7 2.7075 2.7702
7 0.9075 0.9109
4 0.645 0.9959
5 0.87 0.9144
5 0.765 0.9758
5 2.3775 1.9543
5 0.9525 0.9327
7 2.085 2.108
7 2.07 2.0455
4 0.615 0.8694
5 1.53 1.5086
6 2.0925 2.0779
4 1.86 1.8859
7 1.3425 1.3886
7 1.02 1.0373
5 0.915 1.0056
6 0.435 0.4954
7 2.4075 2.49
4 0.375 0.4217
6 0.735 0.569
4 0.2925 0.2458
4 0.15 0.3344
6 0.3375 0.2055
5 2.7525 2.6258
4 2.73 2.5048
6 1.53 1.6216
4 2.295 2.2678
6 1.74 1.6982
7 0.15 0.1228
7 1.635 1.7054
6 0.57 0.5526
4 2.9475 2.4748
4 1.6725 1.9134
6 0.3525 0.4637
7 2.4 2.4918
4 0.405 0.8513
6 2.835 2.6891
5 2.43 2.4655
4 1.08 1.4678
6 0.315 0.2997
6 2.64 2.6996
6 1.575 1.6833
5 1.2075 1.2947
7 1.7925 1.709
5 1.08 1.0665
4 2.01 2.1554
7 2.025 2.0764
7 0.42 0.3941
5 0.3825 0.5963
4 2.73 2.4015
7 1.8675 1.9745
5 1.0575 1.2878
4 0.8025 0.9577
5 0.36 0.4805
7 1.6425 1.671
7 2.6625 2.7189
4 2.505 2.3859
4 1.8075 1.9604
4 0.99 1.1331
7 1.2675 1.3293
6 2.13 1.9214
5 2.445 2.5814
7 2.8425 2.806
5 2.13 2.2303
6 1.2 1.4085
7 0.5175 0.4443
5 2.4675 2.4719
7 0.0825 0.2006
6 2.085 2.1443
4 2.34 2.6518
6 2.2275 2.2396
4 0.6975 0.7705
7 0.1575 0.3297
7 1.6125 1.5502
5 0.525 0.2597
5 1.875 2.0383
6 0.54 0.633
6 2.0625 1.9736
4 1.815 1.8951
7 1.4775 1.5644
5 1.0125 0.9902
6 1.065 1.1984
5 2.3325 2.0272
5 1.9425 1.9814
6 2.1225 2.2485
7 0.3675 0.2764
7 1.635 1.4778
5 1.86 1.6434
5 2.085 2.0129
6 0.825 0.8022
6 1.905 1.8027
4 1.515 1.9441
4 1.29 1.4212
7 1.7025 1.8084
5 1.5375 1.6328
4 0.15 0.6283
4 0.465 0.6596
4 1.5075 1.3538
7 2.2725 2.2476
6 2.1975 2.0827
4 1.41 1.4261
7 1.155 1.0636
6 2.22 2.1192
4 2.5125 2.2004
6 2.58 2.5024
7 0.75 0.7807
6 0.765 0.6505
7 1.89 1.8178
4 0.5925 0.3012
4 2.4075 2.4605
4 2.6175 2.2869
5 0.18 0.105
5 0.2325 0.2955
6 2.1825 2.3231
5 2.8575 2.7564
4 1.8675 1.4633
7 0.255 0.3149
6 0.555 0.6389
4 2.8425 2.4616
6 2.9475 2.857
7 1.59 1.5434
6 2.835 2.7403
7 1.1925 1.1367
6 2.0775 1.8827
7 0.6675 0.6721
5 1.0575 0.8809
7 2.1825 2.192
4 2.73 2.4442
5 2.2875 2.3018
4 1.14 1.0982
4 0.69 0.99
6 1.965 1.7981
5 0.12 0.514
7 1.1175 1.0989
7 2.715 2.602
6 2.535 2.4329
7 0.51 0.4717
6 1.0875 1.0914
7 1.71 1.784
5 1.8975 1.6317
4 2.55 2.5099
4 0.795 0.5983
4 1.845 1.6519
4 1.3275 1.4203
4 0.315 0.5738
7 2.3175 2.3951
7 2.265 2.2271
5 2.52 2.6215
5 0.105 0.1484
6 1.4025 1.3433
4 0.195 0.5678
4 0.6075 0.9499
4 1.71 1.2409
6 2.34 2.3408
4 2.97 2.8807
4 2.49 2.5184
6 1.26 1.2219
4 1.5375 1.5496
4 0.975 1.0569
5 0.075 0.2952
7 1.38 1.3558
5 1.56 1.7747
4 0.5775 0.3416
5 0.4725 0.3677
7 0.3075 0.3051
7 0.1275 0.0566
6 0.165 0.1552
5 0.7275 0.7481
6 0.63 0.7276
7 2.9625 2.9205
5 1.1325 0.9104
4 1.3875 1.2208
7 1.215 1.2018
7 0.6375 0.7025
4 1.875 1.5871
4 2.4075 1.9517
4 0.975 1.2481
6 0.42 0.4569
5 0.6525 0.5829
5 2.4975 2.3317
7 1.38 1.3306
6 2.9175 2.7125
4 2.1075 1.9557
4 0.735 0.9311
6 1.335 1.6096
7 0.0225 0.1023
4 1.4025 1.8
6 2.0475 1.8581
5 2.9475 2.861
7 0.9825 1.0214
5 0.015 0.1367
6 1.3275 1.2061
5 2.445 2.2522
4 1.8075 1.7282
5 0.2775 0.5819
5 2.6025 2.4669
4 2.97 2.5822
4 1.6725 1.5522
6 2.805 2.8127
5 0.615 0.7484
5 0.96 1.0508
7 0.315 0.2366
4 0.945 1.3478
7 1.545 1.4486
6 0.7125 0.8029
7 0.4875 0.4285
4 1.2825 1.3171
4 2.7975 2.5621
7 0.915 0.9684
7 2.6475 2.6492
6 2.7825 2.753
4 1.7925 0.9491
5 2.34 2.4255
6 2.8125 2.8531
6 0.54 0.7019
6 2.5425 2.536
4 1.4475 1.4111
5 1.5975 1.7323
5 1.7025 1.6407
7 1.3575 1.34
4 2.8275 2.5004
7 1.71 1.6293
4 1.2525 1.3404
5 1.3275 1.1608
6 1.3275 1.3769
7 1.1625 1.2712
6 2.85 2.872
7 2.4675 2.3321
7 0.585 0.6008
4 0.465 1.0776
7 2.2875 2.2273
7 2.145 2.0846
5 2.9175 2.8659
5 1.8075 1.6826
6 0.5025 0.7341
6 1.2525 1.2579
6 0.6975 0.8258
7 2.67 2.6384
5 1.545 1.409
6 2.85 2.8861
5 2.3025 2.4164
7 1.68 1.6961
5 2.9475 2.7323
7 0.705 0.7045
4 0.4575 0.9047
6 0.4275 0.5249
7 0.9675 0.9683
5 1.935 2.1484
7 0.03 0.1002
5 0.9 0.7894
7 0.0675 0.0329
5 2.535 2.3323
7 0.0825 0.0336
7 1.5225 1.4994
7 2.8425 2.8859
7 2.625 2.6336
6 0.465 0.5828
6 0.3 0.2711
5 1.8825 2.0631
7 1.41 1.4904
6 1.98 1.8103
7 1.92 1.9229
4 1.11 1.5626
5 1.38 1.3125
4 2.8875 2.6769
4 2.0775 2.1096
7 0.18 0.1088
5 2.565 2.7014
5 0.42 0.5446
5 0.5625 0.6837
5 1.0125 0.819
5 0.6825 0.7407
4 2.07 2.1035
7 1.905 1.8989
7 1.785 1.8907
5 1.635 1.5942
6 2.7 2.4262
4 1.98 2.2919
4 0.135 0.4824
6 0.0525 0.0945
4 0.5925 0.6428
5 1.1625 1.2466
7 0.2625 0.3162
6 2.6625 2.7639
5 1.2825 1.2545
5 0.2475 0.3506
4 0.54 0.7161
5 2.925 2.8149
7 0.0375 0.1366
5 2.385 2.3517
7 0.9675 0.952
4 0.0 0.9408
5 2.2575 2.2505
4 1.545 1.8658
6 0.0675 0.2213
6 1.5225 1.5514
4 0.2775 0.2332
5 0.7425 0.6885
7 2.3175 2.3957
6 2.2725 2.3252
4 2.445 1.9707
6 0.93 0.7078
6 0.435 0.476
4 1.0875 0.9446
7 0.3075 0.3511
4 2.985 2.6227
7 0.1425 0.1212
6 1.0275 0.8074
4 0.03 0.605
4 1.5675 1.2968
7 2.07 1.9969
7 1.2375 1.2332
4 1.0275 1.3342
5 0.075 0.1825
7 2.2725 2.1495
7 2.7 2.6904
6 1.7175 1.532
4 0.6 0.9136
6 2.8425 2.8526
7 0.525 0.6678
7 2.7975 2.6779
6 0.135 0.2275
5 0.9525 0.9219
4 0.765 0.9585
6 1.8 1.6223
5 0.8175 0.9515
5 0.0375 0.272
7 2.16 2.1708
5 2.0625 2.046
5 0.51 0.4957
6 1.8675 1.6187
5 0.69 0.6277
6 0.7425 0.8084
7 2.1525 2.0201
4 0.9225 1.2292
4 0.8175 0.8693
6 0.3225 0.3536
5 2.805 2.7838
6 2.8575 2.6768
7 2.295 2.2583
7 0.735 0.696
5 1.89 2.033
7 0.4425 0.5499
5 2.3775 2.2336
7 2.13 2.1171
5 0.045 0.1535
7 1.5525 1.6148
4 1.665 1.0606
7 1.8675 1.9039
7 1.2225 1.2493
6 1.17 1.3114
4 0.6675 1.0133
7 0.8625 0.8309
5 0.915 1.1388
7 0.8175 0.8868
7 0.2325 0.1949
7 1.635 1.5053
5 1.4475 1.4007
6 2.88 2.8968
7 0.7875 0.7778
7 2.2275 2.2564
5 2.55 2.4608
5 2.2275 2.2007
4 2.67 2.4549
4 0.975 0.7087
6 2.43 2.0596
4 1.335 1.3455
7 0.6075 0.7543
5 1.5225 1.4168
5 2.9325 2.8264
4 1.0275 1.1024
7 0.87 0.8324
4 0.5325 0.7392
4 0.9675 0.9742
7 0.6975 0.5962
4 0.09 0.3474
6 1.3725 1.5202
5 1.08 1.1093
6 0.63 0.9221
7 1.5525 1.6078
5 2.3925 2.4515
7 0.15 0.2558
5 1.56 1.6258
5 2.715 2.7938
7 0.8925 0.7361
4 1.4475 1.6251
6 0.18 0.0645
7 1.11 1.147
4 0.855 0.8199
6 2.28 1.956
5 1.3425 1.3766
7 0.495 0.5743
5 1.4025 1.1543
6 1.05 0.9787
7 2.04 2.0163
4 2.58 2.681
5 0.78 0.6282
4 0.33 0.5436
6 1.9275 1.7939
7 1.3725 1.3768
6 1.6875 1.5736
7 0.7425 0.8085
7 2.565 2.5785
7 1.7025 1.7091
6 2.2575 2.2536
5 2.6775 2.6912
5 1.815 1.8316
6 0.15 0.2278
5 2.7525 2.7627
6 1.3425 1.3077
6 1.965 1.8237
6 0.405 0.3646
4 2.3175 2.3532
6 0.1575 0.1492
5 2.4525 2.4754
5 0.5175 0.6802
4 2.8575 2.8089
4 0.2025 0.7159
7 1.7775 1.7735
7 0.0825 0.1158
6 1.5975 1.6185
4 2.9475 2.8014
6 1.9275 1.8132
7 2.73 2.6622
5 1.17 1.252
6 0.1875 0.0623
4 0.9975 1.3629
4 2.28 2.2725
4 0.375 0.2939
6 1.2825 1.362
6 0.7725 0.8144
6 2.5275 2.5855
7 2.685 2.7362
7 1.5075 1.4904
4 0.9825 1.4025
6 0.0825 -0.0259
7 0.21 0.217
5 0.5775 0.6217
5 2.4975 2.5294
6 1.0575 1.0031
6 2.4525 2.4792
6 0.0 0.0622
6 1.86 1.83
7 2.1225 2.0427
4 2.07 2.0648
4 0.795 1.013
4 0.5625 0.4532
7 0.795 0.7159
4 1.17 0.8936
4 1.5825 1.7714
7 1.2375 1.146
7 0.3825 0.3164
5 0.78 0.9406
5 0.99 0.9816
4 1.47 1.3048
5 2.4075 2.3538
6 2.5125 2.5193
6 2.1075 2.0592
7 1.4475 1.4958
7 2.3175 2.3747
7 2.715 2.6026
4 2.085 2.4324
4 0.045 0.3996
5 2.595 2.6447
7 0.3975 0.333
7 1.5525 1.5607
7 0.0675 0.0876
5 1.74 1.7699
6 0.165 0.1441
6 0.9825 1.0702
5 1.74 1.5155
4 2.6625 2.5461
4 0.7425 0.9186
4 2.31 2.3155
5 1.59 1.3799
4 0.15 0.2471
7 1.7325 1.7925
4 2.3625 2.2022
7 2.7525 2.7781
6 0.75 0.7632
4 1.7625 1.8622
6 0.3375 0.4262
5 2.5575 2.4761
7 1.5075 1.4245
7 2.6775 2.6855
7 0.855 0.9598
6 0.735 0.5343
4 2.4975 2.1746
4 0.72 0.7801
7 1.635 1.7513
5 2.1375 2.1839
4 2.3175 2.22
4 2.955 2.4748
4 1.14 1.4639
6 2.1 2.2076
6 0.2175 0.3373
4 0.84 0.7505
4 1.83 1.8077
4 0.6225 0.5538
5 0.06 0.1568
7 0.2625 0.3
4 2.22 2.0394
6 1.0425 1.2466
5 2.0775 1.9449
4 2.9175 2.734
6 1.005 1.2382
4 0.855 1.1942
4 2.4825 2.6084
4 2.5425 2.1177
6 0.5175 0.6671
6 1.83 1.8929
7 1.3575 1.1787
6 1.0875 1.2851
5 1.9125 1.8017
7 2.01 1.8578
4 1.9575 1.8641
6 2.9175 2.7964
5 1.9125 1.897
6 1.665 1.7174
4 2.88 2.6421
6 1.335 1.2842
6 0.2775 0.3129
4 2.49 2.3103
4 0.96 0.805
7 0.0675 0.0991
5 0.1875 0.3688
7 2.1225 2.0408
6 2.0625 1.8766
4 1.845 1.6637
7 2.0625 2.1757
4 1.5375 1.6918
4 0.7575 0.9274
7 1.0275 1.0408
7 2.715 2.6846
4 1.0275 0.961
4 2.61 2.6385
6 1.32 1.2421
4 1.3575 1.5898
4 1.68 1.9328
7 0.8775 1.0244
5 1.755 1.5126
7 0.7425 0.8188
4 0.42 0.7581
4 1.365 1.3832
4 1.8075 1.9304
6 1.9275 1.8275
4 1.875 1.8124
4 1.665 1.7313
7 0.1125 0.0474
6 2.13 1.9471
5 2.445 2.4035
7 2.7675 2.6707
4 2.8275 2.6514
4 2.565 2.2051
6 2.115 2.1559
5 0.855 0.8744
4 0.885 0.7472
4 2.1825 1.6935
6 0.3375 0.2473
6 2.5575 2.609
7 0.4125 0.4922
7 1.95 1.8951
4 2.985 2.7203
6 1.8375 1.8152
7 1.935 1.8042
5 1.17 1.2333
5 1.35 1.2728
5 1.7175 1.3671
5 0.9225 1.1171
4 0.105 0.6532
7 1.2225 1.0143
7 1.365 1.4175
7 2.34 2.3359
5 2.535 2.3653
4 2.865 2.4093
5 0.855 0.9366
4 2.3325 1.7733
7 0.27 0.331
4 1.83 1.9496
5 2.7375 2.8654
5 2.3625 2.2507
5 0.4575 0.3191
5 1.2075 1.3383
4 1.4325 1.6514
7 0.195 0.2534
6 2.7075 2.7156
6 1.5975 1.6116
4 1.8 1.8711
7 1.2825 1.3161
6 2.1525 2.19
4 1.515 1.5151
4 0.81 0.7764
7 2.7225 2.8006
4 1.635 1.6425
7 0.795 0.7871
7 1.9275 1.9878
6 1.4325 1.3457
6 1.68 1.54
6 2.835 2.8486
5 2.445 2.4367
5 2.7675 2.622
6 1.0725 1.0065
6 2.2875 2.0238
4 1.74 2.0112
7 0.255 0.4089
4 0.3825 0.6639
6 1.5975 1.7517
7 2.445 2.5339
7 0.06 0.1946
7 2.865 2.7637
7 2.5575 2.5624
4 1.755 1.42
5 0.54 0.6682
4 2.1225 1.8866
5 1.14 1.0542
4 1.2225 1.292
4 2.6325 2.6132
6 0.8025 0.7744
6 0.6525 0.6216
7 1.56 1.7385
5 2.2275 2.2105
4 1.0275 1.2807
5 1.95 1.7391
6 0.3225 0.2654
5 0.225 0.3364
7 1.905 1.9703
5 1.7325 1.4276
7 2.2575 2.325
5 2.0175 2.0318
4 0.9375 0.8553
5 2.37 2.6762
4 0.1725 0.7344
5 1.8225 1.709
6 0.93 0.8831
7 0.03 0.0878
5 0.135 0.4105
7 0.3225 0.3882
6 1.0725 1.0867
7 2.8725 2.919
4 1.7175 2.1049
4 1.32 1.685
6 2.595 2.5184
6 2.0025 2.0097
5 0.585 0.9237
5 0.45 0.4758
6 2.025 2.021
5 0.3825 0.4421
5 2.7225 2.5197
5 2.595 2.4301
5 0.0675 0.1464
4 1.1175 1.0851
7 0.6075 0.5426
5 2.235 2.249
5 2.9625 2.7786
4 2.355 2.199
5 1.3725 1.5207
6 1.83 1.9267
6 2.8125 2.9648
5 1.59 1.6122
4 1.5825 1.4102
4 1.395 1.5324
7 1.8675 1.8155
4 1.1025 1.1764
7 1.44 1.4929
4 2.2425 2.4678
4 1.56 1.9616
7 2.5725 2.5267
5 1.02 1.2671
6 1.6425 1.6686
7 0.4575 0.6023
4 1.185 1.1071
4 0.54 0.5837
6 2.4 2.3809
7 1.83 1.8469
7 1.1175 1.0118
4 0.855 1.286
4 0.2925 0.2931
6 1.9125 1.7467
7 2.565 2.5454
7 0.315 0.2219
5 1.5 1.6196
4 1.35 1.0589
7 2.8425 2.7523
4 2.8425 2.7148
5 2.4975 2.154
7 0.2175 0.1634
4 1.485 1.0819
7 1.815 1.7779
6 0.4875 0.5949
6 0.285 0.3019
5 0.21 0.5137
4 1.3275 1.3307
5 1.2975 1.4774
4 0.105 0.7129
6 0.3075 0.2631
5 1.71 1.6558
5 0.975 1.0885
6 2.37 2.4819
7 2.1675 2.0988
6 1.6725 1.4606
6 0.9675 0.9095
4 0.555 1.0238
4 2.7975 2.5967
6 1.6725 1.5301
7 0.555 0.518
7 1.6575 1.8854
5 0.045 0.3221
4 1.41 1.4323
5 1.725 1.6959
6 0.345 0.4989
4 1.9725 1.7829
7 0.4275 0.4131
5 1.62 1.5918
6 2.76 2.6496
4 2.265 2.4413
7 2.175 2.1258
6 1.3125 1.1552
7 2.7375 2.7218
5 1.635 1.7038
6 0.06 0.1777
7 1.3875 1.4723
7 2.5275 2.6167
5 2.685 2.6771
6 1.155 1.1484
5 1.755 1.5902
5 1.0125 1.0665
4 0.285 0.4592
4 1.995 1.7929
6 0.2475 0.3081
4 1.9125 1.5236
5 1.4625 1.6017
5 1.9425 1.9179
4 0.5325 0.6071
7 0.69 0.681
6 1.1925 1.2011
7 2.5125 2.458
6 2.3775 2.3696
6 2.625 2.7469
7 1.305 1.1778
5 1.53 1.5156
5 0.0375 0.1717
6 2.7525 2.6637
4 0.18 0.437
4 1.755 1.6666
4 0.2775 0.544
6 0.6225 0.6893
7 1.8975 1.9676
7 1.9725 2.0376
5 2.2875 1.9874
7 0.3075 0.3504
4 1.8525 1.8251
5 1.8375 1.876
4 1.4775 1.7585
4 2.595 2.2481
6 2.235 2.2541
5 0.975 1.0633
6 2.4225 2.3788
5 1.5675 1.715
7 2.1975 2.3029
4 0.3225 0.5387
4 0.69 0.9182
4 2.07 1.7497
7 1.5 1.4857
5 2.685 2.7377
6 1.83 1.7052
4 1.4325 1.5903
5 0.72 0.7317
4 2.2425 2.6277
4 2.1525 2.244
4 0.2775 0.7861
7 1.275 1.3692
5 2.4975 2.7786
7 2.355 2.3471
6 1.095 1.0564
5 2.3925 2.2923
6 1.545 1.4331
7 0.51 0.6006
7 1.0125 0.9522
7 1.47 1.494
4 2.1525 2.2169
4 1.065 0.7868
5 2.3175 2.3225
4 0.6375 0.4
7 2.1375 2.2029
7 2.7525 2.7185
6 2.6025 2.55
5 2.115 2.1094
6 1.02 0.9927
4 0.69 1.0208
4 2.04 1.8839
5 2.1975 0.286
5 2.37 2.1576
5 2.715 2.5605
4 2.7375 2.1975
7 0.72 0.5695
6 1.05 1.0904
6 1.815 1.8367
6 0.4575 0.7574
6 1.5825 1.6693
5 2.295 2.4747
5 1.47 1.502
7 0.945 1.1337
5 0.6525 0.6539
4 2.1375 2.0272
6 0.135 0.2859
7 2.1075 2.1554
6 1.02 1.1116
5 0.6525 0.5291
7 1.71 1.6911
7 0.48 0.5904
5 1.8975 1.6417
5 0.0675 0.1176
6 0.54 0.4927
5 0.42 0.3461
5 2.745 2.7987
7 0.4125 0.3669
4 0.84 1.1701
6 1.4325 1.4795
5 2.2875 2.3667
4 0.75 0.9191
7 1.9575 1.9954
7 0.36 0.2696
4 0.5925 0.8112
4 0.795 0.5962
4 1.905 1.7868
7 0.045 0.0521
4 0.8025 0.7108
7 1.4025 1.2733
5 1.7775 1.9008
4 2.175 2.2484
7 2.8875 2.9303
6 2.88 2.8947
4 1.62 1.7169
7 2.1975 1.9995
7 1.6725 1.6336
7 2.1225 2.1042
7 0.7875 0.8446
5 1.3425 1.4625
7 1.575 1.4672
7 1.41 1.3557
4 1.3575 1.084
7 2.685 2.6539
7 2.925 2.8815
6 2.8575 2.7978
6 0.3825 0.4619
4 1.305 1.3455
6 1.7475 1.8074
4 2.3925 1.9077
4 1.3425 1.4506
5 0.57 0.6294
5 2.31 2.4208
5 2.7075 2.7102
4 0.2625 0.5991
5 2.5875 2.5997
5 2.5875 2.2823
4 0.0975 0.2813
4 2.9925 2.6841
5 0.81 0.9811
4 1.2375 1.4004
4 2.1825 1.891
4 1.1775 1.2074
4 1.905 1.7142
5 1.035 0.887
6 0.015 0.1569
7 0.7875 0.695
5 1.455 1.1988
5 1.5225 1.5302
4 2.91 2.7837
4 0.0225 0.4011
5 1.9725 2.0066
5 0.03 0.1764
6 0.1275 0.2916
7 1.26 1.3156
6 0.0075 0.0957
6 2.835 2.8346
4 2.76 2.6721
7 1.4025 1.4304
7 1.4325 1.3226
5 0.9375 1.0039
6 0.9375 0.8751
6 0.855 0.9142
6 1.9875 2.1324
4 1.3575 1.7366
5 0.87 1.0476
4 0.3375 0.5389
6 1.905 1.964
6 2.595 2.6867
6 1.9575 1.8225
4 2.55 2.3745
4 2.49 2.4273
5 1.365 1.2033
6 2.3475 2.2482
5 2.025 2.0453
5 1.2375 1.0775
5 0.0975 0.2456
6 0.0 0.0858
4 0.2775 0.6
7 0.1275 0.1762
4 1.485 1.6776
6 0.255 0.2149
6 0.6375 0.5921
4 1.7775 1.849
7 0.06 0.0838
6 0.75 0.81
6 0.1725 0.4296
4 0.06 0.3126
7 2.4075 2.4317
5 2.61 2.6872
4 1.725 1.959
5 2.8725 2.8556
7 0.585 0.5333
6 0.7875 0.7516
4 2.7375 2.2451
7 0.8475 0.6578
7 1.0425 1.1663
5 1.7025 1.6082
7 2.3775 2.4614
5 0.705 0.9476
6 2.1225 2.1665
7 1.4925 1.4732
6 0.3225 2.3824
6 0.285 0.1384
7 1.3125 1.2667
7 1.2375 1.2609
5 0.1875 0.2078
6 1.8375 1.8202
7 0.3825 0.252
4 0.24 0.4314
4 1.6125 1.5344
7 1.0125 1.0987
4 0.105 0.6028
5 2.4825 2.6746
6 2.445 2.2069
6 0.6525 0.8032
6 0.9 0.7614
4 0.7425 0.8712
7 2.115 2.1267
6 1.815 1.8024
4 1.4925 1.4239
6 2.3475 2.2116
6 1.3875 1.3738
5 0.4425 0.1646
5 2.76 2.5749
7 1.2675 1.2882
4 2.67 2.195
4 2.925 2.536
4 2.775 2.5169
4 0.645 0.825
4 2.9925 2.208
6 2.01 1.7886
4 0.36 0.4071
4 0.795 0.7786
6 2.1375 2.2654
4 1.7325 1.7852
4 1.3275 1.2378
5 1.2225 1.2755
7 1.395 1.4253
7 1.47 1.4741
7 2.7375 2.5931
6 2.2125 2.212
7 0.39 0.4399
4 0.5175 0.9991
5 0.0225 0.2793
4 1.26 1.4307
4 2.1225 2.1093
4 2.5275 2.3737
5 1.1775 1.0507
7 1.14 1.1721
5 0.585 0.7664
5 2.52 2.5811
7 2.6475 2.5538
6 0.99 0.9804
6 1.605 1.4817
4 1.53 1.709
6 1.2675 1.3542
6 2.2275 2.2098
6 0.09 0.3306
6 0.7725 0.8889
5 1.005 1.1738
7 2.9775 2.9629
6 1.4775 1.5426
5 2.745 2.7562
6 1.6575 1.8485
6 0.645 0.4733
5 1.245 1.088
7 1.425 1.5351
6 1.7325 1.9522
7 2.0325 1.9906
4 1.2825 1.4787
5 0.3675 0.5183
4 1.4025 1.8003
4 1.1625 1.4009
6 1.8375 1.6908
4 0.7575 1.235
4 1.32 1.047
5 0.8475 0.8791
6 2.115 1.9947
6 1.8075 1.6372
6 2.3925 2.2988
5 1.1175 0.9345
7 0.8925 0.9292
6 1.545 1.4397
5 2.7675 2.6759
6 0.2775 0.2014
4 1.185 1.3508
6 0.0375 0.1644
4 0.7125 0.8427
4 0.9 1.1862
6 1.965 2.0381
4 0.75 0.7167
4 0.6225 0.7382
4 2.7075 2.769
5 0.7425 0.8319
4 0.3975 0.554
6 2.97 2.8459
6 1.3875 1.3083
7 2.97 2.8671
7 1.4325 1.5197
5 2.8575 2.7931
4 2.3925 2.2472
4 1.275 1.7348
7 1.935 1.9331
7 2.49 2.5063
6 0.3 0.15
6 2.34 2.4231
7 1.26 1.2405
6 2.85 2.7202
7 0.06 0.0535
6 0.3825 0.4532
6 2.7975 2.8773
7 1.6275 1.7692
4 2.175 2.0202
6 1.9275 1.8522
6 0.7125 0.6231
5 2.865 2.7576
7 2.28 2.3287
7 1.3875 1.4418
6 2.475 2.461
6 2.055 2.0331
6 2.1975 2.2328
4 0.09 0.2145
6 0.6 0.7999
5 2.1825 2.2846
4 2.2275 2.2651
5 1.335 1.149
6 0.12 0.1301
5 1.26 1.228
4 1.6425 1.5622
5 2.0625 2.173
6 2.805 2.6183
4 0.48 0.8407
7 0.18 0.1265
6 1.92 1.943
5 1.395 1.3296
7 2.7675 2.9331
6 0.4875 0.5142
6 0.9825 1.2231
5 1.4475 1.5058
6 0.255 0.305
7 0.63 0.5493
5 2.775 2.6348
6 2.79 2.6562
5 1.3125 1.113
6 1.4025 1.5129
4 2.0925 2.3271
7 0.525 0.4174
7 0.975 0.8958
6 2.175 2.1067
6 2.91 2.8839
5 0.6 0.7532
5 2.565 2.4878
