sigma2_stimulus 	 [inf, 2.0, 3.0, 4.0, 5.0, 6.0, 7.0, 8.0, 9.0, 10.0]
log_motor_var 	 [8.12501049041748]
sigma_logit 	 [-1.0, -2.0, -3.0, -4.0, -5.0, -6.0, -7.0, -8.0, -9.0, -10.0]
mixture_logit 	 [-5.160216331481934]
prior 	 [0.0024999999441206455, 0.0024999999441206455, 0.0024999999441206455, 0.0024999999441206455, 0.0024999999441206455, 0.0024999999441206455, 0.0024999999441206455, 0.0024999999441206455, 0.0024999999441206455, 0.0024999999441206455, 0.0024999999441206455, 0.0024999999441206455, 0.0024999999441206455, 0.0024999999441206455, 0.0024999999441206455, 0.0024999999441206455, 0.0024999999441206455, 0.0024999999441206455, 0.0024999999441206455, 0.0024999999441206455, 0.0024999999441206455, 0.0024999999441206455, 0.0024999999441206455, 0.0024999999441206455, 0.0024999999441206455, 0.0024999999441206455, 0.0024999999441206455, 0.0024999999441206455, 0.0024999999441206455, 0.0024999999441206455, 0.0024999999441206455, 0.0024999999441206455, 0.0024999999441206455, 0.0024999999441206455, 0.0024999999441206455, 0.0024999999441206455, 0.0024999999441206455, 0.0024999999441206455, 0.0024999999441206455, 0.0024999999441206455, 0.0024999999441206455, 0.0024999999441206455, 0.0024999999441206455, 0.0024999999441206455, 0.0024999999441206455, 0.0024999999441206455, 0.0024999999441206455, 0.0024999999441206455, 0.0024999999441206455, 0.0024999999441206455, 0.0024999999441206455, 0.0024999999441206455, 0.0024999999441206455, 0.0024999999441206455, 0.0024999999441206455, 0.0024999999441206455, 0.0024999999441206455, 0.0024999999441206455, 0.0024999999441206455, 0.0024999999441206455, 0.0024999999441206455, 0.0024999999441206455, 0.0024999999441206455, 0.0024999999441206455, 0.0024999999441206455, 0.0024999999441206455, 0.0024999999441206455, 0.0024999999441206455, 0.0024999999441206455, 0.0024999999441206455, 0.0024999999441206455, 0.0024999999441206455, 0.0024999999441206455, 0.0024999999441206455, 0.0024999999441206455, 0.0024999999441206455, 0.0024999999441206455, 0.0024999999441206455, 0.0024999999441206455, 0.0024999999441206455, 0.0024999999441206455, 0.0024999999441206455, 0.0024999999441206455, 0.0024999999441206455, 0.0024999999441206455, 0.0024999999441206455, 0.0024999999441206455, 0.0024999999441206455, 0.0024999999441206455, 0.0024999999441206455, 0.0024999999441206455, 0.0024999999441206455, 0.0024999999441206455, 0.0024999999441206455, 0.0024999999441206455, 0.0024999999441206455, 0.0024999999441206455, 0.0024999999441206455, 0.0024999999441206455, 0.0024999999441206455, 0.0024999999441206455, 0.0024999999441206455, 0.0024999999441206455, 0.0024999999441206455, 0.0024999999441206455, 0.0024999999441206455, 0.0024999999441206455, 0.0024999999441206455, 0.0024999999441206455, 0.0024999999441206455, 0.0024999999441206455, 0.0024999999441206455, 0.0024999999441206455, 0.0024999999441206455, 0.0024999999441206455, 0.0024999999441206455, 0.0024999999441206455, 0.0024999999441206455, 0.0024999999441206455, 0.0024999999441206455, 0.0024999999441206455, 0.0024999999441206455, 0.0024999999441206455, 0.0024999999441206455, 0.0024999999441206455, 0.0024999999441206455, 0.0024999999441206455, 0.0024999999441206455, 0.0024999999441206455, 0.0024999999441206455, 0.0024999999441206455, 0.0024999999441206455, 0.0024999999441206455, 0.0024999999441206455, 0.0024999999441206455, 0.0024999999441206455, 0.0024999999441206455, 0.0024999999441206455, 0.0024999999441206455, 0.0024999999441206455, 0.0024999999441206455, 0.0024999999441206455, 0.0024999999441206455, 0.0024999999441206455, 0.0024999999441206455, 0.0024999999441206455, 0.0024999999441206455, 0.0024999999441206455, 0.0024999999441206455, 0.0024999999441206455, 0.0024999999441206455, 0.0024999999441206455, 0.0024999999441206455, 0.0024999999441206455, 0.0024999999441206455, 0.0024999999441206455, 0.0024999999441206455, 0.0024999999441206455, 0.0024999999441206455, 0.0024999999441206455, 0.0024999999441206455, 0.0024999999441206455, 0.0024999999441206455, 0.0024999999441206455, 0.0024999999441206455, 0.0024999999441206455, 0.0024999999441206455, 0.0024999999441206455, 0.0024999999441206455, 0.0024999999441206455, 0.0024999999441206455, 0.0024999999441206455, 0.0024999999441206455, 0.0024999999441206455, 0.0024999999441206455, 0.0024999999441206455, 0.0024999999441206455, 0.0024999999441206455, 0.0024999999441206455, 0.0024999999441206455, 0.0024999999441206455, 0.0024999999441206455, 0.0024999999441206455, 0.0024999999441206455, 0.0024999999441206455, 0.0024999999441206455, 0.0024999999441206455, 0.0024999999441206455, 0.0024999999441206455, 0.0024999999441206455, 0.0024999999441206455, 0.0024999999441206455, 0.0024999999441206455, 0.0024999999441206455, 0.0024999999441206455, 0.0024999999441206455, 0.0024999999441206455, 0.0024999999441206455, 0.0024999999441206455, 0.0024999999441206455, 0.0024999999441206455, 0.0024999999441206455, 0.0024999999441206455, 0.0024999999441206455, 0.0024999999441206455, 0.0024999999441206455, 0.0024999999441206455, 0.0024999999441206455, 0.0024999999441206455, 0.0024999999441206455, 0.0024999999441206455, 0.0024999999441206455, 0.0024999999441206455, 0.0024999999441206455, 0.0024999999441206455, 0.0024999999441206455, 0.0024999999441206455, 0.0024999999441206455, 0.0024999999441206455, 0.0024999999441206455, 0.0024999999441206455, 0.0024999999441206455, 0.0024999999441206455, 0.0024999999441206455, 0.0024999999441206455, 0.0024999999441206455, 0.0024999999441206455, 0.0024999999441206455, 0.0024999999441206455, 0.0024999999441206455, 0.0024999999441206455, 0.0024999999441206455, 0.0024999999441206455, 0.0024999999441206455, 0.0024999999441206455, 0.0024999999441206455, 0.0024999999441206455, 0.0024999999441206455, 0.0024999999441206455, 0.0024999999441206455, 0.0024999999441206455, 0.0024999999441206455, 0.0024999999441206455, 0.0024999999441206455, 0.0024999999441206455, 0.0024999999441206455, 0.0024999999441206455, 0.0024999999441206455, 0.0024999999441206455, 0.0024999999441206455, 0.0024999999441206455, 0.0024999999441206455, 0.0024999999441206455, 0.0024999999441206455, 0.0024999999441206455, 0.0024999999441206455, 0.0024999999441206455, 0.0024999999441206455, 0.0024999999441206455, 0.0024999999441206455, 0.0024999999441206455, 0.0024999999441206455, 0.0024999999441206455, 0.0024999999441206455, 0.0024999999441206455, 0.0024999999441206455, 0.0024999999441206455, 0.0024999999441206455, 0.0024999999441206455, 0.0024999999441206455, 0.0024999999441206455, 0.0024999999441206455, 0.0024999999441206455, 0.0024999999441206455, 0.0024999999441206455, 0.0024999999441206455, 0.0024999999441206455, 0.0024999999441206455, 0.0024999999441206455, 0.0024999999441206455, 0.0024999999441206455, 0.0024999999441206455, 0.0024999999441206455, 0.0024999999441206455, 0.0024999999441206455, 0.0024999999441206455, 0.0024999999441206455, 0.0024999999441206455, 0.0024999999441206455, 0.0024999999441206455, 0.0024999999441206455, 0.0024999999441206455, 0.0024999999441206455, 0.0024999999441206455, 0.0024999999441206455, 0.0024999999441206455, 0.0024999999441206455, 0.0024999999441206455, 0.0024999999441206455, 0.0024999999441206455, 0.0024999999441206455, 0.0024999999441206455, 0.0024999999441206455, 0.0024999999441206455, 0.0024999999441206455, 0.0024999999441206455, 0.0024999999441206455, 0.0024999999441206455, 0.0024999999441206455, 0.0024999999441206455, 0.0024999999441206455, 0.0024999999441206455, 0.0024999999441206455, 0.0024999999441206455, 0.0024999999441206455, 0.0024999999441206455, 0.0024999999441206455, 0.0024999999441206455, 0.0024999999441206455, 0.0024999999441206455, 0.0024999999441206455, 0.0024999999441206455, 0.0024999999441206455, 0.0024999999441206455, 0.0024999999441206455, 0.0024999999441206455, 0.0024999999441206455, 0.0024999999441206455, 0.0024999999441206455, 0.0024999999441206455, 0.0024999999441206455, 0.0024999999441206455, 0.0024999999441206455, 0.0024999999441206455, 0.0024999999441206455, 0.0024999999441206455, 0.0024999999441206455, 0.0024999999441206455, 0.0024999999441206455, 0.0024999999441206455, 0.0024999999441206455, 0.0024999999441206455, 0.0024999999441206455, 0.0024999999441206455, 0.0024999999441206455, 0.0024999999441206455, 0.0024999999441206455, 0.0024999999441206455, 0.0024999999441206455, 0.0024999999441206455, 0.0024999999441206455, 0.0024999999441206455, 0.0024999999441206455, 0.0024999999441206455, 0.0024999999441206455, 0.0024999999441206455, 0.0024999999441206455, 0.0024999999441206455, 0.0024999999441206455, 0.0024999999441206455, 0.0024999999441206455, 0.0024999999441206455, 0.0024999999441206455, 0.0024999999441206455, 0.0024999999441206455, 0.0024999999441206455, 0.0024999999441206455, 0.0024999999441206455, 0.0024999999441206455, 0.0024999999441206455, 0.0024999999441206455, 0.0024999999441206455, 0.0024999999441206455, 0.0024999999441206455, 0.0024999999441206455, 0.0024999999441206455, 0.0024999999441206455, 0.0024999999441206455, 0.0024999999441206455, 0.0024999999441206455, 0.0024999999441206455, 0.0024999999441206455, 0.0024999999441206455, 0.0024999999441206455, 0.0024999999441206455, 0.0024999999441206455, 0.0024999999441206455, 0.0024999999441206455, 0.0024999999441206455, 0.0024999999441206455, 0.0024999999441206455, 0.0024999999441206455, 0.0024999999441206455, 0.0024999999441206455, 0.0024999999441206455, 0.0024999999441206455, 0.0024999999441206455, 0.0024999999441206455, 0.0024999999441206455, 0.0024999999441206455]
volume 	 [-8.611212730407715, -8.577630996704102, -8.544219017028809, -8.510974884033203, -8.477900505065918, -8.44499397277832, -8.412256240844727, -8.379687309265137, -8.347288131713867, -8.315056800842285, -8.28299331665039, -8.251100540161133, -8.219374656677246, -8.18781852722168, -8.156431198120117, -8.125212669372559, -8.094162940979004, -8.063282012939453, -8.03256893157959, -8.00202465057373, -7.971650123596191, -7.941443920135498, -7.911406517028809, -7.881537437438965, -7.851837635040283, -7.822306156158447, -7.792943477630615, -7.763750076293945, -7.734724998474121, -7.705869197845459, -7.677181243896484, -7.64866304397583, -7.620312690734863, -7.5921311378479, -7.564118385314941, -7.5362749099731445, -7.508600234985352, -7.481093406677246, -7.453756332397461, -7.4265875816345215, -7.399587154388428, -7.372756481170654, -7.346094131469727, -7.319599628448486, -7.293274879455566, -7.26711893081665, -7.24113130569458, -7.215312480926514, -7.189662456512451, -7.164181232452393, -7.138868808746338, -7.113724708557129, -7.088749885559082, -7.063943386077881, -7.039306163787842, -7.014837265014648, -6.990537643432617, -6.966405868530273, -6.942443370819092, -6.918649673461914, -6.895025253295898, -6.87156867980957, -6.848280906677246, -6.825162410736084, -6.802212238311768, -6.779430866241455, -6.756818771362305, -6.734375, -6.712100028991699, -6.689993858337402, -6.668056011199951, -6.646287441253662, -6.624687194824219, -6.6032562255859375, -6.581993579864502, -6.56089973449707, -6.539974689483643, -6.519218921661377, -6.498631000518799, -6.478212356567383, -6.4579620361328125, -6.437880992889404, -6.41796875, -6.398224830627441, -6.378649711608887, -6.359243869781494, -6.340006351470947, -6.320937633514404, -6.302037239074707, -6.283306121826172, -6.264743804931641, -6.246349811553955, -6.228124618530273, -6.210068702697754, -6.19218111038208, -6.17446231842041, -6.156912326812744, -6.139531135559082, -6.122318267822266, -6.105274677276611, -6.088399887084961, -6.071693420410156, -6.055156230926514, -6.038787364959717, -6.022587299346924, -6.006556034088135, -5.99069356918335, -5.974999904632568, -5.959475040435791, -5.944118499755859, -5.92893123626709, -5.913912296295166, -5.899062156677246, -5.884381294250488, -5.869868278503418, -5.855525016784668, -5.841350078582764, -5.827343463897705, -5.813506126403809, -5.799837112426758, -5.786337375640869, -5.773005962371826, -5.759843826293945, -5.74685001373291, -5.734025001525879, -5.721368312835693, -5.708881378173828, -5.69656229019165, -5.684412479400635, -5.672430992126465, -5.660618782043457, -5.648974895477295, -5.637499809265137, -5.626193523406982, -5.615056037902832, -5.6040873527526855, -5.593287467956543, -5.582655906677246, -5.572193622589111, -5.561899662017822, -5.551774978637695, -5.541818618774414, -5.532031059265137, -5.522412300109863, -5.512962341308594, -5.503681182861328, -5.494568347930908, -5.48562479019165, -5.4768500328063965, -5.468243598937988, -5.459805965423584, -5.451537132263184, -5.443437099456787, -5.4355058670043945, -5.427743434906006, -5.420149803161621, -5.41272497177124, -5.405468463897705, -5.398381233215332, -5.391462326049805, -5.384712219238281, -5.378130912780762, -5.371718406677246, -5.365474700927734, -5.359399795532227, -5.353493690490723, -5.3477559089660645, -5.342187404632568, -5.336787223815918, -5.3315558433532715, -5.326493740081787, -5.321599960327148, -5.316874980926514, -5.312318801879883, -5.307930946350098, -5.303712368011475, -5.299662113189697, -5.295781135559082, -5.2920684814453125, -5.288524627685547, -5.285149574279785, -5.281943321228027, -5.278905868530273, -5.276037216186523, -5.273337364196777, -5.270805835723877, -5.268443584442139, -5.266249656677246, -5.264225006103516, -5.262368679046631, -5.26068115234375, -5.259162425994873, -5.257812023162842, -5.256630897521973, -5.255618572235107, -5.254775047302246, -5.2540998458862305, -5.253593444824219, -5.253255844116211, -5.253087520599365, -5.253087520599365, -5.253255844116211, -5.253593444824219, -5.2540998458862305, -5.254775047302246, -5.255618572235107, -5.256630897521973, -5.257812023162842, -5.259162425994873, -5.26068115234375, -5.262368679046631, -5.264225006103516, -5.266249656677246, -5.268443584442139, -5.270805835723877, -5.273337364196777, -5.276037216186523, -5.278905868530273, -5.281943321228027, -5.285149574279785, -5.288524627685547, -5.2920684814453125, -5.295781135559082, -5.299662113189697, -5.303712368011475, -5.307930946350098, -5.312318801879883, -5.3168745040893555, -5.321599960327148, -5.326493263244629, -5.3315558433532715, -5.336787223815918, -5.342187404632568, -5.3477559089660645, -5.353493690490723, -5.359399795532227, -5.365474700927734, -5.371718406677246, -5.378130912780762, -5.384712219238281, -5.391462326049805, -5.398380756378174, -5.405468463897705, -5.41272497177124, -5.420149803161621, -5.427743434906006, -5.4355058670043945, -5.443437099456787, -5.451537132263184, -5.459805965423584, -5.468243598937988, -5.4768500328063965, -5.48562479019165, -5.494568347930908, -5.503681182861328, -5.512962341308594, -5.522412300109863, -5.532031059265137, -5.541818618774414, -5.551774501800537, -5.561899662017822, -5.572193622589111, -5.582655906677246, -5.593286991119385, -5.6040873527526855, -5.615056037902832, -5.626193523406982, -5.637499809265137, -5.648974895477295, -5.660618305206299, -5.672430992126465, -5.684412479400635, -5.69656229019165, -5.70888090133667, -5.721368312835693, -5.734024524688721, -5.746849536895752, -5.759843826293945, -5.773005962371826, -5.786337375640869, -5.799837112426758, -5.813506126403809, -5.827343463897705, -5.8413496017456055, -5.855525016784668, -5.869868278503418, -5.88438081741333, -5.899062156677246, -5.913912296295166, -5.92893123626709, -5.944118499755859, -5.959474563598633, -5.974999904632568, -5.99069356918335, -6.006555557250977, -6.022587299346924, -6.038787364959717, -6.0551557540893555, -6.071693420410156, -6.088399887084961, -6.105274677276611, -6.122318267822266, -6.139531135559082, -6.156912326812744, -6.17446231842041, -6.192180633544922, -6.210068702697754, -6.228124618530273, -6.246349334716797, -6.264743804931641, -6.283306121826172, -6.302037239074707, -6.320937156677246, -6.340006351470947, -6.359243392944336, -6.378649711608887, -6.398224353790283, -6.41796875, -6.437880992889404, -6.4579620361328125, -6.478212356567383, -6.498631000518799, -6.519218444824219, -6.539974689483643, -6.56089973449707, -6.581993579864502, -6.603255748748779, -6.624687671661377, -6.646287441253662, -6.668056011199951, -6.689992904663086, -6.712100028991699, -6.734374523162842, -6.7568182945251465, -6.779431343078613, -6.802212238311768, -6.825162410736084, -6.848280429840088, -6.87156867980957, -6.89502477645874, -6.918649673461914, -6.942442893981934, -6.966405868530273, -6.990537166595459, -7.01483678817749, -7.039306163787842, -7.063943386077881, -7.088749408721924, -7.113724231719971, -7.138868808746338, -7.164180755615234, -7.189661979675293, -7.215312480926514, -7.24113130569458, -7.267118453979492, -7.293274402618408, -7.319599628448486, -7.346093654632568, -7.372756004333496, -7.399588108062744, -7.4265875816345215, -7.453756332397461, -7.481093406677246, -7.508600234985352, -7.5362749099731445, -7.564118385314941, -7.592130661010742, -7.620312690734863, -7.648662090301514, -7.677180767059326, -7.705869197845459, -7.734724998474121, -7.763749599456787, -7.792943000793457, -7.822306156158447, -7.851837635040283, -7.881536960601807, -7.911406517028809, -7.941443920135498, -7.971649646759033, -8.00202465057373, -8.03256893157959, -8.063281059265137, -8.094161987304688, -8.125212669372559, -8.156431198120117, -8.18781852722168, -8.219374656677246, -8.251100540161133, -8.28299331665039, -8.315055847167969, -8.347286224365234, -8.379687309265137, -8.412256240844727, -8.444993019104004, -8.477900505065918, -8.510974884033203, -8.544218063354492, -8.577630043029785, -8.611212730407715]
loss_function_weights_cosine 	 [-1.0, 0.0, 0.0, 0.0, 0.0, 0.0, 0.0, 0.0, 0.0, 0.0]
loss_function_weights_sine 	 [0.0, 0.4000000059604645, -0.25999999046325684, 0.0, 0.0, 0.0, 0.0, 0.0, 0.0, 0.0]
=======
4 1.7175 1.6683
6 1.29 1.306
6 1.7325 1.7471
4 0.615 0.3914
5 2.4375 2.5706
6 2.4675 2.2329
7 1.9575 2.0888
7 0.48 0.5593
5 1.56 1.6722
5 0.9825 0.9862
5 0.75 0.5338
4 2.8575 2.2815
6 2.9925 2.6871
7 0.135 0.3162
7 2.58 2.4745
5 1.8075 1.8565
4 1.1475 1.0003
7 0.8475 0.903
4 2.025 1.9944
5 1.3725 1.2679
7 2.055 2.1068
7 1.9875 2.046
6 0.3975 0.2361
5 2.3025 2.4757
6 2.9475 2.6178
6 2.91 2.757
4 1.8375 1.6216
5 0.135 0.7587
7 0.015 0.1349
6 0.405 0.2256
7 2.82 2.8931
4 0.9075 0.3855
5 1.095 1.0808
5 2.6925 2.4769
7 0.945 0.9302
4 1.65 1.6445
5 1.305 1.4162
4 0.195 0.3412
6 1.755 1.652
4 2.535 2.5654
4 0.4725 0.5805
4 0.675 0.4024
5 1.2375 1.2455
4 0.1125 0.6202
7 1.4925 1.4989
5 2.4525 2.6633
7 1.9725 1.9961
7 1.5975 1.6391
5 2.565 2.7323
5 0.45 0.444
4 1.7025 1.5539
4 1.125 0.8148
6 1.8075 1.7504
7 0.3375 0.2734
5 2.325 2.5154
5 0.2925 0.3631
6 0.5025 0.6925
4 2.4225 2.3427
6 2.8425 2.7767
5 1.2975 1.229
6 1.245 1.3031
6 0.735 0.3945
7 0.825 0.7758
4 1.8525 2.0857
5 0.5325 0.3646
7 0.36 0.2373
6 1.365 1.4297
5 0.495 0.3171
6 1.9425 2.0871
4 2.46 2.6373
5 2.3325 2.5807
4 1.44 1.2825
4 1.0425 0.7597
4 1.305 1.4597
6 0.015 0.3434
7 2.1375 2.1526
7 0.9975 0.952
5 0.96 0.6123
4 0.24 0.5145
7 1.3425 1.2184
7 1.7475 1.6169
4 1.17 0.9069
7 2.61 2.8166
7 2.0175 1.9939
7 0.7275 0.6201
5 1.575 1.749
6 2.73 2.7875
6 1.56 1.6674
6 1.8075 1.9876
6 0.1875 0.5165
7 1.47 1.4367
6 1.3875 1.4117
5 1.2 1.247
4 1.26 1.0968
4 1.755 1.6419
5 1.6125 1.7194
4 1.47 1.337
4 0.495 0.7185
4 1.3275 1.2403
5 2.9025 2.765
6 1.245 1.2486
4 0.105 0.777
6 0.0075 0.3417
4 1.605 1.5087
5 0.15 0.3457
4 0.2775 0.4208
4 0.33 0.7973
7 1.365 1.4356
7 2.9775 2.7758
5 1.455 1.4163
5 1.3725 1.5191
4 1.3125 1.258
6 1.5 1.4262
5 1.3425 1.449
6 2.175 2.2334
7 2.6925 2.6235
6 2.0925 1.9499
7 1.2675 1.204
5 1.95 2.3834
6 2.73 2.7815
6 0.4575 0.3044
5 0.7125 0.392
4 1.86 1.8252
4 2.0625 2.5697
6 1.9275 1.903
7 1.7625 1.6957
6 2.49 2.3385
5 1.44 1.4187
6 2.4225 2.5099
5 2.8875 2.5978
5 1.305 1.3741
4 2.58 2.5173
5 2.1525 2.0823
7 2.6625 2.7972
4 0.135 0.3765
6 2.7375 2.6513
4 2.3025 2.6826
5 2.8875 2.6333
7 2.9475 2.9252
7 0.855 0.8464
4 2.01 2.2477
4 0.4275 0.3864
7 1.785 1.8233
7 2.76 2.7108
4 0.5775 0.4761
7 1.05 1.0707
6 0.24 0.4667
6 0.585 0.7635
5 0.6225 0.3725
4 0.285 0.5513
6 2.9925 2.8133
5 2.6625 2.5261
7 1.395 1.3767
6 2.2275 2.2173
5 2.085 2.153
5 1.5675 1.5864
4 1.2675 1.4159
7 1.995 2.0582
6 1.665 1.6935
5 0.795 0.4848
6 1.095 0.9624
6 1.8825 1.8369
5 1.8825 1.8747
5 0.63 0.8184
5 1.83 1.9147
5 2.625 2.5752
4 2.6175 2.5728
4 1.9575 2.1117
7 0.21 0.2533
5 1.2675 1.286
5 0.27 0.5134
5 0.165 0.4115
5 0.765 0.6225
7 1.3725 1.4295
5 2.28 2.5819
4 1.89 2.001
5 0.8475 0.9798
5 2.085 2.0801
6 1.5225 1.5588
6 1.5225 1.5601
4 0.7875 0.8868
6 1.3275 1.3966
5 1.0275 1.08
6 2.1825 2.1938
5 1.4475 1.5244
7 1.3425 1.3379
5 1.4325 1.4376
6 1.44 1.4501
4 2.07 2.6962
6 2.16 1.951
7 2.4 2.5757
5 1.215 1.2336
5 2.3775 2.5271
5 2.895 2.6794
5 2.9775 2.7242
5 2.16 2.178
5 0.195 0.3196
5 2.5425 2.7083
5 2.5125 2.6388
4 0.0525 0.4556
4 0.9825 0.9764
4 0.9675 1.1431
7 2.22 2.0965
7 1.83 1.8842
6 0.8475 0.8216
5 0.5625 0.4051
6 0.5025 0.4179
5 0.285 0.2385
7 2.37 2.386
5 2.805 2.6012
5 0.66 0.3684
6 2.235 2.2243
5 2.85 2.7518
6 0.5775 0.5947
7 1.7175 1.7112
5 1.32 1.3495
5 2.925 2.7269
7 2.61 2.7579
7 0.045 0.2425
4 0.6075 0.3793
4 2.5425 2.4679
7 1.725 1.6515
7 1.5675 1.5497
5 2.43 2.2992
4 2.295 2.6937
5 2.865 2.6747
5 0.9825 1.0076
6 0.1425 0.318
6 2.0775 1.9846
7 0.15 0.2878
6 1.695 1.7904
7 2.58 2.4286
4 1.1925 1.2695
5 1.8 1.7656
4 0.5175 0.4435
5 0.4725 0.4474
5 1.815 1.7583
4 2.595 2.2433
5 2.9925 2.7212
5 0.09 0.3242
7 2.76 2.6063
6 1.53 1.6115
4 1.05 0.545
7 1.1925 1.1547
6 1.7325 1.7529
5 1.0425 1.0796
4 0.435 0.5414
4 2.595 2.4382
4 2.1225 2.1344
5 1.83 1.9488
6 2.1675 2.1409
6 2.955 2.7957
7 0.525 0.2504
4 2.475 2.5282
5 2.4675 2.5389
4 1.0275 0.9426
7 1.68 1.8202
7 1.3725 1.2506
4 0.585 0.7036
6 1.2975 1.3451
5 0.4575 0.5844
4 2.7975 2.4322
5 0.5625 0.2038
6 1.905 1.9963
4 1.71 1.5776
7 2.925 2.848
5 2.3775 2.3699
5 1.08 1.1343
6 1.125 1.1494
5 0.15 0.5267
4 0.1575 0.5557
4 0.93 0.9381
6 2.85 2.5863
6 0.15 0.2778
6 0.5325 0.343
6 1.905 1.9029
4 1.08 0.7721
5 0.555 0.3961
4 2.8425 2.369
7 0.1275 0.1582
5 1.7925 1.8711
6 1.29 1.4451
5 1.035 1.1624
5 0.585 0.3698
6 0.4875 0.2996
7 1.215 1.245
7 2.2575 2.5679
4 1.4025 1.3738
5 2.3325 2.4799
4 2.6325 2.4753
4 0.5175 0.7282
7 2.64 2.8813
5 1.7475 1.7063
7 1.26 1.3469
7 1.5375 1.4335
5 2.67 2.6658
4 1.1775 0.9843
6 0.285 0.269
7 2.88 2.6751
4 0.3525 0.4055
7 0.3225 0.2658
4 2.1675 2.1934
5 0.93 0.6545
5 0.87 0.8682
6 1.95 1.9668
5 2.6775 2.5032
4 1.035 0.9007
4 2.7225 2.4671
4 1.86 2.2857
5 1.8225 1.963
6 1.5975 1.573
5 0.0375 0.3301
7 0.4725 0.361
5 2.0325 1.9421
6 2.0775 1.9825
7 0.2925 0.2581
6 1.9125 1.8911
7 1.425 1.4232
7 1.7325 1.8281
6 1.2 1.2819
6 0.6525 0.6866
5 1.065 1.0435
5 2.91 2.6355
6 0.5625 0.4707
6 2.5875 2.6382
5 1.59 1.5945
5 0.225 0.6222
6 2.43 2.5271
6 0.0525 0.3523
5 2.5125 2.5731
5 1.0125 0.8497
7 2.7525 2.6991
6 2.1825 2.1571
4 1.0725 0.9507
6 1.875 1.8227
6 2.9625 2.7064
7 0.51 0.3159
5 0.615 0.4259
4 0.87 0.6019
7 2.46 2.7799
4 0.7425 0.6584
6 0.7425 0.6221
5 1.845 1.9998
7 1.755 1.7262
7 1.2525 1.261
7 1.65 1.7403
4 0.09 0.3564
6 0.015 0.2848
5 0.0825 0.2287
6 0.165 0.3475
6 2.31 2.278
7 2.94 2.8017
7 0.375 0.2336
7 1.155 1.2055
4 0.045 0.4023
7 1.305 1.291
6 1.9875 1.9632
5 1.875 1.794
6 2.7075 2.5969
7 1.6575 1.6642
4 0.1575 0.4489
6 1.1325 1.2087
6 1.38 1.4003
7 1.005 1.0228
4 0.105 0.3696
4 1.8825 1.7946
6 1.47 1.437
4 2.13 2.3877
5 1.095 0.3262
5 0.21 0.6553
7 0.795 0.7632
7 0.525 0.3897
7 1.38 1.4814
4 0.4575 0.5094
7 0.2325 0.4282
5 1.575 1.4865
4 0.42 0.4321
6 0.315 0.3904
6 0.36 0.3679
7 2.115 2.1657
4 2.4225 2.5889
7 2.43 2.6237
6 1.725 1.7122
7 1.905 1.9844
6 2.2575 1.3456
6 1.2825 1.3281
7 1.53 1.5652
4 2.1375 2.4189
7 1.905 1.8637
5 1.83 1.7711
6 1.9425 1.8145
5 1.605 1.6208
7 0.645 0.5059
7 0.915 0.8535
4 2.0775 2.4587
4 1.26 1.4143
6 2.5725 2.6926
6 1.125 1.147
4 2.01 1.911
4 0.345 0.3777
5 0.9 0.447
4 2.55 2.3687
6 0.525 0.3652
6 1.875 1.7946
5 0.0825 0.5618
6 1.83 1.8387
4 1.3575 1.4003
7 2.7 2.6089
5 2.475 2.6198
6 2.3175 2.3051
6 1.0125 0.0572
7 2.01 2.0596
6 0.465 0.4367
6 1.47 1.3152
5 1.17 1.214
6 1.41 1.346
6 0.825 0.9039
5 0.6375 0.3131
7 1.56 1.5029
7 1.9575 1.8444
6 1.6875 1.7478
6 2.8575 2.5621
5 1.6725 1.6529
6 0.45 0.1616
7 1.9275 1.9918
5 0.9525 0.5826
5 2.8125 2.1295
5 0.39 0.4766
7 1.3725 1.2354
4 2.0175 1.9687
6 2.91 2.6999
7 1.5675 1.5514
6 1.14 1.0983
4 2.3325 2.6342
6 2.3625 2.2663
6 2.7375 2.6964
5 2.1675 2.2741
7 0.3825 0.3415
4 2.9775 2.5596
6 2.79 2.771
4 1.305 1.259
6 1.98 1.9868
5 2.505 2.3844
6 2.7525 2.5104
4 2.1675 2.0408
5 0.27 0.3161
5 0.2025 0.4971
5 1.1025 0.8784
6 1.365 1.2618
7 0.9375 0.9645
6 2.25 2.2913
4 2.2875 2.3958
5 1.2 1.3003
5 2.0925 2.1118
6 0.5775 0.3443
4 2.8575 2.545
4 0.7275 0.4161
5 0.465 0.338
7 1.1475 1.1972
4 2.5875 2.5587
4 1.7925 1.9258
5 2.055 1.9578
4 2.4525 2.4371
7 1.155 1.1372
4 2.88 2.5108
7 2.9625 2.7781
6 1.605 1.6766
7 2.25 2.155
4 2.565 2.1116
7 1.7775 1.7998
5 0.39 0.3254
7 1.9725 1.9483
4 1.365 1.3157
7 2.565 2.5328
6 0.63 0.2974
7 0.0375 0.2112
5 0.54 0.4341
4 0.51 0.5325
6 1.155 1.1824
7 0.6225 0.468
6 1.005 0.8705
6 1.77 1.7384
5 0.465 0.3274
4 1.455 1.4467
7 1.065 1.0111
5 0.015 0.2642
4 2.025 1.8597
7 1.5075 1.3636
5 2.325 2.5382
6 2.6325 2.6266
7 0.1425 0.1802
5 2.145 2.2053
4 1.38 1.3874
7 2.625 2.6778
7 0.345 0.1922
7 2.52 2.7481
4 1.29 1.3006
4 0.2775 0.4594
5 1.3875 1.26
5 2.6325 2.6273
4 0.2175 0.3018
6 1.1325 1.0101
7 0.24 0.2525
5 0.0225 0.2478
5 2.4825 2.6914
7 1.65 1.6307
5 1.71 1.6789
6 2.7 2.8161
6 0.255 0.2805
5 2.835 2.668
5 2.2575 2.1585
4 2.55 2.4872
5 2.445 2.6192
4 1.185 1.1156
7 0.0675 0.3342
5 2.9925 2.6089
7 1.8975 1.8746
5 2.1375 2.5088
6 2.085 2.0805
5 0.9 0.9777
7 1.9725 1.8889
7 1.35 1.2485
5 0.6825 0.7676
5 1.5 1.7585
4 1.4025 1.4035
5 0.9075 0.7507
7 2.25 2.4246
5 2.73 2.5866
7 1.7925 1.8481
6 0.0675 0.4028
6 1.635 1.5759
5 1.89 1.8972
7 2.445 2.8293
7 0.9075 0.9252
5 0.705 0.5322
6 1.1175 1.2026
7 0.48 0.1933
4 2.34 2.5542
5 0.0825 0.2845
7 1.695 1.6643
4 2.4975 2.5409
6 0.0975 0.3187
5 0.495 0.2642
4 2.9775 1.9552
6 0.9225 0.9528
4 2.3025 2.6032
4 0.0825 0.3948
5 1.4025 1.3618
4 0.1275 0.6986
7 0.735 0.2746
6 0.0525 0.4298
5 2.04 1.9499
4 1.365 1.3284
5 1.0575 1.0652
6 1.26 1.1743
7 2.04 2.1175
4 0.78 0.693
4 0.465 0.3915
6 0.1275 0.1538
7 1.965 2.0047
4 1.995 1.8503
6 0.72 0.7271
7 1.545 1.6873
5 2.91 2.6801
6 1.4175 1.4025
5 2.295 2.4995
4 1.05 1.0172
7 1.6575 1.693
7 2.3325 2.1756
5 2.0925 2.1806
5 1.7925 1.7518
5 0.885 0.747
5 0.1725 0.3319
5 1.4475 1.3993
4 2.1675 2.4992
4 1.08 1.0466
5 2.1825 2.3837
5 1.41 0.3453
4 0.21 0.3814
5 1.74 1.8032
7 1.65 1.5631
4 0.9675 0.868
4 0.6 0.5682
7 2.955 2.7093
6 1.755 1.7191
7 2.175 2.3025
4 0.1275 0.3406
7 2.1975 2.0758
7 0.4875 0.2451
4 1.4475 1.1566
5 1.1775 1.2366
7 1.17 1.1651
7 2.37 2.2788
6 0.6075 0.4121
6 2.835 2.5614
7 2.55 2.6599
5 1.4775 1.4062
5 2.625 2.5294
6 1.65 1.6675
7 2.7525 2.6089
4 1.4625 1.1668
5 2.9325 2.6449
6 2.235 2.4952
7 1.9725 1.9882
6 2.985 2.6851
4 2.085 2.4385
5 0.735 0.5225
5 1.9425 2.3613
7 0.51 0.5177
4 1.215 1.1043
7 2.1075 2.1642
6 0.57 0.3864
7 1.2675 1.2531
6 0.69 0.316
6 1.245 1.3356
6 0.6975 0.671
4 2.1075 2.4307
4 2.505 1.7887
6 1.44 1.3954
4 2.1375 2.1679
5 2.265 2.3118
4 2.4225 2.4968
6 2.4075 2.473
7 1.9725 1.8639
5 2.2125 2.6566
6 2.19 2.2311
6 1.5675 1.5995
6 2.385 2.3558
4 0.57 0.4338
4 2.16 2.4712
6 1.9125 1.8645
7 1.62 1.5118
6 1.815 1.8012
6 2.7525 2.4598
4 2.37 2.6213
5 2.07 2.0421
7 2.7 2.7539
7 2.6175 2.9016
5 0.9825 1.095
6 2.58 2.5538
5 2.655 2.6027
7 1.7475 1.7747
6 2.775 2.6133
7 0.525 0.5352
4 2.4075 2.6496
7 0.7275 0.5199
4 1.2 1.2931
4 1.5225 1.5627
6 1.2675 1.3266
7 1.5525 1.5231
4 0.2775 0.7517
5 0.18 0.3862
5 2.175 2.6851
6 0.81 0.7722
6 0.8325 0.655
7 2.1 2.1182
5 2.2725 2.5199
7 1.605 1.6562
6 2.4525 2.7912
4 1.05 1.1989
7 2.67 2.8088
5 1.9125 1.8337
6 2.5425 2.7745
6 2.445 2.6976
5 2.1 2.3779
4 2.775 2.6719
5 2.265 2.6822
4 1.35 1.4205
4 0.3525 0.6025
7 1.2075 1.2384
4 1.845 2.1337
4 0.0675 0.4603
5 1.7925 1.9176
5 1.2225 1.0676
4 1.425 1.2642
4 0.195 0.3895
4 0.2325 0.6517
7 1.9425 2.0002
6 0.81 0.5893
7 0.465 0.2898
5 2.6025 2.567
6 0.1725 0.3927
7 2.1075 2.1061
5 2.4675 2.7242
6 2.6925 2.7811
7 1.98 1.9569
6 0.1575 0.202
6 1.3125 1.4216
4 2.625 2.6521
7 1.23 1.2199
6 1.605 1.5967
6 2.2275 2.3015
6 1.7325 1.6911
4 1.08 0.9368
4 1.7775 1.8487
6 1.395 1.2645
6 0.9975 1.1148
6 0.21 0.2684
6 0.78 0.6574
7 2.985 2.6195
7 0.8775 0.7804
5 1.0425 1.0454
5 2.94 2.4923
4 0.3075 0.3943
5 0.7575 0.3756
4 1.1325 1.2625
4 1.395 1.8598
5 1.215 1.0892
4 0.825 0.3862
4 0.45 0.4934
4 1.665 1.4816
5 0.51 0.6987
5 0.0075 0.2109
6 2.28 2.7014
6 2.2875 2.2381
5 1.08 1.0919
4 2.6475 2.6851
5 0.48 0.4543
4 2.7 2.3455
4 2.0475 2.2726
5 2.01 2.384
5 0.15 0.5014
7 2.2875 2.2366
6 0.51 0.6042
6 1.605 1.521
6 1.65 1.6799
6 0.18 0.6352
4 0.885 0.6528
6 2.76 2.4567
7 2.28 2.2581
5 0.9225 0.9925
6 2.9325 2.6718
5 0.2175 0.2993
7 1.9575 1.9686
4 2.4075 2.258
5 2.5425 2.5378
6 1.9425 1.8839
5 2.22 2.4681
5 0.7425 0.7923
7 2.3475 2.2161
6 2.04 1.9786
6 1.725 1.7251
7 0.8025 0.7316
6 2.0175 2.059
7 0.15 0.3402
6 1.5075 1.4829
5 1.9725 1.9899
4 1.0125 0.573
6 1.8 1.9035
5 0.165 0.3235
7 1.005 1.1325
5 1.47 1.3487
7 2.4825 2.5203
6 1.6125 1.6403
7 2.79 2.6881
5 1.1175 1.099
6 2.6775 0.1232
7 1.7475 1.7675
5 1.41 1.3822
5 0.5475 0.4339
7 2.4825 2.5842
7 2.385 2.313
4 1.1625 1.1142
4 0.9675 0.9976
4 0.825 0.7662
6 1.02 1.0802
7 0.27 0.2916
6 2.565 2.6039
4 1.305 1.1309
7 0.5325 0.2843
6 2.0475 2.0679
7 0.525 0.3426
5 2.64 2.1149
4 0.015 0.3407
5 1.6575 1.8461
5 1.92 1.8516
7 1.0275 0.9418
6 0.5775 0.7234
4 2.7 2.4824
6 1.7775 1.7807
4 2.085 2.0279
4 0.495 0.7547
7 0.03 0.273
7 2.7225 2.4652
7 0.5625 0.5599
7 0.165 0.2732
7 2.3325 2.2993
6 1.7025 1.6748
5 0.0525 0.2816
5 1.6725 1.5237
6 1.53 1.5481
7 2.7675 2.6213
5 1.77 1.8433
6 0.45 0.3002
6 1.875 1.7979
6 2.4 2.6377
7 2.9025 2.8005
4 0.93 0.6994
6 1.7325 1.726
7 0.1425 0.2759
5 2.865 2.5569
7 0.4275 0.2105
4 1.9575 2.0507
5 2.565 2.7552
4 1.44 1.3134
6 2.9325 2.8483
7 1.2225 1.2438
7 1.7025 1.706
6 2.5575 2.6901
6 0.0525 0.2639
5 2.5875 2.5881
4 2.535 2.6083
4 0.495 0.281
6 2.0925 1.9808
6 0.825 0.8177
7 0.5775 0.5029
6 1.53 1.5897
5 2.1375 2.634
5 1.14 1.0415
4 1.02 0.7011
6 0.675 0.5314
4 1.725 1.4982
6 1.7475 1.752
5 2.6025 2.7073
5 2.505 2.5204
5 0.0225 0.3683
7 0.4425 0.3213
7 0.3975 0.4957
7 0.8175 0.778
6 2.2275 2.2531
5 1.47 1.4166
4 2.19 2.0318
4 2.5275 2.2703
7 1.11 1.1572
5 0.0075 0.4885
7 0.6375 0.7033
6 1.8525 1.888
6 1.7175 1.684
7 0.615 0.6236
5 2.265 2.6355
6 0.09 0.2487
7 0.465 0.6895
5 1.5525 1.4594
7 1.815 1.7432
7 2.7525 2.7155
5 1.155 1.0877
5 2.4375 2.6842
6 1.4175 1.4071
4 0.9075 1.1551
7 2.8575 2.7015
7 1.485 1.5173
5 2.1225 2.2888
5 0.8775 0.7465
7 2.655 2.8155
4 1.4325 1.4546
5 0.1425 0.3613
5 0.2025 0.3663
5 1.0575 1.1176
5 1.2825 1.3289
5 0.33 0.3888
7 2.55 2.7321
5 1.6725 1.7522
6 2.8425 2.7066
4 1.95 1.7949
4 2.4 2.5387
5 0.51 0.4267
4 0.135 0.4135
4 0.6825 0.3837
6 1.26 1.333
4 0.15 0.3627
7 2.7825 2.8212
5 0.9 0.5428
5 2.3775 2.3095
6 0.135 0.1982
6 2.55 2.6307
6 0.9975 1.0592
5 1.545 1.4864
6 1.83 1.869
7 1.83 1.6817
7 0.885 0.8511
4 0.765 0.7446
7 1.1625 1.0833
5 1.665 1.7317
7 0.0 0.3321
4 0.6825 0.7972
7 0.21 0.346
7 2.4975 2.625
6 2.1 2.0383
6 2.4975 2.8116
5 2.01 1.898
5 0.105 0.3725
7 0.9825 0.8576
5 2.6475 2.3502
7 1.4025 1.2926
7 0.9675 0.9871
5 0.4725 0.3556
7 2.7375 2.6713
5 0.285 0.5926
4 1.08 1.2261
6 0.945 1.0464
5 1.9125 2.0045
6 2.7375 2.5128
5 2.22 2.3547
7 2.895 2.668
4 0.855 0.6787
5 2.235 2.3865
4 2.1375 2.3992
6 0.1575 0.4371
4 1.725 1.5407
5 2.6325 2.6891
5 0.09 0.4618
4 0.6825 0.9204
5 1.605 1.4608
6 1.8225 1.8083
7 1.635 1.7248
4 2.6475 2.6551
5 1.14 1.0737
7 1.9725 1.9079
5 1.635 1.5815
7 2.4675 2.5065
6 1.17 1.139
4 2.76 2.5772
6 2.5425 2.5044
4 2.1675 2.194
4 2.745 2.5851
6 1.9875 2.061
5 0.885 0.4832
7 2.88 2.8773
7 1.0575 0.9839
6 1.0425 0.9711
7 1.8825 1.825
6 1.5 1.5767
4 2.9925 2.0605
5 1.245 1.1005
5 2.7975 2.6411
6 1.35 1.2506
6 0.675 0.4653
4 1.605 1.6029
4 2.0175 2.3886
5 0.9 1.0236
5 1.7625 1.8221
6 1.3125 1.3422
4 0.0675 0.4146
6 0.195 0.2397
5 1.14 1.2507
6 2.1 2.1554
7 0.4725 0.183
6 2.8875 2.6089
7 1.0875 1.1717
6 0.3225 0.2804
7 0.5625 0.348
6 2.76 2.5867
5 2.535 2.6323
6 1.9875 1.984
4 0.1725 0.572
5 1.9275 1.9503
4 0.0675 0.5395
5 0.705 0.4367
7 0.2025 0.2181
6 2.01 1.9553
7 2.46 2.5931
4 0.7875 0.4484
5 2.985 2.5999
5 1.6275 1.5585
7 2.55 2.6218
4 0.5925 0.6162
6 2.3925 2.5432
5 1.89 1.961
5 0.2325 0.2794
7 2.295 2.3741
5 2.295 2.4313
7 1.1325 1.1327
7 0.795 0.7311
5 0.225 0.3998
5 1.8075 1.6293
4 0.9 0.5805
4 0.6975 0.3419
4 1.35 1.139
5 0.3825 0.4265
7 1.98 1.8952
4 0.975 1.0881
7 0.885 0.9511
7 1.2975 1.3121
5 1.305 1.3234
4 1.305 1.3414
5 0.765 0.4012
4 2.2575 2.6968
6 2.685 2.6154
4 1.695 1.71
5 2.1675 1.9706
4 2.43 2.1036
7 0.855 0.8159
6 2.61 2.8438
5 1.71 1.8055
4 1.905 1.9255
7 1.6575 1.5772
5 2.655 2.7018
6 1.4775 1.5796
4 2.13 2.34
7 0.78 0.7537
5 0.48 0.2752
4 1.62 1.4095
4 2.475 2.5063
4 0.435 0.4731
6 2.175 2.4667
4 0.825 0.6342
7 0.3375 0.1963
5 2.43 2.5691
4 0.1725 0.4989
4 1.26 1.288
5 1.965 2.002
6 2.1075 2.1462
5 2.295 2.7199
5 0.3 0.3239
4 0.39 0.4
6 0.915 0.9201
6 2.5275 2.2159
7 2.685 2.7763
4 1.2675 1.1862
7 0.8475 0.9113
7 1.845 1.7424
5 1.29 1.3412
7 0.06 0.154
5 1.8225 1.7916
6 2.7825 2.5845
7 1.995 1.9948
6 2.175 2.139
7 0.21 0.1371
7 1.8375 1.8597
4 2.82 2.5504
5 0.8175 0.4766
7 0.96 0.9656
5 0.75 0.4193
5 1.7925 1.8809
6 1.035 0.994
7 2.55 2.6858
7 2.0325 2.2249
7 1.635 1.6488
4 2.2875 2.4338
6 0.6225 0.8117
6 0.75 0.8748
4 1.2675 1.2594
5 1.185 0.7726
5 1.32 1.3121
5 2.9625 2.6785
4 0.975 1.1656
6 2.5425 2.6501
4 2.4975 2.3647
4 0.9525 1.0493
5 1.1775 1.2316
6 0.0675 0.2632
6 2.085 2.1715
6 1.455 1.5025
6 0.51 0.3628
6 2.7075 2.8044
6 1.3425 1.3338
7 0.7275 0.7332
4 1.425 1.5474
6 0.51 0.2079
6 0.72 0.7071
6 1.935 1.8688
7 1.965 2.0694
6 0.315 0.3715
4 2.205 2.6302
4 2.3175 2.3576
6 1.6125 1.6621
5 1.83 1.7916
4 1.83 2.0651
4 2.325 2.5607
5 2.1375 2.3681
4 2.355 2.5125
7 1.5525 1.3037
5 1.4025 1.7076
7 0.42 0.3111
7 2.0175 2.04
4 1.9275 1.9156
5 2.31 2.5097
7 1.9425 1.915
5 1.485 1.4775
7 0.1725 0.4553
5 1.95 2.0001
7 2.025 2.041
6 0.405 0.1949
7 0.705 0.6112
6 1.3875 1.4238
5 0.3525 0.2849
5 2.985 2.6256
5 0.2175 0.2783
6 2.1 1.9526
7 2.6175 2.6901
5 0.18 0.5664
4 1.44 1.4445
4 1.32 1.1908
7 2.9325 2.8068
7 2.88 2.8044
5 1.7475 1.7157
4 2.25 2.6329
4 2.6025 2.444
4 0.3225 0.3905
7 0.33 0.3061
6 1.92 2.0146
7 2.7225 2.8513
6 2.13 2.4978
5 2.7375 2.5756
7 0.495 0.0981
5 0.825 1.0212
6 0.57 0.7555
7 1.62 1.6508
7 2.8725 2.8105
4 0.6 0.3573
4 1.335 1.0722
7 1.4025 1.3316
6 1.6425 1.6161
6 0.9 0.8931
7 1.3425 1.4473
6 0.0 0.1999
6 0.0075 0.2235
6 1.575 1.5337
5 0.315 0.2817
6 1.83 1.904
6 1.23 1.2163
5 1.2975 1.2938
7 0.8925 0.7905
4 2.5875 2.5847
7 1.035 1.011
4 2.595 2.5562
7 0.195 0.4491
7 1.8975 1.9992
4 0.555 0.4801
5 2.775 2.6191
7 0.135 0.1176
4 2.4975 2.6335
6 2.3025 2.3083
6 1.1925 1.2417
4 0.195 0.4251
5 2.1225 2.2199
6 2.175 1.9459
7 2.3775 2.4704
5 2.04 2.2492
6 2.4675 2.4997
7 1.1925 1.3071
6 1.9425 2.0111
6 2.7075 2.7762
5 0.8775 0.3774
7 0.6825 0.7168
6 0.9075 0.9699
6 0.0525 0.1542
5 2.5275 2.576
7 0.525 0.4024
5 0.0225 0.3431
7 0.7875 0.7421
5 1.41 1.4885
6 2.7075 2.7653
7 1.05 1.0364
4 2.595 2.494
5 2.79 2.6929
6 2.9625 2.728
7 1.755 1.8133
7 1.9725 2.1389
7 1.6575 1.6566
6 2.3625 2.5008
7 2.0625 2.1607
5 0.3075 0.3895
7 1.23 1.2654
7 2.5575 2.811
4 1.2675 1.2802
5 2.3625 2.4444
4 2.535 2.5505
7 2.3175 2.4192
7 2.1825 2.1487
6 0.9975 0.9691
5 1.5075 1.452
5 2.5125 2.6442
5 1.305 1.346
4 1.725 1.8566
5 0.15 0.2405
6 1.3125 1.303
6 1.5 1.5778
5 0.4725 0.3876
7 1.1625 1.1349
4 0.2325 0.5202
4 2.9025 2.3119
6 0.42 0.294
5 2.1525 2.4898
7 0.8025 0.8084
5 2.94 2.6005
4 2.58 2.4642
4 1.5975 1.5477
5 0.7275 0.4423
7 0.285 0.4854
4 1.2825 1.1018
4 1.005 0.7276
5 0.6375 0.868
5 2.775 2.0888
6 1.8525 1.7454
7 0.3525 0.2274
6 1.395 1.4451
6 0.9825 0.7659
4 2.3775 2.6486
4 1.7175 1.8324
7 0.0525 0.131
5 1.59 1.563
6 1.44 1.3853
5 0.78 0.593
7 1.3125 1.2466
7 0.78 0.8051
5 0.3975 0.3532
6 0.8925 0.8768
7 2.985 2.8399
7 0.18 0.2282
5 1.7175 1.8019
5 2.46 2.765
7 2.595 2.6626
6 1.38 1.1961
7 2.1375 2.1241
5 1.425 1.3008
5 1.7025 1.5804
4 0.4575 0.812
4 2.46 2.1247
7 2.4075 2.1979
5 0.8025 0.7482
4 1.8225 1.963
4 0.6075 0.5417
6 2.37 2.6377
4 0.3975 0.715
7 0.5925 0.4654
4 1.41 1.4741
4 0.9675 1.1387
5 1.32 1.3575
4 0.3675 0.3774
6 2.115 1.9883
7 0.48 0.529
7 0.285 0.3443
4 1.62 0.7198
5 2.4825 2.593
7 1.98 1.9621
7 2.19 2.0951
4 0.78 0.6479
4 1.0875 0.7262
7 1.8 1.7783
7 0.9225 1.0381
4 1.1025 1.1254
5 2.3175 2.6011
5 0.255 0.3126
6 1.9425 1.8638
4 0.885 0.517
4 0.795 0.9276
4 2.43 2.6806
5 2.4675 2.7625
5 0.195 0.3915
6 0.2775 0.6394
5 1.08 1.0869
6 1.3275 1.2896
4 1.215 0.758
5 1.935 2.0883
6 1.1175 1.1524
6 0.69 0.4384
7 2.925 2.7948
4 2.985 2.4562
4 2.445 2.6505
5 2.535 2.6864
4 2.94 2.6681
6 2.355 2.2313
7 1.695 1.6934
5 0.15 0.8169
7 0.615 0.5503
6 1.7775 1.9477
6 1.4775 1.3844
6 2.5425 2.6736
4 0.0375 0.4407
4 1.2675 1.3494
4 0.2325 0.454
5 0.84 0.3267
5 1.1325 1.1096
6 2.205 2.1323
6 2.265 2.3014
4 2.0925 2.6068
6 1.305 1.2525
6 1.5675 1.6972
5 2.2425 2.2777
4 2.085 2.2198
5 0.57 0.735
6 2.5875 2.5396
4 2.4375 2.4874
7 2.175 2.1706
7 1.9425 1.9663
4 1.6275 1.5323
5 0.5475 0.4485
6 0.225 0.2506
6 0.2625 0.3398
7 0.12 0.1367
4 0.675 0.6113
7 2.985 2.8381
5 1.7325 1.5141
7 0.0 0.1993
6 2.5125 2.8272
5 0.165 0.3962
7 1.2375 1.4167
4 1.71 1.752
7 0.825 0.8354
6 2.595 2.7033
7 1.38 1.4435
5 1.845 1.7839
6 2.685 2.4893
7 0.9975 1.0148
5 2.3325 2.5281
6 2.265 2.2582
5 1.605 1.4073
6 0.9525 0.9208
6 2.9775 2.775
5 1.35 1.2042
5 1.275 1.1678
6 1.8525 1.8285
5 0.705 0.2945
7 1.3875 1.4949
4 0.8325 0.9797
6 1.665 1.6124
5 0.42 0.5168
7 0.09 0.2197
6 2.085 2.1147
5 0.735 0.6388
6 0.0375 0.2573
6 0.4575 0.5123
6 2.385 2.5626
6 2.775 2.6491
6 2.88 2.6346
7 1.2 1.2256
4 1.3575 1.559
4 1.7925 2.0172
6 2.79 2.8371
7 2.235 2.2648
7 2.4975 2.7133
7 0.285 0.3128
4 1.635 1.457
7 2.01 1.9944
7 0.735 0.7398
7 1.155 1.2147
6 0.225 0.2405
7 2.2725 2.3813
6 1.6425 1.567
7 0.36 0.2899
7 2.265 2.2573
6 2.8425 2.72
4 1.4325 1.3894
5 2.7075 2.5264
4 1.8075 1.6688
6 1.065 1.055
7 1.395 1.3889
7 2.895 2.8588
5 2.61 2.8008
6 1.2975 1.4298
4 1.77 1.8086
7 1.005 1.0985
5 2.5425 2.5795
6 2.4825 2.7351
7 1.0125 1.0404
4 1.05 1.1036
4 2.8425 2.5337
5 1.635 1.7741
5 0.195 0.3306
6 0.42 0.4492
5 2.5875 2.6146
7 2.79 2.5954
6 0.3975 0.5525
6 2.5275 2.783
7 0.2325 0.3102
7 0.9825 0.9345
6 1.3125 1.3296
7 2.67 2.6839
5 1.3575 1.3016
6 1.14 1.143
7 1.5525 1.5559
6 0.1875 0.2426
5 1.47 1.5094
5 0.705 0.8353
6 0.4725 0.3625
4 0.1725 0.562
6 2.6775 2.6845
6 0.705 0.6442
7 2.025 2.0549
7 1.2 1.2337
6 1.1925 1.1108
4 2.4825 2.223
5 0.7575 0.3521
6 1.3575 1.4107
4 1.3425 1.2386
5 2.3025 2.7757
5 2.7525 2.3699
6 1.17 1.1684
7 0.135 0.1921
7 0.21 0.3117
6 1.9725 2.1141
7 2.1375 2.1634
7 0.075 0.4287
6 2.925 2.64
5 1.6425 1.6232
6 0.555 0.4295
7 0.06 0.1717
5 1.1475 1.0817
7 0.5025 0.4351
7 2.745 2.7988
6 0.435 0.2447
6 2.0775 2.0233
5 1.32 1.8781
7 2.775 2.777
7 1.4475 1.3891
4 1.9425 1.8795
6 2.97 2.6363
5 1.1025 1.0486
7 1.5825 1.5231
6 1.3725 1.3513
6 2.2125 2.4703
7 0.7425 0.475
6 0.2775 0.3244
5 2.3175 2.1377
7 1.83 1.8476
6 1.41 1.4631
4 1.335 1.2869
7 2.58 2.4128
4 0.9225 0.526
7 0.8175 0.8266
5 2.5275 2.6205
7 0.93 1.0324
4 2.4825 2.3125
5 0.165 0.6122
4 0.9675 0.8209
5 0.9225 0.3117
5 2.535 2.6124
6 1.3275 1.3924
4 2.985 2.4765
6 2.2875 2.0638
6 2.085 2.0969
5 1.035 1.0235
6 1.6125 1.4451
7 1.68 1.6649
4 1.365 1.3309
4 0.33 0.3694
6 0.96 0.865
6 1.5225 1.5312
7 0.87 0.8923
6 1.6875 1.7035
7 0.84 0.7974
5 2.49 2.6289
4 0.5775 0.4815
6 2.1225 1.964
4 2.2425 2.5971
4 2.865 2.2725
5 2.3625 2.6364
4 1.56 1.5405
5 0.615 0.2999
4 0.135 0.4434
7 1.71 1.6766
6 2.5125 2.6805
4 1.9275 2.193
6 1.7325 1.7453
6 2.745 2.5657
7 2.1675 2.254
5 1.965 2.0723
5 2.64 2.6588
6 1.845 1.9089
6 2.8125 2.5903
6 0.03 0.2374
4 2.2725 2.357
4 0.81 0.4831
4 2.9325 2.6059
6 2.6775 2.7105
7 2.445 2.664
5 2.4975 2.6524
6 0.2775 0.2227
6 0.015 0.3463
7 1.1925 1.1281
6 0.075 0.3148
7 2.9175 2.7497
4 0.255 0.6167
4 0.9975 0.7949
4 0.825 1.0051
7 1.605 1.6219
6 2.4525 2.3212
7 0.2025 0.2268
7 1.2525 1.3211
4 0.3675 0.4664
6 1.815 1.8012
5 1.6125 1.667
7 0.3975 0.4129
4 2.0775 2.3642
5 0.51 0.3117
5 0.4725 0.3891
5 2.3325 2.622
4 0.3975 0.4104
5 1.8225 1.8891
7 2.1675 2.1569
5 0.3225 0.3946
6 2.595 2.6701
6 0.9225 0.6772
5 1.7325 1.7927
4 1.14 0.7367
6 2.955 2.5255
5 2.685 2.7149
7 1.095 1.0056
6 0.9675 0.9593
4 2.7375 2.4324
5 2.6325 2.6961
6 2.46 2.6177
7 2.7375 2.7615
7 2.97 2.6637
5 0.7275 0.929
4 2.8275 2.5542
7 1.7175 1.738
7 1.56 1.5802
7 1.08 1.0983
5 2.415 2.511
4 2.0775 2.4818
4 0.0375 0.5252
7 2.7225 2.8098
5 1.5 1.5351
7 0.72 0.5341
4 1.815 1.8809
4 1.2825 1.2558
6 1.0425 1.0984
5 1.1475 1.0822
6 2.8575 2.5494
7 0.585 0.3213
5 1.5675 1.3679
4 1.3725 1.2329
6 0.1725 0.3081
5 1.6275 1.6267
7 1.6875 1.676
4 2.07 2.66
4 1.7475 1.6518
7 0.75 0.7896
5 0.315 0.3713
7 2.37 2.3855
7 2.5575 2.7187
5 0.8775 0.5426
7 1.14 1.1989
4 2.3325 2.4926
7 1.4475 1.4383
7 2.295 2.2592
7 2.7225 2.8916
7 1.2825 1.1829
5 2.8725 2.4154
4 0.8175 0.4637
5 0.5175 0.6971
4 0.7275 0.6504
7 0.3675 0.243
4 1.7925 1.7497
6 2.3925 2.3609
6 2.9625 2.7967
7 1.335 1.3463
7 2.4675 2.2114
4 2.04 2.5221
6 1.3275 1.32
4 0.93 0.9557
4 1.2075 1.0765
6 2.445 2.5306
4 0.8775 0.7722
6 0.6975 0.5881
4 0.6075 0.8694
7 1.0575 0.9176
6 0.4875 0.2371
4 0.8025 0.6231
7 0.045 0.0421
5 2.37 2.429
7 0.96 0.8092
4 0.99 0.8417
5 0.8325 0.751
4 0.3075 0.4897
5 0.9675 1.241
6 1.395 1.3837
7 2.88 2.7474
4 0.9675 1.1685
4 1.245 0.6087
6 1.2 1.1847
5 1.395 1.3265
4 1.8525 2.2636
5 2.0025 1.9891
6 0.93 0.6934
4 1.185 1.3666
4 1.9575 2.1389
4 2.295 2.5252
5 0.87 0.8942
4 0.0825 0.3995
6 2.9475 2.7118
4 1.785 1.8923
4 1.5675 1.8299
6 1.125 1.0797
6 2.2725 2.4799
6 1.1475 1.0836
4 2.9325 2.3647
4 1.08 0.5926
4 2.8275 2.3927
4 0.105 0.3928
5 1.1475 1.2275
4 1.35 1.4664
5 1.5 1.4898
7 0.48 0.3562
5 2.16 2.2688
7 0.45 0.0766
6 0.4275 0.4222
7 2.7 2.6718
4 1.3125 1.2137
6 2.625 2.4852
5 1.0725 1.0732
5 2.6775 2.6346
7 0.255 0.3226
6 2.7525 2.6056
4 2.91 2.6363
7 1.9725 1.8604
6 0.5925 0.7308
6 2.8875 2.7614
5 0.81 0.6785
6 1.7175 1.7358
5 1.41 1.1915
6 2.865 2.725
4 1.89 1.7857
4 2.4225 2.301
5 1.23 1.046
5 0.795 0.5161
5 1.005 1.1159
5 1.7325 1.8165
5 2.2875 2.4892
7 2.2575 2.3028
7 2.6175 2.6651
7 1.725 1.7379
6 1.6575 1.6923
7 1.2825 1.3209
5 0.885 0.9094
7 2.235 2.0864
6 0.24 0.5681
6 1.9425 1.8904
4 0.5175 0.4741
4 0.15 0.6054
5 1.53 1.5471
7 2.1975 2.281
5 1.53 1.5033
6 2.7075 2.7081
4 2.475 2.4175
6 2.145 2.2672
7 2.1525 2.1885
7 2.4825 2.4882
6 1.0725 1.0648
5 2.355 2.6146
5 0.0825 0.431
6 2.985 2.6989
5 0.525 0.6587
4 1.215 0.5758
6 1.095 1.1676
6 0.885 0.8985
7 0.27 0.5799
6 2.82 2.6675
7 2.82 2.7234
7 2.7825 2.7693
7 1.83 1.7812
6 0.51 0.5002
4 1.8975 1.9011
5 2.7075 2.5844
4 0.9975 1.1573
4 0.2475 0.3895
6 2.0775 2.047
4 2.355 2.479
5 1.2675 1.3723
6 1.71 1.6974
6 2.0775 2.1514
5 1.5675 1.5988
4 2.655 2.2704
4 0.78 0.3337
6 0.555 0.3698
7 2.1825 2.2314
7 2.6775 2.6068
6 2.88 2.7231
7 0.42 0.5319
5 1.1175 1.2506
6 0.69 0.499
5 1.6425 1.4553
6 0.8325 0.8833
5 2.0925 2.0838
5 1.4325 1.4862
5 2.2725 2.6454
5 1.905 2.0739
7 2.79 2.8168
5 1.035 0.7636
6 2.16 2.1831
6 1.71 1.7251
7 1.4775 1.4807
6 0.825 0.6463
7 1.155 1.1481
7 2.4225 2.3469
5 2.025 2.1059
7 2.0025 2.0161
5 1.9725 2.0669
7 1.2075 1.1435
5 2.3625 2.6225
7 2.2125 2.3375
6 2.61 2.7868
5 2.3475 2.6841
6 1.755 1.6664
6 2.235 2.1226
5 0.225 0.5698
5 2.85 2.7874
5 1.1475 0.8616
5 0.51 0.3409
7 0.15 0.2422
7 2.0175 2.0212
7 0.6075 0.557
5 2.22 2.1414
4 0.9825 0.8964
5 1.1925 1.2456
5 1.0875 1.0174
4 2.3025 1.9388
5 2.9925 2.5675
7 2.745 2.8097
6 0.225 0.1853
6 0.36 0.3044
5 1.7475 1.9549
7 2.4825 2.5958
4 2.4675 2.4179
4 1.965 2.3288
6 2.5575 2.5013
6 1.785 1.8057
5 1.5225 1.4345
5 0.06 0.718
5 2.475 2.5801
6 0.555 0.6563
6 1.005 0.752
7 1.74 1.6982
7 0.8775 0.841
7 2.85 2.8007
5 2.9625 2.5235
4 0.315 0.6054
5 2.4675 2.5331
7 1.0875 1.103
6 1.0725 0.8695
7 1.095 1.0275
5 2.6475 2.6673
6 0.7875 0.7377
7 2.7 2.6636
6 2.1375 2.2433
5 0.645 0.9893
6 0.045 0.5501
4 1.9425 2.1952
5 1.77 1.6216
5 0.5175 0.3513
7 0.315 0.3704
5 2.865 2.6118
5 1.3425 1.2173
6 2.31 2.4817
5 0.06 0.3621
5 0.81 0.8285
6 1.2975 1.2892
5 1.08 0.9361
6 1.845 1.8374
7 2.82 2.7886
6 1.5525 1.5622
7 2.7675 2.7888
7 1.6425 1.6215
6 2.355 2.489
5 0.6375 0.403
4 1.245 1.2808
6 1.665 1.7551
5 0.2175 0.3334
6 2.3625 2.1618
7 0.615 0.3431
6 2.8875 1.1555
5 0.4575 0.6423
4 1.68 1.6425
7 2.82 2.9018
6 1.7475 1.7871
6 1.395 1.4982
7 2.4375 2.2866
5 1.4025 1.3551
5 1.65 1.7104
7 2.4525 2.422
5 0.42 0.9492
5 0.6675 0.4003
5 0.06 0.7806
6 1.905 1.7784
4 2.4825 2.5539
4 1.8375 1.7802
7 1.5675 1.5431
6 2.1525 2.0566
5 0.0 0.3459
6 0.21 0.4444
5 0.765 0.3676
5 0.735 0.6709
7 0.3525 0.1833
5 2.9925 2.4778
5 1.995 2.0475
5 2.1225 2.1775
4 2.31 2.5299
5 0.06 0.5073
5 0.3225 0.3886
6 0.1425 0.337
5 2.7975 2.5789
7 2.52 2.7192
4 2.2875 2.1705
5 1.5675 1.5677
5 2.88 2.7115
6 2.0475 1.9448
5 0.1575 0.5234
6 1.515 1.5013
7 1.1775 1.1533
5 0.6675 0.629
4 2.9475 2.5035
5 1.3875 1.4455
7 2.31 2.3521
6 0.2775 0.4797
5 0.78 0.5412
5 0.1125 0.3259
7 2.1075 2.0835
6 2.3475 2.3027
5 1.095 1.1556
5 2.67 2.6796
4 1.4625 1.3753
4 1.8375 1.711
4 0.585 0.3618
4 0.2325 0.5923
5 2.6325 2.634
4 2.835 2.5556
6 0.4425 0.2674
7 0.465 0.2943
6 1.2225 1.2373
7 2.28 2.4586
6 1.4775 1.5833
5 2.8425 2.6147
4 1.9575 2.0228
6 1.395 1.3051
6 0.075 0.4322
4 2.265 2.4912
4 1.605 1.8987
5 2.7825 2.2804
5 0.5475 0.5838
5 0.6825 0.3861
6 1.815 1.9388
4 1.395 1.3419
4 2.2875 2.6248
7 0.5925 0.5099
7 1.08 1.0599
7 2.1825 2.1348
5 2.5875 2.7042
4 1.605 1.5577
5 2.0625 2.4047
7 0.39 0.5753
4 1.485 1.5114
7 0.075 0.3515
6 0.645 0.6766
6 2.4225 2.6029
4 1.2525 1.2761
6 0.5025 0.3471
5 1.26 1.1954
5 1.2075 1.3242
5 2.4825 2.6001
6 0.5925 0.5814
4 1.4025 1.1922
5 2.745 2.6419
7 1.5075 1.5382
6 1.53 1.4654
6 1.38 1.4567
5 0.525 0.293
4 0.3075 0.5903
4 2.175 1.956
6 0.6075 0.2053
4 2.7975 2.5983
7 2.73 2.7686
7 1.6125 1.5697
4 0.8025 0.5365
6 2.4225 2.5196
4 2.82 2.5791
4 2.775 2.4987
6 1.5675 1.6573
5 1.8525 1.7747
7 1.0575 1.0747
4 0.3375 0.5728
7 0.4725 0.5357
5 0.15 0.3401
7 1.8075 1.9128
6 0.42 0.4834
6 2.505 2.4812
7 1.53 1.5592
4 0.675 1.0453
7 1.1775 1.1458
4 1.245 1.2976
5 1.8375 1.8928
5 2.0775 2.5725
4 0.42 0.3858
6 1.4775 1.5059
7 2.025 1.9795
7 2.7525 2.6342
6 2.4375 2.2591
4 0.0075 0.4048
5 1.815 1.9629
4 0.36 0.3542
7 1.6725 1.7322
4 2.91 2.5235
7 0.675 0.5701
5 1.14 1.0051
7 0.8775 0.7794
5 1.2675 1.1257
7 0.3525 0.4529
5 0.9375 0.8779
4 0.705 0.417
5 0.24 0.3288
4 0.18 0.3268
5 0.81 0.6436
6 2.145 2.3251
5 0.03 0.3274
7 2.4975 2.2871
6 1.32 1.3607
4 2.355 2.2482
4 0.6075 0.8342
7 2.1675 2.089
4 0.03 0.4072
5 0.555 0.4077
5 2.7975 2.6679
4 1.515 1.3988
6 1.62 1.658
7 0.825 0.6189
7 0.2025 0.2173
6 0.1725 0.4516
5 0.0225 0.2443
5 2.19 2.4486
4 1.4925 1.354
4 1.14 1.2625
6 0.825 0.9154
7 2.985 2.8389
4 0.2025 0.5261
6 0.6225 0.2514
5 1.1775 1.247
4 2.025 1.7008
6 2.1375 2.1152
4 2.9175 2.6536
7 1.7175 1.7301
6 1.0575 0.9157
5 2.07 2.7931
4 1.1475 0.7666
7 1.335 1.3475
6 2.355 2.467
4 2.55 2.4872
6 1.815 1.9075
4 0.375 0.5774
6 1.92 1.9683
7 2.4 2.3987
6 2.4225 2.6073
4 1.3125 0.942
4 1.56 1.4436
7 1.1175 1.0757
5 0.0 0.4295
7 1.44 1.4613
4 1.2375 1.378
7 0.765 0.8476
5 2.1075 2.0009
5 0.645 0.4079
6 1.95 2.0124
4 0.15 0.4345
6 1.59 1.6524
5 0.915 0.5973
5 2.865 2.8156
4 1.0275 1.1795
5 1.38 1.4372
4 0.375 0.4086
6 2.61 2.651
7 1.17 1.1898
6 1.8075 1.7615
7 2.34 2.4416
4 1.1925 0.7283
5 0.0375 0.229
5 2.5275 2.4957
7 0.6225 0.6347
7 2.9625 2.8046
6 0.51 0.3604
7 0.3075 0.4465
4 1.9125 1.3358
7 0.225 0.1604
6 1.5 1.5029
7 2.61 2.5562
7 2.955 2.7916
7 0.6 0.5915
7 2.6325 2.8254
5 2.8725 2.56
5 1.3725 1.384
6 1.32 1.3468
6 0.5325 0.3856
6 0.8325 0.8022
4 1.8225 2.1757
4 1.215 0.9411
5 2.865 2.7463
6 1.17 1.2232
6 0.4875 0.2544
4 0.8475 0.583
7 2.91 2.7513
6 0.315 1.545
7 0.7275 0.7039
7 1.98 1.9508
5 2.4525 2.4441
5 0.705 0.5316
7 0.4725 0.2748
4 1.3275 1.2742
6 0.9825 1.0255
4 1.2225 1.3187
5 0.9225 0.6919
7 1.725 1.7192
7 1.35 1.3413
5 0.42 0.5633
7 1.0875 1.033
7 1.7175 1.7679
5 1.3275 1.2649
7 1.4625 1.423
7 1.98 1.9264
4 2.8125 2.2402
5 2.205 2.006
7 0.8775 0.806
5 1.8225 1.768
6 1.8675 1.8875
4 0.4425 0.957
4 2.205 2.5146
4 2.67 2.3433
7 2.6325 2.7035
5 2.2275 2.6494
7 2.0775 2.0677
5 1.7925 1.6918
6 0.495 0.2727
7 1.98 1.9945
4 0.12 0.3609
7 0.4125 0.3506
6 0.225 0.3004
4 0.915 2.9985
4 0.5925 0.4226
5 2.4825 2.5996
6 1.6725 1.7025
4 0.7125 0.29
5 1.215 1.0974
5 2.5125 2.5893
7 2.6325 2.6717
7 2.2875 2.1107
6 1.3425 1.4224
7 0.99 1.0033
4 2.73 2.6368
5 2.8575 2.7397
6 2.25 2.5989
6 1.3725 1.305
4 2.16 2.1739
5 1.0275 1.1891
6 0.5325 0.3666
6 0.5475 0.3998
7 1.3575 1.2992
5 2.9625 2.6503
5 1.7025 1.6388
4 2.3925 2.6695
7 2.52 2.5707
5 2.9475 2.728
7 2.8125 2.7765
7 0.4575 0.3407
4 0.9225 0.8621
4 0.405 0.3565
7 1.86 1.8532
4 2.775 2.5481
5 1.2825 1.3333
6 2.985 2.7468
7 0.8175 0.9075
7 2.01 1.9909
4 1.1625 0.5412
5 1.59 1.4985
7 2.6925 2.6992
4 2.2875 2.5617
7 0.21 0.1722
4 2.34 2.446
7 2.7225 2.5082
7 2.2125 2.3526
6 2.19 2.2782
7 2.79 2.6776
4 1.815 1.9741
5 2.58 2.5984
4 0.315 0.2951
4 0.285 0.3449
5 0.5775 0.592
6 0.5475 0.6032
7 2.595 2.7516
4 2.445 2.5538
6 0.2025 0.2295
4 2.8125 2.6319
4 2.1375 2.6099
4 0.975 1.1833
6 2.535 2.507
4 1.68 1.6292
5 0.6675 0.3752
6 1.02 1.0392
5 1.515 1.6363
5 1.02 1.1442
7 2.3175 2.4085
6 1.905 1.9223
7 0.825 0.8229
7 2.985 2.6635
6 0.825 0.9483
5 1.1025 0.9793
6 1.5075 1.6332
6 2.5275 2.7308
7 2.3325 2.2768
7 2.1075 2.0901
4 1.605 1.4457
6 1.0725 0.9586
7 0.705 0.6991
6 0.9 0.8432
4 1.6425 1.516
6 0.12 0.1953
6 2.295 2.4221
7 2.4225 2.7851
7 0.7875 0.8493
5 1.3725 1.6109
7 2.8875 2.8148
5 0.525 0.3667
6 1.215 1.2071
6 1.0875 1.0395
6 1.74 1.7046
5 2.8725 2.7476
5 0.6825 0.4837
4 1.5075 1.3514
5 2.775 2.3831
6 1.86 1.9335
4 1.14 1.174
6 0.4575 0.2756
5 0.69 0.2761
5 1.935 1.9025
7 2.0925 2.1654
6 1.71 1.7813
6 2.2875 2.5108
4 0.0675 0.3637
4 2.1525 2.3571
6 2.76 2.6964
4 1.74 1.9697
7 1.275 1.2941
7 0.0375 0.203
4 0.66 0.7902
7 0.9975 1.0109
7 0.48 0.3529
4 2.6475 2.334
5 2.82 2.5661
5 0.585 0.4295
4 2.6025 2.6449
6 0.15 0.2495
6 2.295 2.3687
5 2.4825 2.6534
6 1.2375 1.29
4 2.3175 1.9287
4 0.975 0.8204
4 1.3875 1.3947
5 1.1025 0.9516
5 2.6325 2.4629
7 1.9575 2.0546
6 2.4675 2.4257
7 2.9925 2.7459
7 1.17 1.1235
5 1.7925 1.8016
6 2.0775 2.1191
5 2.2275 2.4583
4 0.5625 0.4827
6 0.3375 0.2149
5 1.545 1.4329
4 1.455 1.4474
7 2.0475 2.063
4 0.69 0.4061
7 2.265 2.3183
4 1.2075 1.0263
5 0.06 0.4373
4 1.59 1.2665
7 0.93 0.8593
4 0.2475 0.4655
7 2.1075 2.0937
4 2.7825 2.5256
5 0.4725 0.3173
7 1.4325 1.4141
5 0.18 0.4847
4 1.41 1.272
7 0.1275 0.4515
4 1.455 1.3772
4 0.585 0.8628
5 0.84 0.8667
5 0.5775 0.6245
6 2.6775 2.7342
4 1.5225 1.291
4 1.44 1.7185
5 1.5 1.4132
7 2.6925 2.5226
4 0.6675 0.2805
4 0.6075 0.6342
5 0.5625 0.4653
6 2.505 2.7232
6 1.71 1.6571
5 0.495 0.6261
6 0.1275 0.3831
5 0.225 0.2888
5 2.0325 2.0419
4 2.52 2.4831
5 0.825 0.6944
4 0.7875 0.5559
6 2.22 2.2451
7 1.6275 1.7282
7 2.355 2.3638
4 0.9975 0.8129
6 2.4 2.5516
4 0.6075 0.6676
5 1.5375 1.4804
5 2.745 2.7326
7 1.725 1.7199
4 1.185 0.919
5 1.485 1.3519
6 2.805 2.7381
7 0.7125 0.7292
5 2.9775 2.5995
4 1.9575 1.778
4 0.405 0.2459
5 0.7275 0.509
7 0.81 0.8283
7 0.4425 0.2822
5 0.2325 0.4087
4 0.3225 0.4606
6 1.2 1.2022
6 1.05 1.1137
6 1.2375 1.2708
5 0.1875 0.331
7 2.22 2.1839
6 1.4025 1.3495
5 0.0375 0.3692
6 1.26 1.2571
5 1.725 1.6062
6 0.5025 0.2205
4 2.805 2.4072
5 0.135 0.5868
5 0.735 0.37
7 0.69 0.6547
6 1.5225 1.4607
4 0.0675 0.4227
7 0.345 0.2651
5 0.6225 0.4173
4 0.6225 0.2799
4 1.7175 1.7071
7 2.7075 2.7823
5 0.6675 0.4264
6 1.5375 1.424
5 2.34 2.4434
4 2.0625 2.4044
4 1.3275 1.1915
6 0.8025 0.5137
5 0.795 0.8112
7 2.745 2.7987
4 1.6425 1.5821
6 0.6375 0.6489
5 2.19 2.5919
6 1.0275 1.0238
5 0.24 0.3489
6 0.4425 0.2241
5 1.6125 1.493
4 0.5325 0.3583
6 2.4825 2.7531
7 1.0575 0.9852
4 1.23 1.3984
5 0.615 0.4643
6 2.9925 2.7018
7 0.9075 0.9292
7 2.0325 2.0916
4 2.595 2.3505
6 1.455 1.2848
5 1.3275 1.2586
6 0.255 0.2276
6 1.41 1.3274
4 2.2875 2.4551
5 0.42 0.3
7 0.615 0.7125
4 2.7525 2.316
7 2.25 2.3582
6 0.705 0.4461
4 1.6575 1.6194
4 2.4075 2.6117
7 2.9625 2.7521
4 1.86 2.038
5 2.6475 2.6907
6 2.265 2.5414
6 1.9875 1.8996
4 1.89 1.8896
6 1.89 1.9743
6 0.7725 0.5823
6 1.08 1.0299
6 0.39 0.2618
6 1.395 1.459
7 2.9025 2.6587
7 0.9975 1.0078
6 2.055 2.0391
5 0.3225 0.4353
5 1.9275 2.0954
4 0.795 0.8844
5 1.275 1.3829
5 2.085 2.3836
4 1.5975 1.7847
5 0.72 0.4399
6 0.5175 0.1992
7 1.0425 0.9517
7 0.3825 0.4683
7 1.77 1.7119
6 0.3825 0.6077
5 2.6025 2.752
4 0.225 0.552
6 0.12 0.4227
7 2.835 2.8042
6 1.77 2.8636
4 2.6925 2.5436
4 2.775 2.589
4 1.0875 0.5341
5 0.9675 0.9875
7 0.945 1.0103
6 2.16 2.1383
6 0.0675 0.2125
6 0.765 0.6917
7 1.2825 1.3404
6 2.52 2.7456
5 1.4625 1.5626
7 0.5775 0.652
7 1.7925 1.7589
5 2.055 2.1654
5 0.1125 0.4088
4 2.88 2.6638
4 2.3325 2.4055
4 2.7225 2.6501
4 0.3225 0.3402
4 1.665 1.8653
7 1.2225 1.1466
5 1.695 1.6451
5 1.0125 0.8214
5 1.905 1.859
7 1.935 1.9463
7 0.015 0.2471
4 1.9125 2.3046
7 2.76 2.8136
7 2.82 2.8932
6 1.29 1.3525
5 2.55 2.5834
6 1.1025 1.0463
7 2.0025 1.9788
6 2.0025 2.0182
6 2.415 2.6971
6 2.6775 2.6898
5 2.9625 2.7242
6 0.36 0.2275
5 2.3775 2.4415
4 2.5125 2.6012
6 2.3025 2.3383
7 1.425 1.3661
6 0.0975 0.2367
5 1.395 1.2076
6 1.4175 1.5088
7 1.4925 1.6299
5 1.7625 1.5558
7 0.855 0.7987
7 0.135 0.3492
5 0.465 0.4412
6 2.9775 2.745
5 1.62 1.7642
5 2.7 2.6602
4 2.0325 1.9487
5 0.8775 0.9217
4 0.03 0.7562
7 2.9175 2.707
4 2.88 2.6034
4 1.26 1.323
6 1.8 1.8775
7 2.0175 2.097
7 2.1225 2.144
4 1.6575 1.6113
7 2.5425 2.8053
7 0.09 0.0955
7 0.6225 0.6849
6 1.47 1.3961
7 0.45 0.2899
4 1.3275 1.4751
7 0.915 0.9761
6 0.9 0.977
7 1.5675 1.5789
7 2.55 2.6425
5 0.8925 0.4247
5 1.26 1.2096
4 0.81 0.776
6 0.555 0.4853
4 2.3025 2.5999
7 2.7225 2.7513
6 0.7725 0.5717
6 0.9225 0.9472
7 0.3075 0.1593
5 1.665 0.2124
6 2.1675 2.5288
4 0.6975 0.3508
4 1.605 1.6565
4 0.15 0.4017
6 0.9525 1.0346
6 0.135 0.2404
4 2.91 2.603
6 2.55 2.554
7 2.25 2.2461
6 2.0175 2.0898
6 0.8025 0.7168
7 0.4875 0.4998
6 1.92 2.0204
4 1.0725 0.7203
4 2.295 2.6409
7 1.83 1.7829
4 0.8925 0.393
5 0.84 0.541
4 0.42 0.8189
4 2.7825 2.5348
7 2.1675 2.1564
4 0.3975 0.5782
4 1.0875 0.5297
7 1.53 1.4969
6 2.7675 2.3822
4 0.12 0.4192
6 2.4975 2.6035
4 2.2575 2.6203
5 2.49 2.6333
7 2.0625 2.0912
6 1.635 1.6781
4 0.3975 0.4362
4 0.165 0.268
6 1.845 1.6975
7 0.9 0.9721
6 1.98 1.9763
6 0.6375 0.5944
6 1.3125 1.2825
7 1.3125 1.3517
7 0.2625 0.2946
7 0.795 0.8556
5 0.765 0.9624
6 2.28 2.2949
7 2.28 2.3073
4 1.65 1.7991
5 2.985 2.7524
4 2.5275 2.5392
6 1.245 1.1908
6 0.81 0.7907
4 0.555 0.6549
7 1.8975 1.8017
6 0.4125 0.4946
6 1.245 1.303
5 0.6975 0.5736
6 1.1325 1.0186
6 1.8825 1.9095
7 1.2375 1.2699
7 2.0325 2.0555
5 0.63 0.6378
5 1.1025 1.1866
5 1.3875 1.466
5 2.2425 2.6057
4 1.485 1.4107
4 1.455 1.4629
4 1.6875 1.6825
5 2.1975 2.3768
6 0.6675 0.4173
7 0.57 0.26
5 1.29 1.3672
5 1.9425 2.157
5 0.7725 0.4346
6 0.8625 0.9896
5 2.9775 2.7543
6 2.4 2.3165
7 1.785 1.8694
7 0.5025 0.3276
6 2.1 1.9843
4 0.63 0.3354
4 1.0425 1.0307
4 2.505 2.591
5 0.3675 0.2282
7 2.52 2.6273
7 2.4075 2.4591
7 1.89 1.9022
6 2.685 2.5641
5 1.305 1.4167
4 2.6925 2.5338
7 2.01 1.9762
5 2.565 2.609
7 1.59 1.6597
6 1.035 1.1678
4 2.8275 2.5496
7 0.5025 0.3873
5 0.5925 0.8136
7 0.42 0.5611
6 1.9275 1.9505
5 1.7175 1.7513
4 2.6025 2.6484
6 2.925 2.6814
7 0.3675 0.2795
6 2.0775 2.2398
5 1.6575 1.6761
7 0.8775 0.9053
7 1.4025 1.5602
6 1.7025 1.7704
4 1.515 1.522
6 1.53 1.439
6 0.7725 0.5102
7 1.785 1.8179
4 0.93 0.5038
7 0.2925 0.4953
4 0.7725 0.5422
7 1.17 1.0913
6 0.1725 0.5709
5 1.74 1.8068
5 1.8525 1.8058
5 0.1875 0.2777
4 0.4275 0.2966
4 2.235 2.3097
7 1.0425 1.0637
7 1.965 1.9596
4 2.625 2.6411
5 1.0275 0.9101
4 0.54 0.9557
7 2.97 2.7345
6 1.0125 0.9878
6 0.15 0.3979
5 0.45 0.5978
6 2.6175 2.756
4 0.7725 1.7349
6 0.87 0.8141
6 1.785 1.7618
6 0.6975 0.7406
7 0.9675 0.986
7 1.89 1.9786
4 0.2325 0.3749
5 0.615 0.2719
6 1.8075 1.8537
5 0.105 0.3686
5 1.0275 1.1337
6 1.425 1.3912
4 1.365 1.3889
6 1.3125 1.3539
7 1.8225 1.8498
5 2.0025 2.2519
6 2.1 2.1095
5 2.6775 2.6634
4 0.57 0.5035
7 2.94 2.7782
6 2.16 2.1677
7 2.5425 2.6731
7 0.4575 0.3807
7 0.705 0.7345
4 0.5625 0.6188
6 1.26 1.2093
5 2.4675 2.7735
5 2.07 2.154
6 1.4175 1.3022
4 0.54 0.3638
4 1.9875 2.0961
5 0.2475 0.2046
6 1.0875 1.1771
5 0.2775 0.4504
6 2.9925 2.6285
7 0.39 0.3387
7 1.7025 1.6447
4 1.5 1.6228
7 2.625 2.5671
6 2.34 2.141
7 1.875 1.8717
7 0.1575 0.3099
7 0.5025 0.2921
4 2.385 2.4287
7 0.2775 0.235
4 1.005 0.5717
5 1.08 1.1503
4 1.1625 0.8088
4 1.3575 1.3951
4 1.905 2.2947
6 0.06 0.2643
6 0.12 0.3527
7 1.68 1.6867
4 2.415 2.6189
7 1.7175 1.8186
5 0.99 0.6352
4 1.2375 1.4009
4 1.455 1.5203
4 0.0375 0.4666
5 0.36 0.7594
5 1.05 1.0938
4 0.4275 0.3412
6 1.5675 1.471
6 1.2 1.1015
7 2.7675 2.7836
6 2.2725 2.3436
4 1.875 2.0664
4 2.9925 2.5229
5 1.5225 1.5054
7 1.44 1.4582
6 2.445 2.8161
7 0.1725 0.1657
6 0.915 0.7657
4 0.78 0.7621
6 0.99 1.0098
6 0.39 0.2228
5 2.4675 2.5661
5 1.2525 1.3047
4 0.885 0.5302
4 1.7325 1.9092
4 2.3775 2.0841
5 2.2425 2.0154
5 1.5375 1.5848
4 2.58 2.413
6 2.925 2.7491
7 2.0475 2.0808
5 1.2 0.9202
7 0.15 0.2247
5 2.2125 2.6729
7 2.265 2.3005
7 2.31 2.4042
7 2.4525 2.3246
4 1.3875 1.5386
6 1.95 1.8381
6 2.0325 1.9781
4 0.5925 0.4654
4 2.1675 2.2132
5 0.27 0.2589
6 2.835 2.8091
6 1.9275 1.9128
5 2.97 2.5478
4 0.3825 0.4832
4 2.5875 2.2573
5 0.2775 0.3626
4 1.8375 1.8377
5 2.2425 2.0997
7 1.3875 1.2928
5 2.6625 2.7262
4 0.495 0.4989
4 1.62 1.8687
5 1.4325 1.4424
7 0.8025 0.8128
7 0.525 0.2368
6 2.4225 2.4944
6 2.25 2.5603
6 1.7775 1.8839
4 1.155 1.1639
6 0.435 0.4953
7 1.875 1.8477
6 0.195 0.3253
4 2.145 2.4584
5 1.29 1.3495
5 1.605 1.6305
6 0.3525 0.2641
4 1.23 1.0749
6 0.2625 0.512
7 0.975 0.9354
4 0.3975 0.4236
5 2.0025 2.0241
4 0.72 0.5855
5 2.6775 2.5124
6 0.495 0.4841
4 0.0975 0.4114
7 1.2975 1.3466
6 2.34 2.7044
6 2.13 2.0468
7 1.6125 1.5406
7 0.0375 0.217
4 0.5325 0.3496
5 1.125 1.1451
7 0.2775 0.3184
6 1.53 1.4623
4 1.905 1.741
6 1.62 1.6206
5 2.82 2.6142
7 0.315 0.4559
4 0.15 0.3321
4 1.7025 1.7309
7 0.9525 1.0077
4 0.405 0.3813
5 1.785 1.9387
5 0.9825 0.6899
4 2.2425 2.4038
7 1.515 1.5268
6 1.77 1.7203
6 1.5675 1.5793
4 1.785 1.8713
4 0.075 0.3324
4 2.34 2.5113
7 1.4925 1.612
7 1.155 1.1827
6 0.93 0.9002
6 0.5025 0.2549
5 2.4975 2.5057
7 1.68 1.624
4 0.555 0.6379
4 2.8575 2.4547
4 0.045 0.2872
7 2.055 2.0299
6 1.0125 1.0297
6 0.9975 0.9473
4 0.8475 0.4241
5 2.565 2.6608
7 1.5075 1.5074
5 0.5625 0.4935
4 1.9725 1.9591
6 0.1725 0.3683
6 0.375 0.3354
4 2.67 2.6955
6 2.34 2.2021
6 2.7525 2.6983
4 2.655 2.5217
5 0.39 0.5252
5 2.925 2.659
6 0.3975 0.2889
6 0.5775 0.5182
5 0.45 0.4124
7 2.55 2.6128
7 1.0575 1.0967
5 0.2625 0.4052
4 2.22 2.2629
7 2.6775 2.5815
5 1.3425 1.2991
4 2.685 2.6591
7 0.5025 0.3719
5 0.3225 0.3222
6 0.8175 0.8506
4 2.28 2.2966
4 1.7775 1.6788
6 1.7325 1.7215
4 1.635 1.5242
7 2.2425 2.2933
4 0.5025 0.2709
6 2.6475 2.5697
7 2.91 2.7057
4 0.9225 0.8705
7 2.9925 2.7058
5 1.2 1.1898
7 2.1525 2.162
5 0.3675 0.408
7 1.14 1.2394
4 1.53 1.4959
6 2.5275 2.5568
4 2.4525 2.5141
7 2.3475 2.3574
5 2.085 2.1225
6 0.105 0.3955
7 2.2425 2.2592
6 0.675 0.6653
4 2.9175 2.598
4 2.685 2.6167
5 1.3425 1.3042
4 1.8825 2.463
6 2.565 2.7676
6 0.8325 0.8477
5 1.845 1.9062
4 1.38 1.1079
7 1.7625 1.8842
6 2.9475 2.6711
7 0.7875 0.7534
7 1.0125 1.0673
6 1.095 1.1284
6 2.085 2.2488
6 2.0925 2.1492
5 0.2775 0.4575
7 0.4125 0.2841
7 0.555 0.3373
7 0.6075 0.477
6 1.95 1.8763
6 2.5575 2.6221
4 2.97 2.4347
7 0.9525 0.9332
4 2.3025 2.4336
5 0.0375 0.2706
4 0.9225 1.0493
6 2.235 2.2256
4 2.175 2.3825
4 2.8875 2.604
5 2.895 2.5783
4 2.355 2.5761
4 2.55 2.5769
5 0.7275 0.3597
7 1.875 1.9165
5 2.865 2.5038
7 2.2275 2.2108
4 2.9025 2.6361
5 0.6675 0.7759
5 1.4925 1.5218
4 1.2975 1.3295
7 1.2075 1.139
7 2.1675 2.1008
6 0.96 0.9327
5 0.63 0.3444
4 2.8125 2.5317
7 0.48 0.6207
6 0.7425 0.5909
5 0.315 0.4535
5 1.4025 1.2087
5 2.31 2.6513
7 0.7575 0.7856
4 0.6825 0.2487
6 1.9575 2.0542
4 2.775 2.4991
4 1.365 1.5414
5 0.57 0.3463
7 2.2725 2.3526
4 1.62 1.4987
5 0.915 0.8536
5 2.5875 2.6997
4 0.6 0.4145
4 1.3875 1.5925
4 2.025 1.7664
4 1.8975 1.7741
5 1.0875 1.0711
5 1.2525 1.3997
4 2.3175 2.4047
5 2.535 2.7088
4 2.1225 1.9116
6 2.055 1.9294
5 0.0075 0.3091
6 0.8775 0.9257
4 1.9125 2.0224
7 1.9275 1.9377
5 2.3175 2.6046
7 0.9 0.8697
5 0.495 0.3821
7 2.1375 2.0914
5 1.9725 1.84
5 2.055 1.9131
4 2.6625 2.5721
6 2.19 2.2344
7 1.23 1.2381
5 2.865 2.551
7 2.85 2.5991
7 1.3725 1.4079
7 2.8725 2.5711
7 2.8425 2.7533
4 1.05 0.7424
4 2.49 2.4131
6 2.07 1.9998
5 0.795 0.5326
4 2.04 2.1626
7 0.2025 0.2594
7 2.145 2.1092
4 1.4175 1.497
6 0.5175 0.3438
5 0.42 0.3386
7 2.3175 2.2747
4 2.6925 2.6221
7 0.2775 0.2388
6 1.065 1.0843
4 1.515 1.4347
6 0.9075 1.0501
7 1.6125 1.6279
7 1.095 0.951
4 2.745 2.6854
5 1.8075 1.9619
5 1.8075 1.8696
5 2.895 2.6645
4 1.755 1.6745
6 1.1025 0.9622
5 2.0175 1.8844
5 0.9525 0.8981
5 1.1025 1.1651
5 1.4475 1.5298
6 1.9125 1.5013
7 2.1675 2.0964
7 1.5525 1.5887
4 1.4175 1.5006
7 0.855 0.9029
7 1.425 1.4483
7 0.7575 0.782
7 0.8775 0.929
5 2.955 2.6635
4 2.3175 2.6483
6 0.36 0.2235
6 1.95 1.9575
7 0.8625 0.7467
5 1.455 1.4195
4 0.0225 0.4124
5 1.7025 1.6917
6 1.0275 1.0804
5 0.84 0.4059
5 2.55 2.678
7 2.3625 2.5117
6 1.965 1.9111
5 2.16 2.5695
5 0.9225 0.9105
6 0.8025 0.5404
4 0.4875 0.4014
6 1.635 1.577
6 1.755 1.7853
7 1.1175 1.0967
7 1.605 1.6165
6 2.64 2.5672
4 1.3875 1.3077
5 1.8075 1.7701
7 0.7425 0.5204
7 2.91 2.8022
4 2.595 2.4336
6 2.9325 2.682
4 2.5875 2.6489
4 2.31 2.4003
7 1.2525 1.2286
5 0.9525 0.7677
7 2.1075 2.0874
4 0.9525 0.6604
6 0.255 0.2936
4 0.585 0.4033
6 2.1375 1.9997
5 2.1525 2.2014
5 2.145 2.16
7 1.245 1.2696
7 0.2775 0.2794
7 0.855 0.8059
7 0.0975 0.2824
5 1.3125 1.359
4 1.755 1.7101
6 2.28 2.2718
7 0.675 0.5813
7 2.595 2.7976
5 2.3175 2.387
7 1.7325 1.7815
5 1.3875 1.3916
7 2.2575 2.3251
6 0.93 0.6954
5 1.8 1.7984
5 1.7775 1.9131
5 1.7325 1.7749
7 1.395 1.4267
4 1.4175 1.5073
7 0.78 0.7466
4 0.6675 0.4472
7 1.665 1.6571
6 0.7425 0.7899
5 2.535 2.6943
6 1.71 1.6965
4 1.3575 1.202
7 0.7725 0.6658
5 0.0525 0.2976
6 0.8625 0.5372
4 2.5125 2.5247
5 1.6425 1.7668
7 2.745 2.6656
6 2.4375 2.4656
5 1.4175 1.4294
6 2.8425 2.5917
5 2.91 2.6721
7 0.3 0.248
4 0.9375 0.7181
7 0.42 0.2251
4 1.0125 1.1175
4 2.0775 2.321
6 1.125 1.2459
6 0.5325 0.1816
6 0.1425 0.439
4 2.205 2.4219
4 2.595 2.4054
6 1.0575 0.93
5 1.8075 1.6857
5 0.93 1.0507
6 0.15 0.2403
5 2.16 2.3708
6 2.5425 2.6906
4 1.8825 2.1301
7 2.6625 2.7113
7 1.4325 1.4252
6 2.76 2.7046
6 2.1 2.0391
6 2.6775 2.6257
4 2.3475 2.5981
4 2.8875 2.3766
5 0.0975 0.3274
6 2.655 2.4794
5 0.9225 0.7535
4 1.02 0.9471
6 2.4825 2.7447
7 0.195 0.5328
4 1.35 1.4442
7 1.17 1.1966
6 1.785 1.7831
6 1.59 1.5857
6 2.6925 2.7517
4 1.815 1.9827
5 2.895 2.6906
7 1.6425 1.6392
6 1.6575 1.659
6 0.8025 0.8298
5 1.77 1.7231
6 0.5625 0.4723
4 0.7425 0.6656
7 0.03 0.2189
7 0.465 0.2179
5 2.5725 2.6731
7 2.28 2.3915
5 2.745 2.7005
5 2.22 2.4423
4 1.83 1.8119
7 1.2375 1.282
6 2.7525 2.6692
6 1.425 1.4458
7 1.1025 1.1314
4 1.035 0.734
5 0.6525 0.3818
6 1.635 1.5994
4 1.89 1.8864
6 2.7825 2.7081
7 2.1975 2.351
4 0.3675 0.6566
5 0.285 0.4901
6 0.3075 0.5913
4 1.6725 1.9024
7 1.575 1.5283
4 0.9375 0.4888
5 0.405 0.3728
7 2.385 2.4573
5 1.68 1.7156
7 0.555 0.363
7 0.435 0.2117
4 1.5525 1.1928
4 1.065 0.923
6 2.595 2.619
6 0.4125 0.4528
5 0.36 0.4486
4 1.5825 1.7807
5 2.88 2.6243
5 0.3525 0.4395
5 1.5825 1.625
5 1.5825 1.5361
4 1.2225 1.1901
4 1.6275 1.6513
7 2.895 2.7494
4 0.69 0.4493
6 2.3325 2.5017
5 1.815 1.8494
6 2.4 2.416
5 0.1125 0.4648
7 0.1125 0.2038
7 2.6325 2.6775
6 2.4525 2.3092
7 0.645 0.366
7 1.35 1.4922
4 2.3325 2.304
5 2.025 2.0571
7 1.26 1.4119
7 1.695 1.6572
5 0.99 0.7155
5 2.16 2.078
6 2.7 2.6195
5 1.3425 1.308
6 1.785 1.91
4 0.0825 0.3976
4 1.56 1.3874
7 0.84 0.7576
7 1.7325 1.6699
7 1.9425 2.0285
4 2.8425 2.2296
6 2.9625 2.628
4 1.5675 1.3812
4 1.2825 1.409
6 2.8425 2.6972
4 2.745 2.4906
4 1.4475 1.4262
7 0.5175 0.5105
6 0.6675 0.5205
5 2.34 2.3581
6 0.255 0.2581
7 2.1525 2.1668
7 2.22 2.1845
4 0.6375 0.4187
6 0.1725 0.3012
5 1.1325 1.2403
5 2.3925 2.6967
6 0.03 0.2333
6 2.6775 2.6507
4 1.14 0.9396
5 1.98 2.0944
4 2.1075 1.99
6 2.535 2.5087
4 0.0675 0.4046
5 0.24 0.2935
6 1.5225 1.6113
6 1.3425 1.3535
4 1.155 1.208
7 0.7275 0.8337
7 0.5925 0.2615
5 2.805 2.7302
6 0.84 0.8378
6 0.51 0.6774
6 0.315 0.3682
5 1.2525 1.1638
4 0.99 0.5546
4 2.16 2.4918
5 1.545 1.548
4 2.1975 2.5254
7 1.0275 1.0531
6 0.78 0.6536
4 2.94 2.5207
4 0.405 0.9939
4 2.805 2.1882
6 2.565 2.7053
5 0.9675 0.893
5 2.0325 2.2381
7 0.3825 0.4144
5 1.44 1.3871
4 2.5425 2.1575
7 1.4475 1.5219
5 1.215 1.363
4 1.7925 2.0168
7 1.305 1.223
7 0.09 0.3306
4 1.8 1.8987
7 1.155 1.0152
6 0.9825 1.0855
7 0.9075 0.8917
5 2.2425 2.0677
7 1.0425 0.9683
4 1.305 1.2823
5 2.3325 2.5612
5 2.16 2.632
7 0.225 0.3946
4 0.5925 0.3592
6 1.035 1.0318
6 1.605 1.4831
7 0.495 0.5115
5 2.355 2.537
7 2.6775 2.7564
5 2.07 2.0742
6 2.5275 2.1234
5 2.88 2.7129
4 1.32 1.2893
4 1.3725 1.2484
4 0.5325 0.6568
7 0.8925 0.8936
7 0.3525 0.2567
6 0.0 0.3325
5 1.05 0.9796
6 0.9075 0.9912
6 2.985 2.6582
4 0.3075 0.7642
7 1.305 1.2609
6 2.2725 2.4524
6 1.8825 1.9593
6 2.0925 2.2241
5 0.465 0.3718
7 2.4975 2.6446
4 1.785 1.5776
5 1.4325 1.3748
5 0.33 0.3
5 0.825 0.4739
6 2.2125 2.097
5 0.5175 0.512
6 2.82 2.4315
4 1.305 1.2651
7 0.6825 0.5737
5 2.3475 2.4539
4 1.47 1.3598
4 0.735 0.4002
5 2.43 2.6304
5 2.1 2.5425
5 2.3475 2.5333
7 2.2125 2.1955
4 1.9725 2.1454
5 0.5175 0.4135
4 0.66 0.8732
7 2.9475 2.7557
7 2.9175 2.6425
6 1.035 1.0629
6 2.7975 2.6368
4 0.1425 0.3683
7 0.1875 0.279
7 2.7675 2.7163
4 1.245 1.0214
7 1.515 1.4468
5 1.3875 1.3091
6 2.1825 2.5918
7 1.3875 1.4025
7 1.5375 1.4388
5 1.6425 1.595
4 2.655 2.5631
4 2.9025 2.4677
4 2.5875 2.4951
5 0.885 0.3506
5 2.0625 2.4799
4 2.6625 2.5844
4 1.98 1.8518
7 0.5775 0.514
4 1.245 0.7917
4 0.3825 0.5382
7 0.4875 0.6024
4 0.645 0.5059
6 0.36 0.2623
4 2.955 2.6238
7 1.71 1.7912
4 0.3225 0.4497
7 1.11 1.0725
7 2.655 2.7201
5 0.66 0.2451
4 0.435 0.995
6 2.64 2.7049
6 0.3375 0.3621
5 2.01 2.0919
7 1.455 1.4703
6 0.69 0.7837
7 2.8875 2.5242
6 2.5425 2.3455
6 0.8325 0.6819
6 1.155 1.1479
6 1.455 1.4844
6 2.355 2.3835
5 2.7975 2.5476
7 2.85 2.7894
6 1.0575 1.0589
6 2.9175 2.7071
4 1.9125 2.4748
4 1.41 1.4392
5 1.5 1.5621
4 1.9725 2.4612
6 1.875 1.7514
7 0.975 0.9851
6 0.825 0.7971
4 0.1575 0.3894
7 2.04 1.9909
4 0.855 0.665
5 2.37 2.2528
5 1.9875 1.9995
7 1.815 1.8381
6 2.7525 2.7159
7 0.1125 0.4519
6 2.775 2.7015
7 0.975 1.0857
6 2.8425 2.6077
6 0.1275 0.327
5 1.0125 1.1217
4 1.2525 1.0623
7 2.0925 2.1024
5 1.8375 1.9208
4 0.78 0.409
6 1.185 1.1491
6 0.5625 0.1787
7 0.0375 0.2604
7 0.6525 0.754
5 0.885 0.5833
6 2.55 2.3935
5 0.8475 0.7505
6 1.1625 1.0593
5 2.49 2.4812
6 2.355 2.5856
5 2.9775 2.7522
6 0.045 0.4485
5 2.6475 2.5486
7 2.0475 2.0235
5 2.2725 2.5511
4 2.61 2.7042
6 0.27 0.2376
5 1.935 1.9106
5 2.73 2.6521
5 1.0875 0.8183
4 1.035 0.797
6 2.76 2.8167
6 1.185 1.2267
7 1.8675 1.9262
6 2.3175 2.4502
6 0.6375 0.757
7 1.41 1.3815
4 2.2275 2.5691
7 2.445 2.3301
7 0.6525 0.7173
6 0.6375 0.332
7 1.9875 2.0201
5 2.385 2.5082
5 1.44 1.2871
5 2.145 2.0232
5 1.3875 1.3382
7 2.0025 2.1444
4 0.705 0.4288
5 0.765 0.3506
6 1.8675 1.8526
6 0.21 0.3586
4 1.845 1.9123
7 0.87 0.776
4 0.7725 0.519
4 1.4775 1.2781
7 0.225 0.25
4 1.5975 1.6986
4 1.59 1.7604
6 1.3275 1.4395
5 1.5075 1.4168
6 1.905 1.8829
5 0.855 0.349
6 2.085 2.2217
4 0.7875 0.438
6 1.32 1.272
4 1.845 1.9282
6 2.9625 2.7712
7 2.4675 2.3852
6 0.8175 0.4925
6 0.2475 0.292
7 2.145 2.1027
5 1.3875 1.3856
5 1.8375 1.9985
4 0.795 0.378
4 2.0925 2.1374
7 2.325 2.4015
4 2.5575 2.5657
6 1.455 1.5793
6 2.91 2.7253
4 0.1275 0.4422
4 1.845 2.04
5 1.59 1.5065
5 2.73 2.6232
4 0.6975 0.4014
4 0.8925 0.5053
5 1.5075 1.5246
5 2.8725 2.6756
5 2.07 1.8545
5 1.0875 1.0048
7 2.0925 2.2578
4 2.055 2.3011
5 2.1075 2.1462
6 0.36 0.2472
5 1.08 1.185
7 2.8575 2.6114
7 2.76 2.8217
4 0.4575 0.5125
5 0.87 0.371
6 0.5925 0.2096
4 2.1 2.4806
6 2.0175 1.9505
5 2.01 2.1075
5 0.7425 0.6501
7 0.87 0.9079
5 2.9475 2.3635
5 1.245 1.3603
5 1.2 1.0935
5 2.6925 2.6479
7 0.9225 1.0558
6 0.6225 0.2459
5 2.0325 1.9235
4 0.3075 0.3828
4 2.9775 2.5219
6 1.05 0.9802
5 1.5225 1.5743
5 2.295 2.209
6 1.635 1.5314
6 0.735 0.5014
5 2.805 2.5963
7 1.485 1.4756
4 2.28 2.6042
5 0.03 0.3277
7 1.875 1.8197
6 0.525 0.2779
4 0.0 0.2915
6 1.41 1.3684
4 1.305 1.0698
7 1.44 1.3763
4 0.0825 0.3765
6 0.78 0.7911
7 0.66 0.7069
4 2.28 2.7373
5 1.1775 1.1885
4 2.1825 2.6866
7 2.595 2.8172
7 0.555 0.1966
5 0.3 0.3384
6 2.535 2.5514
4 1.905 2.0142
6 2.5125 2.6121
6 2.4375 2.7012
7 1.65 1.6862
4 1.755 1.6594
5 2.9925 2.7051
7 1.515 1.506
5 0.525 0.4413
7 2.5275 2.7546
5 1.1175 1.2488
5 2.0475 1.8053
5 0.435 0.3089
4 2.6925 2.7086
4 0.9075 0.8459
6 1.8825 1.8913
6 0.0675 0.2729
7 2.6775 2.7981
7 0.0225 0.2176
7 0.795 0.6369
7 2.985 2.7865
7 2.19 2.1136
7 1.245 1.1817
5 1.5975 1.5588
5 2.9925 2.2044
4 1.245 1.1706
5 1.0125 1.3204
4 1.7175 1.7552
4 1.0575 0.8834
4 2.0625 1.9722
7 0.675 0.6264
5 1.125 1.1457
7 1.2225 1.3212
6 2.3025 2.2588
4 2.0475 1.9544
5 2.745 2.6523
6 0.42 0.4797
7 1.965 1.9948
4 1.0575 0.7644
4 2.8125 2.6488
7 2.8425 2.872
7 2.2875 2.1481
7 1.5 1.588
4 0.765 0.4186
5 1.7325 1.8395
4 1.275 1.3683
7 0.1875 0.2563
7 0.525 0.5338
6 1.08 0.9963
7 1.6275 1.7067
7 1.0725 1.1904
7 0.03 0.3372
5 2.0775 1.9723
5 1.455 1.3669
6 1.7925 1.8095
4 0.0675 0.4436
5 1.935 1.9989
5 1.755 1.785
4 0.255 0.3455
6 2.3325 2.3467
5 2.58 2.2265
5 2.415 2.6407
6 1.0425 1.0733
6 2.1675 2.0894
5 1.7775 1.6593
6 0.6375 0.7133
7 0.4425 0.3164
4 0.6 0.4482
5 2.34 2.6422
6 1.275 1.3485
4 2.5125 2.5739
6 1.2675 1.3345
6 2.43 2.6822
4 0.015 0.9615
7 2.04 2.0806
4 2.655 2.4426
7 2.19 2.3425
6 0.42 0.3239
5 2.895 2.6385
6 0.0075 0.3396
4 0.9375 1.16
4 2.64 2.634
4 0.6375 0.2963
5 2.985 2.7366
4 0.0375 0.3833
4 0.8175 0.4544
7 1.2075 1.229
5 2.805 2.6809
7 0.12 0.2387
6 1.65 1.7343
7 0.9375 0.8773
6 1.26 1.2865
6 1.4625 1.4491
4 0.8775 0.582
5 0.5175 0.4755
6 1.5375 1.3963
5 1.5 1.4034
7 0.435 0.4649
7 2.3925 2.5879
6 0.4425 0.3733
5 1.365 1.1774
4 0.3675 0.4613
4 0.2475 0.5387
5 0.4275 0.3279
5 0.7725 0.92
5 1.3575 1.5549
5 2.1375 2.6117
7 2.07 2.057
5 2.235 2.3442
4 2.6025 2.502
7 2.7075 2.7298
6 0.1725 0.5591
4 2.46 2.4935
6 0.8625 0.9139
6 0.2475 0.2408
5 2.19 2.5122
5 0.645 0.5535
4 1.9425 1.9119
7 1.425 1.4639
6 0.7425 0.7194
6 1.0725 0.9141
7 2.3475 2.2864
7 0.2475 0.3536
7 0.18 0.315
7 0.5325 0.5456
6 0.3225 0.475
4 0.75 0.4476
5 2.6775 2.6896
7 0.6975 0.6239
4 0.7575 0.711
6 1.965 1.9344
6 0.405 0.5806
7 2.3025 2.3792
6 2.43 2.7336
6 2.3925 2.6342
5 0.3675 0.5717
7 2.295 2.3291
6 2.7525 2.554
7 0.54 0.2102
5 2.25 2.3072
6 2.7675 2.7557
4 2.49 2.5036
5 1.89 1.784
4 2.655 2.6187
6 1.065 1.1477
6 0.42 0.2521
5 2.0925 2.5195
4 1.485 1.3502
7 2.685 2.6839
5 2.745 2.7179
4 1.89 1.7828
6 1.7325 1.7259
4 2.22 2.6282
5 2.13 2.3673
4 1.05 1.1693
7 1.71 1.7924
5 1.035 1.16
5 0.9075 0.8543
6 2.5275 2.7913
6 1.11 1.1075
5 0.9 0.7372
7 0.39 0.2092
5 2.685 2.6528
7 1.3125 1.2551
7 2.145 2.1978
5 0.36 0.3755
5 0.1575 0.3625
4 0.375 1.0063
5 0.45 0.3352
7 2.3925 2.7293
5 0.1575 0.4302
6 1.095 1.2242
6 0.0525 0.2986
4 2.715 2.5258
5 2.4375 2.6296
4 2.0625 2.3718
4 2.9025 2.5019
6 2.7075 2.7319
7 1.47 1.4752
6 1.215 1.1054
4 1.7175 1.7005
6 1.9425 1.9418
4 1.77 1.727
7 0.225 0.276
6 1.7175 1.8273
7 1.32 1.2449
5 0.9975 0.5632
6 0.045 0.526
7 1.035 1.0012
4 0.8475 0.8128
4 1.2 1.3539
5 1.98 2.1425
5 0.7125 0.8257
6 0.5175 0.3235
4 0.315 0.4545
5 2.22 2.1908
5 0.2325 0.3699
7 2.2725 2.298
5 0.795 0.6073
6 1.86 1.7425
6 1.2225 1.1981
5 1.4475 1.4021
7 0.9675 0.8749
7 1.9425 1.9759
5 0.6825 0.7225
5 1.9575 2.1508
5 0.5925 0.6711
6 1.695 1.7779
4 2.4075 2.5403
7 1.6425 1.683
7 0.72 0.7748
7 2.2275 2.3089
5 1.17 1.1188
7 2.13 2.0194
5 2.4675 2.6925
7 2.82 2.6938
7 2.5275 2.7207
5 2.415 2.6451
4 0.1575 0.5139
5 0.1875 0.6861
5 0.6375 0.6597
4 1.065 0.864
4 2.76 2.4905
5 0.015 0.4468
7 2.655 2.8277
4 0.12 0.4915
4 0.5475 0.4093
6 2.88 2.6434
7 2.1975 2.1619
5 1.7175 1.7693
7 2.955 2.6864
4 2.715 2.2685
7 2.0175 1.9588
7 1.245 1.218
6 0.9375 0.8015
7 0.2025 0.3483
6 1.2075 1.2308
7 0.33 0.4271
6 2.8725 2.7536
6 1.4325 1.4049
7 0.675 0.5707
7 1.08 1.0129
4 1.3275 1.1377
5 0.24 0.4498
5 0.3 0.3582
4 2.13 1.9024
6 0.5625 0.5223
6 0.99 0.9872
6 1.3575 1.3674
6 0.555 0.1845
7 0.975 0.9091
4 2.0175 1.9629
4 2.925 2.3679
5 2.22 2.2078
7 2.1525 2.1356
7 2.1375 2.2362
6 2.8575 2.767
4 0.1125 0.4157
7 2.535 2.5214
7 1.3425 1.2984
4 1.3575 1.2299
5 2.0775 2.2966
5 2.9625 2.5075
6 2.835 2.7376
5 1.7625 1.7924
6 0.8625 0.8326
7 2.4075 2.3013
7 2.9175 2.7523
4 0.81 0.5715
4 1.3575 1.2655
4 2.4375 2.539
6 2.4675 2.6556
4 2.085 2.4666
6 1.485 1.4519
4 1.3875 1.3679
5 2.4075 2.7163
4 2.7525 2.5227
5 1.0275 1.0472
4 1.08 1.0871
4 2.2125 2.5664
4 0.4575 0.3257
7 2.7525 2.6504
4 1.0875 0.584
5 2.07 2.2678
7 0.2925 0.187
6 0.09 0.3033
4 2.9025 2.299
5 0.78 0.7158
5 1.29 1.2532
6 2.835 2.7776
4 1.1775 1.1144
5 0.42 0.3964
5 0.8775 0.3315
5 1.4925 1.3542
5 0.885 0.3311
5 1.9575 2.0022
4 2.9925 2.4268
5 0.855 0.8628
6 0.375 0.2505
7 2.7375 2.8842
4 0.7425 0.3886
5 2.715 2.5465
4 0.2025 0.3654
5 0.8775 0.3669
5 0.645 0.3993
7 1.635 1.6523
6 2.1225 2.6846
5 0.5475 0.8259
5 0.9825 0.8939
4 2.43 2.5665
5 2.61 2.6435
6 2.16 2.2594
5 2.085 2.1711
7 2.9025 2.6588
5 0.9375 0.4006
5 0.45 0.365
7 0.8625 0.7975
7 1.89 1.8777
6 2.355 2.479
6 1.3425 1.3326
5 1.1475 1.1971
6 1.665 1.624
6 1.65 1.6539
4 1.68 1.5539
6 1.5375 1.5521
4 1.29 1.3188
7 1.845 1.9939
5 0.87 0.8819
7 1.0875 1.0542
4 2.37 2.6943
4 2.505 2.6692
6 0.99 1.0309
5 0.6375 0.756
5 1.5525 1.5075
7 1.0425 0.9797
6 0.8925 0.9405
5 0.345 0.4027
6 1.395 1.3283
6 1.1775 1.3241
4 1.005 0.9564
5 2.13 2.5658
7 0.81 0.6435
5 1.02 1.07
6 2.1075 2.0121
6 0.3375 0.2698
5 1.1025 1.0309
4 0.1875 0.4577
6 1.365 1.5465
4 1.5975 1.6438
7 2.7 2.7213
7 0.99 0.987
7 0.7425 0.7948
5 1.455 1.3396
4 0.8925 0.4518
7 1.2375 1.1894
5 0.945 0.9838
7 2.91 2.7609
7 0.7575 0.7725
6 0.0825 0.2866
6 1.3875 1.4718
4 0.165 0.4549
5 2.19 2.0579
7 0.4425 0.3327
6 2.7375 2.6778
6 2.025 2.0909
4 1.89 1.5857
7 1.8375 1.8785
6 1.95 1.8371
4 0.4275 0.4715
5 1.14 1.0019
5 0.72 0.3055
6 2.9925 2.7472
6 1.4925 1.6603
4 1.7175 1.6737
7 0.66 0.4403
4 0.09 0.7711
7 1.845 1.8995
7 0.3 0.1945
6 0.12 0.3031
4 1.0875 0.5524
5 1.2975 1.2678
4 1.41 1.4928
7 2.775 2.7246
4 1.83 1.885
7 2.715 2.5747
4 1.3125 1.3102
4 0.0225 0.3605
4 0.495 0.41
7 2.73 2.699
7 2.07 2.1102
5 1.7775 1.6673
5 0.03 0.5878
7 0.45 0.3058
6 2.3925 2.4921
6 2.5425 2.6778
7 1.1025 1.2478
5 2.01 2.4505
5 2.3775 2.6156
5 0.135 0.5403
6 1.11 1.0855
4 0.585 0.3945
4 0.24 0.4622
6 0.5925 0.264
7 1.335 1.3344
7 2.1675 2.3255
7 1.5225 1.4236
5 2.565 2.5554
6 0.9225 0.9037
4 0.075 0.417
4 1.965 2.1234
6 2.3925 2.5168
5 2.3475 2.6849
6 0.045 0.1542
7 2.7975 2.8832
5 0.3675 0.6191
6 2.49 2.6436
7 1.125 1.1101
4 1.17 1.2368
7 1.08 1.0509
5 0.315 0.5856
5 2.34 2.1019
4 1.5375 2.1737
4 1.8975 2.2965
7 2.355 2.577
4 0.4875 0.3402
7 1.8225 1.8842
6 1.215 1.1455
4 0.165 0.5517
6 0.6975 0.4283
6 0.21 0.3796
6 2.7675 2.8473
4 0.8625 1.2825
6 0.18 0.5342
4 0.7425 0.838
7 2.055 1.878
5 1.155 1.0908
5 0.2475 0.3013
6 1.6275 1.5314
7 0.765 0.6323
4 0.5925 0.384
4 0.135 0.5666
6 1.1925 1.0973
5 2.2725 2.4858
5 1.7775 1.7145
5 0.5625 0.5667
4 2.205 2.4731
7 1.5675 1.5287
4 1.6575 2.1383
7 2.07 1.9272
4 0.615 0.5566
6 2.1375 1.972
6 0.555 0.493
7 2.4225 2.5282
7 0.4575 0.1952
7 0.135 0.251
5 2.8875 2.7174
7 0.3675 0.3972
4 0.195 0.4339
7 2.79 2.8525
4 1.725 1.9551
5 1.605 1.671
5 0.1575 0.4137
6 2.67 2.7371
5 0.9375 0.8887
4 1.0425 0.5619
6 0.33 0.6373
4 2.5425 2.5647
7 1.485 1.4705
6 0.5925 0.3105
4 2.04 2.2185
5 2.76 2.1952
7 0.7875 0.82
7 1.4625 1.3377
6 1.605 1.6944
6 0.3675 0.4923
6 0.405 1.3712
6 2.5125 2.7101
6 2.145 2.1845
4 2.715 2.6344
7 2.37 2.5053
4 2.85 2.5929
6 0.345 0.2166
7 1.4325 1.4868
6 0.45 0.3055
5 1.005 1.0776
4 2.0175 2.134
4 1.56 1.7106
7 1.86 1.905
7 1.6725 1.7819
6 1.95 1.9732
7 0.6075 0.2658
6 0.7125 0.7746
5 0.5925 0.2254
7 0.72 0.4786
6 2.28 2.118
4 0.8775 0.7917
5 2.505 2.5802
7 0.54 0.5206
7 1.1025 1.2111
7 2.8575 2.7881
7 0.5925 0.3629
7 0.1425 0.1945
4 1.9275 1.919
5 0.63 0.3562
7 1.725 1.8192
4 0.6975 0.624
4 1.38 1.2306
4 2.49 2.3702
5 1.425 1.4501
5 1.38 1.3885
5 1.35 1.3894
6 1.1025 1.0163
5 2.19 2.4121
6 2.955 2.8257
4 0.5475 0.7568
7 0.3975 0.3336
4 1.7625 2.0716
4 1.9575 1.8278
4 1.3875 1.3732
7 0.6 0.5666
5 1.4025 1.2432
4 1.5675 1.4886
4 0.0375 0.3097
7 1.155 1.1929
4 1.695 2.2032
6 0.3375 0.2378
7 2.37 2.413
4 2.325 2.5194
5 2.2275 2.3584
7 1.9275 1.9705
5 0.225 0.3522
6 0.2775 0.1679
7 0.0525 0.178
7 0.8775 0.8952
4 1.8075 1.7874
7 0.36 0.2091
4 2.235 2.2687
5 2.34 2.5476
7 0.9375 0.9681
7 1.545 1.5043
4 0.3075 0.4077
6 2.5125 2.721
7 1.89 1.903
6 0.9975 1.067
5 2.625 2.1704
5 1.05 1.3035
5 2.2425 2.1512
7 2.295 2.1985
7 0.42 0.245
6 2.265 2.3013
7 2.4 2.4421
5 1.245 1.2637
6 2.715 2.5307
6 0.3 0.2643
7 0.915 0.7838
7 2.1375 2.1553
6 0.225 0.2714
7 1.89 1.9204
7 2.9475 2.7374
6 2.025 1.9539
6 1.2525 1.4261
6 0.3 0.1355
5 2.94 2.4454
7 1.56 1.554
6 1.9575 1.9902
5 0.1725 0.3322
4 2.115 1.9365
6 1.44 1.4753
6 1.4175 1.4671
7 2.2725 2.4136
5 0.2775 0.3174
6 2.0625 2.0313
5 2.1675 2.049
4 2.535 2.4743
6 0.09 0.2381
7 1.515 1.5652
5 1.0725 1.0767
5 1.11 1.2127
4 1.4025 1.4042
5 2.4975 2.6557
6 1.515 1.4979
6 2.0625 2.0774
7 2.1525 2.1756
5 1.3425 1.3707
4 2.5275 2.5725
5 1.125 1.2023
4 1.485 1.5187
5 0.06 0.3934
4 0.63 0.3827
4 1.23 1.1389
7 1.4025 1.4393
5 0.315 0.322
4 1.725 1.8588
6 1.0575 1.0888
6 1.365 1.2933
4 2.1675 2.2294
6 0.15 0.3024
6 0.78 0.69
6 2.295 2.4935
6 1.0875 1.1149
6 1.935 1.9888
4 0.105 0.7094
7 2.46 2.8218
4 0.21 0.5348
4 0.6 0.4704
6 2.28 2.2066
7 1.77 1.7752
7 2.7375 2.5746
4 1.83 1.8493
5 1.1325 1.0783
4 1.905 1.8601
4 2.115 2.129
5 2.85 2.7237
7 2.94 2.7347
7 2.7375 2.693
5 0.525 0.5537
7 2.4975 2.8344
4 1.365 1.3192
6 2.7825 2.7807
5 0.4575 0.5461
4 2.94 2.5915
6 1.14 1.0434
4 2.5875 2.3687
7 2.805 2.4361
7 1.5225 1.4749
6 1.6125 1.7275
6 2.145 2.1334
4 1.89 1.6052
4 0.675 0.8755
6 1.995 1.8916
5 0.0225 0.5329
4 2.715 2.5788
4 2.7975 2.5464
4 0.36 0.4111
5 0.105 0.3342
5 1.125 1.19
7 0.27 0.3621
4 1.185 1.1824
6 2.295 2.4071
5 1.7625 1.9173
7 1.635 1.6732
5 0.9375 0.7886
7 2.37 2.3306
7 1.68 1.6438
6 1.7625 1.8562
6 1.9125 2.0639
5 1.6575 1.5755
7 0.8775 0.8813
5 0.2625 0.3985
7 1.155 1.0371
6 0.99 1.0414
4 2.0625 1.7965
6 1.155 1.2062
4 0.7125 0.6347
6 1.2975 1.3856
5 1.65 1.6469
7 2.6475 2.6183
7 0.6975 0.5681
5 0.42 0.3233
6 1.65 1.6313
6 1.125 1.197
6 0.8325 0.82
7 1.5825 1.5497
4 1.695 2.0384
7 2.625 2.5438
4 0.5775 0.475
5 2.3775 2.0227
5 0.975 1.0852
7 2.8575 2.7014
6 2.31 2.4449
5 2.895 2.2412
7 2.16 2.2313
5 0.9825 0.9945
5 0.1425 0.6563
6 1.7175 1.8205
7 1.155 1.1085
7 2.235 2.0856
6 0.585 0.3732
7 0.3975 0.1935
6 2.76 2.7493
5 1.005 0.8894
5 0.87 1.0965
7 2.9025 2.6512
6 1.86 1.9114
7 1.4025 1.3855
7 0.1425 0.2197
6 2.835 2.6871
6 0.255 0.3247
4 2.5725 2.5337
4 0.12 0.3854
7 2.0475 2.055
7 1.545 1.5794
7 0.5625 0.5938
5 1.3425 1.4455
6 1.9125 1.8678
7 0.9 1.0129
5 2.55 2.7135
4 0.99 0.8266
7 2.7825 2.6169
7 0.075 0.3027
5 2.1075 2.2224
7 2.6025 2.7941
6 0.54 0.41
5 2.6775 2.4137
7 0.0225 0.0977
5 0.435 0.3249
6 1.05 1.0044
4 1.6425 1.4904
4 2.6325 2.5251
7 0.33 0.4279
4 1.92 1.8661
5 2.4225 2.4519
7 0.1575 0.1714
4 0.4725 0.2544
6 1.71 1.7716
5 2.85 2.6974
4 1.545 1.3211
6 0.78 0.9311
6 0.54 0.2709
6 1.155 1.1091
6 2.3925 2.809
4 0.0075 0.3081
7 0.0675 0.1861
6 2.9025 2.726
7 0.8175 0.7288
7 2.3775 2.4148
5 2.9925 2.7436
5 0.84 0.7733
5 1.6575 1.7204
7 1.53 1.4731
6 2.565 2.6608
7 0.765 0.6939
5 1.0575 0.9729
5 0.1875 0.3198
5 1.7025 1.8863
5 2.9475 2.7139
4 1.545 1.3127
7 2.2425 2.3568
7 0.5475 0.4523
6 0.8625 0.7924
6 1.455 1.4583
6 0.525 0.5672
6 0.24 0.2895
5 0.7425 0.4401
5 1.5975 1.5774
5 1.9725 2.2182
6 2.8725 2.504
7 0.54 0.1588
5 2.9025 2.5741
4 2.28 2.5147
5 1.0875 1.0086
7 2.1 2.1324
6 2.9625 2.7581
6 2.8575 2.7211
6 1.6275 1.6405
5 2.5575 2.5872
4 0.2625 0.4488
7 2.1525 2.0881
6 1.095 1.0997
6 1.515 1.4999
5 1.4775 1.472
5 2.6475 2.3847
4 1.035 1.2168
5 1.65 1.7995
7 0.675 0.6978
5 0.375 0.4063
7 2.82 2.7619
7 1.74 1.919
4 2.7075 2.2448
5 1.0125 0.9455
5 0.315 0.3685
6 0.735 0.9115
5 2.5425 2.5655
4 1.5825 1.4821
4 0.015 0.4825
4 1.1325 1.2572
7 0.4425 0.4805
5 1.2 1.3281
7 1.5525 1.5514
4 0.3375 0.396
7 0.9 0.9274
5 1.2675 1.3287
7 2.6625 2.794
5 2.235 2.688
4 2.3775 2.051
7 1.3125 1.3578
6 2.28 2.4876
4 2.895 2.5048
4 0.105 0.4745
4 0.3375 0.4262
5 2.1525 2.1912
4 1.4925 1.3005
6 2.88 2.6458
7 0.81 0.8716
7 0.81 0.7081
6 2.955 2.5693
6 2.3025 2.6546
4 0.9075 0.6362
6 0.4875 0.3577
6 0.24 0.1871
5 1.5975 1.6435
6 1.68 1.8373
5 2.79 2.6108
4 1.1775 1.046
4 0.495 0.523
4 0.4875 0.509
4 0.4725 0.474
4 2.6025 1.9644
5 0.6525 0.3716
5 1.9275 1.678
4 2.22 2.5236
7 1.4775 1.4348
7 0.1425 0.16
6 1.425 1.435
5 1.545 1.5491
5 2.8275 2.7157
7 0.1125 0.135
6 2.34 2.4317
6 2.955 2.845
5 1.875 1.9773
5 1.8675 1.9193
4 1.2075 0.8381
7 1.0725 1.0609
5 2.8275 2.6431
7 0.09 0.1848
7 0.975 0.98
4 2.8875 2.6882
7 2.7975 2.7299
7 1.425 1.479
6 2.7825 2.6082
6 0.48 0.2945
5 0.7125 0.7807
6 0.3075 0.2434
6 1.3125 1.3886
5 2.1675 2.3341
4 0.675 0.5356
4 1.755 2.1784
7 0.15 0.2162
5 1.335 1.374
7 0.51 0.3909
5 1.785 1.6497
6 2.505 2.6007
4 1.2975 1.4891
6 0.36 0.1872
4 1.7025 1.6501
5 2.205 2.0566
5 1.5225 1.3877
5 0.975 1.0505
7 1.875 1.738
6 2.16 2.0808
6 2.775 2.6584
4 0.8175 1.0015
7 0.1425 0.077
6 2.595 2.6476
7 2.175 2.2267
7 0.7875 0.7617
6 2.22 2.1695
7 1.5075 1.4618
7 0.39 0.213
4 1.1625 0.9261
5 0.9225 0.5305
7 1.8675 1.9012
7 1.875 1.839
4 0.405 0.3562
4 2.28 2.5761
4 2.4975 2.4374
5 0.7725 0.5175
7 2.5575 2.4502
5 1.035 1.0481
7 0.4575 0.3988
6 2.1675 2.0531
4 0.06 0.4019
4 0.69 0.2851
7 1.35 1.2976
4 1.035 0.7164
5 0.5175 0.4917
7 2.955 2.6892
4 1.7175 1.6932
7 2.4825 2.4491
6 0.4575 0.3222
4 0.3675 0.4531
4 1.6725 1.6494
7 0.0975 0.319
5 2.97 2.558
4 1.095 1.0307
5 1.2525 1.2026
6 2.4 2.7223
6 0.585 0.2849
7 0.735 0.7358
6 0.36 0.3305
6 0.825 0.5234
6 1.065 0.9434
7 1.0575 0.9219
5 2.325 2.3632
5 1.755 1.9004
5 0.2775 0.2835
4 2.4825 2.6047
5 0.54 0.4105
6 1.8 1.8477
6 0.06 0.3733
6 2.01 2.1615
6 1.53 1.538
7 2.6025 2.3965
6 1.53 1.6357
4 0.7575 0.7221
6 0.2025 0.6613
5 0.8775 0.2442
4 2.7825 2.4675
7 2.49 2.4841
4 1.035 0.7373
5 0.7575 0.6323
6 1.5075 1.5607
4 2.94 2.6502
6 1.89 1.9275
6 2.13 2.1992
4 0.3375 0.3923
6 2.715 2.6274
5 1.1025 1.2969
6 0.645 0.5206
5 1.6275 1.6561
4 0.6825 0.6504
4 2.37 2.5243
5 1.56 1.7359
6 1.665 1.5678
6 2.745 2.7447
6 1.3875 1.5069
7 2.07 2.0507
7 1.35 1.2611
7 1.485 1.5237
7 1.08 1.1138
4 1.845 2.5437
6 0.525 0.4008
5 2.37 2.6294
5 0.78 0.5846
5 0.975 0.7844
7 1.8 1.8251
7 2.1675 2.2404
6 0.7125 0.735
4 1.6125 1.5941
5 1.8975 1.8941
4 1.5675 1.4962
6 2.61 2.6436
4 1.2375 1.3424
5 2.835 2.387
7 0.6375 0.6824
5 0.6 0.2504
5 2.6475 2.5681
4 0.39 0.4485
7 2.2425 2.4212
7 2.385 2.7537
6 2.325 2.3
5 2.415 2.6334
5 1.29 1.3249
4 2.055 2.0052
4 1.89 1.838
5 0.0525 0.3727
6 1.5525 1.5718
5 1.29 1.324
7 2.0025 1.902
6 0.255 0.2684
4 0.3525 0.5252
5 2.1525 2.0676
6 0.195 0.2911
5 1.5675 1.6073
5 1.605 1.6835
4 2.4375 2.4092
6 1.32 1.3453
4 0.615 0.3827
6 0.9825 1.0151
6 0.27 0.2433
5 2.22 2.3989
5 0.21 0.196
5 1.8975 1.7725
4 1.3425 1.1534
6 1.9275 1.7985
7 0.45 0.5837
7 2.3925 2.4658
6 1.7175 1.6477
6 2.1675 2.0515
4 0.8925 0.673
4 0.8175 0.7511
7 1.065 1.124
4 1.23 1.1931
5 0.24 0.371
6 0.75 0.8894
6 1.665 1.8468
6 1.9575 2.0662
5 2.9475 2.4676
5 1.5075 1.3308
5 0.615 0.3723
4 0.57 0.6086
6 0.885 0.892
4 2.6175 2.4596
4 0.765 0.3773
6 1.095 1.0008
4 1.6275 1.5402
7 1.605 1.7203
5 2.6325 2.7511
5 0.585 0.7778
6 1.5 1.4893
4 0.765 0.9429
6 1.9125 1.8458
6 2.52 2.7541
7 1.7925 1.8112
6 0.495 0.4418
5 1.455 1.4576
7 0.5925 0.7368
4 1.6425 1.8861
4 0.03 0.3772
5 0.8325 0.3693
5 1.1625 1.0689
7 0.435 0.2107
5 2.07 2.4341
4 0.06 0.6028
4 2.985 2.5835
4 2.475 2.296
7 0.7425 0.6858
5 1.6275 1.6371
7 1.02 0.8851
7 1.3425 1.4127
7 0.57 0.3489
5 0.705 0.8391
5 2.1375 2.4217
5 0.345 0.3035
5 1.4025 1.4452
4 2.415 2.5859
7 2.205 2.3565
5 2.475 2.592
6 0.4725 0.3803
6 2.2575 2.2657
5 1.7175 1.8163
4 0.6075 0.5447
5 1.245 1.2688
7 1.4325 1.4385
6 1.095 1.1264
5 1.5675 1.6742
7 2.6625 2.8405
4 2.9625 2.5151
6 1.5975 1.5818
6 1.23 1.1737
7 1.02 1.038
5 2.9625 2.6826
5 2.0775 2.1064
7 1.5 1.4771
6 2.01 2.035
5 0.2475 0.3916
6 0.8925 1.0723
6 0.3 0.3755
4 2.205 2.2167
4 2.1375 2.4157
6 2.97 2.8354
7 1.17 1.1797
4 2.9925 2.7068
4 2.055 2.066
5 2.3025 2.5875
7 1.245 1.2865
6 2.73 2.5781
5 2.1375 2.0832
6 0.9975 0.9508
5 0.345 0.3266
6 1.605 1.6506
5 2.0475 2.2346
7 1.17 1.1426
6 0.6225 0.5843
6 1.575 1.5857
4 0.3825 0.3742
5 1.23 1.296
5 0.315 0.4409
7 2.385 2.3892
5 1.575 1.4558
4 2.3625 2.3235
4 1.2225 1.2566
6 1.5825 1.6569
6 1.965 1.9982
7 2.04 2.0122
5 1.17 1.0732
7 2.8425 2.7714
7 0.7125 0.6164
7 0.495 0.4846
7 1.23 1.2355
7 0.84 0.7535
4 2.2875 2.4672
4 1.575 1.6268
5 1.755 1.8847
6 1.92 1.8059
4 0.9375 0.6144
4 2.1525 1.8651
7 1.425 1.3868
5 0.975 0.8852
5 2.4825 2.269
7 1.275 1.2924
6 2.5875 2.5587
4 1.7775 1.8994
4 2.2275 2.6287
4 0.915 0.9117
7 2.5275 2.3603
4 1.5675 1.4354
4 2.7825 2.662
7 1.38 1.4751
5 2.6775 2.7018
5 0.1125 0.5256
5 1.53 0.7008
4 2.7225 2.5532
5 2.175 2.2319
4 1.4475 0.1134
5 0.45 0.2653
7 2.2575 2.2017
5 1.8225 1.8443
5 2.115 2.5149
7 0.69 0.7446
5 2.85 2.5461
4 0.375 0.3935
7 1.2675 1.3435
4 2.76 2.3987
4 1.995 2.4022
4 1.515 1.6068
6 0.765 0.6659
5 1.38 1.6187
4 1.425 1.4682
4 1.83 2.1277
4 1.8375 1.7992
4 0.12 0.7189
4 0.27 0.4303
6 2.6175 2.7946
5 2.115 2.3862
7 1.2975 1.3236
6 0.1725 0.4237
4 1.755 2.1464
4 1.7925 2.0488
7 1.4475 1.3758
4 0.78 0.7535
5 2.46 2.5249
7 1.515 1.3877
4 1.7925 1.7955
7 2.1225 2.1515
7 0.075 0.2811
5 2.655 2.5166
7 1.5 1.4989
6 1.44 1.4913
4 1.815 1.7453
4 1.9275 1.8599
7 0.0375 0.2048
4 2.325 2.3831
6 1.1475 1.2249
4 2.7375 2.3038
6 1.905 1.891
5 2.175 2.1105
4 2.8425 2.6895
4 1.215 1.2188
5 1.905 1.9218
5 1.05 1.1412
6 1.68 1.6892
4 0.3675 0.6453
5 0.0525 0.3346
4 2.82 2.6128
5 2.6325 2.6504
6 2.535 2.7455
5 0.45 0.4676
6 2.37 2.2398
6 0.4425 0.2942
7 0.6 0.6254
5 0.135 0.3982
7 1.53 1.5444
4 1.5 1.4127
5 2.7525 2.4336
5 2.835 2.513
6 2.16 2.2582
7 0.4275 0.3688
4 1.0275 1.048
5 1.485 1.5496
7 1.4775 1.4921
5 1.2375 1.1286
6 1.7325 1.8015
7 2.5725 2.8704
5 1.17 1.202
4 0.285 0.5413
6 2.685 2.7393
5 1.17 1.0144
7 2.13 2.2238
4 2.1375 1.9467
7 2.37 2.4818
6 2.9475 2.7536
4 1.0575 0.9
6 2.805 2.68
7 2.4975 2.627
4 1.845 1.6205
5 1.2825 1.1441
4 1.7325 1.6448
6 1.995 2.1364
7 2.2275 2.2625
5 0.21 0.503
4 1.98 1.705
6 1.425 1.4165
5 0.8625 0.3876
7 1.47 1.4522
6 2.205 2.12
4 0.225 0.3501
5 2.94 2.5994
4 0.9825 0.6503
6 2.295 2.6152
4 2.46 1.9502
5 1.8075 1.7659
4 1.8225 2.0126
4 1.0275 1.0016
5 1.545 1.4938
5 2.0775 1.9149
6 2.52 2.7123
7 1.8825 1.8082
4 1.2975 1.236
7 2.055 1.9777
7 1.335 1.2952
7 0.0075 0.2984
5 1.455 1.3324
4 2.0025 1.8542
5 1.62 1.5528
6 1.2375 1.309
7 0.57 0.3691
5 1.8525 1.7599
6 1.995 1.9128
7 2.01 2.0329
4 0.315 0.7176
5 2.7225 2.694
4 2.985 2.6253
6 2.2125 2.1751
4 1.3275 1.2347
7 2.8575 2.7615
6 0.3975 0.4265
4 2.67 2.5682
6 0.63 0.507
7 2.82 2.7775
5 1.62 1.5219
6 2.4375 2.6845
5 1.4625 1.419
4 2.49 2.3011
6 0.84 1.0679
7 0.6 0.5134
7 1.185 1.158
4 1.9725 1.9622
5 0.915 0.9603
7 1.905 1.922
5 0.87 0.9693
4 0.9075 0.6286
7 1.6575 1.7079
6 0.6675 0.5618
5 2.1675 2.0501
6 2.4075 2.7267
4 2.0625 2.3265
6 1.6425 1.7164
4 1.815 1.6024
4 2.925 2.5585
4 2.9175 2.5078
7 1.1175 1.1575
6 1.9125 1.8236
4 1.6725 1.7739
4 1.6275 1.8153
6 1.455 1.4369
6 0.03 0.2574
7 0.825 0.8879
4 1.065 0.9807
7 2.43 2.4777
5 0.33 0.3007
4 2.7975 2.6233
7 0.3 0.3822
6 1.32 1.3341
7 0.675 0.815
4 0.6225 0.8011
4 1.5 1.1814
4 2.6625 2.5461
5 0.6975 0.5082
7 2.1 2.1168
6 1.98 1.9728
7 2.5875 2.689
6 0.735 0.5127
4 2.715 2.4418
6 1.2525 1.3018
7 1.6875 1.6761
7 1.71 1.6152
6 2.685 2.5991
7 0.36 0.3172
4 1.65 1.9418
6 0.765 0.2749
5 1.2525 1.3546
5 1.7625 1.7371
7 2.25 2.4071
5 0.495 0.5464
6 0.765 0.4763
7 0.975 1.0978
6 1.41 1.3421
6 0.8325 0.8309
4 2.88 2.5347
5 1.6575 1.6815
6 1.62 1.7218
4 0.945 0.9034
4 2.1375 2.2611
5 2.16 1.9481
4 2.8575 2.429
4 2.565 2.4839
6 0.3975 0.3695
7 1.9725 1.958
6 2.745 2.5868
4 1.4025 1.3763
7 1.845 1.8141
7 2.49 2.6822
7 2.8875 2.6997
6 1.0725 1.1468
4 1.605 1.6141
6 1.8675 1.8587
5 0.045 0.5938
4 1.4925 1.5591
7 1.17 1.1028
6 2.67 2.7476
7 1.0425 1.0376
7 2.1075 2.076
6 1.8375 1.7855
6 1.26 1.2984
7 0.6525 0.6544
6 1.3425 1.3841
4 0.57 0.3837
7 1.9425 1.8987
4 1.98 1.914
4 1.0425 1.0426
6 0.2475 0.33
5 0.03 0.3993
4 0.2925 0.3593
4 2.8275 2.5262
7 1.5975 1.5299
4 0.9975 1.1186
4 1.68 1.6402
5 2.6775 2.6674
4 0.105 0.585
7 0.4575 0.443
7 0.8925 0.9321
7 1.1775 1.2419
6 2.4375 2.2166
5 2.9625 2.7653
7 1.1025 1.0081
6 2.19 2.1555
7 0.0225 0.4362
6 2.475 2.6601
6 1.665 1.6011
6 0.8025 0.6028
5 1.68 1.6797
7 0.78 0.8216
6 0.9675 0.9358
7 2.925 2.7327
5 0.345 0.3004
5 2.94 2.6977
6 2.5575 2.5496
7 0.8775 0.8987
4 0.4725 0.5293
6 0.1425 0.3731
5 0.195 0.2876
6 1.8 1.7379
7 0.945 0.8156
7 0.255 0.206
5 1.545 1.4906
6 0.195 0.3363
7 0.795 0.8133
7 1.8375 1.7421
4 1.3725 1.4106
6 1.7925 1.8007
7 1.5075 1.4165
4 2.5275 2.5816
4 1.0875 0.7588
7 2.1 2.203
7 2.685 2.7147
4 2.8125 2.473
4 2.9175 2.4905
7 2.145 2.1451
4 2.9925 2.3298
7 2.7975 2.7339
4 2.16 2.1347
7 2.94 2.8247
6 1.605 1.5952
4 0.2175 0.2682
6 1.725 1.7042
7 2.805 2.748
5 0.5175 0.4033
5 1.59 1.4701
7 1.0425 1.0298
4 1.575 1.4369
4 0.945 0.3997
6 2.4825 2.602
4 0.7125 0.3822
6 2.7675 2.6459
4 0.7275 0.5222
5 2.9025 2.6181
6 2.8275 2.6218
7 1.5975 1.6208
7 0.7875 0.7072
6 1.56 1.5308
4 2.7675 2.4209
7 1.9425 1.9583
4 2.7225 2.3826
5 2.2125 2.2897
6 2.1675 2.1496
7 1.965 2.0339
7 1.8075 1.7056
6 0.015 0.3872
5 2.8425 2.5974
4 1.14 1.0944
6 0.945 1.0406
4 1.305 1.4435
6 0.09 0.3305
5 2.475 2.7742
4 2.4225 2.2042
6 1.1475 1.1054
4 2.22 2.6198
7 1.515 1.6208
4 1.9875 2.1367
4 0.585 0.4543
4 1.7325 1.7357
6 2.205 2.2842
5 1.7625 1.6492
7 2.5875 2.7622
6 1.635 1.5776
4 2.3625 2.4752
5 2.5125 2.6505
6 2.205 2.3058
4 0.8775 0.4344
5 0.495 0.3358
7 1.5975 1.6322
4 2.49 1.9208
6 0.525 0.6893
7 1.575 1.5343
6 2.415 2.6816
7 0.255 0.3415
4 2.49 2.5716
4 2.7825 2.5445
5 1.9125 1.9761
6 1.3725 1.2696
7 2.5125 2.6545
5 1.4925 1.4203
4 2.0775 2.4588
6 2.1675 2.1258
4 1.86 2.1932
4 0.7875 0.4043
7 2.1075 2.2627
4 0.855 0.668
6 1.2675 1.3521
6 1.0125 0.9274
7 0.225 0.1762
7 1.9875 1.9947
4 0.1575 0.5727
5 2.19 2.6215
6 1.0875 1.095
4 2.4825 2.5113
5 0.7275 0.6952
6 0.39 0.4568
6 2.61 2.6922
7 1.5075 1.4285
6 2.325 2.6919
5 2.6325 2.6203
5 0.105 0.4936
6 1.425 1.4586
4 0.81 0.7732
7 2.34 2.3639
5 1.5525 1.6275
7 2.6625 2.7111
6 2.745 2.5021
7 1.2 1.21
7 0.7875 0.6617
5 0.15 0.1824
5 0.1875 0.3439
4 0.66 0.8084
4 2.0175 1.4598
7 0.735 0.6923
5 2.7525 2.2872
6 0.3075 0.1979
6 1.935 1.9404
4 1.2075 1.0853
6 2.235 2.4055
7 1.4625 1.431
6 2.0925 2.0403
6 1.08 1.1706
6 2.7975 2.7204
5 0.4275 0.7381
7 2.2275 2.1806
6 0.945 0.8802
7 1.5225 1.4581
7 0.5925 0.6193
4 2.8575 2.6512
4 1.1175 1.2833
6 1.7925 1.749
7 1.02 0.9471
6 2.745 2.6769
7 0.21 0.3433
4 0.51 0.4944
6 1.0275 1.0416
5 2.01 2.1067
7 0.4875 0.6639
6 2.865 2.7435
4 2.1975 2.4379
5 1.605 1.7238
5 1.605 1.6926
7 1.4625 1.4263
6 0.6825 0.667
5 2.55 2.5209
4 0.7125 0.6487
4 1.9425 1.9408
4 0.435 0.5794
4 2.34 2.3834
6 0.6225 0.533
6 0.165 0.7907
4 1.215 1.1718
6 0.3375 0.2726
6 1.5675 1.4898
5 2.91 2.5631
5 0.945 0.8061
6 1.2675 1.3387
5 2.925 2.2133
5 0.4725 0.265
6 0.1575 0.3764
7 2.3325 2.6319
4 1.6125 1.8781
6 0.1575 0.2479
7 2.775 2.8093
5 0.81 1.0492
4 1.2825 1.2796
7 1.7775 1.7739
4 0.7875 0.7952
4 0.2625 0.3912
4 1.6875 1.6476
4 0.6 0.4843
7 0.5325 0.6187
4 0.825 0.8451
4 0.9375 0.5557
7 2.9925 2.8831
6 1.4925 1.47
4 2.775 2.6146
7 1.77 1.8125
5 1.575 1.6662
6 2.31 2.7246
6 0.03 0.6036
6 2.6175 2.5988
6 1.515 1.4128
4 2.3775 2.3125
6 0.8175 0.7964
5 0.795 0.6589
4 2.4075 2.6127
7 1.9725 1.8973
6 1.3125 1.2688
7 0.9375 0.9076
6 1.9425 1.7881
7 2.4525 2.6372
4 0.135 0.3642
7 0.72 0.5461
4 0.6975 0.3965
7 2.6775 2.5986
4 2.3925 2.3492
4 2.6325 2.3817
5 2.925 2.6204
5 2.805 2.7754
7 0.75 0.7177
6 2.1075 2.0937
6 1.815 1.8462
6 1.4775 1.4704
5 0.9225 0.9435
5 0.9 0.4393
7 1.035 0.9754
5 1.26 1.3069
5 2.2425 2.4526
7 2.4825 2.5289
7 2.565 2.6623
7 0.8025 0.7639
6 2.91 2.7069
6 2.46 2.8117
7 0.735 0.6893
5 0.5925 0.4552
6 1.0875 0.9441
4 2.4375 2.4284
7 2.6925 2.7129
7 0.8475 0.8381
4 1.245 1.3451
5 2.685 2.6834
7 0.72 0.7053
4 0.5325 0.2933
4 0.9 0.685
5 2.805 2.721
7 0.09 0.2181
5 1.92 1.8911
7 1.515 1.4692
7 0.81 0.7745
7 0.4575 0.3812
4 0.12 0.3846
6 1.875 1.9092
5 0.39 0.5056
6 0.7875 0.8685
7 2.9925 2.7703
4 2.52 2.6853
5 1.3725 1.3311
7 0.96 0.9775
6 0.42 0.3238
4 1.2675 1.161
4 1.68 1.8893
6 0.975 1.0519
4 0.1725 0.4487
5 0.8475 0.3537
6 2.0025 1.9622
6 2.055 2.2571
5 1.425 1.4528
7 2.325 2.7058
6 2.67 2.3963
4 1.3575 1.3208
5 1.125 0.7933
6 1.695 1.7163
7 0.8325 0.7443
4 2.9775 2.5569
5 0.2925 0.5531
4 2.34 2.5074
7 2.9925 2.8349
6 0.81 0.7414
4 1.77 1.8352
6 1.0425 0.824
4 2.6025 2.6598
4 1.38 1.2117
7 0.9 0.7595
4 2.6475 2.6481
7 1.65 1.6391
4 2.655 2.5572
7 1.035 0.9223
5 0.225 0.5233
6 1.23 1.2859
6 2.3625 2.4738
4 0.165 0.3297
7 0.9 0.8657
6 2.1675 2.1458
7 1.7325 1.8037
6 1.5525 1.484
6 2.1675 2.1671
5 0.6075 0.2743
7 1.65 1.6493
4 2.25 2.3214
4 1.62 1.7563
7 1.4475 1.3647
7 2.595 2.7012
7 0.1875 0.3414
5 0.6225 0.3811
4 2.4525 2.1164
6 1.38 1.4562
7 0.15 0.2681
4 1.3875 1.1623
7 2.7675 2.7658
7 0.57 0.3671
5 2.76 2.5338
6 0.4875 0.3221
5 2.8425 2.6378
7 1.8975 1.87
5 2.43 2.5473
4 2.4675 2.5098
7 2.5875 2.6017
5 0.9975 1.0997
5 2.7075 2.5854
4 1.155 1.1746
6 1.44 1.438
7 0.555 0.4923
6 1.2825 1.281
7 1.1925 1.1937
5 1.935 1.7939
7 0.1725 0.1945
5 2.4 2.7491
6 2.5125 2.663
5 0.1875 0.4159
6 2.3475 2.3175
7 2.2425 2.3058
4 1.26 1.6218
7 0.0225 0.2085
5 0.4575 0.9551
6 0.5625 0.519
7 0.3525 0.2216
6 1.815 1.7716
6 0.27 0.2987
5 0.1725 0.3252
6 0.12 0.3314
5 2.8725 2.6286
5 1.6725 1.8619
6 2.4225 2.7478
4 2.475 2.5729
6 0.45 0.3419
4 0.885 0.8028
4 2.8575 2.5937
5 0.39 0.328
5 0.015 0.3448
7 1.1325 1.1828
6 1.9125 1.8763
4 1.065 0.5635
5 0.405 0.6367
7 0.42 0.4225
6 1.0125 0.8702
5 1.86 1.6853
5 1.125 1.1053
6 2.2425 2.216
5 2.4525 2.6231
7 0.285 0.1745
6 2.7 2.6817
7 0.045 0.2084
4 0.2775 0.2794
7 1.1475 1.1252
4 2.9475 2.5819
5 2.5425 2.4718
6 2.7075 2.5526
4 1.725 1.9513
7 1.4775 1.5151
4 0.225 0.6599
6 1.365 1.2792
7 1.02 1.0691
5 1.59 1.6624
5 1.0725 1.1321
7 0.015 0.2544
4 2.1975 2.1499
7 0.8775 0.8542
6 2.1 1.9991
4 0.3675 0.314
5 2.265 2.4809
7 0.795 0.622
6 1.2675 1.3202
7 0.45 0.5031
5 1.785 1.9807
5 2.61 2.7048
7 1.2675 1.3579
4 0.8325 0.6789
5 1.1325 1.2593
4 2.5725 2.5924
5 1.2075 0.9691
7 1.5825 1.5526
4 0.7125 0.552
4 1.245 1.1373
6 1.245 1.361
7 0.9075 0.8855
5 0.795 0.3763
5 0.8325 0.6032
6 2.5725 2.6651
6 2.955 2.749
7 2.8275 2.7682
7 2.505 2.436
7 2.6175 2.6789
7 1.0125 1.0842
5 1.965 1.9786
4 0.0825 1.04
6 1.8225 1.8185
5 2.5425 2.6827
4 0.78 0.6717
7 1.8975 1.7731
6 2.0175 2.2499
6 2.2425 2.23
7 0.945 0.9883
4 1.395 1.4982
7 0.3 0.2872
7 0.84 0.8482
6 1.305 1.2756
6 0.735 0.6617
7 1.8525 1.847
5 1.29 1.198
6 0.39 0.2584
7 2.64 2.8242
7 2.2275 2.3406
6 2.025 2.1271
4 2.355 2.5752
6 1.62 1.6576
4 1.9575 2.3659
4 2.5275 2.5118
5 2.295 2.2553
4 2.7825 2.5681
6 0.195 0.2741
5 0.36 0.3064
5 0.4425 0.5481
4 2.5125 2.7295
7 1.575 1.5424
5 2.4525 2.0788
5 1.8 1.7175
5 0.4275 0.2684
7 1.8975 1.9688
6 0.435 0.3619
4 1.215 1.1844
7 0.6225 0.463
7 1.9275 1.8427
4 1.4625 1.6088
7 1.4925 1.5224
4 2.025 1.7826
4 2.3775 2.134
7 0.2175 0.1992
7 2.3625 2.4311
6 0.8025 0.6672
7 2.955 2.7906
4 2.475 2.608
6 0.495 0.8279
7 0.8025 0.7609
4 1.5 1.4414
4 2.355 2.5396
7 2.94 2.8078
7 2.4375 2.8138
5 1.5075 1.5855
6 1.7775 1.7986
7 0.9675 0.832
6 1.7775 1.8015
6 2.07 2.0721
5 0.825 0.6665
5 0.2625 0.2564
6 2.0775 2.0965
5 1.695 1.5872
5 2.7675 2.699
5 2.7675 2.6559
7 0.1425 0.2895
4 1.5375 1.722
6 2.2725 2.3054
5 2.7375 2.708
7 1.7775 1.8866
4 1.2 0.7352
7 1.5225 1.6211
7 2.985 2.5184
5 1.3275 1.3434
6 2.19 2.1964
6 1.875 1.8535
6 0.8325 0.7774
6 2.1825 2.1651
7 2.3175 2.6293
7 2.43 2.5511
7 1.9725 2.0504
5 2.3775 2.4781
7 1.275 1.2228
4 1.185 1.2547
6 0.3675 0.204
4 1.53 1.4388
5 1.5 1.4549
6 1.8675 1.8168
6 2.6775 2.709
4 0.0225 0.4615
5 1.0575 1.0922
4 2.61 2.3671
6 2.775 2.7794
7 0.2325 0.3146
4 0.855 0.5598
6 0.6675 0.6762
6 0.0825 0.2084
7 2.6775 2.6877
5 0.45 0.2875
4 0.6825 0.706
4 2.6175 2.6222
4 2.37 2.6145
6 0.2175 0.3318
7 1.4775 1.4718
7 1.815 1.773
6 0.7575 0.7674
6 1.5 1.4379
5 0.4425 0.3628
4 1.68 1.6386
7 1.125 1.1276
5 1.08 0.9705
7 1.6275 1.6617
6 2.91 2.6271
5 2.505 2.6166
5 2.5725 2.5575
6 0.36 0.3888
4 2.3025 2.3733
4 1.1625 1.0167
7 0.045 0.3278
5 2.37 2.7308
6 1.4775 1.3465
7 0.165 0.2095
4 2.19 1.7832
4 2.835 2.6577
6 2.7225 2.8045
7 2.67 2.8719
4 0.5775 0.4654
6 2.94 2.673
6 1.095 1.1444
7 0.5925 0.5943
5 0.105 0.2653
7 0.8175 0.7832
6 1.6425 1.6137
7 0.345 0.2212
6 2.7 2.6738
5 2.2725 2.692
7 1.65 1.6693
4 1.635 1.6153
5 0.915 0.8918
6 1.7925 1.7667
4 0.51 0.4971
6 0.7425 0.5736
4 0.6675 0.5029
6 1.425 1.4476
5 0.5625 0.3921
7 2.175 2.1818
6 1.965 2.0377
5 0.4575 0.337
4 2.355 2.6145
4 0.525 0.4428
5 2.37 2.3623
5 1.0725 1.0564
6 0.0525 0.2153
7 2.31 2.235
4 1.7175 1.6611
7 0.39 0.3185
6 1.26 1.1953
5 2.7075 2.4778
4 0.2775 0.2859
4 0.66 0.8642
4 1.8675 1.8226
6 0.0375 0.2609
6 1.1775 1.0469
6 2.2725 2.2746
5 0.4725 0.3161
7 2.1075 2.1149
4 1.8 1.7077
4 0.9525 0.526
4 1.5675 1.5397
7 0.4725 0.5597
6 1.7325 1.7363
7 0.9525 0.9478
4 0.105 0.3579
7 0.3825 0.3964
7 1.53 1.5662
4 2.2575 2.3605
5 1.8 1.8018
6 0.2925 0.4141
6 2.715 2.6149
6 1.845 2.0282
5 2.7225 2.7095
6 2.64 2.3295
5 1.2675 1.331
5 2.5575 2.6824
5 1.065 0.9377
4 2.5575 2.2866
7 0.0525 0.2246
7 2.5425 2.792
6 2.31 2.2296
7 0.51 0.4302
7 2.46 2.5584
5 0.8625 0.9171
7 2.205 2.18
7 0.0975 0.2596
6 1.6275 1.6779
4 0.72 0.9202
4 1.56 1.4884
7 2.25 2.36
6 1.3875 1.4401
6 0.6825 0.5537
5 2.175 1.9853
5 2.775 2.5685
5 1.965 1.9929
6 0.3 0.2902
4 0.2925 0.3605
4 0.3975 0.4734
4 2.76 2.6426
6 2.4375 2.6174
7 2.805 2.6659
4 0.3675 0.8478
5 2.715 2.6776
4 0.93 0.466
6 0.585 0.4582
5 0.3075 0.4828
6 0.7125 0.8907
5 1.545 1.5763
4 1.4925 1.5267
7 0.135 0.2774
5 0.81 0.7787
7 2.76 2.8322
6 1.1025 1.1271
4 1.215 1.3513
4 2.85 2.5802
6 2.325 2.3477
5 2.7525 2.5563
4 2.145 2.5381
5 1.5075 1.4003
7 2.8875 2.6573
5 2.175 2.46
7 1.4025 1.3261
6 2.1975 2.0001
5 0.1425 0.7296
7 1.5525 1.5525
4 1.245 1.0199
4 1.035 0.5256
4 0.315 0.4233
5 0.465 0.5465
5 1.725 1.7658
5 2.5425 2.7603
5 2.2875 2.6753
7 2.895 2.8028
5 2.9025 2.5798
4 1.8 2.3884
4 0.2775 0.506
5 0.225 0.4047
4 1.2375 0.8012
6 0.1875 0.5109
4 2.58 2.623
5 0.9675 1.0226
5 0.165 0.4423
6 2.355 2.2213
4 1.3425 1.4123
5 1.32 1.3972
4 1.0425 0.9
4 2.445 2.5489
5 1.38 1.539
4 1.4925 1.2911
5 2.2275 2.6099
4 2.6025 2.3284
4 0.585 0.455
4 2.7075 2.6241
7 1.8075 1.8236
4 1.005 0.8654
4 0.6525 0.7721
4 0.9825 0.9322
4 2.5725 2.673
7 2.655 2.7439
6 0.705 0.3933
6 1.9575 1.9572
6 1.3275 1.2233
5 2.505 2.6095
4 2.3175 2.6577
5 2.9925 2.5761
4 0.9675 0.4258
7 2.475 2.7153
4 0.36 0.4345
6 2.325 2.404
5 1.35 1.3555
7 1.1325 1.0733
4 2.8275 2.3988
4 2.3925 2.5532
7 2.4 2.393
6 0.9975 0.8938
7 1.5 1.4871
6 1.3275 1.2065
5 2.325 2.5806
6 2.04 2.0543
6 2.565 2.6529
4 2.3625 2.5372
4 1.2525 1.4031
7 2.3325 2.3985
7 1.9575 2.0273
5 0.285 0.2697
5 1.77 1.9192
6 0.9075 0.7714
5 1.11 0.9999
4 0.525 0.7271
4 2.835 2.5448
4 0.5475 0.3803
6 2.5875 2.7368
7 1.2525 1.1654
4 1.395 1.5494
7 1.0875 1.139
4 0.4725 0.3043
7 1.32 1.308
4 1.5 1.4849
6 1.17 1.0399
4 1.2975 1.3024
4 1.4475 1.4891
5 1.005 0.9737
6 2.31 2.2268
4 0.3 0.381
5 2.5575 2.3452
4 2.7825 2.7005
7 2.4975 2.4383
4 0.8625 0.4516
7 2.625 2.6501
4 1.2525 1.154
6 2.8275 2.6939
7 0.225 0.1663
5 0.9825 0.7382
4 0.99 1.0688
5 2.5125 2.448
5 2.115 2.0268
6 1.9725 2.0353
4 2.31 2.5236
4 2.2725 2.0753
5 2.4 2.2937
6 2.7975 2.7301
4 1.5675 1.7372
6 0.1125 0.2778
5 2.43 2.5086
6 2.355 2.611
5 1.89 1.9509
4 2.58 2.5917
7 1.32 1.2625
7 1.455 1.473
4 2.6775 2.5643
7 2.85 2.7479
6 0.735 0.7122
6 1.5675 1.603
6 2.955 2.5791
7 1.53 1.5587
6 0.8775 0.7853
7 2.8125 2.7614
4 1.59 1.8381
7 0.93 1.0385
6 0.5025 0.5282
6 1.2675 1.2469
4 2.01 2.2946
5 2.1525 2.6265
4 2.445 2.6187
4 2.4375 2.5706
6 2.1225 2.355
7 0.4575 0.5244
4 0.06 0.6125
7 1.1925 1.2803
7 0.45 0.3852
4 0.525 0.3941
4 1.1775 1.0453
6 1.665 1.7826
4 2.625 1.8763
5 2.1975 2.4965
5 0.1875 0.3666
7 2.6025 2.7519
6 1.155 1.1719
4 1.695 1.4164
4 0.24 0.3329
7 1.98 2.0035
4 2.625 2.6042
4 1.59 1.5965
4 1.065 1.1457
7 2.3925 2.5552
5 1.29 1.3631
6 2.4825 2.3102
6 1.1625 1.1796
5 1.68 1.6802
7 2.46 2.4679
5 2.5125 2.7519
4 0.2175 0.3421
5 0.0375 0.3544
6 2.6925 2.6086
7 1.95 1.9989
5 1.35 1.3344
5 2.4975 2.6979
4 2.2275 2.5477
4 2.685 2.606
4 1.9275 1.9505
5 2.94 2.5299
6 2.2725 2.2066
6 0.57 0.448
4 0.9375 0.579
4 2.2575 2.5101
4 2.04 2.4133
7 0.57 0.6793
6 0.21 0.2317
5 0.42 0.285
5 2.64 2.7695
5 1.8375 1.8223
6 0.8325 0.9387
4 2.91 2.5285
6 0.72 0.8063
5 1.425 1.5045
4 1.065 1.0555
7 2.4675 2.6939
6 1.65 1.6507
4 1.515 1.473
7 0.525 0.4428
5 0.3 0.3358
6 1.0275 0.996
4 1.395 1.5514
5 0.78 0.9091
7 0.5775 0.5261
4 1.2675 1.1493
7 0.3825 0.4607
5 0.6 0.6165
5 1.2975 1.2222
6 2.3625 2.4984
4 1.4325 1.4866
5 0.1125 0.3278
5 1.56 1.6427
4 1.9575 1.9225
7 2.415 2.4627
5 0.51 0.3727
7 1.1775 1.1408
5 1.0725 1.1756
6 2.5875 2.4894
5 2.73 2.4791
4 1.71 1.6886
7 0.42 0.1738
5 2.1675 2.5034
5 0.975 1.0454
6 1.905 1.9265
5 2.025 1.8714
5 1.605 1.642
4 0.87 0.5086
6 0.39 0.4859
4 2.01 1.8012
7 1.935 2.0665
7 2.0325 1.9796
6 2.1975 2.4554
4 0.6675 0.6353
4 1.14 1.1032
6 1.77 1.8
4 1.32 1.2803
4 0.8625 0.8223
4 0.6 0.3055
5 0.3975 0.3137
7 2.2725 2.2449
5 2.79 2.585
5 1.875 1.8511
5 0.855 0.9013
4 0.6525 0.456
6 2.22 2.244
5 1.425 1.4161
4 0.66 0.5328
5 1.14 1.178
4 2.2875 2.5956
4 2.0775 2.5537
4 0.6525 0.5894
6 1.2675 1.1651
4 1.9575 2.4413
5 2.34 2.5602
5 1.4325 1.4766
4 1.215 1.2339
4 1.98 1.9075
7 2.7075 2.5202
6 2.6775 2.5172
4 2.175 2.5786
4 0.81 0.6495
7 0.6075 0.7171
7 0.7875 0.746
7 1.2525 1.1965
5 1.725 1.6439
6 1.665 1.6584
5 0.3 0.2879
4 0.6375 0.5413
6 0.48 0.392
4 1.3275 1.4503
6 1.845 1.8862
7 0.1125 0.1311
5 1.6425 1.3893
7 0.12 0.2665
5 1.7025 1.7857
5 0.0675 0.3867
7 1.56 1.6211
4 2.37 2.5616
4 0.5925 0.3402
5 0.5775 0.3248
5 2.505 2.5251
4 1.1625 1.0828
4 2.115 2.1166
4 0.675 0.885
6 2.4525 2.6659
6 2.55 2.8024
7 1.7475 1.8197
5 2.475 2.5553
6 0.9975 0.9528
7 1.0875 1.0812
6 1.44 1.45
6 1.0425 1.1707
6 1.905 1.9313
4 0.135 0.3485
6 1.59 1.5791
7 1.725 1.6282
4 1.6875 1.6848
5 1.8 2.0173
5 0.72 0.6052
6 0.285 0.5082
4 0.48 0.3265
4 1.005 1.0957
4 1.5225 1.6069
6 1.17 1.1949
7 2.34 2.3559
5 0.495 0.6141
6 0.705 0.5602
4 0.705 0.7999
4 1.32 1.3226
6 0.9225 0.9068
5 1.155 1.2461
5 1.29 1.3595
6 1.98 2.067
7 0.015 0.2765
6 1.125 1.1387
6 0.4125 0.2442
7 0.405 0.2842
6 2.205 2.3362
7 0.42 0.3957
7 0.3075 0.3775
6 0.4425 0.434
5 0.435 0.3408
5 1.185 1.245
7 0.33 0.2422
4 1.8375 1.6127
6 0.99 0.9919
6 0.48 0.4983
5 2.43 2.7123
5 0.0225 0.369
4 0.6825 0.338
6 1.8 1.8321
7 1.5375 1.5315
6 2.6025 2.7305
7 1.1175 1.1034
4 0.2325 0.4981
7 0.855 0.8713
5 0.6225 0.5254
5 2.6775 2.1604
5 1.5075 1.5614
7 1.1175 1.2476
7 2.52 2.2981
6 1.8825 1.9473
5 1.44 1.451
6 1.3875 1.3138
5 0.09 0.3104
4 1.9425 2.4787
5 0.9 0.9367
5 2.01 1.9135
5 2.025 2.3258
7 0.1575 0.2073
6 2.46 2.3534
5 2.3625 2.5637
4 0.33 0.3442
4 2.0625 2.4
7 1.6425 1.6021
7 2.205 2.2428
6 2.775 2.7048
4 1.4325 1.4074
5 0.42 0.4879
6 2.445 2.6712
6 0.21 0.3655
6 1.785 1.8111
6 0.885 0.8193
4 0.375 0.4361
7 0.375 0.2951
6 0.3675 0.4473
6 0.045 0.2956
6 1.875 1.772
4 0.27 0.3048
6 0.21 0.2307
7 2.3775 2.4074
6 0.3675 0.2109
6 1.395 1.4524
4 0.2475 0.5407
4 2.2125 2.0284
5 1.305 1.2383
5 2.8425 2.5757
5 1.395 1.5775
6 0.1425 0.3723
7 2.6775 2.6473
4 1.74 1.9269
4 2.4975 2.5581
4 0.0375 0.3859
6 1.4925 1.5897
7 1.7775 1.7523
6 1.6275 1.6542
5 0.84 0.7367
6 1.035 0.9342
5 2.9325 2.6648
7 1.725 1.7029
4 1.74 2.0301
7 1.2675 1.2611
6 2.4375 2.5081
5 1.2 1.2757
5 1.2825 1.2054
5 1.065 1.1621
6 0.465 0.2373
7 2.8725 2.7498
5 1.38 1.4189
7 0.615 0.3498
4 1.4475 1.425
4 0.6675 0.5523
7 2.565 2.6156
7 1.0575 1.0326
5 2.67 2.2409
4 1.26 1.1761
4 2.2575 2.4905
5 0.69 0.3218
6 1.3275 1.4452
4 2.1675 2.2926
5 0.8175 0.5633
7 0.765 0.8549
4 1.4925 1.6247
4 1.6725 1.7783
6 1.2675 1.318
7 1.98 1.9007
4 2.34 2.6332
6 0.6675 0.5001
5 2.4075 2.6475
5 2.6925 2.6938
5 0.075 0.4878
5 2.8275 2.6784
6 2.0025 2.1462
6 0.0375 0.3341
6 0.1725 0.2462
4 1.53 1.7477
5 2.565 2.7664
6 1.3875 1.4149
7 2.4675 2.6768
7 1.155 1.1661
4 0.4725 0.3019
4 2.6025 2.5814
4 0.2325 0.7144
6 1.9575 2.0799
4 1.275 1.1922
7 1.7175 1.7129
6 0.51 0.5374
7 1.74 1.7897
5 2.3925 2.5346
6 2.3625 2.3969
5 2.46 2.6108
5 0.72 0.6603
6 1.4025 1.3664
4 0.615 0.3987
7 0.2175 0.1443
5 2.7075 2.7822
4 0.5025 0.5372
4 1.0425 1.0536
5 1.245 1.3994
6 1.1475 1.2102
7 2.1975 2.2006
7 2.43 2.4252
7 0.48 0.5314
7 1.1025 1.0664
4 0.96 0.873
6 0.8775 0.8374
7 2.25 2.2972
4 0.3825 0.4775
4 2.22 2.1768
6 2.4075 2.6896
7 2.25 2.3351
4 2.64 2.6844
5 1.05 0.9928
6 2.46 2.4803
4 1.605 1.6969
4 0.3825 0.3059
5 2.925 2.4955
4 1.41 1.418
6 0.435 0.4796
6 0.15 0.3565
6 0.72 0.527
5 2.4525 2.6127
4 2.1225 2.1732
4 0.6225 0.4946
5 2.265 2.7206
7 1.2525 1.3096
6 0.54 0.4596
4 2.3775 2.5787
7 2.0025 1.9546
5 2.58 2.5445
6 2.0175 2.2125
5 1.5375 1.4828
6 0.735 0.8021
5 2.0475 1.9945
7 0.585 0.6907
7 1.6425 1.7144
4 2.0775 2.657
4 2.445 2.5644
7 1.44 1.425
5 1.6725 1.7249
6 1.7325 1.7945
5 2.19 2.1573
4 1.245 0.6653
7 0.8775 0.8589
5 2.235 2.215
4 0.675 0.3156
7 2.4 2.6476
7 0.99 1.0914
6 2.1675 2.1921
4 1.845 2.0435
4 1.05 0.9883
5 1.4025 1.4382
6 2.9025 2.7683
4 2.8875 2.5856
5 2.085 2.2576
5 0.12 0.2705
7 2.4375 2.7502
4 2.2275 2.3528
6 2.1375 2.2666
4 0.87 0.841
6 1.815 1.8426
5 2.97 2.6306
5 2.46 2.4372
6 2.4225 2.6917
5 2.0775 2.0725
4 1.29 1.1932
5 0.81 0.3642
5 1.245 1.2004
5 0.4725 0.2587
5 0.645 0.3775
4 0.345 0.3092
6 2.3325 2.5049
4 0.135 0.4137
6 1.4025 1.5328
5 2.1375 2.0656
4 1.7325 2.0393
4 0.21 0.407
4 1.9425 1.8157
7 1.335 1.4258
5 2.91 2.6651
5 2.6175 2.5099
6 2.6475 2.7051
6 0.0675 0.2013
4 2.8725 2.6268
4 2.7825 2.0222
7 2.565 2.5957
7 2.4825 2.3953
4 2.3475 2.3545
7 0.24 0.1959
6 0.315 0.1991
5 2.745 2.6503
4 0.5325 0.4512
6 0.6825 0.6278
6 2.745 2.7637
4 0.3675 0.4247
4 1.875 1.3991
4 1.395 1.45
5 1.17 1.0314
4 2.5725 2.3064
5 1.125 0.915
6 0.2625 0.3455
5 1.23 1.329
6 0.0825 0.4834
7 0.945 0.8267
4 0.2625 0.4248
5 0.87 0.4408
4 1.6875 1.7223
5 2.625 2.607
6 1.9575 1.9089
4 2.625 2.3915
7 0.645 0.3253
4 2.2575 2.4371
4 1.71 1.8596
5 2.2575 2.3913
6 1.5675 1.4891
5 0.93 0.9574
7 0.7275 0.6974
5 1.77 1.7948
7 2.19 2.1388
6 1.095 0.9892
5 1.2975 1.1035
7 2.625 2.7464
7 0.5325 0.3788
6 1.65 1.6582
7 1.6425 1.6065
6 2.535 2.6001
4 0.8625 0.9329
7 2.6475 2.4982
4 0.96 0.3049
5 2.835 2.6199
4 1.305 1.2876
5 2.25 2.615
7 2.895 2.76
4 2.25 2.4916
6 1.8225 1.8033
7 1.605 1.6215
4 1.8 2.0446
4 0.5475 0.3327
5 2.16 2.4155
7 2.775 2.6969
6 2.91 2.7848
4 1.8075 1.6033
5 2.8275 2.6484
5 0.165 0.5871
6 2.6925 2.5884
5 2.4 2.4435
7 0.9375 1.051
5 2.7375 2.2584
4 1.9275 2.1586
4 2.115 2.4377
5 0.6825 0.3077
6 2.865 2.5786
6 0.435 0.329
7 0.96 0.9058
4 1.95 2.0336
4 0.0075 0.5027
4 0.5175 0.3592
6 1.4775 1.4369
6 1.92 1.926
4 1.4625 1.5757
6 0.4875 0.4758
7 0.435 0.3446
5 1.2075 1.0728
6 1.155 1.3563
4 2.8425 2.4242
6 1.7925 1.7552
4 2.0625 1.9809
5 1.26 1.1989
6 1.0125 0.9269
5 1.635 1.6139
6 0.03 0.1945
6 2.3325 2.2962
5 0.8475 0.4593
4 1.05 0.6375
4 0.4425 0.4392
4 1.5675 1.3628
7 1.4775 1.4879
6 0.735 0.8661
7 2.295 2.3221
5 1.3275 1.2482
4 2.355 2.2861
5 1.0425 0.9429
6 0.405 0.5177
5 2.94 2.8101
5 0.435 0.3761
7 2.4825 2.3409
4 1.0725 0.8706
5 2.49 2.2447
5 0.3075 0.5775
5 2.46 2.2513
6 1.9125 1.9447
6 0.555 0.5276
7 0.435 0.237
5 2.76 2.6891
4 2.7675 2.5187
7 1.0875 1.0864
6 2.655 2.6857
6 1.245 1.2593
4 2.73 2.6093
6 1.4325 1.5083
6 0.03 0.3513
7 1.275 1.2794
4 1.35 1.2602
6 0.5175 0.2101
5 2.9325 2.7261
7 1.815 1.85
5 2.1 2.2911
5 0.3525 0.4695
5 1.2225 1.284
6 1.7175 1.81
4 1.2375 1.1298
5 2.805 2.7076
4 2.3925 2.5116
6 0.3525 0.4543
6 1.305 1.3713
7 1.5075 1.4936
7 1.635 1.7177
4 2.52 2.5326
6 1.1175 1.0408
6 0.9075 0.9908
5 1.125 1.1439
7 0.345 0.1859
7 0.7125 0.7421
6 0.5175 0.4843
7 0.6 0.6809
4 0.0 0.7251
7 2.4375 2.6553
4 1.635 1.7378
5 1.425 1.4228
7 2.7975 2.6597
7 2.9925 2.8284
7 0.54 0.5079
5 2.055 2.5137
7 2.145 2.2083
7 0.5025 0.5761
6 2.9925 2.8026
5 1.155 1.0207
5 1.53 1.5298
4 0.105 0.3976
7 0.9 0.8583
4 1.6725 1.4745
7 0.885 0.7968
7 2.0775 2.1702
6 0.1725 0.376
7 1.05 1.0453
4 0.1125 0.2141
7 2.07 2.1959
4 0.0075 0.4221
4 2.745 2.5965
7 1.2825 1.3694
7 1.245 1.2345
4 1.29 1.173
7 0.3 0.272
4 1.65 1.6735
6 0.0375 0.2338
6 1.2525 1.449
6 2.325 2.5505
4 0.225 0.9939
4 2.2275 2.6196
6 1.47 1.3887
4 1.395 1.4932
4 0.7125 0.7681
4 0.06 0.4062
5 2.235 2.598
4 0.435 1.001
4 1.875 1.7455
6 2.6925 2.6029
6 2.07 2.06
7 2.07 2.0117
6 0.21 0.3179
7 1.815 1.8571
7 0.69 0.7152
5 1.455 1.4637
5 0.2625 0.7657
6 1.08 1.122
4 0.225 0.3366
4 1.5525 1.4227
6 0.42 0.3535
4 1.08 0.5607
6 1.95 2.0064
4 0.285 0.5804
7 0.0075 0.2243
7 0.33 0.1942
5 1.335 1.2232
7 0.2175 0.1547
7 1.02 0.9435
4 2.25 2.1771
7 2.115 2.095
7 1.47 1.5094
4 1.905 1.7463
6 2.295 2.3725
7 2.0775 2.148
6 0.1125 0.3894
7 2.5575 2.7145
5 2.8425 2.5885
7 0.8775 0.8646
7 1.965 0.6018
4 2.13 2.2301
4 2.0025 1.7782
7 1.1475 1.106
7 1.905 1.8882
5 2.565 2.6262
6 2.325 2.4165
7 1.0125 1.1199
6 1.9275 1.7817
7 0.705 0.768
4 0.4725 0.43
7 0.225 0.27
7 2.475 2.5221
7 0.1875 0.3334
6 2.7375 2.593
7 2.1825 2.4093
5 1.485 1.5285
4 2.3175 2.5723
6 1.5075 1.4833
4 1.4475 1.5279
7 0.12 0.1272
6 0.69 0.688
5 2.97 2.6624
5 1.98 2.13
4 2.82 2.5238
5 0.255 0.3698
5 2.5875 2.626
6 2.0325 1.989
4 1.2825 1.272
4 1.605 1.7566
4 1.44 1.6038
5 2.28 2.4202
5 0.0525 0.4074
5 2.16 2.5098
5 2.8875 2.5857
6 1.7625 1.8352
4 1.9725 2.4108
5 2.2425 2.5066
4 0.105 0.4497
4 1.1325 1.1648
6 1.0275 1.023
7 1.395 1.1941
7 0.9825 1.0514
7 2.925 2.7302
4 2.8425 2.5726
6 1.4775 1.4405
4 2.1075 2.5563
7 1.2375 1.1783
7 2.7825 2.6783
6 2.46 2.5536
4 1.56 1.5516
5 1.7175 1.5672
5 0.42 0.4246
7 2.235 2.3282
6 2.7825 2.7094
4 1.0875 0.5256
7 0.21 0.1942
6 1.2225 1.2427
5 2.4075 2.4991
4 0.645 0.4445
4 0.975 0.9723
6 0.7575 0.6439
6 1.995 1.9584
7 1.665 1.59
7 1.05 1.1549
6 0.45 0.4207
7 0.195 0.2719
6 2.985 2.6668
4 1.5375 1.5325
4 2.415 2.3487
5 0.18 0.3218
5 0.1425 0.332
4 0.1575 0.5879
6 0.72 0.5965
6 0.81 0.8828
7 1.1025 1.1425
6 0.5925 0.5476
7 2.7675 2.7995
4 0.6 0.6879
7 1.11 1.1357
4 2.1825 2.4796
7 2.4225 2.2605
4 1.38 1.1198
7 2.7375 2.6702
5 2.4975 2.6821
5 2.8575 2.6417
5 2.1225 2.31
7 0.9675 0.9025
4 0.585 0.5651
5 2.175 1.9681
4 1.7775 1.8498
5 0.0 0.3143
4 1.1625 1.3614
5 1.6425 1.7476
7 2.685 2.8538
4 0.555 0.5786
5 2.925 2.5492
5 0.69 0.7777
5 2.085 2.4976
5 2.6175 2.4889
7 0.24 0.3979
4 2.9925 2.5116
6 1.785 1.7353
5 2.9925 2.4263
6 1.8825 1.9039
5 0.855 0.9951
6 2.19 2.3679
7 2.1225 2.2509
4 2.415 2.4586
5 1.86 1.9904
4 0.4875 1.4423
4 2.0775 2.3891
5 1.0425 0.812
5 2.0175 2.152
5 0.1875 0.328
6 1.8 1.859
7 2.7675 2.7729
6 2.145 2.2226
5 2.0325 1.8583
7 2.3775 2.378
6 1.6125 1.5763
6 0.6 0.5881
6 0.0 0.3753
4 2.5275 2.5895
6 2.295 2.6879
7 2.64 2.6504
6 0.915 0.938
5 0.2775 0.2536
4 0.7875 0.9214
5 0.15 0.532
5 2.3175 2.1142
4 0.7575 0.4647
5 1.02 1.218
5 1.845 1.8768
6 1.1325 1.0987
7 0.5775 0.5801
7 0.555 0.3695
4 1.545 1.67
5 0.1875 0.3777
4 1.4775 1.6009
6 2.775 2.6637
7 1.095 1.1973
4 0.6525 1.0433
7 2.8875 2.796
6 0.195 0.2476
7 1.2525 1.22
6 1.38 1.4324
7 1.755 1.6063
7 0.8925 0.8831
7 0.435 0.3523
6 0.6225 0.5183
4 0.96 0.64
5 1.14 1.3095
7 2.13 2.0887
7 0.8625 0.8341
5 2.685 2.663
4 2.79 2.5273
6 0.735 0.7206
5 2.7375 2.6619
5 2.595 2.6136
4 1.5975 1.3306
6 2.1075 2.1982
6 2.0925 2.1958
7 2.6325 2.7509
6 2.0625 2.1295
5 0.165 0.3467
5 2.505 2.5944
6 0.165 0.4318
7 0.945 0.9516
5 0.4425 0.3078
4 1.0125 1.0214
6 2.4225 2.746
5 2.9475 2.6951
6 2.6775 2.6416
6 0.8175 0.6469
4 2.01 2.4648
6 2.3175 2.5907
7 0.6675 0.6059
5 0.8025 0.9425
6 1.2 1.2234
6 0.0225 0.1708
7 0.2625 0.2016
5 0.81 0.7426
7 1.485 1.3753
6 0.225 0.3313
6 2.4 2.4129
7 1.8825 1.868
4 2.805 2.4876
5 1.3125 1.2519
5 2.67 2.6523
5 2.1075 2.0168
4 2.8875 2.603
7 0.8925 0.8982
4 1.035 1.1135
7 0.63 0.2965
5 0.435 0.5206
4 1.7325 1.7351
4 0.945 1.1575
4 1.725 1.852
5 2.295 2.3683
5 2.5725 2.5237
7 0.8175 0.8225
7 2.49 2.574
6 1.7175 1.7873
5 0.3975 0.2348
4 2.445 2.6822
5 1.2 1.0345
4 0.99 0.4926
7 0.375 0.1642
5 1.1025 0.9521
6 2.9025 2.7633
4 1.5675 1.6196
4 0.72 0.444
5 0.855 0.8629
4 1.5075 1.6495
7 0.1725 0.3195
7 1.095 1.2595
6 0.405 0.3679
7 2.805 2.7874
7 1.11 1.0745
6 2.9775 2.7085
6 0.045 0.2818
6 2.2725 2.3005
5 2.0775 2.2856
7 2.265 2.4456
7 2.43 2.7912
5 2.7075 2.4251
4 0.75 0.3773
7 0.15 0.1396
7 2.01 1.9332
4 0.75 1.1943
6 0.8775 0.9494
5 1.155 1.0781
6 2.07 2.119
6 1.29 1.3362
5 0.18 0.6652
4 1.74 1.5531
5 0.1275 0.3015
6 2.1375 2.1804
7 2.8125 2.4275
6 0.7425 0.7118
6 1.2075 1.2253
5 1.7025 1.6744
4 2.835 2.5523
7 2.9925 2.7821
4 0.255 0.3657
4 2.28 2.6325
7 0.1125 0.2005
4 2.49 2.53
7 0.2175 0.3629
6 2.2575 2.7243
6 0.8325 0.7428
4 2.5125 2.52
6 2.6625 2.8527
4 1.35 1.3272
7 0.6 0.4614
6 1.5675 1.6576
6 2.94 2.641
7 1.1625 1.0505
5 2.655 2.5474
4 0.45 0.4205
6 2.655 2.7496
6 2.4675 2.6359
6 1.3575 1.1867
7 0.5025 0.4338
4 0.525 0.6989
4 0.0825 0.2749
6 1.0725 1.2202
4 2.0625 2.4934
5 0.5025 0.6138
6 2.91 2.6435
4 0.0825 0.4665
6 0.3525 0.2697
5 2.88 2.6291
5 0.7275 0.2802
7 1.3425 1.2994
4 2.6325 2.4782
5 0.555 0.4039
7 1.59 1.5792
5 1.755 1.7648
7 1.665 1.7525
6 2.4 2.5835
7 2.1 2.0332
5 2.94 2.4228
7 0.93 0.8629
7 2.115 2.1518
4 0.105 0.3802
5 0.8775 0.6686
5 2.235 2.2692
4 1.8075 1.7475
7 2.205 2.2745
5 1.095 0.9803
5 1.665 1.7065
6 0.7575 0.2823
7 0.795 0.8578
4 2.0175 2.364
4 0.24 1.1132
7 0.2025 0.2645
6 2.2125 2.0642
6 2.895 2.6689
7 2.43 2.3245
6 1.2525 1.2759
7 1.3725 1.4184
5 0.2025 0.385
7 2.8275 2.7803
5 2.985 2.6357
6 2.6475 2.5997
5 2.4675 2.6726
7 1.05 1.1347
7 0.18 0.1542
6 1.2375 1.3149
6 1.125 1.0386
6 0.255 0.3535
4 1.0575 0.7668
4 1.395 1.6049
7 1.365 1.298
7 0.48 0.7069
4 1.0125 0.9778
6 2.1975 2.1412
7 1.815 1.8925
7 2.2575 2.1789
6 2.49 2.6889
6 1.5675 1.5262
7 2.88 2.7568
4 0.1575 0.454
7 2.205 2.2271
7 2.8275 2.6399
7 2.655 2.6074
7 2.7 2.8291
5 0.0825 0.2424
6 0.6 0.4037
4 2.505 2.5363
4 0.3675 0.6081
7 1.4625 1.3991
4 2.16 2.5408
6 0.3375 0.4377
5 0.7275 0.3854
4 1.785 1.8326
6 2.55 2.7459
4 0.975 1.0542
7 1.8 1.6438
4 2.73 2.5138
7 1.9875 2.0929
4 0.8325 0.4948
4 1.6275 1.6764
4 1.5825 1.475
6 1.6425 1.6589
7 0.69 0.6523
4 0.885 0.8661
5 0.135 0.3138
5 1.6875 1.821
7 2.31 2.3773
5 2.2875 2.7112
6 0.8025 0.9656
5 2.1075 1.9791
7 2.3475 2.3229
6 1.6725 1.7499
5 2.865 2.7286
7 0.66 0.6116
5 2.8875 2.5984
6 1.5225 1.4333
6 0.12 0.2465
6 0.675 0.4018
5 2.685 2.4011
7 0.855 0.8887
6 0.315 0.2832
7 2.8275 2.8487
5 1.5675 1.6832
5 0.87 0.4177
6 1.4625 1.6041
4 0.2775 0.3241
5 0.12 0.336
6 2.9175 2.7092
6 0.24 0.2303
5 2.4975 2.614
5 2.0175 1.9517
5 2.49 2.4116
7 1.08 1.1835
5 0.4725 0.3471
4 1.6425 1.9359
6 2.85 2.7125
5 2.565 2.5529
6 2.355 2.3554
7 0.1725 0.1244
5 1.71 1.8761
7 1.755 1.6962
4 2.8425 2.6785
6 1.7175 1.6909
5 0.3375 0.9122
6 2.5575 2.679
6 1.1925 1.1605
7 0.4275 0.4592
5 0.075 0.5777
5 2.2275 2.4954
6 2.925 2.7345
5 0.39 0.3921
4 1.365 1.3904
7 1.0425 0.8874
7 0.36 0.2952
6 2.0325 2.0395
6 2.85 2.6887
5 0.9825 1.0415
6 1.17 1.1145
4 0.2475 0.4627
6 0.6825 0.6573
7 2.1825 2.1093
5 2.2575 2.2043
5 0.0675 0.331
6 2.3925 2.5218
6 2.5425 2.5512
6 1.965 1.9865
5 0.0375 0.3918
5 0.8775 0.6726
5 1.695 1.4921
7 0.345 0.2583
6 2.085 2.0956
6 0.3825 0.1952
5 1.35 1.4024
5 2.595 2.344
6 0.435 0.5967
4 0.9375 0.6224
7 2.1675 1.7683
5 2.4 2.7481
6 0.5925 0.4624
6 2.1975 2.5423
6 2.82 2.7183
6 1.2525 1.2027
4 2.3775 2.4664
4 0.72 0.5445
4 1.4175 1.5477
7 0.1725 0.2058
7 2.175 2.4241
6 1.335 1.385
7 1.5675 1.5715
5 1.2 1.2773
5 2.34 2.7127
5 2.37 2.7021
6 2.4225 2.2593
7 1.0275 1.0009
6 2.07 1.9701
7 0.225 0.2516
7 0.57 0.5233
4 2.82 2.5866
7 1.665 1.6504
6 0.7275 0.6963
4 1.065 1.0436
6 0.99 1.1633
5 0.945 1.1007
7 1.0575 1.0882
5 2.91 2.7937
7 2.4825 2.7192
5 2.7225 2.6112
5 0.075 0.3814
5 2.7525 2.6786
5 1.05 0.8598
6 0.06 0.3218
5 0.8025 0.3881
7 2.6025 2.7834
5 2.925 2.4375
6 2.2875 2.3136
7 1.3575 1.2861
6 0.03 0.2759
6 1.4025 1.3602
4 2.805 2.4278
5 0.7725 0.7383
7 0.0525 0.3148
7 0.21 0.1106
7 2.1375 2.2143
4 1.62 1.6472
7 1.26 1.2748
5 2.34 2.6206
5 2.7525 2.619
6 1.7625 2.9932
5 1.0275 1.1296
5 2.8725 2.717
4 1.4325 1.6453
7 2.5425 2.5255
6 0.7575 0.2961
7 1.185 1.269
4 2.5275 2.6268
4 0.18 0.3366
6 1.2825 1.2235
7 2.9925 2.7865
5 1.8675 1.938
4 0.66 0.5859
4 2.025 2.5629
4 2.5875 2.5442
7 2.8425 2.6062
4 1.86 2.1774
7 0.795 0.8245
7 0.705 0.7278
5 1.7325 1.8064
6 1.02 0.9519
6 1.485 1.4796
7 0.7125 0.6903
6 1.62 1.5908
7 2.1 2.1737
4 1.7325 1.7722
7 1.635 1.5754
5 0.1875 0.5571
7 1.965 1.9888
7 2.25 2.2156
5 2.6175 2.6837
4 2.865 2.7301
7 0.165 0.4302
4 2.5575 2.4378
7 0.8925 0.7596
6 0.6225 0.8529
5 2.0025 2.0696
5 0.1575 0.2943
7 2.46 2.6942
7 1.5225 1.5195
7 1.635 1.671
7 1.155 1.2376
7 1.9125 1.9369
6 2.0175 2.0164
7 1.545 1.5764
7 0.2325 0.3046
6 2.1525 2.4013
4 1.6575 1.6651
5 2.595 2.6467
6 0.825 0.3179
7 0.705 0.69
5 2.46 2.5798
7 2.7825 2.6244
7 0.5475 0.2568
7 2.2425 2.1106
5 1.92 1.7133
7 2.0475 2.1641
4 2.055 1.7377
7 0.0375 0.1592
4 0.6525 0.5564
7 2.0925 2.0907
7 1.3875 1.3661
5 0.2475 0.4189
6 0.0075 0.245
5 0.4575 0.5031
7 2.64 2.7497
4 0.2025 0.3804
7 2.865 2.6401
7 0.7575 0.6178
4 0.0375 0.7976
6 1.695 1.789
7 2.5575 2.6237
5 2.9325 2.6777
7 0.69 0.6694
4 2.805 2.3741
5 1.8375 1.7786
6 1.3425 1.431
4 0.6 0.7258
5 0.9825 0.6199
7 2.085 2.0333
5 2.415 2.6443
4 1.83 1.9407
6 2.1975 2.3431
5 2.025 2.2913
6 1.905 1.8867
5 2.1675 2.0555
4 2.1375 2.2697
4 0.5925 0.5105
5 2.8275 2.2084
6 2.61 2.6434
6 0.5925 0.5985
6 2.43 2.4251
5 0.3075 0.3525
4 2.5575 2.5794
5 0.3825 0.5064
4 0.405 0.511
7 1.2975 1.2361
7 1.1175 1.1144
6 2.2725 2.4911
4 0.705 1.0616
6 0.5625 0.8111
7 0.1575 0.2918
4 1.4175 1.4444
7 1.0725 1.0242
7 1.62 1.6035
5 2.0925 2.3078
5 2.865 2.4374
6 0.8325 1.0101
5 0.9825 0.86
6 2.145 2.268
7 1.7925 1.8646
4 2.1 2.0605
5 2.49 2.4902
6 2.0175 1.9959
4 0.9825 0.6266
7 1.26 1.3459
4 1.1925 1.3243
7 1.935 1.9806
7 0.4425 0.2663
6 1.6875 1.7844
7 1.2975 1.2272
5 1.47 1.5169
6 0.7575 0.5192
7 2.07 2.1363
4 0.2025 0.4951
7 1.5 1.501
4 0.0975 0.3169
4 1.1175 1.2932
6 1.7625 1.8545
5 0.8325 0.8316
5 0.2175 0.6195
4 1.0875 1.172
6 0.6 0.3323
6 0.15 0.3297
4 1.0125 0.3974
4 1.065 0.6929
4 0.465 0.4811
7 2.01 2.0592
4 2.7375 2.5527
4 2.835 2.625
7 1.0875 1.0691
6 0.0675 0.2429
6 2.2425 2.3429
6 2.025 2.2342
5 0.0825 0.296
7 1.23 2.9388
4 1.71 1.9409
6 2.4975 2.7855
7 1.515 1.553
5 1.5225 1.5742
7 0.045 0.2201
5 0.1125 0.4005
4 1.755 1.516
6 0.3225 0.2409
5 2.4 2.3922
6 1.7775 1.782
4 2.5425 2.611
5 2.8425 2.5219
5 2.67 2.7099
5 1.77 1.7959
5 1.56 1.5747
4 0.465 0.4259
7 1.905 1.8824
6 2.61 2.7687
4 2.67 2.3676
6 1.5675 1.5998
4 0.5175 0.5199
7 2.8125 2.82
4 2.295 2.7367
7 0.9825 1.0772
5 2.94 2.6447
7 2.145 2.2779
4 1.74 1.822
5 0.4275 0.3385
5 1.7025 1.7863
4 1.6575 1.5142
5 2.6775 2.696
6 2.91 2.6755
5 2.1075 1.9155
7 0.9525 1.0352
6 0.9 0.9385
7 0.8925 0.9298
6 0.4575 0.4306
7 0.06 0.2688
7 0.0375 0.2903
5 0.885 0.9633
6 0.9525 0.9868
4 1.0275 0.5463
6 0.0675 0.3104
4 2.805 2.5528
4 0.2925 0.5098
4 1.02 0.5107
5 2.0775 2.3052
4 1.7175 1.6524
6 1.6275 1.6402
4 2.565 2.3895
7 0.2475 0.2541
7 2.2575 2.2507
4 2.7225 2.5599
4 2.055 2.3661
5 2.715 2.6713
5 2.8425 2.6051
6 1.845 1.9519
4 2.5425 2.5471
4 0.7575 0.4452
5 0.06 0.6637
5 2.0475 2.2326
7 2.46 2.3999
5 0.6975 0.8253
4 0.225 0.4536
7 0.495 0.4823
6 0.615 0.5975
6 0.135 0.2814
4 1.605 1.606
6 0.5625 0.5019
4 0.78 0.5969
5 1.515 1.5823
7 1.245 1.1647
6 2.1525 2.2209
7 0.7425 0.6951
7 1.635 1.6197
7 1.0275 1.0224
5 0.3825 0.4621
7 2.7375 2.7215
5 0.2925 0.2818
6 0.1425 0.1456
6 2.475 2.8521
5 2.6475 2.6528
6 0.6375 0.1798
6 1.965 2.0985
6 0.3075 0.3281
7 0.375 0.4677
6 1.23 1.1834
6 0.12 0.2886
5 2.775 2.7018
4 0.465 0.4437
7 2.3175 2.2306
6 1.6725 1.7495
7 1.68 1.7682
7 1.365 1.3815
7 1.1775 1.2074
6 0.8925 1.0195
4 2.07 2.222
6 0.39 0.3457
5 1.215 1.2165
7 2.43 2.5874
5 1.6725 1.7681
6 1.02 0.9731
6 1.0725 1.1173
6 2.3175 2.4932
4 1.185 1.1862
5 0.075 0.4328
7 1.335 1.3297
4 1.365 1.5153
4 1.215 1.1611
5 2.2125 1.8831
6 1.9875 2.0992
4 2.5425 2.1392
6 1.575 1.5585
7 1.3575 1.3062
7 1.725 1.816
6 0.4575 0.4331
7 1.8 1.7309
7 2.7075 2.7594
5 0.21 0.4162
7 2.4525 2.2534
7 1.005 0.9619
6 1.2375 1.2546
5 2.34 2.7242
7 1.965 2.0099
6 0.7875 0.6252
5 2.805 2.5013
6 0.3225 0.4397
5 0.9075 0.7363
5 2.67 2.6472
6 2.46 2.5194
4 1.455 1.3323
5 1.5525 1.6826
7 1.4325 1.4041
5 1.3425 1.2806
5 2.3775 2.6128
4 0.315 0.5908
6 2.9175 2.6259
4 2.79 2.3155
6 1.4025 1.4038
5 1.9125 1.9669
7 0.105 0.5513
5 1.6275 1.5358
5 2.5725 2.5792
6 2.655 2.671
7 2.9475 2.6517
6 1.98 2.0315
4 0.915 0.4707
7 0.0525 0.2128
5 1.665 1.6631
7 0.15 0.189
7 2.895 2.7855
7 2.4675 2.6704
6 1.38 1.3423
4 0.645 0.4212
5 2.4 2.6537
7 2.52 2.6948
6 0.3075 0.5321
5 0.6675 0.4058
6 1.575 1.7249
5 1.38 1.3224
7 0.66 0.6232
5 0.1725 0.3303
6 0.645 0.5419
5 1.1025 0.9434
7 0.2475 0.329
4 1.3575 1.1506
5 2.1975 2.1994
6 2.5725 2.6729
6 2.415 2.4955
6 1.305 1.2816
4 1.3875 1.4486
4 0.9075 1.1239
7 0.96 0.9087
5 2.265 2.4695
4 2.5875 2.3346
6 1.635 1.7734
5 2.6925 2.5898
6 0.525 0.73
4 0.9825 0.576
5 1.2825 1.3431
6 2.145 2.1708
6 0.5925 0.2089
5 1.1475 1.2061
5 2.97 2.6148
7 2.6025 2.5795
4 2.505 2.693
4 2.6775 2.5431
4 0.8775 0.3209
6 1.005 1.079
7 2.2725 2.4011
4 2.2275 2.2133
7 0.72 0.7633
7 0.1575 0.3037
7 1.695 1.7158
5 2.865 2.4188
4 1.5225 1.753
6 2.0475 2.1805
4 2.5425 2.5773
4 0.9075 0.6905
6 0.06 0.3851
5 1.98 2.1577
6 0.4125 0.4722
7 1.4325 1.3225
6 1.7025 1.7968
6 1.2825 1.3859
6 1.95 1.9279
5 2.37 2.7733
4 0.1875 0.4349
4 1.3575 1.4484
7 0.03 0.1375
6 0.33 0.2688
4 1.38 1.6676
7 0.465 0.406
7 2.16 2.2737
6 0.36 0.2864
4 1.17 1.2912
6 0.1725 0.2652
7 1.65 1.5927
6 1.7175 1.7246
7 1.695 1.7501
4 0.855 0.8259
6 0.3 0.4312
5 0.195 0.2642
6 1.6275 1.689
6 2.25 2.0965
5 1.785 1.8294
6 2.7075 2.7392
6 1.395 1.3169
4 0.3825 0.4703
6 2.7975 2.7525
5 1.8975 1.9739
7 0.495 0.2803
4 0.09 0.5223
4 1.965 1.719
7 2.5125 2.4994
5 2.895 2.6725
4 0.0225 0.3574
4 0.7575 0.6583
4 1.335 1.3704
5 2.7375 2.7016
5 2.2725 2.2808
4 0.5475 0.5962
7 1.77 1.839
5 1.02 1.162
5 1.2 1.1891
6 0.135 0.3071
7 0.6225 0.5472
6 1.0275 0.9581
4 0.15 0.6042
4 2.61 2.6091
7 2.4525 2.4302
7 1.635 1.571
4 1.83 1.9388
5 2.4975 2.5771
4 2.8125 2.6086
6 1.065 1.1578
6 1.05 0.9849
5 0.8175 0.5211
4 1.2525 1.3442
6 2.5275 2.5928
4 0.165 0.4525
5 1.1325 1.0767
7 0.4425 0.2543
7 2.835 2.7487
6 2.67 2.7722
7 0.0075 0.2866
6 0.555 0.4005
7 1.83 1.8138
6 1.65 1.7007
6 2.5875 2.7333
4 2.1825 2.4718
7 0.0975 0.2279
6 1.4625 1.4094
6 2.6025 2.6882
5 0.9675 0.9062
4 1.7175 2.0475
7 1.9875 1.9528
4 2.1375 2.4644
5 1.95 1.9756
5 0.6675 0.4112
5 2.7675 2.5947
6 2.7075 2.8158
4 2.1675 1.9947
4 1.6725 1.9094
6 1.6725 1.5721
4 1.92 1.9831
6 0.705 0.4275
5 1.9125 1.89
5 2.9475 2.6118
4 0.375 0.4206
4 2.325 2.4773
7 1.005 1.0753
5 2.7525 2.2163
5 1.875 1.8777
5 0.105 0.2815
4 2.8575 2.5474
6 1.2675 1.3164
4 0.525 0.5675
7 1.38 1.3968
4 1.1775 1.1528
4 2.73 2.691
4 1.5975 1.5548
4 0.975 0.5494
4 0.96 1.0536
4 1.215 0.8702
4 2.1 2.5988
7 0.3075 0.383
6 2.31 2.3104
7 0.945 0.9193
7 0.1875 0.2076
7 1.6575 1.4893
7 0.075 0.1627
5 2.9775 2.6305
4 0.0 0.5391
5 1.7325 1.822
7 0.57 0.649
4 2.265 1.9235
5 2.265 2.6548
6 0.78 0.6492
5 1.9125 1.8856
5 1.53 1.4209
5 0.555 0.3219
6 2.0925 2.0916
5 2.46 2.5708
6 2.1825 2.2441
7 2.865 2.6888
4 1.2675 1.4205
4 1.845 1.7881
7 0.4125 0.2614
5 1.9125 2.0462
7 1.845 1.9699
5 0.4275 0.8464
6 1.155 1.1154
5 0.5775 0.1383
5 0.615 0.4641
7 0.6075 0.6368
4 1.0875 1.2699
4 1.0125 0.9258
4 2.34 2.2728
6 1.38 1.4225
7 2.955 2.7927
4 2.8125 2.3902
7 0.015 0.2581
7 0.3675 0.4159
5 1.2 1.4642
7 2.2725 2.2186
6 1.4925 1.5505
5 1.1025 1.0029
5 2.4 2.2448
5 2.9325 2.6139
4 1.23 1.2452
6 0.105 0.3326
5 1.5825 1.6649
4 2.415 2.4444
7 0.2025 0.3254
6 0.9525 0.9358
4 0.1575 0.4547
6 0.12 0.3721
7 0.57 0.5759
6 1.5675 1.6592
4 2.0475 2.159
5 1.08 1.1228
5 1.56 1.597
5 0.5475 0.3416
4 2.16 2.3078
7 2.4975 2.5278
6 0.915 0.9892
7 1.1325 1.1178
4 0.1725 0.3845
6 0.5625 0.3104
6 1.47 1.4527
5 2.1 2.1402
7 2.2425 2.2177
5 2.13 2.6575
5 1.2225 1.1655
7 2.385 2.5131
6 1.3125 1.3266
5 0.075 0.2815
5 2.28 2.649
6 2.1075 2.1758
5 1.4475 1.4783
4 2.0325 1.9687
4 0.21 0.4919
4 2.52 2.4166
7 1.6575 1.7105
6 2.4075 2.7036
7 2.985 2.7217
6 2.1825 2.2719
4 0.1875 0.3283
5 1.905 1.6702
5 0.135 0.3872
6 0.9 0.8461
4 0.1575 0.4916
7 0.51 0.5012
4 2.415 2.5745
4 0.48 0.9945
4 2.73 2.5575
5 0.69 0.3554
5 1.4775 1.4154
4 1.8 1.92
5 1.9125 2.0258
5 1.5375 1.6491
5 1.8075 1.918
4 1.74 1.8706
4 0.1275 0.4015
5 1.47 1.5703
7 1.935 1.9009
5 2.3775 2.523
7 0.8325 0.8827
4 0.24 2.141
6 1.725 1.6232
4 0.2175 0.474
4 0.225 0.3851
5 1.0125 0.9219
7 1.9725 1.8985
4 2.6625 2.5803
5 0.3225 0.3123
7 0.765 0.6796
4 2.28 2.5706
7 1.2225 1.2139
6 1.4625 1.5595
6 2.2425 1.9615
6 0.2625 0.2652
5 2.13 2.2458
6 2.3175 2.2777
5 2.385 2.7781
4 2.7075 2.4414
5 0.3075 0.3236
5 0.165 0.2634
6 0.0975 0.234
4 1.9425 2.3625
5 2.0925 2.6034
6 2.8125 2.7195
4 1.4925 1.786
4 1.6725 1.7366
6 0.99 0.8979
7 0.0 0.1843
4 0.015 0.3712
7 0.3525 0.4175
5 0.2475 0.2799
7 1.095 1.1412
7 1.65 1.6774
6 0.4425 0.3475
7 1.935 1.9138
6 1.275 1.1414
4 2.0625 2.5977
7 1.335 1.4002
6 2.88 2.6166
6 1.905 1.992
5 0.39 0.4297
4 2.295 0.7752
4 2.37 2.5282
6 1.74 1.7854
4 2.1975 2.2105
5 2.6025 2.7019
6 0.4425 0.5491
7 2.655 2.6577
7 2.94 2.7543
5 0.375 0.5394
6 1.98 2.0252
7 1.575 1.584
7 0.42 0.2448
7 0.885 1.0203
4 2.4525 2.2314
7 2.025 2.0248
5 2.175 2.1016
7 1.3425 1.2661
4 1.095 0.6391
5 1.4025 1.3202
4 2.805 2.6318
4 2.3625 2.5455
7 0.015 0.3391
5 2.9025 2.5668
5 2.73 2.6521
5 1.7475 1.5507
5 2.7075 2.6112
7 1.65 1.6396
6 0.1125 0.3383
4 0.4275 0.5332
4 1.3575 1.0444
4 1.005 0.7726
4 1.1175 0.8102
4 2.7675 2.5856
6 1.02 1.0051
6 1.605 1.5725
7 2.52 2.7118
5 1.92 1.9337
7 1.08 1.3245
5 2.1525 2.4282
4 2.715 2.4375
6 1.1775 1.2152
4 1.245 1.1715
7 1.605 1.6521
6 2.9175 2.6908
5 1.5525 1.6126
7 0.3225 0.1833
6 2.9625 2.6715
4 2.2875 2.6945
4 0.7575 0.3907
5 1.98 2.2124
7 1.275 1.3049
4 1.6575 1.829
5 0.9825 0.8803
6 0.435 0.1921
4 0.825 1.0132
7 0.555 0.1643
6 1.905 1.8407
4 1.05 0.6895
6 1.455 1.491
6 2.3175 2.6425
4 1.095 0.7787
7 2.58 2.5245
5 0.5175 0.2664
5 1.83 1.6299
6 0.4875 0.3938
4 2.7975 2.5003
4 0.405 0.5094
7 0.495 0.2049
6 0.0225 0.3011
6 1.845 1.8571
7 1.92 1.8029
6 1.5525 1.4795
4 1.395 1.783
4 1.41 1.1417
7 0.2775 0.162
6 1.4775 1.5699
4 2.3625 2.3583
4 1.965 2.4093
6 1.92 1.9668
7 1.23 1.2829
5 2.6625 2.6728
4 0.8175 0.4648
6 1.785 1.7208
6 1.6875 1.666
6 0.4875 2.6715
7 1.35 1.3295
5 1.7775 1.6328
6 1.4475 1.5784
4 1.6875 1.6304
7 1.125 1.0819
7 0.2475 0.2537
6 2.085 2.0733
4 1.47 1.5492
5 1.5075 1.5567
5 0.03 0.4335
7 2.835 2.657
5 0.48 0.6361
4 0.39 0.5105
6 0.8625 0.7753
4 2.67 2.6291
6 1.1475 1.2121
7 1.38 1.3854
6 1.9275 1.9468
4 2.6925 2.4616
5 2.9175 2.619
6 1.665 1.6054
6 1.2375 1.1987
4 1.5225 1.4867
4 0.63 0.408
7 2.49 2.6756
6 0.0525 0.2546
6 0.7875 0.6829
5 0.9675 0.8271
7 2.325 2.4859
7 1.425 1.5013
4 0.78 0.7742
7 1.5075 1.5465
4 1.1475 1.3368
6 0.09 0.3125
5 2.3175 2.5994
6 0.5325 0.2401
7 0.5175 0.5066
5 2.2725 2.5924
6 1.8075 1.6774
6 2.6475 2.6828
7 1.05 1.0587
6 0.4575 0.329
6 0.885 0.9054
7 2.5425 2.77
6 2.2125 2.2682
4 0.5475 0.4007
7 0.9825 1.1167
6 0.045 0.2443
7 1.62 1.6239
5 0.2025 0.4825
7 0.5775 0.5318
6 1.2975 1.3307
4 2.325 1.8405
5 2.58 2.507
4 2.205 2.3303
5 0.51 0.7391
6 0.135 0.4049
5 2.2575 2.475
4 0.6 0.4912
7 1.6125 1.5813
4 0.495 0.3981
7 1.8675 1.8478
7 1.8675 1.9451
7 1.365 1.3983
6 0.9075 0.8511
5 0.99 0.8876
6 0.0225 0.2238
6 1.9725 1.9894
7 0.0525 0.3634
7 2.5575 2.5446
6 1.8825 1.8478
7 1.9275 1.9047
7 2.505 2.7286
6 1.0725 0.9214
7 1.68 1.6008
7 0.1875 0.2626
6 1.29 1.3131
6 0.525 0.5939
6 1.8825 1.8473
7 1.4025 1.3453
6 0.4425 0.5134
7 2.3025 2.4271
5 2.745 2.5643
6 1.605 1.6278
7 2.1075 2.2327
7 1.4175 1.451
4 0.6525 0.6285
4 1.8375 1.7968
4 1.53 1.4984
6 2.475 2.6115
4 2.655 2.6835
7 2.895 2.7275
7 0.3075 0.4829
7 2.055 2.1091
4 0.5625 0.5007
7 2.6625 2.7717
6 1.4625 1.425
4 2.685 2.5597
6 0.765 0.2899
7 0.7575 0.6811
5 2.325 2.1963
7 1.1025 1.2338
4 1.425 1.4761
4 0.1275 0.3842
5 0.7575 0.4029
4 2.1 2.6073
6 2.3175 2.274
4 1.65 1.6251
4 1.1325 0.9665
5 1.47 1.4611
6 1.59 1.561
6 2.3775 2.7749
5 1.9275 1.8958
6 0.1575 0.2405
7 1.5075 1.5152
4 0.15 0.3686
6 0.6825 0.4924
7 0.345 0.147
4 0.225 0.3732
5 1.77 1.7808
5 2.6775 2.6584
4 0.795 0.5954
5 1.7325 1.8112
6 1.59 1.6166
4 0.33 0.3809
6 2.34 2.3566
7 1.9125 1.9124
7 1.725 1.6799
5 2.5125 2.6427
7 1.0875 1.0468
4 2.325 2.1389
6 2.5575 2.7537
7 1.6425 1.6075
5 1.89 1.8417
5 1.1925 1.2497
7 0.5175 0.2905
4 0.9075 1.1219
7 1.02 1.048
7 1.77 1.8044
6 2.6175 2.6555
5 1.2675 1.3767
7 0.6075 0.5415
7 2.265 2.3022
6 2.46 2.5489
4 1.0125 0.5151
7 2.1975 2.1173
5 0.2925 0.4264
6 2.7375 2.7665
5 1.7175 1.7842
4 2.8575 2.231
7 1.8 1.7871
5 1.2525 1.2569
7 1.59 1.715
6 2.52 2.5596
6 2.4 2.7189
6 0.1875 0.4032
4 1.6425 1.6349
7 2.52 2.6698
6 2.7075 2.75
7 2.22 2.209
4 2.3325 1.8978
4 0.12 0.3883
5 0.3975 0.3249
6 2.055 2.1615
4 1.26 1.3162
5 1.485 1.3963
5 0.45 0.6403
7 1.38 1.4122
5 0.405 0.4763
5 2.91 2.6955
5 1.4175 1.5013
6 1.305 1.2783
7 0.3975 0.5752
7 2.8875 2.745
7 0.0075 0.271
7 0.8025 0.7347
4 1.2975 1.4054
4 0.2475 0.4056
5 0.0825 0.4396
7 0.8925 0.9059
5 2.91 2.5629
6 2.8725 2.5408
4 0.585 0.7972
5 2.145 1.9978
6 0.66 0.1594
4 1.32 1.4364
7 2.355 2.4975
4 1.0275 1.2782
5 1.65 1.592
5 0.9975 1.0272
7 1.0875 1.1192
6 0.6225 0.349
5 0.9825 0.899
5 1.7625 1.6937
4 0.2775 0.4556
4 1.7775 2.241
7 1.11 1.1135
4 2.715 2.684
5 1.425 1.4767
7 2.3925 2.2766
5 2.9925 2.6346
4 0.8625 0.7966
5 1.3725 1.2453
6 1.9575 1.8435
4 1.365 1.1664
7 2.04 2.0635
4 1.275 1.1904
5 2.0925 1.8216
7 2.895 2.7698
6 1.59 1.6391
7 2.5125 2.5414
6 2.5425 2.662
6 0.0675 0.422
4 1.9275 2.3419
6 0.5625 0.6749
7 2.0925 2.3179
5 0.7575 0.4334
7 2.9925 2.7914
5 0.8925 0.6021
4 1.26 1.3834
4 1.5375 1.708
7 1.905 1.9309
7 2.7825 2.8677
6 1.1025 1.0927
4 0.1875 0.4984
7 2.2125 2.2247
5 2.58 2.612
5 1.4325 1.4185
6 1.74 1.8558
6 0.405 0.3264
5 0.9225 1.0404
4 0.465 0.4613
7 1.065 1.1464
7 2.5725 2.4157
7 0.105 0.1001
6 2.2725 2.4165
5 1.1775 1.1891
6 0.69 0.3825
4 2.6025 2.6729
5 0.96 1.0532
5 2.7975 2.6119
4 2.595 2.5812
6 1.845 1.9441
5 2.9625 2.5767
5 2.895 2.7557
6 1.185 1.1074
4 1.56 1.5234
5 1.4925 1.5469
5 1.71 1.7837
5 2.91 2.6698
4 2.0325 2.2049
5 1.1025 0.9722
5 2.8425 2.7383
6 2.685 2.7326
5 0.8325 0.8946
7 2.355 2.3729
6 1.8075 1.8718
7 0.5775 0.5682
7 1.3425 1.3202
7 2.07 2.1019
4 1.68 2.0964
6 2.1975 2.0989
6 2.5275 2.4886
6 1.605 1.6889
4 0.75 0.3936
6 2.6325 2.6848
5 1.365 1.3916
5 2.025 2.17
7 2.3775 2.3837
5 0.7875 0.8609
4 1.32 1.24
5 1.7325 1.819
6 1.1925 1.2447
4 0.975 0.6828
5 1.1175 0.9274
4 1.53 1.86
6 1.845 1.7651
4 0.0525 0.3643
5 2.3175 2.3487
5 2.76 2.7066
5 1.98 2.0644
6 0.3825 0.2717
4 2.55 2.4867
4 0.24 0.4344
6 0.4125 0.4188
6 2.8875 2.6968
6 0.4425 0.2378
6 1.95 1.9478
4 2.2125 2.3814
5 0.3525 0.5528
7 1.6275 1.6071
7 1.3125 1.2947
6 1.0725 1.1726
5 0.195 0.3508
6 2.355 2.2418
4 2.5575 2.6067
6 2.4075 2.3375
6 2.505 2.463
6 0.0675 0.3106
5 0.7425 0.5687
5 0.3825 0.465
7 2.34 2.3364
4 1.56 1.529
5 2.0925 2.1185
4 2.97 2.3989
5 2.505 2.6546
4 1.7475 1.7564
7 2.025 2.1018
4 0.315 0.3854
5 2.7975 2.6162
7 2.37 2.5462
5 1.8975 1.8378
6 1.95 2.0921
5 2.2725 2.6105
5 1.11 1.2422
4 1.2975 1.3207
7 2.46 2.5265
6 1.5825 1.6772
7 1.6575 1.5845
7 0.375 0.2831
4 2.9775 2.6023
7 0.375 0.156
4 1.005 0.7545
6 0.465 0.7288
6 0.3225 0.476
4 0.8325 0.4952
4 1.845 1.7027
4 2.6325 2.3018
7 2.49 2.5473
7 0.7125 0.76
6 0.21 0.3662
6 1.8075 1.758
7 1.3875 1.35
5 0.1275 0.3586
7 2.055 2.1382
6 2.8275 2.7719
5 0.2175 0.4007
6 2.355 2.3973
6 0.8625 0.7648
4 1.8975 2.4746
4 0.6075 0.4543
5 0.8775 0.5624
7 0.81 0.7801
4 0.54 0.4994
6 1.335 1.2337
5 1.9875 2.0739
6 2.64 2.7191
7 1.71 1.6995
7 1.7925 1.9701
6 2.505 2.6954
7 0.8625 0.8698
7 1.86 1.9578
5 0.315 0.3579
4 0.21 0.3326
7 1.6875 1.6235
6 2.865 2.7667
7 1.3425 1.3266
6 2.82 2.7316
4 2.0475 2.2198
6 2.0775 2.0489
7 0.945 0.9121
6 2.1075 2.1804
4 0.975 0.4336
4 1.83 1.9089
6 2.325 2.3418
5 1.26 0.973
5 0.4125 0.2577
6 1.755 1.6572
5 0.9375 0.8361
5 0.4125 0.6426
4 1.7475 1.6516
7 0.855 0.7159
6 0.6975 0.4696
7 0.3525 0.3695
7 2.4 2.3986
4 1.1025 1.0854
6 0.345 0.3718
7 2.2425 2.4249
5 0.9375 0.9018
5 1.2075 1.2419
4 2.8575 2.6911
4 2.4825 2.6494
5 2.715 2.6203
7 2.445 2.631
6 0.54 0.2924
5 0.465 0.3369
7 0.435 0.318
4 0.27 0.9624
4 1.2675 1.2133
4 1.2075 1.1571
6 0.06 0.4299
4 2.4825 2.5649
4 2.1375 1.9535
7 2.4525 2.6267
5 0.4425 0.6398
6 1.395 1.3833
6 2.0175 2.1625
4 1.1775 1.1529
4 0.8925 0.6863
4 0.4275 0.382
4 2.4825 2.599
7 2.745 2.6156
7 0.045 0.1919
6 2.28 2.5325
5 0.7125 0.9408
6 2.5125 2.619
5 0.4725 0.358
5 1.3725 1.2457
4 0.6525 0.5953
7 0.9975 0.9666
5 0.5925 0.4794
7 0.435 0.4009
6 0.7275 0.9894
6 1.2675 1.3702
5 1.62 1.3536
7 2.175 2.1841
5 1.545 1.6036
6 1.0875 1.01
5 1.4025 1.3452
7 1.4625 1.4983
7 2.9025 2.8081
4 2.235 2.5022
6 1.5975 1.5617
4 0.555 0.725
5 0.195 0.276
4 1.635 1.7388
5 0.4125 0.33
5 1.965 1.8879
5 2.6025 2.4728
6 2.5875 2.5333
7 2.055 2.0137
5 1.8825 1.9054
5 1.905 1.9344
7 1.2375 1.2457
5 0.465 0.3356
4 0.225 0.468
5 0.315 0.45
4 1.9725 2.3535
5 2.805 2.758
7 0.6525 0.6494
6 0.2625 0.3694
4 2.3925 2.1991
7 0.4125 0.2736
5 2.8575 2.278
7 0.96 0.9471
7 1.62 1.6666
4 0.63 0.5401
5 1.2075 1.2719
4 2.2575 2.4787
4 0.69 0.8284
7 0.135 0.2823
4 1.8825 2.1041
5 0.5475 0.236
6 0.105 0.3359
6 2.52 2.6444
7 1.8075 1.8306
5 2.775 2.683
5 2.9925 2.6493
7 0.7875 0.86
5 0.9375 1.0996
7 0.5175 0.5001
6 2.3475 2.417
5 1.995 1.8246
7 0.2925 0.2741
5 1.125 1.0775
4 0.0675 0.411
4 1.08 0.7841
5 1.095 1.0035
6 0.42 0.3065
4 2.0025 2.2843
7 0.51 0.2292
6 0.7425 0.5207
7 2.0925 1.9392
5 2.04 2.123
7 1.9425 1.9885
4 0.8475 0.7155
4 2.415 2.5917
7 2.775 2.7028
5 1.8825 1.9832
5 0.36 0.4659
4 0.75 0.5387
6 1.7775 1.7724
4 0.105 0.4932
5 2.715 2.7299
5 1.44 1.6144
5 1.3275 1.4593
5 0.66 0.7504
6 2.9625 2.45
6 2.7 2.606
4 0.3525 0.6385
5 0.3825 0.4043
7 1.4775 1.5046
4 1.1475 0.8733
4 1.08 0.8499
7 1.35 1.2823
4 1.995 2.1774
7 0.1425 0.1831
7 1.125 1.2524
4 1.74 1.7567
7 0.6225 0.6826
5 1.695 1.523
4 2.49 2.2305
4 1.4175 1.3998
7 0.6075 0.5382
4 1.605 1.4858
7 2.3475 2.2423
7 2.895 2.6897
6 1.725 1.7215
4 2.49 2.5777
5 1.7325 1.8948
7 1.065 1.0589
5 0.5175 0.3914
6 0.5625 0.3603
4 0.36 0.4838
5 1.905 1.8929
6 1.905 1.8519
5 2.4375 2.2758
6 2.8425 2.739
4 2.415 2.6199
7 0.6525 0.5297
5 1.7925 1.6873
7 2.205 2.1971
7 0.9675 1.0528
7 1.5525 1.5902
4 2.775 2.4445
5 0.6 0.4178
4 1.14 1.1306
4 0.1575 0.42
6 2.6025 2.5879
4 0.3375 0.5152
7 0.465 0.1933
6 0.99 0.9687
4 0.18 0.5294
5 1.7775 1.7184
5 2.6625 2.6539
6 1.92 1.9424
6 0.5775 0.7275
6 2.3325 2.5483
7 2.04 2.2514
5 0.4275 0.6815
6 1.7475 1.7879
4 1.89 1.6913
7 0.105 0.3144
6 1.2 1.1286
7 2.5425 2.4936
7 1.125 1.1513
5 2.1 2.3554
4 2.7225 2.5689
6 2.2875 2.215
7 2.535 2.8147
5 1.89 2.0635
7 2.5575 2.783
4 0.6375 0.6443
5 0.3525 0.5879
7 1.3575 1.3858
4 0.21 0.4368
5 1.3425 1.2742
6 1.5 1.3661
5 0.27 0.4751
4 2.595 2.7138
7 2.3625 2.3125
4 2.355 2.4141
5 0.375 0.3349
5 1.3425 1.2749
5 0.2925 0.3227
5 0.4425 0.5763
5 1.5225 1.3298
6 0.9375 0.9808
5 1.7475 1.5094
4 2.43 2.6639
5 1.17 1.1295
4 2.79 2.5956
5 0.825 0.36
7 2.25 2.1281
4 1.53 1.6122
6 1.455 1.6685
4 0.6525 0.688
5 1.1325 1.0155
7 2.7075 2.7047
4 1.1025 0.7049
5 0.0975 0.2866
5 2.4375 2.5128
5 1.095 1.4185
4 2.7675 2.5132
4 0.4275 0.7497
6 1.005 0.9952
4 1.9275 2.0377
6 0.84 0.8516
6 1.2075 1.091
6 0.84 0.7588
7 0.765 0.9193
6 1.0725 0.9875
6 0.18 0.293
6 1.725 1.6412
5 2.0325 1.8454
4 2.6025 2.3392
5 0.4125 0.2993
5 2.4375 2.5629
6 1.4775 1.5243
6 0.63 0.5929
7 2.28 2.2718
6 2.4525 2.4133
6 2.2875 2.4403
7 1.65 1.7378
5 0.915 1.024
7 1.9425 1.969
7 2.3025 2.356
6 1.815 1.8823
6 1.4175 1.3812
4 1.515 1.3131
4 0.18 0.5974
6 2.385 2.4732
6 2.835 2.8314
5 2.6625 2.5801
5 1.995 1.9995
7 1.1325 1.2186
4 1.845 2.2282
4 1.38 1.3501
7 0.8625 0.8975
6 0.2025 0.1637
6 0.1575 0.2735
7 2.37 2.7064
4 2.4675 2.5921
7 1.365 1.427
4 2.9325 2.6201
6 2.5425 2.6028
4 0.2925 0.3644
5 2.5125 2.6856
4 0.81 0.47
6 2.8725 2.6419
4 1.4025 1.565
4 0.15 0.3386
7 2.4075 2.5235
4 1.3575 1.4803
6 0.225 0.2888
4 1.8375 1.7443
6 0.06 0.2546
6 0.1575 0.4487
5 0.405 0.3161
4 0.06 0.4073
6 1.23 1.2394
4 1.53 1.6856
6 2.6475 2.7598
7 1.2975 1.2959
5 1.185 1.0911
5 1.23 1.2794
6 0.9075 1.0592
5 2.76 2.6397
6 2.85 2.6401
7 2.16 2.2397
6 2.4225 2.3279
7 1.5525 1.5681
4 1.74 1.7817
6 1.89 1.9476
7 2.9775 2.7834
7 0.6825 0.6388
7 1.05 1.063
7 1.275 1.1568
7 0.21 0.2935
7 2.7075 2.8697
6 0.045 0.2534
6 0.36 0.2006
5 2.5125 2.2309
7 1.605 1.6837
4 1.1175 1.1718
7 0.1425 0.2958
7 1.455 1.442
5 0.4275 0.4302
5 2.04 2.2102
5 2.52 2.4197
5 2.97 2.689
6 0.6825 0.5154
7 0.9375 1.0225
6 0.435 0.3636
5 0.8175 0.4879
4 2.955 2.358
4 2.2275 2.5926
4 0.795 0.8076
4 2.07 2.312
7 2.07 2.0247
4 2.5575 2.4713
6 2.1075 2.1872
7 0.645 0.6696
5 0.0675 0.7079
5 1.95 1.939
6 0.2775 0.4099
6 0.0675 0.2813
4 2.58 2.7152
7 2.025 2.0566
5 0.7125 0.2761
4 1.8075 2.1003
6 0.7575 0.6464
6 1.935 1.8844
5 0.06 0.4009
6 0.075 0.2924
6 2.4375 2.5056
4 1.6875 1.9281
4 1.8825 1.9605
6 2.085 2.1411
6 1.17 1.0216
4 2.8125 2.5972
4 0.63 0.5698
7 2.175 2.1931
6 2.16 2.0333
7 2.37 2.4155
7 1.005 1.0415
7 2.895 2.8328
5 1.8375 1.8284
6 1.77 1.8078
6 0.48 0.3175
4 2.5125 2.603
6 1.5075 1.5736
6 2.58 2.7471
6 1.6425 1.7014
4 1.9425 2.4363
4 1.3575 1.3863
7 0.6375 0.5904
6 2.8575 2.7445
4 1.74 1.8674
5 2.835 2.5582
5 0.1875 0.4054
5 1.29 1.3297
6 2.7975 2.6538
7 0.8325 0.7681
7 2.0475 2.1056
4 0.9075 0.8919
6 0.7875 0.7567
6 2.8125 2.422
4 0.9525 1.1809
5 1.785 1.724
7 1.695 1.7359
5 2.0175 2.0796
7 2.6325 2.6241
4 0.0375 0.3224
4 1.44 1.419
6 1.4325 1.3313
5 2.43 0.9713
6 1.53 1.4834
5 1.5075 1.6
5 2.97 2.6691
7 2.8125 2.7507
5 0.375 0.3895
5 0.15 0.2639
5 0.81 0.5995
4 2.655 2.2964
4 1.005 0.8716
5 0.2625 0.2213
5 0.8625 0.4591
5 0.0075 0.3901
5 0.66 0.4934
5 1.575 1.6059
4 1.9425 2.1827
4 0.5625 0.6077
5 1.83 2.054
7 1.7175 1.7082
7 1.2675 1.3061
6 2.61 2.5265
4 1.7175 1.6123
5 2.9025 2.6262
5 1.695 1.5372
5 0.1275 0.7051
6 1.6575 1.5662
4 2.5725 2.2718
5 0.0975 0.6922
7 2.3025 2.5373
5 2.775 2.6127
6 0.375 0.2573
7 0.5175 0.4096
4 1.9875 2.4005
7 2.0775 2.0247
6 0.42 0.3229
7 1.4175 1.3282
4 1.6725 1.6557
4 2.1825 2.6596
4 2.535 2.6093
5 1.515 1.4741
5 1.23 1.1461
4 2.5125 2.4111
6 0.9225 0.9515
5 1.95 2.0235
5 2.385 2.6018
6 2.19 2.007
5 2.6325 2.3361
6 0.5325 0.1743
7 0.6825 0.5141
4 1.4625 1.4517
4 0.2775 0.3966
6 1.245 1.1507
7 2.535 2.7585
7 0.57 0.5932
5 0.075 0.2763
4 0.4725 0.5631
5 1.3575 1.4221
6 1.71 1.7319
5 1.155 1.1586
7 2.1525 2.1901
7 0.225 0.2086
7 0.93 0.9368
5 1.14 1.1607
7 2.2125 2.199
6 2.2725 2.2914
6 1.08 1.0581
5 1.59 1.6321
6 0.6675 0.7393
4 1.5825 1.3199
6 1.3575 1.3528
4 0.795 0.777
5 2.7675 2.7314
5 1.6725 1.7231
7 1.395 1.3188
5 0.0075 0.3127
6 1.7475 1.797
5 2.1375 2.2523
4 0.4425 0.2216
5 1.2975 1.2078
4 0.195 0.3868
6 2.5275 2.4119
5 2.475 2.4722
6 0.225 0.3845
6 2.8425 2.7045
7 2.205 2.2474
4 1.5675 1.4842
7 2.3325 2.4068
5 0.855 1.0831
6 2.565 2.3863
6 1.4625 1.4935
4 2.0775 2.3096
6 2.1375 2.1529
6 0.27 0.4251
5 1.4025 1.5906
5 1.575 1.4718
5 1.29 1.2634
7 0.8625 0.8874
4 1.005 0.6119
6 2.055 2.1103
5 0.54 0.3474
4 1.2375 1.4084
6 2.94 2.7401
5 1.1325 1.0811
5 2.7825 2.8096
6 2.865 2.5742
7 0.8175 0.961
4 2.58 2.3084
4 1.41 1.3297
4 0.195 0.3991
6 0.045 0.27
5 2.1375 2.1457
7 2.475 2.4373
6 2.67 2.5632
4 1.6425 1.4766
7 1.8975 1.9256
7 2.565 2.6634
4 1.545 1.5271
7 1.6275 1.6213
4 2.0025 2.1878
4 1.5675 1.5045
5 2.8875 2.5618
5 1.5675 1.6445
5 1.095 1.1474
6 2.625 2.7286
4 1.6425 1.9404
5 2.31 2.8242
5 0.0525 0.5631
6 2.895 2.7701
6 0.9975 1.0206
7 2.82 2.833
5 0.2025 0.3604
7 2.9925 2.8133
5 0.9825 0.9326
7 2.9625 2.5806
5 2.775 2.7229
7 0.9825 1.0701
5 0.465 0.6705
5 2.9775 2.6711
6 2.235 2.2453
6 1.155 1.2104
6 0.9675 1.0573
5 0.18 0.2697
5 2.415 2.527
5 0.495 0.2646
6 0.3075 0.2457
7 1.2 1.2195
7 2.385 2.4284
4 1.305 1.3305
5 0.6675 0.401
4 0.2025 0.5626
7 2.4 1.768
7 2.8425 2.7258
6 2.5725 2.5142
7 0.6975 0.8396
5 2.4075 2.5205
4 2.31 2.3272
5 1.305 1.2046
5 2.9475 2.4774
5 0.78 0.9434
7 1.665 1.729
5 2.745 1.6523
4 2.1975 2.2421
4 2.865 2.5781
6 0.6225 0.3355
5 0.0 0.4788
7 2.115 2.1061
4 0.465 0.5078
5 1.68 1.5226
7 1.6125 1.5882
5 0.0375 0.3011
7 1.68 1.7007
5 2.2575 2.4181
5 1.8225 1.8443
4 2.985 2.5142
7 2.4 2.4177
7 1.68 1.7062
7 2.7975 2.7879
4 1.8675 2.0994
7 0.8625 1.0144
6 0.6975 0.3739
6 0.975 0.8606
7 0.405 0.5986
7 1.2975 1.2277
6 0.525 0.6018
4 0.7275 0.8626
6 0.9375 1.085
5 1.8 1.7543
7 2.3175 2.3876
6 0.81 0.5088
5 0.06 0.8037
5 1.6275 1.6529
7 1.7175 1.74
6 0.435 0.813
5 0.66 0.3477
4 0.54 0.4516
4 1.365 1.4495
6 0.72 0.7891
5 2.595 2.7342
4 1.2225 1.2045
7 0.3 0.3321
6 2.685 2.6936
7 0.9975 1.0691
4 0.615 0.5105
7 1.425 1.3419
6 0.675 0.3191
7 1.47 1.515
7 0.39 0.4881
5 1.6575 1.5234
4 1.7475 1.5731
5 1.89 1.7398
5 0.225 0.5464
7 1.0725 1.0109
5 1.2075 1.2782
5 1.3575 1.1944
7 0.6675 0.5757
4 0.6375 0.597
5 0.42 0.8316
7 0.0975 2.5189
5 2.7825 2.694
7 0.6675 0.6412
7 0.21 0.2368
4 2.6625 2.367
6 1.4325 1.4406
7 2.1075 2.1216
4 2.175 2.6609
6 2.4375 2.7367
6 0.9 0.9538
7 2.1 2.1394
7 2.16 2.0989
6 2.0175 2.1192
6 1.545 1.5393
6 0.375 0.7922
7 0.2475 0.15
5 1.98 2.1456
7 0.0525 0.2542
5 1.9125 1.94
6 1.935 1.9349
7 1.545 1.5429
6 2.3625 2.3269
5 1.71 1.8709
7 2.7675 2.9144
6 1.05 1.0739
5 1.4775 1.4503
7 1.26 1.2441
5 0.9075 0.4717
6 1.4625 1.583
6 0.8925 1.0159
4 1.035 1.1327
6 1.4775 1.457
7 0.855 0.7548
6 1.0725 1.198
5 1.02 0.7968
7 0.0825 0.2443
5 2.88 2.6273
7 1.68 1.707
5 2.34 2.4524
6 2.58 2.456
5 2.5875 2.6315
5 2.7225 2.283
4 0.93 1.1039
5 0.5325 0.5535
5 0.8475 1.0458
6 1.77 1.6718
4 1.0725 1.1654
4 1.02 0.8828
7 0.8175 0.7295
6 1.1025 1.032
5 0.975 1.1874
7 1.4625 1.3312
7 2.0025 2.0366
4 0.5175 0.6195
6 1.4025 1.4328
6 2.3625 2.4829
4 1.92 2.3702
4 2.7225 2.6503
5 2.8875 2.6393
5 0.03 0.2504
6 0.1575 0.4407
6 0.285 0.3834
7 0.2025 0.15
5 2.985 2.7458
4 2.9025 2.6104
7 2.91 2.7454
4 1.125 1.4712
4 0.0 0.467
7 2.1675 2.1711
7 1.485 1.5036
5 1.29 1.1771
4 2.8275 2.4601
6 1.545 1.5221
7 1.9875 2.0782
6 1.485 1.3955
7 1.5375 1.5659
7 2.46 2.5505
4 0.4425 0.7188
5 1.3425 1.3975
4 2.43 2.6129
7 0.405 0.1881
6 2.7525 2.6662
5 2.865 2.2835
5 0.255 0.3254
5 0.7875 0.5803
6 2.04 2.1463
6 1.605 1.5632
7 2.1 2.1154
4 2.1 2.1892
5 1.7475 1.6916
6 0.6525 0.5257
6 2.6775 2.8281
7 2.145 2.2034
4 0.2925 0.4917
7 0.045 0.2065
4 2.6625 2.6613
7 0.105 0.2714
7 1.0275 0.9675
7 0.6525 0.5842
6 0.5925 0.4685
6 1.2 1.1897
4 0.2475 0.4088
7 1.05 1.0165
4 1.5375 1.7722
7 0.5325 0.4424
7 1.32 1.2132
7 0.18 0.1528
7 2.46 2.7155
7 1.6875 1.5731
4 2.07 2.1591
4 0.09 0.3747
4 1.935 1.6717
7 0.03 0.5078
7 1.755 1.7179
6 2.1525 2.2345
5 1.1625 1.0814
6 2.445 2.5372
5 1.29 1.2255
4 1.5075 1.4869
4 0.99 0.7344
6 1.215 1.2781
7 0.96 0.9404
4 0.5625 0.7493
7 0.1275 0.2794
6 1.3575 1.4968
6 1.095 1.1799
5 2.49 2.4719
6 0.525 0.5013
4 2.76 2.5662
7 1.1925 1.2678
7 1.47 1.432
5 0.255 0.787
7 0.225 0.2114
7 1.35 1.2717
6 0.495 0.4222
7 0.8625 0.7593
7 0.8625 0.9509
4 0.2325 0.3741
7 1.575 1.4894
4 1.8225 1.5845
5 2.6475 2.3584
5 1.5075 1.4264
5 0.0525 0.502
4 0.315 0.3789
7 1.7625 1.6688
5 2.9475 2.5038
7 1.875 1.8477
5 2.5875 2.4303
4 1.5 1.2417
4 0.3225 0.4893
5 0.4425 0.4632
4 0.72 0.8707
4 2.625 2.5207
5 1.71 1.7809
5 1.6875 1.7746
5 2.3175 2.2108
7 0.855 0.8411
5 0.1275 0.4306
4 0.63 0.7467
6 1.86 1.9861
7 2.85 2.6989
7 1.95 1.9784
4 0.525 0.493
5 1.5525 1.6301
4 1.7475 1.459
4 0.0075 0.4185
6 2.625 2.4223
4 0.585 0.522
6 0.42 0.2376
7 0.45 0.3493
7 1.035 1.0265
5 0.7275 0.3103
7 0.465 0.2905
4 0.9525 0.5891
5 0.57 2.8706
4 1.65 1.7779
5 1.5525 1.6276
4 0.39 0.4443
7 1.56 1.5673
5 0.675 0.3629
5 1.3125 1.0954
7 1.6725 1.674
5 1.9425 2.0214
7 0.3675 0.3586
5 0.3525 0.3596
5 1.185 1.222
6 0.855 0.7064
4 0.1575 0.5114
5 1.785 1.829
6 2.025 1.9698
5 2.475 2.6922
6 0.75 0.7176
7 0.435 0.1747
6 2.655 2.6008
6 2.9775 2.7895
6 1.11 1.0311
4 1.275 1.3748
4 0.8175 0.804
7 0.0825 0.2176
6 2.2275 2.5989
7 1.9725 1.9738
6 2.6175 2.5179
7 0.18 0.3242
6 0.0525 0.316
5 2.7075 2.4929
6 1.9125 1.8486
4 1.4325 1.4955
7 2.745 2.5362
7 0.7575 0.7779
6 2.5275 2.7429
7 1.9575 1.905
4 0.96 0.2792
6 1.6575 1.6519
6 0.84 0.6998
7 2.8725 2.676
6 2.0775 1.9659
7 2.4825 2.6246
5 0.06 0.4301
7 1.32 1.3779
6 0.51 0.4721
7 0.7875 0.8474
6 1.755 1.833
4 0.9675 0.7817
6 0.465 0.2605
7 2.4 2.4926
5 2.3025 2.7036
6 2.5575 2.7753
5 2.715 2.4017
5 0.2625 0.436
5 2.7975 2.6348
7 1.575 1.6305
4 2.79 2.4861
4 0.99 0.9706
6 2.625 2.5794
5 2.37 2.7497
4 2.565 2.6105
6 0.3 0.1816
4 2.325 2.1524
7 2.28 2.2172
6 2.9775 2.6496
7 1.575 1.5318
6 1.6575 1.5482
4 2.7675 2.6321
4 0.8475 0.7751
7 0.945 0.9303
5 2.6625 2.6675
6 1.7775 1.72
4 1.29 1.2099
5 0.675 0.4263
5 0.3825 0.1976
4 2.625 2.6633
4 2.5725 2.6277
4 0.3825 0.4524
7 2.9625 2.6919
4 0.9675 0.6675
4 2.5275 2.3905
5 1.845 1.8921
4 1.26 1.5186
5 0.5475 0.3538
7 0.675 0.6417
7 1.0875 1.0099
4 1.8675 1.9907
4 1.9275 2.1932
6 2.7825 2.6795
6 1.47 1.4315
5 0.18 0.3578
6 0.7725 0.883
4 1.71 1.7144
4 0.795 0.6366
5 0.8175 0.8055
6 0.8625 0.7869
7 1.5 1.4992
5 1.17 1.3361
6 0.195 0.2672
7 1.8225 1.7738
5 2.415 2.2774
4 1.755 1.7804
7 1.155 1.0652
5 2.8575 2.7647
7 0.1425 0.2207
4 0.3825 0.5957
6 1.59 1.619
7 1.755 1.8207
7 2.565 2.5702
7 0.645 0.5217
4 2.67 2.5309
7 2.265 2.2649
6 0.585 0.3712
6 1.845 1.8304
5 0.5025 0.3187
6 0.3075 0.3178
4 0.2475 0.5024
4 2.7825 2.56
7 0.8325 0.7217
5 2.4975 2.3952
5 2.895 2.5453
4 0.2775 0.5216
5 1.365 1.2828
6 2.8275 2.6949
4 2.0475 2.5853
7 0.3375 0.3747
6 1.545 1.5352
4 0.6075 0.3433
6 1.77 1.7945
4 1.2 1.382
6 1.0875 1.0331
7 2.895 2.8387
5 2.8725 2.6193
7 1.545 1.5703
5 1.2525 1.2203
4 0.93 0.7469
7 0.33 0.3068
4 2.1225 2.4258
5 2.835 2.6569
5 0.0675 0.2559
5 0.4875 0.3016
4 0.3525 0.7276
4 1.515 1.7253
7 0.7575 0.6353
4 0.6975 1.0636
6 1.2825 1.2405
7 0.03 0.2
4 1.1325 1.1107
5 2.16 2.2459
4 0.825 0.9057
6 2.73 2.6426
5 2.4075 2.5507
6 2.04 2.155
4 1.6125 1.8008
6 1.32 1.3259
4 1.425 1.3669
7 1.215 1.202
7 2.64 2.4814
4 2.9025 2.5708
4 2.61 2.5283
6 0.5325 0.3991
7 0.4725 0.5291
4 2.445 2.5401
4 1.9875 1.7921
5 2.535 2.7279
6 1.845 1.8202
7 0.12 0.1516
7 2.775 2.5597
5 1.26 1.1569
5 2.5725 2.6231
4 1.8525 1.8555
4 1.0425 0.7082
5 0.6225 0.4367
5 2.97 2.6148
5 1.7025 1.6533
6 2.145 2.0722
4 1.26 1.2922
5 2.6775 2.627
4 0.255 0.3957
5 2.535 2.7323
5 1.665 1.6596
7 1.4175 1.4245
6 1.995 2.1125
4 2.7975 2.1242
6 2.7375 2.7548
5 0.885 0.5889
5 2.2575 2.4322
7 0.585 0.299
7 1.1775 1.2185
5 0.3225 0.422
5 2.8875 2.6107
6 2.625 2.7052
4 0.3675 0.622
4 2.9325 2.636
7 2.9925 2.742
5 0.075 0.8951
4 0.7125 0.8692
7 1.7925 1.8573
6 1.7475 1.7327
4 2.355 2.3073
5 0.0375 0.2592
4 0.3525 0.31
5 2.2125 2.4577
4 2.9925 2.446
5 2.6625 2.627
7 0.72 0.597
5 0.2925 0.2804
7 1.14 1.2371
7 2.8275 1.0831
5 2.9925 2.7249
5 0.36 0.3495
6 1.305 1.3509
6 1.83 1.7879
7 1.5525 1.5477
5 2.865 2.6839
5 2.0775 2.0465
4 2.91 2.4863
5 2.79 2.6126
5 0.9 0.4501
7 2.6475 2.635
4 1.0725 0.6832
7 1.3275 1.3364
6 2.9475 2.8007
5 0.345 0.2557
7 2.775 2.742
4 0.3075 0.3859
4 2.88 2.6009
7 2.1975 2.2272
6 0.6375 0.7407
4 0.195 0.433
5 2.0925 1.9644
5 2.265 2.1474
6 1.8225 1.9296
4 2.1375 1.9317
5 1.23 1.154
6 2.0475 2.094
4 2.835 2.6035
6 0.735 0.6805
7 0.975 1.0413
7 1.3725 1.4777
6 2.64 2.614
7 0.8175 0.9292
4 1.4325 1.5886
6 1.275 1.256
6 0.705 0.5418
6 1.365 1.4303
4 0.6 0.6678
6 0.8175 0.794
4 2.205 2.3214
6 1.1175 1.2247
7 0.2925 0.5138
7 2.7 2.8946
5 0.105 0.2449
6 2.355 2.3309
6 0.87 0.9869
6 1.77 1.8105
4 1.275 1.283
7 0.2025 0.2743
5 1.95 1.922
5 1.0125 0.6847
5 0.96 0.8609
7 2.49 2.5866
5 0.27 0.3844
5 1.1625 1.1423
4 2.0325 2.0263
7 2.3775 2.475
6 0.8475 0.9766
4 1.4325 1.34
6 1.845 1.8675
4 0.7275 0.4323
6 0.69 0.5038
4 1.9425 2.0003
5 2.0475 2.1177
5 1.17 1.0199
5 1.38 1.3795
6 2.9025 2.7202
7 1.6725 1.6334
5 0.7425 0.9761
7 2.4975 2.4299
6 2.1975 2.1554
4 1.2975 1.2296
6 2.025 2.0469
5 1.1325 1.109
4 1.5225 1.516
7 1.5075 1.5031
6 1.5525 1.6262
6 1.3275 1.384
6 1.6725 1.6764
4 0.165 0.6441
5 1.56 1.4541
7 1.9875 1.9088
7 1.89 1.8421
4 0.195 0.4137
7 0.255 0.22
6 0.21 0.2802
4 1.7775 1.771
5 2.1825 2.1135
6 1.4625 1.3397
5 1.0575 1.1639
4 2.13 2.2818
4 2.1075 2.5675
5 1.74 1.5974
7 2.8275 2.7987
6 2.265 2.3031
5 0.4875 0.4289
6 2.88 2.7427
6 2.355 2.7707
6 1.455 1.5139
7 1.7025 1.7431
5 1.395 1.4465
7 2.025 2.0723
6 1.0425 1.097
5 0.99 0.6657
6 0.84 0.509
6 2.265 2.5993
6 0.3975 0.6706
5 1.6425 1.5677
5 0.6375 0.4096
6 0.51 0.5662
5 0.525 0.5713
6 1.05 0.9549
6 0.495 0.4595
5 1.8675 2.0505
6 2.6625 2.6783
4 0.03 0.4969
7 2.6775 2.7855
5 0.1875 0.4222
5 1.4625 1.3718
4 1.1625 1.4087
7 0.8025 0.8828
6 1.9725 2.1481
4 2.9925 2.4876
7 0.21 0.2918
6 1.4325 1.3635
7 1.4175 1.4393
4 2.055 2.2902
5 2.685 2.5366
7 2.6175 2.6658
6 1.05 1.0385
4 0.525 0.7737
6 2.01 2.1097
7 1.9125 1.9368
7 0.2325 0.241
4 1.4625 1.5471
7 2.4075 2.4384
4 0.9675 0.8221
7 1.9575 1.9406
6 0.5925 0.3063
5 2.64 2.3688
5 1.05 1.285
6 0.8325 0.7476
6 2.4825 2.4162
4 0.18 0.3137
4 0.0375 0.3887
6 1.32 1.2348
7 2.2125 2.3572
7 0.21 0.2849
7 0.39 0.3126
7 1.8825 1.9625
5 1.32 1.5009
5 2.9925 2.737
5 2.385 2.4928
4 1.0725 0.8751
4 1.3275 1.2952
6 1.035 1.163
5 1.83 1.7096
5 0.8775 0.936
7 0.3675 0.2811
7 0.03 0.3159
4 0.2775 0.5002
4 2.1 2.4629
7 0.8175 0.8108
7 2.445 2.5337
6 1.3575 1.2457
4 1.6875 1.9488
6 0.3 0.4309
5 2.1975 2.2308
5 1.4025 1.3316
6 2.19 2.4037
5 2.97 2.6435
6 0.1275 0.2815
6 2.595 2.6731
6 1.7025 1.7613
5 0.18 0.3986
7 1.215 1.2284
7 2.0175 2.0214
6 1.4925 1.5809
6 0.2775 0.2343
5 2.8575 2.5418
6 1.2675 1.2469
7 0.045 0.1858
6 2.295 2.4502
6 2.7825 2.7451
6 0.5475 0.732
6 1.365 1.4587
6 0.99 0.8967
4 1.8975 2.127
6 1.575 1.5923
4 1.8225 1.6359
6 1.7325 1.7192
5 2.91 2.7243
6 1.17 1.2209
6 2.325 2.4903
7 2.64 2.6877
6 1.635 1.6323
6 1.4925 1.5492
5 2.0475 2.2038
5 0.375 0.4355
4 0.5175 0.4739
5 1.1025 0.8541
7 2.58 2.7447
6 2.37 2.6839
5 1.8525 1.7614
6 2.7975 2.7262
5 0.2625 0.5034
7 2.97 2.754
7 0.4125 0.3167
4 1.4175 1.0125
6 2.25 2.2724
5 2.94 2.6155
5 2.28 2.1072
5 1.4625 1.3851
7 0.225 0.2565
7 0.1875 0.2106
7 1.935 2.0183
7 1.83 1.8247
7 0.9225 0.8335
7 2.7675 2.8215
6 2.6325 2.3058
4 0.405 0.4161
6 2.4675 2.6112
7 0.825 0.8153
5 1.83 1.7183
5 2.0775 1.8105
5 2.61 2.6906
6 0.9975 1.0951
5 1.3125 1.282
5 0.5625 0.3381
7 0.3975 0.3641
6 1.1625 1.111
7 1.02 0.9811
4 2.475 2.6874
7 1.845 1.8574
4 2.4675 2.6908
5 0.96 1.1292
4 1.8375 1.8949
7 0.6 0.4899
5 1.0725 0.8163
5 2.865 2.6578
7 0.8475 0.8867
5 2.325 2.5651
5 1.5825 1.7232
4 0.3525 0.5519
4 1.7325 1.8688
7 0.3525 0.3026
7 0.6 0.5477
6 1.8375 1.8961
4 1.7025 1.5245
5 1.2225 0.9784
4 0.18 0.5161
6 0.9675 0.9584
4 2.88 2.5061
7 2.01 1.9301
6 1.14 1.117
4 2.475 2.5502
5 0.69 0.4629
7 2.685 2.5062
5 1.5 1.4102
6 0.615 0.2782
5 0.12 0.2584
4 2.85 2.5657
4 1.98 1.895
6 0.87 1.0142
6 0.09 0.319
6 1.35 1.3532
6 1.1625 1.1504
5 1.6875 1.6995
5 2.8725 2.6681
4 2.7675 2.5349
7 1.8375 1.7825
6 0.7575 0.8224
5 0.4275 0.3169
5 1.0125 1.1793
7 2.76 2.8196
7 1.2375 1.1809
7 2.475 2.3593
4 1.0275 1.4515
6 0.51 0.7192
6 0.2025 0.2987
7 1.8675 1.9341
4 1.44 1.5122
4 0.4875 0.5464
7 2.49 2.4532
4 1.8 1.9412
4 1.635 1.6299
6 1.7625 1.8052
7 0.96 1.0004
7 0.9525 0.9736
5 0.135 0.2273
6 1.305 1.3995
7 2.775 2.85
4 1.53 1.5986
4 1.02 0.6542
6 1.5375 1.5441
5 2.3625 2.6119
7 2.1075 2.0425
5 2.9325 2.6714
6 0.9675 0.7522
6 2.115 2.2008
7 0.345 0.1982
4 0.4875 0.4869
6 0.0375 0.2758
5 2.2125 2.2648
7 0.0525 0.1203
7 0.1575 0.1577
4 2.625 2.6659
7 0.45 0.1872
6 2.25 2.3983
4 0.195 0.4224
6 0.7575 0.8368
5 1.05 0.8595
6 0.9225 0.782
4 1.4475 1.5457
5 2.07 2.0173
5 2.1975 2.1142
4 1.8825 1.7755
6 2.9775 2.6858
6 0.0975 0.2117
7 1.44 1.425
7 2.4525 2.6188
4 2.925 2.4685
7 1.89 1.903
6 1.815 1.8024
4 2.985 2.548
4 1.6725 1.8939
6 2.6475 2.7179
4 1.065 0.9258
7 0.8325 0.7747
7 1.6575 1.695
7 2.1675 2.0722
7 1.74 1.7498
4 2.955 2.5164
6 0.8175 0.4562
5 2.595 2.7671
4 2.37 2.1482
5 2.145 2.1903
4 1.065 1.1492
4 1.335 1.3432
6 0.36 0.332
5 0.795 0.5209
4 0.09 0.3442
5 1.995 2.0862
6 1.455 1.5167
7 1.4475 1.4359
4 0.285 0.4985
5 0.8625 0.8854
5 1.605 1.5158
6 0.1425 0.2905
4 1.77 1.9726
7 1.5825 1.5491
4 2.775 2.6308
6 2.5725 2.5006
6 1.9875 1.9262
7 0.525 0.3453
5 1.335 1.3104
7 0.6375 0.4411
6 0.375 0.3162
5 1.2825 1.1793
6 2.3475 2.6345
4 1.0875 1.2329
6 1.8825 2.0172
7 0.09 0.3506
7 0.675 0.5719
5 2.5725 2.2511
7 1.77 1.8656
4 0.0225 0.3748
6 0.1875 0.4344
6 2.58 2.5578
6 2.805 2.5963
7 0.375 0.2544
6 2.1 1.984
7 2.7 2.817
5 1.755 1.7873
4 0.585 0.5377
7 2.6625 2.811
6 1.815 1.9218
6 1.545 1.599
5 2.6925 2.7469
4 2.01 2.1735
7 1.275 1.2798
5 0.255 0.3381
7 0.48 0.2905
5 2.355 2.6645
5 1.29 1.2868
4 1.6425 1.588
6 0.915 1.0627
7 2.8725 2.7032
6 1.4775 1.5698
5 1.5075 1.5804
5 2.19 2.4511
6 0.75 0.3942
5 1.8975 1.7767
4 0.51 0.3713
7 0.4875 0.2927
5 2.8425 2.5443
6 1.3575 1.4033
7 0.06 0.241
7 2.7075 2.7773
7 0.9075 0.8867
4 0.645 0.6054
5 0.87 0.8384
5 0.765 0.3687
5 2.3775 2.2377
5 0.9525 0.8433
7 2.085 2.1235
7 2.07 2.1036
4 0.615 0.2552
5 1.53 1.4753
6 2.0925 1.9278
4 1.86 1.5655
7 1.3425 1.3829
7 1.02 1.064
5 0.915 0.7954
6 0.435 0.4063
7 2.4075 2.5169
4 0.375 0.3491
6 0.735 0.4928
4 0.2925 0.4423
4 0.15 0.4086
6 0.3375 0.2862
5 2.7525 2.6835
4 2.73 2.508
6 1.53 1.5489
4 2.295 2.4247
6 1.74 1.7689
7 0.15 0.2584
7 1.635 1.6349
6 0.57 0.2961
4 2.9475 2.6315
4 1.6725 1.7097
6 0.3525 0.27
7 2.4 2.4928
4 0.405 0.3342
6 2.835 2.724
5 2.43 2.3707
4 1.08 1.1043
6 0.315 0.4567
6 2.64 2.5396
6 1.575 1.6074
5 1.2075 1.2403
7 1.7925 1.7568
5 1.08 0.9494
4 2.01 2.6282
7 2.025 1.9681
7 0.42 0.2703
5 0.3825 0.5514
4 2.73 2.5402
7 1.8675 1.8015
5 1.0575 0.7712
4 0.8025 0.6562
5 0.36 0.4102
7 1.6425 1.6237
7 2.6625 2.7741
4 2.505 2.6403
4 1.8075 1.5506
4 0.99 1.0949
7 1.2675 1.2266
6 2.13 2.4339
5 2.445 2.3735
7 2.8425 2.7919
5 2.13 2.322
6 1.2 1.2041
7 0.5175 0.4663
5 2.4675 2.6495
7 0.0825 0.2003
6 2.085 2.1676
4 2.34 2.3138
6 2.2275 2.2743
4 0.6975 0.5519
7 0.1575 0.2194
7 1.6125 1.6817
5 0.525 0.3697
5 1.875 1.7238
6 0.54 0.347
6 2.0625 2.0212
4 1.815 2.0419
7 1.4775 1.5231
5 1.0125 0.9309
6 1.065 1.1325
5 2.3325 2.1618
5 1.9425 1.9059
6 2.1225 2.2405
7 0.3675 0.2713
7 1.635 1.6917
5 1.86 2.1337
5 2.085 2.0321
6 0.825 0.853
6 1.905 1.9688
4 1.515 1.6914
4 1.29 1.2465
7 1.7025 1.7006
5 1.5375 1.4206
4 0.15 0.5294
4 0.465 0.5095
4 1.5075 1.6404
7 2.2725 2.2266
6 2.1975 2.08
4 1.41 1.4602
7 1.155 1.2592
6 2.22 2.2972
4 2.5125 2.2738
6 2.58 2.669
7 0.75 0.7328
6 0.765 0.4711
7 1.89 1.8683
4 0.5925 0.3442
4 2.4075 2.6278
4 2.6175 2.4927
5 0.18 0.3982
5 0.2325 0.3613
6 2.1825 2.5249
5 2.8575 2.5344
4 1.8675 2.0609
7 0.255 0.1734
6 0.555 0.2103
4 2.8425 2.4978
6 2.9475 2.7744
7 1.59 1.4247
6 2.835 2.7261
7 1.1925 1.3024
6 2.0775 2.3028
7 0.6675 0.6961
5 1.0575 1.0636
7 2.1825 2.1806
4 2.73 2.5538
5 2.2875 2.7108
4 1.14 1.2048
4 0.69 0.7361
6 1.965 1.8412
5 0.12 0.34
7 1.1175 1.1011
7 2.715 2.5687
6 2.535 2.4316
7 0.51 0.5004
6 1.0875 1.0893
7 1.71 1.7194
5 1.8975 1.991
4 2.55 2.6442
4 0.795 0.3734
4 1.845 1.7634
4 1.3275 1.3551
4 0.315 0.908
7 2.3175 2.3689
7 2.265 2.3202
5 2.52 2.3833
5 0.105 0.2953
6 1.4025 1.4302
4 0.195 0.4005
4 0.6075 0.481
4 1.71 1.8802
6 2.34 2.4212
4 2.97 2.6184
4 2.49 2.696
6 1.26 1.2326
4 1.5375 1.3884
4 0.975 0.6542
5 0.075 0.2921
7 1.38 1.3757
5 1.56 1.4938
4 0.5775 0.5174
5 0.4725 0.3018
7 0.3075 0.2314
7 0.1275 0.4737
6 0.165 0.2428
5 0.7275 0.3906
6 0.63 0.7534
7 2.9625 2.7358
5 1.1325 1.189
4 1.3875 1.6727
7 1.215 1.2699
7 0.6375 0.4524
4 1.875 1.8654
4 2.4075 2.4596
4 0.975 0.593
6 0.42 0.3634
5 0.6525 0.8488
5 2.4975 2.5752
7 1.38 1.4863
6 2.9175 2.6782
4 2.1075 2.1669
4 0.735 0.4487
6 1.335 1.3725
7 0.0225 0.2159
4 1.4025 1.1388
6 2.0475 1.871
5 2.9475 2.6852
7 0.9825 0.9227
5 0.015 0.7102
6 1.3275 1.4207
5 2.445 2.3776
4 1.8075 1.9326
5 0.2775 0.4303
5 2.6025 2.371
4 2.97 2.1627
4 1.6725 1.8267
6 2.805 2.6018
5 0.615 0.3594
5 0.96 1.0187
7 0.315 0.2566
4 0.945 0.55
7 1.545 1.5929
6 0.7125 0.301
7 0.4875 0.3563
4 1.2825 1.206
4 2.7975 2.6128
7 0.915 0.8896
7 2.6475 2.7497
6 2.7825 2.7409
4 1.7925 1.8389
5 2.34 2.3185
6 2.8125 2.7532
6 0.54 0.6129
6 2.5425 2.7094
4 1.4475 1.6004
5 1.5975 1.5551
5 1.7025 1.6737
7 1.3575 1.3764
4 2.8275 2.6163
7 1.71 1.681
4 1.2525 1.137
5 1.3275 1.1866
6 1.3275 1.3276
7 1.1625 1.217
6 2.85 2.7685
7 2.4675 2.411
7 0.585 0.6565
4 0.465 0.4951
7 2.2875 2.1497
7 2.145 2.1569
5 2.9175 2.7677
5 1.8075 1.8726
6 0.5025 0.306
6 1.2525 1.2671
6 0.6975 0.633
7 2.67 2.7265
5 1.545 1.5618
6 2.85 2.7589
5 2.3025 2.6241
7 1.68 1.7304
5 2.9475 2.7893
7 0.705 0.6907
4 0.4575 0.3815
6 0.4275 0.5624
7 0.9675 0.9459
5 1.935 2.0644
7 0.03 0.2254
5 0.9 0.6467
7 0.0675 0.1322
5 2.535 2.606
7 0.0825 0.1597
7 1.5225 1.5588
7 2.8425 2.6116
7 2.625 2.5563
6 0.465 0.5714
6 0.3 0.309
5 1.8825 2.0181
7 1.41 1.4017
6 1.98 1.9867
7 1.92 1.9366
4 1.11 1.1366
5 1.38 1.3298
4 2.8875 2.5766
4 2.0775 2.2884
7 0.18 0.2118
5 2.565 2.6775
5 0.42 0.3845
5 0.5625 0.3217
5 1.0125 1.1782
5 0.6825 0.3306
4 2.07 2.4296
7 1.905 1.9645
7 1.785 1.8195
5 1.635 1.7314
6 2.7 2.6282
4 1.98 2.1731
4 0.135 0.5622
6 0.0525 2.1416
4 0.5925 0.4781
5 1.1625 1.1534
7 0.2625 0.2619
6 2.6625 2.6956
5 1.2825 1.2522
5 0.2475 0.5362
4 0.54 0.462
5 2.925 2.7044
7 0.0375 0.2066
5 2.385 2.2924
7 0.9675 0.9638
4 0.0 0.3191
5 2.2575 2.4045
4 1.545 1.5084
6 0.0675 0.1865
6 1.5225 1.4824
4 0.2775 0.6622
5 0.7425 0.3358
7 2.3175 2.4935
6 2.2725 2.042
4 2.445 2.6243
6 0.93 0.9117
6 0.435 0.3192
4 1.0875 1.1205
7 0.3075 0.299
4 2.985 2.2784
7 0.1425 0.1669
6 1.0275 1.1879
4 0.03 0.4898
4 1.5675 1.5218
7 2.07 1.9957
7 1.2375 1.2424
4 1.0275 1.057
5 0.075 0.3261
7 2.2725 2.2506
7 2.7 2.6953
6 1.7175 1.5908
4 0.6 0.2841
6 2.8425 2.8135
7 0.525 0.4732
7 2.7975 2.5721
6 0.135 0.4424
5 0.9525 0.5014
4 0.765 0.5034
6 1.8 1.7729
5 0.8175 0.749
5 0.0375 0.2926
7 2.16 2.0238
5 2.0625 2.1498
5 0.51 0.5752
6 1.8675 1.8609
5 0.69 0.9848
6 0.7425 0.5921
7 2.1525 1.9748
4 0.9225 0.928
4 0.8175 0.6733
6 0.3225 0.1868
5 2.805 2.5598
6 2.8575 2.6618
7 2.295 2.386
7 0.735 0.7284
5 1.89 1.8162
7 0.4425 0.4913
5 2.3775 2.7848
7 2.13 2.0539
5 0.045 0.2756
7 1.5525 1.6395
4 1.665 1.7244
7 1.8675 1.9089
7 1.2225 1.172
6 1.17 1.1442
4 0.6675 0.7884
7 0.8625 0.9486
5 0.915 0.938
7 0.8175 0.8064
7 0.2325 0.2904
7 1.635 1.5855
5 1.4475 1.3927
6 2.88 2.7064
7 0.7875 0.7507
7 2.2275 2.2653
5 2.55 2.7073
5 2.2275 2.175
4 2.67 2.2923
4 0.975 1.052
6 2.43 2.4399
4 1.335 1.3741
7 0.6075 0.5463
5 1.5225 1.4459
5 2.9325 2.6197
4 1.0275 0.5605
7 0.87 0.9586
4 0.5325 0.5715
4 0.9675 0.9533
7 0.6975 0.6539
4 0.09 0.341
6 1.3725 1.3676
5 1.08 0.9967
6 0.63 0.4358
7 1.5525 1.4438
5 2.3925 2.4672
7 0.15 0.2064
5 1.56 1.6371
5 2.715 2.7024
7 0.8925 0.8193
4 1.4475 1.3899
6 0.18 0.3192
7 1.11 1.133
4 0.855 0.3392
6 2.28 2.5514
5 1.3425 1.3409
7 0.495 0.3732
5 1.4025 1.4815
6 1.05 1.2317
7 2.04 1.8896
4 2.58 2.2591
5 0.78 0.835
4 0.33 0.3292
6 1.9275 1.938
7 1.3725 1.3331
6 1.6875 1.6743
7 0.7425 0.7188
7 2.565 2.728
7 1.7025 1.5675
6 2.2575 2.1641
5 2.6775 2.6685
5 1.815 1.8342
6 0.15 0.3205
5 2.7525 2.6763
6 1.3425 1.2895
6 1.965 1.952
6 0.405 0.2455
4 2.3175 2.539
6 0.1575 0.3239
5 2.4525 2.616
5 0.5175 0.4747
4 2.8575 2.4565
4 0.2025 0.3228
7 1.7775 1.8084
7 0.0825 0.1373
6 1.5975 1.6104
4 2.9475 2.4477
6 1.9275 1.9448
7 2.73 2.7969
5 1.17 1.0667
6 0.1875 0.6162
4 0.9975 0.8425
4 2.28 2.2744
4 0.375 0.4743
6 1.2825 1.2382
6 0.7725 0.6728
6 2.5275 2.499
7 2.685 2.6373
7 1.5075 1.5472
4 0.9825 0.9024
6 0.0825 0.4919
7 0.21 0.3208
5 0.5775 0.2455
5 2.4975 2.231
6 1.0575 1.1853
6 2.4525 2.6128
6 0.0 0.1827
6 1.86 1.848
7 2.1225 2.2099
4 2.07 2.5307
4 0.795 0.963
4 0.5625 0.4303
7 0.795 0.7779
4 1.17 1.112
4 1.5825 1.5051
7 1.2375 1.3019
7 0.3825 0.481
5 0.78 0.6188
5 0.99 1.027
4 1.47 1.276
5 2.4075 2.6024
6 2.5125 2.6298
6 2.1075 2.2325
7 1.4475 1.4094
7 2.3175 2.2707
7 2.715 2.6582
4 2.085 2.5514
4 0.045 0.5471
5 2.595 2.6226
7 0.3975 0.3166
7 1.5525 1.595
7 0.0675 0.2966
5 1.74 1.6356
6 0.165 0.2384
6 0.9825 1.0017
5 1.74 1.5477
4 2.6625 2.3736
4 0.7425 0.743
4 2.31 2.5847
5 1.59 1.7182
4 0.15 0.4366
7 1.7325 1.7454
4 2.3625 2.0974
7 2.7525 2.7281
6 0.75 0.4582
4 1.7625 1.708
6 0.3375 0.2202
5 2.5575 2.5228
7 1.5075 1.4969
7 2.6775 2.6502
7 0.855 0.814
6 0.735 0.7061
4 2.4975 2.2556
4 0.72 0.5093
7 1.635 1.6975
5 2.1375 2.1121
4 2.3175 2.6394
4 2.955 2.4893
4 1.14 0.964
6 2.1 2.0932
6 0.2175 0.2352
4 0.84 0.6615
4 1.83 1.8999
4 0.6225 0.3528
5 0.06 0.4938
7 0.2625 0.3903
4 2.22 1.8811
6 1.0425 0.9981
5 2.0775 2.0487
4 2.9175 2.6069
6 1.005 1.045
4 0.855 0.8238
4 2.4825 2.611
4 2.5425 2.455
6 0.5175 0.7117
6 1.83 1.7158
7 1.3575 1.4021
6 1.0875 1.0859
5 1.9125 1.8496
7 2.01 2.0616
4 1.9575 1.7734
6 2.9175 2.6961
5 1.9125 1.8892
6 1.665 1.6753
4 2.88 2.5438
6 1.335 1.2923
6 0.2775 0.3184
4 2.49 2.3744
4 0.96 0.3245
7 0.0675 0.2217
5 0.1875 0.5348
7 2.1225 2.165
6 2.0625 2.0123
4 1.845 2.145
7 2.0625 1.9977
4 1.5375 1.3678
4 0.7575 0.4511
7 1.0275 0.9462
7 2.715 2.8331
4 1.0275 1.0834
4 2.61 2.59
6 1.32 1.4257
4 1.3575 1.4006
4 1.68 1.8234
7 0.8775 0.9085
5 1.755 1.6291
7 0.7425 0.6699
4 0.42 0.3756
4 1.365 1.3673
4 1.8075 1.933
6 1.9275 1.9403
4 1.875 2.0845
4 1.665 1.7692
7 0.1125 0.1526
6 2.13 2.2435
5 2.445 2.6517
7 2.7675 2.6051
4 2.8275 2.4367
4 2.565 2.6394
6 2.115 2.1784
5 0.855 0.9301
4 0.885 0.4392
4 2.1825 2.5162
6 0.3375 0.3197
6 2.5575 2.2138
7 0.4125 0.2377
7 1.95 1.9558
4 2.985 2.5833
6 1.8375 1.7369
7 1.935 1.8727
5 1.17 1.053
5 1.35 1.3113
5 1.7175 1.8357
5 0.9225 1.0201
4 0.105 0.3441
7 1.2225 1.2095
7 1.365 1.3498
7 2.34 2.3458
5 2.535 2.4676
4 2.865 2.5152
5 0.855 0.4396
4 2.3325 2.0956
7 0.27 0.1352
4 1.83 1.6175
5 2.7375 2.6609
5 2.3625 2.6556
5 0.4575 0.4864
5 1.2075 1.1441
4 1.4325 1.4349
7 0.195 0.4041
6 2.7075 2.6907
6 1.5975 1.6871
4 1.8 1.6099
7 1.2825 1.2654
6 2.1525 2.1095
4 1.515 1.4872
4 0.81 1.096
7 2.7225 2.756
4 1.635 1.7644
7 0.795 0.7765
7 1.9275 1.8195
6 1.4325 1.3434
6 1.68 1.7491
6 2.835 2.7221
5 2.445 2.335
5 2.7675 2.6473
6 1.0725 1.0874
6 2.2875 2.5803
4 1.74 1.9295
7 0.255 0.2617
4 0.3825 0.704
6 1.5975 1.7258
7 2.445 2.6702
7 0.06 0.2621
7 2.865 2.7052
7 2.5575 2.6255
4 1.755 1.7477
5 0.54 0.3866
4 2.1225 2.2197
5 1.14 0.9523
4 1.2225 0.4791
4 2.6325 2.4747
6 0.8025 0.807
6 0.6525 0.5651
7 1.56 1.5242
5 2.2275 2.6077
4 1.0275 0.5585
5 1.95 1.8956
6 0.3225 0.254
5 0.225 0.2801
7 1.905 1.9253
5 1.7325 1.8203
7 2.2575 2.2577
5 2.0175 1.9705
4 0.9375 0.9964
5 2.37 2.3081
4 0.1725 0.5885
5 1.8225 1.9503
6 0.93 0.7746
7 0.03 0.1342
5 0.135 0.5009
7 0.3225 0.3536
6 1.0725 1.0715
7 2.8725 2.7833
4 1.7175 1.9804
4 1.32 1.1507
6 2.595 2.7077
6 2.0025 1.9278
5 0.585 0.5626
5 0.45 0.3865
6 2.025 2.1873
5 0.3825 0.435
5 2.7225 2.4866
5 2.595 2.4937
5 0.0675 0.4538
4 1.1175 1.0848
7 0.6075 0.6637
5 2.235 2.4939
5 2.9625 2.6364
4 2.355 2.6069
5 1.3725 1.3517
6 1.83 1.8416
6 2.8125 2.7767
5 1.59 1.6141
4 1.5825 1.3112
4 1.395 1.4523
7 1.8675 1.7632
4 1.1025 0.8209
7 1.44 1.424
4 2.2425 2.1334
4 1.56 1.4494
7 2.5725 2.406
5 1.02 0.8172
6 1.6425 1.4809
7 0.4575 0.4371
4 1.185 1.1421
4 0.54 0.9306
6 2.4 2.5481
7 1.83 1.8386
7 1.1175 1.0717
4 0.855 0.3149
4 0.2925 0.4355
6 1.9125 1.8843
7 2.565 2.6955
7 0.315 0.2374
5 1.5 1.4602
4 1.35 1.5715
7 2.8425 2.7606
4 2.8425 2.6411
5 2.4975 2.7633
7 0.2175 0.161
4 1.485 1.4665
7 1.815 1.8253
6 0.4875 0.5428
6 0.285 0.3923
5 0.21 0.432
4 1.3275 1.1991
5 1.2975 1.358
4 0.105 0.3965
6 0.3075 0.2841
5 1.71 1.7665
5 0.975 0.8939
6 2.37 2.6307
7 2.1675 2.0362
6 1.6725 1.6852
6 0.9675 0.8945
4 0.555 0.295
4 2.7975 2.5403
6 1.6725 1.7158
7 0.555 0.5393
7 1.6575 1.6407
5 0.045 0.2786
4 1.41 1.3511
5 1.725 1.7276
6 0.345 0.2962
4 1.9725 2.2039
7 0.4275 0.2395
5 1.62 1.5994
6 2.76 2.7331
4 2.265 2.6571
7 2.175 2.1748
6 1.3125 1.2516
7 2.7375 2.7483
5 1.635 1.6296
6 0.06 0.5751
7 1.3875 1.3337
7 2.5275 2.61
5 2.685 2.3175
6 1.155 1.1105
5 1.755 1.9427
5 1.0125 0.92
4 0.285 0.4518
4 1.995 2.5131
6 0.2475 0.1803
4 1.9125 1.6686
5 1.4625 1.2944
5 1.9425 2.0089
4 0.5325 0.3297
7 0.69 0.4718
6 1.1925 1.1538
7 2.5125 2.4332
6 2.3775 2.6538
6 2.625 2.6057
7 1.305 1.3405
5 1.53 1.436
5 0.0375 0.2367
6 2.7525 2.6455
4 0.18 0.3787
4 1.755 1.7875
4 0.2775 0.9067
6 0.6225 0.6085
7 1.8975 1.9248
7 1.9725 1.9838
5 2.2875 2.4814
7 0.3075 0.3403
4 1.8525 1.81
5 1.8375 1.8103
4 1.4775 1.4014
4 2.595 2.4498
6 2.235 2.0808
5 0.975 0.9337
6 2.4225 2.4079
5 1.5675 1.6577
7 2.1975 2.2669
4 0.3225 0.7262
4 0.69 0.3412
4 2.07 2.3233
7 1.5 1.5892
5 2.685 2.5872
6 1.83 1.8564
4 1.4325 1.1919
5 0.72 0.445
4 2.2425 2.3132
4 2.1525 2.4952
4 0.2775 0.3953
7 1.275 1.2764
5 2.4975 2.4868
7 2.355 2.272
6 1.095 1.0687
5 2.3925 2.5661
6 1.545 1.4889
7 0.51 0.4133
7 1.0125 0.9201
7 1.47 1.4061
4 2.1525 2.0981
4 1.065 0.8631
5 2.3175 2.0653
4 0.6375 0.466
7 2.1375 2.0626
7 2.7525 2.8165
6 2.6025 2.7106
5 2.115 2.1161
6 1.02 1.0045
4 0.69 0.67
4 2.04 2.6954
5 2.1975 2.383
5 2.37 2.5765
5 2.715 2.6872
4 2.7375 2.4758
7 0.72 0.6574
6 1.05 0.9935
6 1.815 1.8389
6 0.4575 0.3636
6 1.5825 1.5746
5 2.295 2.2918
5 1.47 1.4018
7 0.945 0.8385
5 0.6525 0.6903
4 2.1375 2.6338
6 0.135 0.2274
7 2.1075 2.0259
6 1.02 1.0015
5 0.6525 0.267
7 1.71 1.7208
7 0.48 0.4275
5 1.8975 2.0234
5 0.0675 0.4092
6 0.54 0.1521
5 0.42 0.6908
5 2.745 2.7783
7 0.4125 0.3794
4 0.84 0.5164
6 1.4325 1.4443
5 2.2875 2.4456
4 0.75 0.8713
7 1.9575 1.9379
7 0.36 0.2224
4 0.5925 0.3057
4 0.795 0.7671
4 1.905 1.7637
7 0.045 0.2769
4 0.8025 0.8159
7 1.4025 1.4056
5 1.7775 1.7618
4 2.175 2.5684
7 2.8875 2.4751
6 2.88 2.2477
4 1.62 1.7799
7 2.1975 2.1267
7 1.6725 1.725
7 2.1225 2.1494
7 0.7875 0.743
5 1.3425 1.449
7 1.575 1.5919
7 1.41 1.3898
4 1.3575 1.3614
7 2.685 2.6307
7 2.925 2.7933
6 2.8575 2.6987
6 0.3825 0.2682
4 1.305 1.1163
6 1.7475 1.6958
4 2.3925 2.4242
4 1.3425 1.1489
5 0.57 0.2975
5 2.31 2.6593
5 2.7075 2.7354
4 0.2625 1.0387
5 2.5875 2.6486
5 2.5875 2.7342
4 0.0975 0.62
4 2.9925 2.6556
5 0.81 0.7075
4 1.2375 0.7068
4 2.1825 2.6783
4 1.1775 1.1752
4 1.905 1.7863
5 1.035 0.9278
6 0.015 0.2366
7 0.7875 0.8021
5 1.455 1.4801
5 1.5225 1.4188
4 2.91 2.1619
4 0.0225 0.5022
5 1.9725 1.8901
5 0.03 0.2868
6 0.1275 0.2112
7 1.26 1.3085
6 0.0075 0.5865
6 2.835 2.6089
4 2.76 2.5515
7 1.4025 1.3557
7 1.4325 1.3184
5 0.9375 0.3874
6 0.9375 0.9276
6 0.855 0.6124
6 1.9875 1.8992
4 1.3575 1.3028
5 0.87 0.6153
4 0.3375 0.3102
6 1.905 1.8236
6 2.595 2.4145
6 1.9575 2.0652
4 2.55 2.617
4 2.49 2.5284
5 1.365 1.2968
6 2.3475 2.2348
5 2.025 2.0152
5 1.2375 1.2773
5 0.0975 0.4314
6 0.0 0.28
4 0.2775 0.3359
7 0.1275 0.3095
4 1.485 1.4173
6 0.255 0.629
6 0.6375 0.3659
4 1.7775 2.0765
7 0.06 0.256
6 0.75 0.5064
6 0.1725 0.4017
4 0.06 0.3852
7 2.4075 2.3649
5 2.61 2.7245
4 1.725 1.9452
5 2.8725 2.6994
7 0.585 0.4912
6 0.7875 0.8449
4 2.7375 2.5222
7 0.8475 0.8207
7 1.0425 1.136
5 1.7025 1.8261
7 2.3775 2.5572
5 0.705 0.5352
6 2.1225 2.1441
7 1.4925 1.466
6 0.3225 0.3948
6 0.285 0.3108
7 1.3125 1.3489
7 1.2375 1.3329
5 0.1875 0.4152
6 1.8375 1.765
7 0.3825 2.415
4 0.24 0.3509
4 1.6125 1.6773
7 1.0125 1.0328
4 0.105 0.474
5 2.4825 2.6258
6 2.445 2.4262
6 0.6525 0.3511
6 0.9 0.8986
4 0.7425 0.5155
7 2.115 2.112
6 1.815 1.829
4 1.4925 1.2863
6 2.3475 2.532
6 1.3875 1.2917
5 0.4425 0.3225
5 2.76 2.7013
7 1.2675 1.2146
4 2.67 2.5325
4 2.925 2.525
4 2.775 2.5626
4 0.645 0.482
4 2.9925 2.6004
6 2.01 1.9649
4 0.36 1.0449
4 0.795 0.7791
6 2.1375 2.2689
4 1.7325 1.6866
4 1.3275 1.5496
5 1.2225 1.0238
7 1.395 1.4028
7 1.47 1.439
7 2.7375 2.6985
6 2.2125 2.4183
7 0.39 0.1672
4 0.5175 0.406
5 0.0225 0.3897
4 1.26 1.1799
4 2.1225 2.5429
4 2.5275 2.5615
5 1.1775 1.3151
7 1.14 1.0274
5 0.585 0.5205
5 2.52 2.6422
7 2.6475 2.7508
6 0.99 1.0607
6 1.605 1.6074
4 1.53 1.9584
6 1.2675 1.2379
6 2.2275 2.1227
6 0.09 0.4427
6 0.7725 0.7641
5 1.005 0.7725
7 2.9775 2.8816
6 1.4775 1.3469
5 2.745 2.6394
6 1.6575 1.6507
6 0.645 0.5042
5 1.245 1.3867
7 1.425 1.4784
6 1.7325 1.6952
7 2.0325 2.017
4 1.2825 0.3746
5 0.3675 0.3836
4 1.4025 1.2271
4 1.1625 1.1811
6 1.8375 1.6988
4 0.7575 0.6319
4 1.32 1.1339
5 0.8475 0.7211
6 2.115 2.2509
6 1.8075 1.9331
6 2.3925 2.1606
5 1.1175 1.1253
7 0.8925 0.8433
6 1.545 1.5423
5 2.7675 2.6293
6 0.2775 0.2899
4 1.185 1.3057
6 0.0375 0.1603
4 0.7125 0.5872
4 0.9 0.6485
6 1.965 2.0989
4 0.75 0.3669
4 0.6225 0.4614
4 2.7075 2.6086
5 0.7425 0.6972
4 0.3975 0.4663
6 2.97 2.6322
6 1.3875 1.4107
7 2.97 2.5169
7 1.4325 1.3944
5 2.8575 2.6938
4 2.3925 2.4882
4 1.275 1.1261
7 1.935 2.0368
7 2.49 2.4423
6 0.3 0.3046
6 2.34 2.3357
7 1.26 1.2913
6 2.85 2.7826
7 0.06 0.1484
6 0.3825 0.4188
6 2.7975 2.6159
7 1.6275 1.5105
4 2.175 2.5341
6 1.9275 1.9459
6 0.7125 0.8971
5 2.865 2.5531
7 2.28 2.245
7 1.3875 1.3721
6 2.475 2.6841
6 2.055 2.4429
6 2.1975 2.3631
4 0.09 0.382
6 0.6 0.3087
5 2.1825 2.4107
4 2.2275 2.4752
5 1.335 1.1308
6 0.12 0.26
5 1.26 1.2911
4 1.6425 1.7356
5 2.0625 2.3389
6 2.805 2.7516
4 0.48 0.4809
7 0.18 0.2829
6 1.92 1.9312
5 1.395 1.4214
7 2.7675 2.6158
6 0.4875 0.2787
6 0.9825 0.9746
5 1.4475 1.437
6 0.255 0.2701
7 0.63 0.4896
5 2.775 2.5926
6 2.79 2.2075
5 1.3125 1.3298
6 1.4025 1.5225
4 2.0925 2.5661
7 0.525 0.4819
7 0.975 1.1291
6 2.175 2.1614
6 2.91 2.7731
5 0.6 0.468
5 2.565 2.5685
