sigma2_stimulus 	 [inf, 2.0, 3.0, 4.0, 5.0, 6.0, 7.0, 8.0, 9.0, 10.0]
log_motor_var 	 [8.12501049041748]
sigma_logit 	 [-1.0, -2.0, -3.0, -4.0, -5.0, -6.0, -7.0, -8.0, -9.0, -10.0]
mixture_logit 	 [-5.160216331481934]
prior 	 [-8.611212730407715, -8.577630996704102, -8.544219017028809, -8.510974884033203, -8.477900505065918, -8.44499397277832, -8.412256240844727, -8.379687309265137, -8.347288131713867, -8.315056800842285, -8.28299331665039, -8.251100540161133, -8.219374656677246, -8.18781852722168, -8.156431198120117, -8.125212669372559, -8.094162940979004, -8.063282012939453, -8.03256893157959, -8.00202465057373, -7.971650123596191, -7.941443920135498, -7.911406517028809, -7.881537437438965, -7.851837635040283, -7.822306156158447, -7.792943477630615, -7.763750076293945, -7.734724998474121, -7.705869197845459, -7.677181243896484, -7.64866304397583, -7.620312690734863, -7.5921311378479, -7.564118385314941, -7.5362749099731445, -7.508600234985352, -7.481093406677246, -7.453756332397461, -7.4265875816345215, -7.399587154388428, -7.372756481170654, -7.346094131469727, -7.319599628448486, -7.293274879455566, -7.26711893081665, -7.24113130569458, -7.215312480926514, -7.189662456512451, -7.164181232452393, -7.138868808746338, -7.113724708557129, -7.088749885559082, -7.063943386077881, -7.039306163787842, -7.014837265014648, -6.990537643432617, -6.966405868530273, -6.942443370819092, -6.918649673461914, -6.895025253295898, -6.87156867980957, -6.848280906677246, -6.825162410736084, -6.802212238311768, -6.779430866241455, -6.756818771362305, -6.734375, -6.712100028991699, -6.689993858337402, -6.668056011199951, -6.646287441253662, -6.624687194824219, -6.6032562255859375, -6.581993579864502, -6.56089973449707, -6.539974689483643, -6.519218921661377, -6.498631000518799, -6.478212356567383, -6.4579620361328125, -6.437880992889404, -6.41796875, -6.398224830627441, -6.378649711608887, -6.359243869781494, -6.340006351470947, -6.320937633514404, -6.302037239074707, -6.283306121826172, -6.264743804931641, -6.246349811553955, -6.228124618530273, -6.210068702697754, -6.19218111038208, -6.17446231842041, -6.156912326812744, -6.139531135559082, -6.122318267822266, -6.105274677276611, -6.088399887084961, -6.071693420410156, -6.055156230926514, -6.038787364959717, -6.022587299346924, -6.006556034088135, -5.99069356918335, -5.974999904632568, -5.959475040435791, -5.944118499755859, -5.92893123626709, -5.913912296295166, -5.899062156677246, -5.884381294250488, -5.869868278503418, -5.855525016784668, -5.841350078582764, -5.827343463897705, -5.813506126403809, -5.799837112426758, -5.786337375640869, -5.773005962371826, -5.759843826293945, -5.74685001373291, -5.734025001525879, -5.721368312835693, -5.708881378173828, -5.69656229019165, -5.684412479400635, -5.672430992126465, -5.660618782043457, -5.648974895477295, -5.637499809265137, -5.626193523406982, -5.615056037902832, -5.6040873527526855, -5.593287467956543, -5.582655906677246, -5.572193622589111, -5.561899662017822, -5.551774978637695, -5.541818618774414, -5.532031059265137, -5.522412300109863, -5.512962341308594, -5.503681182861328, -5.494568347930908, -5.48562479019165, -5.4768500328063965, -5.468243598937988, -5.459805965423584, -5.451537132263184, -5.443437099456787, -5.4355058670043945, -5.427743434906006, -5.420149803161621, -5.41272497177124, -5.405468463897705, -5.398381233215332, -5.391462326049805, -5.384712219238281, -5.378130912780762, -5.371718406677246, -5.365474700927734, -5.359399795532227, -5.353493690490723, -5.3477559089660645, -5.342187404632568, -5.336787223815918, -5.3315558433532715, -5.326493740081787, -5.321599960327148, -5.316874980926514, -5.312318801879883, -5.307930946350098, -5.303712368011475, -5.299662113189697, -5.295781135559082, -5.2920684814453125, -5.288524627685547, -5.285149574279785, -5.281943321228027, -5.278905868530273, -5.276037216186523, -5.273337364196777, -5.270805835723877, -5.268443584442139, -5.266249656677246, -5.264225006103516, -5.262368679046631, -5.26068115234375, -5.259162425994873, -5.257812023162842, -5.256630897521973, -5.255618572235107, -5.254775047302246, -5.2540998458862305, -5.253593444824219, -5.253255844116211, -5.253087520599365, -5.253087520599365, -5.253255844116211, -5.253593444824219, -5.2540998458862305, -5.254775047302246, -5.255618572235107, -5.256630897521973, -5.257812023162842, -5.259162425994873, -5.26068115234375, -5.262368679046631, -5.264225006103516, -5.266249656677246, -5.268443584442139, -5.270805835723877, -5.273337364196777, -5.276037216186523, -5.278905868530273, -5.281943321228027, -5.285149574279785, -5.288524627685547, -5.2920684814453125, -5.295781135559082, -5.299662113189697, -5.303712368011475, -5.307930946350098, -5.312318801879883, -5.3168745040893555, -5.321599960327148, -5.326493263244629, -5.3315558433532715, -5.336787223815918, -5.342187404632568, -5.3477559089660645, -5.353493690490723, -5.359399795532227, -5.365474700927734, -5.371718406677246, -5.378130912780762, -5.384712219238281, -5.391462326049805, -5.398380756378174, -5.405468463897705, -5.41272497177124, -5.420149803161621, -5.427743434906006, -5.4355058670043945, -5.443437099456787, -5.451537132263184, -5.459805965423584, -5.468243598937988, -5.4768500328063965, -5.48562479019165, -5.494568347930908, -5.503681182861328, -5.512962341308594, -5.522412300109863, -5.532031059265137, -5.541818618774414, -5.551774501800537, -5.561899662017822, -5.572193622589111, -5.582655906677246, -5.593286991119385, -5.6040873527526855, -5.615056037902832, -5.626193523406982, -5.637499809265137, -5.648974895477295, -5.660618305206299, -5.672430992126465, -5.684412479400635, -5.69656229019165, -5.70888090133667, -5.721368312835693, -5.734024524688721, -5.746849536895752, -5.759843826293945, -5.773005962371826, -5.786337375640869, -5.799837112426758, -5.813506126403809, -5.827343463897705, -5.8413496017456055, -5.855525016784668, -5.869868278503418, -5.88438081741333, -5.899062156677246, -5.913912296295166, -5.92893123626709, -5.944118499755859, -5.959474563598633, -5.974999904632568, -5.99069356918335, -6.006555557250977, -6.022587299346924, -6.038787364959717, -6.0551557540893555, -6.071693420410156, -6.088399887084961, -6.105274677276611, -6.122318267822266, -6.139531135559082, -6.156912326812744, -6.17446231842041, -6.192180633544922, -6.210068702697754, -6.228124618530273, -6.246349334716797, -6.264743804931641, -6.283306121826172, -6.302037239074707, -6.320937156677246, -6.340006351470947, -6.359243392944336, -6.378649711608887, -6.398224353790283, -6.41796875, -6.437880992889404, -6.4579620361328125, -6.478212356567383, -6.498631000518799, -6.519218444824219, -6.539974689483643, -6.56089973449707, -6.581993579864502, -6.603255748748779, -6.624687671661377, -6.646287441253662, -6.668056011199951, -6.689992904663086, -6.712100028991699, -6.734374523162842, -6.7568182945251465, -6.779431343078613, -6.802212238311768, -6.825162410736084, -6.848280429840088, -6.87156867980957, -6.89502477645874, -6.918649673461914, -6.942442893981934, -6.966405868530273, -6.990537166595459, -7.01483678817749, -7.039306163787842, -7.063943386077881, -7.088749408721924, -7.113724231719971, -7.138868808746338, -7.164180755615234, -7.189661979675293, -7.215312480926514, -7.24113130569458, -7.267118453979492, -7.293274402618408, -7.319599628448486, -7.346093654632568, -7.372756004333496, -7.399588108062744, -7.4265875816345215, -7.453756332397461, -7.481093406677246, -7.508600234985352, -7.5362749099731445, -7.564118385314941, -7.592130661010742, -7.620312690734863, -7.648662090301514, -7.677180767059326, -7.705869197845459, -7.734724998474121, -7.763749599456787, -7.792943000793457, -7.822306156158447, -7.851837635040283, -7.881536960601807, -7.911406517028809, -7.941443920135498, -7.971649646759033, -8.00202465057373, -8.03256893157959, -8.063281059265137, -8.094161987304688, -8.125212669372559, -8.156431198120117, -8.18781852722168, -8.219374656677246, -8.251100540161133, -8.28299331665039, -8.315055847167969, -8.347286224365234, -8.379687309265137, -8.412256240844727, -8.444993019104004, -8.477900505065918, -8.510974884033203, -8.544218063354492, -8.577630043029785, -8.611212730407715]
volume 	 [-8.611212730407715, -8.577630996704102, -8.544219017028809, -8.510974884033203, -8.477900505065918, -8.44499397277832, -8.412256240844727, -8.379687309265137, -8.347288131713867, -8.315056800842285, -8.28299331665039, -8.251100540161133, -8.219374656677246, -8.18781852722168, -8.156431198120117, -8.125212669372559, -8.094162940979004, -8.063282012939453, -8.03256893157959, -8.00202465057373, -7.971650123596191, -7.941443920135498, -7.911406517028809, -7.881537437438965, -7.851837635040283, -7.822306156158447, -7.792943477630615, -7.763750076293945, -7.734724998474121, -7.705869197845459, -7.677181243896484, -7.64866304397583, -7.620312690734863, -7.5921311378479, -7.564118385314941, -7.5362749099731445, -7.508600234985352, -7.481093406677246, -7.453756332397461, -7.4265875816345215, -7.399587154388428, -7.372756481170654, -7.346094131469727, -7.319599628448486, -7.293274879455566, -7.26711893081665, -7.24113130569458, -7.215312480926514, -7.189662456512451, -7.164181232452393, -7.138868808746338, -7.113724708557129, -7.088749885559082, -7.063943386077881, -7.039306163787842, -7.014837265014648, -6.990537643432617, -6.966405868530273, -6.942443370819092, -6.918649673461914, -6.895025253295898, -6.87156867980957, -6.848280906677246, -6.825162410736084, -6.802212238311768, -6.779430866241455, -6.756818771362305, -6.734375, -6.712100028991699, -6.689993858337402, -6.668056011199951, -6.646287441253662, -6.624687194824219, -6.6032562255859375, -6.581993579864502, -6.56089973449707, -6.539974689483643, -6.519218921661377, -6.498631000518799, -6.478212356567383, -6.4579620361328125, -6.437880992889404, -6.41796875, -6.398224830627441, -6.378649711608887, -6.359243869781494, -6.340006351470947, -6.320937633514404, -6.302037239074707, -6.283306121826172, -6.264743804931641, -6.246349811553955, -6.228124618530273, -6.210068702697754, -6.19218111038208, -6.17446231842041, -6.156912326812744, -6.139531135559082, -6.122318267822266, -6.105274677276611, -6.088399887084961, -6.071693420410156, -6.055156230926514, -6.038787364959717, -6.022587299346924, -6.006556034088135, -5.99069356918335, -5.974999904632568, -5.959475040435791, -5.944118499755859, -5.92893123626709, -5.913912296295166, -5.899062156677246, -5.884381294250488, -5.869868278503418, -5.855525016784668, -5.841350078582764, -5.827343463897705, -5.813506126403809, -5.799837112426758, -5.786337375640869, -5.773005962371826, -5.759843826293945, -5.74685001373291, -5.734025001525879, -5.721368312835693, -5.708881378173828, -5.69656229019165, -5.684412479400635, -5.672430992126465, -5.660618782043457, -5.648974895477295, -5.637499809265137, -5.626193523406982, -5.615056037902832, -5.6040873527526855, -5.593287467956543, -5.582655906677246, -5.572193622589111, -5.561899662017822, -5.551774978637695, -5.541818618774414, -5.532031059265137, -5.522412300109863, -5.512962341308594, -5.503681182861328, -5.494568347930908, -5.48562479019165, -5.4768500328063965, -5.468243598937988, -5.459805965423584, -5.451537132263184, -5.443437099456787, -5.4355058670043945, -5.427743434906006, -5.420149803161621, -5.41272497177124, -5.405468463897705, -5.398381233215332, -5.391462326049805, -5.384712219238281, -5.378130912780762, -5.371718406677246, -5.365474700927734, -5.359399795532227, -5.353493690490723, -5.3477559089660645, -5.342187404632568, -5.336787223815918, -5.3315558433532715, -5.326493740081787, -5.321599960327148, -5.316874980926514, -5.312318801879883, -5.307930946350098, -5.303712368011475, -5.299662113189697, -5.295781135559082, -5.2920684814453125, -5.288524627685547, -5.285149574279785, -5.281943321228027, -5.278905868530273, -5.276037216186523, -5.273337364196777, -5.270805835723877, -5.268443584442139, -5.266249656677246, -5.264225006103516, -5.262368679046631, -5.26068115234375, -5.259162425994873, -5.257812023162842, -5.256630897521973, -5.255618572235107, -5.254775047302246, -5.2540998458862305, -5.253593444824219, -5.253255844116211, -5.253087520599365, -5.253087520599365, -5.253255844116211, -5.253593444824219, -5.2540998458862305, -5.254775047302246, -5.255618572235107, -5.256630897521973, -5.257812023162842, -5.259162425994873, -5.26068115234375, -5.262368679046631, -5.264225006103516, -5.266249656677246, -5.268443584442139, -5.270805835723877, -5.273337364196777, -5.276037216186523, -5.278905868530273, -5.281943321228027, -5.285149574279785, -5.288524627685547, -5.2920684814453125, -5.295781135559082, -5.299662113189697, -5.303712368011475, -5.307930946350098, -5.312318801879883, -5.3168745040893555, -5.321599960327148, -5.326493263244629, -5.3315558433532715, -5.336787223815918, -5.342187404632568, -5.3477559089660645, -5.353493690490723, -5.359399795532227, -5.365474700927734, -5.371718406677246, -5.378130912780762, -5.384712219238281, -5.391462326049805, -5.398380756378174, -5.405468463897705, -5.41272497177124, -5.420149803161621, -5.427743434906006, -5.4355058670043945, -5.443437099456787, -5.451537132263184, -5.459805965423584, -5.468243598937988, -5.4768500328063965, -5.48562479019165, -5.494568347930908, -5.503681182861328, -5.512962341308594, -5.522412300109863, -5.532031059265137, -5.541818618774414, -5.551774501800537, -5.561899662017822, -5.572193622589111, -5.582655906677246, -5.593286991119385, -5.6040873527526855, -5.615056037902832, -5.626193523406982, -5.637499809265137, -5.648974895477295, -5.660618305206299, -5.672430992126465, -5.684412479400635, -5.69656229019165, -5.70888090133667, -5.721368312835693, -5.734024524688721, -5.746849536895752, -5.759843826293945, -5.773005962371826, -5.786337375640869, -5.799837112426758, -5.813506126403809, -5.827343463897705, -5.8413496017456055, -5.855525016784668, -5.869868278503418, -5.88438081741333, -5.899062156677246, -5.913912296295166, -5.92893123626709, -5.944118499755859, -5.959474563598633, -5.974999904632568, -5.99069356918335, -6.006555557250977, -6.022587299346924, -6.038787364959717, -6.0551557540893555, -6.071693420410156, -6.088399887084961, -6.105274677276611, -6.122318267822266, -6.139531135559082, -6.156912326812744, -6.17446231842041, -6.192180633544922, -6.210068702697754, -6.228124618530273, -6.246349334716797, -6.264743804931641, -6.283306121826172, -6.302037239074707, -6.320937156677246, -6.340006351470947, -6.359243392944336, -6.378649711608887, -6.398224353790283, -6.41796875, -6.437880992889404, -6.4579620361328125, -6.478212356567383, -6.498631000518799, -6.519218444824219, -6.539974689483643, -6.56089973449707, -6.581993579864502, -6.603255748748779, -6.624687671661377, -6.646287441253662, -6.668056011199951, -6.689992904663086, -6.712100028991699, -6.734374523162842, -6.7568182945251465, -6.779431343078613, -6.802212238311768, -6.825162410736084, -6.848280429840088, -6.87156867980957, -6.89502477645874, -6.918649673461914, -6.942442893981934, -6.966405868530273, -6.990537166595459, -7.01483678817749, -7.039306163787842, -7.063943386077881, -7.088749408721924, -7.113724231719971, -7.138868808746338, -7.164180755615234, -7.189661979675293, -7.215312480926514, -7.24113130569458, -7.267118453979492, -7.293274402618408, -7.319599628448486, -7.346093654632568, -7.372756004333496, -7.399588108062744, -7.4265875816345215, -7.453756332397461, -7.481093406677246, -7.508600234985352, -7.5362749099731445, -7.564118385314941, -7.592130661010742, -7.620312690734863, -7.648662090301514, -7.677180767059326, -7.705869197845459, -7.734724998474121, -7.763749599456787, -7.792943000793457, -7.822306156158447, -7.851837635040283, -7.881536960601807, -7.911406517028809, -7.941443920135498, -7.971649646759033, -8.00202465057373, -8.03256893157959, -8.063281059265137, -8.094161987304688, -8.125212669372559, -8.156431198120117, -8.18781852722168, -8.219374656677246, -8.251100540161133, -8.28299331665039, -8.315055847167969, -8.347286224365234, -8.379687309265137, -8.412256240844727, -8.444993019104004, -8.477900505065918, -8.510974884033203, -8.544218063354492, -8.577630043029785, -8.611212730407715]
loss_function_weights_cosine 	 [-1.0, 0.0, 0.0, 0.0, 0.0, 0.0, 0.0, 0.0, 0.0, 0.0]
loss_function_weights_sine 	 [0.0, 0.4000000059604645, -0.25999999046325684, 0.0, 0.0, 0.0, 0.0, 0.0, 0.0, 0.0]
=======
4 1.7175 1.9145
6 1.29 1.2888
6 1.7325 1.8084
4 0.615 0.7829
5 2.4375 2.5453
6 2.4675 2.6318
7 1.9575 2.1156
7 0.48 0.4378
5 1.56 1.4934
5 0.9825 1.2038
5 0.75 0.981
4 2.8575 2.2445
6 2.9925 2.5844
7 0.135 0.511
7 2.58 2.6435
5 1.8075 1.7773
4 1.1475 1.4314
7 0.8475 0.9943
4 2.025 1.9023
5 1.3725 1.2978
7 2.055 2.0506
7 1.9875 2.1242
6 0.3975 0.5667
5 2.3025 2.1553
6 2.9475 2.4935
6 2.91 2.6811
4 1.8375 1.7758
5 0.135 0.5278
7 0.015 0.5425
6 0.405 0.4124
7 2.82 2.6427
4 0.9075 1.1377
5 1.095 1.0552
5 2.6925 2.375
7 0.945 0.8632
4 1.65 1.6943
5 1.305 1.355
4 0.195 0.7978
6 1.755 1.6646
4 2.535 2.2501
4 0.4725 0.6314
4 0.675 0.6418
5 1.2375 1.2679
4 0.1125 0.607
7 1.4925 1.4074
5 2.4525 2.5602
7 1.9725 1.9532
7 1.5975 1.5719
5 2.565 2.6437
5 0.45 0.62
4 1.7025 1.7701
4 1.125 1.0644
6 1.8075 1.8931
7 0.3375 0.6825
5 2.325 2.2559
5 0.2925 0.4414
6 0.5025 0.3526
4 2.4225 2.1826
6 2.8425 2.6723
5 1.2975 1.3031
6 1.245 1.354
6 0.735 0.8248
7 0.825 0.7898
4 1.8525 1.8487
5 0.5325 0.8027
7 0.36 0.5455
6 1.365 1.4052
5 0.495 0.7133
6 1.9425 2.0678
4 2.46 2.3763
5 2.3325 2.3266
4 1.44 1.5296
4 1.0425 1.0405
4 1.305 1.2507
6 0.015 0.3448
7 2.1375 2.1839
7 0.9975 0.9894
5 0.96 1.0704
4 0.24 0.6374
7 1.3425 1.2659
7 1.7475 1.6596
4 1.17 0.9132
7 2.61 2.6741
7 2.0175 2.0604
7 0.7275 0.8222
5 1.575 1.6201
6 2.73 2.4841
6 1.56 1.5343
6 1.8075 1.8113
6 0.1875 0.4478
7 1.47 1.4867
6 1.3875 1.3631
5 1.2 1.0731
4 1.26 1.0286
4 1.755 1.6923
5 1.6125 1.6845
4 1.47 1.4686
4 0.495 0.7329
4 1.3275 1.2092
5 2.9025 2.4915
6 1.245 1.1472
4 0.105 0.5863
6 0.0075 0.3548
4 1.605 1.3379
5 0.15 0.6228
4 0.2775 0.7047
4 0.33 0.7242
7 1.365 1.3868
7 2.9775 2.6969
5 1.455 1.3645
5 1.3725 1.4038
4 1.3125 1.6267
6 1.5 1.4263
5 1.3425 1.3487
6 2.175 2.2129
7 2.6925 2.7329
6 2.0925 2.1508
7 1.2675 1.259
5 1.95 1.9513
6 2.73 2.632
6 0.4575 0.6427
5 0.7125 0.5089
4 1.86 1.8275
4 2.0625 2.234
6 1.9275 1.9579
7 1.7625 1.7234
6 2.49 2.5896
5 1.44 1.4288
6 2.4225 2.317
5 2.8875 2.4677
5 1.305 1.3809
4 2.58 2.2527
5 2.1525 2.2788
7 2.6625 2.5112
4 0.135 0.5981
6 2.7375 2.4961
4 2.3025 2.301
5 2.8875 2.5837
7 2.9475 2.6142
7 0.855 0.8937
4 2.01 1.7442
4 0.4275 0.7414
7 1.785 1.7264
7 2.76 2.7243
4 0.5775 0.6457
7 1.05 0.9552
6 0.24 0.3509
6 0.585 0.3378
5 0.6225 0.6759
4 0.285 0.6006
6 2.9925 2.6434
5 2.6625 2.3872
7 1.395 1.4159
6 2.2275 2.3759
5 2.085 2.3783
5 1.5675 1.5746
4 1.2675 1.2675
7 1.995 2.0225
6 1.665 1.8322
5 0.795 0.8116
6 1.095 1.2535
6 1.8825 1.9848
5 1.8825 1.8316
5 0.63 0.6788
5 1.83 1.7367
5 2.625 2.3414
4 2.6175 2.2522
4 1.9575 1.775
7 0.21 0.3142
5 1.2675 1.3308
5 0.27 0.5152
5 0.165 0.494
5 0.765 0.5994
7 1.3725 1.3545
5 2.28 2.3371
4 1.89 2.0393
5 0.8475 0.7922
5 2.085 1.9848
6 1.5225 1.4039
6 1.5225 1.5238
4 0.7875 0.7873
6 1.3275 1.417
5 1.0275 1.0445
6 2.1825 2.2433
5 1.4475 1.306
7 1.3425 1.3316
5 1.4325 1.4445
6 1.44 1.5222
4 2.07 2.1321
6 2.16 2.1811
7 2.4 2.5253
5 1.215 1.2016
5 2.3775 2.3021
5 2.895 2.5064
5 2.9775 2.5064
5 2.16 2.0908
5 0.195 0.5625
5 2.5425 2.317
5 2.5125 2.353
4 0.0525 0.5612
4 0.9825 0.9969
4 0.9675 0.7971
7 2.22 2.3932
7 1.83 1.8704
6 0.8475 1.083
5 0.5625 0.8709
6 0.5025 0.8581
5 0.285 0.4416
7 2.37 2.4451
5 2.805 2.2884
5 0.66 0.8221
6 2.235 2.2808
5 2.85 2.5433
6 0.5775 0.3631
7 1.7175 1.7104
5 1.32 1.276
5 2.925 2.4992
7 2.61 2.6758
7 0.045 0.2747
4 0.6075 1.2257
4 2.5425 2.1773
7 1.725 1.7583
7 1.5675 1.5147
5 2.43 2.5212
4 2.295 2.3465
5 2.865 2.4212
5 0.9825 0.8766
6 0.1425 0.4864
6 2.0775 2.1931
7 0.15 0.1832
6 1.695 1.6944
7 2.58 2.7227
4 1.1925 1.092
5 1.8 1.8356
4 0.5175 0.4993
5 0.4725 0.5559
5 1.815 1.6449
4 2.595 2.1254
5 2.9925 2.4125
5 0.09 0.3716
7 2.76 2.6741
6 1.53 1.4856
4 1.05 0.6482
7 1.1925 1.3146
6 1.7325 1.6965
5 1.0425 1.0126
4 0.435 0.4531
4 2.595 2.2518
4 2.1225 2.1848
5 1.83 1.957
6 2.1675 2.1634
6 2.955 2.5704
7 0.525 0.4108
4 2.475 2.4516
5 2.4675 2.4552
4 1.0275 0.7304
7 1.68 1.6648
7 1.3725 1.4121
4 0.585 0.6117
6 1.2975 1.3604
5 0.4575 0.5883
4 2.7975 2.0762
5 0.5625 0.4549
6 1.905 1.871
4 1.71 1.7195
7 2.925 2.7572
5 2.3775 2.2802
5 1.08 1.1291
6 1.125 1.1949
5 0.15 0.5
4 0.1575 0.5518
4 0.93 1.1178
6 2.85 2.5065
6 0.15 0.3245
6 0.5325 0.5779
6 1.905 2.0757
4 1.08 0.6823
5 0.555 0.4687
4 2.8425 2.2286
7 0.1275 0.2903
5 1.7925 1.7746
6 1.29 1.4066
5 1.035 1.2378
5 0.585 0.4555
6 0.4875 0.5325
7 1.215 1.1304
7 2.2575 2.3228
4 1.4025 1.6961
5 2.3325 2.3873
4 2.6325 2.4639
4 0.5175 0.6861
7 2.64 2.5724
5 1.7475 1.697
7 1.26 1.2782
7 1.5375 1.5023
5 2.67 2.4773
4 1.1775 1.0602
6 0.285 0.3813
7 2.88 2.7087
4 0.3525 0.5577
7 0.3225 0.5917
4 2.1675 1.9202
5 0.93 0.6735
5 0.87 0.5743
6 1.95 1.9102
5 2.6775 2.4289
4 1.035 1.1177
4 2.7225 2.365
4 1.86 1.572
5 1.8225 1.8139
6 1.5975 1.6131
5 0.0375 0.4549
7 0.4725 0.3472
5 2.0325 2.2649
6 2.0775 2.0774
7 0.2925 0.238
6 1.9125 1.8658
7 1.425 1.4875
7 1.7325 1.72
6 1.2 1.1532
6 0.6525 0.4803
5 1.065 0.901
5 2.91 2.4095
6 0.5625 0.4163
6 2.5875 2.3729
5 1.59 1.3903
5 0.225 0.5222
6 2.43 2.6001
6 0.0525 0.4653
5 2.5125 2.5381
5 1.0125 1.0514
7 2.7525 2.7056
6 2.1825 2.1915
4 1.0725 0.991
6 1.875 1.8261
6 2.9625 2.5297
7 0.51 0.3271
5 0.615 0.5869
4 0.87 0.5422
7 2.46 2.4332
4 0.7425 0.6324
6 0.7425 0.8161
5 1.845 1.9128
7 1.755 1.7459
7 1.2525 1.2291
7 1.65 1.7067
4 0.09 0.6487
6 0.015 0.3322
5 0.0825 0.4646
6 0.165 0.364
6 2.31 2.4313
7 2.94 2.7386
7 0.375 0.3935
7 1.155 1.0807
4 0.045 0.8356
7 1.305 1.3676
6 1.9875 2.0438
5 1.875 1.7615
6 2.7075 2.5672
7 1.6575 1.6682
4 0.1575 0.6284
6 1.1325 1.2082
6 1.38 1.3104
7 1.005 1.0373
4 0.105 0.6617
4 1.8825 1.428
6 1.47 2.3596
4 2.13 1.9496
5 1.095 1.1895
5 0.21 0.555
7 0.795 0.8679
7 0.525 0.5277
7 1.38 1.3208
4 0.4575 0.7438
7 0.2325 0.2201
5 1.575 1.5172
4 0.42 0.656
6 0.315 0.6117
6 0.36 0.374
7 2.115 2.0917
4 2.4225 2.4853
7 2.43 2.5248
6 1.725 1.7802
7 1.905 1.9191
6 2.2575 2.4882
6 1.2825 1.2944
7 1.53 1.4892
4 2.1375 1.9539
7 1.905 1.9235
5 1.83 1.7459
6 1.9425 2.1467
5 1.605 1.5039
7 0.645 0.6057
7 0.915 0.9071
4 2.0775 2.043
4 1.26 1.4878
6 2.5725 2.516
6 1.125 1.1302
4 2.01 1.7822
4 0.345 0.5106
5 0.9 0.9386
4 2.55 2.2254
6 0.525 0.3557
6 1.875 1.7527
5 0.0825 0.4495
6 1.83 1.7538
4 1.3575 1.3892
7 2.7 2.6566
5 2.475 2.467
6 2.3175 2.3097
6 1.0125 1.0647
7 2.01 2.0605
6 0.465 0.6792
6 1.47 1.4796
5 1.17 1.173
6 1.41 1.5078
6 0.825 0.8955
5 0.6375 0.3707
7 1.56 1.5232
7 1.9575 1.8868
6 1.6875 1.8917
6 2.8575 2.5741
5 1.6725 1.5725
6 0.45 0.5647
7 1.9275 1.9419
5 0.9525 0.965
5 2.8125 2.1366
5 0.39 0.508
7 1.3725 1.319
4 2.0175 1.7612
6 2.91 2.8029
7 1.5675 1.6451
6 1.14 1.2129
4 2.3325 2.2945
6 2.3625 2.3058
6 2.7375 2.5578
5 2.1675 2.402
7 0.3825 0.1466
4 2.9775 2.2208
6 2.79 2.5617
4 1.305 1.1389
6 1.98 1.9586
5 2.505 2.4829
6 2.7525 2.3473
4 2.1675 1.9277
5 0.27 0.4783
5 0.2025 0.3862
5 1.1025 1.2046
6 1.365 1.3573
7 0.9375 0.8875
6 2.25 2.1553
4 2.2875 2.2053
5 1.2 1.1295
5 2.0925 1.9678
6 0.5775 0.7297
4 2.8575 2.4412
4 0.7275 0.7292
5 0.465 0.6086
7 1.1475 1.1543
4 2.5875 2.431
4 1.7925 1.6146
5 2.055 1.9957
4 2.4525 1.9848
7 1.155 1.1614
4 2.88 2.2667
7 2.9625 2.6938
6 1.605 1.6076
7 2.25 2.3355
4 2.565 2.3808
7 1.7775 1.6899
5 0.39 0.4777
7 1.9725 1.9385
4 1.365 1.1484
7 2.565 2.5227
6 0.63 0.4172
7 0.0375 0.3531
5 0.54 0.7547
4 0.51 0.7132
6 1.155 1.17
7 0.6225 0.6351
6 1.005 0.8533
6 1.77 1.9121
5 0.465 0.4778
4 1.455 1.5909
7 1.065 0.9818
5 0.015 0.8465
4 2.025 2.2771
7 1.5075 1.5451
5 2.325 2.2423
6 2.6325 2.4858
7 0.1425 0.1822
5 2.145 2.1695
4 1.38 1.2868
7 2.625 2.704
7 0.345 0.2837
7 2.52 2.4501
4 1.29 1.4747
4 0.2775 0.4921
5 1.3875 1.459
5 2.6325 2.585
4 0.2175 0.5634
6 1.1325 1.0884
7 0.24 0.4973
5 0.0225 0.4957
5 2.4825 2.3671
7 1.65 1.7273
5 1.71 1.8436
6 2.7 2.7365
6 0.255 0.3352
5 2.835 2.4883
5 2.2575 2.1033
4 2.55 2.3434
5 2.445 2.4647
4 1.185 1.2518
7 0.0675 0.2663
5 2.9925 2.2388
7 1.8975 1.859
5 2.1375 2.0617
6 2.085 2.0038
5 0.9 0.9592
7 1.9725 2.0465
7 1.35 1.3769
5 0.6825 0.4724
5 1.5 1.4966
4 1.4025 1.3701
5 0.9075 1.0735
7 2.25 2.2935
5 2.73 2.242
7 1.7925 1.7997
6 0.0675 0.3262
6 1.635 1.5966
5 1.89 2.0152
7 2.445 2.5132
7 0.9075 0.9438
5 0.705 0.6185
6 1.1175 1.1611
7 0.48 0.4119
4 2.34 2.0781
5 0.0825 0.4321
7 1.695 1.7171
4 2.4975 2.3533
6 0.0975 0.2984
5 0.495 0.6992
4 2.9775 2.3208
6 0.9225 1.0066
4 2.3025 2.3466
4 0.0825 0.7333
5 1.4025 1.3673
4 0.1275 0.5936
7 0.735 0.7876
6 0.0525 0.7225
5 2.04 2.1984
4 1.365 1.2475
5 1.0575 0.9414
6 1.26 1.2882
7 2.04 2.0133
4 0.78 0.7111
4 0.465 0.5409
6 0.1275 0.4615
7 1.965 1.9725
4 1.995 2.2084
6 0.72 0.802
7 1.545 1.547
5 2.91 2.2744
6 1.4175 1.3315
5 2.295 2.336
4 1.05 1.1825
7 1.6575 1.5836
7 2.3325 2.4694
5 2.0925 2.1492
5 1.7925 1.9133
5 0.885 0.7727
5 0.1725 0.4362
5 1.4475 1.3395
4 2.1675 2.1788
4 1.08 1.2466
5 2.1825 2.2448
5 1.41 1.4027
4 0.21 0.8567
5 1.74 1.8442
7 1.65 1.7172
4 0.9675 1.0759
4 0.6 0.9352
7 2.955 2.7102
6 1.755 1.6907
7 2.175 2.1551
4 0.1275 0.8643
7 2.1975 2.2329
7 0.4875 0.5829
4 1.4475 1.3444
5 1.1775 1.111
7 1.17 1.156
7 2.37 2.2986
6 0.6075 0.7417
6 2.835 2.7272
7 2.55 2.5417
5 1.4775 1.5864
5 2.625 2.4657
6 1.65 1.6571
7 2.7525 2.4437
4 1.4625 1.3597
5 2.9325 2.1024
6 2.235 2.3573
7 1.9725 2.0598
6 2.985 2.6492
4 2.085 2.155
5 0.735 0.8735
5 1.9425 2.0108
7 0.51 0.4778
4 1.215 1.2556
7 2.1075 2.0352
6 0.57 0.4121
7 1.2675 1.2692
6 0.69 0.4811
6 1.245 1.2663
6 0.6975 0.813
4 2.1075 2.1531
4 2.505 2.2907
6 1.44 1.3713
4 2.1375 2.1566
5 2.265 2.2354
4 2.4225 2.4773
6 2.4075 2.4577
7 1.9725 2.0708
5 2.2125 2.1733
6 2.19 2.3582
6 1.5675 1.5537
6 2.385 2.6896
4 0.57 1.1574
4 2.16 2.2358
6 1.9125 1.9328
7 1.62 1.5617
6 1.815 1.767
6 2.7525 2.6476
4 2.37 2.2794
5 2.07 1.8852
7 2.7 2.769
7 2.6175 2.8406
5 0.9825 0.9347
6 2.58 2.5818
5 2.655 2.4393
7 1.7475 1.8034
6 2.775 2.4823
7 0.525 0.3833
4 2.4075 2.2141
7 0.7275 0.7917
4 1.2 1.0708
4 1.5225 1.4606
6 1.2675 1.2756
7 1.5525 1.5001
4 0.2775 0.622
5 0.18 0.5222
5 2.175 2.1235
6 0.81 0.522
6 0.8325 0.84
7 2.1 2.1456
5 2.2725 2.2666
7 1.605 1.5927
6 2.4525 2.652
4 1.05 0.9533
7 2.67 2.6007
5 1.9125 1.7914
6 2.5425 2.5975
6 2.445 2.5501
5 2.1 2.0677
4 2.775 2.4559
5 2.265 2.5144
4 1.35 1.1123
4 0.3525 0.6603
7 1.2075 1.3276
4 1.845 2.2093
4 0.0675 0.5169
5 1.7925 1.7134
5 1.2225 1.2768
4 1.425 1.4485
4 0.195 0.6996
4 0.2325 0.6334
7 1.9425 1.9283
6 0.81 0.9149
7 0.465 0.4587
5 2.6025 2.4891
6 0.1725 0.5064
7 2.1075 2.1254
5 2.4675 2.5498
6 2.6925 2.441
7 1.98 1.9107
6 0.1575 0.2955
6 1.3125 1.2595
4 2.625 2.2879
7 1.23 1.3784
6 1.605 1.5904
6 2.2275 2.2351
6 1.7325 1.7857
4 1.08 1.3032
4 1.7775 1.6123
6 1.395 1.5026
6 0.9975 1.0455
6 0.21 0.3261
6 0.78 0.7347
7 2.985 2.6685
7 0.8775 0.8773
5 1.0425 0.9554
5 2.94 2.4735
4 0.3075 0.7857
5 0.7575 0.8248
4 1.1325 1.0381
4 1.395 1.4429
5 1.215 1.2566
4 0.825 0.7079
4 0.45 0.6168
4 1.665 1.5765
5 0.51 0.424
5 0.0075 0.487
6 2.28 1.9964
6 2.2875 2.3005
5 1.08 0.9822
4 2.6475 2.2045
5 0.48 0.5548
4 2.7 2.4874
4 2.0475 1.9817
5 2.01 2.1637
5 0.15 0.4832
7 2.2875 2.5537
6 0.51 0.5592
6 1.605 1.6826
6 1.65 1.6965
6 0.18 0.4315
4 0.885 0.7719
6 2.76 2.6876
7 2.28 2.1448
5 0.9225 0.9765
6 2.9325 2.3314
5 0.2175 0.958
7 1.9575 1.9606
4 2.4075 2.3115
5 2.5425 2.5212
6 1.9425 1.9995
5 2.22 2.2503
5 0.7425 0.4979
7 2.3475 2.3901
6 2.04 2.2737
6 1.725 1.7501
7 0.8025 0.8409
6 2.0175 1.9552
7 0.15 0.3737
6 1.5075 1.6305
5 1.9725 1.9558
4 1.0125 0.9857
6 1.8 1.7138
5 0.165 0.4979
7 1.005 1.078
5 1.47 1.5318
7 2.4825 2.3838
6 1.6125 1.5077
7 2.79 2.6735
5 1.1175 1.1519
6 2.6775 2.5356
7 1.7475 1.7886
5 1.41 1.3986
5 0.5475 0.8792
7 2.4825 2.5924
7 2.385 2.5733
4 1.1625 0.8763
4 0.9675 0.9114
4 0.825 0.6047
6 1.02 0.9935
7 0.27 0.423
6 2.565 2.5706
4 1.305 1.1586
7 0.5325 0.6738
6 2.0475 2.1034
7 0.525 0.3669
5 2.64 2.1905
4 0.015 0.7406
5 1.6575 1.7246
5 1.92 2.0444
7 1.0275 1.0345
6 0.5775 0.674
4 2.7 2.2891
6 1.7775 1.6649
4 2.085 2.1206
4 0.495 0.5555
7 0.03 0.6672
7 2.7225 2.5927
7 0.5625 0.588
7 0.165 0.2609
7 2.3325 2.179
6 1.7025 1.6799
5 0.0525 0.4678
5 1.6725 1.6755
6 1.53 1.5173
7 2.7675 2.4936
5 1.77 2.0166
6 0.45 0.2815
6 1.875 1.882
6 2.4 2.301
7 2.9025 2.7792
4 0.93 0.9651
6 1.7325 1.791
7 0.1425 0.3611
5 2.865 2.383
7 0.4275 0.509
4 1.9575 2.089
5 2.565 2.1934
4 1.44 1.3169
6 2.9325 2.3418
7 1.2225 1.2527
7 1.7025 1.6302
6 2.5575 2.699
6 0.0525 0.4724
5 2.5875 2.1157
4 2.535 2.3347
4 0.495 0.8889
6 2.0925 2.0789
6 0.825 0.9401
7 0.5775 0.531
6 1.53 1.4397
5 2.1375 2.249
5 1.14 1.2377
4 1.02 1.0175
6 0.675 0.4968
4 1.725 1.684
6 1.7475 1.6372
5 2.6025 2.1753
5 2.505 2.4066
5 0.0225 0.5754
7 0.4425 0.4551
7 0.3975 0.4031
7 0.8175 0.8935
6 2.2275 2.1651
5 1.47 1.3639
4 2.19 2.1487
4 2.5275 2.4078
7 1.11 1.0016
5 0.0075 0.7207
7 0.6375 0.689
6 1.8525 1.8446
6 1.7175 1.6927
7 0.615 0.6026
5 2.265 2.3694
6 0.09 0.3877
7 0.465 0.2952
5 1.5525 1.5015
7 1.815 1.7489
7 2.7525 2.4791
5 1.155 1.0455
5 2.4375 2.1345
6 1.4175 1.4034
4 0.9075 0.8272
7 2.8575 2.6998
7 1.485 1.4753
5 2.1225 1.8866
5 0.8775 0.9922
7 2.655 2.7114
4 1.4325 1.5267
5 0.1425 0.5396
5 0.2025 0.534
5 1.0575 0.992
5 1.2825 1.1801
5 0.33 0.441
7 2.55 2.625
5 1.6725 1.7051
6 2.8425 2.6177
4 1.95 2.0171
4 2.4 2.3156
5 0.51 0.6633
4 0.135 0.5985
4 0.6825 0.5271
6 1.26 1.322
4 0.15 0.6985
7 2.7825 2.73
5 0.9 0.7703
5 2.3775 2.5193
6 0.135 0.4912
6 2.55 2.6187
6 0.9975 0.9272
5 1.545 1.5212
6 1.83 1.7767
7 1.83 1.8351
7 0.885 0.8761
4 0.765 0.544
7 1.1625 1.0534
5 1.665 1.8822
7 0.0 0.3921
4 0.6825 1.0618
7 0.21 0.3009
7 2.4975 2.3836
6 2.1 2.1642
6 2.4975 2.3954
5 2.01 1.9891
5 0.105 0.4228
7 0.9825 1.0124
5 2.6475 2.3566
7 1.4025 1.3921
7 0.9675 1.014
5 0.4725 0.7078
7 2.7375 2.5661
5 0.285 0.6645
4 1.08 1.1246
6 0.945 1.004
5 1.9125 1.6871
6 2.7375 2.6531
5 2.22 2.2814
7 2.895 2.6947
4 0.855 0.6603
5 2.235 2.4336
4 2.1375 2.2336
6 0.1575 0.5464
4 1.725 1.7329
5 2.6325 2.5759
5 0.09 0.4883
4 0.6825 0.5667
5 1.605 1.7004
6 1.8225 1.8392
7 1.635 1.6449
4 2.6475 2.411
5 1.14 1.0796
7 1.9725 1.8925
5 1.635 1.6614
7 2.4675 2.6205
6 1.17 1.1546
4 2.76 2.5121
6 2.5425 2.4853
4 2.1675 1.9709
4 2.745 2.3928
6 1.9875 2.119
5 0.885 1.0649
7 2.88 2.6822
7 1.0575 1.1284
6 1.0425 0.9359
7 1.8825 1.8704
6 1.5 1.5404
4 2.9925 2.4389
5 1.245 1.3702
5 2.7975 2.597
6 1.35 1.3704
6 0.675 0.7978
4 1.605 1.4582
4 2.0175 1.9673
5 0.9 0.8854
5 1.7625 1.8159
6 1.3125 1.4316
4 0.0675 0.8815
6 0.195 0.481
5 1.14 0.9668
6 2.1 2.1103
7 0.4725 0.3262
6 2.8875 2.5403
7 1.0875 1.1856
6 0.3225 0.5439
7 0.5625 0.6612
6 2.76 2.3833
5 2.535 2.3161
6 1.9875 2.178
4 0.1725 0.7084
5 1.9275 2.039
4 0.0675 0.9395
5 0.705 0.7042
7 0.2025 0.3437
6 2.01 1.9379
7 2.46 2.5281
4 0.7875 1.0539
5 2.985 2.4802
5 1.6275 1.5606
7 2.55 2.5424
4 0.5925 0.9509
6 2.3925 2.5087
5 1.89 2.0184
5 0.2325 0.6389
7 2.295 2.1828
5 2.295 2.6102
7 1.1325 1.1154
7 0.795 0.7464
5 0.225 0.3662
5 1.8075 1.8666
4 0.9 0.8311
4 0.6975 0.6779
4 1.35 1.4772
5 0.3825 0.5104
7 1.98 1.9952
4 0.975 0.8653
7 0.885 1.0434
7 1.2975 1.2138
5 1.305 1.3622
4 1.305 1.2407
5 0.765 0.7237
4 2.2575 2.419
6 2.685 2.6201
4 1.695 2.1639
5 2.1675 2.1488
4 2.43 2.2908
7 0.855 0.92
6 2.61 2.5486
5 1.71 1.6147
4 1.905 1.7604
7 1.6575 1.624
5 2.655 2.6122
6 1.4775 1.4719
4 2.13 2.0682
7 0.78 0.8634
5 0.48 0.702
4 1.62 1.6411
4 2.475 2.3856
4 0.435 0.5567
6 2.175 2.2985
4 0.825 0.76
7 0.3375 0.3191
5 2.43 2.5755
4 0.1725 0.5264
4 1.26 1.3266
5 1.965 1.8268
6 2.1075 2.0799
5 2.295 2.4529
5 0.3 0.6369
4 0.39 0.6548
6 0.915 0.9853
6 2.5275 2.6141
7 2.685 2.5878
4 1.2675 1.2219
7 0.8475 0.7594
7 1.845 1.9431
5 1.29 1.1778
7 0.06 0.2318
5 1.8225 1.779
6 2.7825 2.6359
7 1.995 1.9414
6 2.175 2.0665
7 0.21 0.2087
7 1.8375 1.919
4 2.82 2.2761
5 0.8175 0.8272
7 0.96 1.0073
5 0.75 0.5897
5 1.7925 1.8166
6 1.035 0.9814
7 2.55 2.5356
7 2.0325 2.0386
7 1.635 1.6223
4 2.2875 2.0548
6 0.6225 0.7136
6 0.75 0.691
4 1.2675 1.2425
5 1.185 1.1051
5 1.32 1.1463
5 2.9625 2.2933
4 0.975 0.9256
6 2.5425 2.6168
4 2.4975 2.3658
4 0.9525 1.0194
5 1.1775 1.3225
6 0.0675 0.5684
6 2.085 2.164
6 1.455 1.4856
6 0.51 0.862
6 2.7075 2.552
6 1.3425 1.3537
7 0.7275 0.7553
4 1.425 1.1691
6 0.51 0.7941
6 0.72 0.6738
6 1.935 2.0183
7 1.965 2.0154
6 0.315 0.3492
4 2.205 2.1679
4 2.3175 2.3227
6 1.6125 1.691
5 1.83 1.6406
4 1.83 1.9119
4 2.325 2.1684
5 2.1375 2.231
4 2.355 2.338
7 1.5525 1.5144
5 1.4025 1.5251
7 0.42 0.3916
7 2.0175 1.9545
4 1.9275 1.8815
5 2.31 2.3109
7 1.9425 1.8574
5 1.485 1.334
7 0.1725 0.4697
5 1.95 1.9091
7 2.025 2.096
6 0.405 0.5733
7 0.705 0.6376
6 1.3875 1.4249
5 0.3525 0.4639
5 2.985 2.3254
5 0.2175 0.5418
6 2.1 2.0529
7 2.6175 2.6731
5 0.18 0.7135
4 1.44 1.6099
4 1.32 1.5103
7 2.9325 2.6869
7 2.88 2.6654
5 1.7475 1.951
4 2.25 2.3441
4 2.6025 2.1912
4 0.3225 0.5841
7 0.33 0.2328
6 1.92 1.8235
7 2.7225 2.566
6 2.13 2.1942
5 2.7375 2.5181
7 0.495 0.6208
5 0.825 0.6559
6 0.57 0.4553
7 1.62 1.6577
7 2.8725 2.7409
4 0.6 0.9021
4 1.335 1.4542
7 1.4025 1.4118
6 1.6425 1.5439
6 0.9 0.9926
7 1.3425 1.3559
6 0.0 0.3437
6 0.0075 0.4
6 1.575 1.5138
5 0.315 0.5668
6 1.83 1.7562
6 1.23 1.3608
5 1.2975 1.3703
7 0.8925 0.8116
4 2.5875 2.1367
7 1.035 1.0641
4 2.595 2.1196
7 0.195 0.2719
7 1.8975 1.8715
4 0.555 0.8114
5 2.775 2.5753
7 0.135 0.3155
4 2.4975 2.1761
6 2.3025 2.3637
6 1.1925 1.1627
4 0.195 0.7175
5 2.1225 2.0968
6 2.175 2.0976
7 2.3775 2.3933
5 2.04 1.9429
6 2.4675 2.364
7 1.1925 1.1591
6 1.9425 1.9805
6 2.7075 2.6433
5 0.8775 0.7351
7 0.6825 0.6744
6 0.9075 0.9853
6 0.0525 0.4085
5 2.5275 2.5045
7 0.525 0.5983
5 0.0225 0.4731
7 0.7875 0.7517
5 1.41 1.4678
6 2.7075 2.4362
7 1.05 1.0194
4 2.595 2.4339
5 2.79 2.4669
6 2.9625 2.5661
7 1.755 1.792
7 1.9725 2.0198
7 1.6575 1.6735
6 2.3625 2.4082
7 2.0625 2.1271
5 0.3075 0.5484
7 1.23 1.2255
7 2.5575 2.4352
4 1.2675 1.4162
5 2.3625 2.608
4 2.535 2.3605
7 2.3175 2.3927
7 2.1825 2.1373
6 0.9975 0.8389
5 1.5075 1.4792
5 2.5125 2.2711
5 1.305 1.3705
4 1.725 1.6481
5 0.15 0.5974
6 1.3125 1.2924
6 1.5 1.4406
5 0.4725 0.5702
7 1.1625 1.1874
4 0.2325 0.5707
4 2.9025 2.3473
6 0.42 0.4496
5 2.1525 2.2048
7 0.8025 0.9261
5 2.94 2.4688
4 2.58 2.1976
4 1.5975 1.6009
5 0.7275 0.5293
7 0.285 0.3193
4 1.2825 0.9787
4 1.005 1.167
5 0.6375 0.6353
5 2.775 2.338
6 1.8525 1.0244
7 0.3525 0.3056
6 1.395 1.3592
6 0.9825 0.9757
4 2.3775 2.3751
4 1.7175 1.7966
7 0.0525 0.4198
5 1.59 1.4834
6 1.44 1.3851
5 0.78 0.6927
7 1.3125 1.3439
7 0.78 0.658
5 0.3975 0.5077
6 0.8925 0.5338
7 2.985 2.7031
7 0.18 0.3259
5 1.7175 1.7523
5 2.46 2.5061
7 2.595 2.5955
6 1.38 1.4547
7 2.1375 2.2021
5 1.425 1.4198
5 1.7025 1.7008
4 0.4575 0.8334
4 2.46 2.3139
7 2.4075 2.4495
5 0.8025 0.924
4 1.8225 2.1396
4 0.6075 0.5488
6 2.37 2.3527
4 0.3975 0.5347
7 0.5925 0.6294
4 1.41 1.3926
4 0.9675 0.8299
5 1.32 1.2903
4 0.3675 0.8792
6 2.115 2.0945
7 0.48 0.4899
7 0.285 0.3696
4 1.62 1.84
5 2.4825 2.5881
7 1.98 1.8197
7 2.19 2.1912
4 0.78 0.5679
4 1.0875 1.1638
7 1.8 1.7285
7 0.9225 0.894
4 1.1025 1.2129
5 2.3175 2.5635
5 0.255 0.5272
6 1.9425 2.0716
4 0.885 0.9697
4 0.795 0.7387
4 2.43 2.0375
5 2.4675 2.1585
5 0.195 0.4583
6 0.2775 0.6587
5 1.08 1.0174
6 1.3275 1.303
4 1.215 1.3146
5 1.935 2.086
6 1.1175 1.1108
6 0.69 0.7362
7 2.925 2.7744
4 2.985 1.9422
4 2.445 2.2359
5 2.535 2.4557
4 2.94 2.2162
6 2.355 2.7168
7 1.695 1.6977
5 0.15 0.5766
7 0.615 0.741
6 1.7775 1.8256
6 1.4775 1.4813
6 2.5425 2.4835
4 0.0375 0.6261
4 1.2675 1.2539
4 0.2325 0.6247
5 0.84 0.949
5 1.1325 1.1501
6 2.205 2.1514
6 2.265 2.1344
4 2.0925 2.0898
6 1.305 1.2502
6 1.5675 1.54
5 2.2425 2.5034
4 2.085 2.0055
5 0.57 0.8019
6 2.5875 2.7595
4 2.4375 2.4087
7 2.175 2.504
7 1.9425 1.9549
4 1.6275 1.3639
5 0.5475 0.6822
6 0.225 0.4717
6 0.2625 0.4285
7 0.12 0.3362
4 0.675 0.5998
7 2.985 2.7916
5 1.7325 1.8935
7 0.0 0.1686
6 2.5125 2.48
5 0.165 0.484
7 1.2375 1.2686
4 1.71 1.4309
7 0.825 0.7796
6 2.595 2.6379
7 1.38 1.4593
5 1.845 2.0262
6 2.685 2.5
7 0.9975 0.9518
5 2.3325 2.493
6 2.265 2.1624
5 1.605 1.6777
6 0.9525 0.2962
6 2.9775 2.4516
5 1.35 1.3875
5 1.275 1.2637
6 1.8525 2.064
5 0.705 1.0629
7 1.3875 1.4235
4 0.8325 0.7388
6 1.665 1.6682
5 0.42 0.469
7 0.09 0.2561
6 2.085 2.394
5 0.735 0.7657
6 0.0375 0.5721
6 0.4575 0.444
6 2.385 2.1627
6 2.775 2.6202
6 2.88 2.6151
7 1.2 1.1808
4 1.3575 1.6588
4 1.7925 1.7317
6 2.79 2.3903
7 2.235 2.3251
7 2.4975 2.5622
7 0.285 0.35
4 1.635 1.4544
7 2.01 1.9521
7 0.735 0.6932
7 1.155 1.0745
6 0.225 0.2459
7 2.2725 2.1963
6 1.6425 1.5761
7 0.36 0.3132
7 2.265 2.315
6 2.8425 2.6361
4 1.4325 1.5913
5 2.7075 2.572
4 1.8075 1.6531
6 1.065 1.125
7 1.395 1.3187
7 2.895 2.7589
5 2.61 2.4586
6 1.2975 1.1529
4 1.77 1.7562
7 1.005 1.1182
5 2.5425 2.2187
6 2.4825 2.3961
7 1.0125 1.0685
4 1.05 1.0309
4 2.8425 2.0332
5 1.635 1.6371
5 0.195 0.3539
6 0.42 0.4747
5 2.5875 2.6358
7 2.79 2.6724
6 0.3975 0.4423
6 2.5275 2.4173
7 0.2325 0.269
7 0.9825 1.0035
6 1.3125 1.4019
7 2.67 2.6342
5 1.3575 1.2935
6 1.14 1.0518
7 1.5525 1.6767
6 0.1875 0.5718
5 1.47 1.3826
5 0.705 0.5446
6 0.4725 0.6027
4 0.1725 1.2057
6 2.6775 2.6483
6 0.705 0.6468
7 2.025 2.1008
7 1.2 1.1609
6 1.1925 1.2952
4 2.4825 2.4154
5 0.7575 0.7298
6 1.3575 1.351
4 1.3425 1.1878
5 2.3025 2.3882
5 2.7525 2.511
6 1.17 1.2535
7 0.135 0.1737
7 0.21 0.3635
6 1.9725 0.808
7 2.1375 2.9449
7 0.075 0.3748
6 2.925 2.6612
5 1.6425 1.5356
6 0.555 0.4968
7 0.06 0.4356
5 1.1475 1.2902
7 0.5025 0.569
7 2.745 2.7781
6 0.435 0.497
6 2.0775 2.0649
5 1.32 1.3435
7 2.775 2.6474
7 1.4475 1.4299
4 1.9425 1.93
6 2.97 2.4776
5 1.1025 1.1019
7 1.5825 1.6394
6 1.3725 1.3759
6 2.2125 2.3216
7 0.7425 0.7418
6 0.2775 0.4272
5 2.3175 2.4884
7 1.83 1.7358
6 1.41 1.4423
4 1.335 1.3925
7 2.58 2.5474
4 0.9225 0.8857
7 0.8175 0.7265
5 2.5275 2.4815
7 0.93 0.8883
4 2.4825 2.4082
5 0.165 0.7173
4 0.9675 1.0161
5 0.9225 0.5813
5 2.535 2.5688
6 1.3275 1.4551
4 2.985 2.4
6 2.2875 2.3469
6 2.085 2.1747
5 1.035 0.9784
6 1.6125 1.5763
7 1.68 1.7266
4 1.365 1.3585
4 0.33 0.5108
6 0.96 1.0196
6 1.5225 1.625
7 0.87 0.9603
6 1.6875 1.7626
7 0.84 0.9064
5 2.49 2.4829
4 0.5775 0.6096
6 2.1225 2.1253
4 2.2425 2.0201
4 2.865 2.403
5 2.3625 2.4531
4 1.56 1.6032
5 0.615 0.585
4 0.135 2.7843
7 1.71 1.6256
6 2.5125 2.6463
4 1.9275 1.7654
6 1.7325 1.7623
6 2.745 2.6174
7 2.1675 2.2097
5 1.965 1.9113
5 2.64 2.3782
6 1.845 1.8358
6 2.8125 2.495
6 0.03 0.7266
4 2.2725 2.3333
4 0.81 0.7423
4 2.9325 2.2899
6 2.6775 2.2595
7 2.445 2.5843
5 2.4975 2.3742
6 0.2775 0.4467
6 0.015 0.5196
7 1.1925 1.1774
6 0.075 0.4763
7 2.9175 2.6191
4 0.255 0.5996
4 0.9975 1.0996
4 0.825 0.6014
7 1.605 1.6982
6 2.4525 2.227
7 0.2025 0.5263
7 1.2525 1.2145
4 0.3675 0.5126
6 1.815 1.6827
5 1.6125 1.4516
7 0.3975 0.2475
4 2.0775 1.9755
5 0.51 0.4262
5 0.4725 0.6367
5 2.3325 2.2625
4 0.3975 0.5833
5 1.8225 1.7905
7 2.1675 2.253
5 0.3225 0.5854
6 2.595 2.5261
6 0.9225 0.8551
5 1.7325 1.7027
4 1.14 1.023
6 2.955 2.6895
5 2.685 2.4186
7 1.095 1.08
6 0.9675 0.9692
4 2.7375 1.9979
5 2.6325 2.5047
6 2.46 2.4528
7 2.7375 2.649
7 2.97 2.5626
5 0.7275 0.6799
4 2.8275 2.4227
7 1.7175 1.6872
7 1.56 1.686
7 1.08 1.1983
5 2.415 2.4328
4 2.0775 1.9435
4 0.0375 0.6654
7 2.7225 2.4647
5 1.5 1.5302
7 0.72 0.7631
4 1.815 1.7803
4 1.2825 1.4082
6 1.0425 1.1051
5 1.1475 1.0793
6 2.8575 2.6974
7 0.585 0.7157
5 1.5675 1.5424
4 1.3725 1.243
6 0.1725 0.6044
5 1.6275 1.7049
7 1.6875 1.6847
4 2.07 1.9966
4 1.7475 1.8422
7 0.75 0.7943
5 0.315 0.486
7 2.37 2.5092
7 2.5575 2.6626
5 0.8775 0.8437
7 1.14 1.2438
4 2.3325 2.2916
7 1.4475 1.5391
7 2.295 2.2604
7 2.7225 2.5868
7 1.2825 1.2586
5 2.8725 2.4723
4 0.8175 0.9512
5 0.5175 0.4738
4 0.7275 0.9062
7 0.3675 0.4146
4 1.7925 1.8584
6 2.3925 2.4193
6 2.9625 2.4726
7 1.335 1.3251
7 2.4675 2.469
4 2.04 2.2893
6 1.3275 1.3334
4 0.93 0.4423
4 1.2075 1.1012
6 2.445 2.5201
4 0.8775 0.6839
6 0.6975 0.5547
4 0.6075 0.5607
7 1.0575 1.0055
6 0.4875 0.3251
4 0.8025 1.1111
7 0.045 0.2312
5 2.37 2.3871
7 0.96 1.0265
4 0.99 1.0069
5 0.8325 0.7384
4 0.3075 0.859
5 0.9675 0.9936
6 1.395 1.3483
7 2.88 2.5984
4 0.9675 0.9947
4 1.245 0.9201
6 1.2 1.242
5 1.395 1.4069
4 1.8525 2.1562
5 2.0025 1.8835
6 0.93 0.9269
4 1.185 1.205
4 1.9575 1.9377
4 2.295 2.171
5 0.87 0.4624
4 0.0825 0.6961
6 2.9475 2.5193
4 1.785 1.5852
4 1.5675 1.6239
6 1.125 1.0704
6 2.2725 2.3348
6 1.1475 1.1761
4 2.9325 2.4095
4 1.08 1.2757
4 2.8275 2.2129
4 0.105 0.5034
5 1.1475 1.3028
4 1.35 1.5354
5 1.5 1.404
7 0.48 0.3672
5 2.16 2.1994
7 0.45 0.5957
6 0.4275 0.5394
7 2.7 2.5751
4 1.3125 1.3016
6 2.625 2.7398
5 1.0725 1.1079
5 2.6775 2.5206
7 0.255 0.3167
6 2.7525 2.6727
4 2.91 2.3671
7 1.9725 1.8383
6 0.5925 0.6239
6 2.8875 2.4568
5 0.81 0.6151
6 1.7175 1.8041
5 1.41 1.2335
6 2.865 2.6071
4 1.89 1.537
4 2.4225 2.3996
5 1.23 1.28
5 0.795 0.8077
5 1.005 0.9601
5 1.7325 1.8733
5 2.2875 2.4679
7 2.2575 2.3426
7 2.6175 2.4589
7 1.725 1.7869
6 1.6575 1.7649
7 1.2825 1.257
5 0.885 0.8526
7 2.235 2.3702
6 0.24 0.3278
6 1.9425 1.8883
4 0.5175 0.479
4 0.15 0.678
5 1.53 1.6213
7 2.1975 2.1133
5 1.53 1.4985
6 2.7075 2.4736
4 2.475 2.3101
6 2.145 2.0534
7 2.1525 2.1296
7 2.4825 2.6987
6 1.0725 1.1189
5 2.355 2.1323
5 0.0825 0.4649
6 2.985 2.631
5 0.525 0.5453
4 1.215 1.1593
6 1.095 1.1129
6 0.885 0.8733
7 0.27 0.3391
6 2.82 2.6615
7 2.82 2.6328
7 2.7825 2.5558
7 1.83 1.7893
6 0.51 0.5305
4 1.8975 2.268
5 2.7075 2.54
4 0.9975 0.7401
4 0.2475 0.7385
6 2.0775 2.1541
4 2.355 2.1485
5 1.2675 1.3263
6 1.71 1.6122
6 2.0775 2.2135
5 1.5675 1.6348
4 2.655 2.2364
4 0.78 0.784
6 0.555 0.5402
7 2.1825 2.2329
7 2.6775 2.4609
6 2.88 2.5032
7 0.42 0.6611
5 1.1175 0.9935
6 0.69 0.7184
5 1.6425 1.7378
6 0.8325 0.7532
5 2.0925 2.214
5 1.4325 1.2169
5 2.2725 2.3943
5 1.905 1.9836
7 2.79 2.4981
5 1.035 0.9633
6 2.16 2.2306
6 1.71 1.7185
7 1.4775 1.486
6 0.825 0.5822
7 1.155 1.1441
7 2.4225 2.3226
5 2.025 1.92
7 2.0025 1.9724
5 1.9725 1.9638
7 1.2075 1.1477
5 2.3625 2.2599
7 2.2125 2.0702
6 2.61 2.4126
5 2.3475 2.5122
6 1.755 1.7137
6 2.235 2.0868
5 0.225 0.6535
5 2.85 2.5014
5 1.1475 1.0514
5 0.51 0.5936
7 0.15 0.4056
7 2.0175 2.1005
7 0.6075 0.7077
5 2.22 2.3909
4 0.9825 0.8249
5 1.1925 1.1958
5 1.0875 1.1219
4 2.3025 2.1713
5 2.9925 2.531
7 2.745 2.6985
6 0.225 0.2933
6 0.36 0.4414
5 1.7475 1.7366
7 2.4825 2.5896
4 2.4675 2.3851
4 1.965 2.0331
6 2.5575 2.4857
6 1.785 1.7717
5 1.5225 1.573
5 0.06 0.6564
5 2.475 2.0738
6 0.555 0.423
6 1.005 0.9937
7 1.74 1.7923
7 0.8775 0.7429
7 2.85 2.5512
5 2.9625 2.3193
4 0.315 0.9001
5 2.4675 2.5053
7 1.0875 1.1418
6 1.0725 0.9371
7 1.095 1.0885
5 2.6475 2.4333
6 0.7875 0.8055
7 2.7 2.6861
6 2.1375 2.1023
5 0.645 0.7189
6 0.045 0.4275
4 1.9425 2.1923
5 1.77 1.7544
5 0.5175 0.5856
7 0.315 0.3664
5 2.865 2.4169
5 1.3425 1.3326
6 2.31 2.2853
5 0.06 0.4778
5 0.81 0.9198
6 1.2975 1.3632
5 1.08 1.0137
6 1.845 1.8293
7 2.82 2.6756
6 1.5525 1.5284
7 2.7675 2.7372
7 1.6425 1.6346
6 2.355 2.5092
5 0.6375 0.6223
4 1.245 1.3568
6 1.665 1.6469
5 0.2175 0.4021
6 2.3625 2.66
7 0.615 0.7261
6 2.8875 2.483
5 0.4575 0.4484
4 1.68 1.5546
7 2.82 2.5433
6 1.7475 1.8104
6 1.395 1.4442
7 2.4375 2.3198
5 1.4025 1.4015
5 1.65 1.6437
7 2.4525 2.5978
5 0.42 0.3227
5 0.6675 0.7726
5 0.06 0.4966
6 1.905 1.8989
4 2.4825 2.3871
4 1.8375 1.9884
7 1.5675 1.6057
6 2.1525 2.0524
5 0.0 0.4759
6 0.21 0.4945
5 0.765 0.7592
5 0.735 0.742
7 0.3525 0.4451
5 2.9925 2.5913
5 1.995 1.9963
5 2.1225 2.2793
4 2.31 2.3616
5 0.06 0.4539
5 0.3225 0.4255
6 0.1425 0.5743
5 2.7975 2.4654
7 2.52 2.663
4 2.2875 2.4735
5 1.5675 1.4742
5 2.88 2.1887
6 2.0475 2.1248
5 0.1575 0.4309
6 1.515 1.5302
7 1.1775 1.1196
5 0.6675 0.5619
4 2.9475 2.4904
5 1.3875 1.3506
7 2.31 2.1636
6 0.2775 0.5475
5 0.78 0.5246
5 0.1125 0.4537
7 2.1075 2.1688
6 2.3475 2.4613
5 1.095 0.8594
5 2.67 2.2696
4 1.4625 1.3636
4 1.8375 2.1494
4 0.585 0.6095
4 0.2325 0.9038
5 2.6325 2.5724
4 2.835 2.2906
6 0.4425 0.3989
7 0.465 0.3747
6 1.2225 1.285
7 2.28 2.3985
6 1.4775 1.4998
5 2.8425 2.5409
4 1.9575 1.7885
6 1.395 1.4948
6 0.075 0.3493
4 2.265 1.965
4 1.605 1.4962
5 2.7825 2.2938
5 0.5475 0.4732
5 0.6825 0.7699
6 1.815 1.8234
4 1.395 1.3935
4 2.2875 2.1601
7 0.5925 0.6681
7 1.08 1.164
7 2.1825 2.1254
5 2.5875 2.504
4 1.605 1.5514
5 2.0625 1.766
7 0.39 0.3758
4 1.485 1.4185
7 0.075 0.2983
6 0.645 0.5813
6 2.4225 2.4867
4 1.2525 1.4074
6 0.5025 0.4951
5 1.26 1.1938
5 1.2075 1.2109
5 2.4825 2.3221
6 0.5925 0.4577
4 1.4025 1.3668
5 2.745 2.4837
7 1.5075 1.4867
6 1.53 1.4775
6 1.38 1.365
5 0.525 0.4968
4 0.3075 0.563
4 2.175 2.1307
6 0.6075 0.6969
4 2.7975 2.2462
7 2.73 2.6615
7 1.6125 1.6551
4 0.8025 0.8545
6 2.4225 2.3959
4 2.82 2.2937
4 2.775 2.5065
6 1.5675 1.685
5 1.8525 1.807
7 1.0575 1.0207
4 0.3375 0.5614
7 0.4725 0.4627
5 0.15 0.5893
7 1.8075 1.8304
6 0.42 0.6154
6 2.505 2.3698
7 1.53 1.4631
4 0.675 0.6817
7 1.1775 1.1531
4 1.245 1.3473
5 1.8375 1.7883
5 2.0775 2.208
4 0.42 0.5991
6 1.4775 1.5493
7 2.025 1.9874
7 2.7525 2.6102
6 2.4375 2.1923
4 0.0075 0.6938
5 1.815 1.7015
4 0.36 0.834
7 1.6725 1.6734
4 2.91 2.2013
7 0.675 0.7037
5 1.14 1.0702
7 0.8775 0.8988
5 1.2675 1.2247
7 0.3525 0.5503
5 0.9375 0.9421
4 0.705 0.4867
5 0.24 0.45
4 0.18 0.7939
5 0.81 0.7984
6 2.145 2.2096
5 0.03 0.3379
7 2.4975 2.5016
6 1.32 1.3513
4 2.355 2.5065
4 0.6075 0.7499
7 2.1675 2.0973
4 0.03 0.706
5 0.555 0.6712
5 2.7975 2.3258
4 1.515 1.5994
6 1.62 1.6359
7 0.825 0.7719
7 0.2025 0.2594
6 0.1725 0.3967
5 0.0225 0.544
5 2.19 2.4858
4 1.4925 1.8005
4 1.14 1.3424
6 0.825 0.8635
7 2.985 2.4487
4 0.2025 0.551
6 0.6225 0.477
5 1.1775 1.251
4 2.025 1.7958
6 2.1375 2.2042
4 2.9175 2.3071
7 1.7175 1.7499
6 1.0575 1.1035
5 2.07 2.0365
4 1.1475 1.0284
7 1.335 1.3436
6 2.355 2.5378
4 2.55 2.4296
6 1.815 1.801
4 0.375 0.6753
6 1.92 1.8525
7 2.4 2.4669
6 2.4225 2.2573
4 1.3125 1.293
4 1.56 1.5209
7 1.1175 1.1543
5 0.0 0.5411
7 1.44 1.3686
4 1.2375 1.244
7 0.765 0.6488
5 2.1075 2.2083
5 0.645 0.6245
6 1.95 1.9641
4 0.15 0.508
6 1.59 1.6053
5 0.915 1.0442
5 2.865 2.4488
4 1.0275 0.9172
5 1.38 1.5033
4 0.375 0.6855
6 2.61 2.6488
7 1.17 1.2192
6 1.8075 1.8024
7 2.34 2.2843
4 1.1925 1.2476
5 0.0375 0.376
5 2.5275 2.2478
7 0.6225 0.7419
7 2.9625 2.8385
6 0.51 0.684
7 0.3075 0.4846
4 1.9125 2.0326
7 0.225 0.3647
6 1.5 1.4942
7 2.61 2.5918
7 2.955 2.5633
7 0.6 0.5704
7 2.6325 2.7745
5 2.8725 2.4001
5 1.3725 1.3823
6 1.32 1.2919
6 0.5325 0.5506
6 0.8325 0.8284
4 1.8225 1.6183
4 1.215 1.4031
5 2.865 2.532
6 1.17 1.2214
6 0.4875 0.5255
4 0.8475 0.6877
7 2.91 2.7307
6 0.315 0.2954
7 0.7275 0.7089
7 1.98 2.0028
5 2.4525 2.2187
5 0.705 0.6053
7 0.4725 0.6037
4 1.3275 1.3292
6 0.9825 1.1012
4 1.2225 1.0952
5 0.9225 1.0114
7 1.725 1.6486
7 1.35 1.3008
5 0.42 0.4734
7 1.0875 1.0134
7 1.7175 1.772
5 1.3275 1.1864
7 1.4625 1.4636
7 1.98 1.8969
4 2.8125 2.2918
5 2.205 2.4336
7 0.8775 0.887
5 1.8225 1.6762
6 1.8675 1.9324
4 0.4425 0.7826
4 2.205 2.1465
4 2.67 2.2503
7 2.6325 2.4693
5 2.2275 2.5291
7 2.0775 2.0227
5 1.7925 1.7961
6 0.495 0.5222
7 1.98 1.953
4 0.12 0.5812
7 0.4125 0.4277
6 0.225 0.3241
4 0.915 0.7789
4 0.5925 0.6272
5 2.4825 2.5105
6 1.6725 1.6315
4 0.7125 0.6539
5 1.215 1.2384
5 2.5125 2.3291
7 2.6325 2.5382
7 2.2875 2.2891
6 1.3425 1.2173
7 0.99 1.1743
4 2.73 2.2222
5 2.8575 2.4295
6 2.25 2.3695
6 1.3725 1.3399
4 2.16 2.0481
5 1.0275 1.0067
6 0.5325 0.5391
6 0.5475 0.4372
7 1.3575 1.3938
5 2.9625 2.6411
5 1.7025 1.6205
4 2.3925 2.5094
7 2.52 2.4451
5 2.9475 2.3754
7 2.8125 2.715
7 0.4575 0.3631
4 0.9225 1.0295
4 0.405 0.5281
7 1.86 1.8093
4 2.775 2.3043
5 1.2825 1.4287
6 2.985 2.6042
7 0.8175 0.839
7 2.01 1.9339
4 1.1625 1.3976
5 1.59 1.6261
7 2.6925 2.5098
4 2.2875 2.1951
7 0.21 0.2596
4 2.34 2.3173
7 2.7225 2.6735
7 2.2125 2.318
6 2.19 2.104
7 2.79 2.7707
4 1.815 2.2638
5 2.58 2.5733
4 0.315 0.769
4 0.285 0.8909
5 0.5775 0.4905
6 0.5475 0.4527
7 2.595 2.7975
4 2.445 2.1505
6 0.2025 0.409
4 2.8125 2.1778
4 2.1375 2.5198
4 0.975 1.0751
6 2.535 2.5671
4 1.68 1.6723
5 0.6675 0.7194
6 1.02 1.0342
5 1.515 1.4901
5 1.02 1.105
7 2.3175 2.3796
6 1.905 1.9821
7 0.825 0.9703
7 2.985 2.6515
6 0.825 0.717
5 1.1025 1.3053
6 1.5075 1.4922
6 2.5275 2.6225
7 2.3325 2.3181
7 2.1075 2.1863
4 1.605 1.4567
6 1.0725 0.9144
7 0.705 0.7035
6 0.9 0.9837
4 1.6425 1.7025
6 0.12 0.4144
6 2.295 2.4136
7 2.4225 2.5925
7 0.7875 0.7219
5 1.3725 1.4235
7 2.8875 2.6094
5 0.525 0.6448
6 1.215 1.3103
6 1.0875 1.2399
6 1.74 1.7187
5 2.8725 2.4952
5 0.6825 0.4619
4 1.5075 1.5731
5 2.775 2.5344
6 1.86 1.8821
4 1.14 1.1972
6 0.4575 0.5046
5 0.69 0.8138
5 1.935 2.0318
7 2.0925 2.0723
6 1.71 1.6629
6 2.2875 2.4273
4 0.0675 0.7989
4 2.1525 2.1471
6 2.76 2.6476
4 1.74 1.9324
7 1.275 1.3697
7 0.0375 0.4028
4 0.66 0.7598
7 0.9975 1.1009
7 0.48 0.3947
4 2.6475 2.258
5 2.82 2.4917
5 0.585 0.5528
4 2.6025 2.1009
6 0.15 0.3824
6 2.295 2.5512
5 2.4825 2.5181
6 1.2375 1.1818
4 2.3175 2.1475
4 0.975 0.6955
4 1.3875 1.4057
5 1.1025 1.0976
5 2.6325 2.3288
7 1.9575 1.914
6 2.4675 2.4012
7 2.9925 2.3836
7 1.17 1.2453
5 1.7925 1.7972
6 2.0775 2.0411
5 2.2275 2.2783
4 0.5625 0.7662
6 0.3375 0.3023
5 1.545 1.5044
4 1.455 1.6507
7 2.0475 1.9877
4 0.69 0.5876
7 2.265 2.2123
4 1.2075 1.2694
5 0.06 0.6504
4 1.59 1.6217
7 0.93 0.9278
4 0.2475 0.7745
7 2.1075 2.0625
4 2.7825 2.314
5 0.4725 0.6927
7 1.4325 1.4347
5 0.18 0.7423
4 1.41 1.4644
7 0.1275 0.3768
4 1.455 1.4543
4 0.585 0.6812
5 0.84 0.8258
5 0.5775 0.5198
6 2.6775 2.4218
4 1.5225 1.5059
4 1.44 1.4153
5 1.5 1.5755
7 2.6925 2.5511
4 0.6675 0.5358
4 0.6075 0.6496
5 0.5625 0.4885
6 2.505 2.5991
6 1.71 1.5886
5 0.495 0.4919
6 0.1275 0.3026
5 0.225 0.5128
5 2.0325 2.2201
4 2.52 2.4911
5 0.825 0.7247
4 0.7875 0.6746
6 2.22 2.2374
7 1.6275 1.6826
7 2.355 2.3108
4 0.9975 0.5069
6 2.4 2.5358
4 0.6075 0.7258
5 1.5375 1.4627
5 2.745 2.552
7 1.725 1.6551
4 1.185 1.5734
5 1.485 1.4823
6 2.805 2.6154
7 0.7125 0.569
5 2.9775 2.578
4 1.9575 2.0131
4 0.405 0.8391
5 0.7275 0.8007
7 0.81 0.9012
7 0.4425 0.479
5 0.2325 0.4339
4 0.3225 0.6354
6 1.2 1.2243
6 1.05 1.1042
6 1.2375 1.2248
5 0.1875 0.4878
7 2.22 2.3042
6 1.4025 1.3682
5 0.0375 0.5919
6 1.26 1.355
5 1.725 1.6769
6 0.5025 0.507
4 2.805 2.1167
5 0.135 0.6083
5 0.735 0.6702
7 0.69 0.4888
6 1.5225 1.4694
4 0.0675 1.0717
7 0.345 0.2841
5 0.6225 0.6603
4 0.6225 0.6929
4 1.7175 1.8836
7 2.7075 2.74
5 0.6675 0.7761
6 1.5375 1.5295
5 2.34 2.0871
4 2.0625 2.0001
4 1.3275 1.5428
6 0.8025 0.5123
5 0.795 0.8293
7 2.745 2.6287
4 1.6425 1.4313
6 0.6375 0.5739
5 2.19 2.1592
6 1.0275 1.0431
5 0.24 0.4369
6 0.4425 0.6829
5 1.6125 1.5928
4 0.5325 0.7041
6 2.4825 2.4232
7 1.0575 0.8608
4 1.23 1.3786
5 0.615 0.5836
6 2.9925 2.497
7 0.9075 0.9133
7 2.0325 2.0603
4 2.595 2.3682
6 1.455 1.365
5 1.3275 1.4853
6 0.255 0.4557
6 1.41 1.4829
4 2.2875 2.2576
5 0.42 0.5016
7 0.615 0.4392
4 2.7525 2.3614
7 2.25 2.168
6 0.705 0.5965
4 1.6575 1.8368
4 2.4075 2.1577
7 2.9625 2.7719
4 1.86 1.8132
5 2.6475 2.5584
6 2.265 2.2361
6 1.9875 1.9989
4 1.89 2.0834
6 1.89 1.9142
6 0.7725 0.8162
6 1.08 1.0131
6 0.39 0.3224
6 1.395 1.346
7 2.9025 2.698
7 0.9975 1.0087
6 2.055 2.2006
5 0.3225 0.6134
5 1.9275 1.8052
4 0.795 0.6131
5 1.275 1.2191
5 2.085 2.5097
4 1.5975 1.8106
5 0.72 0.5875
6 0.5175 0.6436
7 1.0425 1.0612
7 0.3825 0.4734
7 1.77 1.7775
6 0.3825 0.3653
5 2.6025 2.4753
4 0.225 0.678
6 0.12 0.3404
7 2.835 2.7806
6 1.77 1.902
4 2.6925 2.4271
4 2.775 2.2559
4 1.0875 1.2178
5 0.9675 0.6792
7 0.945 0.8555
6 2.16 2.2475
6 0.0675 0.4434
6 0.765 0.8873
7 1.2825 1.2275
6 2.52 2.4385
5 1.4625 1.4277
7 0.5775 0.7709
7 1.7925 1.6939
5 2.055 2.2113
5 0.1125 0.6409
4 2.88 2.4844
4 2.3325 2.1171
4 2.7225 2.2989
4 0.3225 0.826
4 1.665 1.523
7 1.2225 1.3253
5 1.695 1.6018
5 1.0125 0.9446
5 1.905 1.9764
7 1.935 1.9793
7 0.015 0.1935
4 1.9125 1.9553
7 2.76 2.6148
7 2.82 2.5958
6 1.29 1.3552
5 2.55 2.3598
6 1.1025 1.1824
7 2.0025 2.0164
6 2.0025 2.24
6 2.415 2.2827
6 2.6775 2.515
5 2.9625 2.5198
6 0.36 0.3959
5 2.3775 2.3735
4 2.5125 2.4402
6 2.3025 2.2201
7 1.425 1.4989
6 0.0975 0.353
5 1.395 1.3319
6 1.4175 1.3519
7 1.4925 1.585
5 1.7625 1.7383
7 0.855 0.7953
7 0.135 0.2775
5 0.465 0.5046
6 2.9775 2.6173
5 1.62 1.4884
5 2.7 2.4458
4 2.0325 2.0908
5 0.8775 0.7039
4 0.03 0.6616
7 2.9175 2.6111
4 2.88 2.1723
4 1.26 1.4002
6 1.8 1.8391
7 2.0175 2.0856
7 2.1225 2.0895
4 1.6575 1.6607
7 2.5425 2.4363
7 0.09 0.2312
7 0.6225 0.4857
6 1.47 1.4098
7 0.45 0.3164
4 1.3275 1.3277
7 0.915 0.8974
6 0.9 0.9693
7 1.5675 1.542
7 2.55 2.7082
5 0.8925 0.8623
5 1.26 1.2027
4 0.81 0.901
6 0.555 0.4837
4 2.3025 2.0596
7 2.7225 2.7111
6 0.7725 0.7288
6 0.9225 0.9492
7 0.3075 0.2386
5 1.665 1.7179
6 2.1675 2.2559
4 0.6975 0.69
4 1.605 1.5026
4 0.15 0.5011
6 0.9525 1.0621
6 0.135 0.4495
4 2.91 2.2571
6 2.55 2.5482
7 2.25 2.3387
6 2.0175 2.0627
6 0.8025 0.8634
7 0.4875 0.5315
6 1.92 1.9551
4 1.0725 0.7662
4 2.295 2.2204
7 1.83 1.757
4 0.8925 1.0585
5 0.84 0.6062
4 0.42 0.708
4 2.7825 2.3603
7 2.1675 2.2651
4 0.3975 0.8328
4 1.0875 1.0815
7 1.53 1.4182
6 2.7675 2.565
4 0.12 0.6361
6 2.4975 2.5029
4 2.2575 2.1902
5 2.49 2.1905
7 2.0625 2.0098
6 1.635 1.6618
4 0.3975 0.9279
4 0.165 0.6299
6 1.845 1.8711
7 0.9 0.8362
6 1.98 2.0959
6 0.6375 0.4817
6 1.3125 1.3402
7 1.3125 1.3792
7 0.2625 0.3486
7 0.795 0.7828
5 0.765 0.8874
6 2.28 2.247
7 2.28 2.2864
4 1.65 1.8065
5 2.985 2.5298
4 2.5275 2.5007
6 1.245 1.1602
6 0.81 0.8403
4 0.555 0.8342
7 1.8975 1.9501
6 0.4125 0.3534
6 1.245 1.2165
5 0.6975 0.667
6 1.1325 1.1408
6 1.8825 1.9006
7 1.2375 1.2373
7 2.0325 2.0112
5 0.63 0.4673
5 1.1025 0.9852
5 1.3875 1.3652
5 2.2425 2.2281
4 1.485 1.5408
4 1.455 1.4137
4 1.6875 1.6326
5 2.1975 2.1059
6 0.6675 0.6934
7 0.57 0.7
5 1.29 1.4452
5 1.9425 1.9947
5 0.7725 0.5763
6 0.8625 0.9502
5 2.9775 2.4377
6 2.4 2.5469
7 1.785 1.7823
7 0.5025 0.6187
6 2.1 2.1407
4 0.63 0.5863
4 1.0425 0.9419
4 2.505 2.1999
5 0.3675 0.7376
7 2.52 2.6458
7 2.4075 2.2553
7 1.89 1.9556
6 2.685 2.674
5 1.305 1.3489
4 2.6925 2.3696
7 2.01 2.1723
5 2.565 2.4612
7 1.59 1.4922
6 1.035 0.9891
4 2.8275 2.4659
7 0.5025 0.3702
5 0.5925 0.6112
7 0.42 0.4652
6 1.9275 1.8934
5 1.7175 1.8688
4 2.6025 2.3687
6 2.925 2.5967
7 0.3675 0.3856
6 2.0775 2.0483
5 1.6575 1.7828
7 0.8775 1.0015
7 1.4025 1.548
6 1.7025 1.8623
4 1.515 1.4432
6 1.53 1.5427
6 0.7725 0.734
7 1.785 1.8471
4 0.93 0.7871
7 0.2925 0.3605
4 0.7725 0.5975
7 1.17 1.1304
6 0.1725 0.3911
5 1.74 1.7057
5 1.8525 1.9199
5 0.1875 0.4516
4 0.4275 0.8138
4 2.235 2.2475
7 1.0425 0.9429
7 1.965 1.9231
4 2.625 2.1037
5 1.0275 0.7953
4 0.54 0.8594
7 2.97 2.4481
6 1.0125 1.1615
6 0.15 0.4199
5 0.45 0.6936
6 2.6175 2.7271
4 0.7725 0.6791
6 0.87 0.7685
6 1.785 1.7411
6 0.6975 0.6268
7 0.9675 0.883
7 1.89 1.8991
4 0.2325 0.684
5 0.615 0.4591
6 1.8075 1.7457
5 0.105 0.4829
5 1.0275 1.0426
6 1.425 1.3872
4 1.365 1.6649
6 1.3125 1.319
7 1.8225 1.8078
5 2.0025 2.0534
6 2.1 1.8969
5 2.6775 2.4984
4 0.57 0.8797
7 2.94 2.6891
6 2.16 2.1512
7 2.5425 2.541
7 0.4575 0.3466
7 0.705 0.6291
4 0.5625 0.6811
6 1.26 1.1001
5 2.4675 2.4226
5 2.07 1.9187
6 1.4175 1.4008
4 0.54 0.8364
4 1.9875 2.2798
5 0.2475 0.514
6 1.0875 1.1196
5 0.2775 0.4747
6 2.9925 2.6536
7 0.39 0.3817
7 1.7025 1.691
4 1.5 1.5714
7 2.625 2.5236
6 2.34 2.348
7 1.875 1.8454
7 0.1575 0.2747
7 0.5025 0.6554
4 2.385 2.2554
7 0.2775 0.2253
4 1.005 0.8491
5 1.08 0.9188
4 1.1625 1.1531
4 1.3575 1.1856
4 1.905 1.771
6 0.06 0.3573
6 0.12 0.5055
7 1.68 1.5786
4 2.415 2.1406
7 1.7175 1.7479
5 0.99 1.1073
4 1.2375 1.0839
4 1.455 1.4302
4 0.0375 0.8128
5 0.36 0.4074
5 1.05 0.9416
4 0.4275 0.5476
6 1.5675 1.4386
6 1.2 1.2315
7 2.7675 2.4522
6 2.2725 2.4245
4 1.875 1.8549
4 2.9925 2.4072
5 1.5225 1.5013
7 1.44 1.4926
6 2.445 2.0347
7 0.1725 0.4887
6 0.915 1.09
4 0.78 0.6602
6 0.99 1.1758
6 0.39 0.5203
5 2.4675 2.4786
5 1.2525 1.2622
4 0.885 0.7384
4 1.7325 1.6775
4 2.3775 1.971
5 2.2425 2.6062
5 1.5375 1.5374
4 2.58 2.2813
6 2.925 2.5164
7 2.0475 2.0179
5 1.2 1.2425
7 0.15 0.4731
5 2.2125 2.0594
7 2.265 2.1875
7 2.31 2.385
7 2.4525 2.4753
4 1.3875 1.5527
6 1.95 2.013
6 2.0325 0.6786
4 0.5925 0.7282
4 2.1675 1.8749
5 0.27 0.6065
6 2.835 2.6298
6 1.9275 1.9442
5 2.97 2.4212
4 0.3825 0.5715
4 2.5875 2.3508
5 0.2775 0.4672
4 1.8375 1.8206
5 2.2425 2.1306
7 1.3875 1.3067
5 2.6625 2.6191
4 0.495 0.7447
4 1.62 1.7268
5 1.4325 1.4677
7 0.8025 0.7494
7 0.525 0.3644
6 2.4225 2.6567
6 2.25 2.3329
6 1.7775 1.7602
4 1.155 0.9247
6 0.435 0.6094
7 1.875 1.8929
6 0.195 0.47
4 2.145 2.3255
5 1.29 1.2293
5 1.605 1.5041
6 0.3525 0.4027
4 1.23 1.1248
6 0.2625 0.3467
7 0.975 0.8992
4 0.3975 0.7745
5 2.0025 2.0387
4 0.72 0.753
5 2.6775 2.4013
6 0.495 0.5867
4 0.0975 0.6124
7 1.2975 1.3622
6 2.34 2.3649
6 2.13 2.2052
7 1.6125 1.5922
7 0.0375 0.378
4 0.5325 0.5926
5 1.125 1.0802
7 0.2775 0.3559
6 1.53 1.6215
4 1.905 1.9415
6 1.62 1.626
5 2.82 2.4858
7 0.315 0.3615
4 0.15 0.4806
4 1.7025 1.5426
7 0.9525 1.0263
4 0.405 0.8522
5 1.785 1.8433
5 0.9825 0.8415
4 2.2425 2.3236
7 1.515 1.5784
6 1.77 1.6601
6 1.5675 1.6028
4 1.785 1.7156
4 0.075 0.9344
4 2.34 2.4128
7 1.4925 1.5464
7 1.155 1.1592
6 0.93 0.8028
6 0.5025 0.9182
5 2.4975 2.4083
7 1.68 1.6839
4 0.555 0.7533
4 2.8575 2.268
4 0.045 0.5291
7 2.055 2.0215
6 1.0125 0.9975
6 0.9975 0.9334
4 0.8475 0.6583
5 2.565 2.3949
7 1.5075 1.5608
5 0.5625 0.5875
4 1.9725 1.9761
6 0.1725 0.3021
6 0.375 0.5818
4 2.67 2.4851
6 2.34 2.2665
6 2.7525 2.425
4 2.655 2.2926
5 0.39 0.8797
5 2.925 2.3726
6 0.3975 0.3406
6 0.5775 0.5612
5 0.45 0.6597
7 2.55 2.426
7 1.0575 1.0099
5 0.2625 0.5057
4 2.22 2.2488
7 2.6775 2.6509
5 1.3425 1.302
4 2.685 2.3659
7 0.5025 0.319
5 0.3225 0.957
6 0.8175 0.8673
4 2.28 2.0739
4 1.7775 1.7456
6 1.7325 1.6537
4 1.635 1.5029
7 2.2425 2.2835
4 0.5025 0.5881
6 2.6475 2.6199
7 2.91 2.5298
4 0.9225 1.2309
7 2.9925 2.6078
5 1.2 1.1424
7 2.1525 2.0636
5 0.3675 0.4562
7 1.14 1.1913
4 1.53 1.7142
6 2.5275 2.6975
4 2.4525 2.2262
7 2.3475 2.3288
5 2.085 2.0144
6 0.105 0.4101
7 2.2425 2.1896
6 0.675 0.7949
4 2.9175 2.1715
4 2.685 2.3366
5 1.3425 1.4093
4 1.8825 2.003
6 2.565 2.493
6 0.8325 0.8248
5 1.845 1.8312
4 1.38 1.3803
7 1.7625 1.7027
6 2.9475 2.6931
7 0.7875 0.7839
7 1.0125 1.0569
6 1.095 1.4672
6 2.085 1.9746
6 2.0925 2.2015
5 0.2775 0.5047
7 0.4125 0.2694
7 0.555 0.5572
7 0.6075 0.616
6 1.95 2.0494
6 2.5575 2.4009
4 2.97 2.4297
7 0.9525 0.9704
4 2.3025 2.0703
5 0.0375 0.4429
4 0.9225 0.7461
6 2.235 2.2789
4 2.175 2.2165
4 2.8875 2.3691
5 2.895 2.484
4 2.355 2.3468
4 2.55 2.3684
5 0.7275 0.5454
7 1.875 1.8848
5 2.865 2.431
7 2.2275 2.2344
4 2.9025 2.4059
5 0.6675 0.8691
5 1.4925 1.3613
4 1.2975 1.2596
7 1.2075 1.2076
7 2.1675 2.1798
6 0.96 1.0066
5 0.63 0.4533
4 2.8125 2.3516
7 0.48 0.4503
6 0.7425 0.6918
5 0.315 0.7092
5 1.4025 1.4098
5 2.31 2.5946
7 0.7575 0.8337
4 0.6825 0.4861
6 1.9575 2.1106
4 2.775 2.4198
4 1.365 1.1595
5 0.57 0.6931
7 2.2725 2.2955
4 1.62 1.5522
5 0.915 1.0379
5 2.5875 2.3907
4 0.6 0.8457
4 1.3875 1.5948
4 2.025 2.0023
4 1.8975 1.9589
5 1.0875 0.788
5 1.2525 1.244
4 2.3175 2.036
5 2.535 2.4657
4 2.1225 2.4103
6 2.055 2.1045
5 0.0075 0.5921
6 0.8775 1.0391
4 1.9125 2.0243
7 1.9275 1.9047
5 2.3175 2.1897
7 0.9 0.9906
5 0.495 0.7815
7 2.1375 2.0958
5 1.9725 2.008
5 2.055 2.0023
4 2.6625 2.4701
6 2.19 2.3024
7 1.23 1.2903
5 2.865 2.5552
7 2.85 2.6808
7 1.3725 1.4297
7 2.8725 2.7548
7 2.8425 2.4224
4 1.05 0.6971
4 2.49 2.493
6 2.07 2.125
5 0.795 0.6609
4 2.04 2.1301
7 0.2025 0.3737
7 2.145 2.2183
4 1.4175 1.1849
6 0.5175 0.6454
5 0.42 0.4905
7 2.3175 2.3136
4 2.6925 2.3333
7 0.2775 0.2348
6 1.065 0.9428
4 1.515 1.3501
6 0.9075 0.9235
7 1.6125 1.6047
7 1.095 1.1508
4 2.745 2.286
5 1.8075 1.8668
5 1.8075 1.7452
5 2.895 2.5581
4 1.755 1.7577
6 1.1025 1.0779
5 2.0175 1.8951
5 0.9525 0.7859
5 1.1025 1.0647
5 1.4475 1.4304
6 1.9125 1.7883
7 2.1675 2.1367
7 1.5525 1.5228
4 1.4175 1.3355
7 0.855 0.9878
7 1.425 1.4749
7 0.7575 0.7942
7 0.8775 0.7792
5 2.955 2.2227
4 2.3175 2.3147
6 0.36 0.5817
6 1.95 1.9125
7 0.8625 0.8493
5 1.455 1.7107
4 0.0225 0.7534
5 1.7025 1.6949
6 1.0275 1.1398
5 0.84 0.9763
5 2.55 2.3448
7 2.3625 2.4297
6 1.965 2.0283
5 2.16 2.0122
5 0.9225 0.6915
6 0.8025 0.7229
4 0.4875 0.4835
6 1.635 1.6999
6 1.755 1.7343
7 1.1175 1.127
7 1.605 1.6617
6 2.64 2.6593
4 1.3875 1.4915
5 1.8075 1.74
7 0.7425 0.7327
7 2.91 2.6608
4 2.595 2.0825
6 2.9325 2.5725
4 2.5875 2.1778
4 2.31 2.4033
7 1.2525 1.194
5 0.9525 1.0404
7 2.1075 2.2159
4 0.9525 0.8947
6 0.255 0.5643
4 0.585 0.8753
6 2.1375 2.2156
5 2.1525 2.0694
5 2.145 2.2444
7 1.245 1.2568
7 0.2775 0.2799
7 0.855 0.9393
7 0.0975 0.3141
5 1.3125 1.2385
4 1.755 1.7492
6 2.28 2.4441
7 0.675 0.7529
7 2.595 2.616
5 2.3175 2.3887
7 1.7325 1.7317
5 1.3875 1.3072
7 2.2575 2.2205
6 0.93 0.74
5 1.8 1.7137
5 1.7775 1.7443
5 1.7325 1.8081
7 1.395 1.3171
4 1.4175 1.2188
7 0.78 0.8355
4 0.6675 0.6221
7 1.665 1.7828
6 0.7425 0.6904
5 2.535 2.5446
6 1.71 1.7182
4 1.3575 1.364
7 0.7725 0.8404
5 0.0525 0.4601
6 0.8625 0.8928
4 2.5125 2.4668
5 1.6425 1.7042
7 2.745 2.7835
6 2.4375 2.6424
5 1.4175 1.3858
6 2.8425 2.6681
5 2.91 2.5254
7 0.3 0.448
4 0.9375 0.9739
7 0.42 0.4521
4 1.0125 0.8303
4 2.0775 1.9005
6 1.125 1.2045
6 0.5325 0.5733
6 0.1425 0.2933
4 2.205 2.3258
4 2.595 2.3869
6 1.0575 1.065
5 1.8075 1.738
5 0.93 1.1462
6 0.15 0.4281
5 2.16 2.2201
6 2.5425 2.4229
4 1.8825 2.0109
7 2.6625 2.7715
7 1.4325 1.4876
6 2.76 2.6291
6 2.1 2.0725
6 2.6775 2.6391
4 2.3475 2.0965
4 2.8875 2.4724
5 0.0975 0.5967
6 2.655 2.6041
5 0.9225 0.8958
4 1.02 1.1755
6 2.4825 2.4326
7 0.195 0.4086
4 1.35 1.473
7 1.17 1.1105
6 1.785 1.7526
6 1.59 1.6154
6 2.6925 2.5593
4 1.815 1.5523
5 2.895 2.548
7 1.6425 1.7969
6 1.6575 1.648
6 0.8025 0.4067
5 1.77 1.8182
6 0.5625 0.3337
4 0.7425 0.4957
7 0.03 0.3439
7 0.465 0.4761
5 2.5725 2.5455
7 2.28 2.2181
5 2.745 2.3637
5 2.22 2.2031
4 1.83 1.9422
7 1.2375 1.2552
6 2.7525 2.4362
6 1.425 1.3914
7 1.1025 1.0688
4 1.035 0.6784
5 0.6525 0.5617
6 1.635 1.443
4 1.89 1.8039
6 2.7825 2.4816
7 2.1975 2.2024
4 0.3675 0.5899
5 0.285 0.6767
6 0.3075 0.3798
4 1.6725 1.6849
7 1.575 1.576
4 0.9375 1.0245
5 0.405 0.4538
7 2.385 2.1783
5 1.68 1.7407
7 0.555 0.4312
7 0.435 0.5328
4 1.5525 1.5205
4 1.065 1.3255
6 2.595 2.6304
6 0.4125 0.5282
5 0.36 0.5008
4 1.5825 1.527
5 2.88 2.5273
5 0.3525 0.3994
5 1.5825 1.5784
5 1.5825 1.6277
4 1.2225 1.1507
4 1.6275 1.553
7 2.895 2.6705
4 0.69 0.5614
6 2.3325 2.3141
5 1.815 1.8422
6 2.4 2.3297
5 0.1125 0.4865
7 0.1125 0.2701
7 2.6325 2.5233
6 2.4525 2.6049
7 0.645 0.8023
7 1.35 1.3868
4 2.3325 2.2673
5 2.025 2.086
7 1.26 1.3938
7 1.695 1.718
5 0.99 0.6025
5 2.16 2.3698
6 2.7 2.4349
5 1.3425 1.3212
6 1.785 1.9
4 0.0825 0.662
4 1.56 1.5454
7 0.84 0.7707
7 1.7325 1.7232
7 1.9425 1.9655
4 2.8425 2.3738
6 2.9625 2.2369
4 1.5675 1.9011
4 1.2825 1.1889
6 2.8425 2.4277
4 2.745 2.2723
4 1.4475 1.5387
7 0.5175 0.4858
6 0.6675 0.7494
5 2.34 2.2028
6 0.255 0.4494
7 2.1525 2.2213
7 2.22 2.1921
4 0.6375 0.6984
6 0.1725 0.5879
5 1.1325 1.1079
5 2.3925 2.3885
6 0.03 0.347
6 2.6775 2.571
4 1.14 1.2025
5 1.98 1.9501
4 2.1075 2.4137
6 2.535 2.5149
4 0.0675 0.6145
5 0.24 0.748
6 1.5225 1.5745
6 1.3425 1.3958
4 1.155 1.1484
7 0.7275 0.5646
7 0.5925 0.6942
5 2.805 2.4094
6 0.84 0.6485
6 0.51 0.4761
6 0.315 0.4567
5 1.2525 1.2252
4 0.99 0.7557
4 2.16 2.1183
5 1.545 1.5427
4 2.1975 2.3527
7 1.0275 0.9886
6 0.78 0.7898
4 2.94 2.2964
4 0.405 0.6586
4 2.805 2.2849
6 2.565 2.5095
5 0.9675 0.9934
5 2.0325 2.3325
7 0.3825 0.447
5 1.44 1.438
4 2.5425 2.3049
7 1.4475 1.451
5 1.215 1.2841
4 1.7925 1.7467
7 1.305 1.3252
7 0.09 0.3188
4 1.8 2.3126
7 1.155 1.1967
6 0.9825 1.0679
7 0.9075 0.9534
5 2.2425 2.6124
7 1.0425 1.1234
4 1.305 1.3731
5 2.3325 2.0911
5 2.16 2.3267
7 0.225 0.3807
4 0.5925 0.6465
6 1.035 0.7585
6 1.605 1.5187
7 0.495 0.4252
5 2.355 2.1572
7 2.6775 2.5718
5 2.07 2.0891
6 2.5275 2.524
5 2.88 2.5772
4 1.32 1.2355
4 1.3725 1.4733
4 0.5325 1.1141
7 0.8925 0.8314
7 0.3525 0.5259
6 0.0 0.3875
5 1.05 0.6657
6 0.9075 0.9211
6 2.985 2.6532
4 0.3075 0.6077
7 1.305 1.3913
6 2.2725 2.2083
6 1.8825 1.8809
6 2.0925 2.0419
5 0.465 0.5561
7 2.4975 2.4675
4 1.785 1.7617
5 1.4325 0.392
5 0.33 0.4234
5 0.825 0.5347
6 2.2125 2.326
5 0.5175 0.8644
6 2.82 2.5962
4 1.305 1.5046
7 0.6825 0.7387
5 2.3475 2.4261
4 1.47 1.2448
4 0.735 0.7832
5 2.43 2.5527
5 2.1 1.9771
5 2.3475 2.4685
7 2.2125 2.3497
4 1.9725 2.174
5 0.5175 0.6365
4 0.66 0.4858
7 2.9475 2.3998
7 2.9175 2.6747
6 1.035 1.172
6 2.7975 2.5779
4 0.1425 0.5846
7 0.1875 0.3432
7 2.7675 2.5628
4 1.245 1.6065
7 1.515 1.5419
5 1.3875 1.3087
6 2.1825 2.1564
7 1.3875 1.4039
7 1.5375 1.5438
5 1.6425 1.555
4 2.655 2.2356
4 2.9025 2.5075
4 2.5875 2.4386
5 0.885 1.0149
5 2.0625 2.1057
4 2.6625 2.3229
4 1.98 2.189
7 0.5775 0.3602
4 1.245 1.126
4 0.3825 0.6316
7 0.4875 0.3029
4 0.645 1.0203
6 0.36 0.3652
4 2.955 2.3322
7 1.71 1.7095
4 0.3225 0.5845
7 1.11 1.2405
7 2.655 2.6902
5 0.66 0.799
4 0.435 0.7082
6 2.64 2.5093
6 0.3375 0.5911
5 2.01 2.3096
7 1.455 1.4598
6 0.69 0.7266
7 2.8875 2.7311
6 2.5425 2.5341
6 0.8325 0.9672
6 1.155 1.1867
6 1.455 1.4084
6 2.355 2.4002
5 2.7975 2.495
7 2.85 2.6388
6 1.0575 1.1512
6 2.9175 2.5441
4 1.9125 1.8134
4 1.41 1.3617
5 1.5 1.4694
4 1.9725 1.7719
6 1.875 1.8213
7 0.975 0.8483
6 0.825 0.8072
4 0.1575 0.5855
7 2.04 2.0503
4 0.855 0.6105
5 2.37 2.1997
5 1.9875 2.1222
7 1.815 1.8249
6 2.7525 2.4989
7 0.1125 0.2679
6 2.775 2.4831
7 0.975 0.863
6 2.8425 2.6079
6 0.1275 0.3618
5 1.0125 0.9245
4 1.2525 1.3051
7 2.0925 2.0366
5 1.8375 1.9122
4 0.78 0.8086
6 1.185 1.1748
6 0.5625 0.2859
7 0.0375 0.2581
7 0.6525 0.6223
5 0.885 0.9064
6 2.55 2.6098
5 0.8475 0.7526
6 1.1625 1.2928
5 2.49 2.4733
6 2.355 2.4801
5 2.9775 2.5515
6 0.045 0.2981
5 2.6475 2.2391
7 2.0475 2.1664
5 2.2725 2.5039
4 2.61 2.4012
6 0.27 0.4257
5 1.935 2.0045
5 2.73 2.3828
5 1.0875 1.2006
4 1.035 1.042
6 2.76 2.5212
6 1.185 1.2564
7 1.8675 1.8872
6 2.3175 2.252
6 0.6375 0.5415
7 1.41 1.3981
4 2.2275 1.8973
7 2.445 2.4745
7 0.6525 0.4123
6 0.6375 0.6276
7 1.9875 2.0609
5 2.385 2.1905
5 1.44 1.3418
5 2.145 2.1274
5 1.3875 1.5141
7 2.0025 1.9099
4 0.705 0.7032
5 0.765 0.3992
6 1.8675 1.9414
6 0.21 0.46
4 1.845 1.8173
7 0.87 0.8157
4 0.7725 0.7667
4 1.4775 1.4941
7 0.225 0.2441
4 1.5975 1.53
4 1.59 1.6284
6 1.3275 1.3062
5 1.5075 1.5002
6 1.905 2.0249
5 0.855 1.1092
6 2.085 2.0314
4 0.7875 0.6389
6 1.32 1.2717
4 1.845 1.7704
6 2.9625 2.688
7 2.4675 2.5548
6 0.8175 0.4984
6 0.2475 0.6593
7 2.145 2.1941
5 1.3875 1.4185
5 1.8375 1.8449
4 0.795 0.8528
4 2.0925 2.3173
7 2.325 2.4013
4 2.5575 2.1513
6 1.455 1.4314
6 2.91 2.6318
4 0.1275 0.6519
4 1.845 1.5781
5 1.59 1.6445
5 2.73 2.5511
4 0.6975 0.7595
4 0.8925 0.531
5 1.5075 1.4683
5 2.8725 2.5675
5 2.07 2.1829
5 1.0875 0.9199
7 2.0925 2.2601
4 2.055 2.3114
5 2.1075 2.0481
6 0.36 0.5902
5 1.08 1.1882
7 2.8575 2.7004
7 2.76 2.6769
4 0.4575 0.5432
5 0.87 0.7613
6 0.5925 0.6469
4 2.1 2.0433
6 2.0175 1.8753
5 2.01 2.0366
5 0.7425 0.659
7 0.87 0.8307
5 2.9475 2.485
5 1.245 1.0767
5 1.2 1.1757
5 2.6925 2.4991
7 0.9225 0.8947
6 0.6225 0.6142
5 2.0325 1.9005
4 0.3075 0.8279
4 2.9775 2.5263
6 1.05 1.0837
5 1.5225 1.6412
5 2.295 2.4641
6 1.635 1.6441
6 0.735 0.7636
5 2.805 2.5517
7 1.485 1.6099
4 2.28 2.2094
5 0.03 0.4712
7 1.875 1.1691
6 0.525 0.5433
4 0.0 0.5529
6 1.41 1.4516
4 1.305 1.3411
7 1.44 1.4384
4 0.0825 0.8159
6 0.78 0.799
7 0.66 0.5826
4 2.28 2.4195
5 1.1775 1.2515
4 2.1825 2.0995
7 2.595 2.7391
7 0.555 0.453
5 0.3 0.4577
6 2.535 2.5051
4 1.905 1.9854
6 2.5125 2.6476
6 2.4375 2.5681
7 1.65 1.6895
4 1.755 1.7677
5 2.9925 2.5322
7 1.515 1.455
5 0.525 0.4567
7 2.5275 2.5221
5 1.1175 0.9683
5 2.0475 1.8015
5 0.435 0.7148
4 2.6925 2.3672
4 0.9075 1.0091
6 1.8825 1.9815
6 0.0675 0.5361
7 2.6775 2.7006
7 0.0225 0.2591
7 0.795 0.5996
7 2.985 2.7465
7 2.19 2.1209
7 1.245 1.2641
5 1.5975 1.6401
5 2.9925 2.5002
4 1.245 1.2891
5 1.0125 1.085
4 1.7175 1.8796
4 1.0575 1.1412
4 2.0625 1.8162
7 0.675 0.6143
5 1.125 1.2136
7 1.2225 1.2161
6 2.3025 2.3972
4 2.0475 1.6454
5 2.745 2.1457
6 0.42 0.3873
7 1.965 1.9723
4 1.0575 1.2562
4 2.8125 2.0056
7 2.8425 2.7382
7 2.2875 2.3883
7 1.5 1.5011
4 0.765 0.8313
5 1.7325 1.4839
4 1.275 1.2259
7 0.1875 0.3549
7 0.525 0.5105
6 1.08 1.157
7 1.6275 1.6578
7 1.0725 1.0065
7 0.03 0.4106
5 2.0775 1.9365
5 1.455 1.345
6 1.7925 1.8782
4 0.0675 0.6248
5 1.935 2.0525
5 1.755 1.7775
4 0.255 0.8474
6 2.3325 2.1512
5 2.58 2.3272
5 2.415 2.2384
6 1.0425 1.0404
6 2.1675 2.0901
5 1.7775 1.8549
6 0.6375 0.6525
7 0.4425 0.5308
4 0.6 0.6134
5 2.34 2.564
6 1.275 1.3478
4 2.5125 2.1169
6 1.2675 1.2893
6 2.43 2.491
4 0.015 1.0181
7 2.04 2.0923
4 2.655 2.245
7 2.19 2.2329
6 0.42 0.3912
5 2.895 2.4227
6 0.0075 0.4817
4 0.9375 0.9093
4 2.64 2.4355
4 0.6375 0.7509
5 2.985 2.5682
4 0.0375 0.846
4 0.8175 0.8914
7 1.2075 1.1244
5 2.805 2.3474
7 0.12 0.5384
6 1.65 1.5692
7 0.9375 1.0365
6 1.26 1.0868
6 1.4625 1.5359
4 0.8775 1.0239
5 0.5175 0.8289
6 1.5375 1.5637
5 1.5 1.4942
7 0.435 0.2839
7 2.3925 2.2868
6 0.4425 0.8348
5 1.365 1.2955
4 0.3675 0.524
4 0.2475 0.9435
5 0.4275 0.5929
5 0.7725 0.8597
5 1.3575 1.2366
5 2.1375 2.1158
7 2.07 1.994
5 2.235 2.356
4 2.6025 2.3851
7 2.7075 2.4299
6 0.1725 0.3972
4 2.46 2.4001
6 0.8625 0.8987
6 0.2475 0.3589
5 2.19 2.3981
5 0.645 0.5713
4 1.9425 1.8439
7 1.425 1.3729
6 0.7425 0.8526
6 1.0725 1.1178
7 2.3475 2.2301
7 0.2475 0.3577
7 0.18 0.4055
7 0.5325 0.4365
6 0.3225 0.5862
4 0.75 0.5901
5 2.6775 2.2937
7 0.6975 0.7493
4 0.7575 0.9467
6 1.965 2.0358
6 0.405 0.6285
7 2.3025 2.4093
6 2.43 2.5115
6 2.3925 2.505
5 0.3675 0.7525
7 2.295 2.3473
6 2.7525 2.4847
7 0.54 0.5398
5 2.25 2.1207
6 2.7675 2.3671
4 2.49 2.3754
5 1.89 1.8934
4 2.655 2.3649
6 1.065 1.0247
6 0.42 0.4337
5 2.0925 2.0818
4 1.485 1.3834
7 2.685 2.6139
5 2.745 2.5643
4 1.89 2.2057
6 1.7325 1.7001
4 2.22 2.4578
5 2.13 2.3751
4 1.05 1.1893
7 1.71 1.6475
5 1.035 1.0536
5 0.9075 1.0672
6 2.5275 2.3527
6 1.11 1.0699
5 0.9 0.8687
7 0.39 0.4528
5 2.685 2.412
7 1.3125 1.3132
7 2.145 2.0553
5 0.36 0.7316
5 0.1575 0.4451
4 0.375 0.834
5 0.45 0.4957
7 2.3925 2.3701
5 0.1575 0.5321
6 1.095 1.0797
6 0.0525 0.4553
4 2.715 2.4573
5 2.4375 2.3507
4 2.0625 2.2889
4 2.9025 2.3171
6 2.7075 2.7224
7 1.47 1.525
6 1.215 1.1855
4 1.7175 1.6807
6 1.9425 1.9387
4 1.77 1.8916
7 0.225 0.4464
6 1.7175 1.7766
7 1.32 1.3528
5 0.9975 1.02
6 0.045 0.4468
7 1.035 1.0597
4 0.8475 0.7395
4 1.2 1.4588
5 1.98 2.0021
5 0.7125 0.7348
6 0.5175 0.5346
4 0.315 0.7511
5 2.22 2.1702
5 0.2325 0.8781
7 2.2725 2.2774
5 0.795 0.4316
6 1.86 1.8629
6 1.2225 1.2884
5 1.4475 1.3736
7 0.9675 0.9022
7 1.9425 1.9679
5 0.6825 0.5755
5 1.9575 1.9549
5 0.5925 0.6588
6 1.695 1.6746
4 2.4075 2.3571
7 1.6425 1.643
7 0.72 0.7753
7 2.2275 2.2665
5 1.17 1.2107
7 2.13 2.0558
5 2.4675 2.4169
7 2.82 2.6657
7 2.5275 2.593
5 2.415 2.4401
4 0.1575 0.6649
5 0.1875 0.4522
5 0.6375 0.6315
4 1.065 0.8585
4 2.76 2.4885
5 0.015 0.5859
7 2.655 2.7111
4 0.12 0.7365
4 0.5475 0.8373
6 2.88 2.5931
7 2.1975 2.0858
5 1.7175 1.7647
7 2.955 2.6081
4 2.715 2.2367
7 2.0175 1.9634
7 1.245 1.1495
6 0.9375 0.93
7 0.2025 0.4488
6 1.2075 1.2019
7 0.33 0.4679
6 2.8725 2.5072
6 1.4325 1.4587
7 0.675 0.5909
7 1.08 1.0884
4 1.3275 1.1905
5 0.24 0.5751
5 0.3 0.661
4 2.13 2.0479
6 0.5625 0.6077
6 0.99 1.0464
6 1.3575 1.4233
6 0.555 0.495
7 0.975 0.955
4 2.0175 2.362
4 2.925 2.4692
5 2.22 2.1471
7 2.1525 2.1186
7 2.1375 2.0845
6 2.8575 2.5438
4 0.1125 0.8826
7 2.535 2.6096
7 1.3425 1.3548
4 1.3575 1.0922
5 2.0775 2.0511
5 2.9625 2.4553
6 2.835 2.5873
5 1.7625 1.8429
6 0.8625 0.7765
7 2.4075 2.3208
7 2.9175 2.7366
4 0.81 0.6702
4 1.3575 1.4168
4 2.4375 1.6327
6 2.4675 2.4075
4 2.085 2.4223
6 1.485 1.4075
4 1.3875 1.5426
5 2.4075 2.491
4 2.7525 2.4764
5 1.0275 1.0511
4 1.08 0.9384
4 2.2125 2.1429
4 0.4575 0.8587
7 2.7525 2.6251
4 1.0875 1.4662
5 2.07 2.0551
7 0.2925 0.3399
6 0.09 0.298
4 2.9025 2.162
5 0.78 0.8615
5 1.29 1.3408
6 2.835 2.3372
4 1.1775 1.2363
5 0.42 0.6721
5 0.8775 0.8711
5 1.4925 1.471
5 0.885 0.5956
5 1.9575 2.0574
4 2.9925 2.3409
5 0.855 0.9833
6 0.375 0.4424
7 2.7375 2.7642
4 0.7425 0.726
5 2.715 2.4489
4 0.2025 0.5688
5 0.8775 1.0182
5 0.645 0.9399
7 1.635 1.6363
6 2.1225 2.1859
5 0.5475 0.8265
5 0.9825 0.8468
4 2.43 2.3113
5 2.61 2.36
6 2.16 2.1923
5 2.085 1.9184
7 2.9025 2.7338
5 0.9375 1.0457
5 0.45 0.523
7 0.8625 1.0025
7 1.89 1.9949
6 2.355 2.4589
6 1.3425 1.433
5 1.1475 0.9575
6 1.665 1.7414
6 1.65 1.4518
4 1.68 1.5437
6 1.5375 1.4687
4 1.29 1.4659
7 1.845 1.861
5 0.87 0.7001
7 1.0875 1.0897
4 2.37 2.3328
4 2.505 2.3509
6 0.99 0.8695
5 0.6375 0.5065
5 1.5525 1.5151
7 1.0425 1.0827
6 0.8925 0.9812
5 0.345 0.625
6 1.395 1.3633
6 1.1775 1.1196
4 1.005 0.9944
5 2.13 2.106
7 0.81 0.685
5 1.02 1.1025
6 2.1075 2.1683
6 0.3375 0.5814
5 1.1025 1.0387
4 0.1875 0.6383
6 1.365 1.4574
4 1.5975 1.7064
7 2.7 2.5886
7 0.99 1.0742
7 0.7425 0.7153
5 1.455 1.4139
4 0.8925 0.7386
7 1.2375 1.1317
5 0.945 0.887
7 2.91 2.7245
7 0.7575 0.7722
6 0.0825 0.4306
6 1.3875 1.4149
4 0.165 0.5699
5 2.19 2.4127
7 0.4425 0.3435
6 2.7375 2.3074
6 2.025 2.0991
4 1.89 1.9223
7 1.8375 1.8925
6 1.95 2.0766
4 0.4275 0.6346
5 1.14 1.0901
5 0.72 0.5166
6 2.9925 2.5091
6 1.4925 1.5502
4 1.7175 1.9164
7 0.66 0.6147
4 0.09 0.8702
7 1.845 1.8193
7 0.3 0.4964
6 0.12 0.3172
4 1.0875 1.2733
5 1.2975 1.2572
4 1.41 1.2864
7 2.775 2.7652
4 1.83 1.91
7 2.715 2.7523
4 1.3125 1.3629
4 0.0225 0.6523
4 0.495 0.7996
7 2.73 2.6157
7 2.07 2.1076
5 1.7775 1.7228
5 0.03 0.6064
7 0.45 0.2659
6 2.3925 2.5921
6 2.5425 2.5581
7 1.1025 1.0482
5 2.01 2.0443
5 2.3775 2.2066
5 0.135 0.532
6 1.11 1.1052
4 0.585 0.7928
4 0.24 0.8403
6 0.5925 0.485
7 1.335 1.3038
7 2.1675 2.1682
7 1.5225 1.5538
5 2.565 2.533
6 0.9225 0.9234
4 0.075 0.5621
4 1.965 2.1752
6 2.3925 2.3888
5 2.3475 2.2027
6 0.045 0.4625
7 2.7975 2.6639
5 0.3675 0.6664
6 2.49 2.5681
7 1.125 1.2287
4 1.17 0.9688
7 1.08 1.0666
5 0.315 0.4418
5 2.34 2.0683
4 1.5375 1.4904
4 1.8975 1.9555
7 2.355 2.5198
4 0.4875 0.7469
7 1.8225 1.8202
6 1.215 1.1731
4 0.165 0.528
6 0.6975 0.6536
6 0.21 0.4295
6 2.7675 2.6096
4 0.8625 0.7873
6 0.18 0.4293
4 0.7425 0.7497
7 2.055 1.9983
5 1.155 1.2805
5 0.2475 0.5842
6 1.6275 1.6256
7 0.765 0.7188
4 0.5925 0.8052
4 0.135 0.642
6 1.1925 1.0597
5 2.2725 2.4155
5 1.7775 1.7541
5 0.5625 0.4625
4 2.205 2.2478
7 1.5675 1.6165
4 1.6575 1.6617
7 2.07 2.1953
4 0.615 0.7511
6 2.1375 1.9591
6 0.555 0.5329
7 2.4225 2.3183
7 0.4575 0.3896
7 0.135 0.3256
5 2.8875 2.4697
7 0.3675 0.3928
4 0.195 0.6168
7 2.79 2.4027
4 1.725 1.7658
5 1.605 1.6206
5 0.1575 0.4363
6 2.67 2.6674
5 0.9375 0.9575
4 1.0425 1.0994
6 0.33 2.5215
4 2.5425 1.9609
7 1.485 1.5694
6 0.5925 0.5895
4 2.04 1.5772
5 2.76 2.2561
7 0.7875 0.8033
7 1.4625 1.6486
6 1.605 1.5712
6 0.3675 0.3647
6 0.405 0.5576
6 2.5125 2.5238
6 2.145 2.4412
4 2.715 2.1836
7 2.37 2.3703
4 2.85 2.3891
6 0.345 0.6148
7 1.4325 1.4074
6 0.45 0.3916
5 1.005 0.853
4 2.0175 1.9905
4 1.56 1.4608
7 1.86 1.8471
7 1.6725 1.6307
6 1.95 1.7529
7 0.6075 0.5662
6 0.7125 0.624
5 0.5925 0.5275
7 0.72 0.5623
6 2.28 2.3493
4 0.8775 0.5112
5 2.505 2.4442
7 0.54 0.3687
7 1.1025 0.9792
7 2.8575 2.687
7 0.5925 0.6005
7 0.1425 0.3922
4 1.9275 1.8817
5 0.63 0.7353
7 1.725 1.6555
4 0.6975 0.6985
4 1.38 1.3338
4 2.49 2.2164
5 1.425 1.4975
5 1.38 1.4163
5 1.35 1.3461
6 1.1025 1.0844
5 2.19 2.1974
6 2.955 2.5082
4 0.5475 0.5026
7 0.3975 0.5468
4 1.7625 1.6644
4 1.9575 1.729
4 1.3875 1.4533
7 0.6 0.6001
5 1.4025 1.2444
4 1.5675 1.3771
4 0.0375 0.6888
7 1.155 1.2305
4 1.695 1.721
6 0.3375 0.5107
7 2.37 2.3806
4 2.325 2.4661
5 2.2275 2.3497
7 1.9275 1.8535
5 0.225 0.4173
6 0.2775 0.563
7 0.0525 0.2515
7 0.8775 0.8552
4 1.8075 1.9016
7 0.36 0.2407
4 2.235 2.3239
5 2.34 2.2444
7 0.9375 0.8723
7 1.545 1.5931
4 0.3075 0.6435
6 2.5125 2.5432
7 1.89 1.8666
6 0.9975 1.0707
5 2.625 2.5182
5 1.05 0.978
5 2.2425 2.1676
7 2.295 2.41
7 0.42 0.4885
6 2.265 2.3108
7 2.4 2.5094
5 1.245 1.2678
6 2.715 2.4821
6 0.3 0.5129
7 0.915 0.7795
7 2.1375 1.9954
6 0.225 0.4368
7 1.89 2.0528
7 2.9475 2.6685
6 2.025 1.9708
6 1.2525 1.2119
6 0.3 0.3127
5 2.94 2.0487
7 1.56 1.5941
6 1.9575 2.0331
5 0.1725 0.622
4 2.115 1.9675
6 1.44 1.452
6 1.4175 1.3333
7 2.2725 2.3405
5 0.2775 0.3836
6 2.0625 2.0083
5 2.1675 2.4002
4 2.535 2.1282
6 0.09 0.2745
7 1.515 1.5517
5 1.0725 1.1002
5 1.11 1.0631
4 1.4025 1.3578
5 2.4975 2.5693
6 1.515 1.5235
6 2.0625 2.0714
7 2.1525 2.1578
5 1.3425 1.1311
4 2.5275 2.2512
5 1.125 1.144
4 1.485 1.1486
5 0.06 0.4052
4 0.63 0.6142
4 1.23 1.2232
7 1.4025 1.4355
5 0.315 0.4005
4 1.725 1.7064
6 1.0575 1.0246
6 1.365 1.3974
4 2.1675 2.2401
6 0.15 0.3198
6 0.78 0.8999
6 2.295 2.2669
6 1.0875 1.1187
6 1.935 2.0234
4 0.105 0.6441
7 2.46 2.7211
4 0.21 0.7694
4 0.6 0.6516
6 2.28 2.308
7 1.77 1.6812
7 2.7375 2.5784
4 1.83 1.9747
5 1.1325 1.1094
4 1.905 1.8929
4 2.115 1.9515
5 2.85 2.5473
7 2.94 2.7023
7 2.7375 2.58
5 0.525 0.5085
7 2.4975 2.4005
4 1.365 1.0209
6 2.7825 2.5529
5 0.4575 0.574
4 2.94 2.1997
6 1.14 1.0754
4 2.5875 2.4752
7 2.805 2.7233
7 1.5225 1.433
6 1.6125 1.6456
6 2.145 2.2048
4 1.89 1.9446
4 0.675 0.6863
6 1.995 1.9428
5 0.0225 1.185
4 2.715 2.4993
4 2.7975 2.4579
4 0.36 0.8438
5 0.105 0.514
5 1.125 1.1273
7 0.27 0.251
4 1.185 1.2118
6 2.295 2.3095
5 1.7625 1.7882
7 1.635 1.6047
5 0.9375 1.03
7 2.37 2.3038
7 1.68 1.6639
6 1.7625 1.7574
6 1.9125 2.0666
5 1.6575 1.6891
7 0.8775 0.8622
5 0.2625 0.5477
7 1.155 1.0636
6 0.99 1.0126
4 2.0625 2.163
6 1.155 1.0042
4 0.7125 1.118
6 1.2975 1.3232
5 1.65 1.7107
7 2.6475 2.6701
7 0.6975 0.7736
5 0.42 0.6343
6 1.65 1.6605
6 1.125 1.1506
6 0.8325 0.7817
7 1.5825 1.6171
4 1.695 1.7102
7 2.625 2.662
4 0.5775 0.8577
5 2.3775 2.5112
5 0.975 1.0004
7 2.8575 2.6873
6 2.31 2.3052
5 2.895 2.3801
7 2.16 2.254
5 0.9825 1.055
5 0.1425 0.5704
6 1.7175 1.7013
7 1.155 1.0825
7 2.235 2.1487
6 0.585 0.7304
7 0.3975 0.2853
6 2.76 2.5681
5 1.005 0.8138
5 0.87 0.5373
7 2.9025 2.7499
6 1.86 1.7736
7 1.4025 1.4669
7 0.1425 0.5151
6 2.835 2.5566
6 0.255 0.5829
4 2.5725 2.2866
4 0.12 0.9422
7 2.0475 2.0464
7 1.545 1.5028
7 0.5625 0.6416
5 1.3425 1.42
6 1.9125 1.9008
7 0.9 0.8322
5 2.55 2.1399
4 0.99 0.6131
7 2.7825 2.6199
7 0.075 0.5278
5 2.1075 2.2565
7 2.6025 2.6037
6 0.54 0.4469
5 2.6775 2.3876
7 0.0225 0.407
5 0.435 0.8898
6 1.05 1.0687
4 1.6425 1.841
4 2.6325 2.2426
7 0.33 0.2725
4 1.92 1.7961
5 2.4225 2.0919
7 0.1575 0.361
4 0.4725 0.6419
6 1.71 1.5456
5 2.85 2.5789
4 1.545 1.3945
6 0.78 0.8704
6 0.54 0.4704
6 1.155 1.1602
6 2.3925 2.3165
4 0.0075 0.5917
7 0.0675 0.5289
6 2.9025 2.5988
7 0.8175 0.7895
7 2.3775 2.4443
5 2.9925 2.486
5 0.84 0.9656
5 1.6575 1.8403
7 1.53 1.5651
6 2.565 2.3616
7 0.765 0.6914
5 1.0575 0.9964
5 0.1875 0.6046
5 1.7025 1.7694
5 2.9475 2.5528
4 1.545 1.4832
7 2.2425 2.1914
7 0.5475 0.5077
6 0.8625 0.7444
6 1.455 1.5223
6 0.525 0.3864
6 0.24 0.3573
5 0.7425 1.0064
5 1.5975 1.4416
5 1.9725 2.0646
6 2.8725 2.5705
7 0.54 0.4553
5 2.9025 2.5643
4 2.28 2.2931
5 1.0875 1.1114
7 2.1 2.2802
6 2.9625 2.6166
6 2.8575 2.2818
6 1.6275 1.7368
5 2.5575 2.3883
4 0.2625 0.7451
7 2.1525 2.0646
6 1.095 0.9805
6 1.515 1.5089
5 1.4775 1.5116
5 2.6475 2.5147
4 1.035 1.0554
5 1.65 1.6349
7 0.675 0.5875
5 0.375 0.439
7 2.82 2.7225
7 1.74 1.7193
4 2.7075 2.0254
5 1.0125 0.7342
5 0.315 0.4734
6 0.735 0.4816
5 2.5425 2.5411
4 1.5825 1.8706
4 0.015 0.8925
4 1.1325 1.2345
7 0.4425 0.3723
5 1.2 1.1316
7 1.5525 1.5381
4 0.3375 0.6783
7 0.9 0.8739
5 1.2675 1.3527
7 2.6625 2.5859
5 2.235 2.3437
4 2.3775 2.1325
7 1.3125 1.3098
6 2.28 2.3288
4 2.895 2.4519
4 0.105 0.8133
4 0.3375 0.6464
5 2.1525 2.1327
4 1.4925 1.6996
6 2.88 2.7573
7 0.81 0.7053
7 0.81 0.8085
6 2.955 2.6061
6 2.3025 2.4625
4 0.9075 1.0536
6 0.4875 0.4347
6 0.24 0.3765
5 1.5975 1.4936
6 1.68 1.7162
5 2.79 2.3504
4 1.1775 1.2789
4 0.495 0.6677
4 0.4875 0.6007
4 0.4725 0.4552
4 2.6025 2.1099
5 0.6525 0.7007
5 1.9275 2.0985
4 2.22 2.2845
7 1.4775 1.5008
7 0.1425 0.6111
6 1.425 1.4582
5 1.545 1.6502
5 2.8275 2.5107
7 0.1125 0.2915
6 2.34 2.1922
6 2.955 2.6101
5 1.875 1.8751
5 1.8675 1.7519
4 1.2075 0.9421
7 1.0725 1.0748
5 2.8275 2.4538
7 0.09 0.264
7 0.975 1.0479
4 2.8875 2.2243
7 2.7975 2.6431
7 1.425 1.5284
6 2.7825 2.332
6 0.48 0.5537
5 0.7125 0.6868
6 0.3075 0.7236
6 1.3125 1.2117
5 2.1675 2.2396
4 0.675 0.7756
4 1.755 1.6193
7 0.15 0.3316
5 1.335 1.2367
7 0.51 0.5315
5 1.785 1.6182
6 2.505 2.4509
4 1.2975 1.0859
6 0.36 0.4707
4 1.7025 1.8288
5 2.205 2.4783
5 1.5225 1.4876
5 0.975 0.8871
7 1.875 1.961
6 2.16 2.1182
6 2.775 2.6271
4 0.8175 0.948
7 0.1425 0.29
6 2.595 2.2144
7 2.175 2.3161
7 0.7875 0.7703
6 2.22 2.2589
7 1.5075 1.5446
7 0.39 0.3238
4 1.1625 0.977
5 0.9225 0.7726
7 1.8675 1.911
7 1.875 1.9182
4 0.405 0.9541
4 2.28 2.4102
4 2.4975 2.3683
5 0.7725 0.638
7 2.5575 2.65
5 1.035 1.0949
7 0.4575 0.3164
6 2.1675 2.229
4 0.06 0.5442
4 0.69 1.0021
7 1.35 1.3692
4 1.035 1.2423
5 0.5175 0.51
7 2.955 2.7007
4 1.7175 1.7133
7 2.4825 2.4356
6 0.4575 0.5335
4 0.3675 0.4887
4 1.6725 1.6999
7 0.0975 0.2802
5 2.97 2.3447
4 1.095 1.2371
5 1.2525 1.0654
6 2.4 2.3682
6 0.585 0.542
7 0.735 0.7189
6 0.36 0.3793
6 0.825 0.8015
6 1.065 0.964
7 1.0575 1.102
5 2.325 2.5174
5 1.755 1.8609
5 0.2775 0.5866
4 2.4825 2.4071
5 0.54 0.509
6 1.8 1.8202
6 0.06 0.5186
6 2.01 2.0628
6 1.53 1.5342
7 2.6025 2.537
6 1.53 1.4892
4 0.7575 1.0177
6 0.2025 0.4381
5 0.8775 0.7503
4 2.7825 2.4199
7 2.49 2.4694
4 1.035 0.5782
5 0.7575 0.8523
6 1.5075 1.421
4 2.94 2.2421
6 1.89 1.9153
6 2.13 2.1712
4 0.3375 0.6479
6 2.715 2.6213
5 1.1025 1.1585
6 0.645 0.3567
5 1.6275 1.656
4 0.6825 0.5357
4 2.37 2.4665
5 1.56 1.619
6 1.665 1.5901
6 2.745 2.6647
6 1.3875 1.3637
7 2.07 2.0533
7 1.35 1.3293
7 1.485 1.5306
7 1.08 1.072
4 1.845 1.976
6 0.525 0.3525
5 2.37 2.5301
5 0.78 0.7375
5 0.975 0.8821
7 1.8 1.8471
7 2.1675 2.0015
6 0.7125 0.7054
4 1.6125 1.7299
5 1.8975 1.8184
4 1.5675 1.3409
6 2.61 2.6861
4 1.2375 1.1605
5 2.835 2.5432
7 0.6375 0.575
5 0.6 0.4938
5 2.6475 2.576
4 0.39 0.5744
7 2.2425 2.2173
7 2.385 2.3529
6 2.325 2.4808
5 2.415 2.4654
5 1.29 1.3671
4 2.055 2.0074
4 1.89 1.7328
5 0.0525 0.5698
6 1.5525 1.4881
5 1.29 1.3096
7 2.0025 2.1682
6 0.255 0.4421
4 0.3525 0.8621
5 2.1525 2.3161
6 0.195 0.4126
5 1.5675 1.5656
5 1.605 1.5964
4 2.4375 2.3265
6 1.32 1.2848
4 0.615 0.7516
6 0.9825 0.8994
6 0.27 0.3165
5 2.22 2.5305
5 0.21 0.7902
5 1.8975 2.0975
4 1.3425 1.291
6 1.9275 1.852
7 0.45 0.4093
7 2.3925 2.4273
6 1.7175 1.6596
6 2.1675 2.2598
4 0.8925 0.7871
4 0.8175 0.7002
7 1.065 1.6486
4 1.23 1.3969
5 0.24 0.4904
6 0.75 0.6878
6 1.665 1.7286
6 1.9575 2.09
5 2.9475 2.5627
5 1.5075 1.4097
5 0.615 0.7855
4 0.57 1.0564
6 0.885 0.9953
4 2.6175 2.4568
4 0.765 0.6581
6 1.095 1.1157
4 1.6275 1.5943
7 1.605 1.5633
5 2.6325 2.4549
5 0.585 0.5129
6 1.5 1.5629
4 0.765 0.701
6 1.9125 1.9883
6 2.52 2.4058
7 1.7925 1.8179
6 0.495 0.7156
5 1.455 1.4857
7 0.5925 0.3351
4 1.6425 1.865
4 0.03 0.6817
5 0.8325 0.9417
5 1.1625 1.1738
7 0.435 0.5515
5 2.07 2.2584
4 0.06 0.619
4 2.985 2.2347
4 2.475 2.0792
7 0.7425 0.6196
5 1.6275 1.7395
7 1.02 1.1162
7 1.3425 1.4147
7 0.57 0.329
5 0.705 0.8335
5 2.1375 1.9377
5 0.345 0.4734
5 1.4025 1.5234
4 2.415 2.3028
7 2.205 2.1873
5 2.475 2.2046
6 0.4725 0.3876
6 2.2575 2.3544
5 1.7175 1.763
4 0.6075 0.8973
5 1.245 1.182
7 1.4325 1.3735
6 1.095 1.0943
5 1.5675 1.5412
7 2.6625 2.5713
4 2.9625 2.4243
6 1.5975 1.5997
6 1.23 1.2821
7 1.02 0.9879
5 2.9625 2.3957
5 2.0775 2.2558
7 1.5 1.4455
6 2.01 1.9211
5 0.2475 0.7552
6 0.8925 0.9167
6 0.3 0.4086
4 2.205 2.4529
4 2.1375 2.0894
6 2.97 2.6562
7 1.17 1.2319
4 2.9925 2.355
4 2.055 2.1442
5 2.3025 2.3051
7 1.245 1.3049
6 2.73 2.6459
5 2.1375 2.4491
6 0.9975 1.0062
5 0.345 0.4221
6 1.605 1.5765
5 2.0475 2.2874
7 1.17 1.1999
6 0.6225 0.6942
6 1.575 1.597
4 0.3825 0.6832
5 1.23 1.1421
5 0.315 0.618
7 2.385 2.441
5 1.575 1.4732
4 2.3625 2.3561
4 1.2225 1.0596
6 1.5825 1.5383
6 1.965 1.8878
7 2.04 1.9901
5 1.17 1.1191
7 2.8425 2.6046
7 0.7125 0.5857
7 0.495 0.2745
7 1.23 1.202
7 0.84 0.7627
4 2.2875 2.2374
4 1.575 1.5135
5 1.755 1.6147
6 1.92 2.0717
4 0.9375 0.8727
4 2.1525 2.4239
7 1.425 1.4865
5 0.975 0.8365
5 2.4825 2.4871
7 1.275 1.2803
6 2.5875 2.5161
4 1.7775 1.7467
4 2.2275 1.9508
4 0.915 1.3612
7 2.5275 2.5104
4 1.5675 1.6172
4 2.7825 2.3165
7 1.38 1.4089
5 2.6775 2.4796
5 0.1125 0.3992
5 1.53 1.5969
4 2.7225 2.324
5 2.175 2.0
4 1.4475 1.5071
5 0.45 0.8938
7 2.2575 2.3925
5 1.8225 1.9864
5 2.115 1.9387
7 0.69 0.7483
5 2.85 2.4563
4 0.375 0.9261
7 1.2675 1.35
4 2.76 2.3198
4 1.995 2.0435
4 1.515 1.5836
6 0.765 0.5885
5 1.38 1.4524
4 1.425 1.1096
4 1.83 1.8568
4 1.8375 1.6152
4 0.12 0.8712
4 0.27 0.6233
6 2.6175 2.363
5 2.115 2.2591
7 1.2975 1.2095
6 0.1725 0.4643
4 1.755 1.8076
4 1.7925 1.6946
7 1.4475 1.4833
4 0.78 0.7099
5 2.46 2.507
7 1.515 1.487
4 1.7925 1.7702
7 2.1225 2.0956
7 0.075 0.164
5 2.655 2.5853
7 1.5 1.4622
6 1.44 1.4433
4 1.815 1.7462
4 1.9275 2.1492
7 0.0375 0.3121
4 2.325 2.148
6 1.1475 1.3154
4 2.7375 2.2788
6 1.905 1.9119
5 2.175 2.3211
4 2.8425 2.1545
4 1.215 1.2748
5 1.905 1.8756
5 1.05 1.0083
6 1.68 1.7988
4 0.3675 0.7829
5 0.0525 0.5526
4 2.82 2.408
5 2.6325 2.2421
6 2.535 2.4204
5 0.45 0.4932
6 2.37 2.4335
6 0.4425 0.4204
7 0.6 0.4735
5 0.135 0.6171
7 1.53 1.3249
4 1.5 1.4979
5 2.7525 2.2745
5 2.835 2.5327
6 2.16 2.0595
7 0.4275 0.3918
4 1.0275 0.8786
5 1.485 1.5862
7 1.4775 1.4842
5 1.2375 1.3466
6 1.7325 1.6926
7 2.5725 2.5836
5 1.17 1.2741
4 0.285 0.5188
6 2.685 2.5917
5 1.17 1.3497
7 2.13 2.085
4 2.1375 1.9
7 2.37 2.3269
6 2.9475 2.3349
4 1.0575 1.2754
6 2.805 2.5985
7 2.4975 2.4186
4 1.845 1.8998
5 1.2825 1.3232
4 1.7325 1.569
6 1.995 1.9839
7 2.2275 2.3453
5 0.21 0.5048
4 1.98 2.0074
6 1.425 1.474
5 0.8625 1.1232
7 1.47 1.4552
6 2.205 2.2563
4 0.225 0.7239
5 2.94 2.5979
4 0.9825 0.9018
6 2.295 2.591
4 2.46 2.2613
5 1.8075 2.079
4 1.8225 2.0381
4 1.0275 0.8675
5 1.545 1.6411
5 2.0775 2.0629
6 2.52 2.6578
7 1.8825 1.8878
4 1.2975 1.3013
7 2.055 2.0297
7 1.335 1.266
7 0.0075 0.2147
5 1.455 1.3757
4 2.0025 2.0334
5 1.62 1.3598
6 1.2375 1.2351
7 0.57 0.4932
5 1.8525 1.9752
6 1.995 2.0305
7 2.01 2.1121
4 0.315 0.7637
5 2.7225 2.3934
4 2.985 2.4765
6 2.2125 2.2086
4 1.3275 1.1529
7 2.8575 2.6661
6 0.3975 0.5778
4 2.67 2.4327
6 0.63 0.5269
7 2.82 2.8233
5 1.62 1.6882
6 2.4375 2.3488
5 1.4625 1.3496
4 2.49 2.2593
6 0.84 0.8339
7 0.6 0.5953
7 1.185 1.1474
4 1.9725 1.9244
5 0.915 0.9466
7 1.905 1.9448
5 0.87 0.9972
4 0.9075 0.7501
7 1.6575 1.6389
6 0.6675 0.6489
5 2.1675 2.3256
6 2.4075 2.342
4 2.0625 1.827
6 1.6425 1.6821
4 1.815 1.8531
4 2.925 2.1654
4 2.9175 2.4348
7 1.1175 1.1167
6 1.9125 2.0394
4 1.6725 1.6086
4 1.6275 1.4723
6 1.455 1.4031
6 0.03 0.5336
7 0.825 0.8201
4 1.065 1.1139
7 2.43 2.4468
5 0.33 0.4926
4 2.7975 2.4477
7 0.3 0.3991
6 1.32 1.4733
7 0.675 0.7994
4 0.6225 0.6855
4 1.5 1.705
4 2.6625 1.9817
5 0.6975 0.6646
7 2.1 2.1685
6 1.98 1.9709
7 2.5875 2.7092
6 0.735 0.7976
4 2.715 2.3728
6 1.2525 1.0931
7 1.6875 1.7341
7 1.71 1.7271
6 2.685 2.3298
7 0.36 0.4327
4 1.65 0.5942
6 0.765 0.7254
5 1.2525 1.084
5 1.7625 1.8109
7 2.25 2.1165
5 0.495 0.4058
6 0.765 0.4077
7 0.975 0.9929
6 1.41 1.42
6 0.8325 0.8185
4 2.88 2.4428
5 1.6575 1.6517
6 1.62 1.5081
4 0.945 1.2678
4 2.1375 2.2523
5 2.16 2.499
4 2.8575 2.3809
4 2.565 2.4828
6 0.3975 0.3358
7 1.9725 1.9592
6 2.745 2.75
4 1.4025 1.4948
7 1.845 1.8989
7 2.49 2.3899
7 2.8875 2.6344
6 1.0725 1.1052
4 1.605 1.4072
6 1.8675 1.8275
5 0.045 0.4632
4 1.4925 1.4049
7 1.17 1.0855
6 2.67 2.5452
7 1.0425 1.0781
7 2.1075 2.0841
6 1.8375 1.8837
6 1.26 1.1937
7 0.6525 0.534
6 1.3425 1.3239
4 0.57 0.7678
7 1.9425 1.9231
4 1.98 2.3444
4 1.0425 0.808
6 0.2475 0.6625
5 0.03 0.4386
4 0.2925 0.6397
4 2.8275 2.4511
7 1.5975 1.6118
4 0.9975 1.2123
4 1.68 1.598
5 2.6775 2.3176
4 0.105 0.5906
7 0.4575 0.6149
7 0.8925 0.8029
7 1.1775 1.2949
6 2.4375 2.5007
5 2.9625 2.3924
7 1.1025 1.1358
6 2.19 1.9599
7 0.0225 0.3528
6 2.475 2.6087
6 1.665 1.8172
6 0.8025 0.6954
5 1.68 1.5558
7 0.78 0.6225
6 0.9675 0.9783
7 2.925 2.7141
5 0.345 0.3963
5 2.94 2.5689
6 2.5575 2.3377
7 0.8775 0.9622
4 0.4725 0.5712
6 0.1425 0.4328
5 0.195 0.6556
6 1.8 1.7454
7 0.945 0.9436
7 0.255 0.2901
5 1.545 1.5872
6 0.195 0.3164
7 0.795 0.5445
7 1.8375 1.7973
4 1.3725 1.4646
6 1.7925 1.813
7 1.5075 1.4864
4 2.5275 2.311
4 1.0875 1.3251
7 2.1 2.1669
7 2.685 2.5019
4 2.8125 2.2041
4 2.9175 2.4478
7 2.145 2.1347
4 2.9925 2.4251
7 2.7975 2.6158
4 2.16 2.269
7 2.94 2.6669
6 1.605 1.5071
4 0.2175 0.6907
6 1.725 1.6213
7 2.805 2.5568
5 0.5175 0.5008
5 1.59 1.6289
7 1.0425 0.9822
4 1.575 1.3567
4 0.945 0.9883
6 2.4825 2.6737
4 0.7125 0.9188
6 2.7675 2.4336
4 0.7275 0.8786
5 2.9025 2.538
6 2.8275 2.6368
7 1.5975 1.6443
7 0.7875 0.8113
6 1.56 1.4849
4 2.7675 2.4324
7 1.9425 2.0127
4 2.7225 2.1959
5 2.2125 2.502
6 2.1675 2.0921
7 1.965 1.9252
7 1.8075 1.8921
6 0.015 0.5786
5 2.8425 2.5833
4 1.14 1.0908
6 0.945 0.9412
4 1.305 1.0776
6 0.09 0.5655
5 2.475 2.2035
4 2.4225 2.2692
6 1.1475 1.0943
4 2.22 2.2411
7 1.515 1.4437
4 1.9875 2.297
4 0.585 0.8375
4 1.7325 1.648
6 2.205 2.3549
5 1.7625 1.8634
7 2.5875 2.6705
6 1.635 1.6167
4 2.3625 2.2103
5 2.5125 2.3829
6 2.205 2.2384
4 0.8775 0.8621
5 0.495 0.586
7 1.5975 1.675
4 2.49 2.5096
6 0.525 0.4192
7 1.575 1.5587
6 2.415 2.4873
7 0.255 0.3135
4 2.49 2.2208
4 2.7825 2.1727
5 1.9125 2.0827
6 1.3725 1.4083
7 2.5125 2.4783
5 1.4925 1.4588
4 2.0775 2.0064
6 2.1675 2.1279
4 1.86 1.7756
4 0.7875 0.9494
7 2.1075 2.2906
4 0.855 0.7186
6 1.2675 1.1466
6 1.0125 1.2268
7 0.225 0.4583
7 1.9875 1.9771
4 0.1575 0.6459
5 2.19 2.095
6 1.0875 1.0424
4 2.4825 2.2086
5 0.7275 0.6404
6 0.39 0.2922
6 2.61 2.5848
7 1.5075 1.6241
6 2.325 2.4246
5 2.6325 2.3929
5 0.105 0.7135
6 1.425 1.4399
4 0.81 0.8012
7 2.34 2.3983
5 1.5525 1.7131
7 2.6625 2.5144
6 2.745 2.4005
7 1.2 1.2062
7 0.7875 0.7118
5 0.15 0.5877
5 0.1875 0.4929
4 0.66 0.6972
4 2.0175 2.0501
7 0.735 0.325
5 2.7525 2.5716
6 0.3075 0.3253
6 1.935 1.9338
4 1.2075 1.3705
6 2.235 2.1923
7 1.4625 1.4787
6 2.0925 2.141
6 1.08 1.0625
6 2.7975 2.5936
5 0.4275 0.4571
7 2.2275 2.1452
6 0.945 0.8522
7 1.5225 1.5133
7 0.5925 0.4386
4 2.8575 2.4413
4 1.1175 1.099
6 1.7925 1.8543
7 1.02 0.9743
6 2.745 2.6499
7 0.21 0.1386
4 0.51 0.6234
6 1.0275 1.0821
5 2.01 2.0659
7 0.4875 0.4312
6 2.865 2.4362
4 2.1975 2.2714
5 1.605 1.5894
5 1.605 1.7017
7 1.4625 1.5666
6 0.6825 0.7223
5 2.55 2.3812
4 0.7125 0.5046
4 1.9425 2.3
4 0.435 0.8319
4 2.34 2.2292
6 0.6225 0.4948
6 0.165 0.6445
4 1.215 1.0864
6 0.3375 0.6356
6 1.5675 1.5699
5 2.91 1.9695
5 0.945 1.0562
6 1.2675 1.2425
5 2.925 2.4969
5 0.4725 0.5775
6 0.1575 0.671
7 2.3325 2.2569
4 1.6125 1.4475
6 0.1575 0.4003
7 2.775 2.7436
5 0.81 0.7373
4 1.2825 1.3873
7 1.7775 1.7206
4 0.7875 0.7136
4 0.2625 0.6364
4 1.6875 1.7034
4 0.6 0.6424
7 0.5325 0.3981
4 0.825 0.7821
4 0.9375 1.274
7 2.9925 2.6518
6 1.4925 1.5765
4 2.775 2.3845
7 1.77 1.7097
5 1.575 1.3511
6 2.31 2.3043
6 0.03 0.302
6 2.6175 2.6344
6 1.515 1.5396
4 2.3775 2.249
6 0.8175 0.7687
5 0.795 0.7421
4 2.4075 2.4057
7 1.9725 2.0504
6 1.3125 1.4052
7 0.9375 0.8802
6 1.9425 1.8391
7 2.4525 2.6844
4 0.135 0.5309
7 0.72 0.7058
4 0.6975 0.7957
7 2.6775 2.7102
4 2.3925 1.9726
4 2.6325 2.173
5 2.925 2.5964
5 2.805 2.2008
7 0.75 0.7874
6 2.1075 2.4662
6 1.815 1.7409
6 1.4775 1.5918
5 0.9225 0.8852
5 0.9 0.8539
7 1.035 1.1327
5 1.26 1.1038
5 2.2425 2.2192
7 2.4825 2.7197
7 2.565 2.6145
7 0.8025 0.7692
6 2.91 2.5814
6 2.46 2.3569
7 0.735 0.7198
5 0.5925 0.5123
6 1.0875 0.9305
4 2.4375 2.4625
7 2.6925 2.3556
7 0.8475 0.9157
4 1.245 1.168
5 2.685 2.4512
7 0.72 0.6585
4 0.5325 0.6575
4 0.9 0.9256
5 2.805 2.449
7 0.09 0.3466
5 1.92 1.9069
7 1.515 1.5171
7 0.81 0.838
7 0.4575 0.4805
4 0.12 0.5418
6 1.875 1.8921
5 0.39 0.3712
6 0.7875 0.7978
7 2.9925 2.4543
4 2.52 2.392
5 1.3725 1.4125
7 0.96 1.0655
6 0.42 0.3783
4 1.2675 1.1648
4 1.68 1.8411
6 0.975 0.8985
4 0.1725 0.7594
5 0.8475 0.8969
6 2.0025 1.9466
6 2.055 2.1766
5 1.425 1.4098
7 2.325 2.3418
6 2.67 2.4815
4 1.3575 1.5272
5 1.125 1.1453
6 1.695 1.732
7 0.8325 0.9029
4 2.9775 2.1553
5 0.2925 0.5461
4 2.34 2.2201
7 2.9925 2.6726
6 0.81 0.4638
4 1.77 1.7595
6 1.0425 1.0544
4 2.6025 2.2948
4 1.38 1.2326
7 0.9 0.8407
4 2.6475 2.4507
7 1.65 1.6834
4 2.655 2.3676
7 1.035 0.9188
5 0.225 0.405
6 1.23 1.2251
6 2.3625 2.404
4 0.165 0.7911
7 0.9 0.7977
6 2.1675 2.0168
7 1.7325 1.7886
6 1.5525 1.5656
6 2.1675 2.1005
5 0.6075 0.6039
7 1.65 1.6725
4 2.25 2.4086
4 1.62 1.8703
7 1.4475 1.3838
7 2.595 2.5703
7 0.1875 0.4338
5 0.6225 0.617
4 2.4525 2.1228
6 1.38 1.2599
7 0.15 0.3991
4 1.3875 1.5101
7 2.7675 2.7831
7 0.57 0.5062
5 2.76 2.3807
6 0.4875 0.6741
5 2.8425 2.5098
7 1.8975 1.8562
5 2.43 2.4711
4 2.4675 2.3949
7 2.5875 2.8465
5 0.9975 1.0997
5 2.7075 2.2917
4 1.155 0.9471
6 1.44 1.4691
7 0.555 0.1131
6 1.2825 1.3805
7 1.1925 1.1578
5 1.935 2.038
7 0.1725 0.335
5 2.4 2.4348
6 2.5125 2.4471
5 0.1875 0.4852
6 2.3475 2.3253
7 2.2425 2.1948
4 1.26 1.2847
7 0.0225 0.3134
5 0.4575 0.6005
6 0.5625 0.3913
7 0.3525 0.3617
6 1.815 1.8861
6 0.27 0.5857
5 0.1725 0.6855
6 0.12 0.3403
5 2.8725 2.4481
5 1.6725 1.7141
6 2.4225 2.5364
4 2.475 2.1264
6 0.45 0.492
4 0.885 0.8584
4 2.8575 2.3827
5 0.39 0.7233
5 0.015 0.4174
7 1.1325 1.0812
6 1.9125 1.9686
4 1.065 0.8341
5 0.405 0.5919
7 0.42 0.2339
6 1.0125 1.0395
5 1.86 1.8702
5 1.125 1.019
6 2.2425 2.284
5 2.4525 2.36
7 0.285 0.3649
6 2.7 2.5671
7 0.045 0.2926
4 0.2775 0.7239
7 1.1475 1.1823
4 2.9475 2.3342
5 2.5425 2.475
6 2.7075 2.5563
4 1.725 1.7662
7 1.4775 1.4913
4 0.225 0.5986
6 1.365 1.4902
7 1.02 1.0234
5 1.59 1.4504
5 1.0725 1.1604
7 0.015 0.2838
4 2.1975 2.1839
7 0.8775 0.8432
6 2.1 2.1664
4 0.3675 0.5804
5 2.265 2.4489
7 0.795 0.91
6 1.2675 1.2337
7 0.45 0.5604
5 1.785 1.7145
5 2.61 2.1442
7 1.2675 1.1927
4 0.8325 0.8924
5 1.1325 1.0636
4 2.5725 2.4097
5 1.2075 1.2502
7 1.5825 1.4801
4 0.7125 0.8329
4 1.245 1.1219
6 1.245 1.2099
7 0.9075 0.9842
5 0.795 0.6042
5 0.8325 0.4272
6 2.5725 2.3148
6 2.955 2.6213
7 2.8275 2.7423
7 2.505 2.3639
7 2.6175 2.6065
7 1.0125 1.0032
5 1.965 2.0094
4 0.0825 0.5299
6 1.8225 1.9004
5 2.5425 2.5118
4 0.78 0.8573
7 1.8975 1.8051
6 2.0175 2.125
6 2.2425 2.2378
7 0.945 1.0375
4 1.395 1.2994
7 0.3 0.4704
7 0.84 0.7281
6 1.305 1.4164
6 0.735 0.7444
7 1.8525 2.0168
5 1.29 1.2704
6 0.39 0.6591
7 2.64 2.6665
7 2.2275 2.1787
6 2.025 1.9494
4 2.355 2.2906
6 1.62 1.5796
4 1.9575 1.8985
4 2.5275 2.5351
5 2.295 2.4704
4 2.7825 2.4878
6 0.195 0.5876
5 0.36 0.5353
5 0.4425 0.437
4 2.5125 1.7973
7 1.575 1.6836
5 2.4525 2.1963
5 1.8 1.6892
5 0.4275 0.5397
7 1.8975 1.9396
6 0.435 0.365
4 1.215 1.1441
7 0.6225 0.5743
7 1.9275 1.8434
4 1.4625 1.4059
7 1.4925 1.5172
4 2.025 2.2461
4 2.3775 2.3821
7 0.2175 0.2696
7 2.3625 2.6369
6 0.8025 0.6577
7 2.955 2.6915
4 2.475 2.3706
6 0.495 0.4943
7 0.8025 0.6707
4 1.5 1.5073
4 2.355 2.4638
7 2.94 2.7887
7 2.4375 2.3182
5 1.5075 1.6529
6 1.7775 1.7725
7 0.9675 0.9412
6 1.7775 1.9494
6 2.07 2.0196
5 0.825 0.8951
5 0.2625 0.4925
6 2.0775 2.1484
5 1.695 1.6912
5 2.7675 2.5037
5 2.7675 2.4726
7 0.1425 0.3652
4 1.5375 1.6493
6 2.2725 2.3045
5 2.7375 2.603
7 1.7775 1.7309
4 1.2 1.1066
7 1.5225 1.6197
7 2.985 2.6413
5 1.3275 1.3027
6 2.19 1.9377
6 1.875 1.7251
6 0.8325 0.7454
6 2.1825 2.3716
7 2.3175 2.4185
7 2.43 2.4556
7 1.9725 1.9323
5 2.3775 2.3995
7 1.275 1.2251
4 1.185 1.279
6 0.3675 0.3811
4 1.53 1.5799
5 1.5 1.4457
6 1.8675 1.9571
6 2.6775 2.6736
4 0.0225 0.6056
5 1.0575 0.7757
4 2.61 2.1595
6 2.775 2.675
7 0.2325 0.3055
4 0.855 0.8858
6 0.6675 0.6928
6 0.0825 0.3235
7 2.6775 2.7248
5 0.45 0.4995
4 0.6825 0.5161
4 2.6175 2.409
4 2.37 2.2239
6 0.2175 0.2892
7 1.4775 1.4247
7 1.815 1.9091
6 0.7575 0.714
6 1.5 1.557
5 0.4425 0.533
4 1.68 1.8261
7 1.125 1.0859
5 1.08 1.1884
7 1.6275 1.6357
6 2.91 2.5851
5 2.505 2.6108
5 2.5725 2.3707
6 0.36 0.3866
4 2.3025 2.2793
4 1.1625 1.3362
7 0.045 0.2602
5 2.37 2.2034
6 1.4775 1.4349
7 0.165 0.2953
4 2.19 2.1498
4 2.835 2.3005
6 2.7225 2.3224
7 2.67 2.6338
4 0.5775 0.5471
6 2.94 2.777
6 1.095 1.0648
7 0.5925 0.5834
5 0.105 0.4397
7 0.8175 0.7397
6 1.6425 1.7307
7 0.345 0.3234
6 2.7 2.5001
5 2.2725 2.3667
7 1.65 1.583
4 1.635 1.4565
5 0.915 0.7805
6 1.7925 1.7458
4 0.51 0.8062
6 0.7425 0.4808
4 0.6675 0.5432
6 1.425 1.3454
5 0.5625 0.7147
7 2.175 2.2339
6 1.965 1.9267
5 0.4575 0.7726
4 2.355 2.2488
4 0.525 0.5496
5 2.37 2.5463
5 1.0725 0.9901
6 0.0525 0.4518
7 2.31 2.3818
4 1.7175 1.7189
7 0.39 0.4262
6 1.26 1.3024
5 2.7075 2.4173
4 0.2775 0.6243
4 0.66 0.6221
4 1.8675 1.8161
6 0.0375 0.4846
6 1.1775 1.1716
6 2.2725 2.3836
5 0.4725 0.6945
7 2.1075 2.1979
4 1.8 1.8009
4 0.9525 0.7632
4 1.5675 1.5175
7 0.4725 0.5057
6 1.7325 1.7568
7 0.9525 0.8351
4 0.105 0.9278
7 0.3825 0.3768
7 1.53 1.4891
4 2.2575 2.4022
5 1.8 1.8614
6 0.2925 0.507
6 2.715 2.3809
6 1.845 1.796
5 2.7225 2.5052
6 2.64 2.5848
5 1.2675 1.185
5 2.5575 2.2297
5 1.065 1.1735
4 2.5575 2.4569
7 0.0525 0.4254
7 2.5425 2.7107
6 2.31 2.4554
7 0.51 0.6106
7 2.46 2.6621
5 0.8625 0.5729
7 2.205 2.3526
7 0.0975 0.3057
6 1.6275 1.6505
4 0.72 0.9557
4 1.56 1.5951
7 2.25 2.1352
6 1.3875 1.4449
6 0.6825 0.8121
5 2.175 2.164
5 2.775 2.3032
5 1.965 1.9674
6 0.3 0.5516
4 0.2925 0.8186
4 0.3975 0.6529
4 2.76 2.3851
6 2.4375 2.4795
7 2.805 2.6467
4 0.3675 0.6366
5 2.715 2.422
4 0.93 0.8553
6 0.585 0.4761
5 0.3075 0.62
6 0.7125 0.5739
5 1.545 1.3902
4 1.4925 1.2692
7 0.135 0.3661
5 0.81 0.6767
7 2.76 2.7051
6 1.1025 1.1464
4 1.215 1.089
4 2.85 2.3358
6 2.325 2.5098
5 2.7525 2.6016
4 2.145 2.2132
5 1.5075 1.5151
7 2.8875 2.7206
5 2.175 2.162
7 1.4025 1.4004
6 2.1975 2.1757
5 0.1425 0.6818
7 1.5525 1.5949
4 1.245 1.241
4 1.035 1.1335
4 0.315 0.9033
5 0.465 0.375
5 1.725 1.8534
5 2.5425 2.3945
5 2.2875 2.1452
7 2.895 2.7561
5 2.9025 2.5017
4 1.8 1.925
4 0.2775 0.6291
5 0.225 0.4524
4 1.2375 1.131
6 0.1875 0.4932
4 2.58 2.2273
5 0.9675 1.0765
5 0.165 0.809
6 2.355 2.4089
4 1.3425 1.0263
5 1.32 1.2675
4 1.0425 1.0925
4 2.445 2.0128
5 1.38 1.3518
4 1.4925 1.6189
5 2.2275 2.2224
4 2.6025 2.3502
4 0.585 1.0591
4 2.7075 2.4141
7 1.8075 1.6866
4 1.005 1.1245
4 0.6525 0.7061
4 0.9825 1.0836
4 2.5725 2.2225
7 2.655 2.697
6 0.705 0.7548
6 1.9575 1.8576
6 1.3275 1.4081
5 2.505 2.5733
4 2.3175 2.3582
5 2.9925 2.5115
4 0.9675 0.7688
7 2.475 2.5962
4 0.36 0.7123
6 2.325 2.3462
5 1.35 1.4485
7 1.1325 0.9775
4 2.8275 2.4295
4 2.3925 2.2306
7 2.4 2.6814
6 0.9975 0.9039
7 1.5 1.4348
6 1.3275 1.3052
5 2.325 2.2
6 2.04 2.0235
6 2.565 2.3528
4 2.3625 2.3424
4 1.2525 1.2059
7 2.3325 2.2952
7 1.9575 1.9435
5 0.285 0.5217
5 1.77 1.8741
6 0.9075 1.0676
5 1.11 1.0325
4 0.525 0.7148
4 2.835 2.4303
4 0.5475 0.5545
6 2.5875 2.6116
7 1.2525 1.1564
4 1.395 1.3293
7 1.0875 1.2049
4 0.4725 0.6247
7 1.32 1.3586
4 1.5 1.3817
6 1.17 1.1622
4 1.2975 1.3444
4 1.4475 1.4987
5 1.005 1.1538
6 2.31 2.2066
4 0.3 0.6479
5 2.5575 2.5059
4 2.7825 2.1886
7 2.4975 2.7193
4 0.8625 0.5735
7 2.625 2.4304
4 1.2525 1.1934
6 2.8275 2.4142
7 0.225 0.2852
5 0.9825 1.0266
4 0.99 1.2027
5 2.5125 2.3046
5 2.115 2.2396
6 1.9725 1.8747
4 2.31 2.2263
4 2.2725 2.3128
5 2.4 2.484
6 2.7975 2.6391
4 1.5675 1.4771
6 0.1125 0.5838
5 2.43 2.2314
6 2.355 2.1934
5 1.89 1.8618
4 2.58 2.1077
7 1.32 1.2477
7 1.455 1.3741
4 2.6775 2.3703
7 2.85 2.5925
6 0.735 0.6593
6 1.5675 1.6059
6 2.955 2.5404
7 1.53 1.462
6 0.8775 0.7507
7 2.8125 2.5605
4 1.59 1.73
7 0.93 0.8881
6 0.5025 0.4834
6 1.2675 1.348
4 2.01 2.0791
5 2.1525 1.9397
4 2.445 2.5476
4 2.4375 2.004
6 2.1225 2.3391
7 0.4575 0.5236
4 0.06 0.6151
7 1.1925 1.1502
7 0.45 0.4631
4 0.525 0.6463
4 1.1775 0.8433
6 1.665 1.637
4 2.625 2.2817
5 2.1975 2.2035
5 0.1875 0.4826
7 2.6025 2.4437
6 1.155 1.1807
4 1.695 1.8536
4 0.24 0.6393
7 1.98 1.9123
4 2.625 2.3436
4 1.59 1.7239
4 1.065 1.0486
7 2.3925 2.4177
5 1.29 1.328
6 2.4825 2.3678
6 1.1625 1.13
5 1.68 1.5429
7 2.46 2.5625
5 2.5125 2.2314
4 0.2175 0.6769
5 0.0375 0.5779
6 2.6925 2.6473
7 1.95 2.0281
5 1.35 1.2982
5 2.4975 2.2873
4 2.2275 2.1013
4 2.685 2.3258
4 1.9275 1.949
5 2.94 2.3531
6 2.2725 2.2531
6 0.57 0.6806
4 0.9375 1.171
4 2.2575 2.5101
4 2.04 1.8669
7 0.57 0.7386
6 0.21 0.468
5 0.42 0.6134
5 2.64 2.5259
5 1.8375 2.0454
6 0.8325 1.0154
4 2.91 2.3425
6 0.72 0.7398
5 1.425 1.4607
4 1.065 1.2223
7 2.4675 2.4033
6 1.65 1.6834
4 1.515 1.7079
7 0.525 0.6067
5 0.3 0.6804
6 1.0275 1.061
4 1.395 1.2292
5 0.78 0.9162
7 0.5775 0.7237
4 1.2675 1.3628
7 0.3825 0.4177
5 0.6 0.584
5 1.2975 1.1995
6 2.3625 2.2696
4 1.4325 1.3398
5 0.1125 0.5147
5 1.56 1.4931
4 1.9575 1.9806
7 2.415 2.2711
5 0.51 0.4433
7 1.1775 1.2155
5 1.0725 1.0175
6 2.5875 2.7093
5 2.73 2.4765
4 1.71 1.5872
7 0.42 0.4316
5 2.1675 2.1323
5 0.975 0.9468
6 1.905 1.881
5 2.025 1.9555
5 1.605 1.6515
4 0.87 0.7982
6 0.39 0.68
4 2.01 1.7608
7 1.935 1.9286
7 2.0325 2.0187
6 2.1975 2.2921
4 0.6675 1.1549
4 1.14 1.3596
6 1.77 1.6796
4 1.32 1.1349
4 0.8625 1.1171
4 0.6 0.6495
5 0.3975 0.6276
7 2.2725 2.3573
5 2.79 2.6064
5 1.875 1.8679
5 0.855 1.0604
4 0.6525 0.9001
6 2.22 2.4423
5 1.425 1.4948
4 0.66 0.5932
5 1.14 1.1924
4 2.2875 2.4187
4 2.0775 2.1462
4 0.6525 0.6235
6 1.2675 1.3384
4 1.9575 2.0811
5 2.34 2.4907
5 1.4325 1.4109
4 1.215 1.2415
4 1.98 2.0657
7 2.7075 2.4001
6 2.6775 2.6389
4 2.175 2.3831
4 0.81 0.9453
7 0.6075 0.7069
7 0.7875 0.7648
7 1.2525 1.1944
5 1.725 1.6942
6 1.665 1.6295
5 0.3 0.4187
4 0.6375 0.9128
6 0.48 0.5401
4 1.3275 1.376
6 1.845 1.8007
7 0.1125 0.2246
5 1.6425 1.672
7 0.12 0.3143
5 1.7025 1.5652
5 0.0675 0.3947
7 1.56 1.4889
4 2.37 1.992
4 0.5925 0.7786
5 0.5775 0.4939
5 2.505 2.4867
4 1.1625 1.0661
4 2.115 2.3538
4 0.675 0.6662
6 2.4525 2.5048
6 2.55 2.4807
7 1.7475 1.7556
5 2.475 2.287
6 0.9975 0.8509
7 1.0875 1.0304
6 1.44 1.4513
6 1.0425 1.055
6 1.905 1.8893
4 0.135 0.773
6 1.59 1.7007
7 1.725 1.58
4 1.6875 1.6587
5 1.8 1.8022
5 0.72 0.7458
6 0.285 0.3975
4 0.48 0.6333
4 1.005 1.0911
4 1.5225 1.4603
6 1.17 1.1958
7 2.34 2.4196
5 0.495 0.6257
6 0.705 0.6185
4 0.705 0.5679
4 1.32 1.4143
6 0.9225 0.8727
5 1.155 1.1668
5 1.29 0.9592
6 1.98 1.9711
7 0.015 0.295
6 1.125 1.0516
6 0.4125 0.5688
7 0.405 0.4092
6 2.205 2.1128
7 0.42 0.2702
7 0.3075 0.3318
6 0.4425 0.4291
5 0.435 0.7531
5 1.185 1.0836
7 0.33 0.3371
4 1.8375 2.0356
6 0.99 0.9194
6 0.48 0.5993
5 2.43 2.5348
5 0.0225 0.4884
4 0.6825 0.5789
6 1.8 1.7668
7 1.5375 1.4842
6 2.6025 2.5904
7 1.1175 1.1377
4 0.2325 1.0147
7 0.855 0.9193
5 0.6225 0.4267
5 2.6775 2.5484
5 1.5075 1.5948
7 1.1175 1.092
7 2.52 2.7469
6 1.8825 1.7565
5 1.44 1.3942
6 1.3875 1.3102
5 0.09 0.4936
4 1.9425 1.9723
5 0.9 0.8882
5 2.01 2.0163
5 2.025 2.048
7 0.1575 0.2864
6 2.46 2.4502
5 2.3625 2.5168
4 0.33 0.7958
4 2.0625 2.351
7 1.6425 1.5698
7 2.205 2.2399
6 2.775 2.5768
4 1.4325 1.2621
5 0.42 0.582
6 2.445 2.4112
6 0.21 0.4793
6 1.785 1.7473
6 0.885 0.8748
4 0.375 0.573
7 0.375 0.4977
6 0.3675 0.6173
6 0.045 0.302
6 1.875 1.8313
4 0.27 0.5705
6 0.21 0.3553
7 2.3775 2.3794
6 0.3675 0.8002
6 1.395 1.4156
4 0.2475 0.595
4 2.2125 2.3264
5 1.305 1.3318
5 2.8425 2.4965
5 1.395 1.4635
6 0.1425 0.378
7 2.6775 2.4885
4 1.74 1.8105
4 2.4975 2.2562
4 0.0375 0.6256
6 1.4925 1.4542
7 1.7775 1.787
6 1.6275 1.5359
5 0.84 0.9627
6 1.035 1.1573
5 2.9325 2.4858
7 1.725 1.6679
4 1.74 1.7145
7 1.2675 1.2164
6 2.4375 2.4625
5 1.2 1.1466
5 1.2825 1.2231
5 1.065 0.9244
6 0.465 0.3849
7 2.8725 2.4852
5 1.38 1.3379
7 0.615 0.7337
4 1.4475 1.2199
4 0.6675 0.4927
7 2.565 2.6779
7 1.0575 1.0172
5 2.67 2.4273
4 1.26 1.1132
4 2.2575 2.3402
5 0.69 0.6594
6 1.3275 1.268
4 2.1675 2.3188
5 0.8175 1.0534
7 0.765 0.7548
4 1.4925 1.5853
4 1.6725 1.5238
6 1.2675 1.292
7 1.98 1.9615
4 2.34 2.1046
6 0.6675 0.5606
5 2.4075 2.1035
5 2.6925 2.4723
5 0.075 0.6302
5 2.8275 2.5973
6 2.0025 2.1519
6 0.0375 0.6187
6 0.1725 0.4113
4 1.53 1.4852
5 2.565 2.6023
6 1.3875 1.3397
7 2.4675 2.5122
7 1.155 1.2217
4 0.4725 0.6269
4 2.6025 2.2951
4 0.2325 0.6073
6 1.9575 1.9312
4 1.275 1.164
7 1.7175 1.6706
6 0.51 0.3899
7 1.74 1.8945
5 2.3925 2.4665
6 2.3625 2.2297
5 2.46 2.3781
5 0.72 0.7572
6 1.4025 1.4656
4 0.615 0.5953
7 0.2175 0.3394
5 2.7075 2.5487
4 0.5025 0.5242
4 1.0425 0.8826
5 1.245 1.1486
6 1.1475 1.2074
7 2.1975 2.2852
7 2.43 2.3451
7 0.48 0.2944
7 1.1025 1.0409
4 0.96 0.7
6 0.8775 0.9118
7 2.25 2.2637
4 0.3825 0.6937
4 2.22 2.3702
6 2.4075 2.4329
7 2.25 2.2885
4 2.64 2.253
5 1.05 1.0592
6 2.46 2.3285
4 1.605 1.7174
4 0.3825 0.701
5 2.925 2.0793
4 1.41 1.3533
6 0.435 0.3128
6 0.15 0.5085
6 0.72 0.3493
5 2.4525 2.5156
4 2.1225 2.3068
4 0.6225 0.5168
5 2.265 2.1135
7 1.2525 1.1643
6 0.54 0.37
4 2.3775 2.4034
7 2.0025 2.1296
5 2.58 2.3285
6 2.0175 1.9537
5 1.5375 1.6085
6 0.735 0.8608
5 2.0475 2.0623
7 0.585 0.6539
7 1.6425 1.6622
4 2.0775 1.9371
4 2.445 2.1913
7 1.44 1.481
5 1.6725 1.7129
6 1.7325 1.729
5 2.19 2.2964
4 1.245 1.3242
7 0.8775 0.8624
5 2.235 2.0519
4 0.675 0.596
7 2.4 2.2649
7 0.99 0.8694
6 2.1675 2.1338
4 1.845 1.7763
4 1.05 1.0383
5 1.4025 1.4056
6 2.9025 2.6002
4 2.8875 2.3569
5 2.085 2.332
5 0.12 0.5209
7 2.4375 2.514
4 2.2275 2.0834
6 2.1375 2.1398
4 0.87 1.0922
6 1.815 1.9327
5 2.97 2.3652
5 2.46 2.5319
6 2.4225 2.5821
5 2.0775 0.4893
4 1.29 1.2522
5 0.81 0.7994
5 1.245 1.3327
5 0.4725 0.5443
5 0.645 0.5265
4 0.345 0.4434
6 2.3325 2.4278
4 0.135 0.6057
6 1.4025 1.3038
5 2.1375 1.976
4 1.7325 1.797
4 0.21 0.6236
4 1.9425 2.0074
7 1.335 1.3996
5 2.91 2.2748
5 2.6175 0.7753
6 2.6475 2.5646
6 0.0675 0.5604
4 2.8725 2.3971
4 2.7825 2.3491
7 2.565 2.5255
7 2.4825 2.5241
4 2.3475 2.1769
7 0.24 0.385
6 0.315 0.4573
5 2.745 2.4646
4 0.5325 0.5268
6 0.6825 0.907
6 2.745 2.5654
4 0.3675 0.6196
4 1.875 2.1158
4 1.395 1.4645
5 1.17 1.2209
4 2.5725 2.2872
5 1.125 0.9032
6 0.2625 0.4444
5 1.23 1.2611
6 0.0825 0.4913
7 0.945 0.9757
4 0.2625 0.5749
5 0.87 0.8429
4 1.6875 1.5458
5 2.625 2.2625
6 1.9575 2.0473
4 2.625 2.495
7 0.645 0.8021
4 2.2575 2.1104
4 1.71 1.5819
5 2.2575 2.4052
6 1.5675 1.5965
5 0.93 0.7769
7 0.7275 0.7116
5 1.77 1.9083
7 2.19 2.267
6 1.095 1.1929
5 1.2975 1.3035
7 2.625 2.4608
7 0.5325 0.5377
6 1.65 1.59
7 1.6425 1.6179
6 2.535 2.5183
4 0.8625 0.6595
7 2.6475 2.3999
4 0.96 0.8314
5 2.835 2.5485
4 1.305 1.2828
5 2.25 2.0997
7 2.895 2.6416
4 2.25 1.9009
6 1.8225 1.8091
7 1.605 1.6074
4 1.8 1.6612
4 0.5475 0.8306
5 2.16 2.0719
7 2.775 2.5662
6 2.91 2.6513
4 1.8075 1.5769
5 2.8275 2.394
5 0.165 0.4706
6 2.6925 2.4124
5 2.4 2.315
7 0.9375 0.949
5 2.7375 2.4175
4 1.9275 1.8408
4 2.115 2.342
5 0.6825 0.533
6 2.865 2.2714
6 0.435 0.4279
7 0.96 0.9495
4 1.95 1.813
4 0.0075 0.5959
4 0.5175 0.8931
6 1.4775 1.4105
6 1.92 1.9579
4 1.4625 1.392
6 0.4875 0.5525
7 0.435 0.3977
5 1.2075 1.3025
6 1.155 1.1957
4 2.8425 2.255
6 1.7925 1.8181
4 2.0625 1.8913
5 1.26 1.2588
6 1.0125 1.1088
5 1.635 1.6655
6 0.03 0.3448
6 2.3325 2.2616
5 0.8475 0.6831
4 1.05 0.9697
4 0.4425 0.7136
4 1.5675 1.3648
7 1.4775 1.4692
6 0.735 0.6113
7 2.295 2.3071
5 1.3275 1.2603
4 2.355 1.9741
5 1.0425 1.0578
6 0.405 0.4368
5 2.94 2.4238
5 0.435 0.6259
7 2.4825 2.5677
4 1.0725 0.9448
5 2.49 2.352
5 0.3075 0.3643
5 2.46 2.5534
6 1.9125 2.0466
6 0.555 0.6821
7 0.435 0.2191
5 2.76 2.5876
4 2.7675 2.2608
7 1.0875 1.1598
6 2.655 2.6876
6 1.245 1.1415
4 2.73 2.2987
6 1.4325 1.3607
6 0.03 0.3754
7 1.275 1.3555
4 1.35 1.2004
6 0.5175 0.592
5 2.9325 2.4368
7 1.815 1.8093
5 2.1 2.3255
5 0.3525 0.4822
5 1.2225 1.1668
6 1.7175 1.6643
4 1.2375 0.8913
5 2.805 2.5495
4 2.3925 1.9102
6 0.3525 0.6001
6 1.305 1.2569
7 1.5075 1.4569
7 1.635 1.5687
4 2.52 2.0422
6 1.1175 1.2345
6 0.9075 1.0001
5 1.125 1.2248
7 0.345 0.1086
7 0.7125 0.7353
6 0.5175 0.3803
7 0.6 0.688
4 0.0 0.5924
7 2.4375 2.487
4 1.635 1.2204
5 1.425 1.2615
7 2.7975 2.6648
7 2.9925 2.6707
7 0.54 0.5521
5 2.055 1.8926
7 2.145 2.162
7 0.5025 0.4009
6 2.9925 2.5794
5 1.155 1.3498
5 1.53 1.3769
4 0.105 0.6627
7 0.9 0.9691
4 1.6725 1.5221
7 0.885 0.9466
7 2.0775 2.108
6 0.1725 0.455
7 1.05 1.0308
4 0.1125 0.7337
7 2.07 2.0389
4 0.0075 0.733
4 2.745 2.4712
7 1.2825 1.2962
7 1.245 1.2048
4 1.29 1.2529
7 0.3 0.291
4 1.65 1.5569
6 0.0375 0.31
6 1.2525 1.2851
6 2.325 2.3538
4 0.225 0.7723
4 2.2275 2.0683
6 1.47 1.5014
4 1.395 1.5456
4 0.7125 0.6244
4 0.06 0.6682
5 2.235 2.0389
4 0.435 0.5589
4 1.875 1.9112
6 2.6925 2.5773
6 2.07 2.1455
7 2.07 2.2332
6 0.21 0.2992
7 1.815 1.9012
7 0.69 0.6655
5 1.455 1.4199
5 0.2625 0.5934
6 1.08 1.0499
4 0.225 1.2724
4 1.5525 1.5055
6 0.42 0.7888
4 1.08 0.9627
6 1.95 1.8341
4 0.285 0.628
7 0.0075 0.4929
7 0.33 0.4657
5 1.335 1.4313
7 0.2175 0.3467
7 1.02 0.9277
4 2.25 1.9583
7 2.115 2.2023
7 1.47 1.4887
4 1.905 1.8745
6 2.295 2.4684
7 2.0775 1.9779
6 0.1125 0.6652
7 2.5575 2.4401
5 2.8425 2.3785
7 0.8775 0.8772
7 1.965 1.896
4 2.13 2.2877
4 2.0025 2.2995
7 1.1475 1.1583
7 1.905 1.9713
5 2.565 2.4341
6 2.325 2.3561
7 1.0125 1.0839
6 1.9275 1.8846
7 0.705 0.8252
4 0.4725 0.5328
7 0.225 0.4047
7 2.475 2.5627
7 0.1875 0.4316
6 2.7375 2.6459
7 2.1825 2.2187
5 1.485 1.5514
4 2.3175 2.0008
6 1.5075 1.5819
4 1.4475 1.3617
7 0.12 0.477
6 0.69 0.6771
5 2.97 2.5185
5 1.98 2.0344
4 2.82 2.357
5 0.255 0.3897
5 2.5875 2.5626
6 2.0325 2.0025
4 1.2825 1.177
4 1.605 1.5985
4 1.44 1.6339
5 2.28 2.1908
5 0.0525 0.5143
5 2.16 2.2609
5 2.8875 2.5835
6 1.7625 1.6941
4 1.9725 1.8762
5 2.2425 2.1328
4 0.105 0.6125
4 1.1325 1.1951
6 1.0275 0.8433
7 1.395 1.4547
7 0.9825 0.9696
7 2.925 2.6795
4 2.8425 2.3554
6 1.4775 1.5982
4 2.1075 2.0868
7 1.2375 1.2159
7 2.7825 2.7239
6 2.46 2.4488
4 1.56 1.63
5 1.7175 1.7007
5 0.42 0.5098
7 2.235 2.2074
6 2.7825 2.672
4 1.0875 0.892
7 0.21 0.3116
6 1.2225 1.2794
5 2.4075 2.4994
4 0.645 0.8116
4 0.975 0.7834
6 0.7575 0.9914
6 1.995 1.9241
7 1.665 1.6004
7 1.05 1.0336
6 0.45 0.4864
7 0.195 0.29
6 2.985 2.664
4 1.5375 1.5074
4 2.415 2.3008
5 0.18 0.4582
5 0.1425 0.4028
4 0.1575 0.8992
6 0.72 0.759
6 0.81 0.8442
7 1.1025 1.0633
6 0.5925 0.6335
7 2.7675 2.7251
4 0.6 0.7682
7 1.11 1.1767
4 2.1825 1.9784
7 2.4225 2.6481
4 1.38 1.2576
7 2.7375 2.6704
5 2.4975 2.3722
5 2.8575 2.5984
5 2.1225 2.4613
7 0.9675 1.032
4 0.585 0.9023
5 2.175 2.2765
4 1.7775 1.7548
5 0.0 0.5764
4 1.1625 1.0051
5 1.6425 1.5765
7 2.685 2.6567
4 0.555 0.6182
5 2.925 2.3656
5 0.69 0.5096
5 2.085 2.0945
5 2.6175 2.0666
7 0.24 0.2188
4 2.9925 2.4479
6 1.785 1.8081
5 2.9925 2.6773
6 1.8825 1.7981
5 0.855 0.8176
6 2.19 2.3584
7 2.1225 2.1397
4 2.415 2.2189
5 1.86 1.952
4 0.4875 0.8571
4 2.0775 2.3163
5 1.0425 0.7157
5 2.0175 1.9121
5 0.1875 0.4149
6 1.8 1.8245
7 2.7675 2.6827
6 2.145 2.1677
5 2.0325 2.0783
7 2.3775 2.5081
6 1.6125 1.6241
6 0.6 0.53
6 0.0 0.3245
4 2.5275 2.1728
6 2.295 2.4079
7 2.64 2.8223
6 0.915 0.9905
5 0.2775 0.6641
4 0.7875 1.1397
5 0.15 0.6759
5 2.3175 2.026
4 0.7575 0.5784
5 1.02 1.0236
5 1.845 1.7801
6 1.1325 1.0067
7 0.5775 0.422
7 0.555 0.6139
4 1.545 1.4814
5 0.1875 0.5378
4 1.4775 1.506
6 2.775 2.648
7 1.095 1.1996
4 0.6525 0.6287
7 2.8875 2.6439
6 0.195 0.4361
7 1.2525 1.249
6 1.38 1.3274
7 1.755 1.7376
7 0.8925 0.8452
7 0.435 0.3404
6 0.6225 0.6711
4 0.96 1.0687
5 1.14 1.1518
7 2.13 2.1285
7 0.8625 0.938
5 2.685 2.5516
4 2.79 2.1499
6 0.735 0.9053
5 2.7375 2.5555
5 2.595 2.1845
4 1.5975 1.6686
6 2.1075 2.2143
6 2.0925 2.0719
7 2.6325 2.7267
6 2.0625 2.0979
5 0.165 0.4883
5 2.505 2.6466
6 0.165 0.5573
7 0.945 0.9723
5 0.4425 0.5466
4 1.0125 1.0878
6 2.4225 2.678
5 2.9475 2.4601
6 2.6775 2.5772
6 0.8175 0.8584
4 2.01 2.1184
6 2.3175 2.3493
7 0.6675 0.7297
5 0.8025 0.7881
6 1.2 1.1698
6 0.0225 0.5088
7 0.2625 0.2619
5 0.81 0.4653
7 1.485 1.5191
6 0.225 0.3287
6 2.4 2.3422
7 1.8825 1.8779
4 2.805 2.4219
5 1.3125 0.9838
5 2.67 2.0538
5 2.1075 2.1934
4 2.8875 2.2725
7 0.8925 0.9544
4 1.035 0.7855
7 0.63 0.5865
5 0.435 0.6285
4 1.7325 1.9914
4 0.945 0.6697
4 1.725 1.8461
5 2.295 2.4535
5 2.5725 2.1474
7 0.8175 0.985
7 2.49 2.288
6 1.7175 1.7926
5 0.3975 0.3789
4 2.445 2.2356
5 1.2 1.0185
4 0.99 1.2419
7 0.375 0.2423
5 1.1025 1.204
6 2.9025 2.6532
4 1.5675 1.6083
4 0.72 0.7702
5 0.855 0.8776
4 1.5075 1.2623
7 0.1725 0.333
7 1.095 1.105
6 0.405 0.4814
7 2.805 2.4114
7 1.11 1.1513
6 2.9775 2.6487
6 0.045 0.4465
6 2.2725 2.2152
5 2.0775 2.0044
7 2.265 2.1836
7 2.43 2.3113
5 2.7075 2.479
4 0.75 1.1639
7 0.15 0.2904
7 2.01 2.0862
4 0.75 0.616
6 0.8775 0.8891
5 1.155 1.2702
6 2.07 2.113
6 1.29 1.3428
5 0.18 0.5785
4 1.74 1.5783
5 0.1275 0.6897
6 2.1375 2.0964
7 2.8125 2.5473
6 0.7425 0.7348
6 1.2075 1.262
5 1.7025 1.6881
4 2.835 2.4307
7 2.9925 2.674
4 0.255 0.5769
4 2.28 2.3543
7 0.1125 0.5087
4 2.49 2.2416
7 0.2175 0.2455
6 2.2575 2.2141
6 0.8325 0.7219
4 2.5125 2.2532
6 2.6625 2.5696
4 1.35 1.1916
7 0.6 0.2764
6 1.5675 1.6417
6 2.94 2.57
7 1.1625 1.0926
5 2.655 2.4149
4 0.45 1.085
6 2.655 2.4145
6 2.4675 2.262
6 1.3575 1.3673
7 0.5025 0.3776
4 0.525 0.912
4 0.0825 0.4648
6 1.0725 1.017
4 2.0625 2.3407
5 0.5025 0.3871
6 2.91 2.5082
4 0.0825 0.5704
6 0.3525 0.5668
5 2.88 2.5968
5 0.7275 0.7055
7 1.3425 1.4402
4 2.6325 2.3571
5 0.555 0.4775
7 1.59 1.5933
5 1.755 1.8755
7 1.665 1.5721
6 2.4 2.6665
7 2.1 2.0697
5 2.94 2.6118
7 0.93 1.0119
7 2.115 2.1313
4 0.105 0.9533
5 0.8775 0.4008
5 2.235 2.2924
4 1.8075 1.7177
7 2.205 2.2252
5 1.095 1.0332
5 1.665 1.8366
6 0.7575 1.0179
7 0.795 0.7279
4 2.0175 2.3432
4 0.24 0.6277
7 0.2025 0.4416
6 2.2125 2.1065
6 2.895 2.4689
7 2.43 2.4439
6 1.2525 1.172
7 1.3725 1.3211
5 0.2025 0.4877
7 2.8275 2.8249
5 2.985 2.5203
6 2.6475 2.4723
5 2.4675 2.5044
7 1.05 1.0018
7 0.18 0.3148
6 1.2375 1.2439
6 1.125 1.1063
6 0.255 0.5821
4 1.0575 1.0047
4 1.395 1.2826
7 1.365 1.2843
7 0.48 0.6149
4 1.0125 1.1316
6 2.1975 2.3847
7 1.815 1.8716
7 2.2575 2.266
6 2.49 2.4959
6 1.5675 1.5143
7 2.88 2.7641
4 0.1575 0.6777
7 2.205 2.2175
7 2.8275 2.6642
7 2.655 2.7658
7 2.7 2.5416
5 0.0825 0.6855
6 0.6 0.7676
4 2.505 2.2662
4 0.3675 0.6803
7 1.4625 1.5064
4 2.16 2.246
6 0.3375 0.6217
5 0.7275 0.6865
4 1.785 1.7616
6 2.55 2.412
4 0.975 0.5898
7 1.8 1.7281
4 2.73 2.2893
7 1.9875 1.8676
4 0.8325 0.7103
4 1.6275 1.7046
4 1.5825 1.6556
6 1.6425 1.669
7 0.69 0.7101
4 0.885 1.3325
5 0.135 0.4716
5 1.6875 1.708
7 2.31 2.4098
5 2.2875 2.1803
6 0.8025 0.7965
5 2.1075 2.0745
7 2.3475 2.3936
6 1.6725 1.6978
5 2.865 2.4489
7 0.66 0.6024
5 2.8875 2.6086
6 1.5225 1.5602
6 0.12 0.3246
6 0.675 0.8281
5 2.685 2.5097
7 0.855 2.4506
6 0.315 0.4144
7 2.8275 2.8278
5 1.5675 1.5008
5 0.87 0.5412
6 1.4625 1.481
4 0.2775 0.7541
5 0.12 0.5714
6 2.9175 2.5347
6 0.24 0.4876
5 2.4975 2.1691
5 2.0175 2.0242
5 2.49 2.562
7 1.08 1.0718
5 0.4725 0.4141
4 1.6425 1.9035
6 2.85 2.5807
5 2.565 2.5471
6 2.355 2.298
7 0.1725 0.2808
5 1.71 1.7898
7 1.755 1.7629
4 2.8425 2.0587
6 1.7175 1.6917
5 0.3375 0.43
6 2.5575 2.3371
6 1.1925 1.2193
7 0.4275 0.3325
5 0.075 0.4801
5 2.2275 2.1476
6 2.925 2.7483
5 0.39 0.4426
4 1.365 1.4277
7 1.0425 1.0653
7 0.36 0.4577
6 2.0325 2.0811
6 2.85 2.6081
5 0.9825 1.135
6 1.17 1.1753
4 0.2475 0.7101
6 0.6825 0.7512
7 2.1825 2.2231
5 2.2575 2.2658
5 0.0675 0.5469
6 2.3925 2.5583
6 2.5425 2.3843
6 1.965 1.9476
5 0.0375 0.6088
5 0.8775 0.8907
5 1.695 1.6645
7 0.345 0.222
6 2.085 2.1384
6 0.3825 0.443
5 1.35 1.5734
5 2.595 2.4697
6 0.435 0.8294
4 0.9375 0.9504
7 2.1675 2.2574
5 2.4 2.3801
6 0.5925 0.675
6 2.1975 2.2534
6 2.82 2.4881
6 1.2525 1.3433
4 2.3775 2.1119
4 0.72 0.6069
4 1.4175 1.2523
7 0.1725 0.1983
7 2.175 2.2343
6 1.335 1.2925
7 1.5675 1.579
5 1.2 1.2868
5 2.34 2.2457
5 2.37 2.0449
6 2.4225 2.5211
7 1.0275 0.9858
6 2.07 2.0209
7 0.225 0.4094
7 0.57 0.5812
4 2.82 2.3945
7 1.665 1.5246
6 0.7275 0.7314
4 1.065 0.9071
6 0.99 0.9297
5 0.945 0.7686
7 1.0575 1.0265
5 2.91 2.6095
7 2.4825 2.5336
5 2.7225 2.5438
5 0.075 0.4284
5 2.7525 2.5828
5 1.05 0.9506
6 0.06 0.6523
5 0.8025 0.8954
7 2.6025 2.692
5 2.925 2.4809
6 2.2875 2.3219
7 1.3575 1.36
6 0.03 0.4671
6 1.4025 1.4291
4 2.805 2.3208
5 0.7725 0.5405
7 0.0525 0.3152
7 0.21 0.2071
7 2.1375 2.1667
4 1.62 1.7533
7 1.26 1.3443
5 2.34 2.5856
5 2.7525 2.4346
6 1.7625 1.7434
5 1.0275 0.8664
5 2.8725 2.5953
4 1.4325 1.369
7 2.5425 2.5114
6 0.7575 0.8129
7 1.185 1.1818
4 2.5275 2.3373
4 0.18 0.8499
6 1.2825 1.876
7 2.9925 2.6848
5 1.8675 1.9357
4 0.66 0.8304
4 2.025 2.4337
4 2.5875 2.2484
7 2.8425 2.7447
4 1.86 1.8085
7 0.795 0.7729
7 0.705 0.7541
5 1.7325 1.7218
6 1.02 0.9014
6 1.485 1.4654
7 0.7125 0.6969
6 1.62 1.612
7 2.1 2.1818
4 1.7325 1.869
7 1.635 1.6296
5 0.1875 0.3814
7 1.965 2.0696
7 2.25 2.173
5 2.6175 2.3105
4 2.865 2.4921
7 0.165 0.2512
4 2.5575 2.098
7 0.8925 0.9706
6 0.6225 0.5691
5 2.0025 2.229
5 0.1575 0.5388
7 2.46 2.6528
7 1.5225 1.5225
7 1.635 1.7239
7 1.155 1.1104
7 1.9125 2.0464
6 2.0175 2.1449
7 1.545 1.6079
7 0.2325 0.369
6 2.1525 2.0545
4 1.6575 1.605
5 2.595 2.6598
6 0.825 0.8401
7 0.705 0.7186
5 2.46 2.5824
7 2.7825 2.6903
7 0.5475 0.4663
7 2.2425 2.4651
5 1.92 1.9241
7 2.0475 1.9809
4 2.055 1.8485
7 0.0375 0.3025
4 0.6525 0.6799
7 2.0925 2.0929
7 1.3875 1.4098
5 0.2475 0.5369
6 0.0075 0.6806
5 0.4575 0.4714
7 2.64 2.4593
4 0.2025 0.5441
7 2.865 2.654
7 0.7575 0.7175
4 0.0375 0.682
6 1.695 1.6873
7 2.5575 0.2269
5 2.9325 2.3677
7 0.69 0.7549
4 2.805 2.3465
5 1.8375 1.7258
6 1.3425 1.3473
4 0.6 0.4647
5 0.9825 0.9391
7 2.085 2.0733
5 2.415 2.3893
4 1.83 1.9346
6 2.1975 2.1069
5 2.025 2.0556
6 1.905 1.9386
5 2.1675 2.2095
4 2.1375 1.9449
4 0.5925 0.4903
5 2.8275 2.4826
6 2.61 2.3172
6 0.5925 0.6787
6 2.43 2.6241
5 0.3075 0.5139
4 2.5575 2.0567
5 0.3825 0.537
4 0.405 0.4978
7 1.2975 1.2858
7 1.1175 1.1913
6 2.2725 2.3782
4 0.705 0.7295
6 0.5625 0.611
7 0.1575 0.3159
4 1.4175 1.4954
7 1.0725 1.0425
7 1.62 1.7467
5 2.0925 2.322
5 2.865 2.5208
6 0.8325 0.9554
5 0.9825 1.1529
6 2.145 2.1221
7 1.7925 1.8289
4 2.1 2.4323
5 2.49 2.2574
6 2.0175 2.1249
4 0.9825 1.2315
7 1.26 1.2046
4 1.1925 1.3183
7 1.935 1.994
7 0.4425 0.5013
6 1.6875 1.6165
7 1.2975 1.3344
5 1.47 1.321
6 0.7575 0.6538
7 2.07 1.9201
4 0.2025 0.6318
7 1.5 1.568
4 0.0975 0.624
4 1.1175 1.1231
6 1.7625 1.6016
5 0.8325 0.8392
5 0.2175 0.4565
4 1.0875 1.102
6 0.6 0.7564
6 0.15 0.3278
4 1.0125 0.9522
4 1.065 1.2863
4 0.465 1.0621
7 2.01 2.0737
4 2.7375 2.1843
4 2.835 2.2148
7 1.0875 1.1315
6 0.0675 0.4569
6 2.2425 2.1829
6 2.025 2.0848
5 0.0825 1.4049
7 1.23 1.2691
4 1.71 1.9167
6 2.4975 2.6139
7 1.515 1.5206
5 1.5225 1.3613
7 0.045 0.216
5 0.1125 0.5657
4 1.755 1.5873
6 0.3225 0.1926
5 2.4 2.2108
6 1.7775 1.7747
4 2.5425 2.3079
5 2.8425 2.4899
5 2.67 2.6032
5 1.77 1.8722
5 1.56 1.614
4 0.465 0.6741
7 1.905 1.8631
6 2.61 2.5912
4 2.67 2.387
6 1.5675 1.5195
4 0.5175 0.9396
7 2.8125 2.7074
4 2.295 2.2375
7 0.9825 0.9462
5 2.94 2.4106
7 2.145 2.0889
4 1.74 1.8922
5 0.4275 0.5179
5 1.7025 1.7274
4 1.6575 1.5709
5 2.6775 2.4891
6 2.91 2.7034
5 2.1075 2.1813
7 0.9525 0.9064
6 0.9 0.7002
7 0.8925 0.8399
6 0.4575 0.6921
7 0.06 0.3758
7 0.0375 0.405
5 0.885 0.7128
6 0.9525 0.9608
4 1.0275 1.3615
6 0.0675 0.5214
4 2.805 2.3731
4 0.2925 0.5508
4 1.02 1.1735
5 2.0775 2.185
4 1.7175 1.7668
6 1.6275 1.6922
4 2.565 2.3831
7 0.2475 0.2081
7 2.2575 2.198
4 2.7225 2.4011
4 2.055 1.9468
5 2.715 2.4456
5 2.8425 2.4016
6 1.845 1.8399
4 2.5425 2.1167
4 0.7575 0.5984
5 0.06 0.5909
5 2.0475 2.1692
7 2.46 2.4634
5 0.6975 0.6135
4 0.225 0.52
7 0.495 0.3822
6 0.615 0.5968
6 0.135 0.4148
4 1.605 1.727
6 0.5625 0.6563
4 0.78 0.5325
5 1.515 1.5056
7 1.245 1.1902
6 2.1525 2.1647
7 0.7425 0.6994
7 1.635 1.5881
7 1.0275 0.9837
5 0.3825 0.6738
7 2.7375 2.7365
5 0.2925 0.5423
6 0.1425 0.6536
6 2.475 2.5034
5 2.6475 2.4302
6 0.6375 0.4468
6 1.965 1.9913
6 0.3075 0.461
7 0.375 0.3586
6 1.23 1.3277
6 0.12 0.3323
5 2.775 2.2578
4 0.465 0.5793
7 2.3175 2.3393
6 1.6725 1.6777
7 1.68 1.6512
7 1.365 1.3495
7 1.1775 1.1535
6 0.8925 0.9274
4 2.07 1.9597
6 0.39 0.2712
5 1.215 1.2692
7 2.43 2.6524
5 1.6725 1.4427
6 1.02 1.0147
6 1.0725 1.011
6 2.3175 2.2556
4 1.185 1.2983
5 0.075 0.6335
7 1.335 1.4153
4 1.365 1.3336
4 1.215 1.1326
5 2.2125 2.1875
6 1.9875 1.891
4 2.5425 2.3574
6 1.575 1.5166
7 1.3575 1.2827
7 1.725 1.7504
6 0.4575 0.6616
7 1.8 1.8022
7 2.7075 2.6277
5 0.21 0.5024
7 2.4525 2.4321
7 1.005 1.0155
6 1.2375 1.3458
5 2.34 2.1374
7 1.965 2.0041
6 0.7875 0.9499
5 2.805 2.5471
6 0.3225 0.6452
5 0.9075 0.8072
5 2.67 2.4292
6 2.46 2.2562
4 1.455 1.6808
5 1.5525 1.5164
7 1.4325 1.3931
5 1.3425 1.549
5 2.3775 2.2631
4 0.315 0.8283
6 2.9175 2.556
4 2.79 2.3048
6 1.4025 1.448
5 1.9125 1.902
7 0.105 0.3364
5 1.6275 1.8128
5 2.5725 2.2309
6 2.655 2.4295
7 2.9475 2.737
6 1.98 1.9579
4 0.915 0.5939
7 0.0525 0.4054
5 1.665 1.6532
7 0.15 0.2802
7 2.895 2.7059
7 2.4675 2.6088
6 1.38 1.3673
4 0.645 0.9871
5 2.4 2.3105
7 2.52 2.3771
6 0.3075 0.3866
5 0.6675 0.58
6 1.575 1.6203
5 1.38 1.3272
7 0.66 0.5018
5 0.1725 0.4096
6 0.645 0.5431
5 1.1025 1.0738
7 0.2475 0.2394
4 1.3575 1.5226
5 2.1975 2.5438
6 2.5725 2.4653
6 2.415 2.2597
6 1.305 1.1982
4 1.3875 1.3481
4 0.9075 0.8833
7 0.96 0.9613
5 2.265 2.2026
4 2.5875 2.4112
6 1.635 1.6715
5 2.6925 2.4549
6 0.525 0.5273
4 0.9825 1.2497
5 1.2825 1.3338
6 2.145 2.1398
6 0.5925 0.6033
5 1.1475 1.1809
5 2.97 2.3605
7 2.6025 2.7705
4 2.505 2.1315
4 2.6775 2.3862
4 0.8775 0.8093
6 1.005 1.0053
7 2.2725 2.4909
4 2.2275 2.066
7 0.72 0.7473
7 0.1575 0.2926
7 1.695 1.7099
5 2.865 2.4476
4 1.5225 1.4809
6 2.0475 2.0266
4 2.5425 2.2989
4 0.9075 0.7943
6 0.06 0.4419
5 1.98 2.23
6 0.4125 0.4485
7 1.4325 1.432
6 1.7025 1.6252
6 1.2825 1.1763
6 1.95 2.043
5 2.37 2.1746
4 0.1875 0.7233
4 1.3575 1.3142
7 0.03 0.484
6 0.33 0.3203
4 1.38 1.2921
7 0.465 0.3904
7 2.16 2.1501
6 0.36 0.4151
4 1.17 1.1518
6 0.1725 0.3621
7 1.65 1.7551
6 1.7175 1.7057
7 1.695 1.6348
4 0.855 0.5679
6 0.3 0.6059
5 0.195 0.7859
6 1.6275 1.5512
6 2.25 2.3573
5 1.785 1.7454
6 2.7075 2.53
6 1.395 1.4049
4 0.3825 0.9057
6 2.7975 2.6663
5 1.8975 1.9424
7 0.495 0.5458
4 0.09 0.6294
4 1.965 2.0125
7 2.5125 2.5198
5 2.895 2.4631
4 0.0225 0.7619
4 0.7575 0.9647
4 1.335 1.5804
5 2.7375 2.4223
5 2.2725 2.2833
4 0.5475 0.9477
7 1.77 1.7768
5 1.02 1.1191
5 1.2 1.1081
6 0.135 0.4235
7 0.6225 0.4381
6 1.0275 1.022
4 0.15 0.653
4 2.61 2.4116
7 2.4525 2.4794
7 1.635 1.5281
4 1.83 1.6953
5 2.4975 2.4969
4 2.8125 2.3713
6 1.065 1.0307
6 1.05 1.142
5 0.8175 0.6576
4 1.2525 1.2296
6 2.5275 2.5496
4 0.165 0.599
5 1.1325 1.0235
7 0.4425 0.3343
7 2.835 2.5396
6 2.67 2.4573
7 0.0075 0.4129
6 0.555 0.3592
7 1.83 1.8251
6 1.65 1.8433
6 2.5875 2.585
4 2.1825 2.3775
7 0.0975 0.3872
6 1.4625 1.4775
6 2.6025 2.5327
5 0.9675 0.9161
4 1.7175 1.6143
7 1.9875 2.1008
4 2.1375 2.1173
5 1.95 1.9702
5 0.6675 0.5793
5 2.7675 2.5075
6 2.7075 2.6117
4 2.1675 1.847
4 1.6725 1.5666
6 1.6725 1.6564
4 1.92 1.7932
6 0.705 0.6877
5 1.9125 1.9162
5 2.9475 2.4194
4 0.375 0.886
4 2.325 1.9158
7 1.005 1.0845
5 2.7525 2.564
5 1.875 1.8417
5 0.105 0.6984
4 2.8575 2.1098
6 1.2675 1.2877
4 0.525 0.7332
7 1.38 1.385
4 1.1775 1.0852
4 2.73 2.4172
4 1.5975 1.545
4 0.975 0.7919
4 0.96 0.9352
4 1.215 1.3559
4 2.1 1.9428
7 0.3075 0.4699
6 2.31 2.2675
7 0.945 0.9195
7 0.1875 0.5799
7 1.6575 1.6545
7 0.075 0.2997
5 2.9775 2.3063
4 0.0 0.7962
5 1.7325 1.6322
7 0.57 0.4538
4 2.265 2.4996
5 2.265 2.2828
6 0.78 0.7502
5 1.9125 1.9621
5 1.53 1.5956
5 0.555 0.5685
6 2.0925 2.0052
5 2.46 2.536
6 2.1825 2.1803
7 2.865 2.7279
4 1.2675 1.1389
4 1.845 1.6557
7 0.4125 0.5796
5 1.9125 2.0005
7 1.845 1.932
5 0.4275 0.4704
6 1.155 1.1737
5 0.5775 0.6481
5 0.615 0.5547
7 0.6075 0.7026
4 1.0875 0.5651
4 1.0125 1.2713
4 2.34 2.1328
6 1.38 1.3147
7 2.955 2.8247
4 2.8125 2.2569
7 0.015 0.2479
7 0.3675 0.4132
5 1.2 1.1502
7 2.2725 2.2794
6 1.4925 1.6429
5 1.1025 1.035
5 2.4 2.3081
5 2.9325 2.4082
4 1.23 0.9489
6 0.105 0.3661
5 1.5825 1.6678
4 2.415 2.388
7 0.2025 0.358
6 0.9525 0.9274
4 0.1575 0.8035
6 0.12 0.4603
7 0.57 0.4686
6 1.5675 1.5196
4 2.0475 1.8544
5 1.08 1.0383
5 1.56 1.698
5 0.5475 0.4441
4 2.16 2.425
7 2.4975 2.7958
6 0.915 0.8263
7 1.1325 1.0044
4 0.1725 0.5363
6 0.5625 0.4384
6 1.47 1.4607
5 2.1 2.1575
7 2.2425 2.4014
5 2.13 2.0607
5 1.2225 1.2498
7 2.385 2.3905
6 1.3125 1.3221
5 0.075 0.3747
5 2.28 2.3345
6 2.1075 2.0477
5 1.4475 1.621
4 2.0325 2.4668
4 0.21 0.5668
4 2.52 2.3883
7 1.6575 1.6152
6 2.4075 2.445
7 2.985 2.7442
6 2.1825 2.0088
4 0.1875 0.6488
5 1.905 2.0964
5 0.135 0.7096
6 0.9 0.9547
4 0.1575 0.5424
7 0.51 0.5686
4 2.415 2.3008
4 0.48 0.8892
4 2.73 2.0441
5 0.69 0.6671
5 1.4775 1.5021
4 1.8 1.9502
5 1.9125 1.7266
5 1.5375 1.4902
5 1.8075 1.789
4 1.74 1.4932
4 0.1275 0.6634
5 1.47 1.4108
7 1.935 1.8189
5 2.3775 2.4421
7 0.8325 0.8496
4 0.24 0.8208
6 1.725 1.6701
4 0.2175 0.6774
4 0.225 0.7271
5 1.0125 0.984
7 1.9725 1.9788
4 2.6625 2.3201
5 0.3225 0.467
7 0.765 0.7499
4 2.28 2.3526
7 1.2225 1.1592
6 1.4625 1.3712
6 2.2425 2.0481
6 0.2625 0.4506
5 2.13 2.063
6 2.3175 2.3997
5 2.385 2.3903
4 2.7075 2.4262
5 0.3075 0.7258
5 0.165 0.5085
6 0.0975 0.4993
4 1.9425 1.9419
5 2.0925 2.0377
6 2.8125 2.6519
4 1.4925 1.6238
4 1.6725 1.854
6 0.99 0.8347
7 0.0 0.3099
4 0.015 0.7192
7 0.3525 0.4734
5 0.2475 0.4662
7 1.095 0.9674
7 1.65 1.6278
6 0.4425 0.3875
7 1.935 2.0352
6 1.275 1.2373
4 2.0625 2.3206
7 1.335 1.3425
6 2.88 2.7135
6 1.905 1.8119
5 0.39 0.588
4 2.295 2.4175
4 2.37 2.3024
6 1.74 1.833
4 2.1975 2.4002
5 2.6025 2.5149
6 0.4425 0.4021
7 2.655 2.4728
7 2.94 2.6875
5 0.375 0.4782
6 1.98 1.9511
7 1.575 1.5329
7 0.42 0.322
7 0.885 0.8477
4 2.4525 2.3884
7 2.025 2.0268
5 2.175 2.0716
7 1.3425 1.2215
4 1.095 1.3761
5 1.4025 1.4376
4 2.805 2.4109
4 2.3625 2.3261
7 0.015 0.3053
5 2.9025 2.4626
5 2.73 2.481
5 1.7475 1.7672
5 2.7075 2.4716
7 1.65 1.6013
6 0.1125 0.4186
4 0.4275 0.8365
4 1.3575 1.3164
4 1.005 0.8739
4 1.1175 0.9663
4 2.7675 2.3811
6 1.02 0.9383
6 1.605 1.5865
7 2.52 2.3925
5 1.92 1.9113
7 1.08 1.0302
5 2.1525 1.9149
4 2.715 2.2587
6 1.1775 1.2475
4 1.245 1.3212
7 1.605 1.6183
6 2.9175 2.5985
5 1.5525 1.6102
7 0.3225 0.4834
6 2.9625 2.6705
4 2.2875 2.1575
4 0.7575 0.554
5 1.98 2.0627
7 1.275 1.3728
4 1.6575 1.6055
5 0.9825 0.9744
6 0.435 0.3753
4 0.825 0.7438
7 0.555 0.3545
6 1.905 1.7468
4 1.05 1.1218
6 1.455 1.2746
6 2.3175 2.196
4 1.095 1.2245
7 2.58 2.7451
5 0.5175 0.5016
5 1.83 1.9174
6 0.4875 0.3694
4 2.7975 2.2414
4 0.405 0.6268
7 0.495 0.4478
6 0.0225 0.7535
6 1.845 1.9594
7 1.92 1.8628
6 1.5525 1.5551
4 1.395 1.4121
4 1.41 1.0531
7 0.2775 0.2555
6 1.4775 1.4472
4 2.3625 2.332
4 1.965 1.7949
6 1.92 1.8994
7 1.23 1.1904
5 2.6625 2.5055
4 0.8175 0.6343
6 1.785 1.7939
6 1.6875 1.7099
6 0.4875 0.4535
7 1.35 1.4095
5 1.7775 1.7924
6 1.4475 1.4457
4 1.6875 1.6753
7 1.125 1.1325
7 0.2475 0.3799
6 2.085 1.9719
4 1.47 1.3328
5 1.5075 1.4085
5 0.03 0.5488
7 2.835 2.5308
5 0.48 0.5127
4 0.39 0.6934
6 0.8625 0.6534
4 2.67 2.4657
6 1.1475 1.2142
7 1.38 1.3469
6 1.9275 1.9251
4 2.6925 2.4116
5 2.9175 2.3095
6 1.665 1.7339
6 1.2375 1.1859
4 1.5225 1.5294
4 0.63 0.831
7 2.49 2.2833
6 0.0525 0.5123
6 0.7875 0.7756
5 0.9675 1.0428
7 2.325 2.1902
7 1.425 1.3972
4 0.78 0.6394
7 1.5075 1.4885
4 1.1475 1.0527
6 0.09 0.4596
5 2.3175 2.2513
6 0.5325 0.5223
7 0.5175 0.4497
5 2.2725 2.2617
6 1.8075 1.8624
6 2.6475 2.646
7 1.05 2.2658
6 0.4575 0.519
6 0.885 0.6971
7 2.5425 2.6111
6 2.2125 2.3095
4 0.5475 0.6159
7 0.9825 0.9997
6 0.045 0.4941
7 1.62 1.592
5 0.2025 0.4581
7 0.5775 0.4528
6 1.2975 1.2903
4 2.325 2.2023
5 2.58 2.4924
4 2.205 2.2261
5 0.51 0.4925
6 0.135 0.2488
5 2.2575 2.1866
4 0.6 0.5275
7 1.6125 1.6373
4 0.495 0.57
7 1.8675 1.8308
7 1.8675 1.9186
7 1.365 1.328
6 0.9075 0.8797
5 0.99 1.032
6 0.0225 0.5075
6 1.9725 1.9254
7 0.0525 0.2833
7 2.5575 2.4048
6 1.8825 1.9008
7 1.9275 1.7905
7 2.505 2.8017
6 1.0725 1.0644
7 1.68 1.6835
7 0.1875 0.4157
6 1.29 1.2953
6 0.525 0.7094
6 1.8825 1.8427
7 1.4025 1.4353
6 0.4425 0.4676
7 2.3025 2.3183
5 2.745 2.5462
6 1.605 1.5528
7 2.1075 2.0304
7 1.4175 1.367
4 0.6525 0.7424
4 1.8375 1.6412
4 1.53 1.544
6 2.475 2.6094
4 2.655 2.4762
7 2.895 2.6559
7 0.3075 0.2793
7 2.055 1.9647
4 0.5625 0.8216
7 2.6625 2.595
6 1.4625 1.5114
4 2.685 2.4209
6 0.765 0.7635
7 0.7575 0.7099
5 2.325 2.2203
7 1.1025 1.0628
4 1.425 1.4401
4 0.1275 0.8072
5 0.7575 0.7644
4 2.1 2.1664
6 2.3175 2.3114
4 1.65 1.3671
4 1.1325 1.1114
5 1.47 1.5376
6 1.59 1.6605
6 2.3775 2.3892
5 1.9275 1.9225
6 0.1575 0.229
7 1.5075 1.4781
4 0.15 0.4119
6 0.6825 0.8469
7 0.345 0.4574
4 0.225 0.6174
5 1.77 1.536
5 2.6775 2.5589
4 0.795 0.6
5 1.7325 1.7274
6 1.59 1.5144
4 0.33 0.7702
6 2.34 2.4596
7 1.9125 1.9038
7 1.725 1.7671
5 2.5125 2.3591
7 1.0875 1.0442
4 2.325 2.2241
6 2.5575 2.6896
7 1.6425 1.6616
5 1.89 1.9323
5 1.1925 1.1362
7 0.5175 0.7248
4 0.9075 0.8577
7 1.02 1.1107
7 1.77 1.7812
6 2.6175 2.6132
5 1.2675 1.347
7 0.6075 0.5811
7 2.265 2.321
6 2.46 2.2929
4 1.0125 1.4239
7 2.1975 2.1679
5 0.2925 0.4952
6 2.7375 2.4422
5 1.7175 1.9053
4 2.8575 2.4196
7 1.8 1.7165
5 1.2525 1.1114
7 1.59 1.5716
6 2.52 2.4558
6 2.4 2.267
6 0.1875 0.3497
4 1.6425 1.7802
7 2.52 2.5854
6 2.7075 2.4329
7 2.22 2.1456
4 2.3325 2.4832
4 0.12 0.5484
5 0.3975 0.4737
6 2.055 2.1547
4 1.26 0.9743
5 1.485 1.7534
5 0.45 0.4688
7 1.38 1.3002
5 0.405 0.6626
5 2.91 2.4865
5 1.4175 1.3478
6 1.305 1.3449
7 0.3975 0.339
7 2.8875 2.6117
7 0.0075 0.3139
7 0.8025 0.7452
4 1.2975 1.1061
4 0.2475 0.6699
5 0.0825 0.3928
7 0.8925 0.8096
5 2.91 2.5835
6 2.8725 2.5399
4 0.585 0.7618
5 2.145 2.1947
6 0.66 0.7566
4 1.32 1.4874
7 2.355 2.3573
4 1.0275 1.0699
5 1.65 1.715
5 0.9975 1.0597
7 1.0875 1.0968
6 0.6225 0.8005
5 0.9825 1.0356
5 1.7625 1.5665
4 0.2775 0.5962
4 1.7775 1.8006
7 1.11 0.9814
4 2.715 2.3271
5 1.425 1.3578
7 2.3925 2.3593
5 2.9925 2.5102
4 0.8625 0.7909
5 1.3725 1.5186
6 1.9575 2.0994
4 1.365 1.5368
7 2.04 2.1494
4 1.275 1.0533
5 2.0925 2.4187
7 2.895 2.7259
6 1.59 1.5924
7 2.5125 2.6409
6 2.5425 2.4285
6 0.0675 0.6447
4 1.9275 1.7966
6 0.5625 0.4927
7 2.0925 2.1644
5 0.7575 0.7017
7 2.9925 2.6936
5 0.8925 1.0693
4 1.26 1.5928
4 1.5375 1.3728
7 1.905 1.8973
7 2.7825 2.6553
6 1.1025 1.0985
4 0.1875 0.6323
7 2.2125 2.1881
5 2.58 2.5473
5 1.4325 1.3602
6 1.74 1.7997
6 0.405 0.3432
5 0.9225 1.0136
4 0.465 0.5051
7 1.065 1.0391
7 2.5725 2.3265
7 0.105 0.3243
6 2.2725 2.318
5 1.1775 1.2758
6 0.69 0.4626
4 2.6025 2.3095
5 0.96 1.0957
5 2.7975 2.5657
4 2.595 2.478
6 1.845 1.7313
5 2.9625 2.2446
5 2.895 2.4899
6 1.185 1.132
4 1.56 1.5584
5 1.4925 1.5139
5 1.71 1.7808
5 2.91 2.4881
4 2.0325 1.7539
5 1.1025 1.0955
5 2.8425 2.5577
6 2.685 2.597
5 0.8325 0.9188
7 2.355 2.3075
6 1.8075 1.768
7 0.5775 0.6722
7 1.3425 1.3988
7 2.07 2.0489
4 1.68 1.8225
6 2.1975 2.1601
6 2.5275 2.3801
6 1.605 1.5136
4 0.75 0.7919
6 2.6325 2.5556
5 1.365 1.379
5 2.025 1.9288
7 2.3775 2.4383
5 0.7875 0.7761
4 1.32 1.4408
5 1.7325 1.7165
6 1.1925 1.0519
4 0.975 1.029
5 1.1175 1.1115
4 1.53 1.5183
6 1.845 1.9144
4 0.0525 0.783
5 2.3175 2.1638
5 2.76 2.4681
5 1.98 1.9962
6 0.3825 0.5517
4 2.55 2.26
4 0.24 0.7421
6 0.4125 0.4981
6 2.8875 2.5721
6 0.4425 0.5935
6 1.95 1.95
4 2.2125 2.393
5 0.3525 0.7015
7 1.6275 1.6329
7 1.3125 1.329
6 1.0725 1.0908
5 0.195 0.4496
6 2.355 2.3439
4 2.5575 2.4329
6 2.4075 2.6606
6 2.505 2.6117
6 0.0675 0.4248
5 0.7425 0.8792
5 0.3825 0.4226
7 2.34 2.4864
4 1.56 1.6967
5 2.0925 2.2231
4 2.97 2.2641
5 2.505 2.369
4 1.7475 1.7279
7 2.025 2.0297
4 0.315 0.5616
5 2.7975 2.1665
7 2.37 2.378
5 1.8975 1.7877
6 1.95 1.787
5 2.2725 2.4321
5 1.11 1.1317
4 1.2975 1.2398
7 2.46 2.9964
6 1.5825 1.5098
7 1.6575 1.6301
7 0.375 0.3083
4 2.9775 2.1099
7 0.375 0.3145
4 1.005 0.94
6 0.465 0.4771
6 0.3225 0.3312
4 0.8325 0.5428
4 1.845 2.0331
4 2.6325 2.0417
7 2.49 2.5043
7 0.7125 0.7844
6 0.21 0.4637
6 1.8075 1.8549
7 1.3875 1.4114
5 0.1275 0.579
7 2.055 2.0504
6 2.8275 2.6764
5 0.2175 0.4811
6 2.355 2.3127
6 0.8625 0.9269
4 1.8975 1.9688
4 0.6075 0.7689
5 0.8775 0.712
7 0.81 0.7908
4 0.54 0.871
6 1.335 1.3391
5 1.9875 1.942
6 2.64 2.4698
7 1.71 1.7738
7 1.7925 1.7774
6 2.505 2.366
7 0.8625 0.8523
7 1.86 1.8394
5 0.315 0.4705
4 0.21 0.5858
7 1.6875 1.5956
6 2.865 2.719
7 1.3425 1.4234
6 2.82 2.6203
4 2.0475 2.1692
6 2.0775 2.0774
7 0.945 0.8831
6 2.1075 2.2076
4 0.975 1.0586
4 1.83 1.7303
6 2.325 2.5307
5 1.26 1.1915
5 0.4125 0.5706
6 1.755 1.7554
5 0.9375 0.9794
5 0.4125 0.5487
4 1.7475 1.8042
7 0.855 0.681
6 0.6975 0.7314
7 0.3525 0.4292
7 2.4 2.4209
4 1.1025 0.9936
6 0.345 0.6654
7 2.2425 2.2764
5 0.9375 1.0522
5 1.2075 1.2427
4 2.8575 2.3358
4 2.4825 2.2788
5 2.715 2.3504
7 2.445 2.4925
6 0.54 0.6222
5 0.465 0.4031
7 0.435 0.5161
4 0.27 0.7202
4 1.2675 1.2719
4 1.2075 1.0816
6 0.06 0.4365
4 2.4825 2.3164
4 2.1375 2.0877
7 2.4525 2.4581
5 0.4425 0.6374
6 1.395 1.4541
6 2.0175 1.909
4 1.1775 1.2023
4 0.8925 0.5817
4 0.4275 0.5474
4 2.4825 2.4281
7 2.745 2.7291
7 0.045 0.3127
6 2.28 2.5394
5 0.7125 0.8555
6 2.5125 2.3404
5 0.4725 0.5643
5 1.3725 1.4492
4 0.6525 0.9289
7 0.9975 1.0519
5 0.5925 0.6665
7 0.435 0.3199
6 0.7275 0.6174
6 1.2675 1.1919
5 1.62 1.5281
7 2.175 2.079
5 1.545 1.639
6 1.0875 1.1702
5 1.4025 1.2535
7 1.4625 1.49
7 2.9025 2.7005
4 2.235 2.3125
6 1.5975 1.5524
4 0.555 0.608
5 0.195 0.4547
4 1.635 1.4323
5 0.4125 0.6545
5 1.965 2.1767
5 2.6025 2.593
6 2.5875 2.6011
7 2.055 2.0843
5 1.8825 1.9695
5 1.905 1.9924
7 1.2375 1.2458
5 0.465 0.4883
4 0.225 0.711
5 0.315 0.4417
4 1.9725 2.2693
5 2.805 2.3771
7 0.6525 0.6366
6 0.2625 0.4743
4 2.3925 2.3403
7 0.4125 0.2503
5 2.8575 2.4816
7 0.96 0.869
7 1.62 1.5689
4 0.63 0.7025
5 1.2075 1.1584
4 2.2575 2.5129
4 0.69 0.7913
7 0.135 0.2827
4 1.8825 1.9255
5 0.5475 0.6894
6 0.105 0.4206
6 2.52 2.5472
7 1.8075 1.8779
5 2.775 2.5699
5 2.9925 2.39
7 0.7875 0.7408
5 0.9375 0.9997
7 0.5175 0.4719
6 2.3475 2.2835
5 1.995 2.1585
7 0.2925 0.2185
5 1.125 1.0906
4 0.0675 0.8306
4 1.08 1.0009
5 1.095 1.2035
6 0.42 0.4222
4 2.0025 1.6596
7 0.51 0.4338
6 0.7425 0.772
7 2.0925 2.1695
5 2.04 1.9541
7 1.9425 1.8869
4 0.8475 0.8844
4 2.415 2.3741
7 2.775 2.7481
5 1.8825 1.8445
5 0.36 0.471
4 0.75 0.6655
6 1.7775 1.6516
4 0.105 0.8471
5 2.715 2.5598
5 1.44 1.3829
5 1.3275 1.3944
5 0.66 0.8294
6 2.9625 2.651
6 2.7 2.6832
4 0.3525 0.5107
5 0.3825 0.6297
7 1.4775 1.4252
4 1.1475 1.2443
4 1.08 1.2759
7 1.35 1.1993
4 1.995 2.0123
7 0.1425 0.3249
7 1.125 1.1346
4 1.74 1.6386
7 0.6225 0.4604
5 1.695 1.6958
4 2.49 2.5239
4 1.4175 1.556
7 0.6075 0.3162
4 1.605 1.601
7 2.3475 2.2406
7 2.895 2.875
6 1.725 1.7121
4 2.49 2.2104
5 1.7325 1.7127
7 1.065 1.1092
5 0.5175 0.5738
6 0.5625 0.8109
4 0.36 0.88
5 1.905 1.9527
6 1.905 1.8183
5 2.4375 2.5783
6 2.8425 2.6472
4 2.415 2.2848
7 0.6525 0.6125
5 1.7925 1.7476
7 2.205 2.1368
7 0.9675 0.9251
7 1.5525 1.5612
4 2.775 2.2112
5 0.6 0.683
4 1.14 1.2434
4 0.1575 0.5772
6 2.6025 2.3781
4 0.3375 0.718
7 0.465 0.5917
6 0.99 0.9949
4 0.18 0.8494
5 1.7775 1.8341
5 2.6625 2.4906
6 1.92 1.9136
6 0.5775 0.6586
6 2.3325 2.2961
7 2.04 2.0019
5 0.4275 0.811
6 1.7475 1.7146
4 1.89 2.3269
7 0.105 0.4554
6 1.2 1.2305
7 2.5425 2.4993
7 1.125 1.1567
5 2.1 2.4398
4 2.7225 2.4972
6 2.2875 2.62
7 2.535 2.6467
5 1.89 1.7934
7 2.5575 2.6104
4 0.6375 0.7032
5 0.3525 0.3602
7 1.3575 1.3729
4 0.21 0.8005
5 1.3425 1.3272
6 1.5 1.6288
5 0.27 0.5512
4 2.595 2.1677
7 2.3625 2.2756
4 2.355 2.3692
5 0.375 0.4716
5 1.3425 1.5312
5 0.2925 0.5633
5 0.4425 0.6636
5 1.5225 1.3156
6 0.9375 0.8725
5 1.7475 1.798
4 2.43 1.7954
5 1.17 0.9741
4 2.79 2.2928
5 0.825 0.77
7 2.25 2.3268
4 1.53 1.6697
6 1.455 1.4483
4 0.6525 0.6761
5 1.1325 1.056
7 2.7075 2.6613
4 1.1025 0.7343
5 0.0975 0.5371
5 2.4375 2.3219
5 1.095 1.1978
4 2.7675 2.3791
4 0.4275 0.6222
6 1.005 0.978
4 1.9275 1.8338
6 0.84 0.6889
6 1.2075 1.194
6 0.84 0.8525
7 0.765 0.8218
6 1.0725 1.0195
6 0.18 0.384
6 1.725 1.8191
5 2.0325 1.9624
4 2.6025 2.319
5 0.4125 0.6803
5 2.4375 2.5231
6 1.4775 1.4898
6 0.63 0.4066
7 2.28 2.1915
6 2.4525 2.4321
6 2.2875 2.2467
7 1.65 1.6436
5 0.915 0.8613
7 1.9425 1.8898
7 2.3025 2.3014
6 1.815 1.7363
6 1.4175 1.3279
4 1.515 1.6982
4 0.18 0.6137
6 2.385 2.4955
6 2.835 2.5623
5 2.6625 2.4172
5 1.995 1.871
7 1.1325 1.1485
4 1.845 2.0434
4 1.38 1.168
7 0.8625 0.9114
6 0.2025 0.7964
6 0.1575 0.4439
7 2.37 2.3544
4 2.4675 2.0887
7 1.365 1.3063
4 2.9325 2.4573
6 2.5425 2.4407
4 0.2925 0.5788
5 2.5125 2.3502
4 0.81 0.9385
6 2.8725 2.6638
4 1.4025 1.3545
4 0.15 0.7724
7 2.4075 2.4973
4 1.3575 1.241
6 0.225 0.6546
4 1.8375 1.6925
6 0.06 0.4272
6 0.1575 0.3555
5 0.405 0.4456
4 0.06 0.5337
6 1.23 1.2555
4 1.53 1.6317
6 2.6475 2.7361
7 1.2975 1.3089
5 1.185 1.0613
5 1.23 1.2163
6 0.9075 0.8416
5 2.76 2.5512
6 2.85 2.621
7 2.16 2.1329
6 2.4225 2.5141
7 1.5525 1.5802
4 1.74 1.934
6 1.89 1.8685
7 2.9775 2.6277
7 0.6825 0.6768
7 1.05 1.0124
7 1.275 1.2366
7 0.21 0.332
7 2.7075 2.6096
6 0.045 0.3488
6 0.36 0.5584
5 2.5125 2.4488
7 1.605 1.6384
4 1.1175 1.0502
7 0.1425 0.5125
7 1.455 1.3881
5 0.4275 0.5244
5 2.04 2.0543
5 2.52 2.4724
5 2.97 2.4312
6 0.6825 0.5082
7 0.9375 0.9857
6 0.435 0.6693
5 0.8175 1.0305
4 2.955 2.4453
4 2.2275 2.0355
4 0.795 0.672
4 2.07 2.3471
7 2.07 2.0326
4 2.5575 2.4205
6 2.1075 2.1512
7 0.645 0.5731
5 0.0675 0.5396
5 1.95 2.0505
6 0.2775 0.3003
6 0.0675 0.3618
4 2.58 2.4452
7 2.025 1.972
5 0.7125 0.3758
4 1.8075 1.719
6 0.7575 0.8034
6 1.935 1.8752
5 0.06 0.3838
6 0.075 0.3512
6 2.4375 2.2752
4 1.6875 1.9044
4 1.8825 1.9329
6 2.085 2.1062
6 1.17 1.2322
4 2.8125 2.4214
4 0.63 0.7174
7 2.175 2.1901
6 2.16 2.2306
7 2.37 2.3148
7 1.005 1.008
7 2.895 2.7494
5 1.8375 1.8899
6 1.77 1.9328
6 0.48 0.5207
4 2.5125 2.352
6 1.5075 1.5107
6 2.58 2.5224
6 1.6425 1.6377
4 1.9425 1.6623
4 1.3575 1.2398
7 0.6375 0.6306
6 2.8575 2.6375
4 1.74 1.979
5 2.835 2.2505
5 0.1875 0.6197
5 1.29 1.4921
6 2.7975 2.6931
7 0.8325 0.9008
7 2.0475 2.0722
4 0.9075 0.9051
6 0.7875 0.8367
6 2.8125 2.6604
4 0.9525 0.7395
5 1.785 1.7999
7 1.695 1.7033
5 2.0175 2.0281
7 2.6325 2.5961
4 0.0375 0.764
4 1.44 1.4221
6 1.4325 1.4989
5 2.43 2.4869
6 1.53 1.5841
5 1.5075 1.4892
5 2.97 2.5254
7 2.8125 2.8005
5 0.375 0.517
5 0.15 0.43
5 0.81 1.091
4 2.655 2.49
4 1.005 0.7654
5 0.2625 0.4848
5 0.8625 0.7904
5 0.0075 0.6829
5 0.66 0.7115
5 1.575 1.518
4 1.9425 2.2146
4 0.5625 0.5817
5 1.83 1.8159
7 1.7175 1.7263
7 1.2675 1.1657
6 2.61 2.6644
4 1.7175 1.7342
5 2.9025 2.5823
5 1.695 1.6936
5 0.1275 0.5341
6 1.6575 1.7422
4 2.5725 2.3373
5 0.0975 0.361
7 2.3025 2.3575
5 2.775 2.4932
6 0.375 0.3726
7 0.5175 0.3567
4 1.9875 2.0592
7 2.0775 2.0866
6 0.42 0.3474
7 1.4175 1.4468
4 1.6725 1.73
4 2.1825 2.0224
4 2.535 2.1705
5 1.515 1.5172
5 1.23 1.3905
4 2.5125 2.296
6 0.9225 0.8653
5 1.95 1.988
5 2.385 2.4929
6 2.19 2.1787
5 2.6325 2.2467
6 0.5325 0.8519
7 0.6825 0.7596
4 1.4625 1.6393
4 0.2775 0.8104
6 1.245 1.3266
7 2.535 2.7008
7 0.57 0.4988
5 0.075 0.4632
4 0.4725 0.6275
5 1.3575 1.4157
6 1.71 1.6053
5 1.155 1.0836
7 2.1525 2.1831
7 0.225 0.1943
7 0.93 0.9476
5 1.14 1.0387
7 2.2125 2.1429
6 2.2725 2.5009
6 1.08 1.0675
5 1.59 1.5691
6 0.6675 0.9578
4 1.5825 1.489
6 1.3575 1.4698
4 0.795 0.4885
5 2.7675 2.4145
5 1.6725 1.6555
7 1.395 1.3314
5 0.0075 0.3818
6 1.7475 1.6898
5 2.1375 1.9904
4 0.4425 0.5468
5 1.2975 1.2782
4 0.195 0.5313
6 2.5275 2.5256
5 2.475 2.5096
6 0.225 0.3703
6 2.8425 2.405
7 2.205 2.2769
4 1.5675 1.5043
7 2.3325 2.2283
5 0.855 0.8881
6 2.565 2.6949
6 1.4625 1.4022
4 2.0775 2.0706
6 2.1375 2.009
6 0.27 0.3946
5 1.4025 1.4788
5 1.575 1.4228
5 1.29 1.1442
7 0.8625 0.8821
4 1.005 1.2123
6 2.055 1.8993
5 0.54 0.5927
4 1.2375 1.142
6 2.94 2.4988
5 1.1325 1.0861
5 2.7825 2.5791
6 2.865 2.4794
7 0.8175 0.7972
4 2.58 2.3798
4 1.41 1.5751
4 0.195 0.6819
6 0.045 0.3503
5 2.1375 1.9403
7 2.475 2.7072
6 2.67 2.599
4 1.6425 1.4756
7 1.8975 1.8517
7 2.565 2.5555
4 1.545 1.5455
7 1.6275 1.6402
4 2.0025 1.908
4 1.5675 1.7822
5 2.8875 2.4823
5 1.5675 1.6465
5 1.095 0.9327
6 2.625 2.3034
4 1.6425 1.6668
5 2.31 2.0674
5 0.0525 0.3717
6 2.895 2.5147
6 0.9975 0.9636
7 2.82 2.5669
5 0.2025 0.4453
7 2.9925 2.6313
5 0.9825 1.0826
7 2.9625 2.7744
5 2.775 2.3473
7 0.9825 1.0512
5 0.465 0.3627
5 2.9775 2.4031
6 2.235 2.2212
6 1.155 1.3092
6 0.9675 0.9618
5 0.18 0.6242
5 2.415 2.2128
5 0.495 0.6236
6 0.3075 0.4057
7 1.2 1.1343
7 2.385 2.4958
4 1.305 1.3819
5 0.6675 0.8489
4 0.2025 0.5865
7 2.4 2.3509
7 2.8425 2.6845
6 2.5725 2.6702
7 0.6975 0.7623
5 2.4075 2.3236
4 2.31 2.4889
5 1.305 1.3103
5 2.9475 2.5784
5 0.78 0.8785
7 1.665 1.5688
5 2.745 2.464
4 2.1975 2.2985
4 2.865 2.1636
6 0.6225 0.7144
5 0.0 0.436
7 2.115 2.1221
4 0.465 0.7385
5 1.68 1.5408
7 1.6125 1.7183
5 0.0375 0.5008
7 1.68 1.7228
5 2.2575 2.5042
5 1.8225 1.7976
4 2.985 2.2016
7 2.4 2.4383
7 1.68 1.75
7 2.7975 2.632
4 1.8675 1.9244
7 0.8625 0.8873
6 0.6975 0.625
6 0.975 0.9814
7 0.405 0.5584
7 1.2975 1.2988
6 0.525 0.5711
4 0.7275 0.7218
6 0.9375 1.0841
5 1.8 1.8113
7 2.3175 2.4294
6 0.81 0.8502
5 0.06 0.4734
5 1.6275 1.5218
7 1.7175 1.8612
6 0.435 0.4846
5 0.66 0.5797
4 0.54 0.8063
4 1.365 1.2013
6 0.72 0.6351
5 2.595 2.2038
4 1.2225 0.9537
7 0.3 0.3163
6 2.685 2.7162
7 0.9975 1.0478
4 0.615 0.6515
7 1.425 1.4534
6 0.675 0.5504
7 1.47 1.4819
7 0.39 0.392
5 1.6575 1.8653
4 1.7475 1.8949
5 1.89 1.8267
5 0.225 0.8128
7 1.0725 1.0399
5 1.2075 1.0228
5 1.3575 1.286
7 0.6675 0.6339
4 0.6375 0.6719
5 0.42 0.4376
7 0.0975 0.2807
5 2.7825 2.4229
7 0.6675 0.5686
7 0.21 0.3181
4 2.6625 2.3477
6 1.4325 1.4764
7 2.1075 2.1142
4 2.175 2.0089
6 2.4375 2.574
6 0.9 0.9033
7 2.1 2.1049
7 2.16 2.1097
6 2.0175 1.936
6 1.545 1.5844
6 0.375 0.2991
7 0.2475 0.2778
5 1.98 2.2444
7 0.0525 0.2012
5 1.9125 1.7545
6 1.935 1.8832
7 1.545 1.4913
6 2.3625 2.1504
5 1.71 1.6371
7 2.7675 2.5453
6 1.05 1.1466
5 1.4775 1.6983
7 1.26 1.3059
5 0.9075 1.0825
6 1.4625 1.3925
6 0.8925 0.9461
4 1.035 1.0115
6 1.4775 1.4954
7 0.855 0.7377
6 1.0725 1.0669
5 1.02 1.0123
7 0.0825 0.2528
5 2.88 2.5931
7 1.68 1.6262
5 2.34 2.4918
6 2.58 2.3475
5 2.5875 2.2907
5 2.7225 2.3795
4 0.93 1.1089
5 0.5325 0.4472
5 0.8475 0.9496
6 1.77 1.7176
4 1.0725 1.176
4 1.02 0.9702
7 0.8175 0.8825
6 1.1025 1.0728
5 0.975 1.0843
7 1.4625 1.4612
7 2.0025 2.0121
4 0.5175 0.5215
6 1.4025 1.389
6 2.3625 2.315
4 1.92 2.09
4 2.7225 2.3684
5 2.8875 2.4441
5 0.03 0.4546
6 0.1575 0.3994
6 0.285 0.5832
7 0.2025 0.6121
5 2.985 2.1396
4 2.9025 2.2095
7 2.91 2.7344
4 1.125 1.1411
4 0.0 0.5823
7 2.1675 2.136
7 1.485 1.5846
5 1.29 1.1973
4 2.8275 2.1833
6 1.545 1.5172
7 1.9875 1.9416
6 1.485 1.5196
7 1.5375 1.4666
7 2.46 2.4872
4 0.4425 0.6561
5 1.3425 1.3311
4 2.43 2.3106
7 0.405 0.3825
6 2.7525 2.3524
5 2.865 2.465
5 0.255 0.8964
5 0.7875 0.8375
6 2.04 2.0841
6 1.605 1.6236
7 2.1 2.1407
4 2.1 1.8094
5 1.7475 1.8601
6 0.6525 0.4959
6 2.6775 2.5602
7 2.145 2.1655
4 0.2925 0.6244
7 0.045 0.301
4 2.6625 2.5261
7 0.105 0.4511
7 1.0275 1.0255
7 0.6525 0.6943
6 0.5925 0.9387
6 1.2 1.122
4 0.2475 0.8312
7 1.05 1.0703
4 1.5375 1.4484
7 0.5325 0.4699
7 1.32 1.3306
7 0.18 0.3484
7 2.46 2.3838
7 1.6875 1.6656
4 2.07 2.1296
4 0.09 0.7685
4 1.935 2.1568
7 0.03 0.3164
7 1.755 1.7892
6 2.1525 2.101
5 1.1625 1.2368
6 2.445 2.5303
5 1.29 1.214
4 1.5075 1.5085
4 0.99 0.773
6 1.215 1.1977
7 0.96 0.8541
4 0.5625 0.6416
7 0.1275 0.2846
6 1.3575 1.429
6 1.095 1.0872
5 2.49 1.1226
6 0.525 0.6584
4 2.76 2.3736
7 1.1925 1.1745
7 1.47 1.404
5 0.255 0.5818
7 0.225 0.2844
7 1.35 1.3225
6 0.495 0.4096
7 0.8625 0.9451
7 0.8625 0.8727
4 0.2325 0.6671
7 1.575 1.6416
4 1.8225 2.1945
5 2.6475 2.3457
5 1.5075 1.6477
5 0.0525 0.3987
4 0.315 0.4
7 1.7625 1.8434
5 2.9475 2.5783
7 1.875 1.8804
5 2.5875 2.6318
4 1.5 1.4443
4 0.3225 0.5108
5 0.4425 0.613
4 0.72 0.6172
4 2.625 2.2651
5 1.71 1.7841
5 1.6875 1.7923
5 2.3175 2.3086
7 0.855 0.8883
5 0.1275 0.4884
4 0.63 0.6074
6 1.86 1.7221
7 2.85 2.5774
7 1.95 1.9201
4 0.525 0.7077
5 1.5525 1.6002
4 1.7475 1.6106
4 0.0075 0.4801
6 2.625 2.5862
4 0.585 0.7408
6 0.42 0.4714
7 0.45 0.4425
7 1.035 1.1041
5 0.7275 0.8996
7 0.465 0.4098
4 0.9525 0.8068
5 0.57 0.6633
4 1.65 1.2909
5 1.5525 1.5326
4 0.39 0.5873
7 1.56 1.5403
5 0.675 0.815
5 1.3125 1.3494
7 1.6725 1.7677
5 1.9425 2.0973
7 0.3675 0.8042
5 0.3525 0.6399
5 1.185 1.3015
6 0.855 0.816
4 0.1575 0.6
5 1.785 1.8445
6 2.025 1.9466
5 2.475 2.6414
6 0.75 0.582
7 0.435 0.4168
6 2.655 2.34
6 2.9775 2.5553
6 1.11 1.0067
4 1.275 1.2875
4 0.8175 0.7963
7 0.0825 0.217
6 2.2275 2.3521
7 1.9725 1.9803
6 2.6175 2.6014
7 0.18 0.3866
6 0.0525 0.5156
5 2.7075 2.6398
6 1.9125 1.9846
4 1.4325 1.3892
7 2.745 2.6672
7 0.7575 0.7657
6 2.5275 2.6778
7 1.9575 2.0592
4 0.96 0.884
6 1.6575 1.6342
6 0.84 0.8618
7 2.8725 2.7576
6 2.0775 2.126
7 2.4825 2.5193
5 0.06 0.3263
7 1.32 1.3485
6 0.51 0.5954
7 0.7875 0.8888
6 1.755 1.7418
4 0.9675 0.7168
6 0.465 0.3333
7 2.4 2.332
5 2.3025 2.4344
6 2.5575 2.46
5 2.715 2.0625
5 0.2625 0.6358
5 2.7975 2.636
7 1.575 1.6604
4 2.79 2.4995
4 0.99 1.1428
6 2.625 2.6731
5 2.37 2.2515
4 2.565 1.9164
6 0.3 0.4998
4 2.325 2.2677
7 2.28 2.2458
6 2.9775 2.4928
7 1.575 1.6918
6 1.6575 1.6641
4 2.7675 2.4366
4 0.8475 0.9336
7 0.945 0.951
5 2.6625 2.4737
6 1.7775 1.7939
4 1.29 1.0693
5 0.675 0.4589
5 0.3825 0.5291
4 2.625 2.381
4 2.5725 2.513
4 0.3825 0.5674
7 2.9625 2.7256
4 0.9675 0.9628
4 2.5275 2.3454
5 1.845 1.7911
4 1.26 1.3429
5 0.5475 0.5919
7 0.675 0.6613
7 1.0875 1.0002
4 1.8675 1.8202
4 1.9275 1.8507
6 2.7825 2.5065
6 1.47 1.489
5 0.18 0.4858
6 0.7725 0.7135
4 1.71 1.4249
4 0.795 0.7751
5 0.8175 0.615
6 0.8625 0.8292
7 1.5 1.4354
5 1.17 1.3789
6 0.195 0.3804
7 1.8225 1.8918
5 2.415 2.3153
4 1.755 1.5273
7 1.155 1.1398
5 2.8575 2.3886
7 0.1425 0.2977
4 0.3825 0.7841
6 1.59 1.6146
7 1.755 1.7202
7 2.565 2.7579
7 0.645 0.4945
4 2.67 2.503
7 2.265 2.2615
6 0.585 0.686
6 1.845 1.8121
5 0.5025 0.4746
6 0.3075 0.3943
4 0.2475 0.5936
4 2.7825 2.4822
7 0.8325 0.817
5 2.4975 2.532
5 2.895 2.5955
4 0.2775 0.6028
5 1.365 1.4558
6 2.8275 2.6595
4 2.0475 1.9132
7 0.3375 0.3938
6 1.545 1.6818
4 0.6075 0.7121
6 1.77 1.8668
4 1.2 1.2168
6 1.0875 1.073
7 2.895 2.749
5 2.8725 2.4319
7 1.545 1.6012
5 1.2525 1.3312
4 0.93 0.8434
7 0.33 0.349
4 2.1225 2.0761
5 2.835 2.3039
5 0.0675 0.5326
5 0.4875 0.9575
4 0.3525 0.9044
4 1.515 1.4177
7 0.7575 0.8792
4 0.6975 0.9649
6 1.2825 1.2239
7 0.03 0.3707
4 1.1325 1.1156
5 2.16 2.0293
4 0.825 0.8445
6 2.73 2.7388
5 2.4075 2.3578
6 2.04 2.0453
4 1.6125 1.5453
6 1.32 1.3206
4 1.425 1.3586
7 1.215 1.2616
7 2.64 2.5135
4 2.9025 2.3404
4 2.61 2.0968
6 0.5325 0.8386
7 0.4725 0.4558
4 2.445 2.0213
4 1.9875 2.0074
5 2.535 2.4776
6 1.845 1.928
7 0.12 0.2823
7 2.775 2.4387
5 1.26 1.315
5 2.5725 2.5519
4 1.8525 1.7553
4 1.0425 1.0748
5 0.6225 0.6914
5 2.97 2.577
5 1.7025 1.7419
6 2.145 1.8941
4 1.26 0.9524
5 2.6775 2.4226
4 0.255 0.8459
5 2.535 2.4728
5 1.665 1.6931
7 1.4175 1.3782
6 1.995 1.9982
4 2.7975 2.3918
6 2.7375 2.5878
5 0.885 0.8825
5 2.2575 2.3659
7 0.585 0.8352
7 1.1775 1.225
5 0.3225 0.3852
5 2.8875 2.5837
6 2.625 2.3987
4 0.3675 0.716
4 2.9325 2.2893
7 2.9925 2.6668
5 0.075 0.419
4 0.7125 0.6237
7 1.7925 1.647
6 1.7475 1.749
4 2.355 2.3982
5 0.0375 0.4961
4 0.3525 0.5274
5 2.2125 2.3362
4 2.9925 2.3098
5 2.6625 2.5278
7 0.72 0.665
5 0.2925 0.8093
7 1.14 1.2209
7 2.8275 2.6928
5 2.9925 2.4803
5 0.36 0.4228
6 1.305 1.2761
6 1.83 1.767
7 1.5525 1.5298
5 2.865 2.5626
5 2.0775 2.0441
4 2.91 2.0847
5 2.79 2.4628
5 0.9 0.8094
7 2.6475 2.4371
4 1.0725 1.3686
7 1.3275 1.3064
6 2.9475 2.553
5 0.345 0.5371
7 2.775 2.6501
4 0.3075 0.7084
4 2.88 2.3634
7 2.1975 2.1807
6 0.6375 0.7238
4 0.195 0.6287
5 2.0925 1.9505
5 2.265 2.2746
6 1.8225 1.6881
4 2.1375 2.2838
5 1.23 1.254
6 2.0475 2.0186
4 2.835 2.169
6 0.735 0.6672
7 0.975 1.0472
7 1.3725 1.3471
6 2.64 2.6602
7 0.8175 0.6984
4 1.4325 1.4923
6 1.275 1.2777
6 0.705 0.6234
6 1.365 1.3723
4 0.6 0.8457
6 0.8175 0.3717
4 2.205 2.063
6 1.1175 1.1765
7 0.2925 0.2364
7 2.7 2.5641
5 0.105 0.6332
6 2.355 2.3318
6 0.87 0.7984
6 1.77 1.9284
4 1.275 1.0274
7 0.2025 0.478
5 1.95 1.9677
5 1.0125 1.0966
5 0.96 1.0695
7 2.49 2.5152
5 0.27 0.5551
5 1.1625 1.2636
4 2.0325 2.1333
7 2.3775 2.3631
6 0.8475 0.8578
4 1.4325 1.252
6 1.845 1.8415
4 0.7275 0.6008
6 0.69 0.803
4 1.9425 1.9747
5 2.0475 2.0863
5 1.17 1.0867
5 1.38 1.3049
6 2.9025 2.4419
7 1.6725 1.6786
5 0.7425 1.0339
7 2.4975 2.669
6 2.1975 2.0908
4 1.2975 1.4058
6 2.025 1.969
5 1.1325 1.1491
4 1.5225 1.644
7 1.5075 1.4311
6 1.5525 1.4764
6 1.3275 1.4079
6 1.6725 1.7446
4 0.165 0.7857
5 1.56 1.655
7 1.9875 2.054
7 1.89 1.741
4 0.195 0.5594
7 0.255 0.313
6 0.21 0.5286
4 1.7775 1.6705
5 2.1825 2.1797
6 1.4625 1.3448
5 1.0575 1.0745
4 2.13 2.3015
4 2.1075 1.8085
5 1.74 1.7159
7 2.8275 2.6851
6 2.265 2.4485
5 0.4875 0.5259
6 2.88 2.4756
6 2.355 2.4766
6 1.455 1.4248
7 1.7025 1.7808
5 1.395 1.5073
7 2.025 1.9034
6 1.0425 0.9331
5 0.99 1.203
6 0.84 0.5915
6 2.265 2.2811
6 0.3975 0.4146
5 1.6425 1.6913
5 0.6375 0.9925
6 0.51 0.6741
5 0.525 0.5722
6 1.05 1.1877
6 0.495 0.4406
5 1.8675 1.7824
6 2.6625 2.2911
4 0.03 0.5155
7 2.6775 2.5944
5 0.1875 0.7098
5 1.4625 1.6105
4 1.1625 1.2265
7 0.8025 0.7977
6 1.9725 1.9401
4 2.9925 2.3612
7 0.21 0.4854
6 1.4325 1.4791
7 1.4175 1.43
4 2.055 1.9603
5 2.685 2.4829
7 2.6175 2.5401
6 1.05 0.9754
4 0.525 1.1534
6 2.01 2.0231
7 1.9125 1.9057
7 0.2325 0.2983
4 1.4625 1.4949
7 2.4075 2.3547
4 0.9675 0.8573
7 1.9575 2.0623
6 0.5925 0.4947
5 2.64 2.491
5 1.05 0.9291
6 0.8325 0.9873
6 2.4825 2.5819
4 0.18 0.4752
4 0.0375 0.746
6 1.32 1.2637
7 2.2125 2.2309
7 0.21 0.441
7 0.39 0.5152
7 1.8825 1.9069
5 1.32 1.2373
5 2.9925 2.4826
5 2.385 2.4712
4 1.0725 1.1702
4 1.3275 1.4549
6 1.035 0.9683
5 1.83 1.766
5 0.8775 0.6466
7 0.3675 0.4547
7 0.03 0.2441
4 0.2775 0.7301
4 2.1 2.1899
7 0.8175 0.7494
7 2.445 2.3633
6 1.3575 1.4694
4 1.6875 1.7685
6 0.3 0.5967
5 2.1975 2.0492
5 1.4025 1.4906
6 2.19 2.0728
5 2.97 2.5808
6 0.1275 0.4792
6 2.595 2.4816
6 1.7025 1.606
5 0.18 0.4176
7 1.215 1.2049
7 2.0175 1.9632
6 1.4925 1.5717
6 0.2775 0.4172
5 2.8575 2.5247
6 1.2675 1.3405
7 0.045 0.3507
6 2.295 2.0728
6 2.7825 2.5219
6 0.5475 0.3507
6 1.365 1.3242
6 0.99 1.089
4 1.8975 1.7033
6 1.575 1.6651
4 1.8225 1.6024
6 1.7325 1.7541
5 2.91 2.5137
6 1.17 1.1512
6 2.325 2.2021
7 2.64 2.7432
6 1.635 1.5245
6 1.4925 1.4278
5 2.0475 1.8793
5 0.375 0.5705
4 0.5175 0.6923
5 1.1025 0.9804
7 2.58 2.5308
6 2.37 2.5283
5 1.8525 1.9665
6 2.7975 2.6254
5 0.2625 0.5252
7 2.97 2.6678
7 0.4125 0.4161
4 1.4175 1.4417
6 2.25 2.26
5 2.94 2.4702
5 2.28 2.4633
5 1.4625 1.2618
7 0.225 0.2553
7 0.1875 0.4461
7 1.935 1.8606
7 1.83 1.8219
7 0.9225 0.9386
7 2.7675 2.6069
6 2.6325 2.5546
4 0.405 0.6078
6 2.4675 2.5138
7 0.825 0.6944
5 1.83 1.7731
5 2.0775 2.2233
5 2.61 2.3908
6 0.9975 1.0054
5 1.3125 1.3616
5 0.5625 0.4338
7 0.3975 0.5676
6 1.1625 1.1898
7 1.02 1.0426
4 2.475 2.1903
7 1.845 1.919
4 2.4675 1.9629
5 0.96 1.0039
4 1.8375 1.6409
7 0.6 0.5594
5 1.0725 0.9615
5 2.865 2.5892
7 0.8475 0.8185
5 2.325 2.3672
5 1.5825 1.4957
4 0.3525 0.5819
4 1.7325 1.7104
7 0.3525 0.5012
7 0.6 0.7015
6 1.8375 1.8101
4 1.7025 1.692
5 1.2225 1.0826
4 0.18 0.628
6 0.9675 0.9333
4 2.88 2.0872
7 2.01 2.0684
6 1.14 1.0478
4 2.475 2.2131
5 0.69 0.6106
7 2.685 2.6243
5 1.5 1.5555
6 0.615 0.5271
5 0.12 0.503
4 2.85 2.1882
4 1.98 1.8575
6 0.87 1.0276
6 0.09 0.2796
6 1.35 1.3274
6 1.1625 0.9935
5 1.6875 1.6915
5 2.8725 2.4821
4 2.7675 2.1188
7 1.8375 1.9477
6 0.7575 0.7847
5 0.4275 0.506
5 1.0125 0.9149
7 2.76 2.6176
7 1.2375 1.416
7 2.475 2.1447
4 1.0275 1.3293
6 0.51 0.4204
6 0.2025 0.4667
7 1.8675 1.8804
4 1.44 1.3991
4 0.4875 0.6454
7 2.49 2.6582
4 1.8 1.9215
4 1.635 1.5784
6 1.7625 1.7571
7 0.96 0.8117
7 0.9525 1.0046
5 0.135 0.8932
6 1.305 1.0629
7 2.775 2.696
4 1.53 1.556
4 1.02 0.9546
6 1.5375 1.6216
5 2.3625 2.3087
7 2.1075 2.09
5 2.9325 2.4575
6 0.9675 1.0206
6 2.115 2.1157
7 0.345 0.2482
4 0.4875 1.1304
6 0.0375 0.6225
5 2.2125 2.1064
7 0.0525 0.2316
7 0.1575 0.4166
4 2.625 2.304
7 0.45 0.6699
6 2.25 2.2492
4 0.195 0.7306
6 0.7575 0.6394
5 1.05 1.0139
6 0.9225 0.8818
4 1.4475 1.5577
5 2.07 1.9471
5 2.1975 2.1862
4 1.8825 1.8059
6 2.9775 2.6263
6 0.0975 0.4363
7 1.44 1.5004
7 2.4525 2.3702
4 2.925 2.3029
7 1.89 1.919
6 1.815 1.9295
4 2.985 2.3922
4 1.6725 1.8989
6 2.6475 2.6789
4 1.065 1.032
7 0.8325 0.7728
7 1.6575 1.5741
7 2.1675 2.1067
7 1.74 1.6902
4 2.955 2.4306
6 0.8175 0.7138
5 2.595 2.5556
4 2.37 2.3218
5 2.145 2.2022
4 1.065 1.2533
4 1.335 1.4847
6 0.36 0.8194
5 0.795 0.9506
4 0.09 0.8577
5 1.995 1.8266
6 1.455 1.5918
7 1.4475 1.4762
4 0.285 0.5804
5 0.8625 0.5369
5 1.605 1.5443
6 0.1425 0.3652
4 1.77 1.7805
7 1.5825 1.5234
4 2.775 2.332
6 2.5725 2.574
6 1.9875 1.8764
7 0.525 0.5063
5 1.335 1.3778
7 0.6375 0.713
6 0.375 0.5126
5 1.2825 1.4292
6 2.3475 2.3664
4 1.0875 0.7903
6 1.8825 2.1093
7 0.09 0.3295
7 0.675 0.6152
5 2.5725 2.475
7 1.77 1.7764
4 0.0225 0.8793
6 0.1875 0.3096
6 2.58 2.5551
6 2.805 2.6182
7 0.375 0.2697
6 2.1 2.2012
7 2.7 2.6206
5 1.755 1.6911
4 0.585 0.9492
7 2.6625 2.6772
6 1.815 1.8131
6 1.545 1.6783
5 2.6925 2.5545
4 2.01 1.9154
7 1.275 1.2173
5 0.255 0.4097
7 0.48 0.3521
5 2.355 2.0653
5 1.29 1.4899
4 1.6425 1.5512
6 0.915 1.0748
7 2.8725 2.5845
6 1.4775 1.4143
5 1.5075 1.4441
5 2.19 2.4758
6 0.75 0.5637
5 1.8975 1.8864
4 0.51 0.5302
7 0.4875 0.2955
5 2.8425 2.5344
6 1.3575 1.2984
7 0.06 0.4046
7 2.7075 2.5099
7 0.9075 0.79
4 0.645 0.8843
5 0.87 0.6592
5 0.765 0.4232
5 2.3775 2.376
5 0.9525 1.0648
7 2.085 2.0405
7 2.07 2.1295
4 0.615 0.5361
5 1.53 1.5233
6 2.0925 1.9308
4 1.86 2.109
7 1.3425 1.3535
7 1.02 0.9458
5 0.915 0.8897
6 0.435 0.4908
7 2.4075 2.7627
4 0.375 0.8903
6 0.735 0.7584
4 0.2925 0.7792
4 0.15 0.884
6 0.3375 0.4175
5 2.7525 2.5663
4 2.73 2.1885
6 1.53 1.5169
4 2.295 2.2348
6 1.74 1.6612
7 0.15 0.3234
7 1.635 1.734
6 0.57 0.5573
4 2.9475 2.3156
4 1.6725 1.4662
6 0.3525 0.3453
7 2.4 2.4427
4 0.405 0.845
6 2.835 2.6066
5 2.43 2.3331
4 1.08 1.023
6 0.315 0.4031
6 2.64 2.3134
6 1.575 1.5523
5 1.2075 1.2218
7 1.7925 1.7904
5 1.08 1.1123
4 2.01 2.2069
7 2.025 2.0115
7 0.42 0.2644
5 0.3825 0.5726
4 2.73 2.4087
7 1.8675 1.9616
5 1.0575 0.8211
4 0.8025 0.7621
5 0.36 0.5074
7 1.6425 1.7212
7 2.6625 2.754
4 2.505 2.3252
4 1.8075 1.6845
4 0.99 1.1612
7 1.2675 1.3305
6 2.13 2.2988
5 2.445 2.1712
7 2.8425 2.6837
5 2.13 2.0613
6 1.2 1.1892
7 0.5175 1.1862
5 2.4675 2.2399
7 0.0825 0.1986
6 2.085 2.1318
4 2.34 2.019
6 2.2275 2.2499
4 0.6975 0.608
7 0.1575 0.3943
7 1.6125 1.5957
5 0.525 0.6527
5 1.875 1.9041
6 0.54 0.726
6 2.0625 2.2148
4 1.815 1.7942
7 1.4775 1.5628
5 1.0125 0.961
6 1.065 1.1132
5 2.3325 2.3687
5 1.9425 1.8219
6 2.1225 2.026
7 0.3675 0.3926
7 1.635 1.6464
5 1.86 1.8768
5 2.085 2.0797
6 0.825 0.5192
6 1.905 1.9443
4 1.515 1.518
4 1.29 1.279
7 1.7025 1.5781
5 1.5375 1.3344
4 0.15 0.5775
4 0.465 0.5392
4 1.5075 1.7008
7 2.2725 2.1714
6 2.1975 2.4163
4 1.41 1.3978
7 1.155 1.3173
6 2.22 2.1359
4 2.5125 2.396
6 2.58 2.5713
7 0.75 0.848
6 0.765 0.635
7 1.89 1.8344
4 0.5925 0.6544
4 2.4075 2.2015
4 2.6175 2.2208
5 0.18 0.5225
5 0.2325 0.6129
6 2.1825 2.183
5 2.8575 2.4949
4 1.8675 1.8727
7 0.255 0.2504
6 0.555 0.3536
4 2.8425 2.3037
6 2.9475 2.5428
7 1.59 1.6808
6 2.835 2.4992
7 1.1925 1.1876
6 2.0775 2.0685
7 0.6675 0.6341
5 1.0575 0.8534
7 2.1825 2.1671
4 2.73 2.3861
5 2.2875 2.4516
4 1.14 1.1609
4 0.69 0.7051
6 1.965 1.9338
5 0.12 0.4429
7 1.1175 1.1312
7 2.715 2.6833
6 2.535 2.6104
7 0.51 0.3728
6 1.0875 1.0484
7 1.71 1.8107
5 1.8975 1.7532
4 2.55 2.1513
4 0.795 0.8295
4 1.845 1.7983
4 1.3275 1.2069
4 0.315 0.713
7 2.3175 2.2521
7 2.265 2.4345
5 2.52 2.5614
5 0.105 0.4587
6 1.4025 1.4596
4 0.195 0.6011
4 0.6075 0.7863
4 1.71 1.8603
6 2.34 2.4819
4 2.97 2.1741
4 2.49 2.0672
6 1.26 1.2205
4 1.5375 1.4604
4 0.975 0.8647
5 0.075 0.5859
7 1.38 1.2962
5 1.56 1.5731
4 0.5775 0.516
5 0.4725 0.4008
7 0.3075 0.293
7 0.1275 0.3259
6 0.165 0.4651
5 0.7275 0.9007
6 0.63 0.5684
7 2.9625 2.6014
5 1.1325 0.8534
4 1.3875 1.3954
7 1.215 1.3077
7 0.6375 0.8085
4 1.875 2.0818
4 2.4075 2.4158
4 0.975 1.0765
6 0.42 0.2827
5 0.6525 0.6679
5 2.4975 2.3775
7 1.38 1.2988
6 2.9175 2.5239
4 2.1075 2.3972
4 0.735 0.5499
6 1.335 1.2393
7 0.0225 0.324
4 1.4025 1.6003
6 2.0475 2.013
5 2.9475 2.508
7 0.9825 0.9129
5 0.015 0.5608
6 1.3275 1.3052
5 2.445 0.3845
4 1.8075 2.01
5 0.2775 0.4894
5 2.6025 2.4117
4 2.97 2.3012
4 1.6725 1.8684
6 2.805 2.5864
5 0.615 0.6477
5 0.96 0.9889
7 0.315 0.3322
4 0.945 0.519
7 1.545 1.6491
6 0.7125 0.7761
7 0.4875 0.2296
4 1.2825 1.4345
4 2.7975 2.355
7 0.915 0.7699
7 2.6475 2.5372
6 2.7825 2.4685
4 1.7925 2.037
5 2.34 2.1883
6 2.8125 2.5955
6 0.54 0.5277
6 2.5425 2.4572
4 1.4475 1.5111
5 1.5975 1.6804
5 1.7025 1.6309
7 1.3575 1.3928
4 2.8275 2.378
7 1.71 1.755
4 1.2525 1.2791
5 1.3275 1.2735
6 1.3275 1.4167
7 1.1625 1.2115
6 2.85 2.4139
7 2.4675 2.4844
7 0.585 0.4919
4 0.465 0.5534
7 2.2875 2.454
7 2.145 2.0941
5 2.9175 2.5739
5 1.8075 1.8404
6 0.5025 0.4145
6 1.2525 1.2816
6 0.6975 0.6548
7 2.67 2.5484
5 1.545 1.4985
6 2.85 2.709
5 2.3025 2.1384
7 1.68 1.701
5 2.9475 2.5266
7 0.705 0.6822
4 0.4575 0.6373
6 0.4275 0.4357
7 0.9675 0.8729
5 1.935 2.0929
7 0.03 0.4162
5 0.9 0.7623
7 0.0675 0.2064
5 2.535 2.5964
7 0.0825 0.4895
7 1.5225 1.5367
7 2.8425 2.6998
7 2.625 2.583
6 0.465 0.3648
6 0.3 0.3779
5 1.8825 1.9189
7 1.41 1.3649
6 1.98 1.9624
7 1.92 1.9484
4 1.11 0.8642
5 1.38 1.0983
4 2.8875 2.1594
4 2.0775 2.4823
7 0.18 0.4957
5 2.565 2.2095
5 0.42 0.3885
5 0.5625 0.5836
5 1.0125 1.0977
5 0.6825 1.0302
4 2.07 1.8055
7 1.905 1.861
7 1.785 1.7742
5 1.635 1.5411
6 2.7 2.4768
4 1.98 2.2158
4 0.135 0.5688
6 0.0525 0.3599
4 0.5925 0.7056
5 1.1625 1.1424
7 0.2625 0.354
6 2.6625 2.4246
5 1.2825 1.2001
5 0.2475 0.5611
4 0.54 0.6846
5 2.925 2.4796
7 0.0375 0.3503
5 2.385 2.4974
7 0.9675 0.9508
4 0.0 0.5813
5 2.2575 2.4207
4 1.545 1.6794
6 0.0675 0.3876
6 1.5225 1.5706
4 0.2775 0.6472
5 0.7425 0.6394
7 2.3175 2.3046
6 2.2725 2.2127
4 2.445 2.0427
6 0.93 0.9636
6 0.435 0.3872
4 1.0875 1.1132
7 0.3075 0.4317
4 2.985 2.1881
7 0.1425 0.1762
6 1.0275 0.9978
4 0.03 0.7364
4 1.5675 1.6499
7 2.07 2.0263
7 1.2375 1.2629
4 1.0275 1.074
5 0.075 0.5228
7 2.2725 2.212
7 2.7 2.7157
6 1.7175 1.6643
4 0.6 0.6293
6 2.8425 2.5184
7 0.525 0.4788
7 2.7975 2.7057
6 0.135 0.3459
5 0.9525 1.0356
4 0.765 0.9338
6 1.8 1.8436
5 0.8175 0.9096
5 0.0375 0.5939
7 2.16 2.2882
5 2.0625 2.0862
5 0.51 0.7864
6 1.8675 1.9586
5 0.69 0.4568
6 0.7425 0.793
7 2.1525 2.1409
4 0.9225 0.9703
4 0.8175 1.0319
6 0.3225 0.4154
5 2.805 2.5065
6 2.8575 2.6311
7 2.295 2.2633
7 0.735 0.7939
5 1.89 1.8251
7 0.4425 0.3214
5 2.3775 2.2488
7 2.13 2.1217
5 0.045 0.3097
7 1.5525 1.4918
4 1.665 1.6451
7 1.8675 1.871
7 1.2225 1.2018
6 1.17 1.2103
4 0.6675 0.7421
7 0.8625 0.8876
5 0.915 0.9273
7 0.8175 0.8516
7 0.2325 0.3341
7 1.635 1.5767
5 1.4475 1.5089
6 2.88 2.55
7 0.7875 0.7765
7 2.2275 2.235
5 2.55 2.1548
5 2.2275 2.2982
4 2.67 2.078
4 0.975 1.1131
6 2.43 2.5141
4 1.335 1.4683
7 0.6075 0.6621
5 1.5225 1.5555
5 2.9325 2.3469
4 1.0275 0.6643
7 0.87 0.8723
4 0.5325 0.6773
4 0.9675 0.794
7 0.6975 0.7182
4 0.09 0.5613
6 1.3725 1.2412
5 1.08 0.9658
6 0.63 0.8326
7 1.5525 1.5889
5 2.3925 2.5144
7 0.15 0.3553
5 1.56 1.6852
5 2.715 2.6261
7 0.8925 0.7884
4 1.4475 1.8261
6 0.18 0.3847
7 1.11 1.0212
4 0.855 0.9794
6 2.28 2.3644
5 1.3425 1.4386
7 0.495 0.5146
5 1.4025 1.4689
6 1.05 1.1289
7 2.04 1.9821
4 2.58 2.4077
5 0.78 0.7265
4 0.33 0.7386
6 1.9275 1.7118
7 1.3725 1.4772
6 1.6875 1.713
7 0.7425 0.7147
7 2.565 2.4353
7 1.7025 1.6804
6 2.2575 2.2923
5 2.6775 2.6194
5 1.815 1.7637
6 0.15 0.3252
5 2.7525 2.5251
6 1.3425 1.3233
6 1.965 1.938
6 0.405 0.491
4 2.3175 2.0577
6 0.1575 0.541
5 2.4525 2.5437
5 0.5175 0.7571
4 2.8575 2.1894
4 0.2025 0.7617
7 1.7775 1.7716
7 0.0825 0.3966
6 1.5975 1.603
4 2.9475 2.3543
6 1.9275 1.9071
7 2.73 2.6313
5 1.17 1.1461
6 0.1875 0.6079
4 0.9975 0.9708
4 2.28 2.4619
4 0.375 0.7618
6 1.2825 1.2798
6 0.7725 0.7578
6 2.5275 2.4622
7 2.685 2.538
7 1.5075 1.561
4 0.9825 0.6342
6 0.0825 0.5056
7 0.21 0.4654
5 0.5775 0.6995
5 2.4975 2.5388
6 1.0575 1.1327
6 2.4525 2.3946
6 0.0 0.3914
6 1.86 1.9385
7 2.1225 2.0675
4 2.07 1.8318
4 0.795 1.0768
4 0.5625 0.5362
7 0.795 0.8243
4 1.17 1.2516
4 1.5825 1.3289
7 1.2375 1.1778
7 0.3825 0.4951
5 0.78 0.7159
5 0.99 0.8376
4 1.47 1.29
5 2.4075 2.405
6 2.5125 2.5723
6 2.1075 1.9977
7 1.4475 1.4945
7 2.3175 2.3365
7 2.715 2.7019
4 2.085 2.1597
4 0.045 0.6567
5 2.595 2.4514
7 0.3975 0.2332
7 1.5525 1.5491
7 0.0675 0.4042
5 1.74 1.7472
6 0.165 0.604
6 0.9825 1.0963
5 1.74 1.6471
4 2.6625 2.3577
4 0.7425 0.5976
4 2.31 2.2999
5 1.59 1.5882
4 0.15 0.6816
7 1.7325 1.7464
4 2.3625 2.3795
7 2.7525 2.4776
6 0.75 0.7144
4 1.7625 1.6568
6 0.3375 0.3958
5 2.5575 2.531
7 1.5075 1.4835
7 2.6775 2.7061
7 0.855 0.6994
6 0.735 0.4739
4 2.4975 2.2348
4 0.72 0.5815
7 1.635 1.7119
5 2.1375 2.1592
4 2.3175 2.3043
4 2.955 2.2509
4 1.14 1.1557
6 2.1 2.1036
6 0.2175 0.3514
4 0.84 0.6922
4 1.83 2.0426
4 0.6225 0.6035
5 0.06 0.5484
7 0.2625 0.2722
4 2.22 2.2859
6 1.0425 0.9727
5 2.0775 2.218
4 2.9175 2.3359
6 1.005 1.0427
4 0.855 0.453
4 2.4825 2.3052
4 2.5425 2.2977
6 0.5175 0.5693
6 1.83 1.8165
7 1.3575 0.7677
6 1.0875 0.1165
5 1.9125 1.9742
7 2.01 1.8897
4 1.9575 1.8239
6 2.9175 2.6349
5 1.9125 1.8391
6 1.665 1.6059
4 2.88 2.2804
6 1.335 1.2695
6 0.2775 0.2769
4 2.49 2.3528
4 0.96 0.6799
7 0.0675 0.3046
5 0.1875 0.4523
7 2.1225 2.1148
6 2.0625 2.1653
4 1.845 1.7835
7 2.0625 1.9622
4 1.5375 1.5125
4 0.7575 0.8497
7 1.0275 1.0281
7 2.715 2.7702
4 1.0275 0.8455
4 2.61 2.3269
6 1.32 1.2823
4 1.3575 1.4471
4 1.68 1.9472
7 0.8775 0.8139
5 1.755 1.7236
7 0.7425 0.7781
4 0.42 0.7346
4 1.365 1.0506
4 1.8075 2.0494
6 1.9275 1.8821
4 1.875 1.9603
4 1.665 1.647
7 0.1125 0.2523
6 2.13 2.3485
5 2.445 2.2256
7 2.7675 2.742
4 2.8275 2.4964
4 2.565 2.329
6 2.115 2.0616
5 0.855 0.8983
4 0.885 0.9156
4 2.1825 2.1974
6 0.3375 0.4375
6 2.5575 2.3535
7 0.4125 0.3179
7 1.95 2.0566
4 2.985 2.3935
6 1.8375 1.9052
7 1.935 1.8268
5 1.17 0.9803
5 1.35 1.2247
5 1.7175 1.5853
5 0.9225 0.7805
4 0.105 0.6219
7 1.2225 1.1135
7 1.365 1.3499
7 2.34 2.4345
5 2.535 2.2141
4 2.865 2.2694
5 0.855 0.8225
4 2.3325 2.2895
7 0.27 0.2376
4 1.83 1.8837
5 2.7375 2.5051
5 2.3625 2.1683
5 0.4575 0.5829
5 1.2075 1.1325
4 1.4325 1.5334
7 0.195 0.3713
6 2.7075 2.3801
6 1.5975 1.4709
4 1.8 1.9185
7 1.2825 1.2174
6 2.1525 2.3107
4 1.515 1.8581
4 0.81 0.728
7 2.7225 2.6376
4 1.635 1.663
7 0.795 0.76
7 1.9275 2.0136
6 1.4325 1.3597
6 1.68 1.5852
6 2.835 2.5996
5 2.445 2.4046
5 2.7675 2.5082
6 1.0725 1.106
6 2.2875 2.359
4 1.74 1.853
7 0.255 0.4494
4 0.3825 1.0182
6 1.5975 1.572
7 2.445 2.3501
7 0.06 0.3069
7 2.865 2.7381
7 2.5575 2.5709
4 1.755 1.7935
5 0.54 0.5319
4 2.1225 2.1145
5 1.14 1.1408
4 1.2225 0.8449
4 2.6325 2.298
6 0.8025 0.7929
6 0.6525 0.6218
7 1.56 1.4965
5 2.2275 2.4469
4 1.0275 0.8761
5 1.95 1.9371
6 0.3225 0.4172
5 0.225 0.8179
7 1.905 1.9015
5 1.7325 1.6902
7 2.2575 2.2563
5 2.0175 2.1312
4 0.9375 1.2389
5 2.37 2.4248
4 0.1725 0.7092
5 1.8225 1.9244
6 0.93 0.8614
7 0.03 0.2646
5 0.135 0.4987
7 0.3225 0.3231
6 1.0725 1.0987
7 2.8725 2.7022
4 1.7175 1.6788
4 1.32 1.2239
6 2.595 2.6202
6 2.0025 1.9826
5 0.585 0.8238
5 0.45 0.589
6 2.025 2.3033
5 0.3825 0.3767
5 2.7225 2.2571
5 2.595 2.4847
5 0.0675 0.532
4 1.1175 0.9565
7 0.6075 0.8608
5 2.235 2.3588
5 2.9625 2.5119
4 2.355 1.9847
5 1.3725 1.4716
6 1.83 1.8227
6 2.8125 2.5634
5 1.59 1.9137
4 1.5825 1.8918
4 1.395 1.3681
7 1.8675 1.9399
4 1.1025 0.9131
7 1.44 1.3628
4 2.2425 2.1673
4 1.56 1.7107
7 2.5725 2.7517
5 1.02 0.9857
6 1.6425 1.6307
7 0.4575 0.5798
4 1.185 1.2568
4 0.54 0.5972
6 2.4 2.7053
7 1.83 1.9082
7 1.1175 1.1691
4 0.855 0.8998
4 0.2925 0.6426
6 1.9125 2.0336
7 2.565 2.6498
7 0.315 0.4989
5 1.5 1.5383
4 1.35 1.327
7 2.8425 2.5226
4 2.8425 2.2972
5 2.4975 2.5554
7 0.2175 0.2508
4 1.485 1.2084
7 1.815 1.8228
6 0.4875 0.2572
6 0.285 0.3729
5 0.21 0.4957
4 1.3275 1.3309
5 1.2975 1.2892
4 0.105 0.9253
6 0.3075 0.5609
5 1.71 1.7485
5 0.975 1.0634
6 2.37 2.3921
7 2.1675 2.136
6 1.6725 1.585
6 0.9675 0.8898
4 0.555 0.8031
4 2.7975 2.1942
6 1.6725 1.7061
7 0.555 0.3645
7 1.6575 1.8079
5 0.045 0.6469
4 1.41 1.6128
5 1.725 1.6369
6 0.345 0.5518
4 1.9725 1.9683
7 0.4275 0.1889
5 1.62 1.7178
6 2.76 2.5464
4 2.265 2.39
7 2.175 2.1346
6 1.3125 1.2668
7 2.7375 2.6331
5 1.635 1.7176
6 0.06 0.3274
7 1.3875 1.4652
7 2.5275 2.8175
5 2.685 2.5295
6 1.155 1.2091
5 1.755 1.6552
5 1.0125 0.7858
4 0.285 0.9291
4 1.995 2.1419
6 0.2475 0.3566
4 1.9125 1.9549
5 1.4625 1.4519
5 1.9425 1.8174
4 0.5325 0.689
7 0.69 0.7361
6 1.1925 1.1733
7 2.5125 2.6971
6 2.3775 2.4548
6 2.625 2.5664
7 1.305 1.2802
5 1.53 1.3334
5 0.0375 0.5318
6 2.7525 2.6364
4 0.18 0.5898
4 1.755 1.6395
4 0.2775 0.5991
6 0.6225 0.5793
7 1.8975 1.9345
7 1.9725 1.9121
5 2.2875 2.3613
7 0.3075 0.3476
4 1.8525 1.8053
5 1.8375 1.8153
4 1.4775 1.7241
4 2.595 2.0327
6 2.235 2.0488
5 0.975 1.0653
6 2.4225 2.0429
5 1.5675 1.4496
7 2.1975 2.1823
4 0.3225 0.6734
4 0.69 1.14
4 2.07 2.0699
7 1.5 1.4619
5 2.685 2.431
6 1.83 1.929
4 1.4325 1.2778
5 0.72 0.9773
4 2.2425 1.91
4 2.1525 1.9853
4 0.2775 0.7025
7 1.275 1.1744
5 2.4975 2.546
7 2.355 2.4979
6 1.095 1.0454
5 2.3925 2.4518
6 1.545 1.4738
7 0.51 0.4427
7 1.0125 1.0037
7 1.47 1.4828
4 2.1525 2.093
4 1.065 1.2308
5 2.3175 2.3172
4 0.6375 0.7175
7 2.1375 2.0567
7 2.7525 2.5416
6 2.6025 2.5696
5 2.115 2.2945
6 1.02 0.8973
4 0.69 0.6123
4 2.04 2.001
5 2.1975 2.0353
5 2.37 2.3571
5 2.715 2.5494
4 2.7375 2.3895
7 0.72 0.6945
6 1.05 0.9851
6 1.815 1.8363
6 0.4575 0.5521
6 1.5825 1.639
5 2.295 2.0762
5 1.47 1.5409
7 0.945 0.8298
5 0.6525 0.508
4 2.1375 2.2018
6 0.135 0.472
7 2.1075 2.2131
6 1.02 0.9805
5 0.6525 0.9643
7 1.71 1.7156
7 0.48 0.4998
5 1.8975 1.992
5 0.0675 0.6051
6 0.54 0.3986
5 0.42 0.6304
5 2.745 2.609
7 0.4125 0.3653
4 0.84 0.6778
6 1.4325 1.3555
5 2.2875 2.3846
4 0.75 1.0092
7 1.9575 1.9392
7 0.36 0.2952
4 0.5925 0.5707
4 0.795 0.6823
4 1.905 1.792
7 0.045 0.3445
4 0.8025 1.0561
7 1.4025 1.5328
5 1.7775 1.6917
4 2.175 2.1141
7 2.8875 2.6169
6 2.88 2.585
4 1.62 1.6269
7 2.1975 2.1429
7 1.6725 1.7025
7 2.1225 2.1288
7 0.7875 0.727
5 1.3425 1.3511
7 1.575 1.5455
7 1.41 1.5186
4 1.3575 1.3085
7 2.685 2.5458
7 2.925 2.681
6 2.8575 2.5251
6 0.3825 0.3205
4 1.305 1.2682
6 1.7475 1.6863
4 2.3925 2.4002
4 1.3425 1.5102
5 0.57 0.5954
5 2.31 2.4219
5 2.7075 2.3422
4 0.2625 0.6425
5 2.5875 2.5106
5 2.5875 2.4663
4 0.0975 0.5847
4 2.9925 2.4133
5 0.81 0.7667
4 1.2375 1.1255
4 2.1825 2.2937
4 1.1775 1.093
4 1.905 1.9863
5 1.035 1.024
6 0.015 0.3483
7 0.7875 0.6997
5 1.455 1.3068
5 1.5225 1.5573
4 2.91 2.3778
4 0.0225 0.4984
5 1.9725 2.0551
5 0.03 0.5089
6 0.1275 0.6395
7 1.26 1.2299
6 0.0075 0.4831
6 2.835 2.735
4 2.76 2.3375
7 1.4025 1.3555
7 1.4325 1.3596
5 0.9375 1.0405
6 0.9375 0.8223
6 0.855 0.6607
6 1.9875 1.9484
4 1.3575 1.4843
5 0.87 0.9318
4 0.3375 0.5943
6 1.905 1.9747
6 2.595 2.4658
6 1.9575 2.0074
4 2.55 2.4381
4 2.49 2.3048
5 1.365 1.3665
6 2.3475 2.5544
5 2.025 2.0248
5 1.2375 1.2024
5 0.0975 0.4672
6 0.0 0.3338
4 0.2775 0.7581
7 0.1275 0.311
4 1.485 1.5898
6 0.255 0.3893
6 0.6375 0.663
4 1.7775 1.6407
7 0.06 0.4619
6 0.75 0.8907
6 0.1725 0.3051
4 0.06 0.8109
7 2.4075 2.4037
5 2.61 2.4266
4 1.725 1.7929
5 2.8725 2.5007
7 0.585 0.6618
6 0.7875 0.7736
4 2.7375 1.9455
7 0.8475 0.7699
7 1.0425 1.0391
5 1.7025 1.7479
7 2.3775 2.3389
5 0.705 0.6016
6 2.1225 2.157
7 1.4925 1.5498
6 0.3225 0.6912
6 0.285 0.6787
7 1.3125 1.3172
7 1.2375 1.2346
5 0.1875 0.678
6 1.8375 1.7746
7 0.3825 0.301
4 0.24 0.6964
4 1.6125 1.7955
7 1.0125 1.0066
4 0.105 0.6328
5 2.4825 2.318
6 2.445 2.4959
6 0.6525 0.721
6 0.9 0.8329
4 0.7425 0.8062
7 2.115 2.1476
6 1.815 1.7678
4 1.4925 1.4166
6 2.3475 2.2722
6 1.3875 1.4264
5 0.4425 0.6704
5 2.76 2.1973
7 1.2675 1.2149
4 2.67 2.4044
4 2.925 2.0853
4 2.775 2.1606
4 0.645 0.7705
4 2.9925 2.3197
6 2.01 2.0812
4 0.36 0.6296
4 0.795 0.9942
6 2.1375 2.185
4 1.7325 1.59
4 1.3275 1.3808
5 1.2225 1.1472
7 1.395 1.4682
7 1.47 1.4893
7 2.7375 2.4627
6 2.2125 2.1972
7 0.39 0.4276
4 0.5175 0.6572
5 0.0225 0.5272
4 1.26 1.6205
4 2.1225 2.0917
4 2.5275 2.349
5 1.1775 1.3153
7 1.14 1.1012
5 0.585 0.4641
5 2.52 2.4933
7 2.6475 2.6377
6 0.99 1.0716
6 1.605 1.6918
4 1.53 1.5273
6 1.2675 1.3829
6 2.2275 2.3369
6 0.09 0.5903
6 0.7725 0.7142
5 1.005 1.0285
7 2.9775 2.7475
6 1.4775 1.4262
5 2.745 2.4156
6 1.6575 1.7034
6 0.645 0.764
5 1.245 1.2131
7 1.425 1.4354
6 1.7325 1.7659
7 2.0325 2.067
4 1.2825 1.0746
5 0.3675 0.6883
4 1.4025 1.3792
4 1.1625 0.9714
6 1.8375 1.9294
4 0.7575 0.8848
4 1.32 1.2619
5 0.8475 0.4118
6 2.115 2.0299
6 1.8075 1.8817
6 2.3925 2.286
5 1.1175 1.1702
7 0.8925 0.8648
6 1.545 1.4756
5 2.7675 2.4592
6 0.2775 0.217
4 1.185 0.95
6 0.0375 0.2115
4 0.7125 0.6891
4 0.9 0.7285
6 1.965 1.9207
4 0.75 0.5909
4 0.6225 0.5981
4 2.7075 2.4851
5 0.7425 0.7326
4 0.3975 0.5167
6 2.97 2.637
6 1.3875 1.3766
7 2.97 2.6722
7 1.4325 1.4094
5 2.8575 2.4781
4 2.3925 2.3253
4 1.275 1.3262
7 1.935 1.905
7 2.49 2.5811
6 0.3 0.3202
6 2.34 2.3853
7 1.26 1.2233
6 2.85 2.5559
7 0.06 0.3871
6 0.3825 0.457
6 2.7975 2.722
7 1.6275 1.7468
4 2.175 1.9393
6 1.9275 1.8938
6 0.7125 0.7858
5 2.865 2.5082
7 2.28 2.3998
7 1.3875 1.3334
6 2.475 2.5036
6 2.055 2.0539
6 2.1975 2.1336
4 0.09 0.6392
6 0.6 0.3758
5 2.1825 2.0274
4 2.2275 2.4444
5 1.335 1.2214
6 0.12 0.5103
5 1.26 1.238
4 1.6425 1.7342
5 2.0625 2.0941
6 2.805 2.6232
4 0.48 0.8456
7 0.18 0.4438
6 1.92 1.9804
5 1.395 1.2952
7 2.7675 2.7175
6 0.4875 0.5458
6 0.9825 1.0632
5 1.4475 1.3678
6 0.255 0.2666
7 0.63 0.5585
5 2.775 2.2687
6 2.79 2.4993
5 1.3125 1.2087
6 1.4025 1.3991
4 2.0925 2.0367
7 0.525 0.6125
7 0.975 0.9635
6 2.175 2.2451
6 2.91 2.4909
5 0.6 0.6809
5 2.565 2.4402
