sigma2_stimulus 	 [0.0]
log_motor_var 	 [6.49498987197876]
sigma_logit 	 [-3.0, 0.8610827922821045, -1.4008985757827759, -3.219881057739258, -3.7730233669281006, -4.337666988372803, -4.800000190734863, -5.300000190734863, -5.800000190734863, -6.300000190734863]
mixture_logit 	 [-3.1963789463043213]
prior 	 [0.881072461605072, 0.9446167945861816, 1.0011975765228271, 1.0498864650726318, 1.089857578277588, 1.1204026937484741, 1.140941858291626, 1.1510339975357056, 1.150384783744812, 1.1388516426086426, 1.1164470911026, 1.0833388566970825, 1.0398489236831665, 0.9864479899406433, 0.9237493276596069, 0.8525002598762512, 0.7735695838928223, 0.6879361271858215, 0.5966734886169434, 0.5009337067604065, 0.4019293785095215, 0.3009171485900879, 0.19917765259742737, 0.09799673408269882, -0.0013538971543312073, -0.09763411432504654, -0.18965423107147217, -0.27629172801971436, -0.35650718212127686, -0.4293578267097473, -0.49401092529296875, -0.5497539043426514, -0.5960031747817993, -0.6323105096817017, -0.6583673357963562, -0.6740065813064575, -0.6792024970054626, -0.674068033695221, -0.658850371837616, -0.6339240074157715, -0.5997819900512695, -0.5570264458656311, -0.5063555836677551, -0.44855210185050964, -0.38446763157844543, -0.3150099813938141, -0.2411257028579712, -0.1637856662273407, -0.0839710384607315, -0.002655528485774994, 0.0792062059044838, 0.16069456934928894, 0.2409353256225586, 0.31911271810531616, 0.39447835087776184, 0.466359406709671, 0.5341653823852539, 0.597393274307251, 0.6556313633918762, 0.7085580825805664, 0.7559459805488586, 0.7976551055908203, 0.8336323499679565, 0.8639068007469177, 0.8885806798934937, 0.9078255295753479, 0.9218708872795105, 0.9309976696968079, 0.9355266690254211, 0.9358107447624207, 0.932222843170166, 0.9251484870910645, 0.9149745106697083, 0.9020815491676331, 0.8868356943130493, 0.8695810437202454, 0.850632905960083, 0.830274760723114, 0.8087519407272339, 0.7862710952758789, 0.762998104095459, 0.7390561103820801, 0.7145313620567322, 0.6894702911376953, 0.6638867259025574, 0.6377649307250977, 0.6110637187957764, 0.5837254524230957, 0.5556780695915222, 0.5268464684486389, 0.49715545773506165, 0.4665393829345703, 0.43494752049446106, 0.4023495316505432, 0.36874255537986755, 0.33415520191192627, 0.2986520528793335, 0.26233547925949097, 0.22534891963005066, 0.18787726759910583, 0.1501452922821045, 0.11241743713617325, 0.07499392330646515, 0.038208261132240295, 0.0024191811680793762, -0.03199296444654465, -0.06463301181793213, -0.09510175883769989, -0.12300094217061996, -0.1479419469833374, -0.16955849528312683, -0.1875115931034088, -0.2014976143836975, -0.21126018464565277, -0.21659687161445618, -0.2173624038696289, -0.21347832679748535, -0.20493760704994202, -0.19180557131767273, -0.17422261834144592, -0.15240678191184998, -0.12665162980556488, -0.0973234474658966, -0.06485771387815475, -0.02975175902247429, 0.007438557222485542, 0.04611014574766159, 0.08562050759792328, 0.1252998262643814, 0.16446137428283691, 0.20241256058216095, 0.238469660282135, 0.2719697952270508, 0.3022817075252533, 0.32881981134414673, 0.35105690360069275, 0.3685346245765686, 0.3808715045452118, 0.3877740204334259, 0.38904520869255066, 0.3845869302749634, 0.3744070529937744, 0.3586210310459137, 0.33745166659355164, 0.31122833490371704, 0.2803835868835449, 0.24544796347618103, 0.20703990757465363, 0.16586051881313324, 0.12268102914094925, 0.07833074778318405, 0.03368113934993744, -0.010364137589931488, -0.05288819968700409, -0.09297540783882141, -0.129728764295578, -0.16228601336479187, -0.1898331493139267, -0.21162375807762146, -0.22699019312858582, -0.23535895347595215, -0.23626162111759186, -0.22934500873088837, -0.21438060700893402, -0.19126980006694794, -0.160049170255661, -0.12089170515537262, -0.07410794496536255, -0.020141080021858215, 0.04043501615524292, 0.10692504048347473, 0.1785227358341217, 0.2543189823627472, 0.3333159387111664, 0.4144437611103058, 0.4965754747390747, 0.5785430669784546, 0.6591582894325256, 0.7372286319732666, 0.8115808367729187]
volume 	 [1.762144923210144, 1.8892335891723633, 2.0023951530456543, 2.0997729301452637, 2.179715156555176, 2.2408053874969482, 2.281883716583252, 2.302067995071411, 2.300769567489624, 2.277703285217285, 2.2328941822052, 2.166677713394165, 2.079697847366333, 1.9728959798812866, 1.8474986553192139, 1.7050005197525024, 1.5471391677856445, 1.375872254371643, 1.1933469772338867, 1.001867413520813, 0.803858757019043, 0.6018342971801758, 0.39835530519485474, 0.19599346816539764, -0.0027077943086624146, -0.19526822865009308, -0.37930846214294434, -0.5525834560394287, -0.7130143642425537, -0.8587156534194946, -0.9880218505859375, -1.0995078086853027, -1.1920063495635986, -1.2646210193634033, -1.3167346715927124, -1.348013162612915, -1.3584049940109253, -1.348136067390442, -1.317700743675232, -1.267848014831543, -1.199563980102539, -1.1140528917312622, -1.0127111673355103, -0.8971042037010193, -0.7689352631568909, -0.6300199627876282, -0.4822514057159424, -0.3275713324546814, -0.167942076921463, -0.005311056971549988, 0.1584124118089676, 0.3213891386985779, 0.4818706512451172, 0.6382254362106323, 0.7889567017555237, 0.932718813419342, 1.0683307647705078, 1.194786548614502, 1.3112627267837524, 1.4171161651611328, 1.5118919610977173, 1.5953102111816406, 1.667264699935913, 1.7278136014938354, 1.7771613597869873, 1.8156510591506958, 1.843741774559021, 1.8619953393936157, 1.8710533380508423, 1.8716214895248413, 1.864445686340332, 1.850296974182129, 1.8299490213394165, 1.8041630983352661, 1.7736713886260986, 1.7391620874404907, 1.701265811920166, 1.660549521446228, 1.6175038814544678, 1.5725421905517578, 1.525996208190918, 1.4781122207641602, 1.4290627241134644, 1.3789405822753906, 1.3277734518051147, 1.2755298614501953, 1.2221274375915527, 1.1674509048461914, 1.1113561391830444, 1.0536929368972778, 0.9943109154701233, 0.9330787658691406, 0.8698950409889221, 0.8046990633010864, 0.7374851107597351, 0.6683104038238525, 0.597304105758667, 0.5246709585189819, 0.4506978392601013, 0.37575453519821167, 0.300290584564209, 0.2248348742723465, 0.1499878466129303, 0.07641652226448059, 0.0048383623361587524, -0.0639859288930893, -0.12926602363586426, -0.19020351767539978, -0.24600188434123993, -0.2958838939666748, -0.33911699056625366, -0.3750231862068176, -0.402995228767395, -0.42252036929130554, -0.43319374322891235, -0.4347248077392578, -0.4269566535949707, -0.40987521409988403, -0.38361114263534546, -0.34844523668289185, -0.30481356382369995, -0.25330325961112976, -0.1946468949317932, -0.1297154277563095, -0.05950351804494858, 0.014877114444971085, 0.09222029149532318, 0.17124101519584656, 0.2505996525287628, 0.32892274856567383, 0.4048251211643219, 0.47693932056427, 0.5439395904541016, 0.6045634150505066, 0.6576396226882935, 0.7021138072013855, 0.7370692491531372, 0.7617430090904236, 0.7755480408668518, 0.7780904173851013, 0.7691738605499268, 0.7488141059875488, 0.7172420620918274, 0.6749033331871033, 0.6224566698074341, 0.5607671737670898, 0.49089592695236206, 0.41407981514930725, 0.3317210376262665, 0.2453620582818985, 0.1566614955663681, 0.06736227869987488, -0.020728275179862976, -0.10577639937400818, -0.18595081567764282, -0.259457528591156, -0.32457202672958374, -0.3796662986278534, -0.4232475161552429, -0.45398038625717163, -0.4707179069519043, -0.4725232422351837, -0.45869001746177673, -0.42876121401786804, -0.3825396001338959, -0.320098340511322, -0.24178341031074524, -0.1482158899307251, -0.04028216004371643, 0.08087003231048584, 0.21385008096694946, 0.3570454716682434, 0.5086379647254944, 0.6666318774223328, 0.8288875222206116, 0.9931509494781494, 1.1570861339569092, 1.3183165788650513, 1.4744572639465332, 1.6231616735458374]
=======
4 110.0 109.4
5 276.0 237.9
3 118.0 116.1
3 86.0 49.6
5 240.0 216.0
2 238.0 316.8
3 198.0 239.5
4 78.0 76.9
5 166.0 166.1
2 236.0 197.6
2 260.0 302.4
3 332.0 7.4
4 104.0 82.3
5 338.0 292.8
5 238.0 247.9
3 272.0 306.0
3 242.0 233.4
3 312.0 297.9
4 326.0 327.2
2 100.0 89.1
3 104.0 74.8
4 118.0 109.7
2 208.0 171.2
5 78.0 76.6
3 76.0 87.6
5 44.0 93.2
5 128.0 137.1
4 32.0 32.2
3 68.0 77.2
5 56.0 89.9
3 354.0 317.5
3 272.0 214.0
2 284.0 293.6
5 202.0 190.2
4 138.0 131.4
5 46.0 60.0
4 228.0 244.0
5 190.0 235.1
2 298.0 179.2
4 328.0 307.8
4 184.0 195.2
3 140.0 139.7
5 86.0 117.5
5 120.0 109.9
5 222.0 289.9
3 146.0 157.7
4 354.0 318.7
5 268.0 257.6
4 170.0 177.8
5 28.0 37.9
3 182.0 164.2
4 80.0 83.7
2 340.0 300.1
3 196.0 239.9
5 16.0 21.7
5 108.0 61.1
3 104.0 52.2
5 26.0 30.8
4 4.0 7.2
2 12.0 15.4
3 104.0 110.1
5 60.0 107.3
3 344.0 337.1
2 284.0 275.4
3 172.0 148.7
5 248.0 268.5
5 106.0 66.5
2 242.0 315.4
5 352.0 345.6
5 68.0 66.2
3 144.0 158.8
4 150.0 146.4
5 314.0 344.7
4 120.0 80.3
4 354.0 287.9
4 324.0 325.0
5 186.0 191.0
5 94.0 54.6
3 158.0 154.8
3 306.0 301.3
5 52.0 87.3
2 22.0 309.3
2 266.0 316.5
2 262.0 313.9
4 82.0 67.7
2 172.0 241.3
4 274.0 222.2
4 86.0 114.2
4 178.0 187.0
4 294.0 326.1
3 320.0 279.9
2 238.0 140.6
2 16.0 139.1
4 74.0 124.2
3 298.0 336.0
3 122.0 98.5
3 182.0 207.4
4 46.0 62.7
5 104.0 91.6
5 226.0 258.6
5 314.0 328.2
2 232.0 305.6
4 224.0 203.4
4 248.0 207.5
5 234.0 234.3
2 280.0 33.7
5 302.0 327.2
5 152.0 145.5
4 124.0 119.5
4 190.0 207.9
5 166.0 176.3
2 296.0 292.6
3 280.0 247.3
5 72.0 26.2
2 104.0 85.9
2 196.0 29.1
4 226.0 225.1
5 330.0 296.1
4 232.0 205.9
4 116.0 91.5
4 2.0 3.4
3 164.0 184.6
2 348.0 352.7
2 356.0 347.1
5 52.0 44.5
3 120.0 126.4
3 158.0 182.0
2 332.0 298.6
2 78.0 219.3
2 170.0 36.4
5 288.0 296.0
5 178.0 242.1
2 150.0 13.1
3 168.0 173.5
4 264.0 243.0
2 14.0 1.8
3 20.0 19.6
5 206.0 227.1
3 358.0 283.0
5 324.0 315.6
3 54.0 85.9
3 14.0 16.4
5 10.0 353.5
2 132.0 101.5
5 254.0 203.9
3 300.0 276.1
4 38.0 89.3
2 274.0 346.6
5 0.0 5.8
4 184.0 173.7
4 266.0 270.8
3 174.0 250.9
2 106.0 173.0
5 202.0 217.4
4 12.0 14.7
5 140.0 144.1
4 316.0 2.2
3 38.0 99.8
2 88.0 180.7
5 282.0 297.5
5 314.0 307.9
5 236.0 267.1
2 240.0 31.9
3 190.0 188.2
4 346.0 342.0
4 114.0 85.6
4 154.0 149.7
5 280.0 274.9
4 328.0 304.1
3 212.0 177.2
3 70.0 79.5
5 358.0 342.9
2 190.0 151.5
4 148.0 135.6
3 280.0 329.8
2 260.0 203.5
3 14.0 40.6
2 204.0 263.4
2 92.0 83.4
4 48.0 9.5
2 184.0 169.6
2 102.0 277.4
3 354.0 323.0
3 32.0 54.1
5 142.0 130.3
3 320.0 288.1
2 24.0 88.3
3 130.0 96.7
2 190.0 273.9
2 30.0 80.6
2 108.0 56.2
3 184.0 248.7
5 74.0 61.7
4 310.0 308.5
4 8.0 355.0
5 106.0 87.0
5 62.0 73.7
4 220.0 264.8
2 172.0 150.3
2 266.0 222.3
3 258.0 264.0
2 126.0 158.1
3 304.0 296.1
4 200.0 191.8
5 176.0 169.4
2 12.0 24.7
2 300.0 213.3
4 128.0 137.7
3 168.0 181.9
2 58.0 90.1
2 24.0 147.3
4 210.0 213.5
3 64.0 72.6
2 138.0 73.1
5 100.0 103.1
2 100.0 107.1
3 248.0 191.3
5 106.0 61.4
3 232.0 230.4
4 336.0 350.9
3 12.0 0.7
5 164.0 162.9
3 22.0 39.4
4 154.0 150.8
5 196.0 214.2
2 124.0 56.6
5 308.0 290.9
3 174.0 199.8
3 206.0 308.5
4 58.0 93.8
2 82.0 117.2
2 244.0 206.2
2 164.0 126.8
5 248.0 234.5
2 90.0 63.7
5 10.0 13.5
5 58.0 109.3
3 102.0 70.4
5 52.0 294.7
5 106.0 99.0
3 216.0 195.2
3 54.0 43.0
4 150.0 164.9
3 116.0 64.1
4 90.0 64.3
3 336.0 272.3
4 72.0 82.0
5 326.0 340.2
2 126.0 135.2
4 280.0 280.3
4 94.0 75.4
3 122.0 139.8
5 138.0 133.5
4 14.0 18.5
3 246.0 294.5
3 230.0 259.2
2 10.0 0.0
3 292.0 319.2
5 100.0 79.8
3 234.0 246.9
3 262.0 170.1
2 224.0 170.2
2 4.0 282.7
4 236.0 271.9
2 310.0 200.8
5 14.0 15.7
5 122.0 125.2
3 224.0 260.4
2 356.0 344.6
2 110.0 105.3
4 196.0 174.6
3 22.0 26.4
5 12.0 7.4
5 132.0 134.6
4 240.0 221.7
4 308.0 332.2
3 354.0 342.8
4 34.0 39.9
3 144.0 139.7
3 148.0 167.9
5 252.0 225.6
2 260.0 293.5
5 112.0 79.1
3 178.0 180.4
4 6.0 328.3
3 294.0 351.0
3 286.0 222.9
3 54.0 65.8
2 162.0 232.1
2 326.0 219.4
4 326.0 283.8
5 152.0 158.1
5 250.0 241.1
4 28.0 34.7
4 304.0 331.5
2 188.0 154.0
3 306.0 301.6
2 166.0 229.1
2 146.0 157.9
5 144.0 147.2
5 230.0 244.3
5 120.0 106.6
5 260.0 267.8
5 2.0 333.5
3 28.0 19.4
4 154.0 162.2
3 324.0 314.8
3 294.0 147.8
5 202.0 216.3
5 34.0 51.1
4 84.0 116.0
5 236.0 244.3
5 66.0 128.4
5 312.0 309.3
5 54.0 76.0
2 164.0 178.7
2 54.0 113.6
2 262.0 174.8
5 22.0 29.5
4 264.0 256.4
4 338.0 338.5
5 78.0 76.2
2 172.0 163.0
4 124.0 76.8
4 98.0 65.7
4 134.0 141.5
5 44.0 55.8
4 270.0 214.4
5 200.0 203.3
2 190.0 145.8
5 316.0 358.7
4 196.0 207.6
5 284.0 334.5
5 304.0 290.8
2 10.0 6.1
5 276.0 228.2
5 80.0 90.1
3 218.0 254.5
2 242.0 357.6
4 40.0 75.9
2 136.0 130.1
3 116.0 123.9
3 76.0 64.9
2 228.0 146.5
4 80.0 120.5
3 244.0 271.2
2 164.0 208.7
5 70.0 89.4
4 100.0 81.7
3 178.0 212.4
4 112.0 57.4
3 72.0 96.4
4 340.0 1.7
3 266.0 277.1
5 92.0 83.2
3 228.0 261.2
2 64.0 85.2
3 16.0 7.7
3 4.0 356.1
4 266.0 246.6
2 14.0 1.0
2 72.0 79.3
4 214.0 256.3
3 240.0 272.2
4 0.0 334.2
3 300.0 253.7
3 346.0 277.6
3 302.0 339.5
5 144.0 141.8
4 54.0 90.7
4 40.0 74.4
4 262.0 260.2
3 8.0 7.6
5 244.0 251.4
4 156.0 147.0
4 52.0 61.4
3 180.0 193.1
3 82.0 77.8
2 14.0 6.8
2 156.0 195.1
2 14.0 304.2
3 22.0 88.5
5 218.0 197.3
4 316.0 309.3
4 110.0 109.1
3 220.0 244.1
3 12.0 348.8
4 8.0 17.1
4 276.0 261.4
5 140.0 144.9
4 16.0 10.4
2 236.0 103.2
2 14.0 112.1
2 132.0 232.4
3 152.0 156.8
2 160.0 182.6
3 164.0 186.5
4 278.0 294.1
3 94.0 77.3
2 94.0 3.4
5 20.0 12.4
5 336.0 295.2
2 38.0 90.9
2 196.0 199.2
5 280.0 280.6
2 126.0 115.9
2 94.0 119.3
5 14.0 14.7
2 24.0 79.0
5 208.0 231.6
4 138.0 144.4
5 262.0 235.9
2 154.0 259.5
5 324.0 242.7
3 282.0 262.9
4 82.0 46.7
3 198.0 185.3
2 184.0 186.0
4 30.0 43.6
4 8.0 313.8
3 116.0 108.3
3 234.0 241.1
2 300.0 233.1
2 36.0 115.4
5 30.0 21.1
5 82.0 77.1
5 28.0 20.8
4 100.0 73.7
2 120.0 70.1
5 96.0 85.8
4 130.0 121.0
4 52.0 341.1
5 50.0 97.8
2 114.0 46.9
5 258.0 264.1
4 176.0 161.6
2 172.0 160.8
3 278.0 235.0
5 292.0 255.7
2 318.0 305.3
4 96.0 106.3
3 184.0 172.9
2 316.0 275.5
5 208.0 190.6
3 222.0 240.8
4 2.0 10.6
3 58.0 110.1
2 176.0 310.6
5 46.0 61.4
4 184.0 176.5
5 18.0 23.2
4 316.0 308.2
5 144.0 152.0
4 52.0 50.6
2 62.0 152.6
4 138.0 140.9
3 196.0 248.5
3 234.0 245.5
2 56.0 113.2
5 254.0 247.1
4 346.0 326.2
3 20.0 60.3
5 154.0 162.6
3 264.0 256.0
2 146.0 54.1
4 330.0 282.3
3 166.0 174.8
2 172.0 280.3
2 254.0 280.8
4 22.0 28.8
2 44.0 31.5
2 264.0 217.5
4 80.0 66.1
5 38.0 71.1
4 126.0 71.1
2 166.0 142.3
3 324.0 269.0
4 154.0 151.3
4 272.0 225.6
5 58.0 74.8
2 78.0 82.8
3 2.0 342.5
2 210.0 207.0
3 228.0 214.0
2 216.0 299.5
5 338.0 312.9
4 284.0 299.5
4 62.0 47.7
3 172.0 161.4
5 194.0 217.1
3 264.0 197.2
3 312.0 325.4
3 222.0 244.6
2 298.0 241.6
5 204.0 187.1
2 210.0 259.7
4 262.0 245.9
2 144.0 180.1
5 312.0 305.8
4 30.0 48.4
4 192.0 215.3
3 76.0 53.3
4 264.0 257.9
5 236.0 264.5
5 358.0 332.6
4 158.0 151.3
3 96.0 83.2
5 274.0 235.9
3 110.0 68.8
5 94.0 109.5
4 178.0 196.7
2 30.0 104.3
3 246.0 174.7
5 298.0 339.6
4 130.0 129.0
3 88.0 57.0
5 260.0 252.3
4 66.0 70.7
4 276.0 328.1
2 26.0 27.4
2 144.0 86.7
4 160.0 175.6
2 210.0 303.8
3 54.0 56.2
3 292.0 354.4
3 0.0 352.5
5 216.0 220.4
3 248.0 259.3
4 200.0 178.5
5 150.0 148.3
4 8.0 1.6
5 188.0 168.4
5 206.0 192.8
2 70.0 107.9
5 94.0 61.6
3 2.0 357.7
2 328.0 338.2
4 250.0 251.9
4 114.0 128.7
4 276.0 286.6
2 26.0 13.6
3 190.0 187.3
4 196.0 227.7
5 140.0 129.4
2 286.0 213.7
2 108.0 69.1
5 342.0 333.5
5 40.0 90.5
5 322.0 323.7
4 342.0 6.0
2 68.0 98.0
3 236.0 244.1
5 12.0 12.9
4 90.0 93.3
3 46.0 54.7
3 26.0 16.8
2 178.0 356.1
2 48.0 52.3
5 118.0 103.1
2 60.0 85.8
4 280.0 310.6
4 166.0 216.7
2 326.0 359.9
4 132.0 131.2
5 84.0 83.4
4 326.0 326.0
5 136.0 130.5
3 82.0 95.6
2 10.0 351.5
4 344.0 309.1
4 24.0 18.7
3 138.0 125.2
4 136.0 149.3
5 238.0 240.4
4 164.0 189.6
4 22.0 22.3
4 308.0 257.8
5 166.0 163.9
5 78.0 66.7
3 112.0 77.4
2 84.0 307.2
4 306.0 262.0
5 190.0 202.5
4 316.0 312.6
3 220.0 218.1
5 350.0 322.2
2 66.0 124.7
2 70.0 31.9
2 202.0 207.4
3 60.0 50.9
3 50.0 68.2
5 242.0 266.4
3 164.0 176.7
3 150.0 148.8
3 212.0 189.7
5 24.0 33.4
2 232.0 220.1
3 214.0 175.5
2 158.0 170.4
3 340.0 257.0
3 96.0 86.1
5 286.0 317.5
3 314.0 245.5
5 148.0 149.3
4 146.0 155.1
5 24.0 25.8
3 178.0 163.2
3 344.0 298.7
4 174.0 175.9
4 4.0 344.0
3 98.0 110.1
3 322.0 351.9
5 8.0 3.3
2 204.0 64.5
4 100.0 55.7
3 152.0 148.2
4 210.0 169.3
3 270.0 228.3
2 88.0 147.6
5 66.0 33.7
5 282.0 258.0
5 304.0 311.6
3 36.0 50.7
4 242.0 197.3
2 264.0 301.7
5 332.0 340.2
3 76.0 80.9
3 236.0 250.0
3 190.0 238.4
5 106.0 87.2
3 84.0 80.1
3 194.0 173.2
2 188.0 282.6
4 326.0 289.3
5 162.0 159.6
5 34.0 47.5
3 64.0 77.4
4 130.0 104.0
4 208.0 237.6
2 302.0 145.0
5 248.0 257.9
4 156.0 166.2
2 88.0 166.7
2 66.0 178.3
4 60.0 81.7
5 186.0 193.5
2 282.0 332.1
2 64.0 12.8
2 166.0 259.0
4 164.0 158.0
4 354.0 358.8
2 320.0 325.2
4 324.0 277.6
3 306.0 319.5
3 24.0 24.7
3 294.0 306.5
2 24.0 342.8
4 86.0 34.3
5 222.0 247.7
4 154.0 157.9
2 68.0 330.0
2 166.0 118.0
3 54.0 80.7
4 140.0 136.3
2 348.0 244.8
2 300.0 43.1
2 238.0 4.2
4 32.0 46.5
3 226.0 220.0
4 20.0 18.7
2 358.0 254.5
3 192.0 207.0
5 124.0 115.7
3 216.0 248.7
3 200.0 208.2
2 134.0 88.6
2 58.0 69.5
4 50.0 58.3
3 48.0 72.3
2 310.0 215.0
3 288.0 285.8
2 140.0 36.8
4 324.0 271.1
2 10.0 327.1
3 92.0 63.9
4 338.0 313.1
5 18.0 18.6
3 286.0 320.0
5 38.0 52.6
5 140.0 136.6
5 346.0 359.8
4 308.0 318.0
2 330.0 305.5
4 112.0 75.8
3 232.0 327.5
3 54.0 43.3
4 228.0 35.5
2 156.0 246.2
5 236.0 200.5
4 70.0 62.6
4 192.0 226.2
4 242.0 227.6
3 34.0 73.6
4 178.0 225.0
5 170.0 166.3
2 220.0 286.6
2 118.0 17.2
3 202.0 207.6
3 142.0 143.9
2 206.0 307.1
4 158.0 152.6
4 232.0 208.7
2 98.0 64.9
5 208.0 213.3
2 138.0 90.6
5 304.0 331.0
5 118.0 114.1
2 60.0 66.1
3 250.0 200.2
2 154.0 170.5
3 222.0 223.5
5 316.0 311.2
5 36.0 69.4
5 296.0 330.5
2 4.0 327.0
4 190.0 199.6
3 208.0 209.5
4 302.0 289.4
2 256.0 88.6
3 188.0 233.3
4 2.0 348.2
5 142.0 150.0
3 8.0 12.3
4 346.0 328.2
3 280.0 232.3
4 76.0 51.1
4 128.0 122.6
5 258.0 220.6
2 208.0 280.4
3 48.0 323.7
3 80.0 48.2
2 114.0 69.2
2 88.0 91.7
3 296.0 321.8
3 44.0 88.9
3 256.0 213.9
2 50.0 78.3
4 290.0 251.7
5 216.0 227.4
4 118.0 96.0
5 222.0 179.7
2 26.0 334.7
2 212.0 190.3
2 210.0 24.4
5 344.0 347.7
4 304.0 286.8
5 72.0 86.3
3 64.0 26.2
4 302.0 266.0
3 324.0 350.8
3 60.0 107.3
5 204.0 202.0
5 252.0 226.9
4 308.0 344.1
5 234.0 198.9
4 264.0 267.3
2 82.0 86.5
5 232.0 214.7
4 6.0 3.5
3 352.0 344.5
2 324.0 355.4
2 128.0 139.4
5 140.0 154.9
5 56.0 92.8
4 58.0 34.1
4 324.0 263.9
3 246.0 211.4
3 328.0 307.0
2 98.0 82.6
3 70.0 94.2
4 78.0 66.3
3 218.0 244.7
2 148.0 248.6
3 180.0 208.0
4 332.0 274.0
3 40.0 54.3
2 2.0 222.9
5 282.0 216.8
5 94.0 90.9
4 132.0 142.3
5 298.0 245.6
2 248.0 354.1
3 318.0 21.9
3 222.0 204.1
4 306.0 333.8
3 288.0 317.7
3 286.0 233.1
4 204.0 249.1
5 6.0 351.8
4 2.0 347.7
4 304.0 265.7
3 274.0 294.3
4 98.0 89.1
2 190.0 215.6
3 112.0 68.2
3 162.0 209.6
3 348.0 276.3
4 310.0 111.2
2 98.0 68.3
3 24.0 76.2
4 308.0 253.5
3 322.0 305.8
4 174.0 171.7
2 160.0 187.6
4 38.0 81.3
5 132.0 144.6
3 356.0 298.8
3 116.0 95.6
3 132.0 138.2
3 230.0 178.3
5 356.0 109.5
3 200.0 279.9
3 350.0 282.9
5 124.0 126.7
4 314.0 343.8
5 180.0 180.8
5 348.0 326.8
3 208.0 272.5
5 164.0 160.8
4 350.0 326.1
3 242.0 208.6
4 262.0 219.6
5 142.0 127.3
2 324.0 346.0
3 2.0 346.6
2 110.0 75.3
5 218.0 208.8
2 10.0 31.9
5 34.0 99.6
4 288.0 281.2
3 198.0 230.5
3 294.0 327.4
3 354.0 337.1
4 82.0 103.0
5 226.0 216.5
3 62.0 84.3
3 194.0 271.5
3 174.0 191.5
3 84.0 52.6
3 324.0 252.2
3 252.0 270.5
2 312.0 274.5
5 306.0 320.8
4 262.0 243.8
4 146.0 145.4
2 46.0 31.2
3 212.0 331.3
4 164.0 166.8
2 224.0 202.7
3 74.0 116.4
5 124.0 110.1
4 198.0 270.0
2 232.0 213.6
3 82.0 72.3
5 60.0 38.6
3 16.0 16.2
4 50.0 91.3
5 70.0 86.4
4 272.0 314.8
5 38.0 80.2
2 30.0 122.1
3 284.0 297.4
3 214.0 270.8
2 238.0 245.1
2 290.0 296.0
3 214.0 273.2
2 178.0 124.9
4 152.0 147.4
2 212.0 83.7
2 80.0 10.9
5 56.0 32.8
4 94.0 165.7
4 190.0 188.2
2 148.0 199.7
3 184.0 175.1
5 180.0 193.7
4 66.0 71.2
4 358.0 350.1
4 268.0 265.1
4 322.0 288.2
4 182.0 191.6
4 254.0 207.4
5 214.0 196.3
5 74.0 37.5
4 174.0 195.3
2 202.0 25.1
4 336.0 333.8
3 30.0 62.5
3 342.0 351.0
2 92.0 114.2
5 266.0 284.5
4 310.0 315.1
2 6.0 352.0
2 270.0 194.4
2 88.0 85.1
2 286.0 227.5
2 170.0 78.4
3 22.0 24.2
2 278.0 320.0
2 276.0 258.5
2 134.0 96.6
4 26.0 35.5
2 128.0 164.5
5 198.0 190.0
4 242.0 215.7
3 82.0 93.6
4 262.0 252.7
4 66.0 124.8
5 318.0 306.0
3 78.0 46.5
5 88.0 57.0
5 324.0 330.8
4 96.0 29.4
5 162.0 264.3
5 80.0 102.9
2 282.0 291.5
3 190.0 231.6
2 322.0 200.3
4 268.0 242.2
5 176.0 175.8
2 36.0 63.7
3 102.0 86.5
4 18.0 1.4
2 146.0 284.0
4 268.0 226.2
3 286.0 306.0
4 78.0 79.4
5 80.0 81.3
5 320.0 359.9
2 30.0 68.9
5 278.0 274.8
5 350.0 330.2
2 92.0 93.1
4 254.0 260.3
2 226.0 250.1
4 318.0 319.7
5 68.0 69.2
4 158.0 143.3
4 290.0 285.5
2 76.0 61.7
2 274.0 206.6
2 300.0 237.5
4 344.0 345.3
4 104.0 90.0
2 142.0 77.3
2 28.0 62.9
4 108.0 90.7
3 332.0 352.3
5 132.0 129.3
3 326.0 312.7
2 138.0 94.5
3 40.0 49.0
5 326.0 297.4
3 150.0 154.2
3 48.0 85.9
5 34.0 55.8
3 322.0 306.9
3 242.0 156.1
2 64.0 112.7
5 16.0 21.3
4 16.0 26.5
4 302.0 300.4
3 136.0 117.9
5 118.0 110.8
4 266.0 132.8
3 264.0 290.2
5 304.0 309.4
2 40.0 103.4
5 114.0 111.4
3 170.0 181.9
4 180.0 197.6
4 40.0 35.3
5 340.0 338.0
3 180.0 172.7
4 172.0 162.2
3 198.0 206.9
3 256.0 204.4
2 306.0 277.5
5 224.0 247.1
5 290.0 316.9
4 186.0 230.0
3 180.0 259.9
2 328.0 241.8
2 170.0 215.3
2 172.0 201.3
3 138.0 106.5
3 202.0 211.9
5 86.0 82.2
5 234.0 221.1
2 208.0 296.5
2 242.0 209.5
5 100.0 60.0
4 304.0 328.3
2 118.0 129.3
2 142.0 141.9
4 112.0 112.6
3 328.0 286.5
4 46.0 63.2
2 292.0 305.5
2 56.0 74.4
4 260.0 232.1
5 120.0 89.3
3 102.0 70.2
5 188.0 317.1
3 142.0 136.7
5 262.0 239.9
5 40.0 54.7
4 112.0 89.1
2 40.0 137.4
2 26.0 252.5
2 36.0 251.2
2 88.0 346.1
2 238.0 257.1
5 288.0 286.7
3 58.0 121.8
3 300.0 272.1
4 138.0 157.2
2 252.0 301.4
4 252.0 209.2
2 78.0 51.7
2 50.0 121.2
2 114.0 122.2
5 14.0 20.5
3 68.0 97.4
2 242.0 329.7
3 332.0 348.6
5 254.0 239.6
5 48.0 63.5
2 180.0 264.6
2 108.0 210.8
2 222.0 108.4
3 6.0 340.2
2 18.0 333.6
2 50.0 127.6
3 122.0 91.4
3 184.0 203.1
5 208.0 256.6
3 24.0 29.4
3 188.0 260.3
5 258.0 135.4
3 12.0 13.5
5 80.0 91.4
5 50.0 63.3
3 324.0 300.0
3 82.0 91.4
3 62.0 98.2
2 74.0 73.5
5 56.0 50.7
3 212.0 226.6
5 302.0 323.7
3 330.0 324.0
3 212.0 271.5
5 158.0 161.5
3 354.0 358.3
3 162.0 220.2
2 18.0 33.5
4 216.0 271.0
2 74.0 71.0
2 178.0 214.0
4 174.0 166.7
4 316.0 312.3
2 112.0 151.3
3 152.0 154.2
2 312.0 343.7
3 76.0 39.4
2 30.0 7.0
2 100.0 52.4
4 80.0 97.6
3 214.0 209.2
5 136.0 136.3
2 92.0 136.0
4 352.0 324.0
4 26.0 44.4
2 114.0 146.7
4 100.0 82.6
3 40.0 94.5
2 254.0 336.4
4 240.0 284.9
5 174.0 190.6
4 356.0 326.4
4 102.0 47.8
4 150.0 151.2
4 166.0 216.5
4 224.0 158.6
4 220.0 211.1
2 164.0 114.8
5 76.0 91.1
4 102.0 87.1
4 74.0 63.2
5 16.0 9.1
4 270.0 304.3
2 220.0 240.2
5 214.0 326.8
5 350.0 321.0
5 250.0 220.5
3 72.0 66.8
4 208.0 219.5
4 238.0 268.3
2 358.0 18.6
5 332.0 326.0
2 86.0 94.4
3 330.0 239.7
5 276.0 272.7
4 42.0 66.9
5 316.0 324.2
4 80.0 44.2
2 64.0 108.3
3 186.0 189.4
5 34.0 53.9
4 56.0 21.6
5 308.0 331.9
2 344.0 20.2
4 274.0 339.3
3 64.0 30.8
2 232.0 200.5
4 334.0 305.2
5 112.0 110.2
3 264.0 292.4
5 96.0 91.9
3 122.0 108.6
4 28.0 31.3
5 328.0 303.3
4 300.0 329.0
5 302.0 98.7
2 62.0 47.0
4 120.0 124.7
2 188.0 355.6
3 144.0 153.8
3 346.0 333.1
4 320.0 338.9
2 208.0 149.3
3 316.0 281.7
4 36.0 49.0
3 108.0 25.5
4 212.0 212.2
3 170.0 175.0
4 80.0 73.8
2 98.0 10.6
4 104.0 148.1
4 194.0 226.3
2 336.0 75.6
5 214.0 225.9
4 202.0 226.2
2 10.0 339.0
3 100.0 97.6
3 164.0 194.0
4 68.0 115.7
2 248.0 330.2
3 352.0 339.0
3 244.0 198.6
3 262.0 264.9
4 258.0 262.6
2 152.0 271.1
5 184.0 190.7
5 346.0 326.0
5 28.0 52.0
4 250.0 258.9
5 156.0 143.8
4 178.0 259.3
2 320.0 185.7
5 148.0 153.0
4 98.0 93.1
4 226.0 191.0
3 346.0 305.6
3 354.0 291.8
5 310.0 283.2
2 44.0 115.1
2 116.0 104.3
4 204.0 184.5
2 24.0 161.5
3 326.0 278.1
5 262.0 242.9
3 196.0 210.8
2 340.0 304.9
5 56.0 50.8
5 18.0 13.5
3 134.0 142.6
2 198.0 3.4
2 256.0 259.3
3 258.0 249.8
4 356.0 324.5
4 258.0 227.2
3 142.0 141.6
2 304.0 314.1
5 48.0 82.0
5 26.0 19.5
5 312.0 310.8
4 304.0 312.0
4 78.0 65.3
4 88.0 58.6
3 124.0 84.6
4 356.0 338.5
4 230.0 282.3
5 268.0 280.0
5 234.0 239.3
4 336.0 301.4
2 124.0 93.6
5 282.0 230.3
3 338.0 216.5
4 134.0 141.1
2 22.0 25.9
4 260.0 270.0
4 272.0 238.1
2 58.0 102.0
3 278.0 309.1
4 42.0 76.8
2 148.0 129.6
5 354.0 347.3
4 98.0 85.5
3 82.0 90.7
2 10.0 321.2
3 286.0 284.8
2 60.0 330.5
5 348.0 329.9
5 320.0 355.8
2 50.0 287.1
2 320.0 317.9
3 344.0 319.8
3 184.0 191.3
5 188.0 212.4
3 226.0 284.4
2 98.0 22.7
4 140.0 139.6
5 50.0 49.7
5 130.0 128.8
4 70.0 48.6
2 190.0 202.2
2 94.0 114.8
4 324.0 267.4
5 340.0 336.9
4 234.0 257.2
2 90.0 307.5
4 90.0 67.3
3 340.0 267.4
4 192.0 256.3
2 280.0 302.5
2 40.0 25.7
5 272.0 265.6
5 354.0 1.7
5 338.0 339.1
4 234.0 207.0
4 208.0 244.5
2 332.0 245.2
2 100.0 63.4
3 108.0 94.8
5 86.0 54.8
4 264.0 223.5
5 346.0 349.9
3 12.0 7.8
4 250.0 259.9
4 214.0 211.7
4 278.0 257.2
4 320.0 336.6
3 42.0 42.5
2 208.0 295.7
2 242.0 344.2
3 242.0 331.0
2 300.0 97.3
4 134.0 132.4
4 146.0 159.0
4 118.0 101.0
2 72.0 61.5
4 280.0 243.6
2 166.0 146.0
3 240.0 229.7
2 248.0 284.4
2 214.0 226.5
5 242.0 238.5
5 268.0 238.8
5 164.0 173.2
5 44.0 44.9
3 130.0 95.6
4 254.0 219.1
2 234.0 152.9
4 112.0 82.5
4 334.0 325.2
4 236.0 203.7
2 68.0 152.8
2 36.0 73.4
3 130.0 125.3
4 142.0 221.0
3 68.0 91.8
3 174.0 98.9
5 266.0 265.9
3 236.0 210.9
5 324.0 329.4
4 242.0 321.2
4 206.0 201.3
5 134.0 121.5
4 250.0 230.1
3 114.0 81.7
2 52.0 65.1
2 210.0 270.0
5 122.0 115.4
2 174.0 32.8
2 18.0 36.7
2 346.0 352.7
4 306.0 308.5
4 170.0 155.0
4 146.0 148.3
2 96.0 85.4
2 144.0 66.6
4 320.0 327.5
4 124.0 79.3
4 92.0 117.7
5 158.0 147.4
3 250.0 184.2
5 208.0 249.9
4 210.0 241.0
4 64.0 35.0
4 94.0 50.6
3 296.0 320.5
5 78.0 103.6
4 248.0 272.8
2 156.0 5.9
3 210.0 250.3
2 16.0 38.5
5 336.0 308.5
5 282.0 297.1
5 330.0 334.3
3 104.0 83.8
2 26.0 318.2
2 322.0 287.4
4 22.0 25.7
3 324.0 309.6
2 68.0 72.3
3 248.0 219.9
2 48.0 103.5
3 178.0 319.0
2 234.0 237.9
4 72.0 65.0
5 344.0 336.3
4 312.0 284.2
4 226.0 214.6
4 336.0 326.8
5 74.0 212.9
3 128.0 102.6
5 342.0 327.6
3 180.0 215.9
3 272.0 222.4
3 96.0 94.2
5 216.0 215.8
5 170.0 210.4
3 230.0 228.7
2 86.0 109.8
4 186.0 200.6
4 78.0 118.3
5 308.0 280.9
5 146.0 138.5
3 250.0 239.0
5 320.0 310.2
2 322.0 356.1
5 64.0 86.9
3 22.0 11.9
3 158.0 141.8
3 222.0 230.4
4 352.0 337.3
5 350.0 11.4
4 128.0 131.4
2 330.0 198.6
5 288.0 296.9
4 324.0 323.5
4 68.0 125.0
3 118.0 41.4
4 300.0 294.2
3 98.0 62.8
4 78.0 39.1
4 284.0 328.1
2 22.0 348.8
2 252.0 248.5
3 256.0 260.3
5 154.0 149.9
4 314.0 306.9
4 346.0 331.0
3 156.0 156.0
2 42.0 31.9
4 234.0 238.0
4 118.0 111.9
2 124.0 105.1
5 192.0 228.3
3 236.0 199.5
3 28.0 55.5
2 328.0 294.0
2 172.0 224.7
4 248.0 254.2
2 260.0 318.6
2 80.0 86.9
4 326.0 332.6
4 210.0 220.5
4 208.0 222.7
5 120.0 98.1
5 212.0 218.5
3 276.0 232.7
2 160.0 228.7
5 90.0 87.7
5 40.0 65.9
2 332.0 280.5
5 154.0 163.7
3 210.0 164.7
5 88.0 105.2
5 194.0 182.4
3 190.0 154.1
5 320.0 314.1
4 34.0 35.0
3 20.0 32.6
2 82.0 100.5
2 222.0 280.5
3 198.0 220.8
4 78.0 58.4
5 192.0 210.9
3 210.0 221.5
2 140.0 164.9
2 32.0 123.6
3 80.0 71.7
5 134.0 132.8
5 38.0 266.3
3 324.0 298.7
5 318.0 290.4
4 98.0 99.2
5 320.0 337.8
5 106.0 153.1
3 50.0 40.6
2 298.0 262.0
4 8.0 0.8
5 220.0 198.9
5 288.0 306.5
4 16.0 14.2
2 288.0 6.0
4 220.0 251.1
5 60.0 57.0
4 160.0 164.5
5 270.0 204.5
4 128.0 87.5
3 94.0 87.9
4 308.0 304.4
3 108.0 94.2
3 72.0 86.7
5 232.0 233.2
5 98.0 94.7
4 240.0 211.8
4 304.0 263.9
5 326.0 339.8
2 174.0 166.5
4 224.0 234.3
3 348.0 312.1
5 180.0 198.1
3 230.0 196.1
5 46.0 70.6
4 56.0 119.4
5 288.0 284.6
3 250.0 231.6
5 294.0 283.1
2 280.0 158.4
4 352.0 307.4
3 282.0 311.7
5 108.0 103.4
2 328.0 253.3
5 186.0 222.6
2 30.0 85.6
4 270.0 251.6
3 316.0 357.0
5 156.0 166.4
2 140.0 134.1
4 262.0 282.9
5 94.0 92.3
2 194.0 134.8
5 54.0 67.4
4 206.0 256.6
2 56.0 92.7
4 182.0 186.3
3 232.0 206.8
5 264.0 259.7
3 342.0 322.5
2 254.0 1.9
4 250.0 218.6
5 104.0 69.4
5 310.0 330.2
2 306.0 288.5
2 16.0 4.0
2 288.0 307.1
2 350.0 274.8
2 250.0 334.7
3 332.0 305.2
5 324.0 291.3
2 122.0 122.4
5 112.0 75.2
5 88.0 91.5
3 22.0 52.8
3 24.0 36.5
5 308.0 303.0
2 12.0 100.8
3 318.0 293.1
5 314.0 330.5
4 332.0 324.3
4 326.0 318.5
2 326.0 306.8
4 126.0 123.7
5 270.0 257.4
2 138.0 186.7
2 196.0 152.9
5 278.0 266.7
3 214.0 201.5
3 300.0 8.4
2 38.0 119.1
3 18.0 19.5
2 268.0 185.5
2 242.0 317.6
3 216.0 253.8
5 352.0 0.6
2 238.0 239.4
5 120.0 105.4
3 358.0 340.1
4 230.0 265.4
4 96.0 79.9
5 108.0 96.8
4 196.0 197.0
2 262.0 247.7
3 168.0 199.5
3 264.0 265.8
5 358.0 359.2
3 340.0 308.7
3 8.0 340.5
4 262.0 271.1
2 32.0 5.3
5 98.0 80.9
2 166.0 202.0
5 102.0 90.4
5 182.0 209.1
5 6.0 11.3
3 352.0 312.1
2 160.0 97.1
2 88.0 34.9
3 354.0 351.3
3 304.0 337.9
3 268.0 280.0
3 74.0 100.2
2 160.0 182.0
4 256.0 246.3
2 32.0 94.7
3 12.0 17.2
3 56.0 85.6
2 268.0 295.6
2 102.0 77.3
3 32.0 29.5
2 156.0 236.0
4 274.0 285.7
2 76.0 124.4
3 256.0 210.5
4 320.0 282.2
3 176.0 233.2
5 58.0 68.1
5 118.0 115.8
2 114.0 105.9
4 280.0 302.2
5 26.0 51.0
3 196.0 189.3
5 136.0 147.4
3 182.0 211.8
3 10.0 344.1
4 234.0 287.0
4 58.0 113.2
2 106.0 124.4
2 290.0 273.4
2 14.0 55.1
5 266.0 263.7
2 128.0 104.2
4 8.0 0.4
5 266.0 285.7
5 358.0 348.5
3 158.0 158.2
2 130.0 122.7
5 134.0 125.8
4 14.0 10.0
5 132.0 133.5
2 46.0 40.7
2 90.0 147.4
3 24.0 58.5
3 90.0 44.7
2 296.0 286.3
5 8.0 0.4
2 254.0 204.6
2 106.0 237.2
4 328.0 358.7
5 248.0 230.6
3 258.0 237.9
5 244.0 201.5
4 352.0 353.4
5 286.0 301.4
3 242.0 273.0
3 210.0 181.2
3 120.0 80.4
5 346.0 340.4
5 270.0 301.2
2 254.0 270.8
3 174.0 215.5
4 292.0 293.5
5 70.0 98.6
5 344.0 319.7
2 252.0 307.0
4 54.0 72.6
2 300.0 349.1
5 50.0 57.5
2 154.0 199.8
5 268.0 241.4
2 228.0 115.0
3 62.0 69.2
2 306.0 309.5
2 108.0 90.6
2 118.0 287.3
4 334.0 86.2
4 170.0 169.3
2 292.0 44.9
5 188.0 224.2
5 222.0 202.6
2 318.0 280.7
2 112.0 67.2
4 176.0 190.6
5 258.0 279.8
3 296.0 327.1
5 224.0 211.4
3 246.0 199.6
5 222.0 204.2
5 16.0 20.4
5 74.0 95.3
4 110.0 65.2
5 210.0 238.4
4 28.0 46.3
5 218.0 282.5
4 32.0 28.1
4 242.0 214.8
5 78.0 95.8
4 130.0 139.9
4 328.0 337.2
5 252.0 261.3
4 282.0 268.1
4 200.0 210.1
4 42.0 71.5
5 180.0 178.8
3 160.0 165.7
4 26.0 21.5
5 322.0 283.5
2 140.0 162.1
3 214.0 223.1
4 256.0 262.8
5 154.0 167.1
3 110.0 46.5
3 78.0 83.4
5 214.0 231.2
3 2.0 344.7
4 170.0 171.5
2 280.0 295.9
2 186.0 349.5
3 180.0 243.7
3 216.0 265.9
4 36.0 65.2
2 216.0 39.1
5 316.0 315.5
2 306.0 245.7
5 332.0 332.9
2 116.0 79.1
4 336.0 353.7
2 266.0 254.3
5 146.0 144.4
3 118.0 96.6
4 320.0 358.9
2 308.0 282.0
4 290.0 332.5
5 230.0 223.9
4 242.0 221.5
4 336.0 328.6
3 272.0 335.5
4 50.0 105.6
4 10.0 5.6
5 164.0 209.9
3 314.0 298.0
2 346.0 85.7
4 246.0 241.2
4 152.0 150.3
4 114.0 127.7
4 280.0 227.8
4 236.0 249.6
4 260.0 230.1
4 206.0 237.7
5 268.0 324.4
4 62.0 83.9
3 230.0 218.5
4 240.0 297.9
2 210.0 218.8
5 358.0 356.4
2 334.0 286.6
4 176.0 210.2
2 38.0 41.7
2 306.0 11.2
4 250.0 226.9
5 236.0 227.0
5 70.0 100.7
2 178.0 120.2
4 226.0 250.9
5 330.0 324.9
3 164.0 172.7
2 120.0 135.8
3 56.0 67.9
5 322.0 328.1
2 260.0 312.9
2 320.0 257.4
4 254.0 237.0
2 250.0 298.2
2 156.0 80.3
2 74.0 352.9
5 28.0 27.7
4 144.0 159.8
3 248.0 343.5
2 304.0 305.6
3 174.0 210.8
5 202.0 212.8
3 202.0 184.5
2 64.0 43.8
4 358.0 2.4
2 304.0 260.1
5 248.0 212.6
2 322.0 192.5
5 200.0 223.8
2 26.0 104.2
4 212.0 195.7
4 166.0 184.8
4 6.0 345.2
4 356.0 352.5
5 56.0 99.1
4 104.0 90.5
2 272.0 287.9
5 234.0 235.3
4 276.0 258.9
5 104.0 80.7
2 256.0 136.8
2 70.0 356.8
4 308.0 302.9
2 16.0 29.0
3 218.0 252.6
2 74.0 125.2
3 236.0 264.4
2 58.0 130.5
2 160.0 226.3
3 258.0 201.2
5 276.0 332.4
5 354.0 353.8
4 176.0 170.3
4 134.0 123.6
5 164.0 170.4
5 88.0 90.2
5 24.0 39.9
2 214.0 265.8
5 14.0 13.9
5 244.0 245.7
4 86.0 121.6
2 312.0 240.3
4 212.0 226.9
4 206.0 256.4
4 50.0 88.7
2 264.0 254.7
3 10.0 16.5
3 166.0 164.0
5 214.0 195.1
5 8.0 15.0
3 214.0 44.8
5 102.0 75.8
2 2.0 281.2
3 64.0 85.6
4 300.0 342.6
4 8.0 6.7
4 332.0 339.9
5 130.0 123.9
4 20.0 18.6
5 184.0 202.9
5 194.0 238.0
5 122.0 104.0
2 346.0 290.9
4 212.0 187.8
4 230.0 238.9
3 310.0 300.7
5 38.0 43.5
2 202.0 244.9
5 40.0 69.2
2 28.0 65.3
2 158.0 136.4
4 350.0 2.9
3 190.0 194.8
5 74.0 49.1
2 144.0 93.0
2 176.0 337.3
5 114.0 90.6
2 328.0 0.4
5 282.0 267.9
5 256.0 292.3
2 244.0 199.8
5 38.0 64.9
4 90.0 87.0
3 230.0 247.2
5 198.0 203.5
2 214.0 269.2
3 194.0 208.2
2 36.0 116.0
2 22.0 67.4
2 344.0 347.0
2 176.0 242.4
4 92.0 60.7
5 126.0 123.9
3 306.0 300.5
5 118.0 114.2
3 28.0 49.4
2 172.0 197.6
3 64.0 92.6
5 282.0 278.2
2 56.0 66.2
2 188.0 159.3
2 278.0 215.2
4 304.0 346.6
4 296.0 305.3
5 154.0 171.3
4 276.0 0.5
5 282.0 319.4
5 262.0 252.7
5 70.0 78.7
2 144.0 135.0
5 28.0 29.0
2 336.0 41.5
2 92.0 264.9
3 342.0 331.2
3 300.0 267.3
4 220.0 268.2
5 274.0 218.8
2 322.0 266.4
5 264.0 269.6
2 92.0 91.2
2 56.0 56.5
5 42.0 79.4
3 356.0 319.4
5 98.0 94.6
5 174.0 229.1
3 164.0 179.7
2 230.0 181.3
3 138.0 162.4
2 100.0 131.2
4 314.0 319.8
3 34.0 62.9
3 24.0 14.7
4 240.0 295.1
3 128.0 101.9
2 356.0 291.0
3 94.0 52.3
2 302.0 186.6
3 250.0 250.2
3 26.0 18.1
3 352.0 289.9
4 142.0 151.9
2 312.0 237.7
3 352.0 312.9
4 100.0 102.4
2 258.0 312.4
3 14.0 342.3
4 208.0 222.5
2 94.0 94.3
3 30.0 111.8
2 172.0 97.5
3 172.0 160.7
5 256.0 251.1
3 260.0 311.2
3 312.0 264.0
3 140.0 122.5
5 20.0 31.0
4 78.0 110.6
5 154.0 157.3
4 106.0 92.0
3 96.0 86.2
5 352.0 329.1
5 52.0 31.1
4 254.0 235.2
2 82.0 158.3
3 16.0 15.8
4 170.0 188.4
3 276.0 240.7
4 330.0 335.0
3 236.0 284.5
4 148.0 145.7
3 70.0 44.1
5 174.0 169.6
4 56.0 76.1
5 346.0 321.4
3 312.0 236.1
3 68.0 120.2
5 214.0 233.7
5 256.0 218.7
3 78.0 86.2
3 130.0 139.4
2 354.0 340.6
5 330.0 344.1
2 128.0 110.7
3 162.0 153.3
4 270.0 248.2
3 254.0 251.8
3 238.0 201.7
5 232.0 250.9
2 192.0 202.5
4 46.0 54.1
5 306.0 321.7
3 284.0 284.9
5 76.0 77.5
5 272.0 241.3
3 298.0 259.0
5 336.0 336.8
2 24.0 350.8
2 88.0 73.1
5 164.0 165.2
3 248.0 257.8
2 170.0 178.3
5 322.0 317.1
2 236.0 334.4
2 268.0 12.1
4 240.0 253.9
2 222.0 339.7
2 130.0 75.7
5 118.0 108.0
4 136.0 103.7
4 192.0 217.1
2 54.0 163.1
2 4.0 132.8
2 242.0 288.3
2 342.0 351.3
5 144.0 128.8
4 246.0 253.5
2 220.0 196.6
3 14.0 0.4
3 40.0 87.1
4 310.0 306.1
2 64.0 119.8
4 58.0 81.0
2 170.0 309.8
3 208.0 259.3
4 346.0 334.1
4 250.0 200.5
5 42.0 86.3
4 298.0 259.2
5 196.0 272.3
2 62.0 65.9
4 268.0 269.3
4 276.0 265.2
5 224.0 254.6
2 348.0 218.8
4 300.0 340.4
4 202.0 163.8
2 154.0 142.6
4 234.0 293.9
5 4.0 0.5
4 326.0 302.9
5 274.0 301.7
3 174.0 179.8
4 106.0 97.7
2 310.0 231.5
2 174.0 86.0
4 240.0 33.7
2 94.0 47.9
3 354.0 330.2
4 150.0 158.3
5 292.0 351.9
2 320.0 349.0
5 4.0 348.9
2 18.0 337.4
4 80.0 78.2
2 186.0 191.2
2 38.0 88.9
2 60.0 125.9
4 160.0 155.0
4 72.0 88.8
5 66.0 40.8
4 36.0 86.3
2 14.0 70.0
2 270.0 169.1
5 146.0 150.2
3 352.0 9.1
3 276.0 342.9
3 28.0 55.7
2 112.0 32.0
4 30.0 67.2
3 334.0 295.3
3 242.0 262.9
3 8.0 358.6
2 136.0 181.0
5 102.0 110.2
2 144.0 152.1
5 238.0 201.2
4 18.0 5.4
3 298.0 284.2
5 80.0 256.8
4 62.0 79.7
2 334.0 332.6
4 70.0 70.2
3 58.0 75.1
5 314.0 355.4
3 178.0 1.6
4 24.0 55.5
2 176.0 219.9
3 94.0 140.7
3 198.0 243.9
3 54.0 62.1
2 294.0 5.7
4 22.0 20.2
4 16.0 354.6
5 82.0 82.1
5 76.0 109.4
5 98.0 76.7
3 240.0 174.4
4 124.0 135.7
2 260.0 309.4
4 236.0 249.3
2 288.0 82.9
5 258.0 237.6
2 6.0 24.5
2 324.0 22.3
4 204.0 290.1
5 308.0 291.5
5 10.0 17.3
3 278.0 317.3
4 182.0 213.3
4 80.0 92.4
3 262.0 245.8
2 150.0 211.9
2 316.0 277.2
3 256.0 269.6
2 276.0 320.1
2 332.0 221.1
5 294.0 260.5
4 226.0 271.3
3 78.0 73.6
3 344.0 342.2
4 250.0 299.0
4 284.0 321.4
5 166.0 165.0
4 202.0 213.1
4 186.0 219.7
2 4.0 198.3
3 58.0 108.7
2 14.0 35.0
2 72.0 103.6
2 4.0 290.3
2 106.0 103.4
3 132.0 120.3
5 356.0 323.5
2 346.0 275.7
5 38.0 35.0
4 72.0 77.3
4 192.0 221.9
5 272.0 262.0
4 0.0 3.5
2 234.0 257.3
3 298.0 359.0
2 76.0 18.4
4 212.0 243.5
4 242.0 259.7
4 246.0 267.8
3 174.0 202.1
5 346.0 323.7
3 336.0 286.8
3 62.0 51.2
5 318.0 336.0
5 82.0 85.2
3 186.0 253.6
5 288.0 309.0
5 62.0 72.4
5 4.0 359.3
2 122.0 84.6
2 284.0 333.2
2 228.0 44.8
3 226.0 190.6
3 152.0 146.0
4 346.0 336.7
5 6.0 357.3
4 294.0 332.0
5 34.0 34.4
4 354.0 273.8
3 290.0 308.9
2 126.0 129.3
4 58.0 31.8
5 78.0 64.6
4 76.0 114.7
2 162.0 153.7
2 248.0 179.6
5 346.0 300.6
5 204.0 246.7
4 8.0 17.7
3 348.0 351.2
4 170.0 168.8
5 180.0 170.0
2 318.0 284.2
2 312.0 26.6
2 344.0 153.5
4 166.0 153.0
4 204.0 222.9
3 356.0 9.9
2 142.0 6.6
3 294.0 338.9
5 200.0 225.6
2 32.0 86.1
2 80.0 104.8
4 18.0 14.7
5 28.0 59.6
2 150.0 182.1
4 68.0 123.0
4 292.0 278.5
5 104.0 113.3
4 104.0 51.2
4 56.0 87.3
2 98.0 146.3
4 64.0 96.2
4 280.0 337.3
2 344.0 238.0
3 354.0 355.6
4 208.0 262.3
2 272.0 243.9
2 232.0 263.7
5 172.0 165.7
2 308.0 320.8
4 244.0 230.4
3 278.0 241.9
3 132.0 104.8
2 322.0 322.1
3 324.0 316.4
5 274.0 248.9
5 318.0 330.4
3 50.0 82.3
4 342.0 279.9
4 324.0 341.2
5 152.0 141.8
5 352.0 321.0
5 152.0 151.4
4 304.0 250.5
3 104.0 85.4
2 214.0 191.4
2 112.0 34.1
3 182.0 221.3
3 224.0 265.1
5 296.0 297.9
3 322.0 353.3
3 200.0 238.3
4 320.0 276.3
4 284.0 298.2
5 90.0 63.0
2 262.0 243.5
3 246.0 308.5
3 164.0 175.3
3 114.0 95.3
3 188.0 199.6
3 326.0 257.2
3 314.0 280.1
2 348.0 346.9
3 196.0 179.6
5 264.0 290.4
2 230.0 307.6
2 42.0 81.3
5 64.0 98.8
3 320.0 306.6
3 38.0 84.5
5 164.0 166.5
5 16.0 8.7
4 300.0 341.4
2 286.0 277.5
5 274.0 242.1
2 304.0 296.3
5 278.0 274.5
4 22.0 24.2
3 244.0 181.0
3 266.0 204.9
2 4.0 306.1
3 206.0 202.9
3 198.0 219.1
5 34.0 70.1
4 194.0 205.4
4 40.0 34.6
4 62.0 52.3
2 108.0 96.7
5 328.0 303.1
4 172.0 185.9
5 64.0 75.4
4 62.0 107.3
2 308.0 345.6
4 76.0 113.4
2 328.0 137.7
4 128.0 29.4
3 344.0 309.2
3 346.0 303.5
2 230.0 125.3
2 234.0 161.9
4 74.0 112.3
3 164.0 174.5
3 214.0 263.8
5 126.0 154.5
4 192.0 168.4
5 306.0 296.4
3 260.0 95.8
2 20.0 193.1
3 258.0 242.4
2 200.0 1.6
5 76.0 38.9
3 172.0 190.0
4 10.0 11.0
5 86.0 74.2
3 264.0 286.2
5 220.0 247.2
4 134.0 150.3
4 292.0 330.1
2 106.0 104.7
4 236.0 223.2
2 224.0 327.7
3 72.0 35.5
4 260.0 277.8
5 34.0 38.3
5 266.0 281.4
4 228.0 207.9
5 308.0 321.7
4 336.0 308.6
5 122.0 114.6
3 176.0 219.4
3 96.0 51.0
5 174.0 195.6
3 330.0 325.1
2 158.0 50.0
4 276.0 304.1
2 38.0 90.7
2 16.0 47.8
5 116.0 77.1
3 194.0 193.4
5 334.0 333.3
4 52.0 67.8
4 246.0 244.7
3 98.0 53.3
3 188.0 221.1
2 86.0 147.3
3 110.0 135.8
4 106.0 55.9
2 158.0 237.2
5 38.0 29.3
4 154.0 162.7
3 26.0 11.5
4 64.0 82.6
4 52.0 57.7
5 268.0 233.8
5 204.0 208.4
4 168.0 160.7
4 234.0 219.0
4 114.0 107.3
3 146.0 166.5
5 158.0 159.6
3 296.0 272.9
5 2.0 10.2
3 106.0 67.9
2 6.0 260.8
3 214.0 225.2
3 264.0 264.0
4 38.0 69.0
4 208.0 260.2
4 14.0 5.9
5 170.0 325.4
5 44.0 85.6
5 14.0 9.3
5 242.0 202.6
5 2.0 358.8
3 158.0 269.2
5 320.0 301.9
5 322.0 293.1
2 230.0 304.4
2 232.0 280.0
2 40.0 101.7
5 132.0 134.5
5 156.0 163.0
5 36.0 94.4
4 52.0 87.8
3 20.0 10.2
3 116.0 102.6
5 322.0 340.2
3 206.0 193.0
5 68.0 129.0
5 52.0 55.2
5 282.0 281.2
2 6.0 86.5
5 354.0 331.4
5 258.0 237.0
5 342.0 300.0
4 154.0 164.8
5 270.0 256.6
3 120.0 101.6
3 256.0 222.7
4 358.0 338.9
5 194.0 179.1
2 96.0 108.2
3 278.0 226.0
2 172.0 221.1
3 288.0 283.5
2 178.0 97.1
2 74.0 116.7
2 292.0 252.2
4 4.0 348.8
4 214.0 248.1
5 168.0 171.1
3 30.0 53.6
5 52.0 55.0
2 28.0 183.6
5 114.0 105.0
3 124.0 95.8
3 154.0 144.4
5 148.0 153.4
2 350.0 295.2
2 330.0 297.2
5 28.0 25.6
5 110.0 71.0
4 6.0 9.1
3 330.0 332.2
3 232.0 224.3
3 8.0 323.4
2 34.0 36.6
4 8.0 10.2
3 224.0 187.8
5 112.0 81.3
3 192.0 346.9
4 230.0 266.8
2 86.0 8.8
4 136.0 136.9
5 32.0 72.8
4 248.0 261.2
2 312.0 270.6
2 24.0 27.6
5 78.0 108.9
3 234.0 250.1
3 32.0 51.5
2 280.0 297.9
4 202.0 189.8
2 356.0 295.4
5 302.0 299.5
3 88.0 75.4
2 96.0 45.9
3 296.0 267.4
2 204.0 72.5
3 44.0 75.7
2 104.0 106.7
4 30.0 36.7
3 350.0 315.2
4 16.0 14.0
4 246.0 223.8
2 348.0 20.2
4 310.0 325.6
5 4.0 355.6
4 296.0 313.8
5 314.0 307.8
4 168.0 171.7
3 320.0 305.0
5 74.0 71.6
2 310.0 280.3
2 12.0 65.7
5 322.0 321.6
5 250.0 262.9
5 260.0 261.8
4 246.0 230.3
3 162.0 153.2
4 96.0 108.1
4 170.0 198.7
5 212.0 202.3
3 194.0 276.2
3 194.0 76.4
4 68.0 77.3
5 160.0 165.7
3 50.0 87.8
2 344.0 12.4
3 342.0 319.8
2 294.0 315.5
4 246.0 175.2
3 90.0 81.8
2 236.0 204.7
2 66.0 21.6
3 38.0 23.1
2 124.0 97.0
5 174.0 192.0
2 260.0 209.1
4 36.0 69.6
5 42.0 52.9
2 76.0 22.6
4 308.0 260.9
4 196.0 233.6
4 274.0 229.4
4 304.0 286.0
2 240.0 3.0
2 130.0 140.0
5 270.0 245.2
3 300.0 313.6
2 190.0 2.8
5 296.0 281.1
2 110.0 109.6
5 42.0 28.1
5 92.0 81.9
5 204.0 255.2
4 58.0 64.9
4 298.0 296.4
3 130.0 140.6
3 76.0 84.3
3 246.0 266.1
2 74.0 96.0
4 286.0 333.2
5 276.0 279.5
4 116.0 90.3
3 178.0 187.3
5 16.0 17.6
3 110.0 72.9
4 186.0 207.3
4 182.0 195.3
2 310.0 111.0
2 310.0 278.5
3 140.0 135.8
3 16.0 9.0
3 8.0 359.9
5 262.0 234.9
5 6.0 4.2
3 6.0 3.7
3 114.0 98.8
5 200.0 173.1
2 282.0 218.6
5 280.0 325.2
2 264.0 87.2
4 146.0 153.4
2 210.0 127.2
3 140.0 139.3
3 64.0 49.6
3 352.0 14.6
3 112.0 120.0
4 134.0 146.9
5 52.0 39.0
2 4.0 34.7
2 230.0 298.5
5 178.0 171.9
2 2.0 325.9
5 72.0 83.5
3 284.0 295.0
5 162.0 156.1
3 138.0 135.3
2 126.0 109.8
2 34.0 332.9
5 4.0 5.4
3 316.0 329.5
2 284.0 345.2
3 180.0 188.4
5 88.0 112.4
3 276.0 317.9
4 198.0 215.9
4 74.0 70.3
5 186.0 240.7
3 162.0 152.4
2 338.0 161.6
2 106.0 134.0
3 284.0 268.2
2 262.0 220.8
5 338.0 322.7
4 58.0 101.2
2 262.0 161.6
3 224.0 175.9
4 320.0 325.4
4 0.0 313.0
3 266.0 246.1
4 296.0 294.7
4 196.0 317.2
5 172.0 193.8
3 122.0 104.0
5 152.0 148.1
3 348.0 353.9
2 36.0 97.5
2 274.0 331.3
3 98.0 78.7
5 46.0 35.0
2 32.0 76.6
3 114.0 69.1
4 338.0 337.0
3 22.0 26.2
2 126.0 67.1
2 58.0 72.2
4 208.0 184.2
3 28.0 35.9
5 214.0 217.9
2 356.0 356.3
5 32.0 35.8
2 28.0 127.2
5 4.0 360.0
3 306.0 311.7
2 220.0 260.5
3 102.0 51.9
2 196.0 248.1
4 276.0 237.6
5 122.0 129.6
2 14.0 142.1
4 220.0 234.1
5 358.0 359.3
4 358.0 338.0
2 128.0 302.3
2 320.0 206.2
4 180.0 259.3
2 226.0 301.8
4 34.0 74.8
3 240.0 262.5
2 36.0 46.3
3 308.0 323.6
2 100.0 83.8
5 192.0 184.2
3 0.0 324.4
2 350.0 159.1
2 128.0 27.7
2 192.0 142.8
3 274.0 324.1
3 358.0 291.0
2 200.0 41.0
2 148.0 219.0
4 94.0 90.2
4 282.0 268.4
2 184.0 180.5
5 254.0 265.0
2 276.0 111.6
4 74.0 82.6
2 140.0 141.0
2 144.0 124.9
5 354.0 88.6
5 86.0 177.7
2 184.0 307.5
5 10.0 6.4
4 144.0 149.4
5 14.0 17.7
3 298.0 352.9
4 120.0 130.0
5 344.0 350.2
4 152.0 150.7
3 204.0 216.2
2 172.0 191.2
4 80.0 157.1
5 226.0 230.6
5 116.0 77.2
5 42.0 66.8
2 102.0 93.0
4 310.0 259.8
5 318.0 307.0
5 116.0 220.3
5 168.0 162.9
4 66.0 104.8
4 352.0 271.1
5 336.0 331.9
2 12.0 325.0
2 346.0 238.4
3 306.0 307.1
5 64.0 78.2
3 178.0 184.0
4 158.0 157.5
2 262.0 356.2
4 84.0 96.0
4 162.0 196.3
3 12.0 344.7
4 24.0 24.3
5 286.0 318.4
3 292.0 263.2
2 254.0 339.5
4 222.0 217.8
5 146.0 250.5
3 252.0 260.4
3 278.0 256.4
2 146.0 168.3
2 322.0 214.5
4 60.0 85.8
4 298.0 260.8
4 250.0 266.7
4 82.0 110.4
3 40.0 86.3
3 164.0 189.5
4 68.0 105.0
4 344.0 356.3
3 178.0 150.6
3 218.0 204.6
3 150.0 165.3
3 50.0 48.6
2 36.0 63.0
3 226.0 250.8
2 148.0 208.0
5 52.0 77.1
5 358.0 333.6
3 116.0 129.4
4 292.0 248.2
5 270.0 217.7
5 228.0 254.2
3 254.0 188.5
4 4.0 349.8
3 188.0 254.3
5 310.0 307.5
2 346.0 96.4
3 222.0 233.8
2 146.0 185.3
4 94.0 97.5
2 138.0 159.8
5 234.0 246.4
5 310.0 359.9
2 336.0 304.7
2 150.0 150.2
2 158.0 269.8
5 58.0 84.1
5 156.0 161.9
4 320.0 355.7
5 218.0 244.1
2 228.0 253.6
5 278.0 338.5
3 156.0 163.5
3 156.0 156.1
2 258.0 340.3
3 70.0 98.4
5 246.0 226.6
4 40.0 33.4
5 20.0 21.4
4 238.0 211.5
4 228.0 247.1
2 350.0 10.9
2 154.0 207.0
4 340.0 241.7
2 42.0 99.2
5 170.0 166.9
4 20.0 27.5
5 194.0 218.9
3 82.0 72.6
2 48.0 137.7
3 336.0 305.1
4 126.0 126.4
2 186.0 130.3
5 36.0 65.8
3 98.0 100.9
4 280.0 290.0
3 356.0 299.3
4 108.0 106.7
3 108.0 120.5
2 70.0 110.6
2 46.0 115.0
5 208.0 195.7
3 28.0 63.8
4 46.0 59.2
3 274.0 358.7
3 104.0 75.6
4 256.0 308.9
2 338.0 288.7
3 344.0 334.0
3 16.0 11.6
4 144.0 152.6
5 170.0 179.4
2 6.0 40.9
5 104.0 104.4
5 272.0 245.7
4 20.0 22.0
3 264.0 269.1
5 284.0 269.4
2 24.0 347.6
2 10.0 13.2
3 138.0 114.7
4 28.0 30.2
2 284.0 307.3
2 86.0 11.0
2 160.0 71.3
3 218.0 241.4
4 132.0 117.6
3 340.0 338.5
2 60.0 147.8
5 156.0 159.6
4 36.0 69.6
5 224.0 207.9
4 296.0 269.2
4 166.0 25.5
4 112.0 119.3
4 18.0 16.1
5 354.0 359.4
4 88.0 118.8
3 52.0 99.1
2 210.0 133.1
4 172.0 192.8
3 354.0 313.1
5 280.0 297.3
3 56.0 123.4
5 8.0 348.0
5 284.0 273.0
4 204.0 192.2
2 32.0 35.5
5 130.0 132.8
4 84.0 74.6
4 328.0 338.9
5 132.0 134.8
3 314.0 296.4
3 24.0 42.3
3 238.0 233.1
5 352.0 346.5
3 230.0 245.5
5 216.0 230.6
4 76.0 71.3
4 48.0 61.2
4 136.0 118.9
3 64.0 68.3
4 234.0 215.5
2 264.0 258.4
2 242.0 341.4
4 72.0 82.5
5 144.0 130.3
5 308.0 311.5
2 254.0 240.9
3 56.0 43.0
4 170.0 184.3
4 50.0 49.7
3 58.0 58.8
5 340.0 338.6
4 218.0 199.3
4 84.0 89.1
3 74.0 29.3
4 352.0 4.6
3 86.0 47.4
3 18.0 38.4
5 312.0 310.1
2 134.0 221.0
5 108.0 80.5
5 4.0 4.3
3 204.0 266.1
5 150.0 153.4
3 134.0 175.7
3 132.0 111.6
2 192.0 150.3
4 194.0 104.4
5 346.0 335.7
2 192.0 199.9
4 154.0 156.4
5 174.0 184.7
3 6.0 6.8
4 222.0 250.7
5 326.0 261.9
2 210.0 204.0
4 286.0 278.6
5 50.0 109.2
2 230.0 287.7
4 216.0 229.1
3 228.0 212.9
3 284.0 250.6
4 264.0 272.4
2 238.0 68.4
2 234.0 229.2
4 230.0 229.5
2 304.0 319.8
5 146.0 158.9
5 162.0 168.6
5 186.0 173.3
4 228.0 279.7
5 62.0 123.4
3 160.0 185.9
2 164.0 186.0
3 160.0 184.2
4 212.0 277.3
2 280.0 1.8
4 124.0 102.6
2 296.0 305.6
4 100.0 84.2
4 292.0 323.0
2 186.0 195.5
3 8.0 338.9
3 204.0 219.2
4 162.0 187.9
2 244.0 257.8
4 68.0 69.3
4 140.0 133.9
5 128.0 129.4
5 80.0 78.8
4 302.0 335.7
4 16.0 11.3
5 256.0 267.2
5 74.0 61.1
5 60.0 85.2
2 0.0 321.9
4 150.0 156.5
2 248.0 184.7
5 172.0 188.2
2 210.0 210.8
5 338.0 359.6
4 270.0 258.1
3 40.0 309.1
3 152.0 169.5
3 232.0 295.6
4 276.0 243.2
2 302.0 321.6
5 116.0 98.9
3 144.0 156.2
5 154.0 150.9
4 142.0 137.2
5 66.0 84.9
4 88.0 93.1
4 180.0 185.4
2 358.0 262.9
4 278.0 288.0
4 216.0 249.5
3 258.0 188.0
2 278.0 40.7
5 328.0 324.5
3 232.0 296.5
3 208.0 270.4
3 86.0 61.3
5 300.0 199.2
3 178.0 253.5
5 236.0 278.7
4 210.0 180.9
5 182.0 284.0
4 338.0 33.3
2 244.0 50.0
3 312.0 353.5
5 164.0 164.8
4 342.0 318.8
2 296.0 292.4
3 276.0 311.3
2 344.0 237.1
5 90.0 67.0
4 42.0 84.8
5 92.0 74.9
4 24.0 49.0
2 134.0 175.7
2 148.0 219.7
5 56.0 36.7
5 184.0 193.7
4 220.0 239.3
2 92.0 51.5
3 288.0 272.5
4 166.0 176.2
3 12.0 9.9
4 188.0 165.7
4 316.0 334.0
4 286.0 290.9
2 74.0 94.5
4 174.0 198.9
2 108.0 126.7
5 88.0 57.4
3 74.0 104.6
5 216.0 205.7
2 94.0 30.9
4 196.0 228.2
4 220.0 212.1
4 6.0 8.9
2 170.0 262.5
3 332.0 327.3
5 334.0 327.8
5 336.0 324.6
3 152.0 150.7
3 132.0 117.5
2 222.0 95.0
3 308.0 346.7
3 128.0 126.4
2 152.0 100.3
2 22.0 62.8
4 4.0 335.1
5 64.0 100.9
2 180.0 32.3
5 100.0 71.6
2 338.0 307.1
3 108.0 74.1
4 160.0 174.3
4 58.0 54.3
5 322.0 325.5
5 62.0 69.5
5 40.0 77.1
2 228.0 288.0
2 40.0 35.1
2 62.0 30.6
2 42.0 40.9
2 150.0 338.1
4 82.0 91.9
3 136.0 141.1
4 36.0 64.2
3 212.0 245.2
2 272.0 308.1
5 26.0 16.1
2 62.0 73.6
3 242.0 201.8
3 66.0 92.7
2 158.0 210.6
5 228.0 256.9
5 352.0 329.7
4 80.0 118.7
4 44.0 49.9
4 42.0 66.9
3 66.0 102.8
4 184.0 190.3
5 80.0 75.4
4 218.0 197.2
4 110.0 122.0
4 138.0 168.8
5 178.0 185.4
4 250.0 231.8
3 344.0 265.5
2 198.0 87.0
4 282.0 239.0
5 54.0 57.5
2 346.0 274.3
4 332.0 244.7
5 230.0 203.0
2 256.0 335.4
2 240.0 161.5
4 58.0 73.3
4 98.0 69.5
2 64.0 77.5
3 108.0 65.4
5 304.0 302.7
5 256.0 265.3
2 44.0 298.7
2 252.0 292.3
3 134.0 105.6
5 206.0 250.2
2 132.0 130.2
5 264.0 232.8
2 68.0 53.3
3 28.0 71.2
4 204.0 199.2
3 182.0 153.4
5 342.0 338.3
5 312.0 300.1
2 130.0 109.9
2 290.0 271.8
5 324.0 2.1
4 62.0 69.7
5 146.0 144.5
3 164.0 183.2
3 330.0 354.5
4 116.0 129.6
2 236.0 223.3
5 118.0 128.5
3 30.0 52.4
5 82.0 58.6
5 34.0 32.2
4 228.0 265.9
3 148.0 162.6
4 320.0 331.7
2 300.0 242.7
5 112.0 110.0
5 306.0 335.1
5 320.0 355.8
5 42.0 103.6
4 116.0 100.0
4 40.0 98.5
4 244.0 211.9
2 70.0 61.8
4 102.0 71.7
5 92.0 94.7
2 312.0 347.1
4 282.0 273.2
4 260.0 266.1
3 2.0 292.6
5 118.0 115.3
5 228.0 234.3
2 226.0 275.5
2 210.0 256.4
3 182.0 184.0
3 132.0 141.5
3 260.0 231.4
3 144.0 41.9
4 276.0 275.6
5 268.0 300.1
4 150.0 128.5
5 158.0 165.5
2 350.0 357.6
2 46.0 186.1
2 58.0 50.6
4 140.0 150.1
3 82.0 69.8
3 234.0 273.0
4 258.0 251.0
5 210.0 228.3
4 78.0 97.1
5 48.0 81.7
4 30.0 66.0
3 302.0 251.4
5 16.0 9.7
3 50.0 66.2
5 194.0 149.4
5 36.0 56.3
2 256.0 170.7
2 96.0 89.2
5 222.0 209.8
5 278.0 9.2
2 178.0 170.4
4 332.0 330.2
2 354.0 256.4
2 42.0 32.2
2 16.0 351.6
4 324.0 331.3
2 354.0 239.9
2 30.0 87.9
3 108.0 79.6
2 178.0 352.5
5 236.0 217.7
3 238.0 229.7
2 228.0 315.4
4 54.0 40.0
5 150.0 139.3
5 136.0 142.6
2 178.0 180.3
3 88.0 132.1
3 178.0 203.6
4 286.0 247.6
4 206.0 242.0
4 128.0 137.0
3 116.0 112.6
2 46.0 84.3
5 110.0 95.6
4 354.0 347.6
2 240.0 266.2
3 12.0 11.4
5 168.0 174.2
3 104.0 120.3
4 278.0 279.1
3 288.0 313.5
4 340.0 337.5
3 104.0 82.1
2 218.0 244.0
4 216.0 189.8
3 314.0 317.2
3 182.0 180.7
5 154.0 152.0
2 100.0 97.2
5 114.0 73.2
4 182.0 191.1
4 252.0 218.0
5 18.0 17.9
4 176.0 177.4
5 290.0 307.1
3 14.0 353.2
3 254.0 204.8
2 132.0 78.4
3 250.0 20.0
3 76.0 85.3
3 298.0 292.3
5 336.0 294.5
2 232.0 220.6
2 288.0 241.8
5 128.0 127.9
3 176.0 170.6
5 270.0 256.9
4 350.0 2.5
4 120.0 121.3
3 104.0 120.6
5 290.0 296.6
4 230.0 281.6
4 198.0 251.1
3 218.0 232.5
2 110.0 132.6
4 192.0 182.4
4 150.0 159.6
5 164.0 167.6
2 330.0 4.6
5 302.0 319.0
2 260.0 254.1
5 164.0 157.8
2 218.0 284.7
5 316.0 348.7
2 260.0 253.3
3 16.0 56.7
4 74.0 96.9
4 10.0 16.2
2 292.0 347.6
5 226.0 307.7
5 90.0 104.3
4 140.0 126.0
4 60.0 52.2
4 54.0 245.8
2 36.0 48.6
3 290.0 323.0
2 94.0 69.2
3 10.0 8.4
3 218.0 216.9
3 246.0 285.3
5 230.0 223.7
2 314.0 254.1
5 254.0 218.6
2 154.0 190.6
2 292.0 212.1
2 38.0 67.8
3 164.0 239.1
3 98.0 80.1
3 164.0 169.5
5 86.0 75.5
5 260.0 10.8
3 272.0 317.5
3 206.0 216.4
3 264.0 274.6
3 322.0 323.8
3 118.0 84.3
5 330.0 271.2
4 278.0 1.9
4 102.0 104.2
3 84.0 290.5
4 54.0 103.1
4 138.0 140.5
3 124.0 80.7
5 42.0 50.5
2 350.0 18.0
3 108.0 51.6
2 122.0 127.3
3 244.0 276.2
3 234.0 240.7
4 210.0 253.0
4 166.0 186.7
4 176.0 189.0
2 344.0 336.7
5 268.0 236.8
5 90.0 112.2
4 278.0 277.0
5 252.0 257.2
2 222.0 306.7
2 150.0 123.1
4 234.0 240.3
5 18.0 17.7
5 320.0 320.1
5 302.0 284.3
2 58.0 114.0
4 250.0 219.2
4 38.0 112.3
5 224.0 216.5
5 232.0 288.0
4 254.0 260.2
5 254.0 249.6
4 192.0 232.0
2 134.0 169.4
2 78.0 323.8
2 22.0 348.8
3 132.0 117.0
3 102.0 68.9
2 102.0 73.7
4 332.0 342.8
4 242.0 313.2
2 332.0 36.6
5 78.0 78.5
3 354.0 11.3
3 40.0 78.2
4 186.0 197.7
3 16.0 12.5
3 138.0 127.5
4 296.0 266.1
3 26.0 15.6
2 120.0 127.1
3 312.0 327.1
5 264.0 227.0
4 212.0 262.6
3 244.0 309.7
3 310.0 321.2
5 314.0 303.4
2 62.0 35.1
5 318.0 288.4
5 188.0 252.0
3 162.0 170.8
4 330.0 305.9
4 232.0 263.1
5 234.0 233.0
4 172.0 160.9
5 274.0 282.0
3 36.0 52.2
4 176.0 214.5
4 92.0 82.9
4 212.0 245.0
2 2.0 312.9
5 106.0 129.2
5 150.0 146.8
3 160.0 188.0
5 40.0 74.6
2 110.0 27.7
3 182.0 284.1
5 208.0 293.2
3 294.0 318.0
4 270.0 249.3
5 136.0 130.9
2 162.0 290.9
3 92.0 103.3
4 280.0 319.0
4 334.0 321.0
4 154.0 169.7
4 234.0 180.2
4 46.0 168.6
3 118.0 65.8
5 24.0 18.3
5 344.0 283.4
2 266.0 358.1
2 180.0 256.4
5 298.0 299.3
5 314.0 325.3
4 348.0 305.3
3 14.0 22.1
5 94.0 68.2
4 178.0 218.3
2 288.0 267.9
3 180.0 181.5
3 292.0 147.9
2 342.0 349.8
4 22.0 224.0
4 198.0 195.9
2 196.0 237.3
5 44.0 99.7
5 134.0 133.7
3 24.0 6.1
5 90.0 50.0
2 96.0 233.0
3 48.0 98.9
5 212.0 209.0
4 320.0 337.6
2 136.0 117.5
5 186.0 203.3
2 284.0 137.2
3 40.0 86.9
3 124.0 130.1
5 252.0 255.1
4 42.0 82.6
4 334.0 308.2
4 276.0 311.8
3 164.0 200.9
5 104.0 105.3
2 188.0 224.5
3 192.0 251.7
2 162.0 174.0
4 80.0 98.6
3 2.0 334.5
4 256.0 281.1
5 18.0 18.1
2 216.0 166.7
4 30.0 51.3
2 68.0 84.7
5 172.0 176.4
4 46.0 96.8
2 294.0 338.6
3 146.0 151.9
4 176.0 228.5
4 208.0 196.7
2 192.0 78.1
3 232.0 267.3
5 336.0 285.8
2 176.0 170.8
2 166.0 211.7
3 114.0 73.3
2 112.0 92.7
5 92.0 94.5
4 296.0 269.6
5 294.0 298.5
5 120.0 126.3
3 298.0 250.5
4 268.0 226.5
4 120.0 89.6
2 178.0 203.7
5 236.0 216.0
5 42.0 52.0
3 220.0 248.5
3 144.0 148.4
4 338.0 353.6
3 78.0 84.9
4 14.0 356.7
3 120.0 56.3
4 332.0 335.3
2 278.0 343.6
3 160.0 188.9
2 252.0 245.0
5 202.0 213.6
2 180.0 285.0
5 186.0 202.3
5 150.0 124.4
5 60.0 64.0
2 170.0 168.6
2 230.0 155.2
2 258.0 285.1
5 52.0 55.7
5 124.0 129.0
5 52.0 44.0
3 358.0 4.2
3 328.0 325.7
4 280.0 283.6
3 16.0 17.1
5 258.0 232.7
3 14.0 22.4
4 302.0 314.7
4 108.0 62.4
4 262.0 276.0
3 162.0 167.5
3 244.0 230.4
5 268.0 251.8
3 310.0 225.4
5 282.0 309.6
3 272.0 215.1
3 250.0 191.0
3 178.0 194.0
5 292.0 318.1
5 292.0 271.3
4 72.0 60.1
4 238.0 211.9
4 64.0 73.2
2 266.0 357.0
2 186.0 141.2
2 82.0 55.9
4 272.0 216.7
2 316.0 268.5
3 224.0 280.4
2 38.0 83.7
2 160.0 219.1
4 178.0 196.3
2 248.0 16.3
2 190.0 74.9
3 234.0 273.7
4 82.0 119.1
5 294.0 289.5
4 106.0 57.6
2 180.0 203.2
2 204.0 35.5
5 202.0 209.9
5 96.0 83.8
3 342.0 351.8
4 346.0 299.5
4 256.0 220.9
4 356.0 2.4
4 18.0 12.5
5 314.0 331.7
3 336.0 335.5
5 130.0 126.9
2 194.0 210.8
5 56.0 63.2
4 234.0 187.3
5 172.0 210.9
3 102.0 86.1
3 112.0 83.1
4 236.0 223.3
3 86.0 100.3
5 10.0 15.4
5 66.0 89.0
2 278.0 207.0
4 34.0 24.7
5 288.0 293.2
5 304.0 304.7
3 126.0 112.1
5 352.0 349.7
4 348.0 342.3
5 92.0 76.4
3 312.0 332.1
3 356.0 335.3
5 160.0 165.9
4 176.0 178.6
3 240.0 239.5
5 320.0 317.3
3 104.0 86.5
5 254.0 221.0
3 174.0 186.8
2 46.0 67.2
4 188.0 205.2
5 242.0 216.0
2 68.0 15.1
2 156.0 122.0
5 62.0 65.8
3 74.0 115.6
3 66.0 48.7
5 258.0 190.0
4 342.0 330.6
3 36.0 53.5
2 144.0 151.2
4 208.0 182.0
5 94.0 78.6
5 218.0 234.0
4 40.0 72.6
3 98.0 25.5
5 180.0 208.8
2 92.0 91.5
5 210.0 263.8
5 254.0 271.7
2 110.0 350.4
2 118.0 162.6
3 88.0 47.5
4 146.0 152.5
2 118.0 133.9
3 290.0 246.4
4 340.0 347.3
4 172.0 171.0
5 4.0 5.4
4 340.0 318.1
5 80.0 75.1
5 272.0 298.7
2 316.0 344.5
3 84.0 62.7
4 24.0 28.8
3 152.0 140.6
5 230.0 200.2
2 332.0 303.5
3 30.0 53.0
5 342.0 345.0
2 38.0 24.5
3 52.0 50.1
3 74.0 63.1
4 356.0 7.7
5 170.0 182.5
5 128.0 123.8
3 118.0 84.5
2 178.0 151.8
2 212.0 3.8
2 134.0 83.2
4 330.0 286.6
4 8.0 345.4
3 58.0 95.1
2 202.0 193.0
2 224.0 239.9
3 16.0 19.4
2 64.0 226.9
3 42.0 39.8
4 260.0 298.1
5 334.0 320.7
2 128.0 68.1
2 342.0 38.8
4 244.0 224.4
3 332.0 325.6
2 196.0 155.4
2 102.0 87.4
3 12.0 11.6
4 210.0 201.8
2 140.0 163.4
5 62.0 121.1
5 202.0 210.2
5 274.0 274.8
5 224.0 239.6
4 112.0 87.2
3 270.0 228.3
3 308.0 239.2
4 304.0 305.9
3 26.0 25.2
5 270.0 254.6
3 276.0 273.2
5 68.0 75.3
3 78.0 84.9
3 2.0 336.4
3 104.0 84.3
4 320.0 306.8
2 164.0 43.7
2 26.0 126.0
5 244.0 240.2
5 60.0 96.1
3 32.0 37.0
2 260.0 269.5
5 112.0 112.9
5 90.0 66.5
4 28.0 58.3
2 150.0 111.0
5 240.0 208.8
5 272.0 244.8
5 46.0 81.5
5 264.0 246.5
2 12.0 16.7
2 126.0 110.2
3 152.0 189.5
3 290.0 297.0
3 138.0 124.6
4 242.0 234.6
2 328.0 343.7
5 68.0 71.7
5 154.0 149.5
5 222.0 208.6
4 172.0 177.5
2 346.0 308.6
5 310.0 278.2
5 296.0 285.8
3 74.0 72.9
5 250.0 236.9
2 22.0 81.4
3 2.0 291.1
3 278.0 258.9
3 116.0 101.1
4 276.0 302.8
4 160.0 165.2
3 8.0 338.4
3 200.0 219.8
3 182.0 212.9
4 254.0 203.5
4 4.0 5.4
2 92.0 92.8
3 80.0 79.1
4 248.0 231.7
2 64.0 100.5
3 30.0 44.9
2 232.0 234.0
5 270.0 234.1
5 200.0 248.9
5 40.0 55.8
5 84.0 86.9
4 10.0 13.3
4 48.0 64.7
2 336.0 297.3
4 336.0 319.2
4 190.0 220.7
3 132.0 104.3
4 226.0 257.0
2 118.0 117.1
3 240.0 217.2
4 246.0 207.0
4 48.0 31.1
4 90.0 40.6
3 258.0 222.8
3 166.0 160.7
4 72.0 44.8
5 312.0 86.3
4 358.0 343.2
2 248.0 310.6
4 194.0 181.5
3 110.0 91.1
4 140.0 139.9
2 90.0 81.4
5 302.0 284.9
5 238.0 258.9
5 4.0 5.0
5 274.0 305.9
3 190.0 248.0
4 46.0 120.7
2 162.0 61.2
5 170.0 161.3
2 254.0 247.6
3 312.0 312.9
5 140.0 146.8
4 270.0 235.2
5 88.0 102.0
5 88.0 93.4
2 68.0 334.1
2 76.0 95.1
4 172.0 168.7
2 280.0 275.2
5 238.0 240.1
2 152.0 250.5
2 184.0 318.2
3 166.0 169.8
2 28.0 65.1
2 46.0 28.3
5 308.0 334.5
2 254.0 29.9
2 156.0 258.0
3 258.0 247.9
3 26.0 40.0
2 244.0 249.1
4 298.0 270.4
5 174.0 201.3
4 326.0 310.8
4 298.0 288.1
5 200.0 221.1
5 154.0 148.0
4 320.0 319.6
4 266.0 248.2
3 356.0 312.9
2 126.0 336.9
4 8.0 359.8
4 128.0 108.6
4 228.0 232.5
4 96.0 64.3
4 258.0 181.2
4 76.0 94.9
5 132.0 139.4
4 70.0 63.2
3 52.0 72.2
4 58.0 80.9
2 14.0 230.3
4 332.0 351.3
3 100.0 83.3
3 300.0 302.6
2 112.0 103.2
4 310.0 327.1
2 124.0 25.1
5 108.0 53.4
3 58.0 64.5
3 114.0 110.2
2 186.0 242.3
3 300.0 256.2
2 80.0 102.1
3 94.0 81.0
3 304.0 345.0
4 94.0 100.0
5 140.0 146.1
5 186.0 187.3
5 254.0 221.0
4 336.0 285.6
3 136.0 152.5
4 24.0 35.8
2 206.0 176.0
2 220.0 348.8
4 62.0 103.0
4 154.0 148.0
4 220.0 238.9
2 14.0 26.4
2 78.0 149.3
5 166.0 61.8
3 232.0 268.4
3 72.0 76.4
4 220.0 202.4
4 50.0 108.8
5 228.0 245.4
4 80.0 81.8
3 308.0 262.5
4 20.0 10.7
5 12.0 15.7
5 180.0 202.1
3 74.0 29.9
5 312.0 292.4
4 12.0 5.1
2 234.0 174.3
4 288.0 283.6
4 358.0 336.4
3 142.0 145.0
4 130.0 112.4
2 274.0 333.1
3 202.0 174.7
2 76.0 74.3
3 302.0 242.4
4 114.0 83.7
4 338.0 314.2
4 290.0 286.1
4 112.0 109.9
3 278.0 328.8
4 276.0 253.5
3 12.0 7.3
4 148.0 152.6
5 332.0 341.6
3 216.0 345.1
4 268.0 229.8
2 98.0 87.7
5 204.0 208.4
3 230.0 187.9
2 196.0 261.4
4 8.0 3.3
3 56.0 84.8
5 216.0 209.2
5 50.0 68.9
5 70.0 76.7
4 236.0 242.2
5 264.0 230.1
3 32.0 21.1
2 12.0 212.9
3 288.0 286.0
3 274.0 313.4
2 254.0 283.1
5 326.0 314.4
4 4.0 345.1
4 144.0 161.3
3 358.0 351.5
3 160.0 151.8
2 276.0 215.1
5 326.0 328.3
4 316.0 312.6
3 114.0 46.8
4 188.0 191.0
5 186.0 180.8
3 280.0 334.0
2 318.0 288.4
3 304.0 311.9
4 252.0 239.4
4 306.0 334.6
3 194.0 235.8
3 82.0 82.1
5 214.0 227.2
5 56.0 60.7
2 280.0 162.4
2 226.0 227.5
2 98.0 67.2
2 218.0 269.5
2 140.0 73.7
2 154.0 222.6
3 4.0 3.4
5 266.0 250.9
5 64.0 95.3
3 290.0 287.7
2 24.0 70.1
3 182.0 211.8
2 102.0 33.6
4 164.0 171.6
2 264.0 323.5
2 330.0 190.8
3 80.0 76.3
2 122.0 155.2
4 8.0 287.2
5 306.0 228.5
2 20.0 27.1
5 254.0 267.8
3 206.0 206.8
3 264.0 283.1
4 60.0 108.6
3 256.0 258.7
2 32.0 50.5
3 52.0 102.6
5 86.0 71.8
3 240.0 164.1
4 62.0 71.8
2 26.0 149.6
3 292.0 303.1
4 358.0 344.2
4 198.0 211.9
3 186.0 196.1
3 154.0 169.9
5 62.0 65.2
5 170.0 166.5
2 210.0 51.4
4 20.0 12.2
3 284.0 209.1
2 298.0 336.4
2 32.0 104.6
3 168.0 184.3
5 102.0 89.0
5 96.0 45.8
2 144.0 159.6
3 224.0 239.0
4 174.0 162.4
5 112.0 0.9
3 210.0 200.4
2 110.0 58.4
2 76.0 4.8
3 84.0 123.3
5 120.0 80.3
5 230.0 272.9
3 214.0 241.8
3 16.0 25.7
2 60.0 38.3
4 338.0 326.2
3 24.0 32.8
3 308.0 311.7
4 332.0 324.2
3 54.0 53.1
3 324.0 304.8
3 236.0 202.5
5 60.0 51.7
5 358.0 352.1
4 316.0 341.8
3 234.0 231.5
2 306.0 5.8
3 266.0 177.7
5 270.0 250.2
3 338.0 342.5
5 144.0 44.8
5 352.0 324.2
4 222.0 238.3
3 18.0 14.9
2 140.0 160.0
5 72.0 70.7
3 154.0 351.6
5 190.0 190.3
4 354.0 336.6
4 358.0 354.4
2 68.0 159.3
4 238.0 252.8
4 180.0 177.7
3 52.0 62.8
3 204.0 241.8
5 270.0 237.1
5 102.0 81.3
2 102.0 81.5
2 156.0 51.8
2 316.0 302.0
5 310.0 312.7
2 246.0 227.1
5 160.0 167.2
3 264.0 267.5
4 216.0 247.9
4 200.0 174.8
3 70.0 80.9
3 286.0 266.3
5 288.0 295.7
4 210.0 221.6
4 214.0 242.5
2 32.0 65.2
2 200.0 271.0
4 62.0 58.5
2 196.0 244.5
2 242.0 246.4
3 56.0 81.6
5 56.0 109.9
2 172.0 164.3
4 336.0 335.9
2 12.0 349.3
3 236.0 229.8
5 146.0 145.8
5 202.0 210.3
2 334.0 333.9
2 322.0 90.2
5 122.0 125.0
4 294.0 337.3
5 146.0 154.1
3 280.0 288.4
3 170.0 159.7
4 234.0 59.2
5 266.0 266.3
2 82.0 99.5
4 314.0 327.8
3 90.0 125.5
5 358.0 322.1
2 0.0 141.8
5 148.0 146.1
3 78.0 74.9
3 304.0 305.8
3 310.0 320.8
3 262.0 273.4
5 232.0 204.9
2 80.0 74.0
2 178.0 239.6
4 224.0 261.6
2 122.0 302.2
2 256.0 255.7
4 256.0 213.2
3 68.0 246.3
5 62.0 97.0
2 248.0 19.4
3 134.0 88.9
3 328.0 320.3
4 14.0 9.1
5 280.0 341.8
3 278.0 315.4
2 238.0 200.5
5 246.0 208.3
4 132.0 142.6
2 154.0 12.6
4 236.0 240.2
3 154.0 159.3
4 256.0 298.6
2 62.0 27.2
4 84.0 103.5
4 174.0 168.6
3 358.0 334.3
5 304.0 243.3
5 180.0 176.9
4 182.0 207.0
2 250.0 183.9
5 200.0 242.8
2 324.0 348.0
5 192.0 176.9
3 168.0 157.1
4 96.0 82.2
4 80.0 80.0
5 154.0 166.8
5 20.0 38.5
5 128.0 125.6
4 100.0 107.6
2 192.0 213.0
4 60.0 44.4
5 242.0 217.5
2 252.0 314.1
4 198.0 218.0
2 278.0 321.4
5 222.0 234.0
2 308.0 357.0
5 62.0 85.6
3 340.0 283.7
4 74.0 33.9
5 108.0 96.0
4 160.0 166.2
4 102.0 108.0
5 224.0 227.6
3 130.0 148.6
5 8.0 7.9
5 320.0 296.6
5 58.0 123.9
5 358.0 70.4
3 334.0 322.6
2 164.0 59.3
4 224.0 245.3
4 24.0 44.8
4 10.0 344.7
3 222.0 215.9
5 236.0 248.2
3 10.0 11.7
3 234.0 293.5
5 118.0 88.9
2 100.0 4.9
5 108.0 102.8
5 228.0 253.4
4 90.0 61.5
4 156.0 156.5
4 302.0 308.5
4 294.0 327.0
3 210.0 341.1
4 68.0 57.1
5 46.0 89.2
3 32.0 34.2
4 208.0 289.7
5 200.0 211.9
2 294.0 117.8
4 96.0 54.3
5 256.0 269.5
2 166.0 265.8
3 216.0 239.6
5 64.0 88.2
4 236.0 218.0
5 156.0 152.6
3 174.0 171.8
2 184.0 153.5
3 30.0 65.3
2 164.0 47.6
3 244.0 214.1
3 300.0 250.6
2 348.0 243.1
5 42.0 104.7
2 280.0 258.6
2 78.0 44.6
3 130.0 136.8
5 278.0 293.6
3 306.0 311.6
2 216.0 289.3
5 352.0 337.0
3 92.0 59.8
2 264.0 162.8
2 294.0 345.8
4 110.0 112.4
5 244.0 256.1
3 144.0 161.4
4 10.0 353.5
3 308.0 321.8
4 236.0 230.9
4 70.0 42.0
5 210.0 258.8
5 66.0 73.0
3 100.0 63.7
3 248.0 232.1
2 64.0 339.1
5 244.0 252.5
2 166.0 10.2
4 112.0 103.2
2 284.0 337.0
2 294.0 249.1
5 298.0 320.8
4 316.0 296.5
5 232.0 257.1
5 298.0 298.2
2 182.0 163.3
5 8.0 17.0
5 22.0 10.7
4 100.0 107.2
5 290.0 318.7
5 152.0 147.6
5 204.0 186.0
4 266.0 264.1
2 188.0 237.3
4 358.0 4.4
2 78.0 111.0
2 122.0 28.5
4 240.0 226.1
4 120.0 109.5
2 220.0 352.0
5 14.0 13.4
4 2.0 352.7
4 216.0 217.0
3 212.0 222.1
5 296.0 283.6
5 46.0 42.6
3 298.0 308.6
4 94.0 109.0
5 40.0 192.4
2 330.0 297.3
4 230.0 284.2
3 52.0 49.8
5 338.0 344.1
3 64.0 59.0
2 136.0 133.0
2 100.0 101.9
3 50.0 79.1
4 84.0 60.8
2 260.0 5.7
5 330.0 332.0
2 272.0 231.4
3 310.0 263.2
2 162.0 147.4
2 166.0 239.9
5 142.0 136.2
3 166.0 177.6
2 128.0 338.9
2 340.0 350.7
2 102.0 135.0
3 14.0 6.1
5 68.0 78.0
5 36.0 42.5
3 358.0 345.5
2 336.0 187.4
5 304.0 309.8
5 12.0 12.5
3 344.0 351.1
2 346.0 274.8
2 324.0 150.4
5 150.0 148.6
4 216.0 181.7
5 32.0 33.7
3 76.0 82.0
2 188.0 65.1
2 144.0 99.0
4 82.0 85.2
2 240.0 197.3
2 138.0 111.6
5 308.0 317.2
3 258.0 242.5
4 214.0 287.0
4 154.0 153.3
5 140.0 154.2
2 204.0 234.8
4 22.0 183.1
3 280.0 298.7
4 160.0 164.8
2 70.0 77.4
3 244.0 248.7
2 74.0 69.1
3 30.0 266.9
3 272.0 249.8
5 340.0 293.2
2 100.0 27.8
3 164.0 359.6
3 188.0 215.2
3 48.0 101.1
4 54.0 70.2
3 34.0 21.2
5 42.0 69.2
3 6.0 8.1
2 6.0 295.7
4 142.0 137.0
3 102.0 77.1
3 76.0 73.3
2 52.0 104.0
3 256.0 307.9
4 40.0 53.6
2 86.0 81.1
5 278.0 304.3
4 106.0 113.3
5 178.0 170.5
2 76.0 92.2
2 262.0 234.1
5 166.0 167.8
2 40.0 76.5
4 136.0 144.2
4 2.0 359.2
5 204.0 204.6
5 72.0 103.9
4 166.0 146.0
5 168.0 161.1
2 208.0 178.7
3 328.0 272.7
4 28.0 20.6
2 242.0 342.6
5 138.0 130.7
2 270.0 297.2
4 210.0 185.1
5 228.0 229.1
3 132.0 117.5
5 316.0 318.7
2 102.0 48.7
2 318.0 345.1
3 40.0 30.0
4 154.0 183.0
5 30.0 42.5
3 128.0 111.5
3 10.0 20.9
2 174.0 345.7
3 236.0 255.3
2 316.0 328.8
5 164.0 155.5
5 184.0 205.9
2 132.0 148.3
3 246.0 239.2
4 12.0 20.7
4 142.0 142.4
4 180.0 198.5
5 222.0 237.3
5 268.0 233.3
3 22.0 31.0
4 188.0 260.9
4 320.0 339.9
5 156.0 152.2
3 242.0 252.8
3 200.0 226.8
4 354.0 5.9
5 114.0 77.9
2 352.0 278.9
5 246.0 229.4
2 278.0 13.5
4 70.0 78.9
3 26.0 29.8
5 202.0 247.8
3 348.0 333.6
5 166.0 173.1
5 84.0 63.4
4 336.0 295.0
4 334.0 288.2
5 142.0 151.8
3 312.0 315.4
4 154.0 144.2
4 194.0 201.3
4 350.0 327.2
5 46.0 57.2
4 176.0 162.8
2 2.0 18.9
4 66.0 105.6
2 284.0 161.5
3 52.0 103.7
2 88.0 102.9
4 284.0 302.7
5 102.0 112.5
4 134.0 141.7
3 354.0 355.5
3 182.0 201.1
2 292.0 343.3
3 276.0 253.3
4 276.0 312.8
2 298.0 86.3
4 242.0 252.5
2 330.0 166.6
4 276.0 282.2
2 142.0 226.7
3 334.0 293.8
5 312.0 266.7
5 348.0 2.5
4 208.0 250.6
3 294.0 304.4
2 134.0 94.9
5 274.0 254.0
4 64.0 46.0
3 10.0 5.3
2 126.0 81.3
2 48.0 40.2
4 108.0 114.2
4 42.0 76.7
2 28.0 101.6
3 302.0 253.0
5 28.0 44.9
2 54.0 81.9
4 166.0 173.0
3 46.0 59.3
4 206.0 232.2
3 222.0 146.6
4 166.0 162.6
5 224.0 211.2
3 92.0 80.4
4 186.0 199.3
5 192.0 214.1
4 2.0 345.1
3 290.0 301.2
3 108.0 95.9
2 188.0 90.8
4 352.0 332.1
5 246.0 239.6
2 2.0 14.9
3 342.0 321.4
2 50.0 73.5
3 38.0 50.8
5 346.0 3.7
2 198.0 197.5
2 98.0 56.1
3 338.0 10.8
4 304.0 298.8
2 90.0 14.1
5 142.0 254.4
2 2.0 318.3
5 48.0 81.1
4 120.0 96.2
2 134.0 133.8
2 64.0 63.1
2 88.0 43.8
4 298.0 302.9
4 126.0 103.7
4 60.0 95.3
3 226.0 160.3
4 112.0 114.0
2 156.0 187.2
2 268.0 272.2
4 336.0 267.2
2 126.0 85.9
3 158.0 234.7
2 98.0 216.5
2 90.0 305.9
3 60.0 79.4
2 54.0 56.9
5 76.0 84.8
3 148.0 152.8
2 314.0 21.4
4 150.0 149.4
3 146.0 152.2
5 86.0 102.2
4 298.0 296.9
2 198.0 258.0
3 246.0 316.1
4 62.0 60.9
5 264.0 280.2
3 158.0 189.9
4 288.0 259.5
5 26.0 40.8
5 138.0 130.3
4 60.0 31.4
3 100.0 87.0
4 280.0 271.8
2 356.0 166.1
4 52.0 55.5
2 214.0 190.6
3 40.0 55.3
4 36.0 47.8
5 118.0 278.2
5 212.0 221.4
5 68.0 124.3
2 180.0 338.3
2 72.0 296.3
4 66.0 84.7
5 2.0 3.1
2 34.0 88.3
4 334.0 319.8
3 254.0 249.4
5 162.0 164.9
4 106.0 78.7
4 234.0 248.9
5 18.0 20.5
3 58.0 83.5
2 152.0 305.0
5 14.0 7.5
3 172.0 179.9
2 100.0 5.2
3 128.0 140.3
2 214.0 316.8
3 350.0 283.3
3 236.0 192.8
4 174.0 170.2
2 116.0 132.6
2 112.0 301.7
2 16.0 171.6
4 132.0 131.9
4 142.0 143.4
5 242.0 269.4
3 164.0 170.7
4 20.0 123.6
2 130.0 290.1
4 14.0 6.9
2 136.0 101.5
5 136.0 134.9
2 58.0 58.0
4 64.0 93.7
3 16.0 17.2
2 54.0 66.6
2 206.0 217.7
5 328.0 345.1
5 24.0 14.6
3 250.0 248.4
4 340.0 312.8
5 106.0 95.4
3 334.0 332.6
5 62.0 85.4
2 26.0 56.4
2 136.0 205.7
3 148.0 157.7
5 244.0 246.0
3 110.0 72.4
3 350.0 341.0
5 250.0 199.6
2 50.0 330.9
3 266.0 291.4
4 352.0 2.5
2 124.0 13.0
3 288.0 123.6
3 122.0 125.2
5 84.0 86.9
2 24.0 346.2
5 140.0 135.5
4 130.0 101.9
3 112.0 95.6
5 228.0 236.2
4 192.0 175.2
5 186.0 222.7
4 110.0 126.7
3 328.0 293.0
3 114.0 91.9
5 238.0 277.1
4 12.0 4.1
5 150.0 151.6
3 94.0 116.3
2 46.0 163.2
2 50.0 154.3
4 290.0 282.0
5 46.0 105.3
3 216.0 129.0
4 176.0 165.1
3 296.0 299.0
2 244.0 239.2
4 288.0 232.8
3 216.0 171.6
4 332.0 336.5
5 86.0 63.3
3 350.0 346.0
2 60.0 20.7
2 232.0 325.3
5 74.0 85.5
4 288.0 339.6
4 202.0 211.8
5 222.0 190.0
2 242.0 270.8
5 54.0 81.5
4 310.0 326.3
2 334.0 128.5
4 304.0 345.0
5 108.0 89.0
2 220.0 162.6
5 356.0 355.6
2 168.0 196.7
5 128.0 115.4
3 270.0 246.8
5 118.0 87.5
2 12.0 111.1
5 46.0 93.0
5 220.0 274.8
5 308.0 288.2
3 170.0 170.9
4 190.0 190.5
2 60.0 84.8
4 290.0 309.1
5 88.0 97.6
5 112.0 97.9
2 294.0 19.0
2 194.0 343.1
5 248.0 207.3
2 80.0 102.3
5 134.0 334.2
4 156.0 149.9
2 264.0 214.5
2 216.0 248.8
4 268.0 264.2
5 282.0 262.7
5 124.0 319.5
3 354.0 323.3
3 304.0 342.3
2 92.0 101.4
4 356.0 348.9
2 76.0 293.7
5 62.0 88.2
5 226.0 206.6
4 64.0 67.3
2 130.0 160.7
2 320.0 335.0
3 286.0 269.3
3 2.0 5.9
2 354.0 229.1
2 122.0 207.2
2 130.0 116.1
2 196.0 244.2
5 304.0 322.8
3 76.0 90.7
5 26.0 21.1
5 296.0 305.3
3 334.0 327.0
4 148.0 147.1
2 26.0 55.3
5 178.0 185.6
5 302.0 338.3
2 4.0 340.2
2 78.0 49.4
3 18.0 38.3
2 106.0 335.0
4 202.0 240.1
5 38.0 32.0
5 88.0 68.8
5 188.0 177.6
2 244.0 179.5
5 38.0 75.6
5 264.0 266.8
2 236.0 307.5
4 348.0 333.5
4 46.0 48.1
4 88.0 134.2
3 124.0 116.3
3 78.0 93.2
5 182.0 197.8
4 340.0 340.4
2 282.0 8.1
5 140.0 148.6
5 80.0 40.2
3 280.0 329.0
3 276.0 36.2
2 50.0 106.2
3 16.0 20.6
5 28.0 21.9
2 18.0 15.3
2 314.0 322.1
3 340.0 2.1
4 164.0 168.2
5 284.0 264.9
4 296.0 300.9
2 8.0 3.7
4 260.0 271.7
2 256.0 282.1
5 2.0 353.6
4 324.0 286.3
2 128.0 106.1
3 26.0 48.4
5 116.0 119.5
2 254.0 186.0
4 314.0 181.0
4 264.0 260.4
5 40.0 70.1
3 218.0 306.7
4 156.0 156.0
4 266.0 259.5
2 138.0 98.5
2 88.0 156.3
5 196.0 167.6
3 226.0 248.8
3 26.0 62.8
5 324.0 337.2
5 288.0 330.2
3 348.0 283.9
3 114.0 118.7
2 108.0 61.3
3 58.0 81.9
4 262.0 291.6
4 244.0 196.4
2 114.0 77.3
3 170.0 177.8
5 304.0 318.4
4 162.0 175.3
3 172.0 226.2
4 232.0 300.9
4 100.0 53.9
3 188.0 196.4
5 208.0 190.7
3 124.0 130.5
5 330.0 260.1
4 306.0 270.6
2 34.0 320.6
5 162.0 167.5
5 280.0 259.7
3 250.0 164.8
5 258.0 211.8
4 84.0 69.6
5 226.0 212.8
3 36.0 57.6
3 16.0 5.4
5 96.0 76.3
4 134.0 143.9
3 236.0 199.3
5 260.0 294.8
3 326.0 333.6
4 90.0 100.5
2 156.0 153.5
3 78.0 52.2
2 302.0 335.2
4 288.0 335.3
5 48.0 76.5
2 160.0 270.2
3 198.0 221.0
3 274.0 302.6
5 270.0 310.8
4 138.0 140.2
2 32.0 230.4
4 164.0 158.0
5 28.0 47.2
3 116.0 103.5
3 314.0 156.9
2 190.0 216.3
5 312.0 336.5
4 178.0 188.5
4 338.0 325.6
2 228.0 10.3
5 90.0 74.7
3 70.0 133.9
3 344.0 344.3
4 262.0 220.0
3 320.0 337.0
5 124.0 117.1
3 14.0 34.1
5 164.0 147.7
4 314.0 285.8
5 84.0 61.8
4 144.0 290.5
4 94.0 79.5
5 10.0 13.8
2 16.0 93.1
3 264.0 251.2
4 244.0 302.1
4 8.0 8.9
4 184.0 204.1
5 260.0 270.0
3 140.0 149.3
3 154.0 159.1
2 294.0 356.5
3 210.0 253.3
2 226.0 282.1
2 214.0 184.9
5 216.0 220.4
5 222.0 203.8
4 214.0 185.5
5 60.0 69.7
3 244.0 273.5
3 38.0 73.5
5 292.0 309.0
3 130.0 105.8
5 144.0 204.3
3 62.0 106.2
3 304.0 280.1
3 146.0 90.0
2 170.0 197.1
5 236.0 230.7
5 334.0 250.1
3 60.0 71.2
2 354.0 322.1
3 62.0 77.4
5 312.0 285.6
4 60.0 67.2
2 222.0 189.0
5 40.0 63.2
2 154.0 183.1
2 154.0 37.1
2 44.0 83.5
2 46.0 258.6
5 158.0 156.7
5 106.0 99.7
4 352.0 304.8
5 292.0 261.8
2 332.0 342.5
5 134.0 140.8
3 10.0 339.9
2 86.0 233.1
4 16.0 18.9
3 32.0 61.2
3 108.0 96.3
2 358.0 193.0
5 190.0 174.7
2 106.0 105.8
4 114.0 107.9
5 336.0 321.5
5 312.0 274.2
4 32.0 53.9
2 358.0 320.2
2 338.0 281.4
2 64.0 106.8
5 100.0 72.6
3 152.0 158.3
3 122.0 66.3
5 170.0 197.8
3 26.0 65.7
4 128.0 126.5
4 304.0 337.0
2 90.0 0.8
2 334.0 320.7
4 68.0 105.0
3 154.0 152.7
4 12.0 204.5
3 226.0 244.0
5 134.0 129.5
5 296.0 132.2
4 84.0 115.2
4 62.0 116.0
3 96.0 62.6
2 332.0 335.3
3 280.0 292.6
5 214.0 212.4
4 306.0 299.0
3 30.0 51.3
2 46.0 75.7
3 164.0 166.6
4 160.0 196.9
5 348.0 347.6
3 252.0 328.0
2 40.0 102.6
3 88.0 57.9
4 42.0 67.9
3 282.0 256.0
3 74.0 49.7
3 292.0 355.7
4 108.0 340.9
5 246.0 256.9
2 94.0 96.4
3 300.0 318.5
2 140.0 250.9
5 18.0 20.3
2 244.0 178.5
4 148.0 166.4
4 130.0 86.7
2 166.0 171.3
5 288.0 312.0
3 302.0 319.4
4 146.0 140.0
5 178.0 170.9
4 24.0 8.2
4 206.0 273.9
4 94.0 116.5
3 8.0 330.9
4 348.0 338.8
5 280.0 235.5
3 286.0 301.9
2 244.0 86.6
4 242.0 304.8
4 160.0 156.6
5 104.0 33.1
2 46.0 69.3
3 72.0 56.7
2 256.0 192.4
4 256.0 310.4
4 36.0 26.0
5 148.0 178.3
2 312.0 254.0
4 324.0 320.7
3 220.0 100.3
2 92.0 89.8
4 322.0 316.8
2 24.0 2.1
4 242.0 225.6
4 188.0 224.6
2 62.0 163.9
2 338.0 237.3
4 250.0 277.4
5 204.0 193.9
4 88.0 68.8
4 196.0 190.3
2 226.0 214.5
5 226.0 239.0
5 274.0 260.5
2 152.0 87.0
3 176.0 175.1
5 288.0 288.1
3 100.0 77.1
2 320.0 296.1
5 134.0 141.5
5 202.0 223.6
4 216.0 248.4
5 304.0 314.9
4 262.0 189.0
2 0.0 14.5
2 118.0 70.9
3 306.0 325.1
4 188.0 198.6
5 210.0 245.2
5 354.0 320.1
4 76.0 95.7
5 106.0 87.3
3 278.0 285.0
3 332.0 308.0
5 80.0 103.6
5 64.0 49.9
5 338.0 322.9
3 338.0 354.8
2 68.0 84.8
5 354.0 354.8
3 132.0 107.5
3 180.0 284.1
5 338.0 308.3
4 8.0 12.4
3 56.0 74.6
3 172.0 240.0
2 266.0 303.7
5 344.0 292.0
4 136.0 113.4
3 184.0 210.2
5 60.0 74.9
5 232.0 245.7
3 332.0 323.6
5 282.0 327.6
2 132.0 107.2
3 2.0 353.9
4 40.0 84.6
2 244.0 312.3
2 52.0 213.1
3 320.0 333.4
4 126.0 127.3
2 220.0 185.5
5 76.0 95.4
2 34.0 194.3
3 8.0 5.0
2 330.0 359.8
4 226.0 256.1
3 18.0 22.4
5 162.0 174.3
4 274.0 259.1
4 154.0 143.8
3 62.0 123.5
4 250.0 290.8
3 348.0 309.6
5 294.0 265.5
5 256.0 254.1
3 292.0 316.1
2 194.0 247.3
2 302.0 4.0
4 108.0 119.9
4 68.0 51.9
3 68.0 73.9
4 274.0 281.1
5 212.0 218.3
4 62.0 91.9
2 208.0 251.1
3 206.0 205.5
5 248.0 301.0
3 150.0 141.5
3 280.0 212.8
4 202.0 200.5
5 48.0 35.3
4 184.0 232.2
5 142.0 137.1
5 210.0 206.2
5 44.0 77.0
5 280.0 272.4
4 296.0 280.2
3 284.0 270.7
5 256.0 242.1
2 298.0 252.0
5 234.0 236.2
5 164.0 154.5
2 90.0 113.0
3 266.0 289.7
3 190.0 214.8
5 26.0 19.7
4 334.0 297.8
4 318.0 246.4
5 284.0 307.9
4 134.0 130.2
2 92.0 113.7
3 314.0 345.4
5 338.0 348.2
4 88.0 97.6
4 330.0 339.9
2 156.0 229.7
4 58.0 84.7
2 102.0 52.3
2 54.0 61.7
2 250.0 265.5
3 350.0 326.0
3 182.0 174.3
5 68.0 115.6
2 58.0 117.1
5 200.0 198.8
3 352.0 340.4
4 10.0 0.6
5 126.0 129.6
3 296.0 258.6
3 168.0 179.5
4 28.0 52.1
3 160.0 160.3
2 202.0 159.9
3 38.0 98.0
3 272.0 332.8
5 350.0 1.3
5 56.0 64.1
2 270.0 272.1
3 236.0 239.3
2 126.0 130.5
5 104.0 78.4
3 190.0 220.4
4 166.0 175.8
2 324.0 8.2
4 46.0 40.2
3 72.0 58.2
4 98.0 119.9
4 86.0 86.6
2 6.0 163.4
3 18.0 356.6
4 2.0 11.7
5 356.0 330.5
5 30.0 31.6
2 188.0 37.7
2 52.0 97.3
3 48.0 115.8
2 24.0 140.9
5 160.0 161.3
5 358.0 346.0
5 74.0 72.6
4 316.0 273.8
2 36.0 90.5
4 324.0 339.7
5 174.0 180.0
4 352.0 339.6
3 184.0 187.1
4 276.0 291.3
2 196.0 305.9
4 108.0 106.2
5 38.0 77.6
4 248.0 241.0
3 218.0 229.1
4 246.0 245.3
4 338.0 341.9
4 270.0 257.5
3 268.0 299.9
2 46.0 355.1
3 204.0 271.3
4 66.0 50.7
3 332.0 326.2
3 272.0 214.7
3 44.0 75.3
3 146.0 151.1
3 108.0 70.5
2 172.0 268.6
2 38.0 73.2
5 126.0 124.3
2 152.0 77.7
5 88.0 74.2
3 318.0 357.0
3 282.0 244.5
4 294.0 242.4
2 354.0 44.6
5 86.0 45.1
3 244.0 268.5
2 88.0 91.1
5 184.0 198.7
3 214.0 274.0
3 254.0 276.5
2 152.0 133.8
5 228.0 204.8
4 214.0 213.2
2 234.0 55.0
4 172.0 171.3
5 82.0 40.6
5 102.0 56.0
5 256.0 272.2
3 54.0 44.5
5 356.0 347.0
4 50.0 45.1
3 10.0 33.3
2 34.0 352.6
4 260.0 309.2
3 174.0 204.6
5 268.0 220.7
2 54.0 90.0
4 4.0 5.4
3 134.0 144.1
4 246.0 209.0
4 148.0 153.1
3 254.0 199.4
3 24.0 20.3
3 280.0 315.2
4 312.0 320.1
4 184.0 166.2
2 20.0 20.3
3 90.0 45.5
2 4.0 13.1
3 330.0 341.5
3 250.0 282.2
4 264.0 208.8
5 22.0 25.9
4 58.0 84.5
5 306.0 296.9
3 258.0 236.0
4 328.0 305.8
5 180.0 240.5
5 98.0 71.4
4 138.0 132.7
2 246.0 164.4
4 84.0 98.0
3 208.0 256.9
5 132.0 140.7
2 34.0 79.8
4 214.0 273.3
4 108.0 93.9
5 182.0 195.7
5 80.0 70.5
3 258.0 173.9
5 246.0 238.5
3 36.0 104.1
3 24.0 48.2
5 318.0 294.8
4 96.0 81.6
5 214.0 255.6
4 298.0 290.7
4 14.0 7.6
5 24.0 16.8
2 320.0 345.5
4 300.0 347.7
2 190.0 296.7
3 204.0 266.9
3 358.0 312.4
4 72.0 90.5
5 84.0 121.0
4 252.0 260.6
5 240.0 230.4
4 122.0 110.2
2 292.0 270.1
2 12.0 18.3
4 20.0 51.7
2 8.0 341.7
3 324.0 314.4
2 174.0 169.7
5 284.0 234.5
3 252.0 202.5
4 14.0 9.6
4 316.0 344.4
4 34.0 40.9
2 84.0 110.3
5 164.0 161.1
3 126.0 103.2
2 244.0 167.8
2 134.0 152.7
4 4.0 332.7
5 306.0 333.5
2 208.0 151.6
2 308.0 241.9
4 352.0 313.0
2 338.0 314.7
5 54.0 34.2
4 244.0 259.7
4 78.0 82.8
3 326.0 338.2
2 32.0 159.9
2 354.0 4.5
3 262.0 249.4
3 10.0 5.0
4 194.0 204.4
4 338.0 255.7
5 4.0 10.1
3 304.0 308.7
3 70.0 74.1
2 194.0 262.0
4 138.0 147.2
3 306.0 259.0
2 260.0 162.0
5 270.0 297.3
2 164.0 62.4
2 302.0 10.7
5 202.0 183.4
3 116.0 81.4
3 180.0 205.0
2 322.0 317.0
5 130.0 124.1
3 262.0 240.3
5 262.0 293.5
5 130.0 128.3
4 344.0 312.0
2 338.0 303.5
4 258.0 296.4
3 44.0 68.6
5 316.0 312.1
4 336.0 339.9
3 186.0 176.5
3 94.0 46.7
3 174.0 197.8
3 106.0 83.9
5 20.0 16.1
4 320.0 327.9
2 324.0 229.0
4 174.0 186.3
4 276.0 202.3
5 58.0 77.7
2 50.0 99.6
2 104.0 96.2
2 110.0 62.7
3 26.0 40.2
5 94.0 114.9
5 190.0 191.5
5 22.0 15.7
4 94.0 91.0
2 42.0 359.8
4 142.0 139.5
4 66.0 34.9
2 264.0 265.3
3 24.0 18.7
5 200.0 224.6
5 28.0 38.1
3 290.0 313.5
2 250.0 305.7
2 208.0 173.0
4 22.0 35.4
5 98.0 108.4
2 68.0 327.5
4 260.0 214.3
4 276.0 280.3
2 134.0 184.6
5 94.0 72.6
5 344.0 341.6
4 332.0 289.4
2 104.0 105.4
5 268.0 228.5
3 108.0 66.2
3 20.0 10.6
2 104.0 29.9
3 250.0 181.5
3 142.0 147.4
5 74.0 103.3
4 298.0 319.0
5 326.0 350.5
3 176.0 179.3
4 320.0 59.1
4 310.0 273.4
3 312.0 357.6
2 286.0 333.0
5 186.0 189.3
2 22.0 292.4
2 322.0 321.4
4 64.0 87.4
2 248.0 173.0
4 16.0 28.1
4 82.0 120.4
3 176.0 209.3
5 130.0 126.2
2 164.0 136.4
5 48.0 37.8
3 52.0 91.0
4 144.0 132.0
2 246.0 15.7
4 196.0 179.0
3 132.0 122.4
2 326.0 209.3
2 250.0 350.2
2 138.0 73.3
5 28.0 39.2
3 160.0 159.0
2 58.0 83.2
5 106.0 87.1
2 286.0 332.7
2 78.0 258.2
3 188.0 182.7
3 176.0 231.1
3 58.0 93.1
5 46.0 43.2
4 316.0 316.7
5 22.0 10.6
5 312.0 342.7
5 236.0 219.7
3 62.0 44.5
5 348.0 333.5
2 92.0 234.7
2 260.0 3.3
2 302.0 325.7
2 200.0 248.8
2 78.0 76.3
3 322.0 247.0
2 170.0 243.1
2 38.0 135.7
4 38.0 91.4
4 300.0 317.9
4 104.0 78.4
5 78.0 77.2
4 222.0 188.8
4 236.0 259.3
4 308.0 342.2
4 106.0 113.7
5 4.0 2.0
2 174.0 201.5
5 6.0 1.5
5 42.0 48.8
3 212.0 203.2
4 170.0 181.7
5 350.0 351.0
3 186.0 184.0
2 38.0 14.2
5 350.0 348.6
3 132.0 114.5
4 112.0 95.1
3 234.0 166.1
4 188.0 191.6
2 136.0 211.2
5 126.0 114.4
3 24.0 54.3
3 32.0 7.9
3 350.0 324.9
2 326.0 180.5
4 350.0 344.8
4 340.0 332.0
3 72.0 84.6
2 158.0 159.2
3 104.0 91.8
4 74.0 23.2
5 274.0 225.0
5 78.0 64.5
3 82.0 55.7
5 232.0 224.2
4 296.0 336.6
2 282.0 251.0
2 146.0 291.7
5 334.0 323.2
5 22.0 19.1
4 144.0 142.7
4 208.0 193.8
5 94.0 61.8
2 242.0 252.0
5 40.0 69.7
3 136.0 144.8
3 286.0 303.8
2 180.0 141.0
5 214.0 250.3
2 232.0 228.5
2 268.0 235.4
4 12.0 22.1
4 134.0 109.9
4 352.0 323.2
5 272.0 305.4
2 264.0 277.3
5 140.0 140.7
3 112.0 124.8
4 220.0 41.1
4 22.0 16.8
5 320.0 292.0
2 228.0 320.7
3 352.0 344.5
3 46.0 60.7
3 16.0 234.0
3 28.0 24.0
2 96.0 78.4
3 272.0 198.8
4 354.0 317.4
5 74.0 53.4
5 152.0 146.9
4 74.0 90.8
2 184.0 219.5
4 316.0 308.1
3 150.0 186.3
4 204.0 244.3
2 222.0 260.3
4 254.0 247.6
2 230.0 151.6
5 26.0 29.6
2 322.0 52.4
5 44.0 45.3
3 320.0 229.1
4 42.0 103.0
5 56.0 26.7
5 218.0 252.3
5 358.0 355.2
4 122.0 119.5
5 10.0 10.8
3 256.0 290.4
3 130.0 92.6
5 198.0 189.7
2 324.0 238.4
3 270.0 235.9
3 288.0 294.2
4 164.0 155.8
3 296.0 188.5
2 320.0 321.3
2 180.0 227.7
2 268.0 353.4
4 146.0 149.6
4 92.0 85.9
4 44.0 73.4
3 142.0 129.2
2 166.0 246.5
3 208.0 218.9
3 180.0 26.6
3 2.0 334.1
3 234.0 210.3
4 36.0 92.6
5 16.0 14.1
2 288.0 324.1
2 88.0 136.5
2 270.0 151.3
4 66.0 52.0
3 22.0 39.2
3 336.0 295.5
4 190.0 231.2
5 128.0 121.7
2 242.0 245.9
3 180.0 144.5
4 58.0 60.2
3 74.0 100.8
5 54.0 74.3
5 8.0 356.9
4 298.0 242.8
4 164.0 170.6
3 56.0 95.0
2 294.0 347.1
3 14.0 3.8
3 178.0 165.6
2 58.0 25.2
2 342.0 342.3
2 34.0 120.5
4 72.0 76.9
4 342.0 303.9
2 324.0 81.5
5 176.0 199.3
4 336.0 296.8
3 116.0 54.8
5 64.0 56.7
4 190.0 165.9
3 134.0 120.6
4 194.0 232.3
3 352.0 326.3
3 210.0 238.2
5 44.0 30.5
4 184.0 182.6
4 108.0 285.8
3 116.0 69.5
3 330.0 258.4
3 46.0 96.0
5 92.0 71.3
2 280.0 221.9
2 300.0 44.4
4 224.0 228.1
5 90.0 88.5
3 250.0 306.2
4 188.0 240.3
5 316.0 137.0
5 184.0 202.0
2 98.0 48.5
4 214.0 181.3
2 330.0 285.5
2 30.0 75.6
3 42.0 59.7
5 34.0 50.7
2 266.0 27.8
4 128.0 131.4
2 350.0 247.0
3 222.0 229.3
2 246.0 196.6
2 102.0 309.9
5 232.0 57.9
4 18.0 330.5
2 350.0 321.0
3 170.0 175.6
2 70.0 67.7
3 338.0 348.9
3 106.0 115.4
5 352.0 335.0
3 156.0 206.0
3 208.0 210.4
2 144.0 159.2
2 136.0 263.1
4 58.0 84.9
2 146.0 96.7
5 46.0 73.7
3 256.0 233.3
3 24.0 21.6
4 36.0 336.8
4 200.0 242.6
5 294.0 312.1
2 172.0 209.6
2 354.0 5.0
4 246.0 260.3
5 220.0 246.3
3 284.0 319.5
4 138.0 130.5
5 58.0 36.2
3 150.0 185.3
4 2.0 5.9
2 202.0 356.7
3 72.0 109.0
5 218.0 184.5
5 118.0 114.6
2 52.0 102.8
2 316.0 240.9
4 34.0 41.2
5 342.0 296.9
4 236.0 223.3
4 192.0 223.4
4 302.0 306.1
2 222.0 120.1
4 102.0 100.0
3 92.0 104.6
3 182.0 222.5
5 110.0 74.5
5 88.0 81.1
5 34.0 46.9
2 304.0 10.5
4 18.0 25.9
5 70.0 81.1
5 334.0 320.4
3 350.0 7.7
4 92.0 75.8
3 126.0 113.5
4 170.0 167.2
4 238.0 261.8
5 206.0 187.5
2 326.0 322.4
2 314.0 133.6
4 358.0 317.4
4 306.0 305.1
3 288.0 289.8
3 134.0 131.2
3 186.0 190.6
3 180.0 168.2
3 322.0 4.2
3 200.0 248.4
5 292.0 245.7
3 2.0 322.0
3 48.0 61.4
2 122.0 90.1
2 10.0 313.2
5 72.0 50.8
5 294.0 277.5
4 284.0 302.9
3 220.0 236.5
2 274.0 40.2
5 138.0 134.5
5 56.0 63.2
2 272.0 98.8
5 122.0 95.2
5 270.0 220.1
5 190.0 172.9
4 94.0 71.9
2 176.0 218.4
2 216.0 322.8
5 342.0 335.6
4 296.0 293.9
2 224.0 169.4
3 338.0 302.8
3 102.0 28.2
2 46.0 84.5
2 304.0 299.9
4 274.0 236.1
5 294.0 300.5
3 40.0 61.4
2 298.0 214.0
3 346.0 266.6
3 274.0 306.7
5 330.0 357.3
3 116.0 98.3
3 260.0 244.3
2 32.0 71.4
5 348.0 342.4
5 272.0 257.7
4 14.0 4.1
3 34.0 89.4
4 150.0 155.8
2 226.0 255.8
4 232.0 213.6
2 34.0 67.9
5 114.0 62.7
2 86.0 120.8
2 152.0 84.0
2 118.0 75.4
3 50.0 70.5
3 34.0 102.2
4 304.0 297.7
3 358.0 359.0
3 110.0 66.2
3 34.0 70.0
5 272.0 261.3
3 156.0 150.6
5 64.0 58.3
4 116.0 120.0
2 90.0 153.9
3 358.0 354.9
4 214.0 227.9
2 214.0 210.5
5 302.0 358.8
5 150.0 151.3
2 44.0 56.5
5 86.0 105.7
4 132.0 135.2
3 110.0 106.7
4 24.0 39.9
5 44.0 317.8
2 304.0 301.5
3 250.0 194.1
4 218.0 223.0
2 154.0 253.7
5 178.0 186.7
4 162.0 159.9
3 64.0 66.9
5 340.0 340.0
5 164.0 167.1
5 44.0 55.5
3 220.0 225.3
2 326.0 16.5
2 110.0 16.2
2 148.0 134.8
4 342.0 317.6
2 236.0 203.1
2 8.0 8.2
5 246.0 220.1
3 92.0 99.0
2 8.0 353.3
2 146.0 183.0
4 182.0 229.9
4 190.0 236.2
5 284.0 292.4
3 210.0 241.4
4 90.0 111.3
3 56.0 92.9
4 276.0 312.2
2 12.0 351.9
4 226.0 269.0
2 200.0 269.3
4 246.0 249.7
5 180.0 167.2
4 268.0 274.4
4 278.0 270.1
5 192.0 191.2
5 182.0 185.9
3 176.0 175.1
5 312.0 310.1
5 228.0 255.6
2 4.0 24.7
4 294.0 310.0
5 206.0 201.7
4 350.0 337.6
4 224.0 224.1
4 234.0 247.6
5 346.0 320.4
3 240.0 246.7
2 260.0 179.4
2 0.0 335.2
2 72.0 68.7
5 212.0 233.1
5 116.0 102.6
5 204.0 167.2
2 114.0 45.3
3 318.0 267.9
2 94.0 62.7
3 234.0 205.6
2 178.0 143.6
5 98.0 75.7
5 290.0 285.2
5 72.0 70.8
2 98.0 95.4
4 116.0 125.5
4 70.0 111.0
5 146.0 143.1
4 250.0 238.1
4 224.0 184.8
5 92.0 81.1
4 120.0 97.5
2 16.0 21.0
3 50.0 48.8
3 64.0 116.3
4 262.0 263.8
5 334.0 350.5
5 100.0 123.1
4 228.0 247.8
2 230.0 105.0
3 302.0 278.0
2 176.0 135.1
5 184.0 189.1
3 38.0 40.1
4 318.0 309.0
2 206.0 341.4
2 202.0 213.3
5 132.0 123.6
3 138.0 146.2
4 246.0 232.5
2 154.0 179.1
5 152.0 149.8
2 52.0 127.2
3 172.0 182.3
4 6.0 10.9
4 208.0 213.1
5 264.0 231.6
5 78.0 111.1
5 274.0 249.1
4 156.0 179.4
5 128.0 128.4
4 70.0 48.6
3 164.0 200.1
5 322.0 344.2
2 162.0 189.2
4 86.0 72.3
5 148.0 150.6
5 254.0 250.1
5 38.0 42.2
2 80.0 98.4
3 70.0 83.6
4 328.0 308.9
2 356.0 263.5
2 266.0 347.5
4 246.0 269.2
2 28.0 101.5
3 70.0 123.7
3 124.0 106.9
2 196.0 249.7
4 98.0 322.0
4 42.0 77.8
2 190.0 287.0
5 350.0 347.4
5 180.0 185.3
2 30.0 85.6
4 336.0 338.1
3 18.0 24.0
3 338.0 329.7
5 158.0 166.1
2 332.0 332.7
2 140.0 142.0
2 10.0 56.4
4 358.0 356.8
2 64.0 35.1
2 134.0 116.5
4 336.0 341.5
3 18.0 21.6
2 196.0 180.9
2 52.0 52.3
5 188.0 203.3
2 180.0 325.8
4 274.0 311.3
3 20.0 0.4
4 70.0 34.1
2 246.0 281.6
5 284.0 282.4
5 4.0 355.8
2 42.0 342.3
5 160.0 160.6
4 56.0 87.0
2 204.0 226.1
4 184.0 205.7
5 274.0 300.7
5 214.0 236.8
3 62.0 37.0
5 250.0 264.2
4 186.0 170.0
5 224.0 245.0
4 60.0 72.4
2 338.0 235.3
2 4.0 336.4
3 232.0 260.3
2 246.0 277.4
3 244.0 250.2
4 122.0 88.8
2 54.0 34.4
3 190.0 283.6
2 68.0 137.7
2 160.0 155.7
4 244.0 241.2
2 216.0 310.3
4 162.0 37.4
5 100.0 102.7
5 260.0 256.6
3 200.0 308.8
5 114.0 116.5
4 46.0 116.2
5 78.0 81.4
2 216.0 162.5
4 82.0 46.5
4 42.0 70.2
2 50.0 3.2
4 120.0 110.7
3 138.0 131.4
4 196.0 237.5
3 250.0 287.2
5 232.0 207.8
2 232.0 131.5
4 92.0 95.1
3 48.0 101.3
5 286.0 322.7
5 228.0 200.2
4 234.0 243.8
3 38.0 84.3
3 326.0 338.2
3 78.0 66.8
3 50.0 29.1
3 310.0 287.4
3 120.0 123.0
2 50.0 123.0
3 206.0 273.4
5 318.0 332.0
4 34.0 50.2
4 32.0 32.8
3 286.0 275.4
4 314.0 321.2
2 52.0 67.7
4 200.0 207.4
2 294.0 18.7
3 266.0 282.8
3 324.0 331.0
5 46.0 75.9
4 304.0 296.2
4 188.0 227.8
5 266.0 264.8
3 208.0 210.6
4 120.0 85.4
2 150.0 200.3
3 324.0 342.4
5 268.0 256.2
5 76.0 71.2
3 192.0 184.0
5 358.0 347.8
4 304.0 7.2
2 96.0 70.7
5 112.0 111.7
5 172.0 180.1
5 74.0 86.4
4 144.0 158.2
5 358.0 351.8
5 210.0 208.8
2 278.0 239.7
5 168.0 169.3
5 100.0 93.8
2 126.0 75.1
4 238.0 228.0
5 102.0 108.2
2 134.0 86.2
4 226.0 190.6
5 140.0 139.5
2 282.0 281.1
5 260.0 281.0
4 144.0 144.5
5 38.0 69.1
4 98.0 94.3
4 282.0 281.1
2 162.0 155.7
5 96.0 91.1
4 312.0 339.5
4 154.0 151.5
5 334.0 353.2
5 168.0 182.7
4 120.0 94.2
3 332.0 348.9
2 350.0 296.4
5 136.0 131.9
5 88.0 49.5
5 102.0 59.4
5 180.0 177.1
4 282.0 240.2
4 78.0 93.8
3 252.0 235.6
4 12.0 20.6
5 248.0 231.0
5 196.0 215.4
3 280.0 192.4
2 350.0 351.9
3 336.0 299.3
4 276.0 328.7
5 284.0 301.7
4 218.0 274.9
3 96.0 81.5
4 354.0 308.2
3 128.0 41.2
5 110.0 83.0
4 250.0 233.3
3 154.0 171.2
4 262.0 249.9
2 164.0 262.0
2 354.0 241.4
5 140.0 140.2
2 106.0 134.8
2 32.0 343.5
2 4.0 123.0
3 248.0 312.5
5 68.0 73.9
2 16.0 240.9
4 218.0 230.3
4 304.0 285.1
4 294.0 261.5
5 76.0 109.6
4 290.0 317.6
3 56.0 74.5
2 98.0 122.8
5 304.0 321.3
3 270.0 326.3
5 70.0 91.8
3 194.0 199.7
5 114.0 60.6
2 280.0 270.0
4 68.0 41.5
5 264.0 275.3
5 212.0 207.3
4 230.0 266.7
4 200.0 197.2
3 224.0 207.1
3 72.0 83.9
5 302.0 269.6
2 204.0 202.0
5 68.0 46.1
5 88.0 93.4
4 62.0 49.1
2 214.0 164.3
2 266.0 237.6
5 294.0 299.6
2 164.0 217.6
5 140.0 138.4
5 20.0 23.6
3 88.0 104.7
5 320.0 313.2
3 204.0 300.6
3 132.0 117.3
4 126.0 127.0
4 180.0 157.5
4 30.0 59.7
5 68.0 79.0
4 290.0 246.6
4 234.0 243.3
4 30.0 29.3
3 148.0 150.5
4 2.0 353.6
2 94.0 99.1
4 66.0 97.3
5 266.0 217.9
4 234.0 218.6
4 108.0 123.4
3 70.0 101.0
3 320.0 280.5
2 232.0 172.5
3 348.0 7.3
2 50.0 313.6
2 160.0 200.2
2 206.0 296.5
2 196.0 324.5
5 114.0 82.5
4 70.0 97.5
4 294.0 249.5
2 308.0 47.1
5 80.0 78.8
2 122.0 62.5
4 24.0 55.9
4 304.0 339.6
5 264.0 318.9
3 132.0 143.4
5 40.0 60.2
4 230.0 254.6
5 242.0 223.5
2 342.0 122.1
4 344.0 346.0
2 232.0 307.9
4 212.0 201.2
5 212.0 270.1
3 286.0 275.1
3 316.0 263.0
3 58.0 54.0
3 356.0 339.5
2 294.0 70.6
5 116.0 88.8
4 104.0 103.3
2 256.0 267.8
3 280.0 253.7
5 356.0 351.5
2 238.0 3.6
4 310.0 321.6
5 154.0 158.1
4 192.0 209.3
3 22.0 44.6
3 242.0 276.4
5 312.0 266.6
2 192.0 7.6
3 158.0 158.5
3 284.0 257.2
4 144.0 153.2
2 142.0 79.2
2 110.0 118.8
2 288.0 55.5
3 66.0 54.3
4 188.0 209.9
3 262.0 241.8
3 260.0 303.0
5 286.0 259.7
2 248.0 303.5
3 82.0 87.2
2 90.0 121.5
2 56.0 45.1
3 246.0 236.0
5 240.0 204.7
3 288.0 297.7
4 146.0 142.3
2 352.0 22.1
3 200.0 295.6
5 34.0 92.1
5 234.0 262.2
2 268.0 322.5
3 132.0 88.6
4 62.0 77.5
3 286.0 249.7
5 134.0 115.6
3 196.0 199.7
3 0.0 349.3
4 176.0 176.8
5 322.0 317.8
2 336.0 246.0
5 116.0 72.3
3 36.0 88.0
4 260.0 220.1
2 212.0 326.1
5 262.0 236.9
5 12.0 16.9
2 106.0 81.4
2 154.0 170.4
3 80.0 115.3
2 332.0 359.3
3 78.0 83.3
5 178.0 159.7
2 124.0 98.9
4 318.0 279.7
5 292.0 321.5
4 192.0 228.3
4 32.0 46.9
4 302.0 244.1
4 14.0 11.0
4 206.0 214.0
3 240.0 304.5
3 314.0 284.1
5 92.0 48.7
5 126.0 119.9
3 186.0 180.0
2 212.0 206.0
3 190.0 210.6
5 120.0 120.5
2 70.0 104.0
2 294.0 304.7
5 284.0 250.6
5 138.0 143.9
2 60.0 120.0
2 328.0 228.2
5 48.0 44.4
5 150.0 145.1
3 70.0 12.2
3 206.0 297.2
3 12.0 2.7
3 60.0 72.2
4 306.0 325.2
4 262.0 284.4
2 156.0 170.4
3 258.0 6.6
4 28.0 48.5
2 122.0 27.1
4 226.0 246.0
5 246.0 242.2
3 14.0 14.5
5 296.0 359.0
2 184.0 153.3
3 358.0 334.9
2 112.0 228.8
3 54.0 69.1
4 156.0 150.1
2 188.0 263.6
2 98.0 86.1
5 314.0 302.8
2 250.0 145.7
5 64.0 86.2
2 314.0 345.5
3 258.0 202.5
3 294.0 305.4
5 318.0 346.5
2 52.0 70.6
4 324.0 323.8
2 134.0 111.2
4 26.0 26.0
5 290.0 310.6
3 310.0 350.7
5 206.0 217.0
2 12.0 313.0
3 122.0 104.8
2 22.0 19.8
5 206.0 216.3
2 32.0 85.9
3 142.0 137.2
3 226.0 128.9
3 246.0 245.8
2 230.0 270.0
4 18.0 11.6
4 298.0 335.8
5 118.0 121.2
2 152.0 94.9
5 260.0 336.0
2 246.0 319.6
2 168.0 261.0
4 256.0 286.0
2 98.0 90.9
4 138.0 156.6
5 346.0 314.4
5 70.0 71.2
3 214.0 257.7
5 244.0 281.9
3 100.0 93.2
5 216.0 245.7
4 308.0 323.3
2 144.0 195.6
4 44.0 69.3
4 328.0 1.4
2 40.0 121.8
2 138.0 242.7
5 72.0 71.6
3 322.0 322.8
3 204.0 279.2
2 96.0 73.2
4 186.0 152.0
2 66.0 108.3
5 156.0 159.4
5 210.0 227.5
2 282.0 321.0
4 32.0 92.3
4 204.0 238.1
3 352.0 327.0
4 26.0 31.4
4 348.0 344.0
2 26.0 71.9
2 30.0 91.6
4 182.0 194.1
3 144.0 139.7
5 104.0 74.5
4 266.0 252.9
5 356.0 332.3
2 216.0 173.2
3 74.0 82.3
5 158.0 158.5
2 46.0 104.3
2 358.0 318.0
5 280.0 297.2
4 268.0 251.6
4 36.0 52.2
3 156.0 184.9
3 192.0 211.7
3 186.0 195.1
4 332.0 305.8
2 94.0 19.2
2 302.0 334.5
2 108.0 134.1
5 78.0 76.3
4 36.0 54.6
3 266.0 287.2
3 196.0 208.6
2 236.0 301.4
3 260.0 133.4
2 134.0 155.0
4 132.0 90.2
2 178.0 208.4
5 288.0 265.1
2 314.0 335.0
4 350.0 323.2
5 350.0 348.7
4 8.0 14.5
4 314.0 285.8
5 296.0 331.3
2 158.0 217.3
2 290.0 271.2
5 346.0 301.3
5 66.0 75.3
2 282.0 265.2
5 330.0 353.7
4 216.0 189.4
3 276.0 285.6
3 342.0 349.2
4 262.0 296.1
4 328.0 349.5
4 208.0 37.5
2 342.0 316.0
4 2.0 133.9
2 116.0 103.1
4 90.0 86.3
3 170.0 178.8
4 162.0 181.7
3 260.0 320.8
4 138.0 141.5
2 156.0 100.8
2 60.0 116.9
2 222.0 205.6
2 256.0 220.3
4 290.0 299.7
3 50.0 61.7
3 86.0 82.1
5 144.0 139.0
4 280.0 294.9
3 268.0 235.2
2 112.0 191.4
3 106.0 68.8
5 80.0 54.8
2 120.0 84.1
4 54.0 73.6
3 292.0 277.8
2 348.0 303.1
4 152.0 149.7
3 162.0 158.5
4 244.0 276.5
3 304.0 331.2
3 182.0 191.0
3 22.0 179.9
3 196.0 215.8
2 282.0 278.7
4 136.0 136.3
3 80.0 111.9
3 210.0 189.6
3 236.0 256.6
4 278.0 302.3
5 314.0 328.3
3 268.0 233.3
4 46.0 66.7
4 190.0 182.3
5 272.0 263.7
3 278.0 323.2
5 276.0 273.4
4 340.0 324.1
5 156.0 140.7
5 36.0 30.6
2 244.0 216.5
2 344.0 17.9
3 158.0 153.0
2 74.0 182.5
3 312.0 285.4
3 306.0 297.5
2 182.0 93.6
4 54.0 74.8
2 222.0 242.1
5 252.0 238.0
2 322.0 4.8
4 296.0 278.6
4 78.0 71.6
2 208.0 223.3
4 66.0 70.4
4 196.0 181.0
4 202.0 204.6
4 32.0 46.7
2 110.0 99.0
5 306.0 287.2
3 324.0 314.8
3 92.0 43.0
2 28.0 53.4
4 142.0 142.8
2 52.0 54.6
3 328.0 325.9
3 206.0 284.7
3 98.0 73.3
3 240.0 228.2
3 278.0 317.6
3 18.0 20.6
5 128.0 136.9
4 164.0 181.6
4 332.0 309.1
5 236.0 228.8
3 120.0 93.2
2 222.0 231.4
3 50.0 91.2
4 254.0 199.2
3 298.0 319.9
5 262.0 250.0
5 330.0 317.9
2 44.0 104.4
2 12.0 34.0
2 112.0 96.7
5 68.0 96.3
2 142.0 178.1
3 338.0 281.8
3 352.0 344.2
3 0.0 303.7
5 308.0 324.5
3 250.0 245.2
3 184.0 256.6
3 134.0 123.8
4 286.0 144.3
3 108.0 79.2
5 200.0 170.6
4 344.0 350.5
3 310.0 270.6
5 280.0 237.6
5 244.0 226.0
5 336.0 317.6
5 102.0 108.6
2 16.0 152.8
3 190.0 197.4
5 68.0 41.5
2 292.0 1.1
3 10.0 3.3
5 288.0 322.9
3 278.0 250.7
3 108.0 117.6
5 196.0 275.6
4 122.0 103.6
4 76.0 64.4
4 288.0 294.5
3 60.0 74.1
4 244.0 266.5
5 290.0 291.3
5 302.0 290.3
5 312.0 358.9
2 20.0 69.5
2 42.0 152.3
3 228.0 191.4
5 6.0 5.5
4 46.0 110.6
2 82.0 39.3
4 56.0 125.6
5 292.0 111.7
4 114.0 101.3
4 348.0 303.9
4 144.0 245.1
2 356.0 55.8
4 210.0 234.8
2 162.0 146.7
5 316.0 351.7
5 332.0 322.3
3 240.0 279.9
5 214.0 240.8
3 58.0 60.6
4 106.0 76.0
5 346.0 292.6
2 306.0 303.2
3 326.0 220.3
5 354.0 2.6
2 198.0 35.7
3 2.0 5.5
5 260.0 221.1
4 156.0 149.8
3 172.0 177.9
2 0.0 326.8
3 354.0 350.6
2 152.0 161.7
4 136.0 141.4
4 262.0 241.7
3 258.0 264.3
4 298.0 316.9
3 170.0 220.4
3 158.0 192.4
2 4.0 331.9
2 238.0 161.4
3 42.0 102.3
5 166.0 160.3
4 114.0 98.7
4 10.0 28.6
4 300.0 299.4
2 184.0 90.3
2 344.0 222.3
5 66.0 91.5
2 106.0 44.7
5 318.0 316.8
5 138.0 141.2
3 88.0 93.9
2 174.0 170.8
5 234.0 243.4
5 26.0 31.8
3 358.0 331.7
2 202.0 205.4
2 356.0 328.1
2 292.0 297.5
2 242.0 292.5
5 140.0 147.7
3 82.0 79.7
2 122.0 129.9
3 14.0 12.5
2 190.0 119.8
5 138.0 130.0
2 278.0 239.6
3 118.0 89.4
3 356.0 324.6
3 166.0 169.4
2 240.0 102.4
3 306.0 351.5
2 248.0 299.3
2 86.0 43.8
5 168.0 163.9
5 254.0 234.5
5 108.0 103.7
5 256.0 271.7
4 198.0 204.7
5 304.0 309.3
2 236.0 237.9
4 104.0 87.5
5 64.0 81.9
3 270.0 226.5
3 310.0 315.5
4 312.0 318.3
3 188.0 179.6
5 272.0 297.3
3 296.0 269.0
5 60.0 57.2
5 340.0 319.3
5 34.0 24.4
2 242.0 232.2
5 28.0 41.1
2 282.0 293.5
4 260.0 243.4
4 224.0 207.7
2 294.0 306.4
4 132.0 137.5
4 22.0 152.9
2 78.0 34.5
4 80.0 79.6
3 230.0 249.0
5 174.0 200.1
5 334.0 336.8
3 328.0 303.5
4 74.0 39.4
4 322.0 327.0
4 170.0 187.2
4 88.0 109.6
2 60.0 56.4
3 248.0 211.4
4 290.0 256.0
2 300.0 251.8
4 290.0 260.3
4 344.0 310.0
3 236.0 215.5
4 212.0 239.7
4 274.0 264.3
4 212.0 235.1
5 80.0 94.4
3 40.0 39.7
3 164.0 224.9
2 132.0 144.1
5 60.0 88.0
3 338.0 349.5
4 192.0 279.8
5 298.0 307.2
5 62.0 32.5
4 228.0 186.1
3 196.0 208.0
2 318.0 308.0
4 68.0 74.6
3 152.0 98.1
3 68.0 69.7
5 128.0 120.3
3 78.0 82.8
5 338.0 344.0
2 82.0 73.9
2 256.0 215.5
2 140.0 166.6
4 244.0 231.7
4 54.0 45.2
4 10.0 20.5
4 290.0 312.1
4 24.0 40.0
4 316.0 279.0
5 188.0 188.3
3 296.0 249.0
3 132.0 100.5
4 302.0 277.0
2 38.0 31.4
5 32.0 47.7
2 196.0 235.5
4 120.0 61.8
2 232.0 331.2
3 248.0 214.1
4 18.0 7.7
4 168.0 203.0
5 84.0 29.9
2 14.0 349.5
2 356.0 312.0
3 340.0 337.9
5 188.0 185.6
5 212.0 226.2
3 244.0 321.2
4 22.0 23.4
4 356.0 315.5
2 114.0 71.7
5 340.0 301.6
5 20.0 20.0
3 70.0 72.1
5 318.0 329.2
5 192.0 195.7
3 180.0 184.9
2 72.0 98.4
5 306.0 311.7
2 260.0 231.9
4 114.0 94.6
5 138.0 146.3
4 254.0 309.0
3 228.0 228.6
5 332.0 281.4
2 54.0 110.9
5 114.0 90.1
3 306.0 254.1
5 10.0 7.2
2 328.0 275.4
4 104.0 60.8
3 156.0 157.7
5 344.0 346.4
4 28.0 29.7
5 166.0 163.1
2 46.0 69.0
5 128.0 124.4
3 114.0 83.6
3 118.0 141.8
3 130.0 155.2
4 258.0 175.9
2 114.0 77.2
4 30.0 70.1
2 108.0 168.7
5 280.0 236.8
2 88.0 61.8
5 188.0 213.5
4 228.0 194.7
5 14.0 18.2
3 358.0 358.9
5 294.0 303.7
3 262.0 224.5
5 70.0 44.7
3 78.0 69.2
4 352.0 337.1
4 356.0 337.5
4 346.0 310.7
3 60.0 72.7
2 188.0 248.0
3 204.0 232.8
4 156.0 153.5
5 342.0 322.7
3 160.0 192.3
3 354.0 353.5
4 188.0 175.8
5 286.0 299.3
4 218.0 234.7
2 244.0 199.2
2 268.0 21.7
4 296.0 329.0
4 34.0 73.9
5 36.0 46.8
3 296.0 284.8
3 2.0 4.9
2 240.0 148.3
2 340.0 327.6
3 348.0 352.5
4 222.0 203.1
4 154.0 165.8
3 198.0 241.1
3 168.0 197.4
5 272.0 290.7
5 10.0 13.9
3 358.0 6.5
4 170.0 187.3
2 304.0 139.5
2 278.0 26.9
5 96.0 105.5
2 162.0 148.1
2 250.0 235.9
2 126.0 71.0
5 214.0 231.1
3 64.0 99.9
3 68.0 87.6
2 158.0 86.2
4 258.0 257.5
2 298.0 77.0
3 202.0 249.2
4 220.0 172.5
2 160.0 131.4
3 174.0 183.4
5 64.0 30.7
5 4.0 1.9
2 48.0 42.9
4 210.0 207.8
2 318.0 297.0
2 144.0 145.2
5 50.0 78.9
3 252.0 244.4
3 228.0 277.8
5 222.0 211.6
2 60.0 123.8
5 286.0 279.4
4 90.0 68.2
5 112.0 125.1
4 142.0 136.0
4 98.0 49.9
5 52.0 72.5
5 130.0 116.0
3 46.0 262.6
3 332.0 310.3
5 232.0 234.5
4 42.0 74.7
3 234.0 245.4
2 270.0 41.3
3 86.0 57.0
4 138.0 144.9
2 76.0 63.5
2 162.0 180.4
2 14.0 3.2
2 180.0 187.2
2 170.0 325.3
5 314.0 289.9
4 144.0 119.1
5 358.0 352.1
3 192.0 163.2
2 6.0 334.4
4 28.0 77.4
5 282.0 286.2
2 74.0 153.7
2 256.0 272.1
2 254.0 207.4
4 88.0 71.0
3 90.0 51.1
5 196.0 193.5
3 264.0 323.2
2 358.0 202.8
4 114.0 93.2
4 298.0 270.2
5 316.0 243.1
2 72.0 60.4
3 190.0 214.9
2 294.0 156.7
3 60.0 80.6
5 268.0 291.8
5 60.0 63.7
2 270.0 146.9
3 132.0 130.1
4 238.0 264.8
2 64.0 264.7
4 72.0 54.2
5 238.0 231.9
5 214.0 233.9
3 138.0 119.9
5 124.0 97.4
4 154.0 159.6
3 294.0 325.2
2 338.0 329.3
5 64.0 112.5
3 224.0 239.9
4 240.0 235.3
4 194.0 209.3
3 266.0 248.6
3 24.0 46.5
4 212.0 229.5
5 256.0 220.4
2 48.0 84.9
2 260.0 327.9
2 4.0 125.7
4 332.0 323.1
3 242.0 237.6
2 98.0 45.0
3 196.0 196.5
5 218.0 224.4
2 70.0 321.6
3 86.0 120.6
2 262.0 216.1
2 40.0 91.3
3 314.0 292.2
2 92.0 92.4
2 6.0 121.5
5 210.0 222.5
2 358.0 294.8
4 78.0 48.4
5 162.0 160.4
5 10.0 10.1
3 170.0 231.6
3 40.0 64.1
2 206.0 52.3
2 4.0 21.1
3 246.0 281.7
5 204.0 254.5
3 314.0 302.5
4 242.0 214.7
2 340.0 183.0
5 356.0 341.2
2 58.0 84.2
3 144.0 142.3
2 342.0 335.9
4 102.0 102.0
4 92.0 58.3
2 228.0 263.4
3 126.0 51.3
3 270.0 286.7
2 284.0 172.0
4 84.0 90.9
3 296.0 354.3
5 110.0 36.6
3 112.0 58.0
4 216.0 229.7
4 280.0 78.3
2 92.0 211.6
4 68.0 59.1
3 130.0 140.4
4 266.0 298.9
5 58.0 103.3
3 12.0 7.2
4 170.0 157.3
2 186.0 311.9
3 66.0 113.5
4 310.0 313.5
5 52.0 75.5
2 350.0 156.2
4 268.0 290.3
5 170.0 173.5
5 22.0 23.1
3 2.0 4.7
2 248.0 224.2
3 326.0 278.2
2 162.0 53.5
5 102.0 68.5
2 192.0 202.9
4 12.0 14.1
4 174.0 208.9
5 54.0 85.0
3 310.0 324.7
2 250.0 191.4
4 256.0 249.5
4 104.0 96.9
4 302.0 291.5
5 142.0 139.6
3 138.0 132.5
3 222.0 262.4
3 66.0 103.3
3 132.0 101.5
3 6.0 6.6
5 62.0 103.2
4 292.0 347.1
4 268.0 211.6
4 26.0 44.3
3 150.0 154.7
3 86.0 117.5
4 220.0 238.8
4 230.0 195.2
5 234.0 241.2
2 68.0 106.4
2 288.0 61.2
2 198.0 241.1
3 154.0 145.8
4 226.0 290.1
3 92.0 52.5
5 124.0 100.5
2 70.0 133.5
2 252.0 324.4
4 202.0 243.7
2 118.0 38.5
3 26.0 30.9
4 150.0 149.9
2 222.0 317.4
4 122.0 118.7
3 258.0 284.6
5 52.0 78.6
2 220.0 169.3
4 332.0 351.1
3 312.0 252.1
5 156.0 158.3
3 120.0 111.6
4 114.0 116.5
2 306.0 205.8
2 94.0 47.1
3 46.0 94.8
3 342.0 8.5
2 62.0 99.8
2 258.0 236.2
2 12.0 340.6
2 64.0 51.2
2 102.0 100.2
5 98.0 76.8
3 276.0 278.5
3 174.0 218.1
3 74.0 60.9
3 90.0 74.0
4 54.0 63.5
4 180.0 203.6
2 32.0 49.2
5 318.0 332.2
4 274.0 254.4
4 310.0 329.4
2 28.0 57.4
2 88.0 342.8
5 334.0 323.5
5 104.0 46.4
2 258.0 261.2
3 236.0 216.2
2 182.0 213.9
2 328.0 204.3
4 78.0 116.6
3 80.0 232.9
2 222.0 240.1
3 310.0 290.9
4 352.0 332.9
3 30.0 52.9
2 84.0 106.4
3 354.0 309.1
5 358.0 348.5
5 144.0 142.9
4 216.0 240.0
4 286.0 283.5
4 104.0 70.3
4 134.0 137.0
5 192.0 227.5
2 192.0 285.8
5 222.0 225.9
3 10.0 7.3
4 34.0 54.3
4 244.0 238.4
3 28.0 53.0
5 178.0 178.9
4 330.0 296.5
3 262.0 261.6
4 180.0 257.5
5 348.0 328.3
3 26.0 27.8
5 98.0 82.3
4 24.0 54.9
4 124.0 104.1
5 90.0 49.1
4 238.0 177.1
2 14.0 10.5
4 356.0 340.7
3 324.0 320.8
4 292.0 297.0
2 254.0 287.6
2 132.0 190.0
2 230.0 264.6
2 136.0 175.6
3 264.0 275.6
5 22.0 18.5
2 120.0 33.6
2 266.0 313.7
3 328.0 345.9
3 188.0 180.9
2 150.0 168.0
3 102.0 55.1
3 62.0 56.1
3 294.0 260.3
3 110.0 108.4
3 162.0 161.9
4 264.0 259.4
2 36.0 102.9
5 86.0 101.4
3 56.0 68.1
4 136.0 117.3
5 254.0 246.0
4 344.0 336.2
4 58.0 169.8
3 336.0 254.6
5 230.0 227.3
5 164.0 163.9
3 260.0 299.9
3 314.0 342.4
5 16.0 27.0
5 108.0 68.4
3 228.0 244.6
5 334.0 339.5
3 294.0 248.7
3 154.0 134.7
3 188.0 102.6
3 220.0 214.4
2 276.0 183.9
4 320.0 342.4
3 164.0 154.6
5 104.0 94.2
4 312.0 327.0
5 74.0 109.3
4 212.0 182.7
2 112.0 198.0
5 126.0 120.2
2 84.0 1.8
3 324.0 244.9
5 54.0 58.8
5 330.0 306.8
4 232.0 268.2
3 302.0 230.1
3 138.0 151.0
5 330.0 335.0
5 42.0 85.8
4 228.0 271.4
5 326.0 309.4
3 308.0 317.3
5 282.0 308.2
5 128.0 138.1
5 56.0 65.5
2 330.0 299.3
3 204.0 219.9
2 222.0 247.3
4 24.0 38.4
4 24.0 79.4
2 154.0 209.5
2 50.0 43.9
4 94.0 88.7
4 130.0 127.1
2 290.0 165.6
2 106.0 105.2
2 88.0 167.2
5 212.0 244.3
2 130.0 93.6
3 244.0 214.3
5 328.0 300.5
3 6.0 8.0
4 44.0 83.0
2 58.0 101.0
2 42.0 64.6
2 58.0 96.7
3 210.0 159.7
2 148.0 181.7
4 134.0 146.7
5 224.0 197.2
3 134.0 125.3
3 140.0 147.0
4 226.0 209.9
2 176.0 358.1
2 84.0 18.3
2 40.0 38.8
4 74.0 59.5
4 316.0 233.1
5 214.0 188.5
5 260.0 230.3
5 174.0 180.8
5 210.0 243.0
2 160.0 108.5
3 268.0 284.2
4 204.0 186.2
4 182.0 188.1
5 4.0 356.5
3 188.0 202.0
5 164.0 154.2
2 246.0 123.6
4 310.0 319.8
4 34.0 98.9
5 16.0 5.6
3 318.0 356.1
5 42.0 62.2
4 278.0 275.0
2 164.0 288.6
3 54.0 66.8
2 204.0 268.1
3 356.0 351.8
3 142.0 149.3
2 2.0 0.5
3 270.0 266.9
2 332.0 284.3
3 70.0 49.1
3 136.0 144.0
2 352.0 304.1
3 86.0 93.5
2 296.0 343.8
4 350.0 1.6
3 278.0 251.5
4 60.0 90.4
2 328.0 324.2
3 68.0 81.1
3 18.0 355.6
4 110.0 94.0
4 258.0 179.2
5 274.0 275.0
2 278.0 19.3
4 356.0 339.2
2 154.0 114.7
3 26.0 86.9
5 288.0 293.0
4 324.0 300.4
3 10.0 1.2
3 60.0 95.3
5 112.0 96.5
2 34.0 76.9
2 190.0 176.6
5 18.0 19.0
2 220.0 201.0
3 172.0 195.1
5 344.0 314.6
3 34.0 89.2
4 242.0 267.3
5 358.0 330.5
5 154.0 151.1
5 266.0 245.1
2 48.0 108.8
4 332.0 350.5
2 130.0 306.4
3 300.0 279.3
4 204.0 215.3
3 238.0 232.3
5 146.0 151.2
2 260.0 338.7
4 198.0 264.1
4 256.0 287.1
2 18.0 86.0
5 322.0 341.8
3 322.0 340.7
4 154.0 141.6
2 210.0 265.4
4 294.0 260.0
2 214.0 42.7
5 184.0 198.6
4 208.0 207.3
3 72.0 70.1
2 320.0 33.0
3 356.0 16.8
2 32.0 48.4
4 254.0 216.7
3 6.0 11.6
3 68.0 71.7
4 164.0 189.5
5 114.0 70.4
5 154.0 159.4
2 156.0 127.4
3 34.0 62.3
4 268.0 195.9
2 256.0 36.9
4 144.0 141.3
5 42.0 60.6
5 314.0 317.3
2 246.0 177.8
2 2.0 335.3
2 84.0 54.6
2 308.0 286.5
4 194.0 236.4
4 194.0 221.2
2 104.0 99.8
3 250.0 280.0
3 216.0 176.2
4 316.0 334.3
5 86.0 75.1
3 348.0 1.3
3 154.0 171.9
2 302.0 328.2
5 214.0 203.3
2 336.0 312.9
4 66.0 88.9
5 180.0 180.1
5 358.0 323.3
3 88.0 80.4
2 124.0 29.6
4 178.0 212.7
5 42.0 26.6
5 186.0 173.1
2 330.0 347.5
4 338.0 328.0
3 38.0 34.5
2 314.0 23.3
3 128.0 130.3
4 280.0 305.0
2 332.0 293.2
2 64.0 59.2
4 328.0 22.9
5 218.0 210.3
5 348.0 334.6
5 352.0 349.3
5 358.0 341.5
4 66.0 52.1
3 190.0 226.2
4 244.0 218.8
3 196.0 263.7
3 128.0 147.4
2 166.0 144.2
3 202.0 208.1
2 222.0 270.2
3 60.0 64.1
3 156.0 158.6
2 186.0 194.5
2 218.0 122.9
4 338.0 357.4
3 200.0 230.6
3 340.0 355.3
2 168.0 161.3
5 198.0 214.8
2 128.0 271.7
5 250.0 187.8
5 244.0 228.3
5 306.0 342.1
5 244.0 279.1
4 288.0 275.5
4 144.0 141.1
3 36.0 78.8
2 24.0 43.4
3 168.0 174.3
5 176.0 173.2
3 310.0 291.2
2 298.0 224.3
4 212.0 235.0
3 108.0 52.3
5 330.0 301.5
2 116.0 87.1
5 310.0 282.0
4 334.0 340.2
5 32.0 25.9
4 358.0 331.7
4 114.0 97.6
5 258.0 270.6
3 144.0 162.3
4 208.0 196.5
2 358.0 296.5
2 328.0 232.8
5 330.0 242.8
2 174.0 148.4
2 118.0 114.4
3 334.0 316.3
4 144.0 139.9
4 124.0 122.3
2 176.0 47.1
5 144.0 140.8
3 210.0 227.3
4 298.0 288.9
2 96.0 70.5
5 276.0 285.2
2 12.0 20.8
3 220.0 286.3
2 10.0 11.5
2 124.0 56.8
3 48.0 23.8
2 120.0 116.0
5 74.0 94.5
2 160.0 146.0
3 194.0 203.0
4 4.0 359.2
4 66.0 63.8
5 256.0 212.5
5 58.0 109.5
4 288.0 311.2
4 234.0 195.2
2 56.0 86.3
5 280.0 295.9
4 276.0 313.7
4 144.0 157.8
5 26.0 25.6
5 288.0 283.4
5 32.0 53.5
4 164.0 201.9
3 104.0 88.3
3 278.0 258.5
4 182.0 209.8
2 202.0 346.1
4 206.0 201.6
2 204.0 230.0
2 182.0 156.1
2 98.0 139.4
4 186.0 259.1
2 76.0 293.2
2 4.0 312.5
2 154.0 182.1
4 202.0 240.6
4 238.0 244.2
5 288.0 292.7
5 114.0 63.7
4 62.0 91.7
5 28.0 20.8
2 316.0 285.8
4 36.0 85.3
2 96.0 109.8
4 114.0 93.5
5 190.0 188.5
5 110.0 93.0
2 80.0 82.1
5 34.0 51.1
2 0.0 283.6
2 54.0 56.6
4 156.0 149.6
4 348.0 351.0
2 144.0 198.9
3 86.0 69.6
5 336.0 347.6
4 156.0 162.9
4 46.0 79.4
3 348.0 345.1
4 168.0 190.8
5 224.0 223.0
5 358.0 353.7
4 150.0 148.7
3 358.0 324.9
2 6.0 32.6
2 90.0 179.6
4 314.0 262.9
2 238.0 220.0
3 152.0 148.7
5 298.0 320.9
3 86.0 67.6
4 78.0 90.1
3 284.0 292.9
2 68.0 48.8
5 200.0 189.6
5 90.0 71.8
2 314.0 345.4
2 160.0 82.9
2 50.0 74.8
2 82.0 8.2
2 60.0 40.5
5 338.0 338.3
4 150.0 140.3
2 194.0 153.4
4 80.0 77.9
3 22.0 26.4
2 54.0 16.8
3 158.0 160.6
3 126.0 121.4
2 126.0 78.8
5 72.0 56.6
3 38.0 71.6
5 254.0 247.3
3 354.0 4.1
5 248.0 188.0
2 336.0 255.9
4 234.0 252.3
5 56.0 74.5
5 122.0 104.5
4 252.0 237.4
5 352.0 333.3
3 88.0 51.9
3 120.0 149.1
3 200.0 293.2
5 266.0 262.4
2 212.0 315.3
3 148.0 193.6
4 322.0 294.8
3 72.0 72.5
5 158.0 178.6
4 254.0 222.0
2 162.0 173.2
2 176.0 34.4
4 134.0 127.1
3 198.0 255.9
5 174.0 170.8
5 220.0 224.6
4 126.0 95.3
5 188.0 211.3
4 250.0 279.1
2 186.0 225.6
5 96.0 88.4
4 224.0 253.8
3 142.0 144.0
5 242.0 291.6
4 20.0 16.2
2 278.0 268.1
5 134.0 128.6
4 126.0 104.9
2 2.0 53.1
3 168.0 164.4
3 166.0 157.6
3 128.0 140.1
5 102.0 87.5
2 84.0 90.6
4 298.0 252.0
5 44.0 70.5
3 322.0 310.8
4 124.0 92.8
3 272.0 2.1
5 34.0 47.4
3 294.0 229.3
2 156.0 142.7
5 164.0 176.3
2 148.0 96.2
4 264.0 211.8
4 202.0 234.3
3 20.0 16.4
4 72.0 121.7
5 302.0 287.4
2 246.0 182.6
4 284.0 245.2
2 358.0 354.9
3 206.0 250.6
3 288.0 283.1
3 342.0 358.4
4 212.0 209.6
2 26.0 250.3
5 262.0 216.7
3 272.0 196.5
5 316.0 310.6
5 148.0 145.2
5 348.0 324.0
5 178.0 169.9
4 100.0 47.6
4 142.0 139.4
3 230.0 224.6
5 132.0 135.9
4 154.0 162.9
3 132.0 145.2
2 42.0 35.6
5 334.0 326.3
2 26.0 91.4
3 158.0 208.4
2 290.0 67.8
3 234.0 237.4
3 268.0 259.3
2 92.0 77.3
3 202.0 184.9
4 250.0 219.2
4 116.0 115.5
2 262.0 133.3
3 248.0 201.9
2 88.0 219.3
3 260.0 196.9
5 218.0 249.9
4 52.0 102.3
3 334.0 305.8
5 126.0 99.8
4 224.0 231.7
4 202.0 182.5
4 64.0 69.1
3 302.0 295.9
4 108.0 116.7
5 20.0 24.1
2 62.0 357.6
5 276.0 258.6
5 330.0 319.9
2 320.0 290.0
2 68.0 103.0
2 48.0 17.9
2 194.0 217.8
2 60.0 43.1
4 354.0 354.1
4 252.0 253.2
5 256.0 226.1
4 148.0 158.7
5 24.0 24.8
2 224.0 216.5
2 328.0 339.3
4 122.0 94.5
3 346.0 349.0
4 314.0 266.7
5 40.0 82.8
4 178.0 180.6
5 78.0 38.8
2 118.0 162.8
3 278.0 336.0
4 322.0 346.1
4 38.0 54.4
4 160.0 160.2
3 202.0 193.1
5 148.0 136.5
4 80.0 52.2
2 294.0 27.3
4 0.0 12.0
4 196.0 189.8
4 144.0 143.5
3 274.0 309.3
4 118.0 106.5
5 88.0 69.7
4 212.0 215.4
5 168.0 180.4
5 206.0 213.9
3 332.0 322.4
2 184.0 192.5
4 342.0 294.9
4 16.0 15.0
2 326.0 239.4
2 30.0 13.8
3 188.0 162.3
2 56.0 98.4
3 50.0 337.7
4 78.0 124.2
4 254.0 205.9
5 236.0 222.5
5 288.0 311.0
2 350.0 166.1
4 66.0 63.4
5 132.0 121.1
2 256.0 232.1
4 114.0 114.3
5 108.0 74.9
3 242.0 199.3
5 60.0 75.2
3 202.0 255.6
2 270.0 140.3
2 136.0 185.9
2 316.0 337.3
2 352.0 240.4
3 236.0 204.9
2 268.0 266.7
2 250.0 240.8
3 92.0 72.6
2 244.0 229.9
4 140.0 152.1
2 252.0 261.7
5 322.0 328.2
5 66.0 104.8
3 224.0 201.5
3 306.0 268.7
3 308.0 331.1
3 342.0 283.0
2 38.0 34.1
2 170.0 159.2
3 34.0 48.2
3 42.0 78.2
4 80.0 34.2
5 226.0 208.2
2 158.0 322.3
2 172.0 350.9
2 260.0 151.8
5 78.0 285.2
2 206.0 143.7
2 296.0 283.2
5 270.0 248.7
2 234.0 230.3
3 320.0 308.5
3 90.0 123.4
2 288.0 230.4
3 302.0 293.6
3 20.0 34.4
2 114.0 271.8
3 122.0 121.8
5 52.0 39.7
2 238.0 143.3
2 186.0 210.0
5 326.0 286.5
5 122.0 100.5
3 242.0 272.2
3 88.0 81.4
5 180.0 191.5
4 196.0 162.5
3 326.0 312.8
3 312.0 288.7
3 256.0 262.8
3 76.0 69.5
3 26.0 10.8
2 84.0 96.4
5 20.0 29.1
2 154.0 159.9
5 122.0 123.1
3 150.0 137.8
2 258.0 187.7
5 256.0 233.4
2 270.0 343.9
3 140.0 140.3
5 264.0 252.3
2 88.0 2.8
4 98.0 106.0
4 306.0 330.5
5 356.0 354.1
3 24.0 32.4
3 84.0 63.4
3 196.0 205.7
2 122.0 2.1
5 236.0 238.0
5 302.0 315.7
3 110.0 39.4
2 280.0 113.4
5 92.0 81.8
3 98.0 113.9
5 196.0 193.5
5 222.0 229.6
4 170.0 184.2
4 296.0 287.8
2 138.0 93.6
5 310.0 307.4
3 220.0 235.1
3 142.0 139.7
3 50.0 99.3
5 80.0 80.4
3 94.0 47.7
3 134.0 127.2
5 110.0 103.0
5 286.0 301.2
4 110.0 74.6
3 212.0 205.9
3 306.0 344.6
2 294.0 176.4
2 20.0 48.9
2 328.0 309.8
4 50.0 82.7
4 118.0 82.5
3 288.0 303.5
5 90.0 78.0
4 350.0 349.0
3 356.0 249.4
2 44.0 25.3
3 328.0 246.7
4 12.0 15.9
4 34.0 86.5
3 338.0 315.1
2 226.0 28.2
4 94.0 86.9
3 336.0 338.0
3 50.0 76.7
2 180.0 191.4
4 284.0 238.3
3 200.0 261.0
2 22.0 47.3
2 302.0 284.0
2 282.0 355.9
3 214.0 172.3
3 16.0 23.4
3 64.0 90.7
5 176.0 164.6
2 290.0 30.1
2 326.0 293.6
3 36.0 62.2
4 168.0 198.6
5 148.0 154.1
3 356.0 335.0
2 342.0 334.1
2 328.0 352.3
3 316.0 349.5
3 50.0 108.0
5 82.0 79.6
2 212.0 204.1
2 96.0 92.7
5 194.0 224.1
3 174.0 168.7
4 232.0 216.0
5 292.0 268.1
2 42.0 355.9
4 44.0 70.2
3 286.0 263.7
2 320.0 134.4
2 300.0 240.6
3 72.0 50.4
4 254.0 198.4
2 34.0 204.7
2 18.0 332.4
2 216.0 251.6
3 152.0 173.9
4 336.0 295.4
5 314.0 312.2
4 8.0 350.5
3 48.0 104.2
5 162.0 165.1
4 348.0 16.6
4 96.0 291.4
4 96.0 75.0
2 146.0 167.0
2 170.0 111.3
2 208.0 142.4
3 10.0 24.9
5 34.0 24.6
5 322.0 323.8
5 208.0 192.5
2 296.0 128.7
3 24.0 23.0
4 204.0 223.0
5 68.0 89.1
4 262.0 257.9
5 72.0 86.9
5 158.0 165.5
2 214.0 157.3
4 320.0 286.6
5 258.0 253.4
5 30.0 22.7
3 156.0 223.2
2 128.0 91.9
5 334.0 315.5
4 238.0 246.6
5 182.0 215.0
2 188.0 226.7
2 60.0 137.8
4 240.0 197.8
5 200.0 214.7
3 6.0 304.8
3 170.0 198.4
5 174.0 163.2
4 142.0 144.2
4 190.0 176.2
5 162.0 168.3
5 176.0 192.4
3 96.0 101.3
3 274.0 219.6
5 58.0 63.6
3 186.0 270.4
3 226.0 171.6
4 264.0 262.6
2 226.0 293.7
5 324.0 307.2
3 2.0 336.7
4 136.0 143.1
5 190.0 199.7
3 152.0 165.1
2 154.0 88.6
4 186.0 208.9
3 352.0 309.4
3 6.0 276.1
5 280.0 274.9
3 98.0 112.8
4 98.0 79.5
2 240.0 231.7
3 242.0 261.6
2 52.0 123.4
2 300.0 305.1
4 140.0 135.3
3 114.0 234.3
3 304.0 305.6
4 164.0 182.4
4 288.0 305.7
4 98.0 83.7
4 24.0 8.6
5 176.0 189.6
2 196.0 236.7
2 186.0 242.7
3 336.0 298.1
2 354.0 31.2
2 356.0 291.9
5 236.0 210.7
5 262.0 220.0
3 258.0 303.9
3 176.0 164.4
2 236.0 351.2
3 218.0 126.0
5 206.0 190.0
5 214.0 232.6
4 164.0 155.6
4 42.0 77.6
4 20.0 16.9
3 164.0 168.6
3 280.0 296.9
5 30.0 28.8
5 264.0 242.9
3 12.0 358.7
2 32.0 87.6
2 112.0 130.8
2 356.0 33.6
4 30.0 54.6
5 82.0 94.8
5 208.0 205.8
3 110.0 68.0
5 314.0 335.8
2 2.0 68.8
5 58.0 76.9
3 134.0 149.7
5 120.0 125.4
3 334.0 256.1
5 2.0 0.5
3 88.0 108.7
5 260.0 270.7
4 292.0 256.1
4 210.0 246.9
3 136.0 129.0
5 298.0 333.1
5 226.0 237.9
4 318.0 329.9
4 306.0 351.5
3 136.0 58.5
3 198.0 164.3
4 94.0 37.7
4 316.0 292.0
5 52.0 69.7
2 194.0 259.5
3 290.0 312.9
5 138.0 134.5
3 344.0 278.6
5 28.0 20.1
5 100.0 89.0
4 224.0 264.4
4 192.0 222.0
3 288.0 271.0
4 82.0 82.6
3 314.0 342.9
2 258.0 151.6
3 252.0 216.0
5 350.0 347.7
3 68.0 92.8
5 24.0 17.5
2 74.0 4.4
3 28.0 88.7
3 124.0 129.1
4 110.0 101.2
3 154.0 238.2
5 256.0 246.4
4 262.0 269.7
2 182.0 180.0
2 306.0 24.7
3 332.0 320.2
4 64.0 67.2
3 218.0 203.9
2 344.0 9.3
5 146.0 147.0
4 36.0 95.5
3 144.0 109.3
2 58.0 94.9
5 210.0 71.2
4 322.0 277.1
5 322.0 305.1
4 106.0 98.7
4 312.0 299.2
2 164.0 186.0
5 186.0 213.8
2 180.0 290.1
3 238.0 244.1
5 0.0 338.4
3 216.0 170.3
5 50.0 38.3
3 286.0 221.9
5 124.0 121.0
2 300.0 135.2
3 206.0 35.1
2 86.0 130.1
4 12.0 10.2
2 92.0 116.6
2 72.0 266.8
2 160.0 186.0
2 252.0 342.8
4 114.0 259.4
5 232.0 222.8
3 90.0 112.5
2 212.0 17.5
5 196.0 219.4
3 70.0 334.4
5 356.0 306.6
4 148.0 133.4
2 142.0 190.3
5 186.0 174.6
4 244.0 210.3
4 290.0 273.7
4 302.0 306.6
2 276.0 22.0
2 114.0 159.0
5 180.0 189.5
4 152.0 154.1
3 80.0 48.4
2 354.0 2.1
2 140.0 149.9
4 20.0 15.1
4 52.0 52.1
2 82.0 80.0
3 124.0 127.9
5 220.0 234.1
3 108.0 115.4
3 296.0 314.7
3 326.0 270.7
4 152.0 148.2
4 106.0 36.5
5 296.0 296.5
4 140.0 135.9
3 196.0 240.1
5 344.0 315.0
4 162.0 154.0
4 118.0 105.5
3 112.0 141.6
4 68.0 46.1
2 194.0 189.4
3 0.0 333.8
5 332.0 310.0
2 358.0 70.4
5 88.0 126.4
3 328.0 349.0
3 292.0 312.5
4 22.0 16.1
5 254.0 249.0
2 192.0 87.5
4 96.0 68.4
4 346.0 280.4
3 274.0 272.9
5 292.0 279.0
2 230.0 279.2
5 82.0 48.3
5 164.0 164.5
3 50.0 120.5
3 334.0 303.3
4 330.0 349.6
4 176.0 195.7
5 190.0 187.1
3 18.0 12.4
2 276.0 340.4
2 280.0 288.3
4 108.0 80.9
3 310.0 302.9
5 2.0 352.9
2 142.0 167.8
5 334.0 299.2
5 306.0 359.1
2 138.0 317.0
4 6.0 5.5
2 232.0 241.3
5 136.0 135.0
3 356.0 342.2
2 76.0 50.0
4 186.0 202.4
4 274.0 269.1
5 164.0 175.0
5 38.0 76.7
5 30.0 49.3
2 128.0 88.6
5 130.0 131.8
3 266.0 226.2
2 178.0 348.8
2 228.0 59.1
3 312.0 262.6
5 224.0 232.7
3 56.0 59.0
4 90.0 95.9
4 348.0 354.0
3 256.0 237.3
5 138.0 143.1
5 278.0 296.2
4 54.0 60.9
2 4.0 328.6
3 164.0 162.7
4 2.0 350.4
4 192.0 225.3
4 170.0 156.9
3 148.0 199.8
2 46.0 87.9
2 212.0 255.9
2 80.0 89.7
5 254.0 225.3
2 230.0 214.1
3 354.0 354.5
3 278.0 286.5
4 62.0 37.8
3 194.0 184.3
4 174.0 181.9
2 196.0 341.1
5 34.0 53.0
5 356.0 339.9
4 276.0 260.6
4 284.0 331.7
4 334.0 339.9
5 268.0 250.5
3 320.0 328.6
3 82.0 49.1
4 280.0 209.0
2 122.0 102.8
3 138.0 153.0
5 166.0 159.5
5 246.0 217.6
5 46.0 69.3
5 292.0 258.5
4 340.0 352.8
3 160.0 157.7
3 336.0 305.1
3 50.0 108.7
2 116.0 131.3
2 184.0 103.9
2 4.0 17.7
2 118.0 339.9
3 230.0 208.5
5 126.0 127.8
2 110.0 142.9
4 204.0 197.3
3 130.0 159.1
5 98.0 57.5
4 310.0 301.2
3 170.0 236.3
3 110.0 110.0
3 312.0 328.6
2 58.0 68.3
2 358.0 155.0
4 34.0 67.5
5 166.0 168.3
2 24.0 208.7
5 176.0 162.3
4 30.0 33.2
3 216.0 218.9
5 264.0 267.1
3 206.0 153.1
3 16.0 7.9
3 32.0 86.1
5 150.0 159.4
3 42.0 79.1
3 66.0 123.5
3 256.0 206.9
2 114.0 83.9
2 334.0 168.9
2 358.0 8.7
5 126.0 114.1
5 162.0 162.2
4 130.0 133.1
5 244.0 204.5
3 44.0 64.4
3 110.0 180.3
2 4.0 328.7
2 348.0 260.5
5 166.0 184.7
4 82.0 75.7
4 190.0 203.4
3 308.0 250.6
3 334.0 322.2
5 342.0 342.2
3 200.0 118.7
4 66.0 74.1
3 172.0 174.6
3 328.0 308.9
3 154.0 141.7
2 354.0 6.2
4 54.0 59.8
4 146.0 141.9
5 298.0 261.3
3 106.0 90.0
4 40.0 66.6
2 208.0 156.8
3 356.0 310.2
3 86.0 61.1
2 28.0 75.0
3 108.0 55.5
3 134.0 104.9
4 50.0 55.6
2 320.0 242.6
3 256.0 237.9
5 96.0 67.5
4 66.0 84.4
5 236.0 240.8
4 352.0 339.8
5 234.0 238.4
4 278.0 203.9
3 320.0 285.5
2 124.0 200.6
5 124.0 108.5
3 352.0 340.5
4 74.0 40.9
5 208.0 204.6
3 324.0 258.2
2 104.0 35.9
4 0.0 353.3
2 354.0 266.3
3 214.0 234.3
5 194.0 233.1
5 202.0 184.5
2 298.0 279.9
5 112.0 97.2
5 328.0 335.2
2 342.0 257.8
3 92.0 96.6
2 240.0 204.5
5 210.0 212.7
3 126.0 62.0
5 324.0 284.7
5 302.0 291.5
3 262.0 237.8
3 226.0 215.6
4 156.0 149.4
5 62.0 27.1
5 268.0 229.7
5 204.0 250.4
2 120.0 72.4
2 238.0 199.7
4 122.0 124.6
3 218.0 289.7
3 316.0 225.1
3 84.0 295.0
2 190.0 172.3
2 156.0 273.0
3 186.0 163.2
2 314.0 153.7
4 286.0 247.2
5 86.0 65.2
3 4.0 150.2
5 324.0 334.5
5 222.0 230.2
4 176.0 187.4
5 236.0 260.4
3 16.0 19.8
3 142.0 158.5
5 56.0 76.2
4 294.0 296.8
3 292.0 261.2
4 242.0 113.4
2 86.0 339.2
3 326.0 298.1
5 232.0 200.8
2 68.0 70.8
3 240.0 203.3
2 86.0 109.9
5 184.0 313.6
5 348.0 355.6
5 178.0 182.0
5 122.0 46.7
2 146.0 172.7
4 58.0 31.6
4 340.0 330.4
5 140.0 249.3
2 290.0 342.2
5 346.0 339.2
4 338.0 305.1
3 252.0 265.9
4 242.0 300.7
2 144.0 114.3
5 70.0 80.5
5 354.0 329.5
2 236.0 283.0
4 102.0 82.8
2 104.0 94.2
2 236.0 147.2
4 54.0 65.1
2 210.0 235.6
3 292.0 334.1
5 6.0 8.5
5 294.0 288.7
2 344.0 292.8
3 326.0 269.0
4 54.0 51.1
4 246.0 293.1
2 304.0 265.8
4 156.0 155.6
2 102.0 87.1
2 116.0 148.3
4 124.0 125.5
4 184.0 171.7
3 348.0 32.5
4 320.0 322.4
3 322.0 9.2
3 336.0 357.9
2 270.0 202.0
4 90.0 76.1
5 260.0 244.5
5 290.0 322.5
4 202.0 242.7
2 180.0 170.5
4 90.0 60.5
2 150.0 217.7
2 16.0 312.6
4 302.0 332.7
2 42.0 40.8
2 4.0 332.1
5 358.0 3.5
3 248.0 251.8
4 220.0 248.0
3 190.0 203.8
4 302.0 299.1
5 136.0 127.9
5 348.0 323.0
2 262.0 282.1
3 76.0 63.8
4 216.0 273.8
2 8.0 309.6
2 40.0 49.3
4 204.0 249.4
5 252.0 283.6
4 144.0 129.7
4 236.0 238.1
5 150.0 149.3
4 262.0 307.3
4 304.0 337.3
3 330.0 274.0
2 170.0 153.4
5 20.0 24.5
2 50.0 17.8
2 210.0 223.4
3 320.0 320.3
3 108.0 340.8
3 264.0 316.9
5 322.0 288.6
4 294.0 318.9
4 300.0 349.3
5 122.0 122.9
4 34.0 42.8
4 190.0 228.3
3 92.0 104.0
5 250.0 198.2
2 12.0 309.2
3 144.0 154.6
4 6.0 356.3
3 352.0 2.0
2 242.0 245.8
3 170.0 196.8
2 82.0 91.8
3 322.0 322.3
2 222.0 226.4
5 40.0 72.2
5 52.0 48.7
2 62.0 101.5
5 6.0 11.2
4 296.0 342.2
5 254.0 264.1
5 68.0 47.8
4 66.0 85.4
3 128.0 84.5
5 358.0 206.6
4 334.0 300.7
3 242.0 237.8
2 74.0 29.0
5 210.0 245.9
4 330.0 327.9
3 256.0 294.3
5 116.0 88.1
3 118.0 109.5
4 62.0 82.8
4 208.0 201.0
5 340.0 340.0
5 142.0 137.3
2 90.0 76.4
4 130.0 121.5
2 258.0 213.2
5 338.0 342.2
3 252.0 257.7
2 168.0 193.2
4 232.0 227.6
2 48.0 140.1
2 234.0 199.8
5 102.0 170.5
2 28.0 265.5
2 134.0 115.5
5 210.0 182.3
5 42.0 50.5
2 346.0 240.1
5 260.0 249.4
4 10.0 0.1
3 20.0 25.5
5 216.0 234.7
2 208.0 214.0
2 342.0 201.3
4 122.0 108.5
2 212.0 178.3
5 92.0 46.9
4 206.0 23.6
5 224.0 238.9
4 26.0 228.6
2 180.0 260.4
3 312.0 331.9
5 220.0 226.5
5 120.0 97.1
5 22.0 32.1
5 62.0 44.7
2 220.0 291.5
4 32.0 22.6
2 90.0 122.2
2 326.0 232.0
4 12.0 16.5
2 72.0 45.7
5 188.0 185.2
4 220.0 252.8
3 70.0 76.0
5 284.0 223.5
4 272.0 309.6
5 300.0 260.5
5 188.0 196.8
3 2.0 358.7
3 6.0 342.0
3 356.0 291.2
2 268.0 317.0
4 202.0 198.0
2 154.0 138.2
3 10.0 340.8
5 250.0 220.5
3 172.0 206.0
2 138.0 145.2
4 94.0 84.6
5 278.0 307.4
4 146.0 155.0
4 92.0 109.8
5 294.0 297.1
5 48.0 77.5
2 328.0 4.6
4 320.0 312.3
3 6.0 347.5
5 0.0 354.0
5 206.0 288.1
2 226.0 250.5
5 172.0 206.0
2 256.0 275.2
5 338.0 338.0
4 30.0 31.0
5 10.0 8.2
4 6.0 1.6
2 238.0 174.7
4 264.0 234.4
3 62.0 65.0
4 248.0 255.7
3 346.0 297.0
2 348.0 282.6
3 48.0 322.3
3 90.0 83.4
3 260.0 339.2
5 132.0 120.2
3 190.0 354.8
5 22.0 24.3
5 260.0 271.8
5 126.0 125.8
5 128.0 135.0
4 220.0 284.5
4 66.0 71.0
5 184.0 214.2
5 92.0 98.6
2 88.0 81.7
5 156.0 147.5
4 154.0 166.7
3 284.0 331.5
2 24.0 72.0
2 216.0 301.2
3 62.0 40.0
3 34.0 49.7
5 214.0 226.6
3 118.0 130.2
5 42.0 36.1
3 176.0 262.5
5 280.0 270.4
2 68.0 112.9
3 330.0 256.8
3 112.0 99.0
4 176.0 186.9
4 102.0 64.6
2 232.0 207.4
3 154.0 153.5
5 200.0 185.8
5 336.0 328.8
5 312.0 323.0
4 184.0 189.9
5 276.0 350.4
2 226.0 208.9
2 358.0 353.4
4 44.0 97.1
3 38.0 56.4
5 338.0 337.8
3 178.0 194.6
4 94.0 89.0
5 314.0 291.1
2 300.0 215.1
4 288.0 352.7
3 32.0 42.4
4 110.0 96.6
5 156.0 144.4
5 12.0 13.5
5 20.0 16.8
5 62.0 66.2
4 132.0 96.8
3 68.0 93.6
3 62.0 176.1
4 212.0 248.4
2 44.0 53.9
2 262.0 35.9
5 176.0 207.9
3 68.0 53.7
4 56.0 11.0
2 70.0 63.0
4 202.0 268.7
4 116.0 86.3
5 118.0 116.0
3 276.0 335.7
4 30.0 59.2
3 286.0 289.9
5 84.0 59.6
5 52.0 69.9
3 14.0 4.6
2 304.0 281.9
4 82.0 22.9
2 226.0 90.5
2 102.0 94.6
2 230.0 173.7
2 336.0 15.4
2 222.0 228.3
2 142.0 126.2
3 304.0 304.6
3 292.0 245.5
4 266.0 245.4
3 284.0 197.4
5 204.0 270.3
3 320.0 230.4
3 122.0 143.6
3 324.0 236.4
3 116.0 100.9
4 320.0 343.9
3 322.0 309.2
5 90.0 80.1
5 122.0 99.3
3 284.0 285.5
5 84.0 76.2
2 252.0 232.6
5 30.0 24.5
2 194.0 191.3
5 192.0 187.6
4 162.0 190.7
2 108.0 124.2
3 322.0 308.4
2 162.0 262.7
5 154.0 163.1
2 280.0 198.0
5 152.0 161.4
5 324.0 310.6
4 58.0 31.2
4 260.0 252.2
3 126.0 125.3
2 336.0 204.5
5 164.0 155.5
5 324.0 327.9
2 284.0 246.7
2 254.0 189.8
2 152.0 199.1
3 112.0 95.4
5 96.0 106.4
2 154.0 112.6
4 188.0 265.5
2 12.0 87.9
2 190.0 213.8
2 46.0 74.2
3 84.0 107.3
3 356.0 340.4
4 140.0 136.3
5 60.0 53.8
2 46.0 75.0
3 78.0 114.4
3 32.0 44.9
5 282.0 245.2
4 204.0 234.5
5 126.0 125.0
4 90.0 56.3
5 152.0 148.2
2 188.0 225.2
5 90.0 51.2
4 132.0 126.5
4 80.0 79.1
4 326.0 356.1
2 124.0 131.3
4 134.0 132.9
3 72.0 31.6
5 66.0 60.8
2 96.0 352.0
4 312.0 334.2
2 330.0 304.1
3 188.0 206.3
2 2.0 295.2
2 198.0 109.3
4 330.0 344.5
4 282.0 302.1
4 44.0 101.6
4 46.0 70.8
3 170.0 183.9
4 202.0 175.1
2 66.0 321.6
4 288.0 334.0
3 264.0 258.4
2 204.0 163.8
4 318.0 300.4
3 64.0 83.8
3 108.0 99.4
5 162.0 173.9
5 38.0 51.6
3 80.0 107.2
2 12.0 335.9
2 24.0 23.9
3 216.0 186.0
4 116.0 126.9
3 310.0 325.4
3 184.0 197.6
5 280.0 312.6
4 198.0 209.6
5 108.0 80.5
2 126.0 341.8
4 90.0 62.5
4 132.0 124.1
3 44.0 62.1
4 98.0 72.3
4 150.0 151.6
3 36.0 107.4
4 348.0 335.7
3 106.0 102.7
5 210.0 208.8
4 240.0 274.6
2 198.0 355.1
5 228.0 245.3
5 38.0 42.4
3 204.0 233.7
3 40.0 52.1
4 274.0 271.3
5 252.0 226.4
5 242.0 103.7
3 354.0 2.0
5 212.0 247.1
4 214.0 287.0
3 124.0 102.4
3 182.0 174.1
5 342.0 333.6
3 64.0 83.5
5 206.0 247.0
5 354.0 336.4
5 24.0 26.7
3 272.0 322.2
3 118.0 311.0
3 276.0 209.3
2 88.0 164.7
5 236.0 221.7
4 324.0 338.7
2 156.0 185.6
2 166.0 212.5
5 170.0 183.7
5 218.0 238.9
4 174.0 189.9
4 206.0 207.8
2 206.0 152.3
5 214.0 213.4
2 340.0 303.9
2 198.0 151.3
5 90.0 70.8
5 342.0 350.7
5 232.0 216.7
2 348.0 330.6
2 42.0 33.7
5 356.0 359.8
2 316.0 319.7
3 28.0 68.6
2 110.0 105.6
5 288.0 319.1
2 20.0 350.9
2 54.0 47.9
5 126.0 89.6
3 24.0 37.5
5 170.0 185.2
5 56.0 46.9
4 156.0 325.3
3 264.0 291.7
5 144.0 132.7
2 138.0 150.8
4 148.0 156.0
5 306.0 151.4
2 142.0 98.1
4 8.0 0.1
5 48.0 74.4
2 106.0 99.0
4 86.0 120.9
2 170.0 200.2
5 96.0 92.0
3 28.0 45.7
3 140.0 139.7
3 46.0 89.9
5 326.0 335.2
2 182.0 258.9
5 186.0 220.1
4 66.0 89.0
2 328.0 226.0
3 28.0 18.0
3 28.0 44.4
3 114.0 35.3
4 112.0 75.2
4 90.0 83.3
3 348.0 343.6
5 130.0 101.4
5 58.0 96.9
3 254.0 244.7
3 226.0 275.1
4 102.0 83.8
3 198.0 286.7
3 72.0 111.2
4 170.0 189.9
4 326.0 287.6
4 284.0 284.8
2 154.0 121.0
5 112.0 49.3
5 84.0 112.8
5 158.0 162.4
5 146.0 138.7
5 32.0 22.7
3 230.0 272.5
4 162.0 190.2
2 46.0 83.2
2 220.0 209.9
2 278.0 295.6
5 318.0 326.1
2 196.0 24.1
2 140.0 73.3
4 48.0 49.7
5 130.0 136.9
3 70.0 29.6
4 286.0 299.5
3 172.0 179.9
5 30.0 51.5
3 16.0 13.7
3 86.0 79.5
3 318.0 340.4
5 18.0 7.2
3 84.0 86.9
3 294.0 307.2
2 100.0 99.1
4 50.0 100.6
4 346.0 331.1
3 176.0 161.8
4 76.0 277.2
2 358.0 248.8
4 258.0 248.5
3 252.0 193.3
2 220.0 170.7
2 308.0 231.1
5 152.0 155.9
3 312.0 343.2
2 350.0 323.5
2 88.0 54.2
5 46.0 47.8
3 196.0 203.2
4 300.0 347.0
3 104.0 83.2
3 246.0 328.9
5 274.0 291.1
3 242.0 280.0
3 174.0 169.4
3 266.0 247.4
4 180.0 197.2
4 282.0 277.3
3 92.0 46.7
3 114.0 67.6
4 274.0 306.6
4 326.0 277.6
4 250.0 235.6
4 130.0 134.2
2 28.0 10.5
4 236.0 249.9
4 44.0 65.9
5 178.0 176.2
3 110.0 74.3
5 148.0 151.3
2 46.0 51.4
3 240.0 250.1
2 126.0 94.5
5 46.0 62.6
4 76.0 44.5
2 358.0 331.9
3 32.0 38.3
4 280.0 278.0
5 224.0 238.7
4 52.0 84.0
5 234.0 216.6
5 250.0 224.8
4 38.0 80.4
4 250.0 254.4
5 190.0 177.3
2 212.0 278.7
2 202.0 45.8
5 356.0 344.3
2 314.0 203.8
4 332.0 347.1
2 314.0 121.8
3 154.0 152.7
3 358.0 316.8
3 22.0 32.4
5 96.0 73.8
2 20.0 0.1
2 114.0 114.6
2 260.0 21.6
5 204.0 214.4
3 344.0 350.9
4 180.0 184.0
2 202.0 98.5
4 86.0 58.8
5 322.0 333.0
3 260.0 329.4
2 250.0 126.0
2 302.0 304.3
4 170.0 176.7
4 358.0 347.8
4 296.0 336.6
4 110.0 80.0
3 128.0 81.5
2 296.0 353.4
3 268.0 213.5
3 36.0 66.4
2 38.0 59.6
5 10.0 8.7
2 202.0 98.2
5 280.0 265.0
3 68.0 81.5
2 312.0 240.8
5 230.0 218.5
3 138.0 134.4
2 140.0 127.5
4 332.0 317.5
4 176.0 221.3
3 44.0 99.0
2 304.0 351.5
3 4.0 0.3
2 348.0 123.3
3 128.0 117.4
4 146.0 154.6
3 6.0 13.8
2 154.0 239.5
2 192.0 140.6
2 94.0 213.4
4 202.0 220.2
2 222.0 222.3
5 0.0 352.3
2 220.0 142.6
3 254.0 234.1
4 190.0 178.5
3 326.0 324.4
5 270.0 273.2
2 84.0 96.1
3 112.0 97.3
5 114.0 102.2
2 30.0 175.7
3 250.0 341.4
3 112.0 130.9
4 140.0 160.3
5 58.0 97.5
4 144.0 143.7
2 160.0 144.2
2 54.0 151.1
2 90.0 64.6
5 84.0 60.5
4 220.0 286.1
5 92.0 83.3
2 212.0 196.2
3 358.0 348.8
4 112.0 78.3
5 302.0 260.8
2 240.0 195.3
5 24.0 24.0
4 82.0 29.1
5 70.0 99.8
3 122.0 92.4
2 330.0 298.2
2 312.0 279.6
3 202.0 258.4
3 342.0 285.0
5 160.0 148.4
4 2.0 347.3
3 96.0 91.7
4 76.0 101.1
4 34.0 101.3
5 134.0 138.2
2 50.0 42.9
2 154.0 84.4
5 262.0 224.2
4 292.0 281.3
5 346.0 318.7
4 222.0 187.3
5 78.0 63.6
5 202.0 181.5
3 226.0 229.0
3 250.0 305.6
5 176.0 181.7
4 296.0 287.5
2 214.0 171.4
3 62.0 27.1
3 208.0 268.5
5 148.0 163.3
5 160.0 162.7
4 186.0 182.7
2 0.0 301.0
2 196.0 212.2
3 358.0 336.3
5 214.0 225.5
5 274.0 295.3
4 214.0 243.4
5 12.0 10.4
4 122.0 95.7
2 264.0 321.7
3 102.0 94.8
5 80.0 110.5
5 52.0 69.9
2 302.0 275.5
3 352.0 11.0
5 26.0 30.6
5 48.0 64.5
2 168.0 236.3
3 336.0 329.6
2 138.0 105.2
5 322.0 302.3
4 6.0 12.5
4 158.0 168.2
4 334.0 37.8
4 320.0 206.9
5 36.0 61.8
2 356.0 353.6
3 110.0 60.9
5 126.0 118.5
3 276.0 282.5
5 246.0 254.1
4 86.0 91.3
5 286.0 314.7
4 162.0 189.0
4 6.0 355.1
3 56.0 96.0
2 178.0 231.1
3 94.0 85.1
2 242.0 317.4
2 106.0 122.9
4 238.0 36.6
2 4.0 16.7
3 304.0 299.7
3 20.0 15.9
4 144.0 145.8
5 262.0 249.3
2 312.0 89.8
4 102.0 90.2
5 54.0 63.8
4 342.0 247.8
2 346.0 26.6
2 66.0 56.5
4 44.0 47.5
2 176.0 183.7
4 324.0 348.1
5 234.0 200.0
5 262.0 241.8
4 42.0 36.9
3 182.0 215.7
4 116.0 92.1
5 290.0 269.9
4 258.0 257.4
2 56.0 89.7
5 352.0 346.0
5 266.0 240.5
4 26.0 26.4
3 138.0 144.4
3 128.0 124.3
5 280.0 259.6
4 124.0 120.5
3 280.0 303.8
3 324.0 299.4
5 210.0 202.1
3 162.0 172.3
3 6.0 249.3
5 300.0 300.2
3 328.0 217.3
4 4.0 7.1
2 176.0 182.1
4 294.0 263.3
4 52.0 91.6
4 152.0 152.2
5 152.0 157.9
3 30.0 95.8
2 98.0 307.4
5 8.0 358.6
2 220.0 121.9
3 284.0 263.2
2 252.0 175.4
5 340.0 320.3
2 132.0 87.9
4 38.0 82.4
2 236.0 307.3
3 164.0 196.9
3 246.0 262.2
3 80.0 51.2
5 86.0 97.4
2 222.0 292.3
3 304.0 311.8
4 124.0 105.5
2 126.0 77.8
2 56.0 199.9
5 318.0 296.0
3 214.0 243.7
5 6.0 353.9
5 112.0 93.5
2 104.0 91.3
4 146.0 139.8
5 20.0 24.3
3 286.0 285.0
2 180.0 199.2
5 54.0 82.0
3 154.0 140.9
5 150.0 143.5
5 258.0 270.6
5 208.0 208.6
5 102.0 78.7
4 208.0 240.0
2 86.0 150.3
3 224.0 203.5
5 86.0 64.4
2 254.0 15.7
5 276.0 249.7
2 4.0 351.5
3 348.0 318.1
4 86.0 58.0
2 152.0 317.8
2 306.0 315.5
5 106.0 79.1
5 74.0 107.7
2 184.0 146.3
2 180.0 115.8
3 102.0 74.1
5 286.0 310.0
5 16.0 18.0
5 52.0 67.3
2 184.0 237.3
3 316.0 319.0
4 356.0 298.6
5 198.0 184.1
2 190.0 348.3
2 64.0 125.2
4 354.0 346.2
2 210.0 214.2
2 92.0 200.4
4 102.0 131.6
2 58.0 92.1
5 350.0 343.7
3 42.0 59.7
4 292.0 307.4
5 192.0 194.6
2 142.0 102.2
3 304.0 318.0
5 276.0 317.7
4 352.0 336.4
2 240.0 285.3
3 350.0 351.2
4 310.0 324.5
2 38.0 67.9
4 334.0 294.2
4 84.0 42.4
4 102.0 109.9
3 238.0 260.6
4 154.0 156.9
4 128.0 123.3
4 106.0 78.6
5 358.0 349.7
3 102.0 110.9
3 256.0 242.3
3 76.0 83.7
5 230.0 245.4
4 358.0 7.7
5 22.0 345.9
2 242.0 282.3
4 354.0 337.3
5 264.0 259.8
4 334.0 334.9
3 118.0 141.4
5 66.0 46.3
5 204.0 215.4
2 176.0 141.7
2 126.0 102.8
4 114.0 72.3
4 220.0 237.0
3 44.0 15.6
2 108.0 57.1
3 174.0 251.0
5 302.0 331.3
2 76.0 130.0
2 290.0 276.2
2 140.0 139.2
2 266.0 164.6
5 280.0 291.3
5 56.0 87.0
5 10.0 12.8
5 134.0 128.8
2 30.0 292.1
4 24.0 28.6
2 164.0 121.0
4 62.0 68.9
5 40.0 147.9
5 8.0 10.8
2 156.0 176.4
4 102.0 91.4
2 10.0 271.7
2 228.0 288.6
4 106.0 78.0
5 258.0 266.9
5 332.0 340.2
3 280.0 239.8
4 56.0 48.8
3 234.0 22.1
3 22.0 29.2
4 108.0 104.7
4 272.0 267.7
5 304.0 307.2
3 174.0 181.3
2 260.0 209.3
4 60.0 58.0
3 232.0 236.0
2 138.0 109.9
4 18.0 294.3
4 6.0 337.1
4 10.0 6.2
4 344.0 340.1
3 22.0 14.8
2 96.0 114.0
3 266.0 248.5
2 304.0 279.7
4 28.0 26.8
2 100.0 87.9
2 64.0 14.2
5 166.0 164.3
4 182.0 179.6
5 76.0 80.5
2 28.0 59.2
5 60.0 51.1
5 128.0 134.9
3 156.0 162.2
4 268.0 220.6
5 272.0 316.6
4 286.0 317.9
3 298.0 292.7
3 32.0 59.2
2 306.0 346.3
5 62.0 110.5
2 164.0 324.1
2 40.0 176.4
4 312.0 332.7
5 62.0 99.9
2 290.0 305.6
2 228.0 205.2
4 290.0 299.1
3 150.0 146.5
2 128.0 90.8
5 20.0 24.2
4 294.0 286.2
2 248.0 255.3
3 202.0 230.5
5 346.0 304.4
4 140.0 127.9
5 142.0 151.4
2 292.0 186.6
4 52.0 132.1
3 310.0 308.3
4 200.0 196.9
5 162.0 159.8
5 188.0 191.4
2 60.0 123.8
3 178.0 202.5
4 184.0 304.6
4 240.0 303.9
5 348.0 346.7
5 244.0 226.8
2 274.0 248.8
2 302.0 22.3
4 44.0 53.4
3 312.0 336.6
3 200.0 260.6
4 90.0 87.7
5 306.0 347.0
5 20.0 11.2
3 290.0 262.2
3 292.0 250.4
5 40.0 45.7
5 282.0 300.5
5 238.0 185.0
4 52.0 108.2
4 316.0 317.7
4 276.0 298.6
5 350.0 341.0
5 282.0 311.4
2 304.0 253.6
3 204.0 184.8
2 8.0 27.6
4 320.0 281.7
4 284.0 321.6
2 274.0 242.2
4 278.0 336.5
2 196.0 214.5
2 62.0 125.7
4 82.0 79.1
3 96.0 63.7
5 10.0 8.1
2 292.0 144.1
4 140.0 144.1
3 200.0 188.4
5 296.0 321.6
5 16.0 25.4
5 140.0 147.2
2 342.0 355.8
3 6.0 2.9
2 256.0 341.5
3 48.0 67.2
3 294.0 302.6
4 122.0 100.1
3 130.0 117.9
3 294.0 309.9
5 180.0 181.0
2 258.0 139.8
4 124.0 101.7
4 286.0 312.1
5 196.0 202.4
2 354.0 332.7
2 204.0 230.9
4 158.0 143.0
2 306.0 183.1
2 292.0 319.9
2 112.0 145.3
3 202.0 241.1
2 280.0 304.0
5 178.0 343.6
5 64.0 93.3
3 352.0 350.7
3 116.0 104.0
4 270.0 301.6
2 186.0 193.7
3 208.0 244.3
4 64.0 105.3
3 282.0 241.0
4 176.0 210.5
4 206.0 261.6
3 226.0 292.0
4 278.0 293.3
3 48.0 107.9
3 150.0 163.0
2 184.0 143.3
5 188.0 176.7
2 32.0 111.9
2 46.0 347.0
4 140.0 123.2
3 210.0 201.0
2 264.0 201.3
2 310.0 195.0
5 40.0 98.4
4 82.0 55.3
5 14.0 14.0
3 60.0 65.5
2 42.0 350.1
2 28.0 120.6
4 258.0 302.7
4 344.0 322.4
4 244.0 274.3
4 88.0 72.8
5 306.0 294.1
5 12.0 13.4
5 308.0 337.3
4 230.0 232.2
4 10.0 11.1
3 358.0 314.7
2 310.0 163.2
2 358.0 318.3
4 212.0 198.9
2 178.0 92.0
3 22.0 36.9
5 92.0 81.0
5 102.0 65.3
4 146.0 146.4
3 140.0 159.4
4 222.0 228.9
3 80.0 62.2
4 10.0 17.0
4 318.0 318.7
4 128.0 109.7
3 174.0 255.6
5 322.0 324.7
4 340.0 311.3
3 44.0 60.0
3 236.0 207.5
4 36.0 76.8
3 18.0 29.7
2 272.0 231.5
3 202.0 189.7
4 326.0 342.2
4 192.0 242.8
5 114.0 93.8
2 76.0 115.6
2 214.0 231.4
5 200.0 222.6
5 146.0 148.6
3 292.0 79.1
2 44.0 70.3
5 314.0 313.6
3 230.0 130.8
3 208.0 289.0
4 176.0 198.2
4 48.0 55.0
2 358.0 314.5
2 262.0 295.1
3 134.0 123.8
5 6.0 359.7
4 156.0 153.2
4 356.0 335.6
3 346.0 325.9
5 226.0 233.6
3 354.0 349.3
5 196.0 241.7
5 288.0 283.2
5 120.0 97.6
4 212.0 213.7
4 204.0 229.1
5 112.0 108.1
3 96.0 104.5
4 156.0 156.7
5 76.0 96.5
3 202.0 182.8
2 208.0 286.6
4 174.0 160.9
3 92.0 90.1
4 116.0 89.5
3 208.0 218.0
5 218.0 252.0
4 354.0 303.7
4 54.0 43.0
2 36.0 158.6
5 22.0 16.9
2 194.0 243.9
4 170.0 166.4
4 296.0 300.0
4 72.0 101.8
5 112.0 86.1
3 170.0 219.0
2 340.0 314.1
4 246.0 209.2
3 252.0 253.8
5 128.0 121.4
3 28.0 63.4
2 46.0 30.9
4 86.0 81.8
2 16.0 350.3
5 292.0 332.8
4 124.0 79.8
3 130.0 139.8
4 22.0 14.4
4 42.0 41.3
2 318.0 212.3
5 314.0 330.9
5 154.0 160.4
2 90.0 73.5
5 182.0 177.5
3 202.0 179.2
2 228.0 51.5
2 112.0 80.4
3 244.0 193.0
3 236.0 217.9
4 270.0 199.2
5 98.0 94.7
3 342.0 13.0
2 302.0 243.3
3 204.0 273.9
3 310.0 303.0
2 162.0 301.4
3 234.0 262.9
3 344.0 345.5
2 76.0 116.5
2 342.0 34.4
4 286.0 215.6
4 206.0 271.3
3 146.0 130.9
5 168.0 180.3
4 340.0 344.4
5 196.0 181.5
5 316.0 316.4
5 348.0 324.2
4 138.0 136.9
4 124.0 95.1
4 322.0 249.2
5 172.0 183.2
5 198.0 214.2
2 272.0 221.7
4 130.0 124.4
2 340.0 333.7
3 202.0 239.0
4 298.0 292.0
5 286.0 290.8
4 314.0 286.3
2 180.0 177.3
5 132.0 142.5
3 222.0 279.4
5 312.0 276.1
2 326.0 199.9
2 182.0 125.7
3 10.0 12.2
4 18.0 8.7
4 310.0 240.7
3 314.0 313.5
3 296.0 320.4
4 302.0 305.1
5 296.0 285.8
3 146.0 137.7
5 236.0 210.1
3 246.0 208.8
5 102.0 60.4
5 208.0 234.3
5 338.0 356.3
5 220.0 196.8
3 272.0 324.1
5 202.0 212.8
2 174.0 148.4
2 108.0 139.8
3 334.0 333.4
5 310.0 338.0
5 168.0 192.7
4 358.0 320.1
5 330.0 233.7
2 182.0 34.5
3 148.0 144.0
5 328.0 275.9
3 46.0 38.0
4 210.0 197.1
2 356.0 352.3
4 278.0 287.1
3 164.0 158.9
2 94.0 108.3
4 248.0 228.6
3 114.0 84.7
3 104.0 70.0
5 78.0 56.8
2 258.0 146.3
2 190.0 123.8
3 16.0 16.7
4 312.0 312.6
3 270.0 353.4
2 350.0 184.2
5 58.0 65.2
3 154.0 178.6
2 206.0 160.2
3 296.0 321.8
3 148.0 144.4
4 284.0 306.7
3 76.0 73.9
2 140.0 185.9
4 152.0 147.3
3 76.0 49.8
4 74.0 79.9
5 72.0 92.5
3 320.0 306.3
5 134.0 127.4
3 354.0 331.8
3 336.0 0.5
3 202.0 278.0
4 342.0 346.8
2 320.0 257.7
4 286.0 285.3
2 240.0 201.0
3 350.0 334.6
5 186.0 184.2
3 352.0 299.8
3 202.0 191.4
2 352.0 19.3
3 88.0 49.1
5 180.0 191.9
2 124.0 42.3
3 38.0 44.4
4 126.0 97.7
3 2.0 335.2
4 48.0 67.3
3 340.0 349.3
4 112.0 108.5
4 38.0 56.9
2 206.0 276.1
4 166.0 151.5
2 38.0 28.8
2 216.0 179.1
4 284.0 292.8
5 84.0 85.9
5 208.0 215.3
4 336.0 323.9
4 192.0 220.5
3 20.0 36.7
5 330.0 291.3
3 338.0 321.2
5 198.0 207.5
4 182.0 171.1
3 228.0 68.0
3 320.0 308.0
4 328.0 350.4
5 254.0 252.2
2 300.0 131.2
5 160.0 162.5
5 108.0 93.0
5 134.0 130.6
3 140.0 145.6
4 140.0 141.5
3 262.0 354.5
3 250.0 228.2
4 274.0 326.2
2 58.0 221.1
3 54.0 89.5
3 302.0 329.1
5 102.0 73.4
2 344.0 313.6
4 350.0 344.1
4 292.0 278.2
3 258.0 212.5
2 284.0 258.9
3 168.0 169.9
4 128.0 126.8
3 144.0 179.8
5 114.0 125.8
3 106.0 62.9
3 162.0 167.0
4 200.0 236.0
2 44.0 352.0
3 42.0 69.7
2 200.0 184.3
2 320.0 198.3
3 4.0 23.0
4 256.0 232.9
2 86.0 161.1
5 318.0 332.1
2 170.0 207.3
3 222.0 222.3
4 194.0 185.3
5 270.0 266.4
2 214.0 259.2
5 140.0 153.1
3 82.0 81.5
3 56.0 40.7
3 106.0 64.2
3 326.0 273.2
4 104.0 81.9
4 6.0 357.8
2 198.0 259.0
5 114.0 113.9
3 282.0 339.9
5 46.0 94.8
4 310.0 298.0
3 114.0 110.8
2 0.0 327.5
3 114.0 120.6
5 242.0 237.4
3 332.0 317.0
5 10.0 4.2
2 288.0 224.4
3 134.0 132.7
2 150.0 165.5
5 38.0 65.7
5 206.0 201.0
3 160.0 161.1
2 230.0 224.0
2 68.0 195.0
4 230.0 240.4
4 146.0 152.5
4 112.0 78.3
4 48.0 61.6
5 102.0 77.9
3 234.0 219.6
3 190.0 233.1
5 358.0 337.0
2 146.0 124.6
4 24.0 18.4
5 16.0 14.9
3 250.0 263.1
4 230.0 87.5
5 8.0 11.1
2 150.0 155.5
3 244.0 280.7
5 2.0 94.2
5 114.0 102.9
4 340.0 340.0
4 232.0 206.7
3 54.0 85.8
2 188.0 328.9
2 144.0 132.3
3 158.0 144.8
4 206.0 181.4
3 114.0 103.8
4 2.0 7.0
2 340.0 358.5
4 170.0 187.2
5 128.0 132.1
5 18.0 16.5
2 142.0 169.4
5 210.0 234.6
4 270.0 252.9
3 26.0 15.1
5 62.0 53.2
3 350.0 354.4
4 246.0 249.0
3 146.0 162.9
5 328.0 274.5
3 352.0 346.1
4 320.0 320.8
4 102.0 116.9
4 294.0 265.4
5 228.0 219.6
3 180.0 201.1
5 328.0 320.7
4 82.0 122.8
3 354.0 325.4
5 62.0 84.5
5 140.0 145.2
4 336.0 327.9
3 234.0 229.2
4 178.0 191.1
2 82.0 64.8
5 116.0 116.5
4 228.0 187.9
5 166.0 176.9
2 82.0 176.0
4 312.0 342.0
2 84.0 37.8
3 214.0 162.3
2 330.0 303.6
5 14.0 16.9
3 122.0 119.3
5 222.0 275.8
5 38.0 32.7
4 94.0 96.2
3 118.0 93.5
3 352.0 16.5
4 216.0 222.9
5 258.0 320.8
5 302.0 310.9
5 172.0 194.7
2 144.0 83.0
4 332.0 303.9
4 326.0 348.1
2 78.0 264.7
2 274.0 142.2
5 284.0 262.1
4 296.0 319.5
5 104.0 54.9
4 330.0 325.9
2 248.0 124.0
4 204.0 195.6
5 104.0 74.3
5 32.0 81.9
3 142.0 142.3
4 70.0 39.6
5 8.0 347.7
3 336.0 2.6
4 278.0 326.8
2 130.0 104.2
4 72.0 39.1
3 102.0 24.6
3 334.0 321.1
3 142.0 129.1
5 224.0 237.7
2 312.0 275.6
3 332.0 262.8
5 24.0 19.7
2 212.0 145.6
3 270.0 249.7
2 8.0 25.5
2 88.0 116.5
5 222.0 208.3
3 78.0 100.4
3 118.0 108.4
2 78.0 31.4
3 214.0 253.4
5 54.0 66.1
5 332.0 339.1
2 36.0 59.1
3 122.0 103.3
3 98.0 70.1
2 270.0 316.9
4 132.0 133.4
3 358.0 337.0
2 18.0 146.1
2 104.0 66.4
4 342.0 319.6
4 334.0 328.0
2 62.0 358.0
3 96.0 61.0
4 222.0 216.1
2 162.0 264.3
4 152.0 148.5
3 354.0 349.6
5 304.0 311.5
2 272.0 226.4
5 250.0 249.6
3 114.0 75.7
4 298.0 301.4
5 244.0 256.1
4 196.0 276.6
2 258.0 203.8
3 104.0 85.4
2 278.0 287.2
4 10.0 342.5
2 298.0 296.3
5 274.0 225.5
2 114.0 266.3
5 16.0 13.0
3 340.0 322.8
3 50.0 70.8
5 6.0 359.2
2 308.0 17.9
2 38.0 73.0
5 68.0 69.1
5 314.0 306.2
3 330.0 341.5
3 358.0 348.9
3 184.0 190.8
3 68.0 79.5
2 46.0 53.1
3 132.0 104.7
5 4.0 2.6
5 180.0 164.9
3 110.0 74.1
4 98.0 112.4
2 4.0 9.2
3 90.0 76.3
3 148.0 140.9
5 264.0 250.8
3 230.0 227.6
4 278.0 235.0
5 6.0 6.4
2 218.0 197.2
2 352.0 11.3
3 240.0 301.5
2 76.0 118.3
2 336.0 327.5
5 152.0 163.3
5 208.0 209.7
4 248.0 322.9
4 204.0 238.5
5 252.0 231.2
5 82.0 96.2
5 42.0 86.0
3 350.0 321.0
2 260.0 335.2
3 58.0 87.4
2 62.0 56.0
5 280.0 250.9
2 38.0 109.6
4 28.0 35.2
3 184.0 229.8
2 314.0 338.3
2 102.0 95.6
2 154.0 189.9
4 84.0 85.6
3 184.0 223.6
4 328.0 239.2
4 214.0 213.9
3 204.0 220.2
4 22.0 28.0
5 184.0 206.5
3 8.0 6.0
3 286.0 326.7
2 294.0 311.6
2 234.0 132.4
2 98.0 95.2
4 44.0 68.1
2 66.0 259.7
5 248.0 178.9
2 176.0 60.6
3 190.0 205.1
4 346.0 181.1
2 160.0 153.9
4 168.0 205.1
3 274.0 278.6
4 260.0 237.1
5 238.0 208.8
5 146.0 160.0
4 244.0 220.6
4 170.0 149.8
2 236.0 151.3
3 94.0 89.0
5 118.0 123.8
3 146.0 157.2
4 242.0 107.3
3 22.0 36.2
4 346.0 357.4
2 330.0 315.4
3 264.0 277.0
4 310.0 286.4
2 280.0 257.8
4 106.0 107.9
4 288.0 308.4
5 64.0 67.9
3 326.0 340.2
2 126.0 61.1
4 276.0 280.7
4 266.0 201.2
4 252.0 286.9
3 240.0 245.6
3 48.0 52.3
3 248.0 210.4
4 280.0 315.9
2 12.0 102.4
2 102.0 105.3
3 158.0 193.1
5 290.0 289.4
4 284.0 270.0
2 96.0 354.6
2 116.0 350.8
5 0.0 341.9
2 136.0 152.4
2 86.0 301.5
2 22.0 80.3
2 344.0 257.3
2 74.0 220.7
4 140.0 160.3
4 312.0 284.2
3 156.0 167.6
2 278.0 36.6
5 40.0 64.9
3 60.0 122.1
5 252.0 220.0
3 240.0 181.4
2 4.0 10.1
4 138.0 121.7
4 278.0 310.5
4 84.0 81.6
3 18.0 35.3
5 184.0 191.7
2 138.0 96.6
5 20.0 22.5
5 348.0 303.3
4 252.0 261.7
4 190.0 167.2
4 256.0 272.0
5 30.0 33.6
4 296.0 287.6
4 122.0 94.6
5 334.0 316.0
5 300.0 275.9
5 114.0 91.9
5 24.0 289.6
5 338.0 312.6
4 202.0 240.5
5 336.0 313.7
4 140.0 150.3
2 354.0 296.8
4 162.0 171.8
3 342.0 325.7
3 96.0 94.0
5 338.0 318.4
2 122.0 121.1
3 66.0 98.0
2 260.0 167.9
2 232.0 237.4
2 202.0 227.8
2 174.0 219.3
3 116.0 106.3
4 324.0 317.9
4 224.0 216.6
5 308.0 339.1
3 36.0 59.9
2 152.0 359.9
2 320.0 18.8
2 254.0 183.0
2 182.0 267.5
4 40.0 87.2
5 48.0 40.0
5 44.0 57.8
4 112.0 55.9
5 188.0 213.3
2 196.0 220.2
2 176.0 155.4
5 290.0 329.3
2 52.0 66.1
2 62.0 88.1
2 62.0 64.0
2 194.0 154.4
2 230.0 249.0
4 330.0 359.1
2 310.0 339.0
3 114.0 88.6
3 328.0 347.0
3 296.0 305.6
3 246.0 220.6
3 16.0 13.5
3 340.0 319.8
4 200.0 230.8
2 216.0 133.3
2 2.0 356.3
5 98.0 116.5
3 270.0 241.1
3 304.0 314.0
3 14.0 23.8
2 42.0 38.4
4 124.0 111.2
3 96.0 131.5
3 302.0 219.7
5 30.0 71.6
2 192.0 274.1
3 60.0 95.3
3 158.0 278.8
3 246.0 291.6
2 182.0 229.8
4 354.0 314.0
3 66.0 133.3
2 310.0 11.4
4 10.0 12.1
3 164.0 165.3
3 350.0 303.2
5 54.0 70.6
3 192.0 199.8
3 298.0 323.9
4 250.0 253.1
3 10.0 16.3
4 272.0 330.3
4 226.0 278.2
4 144.0 150.8
2 168.0 208.8
2 244.0 282.7
4 278.0 266.2
4 18.0 16.8
5 108.0 87.5
5 46.0 64.8
4 54.0 55.0
4 254.0 239.0
3 326.0 352.6
4 182.0 171.2
2 348.0 305.1
5 238.0 235.8
5 56.0 53.3
3 136.0 150.3
2 10.0 338.7
2 264.0 306.7
2 222.0 213.6
3 148.0 136.2
4 346.0 327.1
4 30.0 50.2
5 324.0 315.1
5 4.0 2.2
2 84.0 37.1
2 222.0 207.8
2 320.0 212.9
4 62.0 75.0
2 64.0 116.2
2 14.0 352.6
2 308.0 128.9
5 60.0 51.4
4 118.0 92.7
4 210.0 211.1
4 100.0 85.5
5 184.0 207.4
2 100.0 331.2
2 30.0 101.7
5 214.0 221.9
4 194.0 180.1
2 358.0 109.1
2 72.0 59.6
3 358.0 16.5
5 172.0 184.7
3 260.0 215.8
2 148.0 86.6
2 242.0 258.3
5 50.0 112.6
4 148.0 151.7
3 160.0 151.8
3 152.0 140.5
5 82.0 57.9
4 12.0 17.0
5 82.0 87.7
4 232.0 281.8
2 334.0 330.3
4 48.0 24.9
4 228.0 226.3
2 98.0 40.4
4 226.0 258.9
3 54.0 224.5
2 34.0 150.6
3 218.0 224.3
4 146.0 144.0
4 170.0 220.8
5 294.0 261.4
2 170.0 308.2
2 136.0 233.1
5 348.0 292.1
4 52.0 53.0
2 176.0 191.1
5 126.0 126.5
2 314.0 314.0
3 172.0 168.1
4 98.0 57.5
3 180.0 198.2
4 124.0 123.1
3 338.0 267.3
5 332.0 282.4
5 102.0 65.1
4 314.0 284.0
4 214.0 217.3
2 168.0 270.2
3 284.0 266.1
5 254.0 264.0
3 326.0 282.4
5 120.0 116.5
2 302.0 186.0
3 354.0 341.5
3 2.0 338.3
2 122.0 157.4
2 4.0 7.5
2 342.0 241.7
3 180.0 177.0
5 180.0 328.9
3 14.0 354.7
5 252.0 225.1
3 136.0 144.3
3 150.0 148.8
3 272.0 254.8
3 258.0 56.2
3 162.0 174.2
4 6.0 5.5
4 266.0 248.1
3 352.0 2.2
4 272.0 265.1
4 190.0 173.3
4 284.0 309.6
2 204.0 241.1
4 292.0 323.7
2 154.0 305.5
5 186.0 198.4
4 316.0 306.1
4 346.0 346.1
4 232.0 219.5
2 58.0 82.4
4 36.0 63.2
3 260.0 168.0
4 222.0 294.8
2 200.0 140.2
5 188.0 197.0
5 198.0 192.7
3 108.0 102.6
3 162.0 158.5
3 56.0 39.7
4 312.0 266.1
4 88.0 297.9
4 216.0 227.2
3 292.0 241.8
4 234.0 202.5
5 356.0 348.5
4 274.0 276.9
5 96.0 58.5
2 6.0 326.4
3 222.0 240.7
5 256.0 193.7
3 326.0 347.5
4 330.0 298.9
5 168.0 190.2
4 314.0 262.1
3 218.0 242.5
5 138.0 125.7
3 272.0 28.5
4 68.0 93.5
5 308.0 306.8
5 182.0 194.7
2 108.0 140.7
3 246.0 179.6
5 254.0 266.0
5 186.0 173.4
3 296.0 358.1
5 188.0 178.0
5 324.0 346.2
2 168.0 2.3
5 350.0 338.0
3 118.0 103.5
4 10.0 15.5
4 60.0 58.4
5 290.0 291.8
4 248.0 224.0
3 252.0 245.4
2 246.0 328.1
5 122.0 119.2
5 308.0 123.3
5 204.0 180.7
5 286.0 297.4
5 358.0 355.1
5 96.0 104.8
3 222.0 202.1
3 32.0 53.9
3 38.0 68.8
3 342.0 339.0
4 164.0 161.2
3 268.0 282.2
2 250.0 315.3
2 10.0 46.2
3 132.0 140.6
2 170.0 158.2
2 70.0 128.3
2 348.0 6.1
3 112.0 119.5
5 138.0 136.9
2 294.0 302.6
5 348.0 345.3
5 12.0 11.8
4 350.0 344.0
4 218.0 224.1
2 60.0 19.9
3 268.0 246.1
4 296.0 281.5
2 236.0 162.3
4 222.0 181.8
3 130.0 127.4
5 342.0 321.8
2 80.0 40.4
2 178.0 212.0
5 198.0 189.5
3 342.0 282.5
3 176.0 233.0
5 244.0 244.2
3 350.0 8.3
3 242.0 325.1
2 54.0 88.2
5 24.0 18.8
3 28.0 51.4
3 228.0 225.3
5 268.0 249.8
3 6.0 340.7
3 82.0 88.2
2 64.0 73.4
3 56.0 110.1
2 328.0 348.1
5 132.0 131.3
4 350.0 254.2
3 178.0 165.6
5 308.0 323.8
5 204.0 200.0
4 250.0 243.0
5 8.0 9.8
2 150.0 228.3
5 2.0 358.9
3 114.0 97.1
3 340.0 294.1
4 232.0 253.8
2 188.0 215.3
5 158.0 169.2
4 206.0 234.3
2 114.0 87.9
5 2.0 2.3
4 170.0 189.0
3 18.0 354.5
2 142.0 116.0
2 270.0 343.0
2 62.0 95.2
2 246.0 299.2
5 146.0 152.7
2 352.0 96.7
3 102.0 76.0
5 294.0 299.0
2 180.0 280.4
2 328.0 254.7
2 82.0 71.7
2 140.0 133.1
2 336.0 317.5
5 178.0 228.2
3 82.0 45.4
4 166.0 146.5
4 82.0 95.8
4 312.0 334.7
2 84.0 115.2
3 330.0 283.8
2 222.0 70.1
2 352.0 286.1
4 216.0 297.1
4 258.0 226.5
2 172.0 271.4
5 332.0 349.2
5 326.0 347.0
3 78.0 68.6
3 274.0 237.7
4 284.0 256.0
5 296.0 268.6
4 104.0 56.1
4 104.0 79.8
5 32.0 38.8
3 142.0 128.2
3 70.0 56.3
2 8.0 8.7
4 278.0 228.5
2 72.0 105.5
5 102.0 110.3
5 334.0 326.4
3 142.0 152.3
2 312.0 213.1
3 332.0 296.1
4 24.0 19.8
3 212.0 240.3
2 270.0 239.8
2 78.0 21.3
2 78.0 127.0
5 214.0 212.0
2 36.0 71.3
2 122.0 34.6
3 98.0 59.6
3 270.0 309.5
2 132.0 232.7
4 358.0 323.8
3 18.0 14.0
3 104.0 67.9
2 342.0 207.7
5 334.0 321.5
3 222.0 227.0
3 162.0 176.2
4 152.0 162.6
5 354.0 332.9
3 304.0 317.2
2 272.0 341.5
2 164.0 171.9
3 286.0 322.7
3 270.0 266.9
5 174.0 186.1
5 136.0 128.2
5 202.0 200.9
3 190.0 186.5
4 70.0 105.3
3 172.0 191.3
4 254.0 207.7
3 344.0 298.0
2 164.0 156.9
2 332.0 208.4
3 348.0 314.8
2 246.0 232.6
2 338.0 248.5
5 212.0 157.2
2 212.0 283.3
4 278.0 293.7
4 234.0 202.1
4 326.0 319.1
2 290.0 209.6
4 178.0 163.3
4 30.0 44.4
4 350.0 326.5
2 36.0 48.5
4 248.0 251.0
2 72.0 46.1
2 12.0 10.0
5 258.0 258.1
4 70.0 85.3
2 6.0 298.0
4 320.0 343.5
2 244.0 207.8
3 80.0 75.2
4 22.0 24.1
5 44.0 87.0
4 84.0 57.1
5 244.0 256.3
3 218.0 153.7
3 256.0 324.4
2 332.0 10.1
3 198.0 172.1
2 348.0 74.9
3 184.0 172.4
3 166.0 194.0
5 270.0 267.8
4 194.0 192.2
4 278.0 269.3
3 266.0 230.8
3 102.0 74.6
5 172.0 163.8
5 40.0 89.9
2 258.0 242.7
3 308.0 337.5
5 60.0 46.7
2 200.0 256.8
5 74.0 88.1
5 266.0 334.5
2 216.0 263.1
3 192.0 243.7
5 220.0 230.1
5 278.0 256.9
5 52.0 79.8
5 110.0 96.6
4 98.0 97.8
5 30.0 32.0
2 226.0 164.0
4 28.0 23.6
5 330.0 311.6
2 112.0 103.6
5 148.0 234.5
5 172.0 174.3
4 178.0 151.3
2 210.0 346.1
4 120.0 132.5
4 10.0 9.9
2 26.0 30.5
5 112.0 79.8
4 254.0 202.6
3 156.0 158.1
3 174.0 164.6
3 306.0 311.6
4 354.0 308.8
3 120.0 122.5
3 62.0 59.8
5 266.0 247.4
5 134.0 126.8
3 344.0 320.0
5 82.0 112.6
2 26.0 38.9
2 16.0 23.3
2 222.0 263.0
2 92.0 75.9
5 100.0 103.9
4 298.0 328.1
3 296.0 291.0
4 330.0 322.7
4 296.0 307.2
2 74.0 45.8
2 108.0 53.1
3 262.0 193.6
5 144.0 151.6
5 28.0 36.5
4 182.0 192.6
3 86.0 78.8
5 120.0 77.3
3 350.0 338.0
5 244.0 256.3
3 160.0 209.2
4 254.0 248.8
2 192.0 166.1
4 112.0 91.1
4 110.0 77.7
2 222.0 314.1
5 290.0 75.2
5 250.0 260.7
4 2.0 318.6
5 106.0 108.1
4 258.0 245.7
2 304.0 298.4
3 278.0 286.6
5 186.0 216.4
4 242.0 211.9
3 66.0 72.5
2 298.0 15.4
4 124.0 112.0
5 298.0 304.4
5 314.0 309.0
4 340.0 324.1
2 58.0 78.6
2 174.0 144.5
4 214.0 225.7
2 2.0 74.3
4 184.0 222.7
5 280.0 284.2
4 214.0 227.2
2 192.0 244.2
4 14.0 26.4
5 196.0 207.6
2 320.0 256.1
3 294.0 243.9
4 68.0 49.7
2 40.0 133.9
3 262.0 250.2
5 128.0 122.7
5 136.0 144.3
3 204.0 255.2
4 22.0 22.9
4 174.0 190.9
2 162.0 222.7
2 226.0 225.8
4 182.0 190.9
2 138.0 81.3
4 106.0 70.9
2 282.0 159.0
3 260.0 227.6
2 218.0 296.7
2 354.0 311.9
5 58.0 86.1
3 44.0 68.9
4 348.0 355.1
2 324.0 32.9
5 78.0 53.6
5 260.0 286.3
5 316.0 337.5
4 148.0 142.2
4 62.0 66.2
5 342.0 320.0
3 252.0 216.3
4 242.0 236.5
5 44.0 40.0
4 248.0 264.5
5 212.0 201.7
4 28.0 65.9
5 352.0 344.6
5 330.0 320.3
5 358.0 312.9
4 196.0 229.3
2 64.0 163.3
4 182.0 151.5
2 80.0 94.7
4 164.0 153.3
3 206.0 213.5
5 298.0 325.0
3 198.0 212.3
5 158.0 169.7
5 90.0 41.4
4 312.0 250.0
2 110.0 55.3
2 156.0 223.1
4 164.0 175.1
4 84.0 65.2
4 174.0 168.2
4 54.0 64.7
2 146.0 103.2
5 314.0 243.7
2 94.0 73.0
2 248.0 224.7
4 226.0 267.5
4 200.0 236.2
2 76.0 48.8
4 336.0 235.1
2 354.0 271.2
4 274.0 233.4
4 272.0 323.8
4 170.0 170.6
3 308.0 288.1
2 84.0 88.3
3 104.0 63.5
4 24.0 22.5
3 310.0 337.1
2 10.0 349.8
2 24.0 4.8
5 356.0 81.1
2 116.0 138.0
3 286.0 246.2
5 232.0 280.7
3 14.0 5.0
2 226.0 269.0
3 56.0 65.8
5 332.0 336.8
3 210.0 256.9
5 152.0 157.1
3 148.0 137.6
3 342.0 286.2
3 14.0 14.5
2 62.0 138.6
3 356.0 1.8
3 214.0 223.9
2 306.0 51.1
5 326.0 345.6
4 280.0 279.4
3 284.0 249.2
5 314.0 324.2
5 34.0 74.7
2 214.0 207.0
3 36.0 37.9
4 54.0 80.1
5 192.0 183.8
4 324.0 222.5
3 248.0 274.8
2 118.0 46.7
5 42.0 70.8
4 270.0 105.3
3 232.0 155.3
3 294.0 240.7
3 278.0 231.9
5 254.0 240.2
2 132.0 133.5
5 254.0 205.7
5 4.0 3.7
2 300.0 213.3
2 268.0 355.7
3 6.0 338.2
5 194.0 197.7
5 130.0 128.8
4 354.0 352.1
5 132.0 199.0
5 312.0 319.6
3 24.0 31.7
3 280.0 294.3
2 156.0 192.3
5 60.0 107.1
2 282.0 306.8
3 42.0 61.8
2 260.0 216.5
3 116.0 89.5
4 38.0 81.7
4 230.0 165.4
5 198.0 266.2
5 8.0 6.7
2 48.0 17.9
3 340.0 332.8
3 300.0 288.8
5 268.0 315.3
5 100.0 80.5
2 352.0 168.9
3 18.0 12.6
3 322.0 338.4
4 78.0 104.6
2 168.0 197.2
3 144.0 158.7
4 22.0 22.5
5 22.0 28.9
5 192.0 201.7
2 72.0 107.2
2 62.0 90.9
3 48.0 84.5
2 126.0 23.6
3 26.0 26.8
5 146.0 153.7
5 236.0 241.2
2 50.0 348.3
3 334.0 316.6
2 180.0 301.7
4 100.0 96.6
2 20.0 104.9
2 208.0 254.2
4 276.0 249.5
2 258.0 107.5
4 250.0 226.4
4 306.0 286.0
2 104.0 98.8
2 342.0 87.2
4 308.0 282.8
4 70.0 96.1
5 300.0 290.1
5 278.0 295.0
5 34.0 36.1
4 286.0 223.4
3 146.0 109.6
3 26.0 19.1
5 194.0 211.3
5 304.0 303.6
2 62.0 25.7
3 306.0 323.8
2 64.0 145.8
2 330.0 190.8
5 124.0 121.4
2 152.0 139.4
5 320.0 331.1
2 76.0 338.2
3 268.0 300.4
2 198.0 283.9
4 246.0 296.6
3 10.0 17.0
3 246.0 247.5
3 190.0 261.3
2 94.0 128.1
2 12.0 59.1
5 234.0 243.7
2 222.0 231.8
2 104.0 300.5
5 56.0 88.9
4 20.0 23.9
2 156.0 124.3
3 94.0 94.9
2 306.0 16.9
3 138.0 108.5
4 260.0 237.9
5 242.0 252.1
4 60.0 45.0
3 28.0 54.2
3 32.0 81.6
5 240.0 215.2
4 102.0 114.8
2 42.0 359.0
4 70.0 110.5
4 186.0 154.9
4 58.0 86.3
5 300.0 283.4
3 202.0 163.2
5 80.0 53.3
5 150.0 155.8
2 130.0 15.9
4 296.0 233.4
3 332.0 327.0
5 160.0 156.0
5 222.0 197.9
