sigma2_stimulus 	 [inf, 2.0, 3.0, 4.0, 5.0, 6.0, 7.0, 8.0, 9.0, 10.0]
log_motor_var 	 [8.12501049041748]
sigma_logit 	 [-1.0, -2.0, -3.0, -4.0, -5.0, -6.0, -7.0, -8.0, -9.0, -10.0]
mixture_logit 	 [-5.160216331481934]
prior 	 [0.0024999999441206455, 0.0024999999441206455, 0.0024999999441206455, 0.0024999999441206455, 0.0024999999441206455, 0.0024999999441206455, 0.0024999999441206455, 0.0024999999441206455, 0.0024999999441206455, 0.0024999999441206455, 0.0024999999441206455, 0.0024999999441206455, 0.0024999999441206455, 0.0024999999441206455, 0.0024999999441206455, 0.0024999999441206455, 0.0024999999441206455, 0.0024999999441206455, 0.0024999999441206455, 0.0024999999441206455, 0.0024999999441206455, 0.0024999999441206455, 0.0024999999441206455, 0.0024999999441206455, 0.0024999999441206455, 0.0024999999441206455, 0.0024999999441206455, 0.0024999999441206455, 0.0024999999441206455, 0.0024999999441206455, 0.0024999999441206455, 0.0024999999441206455, 0.0024999999441206455, 0.0024999999441206455, 0.0024999999441206455, 0.0024999999441206455, 0.0024999999441206455, 0.0024999999441206455, 0.0024999999441206455, 0.0024999999441206455, 0.0024999999441206455, 0.0024999999441206455, 0.0024999999441206455, 0.0024999999441206455, 0.0024999999441206455, 0.0024999999441206455, 0.0024999999441206455, 0.0024999999441206455, 0.0024999999441206455, 0.0024999999441206455, 0.0024999999441206455, 0.0024999999441206455, 0.0024999999441206455, 0.0024999999441206455, 0.0024999999441206455, 0.0024999999441206455, 0.0024999999441206455, 0.0024999999441206455, 0.0024999999441206455, 0.0024999999441206455, 0.0024999999441206455, 0.0024999999441206455, 0.0024999999441206455, 0.0024999999441206455, 0.0024999999441206455, 0.0024999999441206455, 0.0024999999441206455, 0.0024999999441206455, 0.0024999999441206455, 0.0024999999441206455, 0.0024999999441206455, 0.0024999999441206455, 0.0024999999441206455, 0.0024999999441206455, 0.0024999999441206455, 0.0024999999441206455, 0.0024999999441206455, 0.0024999999441206455, 0.0024999999441206455, 0.0024999999441206455, 0.0024999999441206455, 0.0024999999441206455, 0.0024999999441206455, 0.0024999999441206455, 0.0024999999441206455, 0.0024999999441206455, 0.0024999999441206455, 0.0024999999441206455, 0.0024999999441206455, 0.0024999999441206455, 0.0024999999441206455, 0.0024999999441206455, 0.0024999999441206455, 0.0024999999441206455, 0.0024999999441206455, 0.0024999999441206455, 0.0024999999441206455, 0.0024999999441206455, 0.0024999999441206455, 0.0024999999441206455, 0.0024999999441206455, 0.0024999999441206455, 0.0024999999441206455, 0.0024999999441206455, 0.0024999999441206455, 0.0024999999441206455, 0.0024999999441206455, 0.0024999999441206455, 0.0024999999441206455, 0.0024999999441206455, 0.0024999999441206455, 0.0024999999441206455, 0.0024999999441206455, 0.0024999999441206455, 0.0024999999441206455, 0.0024999999441206455, 0.0024999999441206455, 0.0024999999441206455, 0.0024999999441206455, 0.0024999999441206455, 0.0024999999441206455, 0.0024999999441206455, 0.0024999999441206455, 0.0024999999441206455, 0.0024999999441206455, 0.0024999999441206455, 0.0024999999441206455, 0.0024999999441206455, 0.0024999999441206455, 0.0024999999441206455, 0.0024999999441206455, 0.0024999999441206455, 0.0024999999441206455, 0.0024999999441206455, 0.0024999999441206455, 0.0024999999441206455, 0.0024999999441206455, 0.0024999999441206455, 0.0024999999441206455, 0.0024999999441206455, 0.0024999999441206455, 0.0024999999441206455, 0.0024999999441206455, 0.0024999999441206455, 0.0024999999441206455, 0.0024999999441206455, 0.0024999999441206455, 0.0024999999441206455, 0.0024999999441206455, 0.0024999999441206455, 0.0024999999441206455, 0.0024999999441206455, 0.0024999999441206455, 0.0024999999441206455, 0.0024999999441206455, 0.0024999999441206455, 0.0024999999441206455, 0.0024999999441206455, 0.0024999999441206455, 0.0024999999441206455, 0.0024999999441206455, 0.0024999999441206455, 0.0024999999441206455, 0.0024999999441206455, 0.0024999999441206455, 0.0024999999441206455, 0.0024999999441206455, 0.0024999999441206455, 0.0024999999441206455, 0.0024999999441206455, 0.0024999999441206455, 0.0024999999441206455, 0.0024999999441206455, 0.0024999999441206455, 0.0024999999441206455, 0.0024999999441206455, 0.0024999999441206455, 0.0024999999441206455, 0.0024999999441206455, 0.0024999999441206455, 0.0024999999441206455, 0.0024999999441206455, 0.0024999999441206455, 0.0024999999441206455, 0.0024999999441206455, 0.0024999999441206455, 0.0024999999441206455, 0.0024999999441206455, 0.0024999999441206455, 0.0024999999441206455, 0.0024999999441206455, 0.0024999999441206455, 0.0024999999441206455, 0.0024999999441206455, 0.0024999999441206455, 0.0024999999441206455, 0.0024999999441206455, 0.0024999999441206455, 0.0024999999441206455, 0.0024999999441206455, 0.0024999999441206455, 0.0024999999441206455, 0.0024999999441206455, 0.0024999999441206455, 0.0024999999441206455, 0.0024999999441206455, 0.0024999999441206455, 0.0024999999441206455, 0.0024999999441206455, 0.0024999999441206455, 0.0024999999441206455, 0.0024999999441206455, 0.0024999999441206455, 0.0024999999441206455, 0.0024999999441206455, 0.0024999999441206455, 0.0024999999441206455, 0.0024999999441206455, 0.0024999999441206455, 0.0024999999441206455, 0.0024999999441206455, 0.0024999999441206455, 0.0024999999441206455, 0.0024999999441206455, 0.0024999999441206455, 0.0024999999441206455, 0.0024999999441206455, 0.0024999999441206455, 0.0024999999441206455, 0.0024999999441206455, 0.0024999999441206455, 0.0024999999441206455, 0.0024999999441206455, 0.0024999999441206455, 0.0024999999441206455, 0.0024999999441206455, 0.0024999999441206455, 0.0024999999441206455, 0.0024999999441206455, 0.0024999999441206455, 0.0024999999441206455, 0.0024999999441206455, 0.0024999999441206455, 0.0024999999441206455, 0.0024999999441206455, 0.0024999999441206455, 0.0024999999441206455, 0.0024999999441206455, 0.0024999999441206455, 0.0024999999441206455, 0.0024999999441206455, 0.0024999999441206455, 0.0024999999441206455, 0.0024999999441206455, 0.0024999999441206455, 0.0024999999441206455, 0.0024999999441206455, 0.0024999999441206455, 0.0024999999441206455, 0.0024999999441206455, 0.0024999999441206455, 0.0024999999441206455, 0.0024999999441206455, 0.0024999999441206455, 0.0024999999441206455, 0.0024999999441206455, 0.0024999999441206455, 0.0024999999441206455, 0.0024999999441206455, 0.0024999999441206455, 0.0024999999441206455, 0.0024999999441206455, 0.0024999999441206455, 0.0024999999441206455, 0.0024999999441206455, 0.0024999999441206455, 0.0024999999441206455, 0.0024999999441206455, 0.0024999999441206455, 0.0024999999441206455, 0.0024999999441206455, 0.0024999999441206455, 0.0024999999441206455, 0.0024999999441206455, 0.0024999999441206455, 0.0024999999441206455, 0.0024999999441206455, 0.0024999999441206455, 0.0024999999441206455, 0.0024999999441206455, 0.0024999999441206455, 0.0024999999441206455, 0.0024999999441206455, 0.0024999999441206455, 0.0024999999441206455, 0.0024999999441206455, 0.0024999999441206455, 0.0024999999441206455, 0.0024999999441206455, 0.0024999999441206455, 0.0024999999441206455, 0.0024999999441206455, 0.0024999999441206455, 0.0024999999441206455, 0.0024999999441206455, 0.0024999999441206455, 0.0024999999441206455, 0.0024999999441206455, 0.0024999999441206455, 0.0024999999441206455, 0.0024999999441206455, 0.0024999999441206455, 0.0024999999441206455, 0.0024999999441206455, 0.0024999999441206455, 0.0024999999441206455, 0.0024999999441206455, 0.0024999999441206455, 0.0024999999441206455, 0.0024999999441206455, 0.0024999999441206455, 0.0024999999441206455, 0.0024999999441206455, 0.0024999999441206455, 0.0024999999441206455, 0.0024999999441206455, 0.0024999999441206455, 0.0024999999441206455, 0.0024999999441206455, 0.0024999999441206455, 0.0024999999441206455, 0.0024999999441206455, 0.0024999999441206455, 0.0024999999441206455, 0.0024999999441206455, 0.0024999999441206455, 0.0024999999441206455, 0.0024999999441206455, 0.0024999999441206455, 0.0024999999441206455, 0.0024999999441206455, 0.0024999999441206455, 0.0024999999441206455, 0.0024999999441206455, 0.0024999999441206455, 0.0024999999441206455, 0.0024999999441206455, 0.0024999999441206455, 0.0024999999441206455, 0.0024999999441206455, 0.0024999999441206455, 0.0024999999441206455, 0.0024999999441206455, 0.0024999999441206455, 0.0024999999441206455, 0.0024999999441206455, 0.0024999999441206455, 0.0024999999441206455, 0.0024999999441206455, 0.0024999999441206455, 0.0024999999441206455, 0.0024999999441206455, 0.0024999999441206455, 0.0024999999441206455, 0.0024999999441206455, 0.0024999999441206455, 0.0024999999441206455, 0.0024999999441206455, 0.0024999999441206455, 0.0024999999441206455, 0.0024999999441206455, 0.0024999999441206455, 0.0024999999441206455, 0.0024999999441206455, 0.0024999999441206455, 0.0024999999441206455, 0.0024999999441206455, 0.0024999999441206455, 0.0024999999441206455, 0.0024999999441206455, 0.0024999999441206455, 0.0024999999441206455, 0.0024999999441206455, 0.0024999999441206455, 0.0024999999441206455, 0.0024999999441206455, 0.0024999999441206455, 0.0024999999441206455, 0.0024999999441206455, 0.0024999999441206455, 0.0024999999441206455, 0.0024999999441206455, 0.0024999999441206455, 0.0024999999441206455, 0.0024999999441206455, 0.0024999999441206455, 0.0024999999441206455, 0.0024999999441206455, 0.0024999999441206455, 0.0024999999441206455]
volume 	 [-4.574504852294922, -4.574588775634766, -4.5748419761657715, -4.575263500213623, -4.575854301452637, -4.576613426208496, -4.577541351318359, -4.578638076782227, -4.579903602600098, -4.581337928771973, -4.582940578460693, -4.584712505340576, -4.586652755737305, -4.588761806488037, -4.591040134429932, -4.593486309051514, -4.596101760864258, -4.598886013031006, -4.6018385887146, -4.6049604415893555, -4.608250617980957, -4.6117095947265625, -4.615336894989014, -4.619133472442627, -4.623098850250244, -4.627232551574707, -4.631535053253174, -4.6360063552856445, -4.640646457672119, -4.6454548835754395, -4.650432586669922, -4.65557861328125, -4.660893440246582, -4.666377067565918, -4.6720290184021, -4.677849769592285, -4.683839797973633, -4.689997673034668, -4.696324825286865, -4.702820301055908, -4.709484577178955, -4.716317176818848, -4.723319053649902, -4.7304887771606445, -4.737827777862549, -4.745335102081299, -4.753011226654053, -4.760855674743652, -4.768868923187256, -4.777050971984863, -4.785400867462158, -4.793920040130615, -4.802607536315918, -4.811463356018066, -4.820487976074219, -4.829680919647217, -4.839042663574219, -4.848572731018066, -4.858270645141602, -4.868137836456299, -4.878172874450684, -4.888376235961914, -4.898748397827148, -4.90928840637207, -4.919997215270996, -4.930873870849609, -4.941918849945068, -4.953132152557373, -4.964513301849365, -4.976062774658203, -4.9877800941467285, -4.9996657371521, -5.011719226837158, -5.023940563201904, -5.036329746246338, -5.048886775970459, -5.061611175537109, -5.0745038986206055, -5.087563514709473, -5.100790977478027, -5.114185810089111, -5.127748012542725, -5.141477108001709, -5.155373573303223, -5.169436931610107, -5.183667182922363, -5.198063850402832, -5.212627410888672, -5.227357387542725, -5.24225378036499, -5.257315635681152, -5.272543907165527, -5.287937641143799, -5.303497314453125, -5.319221496582031, -5.335111141204834, -5.351165771484375, -5.367384910583496, -5.383767604827881, -5.400314807891846, -5.417025566101074, -5.43389892578125, -5.4509358406066895, -5.46813440322876, -5.485495090484619, -5.503017425537109, -5.520700931549072, -5.538544178009033, -5.55654764175415, -5.574710369110107, -5.593031883239746, -5.611510753631592, -5.6301469802856445, -5.648939609527588, -5.6678876876831055, -5.686989784240723, -5.7062458992004395, -5.725654125213623, -5.745213985443115, -5.764924049377441, -5.784782409667969, -5.804789066314697, -5.824941158294678, -5.845237731933594, -5.8656768798828125, -5.886257648468018, -5.90697717666626, -5.927833557128906, -5.948824882507324, -5.969948768615723, -5.991203308105469, -6.012584686279297, -6.034090518951416, -6.055717945098877, -6.0774641036987305, -6.099325180053711, -6.121297359466553, -6.143377304077148, -6.165559768676758, -6.187841892242432, -6.210216999053955, -6.232682704925537, -6.255231857299805, -6.277858257293701, -6.300557613372803, -6.32332181930542, -6.3461456298828125, -6.369020462036133, -6.391939640045166, -6.414894104003906, -6.437876224517822, -6.460875988006592, -6.483883380889893, -6.506889343261719, -6.529881477355957, -6.552849769592285, -6.575780868530273, -6.598662376403809, -6.6214799880981445, -6.64422082901001, -6.666868686676025, -6.689408302307129, -6.711822986602783, -6.734094619750977, -6.756206512451172, -6.778137683868408, -6.799869537353516, -6.821380615234375, -6.842649459838867, -6.863653659820557, -6.884369373321533, -6.904772758483887, -6.924839496612549, -6.94454288482666, -6.9638566970825195, -6.982754230499268, -7.0012078285217285, -7.019188404083252, -7.036668300628662, -7.053618431091309, -7.070009231567383, -7.085811138153076, -7.1009955406188965, -7.115532398223877, -7.129393577575684, -7.142550468444824, -7.154974937438965, -7.166640281677246, -7.177519798278809, -7.187589645385742, -7.19682502746582, -7.205204963684082, -7.212707996368408, -7.219316482543945, -7.225012302398682, -7.2297821044921875, -7.233612537384033, -7.236495018005371, -7.238420486450195, -7.239384651184082, -7.239384651184082, -7.238420486450195, -7.236495018005371, -7.233612537384033, -7.2297821044921875, -7.225012302398682, -7.219316005706787, -7.212707996368408, -7.205204963684082, -7.1968255043029785, -7.187589645385742, -7.177520275115967, -7.166640281677246, -7.154974937438965, -7.142550468444824, -7.129394054412842, -7.115532398223877, -7.1009955406188965, -7.085811138153076, -7.070009231567383, -7.053618431091309, -7.036668300628662, -7.01918888092041, -7.0012078285217285, -6.982754707336426, -6.9638566970825195, -6.94454288482666, -6.924839496612549, -6.904772758483887, -6.884369850158691, -6.863653659820557, -6.842649459838867, -6.821380615234375, -6.799869537353516, -6.778138160705566, -6.756206512451172, -6.734095096588135, -6.711822986602783, -6.689408779144287, -6.666868686676025, -6.644221305847168, -6.6214799880981445, -6.598662376403809, -6.575780868530273, -6.552849769592285, -6.529881954193115, -6.506889343261719, -6.483883857727051, -6.460875988006592, -6.4378767013549805, -6.4148945808410645, -6.391939640045166, -6.369020938873291, -6.3461456298828125, -6.323322296142578, -6.300557613372803, -6.277858734130859, -6.255231857299805, -6.232683181762695, -6.2102179527282715, -6.187841892242432, -6.165560245513916, -6.143377304077148, -6.121297836303711, -6.099325180053711, -6.077464580535889, -6.055718421936035, -6.034090518951416, -6.012584686279297, -5.991203308105469, -5.969948768615723, -5.948824882507324, -5.9278340339660645, -5.906977653503418, -5.886257648468018, -5.865677356719971, -5.845238208770752, -5.8249406814575195, -5.804789066314697, -5.784782886505127, -5.7649245262146, -5.745213985443115, -5.725654602050781, -5.7062458992004395, -5.686989784240723, -5.6678876876831055, -5.648940086364746, -5.630147457122803, -5.611510753631592, -5.593031883239746, -5.574710845947266, -5.556548118591309, -5.538544178009033, -5.520700931549072, -5.503017902374268, -5.485495090484619, -5.46813440322876, -5.4509358406066895, -5.433899402618408, -5.417025566101074, -5.400314807891846, -5.383768081665039, -5.367384433746338, -5.351165771484375, -5.335111618041992, -5.3192219734191895, -5.303497314453125, -5.287937641143799, -5.272543907165527, -5.257315635681152, -5.24225378036499, -5.227357387542725, -5.21262788772583, -5.198063850402832, -5.183667182922363, -5.169436931610107, -5.155374050140381, -5.141477108001709, -5.127748012542725, -5.1141862869262695, -5.100790977478027, -5.087563514709473, -5.0745038986206055, -5.061611652374268, -5.048886775970459, -5.036329746246338, -5.0239410400390625, -5.011719226837158, -4.9996657371521, -4.987780570983887, -4.976063251495361, -4.964513301849365, -4.953132152557373, -4.941918849945068, -4.930873870849609, -4.919997215270996, -4.90928840637207, -4.898748397827148, -4.888376235961914, -4.878172874450684, -4.868137836456299, -4.85827112197876, -4.848572731018066, -4.839042663574219, -4.829681396484375, -4.820487976074219, -4.811463832855225, -4.802607536315918, -4.793920040130615, -4.785400867462158, -4.777050971984863, -4.768868923187256, -4.760855674743652, -4.753011226654053, -4.745335102081299, -4.737827777862549, -4.7304887771606445, -4.723319053649902, -4.716317176818848, -4.709484577178955, -4.702820301055908, -4.696324825286865, -4.689997673034668, -4.683839797973633, -4.677850246429443, -4.672029495239258, -4.666377067565918, -4.660893440246582, -4.65557861328125, -4.650432586669922, -4.6454548835754395, -4.640646457672119, -4.6360063552856445, -4.631535530090332, -4.627232551574707, -4.623098850250244, -4.619133472442627, -4.615336894989014, -4.6117095947265625, -4.608250617980957, -4.6049604415893555, -4.6018385887146, -4.598886013031006, -4.596101760864258, -4.593486309051514, -4.591040134429932, -4.588761806488037, -4.586652755737305, -4.584712505340576, -4.582940578460693, -4.581337928771973, -4.579903602600098, -4.578638076782227, -4.577541351318359, -4.576613426208496, -4.575854301452637, -4.575263500213623, -4.5748419761657715, -4.574588775634766, -4.574504852294922]
loss_function_weights_cosine 	 [-1.0, 0.0, 0.0, 0.0, 0.0, 0.0, 0.0, 0.0, 0.0, 0.0]
loss_function_weights_sine 	 [0.0, 0.4000000059604645, -0.25999999046325684, 0.0, 0.0, 0.0, 0.0, 0.0, 0.0, 0.0]
=======
4 1.7175 1.3483
6 1.29 1.3739
6 1.7325 1.5527
4 0.615 1.0517
5 2.4375 2.4032
6 2.4675 2.5941
7 1.9575 2.0371
7 0.48 0.4773
5 1.56 1.4046
5 0.9825 1.3211
5 0.75 1.1022
4 2.8575 2.7906
6 2.9925 2.9059
7 0.135 0.1937
7 2.58 2.6078
5 1.8075 1.1304
4 1.1475 1.5488
7 0.8475 0.9217
4 2.025 2.364
5 1.3725 1.4306
7 2.055 1.5622
7 1.9875 1.6965
6 0.3975 0.3762
5 2.3025 2.3126
6 2.9475 2.9026
6 2.91 2.8095
4 1.8375 1.8463
5 0.135 0.2309
7 0.015 -0.057
6 0.405 0.5232
7 2.82 2.8414
4 0.9075 0.4039
5 1.095 1.5244
5 2.6925 2.6969
7 0.945 0.9905
4 1.65 0.9674
5 1.305 0.7391
4 0.195 0.1527
6 1.755 1.6819
4 2.535 2.493
4 0.4725 0.2832
4 0.675 0.7005
5 1.2375 1.3787
4 0.1125 0.0873
7 1.4925 1.3641
5 2.4525 2.558
7 1.9725 1.9615
7 1.5975 1.3731
5 2.565 2.6297
5 0.45 0.3574
4 1.7025 1.9829
4 1.125 1.4156
6 1.8075 1.7553
7 0.3375 0.2593
5 2.325 2.3728
5 0.2925 0.3856
6 0.5025 0.3731
4 2.4225 2.1438
6 2.8425 2.8589
5 1.2975 1.5067
6 1.245 1.382
6 0.735 0.7331
7 0.825 0.9336
4 1.8525 1.2629
5 0.5325 0.5698
7 0.36 0.4707
6 1.365 0.8062
5 0.495 0.6006
6 1.9425 1.3637
4 2.46 2.6953
5 2.3325 2.1985
4 1.44 1.6154
4 1.0425 1.5251
4 1.305 1.2855
6 0.015 0.0767
7 2.1375 2.0037
7 0.9975 0.9603
5 0.96 1.4793
4 0.24 0.2444
7 1.3425 1.4342
7 1.7475 1.2413
4 1.17 1.7091
7 2.61 2.6724
7 2.0175 1.8794
7 0.7275 0.7426
5 1.575 1.3309
6 2.73 2.7374
6 1.56 1.7329
6 1.8075 1.924
6 0.1875 0.2176
7 1.47 1.5746
6 1.3875 1.2646
5 1.2 1.0443
4 1.26 1.3786
4 1.755 1.4285
5 1.6125 1.3199
4 1.47 1.3818
4 0.495 1.2427
4 1.3275 1.3008
5 2.9025 2.9665
6 1.245 1.3637
4 0.105 0.2459
6 0.0075 0.0604
4 1.605 1.6782
5 0.15 0.1297
4 0.2775 0.2997
4 0.33 0.1375
7 1.365 1.5379
7 2.9775 2.9089
5 1.455 1.2561
5 1.3725 1.224
4 1.3125 1.2771
6 1.5 1.292
5 1.3425 1.0442
6 2.175 2.1728
7 2.6925 2.6843
6 2.0925 2.057
7 1.2675 1.1601
5 1.95 1.9407
6 2.73 2.7115
6 0.4575 0.2858
5 0.7125 0.5058
4 1.86 1.3778
4 2.0625 1.1458
6 1.9275 1.8011
7 1.7625 1.3737
6 2.49 2.5485
5 1.44 1.6596
6 2.4225 2.4536
5 2.8875 2.9035
5 1.305 1.7171
4 2.58 2.6563
5 2.1525 1.8448
7 2.6625 2.6361
4 0.135 0.2195
6 2.7375 2.8109
4 2.3025 1.6776
5 2.8875 2.812
7 2.9475 3.0155
7 0.855 0.8784
4 2.01 1.5766
4 0.4275 0.2145
7 1.785 1.3773
7 2.76 2.7622
4 0.5775 0.5267
7 1.05 1.0018
6 0.24 0.1912
6 0.585 0.5742
5 0.6225 0.9275
4 0.285 0.2714
6 2.9925 2.9207
5 2.6625 2.444
7 1.395 2.5715
6 2.2275 2.0481
5 2.085 1.7306
5 1.5675 1.1528
4 1.2675 1.0212
7 1.995 1.7191
6 1.665 1.8649
5 0.795 0.5926
6 1.095 1.3233
6 1.8825 1.8475
5 1.8825 0.9866
5 0.63 1.1389
5 1.83 1.6798
5 2.625 2.7351
4 2.6175 2.5642
4 1.9575 2.4019
7 0.21 0.2656
5 1.2675 1.0002
5 0.27 0.2753
5 0.165 0.1033
5 0.765 1.4325
7 1.3725 1.3751
5 2.28 1.4554
4 1.89 2.3555
5 0.8475 0.7241
5 2.085 1.7356
6 1.5225 1.9542
6 1.5225 1.6868
4 0.7875 0.8826
6 1.3275 1.3921
5 1.0275 1.0804
6 2.1825 2.1807
5 1.4475 1.9219
7 1.3425 1.5738
5 1.4325 1.4107
6 1.44 1.4483
4 2.07 1.7463
6 2.16 2.1409
7 2.4 2.3085
5 1.215 1.5733
5 2.3775 2.1007
5 2.895 2.8861
5 2.9775 3.018
5 2.16 1.8914
5 0.195 0.1313
5 2.5425 2.471
5 2.5125 2.4588
4 0.0525 0.1955
4 0.9825 1.6388
4 0.9675 1.4903
7 2.22 1.9755
7 1.83 1.3821
6 0.8475 0.9083
5 0.5625 0.6907
6 0.5025 0.5228
5 0.285 0.4008
7 2.37 2.3284
5 2.805 2.8471
5 0.66 0.7731
6 2.235 1.8788
5 2.85 2.7066
6 0.5775 0.3618
7 1.7175 1.6655
5 1.32 1.5316
5 2.925 2.8556
7 2.61 2.6302
7 0.045 0.1271
4 0.6075 1.1947
4 2.5425 2.5448
7 1.725 1.8113
7 1.5675 1.621
5 2.43 2.3807
4 2.295 1.8078
5 2.865 2.7458
5 0.9825 1.5278
6 0.1425 0.1128
6 2.0775 2.1574
7 0.15 0.2433
6 1.695 1.234
7 2.58 2.5044
4 1.1925 2.061
5 1.8 1.4833
4 0.5175 0.5044
5 0.4725 0.3365
5 1.815 1.2616
4 2.595 2.6084
5 2.9925 2.7737
5 0.09 0.0086
7 2.76 2.8061
6 1.53 1.2925
4 1.05 0.9356
7 1.1925 1.5678
6 1.7325 2.0014
5 1.0425 1.3012
4 0.435 0.8141
4 2.595 2.3223
4 2.1225 2.6201
5 1.83 2.1207
6 2.1675 2.0021
6 2.955 3.0011
7 0.525 0.5084
4 2.475 2.659
5 2.4675 2.6059
4 1.0275 1.557
7 1.68 1.7361
7 1.3725 1.5772
4 0.585 0.7567
6 1.2975 1.4825
5 0.4575 0.4908
4 2.7975 2.475
5 0.5625 0.8825
6 1.905 1.8923
4 1.71 2.178
7 2.925 3.0105
5 2.3775 2.0669
5 1.08 1.5507
6 1.125 1.3678
5 0.15 0.2293
4 0.1575 0.2045
4 0.93 1.4054
6 2.85 2.8334
6 0.15 0.1063
6 0.5325 0.4214
6 1.905 1.6959
4 1.08 0.7322
5 0.555 0.4522
4 2.8425 2.8818
7 0.1275 0.1171
5 1.7925 1.1974
6 1.29 1.8227
5 1.035 1.5399
5 0.585 0.6076
6 0.4875 0.4423
7 1.215 1.2737
7 2.2575 2.288
4 1.4025 0.9384
5 2.3325 2.1043
4 2.6325 1.9249
4 0.5175 1.0182
7 2.64 2.6785
5 1.7475 1.4061
7 1.26 1.2864
7 1.5375 1.1062
5 2.67 2.8717
4 1.1775 1.1415
6 0.285 0.2658
7 2.88 2.932
4 0.3525 0.3437
7 0.3225 0.3919
4 2.1675 1.4699
5 0.93 0.6711
5 0.87 0.8963
6 1.95 1.4705
5 2.6775 2.5413
4 1.035 1.2384
4 2.7225 2.7107
4 1.86 0.6217
5 1.8225 1.3557
6 1.5975 1.5425
5 0.0375 0.1056
7 0.4725 0.5678
5 2.0325 1.2639
6 2.0775 2.1818
7 0.2925 0.2849
6 1.9125 1.8434
7 1.425 1.6716
7 1.7325 1.6377
6 1.2 0.8402
6 0.6525 0.7301
5 1.065 1.4903
5 2.91 2.8586
6 0.5625 0.5741
6 2.5875 2.5323
5 1.59 1.4626
5 0.225 0.263
6 2.43 2.4235
6 0.0525 -0.0215
5 2.5125 2.6933
5 1.0125 1.4497
7 2.7525 2.8189
6 2.1825 2.2854
4 1.0725 1.2405
6 1.875 1.6421
6 2.9625 2.9419
7 0.51 0.531
5 0.615 0.6454
4 0.87 1.5652
7 2.46 2.3313
4 0.7425 0.8554
6 0.7425 0.5699
5 1.845 1.8816
7 1.755 1.763
7 1.2525 1.691
7 1.65 1.8567
4 0.09 0.1053
6 0.015 0.1132
5 0.0825 -0.0051
6 0.165 0.0852
6 2.31 2.494
7 2.94 3.0264
7 0.375 0.4496
7 1.155 1.2792
4 0.045 0.0874
7 1.305 1.4448
6 1.9875 1.8791
5 1.875 1.5653
6 2.7075 2.718
7 1.6575 1.7435
4 0.1575 0.2934
6 1.1325 1.3243
6 1.38 1.4736
7 1.005 0.9281
4 0.105 0.1722
4 1.8825 1.6925
6 1.47 1.1682
4 2.13 1.5622
5 1.095 1.5262
5 0.21 0.1346
7 0.795 0.9302
7 0.525 0.6042
7 1.38 1.5496
4 0.4575 0.6969
7 0.2325 0.2434
5 1.575 1.6253
4 0.42 0.4636
6 0.315 0.289
6 0.36 0.4997
7 2.115 2.075
4 2.4225 2.0936
7 2.43 2.4817
6 1.725 1.731
7 1.905 1.6856
6 2.2575 2.0558
6 1.2825 1.2149
7 1.53 1.3755
4 2.1375 1.2238
7 1.905 1.5364
5 1.83 1.688
6 1.9425 1.7597
5 1.605 1.341
7 0.645 0.5942
7 0.915 1.0145
4 2.0775 2.2221
4 1.26 1.4751
6 2.5725 2.4401
6 1.125 1.6646
4 2.01 1.7373
4 0.345 0.3644
5 0.9 1.2261
4 2.55 2.7368
6 0.525 0.6134
6 1.875 1.6592
5 0.0825 0.1471
6 1.83 1.6553
4 1.3575 1.1112
7 2.7 2.7624
5 2.475 2.5155
6 2.3175 1.9055
6 1.0125 1.5105
7 2.01 1.971
6 0.465 0.5199
6 1.47 1.5772
5 1.17 1.3367
6 1.41 1.9836
6 0.825 1.4603
5 0.6375 0.6208
7 1.56 1.5076
7 1.9575 1.8253
6 1.6875 1.5745
6 2.8575 2.8795
5 1.6725 1.9501
6 0.45 0.4141
7 1.9275 2.0125
5 0.9525 1.1942
5 2.8125 2.8472
5 0.39 0.5057
7 1.3725 1.637
4 2.0175 2.3988
6 2.91 3.0259
7 1.5675 1.1525
6 1.14 1.7236
4 2.3325 2.3914
6 2.3625 2.2059
6 2.7375 2.6241
5 2.1675 1.9482
7 0.3825 0.3557
4 2.9775 2.7725
6 2.79 2.7691
4 1.305 1.8172
6 1.98 1.5357
5 2.505 2.59
6 2.7525 2.677
4 2.1675 2.2111
5 0.27 0.324
5 0.2025 0.3024
5 1.1025 2.016
6 1.365 1.6353
7 0.9375 1.0225
6 2.25 1.8874
4 2.2875 1.7581
5 1.2 1.5105
5 2.0925 1.6118
6 0.5775 0.6951
4 2.8575 2.878
4 0.7275 0.6632
5 0.465 0.5558
7 1.1475 1.3043
4 2.5875 2.4421
4 1.7925 1.0908
5 2.055 2.0133
4 2.4525 2.3263
7 1.155 1.253
4 2.88 2.5846
7 2.9625 2.9584
6 1.605 1.6202
7 2.25 2.3346
4 2.565 2.5483
7 1.7775 1.4139
5 0.39 0.3881
7 1.9725 1.6204
4 1.365 1.8113
7 2.565 2.6568
6 0.63 0.8019
7 0.0375 0.0445
5 0.54 1.1567
4 0.51 0.373
6 1.155 2.1503
7 0.6225 0.476
6 1.005 1.3291
6 1.77 1.9639
5 0.465 0.5012
4 1.455 1.2761
7 1.065 1.093
5 0.015 0.0204
4 2.025 1.5826
7 1.5075 1.7988
5 2.325 2.3753
6 2.6325 2.5673
7 0.1425 0.1944
5 2.145 1.5115
4 1.38 1.7302
7 2.625 2.5814
7 0.345 0.244
7 2.52 2.5128
4 1.29 1.2399
4 0.2775 0.5498
5 1.3875 1.7683
5 2.6325 2.7472
4 0.2175 0.1943
6 1.1325 1.6517
7 0.24 0.1787
5 0.0225 0.0257
5 2.4825 2.4852
7 1.65 1.386
5 1.71 1.5836
6 2.7 2.6758
6 0.255 0.3764
5 2.835 2.9299
5 2.2575 2.1417
4 2.55 2.2522
5 2.445 2.3554
4 1.185 1.6229
7 0.0675 0.0405
5 2.9925 2.8967
7 1.8975 1.8915
5 2.1375 2.3029
6 2.085 1.9973
5 0.9 1.4893
7 1.9725 1.8794
7 1.35 1.5085
5 0.6825 0.683
5 1.5 0.836
4 1.4025 1.8961
5 0.9075 1.0687
7 2.25 2.25
5 2.73 2.6367
7 1.7925 1.5378
6 0.0675 0.0377
6 1.635 1.5731
5 1.89 1.4099
7 2.445 2.3878
7 0.9075 0.8435
5 0.705 0.5603
6 1.1175 1.5606
7 0.48 0.5929
4 2.34 1.5636
5 0.0825 0.0898
7 1.695 1.406
4 2.4975 2.15
6 0.0975 0.1517
5 0.495 0.5955
4 2.9775 2.8867
6 0.9225 1.2392
4 2.3025 1.7077
4 0.0825 0.2485
5 1.4025 1.4289
4 0.1275 0.1333
7 0.735 0.8022
6 0.0525 -0.0418
5 2.04 1.7792
4 1.365 1.4857
5 1.0575 1.0524
6 1.26 1.7685
7 2.04 1.9381
4 0.78 1.2298
4 0.465 1.3947
6 0.1275 0.1195
7 1.965 1.579
4 1.995 1.3487
6 0.72 0.6169
7 1.545 1.7032
5 2.91 2.8039
6 1.4175 2.0273
5 2.295 2.3601
4 1.05 1.6813
7 1.6575 1.6456
7 2.3325 2.3596
5 2.0925 1.8386
5 1.7925 1.7395
5 0.885 1.0201
5 0.1725 0.2084
5 1.4475 1.371
4 2.1675 2.1519
4 1.08 1.5569
5 2.1825 2.1168
5 1.41 1.2763
4 0.21 0.5249
5 1.74 1.3228
7 1.65 1.5274
4 0.9675 2.0385
4 0.6 1.0639
7 2.955 2.9054
6 1.755 1.3727
7 2.175 2.1879
4 0.1275 0.1173
7 2.1975 2.3301
7 0.4875 0.3903
4 1.4475 1.6178
5 1.1775 1.3815
7 1.17 1.3628
7 2.37 2.5063
6 0.6075 0.6316
6 2.835 2.8657
7 2.55 2.5459
5 1.4775 1.5504
5 2.625 2.5709
6 1.65 1.6774
7 2.7525 2.693
4 1.4625 1.3693
5 2.9325 2.8794
6 2.235 2.2265
7 1.9725 1.5752
6 2.985 3.0148
4 2.085 1.6505
5 0.735 0.8933
5 1.9425 1.5549
7 0.51 0.5358
4 1.215 1.5722
7 2.1075 2.226
6 0.57 0.5599
7 1.2675 1.3485
6 0.69 0.7738
6 1.245 1.6012
6 0.6975 0.6453
4 2.1075 2.1794
4 2.505 2.2634
6 1.44 1.2225
4 2.1375 1.7864
5 2.265 1.4882
4 2.4225 1.9282
6 2.4075 2.4236
7 1.9725 1.8709
5 2.2125 2.1042
6 2.19 1.7395
6 1.5675 1.0496
6 2.385 2.589
4 0.57 0.9503
4 2.16 1.5128
6 1.9125 1.4815
7 1.62 1.6124
6 1.815 1.3692
6 2.7525 2.6523
4 2.37 2.2939
5 2.07 1.9424
7 2.7 2.7564
7 2.6175 2.5427
5 0.9825 0.845
6 2.58 2.5281
5 2.655 2.6175
7 1.7475 1.5834
6 2.775 2.7032
7 0.525 0.695
4 2.4075 2.5754
7 0.7275 0.7597
4 1.2 0.9335
4 1.5225 1.3842
6 1.2675 1.494
7 1.5525 1.5338
4 0.2775 0.6052
5 0.18 0.322
5 2.175 2.2607
6 0.81 0.7284
6 0.8325 0.8321
7 2.1 2.0115
5 2.2725 2.1726
7 1.605 1.0627
6 2.4525 2.4403
4 1.05 1.6197
7 2.67 2.5617
5 1.9125 1.8682
6 2.5425 2.4874
6 2.445 2.5309
5 2.1 2.5134
4 2.775 2.3552
5 2.265 1.9803
4 1.35 1.8283
4 0.3525 0.4453
7 1.2075 1.0594
4 1.845 1.8565
4 0.0675 0.0222
5 1.7925 1.8783
5 1.2225 1.0126
4 1.425 0.9214
4 0.195 0.2407
4 0.2325 0.1598
7 1.9425 1.7731
6 0.81 1.0476
7 0.465 0.4416
5 2.6025 2.57
6 0.1725 0.1565
7 2.1075 1.6949
5 2.4675 2.3071
6 2.6925 2.4824
7 1.98 1.7812
6 0.1575 0.1857
6 1.3125 1.5236
4 2.625 2.5298
7 1.23 1.3677
6 1.605 1.789
6 2.2275 2.3215
6 1.7325 1.7512
4 1.08 1.2138
4 1.7775 0.9423
6 1.395 1.812
6 0.9975 1.4031
6 0.21 0.049
6 0.78 0.7031
7 2.985 2.892
7 0.8775 0.8644
5 1.0425 1.1707
5 2.94 2.7968
4 0.3075 0.2642
5 0.7575 1.0453
4 1.1325 1.0565
4 1.395 1.2798
5 1.215 1.6982
4 0.825 1.2807
4 0.45 0.9522
4 1.665 1.9585
5 0.51 0.4358
5 0.0075 0.1499
6 2.28 2.2795
6 2.2875 2.3923
5 1.08 1.5708
4 2.6475 2.7632
5 0.48 0.3794
4 2.7 2.6357
4 2.0475 1.5425
5 2.01 1.7046
5 0.15 0.0911
7 2.2875 2.2938
6 0.51 0.5177
6 1.605 1.7294
6 1.65 1.4363
6 0.18 0.2252
4 0.885 1.0119
6 2.76 2.753
7 2.28 2.2818
5 0.9225 0.8699
6 2.9325 2.9303
5 0.2175 0.3317
7 1.9575 1.7649
4 2.4075 2.1389
5 2.5425 2.664
6 1.9425 1.8019
5 2.22 2.0611
5 0.7425 0.6396
7 2.3475 2.3623
6 2.04 2.0204
6 1.725 1.4917
7 0.8025 0.7299
6 2.0175 2.2713
7 0.15 0.1503
6 1.5075 1.5568
5 1.9725 1.3297
4 1.0125 1.9941
6 1.8 2.0034
5 0.165 0.3155
7 1.005 1.3205
5 1.47 1.4036
7 2.4825 2.5548
6 1.6125 1.5239
7 2.79 2.7967
5 1.1175 1.6906
6 2.6775 2.7569
7 1.7475 1.7149
5 1.41 1.5967
5 0.5475 0.735
7 2.4825 2.4048
7 2.385 2.5341
4 1.1625 1.4148
4 0.9675 1.6932
4 0.825 1.3705
6 1.02 1.1218
7 0.27 0.3024
6 2.565 2.505
4 1.305 1.3621
7 0.5325 0.4974
6 2.0475 1.8597
7 0.525 0.6185
5 2.64 2.4978
4 0.015 0.1377
5 1.6575 1.6601
5 1.92 0.6701
7 1.0275 1.2383
6 0.5775 0.7152
4 2.7 2.5459
6 1.7775 1.488
4 2.085 1.3586
4 0.495 1.4051
7 0.03 0.1161
7 2.7225 2.7978
7 0.5625 0.5489
7 0.165 0.1195
7 2.3325 2.4133
6 1.7025 2.0818
5 0.0525 0.1465
5 1.6725 1.3911
6 1.53 1.1183
7 2.7675 2.7528
5 1.77 1.8373
6 0.45 0.3814
6 1.875 1.2524
6 2.4 2.4491
7 2.9025 2.9284
4 0.93 1.8906
6 1.7325 1.7179
7 0.1425 0.1303
5 2.865 2.7007
7 0.4275 0.4341
4 1.9575 1.4955
5 2.565 2.4076
4 1.44 1.1987
6 2.9325 2.8612
7 1.2225 0.9341
7 1.7025 1.4069
6 2.5575 2.6444
6 0.0525 0.0876
5 2.5875 2.4395
4 2.535 2.1336
4 0.495 0.4305
6 2.0925 1.9568
6 0.825 1.151
7 0.5775 0.6491
6 1.53 1.5807
5 2.1375 1.822
5 1.14 1.3449
4 1.02 0.9557
6 0.675 0.7654
4 1.725 1.7654
6 1.7475 1.4951
5 2.6025 2.6599
5 2.505 2.4265
5 0.0225 0.0693
7 0.4425 0.4444
7 0.3975 0.4608
7 0.8175 1.2544
6 2.2275 2.2815
5 1.47 1.4139
4 2.19 1.4305
4 2.5275 2.5291
7 1.11 1.3152
5 0.0075 0.0631
7 0.6375 0.634
6 1.8525 1.8256
6 1.7175 1.868
7 0.615 0.5768
5 2.265 2.0982
6 0.09 0.0836
7 0.465 0.337
5 1.5525 1.6448
7 1.815 1.781
7 2.7525 2.7966
5 1.155 1.2893
5 2.4375 2.4107
6 1.4175 1.0937
4 0.9075 1.3416
7 2.8575 2.7763
7 1.485 1.6463
5 2.1225 1.7844
5 0.8775 1.1753
7 2.655 2.6496
4 1.4325 1.5345
5 0.1425 0.1226
5 0.2025 0.1808
5 1.0575 1.5565
5 1.2825 1.5718
5 0.33 0.2716
7 2.55 2.6167
5 1.6725 0.7931
6 2.8425 2.8081
4 1.95 0.9028
4 2.4 1.9793
5 0.51 0.4358
4 0.135 0.2224
4 0.6825 0.5653
6 1.26 1.3176
4 0.15 0.1673
7 2.7825 2.7462
5 0.9 1.6599
5 2.3775 2.41
6 0.135 0.3239
6 2.55 2.5002
6 0.9975 0.8601
5 1.545 1.8321
6 1.83 1.5943
7 1.83 2.0474
7 0.885 1.1331
4 0.765 1.0114
7 1.1625 1.0027
5 1.665 1.6305
7 0.0 0.0396
4 0.6825 0.9566
7 0.21 0.1554
7 2.4975 2.3914
6 2.1 2.0348
6 2.4975 2.4805
5 2.01 1.5252
5 0.105 0.2255
7 0.9825 1.2987
5 2.6475 2.6327
7 1.4025 1.7879
7 0.9675 0.9844
5 0.4725 0.3732
7 2.7375 2.7645
5 0.285 0.2933
4 1.08 1.32
6 0.945 1.2429
5 1.9125 1.9393
6 2.7375 2.6451
5 2.22 2.0286
7 2.895 2.9524
4 0.855 1.0903
5 2.235 1.7744
4 2.1375 2.0988
6 0.1575 0.2007
4 1.725 0.8913
5 2.6325 2.5348
5 0.09 2.2553
4 0.6825 1.1276
5 1.605 1.1869
6 1.8225 1.5993
7 1.635 1.4026
4 2.6475 2.8597
5 1.14 1.6427
7 1.9725 1.8401
5 1.635 1.2474
7 2.4675 2.5948
6 1.17 1.1968
4 2.76 2.8389
6 2.5425 2.3846
4 2.1675 1.7302
4 2.745 2.6686
6 1.9875 1.6319
5 0.885 1.0973
7 2.88 2.9011
7 1.0575 1.2419
6 1.0425 1.7804
7 1.8825 1.5531
6 1.5 1.1571
4 2.9925 2.8695
5 1.245 1.3292
5 2.7975 2.8436
6 1.35 1.477
6 0.675 0.5249
4 1.605 1.1072
4 2.0175 2.2399
5 0.9 1.3816
5 1.7625 1.3799
6 1.3125 1.745
4 0.0675 0.1937
6 0.195 0.3676
5 1.14 1.4414
6 2.1 2.329
7 0.4725 0.4447
6 2.8875 2.8327
7 1.0875 1.1011
6 0.3225 0.4673
7 0.5625 0.5608
6 2.76 2.7887
5 2.535 2.7435
6 1.9875 1.6339
4 0.1725 0.0619
5 1.9275 1.4952
4 0.0675 0.214
5 0.705 1.1746
7 0.2025 0.2061
6 2.01 1.5927
7 2.46 2.5443
4 0.7875 1.0184
5 2.985 2.8986
5 1.6275 1.3866
7 2.55 2.573
4 0.5925 0.8183
6 2.3925 2.2082
5 1.89 1.6715
5 0.2325 0.1647
7 2.295 2.3718
5 2.295 1.8142
7 1.1325 1.297
7 0.795 0.915
5 0.225 0.3647
5 1.8075 1.4875
4 0.9 0.9827
4 0.6975 1.41
4 1.35 1.5941
5 0.3825 0.3256
7 1.98 1.6617
4 0.975 1.8615
7 0.885 0.9693
7 1.2975 1.341
5 1.305 1.7549
4 1.305 1.4975
5 0.765 1.7064
4 2.2575 1.8549
6 2.685 2.5998
4 1.695 1.4701
5 2.1675 2.041
4 2.43 1.9167
7 0.855 0.7531
6 2.61 2.6043
5 1.71 1.5798
4 1.905 0.4949
7 1.6575 1.7907
5 2.655 2.5931
6 1.4775 1.6593
4 2.13 2.1674
7 0.78 0.7998
5 0.48 0.465
4 1.62 1.7672
4 2.475 1.9486
4 0.435 1.0036
6 2.175 2.0237
4 0.825 0.8097
7 0.3375 0.2812
5 2.43 2.1756
4 0.1725 0.346
4 1.26 1.3835
5 1.965 2.1996
6 2.1075 2.0427
5 2.295 1.9105
5 0.3 0.6389
4 0.39 0.602
6 0.915 1.0779
6 2.5275 2.4774
7 2.685 2.5841
4 1.2675 1.497
7 0.8475 0.9811
7 1.845 1.7604
5 1.29 0.9349
7 0.06 0.0991
5 1.8225 1.829
6 2.7825 2.8345
7 1.995 1.8476
6 2.175 2.1329
7 0.21 0.2
7 1.8375 1.4805
4 2.82 2.6753
5 0.8175 1.4344
7 0.96 0.9948
5 0.75 1.3012
5 1.7925 1.8796
6 1.035 1.3527
7 2.55 2.506
7 2.0325 2.0736
7 1.635 1.302
4 2.2875 1.7968
6 0.6225 0.7828
6 0.75 0.7426
4 1.2675 1.3847
5 1.185 1.5043
5 1.32 1.4147
5 2.9625 2.947
4 0.975 1.4894
6 2.5425 2.5829
4 2.4975 2.0867
4 0.9525 1.3036
5 1.1775 1.3887
6 0.0675 0.0656
6 2.085 1.9976
6 1.455 1.577
6 0.51 0.5678
6 2.7075 2.6596
6 1.3425 1.308
7 0.7275 0.5333
4 1.425 1.5779
6 0.51 0.5691
6 0.72 0.781
6 1.935 1.6614
7 1.965 1.822
6 0.315 0.1879
4 2.205 1.9893
4 2.3175 1.7681
6 1.6125 1.207
5 1.83 2.3168
4 1.83 2.3226
4 2.325 2.3587
5 2.1375 1.7087
4 2.355 1.557
7 1.5525 1.4094
5 1.4025 1.8045
7 0.42 0.323
7 2.0175 1.8946
4 1.9275 1.6545
5 2.31 1.8952
7 1.9425 1.7014
5 1.485 1.8683
7 0.1725 0.2477
5 1.95 1.9719
7 2.025 2.1666
6 0.405 0.4315
7 0.705 0.7079
6 1.3875 1.6644
5 0.3525 0.4162
5 2.985 2.8495
5 0.2175 0.2599
6 2.1 2.2288
7 2.6175 2.6019
5 0.18 0.0814
4 1.44 1.4528
4 1.32 0.9545
7 2.9325 3.01
7 2.88 2.9071
5 1.7475 2.009
4 2.25 1.9987
4 2.6025 2.3133
4 0.3225 0.2519
7 0.33 0.4533
6 1.92 1.5963
7 2.7225 2.6971
6 2.13 2.3009
5 2.7375 2.7199
7 0.495 0.4581
5 0.825 0.6798
6 0.57 0.6047
7 1.62 1.8673
7 2.8725 2.8231
4 0.6 1.4191
4 1.335 1.0582
7 1.4025 1.5659
6 1.6425 1.3978
6 0.9 1.2511
7 1.3425 1.5043
6 0.0 0.0268
6 0.0075 0.0454
6 1.575 1.6146
5 0.315 0.2366
6 1.83 1.8462
6 1.23 1.502
5 1.2975 1.133
7 0.8925 1.0053
4 2.5875 2.4717
7 1.035 1.2676
4 2.595 2.4974
7 0.195 0.1571
7 1.8975 1.7858
4 0.555 0.6949
5 2.775 2.6757
7 0.135 0.0434
4 2.4975 2.5436
6 2.3025 2.3174
6 1.1925 1.5359
4 0.195 0.4748
5 2.1225 2.3986
6 2.175 2.4115
7 2.3775 2.2264
5 2.04 1.5839
6 2.4675 2.5821
7 1.1925 1.5523
6 1.9425 1.8685
6 2.7075 2.5788
5 0.8775 1.1797
7 0.6825 0.56
6 0.9075 1.4444
6 0.0525 0.0542
5 2.5275 2.4514
7 0.525 0.5877
5 0.0225 0.0518
7 0.7875 0.941
5 1.41 1.6984
6 2.7075 2.7245
7 1.05 1.305
4 2.595 2.6361
5 2.79 2.8514
6 2.9625 0.7162
7 1.755 1.4873
7 1.9725 1.839
7 1.6575 1.4582
6 2.3625 2.3726
7 2.0625 1.8984
5 0.3075 0.3437
7 1.23 1.2758
7 2.5575 2.6256
4 1.2675 1.9063
5 2.3625 2.4262
4 2.535 2.7148
7 2.3175 2.2903
7 2.1825 2.0345
6 0.9975 1.2898
5 1.5075 1.6387
5 2.5125 2.3323
5 1.305 1.0745
4 1.725 1.2825
5 0.15 0.3209
6 1.3125 1.2079
6 1.5 1.666
5 0.4725 0.5742
7 1.1625 1.3835
4 0.2325 0.1186
4 2.9025 3.0456
6 0.42 0.4956
5 2.1525 1.8517
7 0.8025 0.8187
5 2.94 2.9305
4 2.58 1.8737
4 1.5975 1.5548
5 0.7275 1.4682
7 0.285 0.3294
4 1.2825 1.8615
4 1.005 1.1603
5 0.6375 0.8966
5 2.775 2.7118
6 1.8525 1.7842
7 0.3525 0.4684
6 1.395 1.3965
6 0.9825 0.8222
4 2.3775 1.8947
4 1.7175 1.6539
7 0.0525 -0.0356
5 1.59 1.6754
6 1.44 1.5595
5 0.78 0.726
7 1.3125 1.3342
7 0.78 0.7669
5 0.3975 0.2877
6 0.8925 1.1685
7 2.985 3.0052
7 0.18 0.0877
5 1.7175 2.1232
5 2.46 2.3567
7 2.595 2.5842
6 1.38 1.6308
7 2.1375 2.1498
5 1.425 1.4337
5 1.7025 1.3901
4 0.4575 0.7424
4 2.46 2.0176
7 2.4075 2.4131
5 0.8025 1.1566
4 1.8225 1.3032
4 0.6075 0.1262
6 2.37 2.3143
4 0.3975 0.9113
7 0.5925 0.5485
4 1.41 1.8507
4 0.9675 1.4077
5 1.32 1.8333
4 0.3675 0.2951
6 2.115 1.7099
7 0.48 0.4555
7 0.285 0.2603
4 1.62 1.5747
5 2.4825 2.377
7 1.98 2.0779
7 2.19 2.2078
4 0.78 1.6713
4 1.0875 1.2728
7 1.8 1.7441
7 0.9225 0.6725
4 1.1025 1.17
5 2.3175 1.5957
5 0.255 0.3363
6 1.9425 1.5881
4 0.885 1.6005
4 0.795 1.3731
4 2.43 2.0072
5 2.4675 2.2608
5 0.195 0.2513
6 0.2775 0.255
5 1.08 1.3114
6 1.3275 1.512
4 1.215 1.2663
5 1.935 1.3559
6 1.1175 0.9777
6 0.69 0.9341
7 2.925 3.0081
4 2.985 2.9006
4 2.445 2.2643
5 2.535 2.5077
4 2.94 2.896
6 2.355 2.3436
7 1.695 1.9381
5 0.15 0.0979
7 0.615 0.6996
6 1.7775 1.5194
6 1.4775 1.4274
6 2.5425 2.5023
4 0.0375 0.0834
4 1.2675 1.2417
4 0.2325 0.3451
5 0.84 0.973
5 1.1325 1.3153
6 2.205 2.1501
6 2.265 2.1862
4 2.0925 1.9165
6 1.305 1.295
6 1.5675 1.2592
5 2.2425 1.5363
4 2.085 1.4995
5 0.57 0.5246
6 2.5875 2.4695
4 2.4375 2.2929
7 2.175 2.018
7 1.9425 1.865
4 1.6275 1.3723
5 0.5475 0.6341
6 0.225 0.1775
6 0.2625 0.3938
7 0.12 0.0672
4 0.675 0.706
7 2.985 2.95
5 1.7325 1.3493
7 0.0 0.0646
6 2.5125 2.466
5 0.165 0.2595
7 1.2375 1.4959
4 1.71 1.4317
7 0.825 0.8518
6 2.595 2.5888
7 1.38 0.8722
5 1.845 1.7026
6 2.685 2.7035
7 0.9975 0.9232
5 2.3325 2.0093
6 2.265 2.1534
5 1.605 1.666
6 0.9525 0.7609
6 2.9775 2.8521
5 1.35 1.5898
5 1.275 2.2893
6 1.8525 1.9553
5 0.705 1.1539
7 1.3875 1.1396
4 0.8325 1.7717
6 1.665 1.739
5 0.42 0.5257
7 0.09 0.1231
6 2.085 2.1203
5 0.735 1.2263
6 0.0375 0.0625
6 0.4575 0.388
6 2.385 2.1859
6 2.775 2.695
6 2.88 2.7199
7 1.2 1.4851
4 1.3575 0.9695
4 1.7925 1.5522
6 2.79 2.8948
7 2.235 2.2943
7 2.4975 2.4923
7 0.285 0.3507
4 1.635 1.4006
7 2.01 2.0124
7 0.735 0.696
7 1.155 1.1441
6 0.225 0.1113
7 2.2725 2.3153
6 1.6425 1.0303
7 0.36 0.3486
7 2.265 2.1909
6 2.8425 2.9968
4 1.4325 1.6797
5 2.7075 2.8059
4 1.8075 1.6449
6 1.065 1.3335
7 1.395 1.5312
7 2.895 2.8712
5 2.61 2.669
6 1.2975 1.7149
4 1.77 1.4676
7 1.005 0.9194
5 2.5425 2.4822
6 2.4825 2.4819
7 1.0125 1.2301
4 1.05 1.1658
4 2.8425 2.7328
5 1.635 2.0284
5 0.195 0.3267
6 0.42 0.4242
5 2.5875 2.5419
7 2.79 2.7957
6 0.3975 0.3306
6 2.5275 2.5133
7 0.2325 0.2343
7 0.9825 1.6995
6 1.3125 1.7275
7 2.67 2.7349
5 1.3575 1.5014
6 1.14 1.7603
7 1.5525 1.3214
6 0.1875 0.2067
5 1.47 1.5349
5 0.705 1.0425
6 0.4725 0.4831
4 0.1725 0.2757
6 2.6775 2.6101
6 0.705 0.6699
7 2.025 1.8545
7 1.2 1.4148
6 1.1925 1.3467
4 2.4825 1.5444
5 0.7575 1.1797
6 1.3575 1.6801
4 1.3425 1.4331
5 2.3025 1.9636
5 2.7525 2.9729
6 1.17 1.437
7 0.135 0.1713
7 0.21 0.1859
6 1.9725 1.8795
7 2.1375 2.1447
7 0.075 0.0923
6 2.925 2.8943
5 1.6425 1.4626
6 0.555 0.4338
7 0.06 0.0497
5 1.1475 1.2868
7 0.5025 0.6013
7 2.745 2.6978
6 0.435 0.62
6 2.0775 1.9563
5 1.32 1.6423
7 2.775 2.8513
7 1.4475 1.2153
4 1.9425 1.6019
6 2.97 2.9287
5 1.1025 1.2624
7 1.5825 1.5766
6 1.3725 1.6407
6 2.2125 2.2082
7 0.7425 0.8262
6 0.2775 0.2054
5 2.3175 2.2129
7 1.83 1.9369
6 1.41 1.404
4 1.335 1.4689
7 2.58 2.6397
4 0.9225 1.6319
7 0.8175 0.9288
5 2.5275 2.4685
7 0.93 0.9034
4 2.4825 1.9796
5 0.165 0.2107
4 0.9675 1.3081
5 0.9225 0.5921
5 2.535 2.6243
6 1.3275 1.2826
4 2.985 2.8345
6 2.2875 2.3993
6 2.085 1.774
5 1.035 1.2265
6 1.6125 1.425
7 1.68 1.5906
4 1.365 1.4918
4 0.33 0.3699
6 0.96 0.8561
6 1.5225 1.7766
7 0.87 0.8427
6 1.6875 1.4112
7 0.84 0.9602
5 2.49 2.4946
4 0.5775 0.6585
6 2.1225 2.2277
4 2.2425 1.5339
4 2.865 2.7594
5 2.3625 1.7019
4 1.56 1.2546
5 0.615 1.2832
4 0.135 0.0678
7 1.71 1.7058
6 2.5125 2.5746
4 1.9275 1.5947
6 1.7325 1.7292
6 2.745 2.6934
7 2.1675 1.8695
5 1.965 1.8632
5 2.64 2.5287
6 1.845 1.6669
6 2.8125 2.7978
6 0.03 0.0285
4 2.2725 1.91
4 0.81 1.0624
4 2.9325 2.7646
6 2.6775 2.5774
7 2.445 2.4551
5 2.4975 2.6139
6 0.2775 0.1907
6 0.015 0.0891
7 1.1925 0.8912
6 0.075 0.207
7 2.9175 3.006
4 0.255 0.1798
4 0.9975 1.7816
4 0.825 1.3541
7 1.605 1.8694
6 2.4525 2.5648
7 0.2025 0.2186
7 1.2525 1.2505
4 0.3675 0.4008
6 1.815 1.527
5 1.6125 2.0143
7 0.3975 0.435
4 2.0775 1.6841
5 0.51 0.3926
5 0.4725 0.3893
5 2.3325 2.3435
4 0.3975 0.5013
5 1.8225 1.7881
7 2.1675 2.1488
5 0.3225 0.2954
6 2.595 2.432
6 0.9225 0.9814
5 1.7325 1.5855
4 1.14 1.6318
6 2.955 3.0462
5 2.685 2.7006
7 1.095 1.1192
6 0.9675 1.2439
4 2.7375 2.8616
5 2.6325 2.7416
6 2.46 2.5471
7 2.7375 2.6944
7 2.97 2.9113
5 0.7275 0.7826
4 2.8275 2.7024
7 1.7175 1.7434
7 1.56 1.75
7 1.08 1.1218
5 2.415 2.4019
4 2.0775 1.536
4 0.0375 0.3865
7 2.7225 2.759
5 1.5 1.8816
7 0.72 0.8042
4 1.815 2.2078
4 1.2825 1.4123
6 1.0425 1.1068
5 1.1475 1.2592
6 2.8575 2.8505
7 0.585 0.5596
5 1.5675 1.6957
4 1.3725 1.3416
6 0.1725 0.1444
5 1.6275 1.5831
7 1.6875 1.9381
4 2.07 1.3534
4 1.7475 1.5219
7 0.75 0.7753
5 0.315 0.2967
7 2.37 2.2919
7 2.5575 2.5229
5 0.8775 1.0786
7 1.14 1.3239
4 2.3325 2.4562
7 1.4475 1.2519
7 2.295 2.2295
7 2.7225 2.7575
7 1.2825 1.2109
5 2.8725 2.8448
4 0.8175 0.9268
5 0.5175 0.4232
4 0.7275 0.6475
7 0.3675 0.3393
4 1.7925 1.697
6 2.3925 2.3723
6 2.9625 2.9238
7 1.335 1.3802
7 2.4675 2.4469
4 2.04 1.6024
6 1.3275 1.172
4 0.93 1.6007
4 1.2075 1.883
6 2.445 2.4442
4 0.8775 1.3879
6 0.6975 0.9551
4 0.6075 1.0736
7 1.0575 1.4525
6 0.4875 0.3802
4 0.8025 1.5771
7 0.045 0.0473
5 2.37 2.3583
7 0.96 0.9807
4 0.99 0.9567
5 0.8325 1.363
4 0.3075 0.5286
5 0.9675 0.8619
6 1.395 1.5647
7 2.88 2.8548
4 0.9675 1.3757
4 1.245 1.7817
6 1.2 1.1157
5 1.395 1.4419
4 1.8525 1.3516
5 2.0025 2.0511
6 0.93 1.3544
4 1.185 1.4469
4 1.9575 1.6763
4 2.295 1.721
5 0.87 0.9649
4 0.0825 0.0641
6 2.9475 2.9882
4 1.785 0.9021
4 1.5675 1.8229
6 1.125 1.2867
6 2.2725 2.5556
6 1.1475 1.241
4 2.9325 2.8623
4 1.08 1.1102
4 2.8275 2.8258
4 0.105 0.0353
5 1.1475 0.7418
4 1.35 1.6926
5 1.5 1.7392
7 0.48 0.4143
5 2.16 1.9909
7 0.45 0.4557
6 0.4275 0.376
7 2.7 2.7336
4 1.3125 1.5735
6 2.625 2.7645
5 1.0725 1.3112
5 2.6775 2.704
7 0.255 0.1899
6 2.7525 2.7282
4 2.91 2.9416
7 1.9725 1.9244
6 0.5925 0.6198
6 2.8875 2.8971
5 0.81 0.7451
6 1.7175 1.558
5 1.41 1.9006
6 2.865 2.806
4 1.89 1.6693
4 2.4225 2.7228
5 1.23 1.6724
5 0.795 1.1324
5 1.005 1.181
5 1.7325 1.5562
5 2.2875 1.7727
7 2.2575 2.2808
7 2.6175 2.6451
7 1.725 1.414
6 1.6575 1.2985
7 1.2825 1.2856
5 0.885 0.9587
7 2.235 2.3076
6 0.24 0.2668
6 1.9425 1.554
4 0.5175 1.0751
4 0.15 0.206
5 1.53 1.6311
7 2.1975 2.3421
5 1.53 1.5835
6 2.7075 2.9122
4 2.475 1.7252
6 2.145 2.15
7 2.1525 2.0797
7 2.4825 2.397
6 1.0725 1.0886
5 2.355 2.1981
5 0.0825 0.1022
6 2.985 2.9927
5 0.525 0.5295
4 1.215 1.4735
6 1.095 1.4507
6 0.885 0.8524
7 0.27 0.267
6 2.82 2.839
7 2.82 2.8435
7 2.7825 2.8321
7 1.83 1.7758
6 0.51 0.5163
4 1.8975 1.5616
5 2.7075 2.7103
4 0.9975 0.5894
4 0.2475 0.4926
6 2.0775 1.9191
4 2.355 1.7744
5 1.2675 0.8902
6 1.71 1.422
6 2.0775 1.9762
5 1.5675 1.9165
4 2.655 2.5624
4 0.78 0.5747
6 0.555 0.6915
7 2.1825 2.1223
7 2.6775 2.7772
6 2.88 2.9767
7 0.42 0.3941
5 1.1175 1.3313
6 0.69 0.8109
5 1.6425 1.5627
6 0.8325 1.1985
5 2.0925 1.6207
5 1.4325 1.5222
5 2.2725 2.0683
5 1.905 1.3106
7 2.79 2.8456
5 1.035 1.1471
6 2.16 1.6751
6 1.71 1.9389
7 1.4775 1.422
6 0.825 0.8831
7 1.155 1.3436
7 2.4225 2.2418
5 2.025 2.2535
7 2.0025 1.3734
5 1.9725 1.7515
7 1.2075 1.2713
5 2.3625 2.5965
7 2.2125 2.2866
6 2.61 2.565
5 2.3475 2.3046
6 1.755 1.5588
6 2.235 2.0874
5 0.225 0.171
5 2.85 2.8172
5 1.1475 1.3097
5 0.51 0.7305
7 0.15 0.1923
7 2.0175 1.9581
7 0.6075 0.5033
5 2.22 2.1579
4 0.9825 1.0217
5 1.1925 0.9639
5 1.0875 0.5541
4 2.3025 1.4088
5 2.9925 2.9897
7 2.745 2.7089
6 0.225 0.2413
6 0.36 0.3153
5 1.7475 1.8829
7 2.4825 2.473
4 2.4675 2.5436
4 1.965 1.356
6 2.5575 2.412
6 1.785 1.5668
5 1.5225 1.4292
5 0.06 0.056
5 2.475 2.5
6 0.555 0.5484
6 1.005 1.1782
7 1.74 1.3281
7 0.8775 0.7173
7 2.85 2.7583
5 2.9625 2.8104
4 0.315 0.2238
5 2.4675 2.0679
7 1.0875 0.9611
6 1.0725 1.3889
7 1.095 1.5444
5 2.6475 2.6506
6 0.7875 1.0067
7 2.7 2.7278
6 2.1375 2.2873
5 0.645 0.7798
6 0.045 0.0328
4 1.9425 1.3173
5 1.77 1.8411
5 0.5175 0.892
7 0.315 0.3241
5 2.865 2.8984
5 1.3425 1.5387
6 2.31 2.3312
5 0.06 0.1345
5 0.81 0.7166
6 1.2975 1.3385
5 1.08 1.2093
6 1.845 1.7166
7 2.82 2.9109
6 1.5525 1.6873
7 2.7675 2.864
7 1.6425 1.4278
6 2.355 1.8458
5 0.6375 0.6965
4 1.245 1.853
6 1.665 1.4667
5 0.2175 0.3159
6 2.3625 2.3495
7 0.615 0.6104
6 2.8875 2.9503
5 0.4575 0.4746
4 1.68 1.6668
7 2.82 2.814
6 1.7475 2.1477
6 1.395 1.8341
7 2.4375 2.4192
5 1.4025 1.5536
5 1.65 1.6102
7 2.4525 2.3863
5 0.42 0.6152
5 0.6675 0.5869
5 0.06 -0.0863
6 1.905 1.7933
4 2.4825 1.9563
4 1.8375 1.3409
7 1.5675 1.6015
6 2.1525 1.986
5 0.0 0.0371
6 0.21 0.1244
5 0.765 0.8402
5 0.735 0.9403
7 0.3525 0.3071
5 2.9925 2.9242
5 1.995 2.1665
5 2.1225 2.0
4 2.31 2.1711
5 0.06 0.1931
5 0.3225 0.4652
6 0.1425 0.1657
5 2.7975 2.6871
7 2.52 2.4976
4 2.2875 2.0456
5 1.5675 1.7559
5 2.88 2.7827
6 2.0475 2.0126
5 0.1575 0.3857
6 1.515 1.6606
7 1.1775 1.4379
5 0.6675 0.5797
4 2.9475 2.9126
5 1.3875 1.2073
7 2.31 2.2733
6 0.2775 0.2951
5 0.78 0.8216
5 0.1125 0.2141
7 2.1075 1.9933
6 2.3475 2.288
5 1.095 1.3768
5 2.67 2.691
4 1.4625 1.0089
4 1.8375 1.1487
4 0.585 1.4225
4 0.2325 0.1695
5 2.6325 2.7823
4 2.835 2.8716
6 0.4425 0.5941
7 0.465 0.4609
6 1.2225 1.3876
7 2.28 2.1861
6 1.4775 1.6426
5 2.8425 2.8855
4 1.9575 1.1906
6 1.395 1.4649
6 0.075 0.1167
4 2.265 1.8379
4 1.605 0.8328
5 2.7825 2.6657
5 0.5475 0.9381
5 0.6825 0.6904
6 1.815 1.4668
4 1.395 1.0657
4 2.2875 1.6667
7 0.5925 0.7661
7 1.08 0.8831
7 2.1825 2.036
5 2.5875 2.6046
4 1.605 1.7245
5 2.0625 2.0866
7 0.39 0.3795
4 1.485 1.0788
7 0.075 0.0894
6 0.645 0.7259
6 2.4225 2.3917
4 1.2525 1.7487
6 0.5025 0.5891
5 1.26 0.8011
5 1.2075 1.7678
5 2.4825 2.3821
6 0.5925 0.808
4 1.4025 1.8598
5 2.745 2.8742
7 1.5075 1.2875
6 1.53 1.5163
6 1.38 1.7076
5 0.525 0.6882
4 0.3075 0.2472
4 2.175 1.8179
6 0.6075 0.6013
4 2.7975 2.8286
7 2.73 2.7351
7 1.6125 1.3354
4 0.8025 1.1669
6 2.4225 2.3881
4 2.82 2.7672
4 2.775 2.4595
6 1.5675 1.9421
5 1.8525 1.253
7 1.0575 1.162
4 0.3375 0.484
7 0.4725 0.5095
5 0.15 0.049
7 1.8075 1.663
6 0.42 0.478
6 2.505 2.437
7 1.53 1.6097
4 0.675 0.9821
7 1.1775 1.8375
4 1.245 1.2537
5 1.8375 2.185
5 2.0775 1.673
4 0.42 0.4223
6 1.4775 1.1768
7 2.025 1.7858
7 2.7525 2.7888
6 2.4375 2.3997
4 0.0075 0.1166
5 1.815 1.4126
4 0.36 0.582
7 1.6725 1.5764
4 2.91 2.7512
7 0.675 0.7051
5 1.14 0.7484
7 0.8775 0.7883
5 1.2675 1.8565
7 0.3525 0.4603
5 0.9375 1.0099
4 0.705 1.1099
5 0.24 0.2257
4 0.18 0.1483
5 0.81 1.001
6 2.145 1.9887
5 0.03 0.1097
7 2.4975 2.4083
6 1.32 1.6032
4 2.355 2.0405
4 0.6075 1.0921
7 2.1675 2.1485
4 0.03 0.1159
5 0.555 0.439
5 2.7975 2.709
4 1.515 1.4282
6 1.62 1.6631
7 0.825 0.7936
7 0.2025 0.1736
6 0.1725 0.1598
5 0.0225 0.0917
5 2.19 2.4886
4 1.4925 1.6649
4 1.14 1.3622
6 0.825 0.9792
7 2.985 2.9757
4 0.2025 0.1797
6 0.6225 0.9189
5 1.1775 1.4637
4 2.025 1.6393
6 2.1375 2.0357
4 2.9175 2.8042
7 1.7175 1.3201
6 1.0575 1.4179
5 2.07 1.5829
4 1.1475 0.8796
7 1.335 1.1097
6 2.355 2.1959
4 2.55 2.1922
6 1.815 1.6373
4 0.375 0.4574
6 1.92 1.8574
7 2.4 2.4615
6 2.4225 2.4985
4 1.3125 1.4434
4 1.56 1.8385
7 1.1175 1.2995
5 0.0 0.0296
7 1.44 1.4581
4 1.2375 0.9587
7 0.765 0.8042
5 2.1075 1.3607
5 0.645 1.1359
6 1.95 1.6876
4 0.15 0.1804
6 1.59 1.567
5 0.915 1.6619
5 2.865 2.879
4 1.0275 1.5691
5 1.38 1.4446
4 0.375 0.5203
6 2.61 2.6405
7 1.17 1.2516
6 1.8075 1.4378
7 2.34 2.2705
4 1.1925 1.6224
5 0.0375 0.01
5 2.5275 2.6771
7 0.6225 0.5568
7 2.9625 3.019
6 0.51 0.5177
7 0.3075 0.2723
4 1.9125 1.2329
7 0.225 0.155
6 1.5 1.6116
7 2.61 2.6407
7 2.955 3.0236
7 0.6 0.5546
7 2.6325 2.5978
5 2.8725 2.8702
5 1.3725 1.7633
6 1.32 1.1284
6 0.5325 0.6366
6 0.8325 0.7874
4 1.8225 1.0514
4 1.215 1.4915
5 2.865 2.9721
6 1.17 1.2486
6 0.4875 0.5178
4 0.8475 0.7867
7 2.91 2.892
6 0.315 0.262
7 0.7275 0.8773
7 1.98 1.9656
5 2.4525 2.4478
5 0.705 1.0591
7 0.4725 0.5266
4 1.3275 1.4328
6 0.9825 1.5646
4 1.2225 1.3978
5 0.9225 1.6861
7 1.725 1.6343
7 1.35 1.2448
5 0.42 0.4337
7 1.0875 1.4329
7 1.7175 1.7356
5 1.3275 1.9468
7 1.4625 1.7173
7 1.98 1.8296
4 2.8125 2.8859
5 2.205 1.5519
7 0.8775 0.9593
5 1.8225 1.8545
6 1.8675 1.757
4 0.4425 0.9151
4 2.205 1.8453
4 2.67 2.585
7 2.6325 2.5627
5 2.2275 2.046
7 2.0775 1.9637
5 1.7925 2.0573
6 0.495 0.6341
7 1.98 1.7878
4 0.12 0.1629
7 0.4125 0.4128
6 0.225 0.28
4 0.915 0.9886
4 0.5925 1.3627
5 2.4825 2.6869
6 1.6725 1.537
4 0.7125 0.917
5 1.215 2.0272
5 2.5125 2.3667
7 2.6325 2.6606
7 2.2875 2.2156
6 1.3425 1.8269
7 0.99 0.8444
4 2.73 2.1279
5 2.8575 2.8288
6 2.25 2.1727
6 1.3725 1.0239
4 2.16 2.2005
5 1.0275 1.6683
6 0.5325 0.4675
6 0.5475 0.5506
7 1.3575 1.4604
5 2.9625 2.9199
5 1.7025 1.2745
4 2.3925 2.0385
7 2.52 2.4361
5 2.9475 2.8733
7 2.8125 2.8878
7 0.4575 0.4924
4 0.9225 1.258
4 0.405 0.4075
7 1.86 1.7658
4 2.775 2.8982
5 1.2825 1.3008
6 2.985 0.5858
7 0.8175 0.7305
7 2.01 2.0867
4 1.1625 1.6401
5 1.59 1.2335
7 2.6925 2.7014
4 2.2875 2.0039
7 0.21 0.2196
4 2.34 1.7435
7 2.7225 2.7883
7 2.2125 2.0472
6 2.19 2.0472
7 2.79 2.8104
4 1.815 1.4066
5 2.58 2.6774
4 0.315 0.46
4 0.285 0.4541
5 0.5775 0.7568
6 0.5475 0.4591
7 2.595 2.6055
4 2.445 2.7721
6 0.2025 0.1255
4 2.8125 2.8125
4 2.1375 1.7278
4 0.975 0.7782
6 2.535 2.3883
4 1.68 0.8463
5 0.6675 0.5661
6 1.02 1.0637
5 1.515 1.3553
5 1.02 0.8423
7 2.3175 2.3108
6 1.905 1.4123
7 0.825 0.9214
7 2.985 2.9699
6 0.825 0.945
5 1.1025 1.5477
6 1.5075 1.3943
6 2.5275 2.6175
7 2.3325 2.2003
7 2.1075 2.0587
4 1.605 1.4085
6 1.0725 0.8814
7 0.705 0.6732
6 0.9 0.9306
4 1.6425 1.6118
6 0.12 0.1013
6 2.295 1.6319
7 2.4225 2.4279
7 0.7875 0.8319
5 1.3725 1.3678
7 2.8875 2.9176
5 0.525 1.0157
6 1.215 1.5594
6 1.0875 1.5242
6 1.74 1.9076
5 2.8725 2.9763
5 0.6825 0.7464
4 1.5075 1.6433
5 2.775 2.7494
6 1.86 1.327
4 1.14 1.2108
6 0.4575 0.5814
5 0.69 0.7953
5 1.935 1.5522
7 2.0925 1.699
6 1.71 1.4202
6 2.2875 2.3282
4 0.0675 0.5038
4 2.1525 1.7168
6 2.76 2.6679
4 1.74 1.206
7 1.275 1.545
7 0.0375 -0.0535
4 0.66 1.0135
7 0.9975 0.9486
7 0.48 0.638
4 2.6475 2.6026
5 2.82 2.7945
5 0.585 0.5721
4 2.6025 2.7719
6 0.15 0.1434
6 2.295 2.1407
5 2.4825 2.1654
6 1.2375 1.156
4 2.3175 1.5794
4 0.975 1.508
4 1.3875 0.6969
5 1.1025 1.5327
5 2.6325 2.6479
7 1.9575 2.0444
6 2.4675 2.1418
7 2.9925 2.9362
7 1.17 1.1217
5 1.7925 1.5119
6 2.0775 1.6887
5 2.2275 1.9489
4 0.5625 0.6077
6 0.3375 0.3032
5 1.545 1.4511
4 1.455 1.8561
7 2.0475 1.9774
4 0.69 1.605
7 2.265 2.3067
4 1.2075 0.9297
5 0.06 0.2396
4 1.59 1.1987
7 0.93 0.8899
4 0.2475 0.3031
7 2.1075 2.199
4 2.7825 2.5507
5 0.4725 0.5747
7 1.4325 1.4113
5 0.18 0.2674
4 1.41 1.2327
7 0.1275 0.1549
4 1.455 1.6829
4 0.585 0.3371
5 0.84 1.5247
5 0.5775 0.7443
6 2.6775 2.7171
4 1.5225 2.1429
4 1.44 1.4219
5 1.5 1.6685
7 2.6925 2.6959
4 0.6675 1.6552
4 0.6075 1.2071
5 0.5625 0.5178
6 2.505 2.5202
6 1.71 1.7266
5 0.495 0.4273
6 0.1275 0.2224
5 0.225 0.2721
5 2.0325 1.7449
4 2.52 1.8511
5 0.825 0.9059
4 0.7875 1.2407
6 2.22 1.9955
7 1.6275 1.4238
7 2.355 2.3905
4 0.9975 0.7527
6 2.4 2.3462
4 0.6075 0.5916
5 1.5375 1.7394
5 2.745 2.619
7 1.725 1.3347
4 1.185 1.1979
5 1.485 1.956
6 2.805 2.8341
7 0.7125 0.7758
5 2.9775 2.8779
4 1.9575 1.9454
4 0.405 0.5787
5 0.7275 0.7771
7 0.81 0.8782
7 0.4425 0.4164
5 0.2325 0.1622
4 0.3225 0.2315
6 1.2 1.2426
6 1.05 1.1648
6 1.2375 1.1235
5 0.1875 0.3001
7 2.22 2.2847
6 1.4025 1.3533
5 0.0375 0.0619
6 1.26 1.3186
5 1.725 2.8781
6 0.5025 0.5038
4 2.805 2.8188
5 0.135 0.0793
5 0.735 0.4365
7 0.69 0.9505
6 1.5225 1.6879
4 0.0675 0.1896
7 0.345 0.2673
5 0.6225 0.5009
4 0.6225 0.5458
4 1.7175 1.5667
7 2.7075 2.7831
5 0.6675 0.5982
6 1.5375 1.5799
5 2.34 2.0318
4 2.0625 2.1077
4 1.3275 1.639
6 0.8025 0.7903
5 0.795 0.9478
7 2.745 2.7536
4 1.6425 1.89
6 0.6375 0.7497
5 2.19 1.5351
6 1.0275 1.5354
5 0.24 0.1669
6 0.4425 0.5
5 1.6125 1.3106
4 0.5325 1.1244
6 2.4825 2.3768
7 1.0575 1.0449
4 1.23 1.2856
5 0.615 0.5205
6 2.9925 2.9626
7 0.9075 0.7475
7 2.0325 1.8718
4 2.595 2.2232
6 1.455 1.6146
5 1.3275 0.9356
6 0.255 0.2399
6 1.41 1.3074
4 2.2875 1.6165
5 0.42 0.5172
7 0.615 0.6768
4 2.7525 2.7353
7 2.25 2.0554
6 0.705 0.6528
4 1.6575 1.1697
4 2.4075 1.4532
7 2.9625 2.9646
4 1.86 1.5115
5 2.6475 2.6202
6 2.265 2.3974
6 1.9875 1.553
4 1.89 1.7875
6 1.89 1.5548
6 0.7725 0.5479
6 1.08 1.1324
6 0.39 0.4485
6 1.395 1.5887
7 2.9025 2.8972
7 0.9975 0.8872
6 2.055 1.9151
5 0.3225 0.3247
5 1.9275 1.112
4 0.795 0.6413
5 1.275 1.7393
5 2.085 2.0828
4 1.5975 2.3696
5 0.72 0.637
6 0.5175 0.5217
7 1.0425 1.3145
7 0.3825 0.3255
7 1.77 1.447
6 0.3825 0.4347
5 2.6025 2.5148
4 0.225 0.1419
6 0.12 0.1741
7 2.835 2.8331
6 1.77 1.5849
4 2.6925 2.7825
4 2.775 2.9876
4 1.0875 1.7026
5 0.9675 1.3819
7 0.945 1.2518
6 2.16 1.8884
6 0.0675 0.1038
6 0.765 1.2247
7 1.2825 1.5112
6 2.52 2.5417
5 1.4625 1.0839
7 0.5775 0.5
7 1.7925 1.8672
5 2.055 1.8934
5 0.1125 0.2966
4 2.88 2.7907
4 2.3325 1.9532
4 2.7225 2.7169
4 0.3225 0.3623
4 1.665 1.4741
7 1.2225 1.6567
5 1.695 1.3604
5 1.0125 1.7073
5 1.905 2.0758
7 1.935 2.1788
7 0.015 0.1261
4 1.9125 0.8334
7 2.76 2.8256
7 2.82 2.8241
6 1.29 1.1265
5 2.55 2.7018
6 1.1025 0.86
7 2.0025 2.0243
6 2.0025 1.7025
6 2.415 2.2938
6 2.6775 2.6262
5 2.9625 3.0528
6 0.36 0.4212
5 2.3775 2.3064
4 2.5125 1.9874
6 2.3025 2.1987
7 1.425 1.6088
6 0.0975 0.1478
5 1.395 1.6519
6 1.4175 1.9596
7 1.4925 1.4462
5 1.7625 2.0632
7 0.855 0.7694
7 0.135 0.2139
5 0.465 0.462
6 2.9775 2.8855
5 1.62 1.5828
5 2.7 2.7762
4 2.0325 1.6995
5 0.8775 0.8878
4 0.03 0.6602
7 2.9175 2.9442
4 2.88 2.9175
4 1.26 1.1628
6 1.8 1.6703
7 2.0175 1.9948
7 2.1225 2.1655
4 1.6575 1.7235
7 2.5425 2.6464
7 0.09 -0.0165
7 0.6225 0.5826
6 1.47 1.1748
7 0.45 0.4211
4 1.3275 1.1858
7 0.915 0.9827
6 0.9 0.8229
7 1.5675 1.7672
7 2.55 2.5304
5 0.8925 1.9502
5 1.26 1.0713
4 0.81 1.5599
6 0.555 0.5222
4 2.3025 2.2771
7 2.7225 2.6522
6 0.7725 0.8155
6 0.9225 0.923
7 0.3075 0.2687
5 1.665 1.4211
6 2.1675 1.8841
4 0.6975 0.9172
4 1.605 1.4837
4 0.15 0.2094
6 0.9525 1.0454
6 0.135 0.0914
4 2.91 2.8572
6 2.55 2.5456
7 2.25 2.3018
6 2.0175 1.8867
6 0.8025 1.1379
7 0.4875 0.4642
6 1.92 1.3272
4 1.0725 0.9787
4 2.295 2.633
7 1.83 1.6555
4 0.8925 0.9662
5 0.84 0.9668
4 0.42 0.824
4 2.7825 2.7265
7 2.1675 2.1798
4 0.3975 0.2607
4 1.0875 1.6132
7 1.53 1.24
6 2.7675 2.681
4 0.12 0.2116
6 2.4975 2.4852
4 2.2575 2.0215
5 2.49 2.6724
7 2.0625 2.2245
6 1.635 1.8959
4 0.3975 0.5678
4 0.165 0.1008
6 1.845 1.2359
7 0.9 0.8889
6 1.98 1.9022
6 0.6375 0.6087
6 1.3125 1.2812
7 1.3125 1.4468
7 0.2625 0.2341
7 0.795 0.9079
5 0.765 0.6062
6 2.28 2.0755
7 2.28 2.2255
4 1.65 2.0357
5 2.985 2.9988
4 2.5275 2.6127
6 1.245 1.4621
6 0.81 1.0936
4 0.555 1.0863
7 1.8975 1.2327
6 0.4125 0.3633
6 1.245 1.4543
5 0.6975 0.636
6 1.1325 1.0443
6 1.8825 2.0362
7 1.2375 1.8224
7 2.0325 2.0148
5 0.63 0.7444
5 1.1025 1.4521
5 1.3875 1.7705
5 2.2425 1.9343
4 1.485 1.7699
4 1.455 1.6186
4 1.6875 1.8541
5 2.1975 2.1595
6 0.6675 0.8932
7 0.57 0.6386
5 1.29 0.7567
5 1.9425 1.4853
5 0.7725 1.3847
6 0.8625 0.9542
5 2.9775 2.8998
6 2.4 2.4641
7 1.785 1.9249
7 0.5025 0.5148
6 2.1 2.0523
4 0.63 0.8726
4 1.0425 0.8034
4 2.505 2.4639
5 0.3675 0.237
7 2.52 2.4493
7 2.4075 2.334
7 1.89 1.6117
6 2.685 2.6157
5 1.305 1.448
4 2.6925 2.768
7 2.01 2.0512
5 2.565 2.375
7 1.59 1.5806
6 1.035 1.1863
4 2.8275 2.9049
7 0.5025 0.3861
5 0.5925 0.8767
7 0.42 0.4685
6 1.9275 1.2532
5 1.7175 1.4483
4 2.6025 0.7495
6 2.925 2.8327
7 0.3675 0.3317
6 2.0775 2.028
5 1.6575 1.8519
7 0.8775 1.0319
7 1.4025 1.4083
6 1.7025 1.4584
4 1.515 1.3595
6 1.53 1.51
6 0.7725 0.7517
7 1.785 1.4186
4 0.93 1.1927
7 0.2925 0.2647
4 0.7725 0.7524
7 1.17 1.3458
6 0.1725 0.2007
5 1.74 1.8225
5 1.8525 1.6585
5 0.1875 0.2561
4 0.4275 0.2604
4 2.235 2.6455
7 1.0425 1.1228
7 1.965 2.0122
4 2.625 2.5839
5 1.0275 0.9449
4 0.54 0.8376
7 2.97 3.0678
6 1.0125 1.4983
6 0.15 0.0795
5 0.45 0.3509
6 2.6175 2.6659
4 0.7725 1.0886
6 0.87 1.1356
6 1.785 1.5225
6 0.6975 0.6929
7 0.9675 0.9685
7 1.89 1.7264
4 0.2325 0.2409
5 0.615 1.2004
6 1.8075 1.6201
5 0.105 0.1149
5 1.0275 1.2526
6 1.425 1.3378
4 1.365 1.6505
6 1.3125 1.3348
7 1.8225 1.3577
5 2.0025 1.682
6 2.1 2.1361
5 2.6775 2.7465
4 0.57 0.3053
7 2.94 2.8404
6 2.16 1.9276
7 2.5425 2.5752
7 0.4575 0.5074
7 0.705 0.7252
4 0.5625 0.8556
6 1.26 1.5138
5 2.4675 2.3311
5 2.07 1.5752
6 1.4175 1.2339
4 0.54 0.3526
4 1.9875 1.2096
5 0.2475 0.3581
6 1.0875 1.3769
5 0.2775 0.341
6 2.9925 3.0285
7 0.39 0.3995
7 1.7025 1.7047
4 1.5 1.869
7 2.625 2.643
6 2.34 2.4599
7 1.875 2.087
7 0.1575 0.1255
7 0.5025 0.5546
4 2.385 2.2612
7 0.2775 0.2407
4 1.005 1.5769
5 1.08 1.8456
4 1.1625 2.0994
4 1.3575 0.8064
4 1.905 1.1105
6 0.06 0.1116
6 0.12 0.1279
7 1.68 1.6248
4 2.415 1.7297
7 1.7175 1.4105
5 0.99 1.5705
4 1.2375 0.8786
4 1.455 1.2229
4 0.0375 0.0139
5 0.36 0.41
5 1.05 1.2359
4 0.4275 0.6052
6 1.5675 1.9049
6 1.2 1.5792
7 2.7675 2.7097
6 2.2725 2.3631
4 1.875 1.617
4 2.9925 2.9767
5 1.5225 2.0526
7 1.44 1.3806
6 2.445 2.4373
7 0.1725 0.1812
6 0.915 1.1538
4 0.78 1.4419
6 0.99 1.2412
6 0.39 0.3525
5 2.4675 2.3206
5 1.2525 1.0742
4 0.885 1.3798
4 1.7325 1.2095
4 2.3775 1.4091
5 2.2425 2.4706
5 1.5375 1.292
4 2.58 2.3286
6 2.925 2.9234
7 2.0475 2.0941
5 1.2 1.4095
7 0.15 0.1524
5 2.2125 1.8108
7 2.265 2.3249
7 2.31 2.3406
7 2.4525 2.4739
4 1.3875 1.9612
6 1.95 1.6101
6 2.0325 1.7837
4 0.5925 0.4543
4 2.1675 2.5133
5 0.27 0.2884
6 2.835 2.7899
6 1.9275 1.9132
5 2.97 2.9574
4 0.3825 0.575
4 2.5875 2.3945
5 0.2775 0.3097
4 1.8375 1.6876
5 2.2425 2.3501
7 1.3875 1.5288
5 2.6625 2.6062
4 0.495 0.4579
4 1.62 0.55
5 1.4325 1.4156
7 0.8025 0.8367
7 0.525 0.5132
6 2.4225 2.5845
6 2.25 2.0102
6 1.7775 1.3221
4 1.155 1.1574
6 0.435 0.4113
7 1.875 1.3556
6 0.195 0.0921
4 2.145 1.2765
5 1.29 1.29
5 1.605 2.25
6 0.3525 0.3516
4 1.23 1.7383
6 0.2625 0.2241
7 0.975 1.2328
4 0.3975 0.4174
5 2.0025 1.5304
4 0.72 0.6963
5 2.6775 2.6629
6 0.495 0.6566
4 0.0975 0.1392
7 1.2975 1.4793
6 2.34 2.3008
6 2.13 1.8131
7 1.6125 1.6447
7 0.0375 -0.0065
4 0.5325 0.5474
5 1.125 1.2094
7 0.2775 0.3364
6 1.53 1.6685
4 1.905 0.774
6 1.62 1.831
5 2.82 2.7281
7 0.315 0.3116
4 0.15 0.1613
4 1.7025 1.552
7 0.9525 1.1147
4 0.405 0.626
5 1.785 0.7674
5 0.9825 1.2932
4 2.2425 2.2416
7 1.515 1.5333
6 1.77 1.8745
6 1.5675 1.4377
4 1.785 1.6584
4 0.075 0.0378
4 2.34 2.4494
7 1.4925 1.7272
7 1.155 1.3715
6 0.93 0.8766
6 0.5025 0.5976
5 2.4975 2.3351
7 1.68 1.8856
4 0.555 0.9866
4 2.8575 2.8405
4 0.045 0.0912
7 2.055 1.9389
6 1.0125 1.4122
6 0.9975 1.5659
4 0.8475 0.4468
5 2.565 2.5618
7 1.5075 1.6055
5 0.5625 0.5969
4 1.9725 0.6764
6 0.1725 0.1422
6 0.375 0.3765
4 2.67 2.641
6 2.34 2.2747
6 2.7525 2.644
4 2.655 2.1063
5 0.39 0.3335
5 2.925 2.9046
6 0.3975 0.4655
6 0.5775 0.5934
5 0.45 0.5883
7 2.55 2.468
7 1.0575 1.0758
5 0.2625 0.2772
4 2.22 1.9336
7 2.6775 2.6895
5 1.3425 1.2386
4 2.685 2.0555
7 0.5025 0.5289
5 0.3225 0.3088
6 0.8175 1.045
4 2.28 2.2693
4 1.7775 1.3896
6 1.7325 1.8513
4 1.635 1.8928
7 2.2425 2.1622
4 0.5025 1.077
6 2.6475 2.6965
7 2.91 2.8222
4 0.9225 1.4638
7 2.9925 2.9966
5 1.2 1.2509
7 2.1525 2.2551
5 0.3675 0.8022
7 1.14 1.1487
4 1.53 1.2059
6 2.5275 2.4286
4 2.4525 2.0965
7 2.3475 2.4318
5 2.085 1.6803
6 0.105 0.0936
7 2.2425 2.3193
6 0.675 0.7519
4 2.9175 2.8952
4 2.685 2.8313
5 1.3425 1.654
4 1.8825 1.5746
6 2.565 2.5056
6 0.8325 0.8029
5 1.845 2.1941
4 1.38 1.0104
7 1.7625 1.4761
6 2.9475 3.0533
7 0.7875 0.6792
7 1.0125 1.0695
6 1.095 1.1915
6 2.085 2.0994
6 2.0925 1.8562
5 0.2775 0.4535
7 0.4125 0.4767
7 0.555 0.5008
7 0.6075 0.6648
6 1.95 1.3754
6 2.5575 2.5787
4 2.97 2.8153
7 0.9525 1.0308
4 2.3025 2.1516
5 0.0375 0.0273
4 0.9225 1.4822
6 2.235 2.1182
4 2.175 1.6704
4 2.8875 2.7906
5 2.895 2.7692
4 2.355 2.0185
4 2.55 2.6154
5 0.7275 0.7245
7 1.875 1.7855
5 2.865 2.8137
7 2.2275 2.0318
4 2.9025 2.6753
5 0.6675 0.6629
5 1.4925 1.8274
4 1.2975 1.5251
7 1.2075 1.2088
7 2.1675 2.0828
6 0.96 1.1922
5 0.63 1.286
4 2.8125 2.7946
7 0.48 0.4825
6 0.7425 0.7836
5 0.315 0.3314
5 1.4025 1.5682
5 2.31 2.2221
7 0.7575 0.8697
4 0.6825 0.7447
6 1.9575 1.3277
4 2.775 2.7741
4 1.365 1.3928
5 0.57 0.6841
7 2.2725 2.2403
4 1.62 1.4939
5 0.915 1.184
5 2.5875 2.6032
4 0.6 0.7439
4 1.3875 1.0539
4 2.025 1.5009
4 1.8975 1.5888
5 1.0875 1.2392
5 1.2525 1.7734
4 2.3175 1.2617
5 2.535 2.2953
4 2.1225 1.9603
6 2.055 1.6801
5 0.0075 0.0258
6 0.8775 1.2419
4 1.9125 1.3964
7 1.9275 1.9446
5 2.3175 1.954
7 0.9 0.9862
5 0.495 0.4407
7 2.1375 2.0877
5 1.9725 1.987
5 2.055 1.3385
4 2.6625 2.5624
6 2.19 2.0635
7 1.23 1.1633
5 2.865 2.9548
7 2.85 2.9421
7 1.3725 1.6796
7 2.8725 2.8983
7 2.8425 2.8289
4 1.05 1.3163
4 2.49 2.5286
6 2.07 2.0838
5 0.795 1.2765
4 2.04 1.4976
7 0.2025 0.2134
7 2.145 2.0375
4 1.4175 1.4454
6 0.5175 0.6732
5 0.42 0.5278
7 2.3175 2.3133
4 2.6925 2.8407
7 0.2775 0.2065
6 1.065 1.1232
4 1.515 1.9946
6 0.9075 0.8859
7 1.6125 1.4163
7 1.095 1.3696
4 2.745 2.7913
5 1.8075 1.3204
5 1.8075 1.3041
5 2.895 2.9045
4 1.755 1.5986
6 1.1025 1.3167
5 2.0175 2.0364
5 0.9525 1.4726
5 1.1025 0.8314
5 1.4475 1.3074
6 1.9125 1.6909
7 2.1675 2.3508
7 1.5525 1.3604
4 1.4175 1.5932
7 0.855 0.9885
7 1.425 1.0435
7 0.7575 0.896
7 0.8775 0.9276
5 2.955 2.9149
4 2.3175 2.3124
6 0.36 0.3764
6 1.95 2.1476
7 0.8625 1.0272
5 1.455 1.7876
4 0.0225 0.0013
5 1.7025 1.4845
6 1.0275 1.6438
5 0.84 1.3036
5 2.55 2.4098
7 2.3625 2.2037
6 1.965 1.8216
5 2.16 2.4155
5 0.9225 1.2707
6 0.8025 0.9192
4 0.4875 1.0392
6 1.635 1.7241
6 1.755 1.3351
7 1.1175 0.9544
7 1.605 1.6782
6 2.64 2.6064
4 1.3875 1.8091
5 1.8075 1.67
7 0.7425 0.848
7 2.91 2.8594
4 2.595 2.3445
6 2.9325 2.9694
4 2.5875 2.2414
4 2.31 2.2291
7 1.2525 1.5671
5 0.9525 1.448
7 2.1075 2.1196
4 0.9525 1.4221
6 0.255 0.2258
4 0.585 1.7587
6 2.1375 2.2092
5 2.1525 1.7413
5 2.145 2.0742
7 1.245 1.5697
7 0.2775 0.3052
7 0.855 0.8919
7 0.0975 0.049
5 1.3125 1.5148
4 1.755 1.5298
6 2.28 2.2527
7 0.675 0.8797
7 2.595 2.5727
5 2.3175 2.2917
7 1.7325 1.7476
5 1.3875 1.3415
7 2.2575 2.2163
6 0.93 1.014
5 1.8 1.1058
5 1.7775 1.8167
5 1.7325 1.5678
7 1.395 1.4201
4 1.4175 2.1394
7 0.78 0.762
4 0.6675 0.8487
7 1.665 1.354
6 0.7425 0.7966
5 2.535 2.5859
6 1.71 2.0092
4 1.3575 1.5192
7 0.7725 0.9514
5 0.0525 0.0827
6 0.8625 0.849
4 2.5125 2.4372
5 1.6425 2.0644
7 2.745 2.7875
6 2.4375 2.31
5 1.4175 1.4533
6 2.8425 2.665
5 2.91 2.855
7 0.3 0.2405
4 0.9375 1.4773
7 0.42 0.5298
4 1.0125 1.4151
4 2.0775 1.6088
6 1.125 1.2218
6 0.5325 0.4793
6 0.1425 0.111
4 2.205 1.6721
4 2.595 2.3393
6 1.0575 1.0852
5 1.8075 1.5027
5 0.93 1.0293
6 0.15 0.0592
5 2.16 1.5331
6 2.5425 2.4806
4 1.8825 1.5176
7 2.6625 2.673
7 1.4325 1.2602
6 2.76 2.7769
6 2.1 2.1312
6 2.6775 2.6122
4 2.3475 2.0651
4 2.8875 2.7325
5 0.0975 0.2325
6 2.655 2.7083
5 0.9225 1.2017
4 1.02 1.5205
6 2.4825 2.3671
7 0.195 0.1973
4 1.35 2.2551
7 1.17 1.0118
6 1.785 1.8446
6 1.59 1.6246
6 2.6925 2.612
4 1.815 1.9601
5 2.895 2.9974
7 1.6425 1.5467
6 1.6575 1.1356
6 0.8025 1.0691
5 1.77 1.9134
6 0.5625 0.5659
4 0.7425 0.8619
7 0.03 0.0409
7 0.465 0.5939
5 2.5725 2.4436
7 2.28 2.1594
5 2.745 2.679
5 2.22 1.9451
4 1.83 1.7737
7 1.2375 1.5899
6 2.7525 2.8068
6 1.425 1.1819
7 1.1025 1.3754
4 1.035 1.7231
5 0.6525 1.0204
6 1.635 2.1735
4 1.89 1.6294
6 2.7825 2.7289
7 2.1975 2.1734
4 0.3675 0.7952
5 0.285 0.2247
6 0.3075 0.2816
4 1.6725 2.5287
7 1.575 1.3214
4 0.9375 0.6368
5 0.405 0.4157
7 2.385 2.4383
5 1.68 1.0543
7 0.555 0.4449
7 0.435 0.4712
4 1.5525 1.4906
4 1.065 1.3949
6 2.595 2.5562
6 0.4125 0.4231
5 0.36 0.3569
4 1.5825 1.5515
5 2.88 2.8973
5 0.3525 0.3704
5 1.5825 1.5118
5 1.5825 1.2959
4 1.2225 2.064
4 1.6275 0.7577
7 2.895 2.9541
4 0.69 1.0358
6 2.3325 2.3311
5 1.815 1.9259
6 2.4 2.4971
5 0.1125 0.0869
7 0.1125 0.1192
7 2.6325 2.566
6 2.4525 2.5487
7 0.645 0.6287
7 1.35 1.3598
4 2.3325 1.8488
5 2.025 1.5584
7 1.26 0.9525
7 1.695 1.2553
5 0.99 1.1057
5 2.16 1.4746
6 2.7 2.7078
5 1.3425 0.8155
6 1.785 1.8512
4 0.0825 0.0247
4 1.56 1.2871
7 0.84 0.8143
7 1.7325 1.5587
7 1.9425 1.9289
4 2.8425 2.9634
6 2.9625 2.9626
4 1.5675 1.5335
4 1.2825 1.5234
6 2.8425 2.9148
4 2.745 2.6051
4 1.4475 1.4591
7 0.5175 0.4709
6 0.6675 0.8651
5 2.34 2.4282
6 0.255 0.476
7 2.1525 2.2044
7 2.22 2.1307
4 0.6375 0.766
6 0.1725 0.0957
5 1.1325 1.2916
5 2.3925 2.3745
6 0.03 0.0384
6 2.6775 2.5453
4 1.14 0.9613
5 1.98 1.8289
4 2.1075 1.8377
6 2.535 2.5905
4 0.0675 0.2659
5 0.24 0.3694
6 1.5225 1.3966
6 1.3425 2.2364
4 1.155 1.5205
7 0.7275 0.8251
7 0.5925 0.6916
5 2.805 2.8249
6 0.84 1.368
6 0.51 0.5771
6 0.315 0.3464
5 1.2525 1.7941
4 0.99 1.5652
4 2.16 2.0314
5 1.545 1.3442
4 2.1975 1.6902
7 1.0275 0.9998
6 0.78 0.6335
4 2.94 2.9171
4 0.405 0.8755
4 2.805 2.8067
6 2.565 2.5426
5 0.9675 1.4581
5 2.0325 1.9624
7 0.3825 0.3217
5 1.44 0.9361
4 2.5425 2.7663
7 1.4475 1.3991
5 1.215 1.1494
4 1.7925 1.3654
7 1.305 1.5893
7 0.09 -0.002
4 1.8 1.7992
7 1.155 1.1654
6 0.9825 1.5586
7 0.9075 0.9738
5 2.2425 2.0871
7 1.0425 1.0121
4 1.305 1.3485
5 2.3325 2.4861
5 2.16 1.6314
7 0.225 0.136
4 0.5925 0.7845
6 1.035 1.4156
6 1.605 1.704
7 0.495 0.4356
5 2.355 2.1789
7 2.6775 2.7992
5 2.07 2.1943
6 2.5275 2.3827
5 2.88 0.5202
4 1.32 2.0888
4 1.3725 0.7134
4 0.5325 1.1764
7 0.8925 1.0755
7 0.3525 0.3329
6 0.0 0.1004
5 1.05 1.3092
6 0.9075 0.9471
6 2.985 2.9234
4 0.3075 0.2871
7 1.305 1.6219
6 2.2725 1.9399
6 1.8825 1.6285
6 2.0925 1.6724
5 0.465 0.5564
7 2.4975 2.4604
4 1.785 1.4437
5 1.4325 1.2095
5 0.33 0.4552
5 0.825 1.1147
6 2.2125 2.149
5 0.5175 0.3965
6 2.82 2.8513
4 1.305 1.5223
7 0.6825 0.6967
5 2.3475 2.0355
4 1.47 1.3831
4 0.735 1.5468
5 2.43 2.6211
5 2.1 2.1008
5 2.3475 2.1026
7 2.2125 2.0633
4 1.9725 1.8522
5 0.5175 0.6598
4 0.66 1.0791
7 2.9475 2.9736
7 2.9175 2.8463
6 1.035 0.7995
6 2.7975 2.8468
4 0.1425 0.129
7 0.1875 0.1584
7 2.7675 2.7661
4 1.245 1.2161
7 1.515 1.7845
5 1.3875 1.5045
6 2.1825 2.2139
7 1.3875 1.6057
7 1.5375 1.5658
5 1.6425 1.3995
4 2.655 2.7464
4 2.9025 2.7982
4 2.5875 2.5458
5 0.885 1.3458
5 2.0625 1.9079
4 2.6625 2.5251
4 1.98 1.4397
7 0.5775 0.5547
4 1.245 1.1575
4 0.3825 1.1095
7 0.4875 0.4795
4 0.645 0.7132
6 0.36 0.3318
4 2.955 2.8424
7 1.71 1.776
4 0.3225 0.7365
7 1.11 1.31
7 2.655 2.6356
5 0.66 0.3897
4 0.435 0.664
6 2.64 2.6778
6 0.3375 0.2701
5 2.01 1.7695
7 1.455 1.6431
6 0.69 0.7074
7 2.8875 2.993
6 2.5425 2.6115
6 0.8325 0.9013
6 1.155 0.9939
6 1.455 1.6909
6 2.355 2.3234
5 2.7975 2.865
7 2.85 3.0655
6 1.0575 0.8155
6 2.9175 2.9046
4 1.9125 1.242
4 1.41 1.5464
5 1.5 1.3415
4 1.9725 1.2927
6 1.875 1.8197
7 0.975 0.7958
6 0.825 0.8177
4 0.1575 0.1713
7 2.04 1.7717
4 0.855 0.5981
5 2.37 2.4853
5 1.9875 1.5755
7 1.815 1.7987
6 2.7525 2.792
7 0.1125 0.0606
6 2.775 2.8336
7 0.975 1.0298
6 2.8425 2.8106
6 0.1275 0.2043
5 1.0125 1.0731
4 1.2525 1.525
7 2.0925 2.0084
5 1.8375 1.6765
4 0.78 1.122
6 1.185 1.3274
6 0.5625 0.4429
7 0.0375 0.0489
7 0.6525 0.6267
5 0.885 1.5212
6 2.55 2.6585
5 0.8475 0.617
6 1.1625 1.2558
5 2.49 2.49
6 2.355 2.4231
5 2.9775 2.9529
6 0.045 0.0295
5 2.6475 2.6109
7 2.0475 1.9335
5 2.2725 2.3758
4 2.61 2.3867
6 0.27 0.2397
5 1.935 1.7188
5 2.73 2.6498
5 1.0875 1.4707
4 1.035 1.2853
6 2.76 2.8278
6 1.185 1.2408
7 1.8675 1.7848
6 2.3175 2.4014
6 0.6375 0.6917
7 1.41 1.4931
4 2.2275 2.3004
7 2.445 2.46
7 0.6525 0.5385
6 0.6375 0.7896
7 1.9875 1.7569
5 2.385 2.0842
5 1.44 1.5172
5 2.145 2.0149
5 1.3875 1.555
7 2.0025 2.2885
4 0.705 1.6496
5 0.765 0.6837
6 1.8675 1.986
6 0.21 0.1578
4 1.845 2.1197
7 0.87 0.8865
4 0.7725 1.0367
4 1.4775 2.1109
7 0.225 0.1898
4 1.5975 1.4887
4 1.59 1.2535
6 1.3275 1.4197
5 1.5075 1.2981
6 1.905 1.631
5 0.855 1.316
6 2.085 1.8199
4 0.7875 0.8156
6 1.32 1.2502
4 1.845 1.6742
6 2.9625 2.9362
7 2.4675 2.3905
6 0.8175 1.1404
6 0.2475 0.2184
7 2.145 2.1152
5 1.3875 1.5849
5 1.8375 1.6183
4 0.795 0.8446
4 2.0925 2.3082
7 2.325 2.307
4 2.5575 2.737
6 1.455 1.4011
6 2.91 2.84
4 0.1275 0.1985
4 1.845 1.272
5 1.59 1.1793
5 2.73 2.5528
4 0.6975 0.9753
4 0.8925 1.1638
5 1.5075 1.3351
5 2.8725 2.8836
5 2.07 1.9792
5 1.0875 1.7219
7 2.0925 1.5653
4 2.055 1.4484
5 2.1075 1.5033
6 0.36 0.3451
5 1.08 1.5328
7 2.8575 2.833
7 2.76 2.7818
4 0.4575 0.7999
5 0.87 1.4456
6 0.5925 0.5166
4 2.1 1.5603
6 2.0175 1.7646
5 2.01 1.5607
5 0.7425 0.7194
7 0.87 0.7258
5 2.9475 2.9342
5 1.245 1.454
5 1.2 1.533
5 2.6925 2.6449
7 0.9225 0.9835
6 0.6225 0.5323
5 2.0325 1.6446
4 0.3075 0.2276
4 2.9775 0.8411
6 1.05 1.5845
5 1.5225 1.471
5 2.295 1.9776
6 1.635 1.6334
6 0.735 0.8475
5 2.805 2.964
7 1.485 1.8317
4 2.28 2.2191
5 0.03 0.1087
7 1.875 1.5805
6 0.525 0.5181
4 0.0 0.1513
6 1.41 1.3545
4 1.305 1.5818
7 1.44 1.3274
4 0.0825 0.124
6 0.78 1.1772
7 0.66 0.6633
4 2.28 2.1405
5 1.1775 0.5938
4 2.1825 1.9338
7 2.595 2.5958
7 0.555 0.6305
5 0.3 0.3619
6 2.535 2.4793
4 1.905 1.4424
6 2.5125 2.1094
6 2.4375 2.4846
7 1.65 1.7653
4 1.755 1.7054
5 2.9925 2.8575
7 1.515 1.3687
5 0.525 0.6548
7 2.5275 2.4629
5 1.1175 0.7012
5 2.0475 1.2514
5 0.435 0.4066
4 2.6925 2.7593
4 0.9075 1.3645
6 1.8825 1.5253
6 0.0675 0.0832
7 2.6775 2.6949
7 0.0225 0.1084
7 0.795 0.7844
7 2.985 2.9457
7 2.19 2.2077
7 1.245 1.2181
5 1.5975 1.3923
5 2.9925 2.9653
4 1.245 1.4039
5 1.0125 1.009
4 1.7175 1.994
4 1.0575 1.3286
4 2.0625 2.1642
7 0.675 0.7319
5 1.125 1.3627
7 1.2225 1.2028
6 2.3025 2.3876
4 2.0475 1.4875
5 2.745 2.7014
6 0.42 0.3126
7 1.965 1.8559
4 1.0575 0.6783
4 2.8125 2.6365
7 2.8425 2.8573
7 2.2875 2.2441
7 1.5 1.5559
4 0.765 0.7637
5 1.7325 1.4976
4 1.275 1.7131
7 0.1875 0.2017
7 0.525 0.478
6 1.08 1.4213
7 1.6275 1.753
7 1.0725 1.2153
7 0.03 0.0842
5 2.0775 2.1246
5 1.455 1.827
6 1.7925 1.4356
4 0.0675 0.1508
5 1.935 1.376
5 1.755 1.3703
4 0.255 0.6599
6 2.3325 2.4093
5 2.58 2.7209
5 2.415 2.4143
6 1.0425 0.7295
6 2.1675 1.2203
5 1.7775 1.1995
6 0.6375 0.664
7 0.4425 0.4444
4 0.6 1.101
5 2.34 2.414
6 1.275 1.6723
4 2.5125 2.2662
6 1.2675 1.9268
6 2.43 2.3359
4 0.015 0.0955
7 2.04 1.6205
4 2.655 2.1558
7 2.19 2.0844
6 0.42 0.3738
5 2.895 2.7117
6 0.0075 0.0853
4 0.9375 0.8623
4 2.64 2.6829
4 0.6375 1.6076
5 2.985 2.9445
4 0.0375 0.0166
4 0.8175 1.3552
7 1.2075 1.4044
5 2.805 2.867
7 0.12 0.0969
6 1.65 1.787
7 0.9375 0.9711
6 1.26 1.4354
6 1.4625 1.6489
4 0.8775 0.5205
5 0.5175 0.5322
6 1.5375 1.2036
5 1.5 1.3767
7 0.435 0.5403
7 2.3925 2.2541
6 0.4425 0.4831
5 1.365 1.6085
4 0.3675 0.4239
4 0.2475 0.2598
5 0.4275 0.4023
5 0.7725 0.9457
5 1.3575 1.4594
5 2.1375 1.6044
7 2.07 2.0457
5 2.235 1.6451
4 2.6025 2.5718
7 2.7075 2.6901
6 0.1725 0.1606
4 2.46 2.2925
6 0.8625 1.0976
6 0.2475 0.2631
5 2.19 2.236
5 0.645 0.6004
4 1.9425 1.6569
7 1.425 1.5238
6 0.7425 1.0354
6 1.0725 1.2698
7 2.3475 2.3856
7 0.2475 0.3177
7 0.18 0.2396
7 0.5325 0.4764
6 0.3225 0.3495
4 0.75 1.1399
5 2.6775 2.4827
7 0.6975 0.6611
4 0.7575 1.2908
6 1.965 1.8496
6 0.405 0.5059
7 2.3025 2.2568
6 2.43 2.4156
6 2.3925 2.2618
5 0.3675 0.251
7 2.295 2.284
6 2.7525 2.8027
7 0.54 0.7358
5 2.25 2.3967
6 2.7675 2.7167
4 2.49 2.0543
5 1.89 1.7894
4 2.655 2.4671
6 1.065 1.0009
6 0.42 0.4347
5 2.0925 1.7018
4 1.485 1.5381
7 2.685 2.6538
5 2.745 2.7357
4 1.89 2.1672
6 1.7325 1.0856
4 2.22 2.2687
5 2.13 2.2975
4 1.05 1.421
7 1.71 1.6789
5 1.035 1.528
5 0.9075 0.972
6 2.5275 2.5751
6 1.11 1.2509
5 0.9 1.5767
7 0.39 0.3623
5 2.685 2.7888
7 1.3125 1.0472
7 2.145 1.9907
5 0.36 0.4353
5 0.1575 0.1351
4 0.375 0.7129
5 0.45 0.4364
7 2.3925 2.368
5 0.1575 0.042
6 1.095 0.9211
6 0.0525 0.0367
4 2.715 2.814
5 2.4375 2.4737
4 2.0625 2.0798
4 2.9025 2.7627
6 2.7075 2.6404
7 1.47 1.8143
6 1.215 1.1279
4 1.7175 1.8647
6 1.9425 1.5117
4 1.77 1.1589
7 0.225 0.3121
6 1.7175 1.7191
7 1.32 1.287
5 0.9975 1.1522
6 0.045 0.0263
7 1.035 1.0071
4 0.8475 0.9355
4 1.2 1.7804
5 1.98 1.5526
5 0.7125 0.5049
6 0.5175 0.4403
4 0.315 0.5236
5 2.22 2.337
5 0.2325 0.2545
7 2.2725 2.5348
5 0.795 1.804
6 1.86 1.2903
6 1.2225 1.9393
5 1.4475 1.3744
7 0.9675 1.0475
7 1.9425 1.7679
5 0.6825 0.8368
5 1.9575 1.5422
5 0.5925 0.516
6 1.695 1.5627
4 2.4075 1.7849
7 1.6425 1.6329
7 0.72 0.7114
7 2.2275 2.1931
5 1.17 1.7456
7 2.13 2.0941
5 2.4675 2.4967
7 2.82 2.8546
7 2.5275 2.5136
5 2.415 2.3784
4 0.1575 0.2417
5 0.1875 0.2413
5 0.6375 0.5631
4 1.065 1.4191
4 2.76 2.7107
5 0.015 0.0243
7 2.655 2.6445
4 0.12 0.1286
4 0.5475 1.0165
6 2.88 2.9033
7 2.1975 2.1639
5 1.7175 1.3115
7 2.955 2.9485
4 2.715 2.8793
7 2.0175 1.8958
7 1.245 0.9166
6 0.9375 1.5465
7 0.2025 0.1871
6 1.2075 1.0274
7 0.33 0.2626
6 2.8725 2.8212
6 1.4325 1.1604
7 0.675 0.6174
7 1.08 1.1117
4 1.3275 1.7255
5 0.24 0.1689
5 0.3 0.16
4 2.13 1.2415
6 0.5625 0.5787
6 0.99 1.0886
6 1.3575 1.2029
6 0.555 0.482
7 0.975 0.83
4 2.0175 1.6138
4 2.925 2.9206
5 2.22 2.0641
7 2.1525 2.1484
7 2.1375 1.944
6 2.8575 2.897
4 0.1125 0.1178
7 2.535 2.5523
7 1.3425 1.394
4 1.3575 0.9437
5 2.0775 1.5304
5 2.9625 2.9624
6 2.835 2.8843
5 1.7625 1.5213
6 0.8625 0.7762
7 2.4075 2.5085
7 2.9175 2.904
4 0.81 1.3004
4 1.3575 1.9819
4 2.4375 2.153
6 2.4675 2.5873
4 2.085 1.2446
6 1.485 1.2531
4 1.3875 1.2454
5 2.4075 2.6415
4 2.7525 2.7102
5 1.0275 1.1802
4 1.08 1.0264
4 2.2125 1.8952
4 0.4575 0.6678
7 2.7525 2.7112
4 1.0875 1.6211
5 2.07 1.613
7 0.2925 0.3606
6 0.09 0.1825
4 2.9025 2.8461
5 0.78 1.5529
5 1.29 0.9683
6 2.835 2.7378
4 1.1775 1.4325
5 0.42 0.288
5 0.8775 0.6793
5 1.4925 1.597
5 0.885 1.074
5 1.9575 1.8406
4 2.9925 2.7013
5 0.855 1.616
6 0.375 0.3725
7 2.7375 2.793
4 0.7425 0.9516
5 2.715 2.9019
4 0.2025 0.1498
5 0.8775 1.5964
5 0.645 0.5803
7 1.635 1.5691
6 2.1225 1.8743
5 0.5475 0.4518
5 0.9825 1.5659
4 2.43 2.1379
5 2.61 2.629
6 2.16 1.9011
5 2.085 1.7288
7 2.9025 2.8556
5 0.9375 1.0133
5 0.45 0.4293
7 0.8625 0.7847
7 1.89 1.882
6 2.355 2.4481
6 1.3425 1.6953
5 1.1475 1.3683
6 1.665 1.7353
6 1.65 1.5775
4 1.68 1.7468
6 1.5375 1.2837
4 1.29 1.2072
7 1.845 1.7017
5 0.87 1.895
7 1.0875 0.9636
4 2.37 2.2138
4 2.505 2.6897
6 0.99 1.1422
5 0.6375 1.2961
5 1.5525 1.4579
7 1.0425 1.0713
6 0.8925 0.7508
5 0.345 0.2441
6 1.395 1.7578
6 1.1775 1.1167
4 1.005 0.9573
5 2.13 2.3982
7 0.81 0.8792
5 1.02 0.9724
6 2.1075 2.068
6 0.3375 0.2459
5 1.1025 1.3676
4 0.1875 0.0205
6 1.365 1.7233
4 1.5975 2.0025
7 2.7 2.7557
7 0.99 1.2119
7 0.7425 0.7195
5 1.455 1.6858
4 0.8925 0.8361
7 1.2375 1.613
5 0.945 1.4421
7 2.91 2.8293
7 0.7575 0.718
6 0.0825 0.0998
6 1.3875 1.689
4 0.165 0.1834
5 2.19 2.3121
7 0.4425 0.6135
6 2.7375 2.7157
6 2.025 1.764
4 1.89 1.1636
7 1.8375 2.0369
6 1.95 1.7508
4 0.4275 0.3497
5 1.14 1.2836
5 0.72 0.8161
6 2.9925 2.9855
6 1.4925 1.7754
4 1.7175 1.5597
7 0.66 0.6308
4 0.09 0.0296
7 1.845 1.6605
7 0.3 0.3167
6 0.12 0.0902
4 1.0875 0.8472
5 1.2975 1.6394
4 1.41 1.3642
7 2.775 2.7941
4 1.83 1.7972
7 2.715 2.7099
4 1.3125 2.8961
4 0.0225 0.1315
4 0.495 1.1238
7 2.73 2.614
7 2.07 1.7829
5 1.7775 1.4458
5 0.03 0.2077
7 0.45 0.4703
6 2.3925 2.2937
6 2.5425 2.5043
7 1.1025 1.4473
5 2.01 1.9473
5 2.3775 2.2963
5 0.135 0.2076
6 1.11 1.2199
4 0.585 1.1426
4 0.24 0.3129
6 0.5925 0.6826
7 1.335 1.4618
7 2.1675 2.1422
7 1.5225 1.7521
5 2.565 2.4971
6 0.9225 1.1105
4 0.075 0.1065
4 1.965 1.4312
6 2.3925 2.1764
5 2.3475 2.2305
6 0.045 0.1312
7 2.7975 2.7934
5 0.3675 0.3645
6 2.49 2.5912
7 1.125 1.3281
4 1.17 1.6952
7 1.08 1.216
5 0.315 0.2583
5 2.34 2.2452
4 1.5375 1.6964
4 1.8975 1.2638
7 2.355 2.3448
4 0.4875 0.7279
7 1.8225 1.7674
6 1.215 1.4284
4 0.165 0.3027
6 0.6975 0.9013
6 0.21 0.1609
6 2.7675 2.7975
4 0.8625 0.9967
6 0.18 0.2533
4 0.7425 1.3786
7 2.055 2.0523
5 1.155 1.2803
5 0.2475 0.2582
6 1.6275 1.3658
7 0.765 0.7597
4 0.5925 0.2366
4 0.135 0.0683
6 1.1925 1.3237
5 2.2725 1.3987
5 1.7775 1.3919
5 0.5625 0.407
4 2.205 2.1412
7 1.5675 1.5824
4 1.6575 1.6083
7 2.07 2.1183
4 0.615 0.417
6 2.1375 1.9461
6 0.555 0.4381
7 2.4225 2.373
7 0.4575 0.4993
7 0.135 0.0956
5 2.8875 2.7327
7 0.3675 0.29
4 0.195 0.0629
7 2.79 2.7038
4 1.725 1.4128
5 1.605 1.5517
5 0.1575 0.033
6 2.67 2.5765
5 0.9375 1.2351
4 1.0425 1.4787
6 0.33 0.1993
4 2.5425 1.9209
7 1.485 1.6525
6 0.5925 0.4739
4 2.04 1.6019
5 2.76 2.8375
7 0.7875 0.9383
7 1.4625 1.3602
6 1.605 1.4256
6 0.3675 0.3926
6 0.405 0.367
6 2.5125 2.5914
6 2.145 2.2484
4 2.715 2.6051
7 2.37 2.2538
4 2.85 2.8392
6 0.345 0.2099
7 1.4325 1.607
6 0.45 0.4701
5 1.005 1.149
4 2.0175 1.5008
4 1.56 1.9248
7 1.86 1.9223
7 1.6725 2.008
6 1.95 1.2647
7 0.6075 0.6226
6 0.7125 0.7509
5 0.5925 0.7402
7 0.72 0.8676
6 2.28 2.3449
4 0.8775 0.893
5 2.505 2.4549
7 0.54 0.6061
7 1.1025 1.1452
7 2.8575 2.8699
7 0.5925 0.5822
7 0.1425 0.1141
4 1.9275 1.5452
5 0.63 0.9582
7 1.725 1.4708
4 0.6975 1.6962
4 1.38 1.4806
4 2.49 1.9794
5 1.425 1.4833
5 1.38 1.0227
5 1.35 1.671
6 1.1025 1.4139
5 2.19 1.8877
6 2.955 2.8677
4 0.5475 0.9421
7 0.3975 0.4512
4 1.7625 1.3686
4 1.9575 2.1412
4 1.3875 1.4635
7 0.6 0.6481
5 1.4025 1.5208
4 1.5675 1.7787
4 0.0375 0.1299
7 1.155 1.1103
4 1.695 1.4396
6 0.3375 0.2734
7 2.37 2.2307
4 2.325 2.5182
5 2.2275 2.2077
7 1.9275 1.971
5 0.225 0.0291
6 0.2775 0.2961
7 0.0525 0.0479
7 0.8775 0.8978
4 1.8075 1.4998
7 0.36 0.3214
4 2.235 1.797
5 2.34 2.2306
7 0.9375 0.8846
7 1.545 1.6745
4 0.3075 0.2462
6 2.5125 2.4686
7 1.89 1.6318
6 0.9975 1.411
5 2.625 2.2213
5 1.05 1.4095
5 2.2425 1.7446
7 2.295 2.3559
7 0.42 0.49
6 2.265 2.2733
7 2.4 2.4143
5 1.245 1.5056
6 2.715 2.6275
6 0.3 0.4141
7 0.915 0.9513
7 2.1375 2.1712
6 0.225 0.3397
7 1.89 1.8554
7 2.9475 2.9716
6 2.025 1.6027
6 1.2525 1.2985
6 0.3 0.2824
5 2.94 2.8042
7 1.56 1.2795
6 1.9575 1.8753
5 0.1725 0.1416
4 2.115 1.7608
6 1.44 0.5981
6 1.4175 1.1487
7 2.2725 2.2692
5 0.2775 0.1019
6 2.0625 2.2549
5 2.1675 2.2151
4 2.535 2.1281
6 0.09 -0.027
7 1.515 1.6439
5 1.0725 1.7125
5 1.11 1.8329
4 1.4025 1.4326
5 2.4975 2.5303
6 1.515 1.3285
6 2.0625 2.1526
7 2.1525 2.1905
5 1.3425 1.4127
4 2.5275 2.6529
5 1.125 1.7154
4 1.485 0.9808
5 0.06 0.0585
4 0.63 0.676
4 1.23 1.4788
7 1.4025 1.6276
5 0.315 0.3493
4 1.725 1.5982
6 1.0575 1.1548
6 1.365 0.7922
4 2.1675 1.5666
6 0.15 0.185
6 0.78 0.8036
6 2.295 2.3845
6 1.0875 1.3337
6 1.935 1.6127
4 0.105 0.0384
7 2.46 2.5212
4 0.21 0.2108
4 0.6 0.8786
6 2.28 2.282
7 1.77 1.564
7 2.7375 2.7438
4 1.83 1.4607
5 1.1325 1.3559
4 1.905 1.3926
4 2.115 1.7942
5 2.85 3.0026
7 2.94 0.8409
7 2.7375 2.694
5 0.525 0.5086
7 2.4975 2.4117
4 1.365 1.2457
6 2.7825 2.733
5 0.4575 0.5909
4 2.94 2.9004
6 1.14 1.1664
4 2.5875 2.6289
7 2.805 2.9132
7 1.5225 1.4415
6 1.6125 2.065
6 2.145 2.1296
4 1.89 1.7479
4 0.675 0.9849
6 1.995 1.847
5 0.0225 0.0439
4 2.715 2.7462
4 2.7975 2.615
4 0.36 0.4798
5 0.105 0.141
5 1.125 0.8853
7 0.27 0.2371
4 1.185 1.0124
6 2.295 2.2671
5 1.7625 1.5949
7 1.635 1.5829
5 0.9375 1.5023
7 2.37 2.4618
7 1.68 1.2156
6 1.7625 1.5018
6 1.9125 1.5407
5 1.6575 1.0568
7 0.8775 0.8576
5 0.2625 0.1885
7 1.155 1.0716
6 0.99 1.1256
4 2.0625 1.6145
6 1.155 1.1613
4 0.7125 1.2699
6 1.2975 1.4585
5 1.65 1.8235
7 2.6475 2.6788
7 0.6975 0.7652
5 0.42 0.4092
6 1.65 1.7586
6 1.125 1.5025
6 0.8325 0.9722
7 1.5825 1.3955
4 1.695 1.4369
7 2.625 2.5621
4 0.5775 0.4255
5 2.3775 2.5543
5 0.975 1.4257
7 2.8575 2.8283
6 2.31 2.3799
5 2.895 2.9784
7 2.16 2.1042
5 0.9825 1.1058
5 0.1425 0.1766
6 1.7175 1.7546
7 1.155 1.3161
7 2.235 2.3493
6 0.585 0.5789
7 0.3975 0.4638
6 2.76 2.635
5 1.005 1.2254
5 0.87 1.6529
7 2.9025 2.8871
6 1.86 2.009
7 1.4025 1.3284
7 0.1425 0.251
6 2.835 2.8725
6 0.255 0.2296
4 2.5725 2.5531
4 0.12 0.1049
7 2.0475 1.8364
7 1.545 1.5831
7 0.5625 0.585
5 1.3425 1.4018
6 1.9125 1.7378
7 0.9 0.978
5 2.55 2.5999
4 0.99 2.0665
7 2.7825 2.8569
7 0.075 0.0976
5 2.1075 1.9624
7 2.6025 2.4955
6 0.54 0.422
5 2.6775 2.5862
7 0.0225 0.1133
5 0.435 0.3842
6 1.05 1.2351
4 1.6425 1.7203
4 2.6325 2.523
7 0.33 0.2908
4 1.92 1.0228
5 2.4225 2.2638
7 0.1575 0.2286
4 0.4725 0.3923
6 1.71 1.713
5 2.85 2.9474
4 1.545 1.7698
6 0.78 1.4546
6 0.54 0.6632
6 1.155 1.0981
6 2.3925 2.39
4 0.0075 0.2734
7 0.0675 0.0443
6 2.9025 2.8969
7 0.8175 0.8179
7 2.3775 2.3832
5 2.9925 2.8908
5 0.84 1.2035
5 1.6575 1.7252
7 1.53 1.5907
6 2.565 2.6198
7 0.765 0.6955
5 1.0575 1.0337
5 0.1875 0.1305
5 1.7025 1.269
5 2.9475 2.9101
4 1.545 1.406
7 2.2425 2.3216
7 0.5475 0.4763
6 0.8625 0.7454
6 1.455 1.5836
6 0.525 0.4711
6 0.24 0.2871
5 0.7425 0.6985
5 1.5975 1.301
5 1.9725 1.6232
6 2.8725 2.9404
7 0.54 0.5987
5 2.9025 2.891
4 2.28 2.3965
5 1.0875 1.3277
7 2.1 1.9959
6 2.9625 2.9018
6 2.8575 2.8772
6 1.6275 1.654
5 2.5575 2.5022
4 0.2625 0.728
7 2.1525 2.0946
6 1.095 1.4937
6 1.515 1.124
5 1.4775 1.6008
5 2.6475 2.7672
4 1.035 1.2293
5 1.65 1.2033
7 0.675 0.6475
5 0.375 0.3073
7 2.82 2.7679
7 1.74 1.5774
4 2.7075 2.821
5 1.0125 1.4471
5 0.315 0.5952
6 0.735 0.6918
5 2.5425 2.3532
4 1.5825 1.5368
4 0.015 0.0665
4 1.1325 1.1784
7 0.4425 0.4129
5 1.2 1.6268
7 1.5525 1.6824
4 0.3375 0.8421
7 0.9 0.7196
5 1.2675 1.9597
7 2.6625 2.6649
5 2.235 1.5909
4 2.3775 2.0399
7 1.3125 1.2663
6 2.28 2.1894
4 2.895 2.819
4 0.105 0.1618
4 0.3375 0.6122
5 2.1525 2.3128
4 1.4925 1.2995
6 2.88 2.7589
7 0.81 0.9897
7 0.81 0.9126
6 2.955 2.8186
6 2.3025 2.0411
4 0.9075 1.4848
6 0.4875 0.6603
6 0.24 0.1692
5 1.5975 1.3505
6 1.68 1.294
5 2.79 2.746
4 1.1775 1.8756
4 0.495 0.8065
4 0.4875 0.1495
4 0.4725 0.8354
4 2.6025 2.6087
5 0.6525 0.9313
5 1.9275 2.1572
4 2.22 1.7889
7 1.4775 1.4967
7 0.1425 0.2667
6 1.425 1.4835
5 1.545 1.2811
5 2.8275 2.837
7 0.1125 0.1677
6 2.34 2.4635
6 2.955 2.9461
5 1.875 1.488
5 1.8675 2.0219
4 1.2075 1.3804
7 1.0725 1.32
5 2.8275 2.7554
7 0.09 0.0788
7 0.975 1.1284
4 2.8875 2.9606
7 2.7975 2.8367
7 1.425 0.0978
6 2.7825 2.8158
6 0.48 0.5584
5 0.7125 1.5528
6 0.3075 0.252
6 1.3125 1.1088
5 2.1675 1.9811
4 0.675 1.0012
4 1.755 1.6806
7 0.15 0.198
5 1.335 0.9858
7 0.51 0.574
5 1.785 1.3706
6 2.505 2.46
4 1.2975 1.046
6 0.36 0.3135
4 1.7025 2.4522
5 2.205 2.4013
5 1.5225 2.0819
5 0.975 0.9649
7 1.875 2.0005
6 2.16 2.0088
6 2.775 2.7499
4 0.8175 1.2571
7 0.1425 0.1259
6 2.595 2.5676
7 2.175 2.1786
7 0.7875 0.7203
6 2.22 2.2059
7 1.5075 1.135
7 0.39 0.428
4 1.1625 1.2199
5 0.9225 1.2842
7 1.8675 1.74
7 1.875 1.7736
4 0.405 0.5139
4 2.28 2.3995
4 2.4975 2.5785
5 0.7725 0.7826
7 2.5575 2.4954
5 1.035 1.6067
7 0.4575 0.556
6 2.1675 2.1486
4 0.06 0.1125
4 0.69 0.4007
7 1.35 1.6032
4 1.035 1.5865
5 0.5175 0.4415
7 2.955 3.0056
4 1.7175 1.2953
7 2.4825 2.4967
6 0.4575 0.3678
4 0.3675 0.317
4 1.6725 1.8717
7 0.0975 0.1519
5 2.97 2.9277
4 1.095 1.3181
5 1.2525 1.2981
6 2.4 2.4098
6 0.585 0.5429
7 0.735 0.6563
6 0.36 0.281
6 0.825 0.8978
6 1.065 1.3481
7 1.0575 0.7897
5 2.325 2.3398
5 1.755 1.656
5 0.2775 0.4439
4 2.4825 1.8565
5 0.54 0.4905
6 1.8 1.7061
6 0.06 0.1643
6 2.01 1.6335
6 1.53 1.9282
7 2.6025 2.6465
6 1.53 1.1378
4 0.7575 0.5612
6 0.2025 0.1823
5 0.8775 1.117
4 2.7825 2.7993
7 2.49 2.4207
4 1.035 1.7621
5 0.7575 0.686
6 1.5075 1.3698
4 2.94 2.7556
6 1.89 1.7462
6 2.13 1.7022
4 0.3375 0.774
6 2.715 2.702
5 1.1025 0.8968
6 0.645 1.0614
5 1.6275 1.0559
4 0.6825 0.5179
4 2.37 2.1199
5 1.56 1.921
6 1.665 0.9771
6 2.745 2.5369
6 1.3875 1.1308
7 2.07 2.1873
7 1.35 1.2538
7 1.485 1.6354
7 1.08 1.2139
4 1.845 1.3973
6 0.525 0.9471
5 2.37 1.7672
5 0.78 0.4013
5 0.975 1.1724
7 1.8 1.9246
7 2.1675 2.1861
6 0.7125 0.6959
4 1.6125 1.8172
5 1.8975 1.5276
4 1.5675 1.8551
6 2.61 2.6173
4 1.2375 0.8243
5 2.835 2.7091
7 0.6375 0.7051
5 0.6 0.5918
5 2.6475 2.7532
4 0.39 0.6854
7 2.2425 2.1647
7 2.385 2.4304
6 2.325 2.2459
5 2.415 2.5457
5 1.29 1.6226
4 2.055 1.6723
4 1.89 2.126
5 0.0525 0.1158
6 1.5525 1.7234
5 1.29 1.1694
7 2.0025 1.7797
6 0.255 0.2764
4 0.3525 0.4018
5 2.1525 2.1263
6 0.195 0.2033
5 1.5675 1.4705
5 1.605 1.3361
4 2.4375 2.2765
6 1.32 1.5232
4 0.615 1.0749
6 0.9825 1.4846
6 0.27 0.231
5 2.22 1.8891
5 0.21 0.3494
5 1.8975 1.5104
4 1.3425 1.6119
6 1.9275 2.1692
7 0.45 0.51
7 2.3925 2.2867
6 1.7175 2.5742
6 2.1675 2.4267
4 0.8925 1.1272
4 0.8175 1.3726
7 1.065 0.9848
4 1.23 1.6166
5 0.24 0.2443
6 0.75 0.5419
6 1.665 1.3574
6 1.9575 1.6725
5 2.9475 2.8205
5 1.5075 1.63
5 0.615 0.8307
4 0.57 1.0963
6 0.885 1.136
4 2.6175 2.4278
4 0.765 1.1021
6 1.095 1.16
4 1.6275 1.1791
7 1.605 1.4687
5 2.6325 2.6983
5 0.585 0.6537
6 1.5 1.6908
4 0.765 0.5085
6 1.9125 1.9399
6 2.52 2.5525
7 1.7925 2.0081
6 0.495 0.5589
5 1.455 1.8293
7 0.5925 0.4553
4 1.6425 1.2793
4 0.03 0.218
5 0.8325 0.7387
5 1.1625 1.1131
7 0.435 0.3857
5 2.07 2.0819
4 0.06 0.174
4 2.985 2.8435
4 2.475 2.534
7 0.7425 0.7371
5 1.6275 1.9458
7 1.02 1.0038
7 1.3425 1.4342
7 0.57 0.6643
5 0.705 0.9565
5 2.1375 2.0113
5 0.345 0.3191
5 1.4025 1.9342
4 2.415 2.6676
7 2.205 2.1423
5 2.475 2.492
6 0.4725 0.5995
6 2.2575 2.2999
5 1.7175 1.6623
4 0.6075 0.5636
5 1.245 1.6738
7 1.4325 1.8053
6 1.095 1.2498
5 1.5675 1.8257
7 2.6625 2.5951
4 2.9625 2.9137
6 1.5975 0.9978
6 1.23 1.3601
7 1.02 1.0702
5 2.9625 2.9199
5 2.0775 1.3986
7 1.5 1.6332
6 2.01 2.239
5 0.2475 0.1877
6 0.8925 1.2125
6 0.3 0.2933
4 2.205 1.657
4 2.1375 1.6371
6 2.97 3.0516
7 1.17 1.2994
4 2.9925 2.8598
4 2.055 1.5567
5 2.3025 2.231
7 1.245 1.291
6 2.73 2.744
5 2.1375 2.4552
6 0.9975 1.4364
5 0.345 0.2402
6 1.605 1.6035
5 2.0475 2.0694
7 1.17 1.3444
6 0.6225 0.6043
6 1.575 1.7505
4 0.3825 0.5376
5 1.23 1.1319
5 0.315 0.294
7 2.385 2.3935
5 1.575 1.7625
4 2.3625 2.2134
4 1.2225 1.3399
6 1.5825 1.6664
6 1.965 1.8065
7 2.04 2.1042
5 1.17 1.3792
7 2.8425 2.8274
7 0.7125 0.7513
7 0.495 0.4537
7 1.23 1.058
7 0.84 0.7419
4 2.2875 2.2662
4 1.575 1.671
5 1.755 1.6447
6 1.92 1.5011
4 0.9375 1.647
4 2.1525 1.9934
7 1.425 1.6895
5 0.975 1.8786
5 2.4825 2.5258
7 1.275 1.6739
6 2.5875 2.7045
4 1.7775 1.6814
4 2.2275 2.0702
4 0.915 1.2543
7 2.5275 2.5869
4 1.5675 1.3174
4 2.7825 2.7808
7 1.38 1.23
5 2.6775 2.5398
5 0.1125 0.071
5 1.53 2.138
4 2.7225 2.7477
5 2.175 2.1405
4 1.4475 1.3661
5 0.45 0.3827
7 2.2575 2.1761
5 1.8225 1.2199
5 2.115 1.6823
7 0.69 0.7648
5 2.85 2.8655
4 0.375 0.4614
7 1.2675 1.3874
4 2.76 2.6489
4 1.995 1.4819
4 1.515 1.2471
6 0.765 0.7525
5 1.38 1.3808
4 1.425 1.4766
4 1.83 1.6665
4 1.8375 1.22
4 0.12 0.2553
4 0.27 0.341
6 2.6175 2.5455
5 2.115 2.184
7 1.2975 1.4702
6 0.1725 0.002
4 1.755 1.0824
4 1.7925 1.3092
7 1.4475 1.239
4 0.78 0.842
5 2.46 2.4621
7 1.515 1.4601
4 1.7925 1.8572
7 2.1225 2.1028
7 0.075 0.0556
5 2.655 2.6848
7 1.5 1.3637
6 1.44 1.2254
4 1.815 1.2449
4 1.9275 1.1287
7 0.0375 0.0064
4 2.325 1.2313
6 1.1475 1.1929
4 2.7375 2.5214
6 1.905 1.5026
5 2.175 2.3144
4 2.8425 2.6742
4 1.215 0.9023
5 1.905 1.6946
5 1.05 1.5312
6 1.68 1.7192
4 0.3675 0.9011
5 0.0525 0.2247
4 2.82 2.8749
5 2.6325 2.5042
6 2.535 2.6212
5 0.45 0.4909
6 2.37 2.2751
6 0.4425 0.4725
7 0.6 0.562
5 0.135 0.2974
7 1.53 1.7145
4 1.5 1.3435
5 2.7525 2.9367
5 2.835 2.8794
6 2.16 2.0226
7 0.4275 0.473
4 1.0275 1.5316
5 1.485 1.7485
7 1.4775 1.7852
5 1.2375 1.45
6 1.7325 1.5755
7 2.5725 2.5876
5 1.17 0.8212
4 0.285 0.2783
6 2.685 2.515
5 1.17 1.8059
7 2.13 2.2047
4 2.1375 1.794
7 2.37 2.4495
6 2.9475 2.9443
4 1.0575 1.4967
6 2.805 2.7494
7 2.4975 2.498
4 1.845 1.0664
5 1.2825 1.428
4 1.7325 1.0605
6 1.995 1.5903
7 2.2275 2.1899
5 0.21 0.3983
4 1.98 1.3609
6 1.425 1.517
5 0.8625 0.5899
7 1.47 1.3803
6 2.205 2.1774
4 0.225 0.1033
5 2.94 2.8793
4 0.9825 1.4471
6 2.295 2.1579
4 2.46 2.6136
5 1.8075 1.2173
4 1.8225 1.5849
4 1.0275 1.0037
5 1.545 1.7002
5 2.0775 2.0865
6 2.52 2.4358
7 1.8825 1.9716
4 1.2975 1.2261
7 2.055 2.0638
7 1.335 1.4435
7 0.0075 0.0993
5 1.455 1.7994
4 2.0025 2.0147
5 1.62 1.3641
6 1.2375 1.3942
7 0.57 0.5727
5 1.8525 1.0813
6 1.995 1.9811
7 2.01 1.6482
4 0.315 0.3993
5 2.7225 2.5836
4 2.985 2.7081
6 2.2125 2.2407
4 1.3275 1.3282
7 2.8575 2.9652
6 0.3975 0.3905
4 2.67 2.6911
6 0.63 0.5634
7 2.82 2.9221
5 1.62 1.5044
6 2.4375 2.3905
5 1.4625 1.6528
4 2.49 2.5485
6 0.84 1.2733
7 0.6 0.5463
7 1.185 1.4186
4 1.9725 1.4118
5 0.915 1.0333
7 1.905 1.7219
5 0.87 1.615
4 0.9075 1.2963
7 1.6575 1.7303
6 0.6675 0.8786
5 2.1675 1.869
6 2.4075 2.4364
4 2.0625 1.7148
6 1.6425 1.257
4 1.815 1.4703
4 2.925 2.4507
4 2.9175 2.7583
7 1.1175 1.2671
6 1.9125 1.6807
4 1.6725 1.667
4 1.6275 1.7658
6 1.455 1.5016
6 0.03 0.1095
7 0.825 0.8397
4 1.065 0.9267
7 2.43 2.5674
5 0.33 0.4279
4 2.7975 2.7999
7 0.3 0.2994
6 1.32 1.0414
7 0.675 0.8
4 0.6225 1.1956
4 1.5 1.7997
4 2.6625 2.5177
5 0.6975 0.9259
7 2.1 2.1535
6 1.98 1.7365
7 2.5875 2.5799
6 0.735 0.7558
4 2.715 2.778
6 1.2525 1.4075
7 1.6875 1.6133
7 1.71 1.4362
6 2.685 2.7418
7 0.36 0.3516
4 1.65 1.3855
6 0.765 0.6085
5 1.2525 1.4661
5 1.7625 1.6607
7 2.25 2.1378
5 0.495 0.5051
6 0.765 0.8529
7 0.975 1.1894
6 1.41 1.5976
6 0.8325 0.8014
4 2.88 2.9006
5 1.6575 1.1408
6 1.62 1.3791
4 0.945 1.4407
4 2.1375 1.7918
5 2.16 2.1505
4 2.8575 2.9721
4 2.565 1.806
6 0.3975 0.3658
7 1.9725 1.8711
6 2.745 2.6492
4 1.4025 1.7838
7 1.845 1.7634
7 2.49 2.4637
7 2.8875 2.9477
6 1.0725 1.271
4 1.605 1.2555
6 1.8675 1.9607
5 0.045 0.0253
4 1.4925 1.7867
7 1.17 0.8838
6 2.67 2.6567
7 1.0425 0.9414
7 2.1075 2.061
6 1.8375 1.3714
6 1.26 1.5009
7 0.6525 0.5332
6 1.3425 1.2414
4 0.57 0.7672
7 1.9425 1.6797
4 1.98 1.6822
4 1.0425 1.5829
6 0.2475 0.267
5 0.03 0.196
4 0.2925 0.2518
4 2.8275 2.4057
7 1.5975 1.298
4 0.9975 2.0599
4 1.68 1.2759
5 2.6775 2.5975
4 0.105 0.1817
7 0.4575 0.4623
7 0.8925 1.1113
7 1.1775 1.4037
6 2.4375 2.3491
5 2.9625 3.0361
7 1.1025 1.0283
6 2.19 1.6533
7 0.0225 -0.061
6 2.475 2.9482
6 1.665 1.2829
6 0.8025 1.2691
5 1.68 1.7697
7 0.78 0.9612
6 0.9675 1.0431
7 2.925 2.9309
5 0.345 0.2786
5 2.94 2.9033
6 2.5575 2.5345
7 0.8775 1.0475
4 0.4725 1.0644
6 0.1425 0.0658
5 0.195 0.1822
6 1.8 1.9624
7 0.945 1.3648
7 0.255 0.1601
5 1.545 1.6788
6 0.195 0.2444
7 0.795 0.847
7 1.8375 1.6217
4 1.3725 1.5134
6 1.7925 1.6895
7 1.5075 1.8953
4 2.5275 2.4432
4 1.0875 1.2832
7 2.1 1.9933
7 2.685 2.5944
4 2.8125 2.7644
4 2.9175 2.747
7 2.145 2.149
4 2.9925 2.9503
7 2.7975 2.8243
4 2.16 1.6108
7 2.94 2.8123
6 1.605 1.7106
4 0.2175 0.2136
6 1.725 1.9362
7 2.805 2.8341
5 0.5175 0.4864
5 1.59 1.2866
7 1.0425 1.3963
4 1.575 1.7366
4 0.945 1.3555
6 2.4825 2.4607
4 0.7125 1.3367
6 2.7675 2.6746
4 0.7275 0.8979
5 2.9025 2.7809
6 2.8275 2.7392
7 1.5975 1.5838
7 0.7875 0.8614
6 1.56 1.5286
4 2.7675 2.7661
7 1.9425 1.972
4 2.7225 2.8747
5 2.2125 1.8413
6 2.1675 2.0555
7 1.965 1.886
7 1.8075 1.6895
6 0.015 0.0707
5 2.8425 2.7377
4 1.14 1.2861
6 0.945 0.8707
4 1.305 0.8269
6 0.09 0.0696
5 2.475 2.1915
4 2.4225 1.8898
6 1.1475 1.3127
4 2.22 1.5206
7 1.515 1.4709
4 1.9875 2.2455
4 0.585 1.1021
4 1.7325 1.0273
6 2.205 2.1599
5 1.7625 1.3653
7 2.5875 2.5033
6 1.635 1.3581
4 2.3625 2.2933
5 2.5125 2.3956
6 2.205 2.1871
4 0.8775 0.7007
5 0.495 0.9004
7 1.5975 1.6488
4 2.49 2.4073
6 0.525 0.5817
7 1.575 1.6804
6 2.415 2.5055
7 0.255 0.2958
4 2.49 2.5505
4 2.7825 2.8765
5 1.9125 1.7263
6 1.3725 1.4054
7 2.5125 2.5124
5 1.4925 1.6444
4 2.0775 1.9257
6 2.1675 2.2481
4 1.86 1.58
4 0.7875 1.2749
7 2.1075 1.9899
4 0.855 1.5727
6 1.2675 1.5507
6 1.0125 1.2109
7 0.225 0.2021
7 1.9875 2.0093
4 0.1575 0.0778
5 2.19 1.8528
6 1.0875 1.1372
4 2.4825 2.4808
5 0.7275 0.6766
6 0.39 0.3352
6 2.61 2.6433
7 1.5075 1.2182
6 2.325 2.4548
5 2.6325 2.6208
5 0.105 0.1727
6 1.425 1.9319
4 0.81 1.0661
7 2.34 2.2136
5 1.5525 1.7483
7 2.6625 2.686
6 2.745 2.7398
7 1.2 1.4245
7 0.7875 0.8214
5 0.15 0.0359
5 0.1875 0.2275
4 0.66 0.7784
4 2.0175 1.7496
7 0.735 0.7753
5 2.7525 2.5866
6 0.3075 0.2916
6 1.935 2.1179
4 1.2075 1.3627
6 2.235 2.208
7 1.4625 1.4309
6 2.0925 2.0521
6 1.08 0.9353
6 2.7975 2.8088
5 0.4275 0.3257
7 2.2275 2.2045
6 0.945 1.6503
7 1.5225 1.5069
7 0.5925 0.5462
4 2.8575 2.735
4 1.1175 1.0577
6 1.7925 1.681
7 1.02 0.9892
6 2.745 2.7604
7 0.21 0.3106
4 0.51 0.7405
6 1.0275 1.2307
5 2.01 1.5537
7 0.4875 0.4927
6 2.865 2.8599
4 2.1975 1.5183
5 1.605 2.1707
5 1.605 1.2644
7 1.4625 1.6141
6 0.6825 1.1554
5 2.55 2.1388
4 0.7125 0.382
4 1.9425 1.886
4 0.435 0.5895
4 2.34 1.7207
6 0.6225 0.7343
6 0.165 0.161
4 1.215 1.0207
6 0.3375 0.3719
6 1.5675 1.3269
5 2.91 2.7525
5 0.945 0.924
6 1.2675 1.289
5 2.925 2.831
5 0.4725 0.4283
6 0.1575 0.1363
7 2.3325 2.4378
4 1.6125 1.5434
6 0.1575 0.2724
7 2.775 2.7927
5 0.81 0.9106
4 1.2825 1.1211
7 1.7775 1.3809
4 0.7875 1.2045
4 0.2625 0.3263
4 1.6875 1.8863
4 0.6 0.5524
7 0.5325 0.4844
4 0.825 1.1843
4 0.9375 1.4296
7 2.9925 2.9866
6 1.4925 1.6892
4 2.775 2.9294
7 1.77 1.6463
5 1.575 1.5663
6 2.31 2.3853
6 0.03 -0.006
6 2.6175 2.59
6 1.515 1.368
4 2.3775 2.4478
6 0.8175 0.8957
5 0.795 1.1649
4 2.4075 2.0019
7 1.9725 1.8085
6 1.3125 1.5312
7 0.9375 1.31
6 1.9425 1.8026
7 2.4525 2.3766
4 0.135 0.0514
7 0.72 0.7248
4 0.6975 1.0808
7 2.6775 2.7338
4 2.3925 2.2386
4 2.6325 2.521
5 2.925 2.9422
5 2.805 2.752
7 0.75 0.9877
6 2.1075 1.7475
6 1.815 1.2193
6 1.4775 1.4157
5 0.9225 1.1415
5 0.9 1.4852
7 1.035 0.9979
5 1.26 1.1232
5 2.2425 2.4313
7 2.4825 2.3857
7 2.565 2.6203
7 0.8025 0.847
6 2.91 2.9301
6 2.46 2.4112
7 0.735 0.6471
5 0.5925 0.604
6 1.0875 0.7924
4 2.4375 2.1274
7 2.6925 2.6547
7 0.8475 0.8835
4 1.245 1.3653
5 2.685 2.6826
7 0.72 0.6864
4 0.5325 0.9917
4 0.9 1.8057
5 2.805 2.8781
7 0.09 0.0088
5 1.92 2.0978
7 1.515 1.7074
7 0.81 0.7335
7 0.4575 0.5881
4 0.12 0.1852
6 1.875 1.8311
5 0.39 0.5401
6 0.7875 1.267
7 2.9925 2.9784
4 2.52 2.3834
5 1.3725 1.5956
7 0.96 1.0107
6 0.42 0.3861
4 1.2675 1.0772
4 1.68 0.987
6 0.975 1.2339
4 0.1725 0.0784
5 0.8475 1.6053
6 2.0025 1.9037
6 2.055 1.9273
5 1.425 1.2287
7 2.325 2.2673
6 2.67 2.7278
4 1.3575 2.055
5 1.125 1.359
6 1.695 1.6688
7 0.8325 0.7967
4 2.9775 2.8885
5 0.2925 0.49
4 2.34 2.1971
7 2.9925 2.8704
6 0.81 0.6886
4 1.77 1.7922
6 1.0425 1.1362
4 2.6025 2.0959
4 1.38 1.2248
7 0.9 0.8598
4 2.6475 2.6997
7 1.65 1.0276
4 2.655 2.6853
7 1.035 1.3621
5 0.225 0.186
6 1.23 1.7863
6 2.3625 2.367
4 0.165 0.0678
7 0.9 0.8192
6 2.1675 2.1446
7 1.7325 1.2365
6 1.5525 1.88
6 2.1675 2.1277
5 0.6075 0.4031
7 1.65 1.5023
4 2.25 2.1818
4 1.62 1.3069
7 1.4475 1.3428
7 2.595 2.6337
7 0.1875 0.2599
5 0.6225 0.5604
4 2.4525 2.6316
6 1.38 1.8836
7 0.15 0.1972
4 1.3875 1.4891
7 2.7675 2.7474
7 0.57 0.6631
5 2.76 2.7504
6 0.4875 0.4986
5 2.8425 2.8963
7 1.8975 2.1628
5 2.43 2.4453
4 2.4675 2.6656
7 2.5875 2.5782
5 0.9975 1.1837
5 2.7075 2.6419
4 1.155 2.012
6 1.44 1.4138
7 0.555 0.6672
6 1.2825 1.52
7 1.1925 1.7055
5 1.935 1.6416
7 0.1725 0.0933
5 2.4 2.4416
6 2.5125 2.4806
5 0.1875 0.2579
6 2.3475 2.0385
7 2.2425 2.1994
4 1.26 0.9098
7 0.0225 0.0431
5 0.4575 0.2776
6 0.5625 0.4758
7 0.3525 0.3348
6 1.815 1.8379
6 0.27 0.1526
5 0.1725 0.248
6 0.12 0.0959
5 2.8725 2.6587
5 1.6725 1.3807
6 2.4225 2.4268
4 2.475 2.5251
6 0.45 0.4659
4 0.885 1.7138
4 2.8575 2.8571
5 0.39 0.3812
5 0.015 0.0653
7 1.1325 1.4389
6 1.9125 1.5822
4 1.065 0.8111
5 0.405 0.4534
7 0.42 0.4483
6 1.0125 1.448
5 1.86 1.4813
5 1.125 1.529
6 2.2425 1.8548
5 2.4525 2.2385
7 0.285 0.2268
6 2.7 2.7228
7 0.045 0.098
4 0.2775 0.4143
7 1.1475 1.2229
4 2.9475 2.8494
5 2.5425 2.5809
6 2.7075 2.6717
4 1.725 0.5407
7 1.4775 1.4817
4 0.225 0.1602
6 1.365 1.8483
7 1.02 1.1415
5 1.59 1.5414
5 1.0725 1.2281
7 0.015 -0.0104
4 2.1975 2.2303
7 0.8775 0.8441
6 2.1 2.002
4 0.3675 0.1438
5 2.265 2.0972
7 0.795 0.783
6 1.2675 1.4874
7 0.45 0.3741
5 1.785 0.848
5 2.61 2.7095
7 1.2675 1.5744
4 0.8325 0.79
5 1.1325 1.5789
4 2.5725 1.9693
5 1.2075 1.7791
7 1.5825 1.347
4 0.7125 0.4785
4 1.245 1.3295
6 1.245 1.5744
7 0.9075 1.1617
5 0.795 0.8871
5 0.8325 0.9017
6 2.5725 2.5205
6 2.955 2.9586
7 2.8275 2.8028
7 2.505 2.5039
7 2.6175 2.6926
7 1.0125 1.228
5 1.965 1.5003
4 0.0825 0.2584
6 1.8225 1.7971
5 2.5425 2.5114
4 0.78 1.149
7 1.8975 1.2468
6 2.0175 1.3419
6 2.2425 2.2553
7 0.945 1.117
4 1.395 1.211
7 0.3 0.2598
7 0.84 0.926
6 1.305 1.3587
6 0.735 0.68
7 1.8525 1.8169
5 1.29 1.3541
6 0.39 0.2639
7 2.64 2.555
7 2.2275 2.3207
6 2.025 1.6773
4 2.355 1.6352
6 1.62 1.4892
4 1.9575 2.5911
4 2.5275 2.6605
5 2.295 2.3388
4 2.7825 2.8252
6 0.195 0.1327
5 0.36 0.4102
5 0.4425 0.4601
4 2.5125 2.5785
7 1.575 1.5032
5 2.4525 2.2454
5 1.8 1.523
5 0.4275 0.4948
7 1.8975 2.0329
6 0.435 0.5492
4 1.215 1.8451
7 0.6225 0.5642
7 1.9275 1.7421
4 1.4625 1.6396
7 1.4925 1.3747
4 2.025 1.6414
4 2.3775 1.7707
7 0.2175 0.187
7 2.3625 2.4107
6 0.8025 0.8465
7 2.955 2.8916
4 2.475 2.4849
6 0.495 0.6395
7 0.8025 0.7592
4 1.5 1.087
4 2.355 2.7046
7 2.94 2.9943
7 2.4375 2.4419
5 1.5075 0.8488
6 1.7775 1.7602
7 0.9675 1.3761
6 1.7775 1.8654
6 2.07 1.7344
5 0.825 0.6377
5 0.2625 0.404
6 2.0775 1.9232
5 1.695 1.3305
5 2.7675 2.6835
5 2.7675 2.6216
7 0.1425 0.146
4 1.5375 1.0074
6 2.2725 2.1364
5 2.7375 2.7059
7 1.7775 1.8568
4 1.2 1.7847
7 1.5225 1.4404
7 2.985 2.9134
5 1.3275 0.7592
6 2.19 2.0364
6 1.875 1.9532
6 0.8325 1.1597
6 2.1825 2.1209
7 2.3175 2.301
7 2.43 2.3956
7 1.9725 1.5823
5 2.3775 2.0786
7 1.275 1.4518
4 1.185 1.301
6 0.3675 0.3542
4 1.53 1.3315
5 1.5 1.7182
6 1.8675 1.5923
6 2.6775 2.7093
4 0.0225 0.24
5 1.0575 1.1127
4 2.61 2.1156
6 2.775 2.7042
7 0.2325 0.211
4 0.855 1.1698
6 0.6675 0.7243
6 0.0825 0.1404
7 2.6775 2.7951
5 0.45 0.3398
4 0.6825 1.565
4 2.6175 2.8556
4 2.37 2.5231
6 0.2175 0.3183
7 1.4775 1.4758
7 1.815 1.5717
6 0.7575 0.6001
6 1.5 1.2227
5 0.4425 0.4701
4 1.68 1.6677
7 1.125 1.2911
5 1.08 1.256
7 1.6275 1.6163
6 2.91 2.8462
5 2.505 2.51
5 2.5725 2.4185
6 0.36 0.2859
4 2.3025 2.2641
4 1.1625 1.3053
7 0.045 0.0629
5 2.37 2.3647
6 1.4775 1.2726
7 0.165 0.0994
4 2.19 1.6914
4 2.835 2.8477
6 2.7225 2.6653
7 2.67 2.645
4 0.5775 0.5709
6 2.94 2.9426
6 1.095 1.6566
7 0.5925 0.6037
5 0.105 0.113
7 0.8175 0.7765
6 1.6425 1.3664
7 0.345 0.4034
6 2.7 2.8013
5 2.2725 1.8266
7 1.65 1.6468
4 1.635 1.4871
5 0.915 1.1492
6 1.7925 2.1644
4 0.51 0.3608
6 0.7425 0.7671
4 0.6675 0.5452
6 1.425 1.4314
5 0.5625 0.9921
7 2.175 2.1109
6 1.965 1.699
5 0.4575 0.5314
4 2.355 2.3338
4 0.525 0.4969
5 2.37 2.197
5 1.0725 1.1447
6 0.0525 0.0923
7 2.31 2.1785
4 1.7175 2.3732
7 0.39 0.3393
6 1.26 1.1034
5 2.7075 2.5122
4 0.2775 0.6474
4 0.66 0.783
4 1.8675 2.2898
6 0.0375 0.0205
6 1.1775 1.3164
6 2.2725 2.0693
5 0.4725 0.5597
7 2.1075 2.0983
4 1.8 1.0512
4 0.9525 1.6638
4 1.5675 1.1002
7 0.4725 0.545
6 1.7325 1.4955
7 0.9525 0.7262
4 0.105 0.2389
7 0.3825 0.3787
7 1.53 1.3082
4 2.2575 1.823
5 1.8 1.8652
6 0.2925 0.445
6 2.715 2.7234
6 1.845 1.4193
5 2.7225 2.7316
6 2.64 2.7314
5 1.2675 1.713
5 2.5575 2.5011
5 1.065 1.6842
4 2.5575 2.1135
7 0.0525 0.1172
7 2.5425 2.5659
6 2.31 2.3152
7 0.51 0.4173
7 2.46 2.4584
5 0.8625 1.253
7 2.205 2.2833
7 0.0975 0.0213
6 1.6275 1.5069
4 0.72 1.1116
4 1.56 1.6669
7 2.25 2.2826
6 1.3875 1.8426
6 0.6825 0.7324
5 2.175 1.7853
5 2.775 2.682
5 1.965 2.1588
6 0.3 0.2509
4 0.2925 0.1602
4 0.3975 0.4323
4 2.76 2.7969
6 2.4375 2.3489
7 2.805 2.8383
4 0.3675 0.1957
5 2.715 2.6216
4 0.93 1.5198
6 0.585 0.7613
5 0.3075 0.2655
6 0.7125 0.8322
5 1.545 1.7043
4 1.4925 1.0922
7 0.135 0.1516
5 0.81 1.2378
7 2.76 2.7101
6 1.1025 1.2723
4 1.215 1.669
4 2.85 2.6852
6 2.325 2.4541
5 2.7525 2.7554
4 2.145 1.7194
5 1.5075 1.2378
7 2.8875 2.9266
5 2.175 1.7116
7 1.4025 1.7443
6 2.1975 2.1904
5 0.1425 0.0517
7 1.5525 1.7204
4 1.245 1.2676
4 1.035 1.438
4 0.315 0.9234
5 0.465 0.5091
5 1.725 1.7687
5 2.5425 2.4762
5 2.2875 2.1463
7 2.895 2.8581
5 2.9025 2.8265
4 1.8 1.9056
4 0.2775 0.3999
5 0.225 0.1837
4 1.2375 1.2587
6 0.1875 0.0896
4 2.58 2.604
5 0.9675 1.3398
5 0.165 0.1226
6 2.355 2.403
4 1.3425 0.7682
5 1.32 1.6992
4 1.0425 0.9163
4 2.445 2.2301
5 1.38 1.409
4 1.4925 0.7756
5 2.2275 2.1862
4 2.6025 2.6289
4 0.585 0.403
4 2.7075 2.6781
7 1.8075 1.6961
4 1.005 1.1323
4 0.6525 0.7036
4 0.9825 1.3059
4 2.5725 2.8054
7 2.655 2.6249
6 0.705 0.7753
6 1.9575 1.8184
6 1.3275 1.3512
5 2.505 2.5635
4 2.3175 1.9066
5 2.9925 2.8846
4 0.9675 1.2521
7 2.475 2.5172
4 0.36 0.4812
6 2.325 2.3211
5 1.35 1.4813
7 1.1325 1.4445
4 2.8275 2.8771
4 2.3925 2.2984
7 2.4 2.3982
6 0.9975 0.9176
7 1.5 1.6617
6 1.3275 1.1618
5 2.325 2.3348
6 2.04 2.1748
6 2.565 2.6842
4 2.3625 1.9868
4 1.2525 1.7729
7 2.3325 2.3159
7 1.9575 2.0547
5 0.285 0.2343
5 1.77 2.251
6 0.9075 0.9167
5 1.11 1.4656
4 0.525 0.5548
4 2.835 2.7613
4 0.5475 0.381
6 2.5875 2.5411
7 1.2525 1.2179
4 1.395 1.3009
7 1.0875 2.2177
4 0.4725 0.3437
7 1.32 1.2512
4 1.5 1.4161
6 1.17 1.1253
4 1.2975 1.689
4 1.4475 1.7873
5 1.005 1.5059
6 2.31 2.3761
4 0.3 0.6616
5 2.5575 2.713
4 2.7825 2.8122
7 2.4975 2.4858
4 0.8625 1.4467
7 2.625 2.5549
4 1.2525 1.4313
6 2.8275 2.7465
7 0.225 0.2705
5 0.9825 1.3106
4 0.99 1.1264
5 2.5125 2.3264
5 2.115 2.1523
6 1.9725 1.9154
4 2.31 1.7967
4 2.2725 2.1931
5 2.4 2.511
6 2.7975 2.7307
4 1.5675 1.7764
6 0.1125 0.1803
5 2.43 1.924
6 2.355 2.2646
5 1.89 1.7081
4 2.58 2.7417
7 1.32 1.3092
7 1.455 1.8157
4 2.6775 2.7293
7 2.85 2.8447
6 0.735 0.7357
6 1.5675 1.4286
6 2.955 2.9268
7 1.53 1.282
6 0.8775 1.331
7 2.8125 2.7753
4 1.59 1.4103
7 0.93 1.2937
6 0.5025 0.655
6 1.2675 1.5972
4 2.01 1.5476
5 2.1525 1.6755
4 2.445 2.1176
4 2.4375 2.2895
6 2.1225 2.1434
7 0.4575 0.403
4 0.06 0.182
7 1.1925 1.2506
7 0.45 0.4437
4 0.525 1.0419
4 1.1775 1.6007
6 1.665 1.8148
4 2.625 2.4013
5 2.1975 2.1476
5 0.1875 0.3509
7 2.6025 2.568
6 1.155 1.9599
4 1.695 2.2486
4 0.24 0.4677
7 1.98 1.7802
4 2.625 2.5417
4 1.59 1.5206
4 1.065 0.8572
7 2.3925 2.2788
5 1.29 1.5022
6 2.4825 2.5434
6 1.1625 1.1283
5 1.68 1.9436
7 2.46 2.4167
5 2.5125 2.5912
4 0.2175 0.2129
5 0.0375 0.1047
6 2.6925 2.69
7 1.95 1.5911
5 1.35 1.1191
5 2.4975 2.3496
4 2.2275 1.9373
4 2.685 2.7527
4 1.9275 1.2621
5 2.94 2.9281
6 2.2725 2.2718
6 0.57 0.5483
4 0.9375 1.1429
4 2.2575 1.5921
4 2.04 1.7852
7 0.57 2.6704
6 0.21 0.2288
5 0.42 0.5184
5 2.64 2.6107
5 1.8375 1.4833
6 0.8325 0.9157
4 2.91 2.819
6 0.72 1.0205
5 1.425 1.3091
4 1.065 1.6378
7 2.4675 2.4122
6 1.65 1.7281
4 1.515 1.7529
7 0.525 0.452
5 0.3 0.3525
6 1.0275 1.0884
4 1.395 1.5612
5 0.78 1.109
7 0.5775 0.477
4 1.2675 1.5128
7 0.3825 0.4242
5 0.6 1.3016
5 1.2975 1.072
6 2.3625 2.4559
4 1.4325 1.4289
5 0.1125 0.2115
5 1.56 1.7911
4 1.9575 1.3158
7 2.415 2.4685
5 0.51 0.4923
7 1.1775 1.3977
5 1.0725 1.9444
6 2.5875 2.5082
5 2.73 2.4401
4 1.71 1.5498
7 0.42 0.4544
5 2.1675 2.2449
5 0.975 1.0844
6 1.905 2.1715
5 2.025 1.674
5 1.605 1.5994
4 0.87 0.5359
6 0.39 0.4643
4 2.01 1.572
7 1.935 1.68
7 2.0325 1.9917
6 2.1975 2.2711
4 0.6675 0.325
4 1.14 1.9269
6 1.77 1.5179
4 1.32 1.4143
4 0.8625 1.037
4 0.6 0.8744
5 0.3975 0.4278
7 2.2725 2.2928
5 2.79 2.8215
5 1.875 1.4545
5 0.855 1.0234
4 0.6525 1.3664
6 2.22 1.458
5 1.425 1.6455
4 0.66 0.7852
5 1.14 1.8175
4 2.2875 1.9652
4 2.0775 2.02
4 0.6525 0.6593
6 1.2675 0.9273
4 1.9575 1.6127
5 2.34 1.8803
5 1.4325 1.9208
4 1.215 1.3078
4 1.98 1.7355
7 2.7075 2.6494
6 2.6775 2.6286
4 2.175 2.1275
4 0.81 1.1089
7 0.6075 0.4761
7 0.7875 0.8799
7 1.2525 1.4317
5 1.725 1.2077
6 1.665 1.5739
5 0.3 0.2537
4 0.6375 0.7558
6 0.48 0.4508
4 1.3275 1.1872
6 1.845 1.4207
7 0.1125 0.1795
5 1.6425 1.0184
7 0.12 0.0842
5 1.7025 1.6299
5 0.0675 0.0722
7 1.56 1.2418
4 2.37 1.6805
4 0.5925 0.5222
5 0.5775 0.8037
5 2.505 2.1982
4 1.1625 1.452
4 2.115 2.0105
4 0.675 0.6853
6 2.4525 2.3998
6 2.55 2.5667
7 1.7475 1.5563
5 2.475 2.3731
6 0.9975 1.0769
7 1.0875 1.3244
6 1.44 1.4794
6 1.0425 1.3718
6 1.905 1.4507
4 0.135 0.2369
6 1.59 1.6044
7 1.725 1.5815
4 1.6875 1.5248
5 1.8 1.4346
5 0.72 1.1939
6 0.285 0.2846
4 0.48 0.4579
4 1.005 1.4127
4 1.5225 2.0498
6 1.17 1.3239
7 2.34 2.1468
5 0.495 0.4823
6 0.705 0.8064
4 0.705 0.8189
4 1.32 1.5399
6 0.9225 1.015
5 1.155 1.64
5 1.29 1.3994
6 1.98 1.8381
7 0.015 -0.0509
6 1.125 1.3858
6 0.4125 0.3212
7 0.405 0.4413
6 2.205 1.8946
7 0.42 0.3149
7 0.3075 0.3295
6 0.4425 0.4025
5 0.435 0.4047
5 1.185 1.6306
7 0.33 0.4173
4 1.8375 1.7602
6 0.99 1.2626
6 0.48 0.4387
5 2.43 2.2805
5 0.0225 0.1146
4 0.6825 1.028
6 1.8 1.6716
7 1.5375 1.4758
6 2.6025 2.5666
7 1.1175 1.06
4 0.2325 0.1559
7 0.855 0.792
5 0.6225 0.5108
5 2.6775 2.5374
5 1.5075 1.7927
7 1.1175 1.1971
7 2.52 2.625
6 1.8825 1.3898
5 1.44 1.2352
6 1.3875 1.2939
5 0.09 0.1022
4 1.9425 1.6414
5 0.9 1.2708
5 2.01 1.2346
5 2.025 1.5263
7 0.1575 0.2123
6 2.46 2.3526
5 2.3625 2.114
4 0.33 0.1687
4 2.0625 1.9873
7 1.6425 1.4413
7 2.205 2.2011
6 2.775 2.5413
4 1.4325 1.1259
5 0.42 0.2421
6 2.445 2.3818
6 0.21 0.307
6 1.785 1.5128
6 0.885 1.0449
4 0.375 1.059
7 0.375 0.433
6 0.3675 0.3716
6 0.045 0.0336
6 1.875 2.1291
4 0.27 0.2721
6 0.21 0.1421
7 2.3775 2.4375
6 0.3675 0.3986
6 1.395 1.3557
4 0.2475 0.4667
4 2.2125 1.4423
5 1.305 1.5805
5 2.8425 2.786
5 1.395 1.3213
6 0.1425 0.1297
7 2.6775 2.554
4 1.74 1.7977
4 2.4975 2.3602
4 0.0375 0.1189
6 1.4925 1.6413
7 1.7775 1.5503
6 1.6275 1.2233
5 0.84 1.6006
6 1.035 1.4125
5 2.9325 2.9876
7 1.725 1.2403
4 1.74 2.117
7 1.2675 1.2987
6 2.4375 2.3271
5 1.2 1.6497
5 1.2825 2.2621
5 1.065 1.4841
6 0.465 0.5744
7 2.8725 2.8125
5 1.38 1.2229
7 0.615 0.6022
4 1.4475 2.1584
4 0.6675 0.317
7 2.565 2.5987
7 1.0575 1.139
5 2.67 2.6646
4 1.26 1.2207
4 2.2575 1.9857
5 0.69 0.9608
6 1.3275 1.0354
4 2.1675 1.9012
5 0.8175 1.0857
7 0.765 0.7604
4 1.4925 1.472
4 1.6725 1.3353
6 1.2675 1.5496
7 1.98 1.7685
4 2.34 2.1828
6 0.6675 0.7378
5 2.4075 2.4166
5 2.6925 2.5315
5 0.075 0.192
5 2.8275 2.8465
6 2.0025 1.8318
6 0.0375 0.1039
6 0.1725 0.1896
4 1.53 1.3051
5 2.565 2.5405
6 1.3875 1.7948
7 2.4675 2.4696
7 1.155 1.1294
4 0.4725 0.4313
4 2.6025 2.8428
4 0.2325 0.2741
6 1.9575 1.7963
4 1.275 1.9287
7 1.7175 1.6621
6 0.51 0.4768
7 1.74 1.5257
5 2.3925 1.9468
6 2.3625 2.42
5 2.46 2.3514
5 0.72 0.7848
6 1.4025 1.4429
4 0.615 0.9845
7 0.2175 0.3318
5 2.7075 2.8521
4 0.5025 0.6761
4 1.0425 1.3338
5 1.245 1.1746
6 1.1475 1.6043
7 2.1975 2.204
7 2.43 2.4483
7 0.48 0.4757
7 1.1025 1.0378
4 0.96 1.2945
6 0.8775 0.937
7 2.25 2.2842
4 0.3825 0.4268
4 2.22 1.0585
6 2.4075 2.2813
7 2.25 2.162
4 2.64 2.6729
5 1.05 1.0649
6 2.46 2.6639
4 1.605 1.0973
4 0.3825 0.3329
5 2.925 2.9039
4 1.41 1.4728
6 0.435 0.471
6 0.15 0.2312
6 0.72 0.6282
5 2.4525 2.4904
4 2.1225 1.29
4 0.6225 0.3554
5 2.265 2.0596
7 1.2525 0.9449
6 0.54 0.4323
4 2.3775 1.7315
7 2.0025 1.8447
5 2.58 2.4609
6 2.0175 2.1795
5 1.5375 1.8928
6 0.735 0.7121
5 2.0475 1.3348
7 0.585 0.6572
7 1.6425 1.4805
4 2.0775 2.3684
4 2.445 2.4598
7 1.44 1.3888
5 1.6725 1.2508
6 1.7325 1.7987
5 2.19 2.2594
4 1.245 0.9669
7 0.8775 0.9442
5 2.235 2.2758
4 0.675 0.958
7 2.4 2.3599
7 0.99 1.6442
6 2.1675 1.7079
4 1.845 1.7326
4 1.05 1.4739
5 1.4025 1.5511
6 2.9025 2.8628
4 2.8875 2.8437
5 2.085 1.993
5 0.12 0.2213
7 2.4375 2.4427
4 2.2275 2.2164
6 2.1375 2.35
4 0.87 1.4293
6 1.815 1.5807
5 2.97 2.8909
5 2.46 1.648
6 2.4225 2.397
5 2.0775 1.5109
4 1.29 1.4454
5 0.81 1.1655
5 1.245 1.1653
5 0.4725 0.6677
5 0.645 0.6408
4 0.345 0.2831
6 2.3325 2.3165
4 0.135 0.3625
6 1.4025 1.4444
5 2.1375 2.3032
4 1.7325 1.5566
4 0.21 0.2034
4 1.9425 1.4607
7 1.335 1.1662
5 2.91 2.7992
5 2.6175 2.7816
6 2.6475 2.6808
6 0.0675 -0.0361
4 2.8725 2.852
4 2.7825 2.7779
7 2.565 2.5136
7 2.4825 2.3465
4 2.3475 2.2537
7 0.24 0.2067
6 0.315 0.3158
5 2.745 2.7644
4 0.5325 1.0222
6 0.6825 1.1606
6 2.745 2.8748
4 0.3675 0.3671
4 1.875 1.7948
4 1.395 1.9562
5 1.17 1.4342
4 2.5725 2.3932
5 1.125 1.8871
6 0.2625 0.1299
5 1.23 1.5214
6 0.0825 0.1693
7 0.945 0.8502
4 0.2625 0.6616
5 0.87 1.0329
4 1.6875 2.0808
5 2.625 2.6943
6 1.9575 1.9094
4 2.625 2.6727
7 0.645 0.6754
4 2.2575 2.2002
4 1.71 2.3868
5 2.2575 2.2596
6 1.5675 1.2561
5 0.93 1.0541
7 0.7275 0.8859
5 1.77 1.4285
7 2.19 2.1696
6 1.095 0.9347
5 1.2975 1.3274
7 2.625 2.6909
7 0.5325 0.4738
6 1.65 1.423
7 1.6425 1.4023
6 2.535 2.4979
4 0.8625 1.2023
7 2.6475 2.7978
4 0.96 0.8634
5 2.835 2.8631
4 1.305 1.3574
5 2.25 1.8636
7 2.895 2.7658
4 2.25 2.4148
6 1.8225 1.5676
7 1.605 1.8716
4 1.8 2.0544
4 0.5475 0.7064
5 2.16 1.3348
7 2.775 2.7856
6 2.91 2.8706
4 1.8075 1.3929
5 2.8275 2.9185
5 0.165 0.1781
6 2.6925 2.6505
5 2.4 2.1568
7 0.9375 1.0958
5 2.7375 2.8115
4 1.9275 2.1314
4 2.115 1.655
5 0.6825 0.7079
6 2.865 2.7692
6 0.435 0.3962
7 0.96 1.123
4 1.95 1.8373
4 0.0075 0.1762
4 0.5175 0.7107
6 1.4775 1.6324
6 1.92 1.6073
4 1.4625 1.3418
6 0.4875 0.6474
7 0.435 0.4843
5 1.2075 1.206
6 1.155 1.4799
4 2.8425 2.6178
6 1.7925 1.6234
4 2.0625 1.3617
5 1.26 1.4029
6 1.0125 1.5748
5 1.635 1.1325
6 0.03 -0.0021
6 2.3325 2.2945
5 0.8475 0.7788
4 1.05 1.3648
4 0.4425 0.4927
4 1.5675 1.4408
7 1.4775 1.4426
6 0.735 0.8843
7 2.295 2.3821
5 1.3275 1.3445
4 2.355 1.8275
5 1.0425 1.1758
6 0.405 0.4537
5 2.94 2.8803
5 0.435 0.3998
7 2.4825 2.4024
4 1.0725 0.8814
5 2.49 2.6014
5 0.3075 0.2916
5 2.46 2.5217
6 1.9125 1.5054
6 0.555 0.5295
7 0.435 0.4591
5 2.76 2.7013
4 2.7675 2.7212
7 1.0875 1.3546
6 2.655 2.5819
6 1.245 1.5947
4 2.73 2.6669
6 1.4325 1.67
6 0.03 0.0862
7 1.275 1.2583
4 1.35 1.7587
6 0.5175 0.5288
5 2.9325 2.7942
7 1.815 1.6407
5 2.1 1.6033
5 0.3525 0.364
5 1.2225 1.1094
6 1.7175 1.2925
4 1.2375 1.0321
5 2.805 2.8946
4 2.3925 2.6156
6 0.3525 0.3123
6 1.305 1.5218
7 1.5075 1.5286
7 1.635 1.4172
4 2.52 2.288
6 1.1175 0.9777
6 0.9075 1.052
5 1.125 1.523
7 0.345 0.2544
7 0.7125 0.7917
6 0.5175 0.445
7 0.6 0.5812
4 0.0 0.1479
7 2.4375 2.3699
4 1.635 0.9497
5 1.425 1.5981
7 2.7975 2.8826
7 2.9925 3.0016
7 0.54 0.493
5 2.055 1.5108
7 2.145 2.0567
7 0.5025 0.5309
6 2.9925 2.8835
5 1.155 1.1569
5 1.53 1.3615
4 0.105 0.138
7 0.9 0.8522
4 1.6725 1.3379
7 0.885 0.9759
7 2.0775 2.0364
6 0.1725 0.2335
7 1.05 1.0869
4 0.1125 0.1886
7 2.07 1.7805
4 0.0075 0.1051
4 2.745 2.7031
7 1.2825 1.5395
7 1.245 1.1366
4 1.29 1.6214
7 0.3 0.3302
4 1.65 1.863
6 0.0375 0.0057
6 1.2525 1.2546
6 2.325 2.2976
4 0.225 0.3562
4 2.2275 1.0617
6 1.47 1.5806
4 1.395 0.7061
4 0.7125 1.3342
4 0.06 0.1229
5 2.235 1.7138
4 0.435 0.8772
4 1.875 0.8204
6 2.6925 2.6231
6 2.07 1.8027
7 2.07 1.8994
6 0.21 0.1129
7 1.815 1.8914
7 0.69 0.7116
5 1.455 1.3862
5 0.2625 0.2696
6 1.08 1.3271
4 0.225 0.4174
4 1.5525 0.9379
6 0.42 0.4148
4 1.08 1.7203
6 1.95 1.865
4 0.285 0.2921
7 0.0075 0.0028
7 0.33 0.3781
5 1.335 1.4184
7 0.2175 0.266
7 1.02 0.895
4 2.25 1.8578
7 2.115 2.2623
7 1.47 1.5702
4 1.905 1.5639
6 2.295 1.9892
7 2.0775 2.0901
6 0.1125 0.0814
7 2.5575 2.6637
5 2.8425 2.8878
7 0.8775 0.9624
7 1.965 1.8584
4 2.13 1.6721
4 2.0025 2.4617
7 1.1475 1.2797
7 1.905 2.039
5 2.565 2.715
6 2.325 2.3162
7 1.0125 1.5871
6 1.9275 1.4139
7 0.705 0.8213
4 0.4725 1.0967
7 0.225 0.3073
7 2.475 2.5316
7 0.1875 0.1783
6 2.7375 2.6249
7 2.1825 2.1131
5 1.485 1.1744
4 2.3175 1.6754
6 1.5075 1.4864
4 1.4475 1.4883
7 0.12 0.1122
6 0.69 0.4506
5 2.97 2.8901
5 1.98 1.5208
4 2.82 2.932
5 0.255 0.0183
5 2.5875 2.3726
6 2.0325 2.2511
4 1.2825 1.2522
4 1.605 2.154
4 1.44 1.1223
5 2.28 2.1277
5 0.0525 0.114
5 2.16 1.8173
5 2.8875 2.6526
6 1.7625 1.609
4 1.9725 1.7123
5 2.2425 2.6678
4 0.105 0.2155
4 1.1325 1.4198
6 1.0275 1.3732
7 1.395 1.4157
7 0.9825 1.0823
7 2.925 2.963
4 2.8425 2.8068
6 1.4775 1.2462
4 2.1075 2.0931
7 1.2375 1.2317
7 2.7825 2.8193
6 2.46 2.4886
4 1.56 1.4366
5 1.7175 1.5752
5 0.42 0.3048
7 2.235 2.0923
6 2.7825 2.895
4 1.0875 0.8025
7 0.21 0.2975
6 1.2225 1.1759
5 2.4075 2.344
4 0.645 1.1038
4 0.975 1.6859
6 0.7575 0.8519
6 1.995 1.9502
7 1.665 1.4472
7 1.05 0.9916
6 0.45 0.4925
7 0.195 0.1728
6 2.985 2.962
4 1.5375 1.489
4 2.415 2.276
5 0.18 0.3149
5 0.1425 0.0557
4 0.1575 0.0154
6 0.72 0.901
6 0.81 1.6019
7 1.1025 1.2465
6 0.5925 0.6608
7 2.7675 2.7803
4 0.6 0.6068
7 1.11 1.1044
4 2.1825 1.7672
7 2.4225 2.3432
4 1.38 1.7267
7 2.7375 2.6972
5 2.4975 2.5083
5 2.8575 2.8231
5 2.1225 1.756
7 0.9675 1.0755
4 0.585 0.7348
5 2.175 1.6679
4 1.7775 1.9106
5 0.0 0.149
4 1.1625 1.3934
5 1.6425 1.4532
7 2.685 2.7579
4 0.555 0.3617
5 2.925 2.9388
5 0.69 0.9253
5 2.085 1.512
5 2.6175 2.4595
7 0.24 0.3229
4 2.9925 2.7774
6 1.785 1.5457
5 2.9925 2.9542
6 1.8825 1.751
5 0.855 0.9884
6 2.19 2.2019
7 2.1225 2.169
4 2.415 2.3753
5 1.86 1.2253
4 0.4875 0.1576
4 2.0775 2.4042
5 1.0425 1.4672
5 2.0175 1.6464
5 0.1875 0.1783
6 1.8 1.3187
7 2.7675 2.8271
6 2.145 2.0223
5 2.0325 1.3559
7 2.3775 2.391
6 1.6125 1.2227
6 0.6 0.7301
6 0.0 0.0913
4 2.5275 2.4326
6 2.295 2.1955
7 2.64 2.6515
6 0.915 1.09
5 0.2775 0.3994
4 0.7875 1.6193
5 0.15 0.3284
5 2.3175 2.154
4 0.7575 1.3281
5 1.02 1.7097
5 1.845 1.5256
6 1.1325 1.0533
7 0.5775 0.5956
7 0.555 0.5481
4 1.545 1.2869
5 0.1875 0.2069
4 1.4775 1.109
6 2.775 2.6685
7 1.095 0.8412
4 0.6525 1.5942
7 2.8875 2.9229
6 0.195 0.1322
7 1.2525 1.1822
6 1.38 1.1762
7 1.755 1.7054
7 0.8925 1.2472
7 0.435 0.39
6 0.6225 0.5594
4 0.96 1.3635
5 1.14 1.6343
7 2.13 1.9644
7 0.8625 0.829
5 2.685 2.6927
4 2.79 2.9016
6 0.735 0.7197
5 2.7375 2.5686
5 2.595 2.6546
4 1.5975 0.5984
6 2.1075 1.5676
6 2.0925 1.7047
7 2.6325 2.5755
6 2.0625 1.7686
5 0.165 0.2292
5 2.505 2.4438
6 0.165 0.1223
7 0.945 1.1171
5 0.4425 0.5926
4 1.0125 1.0331
6 2.4225 2.1203
5 2.9475 2.8501
6 2.6775 2.5783
6 0.8175 0.9175
4 2.01 1.6947
6 2.3175 2.3244
7 0.6675 0.6908
5 0.8025 1.131
6 1.2 1.2335
6 0.0225 0.0748
7 0.2625 0.2838
5 0.81 1.1326
7 1.485 1.4763
6 0.225 0.2339
6 2.4 2.3745
7 1.8825 1.4496
4 2.805 2.7085
5 1.3125 1.6457
5 2.67 2.6527
5 2.1075 0.8915
4 2.8875 2.9043
7 0.8925 0.9547
4 1.035 0.9832
7 0.63 0.7101
5 0.435 0.3017
4 1.7325 1.84
4 0.945 1.5753
4 1.725 1.5745
5 2.295 2.2574
5 2.5725 2.4183
7 0.8175 0.8668
7 2.49 2.5087
6 1.7175 1.4488
5 0.3975 0.5398
4 2.445 1.7738
5 1.2 1.0972
4 0.99 0.4521
7 0.375 0.3484
5 1.1025 1.6649
6 2.9025 2.9417
4 1.5675 1.4109
4 0.72 1.5191
5 0.855 1.1517
4 1.5075 1.7152
7 0.1725 0.2197
7 1.095 1.2768
6 0.405 0.4994
7 2.805 2.7462
7 1.11 0.9708
6 2.9775 2.9272
6 0.045 0.0446
6 2.2725 2.2064
5 2.0775 1.5121
7 2.265 2.3175
7 2.43 2.3088
5 2.7075 2.7512
4 0.75 1.3702
7 0.15 0.0634
7 2.01 1.7731
4 0.75 1.6057
6 0.8775 0.9766
5 1.155 1.0472
6 2.07 1.7875
6 1.29 1.6925
5 0.18 0.2723
4 1.74 1.5071
5 0.1275 0.0984
6 2.1375 2.2318
7 2.8125 2.8728
6 0.7425 1.2358
6 1.2075 1.4461
5 1.7025 1.5795
4 2.835 2.7661
7 2.9925 3.0184
4 0.255 0.1979
4 2.28 1.9424
7 0.1125 0.0944
4 2.49 1.2682
7 0.2175 0.261
6 2.2575 2.275
6 0.8325 0.8912
4 2.5125 2.3769
6 2.6625 2.5264
4 1.35 1.3126
7 0.6 0.619
6 1.5675 1.7039
6 2.94 2.9283
7 1.1625 1.1281
5 2.655 2.5327
4 0.45 0.4404
6 2.655 2.722
6 2.4675 2.4685
6 1.3575 1.9885
7 0.5025 0.6298
4 0.525 0.249
4 0.0825 2.2058
6 1.0725 1.488
4 2.0625 1.1755
5 0.5025 1.2144
6 2.91 2.8423
4 0.0825 0.6181
6 0.3525 0.4109
5 2.88 2.9204
5 0.7275 1.0123
7 1.3425 1.4265
4 2.6325 2.5462
5 0.555 0.7
7 1.59 1.731
5 1.755 1.5187
7 1.665 1.6633
6 2.4 2.26
7 2.1 2.0329
5 2.94 2.8116
7 0.93 1.1448
7 2.115 2.0004
4 0.105 0.3835
5 0.8775 1.4502
5 2.235 2.3403
4 1.8075 1.4119
7 2.205 2.3196
5 1.095 0.8059
5 1.665 1.4923
6 0.7575 0.8755
7 0.795 0.7038
4 2.0175 2.1307
4 0.24 0.4623
7 0.2025 0.212
6 2.2125 2.1927
6 2.895 2.8733
7 2.43 2.4658
6 1.2525 1.532
7 1.3725 1.4891
5 0.2025 0.1878
7 2.8275 2.7789
5 2.985 2.9058
6 2.6475 2.6726
5 2.4675 2.1572
7 1.05 1.2598
7 0.18 0.2068
6 1.2375 1.4875
6 1.125 1.5344
6 0.255 0.0944
4 1.0575 0.9921
4 1.395 1.1738
7 1.365 1.1004
7 0.48 0.3251
4 1.0125 1.8087
6 2.1975 2.257
7 1.815 1.4841
7 2.2575 2.1046
6 2.49 2.4135
6 1.5675 1.9669
7 2.88 2.9215
4 0.1575 0.2707
7 2.205 2.3031
7 2.8275 2.9257
7 2.655 2.5813
7 2.7 2.611
5 0.0825 0.101
6 0.6 0.5554
4 2.505 2.465
4 0.3675 0.1483
7 1.4625 1.547
4 2.16 1.7014
6 0.3375 0.3938
5 0.7275 0.7776
4 1.785 1.4213
6 2.55 2.5877
4 0.975 1.2125
7 1.8 1.7292
4 2.73 2.7503
7 1.9875 1.7554
4 0.8325 1.5959
4 1.6275 1.6014
4 1.5825 1.8931
6 1.6425 1.4355
7 0.69 0.6802
4 0.885 1.4188
5 0.135 0.18
5 1.6875 1.7131
7 2.31 2.208
5 2.2875 2.453
6 0.8025 0.9018
5 2.1075 1.9217
7 2.3475 2.1919
6 1.6725 1.4452
5 2.865 2.7155
7 0.66 0.5921
5 2.8875 2.7991
6 1.5225 1.6347
6 0.12 0.0523
6 0.675 0.6092
5 2.685 2.3794
7 0.855 0.8148
6 0.315 0.3463
7 2.8275 2.8233
5 1.5675 1.6079
5 0.87 1.1232
6 1.4625 1.1451
4 0.2775 0.565
5 0.12 0.1705
6 2.9175 2.87
6 0.24 0.1704
5 2.4975 2.3539
5 2.0175 1.9855
5 2.49 2.553
7 1.08 1.3196
5 0.4725 0.2982
4 1.6425 2.4585
6 2.85 2.8318
5 2.565 2.6523
6 2.355 2.0223
7 0.1725 0.1332
5 1.71 1.7953
7 1.755 1.5116
4 2.8425 2.9033
6 1.7175 1.4987
5 0.3375 0.3187
6 2.5575 2.3873
6 1.1925 1.2207
7 0.4275 0.3271
5 0.075 0.0302
5 2.2275 1.3906
6 2.925 2.8835
5 0.39 0.3324
4 1.365 1.7571
7 1.0425 1.0153
7 0.36 0.3536
6 2.0325 1.8717
6 2.85 2.8386
5 0.9825 1.7573
6 1.17 1.5348
4 0.2475 0.2222
6 0.6825 0.6431
7 2.1825 2.0645
5 2.2575 2.2021
5 0.0675 0.2022
6 2.3925 2.3185
6 2.5425 2.5381
6 1.965 1.8009
5 0.0375 0.0804
5 0.8775 0.5894
5 1.695 1.395
7 0.345 0.3146
6 2.085 2.0754
6 0.3825 0.5131
5 1.35 1.7088
5 2.595 2.7478
6 0.435 0.3209
4 0.9375 0.9075
7 2.1675 2.1345
5 2.4 2.1768
6 0.5925 0.7452
6 2.1975 2.3264
6 2.82 2.8565
6 1.2525 1.5803
4 2.3775 1.5729
4 0.72 1.2505
4 1.4175 1.775
7 0.1725 0.1795
7 2.175 2.0886
6 1.335 1.5812
7 1.5675 1.4009
5 1.2 1.8611
5 2.34 2.073
5 2.37 2.3341
6 2.4225 2.4938
7 1.0275 1.0374
6 2.07 1.5194
7 0.225 0.206
7 0.57 0.5779
4 2.82 2.8022
7 1.665 1.7043
6 0.7275 0.679
4 1.065 1.6301
6 0.99 1.2151
5 0.945 1.1247
7 1.0575 1.0721
5 2.91 2.911
7 2.4825 2.4306
5 2.7225 2.7531
5 0.075 0.0575
5 2.7525 2.8781
5 1.05 0.8628
6 0.06 0.0915
5 0.8025 0.7321
7 2.6025 2.6278
5 2.925 3.0562
6 2.2875 2.3684
7 1.3575 1.0355
6 0.03 0.0439
6 1.4025 1.3798
4 2.805 2.8231
5 0.7725 1.0465
7 0.0525 0.0231
7 0.21 0.2304
7 2.1375 2.0666
4 1.62 1.9208
7 1.26 1.0743
5 2.34 2.3673
5 2.7525 2.7788
6 1.7625 1.561
5 1.0275 1.1251
5 2.8725 2.7825
4 1.4325 0.6414
7 2.5425 2.6944
6 0.7575 0.9608
7 1.185 1.3884
4 2.5275 2.4284
4 0.18 0.2703
6 1.2825 1.3192
7 2.9925 2.9766
5 1.8675 1.5828
4 0.66 0.5059
4 2.025 1.4648
4 2.5875 2.8817
7 2.8425 2.8085
4 1.86 1.0966
7 0.795 0.8706
7 0.705 0.8943
5 1.7325 1.4698
6 1.02 1.292
6 1.485 1.5521
7 0.7125 0.6863
6 1.62 1.1643
7 2.1 2.1032
4 1.7325 1.1469
7 1.635 1.6039
5 0.1875 0.1947
7 1.965 1.7921
7 2.25 2.1812
5 2.6175 2.5863
4 2.865 2.817
7 0.165 0.1621
4 2.5575 2.1258
7 0.8925 1.0561
6 0.6225 0.6955
5 2.0025 1.7885
5 0.1575 0.2095
7 2.46 2.4224
7 1.5225 1.8655
7 1.635 1.4578
7 1.155 1.173
7 1.9125 1.7278
6 2.0175 2.1862
7 1.545 1.5987
7 0.2325 0.2598
6 2.1525 1.6562
4 1.6575 1.8278
5 2.595 2.5342
6 0.825 0.8953
7 0.705 0.7785
5 2.46 2.5701
7 2.7825 2.8449
7 0.5475 0.4771
7 2.2425 2.037
5 1.92 1.5817
7 2.0475 1.9647
4 2.055 1.6222
7 0.0375 0.0337
4 0.6525 1.3421
7 2.0925 2.041
7 1.3875 1.4494
5 0.2475 0.4928
6 0.0075 0.0464
5 0.4575 0.619
7 2.64 2.6237
4 0.2025 0.1667
7 2.865 2.8257
7 0.7575 0.6731
4 0.0375 0.0761
6 1.695 1.1249
7 2.5575 2.598
5 2.9325 2.8557
7 0.69 0.6444
4 2.805 2.7056
5 1.8375 1.2815
6 1.3425 1.6765
4 0.6 0.5692
5 0.9825 1.5626
7 2.085 2.0806
5 2.415 2.0951
4 1.83 1.811
6 2.1975 2.1883
5 2.025 2.1149
6 1.905 1.6289
5 2.1675 0.9841
4 2.1375 1.3783
4 0.5925 0.7094
5 2.8275 2.7828
6 2.61 2.5004
6 0.5925 0.6306
6 2.43 2.191
5 0.3075 0.3817
4 2.5575 2.6888
5 0.3825 0.3247
4 0.405 0.0511
7 1.2975 1.282
7 1.1175 1.6635
6 2.2725 2.262
4 0.705 0.7279
6 0.5625 0.5072
7 0.1575 0.0417
4 1.4175 1.4575
7 1.0725 0.9987
7 1.62 1.6926
5 2.0925 2.0349
5 2.865 2.8175
6 0.8325 0.8289
5 0.9825 1.2809
6 2.145 2.079
7 1.7925 1.966
4 2.1 1.5657
5 2.49 2.3148
6 2.0175 1.9446
4 0.9825 1.123
7 1.26 1.339
4 1.1925 0.96
7 1.935 1.7249
7 0.4425 0.4197
6 1.6875 1.8281
7 1.2975 1.2634
5 1.47 1.5275
6 0.7575 0.7462
7 2.07 1.9142
4 0.2025 0.1125
7 1.5 1.7194
4 0.0975 0.0827
4 1.1175 1.5145
6 1.7625 1.6582
5 0.8325 1.0299
5 0.2175 0.2692
4 1.0875 1.4283
6 0.6 0.5355
6 0.15 0.0089
4 1.0125 0.982
4 1.065 1.4391
4 0.465 0.8017
7 2.01 2.0437
4 2.7375 2.8395
4 2.835 2.854
7 1.0875 1.3539
6 0.0675 -0.0084
6 2.2425 2.1673
6 2.025 2.0342
5 0.0825 0.1592
7 1.23 1.2528
4 1.71 1.401
6 2.4975 2.4955
7 1.515 1.3195
5 1.5225 1.4834
7 0.045 0.0782
5 0.1125 0.1371
4 1.755 0.9321
6 0.3225 0.2828
5 2.4 2.2837
6 1.7775 1.6911
4 2.5425 2.0975
5 2.8425 2.8032
5 2.67 2.5125
5 1.77 1.8639
5 1.56 1.5304
4 0.465 0.2675
7 1.905 1.7669
6 2.61 2.5547
4 2.67 2.526
6 1.5675 1.3285
4 0.5175 0.4311
7 2.8125 2.9003
4 2.295 1.4927
7 0.9825 0.9844
5 2.94 2.9563
7 2.145 2.1914
4 1.74 0.8458
5 0.4275 0.3345
5 1.7025 1.6935
4 1.6575 1.7338
5 2.6775 2.7751
6 2.91 2.9316
5 2.1075 1.7454
7 0.9525 0.9651
6 0.9 0.9127
7 0.8925 0.9734
6 0.4575 0.5976
7 0.06 0.1822
7 0.0375 0.0287
5 0.885 1.1228
6 0.9525 0.8022
4 1.0275 1.6482
6 0.0675 0.0441
4 2.805 2.6939
4 0.2925 0.1939
4 1.02 1.3774
5 2.0775 1.8334
4 1.7175 1.8462
6 1.6275 1.3162
4 2.565 2.7698
7 0.2475 0.3002
7 2.2575 2.2503
4 2.7225 2.8887
4 2.055 1.4506
5 2.715 2.6743
5 2.8425 2.8828
6 1.845 1.6116
4 2.5425 2.6191
4 0.7575 0.8703
5 0.06 0.009
5 2.0475 1.9132
7 2.46 2.4068
5 0.6975 1.4465
4 0.225 0.0895
7 0.495 0.4823
6 0.615 0.7135
6 0.135 0.099
4 1.605 1.5349
6 0.5625 0.5639
4 0.78 1.0418
5 1.515 1.5235
7 1.245 1.1393
6 2.1525 2.0661
7 0.7425 0.7184
7 1.635 1.6584
7 1.0275 1.1197
5 0.3825 0.3643
7 2.7375 2.7234
5 0.2925 0.1476
6 0.1425 0.0413
6 2.475 2.5059
5 2.6475 2.6738
6 0.6375 0.5801
6 1.965 1.8804
6 0.3075 0.3266
7 0.375 0.3574
6 1.23 1.2483
6 0.12 -0.0462
5 2.775 2.8921
4 0.465 0.3888
7 2.3175 2.274
6 1.6725 1.6062
7 1.68 1.3892
7 1.365 0.9978
7 1.1775 1.3224
6 0.8925 1.2643
4 2.07 2.2757
6 0.39 0.3219
5 1.215 1.6496
7 2.43 2.4726
5 1.6725 2.0556
6 1.02 0.9997
6 1.0725 1.5614
6 2.3175 2.3488
4 1.185 1.2325
5 0.075 0.0546
7 1.335 1.6112
4 1.365 1.1579
4 1.215 1.6228
5 2.2125 1.8591
6 1.9875 2.1533
4 2.5425 2.2407
6 1.575 1.7429
7 1.3575 1.4823
7 1.725 1.6226
6 0.4575 0.4895
7 1.8 1.3649
7 2.7075 0.8845
5 0.21 0.1955
7 2.4525 2.5206
7 1.005 1.1158
6 1.2375 1.5519
5 2.34 2.4537
7 1.965 2.2084
6 0.7875 0.7273
5 2.805 2.6622
6 0.3225 0.4976
5 0.9075 0.7299
5 2.67 2.6845
6 2.46 2.4193
4 1.455 1.3933
5 1.5525 1.2592
7 1.4325 1.367
5 1.3425 1.477
5 2.3775 2.1753
4 0.315 0.3013
6 2.9175 2.7338
4 2.79 2.8258
6 1.4025 1.6551
5 1.9125 1.7633
7 0.105 0.2211
5 1.6275 2.1699
5 2.5725 2.522
6 2.655 2.6648
7 2.9475 3.0311
6 1.98 1.8032
4 0.915 1.2785
7 0.0525 0.0072
5 1.665 1.8339
7 0.15 0.1264
7 2.895 2.8813
7 2.4675 2.3898
6 1.38 1.2874
4 0.645 1.1878
5 2.4 1.9088
7 2.52 2.5159
6 0.3075 0.275
5 0.6675 0.8726
6 1.575 1.7306
5 1.38 1.3978
7 0.66 0.7004
5 0.1725 0.0234
6 0.645 0.7146
5 1.1025 1.3969
7 0.2475 0.0956
4 1.3575 1.9713
5 2.1975 2.2173
6 2.5725 2.5378
6 2.415 2.4182
6 1.305 1.0854
4 1.3875 1.4047
4 0.9075 1.2267
7 0.96 0.8974
5 2.265 2.0702
4 2.5875 2.3585
6 1.635 1.9879
5 2.6925 2.684
6 0.525 0.5444
4 0.9825 1.3196
5 1.2825 1.2735
6 2.145 1.8454
6 0.5925 0.5875
5 1.1475 1.3797
5 2.97 2.9423
7 2.6025 2.5451
4 2.505 2.2895
4 2.6775 2.222
4 0.8775 1.3222
6 1.005 1.1197
7 2.2725 2.2357
4 2.2275 2.4593
7 0.72 0.8291
7 0.1575 0.2833
7 1.695 1.5588
5 2.865 2.9063
4 1.5225 1.5688
6 2.0475 1.888
4 2.5425 2.5924
4 0.9075 1.5651
6 0.06 -0.0761
5 1.98 2.2775
6 0.4125 0.3862
7 1.4325 0.9754
6 1.7025 1.5094
6 1.2825 1.53
6 1.95 1.6542
5 2.37 2.4719
4 0.1875 0.2686
4 1.3575 1.5897
7 0.03 0.0201
6 0.33 0.2542
4 1.38 1.6936
7 0.465 0.4877
7 2.16 2.1506
6 0.36 0.3045
4 1.17 1.161
6 0.1725 0.2138
7 1.65 1.6221
6 1.7175 1.4199
7 1.695 1.9843
4 0.855 0.5888
6 0.3 0.3145
5 0.195 0.2858
6 1.6275 1.3661
6 2.25 2.2007
5 1.785 1.7963
6 2.7075 2.7647
6 1.395 0.9545
4 0.3825 0.7843
6 2.7975 2.7783
5 1.8975 1.6908
7 0.495 0.3603
4 0.09 0.2069
4 1.965 2.168
7 2.5125 2.4179
5 2.895 2.8923
4 0.0225 0.1192
4 0.7575 1.5278
4 1.335 1.6075
5 2.7375 2.6986
5 2.2725 2.4013
4 0.5475 0.7217
7 1.77 1.6581
5 1.02 0.9607
5 1.2 1.4123
6 0.135 0.0893
7 0.6225 0.6387
6 1.0275 1.3187
4 0.15 0.1558
4 2.61 2.3574
7 2.4525 2.4491
7 1.635 1.5175
4 1.83 2.2244
5 2.4975 2.2589
4 2.8125 2.8949
6 1.065 1.0302
6 1.05 1.1235
5 0.8175 1.313
4 1.2525 1.3877
6 2.5275 2.5402
4 0.165 0.2204
5 1.1325 1.7362
7 0.4425 0.5245
7 2.835 2.8237
6 2.67 2.7385
7 0.0075 0.0193
6 0.555 0.5853
7 1.83 1.5818
6 1.65 1.9554
6 2.5875 2.6184
4 2.1825 2.0364
7 0.0975 0.07
6 1.4625 1.7025
6 2.6025 2.5809
5 0.9675 1.3507
4 1.7175 1.4665
7 1.9875 2.0588
4 2.1375 1.5826
5 1.95 1.8005
5 0.6675 0.7371
5 2.7675 2.8416
6 2.7075 2.6161
4 2.1675 1.3878
4 1.6725 1.7923
6 1.6725 1.1669
4 1.92 1.3471
6 0.705 0.7475
5 1.9125 1.7545
5 2.9475 2.9235
4 0.375 0.7268
4 2.325 1.7953
7 1.005 1.3629
5 2.7525 2.6307
5 1.875 2.0174
5 0.105 0.1963
4 2.8575 2.7114
6 1.2675 1.0537
4 0.525 0.7397
7 1.38 1.5371
4 1.1775 1.2789
4 2.73 2.8265
4 1.5975 1.9337
4 0.975 0.9188
4 0.96 1.3938
4 1.215 1.84
4 2.1 1.2966
7 0.3075 0.3712
6 2.31 2.3936
7 0.945 1.2025
7 0.1875 0.1256
7 1.6575 1.5056
7 0.075 0.0408
5 2.9775 2.9608
4 0.0 0.145
5 1.7325 1.4291
7 0.57 0.483
4 2.265 2.2108
5 2.265 2.1974
6 0.78 1.1014
5 1.9125 1.4407
5 1.53 1.6733
5 0.555 0.4985
6 2.0925 1.4218
5 2.46 2.4555
6 2.1825 2.0143
7 2.865 2.9015
4 1.2675 0.8503
4 1.845 1.4874
7 0.4125 0.4608
5 1.9125 1.4291
7 1.845 1.5819
5 0.4275 0.4536
6 1.155 1.3834
5 0.5775 0.603
5 0.615 0.8841
7 0.6075 0.7496
4 1.0875 1.0465
4 1.0125 1.5481
4 2.34 2.6482
6 1.38 1.5633
7 2.955 2.8847
4 2.8125 2.6974
7 0.015 -0.0241
7 0.3675 0.3611
5 1.2 1.3324
7 2.2725 2.1719
6 1.4925 1.9132
5 1.1025 1.2076
5 2.4 1.9738
5 2.9325 2.9634
4 1.23 0.9315
6 0.105 0.1035
5 1.5825 1.6
4 2.415 2.3859
7 0.2025 0.2183
6 0.9525 1.449
4 0.1575 0.1367
6 0.12 0.0884
7 0.57 0.503
6 1.5675 1.3844
4 2.0475 1.8841
5 1.08 1.3522
5 1.56 1.3176
5 0.5475 0.5097
4 2.16 1.659
7 2.4975 2.534
6 0.915 0.8555
7 1.1325 1.4023
4 0.1725 0.1783
6 0.5625 0.7158
6 1.47 1.4092
5 2.1 2.3238
7 2.2425 2.2469
5 2.13 1.6755
5 1.2225 1.6898
7 2.385 2.3175
6 1.3125 1.9868
5 0.075 0.2346
5 2.28 2.4076
6 2.1075 2.0657
5 1.4475 1.3202
4 2.0325 1.7186
4 0.21 0.1756
4 2.52 2.4506
7 1.6575 1.267
6 2.4075 2.5031
7 2.985 2.9548
6 2.1825 2.296
4 0.1875 0.0509
5 1.905 0.8822
5 0.135 0.1631
6 0.9 0.8068
4 0.1575 0.3688
7 0.51 0.5471
4 2.415 2.1366
4 0.48 0.89
4 2.73 2.5991
5 0.69 1.1153
5 1.4775 1.1834
4 1.8 2.3009
5 1.9125 1.9087
5 1.5375 1.8771
5 1.8075 1.9446
4 1.74 1.4031
4 0.1275 0.0996
5 1.47 1.4127
7 1.935 2.1482
5 2.3775 2.5336
7 0.8325 0.9698
4 0.24 0.3775
6 1.725 1.8934
4 0.2175 0.31
4 0.225 0.2639
5 1.0125 1.3014
7 1.9725 1.746
4 2.6625 2.46
5 0.3225 0.4711
7 0.765 0.6599
4 2.28 1.32
7 1.2225 1.0635
6 1.4625 1.5417
6 2.2425 2.2227
6 0.2625 0.2533
5 2.13 1.729
6 2.3175 2.1259
5 2.385 2.1061
4 2.7075 2.7463
5 0.3075 0.2857
5 0.165 0.1916
6 0.0975 0.061
4 1.9425 1.3141
5 2.0925 1.9483
6 2.8125 2.8669
4 1.4925 1.4709
4 1.6725 1.2843
6 0.99 0.9021
7 0.0 0.1055
4 0.015 0.0763
7 0.3525 0.2623
5 0.2475 0.0408
7 1.095 1.7832
7 1.65 1.6486
6 0.4425 0.5598
7 1.935 1.6809
6 1.275 1.5542
4 2.0625 1.9936
7 1.335 1.1355
6 2.88 2.866
6 1.905 1.5915
5 0.39 0.5317
4 2.295 2.1036
4 2.37 1.6198
6 1.74 1.2662
4 2.1975 1.6157
5 2.6025 2.5726
6 0.4425 0.5641
7 2.655 2.5924
7 2.94 2.9639
5 0.375 0.3219
6 1.98 1.6461
7 1.575 1.6788
7 0.42 0.3879
7 0.885 0.8945
4 2.4525 2.1509
7 2.025 1.8627
5 2.175 1.8589
7 1.3425 1.2811
4 1.095 1.2958
5 1.4025 1.3711
4 2.805 2.8611
4 2.3625 1.6502
7 0.015 0.0806
5 2.9025 2.7587
5 2.73 2.6811
5 1.7475 0.9981
5 2.7075 2.5701
7 1.65 1.7433
6 0.1125 0.0144
4 0.4275 0.4021
4 1.3575 1.526
4 1.005 1.3682
4 1.1175 1.5855
4 2.7675 2.8111
6 1.02 1.536
6 1.605 1.1935
7 2.52 2.4792
5 1.92 2.2158
7 1.08 1.1086
5 2.1525 1.5016
4 2.715 2.5137
6 1.1775 1.4094
4 1.245 1.6486
7 1.605 1.4644
6 2.9175 2.9008
5 1.5525 1.0482
7 0.3225 0.3839
6 2.9625 2.958
4 2.2875 1.7559
4 0.7575 0.9797
5 1.98 1.5525
7 1.275 1.2627
4 1.6575 1.7676
5 0.9825 1.4141
6 0.435 0.5314
4 0.825 1.4408
7 0.555 0.5539
6 1.905 1.8461
4 1.05 1.6349
6 1.455 1.2699
6 2.3175 2.3546
4 1.095 1.3853
7 2.58 2.5583
5 0.5175 0.6286
5 1.83 1.7169
6 0.4875 0.4953
4 2.7975 2.7819
4 0.405 0.3771
7 0.495 0.5978
6 0.0225 0.0952
6 1.845 1.7077
7 1.92 1.9073
6 1.5525 1.4357
4 1.395 2.1456
4 1.41 0.9317
7 0.2775 0.2589
6 1.4775 1.6296
4 2.3625 2.6088
4 1.965 0.9858
6 1.92 1.7061
7 1.23 1.333
5 2.6625 2.5193
4 0.8175 0.8471
6 1.785 1.7603
6 1.6875 1.5958
6 0.4875 0.5536
7 1.35 1.6551
5 1.7775 1.806
6 1.4475 1.4102
4 1.6875 1.701
7 1.125 1.2453
7 0.2475 0.2479
6 2.085 2.0193
4 1.47 1.6001
5 1.5075 1.5202
5 0.03 0.0569
7 2.835 2.8513
5 0.48 0.2333
4 0.39 0.4944
6 0.8625 0.8768
4 2.67 2.9169
6 1.1475 1.4079
7 1.38 1.6766
6 1.9275 1.4151
4 2.6925 2.7567
5 2.9175 2.977
6 1.665 1.6384
6 1.2375 1.727
4 1.5225 0.6687
4 0.63 1.2123
7 2.49 2.5478
6 0.0525 0.0273
6 0.7875 1.3116
5 0.9675 1.3706
7 2.325 2.3502
7 1.425 1.5808
4 0.78 0.5506
7 1.5075 1.7912
4 1.1475 0.9472
6 0.09 0.1449
5 2.3175 2.1846
6 0.5325 0.453
7 0.5175 0.5468
5 2.2725 1.8659
6 1.8075 1.7979
6 2.6475 2.6041
7 1.05 1.0371
6 0.4575 0.4153
6 0.885 1.2893
7 2.5425 2.6063
6 2.2125 2.1129
4 0.5475 0.4899
7 0.9825 1.0024
6 0.045 0.0325
7 1.62 1.4932
5 0.2025 0.2497
7 0.5775 0.5878
6 1.2975 1.5489
4 2.325 2.2634
5 2.58 2.6964
4 2.205 2.0155
5 0.51 0.571
6 0.135 0.1272
5 2.2575 1.9535
4 0.6 1.5646
7 1.6125 1.657
4 0.495 0.3873
7 1.8675 1.8254
7 1.8675 1.6185
7 1.365 1.2565
6 0.9075 1.223
5 0.99 1.3295
6 0.0225 0.1293
6 1.9725 2.1246
7 0.0525 0.0499
7 2.5575 2.5924
6 1.8825 2.1667
7 1.9275 2.0444
7 2.505 2.5458
6 1.0725 1.1718
7 1.68 1.5283
7 0.1875 0.132
6 1.29 1.6405
6 0.525 0.507
6 1.8825 1.9578
7 1.4025 1.5882
6 0.4425 0.4875
7 2.3025 2.3571
5 2.745 2.872
6 1.605 1.1351
7 2.1075 2.1459
7 1.4175 1.5353
4 0.6525 0.5293
4 1.8375 1.8065
4 1.53 2.0634
6 2.475 2.5008
4 2.655 2.8205
7 2.895 2.9217
7 0.3075 0.2813
7 2.055 1.9366
4 0.5625 1.1701
7 2.6625 2.6973
6 1.4625 2.0737
4 2.685 2.8557
6 0.765 0.8448
7 0.7575 0.8041
5 2.325 2.4087
7 1.1025 1.0757
4 1.425 1.4201
4 0.1275 0.0172
5 0.7575 0.8803
4 2.1 2.0925
6 2.3175 2.4646
4 1.65 1.4049
4 1.1325 1.7737
5 1.47 1.1429
6 1.59 1.3502
6 2.3775 2.4163
5 1.9275 1.7366
6 0.1575 0.226
7 1.5075 1.3737
4 0.15 0.2743
6 0.6825 0.9164
7 0.345 0.3777
4 0.225 0.1374
5 1.77 1.5629
5 2.6775 2.7397
4 0.795 1.3234
5 1.7325 1.2414
6 1.59 1.4923
4 0.33 0.1591
6 2.34 2.1894
7 1.9125 2.0063
7 1.725 1.9805
5 2.5125 2.4128
7 1.0875 1.2191
4 2.325 2.6364
6 2.5575 2.6087
7 1.6425 1.4295
5 1.89 1.463
5 1.1925 1.5774
7 0.5175 0.4953
4 0.9075 0.7527
7 1.02 1.3214
7 1.77 1.5345
6 2.6175 2.4843
5 1.2675 1.8062
7 0.6075 0.6952
7 2.265 2.2785
6 2.46 2.4057
4 1.0125 1.0946
7 2.1975 2.2091
5 0.2925 0.3417
6 2.7375 2.7811
5 1.7175 1.7071
4 2.8575 2.751
7 1.8 1.7398
5 1.2525 1.36
7 1.59 1.5495
6 2.52 2.4058
6 2.4 2.2451
6 0.1875 0.1925
4 1.6425 1.6048
7 2.52 2.5165
6 2.7075 2.5802
7 2.22 2.1567
4 2.3325 1.3728
4 0.12 0.1618
5 0.3975 0.4362
6 2.055 2.0759
4 1.26 2.1012
5 1.485 1.3555
5 0.45 0.5195
7 1.38 1.3508
5 0.405 0.3401
5 2.91 2.666
5 1.4175 1.5665
6 1.305 1.0502
7 0.3975 0.4372
7 2.8875 2.9151
7 0.0075 0.1131
7 0.8025 0.7859
4 1.2975 1.718
4 0.2475 0.4324
5 0.0825 0.0345
7 0.8925 1.0025
5 2.91 2.8434
6 2.8725 2.8664
4 0.585 0.7172
5 2.145 0.6254
6 0.66 0.969
4 1.32 1.4622
7 2.355 2.2366
4 1.0275 1.9283
5 1.65 1.594
5 0.9975 1.0649
7 1.0875 1.2434
6 0.6225 0.6318
5 0.9825 1.3991
5 1.7625 1.7672
4 0.2775 0.52
4 1.7775 1.8189
7 1.11 1.7158
4 2.715 2.8244
5 1.425 1.305
7 2.3925 2.437
5 2.9925 3.0013
4 0.8625 0.8406
5 1.3725 1.5361
6 1.9575 1.8078
4 1.365 1.1839
7 2.04 2.1962
4 1.275 0.8877
5 2.0925 1.8922
7 2.895 2.8612
6 1.59 1.43
7 2.5125 2.4066
6 2.5425 2.5429
6 0.0675 0.1675
4 1.9275 1.4135
6 0.5625 0.5294
7 2.0925 2.12
5 0.7575 0.6925
7 2.9925 2.9616
5 0.8925 1.3139
4 1.26 1.2141
4 1.5375 1.5886
7 1.905 1.6268
7 2.7825 2.872
6 1.1025 1.6038
4 0.1875 0.1475
7 2.2125 2.1297
5 2.58 2.5974
5 1.4325 1.2458
6 1.74 1.6788
6 0.405 0.4415
5 0.9225 1.5544
4 0.465 0.6139
7 1.065 1.0596
7 2.5725 2.5988
7 0.105 0.0044
6 2.2725 2.2256
5 1.1775 1.7094
6 0.69 0.803
4 2.6025 2.2552
5 0.96 1.3289
5 2.7975 2.7809
4 2.595 2.677
6 1.845 1.624
5 2.9625 2.9195
5 2.895 2.8471
6 1.185 1.4803
4 1.56 0.6135
5 1.4925 1.7758
5 1.71 1.2983
5 2.91 2.8178
4 2.0325 1.4897
5 1.1025 1.9533
5 2.8425 2.7697
6 2.685 2.6892
5 0.8325 1.5463
7 2.355 2.3657
6 1.8075 1.4721
7 0.5775 0.5633
7 1.3425 1.2367
7 2.07 1.8185
4 1.68 2.1802
6 2.1975 2.2878
6 2.5275 2.4932
6 1.605 1.3744
4 0.75 1.3543
6 2.6325 2.6604
5 1.365 1.5463
5 2.025 1.7965
7 2.3775 2.2026
5 0.7875 0.9765
4 1.32 1.5826
5 1.7325 1.0806
6 1.1925 1.5729
4 0.975 0.4998
5 1.1175 0.9498
4 1.53 1.5743
6 1.845 1.7355
4 0.0525 0.3361
5 2.3175 2.4675
5 2.76 2.7951
5 1.98 1.915
6 0.3825 0.3295
4 2.55 2.5272
4 0.24 0.2296
6 0.4125 0.4488
6 2.8875 2.7579
6 0.4425 0.4395
6 1.95 1.4952
4 2.2125 2.1759
5 0.3525 0.398
7 1.6275 1.8599
7 1.3125 1.2485
6 1.0725 1.3022
5 0.195 0.2077
6 2.355 2.4519
4 2.5575 2.5374
6 2.4075 2.2164
6 2.505 2.5858
6 0.0675 0.0677
5 0.7425 1.1695
5 0.3825 0.3777
7 2.34 2.2295
4 1.56 1.2798
5 2.0925 1.5268
4 2.97 2.945
5 2.505 2.4976
4 1.7475 1.3225
7 2.025 1.8076
4 0.315 0.764
5 2.7975 2.6972
7 2.37 2.4274
5 1.8975 2.1989
6 1.95 1.6743
5 2.2725 2.0067
5 1.11 1.4953
4 1.2975 1.523
7 2.46 2.5559
6 1.5825 1.6763
7 1.6575 1.6174
7 0.375 0.3938
4 2.9775 2.8613
7 0.375 0.2911
4 1.005 1.2546
6 0.465 0.6615
6 0.3225 0.3212
4 0.8325 1.3479
4 1.845 2.0392
4 2.6325 2.4289
7 2.49 2.3982
7 0.7125 0.7383
6 0.21 0.2965
6 1.8075 1.3069
7 1.3875 1.2565
5 0.1275 0.1296
7 2.055 1.9362
6 2.8275 2.857
5 0.2175 0.3111
6 2.355 2.2583
6 0.8625 0.7608
4 1.8975 2.0475
4 0.6075 1.1937
5 0.8775 1.5924
7 0.81 0.7726
4 0.54 0.7226
6 1.335 1.6192
5 1.9875 1.8337
6 2.64 2.6337
7 1.71 1.6817
7 1.7925 1.2305
6 2.505 2.6977
7 0.8625 0.8875
7 1.86 1.5557
5 0.315 0.1996
4 0.21 0.2532
7 1.6875 1.6576
6 2.865 2.889
7 1.3425 1.5964
6 2.82 2.9081
4 2.0475 1.8953
6 2.0775 1.8633
7 0.945 0.7813
6 2.1075 2.0384
4 0.975 1.4929
4 1.83 1.8713
6 2.325 2.3179
5 1.26 1.7142
5 0.4125 0.4261
6 1.755 1.5235
5 0.9375 0.8182
5 0.4125 0.3718
4 1.7475 1.3973
7 0.855 0.8642
6 0.6975 0.5982
7 0.3525 0.3251
7 2.4 2.4145
4 1.1025 1.244
6 0.345 0.3875
7 2.2425 2.2537
5 0.9375 1.377
5 1.2075 1.6056
4 2.8575 2.7036
4 2.4825 1.9548
5 2.715 2.8061
7 2.445 2.4426
6 0.54 0.4824
5 0.465 0.6822
7 0.435 0.4472
4 0.27 0.3132
4 1.2675 0.6721
4 1.2075 1.8568
6 0.06 0.0855
4 2.4825 2.5804
4 2.1375 2.1048
7 2.4525 2.3515
5 0.4425 0.456
6 1.395 1.3698
6 2.0175 1.8019
4 1.1775 1.5741
4 0.8925 1.269
4 0.4275 0.2392
4 2.4825 2.0528
7 2.745 2.7934
7 0.045 0.0869
6 2.28 2.3006
5 0.7125 0.8671
6 2.5125 2.4853
5 0.4725 0.4463
5 1.3725 1.665
4 0.6525 0.6991
7 0.9975 0.9668
5 0.5925 0.6763
7 0.435 0.4815
6 0.7275 0.9004
6 1.2675 1.5694
5 1.62 1.5091
7 2.175 2.2425
5 1.545 1.1798
6 1.0875 1.7097
5 1.4025 1.1985
7 1.4625 1.3223
7 2.9025 2.8808
4 2.235 2.3973
6 1.5975 1.8962
4 0.555 0.5896
5 0.195 0.081
4 1.635 1.713
5 0.4125 0.2784
5 1.965 1.3102
5 2.6025 2.5642
6 2.5875 2.5336
7 2.055 1.8328
5 1.8825 1.5349
5 1.905 1.366
7 1.2375 1.3612
5 0.465 0.5488
4 0.225 0.094
5 0.315 0.4546
4 1.9725 1.6632
5 2.805 2.7185
7 0.6525 0.745
6 0.2625 0.285
4 2.3925 2.346
7 0.4125 0.5024
5 2.8575 2.8787
7 0.96 1.1444
7 1.62 1.3308
4 0.63 0.8563
5 1.2075 1.359
4 2.2575 2.1494
4 0.69 1.4398
7 0.135 1.27
4 1.8825 2.1652
5 0.5475 0.3585
6 0.105 0.092
6 2.52 2.445
7 1.8075 1.9438
5 2.775 2.8231
5 2.9925 2.8222
7 0.7875 0.8021
5 0.9375 0.796
7 0.5175 0.5045
6 2.3475 2.328
5 1.995 1.4341
7 0.2925 0.3634
5 1.125 1.0855
4 0.0675 0.1156
4 1.08 1.1582
5 1.095 1.5256
6 0.42 0.3789
4 2.0025 1.9494
7 0.51 0.548
6 0.7425 0.7371
7 2.0925 2.1801
5 2.04 1.7146
7 1.9425 1.4465
4 0.8475 1.2853
4 2.415 2.3029
7 2.775 2.7165
5 1.8825 1.5549
5 0.36 0.3465
4 0.75 1.4458
6 1.7775 1.9043
4 0.105 0.2114
5 2.715 2.644
5 1.44 1.8069
5 1.3275 1.3208
5 0.66 0.6631
6 2.9625 3.0058
6 2.7 2.6712
4 0.3525 0.3163
5 0.3825 0.4582
7 1.4775 1.3681
4 1.1475 1.6947
4 1.08 1.5215
7 1.35 1.4888
4 1.995 1.1457
7 0.1425 0.1625
7 1.125 1.4748
4 1.74 1.2247
7 0.6225 0.5578
5 1.695 1.4892
4 2.49 2.3659
4 1.4175 1.7491
7 0.6075 0.6
4 1.605 1.6129
7 2.3475 2.3216
7 2.895 2.834
6 1.725 1.5797
4 2.49 2.0481
5 1.7325 0.8081
7 1.065 1.1428
5 0.5175 0.3909
6 0.5625 0.5982
4 0.36 0.2853
5 1.905 1.1151
6 1.905 1.4842
5 2.4375 2.2688
6 2.8425 2.8314
4 2.415 1.7292
7 0.6525 0.6272
5 1.7925 2.0645
7 2.205 2.1426
7 0.9675 1.1239
7 1.5525 1.5757
4 2.775 2.6603
5 0.6 0.4386
4 1.14 0.9693
4 0.1575 0.7034
6 2.6025 2.5874
4 0.3375 0.2806
7 0.465 0.5346
6 0.99 0.9929
4 0.18 0.1468
5 1.7775 2.082
5 2.6625 2.6461
6 1.92 1.8841
6 0.5775 0.4799
6 2.3325 2.3398
7 2.04 1.8581
5 0.4275 0.4656
6 1.7475 1.4445
4 1.89 1.6144
7 0.105 0.2078
6 1.2 1.2309
7 2.5425 2.481
7 1.125 1.0151
5 2.1 1.817
4 2.7225 2.9791
6 2.2875 1.964
7 2.535 2.4335
5 1.89 1.3384
7 2.5575 2.7494
4 0.6375 1.1948
5 0.3525 0.5443
7 1.3575 1.5982
4 0.21 0.1343
5 1.3425 1.4074
6 1.5 1.5353
5 0.27 0.0576
4 2.595 2.2964
7 2.3625 2.349
4 2.355 1.9835
5 0.375 0.2326
5 1.3425 1.277
5 0.2925 0.2268
5 0.4425 0.4064
5 1.5225 2.191
6 0.9375 0.94
5 1.7475 1.62
4 2.43 2.3733
5 1.17 1.5647
4 2.79 2.8254
5 0.825 0.9459
7 2.25 2.2483
4 1.53 1.7159
6 1.455 1.5934
4 0.6525 1.435
5 1.1325 1.7314
7 2.7075 2.7105
4 1.1025 1.3862
5 0.0975 0.2055
5 2.4375 2.4241
5 1.095 0.8032
4 2.7675 2.7756
4 0.4275 0.349
6 1.005 0.8774
4 1.9275 1.5434
6 0.84 0.7147
6 1.2075 1.5644
6 0.84 0.9444
7 0.765 0.8736
6 1.0725 1.2403
6 0.18 0.0904
6 1.725 1.9076
5 2.0325 1.9973
4 2.6025 2.6577
5 0.4125 0.5858
5 2.4375 2.4216
6 1.4775 1.7593
6 0.63 0.6632
7 2.28 2.253
6 2.4525 2.4668
6 2.2875 2.2697
7 1.65 1.7141
5 0.915 1.3101
7 1.9425 1.8704
7 2.3025 2.1469
6 1.815 1.8294
6 1.4175 1.4911
4 1.515 2.2806
4 0.18 0.3764
6 2.385 2.4455
6 2.835 2.9041
5 2.6625 2.6861
5 1.995 1.7657
7 1.1325 1.0856
4 1.845 1.273
4 1.38 1.1838
7 0.8625 0.819
6 0.2025 0.109
6 0.1575 0.3049
7 2.37 2.3349
4 2.4675 2.4243
7 1.365 1.5987
4 2.9325 2.7872
6 2.5425 2.454
4 0.2925 0.4513
5 2.5125 2.5789
4 0.81 0.8371
6 2.8725 2.9066
4 1.4025 1.4898
4 0.15 0.1144
7 2.4075 2.369
4 1.3575 1.3843
6 0.225 0.273
4 1.8375 1.7849
6 0.06 0.0129
6 0.1575 0.2252
5 0.405 0.5534
4 0.06 0.1852
6 1.23 1.1998
4 1.53 2.009
6 2.6475 2.4969
7 1.2975 1.5995
5 1.185 1.4746
5 1.23 1.0603
6 0.9075 1.3365
5 2.76 2.8835
6 2.85 2.7732
7 2.16 2.2198
6 2.4225 2.2883
7 1.5525 1.5582
4 1.74 1.838
6 1.89 2.2695
7 2.9775 2.9894
7 0.6825 0.7986
7 1.05 1.1309
7 1.275 1.2713
7 0.21 0.2312
7 2.7075 2.65
6 0.045 0.1547
6 0.36 0.4447
5 2.5125 2.5898
7 1.605 1.291
4 1.1175 1.561
7 0.1425 0.1549
7 1.455 1.3345
5 0.4275 0.4181
5 2.04 1.654
5 2.52 2.6783
5 2.97 3.0077
6 0.6825 0.7166
7 0.9375 1.0457
6 0.435 0.5423
5 0.8175 0.8612
4 2.955 2.773
4 2.2275 1.4854
4 0.795 0.7991
4 2.07 1.8888
7 2.07 2.0379
4 2.5575 1.9584
6 2.1075 1.7019
7 0.645 0.668
5 0.0675 0.0933
5 1.95 1.7072
6 0.2775 0.3208
6 0.0675 0.1254
4 2.58 2.6308
7 2.025 1.9211
5 0.7125 1.1458
4 1.8075 1.8439
6 0.7575 1.1191
6 1.935 1.4329
5 0.06 0.1467
6 0.075 0.1658
6 2.4375 2.3948
4 1.6875 1.3565
4 1.8825 1.529
6 2.085 1.6829
6 1.17 1.3109
4 2.8125 2.7194
4 0.63 0.43
7 2.175 2.1643
6 2.16 1.5526
7 2.37 2.2749
7 1.005 0.7763
7 2.895 2.8448
5 1.8375 1.0881
6 1.77 1.5975
6 0.48 0.5258
4 2.5125 2.1358
6 1.5075 1.3513
6 2.58 2.5151
6 1.6425 1.6854
4 1.9425 0.9517
4 1.3575 0.7516
7 0.6375 0.7821
6 2.8575 2.8431
4 1.74 1.6721
5 2.835 2.9464
5 0.1875 0.3572
5 1.29 1.3784
6 2.7975 2.7851
7 0.8325 0.8634
7 2.0475 1.851
4 0.9075 0.982
6 0.7875 0.7098
6 2.8125 2.8351
4 0.9525 1.2758
5 1.785 1.4408
7 1.695 1.608
5 2.0175 1.4564
7 2.6325 2.7168
4 0.0375 0.13
4 1.44 2.0534
6 1.4325 1.2441
5 2.43 2.3475
6 1.53 1.4948
5 1.5075 1.2398
5 2.97 2.9421
7 2.8125 2.7738
5 0.375 0.4079
5 0.15 0.0987
5 0.81 1.2619
4 2.655 2.3249
4 1.005 1.4575
5 0.2625 0.1895
5 0.8625 0.8757
5 0.0075 0.0317
5 0.66 0.7336
5 1.575 1.3017
4 1.9425 2.0804
4 0.5625 0.8425
5 1.83 1.9841
7 1.7175 1.6227
7 1.2675 1.4082
6 2.61 2.6765
4 1.7175 1.9889
5 2.9025 2.8588
5 1.695 1.6649
5 0.1275 0.0437
6 1.6575 1.2204
4 2.5725 1.9331
5 0.0975 0.0728
7 2.3025 2.2787
5 2.775 2.5152
6 0.375 0.3848
7 0.5175 0.5172
4 1.9875 1.4196
7 2.0775 2.1124
6 0.42 0.308
7 1.4175 1.8164
4 1.6725 2.0065
4 2.1825 1.849
4 2.535 2.462
5 1.515 1.6909
5 1.23 1.0125
4 2.5125 2.4157
6 0.9225 1.0869
5 1.95 1.5924
5 2.385 2.2162
6 2.19 2.0836
5 2.6325 2.9491
6 0.5325 0.639
7 0.6825 0.7574
4 1.4625 1.5353
4 0.2775 0.5624
6 1.245 1.1338
7 2.535 2.6007
7 0.57 0.6204
5 0.075 0.0765
4 0.4725 0.6102
5 1.3575 1.3836
6 1.71 1.6672
5 1.155 1.918
7 2.1525 2.0658
7 0.225 0.099
7 0.93 1.0097
5 1.14 1.657
7 2.2125 2.2656
6 2.2725 2.2533
6 1.08 1.506
5 1.59 1.8525
6 0.6675 0.5764
4 1.5825 1.8086
6 1.3575 1.6951
4 0.795 1.0298
5 2.7675 2.8372
5 1.6725 1.4829
7 1.395 1.5492
5 0.0075 0.0944
6 1.7475 1.6371
5 2.1375 1.9098
4 0.4425 0.3188
5 1.2975 0.9747
4 0.195 0.1028
6 2.5275 2.5768
5 2.475 2.4322
6 0.225 0.2627
6 2.8425 2.8179
7 2.205 2.1794
4 1.5675 1.668
7 2.3325 2.3169
5 0.855 1.2823
6 2.565 2.4332
6 1.4625 1.4458
4 2.0775 2.0096
6 2.1375 2.1426
6 0.27 0.3822
5 1.4025 1.8336
5 1.575 1.3043
5 1.29 1.2889
7 0.8625 0.8308
4 1.005 1.5167
6 2.055 1.8656
5 0.54 0.5718
4 1.2375 1.5287
6 2.94 2.9836
5 1.1325 1.4257
5 2.7825 2.9253
6 2.865 2.7155
7 0.8175 0.8175
4 2.58 2.3749
4 1.41 2.3988
4 0.195 0.1457
6 0.045 0.1162
5 2.1375 2.3209
7 2.475 2.4526
6 2.67 2.678
4 1.6425 1.82
7 1.8975 1.5713
7 2.565 2.5916
4 1.545 1.4598
7 1.6275 1.8633
4 2.0025 2.103
4 1.5675 0.9855
5 2.8875 2.8533
5 1.5675 1.6255
5 1.095 0.9613
6 2.625 2.6401
4 1.6425 1.6126
5 2.31 2.4557
5 0.0525 -0.0503
6 2.895 2.9196
6 0.9975 1.0937
7 2.82 2.8443
5 0.2025 0.1865
7 2.9925 2.9021
5 0.9825 1.6525
7 2.9625 2.9161
5 2.775 2.7122
7 0.9825 0.9202
5 0.465 0.617
5 2.9775 2.828
6 2.235 2.1954
6 1.155 1.3217
6 0.9675 1.0239
5 0.18 0.2742
5 2.415 2.547
5 0.495 0.483
6 0.3075 0.3661
7 1.2 1.4132
7 2.385 2.4462
4 1.305 2.0757
5 0.6675 1.2845
4 0.2025 0.2271
7 2.4 2.3636
7 2.8425 2.936
6 2.5725 2.5397
7 0.6975 0.6321
5 2.4075 2.0665
4 2.31 2.0387
5 1.305 1.5201
5 2.9475 2.8763
5 0.78 1.124
7 1.665 1.5923
5 2.745 2.7325
4 2.1975 2.2257
4 2.865 2.0392
6 0.6225 0.7507
5 0.0 0.057
7 2.115 1.6732
4 0.465 0.4414
5 1.68 1.7795
7 1.6125 1.5636
5 0.0375 -0.0036
7 1.68 1.5764
5 2.2575 2.1217
5 1.8225 1.8
4 2.985 2.9679
7 2.4 2.3976
7 1.68 1.3686
7 2.7975 2.7751
4 1.8675 1.466
7 0.8625 0.9401
6 0.6975 0.9989
6 0.975 1.3933
7 0.405 0.2805
7 1.2975 1.4291
6 0.525 0.6728
4 0.7275 1.1105
6 0.9375 1.2136
5 1.8 1.4458
7 2.3175 2.3128
6 0.81 0.9366
5 0.06 0.1208
5 1.6275 1.6516
7 1.7175 1.6062
6 0.435 0.3889
5 0.66 0.9091
4 0.54 1.3352
4 1.365 1.6708
6 0.72 0.8224
5 2.595 2.5364
4 1.2225 1.2889
7 0.3 0.3032
6 2.685 2.744
7 0.9975 1.4398
4 0.615 1.0817
7 1.425 1.4093
6 0.675 0.6906
7 1.47 1.3026
7 0.39 0.433
5 1.6575 1.4187
4 1.7475 1.167
5 1.89 1.8601
5 0.225 0.2336
7 1.0725 0.9118
5 1.2075 1.3778
5 1.3575 1.4281
7 0.6675 0.6075
4 0.6375 1.2173
5 0.42 0.3427
7 0.0975 0.105
5 2.7825 2.8161
7 0.6675 0.6566
7 0.21 0.2771
4 2.6625 2.5074
6 1.4325 1.254
7 2.1075 2.1631
4 2.175 1.5361
6 2.4375 2.37
6 0.9 0.695
7 2.1 2.0523
7 2.16 2.109
6 2.0175 1.882
6 1.545 1.3698
6 0.375 0.4665
7 0.2475 0.2261
5 1.98 1.9707
7 0.0525 0.0225
5 1.9125 1.4778
6 1.935 1.5372
7 1.545 1.4309
6 2.3625 2.4745
5 1.71 1.7736
7 2.7675 2.7609
6 1.05 0.8071
5 1.4775 1.3901
7 1.26 1.6463
5 0.9075 0.8952
6 1.4625 1.6563
6 0.8925 0.9101
4 1.035 0.9648
6 1.4775 1.7476
7 0.855 1.0305
6 1.0725 1.2363
5 1.02 1.2203
7 0.0825 0.0864
5 2.88 2.8956
7 1.68 1.3416
5 2.34 2.0323
6 2.58 2.5544
5 2.5875 2.5214
5 2.7225 2.5764
4 0.93 0.8515
5 0.5325 0.6277
5 0.8475 1.0651
6 1.77 1.5048
4 1.0725 1.4156
4 1.02 1.1657
7 0.8175 1.0582
6 1.1025 1.2134
5 0.975 1.3412
7 1.4625 1.6388
7 2.0025 1.7357
4 0.5175 0.2101
6 1.4025 1.8877
6 2.3625 2.2701
4 1.92 1.7215
4 2.7225 2.7576
5 2.8875 2.8145
5 0.03 0.0574
6 0.1575 0.2224
6 0.285 0.2874
7 0.2025 0.1444
5 2.985 2.9262
4 2.9025 2.8378
7 2.91 2.9341
4 1.125 1.5881
4 0.0 0.0772
7 2.1675 2.191
7 1.485 1.6419
5 1.29 1.7759
4 2.8275 2.6058
6 1.545 1.5679
7 1.9875 1.6971
6 1.485 1.2749
7 1.5375 1.1529
7 2.46 2.4992
4 0.4425 0.4124
5 1.3425 1.4406
4 2.43 2.2264
7 0.405 0.4502
6 2.7525 2.6562
5 2.865 2.8263
5 0.255 0.2611
5 0.7875 1.4305
6 2.04 1.8455
6 1.605 1.1418
7 2.1 2.1213
4 2.1 1.6054
5 1.7475 1.8763
6 0.6525 0.6538
6 2.6775 2.6636
7 2.145 2.1525
4 0.2925 0.1932
7 0.045 0.1416
4 2.6625 2.6652
7 0.105 0.1928
7 1.0275 1.2388
7 0.6525 0.682
6 0.5925 0.6932
6 1.2 1.2811
4 0.2475 0.2688
7 1.05 1.1958
4 1.5375 1.6326
7 0.5325 0.488
7 1.32 1.2452
7 0.18 0.2086
7 2.46 2.4844
7 1.6875 1.5319
4 2.07 2.1307
4 0.09 0.2742
4 1.935 1.1742
7 0.03 -0.0055
7 1.755 2.0148
6 2.1525 2.164
5 1.1625 1.3655
6 2.445 2.308
5 1.29 1.5182
4 1.5075 1.6109
4 0.99 1.2618
6 1.215 1.6763
7 0.96 1.0464
4 0.5625 0.7405
7 0.1275 0.1682
6 1.3575 1.6199
6 1.095 1.2576
5 2.49 2.5203
6 0.525 0.5829
4 2.76 2.8039
7 1.1925 0.9616
7 1.47 1.7446
5 0.255 0.2356
7 0.225 0.2052
7 1.35 1.4542
6 0.495 0.4807
7 0.8625 1.0496
7 0.8625 0.7651
4 0.2325 0.3279
7 1.575 1.3928
4 1.8225 1.8522
5 2.6475 2.6267
5 1.5075 1.8592
5 0.0525 0.121
4 0.315 0.9531
7 1.7625 1.7858
5 2.9475 2.7971
7 1.875 1.5725
5 2.5875 2.4384
4 1.5 1.7548
4 0.3225 0.2105
5 0.4425 0.5553
4 0.72 0.9251
4 2.625 2.3695
5 1.71 1.3174
5 1.6875 1.9543
5 2.3175 2.0365
7 0.855 0.8928
5 0.1275 0.0598
4 0.63 1.0502
6 1.86 1.7716
7 2.85 2.8611
7 1.95 1.9346
4 0.525 0.8808
5 1.5525 2.8855
4 1.7475 1.8989
4 0.0075 0.1056
6 2.625 2.7155
4 0.585 0.5162
6 0.42 0.4368
7 0.45 0.3623
7 1.035 0.8728
5 0.7275 0.9488
7 0.465 0.4166
4 0.9525 0.7185
5 0.57 0.6533
4 1.65 1.6602
5 1.5525 1.5051
4 0.39 0.5836
7 1.56 1.3739
5 0.675 0.7226
5 1.3125 1.2295
7 1.6725 1.5271
5 1.9425 1.4542
7 0.3675 0.3294
5 0.3525 0.3723
5 1.185 0.9731
6 0.855 0.7891
4 0.1575 0.1673
5 1.785 1.5364
6 2.025 2.0102
5 2.475 2.5127
6 0.75 0.8479
7 0.435 0.3616
6 2.655 2.746
6 2.9775 2.8993
6 1.11 1.3554
4 1.275 1.7569
4 0.8175 0.5943
7 0.0825 0.0145
6 2.2275 2.1629
7 1.9725 1.6892
6 2.6175 2.5883
7 0.18 0.3431
6 0.0525 0.0842
5 2.7075 2.6441
6 1.9125 1.3435
4 1.4325 1.5103
7 2.745 2.7699
7 0.7575 0.8836
6 2.5275 2.4493
7 1.9575 1.6507
4 0.96 1.8014
6 1.6575 1.8681
6 0.84 1.2812
7 2.8725 2.8075
6 2.0775 1.7093
7 2.4825 2.4444
5 0.06 0.0733
7 1.32 1.1276
6 0.51 0.4894
7 0.7875 0.9159
6 1.755 1.4772
4 0.9675 1.1407
6 0.465 0.4354
7 2.4 2.4824
5 2.3025 1.5829
6 2.5575 2.4405
5 2.715 2.7116
5 0.2625 0.2328
5 2.7975 2.9007
7 1.575 1.4506
4 2.79 2.7708
4 0.99 1.6841
6 2.625 2.5781
5 2.37 2.4256
4 2.565 2.7118
6 0.3 0.3563
4 2.325 1.9014
7 2.28 2.4443
6 2.9775 3.0146
7 1.575 1.8586
6 1.6575 1.6599
4 2.7675 2.7464
4 0.8475 1.0632
7 0.945 1.062
5 2.6625 2.7675
6 1.7775 1.655
4 1.29 1.747
5 0.675 0.9462
5 0.3825 0.5618
4 2.625 2.1483
4 2.5725 2.5546
4 0.3825 0.4288
7 2.9625 2.9682
4 0.9675 2.4938
4 2.5275 1.9536
5 1.845 1.5924
4 1.26 1.4753
5 0.5475 1.0869
7 0.675 0.7697
7 1.0875 1.0637
4 1.8675 1.6951
4 1.9275 1.0649
6 2.7825 2.8092
6 1.47 1.4687
5 0.18 0.1417
6 0.7725 0.9302
4 1.71 2.188
4 0.795 0.9556
5 0.8175 1.4092
6 0.8625 1.5523
7 1.5 1.5671
5 1.17 1.3984
6 0.195 0.1486
7 1.8225 1.6278
5 2.415 2.0448
4 1.755 1.4431
7 1.155 1.1744
5 2.8575 2.9333
7 0.1425 0.0946
4 0.3825 0.6084
6 1.59 1.4528
7 1.755 1.7916
7 2.565 2.5708
7 0.645 0.5911
4 2.67 2.7013
7 2.265 2.3444
6 0.585 0.5962
6 1.845 1.6639
5 0.5025 0.686
6 0.3075 0.3777
4 0.2475 0.3736
4 2.7825 2.6674
7 0.8325 0.7123
5 2.4975 2.2382
5 2.895 2.8826
4 0.2775 0.6797
5 1.365 1.1786
6 2.8275 2.8692
4 2.0475 1.0015
7 0.3375 0.2846
6 1.545 1.7128
4 0.6075 1.1224
6 1.77 1.7406
4 1.2 0.8893
6 1.0875 1.1669
7 2.895 2.8897
5 2.8725 2.9437
7 1.545 1.3281
5 1.2525 1.3608
4 0.93 1.1846
7 0.33 0.3155
4 2.1225 1.7983
5 2.835 2.738
5 0.0675 0.1993
5 0.4875 0.5255
4 0.3525 0.3375
4 1.515 1.769
7 0.7575 0.8015
4 0.6975 1.0997
6 1.2825 1.3753
7 0.03 0.0025
4 1.1325 1.3544
5 2.16 1.5257
4 0.825 1.4444
6 2.73 2.7296
5 2.4075 2.0802
6 2.04 1.9527
4 1.6125 1.5246
6 1.32 1.6186
4 1.425 1.6636
7 1.215 1.249
7 2.64 2.654
4 2.9025 2.909
4 2.61 2.0268
6 0.5325 0.4889
7 0.4725 0.4713
4 2.445 2.2572
4 1.9875 1.6415
5 2.535 2.3547
6 1.845 1.3349
7 0.12 0.1225
7 2.775 2.7842
5 1.26 1.2128
5 2.5725 2.6001
4 1.8525 1.5059
4 1.0425 1.4791
5 0.6225 0.6616
5 2.97 2.9806
5 1.7025 1.3626
6 2.145 1.9562
4 1.26 1.2249
5 2.6775 2.5783
4 0.255 0.2602
5 2.535 2.7004
5 1.665 1.2808
7 1.4175 1.3728
6 1.995 1.8041
4 2.7975 2.6154
6 2.7375 2.8576
5 0.885 1.0506
5 2.2575 2.0369
7 0.585 0.518
7 1.1775 1.1088
5 0.3225 0.2274
5 2.8875 2.7823
6 2.625 2.6338
4 0.3675 0.3826
4 2.9325 2.8183
7 2.9925 3.0164
5 0.075 -0.0301
4 0.7125 0.7205
7 1.7925 1.7523
6 1.7475 1.168
4 2.355 2.3699
5 0.0375 0.0439
4 0.3525 0.2769
5 2.2125 2.0044
4 2.9925 2.905
5 2.6625 2.5643
7 0.72 0.6959
5 0.2925 0.2303
7 1.14 1.6393
7 2.8275 2.7281
5 2.9925 2.9419
5 0.36 0.625
6 1.305 1.607
6 1.83 1.363
7 1.5525 2.0997
5 2.865 2.7425
5 2.0775 1.5923
4 2.91 2.7413
5 2.79 2.7714
5 0.9 1.7861
7 2.6475 2.6036
4 1.0725 1.1499
7 1.3275 1.4471
6 2.9475 2.9329
5 0.345 0.3841
7 2.775 2.735
4 0.3075 0.2262
4 2.88 2.8812
7 2.1975 1.9884
6 0.6375 0.6017
4 0.195 0.0559
5 2.0925 1.3447
5 2.265 2.035
6 1.8225 1.6417
4 2.1375 1.7318
5 1.23 1.4157
6 2.0475 1.5551
4 2.835 2.7952
6 0.735 0.7564
7 0.975 0.8498
7 1.3725 1.3005
6 2.64 2.5199
7 0.8175 0.7374
4 1.4325 1.5967
6 1.275 1.5528
6 0.705 0.7059
6 1.365 1.5308
4 0.6 1.101
6 0.8175 1.1164
4 2.205 2.2792
6 1.1175 1.5804
7 0.2925 0.1979
7 2.7 2.6778
5 0.105 0.1571
6 2.355 2.486
6 0.87 0.8166
6 1.77 1.4525
4 1.275 0.6346
7 0.2025 0.1564
5 1.95 1.9758
5 1.0125 1.3077
5 0.96 0.8837
7 2.49 2.4901
5 0.27 0.1435
5 1.1625 1.4675
4 2.0325 1.9833
7 2.3775 2.4239
6 0.8475 0.861
4 1.4325 1.6588
6 1.845 1.5848
4 0.7275 0.9903
6 0.69 0.748
4 1.9425 1.595
5 2.0475 1.7946
5 1.17 1.5039
5 1.38 1.6867
6 2.9025 3.0781
7 1.6725 1.7021
5 0.7425 0.6571
7 2.4975 2.3796
6 2.1975 1.7913
4 1.2975 1.6236
6 2.025 2.0122
5 1.1325 1.2675
4 1.5225 1.7909
7 1.5075 1.4996
6 1.5525 1.5625
6 1.3275 1.6525
6 1.6725 1.4666
4 0.165 0.2219
5 1.56 1.467
7 1.9875 1.9022
7 1.89 1.419
4 0.195 0.4057
7 0.255 0.161
6 0.21 0.2247
4 1.7775 1.5248
5 2.1825 2.2198
6 1.4625 1.9136
5 1.0575 1.1937
4 2.13 1.7007
4 2.1075 2.2042
5 1.74 1.4226
7 2.8275 2.7442
6 2.265 2.0776
5 0.4875 0.6349
6 2.88 2.9236
6 2.355 2.1647
6 1.455 1.7353
7 1.7025 1.4451
5 1.395 1.3897
7 2.025 2.0013
6 1.0425 0.8891
5 0.99 0.8059
6 0.84 0.9065
6 2.265 1.8903
6 0.3975 0.3852
5 1.6425 1.5332
5 0.6375 1.1661
6 0.51 0.6508
5 0.525 0.7725
6 1.05 1.412
6 0.495 0.4661
5 1.8675 1.8026
6 2.6625 2.6655
4 0.03 0.1155
7 2.6775 2.6616
5 0.1875 0.138
5 1.4625 1.0201
4 1.1625 1.9378
7 0.8025 0.8617
6 1.9725 1.6999
4 2.9925 2.9096
7 0.21 0.1555
6 1.4325 1.3367
7 1.4175 1.3781
4 2.055 1.7697
5 2.685 2.7095
7 2.6175 2.604
6 1.05 0.9856
4 0.525 0.3622
6 2.01 1.9735
7 1.9125 1.7961
7 0.2325 0.2301
4 1.4625 2.4513
7 2.4075 2.4833
4 0.9675 1.0903
7 1.9575 1.9847
6 0.5925 0.6514
5 2.64 2.3994
5 1.05 1.2066
6 0.8325 1.1728
6 2.4825 2.4991
4 0.18 0.3541
4 0.0375 0.1235
6 1.32 1.4729
7 2.2125 2.1847
7 0.21 0.0829
7 0.39 0.295
7 1.8825 1.8301
5 1.32 1.2678
5 2.9925 2.9302
5 2.385 2.3509
4 1.0725 1.1174
4 1.3275 2.2148
6 1.035 1.3321
5 1.83 1.4773
5 0.8775 0.8552
7 0.3675 0.3972
7 0.03 -0.0021
4 0.2775 0.4411
4 2.1 2.5662
7 0.8175 0.8204
7 2.445 2.3477
6 1.3575 1.5523
4 1.6875 1.3388
6 0.3 0.4286
5 2.1975 1.9629
5 1.4025 1.0924
6 2.19 1.8021
5 2.97 2.9012
6 0.1275 0.097
6 2.595 2.6476
6 1.7025 1.1386
5 0.18 0.2116
7 1.215 1.4304
7 2.0175 2.0113
6 1.4925 1.3869
6 0.2775 0.2351
5 2.8575 2.8169
6 1.2675 1.4685
7 0.045 0.0636
6 2.295 2.019
6 2.7825 2.7035
6 0.5475 0.5501
6 1.365 1.2444
6 0.99 1.3082
4 1.8975 1.7859
6 1.575 1.5165
4 1.8225 1.2715
6 1.7325 1.4691
5 2.91 2.9006
6 1.17 1.415
6 2.325 2.4169
7 2.64 2.5381
6 1.635 1.3372
6 1.4925 1.5656
5 2.0475 2.1844
5 0.375 0.4173
4 0.5175 0.7275
5 1.1025 1.4436
7 2.58 2.5232
6 2.37 2.3246
5 1.8525 1.715
6 2.7975 2.8549
5 0.2625 0.3385
7 2.97 3.0135
7 0.4125 0.3946
4 1.4175 1.4707
6 2.25 2.2309
5 2.94 2.8415
5 2.28 1.4682
5 1.4625 0.9759
7 0.225 0.184
7 0.1875 0.1627
7 1.935 1.8527
7 1.83 1.8814
7 0.9225 0.9339
7 2.7675 2.7222
6 2.6325 2.6345
4 0.405 0.7777
6 2.4675 2.37
7 0.825 0.7651
5 1.83 1.8213
5 2.0775 1.9121
5 2.61 2.5997
6 0.9975 1.5009
5 1.3125 1.7197
5 0.5625 0.5561
7 0.3975 0.3624
6 1.1625 1.5466
7 1.02 1.3189
4 2.475 2.669
7 1.845 1.7322
4 2.4675 2.6326
5 0.96 1.5066
4 1.8375 1.6407
7 0.6 0.6683
5 1.0725 1.0665
5 2.865 2.9454
7 0.8475 0.9905
5 2.325 2.3498
5 1.5825 1.7517
4 0.3525 0.7538
4 1.7325 1.8192
7 0.3525 0.418
7 0.6 0.403
6 1.8375 1.5002
4 1.7025 1.588
5 1.2225 0.763
4 0.18 0.2335
6 0.9675 1.0189
4 2.88 2.9307
7 2.01 1.9478
6 1.14 1.083
4 2.475 2.2541
5 0.69 1.1006
7 2.685 2.6423
5 1.5 1.5987
6 0.615 0.6795
5 0.12 0.1817
4 2.85 2.779
4 1.98 1.8732
6 0.87 1.0774
6 0.09 0.0768
6 1.35 1.3564
6 1.1625 1.5217
5 1.6875 2.2108
5 2.8725 2.8097
4 2.7675 2.6716
7 1.8375 1.584
6 0.7575 0.8961
5 0.4275 0.7188
5 1.0125 1.2048
7 2.76 2.7198
7 1.2375 1.3059
7 2.475 2.6183
4 1.0275 1.3439
6 0.51 0.4874
6 0.2025 0.3139
7 1.8675 1.8585
4 1.44 1.6693
4 0.4875 0.5967
7 2.49 2.4779
4 1.8 1.6339
4 1.635 1.5321
6 1.7625 1.4626
7 0.96 0.9035
7 0.9525 1.0691
5 0.135 0.1738
6 1.305 1.5333
7 2.775 2.8688
4 1.53 1.2583
4 1.02 1.1064
6 1.5375 1.387
5 2.3625 1.8316
7 2.1075 2.0647
5 2.9325 2.8965
6 0.9675 0.9187
6 2.115 2.0149
7 0.345 0.3464
4 0.4875 0.4236
6 0.0375 0.0537
5 2.2125 1.5992
7 0.0525 -0.0027
7 0.1575 0.201
4 2.625 2.339
7 0.45 0.413
6 2.25 2.2558
4 0.195 0.2059
6 0.7575 0.7312
5 1.05 1.203
6 0.9225 1.7036
4 1.4475 1.6892
5 2.07 1.8222
5 2.1975 1.6551
4 1.8825 1.6442
6 2.9775 2.8865
6 0.0975 0.0666
7 1.44 1.6062
7 2.4525 2.3937
4 2.925 2.7051
7 1.89 2.0813
6 1.815 1.9855
4 2.985 2.7631
4 1.6725 1.315
6 2.6475 2.5458
4 1.065 1.6525
7 0.8325 0.9842
7 1.6575 1.5559
7 2.1675 2.0766
7 1.74 1.389
4 2.955 2.7212
6 0.8175 0.6809
5 2.595 2.7284
4 2.37 1.8268
5 2.145 1.7449
4 1.065 1.1811
4 1.335 1.3993
6 0.36 0.3647
5 0.795 1.3821
4 0.09 0.1684
5 1.995 1.0951
6 1.455 0.8628
7 1.4475 1.6429
4 0.285 0.219
5 0.8625 0.9538
5 1.605 1.1242
6 0.1425 0.1361
4 1.77 1.4187
7 1.5825 1.691
4 2.775 2.7825
6 2.5725 2.5909
6 1.9875 1.9057
7 0.525 0.5339
5 1.335 1.6663
7 0.6375 0.6694
6 0.375 0.4909
5 1.2825 1.4067
6 2.3475 2.46
4 1.0875 1.261
6 1.8825 1.4126
7 0.09 0.1162
7 0.675 0.5875
5 2.5725 2.5874
7 1.77 1.5222
4 0.0225 0.3556
6 0.1875 0.2085
6 2.58 2.6338
6 2.805 2.8316
7 0.375 0.4663
6 2.1 1.7477
7 2.7 2.8051
5 1.755 2.009
4 0.585 0.402
7 2.6625 2.6811
6 1.815 1.2061
6 1.545 1.7024
5 2.6925 2.7346
4 2.01 1.5883
7 1.275 1.4319
5 0.255 0.2636
7 0.48 0.5466
5 2.355 2.3516
5 1.29 1.6387
4 1.6425 2.1021
6 0.915 1.2683
7 2.8725 2.9177
6 1.4775 1.5563
5 1.5075 1.542
5 2.19 1.8803
6 0.75 0.8353
5 1.8975 1.6225
4 0.51 0.5619
7 0.4875 0.5819
5 2.8425 2.8988
6 1.3575 1.3393
7 0.06 0.1105
7 2.7075 2.6535
7 0.9075 0.7615
4 0.645 0.7232
5 0.87 0.8999
5 0.765 1.3704
5 2.3775 2.0992
5 0.9525 1.0931
7 2.085 2.1861
7 2.07 2.1524
4 0.615 1.1259
5 1.53 1.4051
6 2.0925 1.9885
4 1.86 1.7117
7 1.3425 1.2653
7 1.02 1.4113
5 0.915 0.841
6 0.435 0.4238
7 2.4075 2.3817
4 0.375 0.6899
6 0.735 0.9252
4 0.2925 0.2067
4 0.15 0.1206
6 0.3375 0.3712
5 2.7525 2.6685
4 2.73 2.3777
6 1.53 1.8369
4 2.295 1.7798
6 1.74 1.2239
7 0.15 0.2184
7 1.635 1.6407
6 0.57 0.5075
4 2.9475 2.9328
4 1.6725 1.1562
6 0.3525 0.2517
7 2.4 2.3893
4 0.405 0.3692
6 2.835 2.8895
5 2.43 1.8423
4 1.08 1.457
6 0.315 0.3069
6 2.64 2.5457
6 1.575 1.26
5 1.2075 1.5742
7 1.7925 1.7609
5 1.08 1.5457
4 2.01 2.1615
7 2.025 1.7896
7 0.42 0.3918
5 0.3825 0.3716
4 2.73 2.6985
7 1.8675 1.4774
5 1.0575 1.0498
4 0.8025 1.1894
5 0.36 0.4332
7 1.6425 1.5252
7 2.6625 2.6378
4 2.505 2.4618
4 1.8075 1.643
4 0.99 0.9089
7 1.2675 1.0271
6 2.13 2.0604
5 2.445 2.2658
7 2.8425 2.8141
5 2.13 2.3613
6 1.2 1.1038
7 0.5175 0.618
5 2.4675 2.0249
7 0.0825 0.0798
6 2.085 1.9929
4 2.34 1.6251
6 2.2275 2.2657
4 0.6975 0.5375
7 0.1575 0.2069
7 1.6125 1.3864
5 0.525 0.5489
5 1.875 2.145
6 0.54 0.4603
6 2.0625 1.8902
4 1.815 1.8629
7 1.4775 1.4953
5 1.0125 1.4117
6 1.065 1.4105
5 2.3325 2.2591
5 1.9425 1.852
6 2.1225 2.0505
7 0.3675 0.3738
7 1.635 1.3279
5 1.86 1.8076
5 2.085 1.913
6 0.825 1.0421
6 1.905 1.4295
4 1.515 1.3762
4 1.29 1.0611
7 1.7025 1.4908
5 1.5375 1.7839
4 0.15 0.2171
4 0.465 0.5499
4 1.5075 1.6085
7 2.2725 2.2137
6 2.1975 2.1121
4 1.41 1.658
7 1.155 1.3393
6 2.22 2.4866
4 2.5125 2.371
6 2.58 2.4524
7 0.75 0.658
6 0.765 0.8235
7 1.89 2.0039
4 0.5925 1.1758
4 2.4075 2.3049
4 2.6175 2.156
5 0.18 0.3286
5 0.2325 0.2269
6 2.1825 2.0645
5 2.8575 2.7224
4 1.8675 1.4832
7 0.255 0.2792
6 0.555 0.5899
4 2.8425 2.7811
6 2.9475 2.9216
7 1.59 1.2787
6 2.835 2.8819
7 1.1925 0.9899
6 2.0775 1.6163
7 0.6675 0.6507
5 1.0575 1.8335
7 2.1825 2.2105
4 2.73 2.5327
5 2.2875 1.8526
4 1.14 1.2648
4 0.69 1.4406
6 1.965 1.7737
5 0.12 0.1403
7 1.1175 1.1955
7 2.715 2.7091
6 2.535 2.7595
7 0.51 0.4834
6 1.0875 1.5042
7 1.71 1.8322
5 1.8975 1.7067
4 2.55 2.5217
4 0.795 0.5591
4 1.845 1.6226
4 1.3275 1.4355
4 0.315 0.2197
7 2.3175 2.3193
7 2.265 2.1036
5 2.52 2.6792
5 0.105 0.3078
6 1.4025 2.0025
4 0.195 0.2933
4 0.6075 1.1979
4 1.71 2.2347
6 2.34 2.3004
4 2.97 2.9096
4 2.49 2.1736
6 1.26 1.3072
4 1.5375 1.6308
4 0.975 1.568
5 0.075 0.1137
7 1.38 1.2323
5 1.56 1.2375
4 0.5775 1.109
5 0.4725 0.5276
7 0.3075 0.2514
7 0.1275 0.191
6 0.165 0.2575
5 0.7275 0.943
6 0.63 0.5955
7 2.9625 2.9171
5 1.1325 0.8667
4 1.3875 1.5638
7 1.215 1.1967
7 0.6375 0.5874
4 1.875 1.9169
4 2.4075 2.2599
4 0.975 1.6574
6 0.42 0.4868
5 0.6525 0.4794
5 2.4975 2.5051
7 1.38 1.3989
6 2.9175 2.9641
4 2.1075 1.501
4 0.735 0.9347
6 1.335 1.6787
7 0.0225 0.08
4 1.4025 1.2513
6 2.0475 2.1533
5 2.9475 2.2856
7 0.9825 0.76
5 0.015 0.1222
6 1.3275 1.1263
5 2.445 2.4205
4 1.8075 1.7734
5 0.2775 0.1787
5 2.6025 2.7012
4 2.97 2.7966
4 1.6725 1.7894
6 2.805 2.8814
5 0.615 1.1911
5 0.96 1.1705
7 0.315 0.4544
4 0.945 1.1188
7 1.545 1.623
6 0.7125 0.9961
7 0.4875 0.4268
4 1.2825 1.4336
4 2.7975 2.7092
7 0.915 1.0037
7 2.6475 2.6842
6 2.7825 2.9054
4 1.7925 2.2178
5 2.34 2.0035
6 2.8125 2.6721
6 0.54 0.6214
6 2.5425 2.5163
4 1.4475 1.6711
5 1.5975 1.1963
5 1.7025 1.488
7 1.3575 1.1775
4 2.8275 2.5419
7 1.71 1.5845
4 1.2525 2.0176
5 1.3275 0.9918
6 1.3275 1.4743
7 1.1625 1.1518
6 2.85 2.8628
7 2.4675 2.556
7 0.585 0.6296
4 0.465 0.7777
7 2.2875 2.2191
7 2.145 2.1044
5 2.9175 2.8796
5 1.8075 1.901
6 0.5025 0.5291
6 1.2525 1.3091
6 0.6975 0.8471
7 2.67 2.6415
5 1.545 1.1533
6 2.85 2.8929
5 2.3025 2.5865
7 1.68 1.3618
5 2.9475 2.9226
7 0.705 0.7505
4 0.4575 0.6055
6 0.4275 0.4354
7 0.9675 0.9938
5 1.935 2.2164
7 0.03 -0.0182
5 0.9 1.5734
7 0.0675 0.0257
5 2.535 2.5057
7 0.0825 0.0553
7 1.5225 1.4514
7 2.8425 2.8189
7 2.625 2.6738
6 0.465 0.5542
6 0.3 0.1554
5 1.8825 1.6177
7 1.41 1.4985
6 1.98 2.1011
7 1.92 1.6075
4 1.11 1.7061
5 1.38 1.628
4 2.8875 2.8887
4 2.0775 1.4855
7 0.18 0.2595
5 2.565 2.6681
5 0.42 0.3686
5 0.5625 0.6322
5 1.0125 0.7902
5 0.6825 0.6762
4 2.07 1.8792
7 1.905 1.7603
7 1.785 1.9238
5 1.635 1.5944
6 2.7 2.7772
4 1.98 1.4979
4 0.135 0.1637
6 0.0525 0.1728
4 0.5925 1.6093
5 1.1625 1.1302
7 0.2625 0.2356
6 2.6625 2.6692
5 1.2825 0.9487
5 0.2475 0.3011
4 0.54 1.1133
5 2.925 2.9261
7 0.0375 0.1231
5 2.385 2.5037
7 0.9675 1.1893
4 0.0 0.1283
5 2.2575 1.9359
4 1.545 1.6406
6 0.0675 0.1186
6 1.5225 1.3404
4 0.2775 0.4055
5 0.7425 1.3224
7 2.3175 2.3799
6 2.2725 2.3806
4 2.445 2.2972
6 0.93 1.1116
6 0.435 0.4186
4 1.0875 1.1411
7 0.3075 0.3252
4 2.985 2.8088
7 0.1425 0.2577
6 1.0275 0.8739
4 0.03 0.0113
4 1.5675 1.5142
7 2.07 1.9078
7 1.2375 1.3727
4 1.0275 1.0185
5 0.075 0.0434
7 2.2725 2.3282
7 2.7 2.6724
6 1.7175 1.8752
4 0.6 0.5606
6 2.8425 2.7503
7 0.525 0.5274
7 2.7975 2.8856
6 0.135 0.181
5 0.9525 0.8202
4 0.765 0.837
6 1.8 1.9158
5 0.8175 0.6677
5 0.0375 0.1629
7 2.16 2.1028
5 2.0625 1.7957
5 0.51 0.9235
6 1.8675 1.4656
5 0.69 0.4726
6 0.7425 0.7841
7 2.1525 2.1097
4 0.9225 1.5951
4 0.8175 0.5638
6 0.3225 0.3521
5 2.805 2.719
6 2.8575 2.9196
7 2.295 2.2935
7 0.735 0.6461
5 1.89 1.7487
7 0.4425 0.5121
5 2.3775 2.153
7 2.13 1.9291
5 0.045 0.1944
7 1.5525 1.6796
4 1.665 1.4609
7 1.8675 1.598
7 1.2225 1.5866
6 1.17 1.471
4 0.6675 1.0619
7 0.8625 0.8858
5 0.915 0.9456
7 0.8175 0.8686
7 0.2325 0.254
7 1.635 1.5748
5 1.4475 1.2149
6 2.88 2.8946
7 0.7875 0.7923
7 2.2275 2.2103
5 2.55 2.5606
5 2.2275 1.7707
4 2.67 2.3079
4 0.975 1.6411
6 2.43 2.3177
4 1.335 1.164
7 0.6075 0.6438
5 1.5225 1.6821
5 2.9325 2.9428
4 1.0275 1.1465
7 0.87 1.0773
4 0.5325 0.5518
4 0.9675 1.6188
7 0.6975 0.7354
4 0.09 0.1469
6 1.3725 1.378
5 1.08 1.2563
6 0.63 0.5672
7 1.5525 1.233
5 2.3925 1.8546
7 0.15 0.1405
5 1.56 0.9752
5 2.715 2.8495
7 0.8925 0.9435
4 1.4475 1.4497
6 0.18 0.3039
7 1.11 1.5476
4 0.855 1.5741
6 2.28 2.0304
5 1.3425 1.6147
7 0.495 0.6838
5 1.4025 1.1842
6 1.05 1.2312
7 2.04 2.0025
4 2.58 2.1204
5 0.78 1.0359
4 0.33 0.4618
6 1.9275 1.9033
7 1.3725 1.3515
6 1.6875 1.2634
7 0.7425 0.8539
7 2.565 2.3039
7 1.7025 1.3964
6 2.2575 2.1213
5 2.6775 2.6668
5 1.815 2.2918
6 0.15 0.1753
5 2.7525 2.8154
6 1.3425 1.92
6 1.965 1.8835
6 0.405 0.4169
4 2.3175 2.143
6 0.1575 0.1173
5 2.4525 2.3645
5 0.5175 0.7605
4 2.8575 2.7425
4 0.2025 0.3464
7 1.7775 1.6319
7 0.0825 0.0665
6 1.5975 1.6814
4 2.9475 2.9308
6 1.9275 1.563
7 2.73 2.6843
5 1.17 1.6964
6 0.1875 0.2859
4 0.9975 1.6045
4 2.28 2.4147
4 0.375 0.3954
6 1.2825 1.2975
6 0.7725 0.9057
6 2.5275 2.3859
7 2.685 2.6858
7 1.5075 1.4715
4 0.9825 1.594
6 0.0825 0.1799
7 0.21 0.1931
5 0.5775 0.5227
5 2.4975 2.6552
6 1.0575 1.0156
6 2.4525 2.3968
6 0.0 0.0268
6 1.86 1.7498
7 2.1225 2.2048
4 2.07 2.3233
4 0.795 1.6726
4 0.5625 0.6906
7 0.795 0.9409
4 1.17 1.3934
4 1.5825 1.6093
7 1.2375 1.1562
7 0.3825 0.4379
5 0.78 0.7456
5 0.99 0.9244
4 1.47 1.2616
5 2.4075 2.2088
6 2.5125 2.443
6 2.1075 1.8375
7 1.4475 1.448
7 2.3175 2.2564
7 2.715 2.6768
4 2.085 1.4359
4 0.045 0.1037
5 2.595 2.2444
7 0.3975 0.3433
7 1.5525 1.5577
7 0.0675 0.1421
5 1.74 1.4285
6 0.165 0.2372
6 0.9825 1.2819
5 1.74 1.499
4 2.6625 2.4667
4 0.7425 0.8195
4 2.31 2.0443
5 1.59 1.6982
4 0.15 0.1451
7 1.7325 1.573
4 2.3625 2.516
7 2.7525 2.8223
6 0.75 0.758
4 1.7625 1.2026
6 0.3375 0.3633
5 2.5575 2.4422
7 1.5075 1.2831
7 2.6775 2.6648
7 0.855 0.8086
6 0.735 0.7729
4 2.4975 1.8275
4 0.72 1.0887
7 1.635 1.5031
5 2.1375 1.6096
4 2.3175 2.5003
4 2.955 2.73
4 1.14 1.3556
6 2.1 2.2457
6 0.2175 0.1254
4 0.84 1.5254
4 1.83 1.5291
4 0.6225 0.8256
5 0.06 0.0554
7 0.2625 0.3351
4 2.22 2.236
6 1.0425 1.324
5 2.0775 2.2764
4 2.9175 2.6412
6 1.005 1.2031
4 0.855 1.3688
4 2.4825 2.3558
4 2.5425 2.854
6 0.5175 0.565
6 1.83 1.5263
7 1.3575 1.3087
6 1.0875 0.955
5 1.9125 1.6898
7 2.01 1.8229
4 1.9575 1.9748
6 2.9175 2.8842
5 1.9125 1.4176
6 1.665 1.3835
4 2.88 2.8541
6 1.335 1.1955
6 0.2775 0.349
4 2.49 2.724
4 0.96 2.3166
7 0.0675 0.0694
5 0.1875 0.1017
7 2.1225 2.0859
6 2.0625 2.1791
4 1.845 1.8367
7 2.0625 1.7422
4 1.5375 2.3784
4 0.7575 0.4864
7 1.0275 0.8511
7 2.715 2.731
4 1.0275 1.5552
4 2.61 2.6551
6 1.32 1.2081
4 1.3575 1.3399
4 1.68 1.6446
7 0.8775 0.8692
5 1.755 1.4993
7 0.7425 0.8418
4 0.42 1.1004
4 1.365 1.277
4 1.8075 1.5423
6 1.9275 2.2629
4 1.875 1.8967
4 1.665 1.4928
7 0.1125 0.1592
6 2.13 2.1935
5 2.445 2.2447
7 2.7675 2.8066
4 2.8275 2.8229
4 2.565 2.6009
6 2.115 2.0933
5 0.855 1.5154
4 0.885 1.3404
4 2.1825 1.3012
6 0.3375 0.4244
6 2.5575 2.5376
7 0.4125 0.4136
7 1.95 1.7104
4 2.985 2.8902
6 1.8375 1.3644
7 1.935 1.9211
5 1.17 1.88
5 1.35 1.1443
5 1.7175 1.3208
5 0.9225 1.4016
4 0.105 0.1001
7 1.2225 1.5393
7 1.365 1.7124
7 2.34 2.2955
5 2.535 2.5505
4 2.865 2.9064
5 0.855 0.981
4 2.3325 2.4974
7 0.27 0.3002
4 1.83 2.1939
5 2.7375 2.8109
5 2.3625 1.7339
5 0.4575 0.3778
5 1.2075 1.3921
4 1.4325 1.386
7 0.195 0.1571
6 2.7075 2.6813
6 1.5975 1.6127
4 1.8 1.2852
7 1.2825 1.1406
6 2.1525 1.9232
4 1.515 1.448
4 0.81 1.2511
7 2.7225 2.728
4 1.635 2.4302
7 0.795 0.8809
7 1.9275 1.7545
6 1.4325 1.5053
6 1.68 1.5534
6 2.835 2.8097
5 2.445 2.4138
5 2.7675 2.788
6 1.0725 1.3855
6 2.2875 2.2383
4 1.74 1.3844
7 0.255 0.2141
4 0.3825 0.7441
6 1.5975 1.4106
7 2.445 2.4954
7 0.06 -0.0022
7 2.865 2.9485
7 2.5575 2.5729
4 1.755 0.7707
5 0.54 0.4919
4 2.1225 1.2272
5 1.14 1.4445
4 1.2225 0.847
4 2.6325 2.2284
6 0.8025 0.8501
6 0.6525 0.636
7 1.56 1.7276
5 2.2275 2.444
4 1.0275 1.4277
5 1.95 1.3695
6 0.3225 0.2047
5 0.225 0.156
7 1.905 1.5546
5 1.7325 1.5567
7 2.2575 0.5357
5 2.0175 1.2249
4 0.9375 1.5348
5 2.37 2.1319
4 0.1725 0.2431
5 1.8225 2.0451
6 0.93 0.8386
7 0.03 0.029
5 0.135 0.0426
7 0.3225 0.3033
6 1.0725 1.1141
7 2.8725 2.9631
4 1.7175 0.9982
4 1.32 1.9622
6 2.595 2.4572
6 2.0025 1.8534
5 0.585 1.2632
5 0.45 0.5683
6 2.025 2.184
5 0.3825 0.3904
5 2.7225 2.8135
5 2.595 2.6464
5 0.0675 0.1288
4 1.1175 1.2394
7 0.6075 0.5585
5 2.235 1.864
5 2.9625 2.8794
4 2.355 2.2939
5 1.3725 1.4515
6 1.83 1.6154
6 2.8125 2.6844
5 1.59 1.312
4 1.5825 1.3789
4 1.395 1.7206
7 1.8675 2.0487
4 1.1025 1.4009
7 1.44 1.7246
4 2.2425 1.0819
4 1.56 1.5449
7 2.5725 2.4632
5 1.02 1.9127
6 1.6425 1.2472
7 0.4575 0.4108
4 1.185 1.6124
4 0.54 0.7922
6 2.4 2.4986
7 1.83 1.507
7 1.1175 1.3887
4 0.855 1.5553
4 0.2925 0.0268
6 1.9125 1.7841
7 2.565 2.6131
7 0.315 0.2405
5 1.5 1.4071
4 1.35 1.4074
7 2.8425 2.8927
4 2.8425 2.8298
5 2.4975 2.3759
7 0.2175 0.1861
4 1.485 1.7708
7 1.815 1.9065
6 0.4875 0.4802
6 0.285 0.2378
5 0.21 -0.002
4 1.3275 0.6697
5 1.2975 0.9679
4 0.105 0.0615
6 0.3075 0.3609
5 1.71 1.5094
5 0.975 1.196
6 2.37 2.3249
7 2.1675 2.2536
6 1.6725 1.316
6 0.9675 1.0177
4 0.555 0.6877
4 2.7975 2.7185
6 1.6725 1.5909
7 0.555 0.5589
7 1.6575 1.6447
5 0.045 0.2302
4 1.41 1.4319
5 1.725 1.1777
6 0.345 0.3156
4 1.9725 2.064
7 0.4275 0.3604
5 1.62 2.0239
6 2.76 2.7013
4 2.265 2.5423
7 2.175 2.0779
6 1.3125 1.4328
7 2.7375 2.7066
5 1.635 1.5189
6 0.06 -0.0138
7 1.3875 1.3492
7 2.5275 2.5002
5 2.685 2.5239
6 1.155 0.9861
5 1.755 1.9508
5 1.0125 1.1206
4 0.285 0.7887
4 1.995 0.9852
6 0.2475 0.1682
4 1.9125 1.3931
5 1.4625 1.3259
5 1.9425 1.7705
4 0.5325 0.8032
7 0.69 0.6491
6 1.1925 1.2125
7 2.5125 2.5353
6 2.3775 2.5645
6 2.625 2.5229
7 1.305 1.6387
5 1.53 1.5446
5 0.0375 0.0493
6 2.7525 2.8737
4 0.18 0.3876
4 1.755 1.5384
4 0.2775 0.4927
6 0.6225 0.6925
7 1.8975 1.8395
7 1.9725 1.8109
5 2.2875 2.3291
7 0.3075 0.3601
4 1.8525 1.5819
5 1.8375 1.6861
4 1.4775 0.8649
4 2.595 2.3919
6 2.235 2.1426
5 0.975 0.7419
6 2.4225 2.464
5 1.5675 1.8105
7 2.1975 2.1686
4 0.3225 0.5711
4 0.69 1.6855
4 2.07 1.7212
7 1.5 1.4703
5 2.685 2.7367
6 1.83 1.8999
4 1.4325 1.5316
5 0.72 1.0719
4 2.2425 2.2412
4 2.1525 2.0654
4 0.2775 0.4125
7 1.275 1.6449
5 2.4975 2.3324
7 2.355 2.395
6 1.095 0.8197
5 2.3925 2.4328
6 1.545 1.4923
7 0.51 0.557
7 1.0125 1.2346
7 1.47 1.7646
4 2.1525 1.8902
4 1.065 1.8901
5 2.3175 1.7205
4 0.6375 2.2425
7 2.1375 2.1373
7 2.7525 2.7271
6 2.6025 2.7402
5 2.115 2.1183
6 1.02 1.5808
4 0.69 0.8393
4 2.04 1.2535
5 2.1975 2.2578
5 2.37 2.55
5 2.715 2.6297
4 2.7375 2.8037
7 0.72 0.7602
6 1.05 1.2205
6 1.815 1.081
6 0.4575 0.4489
6 1.5825 1.7405
5 2.295 2.1888
5 1.47 0.854
7 0.945 1.0458
5 0.6525 0.7002
4 2.1375 2.1384
6 0.135 0.0597
7 2.1075 2.2344
6 1.02 1.2021
5 0.6525 0.8236
7 1.71 1.8545
7 0.48 0.4496
5 1.8975 1.3879
5 0.0675 0.0655
6 0.54 0.4713
5 0.42 0.4614
5 2.745 2.8151
7 0.4125 0.3354
4 0.84 0.9139
6 1.4325 1.8298
5 2.2875 2.3995
4 0.75 0.729
7 1.9575 1.5427
7 0.36 0.3328
4 0.5925 1.1533
4 0.795 1.0159
4 1.905 1.8113
7 0.045 0.0336
4 0.8025 1.7142
7 1.4025 1.2725
5 1.7775 1.5937
4 2.175 1.9757
7 2.8875 2.8279
6 2.88 2.9132
4 1.62 2.1698
7 2.1975 2.2573
7 1.6725 1.5658
7 2.1225 2.1664
7 0.7875 0.8718
5 1.3425 1.4149
7 1.575 1.3896
7 1.41 1.3882
4 1.3575 1.5106
7 2.685 2.665
7 2.925 2.8576
6 2.8575 2.8631
6 0.3825 0.4906
4 1.305 0.9462
6 1.7475 1.6932
4 2.3925 1.472
4 1.3425 0.7604
5 0.57 0.7507
5 2.31 2.0155
5 2.7075 2.8575
4 0.2625 1.19
5 2.5875 2.4565
5 2.5875 2.8395
4 0.0975 0.2736
4 2.9925 2.7005
5 0.81 1.7339
4 1.2375 1.6794
4 2.1825 2.0126
4 1.1775 1.3203
4 1.905 2.0491
5 1.035 1.4772
6 0.015 0.0188
7 0.7875 0.645
5 1.455 1.1043
5 1.5225 1.6764
4 2.91 2.9694
4 0.0225 0.1343
5 1.9725 1.6379
5 0.03 0.1053
6 0.1275 0.166
7 1.26 1.392
6 0.0075 0.08
6 2.835 2.8133
4 2.76 2.7566
7 1.4025 1.2907
7 1.4325 1.2754
5 0.9375 1.267
6 0.9375 1.2018
6 0.855 0.8485
6 1.9875 2.0501
4 1.3575 1.3399
5 0.87 0.7238
4 0.3375 0.4682
6 1.905 1.7761
6 2.595 2.5685
6 1.9575 1.7427
4 2.55 2.13
4 2.49 2.6465
5 1.365 0.8095
6 2.3475 2.3376
5 2.025 1.7958
5 1.2375 1.0676
5 0.0975 0.0652
6 0.0 0.0493
4 0.2775 0.1982
7 0.1275 0.1218
4 1.485 1.3707
6 0.255 0.1691
6 0.6375 0.5615
4 1.7775 1.4436
7 0.06 0.0457
6 0.75 0.8682
6 0.1725 0.0816
4 0.06 0.1524
7 2.4075 2.4337
5 2.61 2.7423
4 1.725 1.0531
5 2.8725 3.0032
7 0.585 0.6054
6 0.7875 0.7329
4 2.7375 2.6526
7 0.8475 0.8366
7 1.0425 0.9501
5 1.7025 1.729
7 2.3775 2.4225
5 0.705 0.7239
6 2.1225 2.0488
7 1.4925 1.2247
6 0.3225 0.3096
6 0.285 0.1621
7 1.3125 1.2988
7 1.2375 1.3942
5 0.1875 0.2772
6 1.8375 1.6411
7 0.3825 0.4154
4 0.24 0.5576
4 1.6125 1.2931
7 1.0125 1.039
4 0.105 0.2157
5 2.4825 2.0907
6 2.445 2.47
6 0.6525 0.7296
6 0.9 0.6906
4 0.7425 1.321
7 2.115 2.0843
6 1.815 1.5757
4 1.4925 1.5837
6 2.3475 2.3661
6 1.3875 1.7639
5 0.4425 0.4643
5 2.76 2.8051
7 1.2675 1.0565
4 2.67 2.565
4 2.925 2.8052
4 2.775 2.7857
4 0.645 1.0853
4 2.9925 2.4393
6 2.01 1.6254
4 0.36 1.1711
4 0.795 1.1535
6 2.1375 2.1106
4 1.7325 1.3323
4 1.3275 2.1289
5 1.2225 1.3748
7 1.395 1.352
7 1.47 1.8476
7 2.7375 2.6793
6 2.2125 2.1437
7 0.39 0.4037
4 0.5175 0.5496
5 0.0225 0.0238
4 1.26 1.4221
4 2.1225 2.2169
4 2.5275 2.2284
5 1.1775 1.4034
7 1.14 1.5467
5 0.585 0.5893
5 2.52 2.3432
7 2.6475 2.7478
6 0.99 1.1685
6 1.605 1.4539
4 1.53 0.8958
6 1.2675 1.5177
6 2.2275 2.2215
6 0.09 0.0933
6 0.7725 1.0792
5 1.005 0.8205
7 2.9775 2.9727
6 1.4775 1.0567
5 2.745 2.9283
6 1.6575 1.4394
6 0.645 0.7764
5 1.245 1.357
7 1.425 1.3715
6 1.7325 1.4519
7 2.0325 1.8593
4 1.2825 1.0582
5 0.3675 0.3552
4 1.4025 1.0997
4 1.1625 2.2892
6 1.8375 1.8574
4 0.7575 1.3604
4 1.32 1.3819
5 0.8475 1.393
6 2.115 1.6592
6 1.8075 1.5392
6 2.3925 2.4329
5 1.1175 1.457
7 0.8925 0.8686
6 1.545 1.939
5 2.7675 2.829
6 0.2775 0.3755
4 1.185 1.3424
6 0.0375 -0.0082
4 0.7125 1.2287
4 0.9 1.6104
6 1.965 1.718
4 0.75 1.537
4 0.6225 0.3826
4 2.7075 2.8259
5 0.7425 0.8644
4 0.3975 0.7604
6 2.97 2.8952
6 1.3875 1.2772
7 2.97 3.0074
7 1.4325 1.4279
5 2.8575 2.9614
4 2.3925 2.3537
4 1.275 1.3627
7 1.935 1.9893
7 2.49 2.5741
6 0.3 0.2772
6 2.34 2.3513
7 1.26 1.4349
6 2.85 2.8211
7 0.06 -0.017
6 0.3825 0.2668
6 2.7975 2.7359
7 1.6275 1.6254
4 2.175 1.6897
6 1.9275 2.0441
6 0.7125 0.865
5 2.865 2.7834
7 2.28 2.2654
7 1.3875 1.3901
6 2.475 2.312
6 2.055 1.6973
6 2.1975 2.0512
4 0.09 0.064
6 0.6 0.565
5 2.1825 1.6094
4 2.2275 1.1834
5 1.335 1.2855
6 0.12 0.1317
5 1.26 1.333
4 1.6425 1.2911
5 2.0625 1.6306
6 2.805 2.8219
4 0.48 0.4298
7 0.18 0.174
6 1.92 1.7965
5 1.395 1.5769
7 2.7675 2.8377
6 0.4875 0.5157
6 0.9825 0.9806
5 1.4475 1.0969
6 0.255 0.3472
7 0.63 0.6569
5 2.775 2.7698
6 2.79 2.8467
5 1.3125 1.8283
6 1.4025 1.6194
4 2.0925 1.5539
7 0.525 0.4496
7 0.975 0.8682
6 2.175 2.3796
6 2.91 2.9203
5 0.6 0.5335
5 2.565 2.6678
