sigma2_stimulus 	 [inf, 2.0, 3.0, 4.0, 5.0, 6.0, 7.0, 8.0, 9.0, 10.0]
log_motor_var 	 [8.12501049041748]
sigma_logit 	 [-1.0, -2.0, -3.0, -4.0, -5.0, -6.0, -7.0, -8.0, -9.0, -10.0]
mixture_logit 	 [-5.160216331481934]
prior 	 [-8.611212730407715, -8.577630996704102, -8.544219017028809, -8.510974884033203, -8.477900505065918, -8.44499397277832, -8.412256240844727, -8.379687309265137, -8.347288131713867, -8.315056800842285, -8.28299331665039, -8.251100540161133, -8.219374656677246, -8.18781852722168, -8.156431198120117, -8.125212669372559, -8.094162940979004, -8.063282012939453, -8.03256893157959, -8.00202465057373, -7.971650123596191, -7.941443920135498, -7.911406517028809, -7.881537437438965, -7.851837635040283, -7.822306156158447, -7.792943477630615, -7.763750076293945, -7.734724998474121, -7.705869197845459, -7.677181243896484, -7.64866304397583, -7.620312690734863, -7.5921311378479, -7.564118385314941, -7.5362749099731445, -7.508600234985352, -7.481093406677246, -7.453756332397461, -7.4265875816345215, -7.399587154388428, -7.372756481170654, -7.346094131469727, -7.319599628448486, -7.293274879455566, -7.26711893081665, -7.24113130569458, -7.215312480926514, -7.189662456512451, -7.164181232452393, -7.138868808746338, -7.113724708557129, -7.088749885559082, -7.063943386077881, -7.039306163787842, -7.014837265014648, -6.990537643432617, -6.966405868530273, -6.942443370819092, -6.918649673461914, -6.895025253295898, -6.87156867980957, -6.848280906677246, -6.825162410736084, -6.802212238311768, -6.779430866241455, -6.756818771362305, -6.734375, -6.712100028991699, -6.689993858337402, -6.668056011199951, -6.646287441253662, -6.624687194824219, -6.6032562255859375, -6.581993579864502, -6.56089973449707, -6.539974689483643, -6.519218921661377, -6.498631000518799, -6.478212356567383, -6.4579620361328125, -6.437880992889404, -6.41796875, -6.398224830627441, -6.378649711608887, -6.359243869781494, -6.340006351470947, -6.320937633514404, -6.302037239074707, -6.283306121826172, -6.264743804931641, -6.246349811553955, -6.228124618530273, -6.210068702697754, -6.19218111038208, -6.17446231842041, -6.156912326812744, -6.139531135559082, -6.122318267822266, -6.105274677276611, -6.088399887084961, -6.071693420410156, -6.055156230926514, -6.038787364959717, -6.022587299346924, -6.006556034088135, -5.99069356918335, -5.974999904632568, -5.959475040435791, -5.944118499755859, -5.92893123626709, -5.913912296295166, -5.899062156677246, -5.884381294250488, -5.869868278503418, -5.855525016784668, -5.841350078582764, -5.827343463897705, -5.813506126403809, -5.799837112426758, -5.786337375640869, -5.773005962371826, -5.759843826293945, -5.74685001373291, -5.734025001525879, -5.721368312835693, -5.708881378173828, -5.69656229019165, -5.684412479400635, -5.672430992126465, -5.660618782043457, -5.648974895477295, -5.637499809265137, -5.626193523406982, -5.615056037902832, -5.6040873527526855, -5.593287467956543, -5.582655906677246, -5.572193622589111, -5.561899662017822, -5.551774978637695, -5.541818618774414, -5.532031059265137, -5.522412300109863, -5.512962341308594, -5.503681182861328, -5.494568347930908, -5.48562479019165, -5.4768500328063965, -5.468243598937988, -5.459805965423584, -5.451537132263184, -5.443437099456787, -5.4355058670043945, -5.427743434906006, -5.420149803161621, -5.41272497177124, -5.405468463897705, -5.398381233215332, -5.391462326049805, -5.384712219238281, -5.378130912780762, -5.371718406677246, -5.365474700927734, -5.359399795532227, -5.353493690490723, -5.3477559089660645, -5.342187404632568, -5.336787223815918, -5.3315558433532715, -5.326493740081787, -5.321599960327148, -5.316874980926514, -5.312318801879883, -5.307930946350098, -5.303712368011475, -5.299662113189697, -5.295781135559082, -5.2920684814453125, -5.288524627685547, -5.285149574279785, -5.281943321228027, -5.278905868530273, -5.276037216186523, -5.273337364196777, -5.270805835723877, -5.268443584442139, -5.266249656677246, -5.264225006103516, -5.262368679046631, -5.26068115234375, -5.259162425994873, -5.257812023162842, -5.256630897521973, -5.255618572235107, -5.254775047302246, -5.2540998458862305, -5.253593444824219, -5.253255844116211, -5.253087520599365, -5.253087520599365, -5.253255844116211, -5.253593444824219, -5.2540998458862305, -5.254775047302246, -5.255618572235107, -5.256630897521973, -5.257812023162842, -5.259162425994873, -5.26068115234375, -5.262368679046631, -5.264225006103516, -5.266249656677246, -5.268443584442139, -5.270805835723877, -5.273337364196777, -5.276037216186523, -5.278905868530273, -5.281943321228027, -5.285149574279785, -5.288524627685547, -5.2920684814453125, -5.295781135559082, -5.299662113189697, -5.303712368011475, -5.307930946350098, -5.312318801879883, -5.3168745040893555, -5.321599960327148, -5.326493263244629, -5.3315558433532715, -5.336787223815918, -5.342187404632568, -5.3477559089660645, -5.353493690490723, -5.359399795532227, -5.365474700927734, -5.371718406677246, -5.378130912780762, -5.384712219238281, -5.391462326049805, -5.398380756378174, -5.405468463897705, -5.41272497177124, -5.420149803161621, -5.427743434906006, -5.4355058670043945, -5.443437099456787, -5.451537132263184, -5.459805965423584, -5.468243598937988, -5.4768500328063965, -5.48562479019165, -5.494568347930908, -5.503681182861328, -5.512962341308594, -5.522412300109863, -5.532031059265137, -5.541818618774414, -5.551774501800537, -5.561899662017822, -5.572193622589111, -5.582655906677246, -5.593286991119385, -5.6040873527526855, -5.615056037902832, -5.626193523406982, -5.637499809265137, -5.648974895477295, -5.660618305206299, -5.672430992126465, -5.684412479400635, -5.69656229019165, -5.70888090133667, -5.721368312835693, -5.734024524688721, -5.746849536895752, -5.759843826293945, -5.773005962371826, -5.786337375640869, -5.799837112426758, -5.813506126403809, -5.827343463897705, -5.8413496017456055, -5.855525016784668, -5.869868278503418, -5.88438081741333, -5.899062156677246, -5.913912296295166, -5.92893123626709, -5.944118499755859, -5.959474563598633, -5.974999904632568, -5.99069356918335, -6.006555557250977, -6.022587299346924, -6.038787364959717, -6.0551557540893555, -6.071693420410156, -6.088399887084961, -6.105274677276611, -6.122318267822266, -6.139531135559082, -6.156912326812744, -6.17446231842041, -6.192180633544922, -6.210068702697754, -6.228124618530273, -6.246349334716797, -6.264743804931641, -6.283306121826172, -6.302037239074707, -6.320937156677246, -6.340006351470947, -6.359243392944336, -6.378649711608887, -6.398224353790283, -6.41796875, -6.437880992889404, -6.4579620361328125, -6.478212356567383, -6.498631000518799, -6.519218444824219, -6.539974689483643, -6.56089973449707, -6.581993579864502, -6.603255748748779, -6.624687671661377, -6.646287441253662, -6.668056011199951, -6.689992904663086, -6.712100028991699, -6.734374523162842, -6.7568182945251465, -6.779431343078613, -6.802212238311768, -6.825162410736084, -6.848280429840088, -6.87156867980957, -6.89502477645874, -6.918649673461914, -6.942442893981934, -6.966405868530273, -6.990537166595459, -7.01483678817749, -7.039306163787842, -7.063943386077881, -7.088749408721924, -7.113724231719971, -7.138868808746338, -7.164180755615234, -7.189661979675293, -7.215312480926514, -7.24113130569458, -7.267118453979492, -7.293274402618408, -7.319599628448486, -7.346093654632568, -7.372756004333496, -7.399588108062744, -7.4265875816345215, -7.453756332397461, -7.481093406677246, -7.508600234985352, -7.5362749099731445, -7.564118385314941, -7.592130661010742, -7.620312690734863, -7.648662090301514, -7.677180767059326, -7.705869197845459, -7.734724998474121, -7.763749599456787, -7.792943000793457, -7.822306156158447, -7.851837635040283, -7.881536960601807, -7.911406517028809, -7.941443920135498, -7.971649646759033, -8.00202465057373, -8.03256893157959, -8.063281059265137, -8.094161987304688, -8.125212669372559, -8.156431198120117, -8.18781852722168, -8.219374656677246, -8.251100540161133, -8.28299331665039, -8.315055847167969, -8.347286224365234, -8.379687309265137, -8.412256240844727, -8.444993019104004, -8.477900505065918, -8.510974884033203, -8.544218063354492, -8.577630043029785, -8.611212730407715]
volume 	 [0.0024999999441206455, 0.0024999999441206455, 0.0024999999441206455, 0.0024999999441206455, 0.0024999999441206455, 0.0024999999441206455, 0.0024999999441206455, 0.0024999999441206455, 0.0024999999441206455, 0.0024999999441206455, 0.0024999999441206455, 0.0024999999441206455, 0.0024999999441206455, 0.0024999999441206455, 0.0024999999441206455, 0.0024999999441206455, 0.0024999999441206455, 0.0024999999441206455, 0.0024999999441206455, 0.0024999999441206455, 0.0024999999441206455, 0.0024999999441206455, 0.0024999999441206455, 0.0024999999441206455, 0.0024999999441206455, 0.0024999999441206455, 0.0024999999441206455, 0.0024999999441206455, 0.0024999999441206455, 0.0024999999441206455, 0.0024999999441206455, 0.0024999999441206455, 0.0024999999441206455, 0.0024999999441206455, 0.0024999999441206455, 0.0024999999441206455, 0.0024999999441206455, 0.0024999999441206455, 0.0024999999441206455, 0.0024999999441206455, 0.0024999999441206455, 0.0024999999441206455, 0.0024999999441206455, 0.0024999999441206455, 0.0024999999441206455, 0.0024999999441206455, 0.0024999999441206455, 0.0024999999441206455, 0.0024999999441206455, 0.0024999999441206455, 0.0024999999441206455, 0.0024999999441206455, 0.0024999999441206455, 0.0024999999441206455, 0.0024999999441206455, 0.0024999999441206455, 0.0024999999441206455, 0.0024999999441206455, 0.0024999999441206455, 0.0024999999441206455, 0.0024999999441206455, 0.0024999999441206455, 0.0024999999441206455, 0.0024999999441206455, 0.0024999999441206455, 0.0024999999441206455, 0.0024999999441206455, 0.0024999999441206455, 0.0024999999441206455, 0.0024999999441206455, 0.0024999999441206455, 0.0024999999441206455, 0.0024999999441206455, 0.0024999999441206455, 0.0024999999441206455, 0.0024999999441206455, 0.0024999999441206455, 0.0024999999441206455, 0.0024999999441206455, 0.0024999999441206455, 0.0024999999441206455, 0.0024999999441206455, 0.0024999999441206455, 0.0024999999441206455, 0.0024999999441206455, 0.0024999999441206455, 0.0024999999441206455, 0.0024999999441206455, 0.0024999999441206455, 0.0024999999441206455, 0.0024999999441206455, 0.0024999999441206455, 0.0024999999441206455, 0.0024999999441206455, 0.0024999999441206455, 0.0024999999441206455, 0.0024999999441206455, 0.0024999999441206455, 0.0024999999441206455, 0.0024999999441206455, 0.0024999999441206455, 0.0024999999441206455, 0.0024999999441206455, 0.0024999999441206455, 0.0024999999441206455, 0.0024999999441206455, 0.0024999999441206455, 0.0024999999441206455, 0.0024999999441206455, 0.0024999999441206455, 0.0024999999441206455, 0.0024999999441206455, 0.0024999999441206455, 0.0024999999441206455, 0.0024999999441206455, 0.0024999999441206455, 0.0024999999441206455, 0.0024999999441206455, 0.0024999999441206455, 0.0024999999441206455, 0.0024999999441206455, 0.0024999999441206455, 0.0024999999441206455, 0.0024999999441206455, 0.0024999999441206455, 0.0024999999441206455, 0.0024999999441206455, 0.0024999999441206455, 0.0024999999441206455, 0.0024999999441206455, 0.0024999999441206455, 0.0024999999441206455, 0.0024999999441206455, 0.0024999999441206455, 0.0024999999441206455, 0.0024999999441206455, 0.0024999999441206455, 0.0024999999441206455, 0.0024999999441206455, 0.0024999999441206455, 0.0024999999441206455, 0.0024999999441206455, 0.0024999999441206455, 0.0024999999441206455, 0.0024999999441206455, 0.0024999999441206455, 0.0024999999441206455, 0.0024999999441206455, 0.0024999999441206455, 0.0024999999441206455, 0.0024999999441206455, 0.0024999999441206455, 0.0024999999441206455, 0.0024999999441206455, 0.0024999999441206455, 0.0024999999441206455, 0.0024999999441206455, 0.0024999999441206455, 0.0024999999441206455, 0.0024999999441206455, 0.0024999999441206455, 0.0024999999441206455, 0.0024999999441206455, 0.0024999999441206455, 0.0024999999441206455, 0.0024999999441206455, 0.0024999999441206455, 0.0024999999441206455, 0.0024999999441206455, 0.0024999999441206455, 0.0024999999441206455, 0.0024999999441206455, 0.0024999999441206455, 0.0024999999441206455, 0.0024999999441206455, 0.0024999999441206455, 0.0024999999441206455, 0.0024999999441206455, 0.0024999999441206455, 0.0024999999441206455, 0.0024999999441206455, 0.0024999999441206455, 0.0024999999441206455, 0.0024999999441206455, 0.0024999999441206455, 0.0024999999441206455, 0.0024999999441206455, 0.0024999999441206455, 0.0024999999441206455, 0.0024999999441206455, 0.0024999999441206455, 0.0024999999441206455, 0.0024999999441206455, 0.0024999999441206455, 0.0024999999441206455, 0.0024999999441206455, 0.0024999999441206455, 0.0024999999441206455, 0.0024999999441206455, 0.0024999999441206455, 0.0024999999441206455, 0.0024999999441206455, 0.0024999999441206455, 0.0024999999441206455, 0.0024999999441206455, 0.0024999999441206455, 0.0024999999441206455, 0.0024999999441206455, 0.0024999999441206455, 0.0024999999441206455, 0.0024999999441206455, 0.0024999999441206455, 0.0024999999441206455, 0.0024999999441206455, 0.0024999999441206455, 0.0024999999441206455, 0.0024999999441206455, 0.0024999999441206455, 0.0024999999441206455, 0.0024999999441206455, 0.0024999999441206455, 0.0024999999441206455, 0.0024999999441206455, 0.0024999999441206455, 0.0024999999441206455, 0.0024999999441206455, 0.0024999999441206455, 0.0024999999441206455, 0.0024999999441206455, 0.0024999999441206455, 0.0024999999441206455, 0.0024999999441206455, 0.0024999999441206455, 0.0024999999441206455, 0.0024999999441206455, 0.0024999999441206455, 0.0024999999441206455, 0.0024999999441206455, 0.0024999999441206455, 0.0024999999441206455, 0.0024999999441206455, 0.0024999999441206455, 0.0024999999441206455, 0.0024999999441206455, 0.0024999999441206455, 0.0024999999441206455, 0.0024999999441206455, 0.0024999999441206455, 0.0024999999441206455, 0.0024999999441206455, 0.0024999999441206455, 0.0024999999441206455, 0.0024999999441206455, 0.0024999999441206455, 0.0024999999441206455, 0.0024999999441206455, 0.0024999999441206455, 0.0024999999441206455, 0.0024999999441206455, 0.0024999999441206455, 0.0024999999441206455, 0.0024999999441206455, 0.0024999999441206455, 0.0024999999441206455, 0.0024999999441206455, 0.0024999999441206455, 0.0024999999441206455, 0.0024999999441206455, 0.0024999999441206455, 0.0024999999441206455, 0.0024999999441206455, 0.0024999999441206455, 0.0024999999441206455, 0.0024999999441206455, 0.0024999999441206455, 0.0024999999441206455, 0.0024999999441206455, 0.0024999999441206455, 0.0024999999441206455, 0.0024999999441206455, 0.0024999999441206455, 0.0024999999441206455, 0.0024999999441206455, 0.0024999999441206455, 0.0024999999441206455, 0.0024999999441206455, 0.0024999999441206455, 0.0024999999441206455, 0.0024999999441206455, 0.0024999999441206455, 0.0024999999441206455, 0.0024999999441206455, 0.0024999999441206455, 0.0024999999441206455, 0.0024999999441206455, 0.0024999999441206455, 0.0024999999441206455, 0.0024999999441206455, 0.0024999999441206455, 0.0024999999441206455, 0.0024999999441206455, 0.0024999999441206455, 0.0024999999441206455, 0.0024999999441206455, 0.0024999999441206455, 0.0024999999441206455, 0.0024999999441206455, 0.0024999999441206455, 0.0024999999441206455, 0.0024999999441206455, 0.0024999999441206455, 0.0024999999441206455, 0.0024999999441206455, 0.0024999999441206455, 0.0024999999441206455, 0.0024999999441206455, 0.0024999999441206455, 0.0024999999441206455, 0.0024999999441206455, 0.0024999999441206455, 0.0024999999441206455, 0.0024999999441206455, 0.0024999999441206455, 0.0024999999441206455, 0.0024999999441206455, 0.0024999999441206455, 0.0024999999441206455, 0.0024999999441206455, 0.0024999999441206455, 0.0024999999441206455, 0.0024999999441206455, 0.0024999999441206455, 0.0024999999441206455, 0.0024999999441206455, 0.0024999999441206455, 0.0024999999441206455, 0.0024999999441206455, 0.0024999999441206455, 0.0024999999441206455, 0.0024999999441206455, 0.0024999999441206455, 0.0024999999441206455, 0.0024999999441206455, 0.0024999999441206455, 0.0024999999441206455, 0.0024999999441206455, 0.0024999999441206455, 0.0024999999441206455, 0.0024999999441206455, 0.0024999999441206455, 0.0024999999441206455, 0.0024999999441206455, 0.0024999999441206455, 0.0024999999441206455, 0.0024999999441206455, 0.0024999999441206455, 0.0024999999441206455, 0.0024999999441206455, 0.0024999999441206455, 0.0024999999441206455, 0.0024999999441206455, 0.0024999999441206455, 0.0024999999441206455, 0.0024999999441206455, 0.0024999999441206455, 0.0024999999441206455, 0.0024999999441206455, 0.0024999999441206455, 0.0024999999441206455, 0.0024999999441206455, 0.0024999999441206455, 0.0024999999441206455, 0.0024999999441206455, 0.0024999999441206455, 0.0024999999441206455, 0.0024999999441206455, 0.0024999999441206455, 0.0024999999441206455, 0.0024999999441206455, 0.0024999999441206455, 0.0024999999441206455, 0.0024999999441206455, 0.0024999999441206455, 0.0024999999441206455, 0.0024999999441206455, 0.0024999999441206455, 0.0024999999441206455, 0.0024999999441206455, 0.0024999999441206455, 0.0024999999441206455, 0.0024999999441206455, 0.0024999999441206455, 0.0024999999441206455, 0.0024999999441206455, 0.0024999999441206455, 0.0024999999441206455, 0.0024999999441206455, 0.0024999999441206455, 0.0024999999441206455, 0.0024999999441206455]
loss_function_weights_cosine 	 [-1.0, 0.0, 0.0, 0.0, 0.0, 0.0, 0.0, 0.0, 0.0, 0.0]
loss_function_weights_sine 	 [0.0, 0.4000000059604645, -0.25999999046325684, 0.0, 0.0, 0.0, 0.0, 0.0, 0.0, 0.0]
=======
4 1.7175 1.9102
6 1.29 1.2369
6 1.7325 1.7213
4 0.615 0.861
5 2.4375 2.583
6 2.4675 2.6591
7 1.9575 2.0473
7 0.48 0.5409
5 1.56 1.6756
5 0.9825 1.1627
5 0.75 0.8862
4 2.8575 2.6701
6 2.9925 2.9459
7 0.135 0.1447
7 2.58 2.5545
5 1.8075 1.7345
4 1.1475 1.0494
7 0.8475 0.9767
4 2.025 2.0798
5 1.3725 1.5416
7 2.055 2.0982
7 1.9875 1.9573
6 0.3975 0.1696
5 2.3025 2.4537
6 2.9475 2.9196
6 2.91 2.9177
4 1.8375 1.6641
5 0.135 0.2412
7 0.015 0.0368
6 0.405 0.433
7 2.82 2.7792
4 0.9075 1.3974
5 1.095 1.0522
5 2.6925 2.4627
7 0.945 0.9819
4 1.65 1.7294
5 1.305 1.3933
4 0.195 0.3641
6 1.755 1.5551
4 2.535 2.2537
4 0.4725 0.5213
4 0.675 0.9655
5 1.2375 1.4849
4 0.1125 0.4593
7 1.4925 1.401
5 2.4525 2.2848
7 1.9725 1.8154
7 1.5975 1.6985
5 2.565 2.557
5 0.45 0.4798
4 1.7025 1.6467
4 1.125 1.6181
6 1.8075 1.8559
7 0.3375 0.3004
5 2.325 2.0865
5 0.2925 0.2615
6 0.5025 0.6119
4 2.4225 2.1164
6 2.8425 2.6459
5 1.2975 1.1516
6 1.245 1.1891
6 0.735 0.7956
7 0.825 0.8066
4 1.8525 1.8756
5 0.5325 0.9166
7 0.36 0.35
6 1.365 1.5098
5 0.495 0.4968
6 1.9425 2.0064
4 2.46 2.6445
5 2.3325 2.1392
4 1.44 1.4131
4 1.0425 1.0668
4 1.305 1.4721
6 0.015 0.0539
7 2.1375 2.0878
7 0.9975 1.0211
5 0.96 1.0494
4 0.24 0.7597
7 1.3425 1.2482
7 1.7475 1.6922
4 1.17 0.9978
7 2.61 2.6174
7 2.0175 1.967
7 0.7275 0.6365
5 1.575 1.6703
6 2.73 2.845
6 1.56 1.6122
6 1.8075 1.703
6 0.1875 0.1116
7 1.47 1.5741
6 1.3875 1.3703
5 1.2 1.2897
4 1.26 1.1811
4 1.755 1.6187
5 1.6125 1.7077
4 1.47 1.368
4 0.495 0.557
4 1.3275 1.3373
5 2.9025 2.7993
6 1.245 1.4643
4 0.105 0.3486
6 0.0075 0.2214
4 1.605 1.9687
5 0.15 0.3301
4 0.2775 0.3321
4 0.33 0.7266
7 1.365 1.3138
7 2.9775 2.8849
5 1.455 1.326
5 1.3725 1.3556
4 1.3125 1.1155
6 1.5 1.4855
5 1.3425 1.206
6 2.175 2.0654
7 2.6925 2.6797
6 2.0925 2.1048
7 1.2675 1.3522
5 1.95 2.2248
6 2.73 2.8018
6 0.4575 0.5083
5 0.7125 0.9607
4 1.86 1.5606
4 2.0625 2.0962
6 1.9275 1.9338
7 1.7625 1.804
6 2.49 2.5008
5 1.44 1.4505
6 2.4225 2.3355
5 2.8875 2.7004
5 1.305 1.5573
4 2.58 2.4617
5 2.1525 2.233
7 2.6625 2.6903
4 0.135 0.3316
6 2.7375 2.6988
4 2.3025 2.0362
5 2.8875 2.6061
7 2.9475 2.8898
7 0.855 0.8767
4 2.01 2.2224
4 0.4275 0.668
7 1.785 1.7847
7 2.76 2.8556
4 0.5775 0.5024
7 1.05 1.0877
6 0.24 0.2409
6 0.585 0.6574
5 0.6225 0.8021
4 0.285 0.6683
6 2.9925 2.7158
5 2.6625 2.6749
7 1.395 1.4834
6 2.2275 1.9386
5 2.085 1.9064
5 1.5675 1.6914
4 1.2675 1.5796
7 1.995 1.8602
6 1.665 1.6099
5 0.795 0.9635
6 1.095 1.1175
6 1.8825 1.9041
5 1.8825 1.6663
5 0.63 2.176
5 1.83 1.7699
5 2.625 2.1538
4 2.6175 2.5136
4 1.9575 1.8818
7 0.21 0.2655
5 1.2675 1.4618
5 0.27 0.3028
5 0.165 0.0683
5 0.765 1.0119
7 1.3725 1.3712
5 2.28 2.0653
4 1.89 1.7159
5 0.8475 0.952
5 2.085 2.2369
6 1.5225 1.5192
6 1.5225 1.4505
4 0.7875 0.98
6 1.3275 1.089
5 1.0275 1.1986
6 2.1825 2.0554
5 1.4475 1.3192
7 1.3425 1.2442
5 1.4325 1.6514
6 1.44 1.3497
4 2.07 2.4165
6 2.16 0.2918
7 2.4 2.2984
5 1.215 0.9132
5 2.3775 2.1302
5 2.895 2.7325
5 2.9775 2.7017
5 2.16 2.0368
5 0.195 0.2724
5 2.5425 2.4099
5 2.5125 2.5679
4 0.0525 0.6468
4 0.9825 1.0866
4 0.9675 1.1597
7 2.22 2.1587
7 1.83 1.8248
6 0.8475 0.9554
5 0.5625 0.8477
6 0.5025 0.5987
5 0.285 0.4758
7 2.37 2.314
5 2.805 2.6568
5 0.66 0.7735
6 2.235 2.3806
5 2.85 2.7902
6 0.5775 0.5995
7 1.7175 1.7737
5 1.32 1.4769
5 2.925 2.5966
7 2.61 2.7339
7 0.045 0.0202
4 0.6075 0.9519
4 2.5425 2.3879
7 1.725 1.7382
7 1.5675 1.5989
5 2.43 2.3839
4 2.295 1.4332
5 2.865 2.8773
5 0.9825 0.8086
6 0.1425 0.2931
6 2.0775 2.0963
7 0.15 0.1669
6 1.695 1.6733
7 2.58 2.6675
4 1.1925 1.3395
5 1.8 1.7312
4 0.5175 0.6861
5 0.4725 0.3949
5 1.815 1.6891
4 2.595 2.2584
5 2.9925 2.762
5 0.09 0.3829
7 2.76 2.7221
6 1.53 1.7702
4 1.05 1.0798
7 1.1925 1.3719
6 1.7325 1.9032
5 1.0425 0.9262
4 0.435 0.5096
4 2.595 2.6615
4 2.1225 1.875
5 1.83 1.7873
6 2.1675 2.2011
6 2.955 2.8462
7 0.525 0.517
4 2.475 2.3307
5 2.4675 2.6322
4 1.0275 1.2047
7 1.68 1.6936
7 1.3725 1.3322
4 0.585 0.823
6 1.2975 1.0721
5 0.4575 0.6674
4 2.7975 2.3523
5 0.5625 0.2132
6 1.905 2.0586
4 1.71 1.3512
7 2.925 3.001
5 2.3775 2.3029
5 1.08 1.1902
6 1.125 1.0841
5 0.15 0.4908
4 0.1575 0.4838
4 0.93 1.0022
6 2.85 2.6282
6 0.15 0.2519
6 0.5325 0.4786
6 1.905 1.9106
4 1.08 1.315
5 0.555 0.6332
4 2.8425 2.3152
7 0.1275 0.1687
5 1.7925 1.8023
6 1.29 1.4312
5 1.035 1.056
5 0.585 0.3596
6 0.4875 0.4132
7 1.215 1.0955
7 2.2575 2.186
4 1.4025 1.3902
5 2.3325 2.1345
4 2.6325 2.5011
4 0.5175 0.9062
7 2.64 2.7641
5 1.7475 1.8228
7 1.26 1.3291
7 1.5375 1.6201
5 2.67 2.8556
4 1.1775 1.3075
6 0.285 0.4684
7 2.88 2.8635
4 0.3525 0.7433
7 0.3225 0.395
4 2.1675 1.9131
5 0.93 0.6648
5 0.87 0.9249
6 1.95 2.0097
5 2.6775 2.4555
4 1.035 1.3868
4 2.7225 2.3341
4 1.86 1.9626
5 1.8225 1.6938
6 1.5975 1.509
5 0.0375 0.1332
7 0.4725 0.3746
5 2.0325 1.7533
6 2.0775 2.1892
7 0.2925 0.3591
6 1.9125 1.868
7 1.425 1.4633
7 1.7325 1.7798
6 1.2 2.5978
6 0.6525 0.8322
5 1.065 0.7103
5 2.91 2.5814
6 0.5625 0.6488
6 2.5875 2.6929
5 1.59 1.8889
5 0.225 0.4336
6 2.43 2.5178
6 0.0525 0.1914
5 2.5125 2.0713
5 1.0125 1.0451
7 2.7525 2.777
6 2.1825 2.253
4 1.0725 1.1182
6 1.875 1.8008
6 2.9625 2.8616
7 0.51 0.5238
5 0.615 0.7316
4 0.87 0.7768
7 2.46 2.3722
4 0.7425 0.7552
6 0.7425 0.6934
5 1.845 1.6217
7 1.755 1.8631
7 1.2525 1.1243
7 1.65 1.5248
4 0.09 0.3206
6 0.015 0.0472
5 0.0825 0.3665
6 0.165 0.1608
6 2.31 2.4078
7 2.94 2.9726
7 0.375 0.3739
7 1.155 1.2219
4 0.045 0.405
7 1.305 1.362
6 1.9875 1.9266
5 1.875 1.7055
6 2.7075 2.659
7 1.6575 1.7448
4 0.1575 0.3125
6 1.1325 1.0523
6 1.38 1.3486
7 1.005 0.9385
4 0.105 0.2674
4 1.8825 1.7741
6 1.47 1.5674
4 2.13 2.0198
5 1.095 1.1206
5 0.21 0.3644
7 0.795 0.7677
7 0.525 0.5504
7 1.38 1.34
4 0.4575 0.5865
7 0.2325 0.2625
5 1.575 1.8326
4 0.42 0.7207
6 0.315 0.572
6 0.36 0.2593
7 2.115 2.0406
4 2.4225 1.6915
7 2.43 2.3671
6 1.725 1.7759
7 1.905 1.8579
6 2.2575 2.1819
6 1.2825 1.1948
7 1.53 1.4592
4 2.1375 2.2897
7 1.905 1.7863
5 1.83 2.0252
6 1.9425 1.9411
5 1.605 1.7667
7 0.645 0.7785
7 0.915 0.9285
4 2.0775 2.5357
4 1.26 1.0413
6 2.5725 2.6768
6 1.125 0.9607
4 2.01 2.1165
4 0.345 0.5329
5 0.9 0.9786
4 2.55 2.6284
6 0.525 0.4564
6 1.875 1.8775
5 0.0825 0.3177
6 1.83 1.8607
4 1.3575 1.7496
7 2.7 2.6657
5 2.475 2.337
6 2.3175 2.1281
6 1.0125 1.021
7 2.01 2.0858
6 0.465 0.3816
6 1.47 1.5315
5 1.17 1.4836
6 1.41 1.3139
6 0.825 0.8314
5 0.6375 0.7959
7 1.56 1.6819
7 1.9575 2.044
6 1.6875 1.7984
6 2.8575 2.9
5 1.6725 1.6301
6 0.45 0.5877
7 1.9275 1.8664
5 0.9525 1.1041
5 2.8125 2.6955
5 0.39 0.2951
7 1.3725 1.4475
4 2.0175 1.8558
6 2.91 2.8607
7 1.5675 1.5639
6 1.14 1.1086
4 2.3325 2.2093
6 2.3625 2.1662
6 2.7375 2.7611
5 2.1675 1.0844
7 0.3825 0.4689
4 2.9775 2.6309
6 2.79 2.6786
4 1.305 1.1931
6 1.98 2.0006
5 2.505 2.7638
6 2.7525 2.59
4 2.1675 2.3891
5 0.27 0.3859
5 0.2025 0.1088
5 1.1025 1.0522
6 1.365 1.4252
7 0.9375 0.9756
6 2.25 2.209
4 2.2875 2.2498
5 1.2 1.4703
5 2.0925 1.9979
6 0.5775 0.701
4 2.8575 2.7686
4 0.7275 1.0821
5 0.465 0.5348
7 1.1475 1.0398
4 2.5875 2.6221
4 1.7925 1.5276
5 2.055 1.9852
4 2.4525 2.3082
7 1.155 1.1939
4 2.88 2.5464
7 2.9625 2.7898
6 1.605 1.6015
7 2.25 2.3597
4 2.565 2.1876
7 1.7775 1.948
5 0.39 0.5027
7 1.9725 1.9035
4 1.365 1.1424
7 2.565 2.5411
6 0.63 0.6398
7 0.0375 0.0512
5 0.54 0.5766
4 0.51 0.5857
6 1.155 1.0484
7 0.6225 0.6332
6 1.005 1.0468
6 1.77 1.8502
5 0.465 0.5151
4 1.455 1.4395
7 1.065 1.2044
5 0.015 0.2148
4 2.025 2.3658
7 1.5075 1.5037
5 2.325 2.3869
6 2.6325 2.5912
7 0.1425 0.2812
5 2.145 2.1559
4 1.38 1.0755
7 2.625 2.6648
7 0.345 0.5491
7 2.52 2.5536
4 1.29 1.4208
4 0.2775 0.4853
5 1.3875 1.6463
5 2.6325 2.6219
4 0.2175 0.3296
6 1.1325 1.0729
7 0.24 0.1582
5 0.0225 0.2251
5 2.4825 2.2951
7 1.65 1.538
5 1.71 1.8494
6 2.7 2.6663
6 0.255 0.1646
5 2.835 2.4593
5 2.2575 2.3977
4 2.55 2.5532
5 2.445 2.2425
4 1.185 1.3676
7 0.0675 0.0447
5 2.9925 2.6363
7 1.8975 1.8263
5 2.1375 2.1034
6 2.085 2.1251
5 0.9 0.6963
7 1.9725 1.8958
7 1.35 1.3425
5 0.6825 0.5735
5 1.5 1.4585
4 1.4025 1.2729
5 0.9075 0.7685
7 2.25 2.2842
5 2.73 2.7387
7 1.7925 1.7049
6 0.0675 0.1714
6 1.635 1.711
5 1.89 1.9092
7 2.445 2.3953
7 0.9075 0.8555
5 0.705 0.7559
6 1.1175 1.2889
7 0.48 0.4426
4 2.34 1.8287
5 0.0825 0.2165
7 1.695 1.7048
4 2.4975 2.2499
6 0.0975 0.1614
5 0.495 0.7925
4 2.9775 2.6917
6 0.9225 0.9447
4 2.3025 2.3408
4 0.0825 0.8434
5 1.4025 1.4348
4 0.1275 0.4342
7 0.735 0.7515
6 0.0525 0.1131
5 2.04 1.9031
4 1.365 1.8581
5 1.0575 1.2023
6 1.26 1.3043
7 2.04 2.0351
4 0.78 1.1384
4 0.465 0.3081
6 0.1275 0.2213
7 1.965 1.9015
4 1.995 1.8166
6 0.72 0.8266
7 1.545 2.0795
5 2.91 2.7126
6 1.4175 1.522
5 2.295 2.3452
4 1.05 1.2567
7 1.6575 1.5398
7 2.3325 2.2787
5 2.0925 1.9547
5 1.7925 1.8513
5 0.885 0.9412
5 0.1725 0.2144
5 1.4475 1.4973
4 2.1675 1.8505
4 1.08 1.306
5 2.1825 1.9029
5 1.41 1.5428
4 0.21 0.3206
5 1.74 1.8888
7 1.65 1.6602
4 0.9675 1.2523
4 0.6 0.7179
7 2.955 3.0098
6 1.755 1.7703
7 2.175 2.094
4 0.1275 0.3183
7 2.1975 2.1671
7 0.4875 0.582
4 1.4475 1.5814
5 1.1775 1.1337
7 1.17 1.3362
7 2.37 2.389
6 0.6075 0.606
6 2.835 2.8737
7 2.55 2.479
5 1.4775 1.6513
5 2.625 2.7359
6 1.65 1.6799
7 2.7525 2.6712
4 1.4625 1.3469
5 2.9325 2.7167
6 2.235 2.1052
7 1.9725 2.0279
6 2.985 2.9855
4 2.085 1.9534
5 0.735 0.6803
5 1.9425 1.6186
7 0.51 0.4707
4 1.215 1.468
7 2.1075 0.9636
6 0.57 0.609
7 1.2675 1.2262
6 0.69 0.8526
6 1.245 1.1543
6 0.6975 0.577
4 2.1075 2.0045
4 2.505 2.5286
6 1.44 1.419
4 2.1375 2.2602
5 2.265 2.0298
4 2.4225 2.0775
6 2.4075 2.4923
7 1.9725 1.9266
5 2.2125 2.4278
6 2.19 2.1337
6 1.5675 1.7562
6 2.385 2.1515
4 0.57 1.0015
4 2.16 1.7744
6 1.9125 2.1206
7 1.62 1.7105
6 1.815 1.9175
6 2.7525 2.7024
4 2.37 2.4088
5 2.07 1.6042
7 2.7 2.7466
7 2.6175 2.6751
5 0.9825 1.0843
6 2.58 2.5642
5 2.655 2.4561
7 1.7475 1.8121
6 2.775 2.8394
7 0.525 0.566
4 2.4075 2.1261
7 0.7275 0.8354
4 1.2 1.0811
4 1.5225 1.6545
6 1.2675 1.1231
7 1.5525 1.5206
4 0.2775 0.6054
5 0.18 0.4969
5 2.175 2.4265
6 0.81 0.8472
6 0.8325 0.9956
7 2.1 2.1092
5 2.2725 1.8804
7 1.605 1.5983
6 2.4525 2.4334
4 1.05 1.2147
7 2.67 2.7635
5 1.9125 1.8952
6 2.5425 2.4134
6 2.445 2.4542
5 2.1 1.9645
4 2.775 2.4316
5 2.265 1.921
4 1.35 1.1779
4 0.3525 0.4203
7 1.2075 1.2249
4 1.845 1.5359
4 0.0675 0.3644
5 1.7925 1.8071
5 1.2225 1.4718
4 1.425 1.3679
4 0.195 0.396
4 0.2325 0.6326
7 1.9425 1.9856
6 0.81 0.7901
7 0.465 0.5426
5 2.6025 2.581
6 0.1725 0.3064
7 2.1075 2.1716
5 2.4675 2.3996
6 2.6925 2.4777
7 1.98 1.8659
6 0.1575 0.2046
6 1.3125 1.2115
4 2.625 2.1861
7 1.23 1.1564
6 1.605 1.5383
6 2.2275 2.1856
6 1.7325 1.5628
4 1.08 1.0627
4 1.7775 1.7983
6 1.395 1.2884
6 0.9975 0.953
6 0.21 0.341
6 0.78 0.7469
7 2.985 2.8744
7 0.8775 0.7958
5 1.0425 0.9712
5 2.94 2.783
4 0.3075 0.7074
5 0.7575 0.8158
4 1.1325 0.7672
4 1.395 1.4855
5 1.215 1.3606
4 0.825 1.0994
4 0.45 0.9576
4 1.665 1.6395
5 0.51 0.6286
5 0.0075 0.2089
6 2.28 2.19
6 2.2875 2.374
5 1.08 2.1808
4 2.6475 2.4366
5 0.48 0.5074
4 2.7 2.3209
4 2.0475 2.0847
5 2.01 2.1684
5 0.15 0.5367
7 2.2875 2.2804
6 0.51 0.6297
6 1.605 1.5917
6 1.65 1.608
6 0.18 0.2719
4 0.885 1.0036
6 2.76 2.7056
7 2.28 2.3433
5 0.9225 1.0814
6 2.9325 2.8766
5 0.2175 0.1693
7 1.9575 1.992
4 2.4075 2.2482
5 2.5425 2.5574
6 1.9425 1.7598
5 2.22 2.2427
5 0.7425 0.8769
7 2.3475 2.2741
6 2.04 2.1844
6 1.725 1.7425
7 0.8025 0.8933
6 2.0175 1.8079
7 0.15 0.2055
6 1.5075 1.4654
5 1.9725 1.7041
4 1.0125 1.2376
6 1.8 1.7037
5 0.165 0.2941
7 1.005 1.1936
5 1.47 1.4445
7 2.4825 2.3186
6 1.6125 1.5912
7 2.79 2.7726
5 1.1175 1.2736
6 2.6775 2.6269
7 1.7475 1.8111
5 1.41 1.3204
5 0.5475 0.5805
7 2.4825 2.5473
7 2.385 2.5324
4 1.1625 1.3693
4 0.9675 0.5496
4 0.825 1.0213
6 1.02 1.0001
7 0.27 0.2791
6 2.565 2.5573
4 1.305 1.2412
7 0.5325 0.5276
6 2.0475 1.8804
7 0.525 0.495
5 2.64 2.4139
4 0.015 0.5023
5 1.6575 1.5659
5 1.92 2.1379
7 1.0275 0.9716
6 0.5775 0.6622
4 2.7 2.3884
6 1.7775 1.831
4 2.085 2.0155
4 0.495 0.8927
7 0.03 0.0261
7 2.7225 2.7883
7 0.5625 0.5777
7 0.165 0.1217
7 2.3325 2.4114
6 1.7025 1.9705
5 0.0525 0.202
5 1.6725 1.7177
6 1.53 1.4874
7 2.7675 2.7467
5 1.77 1.86
6 0.45 0.1724
6 1.875 2.1523
6 2.4 2.2867
7 2.9025 3.0311
4 0.93 0.9188
6 1.7325 1.6771
7 0.1425 0.1029
5 2.865 2.6005
7 0.4275 0.438
4 1.9575 2.0336
5 2.565 2.4586
4 1.44 1.572
6 2.9325 2.949
7 1.2225 1.23
7 1.7025 1.7489
6 2.5575 2.4804
6 0.0525 0.0935
5 2.5875 2.6723
4 2.535 2.3635
4 0.495 0.3734
6 2.0925 2.0097
6 0.825 0.7938
7 0.5775 0.5777
6 1.53 1.65
5 2.1375 2.0506
5 1.14 1.0728
4 1.02 1.1599
6 0.675 0.5944
4 1.725 1.5945
6 1.7475 1.7292
5 2.6025 2.4684
5 2.505 2.4881
5 0.0225 0.2966
7 0.4425 0.4243
7 0.3975 0.4725
7 0.8175 0.797
6 2.2275 2.218
5 1.47 1.329
4 2.19 1.7808
4 2.5275 2.164
7 1.11 0.9892
5 0.0075 0.2526
7 0.6375 0.6834
6 1.8525 1.7502
6 1.7175 1.771
7 0.615 0.6884
5 2.265 2.0492
6 0.09 0.1516
7 0.465 0.479
5 1.5525 1.3596
7 1.815 1.9228
7 2.7525 2.6425
5 1.155 1.1961
5 2.4375 2.4422
6 1.4175 1.5181
4 0.9075 0.4779
7 2.8575 2.8792
7 1.485 1.4473
5 2.1225 2.2049
5 0.8775 0.8502
7 2.655 2.5243
4 1.4325 1.4225
5 0.1425 0.2723
5 0.2025 0.362
5 1.0575 1.1841
5 1.2825 1.3488
5 0.33 0.3261
7 2.55 2.565
5 1.6725 1.7002
6 2.8425 2.7098
4 1.95 1.9804
4 2.4 2.4101
5 0.51 0.7741
4 0.135 0.2758
4 0.6825 1.3027
6 1.26 1.1499
4 0.15 0.4353
7 2.7825 2.8702
5 0.9 1.0007
5 2.3775 2.3039
6 0.135 0.2719
6 2.55 2.4777
6 0.9975 1.3673
5 1.545 1.5916
6 1.83 1.9409
7 1.83 1.7294
7 0.885 0.9408
4 0.765 0.5142
7 1.1625 1.0833
5 1.665 1.826
7 0.0 0.0485
4 0.6825 1.0032
7 0.21 0.2961
7 2.4975 2.6286
6 2.1 2.2458
6 2.4975 2.4444
5 2.01 2.0556
5 0.105 0.229
7 0.9825 1.0305
5 2.6475 2.7321
7 1.4025 1.4437
7 0.9675 0.8882
5 0.4725 0.4758
7 2.7375 2.7743
5 0.285 0.6206
4 1.08 1.1551
6 0.945 1.1896
5 1.9125 1.6857
6 2.7375 2.6631
5 2.22 2.2261
7 2.895 2.9382
4 0.855 0.9411
5 2.235 2.3876
4 2.1375 1.6466
6 0.1575 0.1657
4 1.725 1.6274
5 2.6325 2.4017
5 0.09 0.1029
4 0.6825 0.8819
5 1.605 1.542
6 1.8225 1.9019
7 1.635 1.6823
4 2.6475 2.554
5 1.14 1.3701
7 1.9725 1.9792
5 1.635 1.3306
7 2.4675 2.4909
6 1.17 1.2694
4 2.76 2.5652
6 2.5425 2.474
4 2.1675 2.2589
4 2.745 2.215
6 1.9875 1.9835
5 0.885 0.6963
7 2.88 2.7543
7 1.0575 1.0415
6 1.0425 0.9571
7 1.8825 1.9445
6 1.5 1.3146
4 2.9925 2.6394
5 1.245 1.4753
5 2.7975 2.4644
6 1.35 1.3035
6 0.675 0.5927
4 1.605 2.0365
4 2.0175 1.8766
5 0.9 0.8462
5 1.7625 1.8758
6 1.3125 1.2865
4 0.0675 0.3853
6 0.195 0.0355
5 1.14 1.0909
6 2.1 2.2439
7 0.4725 0.4492
6 2.8875 2.8609
7 1.0875 1.1282
6 0.3225 0.4817
7 0.5625 0.7315
6 2.76 2.861
5 2.535 2.3485
6 1.9875 1.9241
4 0.1725 0.5722
5 1.9275 1.9562
4 0.0675 0.33
5 0.705 0.5931
7 0.2025 0.1164
6 2.01 2.2123
7 2.46 2.5146
4 0.7875 0.7819
5 2.985 2.9112
5 1.6275 1.6512
7 2.55 2.6333
4 0.5925 0.3535
6 2.3925 2.1553
5 1.89 2.1321
5 0.2325 0.1443
7 2.295 2.2757
5 2.295 2.0774
7 1.1325 1.0842
7 0.795 0.7717
5 0.225 0.4696
5 1.8075 1.6346
4 0.9 0.668
4 0.6975 1.2221
4 1.35 1.6904
5 0.3825 0.4204
7 1.98 1.8524
4 0.975 0.9286
7 0.885 0.765
7 1.2975 1.2425
5 1.305 0.9485
4 1.305 1.0863
5 0.765 0.7556
4 2.2575 2.4174
6 2.685 2.6473
4 1.695 1.2343
5 2.1675 2.1506
4 2.43 2.3936
7 0.855 0.824
6 2.61 2.4034
5 1.71 1.5439
4 1.905 1.5608
7 1.6575 1.6238
5 2.655 2.5207
6 1.4775 1.4753
4 2.13 2.2262
7 0.78 0.7884
5 0.48 0.4975
4 1.62 1.3092
4 2.475 2.2373
4 0.435 0.3282
6 2.175 2.0605
4 0.825 0.8939
7 0.3375 0.446
5 2.43 2.1831
4 0.1725 0.3108
4 1.26 1.1979
5 1.965 1.8346
6 2.1075 2.0129
5 2.295 2.2066
5 0.3 0.4693
4 0.39 0.6039
6 0.915 0.9649
6 2.5275 2.6812
7 2.685 2.668
4 1.2675 1.364
7 0.8475 0.9383
7 1.845 1.7995
5 1.29 1.4226
7 0.06 -0.0042
5 1.8225 1.696
6 2.7825 2.8407
7 1.995 1.9526
6 2.175 2.1811
7 0.21 0.2182
7 1.8375 1.837
4 2.82 2.4753
5 0.8175 1.0933
7 0.96 0.8821
5 0.75 0.8028
5 1.7925 1.9869
6 1.035 0.9249
7 2.55 2.5438
7 2.0325 2.0604
7 1.635 1.475
4 2.2875 1.9616
6 0.6225 0.6041
6 0.75 0.8453
4 1.2675 1.4832
5 1.185 0.9716
5 1.32 1.1594
5 2.9625 2.8014
4 0.975 1.4718
6 2.5425 2.5562
4 2.4975 2.2719
4 0.9525 1.0185
5 1.1775 1.3362
6 0.0675 0.1312
6 2.085 2.1702
6 1.455 1.4537
6 0.51 0.5417
6 2.7075 2.7514
6 1.3425 1.2838
7 0.7275 0.6428
4 1.425 1.8818
6 0.51 0.714
6 0.72 0.6177
6 1.935 1.8642
7 1.965 1.889
6 0.315 0.3474
4 2.205 1.7344
4 2.3175 2.7717
6 1.6125 1.444
5 1.83 1.8672
4 1.83 1.9247
4 2.325 1.8591
5 2.1375 2.2686
4 2.355 2.1406
7 1.5525 1.6282
5 1.4025 1.3322
7 0.42 0.5456
7 2.0175 2.0979
4 1.9275 1.8781
5 2.31 2.4071
7 1.9425 2.0198
5 1.485 1.3443
7 0.1725 0.0865
5 1.95 1.9341
7 2.025 1.9348
6 0.405 0.4696
7 0.705 0.6984
6 1.3875 1.1776
5 0.3525 0.1788
5 2.985 2.8085
5 0.2175 0.2519
6 2.1 2.174
7 2.6175 2.5283
5 0.18 0.3506
4 1.44 1.1623
4 1.32 1.4693
7 2.9325 2.9548
7 2.88 2.952
5 1.7475 1.7216
4 2.25 1.8219
4 2.6025 2.3259
4 0.3225 0.2809
7 0.33 0.2659
6 1.92 1.8188
7 2.7225 2.7548
6 2.13 2.0965
5 2.7375 2.7686
7 0.495 0.5841
5 0.825 0.7424
6 0.57 0.631
7 1.62 2.2549
7 2.8725 2.7806
4 0.6 0.7814
4 1.335 1.3689
7 1.4025 1.2423
6 1.6425 1.7298
6 0.9 0.8351
7 1.3425 1.4787
6 0.0 0.2393
6 0.0075 0.1222
6 1.575 1.6152
5 0.315 0.3234
6 1.83 1.7596
6 1.23 1.2974
5 1.2975 1.4265
7 0.8925 0.919
4 2.5875 2.5427
7 1.035 1.0518
4 2.595 2.4817
7 0.195 0.046
7 1.8975 1.9524
4 0.555 0.6789
5 2.775 2.8474
7 0.135 0.1669
4 2.4975 2.3046
6 2.3025 1.9845
6 1.1925 1.1743
4 0.195 0.2504
5 2.1225 2.137
6 2.175 2.1523
7 2.3775 2.2512
5 2.04 2.0168
6 2.4675 2.3825
7 1.1925 1.2321
6 1.9425 2.069
6 2.7075 2.6541
5 0.8775 0.9419
7 0.6825 0.7981
6 0.9075 0.9492
6 0.0525 0.2012
5 2.5275 2.5336
7 0.525 0.498
5 0.0225 0.2382
7 0.7875 1.0231
5 1.41 1.3799
6 2.7075 2.7201
7 1.05 1.0577
4 2.595 2.5883
5 2.79 2.3979
6 2.9625 2.8996
7 1.755 1.7565
7 1.9725 1.8553
7 1.6575 1.6399
6 2.3625 2.2319
7 2.0625 2.1483
5 0.3075 0.2754
7 1.23 1.2736
7 2.5575 2.7023
4 1.2675 0.8407
5 2.3625 2.3691
4 2.535 2.1441
7 2.3175 2.1884
7 2.1825 2.1574
6 0.9975 0.9641
5 1.5075 1.4201
5 2.5125 2.5167
5 1.305 1.1585
4 1.725 1.5282
5 0.15 0.3095
6 1.3125 1.2428
6 1.5 1.3295
5 0.4725 0.658
7 1.1625 1.1822
4 0.2325 0.4144
4 2.9025 2.5697
6 0.42 0.3324
5 2.1525 1.9811
7 0.8025 0.6943
5 2.94 2.7739
4 2.58 2.2064
4 1.5975 1.2317
5 0.7275 0.8167
7 0.285 0.1573
4 1.2825 0.8167
4 1.005 1.0533
5 0.6375 0.591
5 2.775 2.7236
6 1.8525 1.9358
7 0.3525 0.4303
6 1.395 1.403
6 0.9825 0.9888
4 2.3775 2.3449
4 1.7175 1.6134
7 0.0525 0.1343
5 1.59 1.7688
6 1.44 1.4526
5 0.78 1.0734
7 1.3125 1.2786
7 0.78 0.7179
5 0.3975 0.4002
6 0.8925 0.8736
7 2.985 2.9532
7 0.18 0.1105
5 1.7175 1.5298
5 2.46 2.5357
7 2.595 2.6399
6 1.38 1.3797
7 2.1375 2.2112
5 1.425 1.4214
5 1.7025 1.6902
4 0.4575 0.9216
4 2.46 2.1074
7 2.4075 2.3714
5 0.8025 0.807
4 1.8225 1.8577
4 0.6075 0.6366
6 2.37 2.2251
4 0.3975 0.6746
7 0.5925 0.5849
4 1.41 1.8889
4 0.9675 1.4469
5 1.32 1.2541
4 0.3675 0.3148
6 2.115 2.1119
7 0.48 0.3055
7 0.285 0.3296
4 1.62 1.4578
5 2.4825 2.2985
7 1.98 2.0615
7 2.19 0.3433
4 0.78 0.8449
4 1.0875 1.2786
7 1.8 1.751
7 0.9225 0.9591
4 1.1025 1.2533
5 2.3175 2.2092
5 0.255 0.2119
6 1.9425 1.9753
4 0.885 1.2655
4 0.795 0.7104
4 2.43 2.1967
5 2.4675 2.3838
5 0.195 0.1382
6 0.2775 0.1989
5 1.08 0.8467
6 1.3275 1.3912
4 1.215 1.0731
5 1.935 1.7747
6 1.1175 1.3699
6 0.69 0.7593
7 2.925 2.8695
4 2.985 2.3187
4 2.445 2.3064
5 2.535 2.3914
4 2.94 2.7705
6 2.355 2.2163
7 1.695 1.8361
5 0.15 0.4615
7 0.615 0.7602
6 1.7775 1.7407
6 1.4775 1.6125
6 2.5425 2.4259
4 0.0375 0.4006
4 1.2675 1.4529
4 0.2325 0.4009
5 0.84 0.6875
5 1.1325 1.4125
6 2.205 2.1727
6 2.265 2.2217
4 2.0925 2.0622
6 1.305 1.2317
6 1.5675 1.5376
5 2.2425 2.1934
4 2.085 1.787
5 0.57 0.595
6 2.5875 2.5522
4 2.4375 2.3354
7 2.175 2.2097
7 1.9425 2.0265
4 1.6275 1.6436
5 0.5475 0.8782
6 0.225 0.1237
6 0.2625 0.2368
7 0.12 0.1502
4 0.675 1.0966
7 2.985 2.7942
5 1.7325 2.0216
7 0.0 0.0717
6 2.5125 2.5034
5 0.165 0.1735
7 1.2375 1.2674
4 1.71 1.8647
7 0.825 0.7886
6 2.595 2.7126
7 1.38 1.5613
5 1.845 1.8726
6 2.685 2.6201
7 0.9975 0.8994
5 2.3325 2.3411
6 2.265 2.0658
5 1.605 1.5376
6 0.9525 0.8281
6 2.9775 2.8458
5 1.35 1.3744
5 1.275 1.4007
6 1.8525 1.9065
5 0.705 0.4964
7 1.3875 1.4387
4 0.8325 0.9901
6 1.665 1.7106
5 0.42 0.4355
7 0.09 0.075
6 2.085 2.2507
5 0.735 0.9021
6 0.0375 0.0702
6 0.4575 0.5578
6 2.385 2.3109
6 2.775 2.6383
6 2.88 2.802
7 1.2 1.3989
4 1.3575 1.5725
4 1.7925 1.5094
6 2.79 2.7107
7 2.235 2.1522
7 2.4975 2.453
7 0.285 0.2186
4 1.635 1.7514
7 2.01 2.1653
7 0.735 0.6761
7 1.155 1.1888
6 0.225 0.4278
7 2.2725 2.22
6 1.6425 1.7946
7 0.36 0.3754
7 2.265 2.3416
6 2.8425 2.5762
4 1.4325 1.022
5 2.7075 2.5099
4 1.8075 1.7183
6 1.065 1.0815
7 1.395 1.3606
7 2.895 2.8035
5 2.61 2.4029
6 1.2975 1.4272
4 1.77 1.4956
7 1.005 1.073
5 2.5425 2.4193
6 2.4825 2.5442
7 1.0125 1.0192
4 1.05 1.1166
4 2.8425 2.7011
5 1.635 1.4985
5 0.195 0.3589
6 0.42 0.5042
5 2.5875 2.5282
7 2.79 2.6964
6 0.3975 0.5819
6 2.5275 2.4569
7 0.2325 0.3292
7 0.9825 1.013
6 1.3125 1.3951
7 2.67 2.7048
5 1.3575 1.2683
6 1.14 1.1753
7 1.5525 1.5024
6 0.1875 0.2587
5 1.47 1.4159
5 0.705 1.0746
6 0.4725 0.5338
4 0.1725 0.4337
6 2.6775 2.6008
6 0.705 0.5895
7 2.025 1.9621
7 1.2 1.1423
6 1.1925 1.2275
4 2.4825 2.4013
5 0.7575 0.625
6 1.3575 1.1302
4 1.3425 0.4032
5 2.3025 2.1471
5 2.7525 2.6499
6 1.17 1.123
7 0.135 0.1795
7 0.21 0.2979
6 1.9725 1.9741
7 2.1375 2.052
7 0.075 0.0611
6 2.925 2.8364
5 1.6425 1.7497
6 0.555 0.5192
7 0.06 0.0854
5 1.1475 1.121
7 0.5025 0.4996
7 2.745 2.6841
6 0.435 0.4553
6 2.0775 2.1352
5 1.32 1.1493
7 2.775 2.7794
7 1.4475 1.4374
4 1.9425 1.8693
6 2.97 2.8286
5 1.1025 1.1667
7 1.5825 1.6252
6 1.3725 1.2753
6 2.2125 2.2797
7 0.7425 0.8028
6 0.2775 0.1298
5 2.3175 2.0968
7 1.83 1.7802
6 1.41 1.4156
4 1.335 0.9446
7 2.58 2.6611
4 0.9225 0.8644
7 0.8175 0.8493
5 2.5275 2.36
7 0.93 1.74
4 2.4825 2.3443
5 0.165 0.4641
4 0.9675 0.9983
5 0.9225 0.9839
5 2.535 2.5401
6 1.3275 1.2568
4 2.985 2.4885
6 2.2875 2.3415
6 2.085 2.0075
5 1.035 0.9542
6 1.6125 1.4559
7 1.68 1.8917
4 1.365 1.4752
4 0.33 0.6487
6 0.96 1.0485
6 1.5225 1.5801
7 0.87 0.8934
6 1.6875 1.7642
7 0.84 0.9294
5 2.49 2.5876
4 0.5775 0.5459
6 2.1225 2.2859
4 2.2425 2.3628
4 2.865 2.6433
5 2.3625 2.3459
4 1.56 1.6491
5 0.615 0.9646
4 0.135 0.3602
7 1.71 1.74
6 2.5125 2.583
4 1.9275 1.208
6 1.7325 1.6401
6 2.745 2.7416
7 2.1675 2.179
5 1.965 2.1375
5 2.64 2.6305
6 1.845 1.7442
6 2.8125 2.7776
6 0.03 0.0907
4 2.2725 1.8921
4 0.81 1.1266
4 2.9325 2.39
6 2.6775 2.6563
7 2.445 2.4974
5 2.4975 2.2716
6 0.2775 0.2454
6 0.015 0.1755
7 1.1925 1.2297
6 0.075 0.0463
7 2.9175 2.8882
4 0.255 0.5397
4 0.9975 0.9361
4 0.825 0.9549
7 1.605 1.5461
6 2.4525 2.3831
7 0.2025 0.21
7 1.2525 1.1798
4 0.3675 0.5314
6 1.815 1.725
5 1.6125 1.7991
7 0.3975 0.3338
4 2.0775 2.2163
5 0.51 0.493
5 0.4725 0.2345
5 2.3325 2.3564
4 0.3975 0.8286
5 1.8225 1.4482
7 2.1675 2.2554
5 0.3225 0.5852
6 2.595 2.6846
6 0.9225 0.9862
5 1.7325 1.9151
4 1.14 0.9876
6 2.955 2.854
5 2.685 2.5547
7 1.095 1.0911
6 0.9675 0.9599
4 2.7375 2.3888
5 2.6325 2.6773
6 2.46 2.4181
7 2.7375 2.8138
7 2.97 2.8945
5 0.7275 1.0048
4 2.8275 2.6232
7 1.7175 1.6901
7 1.56 1.5537
7 1.08 1.0842
5 2.415 2.4896
4 2.0775 2.1455
4 0.0375 0.3395
7 2.7225 2.7778
5 1.5 1.4392
7 0.72 0.8269
4 1.815 2.0213
4 1.2825 1.3188
6 1.0425 1.0072
5 1.1475 1.3089
6 2.8575 2.8205
7 0.585 0.6073
5 1.5675 1.5465
4 1.3725 1.1875
6 0.1725 0.1588
5 1.6275 1.4769
7 1.6875 1.7046
4 2.07 1.9549
4 1.7475 2.2212
7 0.75 0.8236
5 0.315 0.4487
7 2.37 2.4619
7 2.5575 2.5061
5 0.8775 0.6517
7 1.14 1.185
4 2.3325 2.2691
7 1.4475 1.3878
7 2.295 2.2732
7 2.7225 2.6207
7 1.2825 1.333
5 2.8725 2.4959
4 0.8175 0.9775
5 0.5175 0.518
4 0.7275 0.8875
7 0.3675 0.2775
4 1.7925 1.8151
6 2.3925 2.3352
6 2.9625 2.9212
7 1.335 1.4105
7 2.4675 2.4977
4 2.04 1.8261
6 1.3275 1.496
4 0.93 1.104
4 1.2075 1.4152
6 2.445 2.2977
4 0.8775 0.9797
6 0.6975 0.6738
4 0.6075 0.5253
7 1.0575 1.092
6 0.4875 0.5772
4 0.8025 0.796
7 0.045 0.0771
5 2.37 2.2331
7 0.96 0.8177
4 0.99 0.9954
5 0.8325 0.9036
4 0.3075 0.6022
5 0.9675 1.1358
6 1.395 1.4635
7 2.88 2.7886
4 0.9675 1.224
4 1.245 1.4194
6 1.2 1.3259
5 1.395 1.2007
4 1.8525 1.9785
5 2.0025 2.0386
6 0.93 0.7974
4 1.185 1.2746
4 1.9575 1.5215
4 2.295 2.216
5 0.87 0.7893
4 0.0825 0.4646
6 2.9475 2.8655
4 1.785 1.8138
4 1.5675 1.5767
6 1.125 1.2445
6 2.2725 2.2365
6 1.1475 1.1026
4 2.9325 2.664
4 1.08 1.1446
4 2.8275 2.6292
4 0.105 0.8928
5 1.1475 1.0685
4 1.35 0.8885
5 1.5 1.6078
7 0.48 0.4401
5 2.16 2.0883
7 0.45 0.5514
6 0.4275 0.4414
7 2.7 2.743
4 1.3125 1.251
6 2.625 2.6658
5 1.0725 1.09
5 2.6775 2.7161
7 0.255 0.2305
6 2.7525 2.6525
4 2.91 2.6005
7 1.9725 2.0115
6 0.5925 0.6394
6 2.8875 2.8837
5 0.81 0.7324
6 1.7175 1.5859
5 1.41 1.3321
6 2.865 2.8473
4 1.89 1.8635
4 2.4225 2.1975
5 1.23 1.3298
5 0.795 0.771
5 1.005 1.1338
5 1.7325 1.644
5 2.2875 1.8771
7 2.2575 2.2608
7 2.6175 2.7402
7 1.725 1.6569
6 1.6575 1.6495
7 1.2825 1.1912
5 0.885 0.9051
7 2.235 2.2134
6 0.24 0.1805
6 1.9425 1.8921
4 0.5175 1.0296
4 0.15 0.5956
5 1.53 1.3268
7 2.1975 2.2345
5 1.53 1.7374
6 2.7075 2.7097
4 2.475 2.1959
6 2.145 2.1856
7 2.1525 2.2118
7 2.4825 2.4598
6 1.0725 1.1487
5 2.355 2.4105
5 0.0825 0.407
6 2.985 2.9088
5 0.525 0.5756
4 1.215 0.809
6 1.095 1.2114
6 0.885 0.8904
7 0.27 0.2702
6 2.82 2.8931
7 2.82 2.7414
7 2.7825 2.7431
7 1.83 1.9485
6 0.51 0.4481
4 1.8975 2.1081
5 2.7075 2.3976
4 0.9975 1.3055
4 0.2475 0.766
6 2.0775 2.0839
4 2.355 1.9513
5 1.2675 1.2153
6 1.71 1.6223
6 2.0775 2.1978
5 1.5675 1.2467
4 2.655 2.4673
4 0.78 1.0986
6 0.555 0.4878
7 2.1825 2.2791
7 2.6775 2.5363
6 2.88 2.8744
7 0.42 0.4556
5 1.1175 1.3789
6 0.69 0.7732
5 1.6425 1.8226
6 0.8325 0.6809
5 2.0925 2.0424
5 1.4325 1.4153
5 2.2725 2.1909
5 1.905 1.8435
7 2.79 2.8826
5 1.035 1.057
6 2.16 2.0714
6 1.71 1.6138
7 1.4775 1.6465
6 0.825 0.7353
7 1.155 1.0852
7 2.4225 1.5912
5 2.025 2.1483
7 2.0025 2.0529
5 1.9725 1.765
7 1.2075 1.2847
5 2.3625 2.5113
7 2.2125 2.35
6 2.61 2.384
5 2.3475 2.0023
6 1.755 1.8282
6 2.235 2.3675
5 0.225 0.3182
5 2.85 2.8124
5 1.1475 1.4112
5 0.51 0.4261
7 0.15 0.0589
7 2.0175 2.0251
7 0.6075 0.5345
5 2.22 1.7185
4 0.9825 1.0275
5 1.1925 1.0466
5 1.0875 1.147
4 2.3025 2.0128
5 2.9925 2.7676
7 2.745 2.8145
6 0.225 0.2844
6 0.36 0.5422
5 1.7475 1.6532
7 2.4825 2.3963
4 2.4675 2.3515
4 1.965 2.0221
6 2.5575 2.4992
6 1.785 1.7588
5 1.5225 1.2642
5 0.06 0.3155
5 2.475 2.546
6 0.555 0.6558
6 1.005 1.1414
7 1.74 1.6755
7 0.8775 0.9296
7 2.85 2.7986
5 2.9625 2.8187
4 0.315 0.277
5 2.4675 2.2708
7 1.0875 1.1338
6 1.0725 1.1701
7 1.095 1.0896
5 2.6475 2.7618
6 0.7875 1.0344
7 2.7 2.6489
6 2.1375 2.095
5 0.645 0.6825
6 0.045 0.0527
4 1.9425 2.1214
5 1.77 1.9758
5 0.5175 0.6049
7 0.315 0.4208
5 2.865 2.6836
5 1.3425 1.2018
6 2.31 2.3162
5 0.06 0.1436
5 0.81 0.8512
6 1.2975 1.2665
5 1.08 1.2354
6 1.845 1.8918
7 2.82 2.8506
6 1.5525 1.4273
7 2.7675 2.8232
7 1.6425 1.6281
6 2.355 2.3857
5 0.6375 0.8094
4 1.245 1.2037
6 1.665 1.7447
5 0.2175 0.1397
6 2.3625 2.2718
7 0.615 0.6442
6 2.8875 2.7764
5 0.4575 0.5866
4 1.68 1.6259
7 2.82 2.8811
6 1.7475 1.8844
6 1.395 1.3605
7 2.4375 2.4704
5 1.4025 1.2747
5 1.65 1.4222
7 2.4525 2.4987
5 0.42 0.3334
5 0.6675 0.9581
5 0.06 0.1914
6 1.905 2.8206
4 2.4825 2.5364
4 1.8375 1.8371
7 1.5675 1.4719
6 2.1525 2.2264
5 0.0 0.2082
6 0.21 0.2976
5 0.765 0.8158
5 0.735 0.6194
7 0.3525 0.3149
5 2.9925 2.6895
5 1.995 1.9457
5 2.1225 2.28
4 2.31 1.9928
5 0.06 0.2571
5 0.3225 0.525
6 0.1425 0.2591
5 2.7975 2.7032
7 2.52 2.5076
4 2.2875 2.1511
5 1.5675 1.6523
5 2.88 2.8972
6 2.0475 2.0428
5 0.1575 0.3878
6 1.515 1.3446
7 1.1775 1.0943
5 0.6675 0.6229
4 2.9475 2.5135
5 1.3875 1.5098
7 2.31 2.3083
6 0.2775 0.2836
5 0.78 0.8574
5 0.1125 0.1562
7 2.1075 2.065
6 2.3475 2.3944
5 1.095 1.3364
5 2.67 2.5882
4 1.4625 1.3295
4 1.8375 1.7443
4 0.585 0.643
4 0.2325 0.4095
5 2.6325 2.6544
4 2.835 2.5619
6 0.4425 0.3329
7 0.465 0.3948
6 1.2225 1.0272
7 2.28 2.383
6 1.4775 1.3994
5 2.8425 2.6714
4 1.9575 2.0831
6 1.395 1.2907
6 0.075 0.1271
4 2.265 2.1121
4 1.605 1.5485
5 2.7825 2.6435
5 0.5475 0.4826
5 0.6825 0.4851
6 1.815 1.7769
4 1.395 1.4721
4 2.2875 2.3868
7 0.5925 0.5263
7 1.08 1.0265
7 2.1825 2.0495
5 2.5875 2.6009
4 1.605 1.2877
5 2.0625 2.1177
7 0.39 0.4421
4 1.485 1.6028
7 0.075 0.1691
6 0.645 0.7953
6 2.4225 2.489
4 1.2525 1.6747
6 0.5025 0.5315
5 1.26 1.2054
5 1.2075 1.4865
5 2.4825 2.4048
6 0.5925 0.7167
4 1.4025 1.7749
5 2.745 2.6717
7 1.5075 1.4344
6 1.53 1.7306
6 1.38 1.4233
5 0.525 0.3606
4 0.3075 0.5147
4 2.175 1.9474
6 0.6075 0.6142
4 2.7975 2.5239
7 2.73 2.6951
7 1.6125 1.5007
4 0.8025 1.0978
6 2.4225 2.1279
4 2.82 2.5188
4 2.775 2.6939
6 1.5675 1.6689
5 1.8525 1.8395
7 1.0575 0.9821
4 0.3375 0.566
7 0.4725 0.522
5 0.15 0.1531
7 1.8075 1.7773
6 0.42 0.5044
6 2.505 2.5384
7 1.53 1.6193
4 0.675 0.4067
7 1.1775 1.2535
4 1.245 1.4804
5 1.8375 1.8341
5 2.0775 1.9491
4 0.42 0.9688
6 1.4775 1.2904
7 2.025 2.0254
7 2.7525 2.6484
6 2.4375 2.2821
4 0.0075 0.2327
5 1.815 1.5286
4 0.36 0.41
7 1.6725 1.5628
4 2.91 2.3602
7 0.675 0.6302
5 1.14 0.8995
7 0.8775 0.9154
5 1.2675 1.0539
7 0.3525 0.4242
5 0.9375 1.1937
4 0.705 0.9898
5 0.24 0.1723
4 0.18 0.5026
5 0.81 0.822
6 2.145 2.0182
5 0.03 0.1582
7 2.4975 2.4823
6 1.32 1.2573
4 2.355 2.0127
4 0.6075 0.8184
7 2.1675 2.0959
4 0.03 0.4095
5 0.555 0.7408
5 2.7975 2.7176
4 1.515 1.3726
6 1.62 1.6842
7 0.825 0.791
7 0.2025 0.1665
6 0.1725 0.3372
5 0.0225 0.3197
5 2.19 2.0053
4 1.4925 1.6236
4 1.14 1.2908
6 0.825 0.7669
7 2.985 2.9576
4 0.2025 0.3026
6 0.6225 0.7531
5 1.1775 1.4289
4 2.025 1.5572
6 2.1375 2.1462
4 2.9175 2.7355
7 1.7175 1.518
6 1.0575 1.1382
5 2.07 2.1747
4 1.1475 1.0483
7 1.335 1.3285
6 2.355 2.374
4 2.55 2.5109
6 1.815 1.8007
4 0.375 0.6367
6 1.92 1.8367
7 2.4 2.4857
6 2.4225 2.3533
4 1.3125 1.2162
4 1.56 1.4214
7 1.1175 1.1834
5 0.0 0.276
7 1.44 1.5002
4 1.2375 1.4449
7 0.765 0.7735
5 2.1075 2.1159
5 0.645 0.7776
6 1.95 1.9254
4 0.15 0.3811
6 1.59 1.6552
5 0.915 0.8619
5 2.865 2.8916
4 1.0275 1.0418
5 1.38 1.2915
4 0.375 0.3654
6 2.61 2.5814
7 1.17 1.104
6 1.8075 1.8448
7 2.34 2.1749
4 1.1925 1.2875
5 0.0375 0.2509
5 2.5275 2.6205
7 0.6225 0.6795
7 2.9625 2.9585
6 0.51 0.5974
7 0.3075 0.2207
4 1.9125 1.8182
7 0.225 0.2836
6 1.5 1.4412
7 2.61 2.6387
7 2.955 3.0001
7 0.6 0.6665
7 2.6325 2.5812
5 2.8725 2.6965
5 1.3725 1.497
6 1.32 1.2147
6 0.5325 0.56
6 0.8325 0.6778
4 1.8225 2.0636
4 1.215 1.4972
5 2.865 2.8272
6 1.17 1.2464
6 0.4875 0.4836
4 0.8475 0.7351
7 2.91 2.724
6 0.315 0.5463
7 0.7275 0.6539
7 1.98 1.9879
5 2.4525 2.2022
5 0.705 0.8783
7 0.4725 0.4269
4 1.3275 1.5242
6 0.9825 0.9119
4 1.2225 1.6517
5 0.9225 0.6544
7 1.725 1.6186
7 1.35 1.4263
5 0.42 0.3691
7 1.0875 1.0304
7 1.7175 1.6249
5 1.3275 1.5329
7 1.4625 1.4358
7 1.98 1.9016
4 2.8125 2.6849
5 2.205 2.1753
7 0.8775 0.9019
5 1.8225 1.9548
6 1.8675 1.9829
4 0.4425 0.1962
4 2.205 1.7583
4 2.67 2.7368
7 2.6325 2.5912
5 2.2275 2.2691
7 2.0775 2.0809
5 1.7925 1.65
6 0.495 0.6057
7 1.98 2.1026
4 0.12 0.4952
7 0.4125 0.5972
6 0.225 0.1547
4 0.915 0.9635
4 0.5925 0.7184
5 2.4825 2.4841
6 1.6725 1.6894
4 0.7125 0.7433
5 1.215 1.0228
5 2.5125 2.4232
7 2.6325 2.7491
7 2.2875 2.3369
6 1.3425 1.2379
7 0.99 1.0218
4 2.73 2.3925
5 2.8575 2.6424
6 2.25 2.297
6 1.3725 1.3638
4 2.16 2.3203
5 1.0275 1.0705
6 0.5325 0.4549
6 0.5475 0.5235
7 1.3575 1.3443
5 2.9625 2.7599
5 1.7025 1.6596
4 2.3925 2.1766
7 2.52 2.5758
5 2.9475 2.6793
7 2.8125 2.8841
7 0.4575 0.502
4 0.9225 1.0286
4 0.405 0.5101
7 1.86 1.8255
4 2.775 2.6382
5 1.2825 1.2559
6 2.985 2.8457
7 0.8175 0.8135
7 2.01 2.0431
4 1.1625 0.9781
5 1.59 1.6371
7 2.6925 2.676
4 2.2875 1.916
7 0.21 0.1567
4 2.34 2.3866
7 2.7225 2.7426
7 2.2125 2.2577
6 2.19 2.0252
7 2.79 2.8492
4 1.815 1.2782
5 2.58 2.7263
4 0.315 0.8531
4 0.285 0.294
5 0.5775 0.5764
6 0.5475 0.5445
7 2.595 2.5502
4 2.445 2.0549
6 0.2025 0.2497
4 2.8125 2.5029
4 2.1375 2.0656
4 0.975 1.1722
6 2.535 2.4564
4 1.68 1.7465
5 0.6675 0.8123
6 1.02 0.9536
5 1.515 1.5842
5 1.02 1.0286
7 2.3175 2.4927
6 1.905 1.9491
7 0.825 0.7493
7 2.985 2.9131
6 0.825 0.9009
5 1.1025 1.3721
6 1.5075 1.4755
6 2.5275 2.4051
7 2.3325 2.2962
7 2.1075 2.0685
4 1.605 1.5738
6 1.0725 1.159
7 0.705 0.6095
6 0.9 1.0011
4 1.6425 1.8867
6 0.12 0.196
6 2.295 2.0955
7 2.4225 2.4716
7 0.7875 0.8356
5 1.3725 1.2833
7 2.8875 2.9636
5 0.525 0.6386
6 1.215 1.1774
6 1.0875 0.9856
6 1.74 1.6007
5 2.8725 2.7237
5 0.6825 0.8342
4 1.5075 1.5359
5 2.775 2.7074
6 1.86 1.9031
4 1.14 0.9977
6 0.4575 0.223
5 0.69 0.9543
5 1.935 1.9243
7 2.0925 2.0292
6 1.71 1.7692
6 2.2875 2.2883
4 0.0675 0.6008
4 2.1525 1.8652
6 2.76 2.7788
4 1.74 1.3546
7 1.275 1.1863
7 0.0375 0.0813
4 0.66 0.6198
7 0.9975 1.108
7 0.48 0.5537
4 2.6475 2.0076
5 2.82 2.5551
5 0.585 0.5995
4 2.6025 2.7021
6 0.15 0.2488
6 2.295 2.3268
5 2.4825 2.5042
6 1.2375 1.114
4 2.3175 2.1814
4 0.975 0.8781
4 1.3875 1.4517
5 1.1025 1.1418
5 2.6325 2.7617
7 1.9575 1.9933
6 2.4675 2.3112
7 2.9925 2.9978
7 1.17 1.2737
5 1.7925 1.7505
6 2.0775 2.2159
5 2.2275 2.3135
4 0.5625 0.3938
6 0.3375 0.3502
5 1.545 1.6245
4 1.455 1.6106
7 2.0475 1.9717
4 0.69 0.9796
7 2.265 2.3258
4 1.2075 1.2431
5 0.06 0.3014
4 1.59 1.5348
7 0.93 0.9406
4 0.2475 0.7106
7 2.1075 2.1367
4 2.7825 2.5709
5 0.4725 0.5896
7 1.4325 1.5222
5 0.18 0.1256
4 1.41 1.0066
7 0.1275 0.1013
4 1.455 1.8272
4 0.585 0.7059
5 0.84 0.6948
5 0.5775 0.6602
6 2.6775 2.7506
4 1.5225 1.7728
4 1.44 1.3461
5 1.5 1.4675
7 2.6925 2.7383
4 0.6675 1.0374
4 0.6075 1.0467
5 0.5625 0.6331
6 2.505 2.5263
6 1.71 1.7384
5 0.495 0.4207
6 0.1275 0.1621
5 0.225 0.2359
5 2.0325 1.7871
4 2.52 2.361
5 0.825 1.0262
4 0.7875 1.1788
6 2.22 2.1083
7 1.6275 1.6589
7 2.355 2.4377
4 0.9975 1.5182
6 2.4 2.6016
4 0.6075 0.689
5 1.5375 1.7774
5 2.745 2.767
7 1.725 1.7017
4 1.185 1.2026
5 1.485 1.3045
6 2.805 2.8713
7 0.7125 0.7843
5 2.9775 2.7188
4 1.9575 2.2385
4 0.405 0.3772
5 0.7275 0.7654
7 0.81 0.609
7 0.4425 0.3784
5 0.2325 0.2781
4 0.3225 0.2642
6 1.2 1.1912
6 1.05 0.9823
6 1.2375 1.2384
5 0.1875 0.4141
7 2.22 2.2104
6 1.4025 1.3164
5 0.0375 0.3217
6 1.26 1.2068
5 1.725 2.0293
6 0.5025 0.3361
4 2.805 2.7522
5 0.135 0.1887
5 0.735 0.7225
7 0.69 0.6015
6 1.5225 1.6215
4 0.0675 0.3994
7 0.345 0.1908
5 0.6225 0.7844
4 0.6225 0.8235
4 1.7175 1.4729
7 2.7075 2.6039
5 0.6675 0.4669
6 1.5375 1.5019
5 2.34 2.7302
4 2.0625 1.7615
4 1.3275 1.5852
6 0.8025 0.8073
5 0.795 0.7838
7 2.745 2.6796
4 1.6425 1.3549
6 0.6375 0.7018
5 2.19 2.0667
6 1.0275 1.0095
5 0.24 0.328
6 0.4425 0.4659
5 1.6125 1.4761
4 0.5325 0.5965
6 2.4825 2.5684
7 1.0575 0.918
4 1.23 1.6545
5 0.615 0.7023
6 2.9925 2.8614
7 0.9075 0.9634
7 2.0325 1.9226
4 2.595 2.3061
6 1.455 1.3738
5 1.3275 1.1833
6 0.255 0.2109
6 1.41 1.4402
4 2.2875 2.2184
5 0.42 0.5873
7 0.615 0.6812
4 2.7525 2.6731
7 2.25 2.2607
6 0.705 0.7069
4 1.6575 1.6138
4 2.4075 2.4645
7 2.9625 2.8962
4 1.86 1.8541
5 2.6475 2.741
6 2.265 2.2339
6 1.9875 2.032
4 1.89 1.6097
6 1.89 2.0031
6 0.7725 0.4978
6 1.08 1.2032
6 0.39 0.5392
6 1.395 1.2618
7 2.9025 2.8374
7 0.9975 0.8939
6 2.055 2.1058
5 0.3225 0.472
5 1.9275 1.8068
4 0.795 0.9174
5 1.275 1.4785
5 2.085 2.1434
4 1.5975 1.4815
5 0.72 0.6735
6 0.5175 0.4621
7 1.0425 1.1529
7 0.3825 0.346
7 1.77 1.8413
6 0.3825 0.3584
5 2.6025 2.1496
4 0.225 0.3186
6 0.12 0.1073
7 2.835 2.8916
6 1.77 1.6701
4 2.6925 2.6336
4 2.775 2.3927
4 1.0875 1.1956
5 0.9675 0.8088
7 0.945 0.9848
6 2.16 2.1145
6 0.0675 0.2639
6 0.765 0.6937
7 1.2825 1.2761
6 2.52 2.5051
5 1.4625 1.6191
7 0.5775 0.5709
7 1.7925 1.9095
5 2.055 1.9953
5 0.1125 0.1933
4 2.88 2.5105
4 2.3325 2.176
4 2.7225 2.3196
4 0.3225 0.752
4 1.665 1.5315
7 1.2225 1.2625
5 1.695 2.0672
5 1.0125 1.0534
5 1.905 1.926
7 1.935 1.9789
7 0.015 0.2434
4 1.9125 1.4506
7 2.76 2.6231
7 2.82 2.8805
6 1.29 1.2784
5 2.55 2.4816
6 1.1025 0.8486
7 2.0025 0.2893
6 2.0025 1.9988
6 2.415 2.3426
6 2.6775 2.6446
5 2.9625 2.8547
6 0.36 0.3603
5 2.3775 2.2049
4 2.5125 2.2333
6 2.3025 2.384
7 1.425 1.2559
6 0.0975 0.1391
5 1.395 1.6341
6 1.4175 1.4094
7 1.4925 1.5532
5 1.7625 1.8075
7 0.855 0.8045
7 0.135 0.0975
5 0.465 0.3308
6 2.9775 2.8076
5 1.62 1.6121
5 2.7 2.3792
4 2.0325 1.9628
5 0.8775 0.8092
4 0.03 0.366
7 2.9175 2.9151
4 2.88 2.6771
4 1.26 1.3211
6 1.8 1.8684
7 2.0175 2.0024
7 2.1225 2.1912
4 1.6575 1.8868
7 2.5425 2.6861
7 0.09 0.1257
7 0.6225 0.6359
6 1.47 1.6741
7 0.45 0.3932
4 1.3275 1.5709
7 0.915 1.0332
6 0.9 0.9691
7 1.5675 1.5735
7 2.55 2.4993
5 0.8925 0.6301
5 1.26 1.3483
4 0.81 0.8031
6 0.555 0.4581
4 2.3025 2.2076
7 2.7225 2.7153
6 0.7725 0.7262
6 0.9225 0.9897
7 0.3075 0.1129
5 1.665 1.6563
6 2.1675 0.3733
4 0.6975 0.9046
4 1.605 1.6133
4 0.15 0.4559
6 0.9525 0.9396
6 0.135 0.2531
4 2.91 2.7151
6 2.55 2.4736
7 2.25 2.1909
6 2.0175 2.1142
6 0.8025 0.9512
7 0.4875 0.4512
6 1.92 1.8081
4 1.0725 0.789
4 2.295 2.336
7 1.83 1.7607
4 0.8925 1.1675
5 0.84 0.8645
4 0.42 0.4298
4 2.7825 2.4704
7 2.1675 2.1818
4 0.3975 0.2485
4 1.0875 1.419
7 1.53 1.5677
6 2.7675 2.8643
4 0.12 0.7248
6 2.4975 2.5049
4 2.2575 2.0916
5 2.49 2.1534
7 2.0625 2.0049
6 1.635 1.5445
4 0.3975 0.4717
4 0.165 0.3811
6 1.845 1.6996
7 0.9 1.0011
6 1.98 1.9609
6 0.6375 0.7896
6 1.3125 1.347
7 1.3125 1.308
7 0.2625 0.3412
7 0.795 0.8077
5 0.765 0.7766
6 2.28 2.4066
7 2.28 2.1958
4 1.65 1.2882
5 2.985 2.8096
4 2.5275 2.531
6 1.245 1.114
6 0.81 0.9869
4 0.555 0.663
7 1.8975 1.9537
6 0.4125 0.4061
6 1.245 1.23
5 0.6975 0.9383
6 1.1325 1.0148
6 1.8825 1.8754
7 1.2375 1.2246
7 2.0325 1.9903
5 0.63 0.5972
5 1.1025 1.254
5 1.3875 1.2405
5 2.2425 2.0372
4 1.485 1.5221
4 1.455 1.6228
4 1.6875 1.51
5 2.1975 1.8442
6 0.6675 0.5853
7 0.57 0.566
5 1.29 1.1038
5 1.9425 1.9774
5 0.7725 0.7421
6 0.8625 0.8805
5 2.9775 2.8034
6 2.4 2.6123
7 1.785 1.7799
7 0.5025 0.4119
6 2.1 2.1023
4 0.63 0.7556
4 1.0425 0.9906
4 2.505 2.4571
5 0.3675 0.5559
7 2.52 2.4316
7 2.4075 2.5789
7 1.89 1.964
6 2.685 2.781
5 1.305 1.3732
4 2.6925 2.4675
7 2.01 1.9899
5 2.565 2.6071
7 1.59 1.5453
6 1.035 0.968
4 2.8275 2.5955
7 0.5025 0.5588
5 0.5925 0.7378
7 0.42 0.3247
6 1.9275 1.8827
5 1.7175 1.8374
4 2.6025 2.7166
6 2.925 2.862
7 0.3675 0.3984
6 2.0775 2.0113
5 1.6575 1.8236
7 0.8775 0.8568
7 1.4025 1.3035
6 1.7025 1.7379
4 1.515 1.2547
6 1.53 1.5198
6 0.7725 0.8357
7 1.785 1.7449
4 0.93 1.028
7 0.2925 0.1981
4 0.7725 0.7425
7 1.17 1.1467
6 0.1725 0.3732
5 1.74 1.5084
5 1.8525 1.9312
5 0.1875 0.4706
4 0.4275 0.8014
4 2.235 2.1789
7 1.0425 1.0565
7 1.965 2.0059
4 2.625 2.799
5 1.0275 1.1871
4 0.54 0.6227
7 2.97 2.7676
6 1.0125 0.8996
6 0.15 0.0915
5 0.45 0.6833
6 2.6175 2.5207
4 0.7725 0.6447
6 0.87 0.8054
6 1.785 1.9003
6 0.6975 0.6314
7 0.9675 1.0465
7 1.89 1.9746
4 0.2325 0.3992
5 0.615 0.456
6 1.8075 1.7978
5 0.105 0.2751
5 1.0275 0.8831
6 1.425 1.3976
4 1.365 1.1695
6 1.3125 1.2925
7 1.8225 1.9101
5 2.0025 2.0249
6 2.1 2.2249
5 2.6775 2.6776
4 0.57 0.7745
7 2.94 2.8281
6 2.16 2.0898
7 2.5425 2.5716
7 0.4575 0.5671
7 0.705 0.7182
4 0.5625 0.7048
6 1.26 1.1651
5 2.4675 2.3418
5 2.07 1.8843
6 1.4175 1.5572
4 0.54 0.9384
4 1.9875 1.5462
5 0.2475 0.2633
6 1.0875 1.0218
5 0.2775 0.3406
6 2.9925 2.7779
7 0.39 0.3802
7 1.7025 1.7239
4 1.5 1.285
7 2.625 2.6433
6 2.34 2.359
7 1.875 1.929
7 0.1575 0.316
7 0.5025 0.4402
4 2.385 2.3948
7 0.2775 0.3067
4 1.005 0.8495
5 1.08 1.1188
4 1.1625 1.0285
4 1.3575 1.0849
4 1.905 1.7438
6 0.06 0.2037
6 0.12 0.1678
7 1.68 1.7347
4 2.415 2.4078
7 1.7175 1.7635
5 0.99 0.8157
4 1.2375 1.1352
4 1.455 1.6938
4 0.0375 0.2234
5 0.36 0.6176
5 1.05 1.0944
4 0.4275 0.626
6 1.5675 1.5664
6 1.2 1.2739
7 2.7675 2.764
6 2.2725 2.16
4 1.875 1.8364
4 2.9925 1.8709
5 1.5225 1.3583
7 1.44 1.4918
6 2.445 2.4985
7 0.1725 0.1991
6 0.915 0.8504
4 0.78 0.8592
6 0.99 0.8436
6 0.39 0.5562
5 2.4675 2.2845
5 1.2525 1.1437
4 0.885 1.04
4 1.7325 1.9839
4 2.3775 2.4281
5 2.2425 2.2467
5 1.5375 1.5445
4 2.58 2.0975
6 2.925 2.8224
7 2.0475 2.1087
5 1.2 1.1375
7 0.15 0.2912
5 2.2125 2.1306
7 2.265 2.3676
7 2.31 2.2273
7 2.4525 2.4975
4 1.3875 1.2803
6 1.95 1.8761
6 2.0325 2.0825
4 0.5925 0.6117
4 2.1675 2.2496
5 0.27 0.3964
6 2.835 2.8343
6 1.9275 1.9215
5 2.97 2.8071
4 0.3825 1.0793
4 2.5875 2.2298
5 0.2775 0.2593
4 1.8375 1.7152
5 2.2425 1.9751
7 1.3875 1.4484
5 2.6625 2.4976
4 0.495 0.8536
4 1.62 1.326
5 1.4325 1.5289
7 0.8025 0.7369
7 0.525 0.5249
6 2.4225 2.5296
6 2.25 2.2139
6 1.7775 1.8405
4 1.155 1.1625
6 0.435 0.6233
7 1.875 1.8244
6 0.195 0.2945
4 2.145 2.274
5 1.29 1.192
5 1.605 1.7514
6 0.3525 0.3066
4 1.23 1.4415
6 0.2625 0.2318
7 0.975 0.9389
4 0.3975 0.4593
5 2.0025 2.048
4 0.72 0.7947
5 2.6775 2.5376
6 0.495 0.6157
4 0.0975 0.3399
7 1.2975 1.3892
6 2.34 2.3209
6 2.13 1.9249
7 1.6125 1.6443
7 0.0375 0.0158
4 0.5325 0.8327
5 1.125 1.231
7 0.2775 0.2853
6 1.53 1.577
4 1.905 2.0154
6 1.62 1.505
5 2.82 2.7945
7 0.315 0.3593
4 0.15 0.2456
4 1.7025 2.0394
7 0.9525 0.9663
4 0.405 0.8642
5 1.785 1.8864
5 0.9825 0.758
4 2.2425 1.9705
7 1.515 1.394
6 1.77 1.7023
6 1.5675 1.3952
4 1.785 1.8837
4 0.075 0.3955
4 2.34 2.0564
7 1.4925 1.5467
7 1.155 1.2515
6 0.93 0.8993
6 0.5025 0.5569
5 2.4975 2.4567
7 1.68 1.6507
4 0.555 0.9119
4 2.8575 2.3831
4 0.045 0.304
7 2.055 2.1546
6 1.0125 1.0845
6 0.9975 1.2096
4 0.8475 1.4684
5 2.565 0.3547
7 1.5075 1.486
5 0.5625 0.3927
4 1.9725 2.0371
6 0.1725 0.1758
6 0.375 0.4977
4 2.67 2.657
6 2.34 2.2099
6 2.7525 2.6201
4 2.655 2.4544
5 0.39 0.2613
5 2.925 2.7448
6 0.3975 0.5033
6 0.5775 0.5144
5 0.45 0.6143
7 2.55 2.6353
7 1.0575 1.0544
5 0.2625 0.2546
4 2.22 2.2409
7 2.6775 2.6405
5 1.3425 1.1768
4 2.685 2.5483
7 0.5025 0.4289
5 0.3225 0.2391
6 0.8175 0.9551
4 2.28 2.2797
4 1.7775 1.809
6 1.7325 1.8055
4 1.635 1.7355
7 2.2425 2.1622
4 0.5025 0.3628
6 2.6475 2.5537
7 2.91 2.9066
4 0.9225 1.1122
7 2.9925 2.8859
5 1.2 1.1456
7 2.1525 2.1548
5 0.3675 0.4205
7 1.14 1.149
4 1.53 1.7062
6 2.5275 2.4914
4 2.4525 2.3547
7 2.3475 2.4201
5 2.085 2.1682
6 0.105 0.1835
7 2.2425 2.2054
6 0.675 0.6716
4 2.9175 2.7362
4 2.685 2.7658
5 1.3425 1.3451
4 1.8825 1.9149
6 2.565 2.412
6 0.8325 0.8079
5 1.845 1.8475
4 1.38 1.3352
7 1.7625 1.731
6 2.9475 2.8307
7 0.7875 0.8618
7 1.0125 0.8742
6 1.095 1.1362
6 2.085 2.1026
6 2.0925 2.205
5 0.2775 0.7483
7 0.4125 0.5417
7 0.555 0.6424
7 0.6075 0.647
6 1.95 1.9324
6 2.5575 2.3407
4 2.97 2.7563
7 0.9525 0.9819
4 2.3025 2.3658
5 0.0375 0.3596
4 0.9225 0.8966
6 2.235 2.2878
4 2.175 2.1679
4 2.8875 2.6549
5 2.895 2.7741
4 2.355 1.9557
4 2.55 2.5559
5 0.7275 0.8147
7 1.875 1.9232
5 2.865 2.6775
7 2.2275 2.2978
4 2.9025 2.5549
5 0.6675 0.8766
5 1.4925 1.6541
4 1.2975 1.5841
7 1.2075 1.2118
7 2.1675 2.1988
6 0.96 1.0733
5 0.63 0.6454
4 2.8125 2.5834
7 0.48 0.5045
6 0.7425 0.726
5 0.315 0.4566
5 1.4025 1.4508
5 2.31 2.2475
7 0.7575 0.7504
4 0.6825 0.9084
6 1.9575 1.8801
4 2.775 2.6822
4 1.365 1.6341
5 0.57 0.7152
7 2.2725 2.333
4 1.62 1.658
5 0.915 1.0285
5 2.5875 2.5648
4 0.6 1.0306
4 1.3875 1.3973
4 2.025 2.0721
4 1.8975 1.3766
5 1.0875 1.1542
5 1.2525 1.4196
4 2.3175 2.2905
5 2.535 2.5096
4 2.1225 1.6548
6 2.055 2.2888
5 0.0075 0.0766
6 0.8775 0.8215
4 1.9125 1.8708
7 1.9275 1.8868
5 2.3175 2.4334
7 0.9 0.8642
5 0.495 0.6375
7 2.1375 2.0441
5 1.9725 1.96
5 2.055 1.9562
4 2.6625 2.3661
6 2.19 2.1764
7 1.23 1.1597
5 2.865 2.7254
7 2.85 2.7916
7 1.3725 1.4891
7 2.8725 2.7387
7 2.8425 2.8496
4 1.05 0.5569
4 2.49 1.7139
6 2.07 2.1833
5 0.795 0.7545
4 2.04 2.3439
7 0.2025 0.0265
7 2.145 2.0695
4 1.4175 1.7581
6 0.5175 0.6296
5 0.42 0.3892
7 2.3175 2.3921
4 2.6925 2.3212
7 0.2775 0.9642
6 1.065 0.4604
4 1.515 1.5939
6 0.9075 0.6718
7 1.6125 1.5212
7 1.095 1.0291
4 2.745 2.6392
5 1.8075 1.784
5 1.8075 2.0677
5 2.895 2.7629
4 1.755 1.9426
6 1.1025 1.3468
5 2.0175 1.9925
5 0.9525 0.9
5 1.1025 1.1253
5 1.4475 1.5391
6 1.9125 1.9927
7 2.1675 2.0676
7 1.5525 1.4047
4 1.4175 1.1208
7 0.855 1.0328
7 1.425 1.3989
7 0.7575 0.8466
7 0.8775 0.7822
5 2.955 2.7662
4 2.3175 2.4526
6 0.36 0.2733
6 1.95 1.9092
7 0.8625 0.9542
5 1.455 1.4185
4 0.0225 0.3503
5 1.7025 1.7539
6 1.0275 0.9723
5 0.84 0.7923
5 2.55 2.3472
7 2.3625 2.3329
6 1.965 1.9263
5 2.16 2.2911
5 0.9225 0.8718
6 0.8025 0.755
4 0.4875 1.0473
6 1.635 1.6994
6 1.755 1.8615
7 1.1175 1.1735
7 1.605 1.7215
6 2.64 2.5777
4 1.3875 1.0538
5 1.8075 1.7017
7 0.7425 0.7303
7 2.91 2.8187
4 2.595 1.9067
6 2.9325 2.9098
4 2.5875 2.4407
4 2.31 2.1189
7 1.2525 1.2078
5 0.9525 0.979
7 2.1075 2.0204
4 0.9525 0.8529
6 0.255 0.2856
4 0.585 0.7511
6 2.1375 2.1213
5 2.1525 2.023
5 2.145 1.7989
7 1.245 1.3588
7 0.2775 0.1249
7 0.855 0.8915
7 0.0975 0.0582
5 1.3125 1.5073
4 1.755 1.7598
6 2.28 2.4438
7 0.675 0.7965
7 2.595 2.7038
5 2.3175 2.3178
7 1.7325 1.6592
5 1.3875 1.3355
7 2.2575 2.2004
6 0.93 1.0045
5 1.8 1.7705
5 1.7775 1.8272
5 1.7325 1.6717
7 1.395 1.5982
4 1.4175 1.6093
7 0.78 0.8097
4 0.6675 0.8037
7 1.665 1.6584
6 0.7425 0.8113
5 2.535 2.438
6 1.71 1.4676
4 1.3575 1.4334
7 0.7725 0.8387
5 0.0525 0.1943
6 0.8625 0.9469
4 2.5125 2.5986
5 1.6425 1.5617
7 2.745 2.7543
6 2.4375 2.3956
5 1.4175 1.1544
6 2.8425 2.8439
5 2.91 2.9151
7 0.3 0.3088
4 0.9375 1.0556
7 0.42 0.4352
4 1.0125 1.0461
4 2.0775 1.7738
6 1.125 1.2044
6 0.5325 0.835
6 0.1425 0.1456
4 2.205 2.3043
4 2.595 2.4779
6 1.0575 1.1504
5 1.8075 1.592
5 0.93 1.2048
6 0.15 0.1362
5 2.16 2.2148
6 2.5425 2.4634
4 1.8825 2.1215
7 2.6625 2.5156
7 1.4325 1.3841
6 2.76 2.7347
6 2.1 2.0858
6 2.6775 2.626
4 2.3475 1.7487
4 2.8875 2.7554
5 0.0975 0.1955
6 2.655 2.5647
5 0.9225 0.9668
4 1.02 0.9963
6 2.4825 2.3572
7 0.195 0.237
4 1.35 1.2414
7 1.17 1.1604
6 1.785 1.6258
6 1.59 1.6129
6 2.6925 2.7323
4 1.815 2.1982
5 2.895 2.7828
7 1.6425 1.6037
6 1.6575 1.662
6 0.8025 0.7936
5 1.77 1.98
6 0.5625 0.6726
4 0.7425 0.8354
7 0.03 0.0671
7 0.465 0.4803
5 2.5725 2.7715
7 2.28 2.2828
5 2.745 2.8531
5 2.22 2.1215
4 1.83 1.9199
7 1.2375 1.1957
6 2.7525 2.778
6 1.425 1.4093
7 1.1025 1.1554
4 1.035 1.1972
5 0.6525 0.7339
6 1.635 1.6847
4 1.89 1.4378
6 2.7825 2.4659
7 2.1975 2.2908
4 0.3675 0.3011
5 0.285 0.4195
6 0.3075 0.2571
4 1.6725 1.3053
7 1.575 1.4756
4 0.9375 0.8945
5 0.405 0.4896
7 2.385 2.3794
5 1.68 2.0313
7 0.555 0.5222
7 0.435 0.4759
4 1.5525 1.3507
4 1.065 0.8483
6 2.595 2.5791
6 0.4125 0.4402
5 0.36 0.3529
4 1.5825 1.758
5 2.88 2.7655
5 0.3525 0.6722
5 1.5825 1.3737
5 1.5825 1.5786
4 1.2225 1.4113
4 1.6275 1.7814
7 2.895 2.8852
4 0.69 0.9237
6 2.3325 2.3489
5 1.815 1.952
6 2.4 2.6588
5 0.1125 0.1541
7 0.1125 0.2163
7 2.6325 2.6716
6 2.4525 2.3526
7 0.645 0.5296
7 1.35 1.3306
4 2.3325 1.8786
5 2.025 1.967
7 1.26 1.418
7 1.695 1.7748
5 0.99 0.9077
5 2.16 2.093
6 2.7 2.5833
5 1.3425 1.1125
6 1.785 1.7515
4 0.0825 0.4011
4 1.56 1.6256
7 0.84 0.7384
7 1.7325 1.6576
7 1.9425 1.9597
4 2.8425 2.539
6 2.9625 2.7913
4 1.5675 1.329
4 1.2825 1.1377
6 2.8425 2.8163
4 2.745 2.4518
4 1.4475 1.6392
7 0.5175 0.529
6 0.6675 0.5849
5 2.34 2.1034
6 0.255 0.3578
7 2.1525 2.0196
7 2.22 2.196
4 0.6375 0.6161
6 0.1725 0.0583
5 1.1325 1.0277
5 2.3925 2.2029
6 0.03 0.1955
6 2.6775 2.6609
4 1.14 1.0083
5 1.98 1.8226
4 2.1075 1.927
6 2.535 2.6134
4 0.0675 0.372
5 0.24 0.3363
6 1.5225 1.5143
6 1.3425 1.3651
4 1.155 0.9887
7 0.7275 0.668
7 0.5925 0.5445
5 2.805 2.7332
6 0.84 0.8968
6 0.51 0.6618
6 0.315 0.3677
5 1.2525 1.3294
4 0.99 1.5413
4 2.16 1.9836
5 1.545 1.6332
4 2.1975 1.8539
7 1.0275 0.8519
6 0.78 1.0822
4 2.94 2.7292
4 0.405 0.6227
4 2.805 2.5831
6 2.565 2.5863
5 0.9675 1.0356
5 2.0325 1.7079
7 0.3825 0.516
5 1.44 1.3499
4 2.5425 2.6611
7 1.4475 1.5497
5 1.215 1.1155
4 1.7925 1.6461
7 1.305 1.3505
7 0.09 0.228
4 1.8 1.516
7 1.155 1.3574
6 0.9825 1.0669
7 0.9075 0.9303
5 2.2425 2.1119
7 1.0425 0.9272
4 1.305 1.307
5 2.3325 2.2388
5 2.16 2.1405
7 0.225 0.2828
4 0.5925 0.2629
6 1.035 0.969
6 1.605 1.4949
7 0.495 0.4559
5 2.355 2.4417
7 2.6775 2.5436
5 2.07 1.9846
6 2.5275 2.5969
5 2.88 2.6621
4 1.32 0.8209
4 1.3725 1.6384
4 0.5325 1.0903
7 0.8925 0.8782
7 0.3525 0.3045
6 0.0 0.0645
5 1.05 0.7591
6 0.9075 0.8401
6 2.985 2.9208
4 0.3075 0.5074
7 1.305 1.2382
6 2.2725 2.38
6 1.8825 1.7375
6 2.0925 2.0674
5 0.465 0.4596
7 2.4975 2.4713
4 1.785 2.0333
5 1.4325 1.24
5 0.33 0.1716
5 0.825 0.7165
6 2.2125 2.2989
5 0.5175 0.6541
6 2.82 2.668
4 1.305 1.492
7 0.6825 0.8089
5 2.3475 2.0469
4 1.47 1.2288
4 0.735 0.7472
5 2.43 2.2642
5 2.1 1.8894
5 2.3475 2.4345
7 2.2125 2.3329
4 1.9725 1.8154
5 0.5175 0.2847
4 0.66 0.986
7 2.9475 2.9097
7 2.9175 2.8744
6 1.035 1.1716
6 2.7975 2.8121
4 0.1425 0.65
7 0.1875 0.2429
7 2.7675 0.9251
4 1.245 1.3687
7 1.515 1.5585
5 1.3875 1.5135
6 2.1825 2.1426
7 1.3875 1.4047
7 1.5375 1.4436
5 1.6425 1.5544
4 2.655 2.1246
4 2.9025 2.7418
4 2.5875 2.516
5 0.885 0.7678
5 2.0625 2.0319
4 2.6625 2.273
4 1.98 2.0086
7 0.5775 0.4843
4 1.245 1.6008
4 0.3825 0.4598
7 0.4875 0.4522
4 0.645 0.6955
6 0.36 0.3754
4 2.955 2.5269
7 1.71 1.7567
4 0.3225 0.588
7 1.11 1.0883
7 2.655 2.7129
5 0.66 0.648
4 0.435 0.7887
6 2.64 2.7405
6 0.3375 0.5088
5 2.01 1.7836
7 1.455 1.3337
6 0.69 0.7195
7 2.8875 2.8742
6 2.5425 2.6055
6 0.8325 0.7565
6 1.155 1.2068
6 1.455 1.3695
6 2.355 2.3705
5 2.7975 2.598
7 2.85 2.8438
6 1.0575 1.1141
6 2.9175 2.878
4 1.9125 1.5767
4 1.41 1.5266
5 1.5 1.4441
4 1.9725 1.9555
6 1.875 1.7776
7 0.975 0.8966
6 0.825 0.8782
4 0.1575 0.3869
7 2.04 2.0348
4 0.855 0.7596
5 2.37 2.3247
5 1.9875 1.7478
7 1.815 1.7983
6 2.7525 2.8302
7 0.1125 0.1608
6 2.775 2.7948
7 0.975 0.9768
6 2.8425 2.7902
6 0.1275 0.3212
5 1.0125 1.1259
4 1.2525 1.4334
7 2.0925 2.0742
5 1.8375 1.6744
4 0.78 0.7812
6 1.185 1.203
6 0.5625 0.5847
7 0.0375 -0.0525
7 0.6525 0.6475
5 0.885 0.8497
6 2.55 2.4247
5 0.8475 0.8979
6 1.1625 1.199
5 2.49 2.5827
6 2.355 2.4652
5 2.9775 2.7819
6 0.045 0.0906
5 2.6475 2.4026
7 2.0475 2.0593
5 2.2725 2.2638
4 2.61 2.4219
6 0.27 0.276
5 1.935 1.8888
5 2.73 2.7176
5 1.0875 0.9344
4 1.035 1.0705
6 2.76 2.5842
6 1.185 1.1155
7 1.8675 1.9182
6 2.3175 2.351
6 0.6375 0.649
7 1.41 1.3846
4 2.2275 2.0383
7 2.445 2.3904
7 0.6525 0.6217
6 0.6375 0.8101
7 1.9875 2.0184
5 2.385 2.5389
5 1.44 1.4108
5 2.145 1.9991
5 1.3875 1.5914
7 2.0025 0.4035
4 0.705 1.156
5 0.765 0.6545
6 1.8675 1.8436
6 0.21 0.2359
4 1.845 2.0642
7 0.87 0.8821
4 0.7725 0.7744
4 1.4775 1.6365
7 0.225 0.1885
4 1.5975 1.5051
4 1.59 1.6321
6 1.3275 1.3352
5 1.5075 1.4684
6 1.905 1.7216
5 0.855 0.9938
6 2.085 1.9685
4 0.7875 1.0077
6 1.32 1.4131
4 1.845 1.4701
6 2.9625 2.8924
7 2.4675 2.5215
6 0.8175 0.7839
6 0.2475 0.2233
7 2.145 2.1426
5 1.3875 0.9785
5 1.8375 1.7849
4 0.795 1.0938
4 2.0925 1.8959
7 2.325 2.3726
4 2.5575 1.9394
6 1.455 1.4058
6 2.91 2.914
4 0.1275 0.4717
4 1.845 1.6623
5 1.59 1.3644
5 2.73 2.6517
4 0.6975 1.1128
4 0.8925 1.1341
5 1.5075 1.4815
5 2.8725 2.71
5 2.07 1.9548
5 1.0875 0.7863
7 2.0925 2.1479
4 2.055 1.9504
5 2.1075 2.2753
6 0.36 0.3853
5 1.08 1.1534
7 2.8575 2.8152
7 2.76 2.8302
4 0.4575 0.5217
5 0.87 0.9933
6 0.5925 0.5845
4 2.1 2.0697
6 2.0175 2.0148
5 2.01 2.1325
5 0.7425 0.6907
7 0.87 0.8004
5 2.9475 2.7814
5 1.245 1.4162
5 1.2 1.2765
5 2.6925 2.4677
7 0.9225 0.9919
6 0.6225 0.7338
5 2.0325 1.9842
4 0.3075 0.5422
4 2.9775 2.3834
6 1.05 0.8832
5 1.5225 1.2286
5 2.295 2.2694
6 1.635 1.6062
6 0.735 0.7926
5 2.805 2.6144
7 1.485 1.4045
4 2.28 2.2861
5 0.03 0.2884
7 1.875 1.8546
6 0.525 0.5167
4 0.0 0.4487
6 1.41 1.3149
4 1.305 1.516
7 1.44 1.4129
4 0.0825 0.4326
6 0.78 0.7651
7 0.66 0.5145
4 2.28 2.1215
5 1.1775 1.0111
4 2.1825 1.8383
7 2.595 2.5932
7 0.555 0.5199
5 0.3 0.6642
6 2.535 2.5699
4 1.905 1.9069
6 2.5125 2.5165
6 2.4375 2.3031
7 1.65 1.5705
4 1.755 2.1131
5 2.9925 2.787
7 1.515 1.4754
5 0.525 0.4496
7 2.5275 2.4774
5 1.1175 1.3049
5 2.0475 1.8782
5 0.435 0.4641
4 2.6925 2.7133
4 0.9075 1.0126
6 1.8825 1.9864
6 0.0675 0.0988
7 2.6775 2.8051
7 0.0225 0.063
7 0.795 0.7188
7 2.985 2.8555
7 2.19 2.2826
7 1.245 1.149
5 1.5975 1.7303
5 2.9925 2.7488
4 1.245 1.2606
5 1.0125 0.9177
4 1.7175 1.9768
4 1.0575 1.0716
4 2.0625 2.2296
7 0.675 0.7515
5 1.125 0.9041
7 1.2225 1.2752
6 2.3025 2.2778
4 2.0475 2.3055
5 2.745 2.7595
6 0.42 0.4674
7 1.965 2.0497
4 1.0575 1.1419
4 2.8125 2.698
7 2.8425 2.7474
7 2.2875 2.3415
7 1.5 1.4297
4 0.765 1.164
5 1.7325 1.6198
4 1.275 1.0867
7 0.1875 0.1588
7 0.525 0.5563
6 1.08 1.1355
7 1.6275 1.5586
7 1.0725 1.0516
7 0.03 0.0547
5 2.0775 2.066
5 1.455 1.3836
6 1.7925 1.7631
4 0.0675 0.3044
5 1.935 1.6965
5 1.755 1.6522
4 0.255 0.4037
6 2.3325 2.2654
5 2.58 2.4181
5 2.415 2.1544
6 1.0425 0.914
6 2.1675 2.2384
5 1.7775 1.7821
6 0.6375 0.6687
7 0.4425 0.5149
4 0.6 0.6689
5 2.34 2.4097
6 1.275 1.3241
4 2.5125 2.4302
6 1.2675 1.3751
6 2.43 2.2872
4 0.015 0.3884
7 2.04 2.0559
4 2.655 2.7058
7 2.19 2.2964
6 0.42 0.2956
5 2.895 2.6364
6 0.0075 0.1797
4 0.9375 0.8062
4 2.64 2.3497
4 0.6375 0.8776
5 2.985 2.7943
4 0.0375 0.3117
4 0.8175 1.1334
7 1.2075 1.1907
5 2.805 2.7754
7 0.12 0.1055
6 1.65 1.5786
7 0.9375 0.9913
6 1.26 1.1915
6 1.4625 1.2129
4 0.8775 1.093
5 0.5175 0.7366
6 1.5375 1.6066
5 1.5 1.3376
7 0.435 0.3628
7 2.3925 2.368
6 0.4425 0.4872
5 1.365 1.089
4 0.3675 0.4055
4 0.2475 0.4134
5 0.4275 0.7294
5 0.7725 0.9952
5 1.3575 1.3356
5 2.1375 2.108
7 2.07 2.1166
5 2.235 1.8914
4 2.6025 2.6282
7 2.7075 2.7562
6 0.1725 0.2324
4 2.46 2.4752
6 0.8625 1.0383
6 0.2475 0.223
5 2.19 2.4357
5 0.645 1.0429
4 1.9425 2.0255
7 1.425 1.5178
6 0.7425 0.7084
6 1.0725 1.1809
7 2.3475 2.2874
7 0.2475 0.1964
7 0.18 0.1497
7 0.5325 0.4271
6 0.3225 0.341
4 0.75 0.3356
5 2.6775 2.4828
7 0.6975 0.7532
4 0.7575 0.7293
6 1.965 2.0452
6 0.405 0.6536
7 2.3025 2.3526
6 2.43 2.2882
6 2.3925 2.2563
5 0.3675 0.2886
7 2.295 2.3253
6 2.7525 2.8482
7 0.54 0.5275
5 2.25 2.4811
6 2.7675 2.8251
4 2.49 2.8295
5 1.89 2.0139
4 2.655 2.2811
6 1.065 1.146
6 0.42 0.5174
5 2.0925 2.0691
4 1.485 1.4853
7 2.685 2.721
5 2.745 2.6008
4 1.89 2.1029
6 1.7325 1.7132
4 2.22 2.0305
5 2.13 1.87
4 1.05 1.1871
7 1.71 1.8157
5 1.035 1.1189
5 0.9075 0.9899
6 2.5275 2.5435
6 1.11 1.1661
5 0.9 0.8466
7 0.39 0.3624
5 2.685 2.8125
7 1.3125 1.3351
7 2.145 2.0528
5 0.36 0.4643
5 0.1575 0.4007
4 0.375 0.7722
5 0.45 0.6874
7 2.3925 2.3678
5 0.1575 0.2751
6 1.095 1.1718
6 0.0525 -0.0157
4 2.715 2.4016
5 2.4375 2.4632
4 2.0625 2.104
4 2.9025 2.751
6 2.7075 2.7391
7 1.47 1.4409
6 1.215 1.3293
4 1.7175 1.5107
6 1.9425 2.0207
4 1.77 1.8447
7 0.225 0.2627
6 1.7175 1.7652
7 1.32 1.2473
5 0.9975 0.8708
6 0.045 0.0843
7 1.035 0.9786
4 0.8475 1.1007
4 1.2 1.2495
5 1.98 2.1578
5 0.7125 0.9957
6 0.5175 0.4347
4 0.315 0.578
5 2.22 2.2298
5 0.2325 0.4344
7 2.2725 2.3166
5 0.795 0.8065
6 1.86 1.8633
6 1.2225 1.0717
5 1.4475 1.4122
7 0.9675 0.9901
7 1.9425 1.9365
5 0.6825 0.5559
5 1.9575 1.9839
5 0.5925 0.7826
6 1.695 1.8731
4 2.4075 2.5057
7 1.6425 1.6725
7 0.72 0.7574
7 2.2275 2.214
5 1.17 1.2584
7 2.13 2.1587
5 2.4675 2.5242
7 2.82 2.8182
7 2.5275 2.5725
5 2.415 2.737
4 0.1575 0.4917
5 0.1875 0.5895
5 0.6375 0.5204
4 1.065 0.9605
4 2.76 2.5408
5 0.015 0.1696
7 2.655 2.6502
4 0.12 0.5981
4 0.5475 0.5321
6 2.88 2.7292
7 2.1975 2.2195
5 1.7175 1.7163
7 2.955 2.9021
4 2.715 2.5279
7 2.0175 2.034
7 1.245 1.3666
6 0.9375 0.96
7 0.2025 0.3331
6 1.2075 1.1284
7 0.33 0.3069
6 2.8725 2.8138
6 1.4325 1.3857
7 0.675 0.7567
7 1.08 1.0611
4 1.3275 1.2557
5 0.24 0.1984
5 0.3 0.4252
4 2.13 2.5334
6 0.5625 0.6718
6 0.99 0.9334
6 1.3575 1.1386
6 0.555 0.5726
7 0.975 1.0079
4 2.0175 1.8021
4 2.925 2.6646
5 2.22 2.2742
7 2.1525 2.229
7 2.1375 2.077
6 2.8575 2.8416
4 0.1125 0.3163
7 2.535 2.4758
7 1.3425 1.2378
4 1.3575 1.2143
5 2.0775 1.8976
5 2.9625 2.7205
6 2.835 2.8183
5 1.7625 1.5209
6 0.8625 0.9369
7 2.4075 2.4588
7 2.9175 2.9673
4 0.81 1.1173
4 1.3575 1.6025
4 2.4375 2.1733
6 2.4675 2.5255
4 2.085 2.1937
6 1.485 1.6124
4 1.3875 1.4758
5 2.4075 2.5075
4 2.7525 2.6245
5 1.0275 1.1473
4 1.08 1.3833
4 2.2125 1.9027
4 0.4575 0.4462
7 2.7525 2.7198
4 1.0875 0.7644
5 2.07 2.0717
7 0.2925 0.2927
6 0.09 0.1316
4 2.9025 2.5409
5 0.78 0.9725
5 1.29 1.4186
6 2.835 2.9671
4 1.1775 1.2933
5 0.42 0.5996
5 0.8775 1.0151
5 1.4925 1.5141
5 0.885 1.0643
5 1.9575 2.0966
4 2.9925 2.6593
5 0.855 0.8008
6 0.375 0.3929
7 2.7375 2.8092
4 0.7425 0.9398
5 2.715 2.6446
4 0.2025 2.5001
5 0.8775 1.034
5 0.645 0.8444
7 1.635 1.5953
6 2.1225 2.1292
5 0.5475 0.6207
5 0.9825 1.058
4 2.43 2.2483
5 2.61 2.7514
6 2.16 1.8641
5 2.085 1.8538
7 2.9025 2.7827
5 0.9375 1.0555
5 0.45 0.4398
7 0.8625 1.9811
7 1.89 1.9728
6 2.355 2.5333
6 1.3425 1.3695
5 1.1475 0.7514
6 1.665 1.7229
6 1.65 1.7253
4 1.68 1.5563
6 1.5375 1.5818
4 1.29 1.5714
7 1.845 1.9276
5 0.87 1.0699
7 1.0875 1.1479
4 2.37 2.4818
4 2.505 2.4872
6 0.99 0.8976
5 0.6375 0.9937
5 1.5525 1.703
7 1.0425 1.0623
6 0.8925 0.9549
5 0.345 0.4044
6 1.395 1.4441
6 1.1775 1.0085
4 1.005 1.0439
5 2.13 2.3423
7 0.81 0.7266
5 1.02 1.2158
6 2.1075 1.9804
6 0.3375 0.3334
5 1.1025 1.1057
4 0.1875 0.4725
6 1.365 1.3001
4 1.5975 1.4847
7 2.7 2.5483
7 0.99 0.8721
7 0.7425 0.7669
5 1.455 1.3826
4 0.8925 0.9962
7 1.2375 1.1732
5 0.945 0.9355
7 2.91 2.8067
7 0.7575 0.808
6 0.0825 0.2821
6 1.3875 1.403
4 0.165 0.494
5 2.19 2.0339
7 0.4425 0.4989
6 2.7375 2.6007
6 2.025 2.066
4 1.89 2.1069
7 1.8375 1.9349
6 1.95 1.9894
4 0.4275 0.845
5 1.14 1.1937
5 0.72 0.8635
6 2.9925 2.8932
6 1.4925 1.4183
4 1.7175 1.402
7 0.66 0.6703
4 0.09 0.261
7 1.845 1.7757
7 0.3 0.2521
6 0.12 0.1432
4 1.0875 1.1452
5 1.2975 1.2545
4 1.41 1.3489
7 2.775 2.7597
4 1.83 1.9784
7 2.715 2.7088
4 1.3125 1.487
4 0.0225 0.3691
4 0.495 0.4549
7 2.73 2.678
7 2.07 2.0432
5 1.7775 1.6944
5 0.03 0.0967
7 0.45 0.5205
6 2.3925 2.4736
6 2.5425 2.5158
7 1.1025 1.1178
5 2.01 2.1779
5 2.3775 2.1289
5 0.135 0.1919
6 1.11 1.1634
4 0.585 0.6916
4 0.24 0.5086
6 0.5925 0.7475
7 1.335 1.162
7 2.1675 2.0505
7 1.5225 1.4895
5 2.565 2.5518
6 0.9225 0.7201
4 0.075 0.3436
4 1.965 1.8086
6 2.3925 2.2881
5 2.3475 2.3415
6 0.045 0.1139
7 2.7975 2.8776
5 0.3675 0.549
6 2.49 2.5944
7 1.125 1.0285
4 1.17 1.0631
7 1.08 1.1945
5 0.315 0.4828
5 2.34 2.3131
4 1.5375 1.1823
4 1.8975 1.6651
7 2.355 2.2769
4 0.4875 0.4558
7 1.8225 1.7944
6 1.215 1.3168
4 0.165 0.6312
6 0.6975 0.6721
6 0.21 0.3422
6 2.7675 2.8213
4 0.8625 1.4581
6 0.18 0.2328
4 0.7425 1.0869
7 2.055 1.9661
5 1.155 1.2583
5 0.2475 0.1489
6 1.6275 1.7128
7 0.765 0.8223
4 0.5925 0.7041
4 0.135 0.2865
6 1.1925 1.1017
5 2.2725 2.4666
5 1.7775 1.6145
5 0.5625 0.8679
4 2.205 2.1812
7 1.5675 1.5009
4 1.6575 2.092
7 2.07 2.0844
4 0.615 0.8759
6 2.1375 2.0948
6 0.555 0.4115
7 2.4225 2.4159
7 0.4575 0.3931
7 0.135 0.1324
5 2.8875 2.7102
7 0.3675 0.5069
4 0.195 0.563
7 2.79 2.8819
4 1.725 1.6751
5 1.605 1.8428
5 0.1575 0.3425
6 2.67 2.5185
5 0.9375 0.8957
4 1.0425 1.0211
6 0.33 0.4787
4 2.5425 2.3924
7 1.485 1.4982
6 0.5925 0.5255
4 2.04 1.8536
5 2.76 2.7233
7 0.7875 0.9083
7 1.4625 1.4998
6 1.605 1.5355
6 0.3675 0.3663
6 0.405 0.2546
6 2.5125 2.4796
6 2.145 2.1164
4 2.715 2.6361
7 2.37 2.3931
4 2.85 2.6065
6 0.345 0.3116
7 1.4325 1.544
6 0.45 0.4671
5 1.005 1.1199
4 2.0175 2.0375
4 1.56 1.6342
7 1.86 1.9465
7 1.6725 1.6251
6 1.95 2.0041
7 0.6075 0.4972
6 0.7125 0.4803
5 0.5925 0.6165
7 0.72 0.7593
6 2.28 2.347
4 0.8775 1.0871
5 2.505 2.5089
7 0.54 0.5529
7 1.1025 1.0433
7 2.8575 2.8204
7 0.5925 2.4879
7 0.1425 0.1733
4 1.9275 1.93
5 0.63 0.6695
7 1.725 1.7401
4 0.6975 0.9347
4 1.38 1.3741
4 2.49 2.6189
5 1.425 1.4194
5 1.38 1.2982
5 1.35 1.3658
6 1.1025 0.947
5 2.19 2.3028
6 2.955 2.9393
4 0.5475 0.7944
7 0.3975 0.3786
4 1.7625 1.7099
4 1.9575 2.1518
4 1.3875 1.45
7 0.6 0.6814
5 1.4025 1.4083
4 1.5675 1.5218
4 0.0375 0.3666
7 1.155 1.1147
4 1.695 1.4262
6 0.3375 0.3379
7 2.37 2.3845
4 2.325 1.7723
5 2.2275 2.3576
7 1.9275 1.8298
5 0.225 0.3468
6 0.2775 0.3701
7 0.0525 0.0366
7 0.8775 0.7742
4 1.8075 1.5568
7 0.36 0.2987
4 2.235 2.3178
5 2.34 2.1974
7 0.9375 0.8403
7 1.545 1.4788
4 0.3075 0.7819
6 2.5125 2.474
7 1.89 1.8157
6 0.9975 1.0806
5 2.625 2.6074
5 1.05 1.0899
5 2.2425 2.1515
7 2.295 2.2662
7 0.42 0.4656
6 2.265 2.2724
7 2.4 2.383
5 1.245 1.2948
6 2.715 2.6418
6 0.3 0.3423
7 0.915 0.901
7 2.1375 2.1737
6 0.225 0.2717
7 1.89 1.9353
7 2.9475 2.9579
6 2.025 2.0221
6 1.2525 1.4437
6 0.3 0.2191
5 2.94 2.8904
7 1.56 1.5875
6 1.9575 1.9267
5 0.1725 0.1615
4 2.115 1.9714
6 1.44 1.4392
6 1.4175 1.434
7 2.2725 2.2157
5 0.2775 0.4418
6 2.0625 2.0518
5 2.1675 2.2241
4 2.535 2.2304
6 0.09 0.0706
7 1.515 1.4485
5 1.0725 1.1357
5 1.11 1.148
4 1.4025 0.8722
5 2.4975 2.5073
6 1.515 1.5394
6 2.0625 2.134
7 2.1525 2.0776
5 1.3425 1.5772
4 2.5275 2.5116
5 1.125 0.98
4 1.485 1.5783
5 0.06 0.2035
4 0.63 0.7687
4 1.23 1.3108
7 1.4025 1.4611
5 0.315 0.3931
4 1.725 1.4177
6 1.0575 0.9386
6 1.365 1.385
4 2.1675 2.1665
6 0.15 0.0434
6 0.78 0.8067
6 2.295 2.3637
6 1.0875 1.1123
6 1.935 1.7779
4 0.105 0.3845
7 2.46 2.3348
4 0.21 0.7657
4 0.6 0.9175
6 2.28 2.3503
7 1.77 1.7724
7 2.7375 2.748
4 1.83 1.8963
5 1.1325 1.1756
4 1.905 1.8012
4 2.115 2.0059
5 2.85 2.6305
7 2.94 2.8796
7 2.7375 2.6034
5 0.525 0.4576
7 2.4975 2.6121
4 1.365 1.1744
6 2.7825 2.7106
5 0.4575 0.468
4 2.94 2.6057
6 1.14 1.0404
4 2.5875 2.4746
7 2.805 2.7503
7 1.5225 1.5723
6 1.6125 1.5827
6 2.145 2.1668
4 1.89 1.9416
4 0.675 1.0035
6 1.995 2.0006
5 0.0225 0.2807
4 2.715 2.2461
4 2.7975 2.5441
4 0.36 0.7803
5 0.105 0.3229
5 1.125 0.9915
7 0.27 0.2498
4 1.185 1.4736
6 2.295 2.4037
5 1.7625 1.7721
7 1.635 1.5956
5 0.9375 1.017
7 2.37 2.396
7 1.68 1.6605
6 1.7625 1.7778
6 1.9125 1.7661
5 1.6575 1.8042
7 0.8775 0.7773
5 0.2625 0.5408
7 1.155 1.066
6 0.99 0.9034
4 2.0625 1.7426
6 1.155 1.0938
4 0.7125 0.8413
6 1.2975 1.2401
5 1.65 1.6763
7 2.6475 2.6109
7 0.6975 0.6951
5 0.42 0.3111
6 1.65 1.6046
6 1.125 1.2238
6 0.8325 0.9023
7 1.5825 1.6032
4 1.695 1.7332
7 2.625 2.6799
4 0.5775 0.9645
5 2.3775 2.2806
5 0.975 0.9131
7 2.8575 2.8553
6 2.31 2.2104
5 2.895 2.7369
7 2.16 2.0154
5 0.9825 1.1064
5 0.1425 0.1682
6 1.7175 1.7689
7 1.155 1.2035
7 2.235 2.2507
6 0.585 0.6089
7 0.3975 0.3907
6 2.76 2.7734
5 1.005 0.96
5 0.87 1.0481
7 2.9025 2.8045
6 1.86 1.8506
7 1.4025 1.2974
7 0.1425 -0.0462
6 2.835 2.7923
6 0.255 0.1989
4 2.5725 2.6529
4 0.12 0.6976
7 2.0475 2.1963
7 1.545 1.5252
7 0.5625 0.6088
5 1.3425 1.3904
6 1.9125 1.7703
7 0.9 0.8317
5 2.55 2.5317
4 0.99 1.2561
7 2.7825 2.8832
7 0.075 0.0328
5 2.1075 2.1846
7 2.6025 2.5889
6 0.54 0.7136
5 2.6775 2.5599
7 0.0225 0.1549
5 0.435 0.4356
6 1.05 1.2634
4 1.6425 1.6169
4 2.6325 2.5039
7 0.33 0.3199
4 1.92 1.6943
5 2.4225 2.3244
7 0.1575 0.2473
4 0.4725 0.6448
6 1.71 1.9702
5 2.85 2.8933
4 1.545 1.6278
6 0.78 0.7311
6 0.54 0.5955
6 1.155 1.0782
6 2.3925 2.3233
4 0.0075 0.3024
7 0.0675 -0.0085
6 2.9025 2.9157
7 0.8175 0.8396
7 2.3775 2.337
5 2.9925 2.8683
5 0.84 0.8963
5 1.6575 1.8536
7 1.53 1.4317
6 2.565 2.6248
7 0.765 0.8235
5 1.0575 1.0093
5 0.1875 0.3336
5 1.7025 1.3252
5 2.9475 2.9024
4 1.545 1.4757
7 2.2425 2.1264
7 0.5475 0.5795
6 0.8625 0.9315
6 1.455 1.4297
6 0.525 0.5165
6 0.24 0.172
5 0.7425 0.6471
5 1.5975 1.5215
5 1.9725 1.8821
6 2.8725 2.9392
7 0.54 0.5546
5 2.9025 2.6767
4 2.28 2.0215
5 1.0875 0.7484
7 2.1 2.1548
6 2.9625 2.7999
6 2.8575 2.9358
6 1.6275 1.5476
5 2.5575 2.3628
4 0.2625 0.3727
7 2.1525 2.0691
6 1.095 1.0938
6 1.515 1.5896
5 1.4775 1.7418
5 2.6475 2.7193
4 1.035 0.7579
5 1.65 1.625
7 0.675 0.7995
5 0.375 0.4399
7 2.82 2.8277
7 1.74 1.6106
4 2.7075 2.5839
5 1.0125 0.897
5 0.315 0.3495
6 0.735 0.9382
5 2.5425 2.5233
4 1.5825 2.0979
4 0.015 0.4444
4 1.1325 1.3528
7 0.4425 0.3432
5 1.2 1.2037
7 1.5525 1.6564
4 0.3375 0.3998
7 0.9 0.9959
5 1.2675 1.4282
7 2.6625 2.6023
5 2.235 2.2814
4 2.3775 2.0264
7 1.3125 1.2076
6 2.28 2.1725
4 2.895 2.1798
4 0.105 0.7026
4 0.3375 0.3712
5 2.1525 2.2291
4 1.4925 1.4091
6 2.88 2.8007
7 0.81 0.8752
7 0.81 0.796
6 2.955 2.9328
6 2.3025 2.4195
4 0.9075 0.6286
6 0.4875 0.6272
6 0.24 2.2195
5 1.5975 1.5409
6 1.68 1.5747
5 2.79 2.5498
4 1.1775 1.1679
4 0.495 0.5036
4 0.4875 0.7381
4 0.4725 0.5833
4 2.6025 2.4217
5 0.6525 0.6699
5 1.9275 1.6766
4 2.22 2.246
7 1.4775 1.4143
7 0.1425 0.2195
6 1.425 1.5685
5 1.545 1.6323
5 2.8275 2.8104
7 0.1125 0.2293
6 2.34 2.494
6 2.955 2.8687
5 1.875 1.618
5 1.8675 1.8881
4 1.2075 1.237
7 1.0725 1.1076
5 2.8275 2.4501
7 0.09 0.1375
7 0.975 1.0324
4 2.8875 2.4419
7 2.7975 2.9229
7 1.425 1.4153
6 2.7825 2.7704
6 0.48 0.4113
5 0.7125 0.6314
6 0.3075 0.2944
6 1.3125 1.2317
5 2.1675 2.094
4 0.675 0.5282
4 1.755 1.6281
7 0.15 0.2516
5 1.335 1.5118
7 0.51 0.4861
5 1.785 1.8935
6 2.505 2.3772
4 1.2975 1.48
6 0.36 0.5735
4 1.7025 1.7534
5 2.205 2.3109
5 1.5225 1.6245
5 0.975 0.7556
7 1.875 1.9218
6 2.16 2.1277
6 2.775 2.6586
4 0.8175 0.4181
7 0.1425 0.2126
6 2.595 2.494
7 2.175 2.0846
7 0.7875 0.8223
6 2.22 2.2864
7 1.5075 1.5872
7 0.39 0.4303
4 1.1625 1.3618
5 0.9225 1.0312
7 1.8675 1.8447
7 1.875 1.7815
4 0.405 1.0722
4 2.28 2.4355
4 2.4975 2.0898
5 0.7725 0.6052
7 2.5575 2.5614
5 1.035 1.1804
7 0.4575 0.4263
6 2.1675 2.1846
4 0.06 0.2329
4 0.69 0.7348
7 1.35 1.3328
4 1.035 1.2563
5 0.5175 0.578
7 2.955 2.8998
4 1.7175 1.179
7 2.4825 2.5638
6 0.4575 0.3418
4 0.3675 0.2384
4 1.6725 1.4906
7 0.0975 0.0766
5 2.97 0.4953
4 1.095 1.4877
5 1.2525 1.5538
6 2.4 2.2137
6 0.585 0.6956
7 0.735 0.6925
6 0.36 0.4098
6 0.825 0.7781
6 1.065 1.1941
7 1.0575 1.1011
5 2.325 2.1371
5 1.755 1.6475
5 0.2775 0.2423
4 2.4825 2.6505
5 0.54 0.6718
6 1.8 1.806
6 0.06 0.1177
6 2.01 1.9946
6 1.53 1.6296
7 2.6025 2.6867
6 1.53 1.5194
4 0.7575 0.7692
6 0.2025 0.287
5 0.8775 1.1461
4 2.7825 2.5796
7 2.49 2.4285
4 1.035 1.1778
5 0.7575 0.7887
6 1.5075 1.5442
4 2.94 2.699
6 1.89 1.8464
6 2.13 2.1563
4 0.3375 0.4045
6 2.715 2.5856
5 1.1025 1.0993
6 0.645 0.6404
5 1.6275 1.7345
4 0.6825 0.868
4 2.37 2.6086
5 1.56 1.6312
6 1.665 1.7073
6 2.745 2.8427
6 1.3875 1.3893
7 2.07 1.9666
7 1.35 1.3841
7 1.485 1.5482
7 1.08 1.2197
4 1.845 2.0706
6 0.525 0.7101
5 2.37 2.184
5 0.78 0.9172
5 0.975 0.8465
7 1.8 1.8082
7 2.1675 2.1328
6 0.7125 0.6653
4 1.6125 1.9949
5 1.8975 2.024
4 1.5675 1.5447
6 2.61 2.5501
4 1.2375 1.5445
5 2.835 2.6834
7 0.6375 0.6084
5 0.6 0.7074
5 2.6475 2.6193
4 0.39 0.9146
7 2.2425 2.1829
7 2.385 2.1606
6 2.325 2.2582
5 2.415 2.4527
5 1.29 1.3286
4 2.055 1.5358
4 1.89 1.3978
5 0.0525 0.243
6 1.5525 1.653
5 1.29 1.3243
7 2.0025 1.9675
6 0.255 0.3174
4 0.3525 0.4332
5 2.1525 2.2353
6 0.195 0.166
5 1.5675 1.5232
5 1.605 1.6975
4 2.4375 2.5975
6 1.32 1.337
4 0.615 0.5932
6 0.9825 0.9826
6 0.27 0.1348
5 2.22 2.4162
5 0.21 0.3475
5 1.8975 1.9184
4 1.3425 1.6234
6 1.9275 1.983
7 0.45 0.4384
7 2.3925 2.4413
6 1.7175 1.7514
6 2.1675 2.2693
4 0.8925 0.8253
4 0.8175 0.9554
7 1.065 0.8845
4 1.23 1.2699
5 0.24 0.1627
6 0.75 0.8587
6 1.665 1.5882
6 1.9575 1.8808
5 2.9475 2.7318
5 1.5075 1.3728
5 0.615 0.5967
4 0.57 0.6574
6 0.885 0.9031
4 2.6175 1.9229
4 0.765 0.7373
6 1.095 1.0414
4 1.6275 1.7223
7 1.605 1.5423
5 2.6325 2.5759
5 0.585 0.9271
6 1.5 1.466
4 0.765 0.9773
6 1.9125 1.7784
6 2.52 2.2334
7 1.7925 1.8699
6 0.495 0.615
5 1.455 1.7927
7 0.5925 0.468
4 1.6425 1.7323
4 0.03 0.3054
5 0.8325 0.8793
5 1.1625 1.1107
7 0.435 0.4557
5 2.07 2.133
4 0.06 0.3407
4 2.985 2.7317
4 2.475 2.1718
7 0.7425 0.7558
5 1.6275 1.6425
7 1.02 1.0373
7 1.3425 1.3919
7 0.57 0.529
5 0.705 0.5734
5 2.1375 2.2005
5 0.345 0.4381
5 1.4025 1.2511
4 2.415 2.6342
7 2.205 2.0801
5 2.475 2.2271
6 0.4725 0.318
6 2.2575 2.2463
5 1.7175 1.5601
4 0.6075 1.1108
5 1.245 1.2841
7 1.4325 1.5238
6 1.095 1.1544
5 1.5675 1.3964
7 2.6625 2.727
4 2.9625 2.7453
6 1.5975 1.6355
6 1.23 1.365
7 1.02 1.1676
5 2.9625 2.8027
5 2.0775 2.0934
7 1.5 1.5161
6 2.01 1.9933
5 0.2475 0.3969
6 0.8925 0.7673
6 0.3 0.3292
4 2.205 2.0069
4 2.1375 2.6126
6 2.97 2.813
7 1.17 1.1408
4 2.9925 2.4049
4 2.055 1.9745
5 2.3025 2.262
7 1.245 1.1856
6 2.73 2.6769
5 2.1375 1.785
6 0.9975 0.9942
5 0.345 0.2175
6 1.605 1.4586
5 2.0475 1.9666
7 1.17 1.2317
6 0.6225 0.5165
6 1.575 1.4562
4 0.3825 0.559
5 1.23 1.1599
5 0.315 0.5144
7 2.385 2.3748
5 1.575 1.6024
4 2.3625 2.4253
4 1.2225 0.9467
6 1.5825 1.6921
6 1.965 2.0393
7 2.04 2.0919
5 1.17 1.3647
7 2.8425 2.8909
7 0.7125 0.5798
7 0.495 0.5139
7 1.23 1.3047
7 0.84 0.9694
4 2.2875 2.2948
4 1.575 1.5273
5 1.755 1.8659
6 1.92 1.7595
4 0.9375 1.3279
4 2.1525 2.0889
7 1.425 1.5191
5 0.975 0.9362
5 2.4825 2.8444
7 1.275 1.295
6 2.5875 2.6554
4 1.7775 1.8546
4 2.2275 2.2855
4 0.915 0.8414
7 2.5275 2.5125
4 1.5675 1.5573
4 2.7825 2.4
7 1.38 1.348
5 2.6775 2.7958
5 0.1125 0.107
5 1.53 1.2691
4 2.7225 2.6335
5 2.175 2.1959
4 1.4475 1.2204
5 0.45 0.5855
7 2.2575 2.274
5 1.8225 2.1471
5 2.115 2.1364
7 0.69 0.6811
5 2.85 2.5389
4 0.375 0.5896
7 1.2675 1.1886
4 2.76 2.5824
4 1.995 1.6801
4 1.515 1.1815
6 0.765 0.7293
5 1.38 1.2465
4 1.425 1.2044
4 1.83 1.7261
4 1.8375 1.7056
4 0.12 0.3553
4 0.27 0.2971
6 2.6175 2.5018
5 2.115 2.0216
7 1.2975 1.2129
6 0.1725 0.0911
4 1.755 1.9223
4 1.7925 1.8846
7 1.4475 1.4673
4 0.78 1.1514
5 2.46 2.0881
7 1.515 1.4646
4 1.7925 1.603
7 2.1225 2.1297
7 0.075 0.1431
5 2.655 2.7924
7 1.5 1.5224
6 1.44 1.4651
4 1.815 1.6604
4 1.9275 1.9804
7 0.0375 -0.0359
4 2.325 2.3174
6 1.1475 1.209
4 2.7375 2.5954
6 1.905 1.7625
5 2.175 2.1447
4 2.8425 2.4032
4 1.215 1.0869
5 1.905 1.6812
5 1.05 1.0402
6 1.68 1.7618
4 0.3675 0.5554
5 0.0525 0.151
4 2.82 2.7087
5 2.6325 2.4551
6 2.535 2.5098
5 0.45 0.5027
6 2.37 2.301
6 0.4425 0.3298
7 0.6 0.633
5 0.135 0.2928
7 1.53 1.484
4 1.5 1.3043
5 2.7525 2.4226
5 2.835 2.8774
6 2.16 2.2823
7 0.4275 0.3637
4 1.0275 0.8637
5 1.485 1.1142
7 1.4775 1.6138
5 1.2375 1.0264
6 1.7325 1.8651
7 2.5725 2.6359
5 1.17 1.2949
4 0.285 0.4015
6 2.685 2.633
5 1.17 1.1598
7 2.13 2.0678
4 2.1375 1.4043
7 2.37 2.2933
6 2.9475 2.9072
4 1.0575 1.1785
6 2.805 2.8061
7 2.4975 2.4776
4 1.845 1.9238
5 1.2825 1.2807
4 1.7325 1.569
6 1.995 2.1339
7 2.2275 2.1849
5 0.21 0.1207
4 1.98 2.0038
6 1.425 1.8995
5 0.8625 0.6654
7 1.47 1.6483
6 2.205 2.2987
4 0.225 0.8359
5 2.94 2.8723
4 0.9825 1.5265
6 2.295 2.3708
4 2.46 2.5425
5 1.8075 1.7426
4 1.8225 1.7117
4 1.0275 1.1116
5 1.545 1.3972
5 2.0775 2.1344
6 2.52 2.6142
7 1.8825 1.9465
4 1.2975 1.2914
7 2.055 2.02
7 1.335 1.2523
7 0.0075 0.095
5 1.455 1.3939
4 2.0025 1.9394
5 1.62 1.559
6 1.2375 1.2641
7 0.57 0.5526
5 1.8525 1.8505
6 1.995 2.0722
7 2.01 1.9642
4 0.315 0.2853
5 2.7225 2.7552
4 2.985 2.7193
6 2.2125 2.1491
4 1.3275 1.2574
7 2.8575 2.9047
6 0.3975 0.7534
4 2.67 2.2214
6 0.63 0.5491
7 2.82 2.923
5 1.62 1.7731
6 2.4375 2.553
5 1.4625 1.5037
4 2.49 2.4242
6 0.84 0.7695
7 0.6 0.6252
7 1.185 1.3156
4 1.9725 2.4186
5 0.915 0.7895
7 1.905 1.9853
5 0.87 0.9629
4 0.9075 0.9039
7 1.6575 1.6494
6 0.6675 0.8936
5 2.1675 2.1449
6 2.4075 2.3402
4 2.0625 2.2442
6 1.6425 1.9327
4 1.815 1.5074
4 2.925 2.4869
4 2.9175 2.7143
7 1.1175 1.1396
6 1.9125 1.857
4 1.6725 2.0989
4 1.6275 1.8117
6 1.455 1.5032
6 0.03 0.166
7 0.825 0.8328
4 1.065 1.1799
7 2.43 2.4532
5 0.33 0.6366
4 2.7975 2.6689
7 0.3 0.2879
6 1.32 1.2605
7 0.675 0.555
4 0.6225 1.0991
4 1.5 1.2038
4 2.6625 2.7222
5 0.6975 0.4541
7 2.1 2.0587
6 1.98 2.0822
7 2.5875 2.6675
6 0.735 0.7396
4 2.715 2.6676
6 1.2525 1.359
7 1.6875 1.6424
7 1.71 1.7635
6 2.685 2.6983
7 0.36 0.3424
4 1.65 1.9047
6 0.765 0.9139
5 1.2525 1.3537
5 1.7625 1.7859
7 2.25 2.2719
5 0.495 0.6509
6 0.765 0.7884
7 0.975 0.9016
6 1.41 1.3646
6 0.8325 0.8124
4 2.88 2.6409
5 1.6575 1.536
6 1.62 1.5864
4 0.945 1.0211
4 2.1375 2.1286
5 2.16 2.2347
4 2.8575 2.3618
4 2.565 2.3454
6 0.3975 0.4749
7 1.9725 1.9804
6 2.745 2.6665
4 1.4025 1.2746
7 1.845 1.8225
7 2.49 2.4924
7 2.8875 2.9295
6 1.0725 1.1587
4 1.605 1.3392
6 1.8675 1.7216
5 0.045 0.1993
4 1.4925 1.6895
7 1.17 1.2499
6 2.67 2.5919
7 1.0425 1.1387
7 2.1075 1.9729
6 1.8375 1.8846
6 1.26 1.5097
7 0.6525 0.6047
6 1.3425 1.395
4 0.57 0.7167
7 1.9425 2.0091
4 1.98 2.0873
4 1.0425 1.7387
6 0.2475 0.1806
5 0.03 0.1039
4 0.2925 0.6409
4 2.8275 2.3365
7 1.5975 1.653
4 0.9975 0.8466
4 1.68 1.8395
5 2.6775 2.6693
4 0.105 0.4214
7 0.4575 0.4987
7 0.8925 0.8853
7 1.1775 1.1518
6 2.4375 2.4129
5 2.9625 2.8562
7 1.1025 1.1165
6 2.19 2.257
7 0.0225 0.0836
6 2.475 2.5593
6 1.665 1.323
6 0.8025 0.7502
5 1.68 1.456
7 0.78 0.7942
6 0.9675 1.0423
7 2.925 2.9945
5 0.345 0.4623
5 2.94 2.8462
6 2.5575 2.4432
7 0.8775 0.9125
4 0.4725 0.9184
6 0.1425 0.1175
5 0.195 0.1636
6 1.8 1.6909
7 0.945 0.9488
7 0.255 0.3015
5 1.545 1.8872
6 0.195 0.2921
7 0.795 0.918
7 1.8375 1.7028
4 1.3725 1.853
6 1.7925 1.614
7 1.5075 1.6057
4 2.5275 2.1664
4 1.0875 1.0078
7 2.1 2.1414
7 2.685 2.6894
4 2.8125 2.5911
4 2.9175 2.5808
7 2.145 2.0878
4 2.9925 2.8183
7 2.7975 2.9079
4 2.16 1.7427
7 2.94 2.9179
6 1.605 1.3914
4 0.2175 0.3704
6 1.725 1.6332
7 2.805 2.7786
5 0.5175 0.621
5 1.59 1.3413
7 1.0425 0.9689
4 1.575 1.3361
4 0.945 1.0514
6 2.4825 2.6427
4 0.7125 0.9766
6 2.7675 2.6924
4 0.7275 0.8421
5 2.9025 2.776
6 2.8275 2.8374
7 1.5975 1.5693
7 0.7875 0.7728
6 1.56 1.7125
4 2.7675 2.6551
7 1.9425 1.9707
4 2.7225 2.5437
5 2.2125 2.1139
6 2.1675 2.0746
7 1.965 1.954
7 1.8075 1.7075
6 0.015 0.0604
5 2.8425 2.7367
4 1.14 0.9255
6 0.945 0.9051
4 1.305 1.2272
6 0.09 0.1202
5 2.475 2.4089
4 2.4225 2.1068
6 1.1475 1.1349
4 2.22 2.1124
7 1.515 1.7068
4 1.9875 1.6061
4 0.585 0.5541
4 1.7325 1.8835
6 2.205 2.0834
5 1.7625 1.6317
7 2.5875 2.5425
6 1.635 1.7479
4 2.3625 2.2078
5 2.5125 2.5709
6 2.205 2.1842
4 0.8775 0.6445
5 0.495 0.3794
7 1.5975 1.662
4 2.49 2.4195
6 0.525 0.6117
7 1.575 1.6568
6 2.415 2.3301
7 0.255 0.2054
4 2.49 2.5412
4 2.7825 2.2099
5 1.9125 1.9832
6 1.3725 1.1045
7 2.5125 2.4398
5 1.4925 1.3797
4 2.0775 2.279
6 2.1675 2.3792
4 1.86 1.6342
4 0.7875 1.0562
7 2.1075 2.3395
4 0.855 1.0675
6 1.2675 1.4555
6 1.0125 1.0063
7 0.225 0.1125
7 1.9875 1.9822
4 0.1575 0.2395
5 2.19 1.9245
6 1.0875 1.1902
4 2.4825 2.475
5 0.7275 0.6995
6 0.39 0.4806
6 2.61 2.4618
7 1.5075 1.4353
6 2.325 2.3671
5 2.6325 2.6309
5 0.105 0.2245
6 1.425 1.4665
4 0.81 0.9747
7 2.34 2.3262
5 1.5525 1.5381
7 2.6625 2.6378
6 2.745 2.8103
7 1.2 1.2016
7 0.7875 0.9602
5 0.15 0.2693
5 0.1875 0.242
4 0.66 0.9033
4 2.0175 1.985
7 0.735 0.7269
5 2.7525 2.7182
6 0.3075 0.1782
6 1.935 2.0274
4 1.2075 1.1977
6 2.235 2.1651
7 1.4625 1.5031
6 2.0925 2.0291
6 1.08 1.1392
6 2.7975 2.6972
5 0.4275 0.2616
7 2.2275 2.2972
6 0.945 0.7755
7 1.5225 1.4268
7 0.5925 0.6594
4 2.8575 2.6429
4 1.1175 1.1143
6 1.7925 1.8696
7 1.02 0.9933
6 2.745 2.7116
7 0.21 0.3067
4 0.51 0.6767
6 1.0275 1.0671
5 2.01 1.9334
7 0.4875 0.5469
6 2.865 2.7008
4 2.1975 2.1807
5 1.605 1.4213
5 1.605 1.5708
7 1.4625 1.4416
6 0.6825 0.7662
5 2.55 2.61
4 0.7125 0.8895
4 1.9425 1.7579
4 0.435 1.0327
4 2.34 2.0873
6 0.6225 0.6392
6 0.165 0.0975
4 1.215 0.9628
6 0.3375 0.3059
6 1.5675 1.7989
5 2.91 2.7677
5 0.945 0.8496
6 1.2675 1.3915
5 2.925 2.695
5 0.4725 0.5841
6 0.1575 0.1275
7 2.3325 2.3003
4 1.6125 1.6997
6 0.1575 0.2733
7 2.775 2.756
5 0.81 0.8226
4 1.2825 1.3716
7 1.7775 1.7115
4 0.7875 1.0113
4 0.2625 0.5737
4 1.6875 1.7105
4 0.6 0.4327
7 0.5325 0.6005
4 0.825 0.6588
4 0.9375 0.9292
7 2.9925 2.9197
6 1.4925 1.332
4 2.775 2.5986
7 1.77 1.8126
5 1.575 1.7056
6 2.31 2.2691
6 0.03 0.2136
6 2.6175 2.5574
6 1.515 1.6129
4 2.3775 2.327
6 0.8175 0.6551
5 0.795 1.0592
4 2.4075 2.0008
7 1.9725 2.0371
6 1.3125 1.3514
7 0.9375 0.8804
6 1.9425 1.9415
7 2.4525 2.5084
4 0.135 0.3602
7 0.72 0.6845
4 0.6975 0.5303
7 2.6775 2.6828
4 2.3925 2.1604
4 2.6325 2.6071
5 2.925 2.8262
5 2.805 2.6124
7 0.75 0.6469
6 2.1075 2.022
6 1.815 1.7802
6 1.4775 1.4137
5 0.9225 0.9692
5 0.9 1.0131
7 1.035 0.9211
5 1.26 1.0982
5 2.2425 2.1551
7 2.4825 2.4631
7 2.565 2.6485
7 0.8025 0.6708
6 2.91 2.9432
6 2.46 2.3994
7 0.735 0.7579
5 0.5925 1.0095
6 1.0875 1.1551
4 2.4375 2.242
7 2.6925 2.7326
7 0.8475 0.8365
4 1.245 1.3287
5 2.685 2.4917
7 0.72 0.711
4 0.5325 0.6111
4 0.9 1.0959
5 2.805 2.457
7 0.09 0.1016
5 1.92 1.8341
7 1.515 1.5396
7 0.81 0.7894
7 0.4575 0.4669
4 0.12 0.6754
6 1.875 1.8382
5 0.39 0.3984
6 0.7875 0.714
7 2.9925 2.9562
4 2.52 2.4238
5 1.3725 1.4619
7 0.96 0.8312
6 0.42 0.31
4 1.2675 1.4678
4 1.68 1.2135
6 0.975 0.8892
4 0.1725 0.3496
5 0.8475 0.797
6 2.0025 2.1252
6 2.055 2.0348
5 1.425 1.6523
7 2.325 2.3349
6 2.67 2.5939
4 1.3575 1.109
5 1.125 1.0202
6 1.695 1.8356
7 0.8325 0.8761
4 2.9775 2.5312
5 0.2925 0.5997
4 2.34 2.0755
7 2.9925 2.9415
6 0.81 0.9709
4 1.77 1.5067
6 1.0425 0.8756
4 2.6025 2.1642
4 1.38 1.5262
7 0.9 1.0051
4 2.6475 2.0826
7 1.65 1.4299
4 2.655 2.4663
7 1.035 0.9795
5 0.225 0.2212
6 1.23 1.0514
6 2.3625 2.326
4 0.165 0.3991
7 0.9 1.0141
6 2.1675 2.2168
7 1.7325 1.7752
6 1.5525 1.6038
6 2.1675 2.0897
5 0.6075 0.4252
7 1.65 1.6803
4 2.25 2.357
4 1.62 1.4939
7 1.4475 1.4066
7 2.595 2.4786
7 0.1875 0.1653
5 0.6225 0.8772
4 2.4525 2.2214
6 1.38 1.5114
7 0.15 0.0696
4 1.3875 1.5847
7 2.7675 2.7666
7 0.57 0.5478
5 2.76 2.848
6 0.4875 0.6108
5 2.8425 2.6519
7 1.8975 1.8865
5 2.43 2.3623
4 2.4675 2.2208
7 2.5875 2.5141
5 0.9975 1.1274
5 2.7075 2.6215
4 1.155 1.2784
6 1.44 1.2139
7 0.555 0.3633
6 1.2825 1.2856
7 1.1925 1.1328
5 1.935 2.0561
7 0.1725 0.2179
5 2.4 2.1983
6 2.5125 2.3915
5 0.1875 0.1771
6 2.3475 2.2017
7 2.2425 2.4049
4 1.26 1.2438
7 0.0225 0.0811
5 0.4575 0.6372
6 0.5625 0.5274
7 0.3525 0.3561
6 1.815 1.6047
6 0.27 0.1666
5 0.1725 0.3828
6 0.12 0.2229
5 2.8725 2.6977
5 1.6725 1.6552
6 2.4225 2.5496
4 2.475 2.1318
6 0.45 0.5427
4 0.885 1.0651
4 2.8575 2.5584
5 0.39 0.2802
5 0.015 0.1417
7 1.1325 1.0403
6 1.9125 1.8271
4 1.065 1.1358
5 0.405 0.4068
7 0.42 0.4689
6 1.0125 0.9598
5 1.86 1.6229
5 1.125 1.1602
6 2.2425 2.1556
5 2.4525 2.3173
7 0.285 0.3273
6 2.7 2.6747
7 0.045 0.0931
4 0.2775 0.6387
7 1.1475 1.217
4 2.9475 2.3885
5 2.5425 2.4995
6 2.7075 2.7315
4 1.725 1.4934
7 1.4775 1.5123
4 0.225 0.4174
6 1.365 1.2768
7 1.02 1.1251
5 1.59 1.7367
5 1.0725 1.0425
7 0.015 0.101
4 2.1975 2.2021
7 0.8775 0.8704
6 2.1 1.9843
4 0.3675 0.5796
5 2.265 2.3337
7 0.795 0.7354
6 1.2675 1.3522
7 0.45 0.5841
5 1.785 1.5313
5 2.61 2.7514
7 1.2675 1.136
4 0.8325 1.187
5 1.1325 1.2124
4 2.5725 2.1185
5 1.2075 1.2887
7 1.5825 1.4608
4 0.7125 1.0211
4 1.245 1.3173
6 1.245 1.3149
7 0.9075 0.9286
5 0.795 0.8414
5 0.8325 1.0411
6 2.5725 2.4345
6 2.955 2.8702
7 2.8275 2.7724
7 2.505 2.6316
7 2.6175 2.7239
7 1.0125 1.0716
5 1.965 1.8901
4 0.0825 0.2765
6 1.8225 1.8334
5 2.5425 2.6426
4 0.78 0.8714
7 1.8975 1.8289
6 2.0175 1.9874
6 2.2425 2.1244
7 0.945 0.993
4 1.395 1.9235
7 0.3 0.3481
7 0.84 0.8492
6 1.305 1.2273
6 0.735 0.6399
7 1.8525 1.8383
5 1.29 1.3458
6 0.39 0.443
7 2.64 2.5114
7 2.2275 2.2597
6 2.025 1.8524
4 2.355 2.2101
6 1.62 1.4748
4 1.9575 2.0299
4 2.5275 2.5414
5 2.295 2.058
4 2.7825 2.3573
6 0.195 0.3806
5 0.36 0.3875
5 0.4425 0.6734
4 2.5125 2.0969
7 1.575 1.6517
5 2.4525 2.349
5 1.8 1.9528
5 0.4275 0.3091
7 1.8975 1.8009
6 0.435 0.4474
4 1.215 1.448
7 0.6225 0.6405
7 1.9275 1.8202
4 1.4625 1.5026
7 1.4925 1.5227
4 2.025 2.1983
4 2.3775 2.2689
7 0.2175 0.3846
7 2.3625 2.2712
6 0.8025 0.8185
7 2.955 3.0093
4 2.475 2.4857
6 0.495 0.6363
7 0.8025 0.6437
4 1.5 1.3396
4 2.355 2.0874
7 2.94 2.8721
7 2.4375 2.4495
5 1.5075 1.3006
6 1.7775 1.8519
7 0.9675 1.0256
6 1.7775 1.7973
6 2.07 1.9959
5 0.825 0.7202
5 0.2625 0.5203
6 2.0775 2.0126
5 1.695 1.5175
5 2.7675 2.6665
5 2.7675 2.7035
7 0.1425 0.1448
4 1.5375 1.5501
6 2.2725 2.2333
5 2.7375 2.8713
7 1.7775 1.763
4 1.2 1.1762
7 1.5225 1.4852
7 2.985 2.8888
5 1.3275 1.4311
6 2.19 2.1544
6 1.875 1.7447
6 0.8325 0.8189
6 2.1825 2.3563
7 2.3175 2.3565
7 2.43 2.3481
7 1.9725 1.9203
5 2.3775 2.112
7 1.275 1.2913
4 1.185 1.5908
6 0.3675 0.3688
4 1.53 1.541
5 1.5 1.3139
6 1.8675 1.8352
6 2.6775 2.7407
4 0.0225 0.3942
5 1.0575 1.2539
4 2.61 2.6511
6 2.775 2.798
7 0.2325 0.3607
4 0.855 1.0567
6 0.6675 0.8867
6 0.0825 0.0655
7 2.6775 2.5779
5 0.45 0.6059
4 0.6825 1.0163
4 2.6175 2.3827
4 2.37 2.4101
6 0.2175 0.1878
7 1.4775 1.579
7 1.815 1.835
6 0.7575 0.7298
6 1.5 1.4971
5 0.4425 0.6916
4 1.68 1.6787
7 1.125 1.0803
5 1.08 0.7736
7 1.6275 1.4817
6 2.91 2.8339
5 2.505 2.5511
5 2.5725 2.3868
6 0.36 0.2728
4 2.3025 2.3116
4 1.1625 1.2438
7 0.045 0.113
5 2.37 2.2088
6 1.4775 1.5112
7 0.165 0.1854
4 2.19 2.1768
4 2.835 2.4449
6 2.7225 2.6401
7 2.67 2.6849
4 0.5775 1.0148
6 2.94 2.8485
6 1.095 1.277
7 0.5925 0.6171
5 0.105 0.1194
7 0.8175 0.7914
6 1.6425 1.582
7 0.345 0.3152
6 2.7 2.7765
5 2.2725 2.1699
7 1.65 1.6845
4 1.635 1.574
5 0.915 0.8896
6 1.7925 1.9431
4 0.51 0.5674
6 0.7425 0.8621
4 0.6675 0.8726
6 1.425 1.3709
5 0.5625 0.4804
7 2.175 2.086
6 1.965 1.903
5 0.4575 0.7786
4 2.355 2.2504
4 0.525 1.0106
5 2.37 2.3093
5 1.0725 0.7686
6 0.0525 0.2899
7 2.31 2.1311
4 1.7175 1.7115
7 0.39 0.2575
6 1.26 1.4623
5 2.7075 2.6595
4 0.2775 0.44
4 0.66 0.3392
4 1.8675 1.9324
6 0.0375 0.2742
6 1.1775 1.3539
6 2.2725 1.9291
5 0.4725 0.328
7 2.1075 2.1385
4 1.8 1.9513
4 0.9525 1.3022
4 1.5675 1.6285
7 0.4725 0.6515
6 1.7325 1.537
7 0.9525 0.9329
4 0.105 0.4821
7 0.3825 0.3597
7 1.53 1.512
4 2.2575 1.8969
5 1.8 1.966
6 0.2925 0.3816
6 2.715 2.7164
6 1.845 1.6867
5 2.7225 2.8559
6 2.64 2.5618
5 1.2675 1.1126
5 2.5575 2.4214
5 1.065 0.9362
4 2.5575 2.3174
7 0.0525 0.0223
7 2.5425 2.5899
6 2.31 2.2772
7 0.51 0.4117
7 2.46 2.4753
5 0.8625 0.8597
7 2.205 2.3549
7 0.0975 0.0727
6 1.6275 1.7477
4 0.72 0.8247
4 1.56 2.0962
7 2.25 2.121
6 1.3875 1.3286
6 0.6825 0.6292
5 2.175 2.1993
5 2.775 2.8588
5 1.965 2.1434
6 0.3 0.3458
4 0.2925 0.5313
4 0.3975 0.8061
4 2.76 2.5247
6 2.4375 2.4062
7 2.805 2.7476
4 0.3675 1.0267
5 2.715 2.6005
4 0.93 1.2419
6 0.585 0.5617
5 0.3075 0.341
6 0.7125 1.598
5 1.545 1.5622
4 1.4925 1.7551
7 0.135 0.1345
5 0.81 0.7183
7 2.76 2.6994
6 1.1025 1.2838
4 1.215 1.4673
4 2.85 2.5089
6 2.325 2.3313
5 2.7525 2.7905
4 2.145 1.9648
5 1.5075 1.3649
7 2.8875 2.9353
5 2.175 2.0167
7 1.4025 1.4263
6 2.1975 1.9547
5 0.1425 0.2316
7 1.5525 1.4827
4 1.245 1.1189
4 1.035 1.2384
4 0.315 0.5709
5 0.465 0.5217
5 1.725 1.8675
5 2.5425 2.415
5 2.2875 2.3951
7 2.895 2.8284
5 2.9025 2.6512
4 1.8 1.8548
4 0.2775 0.3692
5 0.225 0.2264
4 1.2375 1.4822
6 0.1875 0.1992
4 2.58 2.3697
5 0.9675 1.1093
5 0.165 0.361
6 2.355 2.4406
4 1.3425 1.2329
5 1.32 1.3248
4 1.0425 1.2862
4 2.445 2.6646
5 1.38 1.1784
4 1.4925 1.4302
5 2.2275 2.1453
4 2.6025 2.0356
4 0.585 0.4114
4 2.7075 2.2937
7 1.8075 1.8263
4 1.005 0.9247
4 0.6525 0.5396
4 0.9825 1.0414
4 2.5725 2.2615
7 2.655 2.6505
6 0.705 0.6829
6 1.9575 1.9892
6 1.3275 1.3305
5 2.505 2.5303
4 2.3175 2.1844
5 2.9925 2.8522
4 0.9675 1.2544
7 2.475 2.5202
4 0.36 0.2776
6 2.325 2.225
5 1.35 1.5715
7 1.1325 1.1517
4 2.8275 2.5049
4 2.3925 2.0069
7 2.4 2.3641
6 0.9975 0.8146
7 1.5 1.4915
6 1.3275 1.2644
5 2.325 1.1677
6 2.04 2.0411
6 2.565 2.6203
4 2.3625 2.3631
4 1.2525 1.4042
7 2.3325 2.3316
7 1.9575 1.9248
5 0.285 0.1852
5 1.77 1.8923
6 0.9075 0.8119
5 1.11 0.9967
4 0.525 0.6071
4 2.835 2.5292
4 0.5475 1.0036
6 2.5875 2.5838
7 1.2525 1.1696
4 1.395 1.5243
7 1.0875 1.0771
4 0.4725 0.6252
7 1.32 1.3962
4 1.5 1.2007
6 1.17 1.2336
4 1.2975 1.085
4 1.4475 1.5274
5 1.005 1.1597
6 2.31 2.3242
4 0.3 0.9721
5 2.5575 2.5026
4 2.7825 2.1797
7 2.4975 2.5368
4 0.8625 1.1112
7 2.625 2.6728
4 1.2525 1.0525
6 2.8275 2.634
7 0.225 0.3611
5 0.9825 1.0829
4 0.99 0.9515
5 2.5125 2.3973
5 2.115 1.9247
6 1.9725 1.975
4 2.31 1.6249
4 2.2725 2.3109
5 2.4 2.3019
6 2.7975 2.7906
4 1.5675 1.527
6 0.1125 0.1823
5 2.43 2.2001
6 2.355 2.398
5 1.89 2.193
4 2.58 2.4297
7 1.32 1.2829
7 1.455 1.2475
4 2.6775 2.5908
7 2.85 2.6415
6 0.735 0.6985
6 1.5675 1.5784
6 2.955 2.8558
7 1.53 1.4604
6 0.8775 0.8416
7 2.8125 2.7244
4 1.59 1.5901
7 0.93 1.0263
6 0.5025 0.574
6 1.2675 1.3275
4 2.01 1.65
5 2.1525 2.34
4 2.445 2.4268
4 2.4375 2.5408
6 2.1225 2.1228
7 0.4575 0.5915
4 0.06 0.2408
7 1.1925 1.1964
7 0.45 0.4239
4 0.525 0.7572
4 1.1775 1.0291
6 1.665 1.8089
4 2.625 2.6017
5 2.1975 2.3526
5 0.1875 0.4472
7 2.6025 2.5507
6 1.155 1.0907
4 1.695 1.8464
4 0.24 0.4181
7 1.98 1.8832
4 2.625 2.4139
4 1.59 1.5893
4 1.065 0.8693
7 2.3925 2.3742
5 1.29 1.0577
6 2.4825 2.3693
6 1.1625 1.2433
5 1.68 1.5978
7 2.46 2.4207
5 2.5125 2.5908
4 0.2175 0.3619
5 0.0375 0.0927
6 2.6925 2.6092
7 1.95 1.9374
5 1.35 1.2733
5 2.4975 2.6928
4 2.2275 2.0118
4 2.685 2.6494
4 1.9275 1.9051
5 2.94 2.8037
6 2.2725 2.2687
6 0.57 0.5253
4 0.9375 1.4007
4 2.2575 2.0778
4 2.04 1.8952
7 0.57 0.6103
6 0.21 0.4293
5 0.42 0.2849
5 2.64 2.5294
5 1.8375 1.8576
6 0.8325 0.9692
4 2.91 2.6689
6 0.72 0.8232
5 1.425 1.5248
4 1.065 1.1856
7 2.4675 2.4709
6 1.65 1.6801
4 1.515 1.4444
7 0.525 0.5649
5 0.3 0.228
6 1.0275 1.0814
4 1.395 1.674
5 0.78 1.1301
7 0.5775 0.6581
4 1.2675 1.2152
7 0.3825 0.4219
5 0.6 0.846
5 1.2975 1.1615
6 2.3625 2.3476
4 1.4325 1.2382
5 0.1125 0.1443
5 1.56 1.4002
4 1.9575 1.3803
7 2.415 2.4759
5 0.51 0.7759
7 1.1775 1.3706
5 1.0725 0.862
6 2.5875 2.543
5 2.73 2.546
4 1.71 1.6763
7 0.42 0.5128
5 2.1675 2.0326
5 0.975 1.1649
6 1.905 2.0155
5 2.025 2.1694
5 1.605 1.7138
4 0.87 1.0405
6 0.39 0.395
4 2.01 1.8191
7 1.935 1.9393
7 2.0325 1.9486
6 2.1975 2.1115
4 0.6675 0.5637
4 1.14 1.3426
6 1.77 1.813
4 1.32 1.3246
4 0.8625 1.2128
4 0.6 0.8289
5 0.3975 0.5744
7 2.2725 2.2643
5 2.79 2.8091
5 1.875 1.8446
5 0.855 1.2308
4 0.6525 0.9995
6 2.22 2.1282
5 1.425 1.5121
4 0.66 0.6964
5 1.14 1.0457
4 2.2875 2.4428
4 2.0775 2.1844
4 0.6525 0.5737
6 1.2675 1.2906
4 1.9575 1.5062
5 2.34 1.1986
5 1.4325 1.5272
4 1.215 1.1375
4 1.98 2.0388
7 2.7075 2.9306
6 2.6775 2.6651
4 2.175 2.0619
4 0.81 1.119
7 0.6075 0.5631
7 0.7875 0.731
7 1.2525 1.2789
5 1.725 1.5422
6 1.665 1.6222
5 0.3 0.375
4 0.6375 0.846
6 0.48 0.5368
4 1.3275 1.5271
6 1.845 1.6578
7 0.1125 0.182
5 1.6425 1.6172
7 0.12 0.1414
5 1.7025 1.5028
5 0.0675 0.4267
7 1.56 1.6209
4 2.37 1.8611
4 0.5925 0.567
5 0.5775 0.7312
5 2.505 2.4455
4 1.1625 1.386
4 2.115 2.1663
4 0.675 0.9469
6 2.4525 2.5905
6 2.55 2.5271
7 1.7475 1.7504
5 2.475 2.7316
6 0.9975 1.1336
7 1.0875 0.9376
6 1.44 1.4087
6 1.0425 0.9103
6 1.905 1.9177
4 0.135 0.6033
6 1.59 1.4345
7 1.725 1.6129
4 1.6875 1.6436
5 1.8 1.927
5 0.72 0.7574
6 0.285 0.2284
4 0.48 0.813
4 1.005 1.1875
4 1.5225 1.4054
6 1.17 1.3354
7 2.34 2.46
5 0.495 0.6708
6 0.705 0.6704
4 0.705 1.1985
4 1.32 1.5023
6 0.9225 0.7509
5 1.155 1.1296
5 1.29 1.1893
6 1.98 2.002
7 0.015 0.0795
6 1.125 1.1571
6 0.4125 0.4222
7 0.405 0.3393
6 2.205 2.0815
7 0.42 0.3555
7 0.3075 0.2403
6 0.4425 0.5434
5 0.435 0.6358
5 1.185 1.2128
7 0.33 0.3955
4 1.8375 1.8195
6 0.99 0.8616
6 0.48 0.616
5 2.43 2.2575
5 0.0225 0.2544
4 0.6825 0.6464
6 1.8 1.5942
7 1.5375 1.6247
6 2.6025 2.4487
7 1.1175 1.1486
4 0.2325 0.6806
7 0.855 0.7701
5 0.6225 0.8561
5 2.6775 2.7148
5 1.5075 1.6788
7 1.1175 1.2085
7 2.52 2.4605
6 1.8825 1.5832
5 1.44 1.2891
6 1.3875 1.2519
5 0.09 0.2772
4 1.9425 2.1656
5 0.9 0.9132
5 2.01 1.9249
5 2.025 1.9423
7 0.1575 0.2739
6 2.46 2.4208
5 2.3625 2.0483
4 0.33 0.292
4 2.0625 2.0795
7 1.6425 1.6718
7 2.205 2.1443
6 2.775 2.9332
4 1.4325 1.6286
5 0.42 0.287
6 2.445 2.5113
6 0.21 0.4015
6 1.785 1.698
6 0.885 0.8875
4 0.375 0.5967
7 0.375 0.3794
6 0.3675 0.4198
6 0.045 0.1567
6 1.875 1.8203
4 0.27 0.2559
6 0.21 0.3429
7 2.3775 2.3577
6 0.3675 0.3471
6 1.395 1.3294
4 0.2475 0.4866
4 2.2125 2.6378
5 1.305 1.4835
5 2.8425 2.7801
5 1.395 1.2507
6 0.1425 0.0124
7 2.6775 2.6966
4 1.74 1.3518
4 2.4975 2.102
4 0.0375 0.2923
6 1.4925 1.4994
7 1.7775 1.9156
6 1.6275 1.754
5 0.84 0.9507
6 1.035 1.1601
5 2.9325 2.8417
7 1.725 1.6608
4 1.74 1.6587
7 1.2675 1.2297
6 2.4375 2.4796
5 1.2 1.0019
5 1.2825 1.5939
5 1.065 1.0425
6 0.465 0.4674
7 2.8725 2.9163
5 1.38 1.5685
7 0.615 0.6405
4 1.4475 1.7055
4 0.6675 0.7388
7 2.565 2.6819
7 1.0575 1.1913
5 2.67 2.8506
4 1.26 1.0129
4 2.2575 2.228
5 0.69 0.8007
6 1.3275 1.2881
4 2.1675 2.4572
5 0.8175 1.0007
7 0.765 0.7349
4 1.4925 1.3772
4 1.6725 1.4484
6 1.2675 1.1882
7 1.98 1.927
4 2.34 1.9319
6 0.6675 0.9313
5 2.4075 2.2396
5 2.6925 2.8249
5 0.075 0.1713
5 2.8275 2.6586
6 2.0025 2.1034
6 0.0375 0.119
6 0.1725 0.0715
4 1.53 1.5507
5 2.565 2.5076
6 1.3875 1.5018
7 2.4675 2.5411
7 1.155 1.1074
4 0.4725 0.5353
4 2.6025 2.5017
4 0.2325 0.49
6 1.9575 1.8658
4 1.275 1.2484
7 1.7175 1.745
6 0.51 0.6204
7 1.74 1.6784
5 2.3925 2.3362
6 2.3625 2.3391
5 2.46 2.5355
5 0.72 1.014
6 1.4025 1.5277
4 0.615 0.7601
7 0.2175 0.3792
5 2.7075 2.5904
4 0.5025 0.6925
4 1.0425 1.1402
5 1.245 1.1539
6 1.1475 1.1457
7 2.1975 2.3442
7 2.43 2.315
7 0.48 0.4941
7 1.1025 1.2055
4 0.96 1.0177
6 0.8775 0.9073
7 2.25 2.2141
4 0.3825 0.5109
4 2.22 2.2311
6 2.4075 2.3179
7 2.25 2.3033
4 2.64 2.5491
5 1.05 1.0937
6 2.46 2.6346
4 1.605 1.5986
4 0.3825 0.2992
5 2.925 2.5785
4 1.41 1.474
6 0.435 0.5249
6 0.15 0.196
6 0.72 0.8
5 2.4525 2.6312
4 2.1225 1.6951
4 0.6225 0.3796
5 2.265 2.1928
7 1.2525 1.2198
6 0.54 0.6
4 2.3775 1.8351
7 2.0025 1.9702
5 2.58 2.402
6 2.0175 1.8459
5 1.5375 1.8583
6 0.735 0.9783
5 2.0475 1.8762
7 0.585 0.6532
7 1.6425 1.7797
4 2.0775 1.8817
4 2.445 2.1836
7 1.44 1.505
5 1.6725 1.7374
6 1.7325 1.6549
5 2.19 2.1001
4 1.245 1.2273
7 0.8775 0.8986
5 2.235 2.2924
4 0.675 0.4739
7 2.4 2.3616
7 0.99 0.8207
6 2.1675 2.0101
4 1.845 1.9837
4 1.05 0.8388
5 1.4025 1.3928
6 2.9025 2.7328
4 2.8875 2.6598
5 2.085 2.2937
5 0.12 0.1575
7 2.4375 2.3203
4 2.2275 2.4549
6 2.1375 2.1203
4 0.87 1.0274
6 1.815 1.6929
5 2.97 2.8045
5 2.46 2.3087
6 2.4225 2.2497
5 2.0775 2.0548
4 1.29 1.6194
5 0.81 0.8435
5 1.245 1.3742
5 0.4725 0.4863
5 0.645 0.716
4 0.345 0.5147
6 2.3325 2.1878
4 0.135 0.3649
6 1.4025 1.4002
5 2.1375 1.9082
4 1.7325 1.9664
4 0.21 0.4707
4 1.9425 1.6938
7 1.335 1.3899
5 2.91 2.8352
5 2.6175 2.6625
6 2.6475 2.6457
6 0.0675 0.1307
4 2.8725 2.6222
4 2.7825 2.1028
7 2.565 2.4998
7 2.4825 2.4758
4 2.3475 2.2881
7 0.24 0.3022
6 0.315 0.3478
5 2.745 2.5903
4 0.5325 0.3091
6 0.6825 0.5957
6 2.745 2.7217
4 0.3675 0.5962
4 1.875 1.9949
4 1.395 1.5866
5 1.17 1.0458
4 2.5725 2.0144
5 1.125 1.34
6 0.2625 0.3424
5 1.23 1.0729
6 0.0825 0.2302
7 0.945 1.1036
4 0.2625 0.5155
5 0.87 0.8662
4 1.6875 1.7081
5 2.625 2.517
6 1.9575 1.9499
4 2.625 2.2151
7 0.645 0.6083
4 2.2575 2.0099
4 1.71 1.5805
5 2.2575 2.2719
6 1.5675 1.5675
5 0.93 0.909
7 0.7275 0.8347
5 1.77 1.6547
7 2.19 2.2515
6 1.095 1.0685
5 1.2975 1.1567
7 2.625 2.7304
7 0.5325 0.4676
6 1.65 1.6139
7 1.6425 1.6511
6 2.535 2.6377
4 0.8625 0.6674
7 2.6475 2.6237
4 0.96 0.7013
5 2.835 2.8348
4 1.305 1.3528
5 2.25 2.0774
7 2.895 3.0064
4 2.25 1.8161
6 1.8225 1.9058
7 1.605 1.5696
4 1.8 1.8734
4 0.5475 0.3862
5 2.16 2.0773
7 2.775 2.7598
6 2.91 2.7074
4 1.8075 1.8046
5 2.8275 2.7494
5 0.165 0.2777
6 2.6925 2.5809
5 2.4 2.269
7 0.9375 0.8246
5 2.7375 2.7582
4 1.9275 1.8503
4 2.115 1.7284
5 0.6825 0.9428
6 2.865 2.7474
6 0.435 0.3033
7 0.96 1.0124
4 1.95 1.8983
4 0.0075 0.4449
4 0.5175 0.558
6 1.4775 1.3742
6 1.92 1.941
4 1.4625 0.8908
6 0.4875 0.5529
7 0.435 0.4705
5 1.2075 1.2147
6 1.155 1.3582
4 2.8425 2.5959
6 1.7925 1.5462
4 2.0625 1.5065
5 1.26 0.8614
6 1.0125 0.9822
5 1.635 1.772
6 0.03 0.0272
6 2.3325 2.2154
5 0.8475 1.1511
4 1.05 1.0346
4 0.4425 0.5932
4 1.5675 1.8899
7 1.4775 1.5269
6 0.735 0.8203
7 2.295 2.3637
5 1.3275 1.0756
4 2.355 2.0209
5 1.0425 0.9892
6 0.405 0.5198
5 2.94 2.6532
5 0.435 0.1663
7 2.4825 2.4308
4 1.0725 0.8629
5 2.49 2.4533
5 0.3075 0.2273
5 2.46 2.4924
6 1.9125 1.9896
6 0.555 0.5109
7 0.435 0.3574
5 2.76 2.586
4 2.7675 2.412
7 1.0875 1.0169
6 2.655 2.6536
6 1.245 1.1545
4 2.73 2.2791
6 1.4325 1.3594
6 0.03 0.0513
7 1.275 1.286
4 1.35 1.0702
6 0.5175 0.7247
5 2.9325 2.8319
7 1.815 1.8708
5 2.1 2.0835
5 0.3525 0.285
5 1.2225 1.2954
6 1.7175 1.9828
4 1.2375 0.948
5 2.805 2.4687
4 2.3925 2.3377
6 0.3525 0.2634
6 1.305 1.3643
7 1.5075 1.4491
7 1.635 1.5812
4 2.52 2.4464
6 1.1175 1.2246
6 0.9075 0.9261
5 1.125 0.8747
7 0.345 0.3635
7 0.7125 1.045
6 0.5175 0.5309
7 0.6 0.4734
4 0.0 0.5518
7 2.4375 2.4289
4 1.635 1.8081
5 1.425 1.3692
7 2.7975 2.7504
7 2.9925 2.8457
7 0.54 0.5428
5 2.055 2.0477
7 2.145 2.0821
7 0.5025 0.4559
6 2.9925 2.9087
5 1.155 0.9621
5 1.53 1.5037
4 0.105 0.1736
7 0.9 0.8284
4 1.6725 1.4397
7 0.885 0.8606
7 2.0775 1.8962
6 0.1725 0.1051
7 1.05 1.0917
4 0.1125 0.3518
7 2.07 1.9388
4 0.0075 0.4476
4 2.745 2.6917
7 1.2825 1.248
7 1.245 1.2031
4 1.29 0.9063
7 0.3 0.425
4 1.65 1.773
6 0.0375 0.1139
6 1.2525 1.3018
6 2.325 2.3039
4 0.225 0.3172
4 2.2275 1.8155
6 1.47 1.2939
4 1.395 1.0868
4 0.7125 0.9366
4 0.06 0.2771
5 2.235 2.2576
4 0.435 0.8131
4 1.875 1.5223
6 2.6925 2.7209
6 2.07 2.0745
7 2.07 2.1501
6 0.21 0.2817
7 1.815 1.7342
7 0.69 0.8513
5 1.455 1.5229
5 0.2625 0.5935
6 1.08 1.1727
4 0.225 0.5049
4 1.5525 1.7219
6 0.42 0.3763
4 1.08 0.9137
6 1.95 2.0482
4 0.285 0.4056
7 0.0075 0.0275
7 0.33 0.376
5 1.335 1.2373
7 0.2175 0.1631
7 1.02 1.0509
4 2.25 2.1158
7 2.115 2.2216
7 1.47 1.5355
4 1.905 1.9884
6 2.295 2.2414
7 2.0775 2.0849
6 0.1125 0.0406
7 2.5575 2.4818
5 2.8425 2.6847
7 0.8775 0.9247
7 1.965 1.8959
4 2.13 2.4099
4 2.0025 1.9634
7 1.1475 1.1276
7 1.905 1.8538
5 2.565 2.4653
6 2.325 2.4139
7 1.0125 1.0021
6 1.9275 1.9358
7 0.705 0.7875
4 0.4725 1.1313
7 0.225 0.2542
7 2.475 2.6062
7 0.1875 0.0383
6 2.7375 2.7784
7 2.1825 2.1216
5 1.485 1.3183
4 2.3175 1.9666
6 1.5075 1.4793
4 1.4475 1.4429
7 0.12 0.0629
6 0.69 0.7612
5 2.97 2.8115
5 1.98 1.9908
4 2.82 2.5889
5 0.255 0.7005
5 2.5875 2.6093
6 2.0325 2.0552
4 1.2825 1.307
4 1.605 1.6404
4 1.44 1.4045
5 2.28 2.0994
5 0.0525 0.2982
5 2.16 2.2296
5 2.8875 2.591
6 1.7625 1.7835
4 1.9725 1.8947
5 2.2425 2.1079
4 0.105 0.3282
4 1.1325 1.36
6 1.0275 1.1156
7 1.395 1.3615
7 0.9825 0.8915
7 2.925 2.9183
4 2.8425 2.6385
6 1.4775 1.474
4 2.1075 1.9559
7 1.2375 1.3388
7 2.7825 1.7389
6 2.46 2.403
4 1.56 1.33
5 1.7175 1.6206
5 0.42 0.3057
7 2.235 2.1306
6 2.7825 2.8461
4 1.0875 1.02
7 0.21 0.2414
6 1.2225 1.2985
5 2.4075 2.5352
4 0.645 0.6299
4 0.975 1.2872
6 0.7575 0.6742
6 1.995 2.0384
7 1.665 1.5976
7 1.05 1.2642
6 0.45 0.6223
7 0.195 0.1627
6 2.985 2.7991
4 1.5375 1.4606
4 2.415 2.4662
5 0.18 0.2536
5 0.1425 0.1338
4 0.1575 0.5436
6 0.72 0.7595
6 0.81 0.9612
7 1.1025 1.1115
6 0.5925 0.756
7 2.7675 2.6242
4 0.6 0.9968
7 1.11 1.0375
4 2.1825 2.0484
7 2.4225 2.4458
4 1.38 1.1856
7 2.7375 2.7425
5 2.4975 2.3588
5 2.8575 2.7582
5 2.1225 1.9928
7 0.9675 0.9811
4 0.585 0.665
5 2.175 2.0468
4 1.7775 1.7378
5 0.0 0.1478
4 1.1625 1.1582
5 1.6425 1.6458
7 2.685 2.653
4 0.555 0.7759
5 2.925 2.7196
5 0.69 0.7745
5 2.085 2.1586
5 2.6175 2.5568
7 0.24 0.2467
4 2.9925 2.6511
6 1.785 1.7599
5 2.9925 2.7269
6 1.8825 1.901
5 0.855 0.6488
6 2.19 2.3658
7 2.1225 2.0838
4 2.415 2.517
5 1.86 1.9075
4 0.4875 0.9084
4 2.0775 2.0375
5 1.0425 1.1701
5 2.0175 2.0587
5 0.1875 0.4817
6 1.8 1.8195
7 2.7675 2.663
6 2.145 2.1825
5 2.0325 2.0392
7 2.3775 2.5088
6 1.6125 1.4822
6 0.6 0.5948
6 0.0 0.0927
4 2.5275 2.2515
6 2.295 2.1837
7 2.64 2.633
6 0.915 1.0376
5 0.2775 0.1106
4 0.7875 0.9294
5 0.15 0.1716
5 2.3175 2.3789
4 0.7575 1.0062
5 1.02 1.0101
5 1.845 1.7678
6 1.1325 1.2118
7 0.5775 0.505
7 0.555 0.6078
4 1.545 1.5156
5 0.1875 0.5215
4 1.4775 0.744
6 2.775 2.7206
7 1.095 1.1225
4 0.6525 0.7137
7 2.8875 2.8377
6 0.195 0.2763
7 1.2525 1.2331
6 1.38 1.4892
7 1.755 1.7023
7 0.8925 0.8457
7 0.435 0.4277
6 0.6225 0.4399
4 0.96 0.8694
5 1.14 1.3889
7 2.13 2.1445
7 0.8625 0.8505
5 2.685 2.7379
4 2.79 2.4071
6 0.735 0.7059
5 2.7375 2.6113
5 2.595 2.4834
4 1.5975 1.4419
6 2.1075 1.8564
6 2.0925 2.1234
7 2.6325 2.7126
6 2.0625 1.9359
5 0.165 0.2693
5 2.505 2.4109
6 0.165 0.3138
7 0.945 0.9974
5 0.4425 0.3254
4 1.0125 0.8965
6 2.4225 2.3735
5 2.9475 2.6122
6 2.6775 2.7877
6 0.8175 0.932
4 2.01 1.8964
6 2.3175 2.3228
7 0.6675 0.6362
5 0.8025 0.759
6 1.2 1.1662
6 0.0225 0.1027
7 0.2625 0.4151
5 0.81 1.0771
7 1.485 1.4893
6 0.225 0.115
6 2.4 2.3768
7 1.8825 1.7291
4 2.805 2.5535
5 1.3125 1.367
5 2.67 2.541
5 2.1075 1.9834
4 2.8875 2.699
7 0.8925 0.8897
4 1.035 1.007
7 0.63 0.6459
5 0.435 0.4274
4 1.7325 1.5362
4 0.945 1.0787
4 1.725 1.355
5 2.295 2.2175
5 2.5725 2.4114
7 0.8175 0.8611
7 2.49 2.4016
6 1.7175 1.6313
5 0.3975 0.5065
4 2.445 2.607
5 1.2 1.2658
4 0.99 1.0773
7 0.375 0.2419
5 1.1025 1.3451
6 2.9025 2.9129
4 1.5675 1.5848
4 0.72 1.0793
5 0.855 0.885
4 1.5075 1.5443
7 0.1725 0.1868
7 1.095 1.1147
6 0.405 0.4327
7 2.805 2.789
7 1.11 1.0561
6 2.9775 2.9127
6 0.045 0.1149
6 2.2725 2.0694
5 2.0775 2.0997
7 2.265 2.115
7 2.43 2.3268
5 2.7075 2.4906
4 0.75 0.984
7 0.15 0.1333
7 2.01 2.0344
4 0.75 0.8007
6 0.8775 0.8806
5 1.155 1.0609
6 2.07 2.2821
6 1.29 1.3077
5 0.18 0.3647
4 1.74 1.4799
5 0.1275 0.2723
6 2.1375 2.2222
7 2.8125 3.0146
6 0.7425 0.7935
6 1.2075 1.0717
5 1.7025 1.524
4 2.835 2.6802
7 2.9925 2.9106
4 0.255 0.2712
4 2.28 1.6896
7 0.1125 0.0019
4 2.49 2.2491
7 0.2175 0.3396
6 2.2575 2.4516
6 0.8325 0.8331
4 2.5125 2.3141
6 2.6625 2.3972
4 1.35 1.5662
7 0.6 0.7427
6 1.5675 1.4899
6 2.94 2.9576
7 1.1625 1.2568
5 2.655 2.4773
4 0.45 0.4813
6 2.655 2.421
6 2.4675 2.3066
6 1.3575 1.3032
7 0.5025 0.6027
4 0.525 0.7023
4 0.0825 0.2591
6 1.0725 0.997
4 2.0625 1.9099
5 0.5025 0.5648
6 2.91 2.8561
4 0.0825 0.4276
6 0.3525 0.3011
5 2.88 2.6439
5 0.7275 0.6648
7 1.3425 1.257
4 2.6325 2.4921
5 0.555 0.2901
7 1.59 1.5028
5 1.755 1.6567
7 1.665 1.5576
6 2.4 2.4186
7 2.1 2.1197
5 2.94 2.7735
7 0.93 1.0314
7 2.115 2.1276
4 0.105 0.6718
5 0.8775 0.8285
5 2.235 2.2322
4 1.8075 1.7948
7 2.205 2.1523
5 1.095 1.1431
5 1.665 1.6245
6 0.7575 0.8079
7 0.795 0.927
4 2.0175 1.7192
4 0.24 0.4824
7 0.2025 0.1888
6 2.2125 2.3167
6 2.895 2.8552
7 2.43 2.2362
6 1.2525 1.3202
7 1.3725 1.4194
5 0.2025 0.442
7 2.8275 2.8308
5 2.985 2.7167
6 2.6475 2.6328
5 2.4675 2.2957
7 1.05 1.0635
7 0.18 0.2854
6 1.2375 1.3269
6 1.125 1.0023
6 0.255 0.3155
4 1.0575 1.0751
4 1.395 1.8172
7 1.365 1.3985
7 0.48 0.481
4 1.0125 1.1032
6 2.1975 2.2648
7 1.815 1.7963
7 2.2575 2.4104
6 2.49 2.384
6 1.5675 1.6368
7 2.88 2.7863
4 0.1575 0.3394
7 2.205 2.0411
7 2.8275 2.8524
7 2.655 2.6195
7 2.7 2.6781
5 0.0825 0.3942
6 0.6 0.6191
4 2.505 2.3625
4 0.3675 0.4636
7 1.4625 1.3973
4 2.16 2.6285
6 0.3375 0.4504
5 0.7275 1.0576
4 1.785 1.5749
6 2.55 2.4458
4 0.975 1.0406
7 1.8 1.9693
4 2.73 2.3966
7 1.9875 1.9443
4 0.8325 0.8336
4 1.6275 1.8674
4 1.5825 1.4853
6 1.6425 1.5797
7 0.69 0.7389
4 0.885 1.2211
5 0.135 0.3054
5 1.6875 1.8619
7 2.31 2.331
5 2.2875 2.3609
6 0.8025 0.8781
5 2.1075 2.1483
7 2.3475 2.3192
6 1.6725 1.7346
5 2.865 2.707
7 0.66 0.6907
5 2.8875 2.6447
6 1.5225 1.4253
6 0.12 0.3573
6 0.675 0.5995
5 2.685 2.8107
7 0.855 0.9274
6 0.315 0.3845
7 2.8275 2.8062
5 1.5675 1.434
5 0.87 0.6256
6 1.4625 1.4856
4 0.2775 0.5378
5 0.12 0.2281
6 2.9175 2.9217
6 0.24 0.3473
5 2.4975 2.2354
5 2.0175 1.7619
5 2.49 2.4949
7 1.08 1.088
5 0.4725 0.6787
4 1.6425 1.5546
6 2.85 2.8052
5 2.565 2.6256
6 2.355 2.2146
7 0.1725 0.137
5 1.71 1.7755
7 1.755 1.8153
4 2.8425 2.598
6 1.7175 1.7276
5 0.3375 0.2276
6 2.5575 2.7742
6 1.1925 1.4474
7 0.4275 0.4754
5 0.075 0.1955
5 2.2275 2.0762
6 2.925 2.8071
5 0.39 0.4439
4 1.365 1.5994
7 1.0425 1.0242
7 0.36 0.2914
6 2.0325 1.9531
6 2.85 2.7657
5 0.9825 0.8233
6 1.17 1.2604
4 0.2475 0.2194
6 0.6825 0.7801
7 2.1825 2.2359
5 2.2575 2.3357
5 0.0675 0.1877
6 2.3925 2.3849
6 2.5425 2.5876
6 1.965 2.1179
5 0.0375 0.3673
5 0.8775 1.1009
5 1.695 1.5822
7 0.345 0.4478
6 2.085 2.1763
6 0.3825 0.3152
5 1.35 1.2913
5 2.595 2.4931
6 0.435 0.611
4 0.9375 0.8722
7 2.1675 2.0784
5 2.4 2.4049
6 0.5925 0.6178
6 2.1975 2.2998
6 2.82 2.7716
6 1.2525 1.312
4 2.3775 2.057
4 0.72 0.7982
4 1.4175 1.2628
7 0.1725 0.1828
7 2.175 2.1345
6 1.335 1.5458
7 1.5675 1.4801
5 1.2 1.4477
5 2.34 2.4779
5 2.37 2.3102
6 2.4225 2.3552
7 1.0275 1.0025
6 2.07 2.0164
7 0.225 0.2006
7 0.57 0.5603
4 2.82 2.6237
7 1.665 1.6182
6 0.7275 0.9633
4 1.065 1.1209
6 0.99 0.9576
5 0.945 0.974
7 1.0575 1.0081
5 2.91 2.1177
7 2.4825 2.5254
5 2.7225 2.6431
5 0.075 0.2088
5 2.7525 2.8278
5 1.05 1.1332
6 0.06 0.1203
5 0.8025 0.8416
7 2.6025 2.697
5 2.925 2.8607
6 2.2875 2.1059
7 1.3575 1.3716
6 0.03 0.1321
6 1.4025 1.4902
4 2.805 2.5263
5 0.7725 0.9143
7 0.0525 0.0721
7 0.21 0.2257
7 2.1375 2.1288
4 1.62 1.5
7 1.26 1.377
5 2.34 2.3811
5 2.7525 2.6718
6 1.7625 1.5625
5 1.0275 1.269
5 2.8725 2.7275
4 1.4325 1.2981
7 2.5425 2.7329
6 0.7575 0.7303
7 1.185 1.1531
4 2.5275 2.3103
4 0.18 0.5435
6 1.2825 1.2597
7 2.9925 2.9112
5 1.8675 1.9222
4 0.66 0.6708
4 2.025 1.9511
4 2.5875 2.1041
7 2.8425 2.7781
4 1.86 1.9951
7 0.795 0.7664
7 0.705 0.7888
5 1.7325 1.7483
6 1.02 1.0178
6 1.485 1.5632
7 0.7125 0.6726
6 1.62 1.5762
7 2.1 2.1118
4 1.7325 1.8245
7 1.635 1.7311
5 0.1875 0.3881
7 1.965 2.1187
7 2.25 2.1188
5 2.6175 2.9021
4 2.865 2.7018
7 0.165 0.2712
4 2.5575 2.6617
7 0.8925 0.9199
6 0.6225 0.4461
5 2.0025 2.0259
5 0.1575 0.2482
7 2.46 2.5275
7 1.5225 1.6158
7 1.635 1.6084
7 1.155 1.1885
7 1.9125 1.9616
6 2.0175 1.8983
7 1.545 1.5321
7 0.2325 0.1806
6 2.1525 2.1323
4 1.6575 1.6831
5 2.595 2.5463
6 0.825 0.9762
7 0.705 0.7283
5 2.46 2.3331
7 2.7825 2.7271
7 0.5475 0.6731
7 2.2425 2.2503
5 1.92 1.8102
7 2.0475 2.0791
4 2.055 2.1504
7 0.0375 0.1029
4 0.6525 0.953
7 2.0925 2.1185
7 1.3875 1.5318
5 0.2475 0.4015
6 0.0075 0.1778
5 0.4575 0.3337
7 2.64 2.4703
4 0.2025 0.5971
7 2.865 2.8883
7 0.7575 0.8355
4 0.0375 0.4278
6 1.695 1.5831
7 2.5575 2.5051
5 2.9325 2.8359
7 0.69 0.7693
4 2.805 2.3083
5 1.8375 1.8119
6 1.3425 1.4563
4 0.6 0.2936
5 0.9825 1.1428
7 2.085 2.0195
5 2.415 2.4352
4 1.83 1.8518
6 2.1975 2.1503
5 2.025 1.9884
6 1.905 1.7631
5 2.1675 2.359
4 2.1375 1.7703
4 0.5925 1.1219
5 2.8275 2.8243
6 2.61 2.3734
6 0.5925 0.6872
6 2.43 2.5923
5 0.3075 0.6096
4 2.5575 2.4468
5 0.3825 0.3727
4 0.405 0.7351
7 1.2975 1.3619
7 1.1175 1.1898
6 2.2725 2.1092
4 0.705 0.8436
6 0.5625 0.5243
7 0.1575 0.0165
4 1.4175 1.259
7 1.0725 1.1811
7 1.62 1.603
5 2.0925 2.1571
5 2.865 2.8031
6 0.8325 0.8348
5 0.9825 0.9095
6 2.145 2.1388
7 1.7925 1.7503
4 2.1 1.8137
5 2.49 2.517
6 2.0175 1.8804
4 0.9825 1.1594
7 1.26 1.341
4 1.1925 0.9085
7 1.935 1.9203
7 0.4425 0.4647
6 1.6875 1.6573
7 1.2975 1.1099
5 1.47 1.1668
6 0.7575 0.8273
7 2.07 2.1326
4 0.2025 0.307
7 1.5 1.4829
4 0.0975 0.3903
4 1.1175 1.2637
6 1.7625 1.7017
5 0.8325 0.9157
5 0.2175 0.2919
4 1.0875 1.0202
6 0.6 0.657
6 0.15 0.1001
4 1.0125 0.939
4 1.065 1.0831
4 0.465 0.8076
7 2.01 1.964
4 2.7375 2.3271
4 2.835 2.6433
7 1.0875 1.0085
6 0.0675 0.3024
6 2.2425 2.1218
6 2.025 2.0049
5 0.0825 0.2573
7 1.23 1.2454
4 1.71 1.7529
6 2.4975 2.518
7 1.515 1.6531
5 1.5225 1.6599
7 0.045 0.1139
5 0.1125 0.2217
4 1.755 1.7118
6 0.3225 0.1981
5 2.4 2.3134
6 1.7775 2.0484
4 2.5425 2.5885
5 2.8425 2.6962
5 2.67 2.7882
5 1.77 1.4334
5 1.56 1.4483
4 0.465 0.5135
7 1.905 1.8346
6 2.61 2.7892
4 2.67 2.2748
6 1.5675 1.5098
4 0.5175 0.6764
7 2.8125 2.7119
4 2.295 2.1157
7 0.9825 0.911
5 2.94 2.7694
7 2.145 2.1924
4 1.74 1.8403
5 0.4275 0.5771
5 1.7025 1.6519
4 1.6575 1.6815
5 2.6775 2.698
6 2.91 2.8269
5 2.1075 1.9255
7 0.9525 0.971
6 0.9 0.8872
7 0.8925 0.865
6 0.4575 0.5005
7 0.06 0.0576
7 0.0375 0.1564
5 0.885 0.6731
6 0.9525 1.002
4 1.0275 1.2341
6 0.0675 -0.0148
4 2.805 2.6437
4 0.2925 0.4958
4 1.02 1.0226
5 2.0775 2.0696
4 1.7175 1.4173
6 1.6275 1.4794
4 2.565 2.4315
7 0.2475 0.3475
7 2.2575 2.3605
4 2.7225 2.5795
4 2.055 1.8109
5 2.715 2.5406
5 2.8425 2.6854
6 1.845 1.7782
4 2.5425 2.1421
4 0.7575 0.9633
5 0.06 0.2217
5 2.0475 2.0541
7 2.46 2.4219
5 0.6975 0.9552
4 0.225 0.4353
7 0.495 0.454
6 0.615 0.5924
6 0.135 -0.0039
4 1.605 1.584
6 0.5625 0.5631
4 0.78 0.8803
5 1.515 1.7451
7 1.245 1.2765
6 2.1525 2.1254
7 0.7425 0.8634
7 1.635 1.6216
7 1.0275 1.0197
5 0.3825 0.4499
7 2.7375 2.776
5 0.2925 0.445
6 0.1425 0.1518
6 2.475 2.4634
5 2.6475 2.274
6 0.6375 0.6135
6 1.965 1.8023
6 0.3075 0.4803
7 0.375 0.3028
6 1.23 1.2895
6 0.12 0.1899
5 2.775 2.6681
4 0.465 0.7006
7 2.3175 2.2317
6 1.6725 1.7039
7 1.68 1.6119
7 1.365 1.3432
7 1.1775 1.1178
6 0.8925 0.794
4 2.07 1.9881
6 0.39 0.4137
5 1.215 1.1298
7 2.43 2.4189
5 1.6725 1.5233
6 1.02 0.9416
6 1.0725 1.2528
6 2.3175 2.2594
4 1.185 1.4975
5 0.075 0.1764
7 1.335 1.3535
4 1.365 1.5449
4 1.215 1.1735
5 2.2125 2.3156
6 1.9875 1.9889
4 2.5425 2.5848
6 1.575 1.5137
7 1.3575 1.395
7 1.725 1.625
6 0.4575 0.5223
7 1.8 1.8075
7 2.7075 2.775
5 0.21 0.5467
7 2.4525 2.4823
7 1.005 0.9723
6 1.2375 1.1119
5 2.34 2.3057
7 1.965 1.892
6 0.7875 0.9647
5 2.805 2.8994
6 0.3225 0.1914
5 0.9075 1.0612
5 2.67 2.5992
6 2.46 2.2126
4 1.455 1.5218
5 1.5525 1.4724
7 1.4325 1.4533
5 1.3425 1.1337
5 2.3775 2.3041
4 0.315 0.5472
6 2.9175 2.9191
4 2.79 2.7014
6 1.4025 1.1611
5 1.9125 1.6918
7 0.105 0.1263
5 1.6275 1.6348
5 2.5725 2.3999
6 2.655 2.6414
7 2.9475 2.8998
6 1.98 1.9452
4 0.915 1.1758
7 0.0525 0.0748
5 1.665 1.7292
7 0.15 0.1436
7 2.895 2.9619
7 2.4675 2.5359
6 1.38 1.3958
4 0.645 0.591
5 2.4 2.327
7 2.52 2.6068
6 0.3075 0.3345
5 0.6675 0.7396
6 1.575 1.6015
5 1.38 1.542
7 0.66 0.6835
5 0.1725 0.3074
6 0.645 0.5184
5 1.1025 0.9574
7 0.2475 0.2701
4 1.3575 1.8189
5 2.1975 2.3393
6 2.5725 0.736
6 2.415 2.3648
6 1.305 1.207
4 1.3875 1.1777
4 0.9075 1.1769
7 0.96 1.0517
5 2.265 2.2697
4 2.5875 2.7823
6 1.635 1.4965
5 2.6925 2.4557
6 0.525 0.4966
4 0.9825 1.2102
5 1.2825 1.1218
6 2.145 2.0768
6 0.5925 0.5391
5 1.1475 1.3403
5 2.97 2.8681
7 2.6025 2.7588
4 2.505 2.4315
4 2.6775 2.3208
4 0.8775 0.7664
6 1.005 1.0794
7 2.2725 2.3879
4 2.2275 2.1612
7 0.72 0.5217
7 0.1575 0.1273
7 1.695 1.7641
5 2.865 2.7968
4 1.5225 1.4309
6 2.0475 2.045
4 2.5425 2.5399
4 0.9075 1.3806
6 0.06 0.1259
5 1.98 1.7291
6 0.4125 0.5486
7 1.4325 1.4991
6 1.7025 1.7208
6 1.2825 1.3876
6 1.95 2.0039
5 2.37 2.1806
4 0.1875 0.6555
4 1.3575 1.5129
7 0.03 0.003
6 0.33 0.5851
4 1.38 1.1317
7 0.465 0.352
7 2.16 2.1517
6 0.36 0.3948
4 1.17 0.7657
6 0.1725 0.1317
7 1.65 1.6354
6 1.7175 1.6142
7 1.695 1.6336
4 0.855 1.224
6 0.3 0.1948
5 0.195 0.2054
6 1.6275 1.4831
6 2.25 2.0599
5 1.785 2.055
6 2.7075 2.5717
6 1.395 1.4075
4 0.3825 0.8338
6 2.7975 2.6456
5 1.8975 1.8301
7 0.495 0.4698
4 0.09 0.3218
4 1.965 1.6224
7 2.5125 2.6409
5 2.895 2.5815
4 0.0225 0.2269
4 0.7575 1.051
4 1.335 1.1595
5 2.7375 2.5773
5 2.2725 2.2375
4 0.5475 0.1813
7 1.77 1.8084
5 1.02 0.9227
5 1.2 1.0867
6 0.135 0.0841
7 0.6225 0.7247
6 1.0275 0.9279
4 0.15 0.3578
4 2.61 2.3364
7 2.4525 2.411
7 1.635 1.5384
4 1.83 1.7274
5 2.4975 2.7525
4 2.8125 2.2681
6 1.065 1.154
6 1.05 1.1375
5 0.8175 0.9686
4 1.2525 1.439
6 2.5275 2.6452
4 0.165 0.4838
5 1.1325 1.2376
7 0.4425 0.3956
7 2.835 2.6737
6 2.67 2.951
7 0.0075 0.0488
6 0.555 0.5751
7 1.83 1.9586
6 1.65 1.6265
6 2.5875 2.544
4 2.1825 2.1198
7 0.0975 0.2882
6 1.4625 1.3704
6 2.6025 2.5532
5 0.9675 1.0808
4 1.7175 1.3738
7 1.9875 1.9956
4 2.1375 2.2243
5 1.95 2.0079
5 0.6675 0.5876
5 2.7675 2.5128
6 2.7075 2.5957
4 2.1675 2.304
4 1.6725 1.4906
6 1.6725 1.5754
4 1.92 1.7686
6 0.705 0.881
5 1.9125 1.8891
5 2.9475 2.7574
4 0.375 0.6048
4 2.325 2.2125
7 1.005 0.9411
5 2.7525 2.5259
5 1.875 1.7335
5 0.105 0.1633
4 2.8575 2.6749
6 1.2675 1.3301
4 0.525 0.7595
7 1.38 1.3647
4 1.1775 1.0516
4 2.73 2.677
4 1.5975 1.6298
4 0.975 0.5694
4 0.96 0.9317
4 1.215 1.3541
4 2.1 2.1974
7 0.3075 0.3002
6 2.31 2.1971
7 0.945 1.0059
7 0.1875 0.1889
7 1.6575 1.5582
7 0.075 0.1301
5 2.9775 2.7941
4 0.0 0.3509
5 1.7325 1.7382
7 0.57 0.6095
4 2.265 2.2127
5 2.265 2.1649
6 0.78 0.7863
5 1.9125 1.9968
5 1.53 1.7465
5 0.555 0.614
6 2.0925 2.2343
5 2.46 2.4593
6 2.1825 2.1068
7 2.865 2.945
4 1.2675 1.217
4 1.845 1.8295
7 0.4125 0.361
5 1.9125 1.758
7 1.845 1.8873
5 0.4275 0.3482
6 1.155 1.3685
5 0.5775 0.5203
5 0.615 0.5552
7 0.6075 0.5649
4 1.0875 1.311
4 1.0125 0.5102
4 2.34 2.4298
6 1.38 1.3314
7 2.955 2.9337
4 2.8125 2.3747
7 0.015 0.1206
7 0.3675 0.3496
5 1.2 1.0549
7 2.2725 2.3269
6 1.4925 1.4246
5 1.1025 1.1148
5 2.4 2.3661
5 2.9325 2.7898
4 1.23 1.0489
6 0.105 0.1054
5 1.5825 1.4172
4 2.415 2.4794
7 0.2025 0.1625
6 0.9525 0.9952
4 0.1575 0.3363
6 0.12 0.1333
7 0.57 0.436
6 1.5675 1.6837
4 2.0475 1.8717
5 1.08 1.0153
5 1.56 1.4699
5 0.5475 0.6565
4 2.16 2.0629
7 2.4975 2.4313
6 0.915 0.793
7 1.1325 1.3019
4 0.1725 0.5281
6 0.5625 0.4394
6 1.47 1.3993
5 2.1 1.8481
7 2.2425 2.2791
5 2.13 1.8995
5 1.2225 1.1102
7 2.385 2.4156
6 1.3125 1.3987
5 0.075 0.2885
5 2.28 2.3641
6 2.1075 2.0464
5 1.4475 1.4566
4 2.0325 2.1833
4 0.21 0.5
4 2.52 2.2611
7 1.6575 1.649
6 2.4075 2.3101
7 2.985 2.9498
6 2.1825 2.2734
4 0.1875 0.6093
5 1.905 1.8203
5 0.135 0.342
6 0.9 0.8925
4 0.1575 0.2421
7 0.51 0.5249
4 2.415 2.3639
4 0.48 0.651
4 2.73 2.4707
5 0.69 0.8882
5 1.4775 1.341
4 1.8 1.7915
5 1.9125 2.1704
5 1.5375 1.4774
5 1.8075 2.0215
4 1.74 1.9218
4 0.1275 0.6129
5 1.47 1.2693
7 1.935 1.9463
5 2.3775 2.115
7 0.8325 0.7863
4 0.24 0.6488
6 1.725 1.6427
4 0.2175 0.4439
4 0.225 0.2664
5 1.0125 1.0356
7 1.9725 1.9733
4 2.6625 2.5295
5 0.3225 0.5878
7 0.765 0.8866
4 2.28 1.8912
7 1.2225 1.1937
6 1.4625 1.4209
6 2.2425 2.0632
6 0.2625 0.3359
5 2.13 2.0488
6 2.3175 2.1791
5 2.385 2.3429
4 2.7075 2.6153
5 0.3075 0.235
5 0.165 0.2562
6 0.0975 0.0654
4 1.9425 1.8612
5 2.0925 1.9903
6 2.8125 2.9368
4 1.4925 1.4892
4 1.6725 1.6328
6 0.99 0.9691
7 0.0 0.0365
4 0.015 0.461
7 0.3525 0.3671
5 0.2475 0.4109
7 1.095 1.0128
7 1.65 1.5939
6 0.4425 0.3456
7 1.935 1.9478
6 1.275 1.2749
4 2.0625 2.1397
7 1.335 1.2892
6 2.88 2.8266
6 1.905 1.7973
5 0.39 0.3766
4 2.295 1.7522
4 2.37 2.2632
6 1.74 1.7401
4 2.1975 2.0145
5 2.6025 2.7185
6 0.4425 0.3876
7 2.655 2.5344
7 2.94 3.0103
5 0.375 0.4474
6 1.98 2.1427
7 1.575 1.5516
7 0.42 0.3483
7 0.885 0.8704
4 2.4525 2.1261
7 2.025 2.0721
5 2.175 2.1331
7 1.3425 1.3665
4 1.095 1.3589
5 1.4025 1.3439
4 2.805 2.5242
4 2.3625 2.2761
7 0.015 0.0444
5 2.9025 2.6697
5 2.73 2.734
5 1.7475 2.1432
5 2.7075 2.7713
7 1.65 1.6278
6 0.1125 0.3358
4 0.4275 0.4756
4 1.3575 1.575
4 1.005 1.0957
4 1.1175 1.2504
4 2.7675 2.7006
6 1.02 1.1754
6 1.605 1.7245
7 2.52 2.6517
5 1.92 2.1324
7 1.08 1.0996
5 2.1525 2.0566
4 2.715 2.3207
6 1.1775 1.166
4 1.245 1.1535
7 1.605 1.6389
6 2.9175 2.8857
5 1.5525 1.5662
7 0.3225 0.1969
6 2.9625 2.9032
4 2.2875 2.0134
4 0.7575 0.5677
5 1.98 1.9967
7 1.275 1.2711
4 1.6575 1.6653
5 0.9825 1.1637
6 0.435 0.6679
4 0.825 0.9061
7 0.555 0.7776
6 1.905 1.9508
4 1.05 1.5827
6 1.455 1.2714
6 2.3175 2.3939
4 1.095 0.6745
7 2.58 2.6195
5 0.5175 0.6187
5 1.83 1.8596
6 0.4875 0.3197
4 2.7975 2.3726
4 0.405 0.6975
7 0.495 0.5191
6 0.0225 0.2752
6 1.845 1.9427
7 1.92 2.002
6 1.5525 1.6644
4 1.395 1.4965
4 1.41 1.2383
7 0.2775 0.3329
6 1.4775 1.6861
4 2.3625 2.351
4 1.965 2.0654
6 1.92 1.8727
7 1.23 1.2122
5 2.6625 2.6756
4 0.8175 0.9746
6 1.785 1.7701
6 1.6875 1.6431
6 0.4875 0.5182
7 1.35 1.2938
5 1.7775 1.7175
6 1.4475 1.3679
4 1.6875 1.4857
7 1.125 1.1778
7 0.2475 0.1586
6 2.085 1.9637
4 1.47 1.7709
5 1.5075 1.4793
5 0.03 0.1343
7 2.835 2.8111
5 0.48 0.5107
4 0.39 0.7719
6 0.8625 0.8031
4 2.67 2.5209
6 1.1475 1.3633
7 1.38 1.4155
6 1.9275 1.8799
4 2.6925 2.6543
5 2.9175 2.71
6 1.665 1.6741
6 1.2375 1.3456
4 1.5225 1.6945
4 0.63 0.5216
7 2.49 2.4149
6 0.0525 0.1724
6 0.7875 0.7657
5 0.9675 0.6957
7 2.325 2.3322
7 1.425 1.438
4 0.78 1.1925
7 1.5075 1.494
4 1.1475 0.8016
6 0.09 0.2932
5 2.3175 2.1645
6 0.5325 0.5932
7 0.5175 0.5847
5 2.2725 2.2617
6 1.8075 1.8299
6 2.6475 2.5621
7 1.05 1.1322
6 0.4575 0.3701
6 0.885 0.7006
7 2.5425 2.6633
6 2.2125 2.1795
4 0.5475 0.3753
7 0.9825 1.0344
6 0.045 0.1589
7 1.62 1.3653
5 0.2025 0.1823
7 0.5775 0.489
6 1.2975 1.2558
4 2.325 2.0389
5 2.58 2.5831
4 2.205 2.1378
5 0.51 0.6508
6 0.135 0.2293
5 2.2575 2.3779
4 0.6 0.9329
7 1.6125 1.5351
4 0.495 1.2608
7 1.8675 1.8654
7 1.8675 1.9079
7 1.365 1.38
6 0.9075 0.9542
5 0.99 0.8989
6 0.0225 0.1022
6 1.9725 1.9393
7 0.0525 0.2414
7 2.5575 2.5363
6 1.8825 1.9339
7 1.9275 1.8317
7 2.505 2.3618
6 1.0725 1.2219
7 1.68 1.7528
7 0.1875 0.1849
6 1.29 1.496
6 0.525 0.4644
6 1.8825 1.8601
7 1.4025 1.5217
6 0.4425 0.3244
7 2.3025 2.4386
5 2.745 2.6456
6 1.605 1.5142
7 2.1075 2.117
7 1.4175 1.4039
4 0.6525 0.5484
4 1.8375 1.7463
4 1.53 1.7254
6 2.475 2.4726
4 2.655 2.2835
7 2.895 2.7909
7 0.3075 0.2557
7 2.055 2.085
4 0.5625 0.5652
7 2.6625 2.6655
6 1.4625 1.4809
4 2.685 2.4544
6 0.765 0.7148
7 0.7575 0.8285
5 2.325 2.4291
7 1.1025 1.1821
4 1.425 1.3983
4 0.1275 0.4051
5 0.7575 0.7372
4 2.1 1.7378
6 2.3175 2.1555
4 1.65 1.7135
4 1.1325 1.5079
5 1.47 1.5881
6 1.59 1.5681
6 2.3775 2.4457
5 1.9275 1.7813
6 0.1575 0.1724
7 1.5075 1.5686
4 0.15 0.4722
6 0.6825 0.7418
7 0.345 0.5096
4 0.225 0.4709
5 1.77 1.5702
5 2.6775 2.6661
4 0.795 0.8886
5 1.7325 1.886
6 1.59 1.7253
4 0.33 0.3131
6 2.34 2.2526
7 1.9125 1.93
7 1.725 1.7545
5 2.5125 2.3632
7 1.0875 1.1756
4 2.325 2.0692
6 2.5575 2.5486
7 1.6425 1.5607
5 1.89 1.8964
5 1.1925 1.2683
7 0.5175 0.5635
4 0.9075 1.1198
7 1.02 0.9606
7 1.77 1.8954
6 2.6175 2.6882
5 1.2675 1.0494
7 0.6075 0.6324
7 2.265 2.1995
6 2.46 2.5612
4 1.0125 1.1586
7 2.1975 2.2525
5 0.2925 0.3512
6 2.7375 2.6747
5 1.7175 1.878
4 2.8575 2.3795
7 1.8 1.8131
5 1.2525 1.0858
7 1.59 1.59
6 2.52 2.5953
6 2.4 2.2232
6 0.1875 0.1188
4 1.6425 1.5617
7 2.52 2.4065
6 2.7075 2.6893
7 2.22 2.2523
4 2.3325 2.5401
4 0.12 0.6185
5 0.3975 0.5181
6 2.055 2.1393
4 1.26 1.2724
5 1.485 1.7066
5 0.45 0.6503
7 1.38 1.3644
5 0.405 0.5817
5 2.91 2.8006
5 1.4175 1.2672
6 1.305 1.4596
7 0.3975 0.4565
7 2.8875 2.8639
7 0.0075 0.1769
7 0.8025 0.9318
4 1.2975 1.8682
4 0.2475 0.3203
5 0.0825 0.2378
7 0.8925 0.7371
5 2.91 2.837
6 2.8725 2.8863
4 0.585 0.8727
5 2.145 2.1972
6 0.66 0.6949
4 1.32 1.4423
7 2.355 2.3638
4 1.0275 0.7763
5 1.65 1.2683
5 0.9975 1.1912
7 1.0875 1.1215
6 0.6225 0.6283
5 0.9825 0.7732
5 1.7625 1.9775
4 0.2775 0.7364
4 1.7775 1.6821
7 1.11 1.1428
4 2.715 2.5244
5 1.425 1.287
7 2.3925 2.3596
5 2.9925 2.8001
4 0.8625 1.0644
5 1.3725 1.3113
6 1.9575 1.9319
4 1.365 1.4075
7 2.04 2.0137
4 1.275 1.3181
5 2.0925 2.1513
7 2.895 2.7147
6 1.59 1.5149
7 2.5125 2.3858
6 2.5425 2.4723
6 0.0675 0.1111
4 1.9275 2.1087
6 0.5625 0.628
7 2.0925 2.0036
5 0.7575 0.6568
7 2.9925 2.9168
5 0.8925 0.7426
4 1.26 1.2275
4 1.5375 1.2933
7 1.905 1.9176
7 2.7825 2.7897
6 1.1025 1.2049
4 0.1875 0.5937
7 2.2125 2.3354
5 2.58 2.5241
5 1.4325 1.6678
6 1.74 1.8424
6 0.405 0.4381
5 0.9225 0.9925
4 0.465 0.9023
7 1.065 0.9057
7 2.5725 2.5518
7 0.105 0.1844
6 2.2725 2.2663
5 1.1775 1.2532
6 0.69 0.8108
4 2.6025 2.498
5 0.96 0.859
5 2.7975 2.7488
4 2.595 2.4142
6 1.845 1.8143
5 2.9625 2.7655
5 2.895 2.6442
6 1.185 1.235
4 1.56 1.9267
5 1.4925 1.4866
5 1.71 1.724
5 2.91 2.6831
4 2.0325 2.4454
5 1.1025 1.1356
5 2.8425 2.5202
6 2.685 2.5755
5 0.8325 0.9852
7 2.355 2.3653
6 1.8075 1.839
7 0.5775 0.6026
7 1.3425 1.4169
7 2.07 1.9845
4 1.68 1.6657
6 2.1975 2.2567
6 2.5275 2.4128
6 1.605 1.4342
4 0.75 0.8191
6 2.6325 2.5576
5 1.365 1.3839
5 2.025 1.9444
7 2.3775 2.4802
5 0.7875 0.6856
4 1.32 1.5584
5 1.7325 1.5589
6 1.1925 1.2213
4 0.975 1.0949
5 1.1175 1.2292
4 1.53 1.5666
6 1.845 1.7203
4 0.0525 0.6127
5 2.3175 2.1553
5 2.76 2.5339
5 1.98 1.9257
6 0.3825 0.4135
4 2.55 2.5026
4 0.24 0.3252
6 0.4125 0.2684
6 2.8875 2.7425
6 0.4425 0.488
6 1.95 2.0925
4 2.2125 2.1628
5 0.3525 0.448
7 1.6275 1.5532
7 1.3125 1.3782
6 1.0725 1.0435
5 0.195 0.5723
6 2.355 2.3674
4 2.5575 1.9367
6 2.4075 2.3888
6 2.505 2.4793
6 0.0675 0.2025
5 0.7425 0.9056
5 0.3825 0.4224
7 2.34 0.1997
4 1.56 1.7664
5 2.0925 2.1039
4 2.97 2.6795
5 2.505 2.6967
4 1.7475 1.1774
7 2.025 2.0622
4 0.315 0.605
5 2.7975 2.8166
7 2.37 2.3281
5 1.8975 1.9591
6 1.95 1.901
5 2.2725 2.128
5 1.11 1.1182
4 1.2975 1.4692
7 2.46 2.3446
6 1.5825 1.5717
7 1.6575 1.5938
7 0.375 0.3032
4 2.9775 2.3535
7 0.375 0.3761
4 1.005 0.9455
6 0.465 0.508
6 0.3225 0.1352
4 0.8325 0.8469
4 1.845 1.7583
4 2.6325 2.6746
7 2.49 2.4009
7 0.7125 0.8239
6 0.21 0.2879
6 1.8075 1.8952
7 1.3875 1.5507
5 0.1275 0.4862
7 2.055 1.9917
6 2.8275 2.6538
5 0.2175 0.5014
6 2.355 2.2053
6 0.8625 0.9817
4 1.8975 2.2825
4 0.6075 0.471
5 0.8775 1.2313
7 0.81 0.9456
4 0.54 0.8703
6 1.335 1.443
5 1.9875 2.313
6 2.64 2.4629
7 1.71 1.5735
7 1.7925 1.7606
6 2.505 2.4195
7 0.8625 0.9151
7 1.86 1.8832
5 0.315 0.0894
4 0.21 0.3262
7 1.6875 1.7137
6 2.865 2.854
7 1.3425 1.3592
6 2.82 2.657
4 2.0475 1.9784
6 2.0775 2.0169
7 0.945 0.9229
6 2.1075 2.1012
4 0.975 0.9489
4 1.83 1.4285
6 2.325 2.3173
5 1.26 1.4273
5 0.4125 0.5202
6 1.755 1.7913
5 0.9375 0.955
5 0.4125 0.4062
4 1.7475 1.6536
7 0.855 0.8679
6 0.6975 0.7359
7 0.3525 0.4134
7 2.4 2.4182
4 1.1025 1.1859
6 0.345 0.4616
7 2.2425 2.2339
5 0.9375 1.1819
5 1.2075 1.3514
4 2.8575 2.4494
4 2.4825 2.3527
5 2.715 2.82
7 2.445 2.6432
6 0.54 0.535
5 0.465 0.2628
7 0.435 0.402
4 0.27 0.2778
4 1.2675 1.029
4 1.2075 1.1141
6 0.06 0.0114
4 2.4825 2.1103
4 2.1375 1.919
7 2.4525 2.4664
5 0.4425 0.5554
6 1.395 1.7168
6 2.0175 2.0574
4 1.1775 1.0697
4 0.8925 0.7766
4 0.4275 0.4795
4 2.4825 2.4562
7 2.745 2.7052
7 0.045 0.0233
6 2.28 2.2113
5 0.7125 0.9279
6 2.5125 2.5085
5 0.4725 0.8721
5 1.3725 1.4639
4 0.6525 0.923
7 0.9975 0.9861
5 0.5925 0.9672
7 0.435 0.4014
6 0.7275 0.5657
6 1.2675 1.3391
5 1.62 1.8921
7 2.175 2.3285
5 1.545 1.7236
6 1.0875 1.1015
5 1.4025 1.3687
7 1.4625 1.5734
7 2.9025 2.9245
4 2.235 2.4679
6 1.5975 1.6236
4 0.555 0.9433
5 0.195 0.3148
4 1.635 1.7834
5 0.4125 0.7745
5 1.965 1.7519
5 2.6025 2.656
6 2.5875 2.7086
7 2.055 2.0115
5 1.8825 1.6891
5 1.905 1.852
7 1.2375 1.2297
5 0.465 0.2964
4 0.225 0.4389
5 0.315 0.2282
4 1.9725 1.4777
5 2.805 2.7073
7 0.6525 0.6609
6 0.2625 0.3968
4 2.3925 2.2857
7 0.4125 0.4315
5 2.8575 2.5949
7 0.96 0.979
7 1.62 1.543
4 0.63 0.936
5 1.2075 1.2503
4 2.2575 1.9045
4 0.69 0.6784
7 0.135 0.1738
4 1.8825 2.1517
5 0.5475 0.6976
6 0.105 0.1559
6 2.52 2.6036
7 1.8075 1.8713
5 2.775 2.7381
5 2.9925 2.8348
7 0.7875 0.729
5 0.9375 1.0001
7 0.5175 2.3388
6 2.3475 2.3514
5 1.995 1.6551
7 0.2925 0.1941
5 1.125 1.0874
4 0.0675 0.2678
4 1.08 0.9767
5 1.095 1.1967
6 0.42 0.3719
4 2.0025 2.1642
7 0.51 0.5802
6 0.7425 0.5739
7 2.0925 2.0713
5 2.04 1.9595
7 1.9425 1.8845
4 0.8475 0.5422
4 2.415 2.4333
7 2.775 2.7866
5 1.8825 1.6852
5 0.36 0.6077
4 0.75 1.3195
6 1.7775 1.6135
4 0.105 0.3666
5 2.715 2.523
5 1.44 1.2482
5 1.3275 1.4048
5 0.66 0.7121
6 2.9625 2.7993
6 2.7 2.812
4 0.3525 0.2421
5 0.3825 0.1622
7 1.4775 1.4448
4 1.1475 1.1144
4 1.08 0.7782
7 1.35 1.2538
4 1.995 2.039
7 0.1425 0.1388
7 1.125 0.9904
4 1.74 1.3434
7 0.6225 0.6712
5 1.695 1.6863
4 2.49 2.4842
4 1.4175 1.5614
7 0.6075 0.6975
4 1.605 1.5034
7 2.3475 2.3491
7 2.895 2.9152
6 1.725 1.6852
4 2.49 2.0916
5 1.7325 1.7565
7 1.065 1.0355
5 0.5175 0.5284
6 0.5625 0.6654
4 0.36 0.5222
5 1.905 1.8831
6 1.905 1.8979
5 2.4375 2.5303
6 2.8425 2.955
4 2.415 2.6452
7 0.6525 0.5435
5 1.7925 1.8244
7 2.205 2.1033
7 0.9675 0.931
7 1.5525 1.5212
4 2.775 2.6448
5 0.6 0.6856
4 1.14 1.7325
4 0.1575 0.4651
6 2.6025 2.4062
4 0.3375 0.7586
7 0.465 0.5093
6 0.99 1.2233
4 0.18 0.3318
5 1.7775 1.9051
5 2.6625 2.6321
6 1.92 1.7587
6 0.5775 0.4257
6 2.3325 2.2603
7 2.04 2.0485
5 0.4275 0.5942
6 1.7475 1.8558
4 1.89 1.7095
7 0.105 0.1452
6 1.2 1.2179
7 2.5425 2.6337
7 1.125 1.1289
5 2.1 2.1202
4 2.7225 2.5836
6 2.2875 2.2763
7 2.535 2.4771
5 1.89 1.7953
7 2.5575 2.5579
4 0.6375 0.9242
5 0.3525 0.533
7 1.3575 1.4284
4 0.21 0.3514
5 1.3425 1.2197
6 1.5 1.5641
5 0.27 0.3344
4 2.595 2.8131
7 2.3625 2.4293
4 2.355 2.0579
5 0.375 0.2984
5 1.3425 1.3112
5 0.2925 0.113
5 0.4425 0.5368
5 1.5225 1.1298
6 0.9375 1.0364
5 1.7475 1.7602
4 2.43 2.3022
5 1.17 1.1557
4 2.79 2.2863
5 0.825 0.9676
7 2.25 2.3542
4 1.53 1.2225
6 1.455 1.5146
4 0.6525 0.6052
5 1.1325 1.2667
7 2.7075 2.6542
4 1.1025 1.2101
5 0.0975 0.2906
5 2.4375 2.3318
5 1.095 1.1018
4 2.7675 2.6854
4 0.4275 0.5849
6 1.005 0.8826
4 1.9275 0.0955
6 0.84 0.9091
6 1.2075 1.2554
6 0.84 0.7868
7 0.765 0.9469
6 1.0725 1.2206
6 0.18 0.3286
6 1.725 1.8536
5 2.0325 2.0186
4 2.6025 2.4295
5 0.4125 0.4554
5 2.4375 2.6244
6 1.4775 1.5356
6 0.63 0.6736
7 2.28 2.2479
6 2.4525 2.4784
6 2.2875 2.4102
7 1.65 1.6904
5 0.915 0.7989
7 1.9425 1.8764
7 2.3025 2.336
6 1.815 1.8204
6 1.4175 1.601
4 1.515 1.4953
4 0.18 0.3782
6 2.385 2.279
6 2.835 2.7143
5 2.6625 2.7132
5 1.995 2.0151
7 1.1325 1.0858
4 1.845 1.7
4 1.38 1.2865
7 0.8625 0.9339
6 0.2025 0.1373
6 0.1575 0.2396
7 2.37 2.3746
4 2.4675 2.2033
7 1.365 1.2613
4 2.9325 2.5502
6 2.5425 2.5263
4 0.2925 0.5623
5 2.5125 2.3712
4 0.81 1.1603
6 2.8725 2.821
4 1.4025 1.6382
4 0.15 0.358
7 2.4075 2.5286
4 1.3575 1.2943
6 0.225 0.3971
4 1.8375 1.7836
6 0.06 0.1768
6 0.1575 0.2085
5 0.405 0.737
4 0.06 0.5934
6 1.23 0.9569
4 1.53 1.8232
6 2.6475 2.6197
7 1.2975 1.2936
5 1.185 1.2021
5 1.23 0.9156
6 0.9075 0.9557
5 2.76 2.6256
6 2.85 2.8362
7 2.16 2.2054
6 2.4225 2.4177
7 1.5525 1.5626
4 1.74 1.4988
6 1.89 1.8257
7 2.9775 2.8989
7 0.6825 0.6297
7 1.05 1.1363
7 1.275 1.2975
7 0.21 0.0777
7 2.7075 2.69
6 0.045 0.0907
6 0.36 0.2597
5 2.5125 2.2946
7 1.605 1.5777
4 1.1175 1.0386
7 0.1425 0.172
7 1.455 1.3637
5 0.4275 0.56
5 2.04 2.2342
5 2.52 2.3325
5 2.97 2.864
6 0.6825 0.7465
7 0.9375 0.9965
6 0.435 0.4115
5 0.8175 0.9348
4 2.955 2.3449
4 2.2275 1.8212
4 0.795 1.1118
4 2.07 1.5653
7 2.07 2.1731
4 2.5575 2.4583
6 2.1075 2.126
7 0.645 0.6669
5 0.0675 0.2865
5 1.95 2.0257
6 0.2775 0.4067
6 0.0675 0.2186
4 2.58 2.5457
7 2.025 1.9767
5 0.7125 0.8527
4 1.8075 1.648
6 0.7575 0.7309
6 1.935 1.8832
5 0.06 0.3786
6 0.075 0.2229
6 2.4375 2.3929
4 1.6875 1.5878
4 1.8825 1.8738
6 2.085 1.9456
6 1.17 1.0359
4 2.8125 2.6683
4 0.63 0.8326
7 2.175 2.2791
6 2.16 2.2263
7 2.37 2.3633
7 1.005 1.004
7 2.895 2.8745
5 1.8375 1.783
6 1.77 1.822
6 0.48 0.6424
4 2.5125 2.1838
6 1.5075 1.3893
6 2.58 2.4824
6 1.6425 1.7358
4 1.9425 1.7199
4 1.3575 1.1358
7 0.6375 0.5158
6 2.8575 2.8013
4 1.74 1.5605
5 2.835 2.7145
5 0.1875 0.5216
5 1.29 1.2761
6 2.7975 2.7708
7 0.8325 0.9345
7 2.0475 2.0554
4 0.9075 1.0605
6 0.7875 0.7997
6 2.8125 2.7353
4 0.9525 1.2353
5 1.785 1.5405
7 1.695 1.6805
5 2.0175 1.9292
7 2.6325 2.6771
4 0.0375 0.4307
4 1.44 1.243
6 1.4325 1.2832
5 2.43 2.5271
6 1.53 1.5197
5 1.5075 1.5799
5 2.97 2.7537
7 2.8125 2.2297
5 0.375 0.5415
5 0.15 0.138
5 0.81 1.0142
4 2.655 2.7807
4 1.005 1.2518
5 0.2625 0.2057
5 0.8625 0.8055
5 0.0075 0.246
5 0.66 0.6317
5 1.575 1.7075
4 1.9425 1.8064
4 0.5625 0.5958
5 1.83 1.8409
7 1.7175 1.6072
7 1.2675 1.2952
6 2.61 2.7027
4 1.7175 1.5181
5 2.9025 2.7794
5 1.695 1.7421
5 0.1275 0.3859
6 1.6575 1.5084
4 2.5725 2.2677
5 0.0975 0.1027
7 2.3025 2.2301
5 2.775 2.9374
6 0.375 0.4544
7 0.5175 0.5549
4 1.9875 2.0358
7 2.0775 2.0947
6 0.42 0.4645
7 1.4175 1.3349
4 1.6725 1.5761
4 2.1825 1.9119
4 2.535 2.4098
5 1.515 1.8057
5 1.23 1.3735
4 2.5125 2.267
6 0.9225 0.9468
5 1.95 1.7301
5 2.385 2.4344
6 2.19 2.2985
5 2.6325 2.9452
6 0.5325 0.3931
7 0.6825 0.634
4 1.4625 1.4474
4 0.2775 0.598
6 1.245 1.1697
7 2.535 2.5441
7 0.57 0.6267
5 0.075 0.2125
4 0.4725 0.5205
5 1.3575 1.305
6 1.71 1.4501
5 1.155 1.2959
7 2.1525 2.1456
7 0.225 0.2528
7 0.93 0.9977
5 1.14 1.1029
7 2.2125 2.2134
6 2.2725 2.3438
6 1.08 1.2859
5 1.59 1.4691
6 0.6675 0.6617
4 1.5825 1.4421
6 1.3575 1.3739
4 0.795 0.7696
5 2.7675 2.6599
5 1.6725 1.5649
7 1.395 1.4503
5 0.0075 0.2034
6 1.7475 1.77
5 2.1375 1.8921
4 0.4425 0.3654
5 1.2975 1.551
4 0.195 0.5457
6 2.5275 2.4185
5 2.475 2.1329
6 0.225 0.2746
6 2.8425 2.8467
7 2.205 2.1362
4 1.5675 1.3452
7 2.3325 2.3642
5 0.855 0.7948
6 2.565 2.5378
6 1.4625 1.5174
4 2.0775 2.364
6 2.1375 1.9927
6 0.27 0.3186
5 1.4025 1.4562
5 1.575 1.3732
5 1.29 1.2422
7 0.8625 0.762
4 1.005 0.9247
6 2.055 2.028
5 0.54 0.6863
4 1.2375 1.7379
6 2.94 2.7563
5 1.1325 1.0635
5 2.7825 2.7014
6 2.865 2.9514
7 0.8175 0.8296
4 2.58 2.5978
4 1.41 1.7462
4 0.195 0.4189
6 0.045 0.0014
5 2.1375 2.3039
7 2.475 2.5094
6 2.67 2.7589
4 1.6425 1.4685
7 1.8975 1.9475
7 2.565 2.6446
4 1.545 1.4335
7 1.6275 1.7055
4 2.0025 1.6787
4 1.5675 1.7429
5 2.8875 2.6933
5 1.5675 1.6364
5 1.095 1.0708
6 2.625 2.5342
4 1.6425 1.1772
5 2.31 2.2002
5 0.0525 0.191
6 2.895 2.8687
6 0.9975 1.0556
7 2.82 2.747
5 0.2025 0.218
7 2.9925 2.9226
5 0.9825 1.4247
7 2.9625 2.9588
5 2.775 2.829
7 0.9825 1.0232
5 0.465 0.4762
5 2.9775 2.8863
6 2.235 2.1341
6 1.155 1.2192
6 0.9675 0.8931
5 0.18 0.2462
5 2.415 2.1087
5 0.495 0.3128
6 0.3075 0.3834
7 1.2 1.0531
7 2.385 2.4042
4 1.305 1.195
5 0.6675 0.821
4 0.2025 0.4129
7 2.4 2.4449
7 2.8425 2.8192
6 2.5725 2.5314
7 0.6975 0.7029
5 2.4075 2.1819
4 2.31 2.1542
5 1.305 1.1183
5 2.9475 2.8497
5 0.78 0.811
7 1.665 1.7257
5 2.745 2.4312
4 2.1975 2.2417
4 2.865 2.2716
6 0.6225 0.4703
5 0.0 0.2129
7 2.115 1.9549
4 0.465 0.5154
5 1.68 1.3859
7 1.6125 1.6044
5 0.0375 0.0781
7 1.68 1.6356
5 2.2575 2.2583
5 1.8225 1.8159
4 2.985 2.4671
7 2.4 2.4735
7 1.68 1.7085
7 2.7975 2.8829
4 1.8675 1.7761
7 0.8625 0.843
6 0.6975 0.8069
6 0.975 1.0206
7 0.405 0.445
7 1.2975 1.4409
6 0.525 0.6019
4 0.7275 0.6073
6 0.9375 0.9272
5 1.8 1.5112
7 2.3175 2.2587
6 0.81 0.8494
5 0.06 0.5356
5 1.6275 1.376
7 1.7175 1.7373
6 0.435 0.4685
5 0.66 0.5466
4 0.54 0.7874
4 1.365 1.048
6 0.72 0.8384
5 2.595 2.7282
4 1.2225 1.3226
7 0.3 0.4454
6 2.685 2.7082
7 0.9975 0.9168
4 0.615 0.8314
7 1.425 1.4669
6 0.675 0.8637
7 1.47 1.4539
7 0.39 0.3788
5 1.6575 1.7243
4 1.7475 1.8684
5 1.89 2.1022
5 0.225 0.3211
7 1.0725 0.9843
5 1.2075 1.3163
5 1.3575 1.3568
7 0.6675 0.8909
4 0.6375 0.9416
5 0.42 0.6418
7 0.0975 0.0803
5 2.7825 2.4914
7 0.6675 0.7298
7 0.21 0.1625
4 2.6625 2.5409
6 1.4325 1.3616
7 2.1075 2.0122
4 2.175 2.4415
6 2.4375 2.2499
6 0.9 1.0594
7 2.1 2.0725
7 2.16 2.2022
6 2.0175 2.0215
6 1.545 1.5075
6 0.375 0.4296
7 0.2475 0.2034
5 1.98 2.0111
7 0.0525 0.05
5 1.9125 1.7803
6 1.935 1.8562
7 1.545 1.5309
6 2.3625 2.249
5 1.71 2.1164
7 2.7675 2.7841
6 1.05 1.1527
5 1.4775 1.2624
7 1.26 1.2826
5 0.9075 0.8616
6 1.4625 1.4107
6 0.8925 0.7208
4 1.035 0.7853
6 1.4775 1.5465
7 0.855 0.8429
6 1.0725 1.1957
5 1.02 1.1037
7 0.0825 0.1441
5 2.88 2.871
7 1.68 1.6575
5 2.34 2.1606
6 2.58 2.6562
5 2.5875 2.4116
5 2.7225 2.8169
4 0.93 0.9355
5 0.5325 0.5274
5 0.8475 0.7739
6 1.77 1.7446
4 1.0725 1.048
4 1.02 0.9179
7 0.8175 0.7435
6 1.1025 1.0762
5 0.975 1.0928
7 1.4625 1.5545
7 2.0025 2.0228
4 0.5175 0.5357
6 1.4025 1.3637
6 2.3625 2.4541
4 1.92 1.4864
4 2.7225 2.6811
5 2.8875 2.8291
5 0.03 0.2235
6 0.1575 0.2604
6 0.285 0.2106
7 0.2025 0.2225
5 2.985 2.9028
4 2.9025 2.3973
7 2.91 2.7764
4 1.125 0.7489
4 0.0 0.6023
7 2.1675 2.2674
7 1.485 1.5079
5 1.29 1.24
4 2.8275 2.3201
6 1.545 1.4718
7 1.9875 1.9478
6 1.485 1.5008
7 1.5375 1.5532
7 2.46 2.4341
4 0.4425 0.5693
5 1.3425 1.3383
4 2.43 2.6043
7 0.405 0.3357
6 2.7525 2.7659
5 2.865 2.8088
5 0.255 0.5523
5 0.7875 1.051
6 2.04 2.1084
6 1.605 1.5519
7 2.1 2.2218
4 2.1 2.1146
5 1.7475 1.7755
6 0.6525 0.5328
6 2.6775 2.6121
7 2.145 2.1414
4 0.2925 0.9154
7 0.045 0.1191
4 2.6625 2.6989
7 0.105 0.2614
7 1.0275 0.9959
7 0.6525 0.5966
6 0.5925 0.5139
6 1.2 1.0417
4 0.2475 0.7014
7 1.05 1.0887
4 1.5375 1.2213
7 0.5325 0.4234
7 1.32 1.2995
7 0.18 0.0905
7 2.46 2.4874
7 1.6875 1.763
4 2.07 1.8643
4 0.09 0.6864
4 1.935 1.6541
7 0.03 -0.0083
7 1.755 1.812
6 2.1525 2.6683
5 1.1625 1.3276
6 2.445 2.5036
5 1.29 1.1368
4 1.5075 1.669
4 0.99 0.9743
6 1.215 1.1167
7 0.96 1.083
4 0.5625 0.2872
7 0.1275 0.1994
6 1.3575 1.3037
6 1.095 0.9551
5 2.49 2.7251
6 0.525 0.6228
4 2.76 2.7384
7 1.1925 1.1583
7 1.47 1.5468
5 0.255 0.2657
7 0.225 0.204
7 1.35 1.3109
6 0.495 0.53
7 0.8625 0.8434
7 0.8625 0.7954
4 0.2325 0.569
7 1.575 1.4552
4 1.8225 1.7829
5 2.6475 2.4102
5 1.5075 1.7332
5 0.0525 0.2703
4 0.315 0.3554
7 1.7625 1.9046
5 2.9475 2.8509
7 1.875 1.7543
5 2.5875 2.3455
4 1.5 1.5429
4 0.3225 0.283
5 0.4425 0.3636
4 0.72 0.8683
4 2.625 2.3905
5 1.71 1.7181
5 1.6875 1.5596
5 2.3175 2.0834
7 0.855 1.009
5 0.1275 0.0481
4 0.63 0.7187
6 1.86 1.8892
7 2.85 2.8579
7 1.95 1.8887
4 0.525 1.1351
5 1.5525 1.6529
4 1.7475 1.9915
4 0.0075 0.5794
6 2.625 2.5612
4 0.585 0.604
6 0.42 0.3575
7 0.45 0.5091
7 1.035 1.1757
5 0.7275 0.954
7 0.465 0.5015
4 0.9525 1.234
5 0.57 0.54
4 1.65 1.3316
5 1.5525 1.5212
4 0.39 0.5077
7 1.56 1.6023
5 0.675 0.6531
5 1.3125 1.4294
7 1.6725 1.6198
5 1.9425 1.9394
7 0.3675 0.4392
5 0.3525 0.2917
5 1.185 1.2226
6 0.855 0.894
4 0.1575 0.4227
5 1.785 1.7853
6 2.025 1.9185
5 2.475 2.3681
6 0.75 0.8012
7 0.435 0.4645
6 2.655 2.803
6 2.9775 2.7602
6 1.11 0.3762
4 1.275 1.1664
4 0.8175 1.0336
7 0.0825 0.1105
6 2.2275 2.2941
7 1.9725 1.9209
6 2.6175 2.5346
7 0.18 0.0062
6 0.0525 0.0532
5 2.7075 2.3664
6 1.9125 1.8504
4 1.4325 1.4003
7 2.745 2.6517
7 0.7575 0.6897
6 2.5275 2.5886
7 1.9575 1.9895
4 0.96 1.2236
6 1.6575 1.6705
6 0.84 0.8429
7 2.8725 2.9686
6 2.0775 2.0871
7 2.4825 2.3612
5 0.06 0.5912
7 1.32 1.3687
6 0.51 0.7711
7 0.7875 0.8384
6 1.755 1.8721
4 0.9675 1.0446
6 0.465 0.4221
7 2.4 2.3089
5 2.3025 2.0582
6 2.5575 2.7076
5 2.715 2.5912
5 0.2625 0.2119
5 2.7975 2.8545
7 1.575 1.6367
4 2.79 2.4795
4 0.99 0.8758
6 2.625 2.4991
5 2.37 2.4367
4 2.565 2.2325
6 0.3 0.2131
4 2.325 2.0559
7 2.28 2.1735
6 2.9775 2.939
7 1.575 1.5442
6 1.6575 1.773
4 2.7675 2.4784
4 0.8475 0.7633
7 0.945 0.7859
5 2.6625 2.3771
6 1.7775 1.8391
4 1.29 1.5941
5 0.675 0.6531
5 0.3825 0.4202
4 2.625 2.6577
4 2.5725 2.5876
4 0.3825 0.7453
7 2.9625 2.828
4 0.9675 1.1241
4 2.5275 2.2475
5 1.845 1.8469
4 1.26 1.0894
5 0.5475 0.4796
7 0.675 0.7148
7 1.0875 1.0498
4 1.8675 2.2227
4 1.9275 2.1379
6 2.7825 2.9704
6 1.47 1.4207
5 0.18 0.4519
6 0.7725 0.6665
4 1.71 1.6467
4 0.795 0.8176
5 0.8175 0.6638
6 0.8625 0.8756
7 1.5 1.6721
5 1.17 1.0835
6 0.195 0.1733
7 1.8225 1.8591
5 2.415 2.4046
4 1.755 1.6975
7 1.155 1.0829
5 2.8575 2.8048
7 0.1425 0.1933
4 0.3825 0.506
6 1.59 1.6308
7 1.755 1.6913
7 2.565 2.511
7 0.645 0.5798
4 2.67 2.5337
7 2.265 2.2863
6 0.585 0.6335
6 1.845 1.776
5 0.5025 0.6598
6 0.3075 0.4186
4 0.2475 0.3947
4 2.7825 2.6363
7 0.8325 0.7568
5 2.4975 2.2236
5 2.895 2.9034
4 0.2775 0.6801
5 1.365 1.2133
6 2.8275 2.7624
4 2.0475 1.947
7 0.3375 0.3945
6 1.545 1.5317
4 0.6075 0.6089
6 1.77 1.8033
4 1.2 1.1506
6 1.0875 1.046
7 2.895 2.8443
5 2.8725 2.7794
7 1.545 1.6856
5 1.2525 1.2068
4 0.93 1.1695
7 0.33 0.1487
4 2.1225 2.3053
5 2.835 2.7347
5 0.0675 0.2299
5 0.4875 0.6297
4 0.3525 0.7298
4 1.515 1.6767
7 0.7575 0.8445
4 0.6975 0.7334
6 1.2825 1.4089
7 0.03 0.0063
4 1.1325 1.3437
5 2.16 2.1605
4 0.825 0.8102
6 2.73 2.6457
5 2.4075 2.3312
6 2.04 1.9589
4 1.6125 1.744
6 1.32 1.3632
4 1.425 1.4784
7 1.215 1.2342
7 2.64 2.5853
4 2.9025 2.4341
4 2.61 2.6368
6 0.5325 0.6046
7 0.4725 0.4783
4 2.445 1.9091
4 1.9875 1.9706
5 2.535 2.3501
6 1.845 1.7562
7 0.12 0.2025
7 2.775 2.8879
5 1.26 1.0548
5 2.5725 2.3883
4 1.8525 1.8093
4 1.0425 0.9173
5 0.6225 0.7702
5 2.97 2.7468
5 1.7025 1.7091
6 2.145 2.1493
4 1.26 1.0317
5 2.6775 2.5828
4 0.255 0.2934
5 2.535 2.6544
5 1.665 1.7739
7 1.4175 1.3086
6 1.995 1.9552
4 2.7975 2.4966
6 2.7375 2.7826
5 0.885 0.9625
5 2.2575 2.1206
7 0.585 0.5037
7 1.1775 1.2057
5 0.3225 0.3298
5 2.8875 2.7725
6 2.625 2.5938
4 0.3675 0.3707
4 2.9325 2.7043
7 2.9925 2.8638
5 0.075 0.4838
4 0.7125 0.602
7 1.7925 1.8236
6 1.7475 1.7722
4 2.355 2.1079
5 0.0375 0.1791
4 0.3525 0.5628
5 2.2125 2.1586
4 2.9925 2.6009
5 2.6625 2.8933
7 0.72 0.7125
5 0.2925 0.4311
7 1.14 1.14
7 2.8275 2.9694
5 2.9925 2.8104
5 0.36 0.3159
6 1.305 1.4412
6 1.83 1.7669
7 1.5525 1.5396
5 2.865 2.8253
5 2.0775 1.8144
4 2.91 2.6423
5 2.79 2.8596
5 0.9 0.9105
7 2.6475 2.6844
4 1.0725 1.2587
7 1.3275 1.2666
6 2.9475 2.8045
5 0.345 0.493
7 2.775 2.7511
4 0.3075 0.5716
4 2.88 2.3811
7 2.1975 2.2888
6 0.6375 0.5655
4 0.195 0.5117
5 2.0925 2.0242
5 2.265 2.3097
6 1.8225 1.9332
4 2.1375 2.0805
5 1.23 1.0399
6 2.0475 2.1462
4 2.835 2.3753
6 0.735 0.6166
7 0.975 0.9759
7 1.3725 1.3049
6 2.64 2.6579
7 0.8175 0.9208
4 1.4325 1.2281
6 1.275 1.1386
6 0.705 0.6631
6 1.365 1.1721
4 0.6 0.745
6 0.8175 0.8332
4 2.205 1.7901
6 1.1175 1.2414
7 0.2925 0.4065
7 2.7 2.778
5 0.105 0.2581
6 2.355 2.3918
6 0.87 1.0583
6 1.77 1.6406
4 1.275 1.1445
7 0.2025 0.33
5 1.95 1.8396
5 1.0125 0.7876
5 0.96 1.2185
7 2.49 2.4294
5 0.27 0.3679
5 1.1625 0.9127
4 2.0325 2.257
7 2.3775 2.499
6 0.8475 0.6306
4 1.4325 1.3899
6 1.845 1.8473
4 0.7275 0.5633
6 0.69 0.7243
4 1.9425 1.9896
5 2.0475 2.0736
5 1.17 0.9784
5 1.38 1.6582
6 2.9025 2.8437
7 1.6725 1.6613
5 0.7425 0.7449
7 2.4975 2.4165
6 2.1975 2.1754
4 1.2975 1.4615
6 2.025 1.8754
5 1.1325 1.2011
4 1.5225 1.7554
7 1.5075 1.4716
6 1.5525 1.6156
6 1.3275 1.2627
6 1.6725 1.5498
4 0.165 0.7496
5 1.56 1.3227
7 1.9875 2.0503
7 1.89 1.9068
4 0.195 0.53
7 0.255 0.2453
6 0.21 0.2918
4 1.7775 1.7815
5 2.1825 2.0712
6 1.4625 1.4589
5 1.0575 0.9221
4 2.13 1.5475
4 2.1075 2.0224
5 1.74 1.8424
7 2.8275 2.7743
6 2.265 2.1022
5 0.4875 0.5523
6 2.88 2.7734
6 2.355 2.4146
6 1.455 1.3753
7 1.7025 1.7748
5 1.395 1.2372
7 2.025 2.0269
6 1.0425 0.7835
5 0.99 1.0104
6 0.84 0.7805
6 2.265 2.2163
6 0.3975 0.4841
5 1.6425 1.7532
5 0.6375 0.7405
6 0.51 0.5747
5 0.525 0.83
6 1.05 0.9347
6 0.495 0.7422
5 1.8675 1.9807
6 2.6625 2.622
4 0.03 0.3504
7 2.6775 2.7141
5 0.1875 0.1816
5 1.4625 1.5214
4 1.1625 0.7802
7 0.8025 0.8542
6 1.9725 1.8429
4 2.9925 2.667
7 0.21 0.2266
6 1.4325 1.3282
7 1.4175 1.4029
4 2.055 1.6834
5 2.685 2.6805
7 2.6175 2.5639
6 1.05 1.0592
4 0.525 0.507
6 2.01 2.1647
7 1.9125 1.9077
7 0.2325 0.218
4 1.4625 1.3719
7 2.4075 2.5298
4 0.9675 0.9621
7 1.9575 2.0365
6 0.5925 0.5907
5 2.64 2.7023
5 1.05 0.9277
6 0.8325 0.9855
6 2.4825 2.5024
4 0.18 0.7298
4 0.0375 0.6313
6 1.32 1.3285
7 2.2125 2.217
7 0.21 0.1848
7 0.39 0.3704
7 1.8825 1.733
5 1.32 1.2116
5 2.9925 2.7299
5 2.385 2.4846
4 1.0725 1.3122
4 1.3275 1.1374
6 1.035 1.2682
5 1.83 1.5367
5 0.8775 1.1677
7 0.3675 0.2892
7 0.03 0.0878
4 0.2775 0.3415
4 2.1 1.6995
7 0.8175 0.9067
7 2.445 2.3707
6 1.3575 1.3035
4 1.6875 1.8171
6 0.3 0.3961
5 2.1975 2.33
5 1.4025 1.4014
6 2.19 2.1045
5 2.97 0.0134
6 0.1275 0.0982
6 2.595 2.6249
6 1.7025 1.5598
5 0.18 0.1594
7 1.215 1.2569
7 2.0175 2.0267
6 1.4925 1.535
6 0.2775 0.3482
5 2.8575 2.4639
6 1.2675 1.3373
7 0.045 -0.0301
6 2.295 2.1233
6 2.7825 2.8388
6 0.5475 0.4995
6 1.365 1.2928
6 0.99 1.0914
4 1.8975 1.8519
6 1.575 1.638
4 1.8225 1.9049
6 1.7325 1.7898
5 2.91 2.7507
6 1.17 1.1565
6 2.325 2.2932
7 2.64 2.5671
6 1.635 1.7213
6 1.4925 1.5771
5 2.0475 2.2541
5 0.375 0.393
4 0.5175 0.9412
5 1.1025 0.9585
7 2.58 2.4542
6 2.37 2.2595
5 1.8525 1.7464
6 2.7975 2.9387
5 0.2625 0.5059
7 2.97 2.9388
7 0.4125 0.435
4 1.4175 1.4758
6 2.25 2.1383
5 2.94 2.7704
5 2.28 2.252
5 1.4625 1.4149
7 0.225 0.2772
7 0.1875 0.2325
7 1.935 1.8086
7 1.83 1.755
7 0.9225 0.8424
7 2.7675 2.8659
6 2.6325 2.6161
4 0.405 0.4492
6 2.4675 2.361
7 0.825 0.8714
5 1.83 1.8158
5 2.0775 2.1324
5 2.61 2.3561
6 0.9975 0.9759
5 1.3125 1.1782
5 0.5625 0.5276
7 0.3975 0.4191
6 1.1625 1.0342
7 1.02 1.0408
4 2.475 2.4182
7 1.845 1.9937
4 2.4675 2.1132
5 0.96 0.7703
4 1.8375 1.7645
7 0.6 0.6148
5 1.0725 1.063
5 2.865 2.7889
7 0.8475 0.9485
5 2.325 2.309
5 1.5825 1.3151
4 0.3525 0.4848
4 1.7325 2.0897
7 0.3525 0.3678
7 0.6 0.5664
6 1.8375 1.7752
4 1.7025 1.8623
5 1.2225 1.1823
4 0.18 0.3493
6 0.9675 0.9097
4 2.88 2.2423
7 2.01 2.065
6 1.14 1.0912
4 2.475 2.3699
5 0.69 0.6773
7 2.685 2.617
5 1.5 1.6426
6 0.615 1.7022
5 0.12 0.5995
4 2.85 2.2248
4 1.98 2.1696
6 0.87 0.8899
6 0.09 0.0578
6 1.35 1.2622
6 1.1625 1.0505
5 1.6875 1.6381
5 2.8725 2.8412
4 2.7675 2.6298
7 1.8375 1.8317
6 0.7575 0.7908
5 0.4275 0.6937
5 1.0125 0.8088
7 2.76 2.7403
7 1.2375 1.3383
7 2.475 2.3898
4 1.0275 0.979
6 0.51 0.6372
6 0.2025 0.2673
7 1.8675 1.9577
4 1.44 1.4976
4 0.4875 0.5953
7 2.49 2.4467
4 1.8 1.6224
4 1.635 1.5961
6 1.7625 1.7063
7 0.96 1.0059
7 0.9525 0.9331
5 0.135 0.3744
6 1.305 1.3204
7 2.775 2.6426
4 1.53 1.2739
4 1.02 0.8695
6 1.5375 1.4128
5 2.3625 2.3681
7 2.1075 2.1352
5 2.9325 2.8233
6 0.9675 0.8503
6 2.115 2.067
7 0.345 0.3594
4 0.4875 0.6188
6 0.0375 0.0101
5 2.2125 2.2473
7 0.0525 0.1045
7 0.1575 0.1784
4 2.625 2.6795
7 0.45 0.4214
6 2.25 1.9956
4 0.195 0.4528
6 0.7575 0.8782
5 1.05 1.0016
6 0.9225 0.8275
4 1.4475 1.6618
5 2.07 2.0116
5 2.1975 2.1658
4 1.8825 2.1942
6 2.9775 2.8918
6 0.0975 0.11
7 1.44 1.4404
7 2.4525 2.3899
4 2.925 2.6362
7 1.89 1.8671
6 1.815 1.7114
4 2.985 2.6754
4 1.6725 1.5682
6 2.6475 2.5749
4 1.065 0.806
7 0.8325 0.7694
7 1.6575 1.6286
7 2.1675 2.1895
7 1.74 1.691
4 2.955 2.598
6 0.8175 0.8018
5 2.595 2.5013
4 2.37 2.1048
5 2.145 2.0406
4 1.065 1.0861
4 1.335 1.2728
6 0.36 0.2192
5 0.795 0.8335
4 0.09 0.3852
5 1.995 1.668
6 1.455 1.3612
7 1.4475 1.5001
4 0.285 0.3739
5 0.8625 0.683
5 1.605 1.5539
6 0.1425 0.074
4 1.77 1.9453
7 1.5825 1.505
4 2.775 2.5282
6 2.5725 2.5868
6 1.9875 1.8181
7 0.525 0.5326
5 1.335 1.3225
7 0.6375 0.6348
6 0.375 0.4745
5 1.2825 1.1455
6 2.3475 2.3866
4 1.0875 1.0289
6 1.8825 1.7255
7 0.09 0.0752
7 0.675 0.6884
5 2.5725 2.3971
7 1.77 1.7172
4 0.0225 0.291
6 0.1875 0.2389
6 2.58 2.5252
6 2.805 2.9059
7 0.375 0.3866
6 2.1 2.0794
7 2.7 2.6754
5 1.755 1.8929
4 0.585 0.3562
7 2.6625 2.5547
6 1.815 1.8809
6 1.545 1.6009
5 2.6925 2.7467
4 2.01 1.8558
7 1.275 1.4028
5 0.255 0.2257
7 0.48 0.4824
5 2.355 2.5202
5 1.29 1.2615
4 1.6425 1.6577
6 0.915 0.8497
7 2.8725 0.6625
6 1.4775 1.3928
5 1.5075 1.4611
5 2.19 2.0506
6 0.75 0.7782
5 1.8975 1.6708
4 0.51 0.6678
7 0.4875 0.4633
5 2.8425 2.5918
6 1.3575 1.2378
7 0.06 0.1967
7 2.7075 2.6444
7 0.9075 1.0106
4 0.645 0.7332
5 0.87 0.8103
5 0.765 0.7638
5 2.3775 2.513
5 0.9525 0.9914
7 2.085 2.1674
7 2.07 2.0696
4 0.615 0.5926
5 1.53 1.5167
6 2.0925 2.1774
4 1.86 1.9569
7 1.3425 1.2901
7 1.02 0.8963
5 0.915 0.9517
6 0.435 0.3376
7 2.4075 2.4805
4 0.375 0.3979
6 0.735 0.5641
4 0.2925 0.5884
4 0.15 0.4704
6 0.3375 0.4586
5 2.7525 2.6443
4 2.73 2.542
6 1.53 1.3728
4 2.295 2.6488
6 1.74 1.7213
7 0.15 0.0777
7 1.635 1.5181
6 0.57 0.6354
4 2.9475 2.604
4 1.6725 1.7206
6 0.3525 0.3471
7 2.4 2.3853
4 0.405 0.6714
6 2.835 2.7807
5 2.43 2.4493
4 1.08 1.2001
6 0.315 0.2842
6 2.64 2.5571
6 1.575 0.8765
5 1.2075 0.801
7 1.7925 1.8072
5 1.08 1.2169
4 2.01 1.5639
7 2.025 2.185
7 0.42 0.4149
5 0.3825 0.4423
4 2.73 2.5593
7 1.8675 1.8548
5 1.0575 1.0616
4 0.8025 0.7843
5 0.36 0.3032
7 1.6425 1.6743
7 2.6625 2.6775
4 2.505 2.1223
4 1.8075 1.2385
4 0.99 1.0551
7 1.2675 1.3189
6 2.13 1.8496
5 2.445 2.3625
7 2.8425 2.8538
5 2.13 2.1133
6 1.2 1.2559
7 0.5175 0.5208
5 2.4675 2.2392
7 0.0825 0.1515
6 2.085 2.121
4 2.34 2.0918
6 2.2275 2.0873
4 0.6975 1.001
7 0.1575 0.2397
7 1.6125 1.6213
5 0.525 0.5468
5 1.875 1.8526
6 0.54 0.557
6 2.0625 2.0554
4 1.815 1.9257
7 1.4775 1.4587
5 1.0125 1.1246
6 1.065 1.0711
5 2.3325 2.136
5 1.9425 2.0405
6 2.1225 2.1561
7 0.3675 0.3747
7 1.635 1.7424
5 1.86 1.7117
5 2.085 2.0856
6 0.825 0.697
6 1.905 1.7533
4 1.515 1.4088
4 1.29 1.8645
7 1.7025 1.6326
5 1.5375 1.37
4 0.15 0.4603
4 0.465 0.7831
4 1.5075 1.6182
7 2.2725 2.2283
6 2.1975 2.2566
4 1.41 1.4013
7 1.155 1.1944
6 2.22 2.3833
4 2.5125 2.1822
6 2.58 2.6986
7 0.75 0.7881
6 0.765 0.4898
7 1.89 1.9652
4 0.5925 0.9763
4 2.4075 2.2683
4 2.6175 2.5432
5 0.18 0.423
5 0.2325 0.4664
6 2.1825 2.2942
5 2.8575 2.4447
4 1.8675 1.6565
7 0.255 0.2039
6 0.555 0.6609
4 2.8425 2.702
6 2.9475 2.8876
7 1.59 1.5834
6 2.835 2.9449
7 1.1925 1.1636
6 2.0775 1.9422
7 0.6675 0.5462
5 1.0575 0.9042
7 2.1825 2.1716
4 2.73 2.3851
5 2.2875 2.249
4 1.14 1.2861
4 0.69 0.5353
6 1.965 1.817
5 0.12 0.3921
7 1.1175 1.1414
7 2.715 2.6183
6 2.535 2.4788
7 0.51 0.4254
6 1.0875 1.0572
7 1.71 1.7092
5 1.8975 2.0333
4 2.55 2.2862
4 0.795 1.2576
4 1.845 1.398
4 1.3275 1.2687
4 0.315 0.2865
7 2.3175 2.3808
7 2.265 2.2349
5 2.52 2.4102
5 0.105 0.2947
6 1.4025 1.4755
4 0.195 0.7576
4 0.6075 0.6715
4 1.71 1.4766
6 2.34 2.1551
4 2.97 2.5415
4 2.49 2.3178
6 1.26 1.3904
4 1.5375 1.4359
4 0.975 0.8941
5 0.075 0.1337
7 1.38 1.3695
5 1.56 1.5292
4 0.5775 0.2507
5 0.4725 0.557
7 0.3075 0.2457
7 0.1275 0.1552
6 0.165 0.108
5 0.7275 0.8765
6 0.63 0.7654
7 2.9625 2.9571
5 1.1325 1.3138
4 1.3875 1.4926
7 1.215 1.3093
7 0.6375 0.6904
4 1.875 1.6443
4 2.4075 2.2279
4 0.975 1.0277
6 0.42 0.398
5 0.6525 0.7398
5 2.4975 2.45
7 1.38 1.3575
6 2.9175 2.8647
4 2.1075 1.7134
4 0.735 0.5772
6 1.335 1.2697
7 0.0225 0.2082
4 1.4025 1.3767
6 2.0475 1.9826
5 2.9475 2.5718
7 0.9825 0.9655
5 0.015 0.1696
6 1.3275 1.2444
5 2.445 2.2966
4 1.8075 1.7133
5 0.2775 0.4813
5 2.6025 2.5209
4 2.97 2.5514
4 1.6725 1.6241
6 2.805 2.7391
5 0.615 0.6717
5 0.96 0.9105
7 0.315 0.3464
4 0.945 1.0175
7 1.545 1.5197
6 0.7125 0.8674
7 0.4875 0.5847
4 1.2825 1.49
4 2.7975 2.4848
7 0.915 0.9792
7 2.6475 2.4631
6 2.7825 2.6801
4 1.7925 1.8505
5 2.34 2.0869
6 2.8125 2.7299
6 0.54 0.6935
6 2.5425 2.5075
4 1.4475 1.6785
5 1.5975 1.5187
5 1.7025 1.6708
7 1.3575 1.3009
4 2.8275 2.6368
7 1.71 1.6724
4 1.2525 1.2176
5 1.3275 1.2455
6 1.3275 1.2081
7 1.1625 1.226
6 2.85 2.7964
7 2.4675 2.3949
7 0.585 0.6412
4 0.465 0.7114
7 2.2875 2.3248
7 2.145 2.1298
5 2.9175 2.6473
5 1.8075 1.7718
6 0.5025 0.6983
6 1.2525 1.4111
6 0.6975 0.7733
7 2.67 2.6864
5 1.545 1.7957
6 2.85 2.7788
5 2.3025 2.3762
7 1.68 1.6334
5 2.9475 2.904
7 0.705 0.8041
4 0.4575 0.7323
6 0.4275 0.4896
7 0.9675 0.9064
5 1.935 1.8468
7 0.03 0.0466
5 0.9 0.8897
7 0.0675 0.151
5 2.535 2.5335
7 0.0825 0.0645
7 1.5225 1.6038
7 2.8425 2.7254
7 2.625 2.6516
6 0.465 0.587
6 0.3 0.5163
5 1.8825 2.01
7 1.41 1.4591
6 1.98 1.9929
7 1.92 1.9562
4 1.11 1.2263
5 1.38 1.5584
4 2.8875 2.7863
4 2.0775 1.6958
7 0.18 0.095
5 2.565 2.5099
5 0.42 0.5361
5 0.5625 0.4146
5 1.0125 1.0322
5 0.6825 0.7272
4 2.07 1.9406
7 1.905 1.8619
7 1.785 1.7926
5 1.635 1.646
6 2.7 2.6206
4 1.98 1.9758
4 0.135 0.6226
6 0.0525 0.0531
4 0.5925 0.4867
5 1.1625 1.0561
7 0.2625 0.2711
6 2.6625 2.7368
5 1.2825 1.2184
5 0.2475 0.275
4 0.54 1.0303
5 2.925 1.1673
7 0.0375 0.1449
5 2.385 2.3123
7 0.9675 0.9307
4 0.0 0.1884
5 2.2575 2.3203
4 1.545 1.6443
6 0.0675 0.139
6 1.5225 1.6661
4 0.2775 0.2055
5 0.7425 0.6139
7 2.3175 2.3476
6 2.2725 2.3757
4 2.445 1.933
6 0.93 1.0938
6 0.435 0.5506
4 1.0875 1.0078
7 0.3075 0.3953
4 2.985 2.6578
7 0.1425 0.2641
6 1.0275 0.9881
4 0.03 0.4082
4 1.5675 1.6495
7 2.07 2.1936
7 1.2375 1.1329
4 1.0275 1.4124
5 0.075 0.2206
7 2.2725 2.109
7 2.7 2.6982
6 1.7175 1.7523
4 0.6 0.7068
6 2.8425 2.6881
7 0.525 0.4977
7 2.7975 2.7083
6 0.135 0.1956
5 0.9525 1.1198
4 0.765 1.0114
6 1.8 2.0187
5 0.8175 2.0746
5 0.0375 0.1501
7 2.16 2.0597
5 2.0625 2.3195
5 0.51 0.271
6 1.8675 1.9507
5 0.69 0.6092
6 0.7425 0.8372
7 2.1525 2.0426
4 0.9225 1.066
4 0.8175 0.7637
6 0.3225 0.4251
5 2.805 2.8309
6 2.8575 2.9352
7 2.295 2.2574
7 0.735 0.8427
5 1.89 1.9402
7 0.4425 0.3519
5 2.3775 2.3989
7 2.13 2.184
5 0.045 0.32
7 1.5525 1.6245
4 1.665 1.4049
7 1.8675 1.8079
7 1.2225 1.2137
6 1.17 1.2703
4 0.6675 0.5475
7 0.8625 0.8699
5 0.915 0.6788
7 0.8175 0.8084
7 0.2325 0.2457
7 1.635 1.5683
5 1.4475 1.4894
6 2.88 2.6793
7 0.7875 0.6704
7 2.2275 2.3682
5 2.55 2.624
5 2.2275 2.1637
4 2.67 2.4924
4 0.975 1.389
6 2.43 2.4536
4 1.335 1.4211
7 0.6075 0.6409
5 1.5225 1.6683
5 2.9325 2.5509
4 1.0275 1.4051
7 0.87 0.7813
4 0.5325 0.4131
4 0.9675 0.9586
7 0.6975 0.6556
4 0.09 0.5383
6 1.3725 1.6193
5 1.08 1.1426
6 0.63 0.6336
7 1.5525 1.5811
5 2.3925 2.4225
7 0.15 0.1777
5 1.56 1.788
5 2.715 2.6045
7 0.8925 0.8397
4 1.4475 1.4955
6 0.18 0.2868
7 1.11 1.3197
4 0.855 0.8952
6 2.28 2.2985
5 1.3425 1.4253
7 0.495 0.5879
5 1.4025 1.6579
6 1.05 1.1054
7 2.04 2.1602
4 2.58 2.5142
5 0.78 0.4629
4 0.33 0.5992
6 1.9275 1.9383
7 1.3725 1.3368
6 1.6875 1.8572
7 0.7425 0.7969
7 2.565 2.6149
7 1.7025 1.748
6 2.2575 2.1871
5 2.6775 2.5931
5 1.815 1.8276
6 0.15 0.1057
5 2.7525 2.5249
6 1.3425 1.3988
6 1.965 1.8224
6 0.405 0.3113
4 2.3175 1.9567
6 0.1575 0.3376
5 2.4525 2.2067
5 0.5175 0.9084
4 2.8575 2.4573
4 0.2025 0.4505
7 1.7775 1.7727
7 0.0825 0.1503
6 1.5975 1.5435
4 2.9475 2.7407
6 1.9275 2.0883
7 2.73 2.7563
5 1.17 1.1331
6 0.1875 0.318
4 0.9975 1.2097
4 2.28 2.2807
4 0.375 0.6514
6 1.2825 2.1608
6 0.7725 0.9053
6 2.5275 2.4851
7 2.685 2.8148
7 1.5075 1.5404
4 0.9825 1.0123
6 0.0825 0.1475
7 0.21 0.2312
5 0.5775 0.541
5 2.4975 2.4774
6 1.0575 1.1081
6 2.4525 2.4702
6 0.0 0.0734
6 1.86 1.8479
7 2.1225 1.9933
4 2.07 2.1157
4 0.795 0.9248
4 0.5625 1.0533
7 0.795 0.8354
4 1.17 1.5727
4 1.5825 1.413
7 1.2375 1.1602
7 0.3825 0.4284
5 0.78 0.7887
5 0.99 0.9582
4 1.47 1.642
5 2.4075 2.2526
6 2.5125 2.3778
6 2.1075 2.0973
7 1.4475 1.4012
7 2.3175 2.2423
7 2.715 2.8068
4 2.085 1.6437
4 0.045 0.3247
5 2.595 2.6339
7 0.3975 0.4084
7 1.5525 1.4984
7 0.0675 0.1608
5 1.74 1.5972
6 0.165 0.2881
6 0.9825 1.0364
5 1.74 1.7625
4 2.6625 2.2357
4 0.7425 1.1872
4 2.31 2.2325
5 1.59 1.7643
4 0.15 0.2158
7 1.7325 1.7264
4 2.3625 2.3297
7 2.7525 2.8925
6 0.75 0.672
4 1.7625 1.6667
6 0.3375 0.4216
5 2.5575 2.307
7 1.5075 1.6255
7 2.6775 2.6151
7 0.855 0.8193
6 0.735 0.8033
4 2.4975 2.3581
4 0.72 0.9811
7 1.635 1.3807
5 2.1375 2.1215
4 2.3175 1.7936
4 2.955 2.661
4 1.14 1.3526
6 2.1 2.2831
6 0.2175 0.2021
4 0.84 0.8481
4 1.83 1.552
4 0.6225 0.8801
5 0.06 0.4025
7 0.2625 0.3318
4 2.22 2.2796
6 1.0425 1.0236
5 2.0775 2.2307
4 2.9175 2.7334
6 1.005 1.0108
4 0.855 0.9428
4 2.4825 2.397
4 2.5425 2.4577
6 0.5175 0.5305
6 1.83 1.9086
7 1.3575 1.4603
6 1.0875 1.1236
5 1.9125 1.8201
7 2.01 1.9816
4 1.9575 2.1268
6 2.9175 2.8232
5 1.9125 1.8835
6 1.665 1.4918
4 2.88 2.6556
6 1.335 1.3703
6 0.2775 0.359
4 2.49 2.1566
4 0.96 1.3808
7 0.0675 0.0068
5 0.1875 0.3073
7 2.1225 2.1755
6 2.0625 2.0048
4 1.845 1.699
7 2.0625 1.9655
4 1.5375 1.3922
4 0.7575 1.2094
7 1.0275 1.0665
7 2.715 2.6191
4 1.0275 1.6129
4 2.61 2.6348
6 1.32 1.2635
4 1.3575 1.6002
4 1.68 1.7241
7 0.8775 0.9067
5 1.755 1.8831
7 0.7425 0.6595
4 0.42 0.7851
4 1.365 1.4818
4 1.8075 1.6297
6 1.9275 1.9527
4 1.875 1.3787
4 1.665 1.7123
7 0.1125 0.0491
6 2.13 2.1364
5 2.445 2.4346
7 2.7675 2.7388
4 2.8275 2.5107
4 2.565 2.5558
6 2.115 2.2217
5 0.855 1.0059
4 0.885 1.1304
4 2.1825 1.6836
6 0.3375 0.3223
6 2.5575 2.6108
7 0.4125 0.3029
7 1.95 1.9126
4 2.985 2.5238
6 1.8375 1.9271
7 1.935 2.0724
5 1.17 1.1113
5 1.35 1.2348
5 1.7175 1.5275
5 0.9225 0.7286
4 0.105 0.3154
7 1.2225 1.2733
7 1.365 1.4476
7 2.34 2.3107
5 2.535 2.7108
4 2.865 2.667
5 0.855 1.0029
4 2.3325 2.2587
7 0.27 0.2624
4 1.83 1.6972
5 2.7375 2.5344
5 2.3625 2.1995
5 0.4575 0.5402
5 1.2075 1.2294
4 1.4325 1.7676
7 0.195 0.2098
6 2.7075 2.6602
6 1.5975 1.5182
4 1.8 2.0394
7 1.2825 1.2374
6 2.1525 2.0517
4 1.515 1.1734
4 0.81 1.0341
7 2.7225 2.7473
4 1.635 1.4704
7 0.795 0.8862
7 1.9275 1.7674
6 1.4325 1.6079
6 1.68 1.7732
6 2.835 2.6197
5 2.445 2.6374
5 2.7675 2.7981
6 1.0725 1.1316
6 2.2875 2.2935
4 1.74 1.556
7 0.255 0.2517
4 0.3825 0.3032
6 1.5975 1.566
7 2.445 2.3732
7 0.06 0.0556
7 2.865 2.8246
7 2.5575 2.5332
4 1.755 1.4566
5 0.54 0.6828
4 2.1225 2.0543
5 1.14 1.2245
4 1.2225 1.4156
4 2.6325 2.3613
6 0.8025 0.7767
6 0.6525 0.5998
7 1.56 1.6155
5 2.2275 2.3634
4 1.0275 0.7274
5 1.95 1.8211
6 0.3225 0.354
5 0.225 0.3502
7 1.905 1.8321
5 1.7325 1.7891
7 2.2575 2.3844
5 2.0175 1.9298
4 0.9375 1.0477
5 2.37 2.3626
4 0.1725 0.389
5 1.8225 1.6892
6 0.93 1.2123
7 0.03 0.0247
5 0.135 0.2424
7 0.3225 0.3438
6 1.0725 0.8936
7 2.8725 2.8086
4 1.7175 1.7355
4 1.32 1.4653
6 2.595 2.6123
6 2.0025 1.9012
5 0.585 0.7936
5 0.45 0.3734
6 2.025 1.9387
5 0.3825 0.2545
5 2.7225 2.4016
5 2.595 2.4053
5 0.0675 0.3337
4 1.1175 1.9751
7 0.6075 0.5988
5 2.235 2.421
5 2.9625 2.7777
4 2.355 2.0247
5 1.3725 1.4412
6 1.83 1.7702
6 2.8125 2.8451
5 1.59 1.4308
4 1.5825 1.3225
4 1.395 1.7474
7 1.8675 1.9483
4 1.1025 1.6668
7 1.44 1.3831
4 2.2425 2.1308
4 1.56 1.5435
7 2.5725 2.6371
5 1.02 0.7834
6 1.6425 1.7328
7 0.4575 0.3973
4 1.185 1.3218
4 0.54 0.5074
6 2.4 2.5289
7 1.83 1.8517
7 1.1175 1.2082
4 0.855 1.1159
4 0.2925 0.5172
6 1.9125 1.7699
7 2.565 2.5423
7 0.315 0.2856
5 1.5 1.5864
4 1.35 1.2804
7 2.8425 2.8261
4 2.8425 2.5887
5 2.4975 2.7288
7 0.2175 0.231
4 1.485 1.1775
7 1.815 1.767
6 0.4875 0.5052
6 0.285 0.2137
5 0.21 0.3722
4 1.3275 1.4166
5 1.2975 1.4178
4 0.105 0.464
6 0.3075 0.3549
5 1.71 1.807
5 0.975 1.1047
6 2.37 2.3285
7 2.1675 2.263
6 1.6725 1.5752
6 0.9675 1.2213
4 0.555 0.6881
4 2.7975 2.6467
6 1.6725 1.7375
7 0.555 0.5703
7 1.6575 1.6785
5 0.045 0.2486
4 1.41 1.5259
5 1.725 1.7872
6 0.345 0.3367
4 1.9725 1.9605
7 0.4275 0.4359
5 1.62 1.4546
6 2.76 2.735
4 2.265 2.0878
7 2.175 2.1546
6 1.3125 1.0943
7 2.7375 2.6796
5 1.635 1.4003
6 0.06 0.2523
7 1.3875 1.4509
7 2.5275 2.4384
5 2.685 2.5857
6 1.155 1.253
5 1.755 1.9167
5 1.0125 1.4152
4 0.285 0.4021
4 1.995 1.911
6 0.2475 0.2459
4 1.9125 1.731
5 1.4625 1.4274
5 1.9425 2.246
4 0.5325 0.3732
7 0.69 0.6656
6 1.1925 1.2487
7 2.5125 2.4171
6 2.3775 2.4844
6 2.625 2.7377
7 1.305 1.3128
5 1.53 1.4693
5 0.0375 0.2485
6 2.7525 2.6927
4 0.18 0.2333
4 1.755 1.6781
4 0.2775 0.7305
6 0.6225 0.6556
7 1.8975 1.8659
7 1.9725 1.8324
5 2.2875 2.3955
7 0.3075 0.3178
4 1.8525 1.8369
5 1.8375 1.585
4 1.4775 1.2532
4 2.595 2.7062
6 2.235 2.0376
5 0.975 0.9484
6 2.4225 2.2585
5 1.5675 1.5844
7 2.1975 2.1754
4 0.3225 0.5206
4 0.69 1.1413
4 2.07 2.0062
7 1.5 1.53
5 2.685 2.6228
6 1.83 1.8844
4 1.4325 1.3196
5 0.72 0.3092
4 2.2425 2.3213
4 2.1525 2.2776
4 0.2775 0.534
7 1.275 1.2663
5 2.4975 2.7339
7 2.355 2.305
6 1.095 1.2661
5 2.3925 2.4246
6 1.545 1.5562
7 0.51 0.4581
7 1.0125 0.9852
7 1.47 1.5893
4 2.1525 2.45
4 1.065 0.8944
5 2.3175 2.3831
4 0.6375 0.7555
7 2.1375 2.0789
7 2.7525 2.8231
6 2.6025 2.669
5 2.115 2.2124
6 1.02 1.1992
4 0.69 1.1385
4 2.04 1.6445
5 2.1975 2.1192
5 2.37 2.4494
5 2.715 2.5609
4 2.7375 2.5484
7 0.72 0.7078
6 1.05 0.9425
6 1.815 1.7659
6 0.4575 0.4584
6 1.5825 1.5103
5 2.295 2.3892
5 1.47 1.5697
7 0.945 1.0204
5 0.6525 0.6515
4 2.1375 2.5019
6 0.135 0.1783
7 2.1075 2.0058
6 1.02 0.9524
5 0.6525 0.5765
7 1.71 1.7786
7 0.48 0.4508
5 1.8975 1.6718
5 0.0675 0.0954
6 0.54 0.513
5 0.42 0.3429
5 2.745 2.4997
7 0.4125 0.3548
4 0.84 0.7564
6 1.4325 1.4142
5 2.2875 2.3724
4 0.75 0.9475
7 1.9575 1.8936
7 0.36 0.4436
4 0.5925 0.7472
4 0.795 1.059
4 1.905 1.8279
7 0.045 0.0167
4 0.8025 0.8928
7 1.4025 1.4742
5 1.7775 1.8418
4 2.175 2.2456
7 2.8875 2.8804
6 2.88 2.891
4 1.62 1.7258
7 2.1975 2.2777
7 1.6725 1.6023
7 2.1225 2.1511
7 0.7875 0.9074
5 1.3425 1.3741
7 1.575 1.5583
7 1.41 1.4295
4 1.3575 1.2347
7 2.685 2.7736
7 2.925 2.9192
6 2.8575 2.6914
6 0.3825 0.3725
4 1.305 1.3226
6 1.7475 1.8372
4 2.3925 2.1668
4 1.3425 1.3849
5 0.57 0.7529
5 2.31 2.2459
5 2.7075 2.7949
4 0.2625 0.9444
5 2.5875 2.4578
5 2.5875 2.6496
4 0.0975 0.3835
4 2.9925 2.6338
5 0.81 1.0491
4 1.2375 1.3682
4 2.1825 2.1151
4 1.1775 1.3137
4 1.905 1.2671
5 1.035 1.0592
6 0.015 -0.0424
7 0.7875 0.7795
5 1.455 1.5159
5 1.5225 1.4867
4 2.91 2.6435
4 0.0225 0.3375
5 1.9725 1.7269
5 0.03 0.1653
6 0.1275 0.2339
7 1.26 1.2813
6 0.0075 0.1721
6 2.835 2.8256
4 2.76 2.5611
7 1.4025 1.311
7 1.4325 1.4556
5 0.9375 0.7365
6 0.9375 1.2114
6 0.855 1.0093
6 1.9875 1.9264
4 1.3575 1.4626
5 0.87 0.6656
4 0.3375 0.6536
6 1.905 1.7672
6 2.595 2.6968
6 1.9575 2.0679
4 2.55 1.8861
4 2.49 2.1717
5 1.365 1.2962
6 2.3475 2.6167
5 2.025 2.1017
5 1.2375 1.0015
5 0.0975 0.3736
6 0.0 0.1372
4 0.2775 0.3562
7 0.1275 0.1361
4 1.485 1.802
6 0.255 0.4156
6 0.6375 0.7333
4 1.7775 1.8904
7 0.06 0.0061
6 0.75 0.8424
6 0.1725 0.1854
4 0.06 0.3978
7 2.4075 2.5531
5 2.61 2.2104
4 1.725 1.5959
5 2.8725 2.6682
7 0.585 0.5505
6 0.7875 0.8988
4 2.7375 2.4891
7 0.8475 0.841
7 1.0425 0.9793
5 1.7025 1.8344
7 2.3775 2.2354
5 0.705 0.7873
6 2.1225 2.2539
7 1.4925 1.3362
6 0.3225 0.423
6 0.285 0.3816
7 1.3125 1.2467
7 1.2375 1.3839
5 0.1875 0.2749
6 1.8375 1.9077
7 0.3825 0.3656
4 0.24 0.4939
4 1.6125 1.3952
7 1.0125 0.9635
4 0.105 0.3018
5 2.4825 2.5937
6 2.445 2.5275
6 0.6525 0.7315
6 0.9 0.8872
4 0.7425 0.9349
7 2.115 2.0262
6 1.815 1.9202
4 1.4925 1.4747
6 2.3475 2.4833
6 1.3875 1.229
5 0.4425 0.3382
5 2.76 2.639
7 1.2675 1.3149
4 2.67 2.6928
4 2.925 2.5487
4 2.775 2.5928
4 0.645 0.7012
4 2.9925 2.5929
6 2.01 1.8916
4 0.36 0.4274
4 0.795 0.876
6 2.1375 2.244
4 1.7325 1.5425
4 1.3275 1.1507
5 1.2225 1.1289
7 1.395 1.4368
7 1.47 1.4978
7 2.7375 2.7061
6 2.2125 2.2178
7 0.39 0.4157
4 0.5175 0.8858
5 0.0225 0.2714
4 1.26 1.2622
4 2.1225 1.8004
4 2.5275 2.4665
5 1.1775 1.2149
7 1.14 1.1242
5 0.585 0.563
5 2.52 2.3844
7 2.6475 2.7105
6 0.99 1.0589
6 1.605 1.6364
4 1.53 1.2378
6 1.2675 1.1832
6 2.2275 2.2219
6 0.09 0.1071
6 0.7725 0.8663
5 1.005 1.0284
7 2.9775 2.8875
6 1.4775 1.5784
5 2.745 2.728
6 1.6575 1.6283
6 0.645 0.7918
5 1.245 1.1126
7 1.425 1.4634
6 1.7325 1.684
7 2.0325 1.9344
4 1.2825 1.6266
5 0.3675 0.3612
4 1.4025 1.2845
4 1.1625 1.5005
6 1.8375 1.7598
4 0.7575 1.0372
4 1.32 1.1877
5 0.8475 0.8744
6 2.115 1.8453
6 1.8075 1.8036
6 2.3925 2.3725
5 1.1175 0.975
7 0.8925 0.7788
6 1.545 1.6082
5 2.7675 2.5389
6 0.2775 0.161
4 1.185 1.4226
6 0.0375 0.115
4 0.7125 0.4257
4 0.9 0.999
6 1.965 1.7614
4 0.75 0.732
4 0.6225 0.9324
4 2.7075 2.3657
5 0.7425 0.8915
4 0.3975 0.9593
6 2.97 3.0023
6 1.3875 1.2963
7 2.97 3.029
7 1.4325 1.4643
5 2.8575 2.9243
4 2.3925 2.0585
4 1.275 1.3048
7 1.935 1.9634
7 2.49 2.3789
6 0.3 0.2676
6 2.34 2.5109
7 1.26 1.2785
6 2.85 2.8659
7 0.06 -0.0443
6 0.3825 0.3579
6 2.7975 2.8526
7 1.6275 1.6722
4 2.175 1.7007
6 1.9275 1.9453
6 0.7125 0.6311
5 2.865 2.7567
7 2.28 2.269
7 1.3875 1.3239
6 2.475 2.2989
6 2.055 2.1503
6 2.1975 2.283
4 0.09 0.3566
6 0.6 0.5273
5 2.1825 2.1193
4 2.2275 2.0081
5 1.335 1.4974
6 0.12 0.044
5 1.26 1.3279
4 1.6425 1.5976
5 2.0625 1.9393
6 2.805 2.6853
4 0.48 0.5652
7 0.18 0.2625
6 1.92 1.8926
5 1.395 1.3328
7 2.7675 2.7172
6 0.4875 0.4396
6 0.9825 1.0288
5 1.4475 1.7155
6 0.255 0.3069
7 0.63 0.6646
5 2.775 2.7411
6 2.79 2.7983
5 1.3125 1.1563
6 1.4025 1.6009
4 2.0925 1.9158
7 0.525 0.5519
7 0.975 1.0564
6 2.175 2.1771
6 2.91 2.9
5 0.6 0.8028
5 2.565 2.6085
