sigma2_stimulus 	 [inf, 2.0, 3.0, 4.0, 5.0, 6.0, 7.0, 8.0, 9.0, 10.0]
log_motor_var 	 [8.12501049041748]
sigma_logit 	 [-1.0, -2.0, -3.0, -4.0, -5.0, -6.0, -7.0, -8.0, -9.0, -10.0]
mixture_logit 	 [-5.160216331481934]
prior 	 [0.0024999999441206455, 0.0024999999441206455, 0.0024999999441206455, 0.0024999999441206455, 0.0024999999441206455, 0.0024999999441206455, 0.0024999999441206455, 0.0024999999441206455, 0.0024999999441206455, 0.0024999999441206455, 0.0024999999441206455, 0.0024999999441206455, 0.0024999999441206455, 0.0024999999441206455, 0.0024999999441206455, 0.0024999999441206455, 0.0024999999441206455, 0.0024999999441206455, 0.0024999999441206455, 0.0024999999441206455, 0.0024999999441206455, 0.0024999999441206455, 0.0024999999441206455, 0.0024999999441206455, 0.0024999999441206455, 0.0024999999441206455, 0.0024999999441206455, 0.0024999999441206455, 0.0024999999441206455, 0.0024999999441206455, 0.0024999999441206455, 0.0024999999441206455, 0.0024999999441206455, 0.0024999999441206455, 0.0024999999441206455, 0.0024999999441206455, 0.0024999999441206455, 0.0024999999441206455, 0.0024999999441206455, 0.0024999999441206455, 0.0024999999441206455, 0.0024999999441206455, 0.0024999999441206455, 0.0024999999441206455, 0.0024999999441206455, 0.0024999999441206455, 0.0024999999441206455, 0.0024999999441206455, 0.0024999999441206455, 0.0024999999441206455, 0.0024999999441206455, 0.0024999999441206455, 0.0024999999441206455, 0.0024999999441206455, 0.0024999999441206455, 0.0024999999441206455, 0.0024999999441206455, 0.0024999999441206455, 0.0024999999441206455, 0.0024999999441206455, 0.0024999999441206455, 0.0024999999441206455, 0.0024999999441206455, 0.0024999999441206455, 0.0024999999441206455, 0.0024999999441206455, 0.0024999999441206455, 0.0024999999441206455, 0.0024999999441206455, 0.0024999999441206455, 0.0024999999441206455, 0.0024999999441206455, 0.0024999999441206455, 0.0024999999441206455, 0.0024999999441206455, 0.0024999999441206455, 0.0024999999441206455, 0.0024999999441206455, 0.0024999999441206455, 0.0024999999441206455, 0.0024999999441206455, 0.0024999999441206455, 0.0024999999441206455, 0.0024999999441206455, 0.0024999999441206455, 0.0024999999441206455, 0.0024999999441206455, 0.0024999999441206455, 0.0024999999441206455, 0.0024999999441206455, 0.0024999999441206455, 0.0024999999441206455, 0.0024999999441206455, 0.0024999999441206455, 0.0024999999441206455, 0.0024999999441206455, 0.0024999999441206455, 0.0024999999441206455, 0.0024999999441206455, 0.0024999999441206455, 0.0024999999441206455, 0.0024999999441206455, 0.0024999999441206455, 0.0024999999441206455, 0.0024999999441206455, 0.0024999999441206455, 0.0024999999441206455, 0.0024999999441206455, 0.0024999999441206455, 0.0024999999441206455, 0.0024999999441206455, 0.0024999999441206455, 0.0024999999441206455, 0.0024999999441206455, 0.0024999999441206455, 0.0024999999441206455, 0.0024999999441206455, 0.0024999999441206455, 0.0024999999441206455, 0.0024999999441206455, 0.0024999999441206455, 0.0024999999441206455, 0.0024999999441206455, 0.0024999999441206455, 0.0024999999441206455, 0.0024999999441206455, 0.0024999999441206455, 0.0024999999441206455, 0.0024999999441206455, 0.0024999999441206455, 0.0024999999441206455, 0.0024999999441206455, 0.0024999999441206455, 0.0024999999441206455, 0.0024999999441206455, 0.0024999999441206455, 0.0024999999441206455, 0.0024999999441206455, 0.0024999999441206455, 0.0024999999441206455, 0.0024999999441206455, 0.0024999999441206455, 0.0024999999441206455, 0.0024999999441206455, 0.0024999999441206455, 0.0024999999441206455, 0.0024999999441206455, 0.0024999999441206455, 0.0024999999441206455, 0.0024999999441206455, 0.0024999999441206455, 0.0024999999441206455, 0.0024999999441206455, 0.0024999999441206455, 0.0024999999441206455, 0.0024999999441206455, 0.0024999999441206455, 0.0024999999441206455, 0.0024999999441206455, 0.0024999999441206455, 0.0024999999441206455, 0.0024999999441206455, 0.0024999999441206455, 0.0024999999441206455, 0.0024999999441206455, 0.0024999999441206455, 0.0024999999441206455, 0.0024999999441206455, 0.0024999999441206455, 0.0024999999441206455, 0.0024999999441206455, 0.0024999999441206455, 0.0024999999441206455, 0.0024999999441206455, 0.0024999999441206455, 0.0024999999441206455, 0.0024999999441206455, 0.0024999999441206455, 0.0024999999441206455, 0.0024999999441206455, 0.0024999999441206455, 0.0024999999441206455, 0.0024999999441206455, 0.0024999999441206455, 0.0024999999441206455, 0.0024999999441206455, 0.0024999999441206455, 0.0024999999441206455, 0.0024999999441206455, 0.0024999999441206455, 0.0024999999441206455, 0.0024999999441206455, 0.0024999999441206455, 0.0024999999441206455, 0.0024999999441206455, 0.0024999999441206455, 0.0024999999441206455, 0.0024999999441206455, 0.0024999999441206455, 0.0024999999441206455, 0.0024999999441206455, 0.0024999999441206455, 0.0024999999441206455, 0.0024999999441206455, 0.0024999999441206455, 0.0024999999441206455, 0.0024999999441206455, 0.0024999999441206455, 0.0024999999441206455, 0.0024999999441206455, 0.0024999999441206455, 0.0024999999441206455, 0.0024999999441206455, 0.0024999999441206455, 0.0024999999441206455, 0.0024999999441206455, 0.0024999999441206455, 0.0024999999441206455, 0.0024999999441206455, 0.0024999999441206455, 0.0024999999441206455, 0.0024999999441206455, 0.0024999999441206455, 0.0024999999441206455, 0.0024999999441206455, 0.0024999999441206455, 0.0024999999441206455, 0.0024999999441206455, 0.0024999999441206455, 0.0024999999441206455, 0.0024999999441206455, 0.0024999999441206455, 0.0024999999441206455, 0.0024999999441206455, 0.0024999999441206455, 0.0024999999441206455, 0.0024999999441206455, 0.0024999999441206455, 0.0024999999441206455, 0.0024999999441206455, 0.0024999999441206455, 0.0024999999441206455, 0.0024999999441206455, 0.0024999999441206455, 0.0024999999441206455, 0.0024999999441206455, 0.0024999999441206455, 0.0024999999441206455, 0.0024999999441206455, 0.0024999999441206455, 0.0024999999441206455, 0.0024999999441206455, 0.0024999999441206455, 0.0024999999441206455, 0.0024999999441206455, 0.0024999999441206455, 0.0024999999441206455, 0.0024999999441206455, 0.0024999999441206455, 0.0024999999441206455, 0.0024999999441206455, 0.0024999999441206455, 0.0024999999441206455, 0.0024999999441206455, 0.0024999999441206455, 0.0024999999441206455, 0.0024999999441206455, 0.0024999999441206455, 0.0024999999441206455, 0.0024999999441206455, 0.0024999999441206455, 0.0024999999441206455, 0.0024999999441206455, 0.0024999999441206455, 0.0024999999441206455, 0.0024999999441206455, 0.0024999999441206455, 0.0024999999441206455, 0.0024999999441206455, 0.0024999999441206455, 0.0024999999441206455, 0.0024999999441206455, 0.0024999999441206455, 0.0024999999441206455, 0.0024999999441206455, 0.0024999999441206455, 0.0024999999441206455, 0.0024999999441206455, 0.0024999999441206455, 0.0024999999441206455, 0.0024999999441206455, 0.0024999999441206455, 0.0024999999441206455, 0.0024999999441206455, 0.0024999999441206455, 0.0024999999441206455, 0.0024999999441206455, 0.0024999999441206455, 0.0024999999441206455, 0.0024999999441206455, 0.0024999999441206455, 0.0024999999441206455, 0.0024999999441206455, 0.0024999999441206455, 0.0024999999441206455, 0.0024999999441206455, 0.0024999999441206455, 0.0024999999441206455, 0.0024999999441206455, 0.0024999999441206455, 0.0024999999441206455, 0.0024999999441206455, 0.0024999999441206455, 0.0024999999441206455, 0.0024999999441206455, 0.0024999999441206455, 0.0024999999441206455, 0.0024999999441206455, 0.0024999999441206455, 0.0024999999441206455, 0.0024999999441206455, 0.0024999999441206455, 0.0024999999441206455, 0.0024999999441206455, 0.0024999999441206455, 0.0024999999441206455, 0.0024999999441206455, 0.0024999999441206455, 0.0024999999441206455, 0.0024999999441206455, 0.0024999999441206455, 0.0024999999441206455, 0.0024999999441206455, 0.0024999999441206455, 0.0024999999441206455, 0.0024999999441206455, 0.0024999999441206455, 0.0024999999441206455, 0.0024999999441206455, 0.0024999999441206455, 0.0024999999441206455, 0.0024999999441206455, 0.0024999999441206455, 0.0024999999441206455, 0.0024999999441206455, 0.0024999999441206455, 0.0024999999441206455, 0.0024999999441206455, 0.0024999999441206455, 0.0024999999441206455, 0.0024999999441206455, 0.0024999999441206455, 0.0024999999441206455, 0.0024999999441206455, 0.0024999999441206455, 0.0024999999441206455, 0.0024999999441206455, 0.0024999999441206455, 0.0024999999441206455, 0.0024999999441206455, 0.0024999999441206455, 0.0024999999441206455, 0.0024999999441206455, 0.0024999999441206455, 0.0024999999441206455, 0.0024999999441206455, 0.0024999999441206455, 0.0024999999441206455, 0.0024999999441206455, 0.0024999999441206455, 0.0024999999441206455, 0.0024999999441206455, 0.0024999999441206455, 0.0024999999441206455, 0.0024999999441206455, 0.0024999999441206455, 0.0024999999441206455, 0.0024999999441206455, 0.0024999999441206455, 0.0024999999441206455, 0.0024999999441206455, 0.0024999999441206455, 0.0024999999441206455, 0.0024999999441206455, 0.0024999999441206455, 0.0024999999441206455, 0.0024999999441206455, 0.0024999999441206455, 0.0024999999441206455, 0.0024999999441206455, 0.0024999999441206455, 0.0024999999441206455, 0.0024999999441206455, 0.0024999999441206455, 0.0024999999441206455, 0.0024999999441206455, 0.0024999999441206455, 0.0024999999441206455, 0.0024999999441206455, 0.0024999999441206455]
volume 	 [-8.611212730407715, -8.577630996704102, -8.544219017028809, -8.510974884033203, -8.477900505065918, -8.44499397277832, -8.412256240844727, -8.379687309265137, -8.347288131713867, -8.315056800842285, -8.28299331665039, -8.251100540161133, -8.219374656677246, -8.18781852722168, -8.156431198120117, -8.125212669372559, -8.094162940979004, -8.063282012939453, -8.03256893157959, -8.00202465057373, -7.971650123596191, -7.941443920135498, -7.911406517028809, -7.881537437438965, -7.851837635040283, -7.822306156158447, -7.792943477630615, -7.763750076293945, -7.734724998474121, -7.705869197845459, -7.677181243896484, -7.64866304397583, -7.620312690734863, -7.5921311378479, -7.564118385314941, -7.5362749099731445, -7.508600234985352, -7.481093406677246, -7.453756332397461, -7.4265875816345215, -7.399587154388428, -7.372756481170654, -7.346094131469727, -7.319599628448486, -7.293274879455566, -7.26711893081665, -7.24113130569458, -7.215312480926514, -7.189662456512451, -7.164181232452393, -7.138868808746338, -7.113724708557129, -7.088749885559082, -7.063943386077881, -7.039306163787842, -7.014837265014648, -6.990537643432617, -6.966405868530273, -6.942443370819092, -6.918649673461914, -6.895025253295898, -6.87156867980957, -6.848280906677246, -6.825162410736084, -6.802212238311768, -6.779430866241455, -6.756818771362305, -6.734375, -6.712100028991699, -6.689993858337402, -6.668056011199951, -6.646287441253662, -6.624687194824219, -6.6032562255859375, -6.581993579864502, -6.56089973449707, -6.539974689483643, -6.519218921661377, -6.498631000518799, -6.478212356567383, -6.4579620361328125, -6.437880992889404, -6.41796875, -6.398224830627441, -6.378649711608887, -6.359243869781494, -6.340006351470947, -6.320937633514404, -6.302037239074707, -6.283306121826172, -6.264743804931641, -6.246349811553955, -6.228124618530273, -6.210068702697754, -6.19218111038208, -6.17446231842041, -6.156912326812744, -6.139531135559082, -6.122318267822266, -6.105274677276611, -6.088399887084961, -6.071693420410156, -6.055156230926514, -6.038787364959717, -6.022587299346924, -6.006556034088135, -5.99069356918335, -5.974999904632568, -5.959475040435791, -5.944118499755859, -5.92893123626709, -5.913912296295166, -5.899062156677246, -5.884381294250488, -5.869868278503418, -5.855525016784668, -5.841350078582764, -5.827343463897705, -5.813506126403809, -5.799837112426758, -5.786337375640869, -5.773005962371826, -5.759843826293945, -5.74685001373291, -5.734025001525879, -5.721368312835693, -5.708881378173828, -5.69656229019165, -5.684412479400635, -5.672430992126465, -5.660618782043457, -5.648974895477295, -5.637499809265137, -5.626193523406982, -5.615056037902832, -5.6040873527526855, -5.593287467956543, -5.582655906677246, -5.572193622589111, -5.561899662017822, -5.551774978637695, -5.541818618774414, -5.532031059265137, -5.522412300109863, -5.512962341308594, -5.503681182861328, -5.494568347930908, -5.48562479019165, -5.4768500328063965, -5.468243598937988, -5.459805965423584, -5.451537132263184, -5.443437099456787, -5.4355058670043945, -5.427743434906006, -5.420149803161621, -5.41272497177124, -5.405468463897705, -5.398381233215332, -5.391462326049805, -5.384712219238281, -5.378130912780762, -5.371718406677246, -5.365474700927734, -5.359399795532227, -5.353493690490723, -5.3477559089660645, -5.342187404632568, -5.336787223815918, -5.3315558433532715, -5.326493740081787, -5.321599960327148, -5.316874980926514, -5.312318801879883, -5.307930946350098, -5.303712368011475, -5.299662113189697, -5.295781135559082, -5.2920684814453125, -5.288524627685547, -5.285149574279785, -5.281943321228027, -5.278905868530273, -5.276037216186523, -5.273337364196777, -5.270805835723877, -5.268443584442139, -5.266249656677246, -5.264225006103516, -5.262368679046631, -5.26068115234375, -5.259162425994873, -5.257812023162842, -5.256630897521973, -5.255618572235107, -5.254775047302246, -5.2540998458862305, -5.253593444824219, -5.253255844116211, -5.253087520599365, -5.253087520599365, -5.253255844116211, -5.253593444824219, -5.2540998458862305, -5.254775047302246, -5.255618572235107, -5.256630897521973, -5.257812023162842, -5.259162425994873, -5.26068115234375, -5.262368679046631, -5.264225006103516, -5.266249656677246, -5.268443584442139, -5.270805835723877, -5.273337364196777, -5.276037216186523, -5.278905868530273, -5.281943321228027, -5.285149574279785, -5.288524627685547, -5.2920684814453125, -5.295781135559082, -5.299662113189697, -5.303712368011475, -5.307930946350098, -5.312318801879883, -5.3168745040893555, -5.321599960327148, -5.326493263244629, -5.3315558433532715, -5.336787223815918, -5.342187404632568, -5.3477559089660645, -5.353493690490723, -5.359399795532227, -5.365474700927734, -5.371718406677246, -5.378130912780762, -5.384712219238281, -5.391462326049805, -5.398380756378174, -5.405468463897705, -5.41272497177124, -5.420149803161621, -5.427743434906006, -5.4355058670043945, -5.443437099456787, -5.451537132263184, -5.459805965423584, -5.468243598937988, -5.4768500328063965, -5.48562479019165, -5.494568347930908, -5.503681182861328, -5.512962341308594, -5.522412300109863, -5.532031059265137, -5.541818618774414, -5.551774501800537, -5.561899662017822, -5.572193622589111, -5.582655906677246, -5.593286991119385, -5.6040873527526855, -5.615056037902832, -5.626193523406982, -5.637499809265137, -5.648974895477295, -5.660618305206299, -5.672430992126465, -5.684412479400635, -5.69656229019165, -5.70888090133667, -5.721368312835693, -5.734024524688721, -5.746849536895752, -5.759843826293945, -5.773005962371826, -5.786337375640869, -5.799837112426758, -5.813506126403809, -5.827343463897705, -5.8413496017456055, -5.855525016784668, -5.869868278503418, -5.88438081741333, -5.899062156677246, -5.913912296295166, -5.92893123626709, -5.944118499755859, -5.959474563598633, -5.974999904632568, -5.99069356918335, -6.006555557250977, -6.022587299346924, -6.038787364959717, -6.0551557540893555, -6.071693420410156, -6.088399887084961, -6.105274677276611, -6.122318267822266, -6.139531135559082, -6.156912326812744, -6.17446231842041, -6.192180633544922, -6.210068702697754, -6.228124618530273, -6.246349334716797, -6.264743804931641, -6.283306121826172, -6.302037239074707, -6.320937156677246, -6.340006351470947, -6.359243392944336, -6.378649711608887, -6.398224353790283, -6.41796875, -6.437880992889404, -6.4579620361328125, -6.478212356567383, -6.498631000518799, -6.519218444824219, -6.539974689483643, -6.56089973449707, -6.581993579864502, -6.603255748748779, -6.624687671661377, -6.646287441253662, -6.668056011199951, -6.689992904663086, -6.712100028991699, -6.734374523162842, -6.7568182945251465, -6.779431343078613, -6.802212238311768, -6.825162410736084, -6.848280429840088, -6.87156867980957, -6.89502477645874, -6.918649673461914, -6.942442893981934, -6.966405868530273, -6.990537166595459, -7.01483678817749, -7.039306163787842, -7.063943386077881, -7.088749408721924, -7.113724231719971, -7.138868808746338, -7.164180755615234, -7.189661979675293, -7.215312480926514, -7.24113130569458, -7.267118453979492, -7.293274402618408, -7.319599628448486, -7.346093654632568, -7.372756004333496, -7.399588108062744, -7.4265875816345215, -7.453756332397461, -7.481093406677246, -7.508600234985352, -7.5362749099731445, -7.564118385314941, -7.592130661010742, -7.620312690734863, -7.648662090301514, -7.677180767059326, -7.705869197845459, -7.734724998474121, -7.763749599456787, -7.792943000793457, -7.822306156158447, -7.851837635040283, -7.881536960601807, -7.911406517028809, -7.941443920135498, -7.971649646759033, -8.00202465057373, -8.03256893157959, -8.063281059265137, -8.094161987304688, -8.125212669372559, -8.156431198120117, -8.18781852722168, -8.219374656677246, -8.251100540161133, -8.28299331665039, -8.315055847167969, -8.347286224365234, -8.379687309265137, -8.412256240844727, -8.444993019104004, -8.477900505065918, -8.510974884033203, -8.544218063354492, -8.577630043029785, -8.611212730407715]
loss_function_weights_cosine 	 [-1.0, 0.0, 0.0, 0.0, 0.0, 0.0, 0.0, 0.0, 0.0, 0.0]
loss_function_weights_sine 	 [0.0, 0.4000000059604645, -0.25999999046325684, 0.0, 0.0, 0.0, 0.0, 0.0, 0.0, 0.0]
=======
4 1.7175 1.465
6 1.29 1.2423
6 1.7325 1.7739
4 0.615 0.6242
5 2.4375 2.4609
6 2.4675 2.7487
7 1.9575 1.9166
7 0.48 0.6507
5 1.56 1.5547
5 0.9825 1.0743
5 0.75 0.477
4 2.8575 2.5741
6 2.9925 2.7662
7 0.135 0.2185
7 2.58 2.7094
5 1.8075 1.7455
4 1.1475 1.3191
7 0.8475 0.8169
4 2.025 1.9298
5 1.3725 1.4836
7 2.055 1.9807
7 1.9875 2.0087
6 0.3975 0.4756
5 2.3025 2.2962
6 2.9475 2.6092
6 2.91 2.5772
4 1.8375 1.9287
5 0.135 0.4232
7 0.015 0.2557
6 0.405 0.2172
7 2.82 2.7287
4 0.9075 0.7331
5 1.095 1.04
5 2.6925 2.6001
7 0.945 0.8689
4 1.65 1.8854
5 1.305 1.1912
4 0.195 0.4127
6 1.755 1.8244
4 2.535 2.7026
4 0.4725 0.3373
4 0.675 0.3836
5 1.2375 1.1627
4 0.1125 0.4301
7 1.4925 1.5649
5 2.4525 2.3435
7 1.9725 1.9822
7 1.5975 1.6213
5 2.565 2.702
5 0.45 0.224
4 1.7025 1.6198
4 1.125 1.1225
6 1.8075 1.7802
7 0.3375 0.3331
5 2.325 2.6488
5 0.2925 0.4978
6 0.5025 0.2164
4 2.4225 2.3787
6 2.8425 2.7975
5 1.2975 1.3493
6 1.245 1.3201
6 0.735 0.6433
7 0.825 0.8017
4 1.8525 1.6903
5 0.5325 0.4546
7 0.36 0.3274
6 1.365 1.3126
5 0.495 0.4398
6 1.9425 1.9124
4 2.46 2.3208
5 2.3325 2.5062
4 1.44 1.4045
4 1.0425 0.6895
4 1.305 0.8483
6 0.015 0.328
7 2.1375 2.1961
7 0.9975 0.9403
5 0.96 1.049
4 0.24 0.4449
7 1.3425 1.3047
7 1.7475 1.7318
4 1.17 1.2406
7 2.61 2.7611
7 2.0175 2.0858
7 0.7275 0.7551
5 1.575 1.4154
6 2.73 2.4303
6 1.56 1.6994
6 1.8075 1.7818
6 0.1875 0.3335
7 1.47 1.3575
6 1.3875 1.3596
5 1.2 1.2199
4 1.26 1.1758
4 1.755 1.5997
5 1.6125 1.6548
4 1.47 1.2953
4 0.495 0.4091
4 1.3275 1.4378
5 2.9025 2.717
6 1.245 1.237
4 0.105 0.4344
6 0.0075 0.2545
4 1.605 1.6467
5 0.15 0.3766
4 0.2775 0.3543
4 0.33 0.3098
7 1.365 1.297
7 2.9775 2.6595
5 1.455 1.4335
5 1.3725 1.4455
4 1.3125 1.323
6 1.5 1.5359
5 1.3425 1.2676
6 2.175 2.1578
7 2.6925 2.5203
6 2.0925 2.1689
7 1.2675 1.2585
5 1.95 1.7526
6 2.73 2.8147
6 0.4575 0.5306
5 0.7125 0.4831
4 1.86 1.8903
4 2.0625 1.8466
6 1.9275 1.9457
7 1.7625 1.7713
6 2.49 2.5955
5 1.44 1.4034
6 2.4225 2.3102
5 2.8875 2.7519
5 1.305 1.4555
4 2.58 2.4959
5 2.1525 2.4745
7 2.6625 2.6491
4 0.135 0.4426
6 2.7375 2.6627
4 2.3025 2.5375
5 2.8875 2.5759
7 2.9475 2.8811
7 0.855 0.8383
4 2.01 2.3087
4 0.4275 0.2924
7 1.785 1.7346
7 2.76 2.7323
4 0.5775 0.4265
7 1.05 1.0115
6 0.24 0.2672
6 0.585 0.2589
5 0.6225 0.325
4 0.285 0.6256
6 2.9925 2.8131
5 2.6625 2.4979
7 1.395 1.3719
6 2.2275 2.1387
5 2.085 2.2506
5 1.5675 1.5728
4 1.2675 1.1916
7 1.995 2.0243
6 1.665 1.641
5 0.795 0.5589
6 1.095 0.9971
6 1.8825 1.9107
5 1.8825 2.1815
5 0.63 0.367
5 1.83 1.9253
5 2.625 2.7068
4 2.6175 2.5588
4 1.9575 2.312
7 0.21 0.2554
5 1.2675 1.2732
5 0.27 0.384
5 0.165 0.2089
5 0.765 0.4634
7 1.3725 1.3303
5 2.28 2.5403
4 1.89 1.9528
5 0.8475 0.8234
5 2.085 2.1666
6 1.5225 1.4581
6 1.5225 1.6045
4 0.7875 0.5393
6 1.3275 1.2762
5 1.0275 1.0789
6 2.1825 2.0011
5 1.4475 1.5214
7 1.3425 1.4271
5 1.4325 1.2556
6 1.44 1.4936
4 2.07 2.3026
6 2.16 2.2717
7 2.4 2.4022
5 1.215 1.1677
5 2.3775 2.6543
5 2.895 2.6984
5 2.9775 2.7017
5 2.16 2.0044
5 0.195 0.2945
5 2.5425 2.3775
5 2.5125 2.601
4 0.0525 0.4079
4 0.9825 0.9958
4 0.9675 0.8991
7 2.22 2.2145
7 1.83 1.8774
6 0.8475 0.9419
5 0.5625 0.3385
6 0.5025 0.297
5 0.285 0.2615
7 2.37 2.4718
5 2.805 2.2359
5 0.66 0.652
6 2.235 2.272
5 2.85 2.7269
6 0.5775 0.4369
7 1.7175 1.7664
5 1.32 1.4149
5 2.925 2.6015
7 2.61 2.6931
7 0.045 0.2273
4 0.6075 0.4087
4 2.5425 2.5179
7 1.725 1.6638
7 1.5675 1.6112
5 2.43 2.3929
4 2.295 2.2345
5 2.865 2.3994
5 0.9825 0.7817
6 0.1425 0.2888
6 2.0775 2.3294
7 0.15 0.1845
6 1.695 1.6826
7 2.58 2.499
4 1.1925 0.9386
5 1.8 1.7763
4 0.5175 0.3481
5 0.4725 0.4292
5 1.815 1.7682
4 2.595 2.4316
5 2.9925 2.6159
5 0.09 0.3441
7 2.76 2.6447
6 1.53 1.5643
4 1.05 0.5708
7 1.1925 1.217
6 1.7325 1.7536
5 1.0425 1.0247
4 0.435 0.6391
4 2.595 2.5236
4 2.1225 1.7418
5 1.83 1.8612
6 2.1675 2.1103
6 2.955 2.8197
7 0.525 0.2179
4 2.475 2.6104
5 2.4675 2.7409
4 1.0275 0.6682
7 1.68 1.6003
7 1.3725 1.3863
4 0.585 0.5335
6 1.2975 1.4279
5 0.4575 0.3984
4 2.7975 2.3197
5 0.5625 0.3142
6 1.905 1.9232
4 1.71 1.7423
7 2.925 2.7079
5 2.3775 2.5746
5 1.08 1.159
6 1.125 1.2309
5 0.15 0.6861
4 0.1575 0.383
4 0.93 1.0125
6 2.85 2.7901
6 0.15 0.2568
6 0.5325 0.3374
6 1.905 1.8563
4 1.08 0.4338
5 0.555 0.3637
4 2.8425 2.6602
7 0.1275 0.1937
5 1.7925 1.708
6 1.29 1.2665
5 1.035 0.8974
5 0.585 0.628
6 0.4875 0.4209
7 1.215 1.2367
7 2.2575 2.3131
4 1.4025 1.5919
5 2.3325 2.2362
4 2.6325 2.5187
4 0.5175 0.5228
7 2.64 1.1162
5 1.7475 1.7387
7 1.26 1.2137
7 1.5375 1.552
5 2.67 2.6461
4 1.1775 1.1476
6 0.285 0.2856
7 2.88 2.7684
4 0.3525 0.3822
7 0.3225 0.1923
4 2.1675 2.2538
5 0.93 0.438
5 0.87 0.8661
6 1.95 2.0299
5 2.6775 2.5972
4 1.035 0.9571
4 2.7225 2.5339
4 1.86 1.7167
5 1.8225 1.8455
6 1.5975 1.5707
5 0.0375 0.2559
7 0.4725 0.4706
5 2.0325 2.1357
6 2.0775 2.1502
7 0.2925 0.2859
6 1.9125 1.8199
7 1.425 1.4031
7 1.7325 1.7062
6 1.2 1.099
6 0.6525 0.6344
5 1.065 0.9932
5 2.91 2.6476
6 0.5625 0.4661
6 2.5875 2.6517
5 1.59 1.6899
5 0.225 0.3437
6 2.43 2.4288
6 0.0525 0.2813
5 2.5125 2.2854
5 1.0125 0.9609
7 2.7525 2.7512
6 2.1825 2.1919
4 1.0725 0.9671
6 1.875 1.9244
6 2.9625 2.6723
7 0.51 0.51
5 0.615 0.4633
4 0.87 0.4118
7 2.46 2.4943
4 0.7425 0.2883
6 0.7425 2.2447
5 1.845 1.7878
7 1.755 1.8219
7 1.2525 1.2411
7 1.65 1.7181
4 0.09 0.6285
6 0.015 0.2636
5 0.0825 0.3156
6 0.165 0.4004
6 2.31 2.2728
7 2.94 2.7984
7 0.375 0.4474
7 1.155 1.248
4 0.045 0.3225
7 1.305 1.359
6 1.9875 2.0072
5 1.875 1.8825
6 2.7075 2.521
7 1.6575 1.7159
4 0.1575 0.4072
6 1.1325 1.2385
6 1.38 1.3816
7 1.005 1.0753
4 0.105 0.5857
4 1.8825 1.9546
6 1.47 1.5411
4 2.13 1.9592
5 1.095 1.1136
5 0.21 0.5944
7 0.795 0.7819
7 0.525 0.4095
7 1.38 1.2721
4 0.4575 0.5211
7 0.2325 0.251
5 1.575 1.5885
4 0.42 0.5253
6 0.315 0.2893
6 0.36 0.2176
7 2.115 2.2234
4 2.4225 2.0947
7 2.43 2.5499
6 1.725 1.7248
7 1.905 1.8831
6 2.2575 2.1779
6 1.2825 1.3637
7 1.53 1.4931
4 2.1375 2.5236
7 1.905 1.8346
5 1.83 1.8488
6 1.9425 2.0317
5 1.605 1.6151
7 0.645 0.6057
7 0.915 0.9424
4 2.0775 2.561
4 1.26 1.3043
6 2.5725 2.5611
6 1.125 1.1387
4 2.01 2.5449
4 0.345 0.5706
5 0.9 1.0312
4 2.55 2.4614
6 0.525 0.2281
6 1.875 1.7194
5 0.0825 0.3491
6 1.83 1.7723
4 1.3575 1.5299
7 2.7 2.4894
5 2.475 2.1117
6 2.3175 2.4255
6 1.0125 1.081
7 2.01 2.0197
6 0.465 0.5412
6 1.47 1.4295
5 1.17 0.7929
6 1.41 1.4443
6 0.825 0.7387
5 0.6375 0.5506
7 1.56 1.551
7 1.9575 1.915
6 1.6875 1.8147
6 2.8575 2.7901
5 1.6725 1.687
6 0.45 0.3617
7 1.9275 1.8485
5 0.9525 1.0564
5 2.8125 2.283
5 0.39 0.3047
7 1.3725 1.358
4 2.0175 2.5483
6 2.91 2.55
7 1.5675 1.6138
6 1.14 1.1766
4 2.3325 2.6883
6 2.3625 2.3507
6 2.7375 2.6866
5 2.1675 2.4279
7 0.3825 0.1676
4 2.9775 2.466
6 2.79 2.4885
4 1.305 1.3397
6 1.98 1.9384
5 2.505 2.4873
6 2.7525 2.6457
4 2.1675 2.7048
5 0.27 0.3057
5 0.2025 0.565
5 1.1025 0.9887
6 1.365 1.3198
7 0.9375 1.0001
6 2.25 2.2993
4 2.2875 2.5806
5 1.2 1.2206
5 2.0925 1.9699
6 0.5775 0.4507
4 2.8575 2.4616
4 0.7275 0.9885
5 0.465 0.6945
7 1.1475 1.1324
4 2.5875 1.8213
4 1.7925 1.6997
5 2.055 2.1954
4 2.4525 2.5913
7 1.155 1.1753
4 2.88 2.6333
7 2.9625 2.7233
6 1.605 1.5489
7 2.25 2.2111
4 2.565 2.6389
7 1.7775 1.8467
5 0.39 0.4386
7 1.9725 1.9166
4 1.365 1.5248
7 2.565 2.4141
6 0.63 0.7667
7 0.0375 0.241
5 0.54 0.4237
4 0.51 0.9883
6 1.155 1.0723
7 0.6225 0.4013
6 1.005 1.0139
6 1.77 1.6873
5 0.465 0.4449
4 1.455 1.4493
7 1.065 1.1082
5 0.015 0.3145
4 2.025 1.6677
7 1.5075 1.5619
5 2.325 2.5796
6 2.6325 2.6699
7 0.1425 0.2542
5 2.145 2.4386
4 1.38 1.3688
7 2.625 2.8319
7 0.345 0.2333
7 2.52 2.4181
4 1.29 1.2609
4 0.2775 0.3245
5 1.3875 1.2893
5 2.6325 2.649
4 0.2175 0.3037
6 1.1325 0.9893
7 0.24 0.2374
5 0.0225 0.3604
5 2.4825 2.0673
7 1.65 1.7248
5 1.71 1.7008
6 2.7 2.7226
6 0.255 0.3227
5 2.835 2.5127
5 2.2575 2.524
4 2.55 2.2076
5 2.445 2.6374
4 1.185 0.7899
7 0.0675 0.1716
5 2.9925 2.5805
7 1.8975 1.8092
5 2.1375 1.9671
6 2.085 2.0358
5 0.9 0.4621
7 1.9725 1.9491
7 1.35 1.4382
5 0.6825 0.36
5 1.5 1.5349
4 1.4025 1.3192
5 0.9075 0.8806
7 2.25 2.3871
5 2.73 2.5555
7 1.7925 1.8714
6 0.0675 0.3564
6 1.635 1.6754
5 1.89 1.8753
7 2.445 2.5983
7 0.9075 0.9546
5 0.705 0.7885
6 1.1175 1.0745
7 0.48 0.2439
4 2.34 2.4044
5 0.0825 0.2744
7 1.695 1.753
4 2.4975 2.6424
6 0.0975 0.2675
5 0.495 0.338
4 2.9775 2.5981
6 0.9225 1.0478
4 2.3025 2.5976
4 0.0825 0.4441
5 1.4025 1.4705
4 0.1275 0.3351
7 0.735 0.7575
6 0.0525 0.2798
5 2.04 2.1699
4 1.365 0.4373
5 1.0575 1.0357
6 1.26 1.2969
7 2.04 2.0235
4 0.78 0.6783
4 0.465 0.4608
6 0.1275 0.2672
7 1.965 1.7854
4 1.995 2.1759
6 0.72 0.5356
7 1.545 1.5243
5 2.91 2.5904
6 1.4175 1.4206
5 2.295 2.6153
4 1.05 1.0419
7 1.6575 1.6154
7 2.3325 2.1119
5 2.0925 2.5893
5 1.7925 1.729
5 0.885 0.4238
5 0.1725 0.4383
5 1.4475 1.2091
4 2.1675 2.5186
4 1.08 1.2726
5 2.1825 2.3849
5 1.41 1.4809
4 0.21 0.7615
5 1.74 0.0483
7 1.65 1.6828
4 0.9675 0.787
4 0.6 0.4671
7 2.955 2.7687
6 1.755 1.762
7 2.175 2.1864
4 0.1275 0.4619
7 2.1975 2.2432
7 0.4875 0.2281
4 1.4475 1.5187
5 1.1775 1.1452
7 1.17 1.207
7 2.37 2.3802
6 0.6075 0.5487
6 2.835 2.7071
7 2.55 2.6056
5 1.4775 1.5181
5 2.625 2.7184
6 1.65 1.6674
7 2.7525 2.7302
4 1.4625 1.3852
5 2.9325 2.648
6 2.235 2.1559
7 1.9725 1.8166
6 2.985 2.7102
4 2.085 1.9662
5 0.735 0.3819
5 1.9425 2.0175
7 0.51 0.6618
4 1.215 1.1161
7 2.1075 1.9939
6 0.57 0.5913
7 1.2675 1.3113
6 0.69 0.5289
6 1.245 1.2881
6 0.6975 0.3019
4 2.1075 2.5574
4 2.505 2.5814
6 1.44 1.4123
4 2.1375 2.4769
5 2.265 2.2552
4 2.4225 2.4648
6 2.4075 2.5897
7 1.9725 1.9642
5 2.2125 2.2996
6 2.19 2.3396
6 1.5675 1.4985
6 2.385 2.57
4 0.57 0.6621
4 2.16 1.6704
6 1.9125 1.9466
7 1.62 1.6533
6 1.815 1.8
6 2.7525 2.6361
4 2.37 2.1856
5 2.07 1.8528
7 2.7 2.7911
7 2.6175 2.7467
5 0.9825 0.7163
6 2.58 2.5811
5 2.655 2.5951
7 1.7475 1.839
6 2.775 2.5979
7 0.525 0.4141
4 2.4075 2.2784
7 0.7275 0.6823
4 1.2 1.2663
4 1.5225 1.5712
6 1.2675 1.2036
7 1.5525 1.5459
4 0.2775 0.7186
5 0.18 0.4084
5 2.175 2.2132
6 0.81 0.8926
6 0.8325 0.8578
7 2.1 2.1484
5 2.2725 2.29
7 1.605 1.6873
6 2.4525 2.7087
4 1.05 0.6074
7 2.67 2.6998
5 1.9125 1.9922
6 2.5425 2.5014
6 2.445 2.7106
5 2.1 2.545
4 2.775 2.343
5 2.265 2.5585
4 1.35 1.2246
4 0.3525 0.2888
7 1.2075 1.3883
4 1.845 2.3036
4 0.0675 0.367
5 1.7925 1.6928
5 1.2225 1.1977
4 1.425 1.4698
4 0.195 0.4696
4 0.2325 0.4829
7 1.9425 1.9343
6 0.81 0.8224
7 0.465 0.6249
5 2.6025 2.2741
6 0.1725 0.2985
7 2.1075 2.1782
5 2.4675 2.7226
6 2.6925 2.6649
7 1.98 1.9328
6 0.1575 0.2338
6 1.3125 1.3675
4 2.625 2.6097
7 1.23 1.2645
6 1.605 1.636
6 2.2275 2.188
6 1.7325 1.7664
4 1.08 0.6585
4 1.7775 1.5273
6 1.395 1.4163
6 0.9975 1.13
6 0.21 0.1764
6 0.78 0.715
7 2.985 2.8284
7 0.8775 0.8405
5 1.0425 0.9658
5 2.94 2.4538
4 0.3075 0.3304
5 0.7575 0.5811
4 1.1325 0.7989
4 1.395 1.1391
5 1.215 1.3026
4 0.825 0.3854
4 0.45 0.6095
4 1.665 1.6467
5 0.51 0.3305
5 0.0075 0.4729
6 2.28 2.2173
6 2.2875 2.5072
5 1.08 0.9389
4 2.6475 2.0061
5 0.48 0.34
4 2.7 2.6501
4 2.0475 2.6028
5 2.01 2.471
5 0.15 0.5547
7 2.2875 2.2693
6 0.51 0.2718
6 1.605 1.5293
6 1.65 1.663
6 0.18 0.3444
4 0.885 0.4358
6 2.76 2.8388
7 2.28 2.2352
5 0.9225 0.7721
6 2.9325 2.6644
5 0.2175 0.6015
7 1.9575 1.8319
4 2.4075 2.5456
5 2.5425 2.4762
6 1.9425 1.9141
5 2.22 2.2103
5 0.7425 0.3203
7 2.3475 2.3236
6 2.04 2.1304
6 1.725 1.6551
7 0.8025 0.7078
6 2.0175 1.9822
7 0.15 0.2044
6 1.5075 1.4688
5 1.9725 1.9741
4 1.0125 1.0794
6 1.8 1.7466
5 0.165 0.5126
7 1.005 1.02
5 1.47 1.565
7 2.4825 2.458
6 1.6125 1.6196
7 2.79 2.758
5 1.1175 0.9583
6 2.6775 2.6066
7 1.7475 1.6552
5 1.41 1.3644
5 0.5475 0.31
7 2.4825 2.7264
7 2.385 2.3834
4 1.1625 1.0151
4 0.9675 0.9924
4 0.825 0.9079
6 1.02 1.0152
7 0.27 0.2663
6 2.565 2.6622
4 1.305 1.3602
7 0.5325 0.4531
6 2.0475 2.0145
7 0.525 0.3542
5 2.64 2.4066
4 0.015 0.3344
5 1.6575 1.8067
5 1.92 1.8483
7 1.0275 1.005
6 0.5775 0.3439
4 2.7 2.5426
6 1.7775 1.7057
4 2.085 2.1716
4 0.495 0.3357
7 0.03 0.2269
7 2.7225 2.7215
7 0.5625 0.2976
7 0.165 0.2
7 2.3325 2.3676
6 1.7025 1.7137
5 0.0525 0.3531
5 1.6725 1.7124
6 1.53 1.5305
7 2.7675 2.7991
5 1.77 1.8262
6 0.45 0.4173
6 1.875 1.9025
6 2.4 2.3905
7 2.9025 2.6193
4 0.93 0.9025
6 1.7325 1.5925
7 0.1425 0.242
5 2.865 2.6913
7 0.4275 0.7334
4 1.9575 2.0384
5 2.565 2.6772
4 1.44 1.4064
6 2.9325 2.6718
7 1.2225 1.315
7 1.7025 1.6354
6 2.5575 2.5518
6 0.0525 0.2983
5 2.5875 2.6027
4 2.535 2.3782
4 0.495 0.5771
6 2.0925 2.0847
6 0.825 0.5812
7 0.5775 0.4931
6 1.53 1.6306
5 2.1375 2.6342
5 1.14 1.138
4 1.02 0.8554
6 0.675 0.3409
4 1.725 1.8883
6 1.7475 1.8014
5 2.6025 2.4984
5 2.505 2.6957
5 0.0225 0.3645
7 0.4425 0.3122
7 0.3975 0.2681
7 0.8175 0.7886
6 2.2275 2.3026
5 1.47 1.3851
4 2.19 2.1646
4 2.5275 2.6108
7 1.11 1.183
5 0.0075 0.5273
7 0.6375 0.4428
6 1.8525 1.9653
6 1.7175 1.7107
7 0.615 0.2774
5 2.265 2.5265
6 0.09 0.3485
7 0.465 0.1398
5 1.5525 1.3583
7 1.815 1.8151
7 2.7525 2.8026
5 1.155 1.2669
5 2.4375 2.3779
6 1.4175 1.465
4 0.9075 0.9457
7 2.8575 2.7106
7 1.485 1.488
5 2.1225 2.4524
5 0.8775 0.6613
7 2.655 2.8439
4 1.4325 1.5251
5 0.1425 0.5407
5 0.2025 0.4223
5 1.0575 1.1215
5 1.2825 1.1486
5 0.33 0.2774
7 2.55 2.5671
5 1.6725 1.855
6 2.8425 2.6534
4 1.95 2.49
4 2.4 2.4973
5 0.51 0.5082
4 0.135 0.4761
4 0.6825 0.6997
6 1.26 1.2745
4 0.15 0.5269
7 2.7825 2.7873
5 0.9 0.5028
5 2.3775 2.6535
6 0.135 0.3818
6 2.55 2.6132
6 0.9975 0.8979
5 1.545 1.5211
6 1.83 1.8806
7 1.83 1.794
7 0.885 0.822
4 0.765 0.4613
7 1.1625 1.1741
5 1.665 1.5677
7 0.0 0.4492
4 0.6825 0.4541
7 0.21 0.2291
7 2.4975 2.7098
6 2.1 2.0578
6 2.4975 2.634
5 2.01 1.9797
5 0.105 0.283
7 0.9825 0.9004
5 2.6475 2.392
7 1.4025 1.4083
7 0.9675 0.8579
5 0.4725 0.2559
7 2.7375 2.738
5 0.285 0.4497
4 1.08 0.8401
6 0.945 0.8905
5 1.9125 1.737
6 2.7375 2.7634
5 2.22 2.618
7 2.895 2.7184
4 0.855 0.6023
5 2.235 2.3308
4 2.1375 2.6854
6 0.1575 0.2635
4 1.725 1.7258
5 2.6325 2.7681
5 0.09 0.2971
4 0.6825 0.8692
5 1.605 1.632
6 1.8225 1.9582
7 1.635 1.5958
4 2.6475 2.4771
5 1.14 1.05
7 1.9725 2.0263
5 1.635 1.7062
7 2.4675 2.6499
6 1.17 1.0644
4 2.76 2.5755
6 2.5425 2.788
4 2.1675 2.2725
4 2.745 2.6473
6 1.9875 2.1262
5 0.885 0.3311
7 2.88 2.5858
7 1.0575 1.0415
6 1.0425 1.0424
7 1.8825 1.9124
6 1.5 1.4634
4 2.9925 2.4524
5 1.245 1.2856
5 2.7975 2.6831
6 1.35 1.7235
6 0.675 0.6819
4 1.605 1.3624
4 2.0175 2.0258
5 0.9 0.7377
5 1.7625 1.618
6 1.3125 1.2541
4 0.0675 0.3998
6 0.195 0.188
5 1.14 1.0298
6 2.1 2.1111
7 0.4725 0.238
6 2.8875 2.7309
7 1.0875 1.1285
6 0.3225 0.3514
7 0.5625 0.6083
6 2.76 2.6376
5 2.535 2.8154
6 1.9875 1.937
4 0.1725 0.8704
5 1.9275 1.9241
4 0.0675 0.5811
5 0.705 0.3175
7 0.2025 0.194
6 2.01 2.3717
7 2.46 2.4496
4 0.7875 0.961
5 2.985 2.7228
5 1.6275 1.5821
7 2.55 2.6386
4 0.5925 0.4318
6 2.3925 2.5494
5 1.89 1.8918
5 0.2325 0.3493
7 2.295 2.2008
5 2.295 2.5818
7 1.1325 1.131
7 0.795 0.7016
5 0.225 0.6292
5 1.8075 1.8026
4 0.9 0.6107
4 0.6975 0.4692
4 1.35 1.41
5 0.3825 0.2084
7 1.98 1.9811
4 0.975 0.3576
7 0.885 0.868
7 1.2975 1.2765
5 1.305 1.2805
4 1.305 1.0929
5 0.765 0.9442
4 2.2575 2.6168
6 2.685 2.6882
4 1.695 1.4971
5 2.1675 2.1612
4 2.43 2.4185
7 0.855 0.8201
6 2.61 2.5529
5 1.71 1.638
4 1.905 1.5853
7 1.6575 1.5258
5 2.655 2.6456
6 1.4775 1.5381
4 2.13 2.5151
7 0.78 0.6922
5 0.48 0.347
4 1.62 1.4587
4 2.475 2.555
4 0.435 0.7695
6 2.175 2.2227
4 0.825 0.8337
7 0.3375 0.2084
5 2.43 2.7465
4 0.1725 0.6405
4 1.26 1.1141
5 1.965 2.1892
6 2.1075 0.948
5 2.295 2.5946
5 0.3 0.3925
4 0.39 0.4537
6 0.915 0.6572
6 2.5275 2.5923
7 2.685 2.7319
4 1.2675 1.4545
7 0.8475 0.7904
7 1.845 1.8048
5 1.29 1.2231
7 0.06 0.1539
5 1.8225 1.789
6 2.7825 2.7497
7 1.995 2.0511
6 2.175 2.433
7 0.21 0.2191
7 1.8375 1.8324
4 2.82 2.4424
5 0.8175 0.947
7 0.96 0.9808
5 0.75 0.6719
5 1.7925 1.9957
6 1.035 1.079
7 2.55 2.5709
7 2.0325 1.9986
7 1.635 1.6671
4 2.2875 2.1276
6 0.6225 0.4762
6 0.75 0.4579
4 1.2675 1.1394
5 1.185 1.284
5 1.32 1.1824
5 2.9625 2.6502
4 0.975 0.8373
6 2.5425 2.714
4 2.4975 2.5622
4 0.9525 0.7995
5 1.1775 1.2242
6 0.0675 0.2127
6 2.085 2.0932
6 1.455 1.5975
6 0.51 0.3524
6 2.7075 2.7171
6 1.3425 1.2993
7 0.7275 0.6895
4 1.425 1.1654
6 0.51 0.2681
6 0.72 0.719
6 1.935 1.9536
7 1.965 1.819
6 0.315 0.3464
4 2.205 2.6076
4 2.3175 2.5817
6 1.6125 1.6184
5 1.83 1.7651
4 1.83 2.468
4 2.325 2.2319
5 2.1375 2.6059
4 2.355 2.6318
7 1.5525 1.563
5 1.4025 1.4917
7 0.42 0.6039
7 2.0175 2.0756
4 1.9275 2.0327
5 2.31 2.3246
7 1.9425 2.0213
5 1.485 1.3844
7 0.1725 0.2187
5 1.95 1.8741
7 2.025 2.121
6 0.405 0.1442
7 0.705 0.7808
6 1.3875 1.3322
5 0.3525 0.6949
5 2.985 2.7617
5 0.2175 0.5328
6 2.1 2.1621
7 2.6175 2.596
5 0.18 0.3755
4 1.44 1.6186
4 1.32 1.2934
7 2.9325 2.8075
7 2.88 2.6798
5 1.7475 2.0085
4 2.25 2.3744
4 2.6025 2.408
4 0.3225 0.3656
7 0.33 0.4854
6 1.92 1.9313
7 2.7225 2.8214
6 2.13 2.0526
5 2.7375 2.6052
7 0.495 0.391
5 0.825 0.8091
6 0.57 0.3546
7 1.62 1.611
7 2.8725 2.8799
4 0.6 0.682
4 1.335 1.1678
7 1.4025 1.3313
6 1.6425 1.6535
6 0.9 0.8711
7 1.3425 1.2623
6 0.0 0.1672
6 0.0075 0.2266
6 1.575 1.6277
5 0.315 0.3183
6 1.83 1.7513
6 1.23 1.2945
5 1.2975 1.2973
7 0.8925 0.9263
4 2.5875 2.6644
7 1.035 1.0445
4 2.595 2.5139
7 0.195 0.2663
7 1.8975 1.8782
4 0.555 0.6449
5 2.775 2.6655
7 0.135 0.2208
4 2.4975 2.5444
6 2.3025 2.5685
6 1.1925 1.1084
4 0.195 0.4707
5 2.1225 2.0959
6 2.175 2.156
7 2.3775 2.4779
5 2.04 1.9985
6 2.4675 2.729
7 1.1925 1.2074
6 1.9425 1.957
6 2.7075 2.6202
5 0.8775 0.9244
7 0.6825 0.7152
6 0.9075 0.7464
6 0.0525 0.273
5 2.5275 2.6463
7 0.525 0.4376
5 0.0225 0.3305
7 0.7875 0.8182
5 1.41 1.2688
6 2.7075 2.6777
7 1.05 0.9826
4 2.595 2.6272
5 2.79 2.4824
6 2.9625 2.7599
7 1.755 1.8242
7 1.9725 2.0374
7 1.6575 1.6159
6 2.3625 2.5086
7 2.0625 2.1186
5 0.3075 0.3858
7 1.23 1.0927
7 2.5575 2.7822
4 1.2675 1.1999
5 2.3625 2.2108
4 2.535 2.5739
7 2.3175 2.3136
7 2.1825 2.16
6 0.9975 1.0026
5 1.5075 1.497
5 2.5125 2.5492
5 1.305 1.3554
4 1.725 1.7777
5 0.15 0.2606
6 1.3125 1.4112
6 1.5 1.514
5 0.4725 0.2344
7 1.1625 1.1404
4 0.2325 0.4113
4 2.9025 2.6825
6 0.42 0.2247
5 2.1525 2.1645
7 0.8025 0.6553
5 2.94 2.6013
4 2.58 2.5735
4 1.5975 1.6651
5 0.7275 0.462
7 0.285 0.3721
4 1.2825 1.2176
4 1.005 1.0588
5 0.6375 0.4418
5 2.775 2.5013
6 1.8525 1.9384
7 0.3525 0.1891
6 1.395 1.4605
6 0.9825 0.938
4 2.3775 2.4734
4 1.7175 1.7656
7 0.0525 0.2136
5 1.59 1.4175
6 1.44 1.4393
5 0.78 0.7803
7 1.3125 1.4017
7 0.78 0.6544
5 0.3975 0.251
6 0.8925 0.844
7 2.985 2.8775
7 0.18 0.3933
5 1.7175 1.7308
5 2.46 2.3521
7 2.595 2.6639
6 1.38 1.5507
7 2.1375 2.0924
5 1.425 1.444
5 1.7025 1.8937
4 0.4575 0.3469
4 2.46 2.6159
7 2.4075 2.4783
5 0.8025 0.7131
4 1.8225 1.6892
4 0.6075 1.1158
6 2.37 2.6594
4 0.3975 0.6779
7 0.5925 0.3188
4 1.41 1.3147
4 0.9675 0.4494
5 1.32 1.3395
4 0.3675 0.9602
6 2.115 2.0015
7 0.48 0.6894
7 0.285 0.4287
4 1.62 1.5563
5 2.4825 2.5862
7 1.98 2.1059
7 2.19 2.2954
4 0.78 0.8146
4 1.0875 1.0105
7 1.8 1.8172
7 0.9225 0.979
4 1.1025 0.976
5 2.3175 2.6111
5 0.255 0.8106
6 1.9425 2.02
4 0.885 0.5497
4 0.795 0.5922
4 2.43 2.5258
5 2.4675 2.6921
5 0.195 0.6469
6 0.2775 0.2951
5 1.08 1.0779
6 1.3275 1.3776
4 1.215 1.1856
5 1.935 1.9309
6 1.1175 1.1125
6 0.69 0.5875
7 2.925 2.7591
4 2.985 2.5668
4 2.445 2.4757
5 2.535 2.5378
4 2.94 2.5252
6 2.355 2.5841
7 1.695 1.7203
5 0.15 0.3366
7 0.615 0.5012
6 1.7775 1.8592
6 1.4775 1.4624
6 2.5425 2.6772
4 0.0375 0.7732
4 1.2675 1.251
4 0.2325 0.5049
5 0.84 0.9893
5 1.1325 1.021
6 2.205 2.2104
6 2.265 2.3581
4 2.0925 2.6213
6 1.305 1.2996
6 1.5675 1.6211
5 2.2425 2.4794
4 2.085 2.4055
5 0.57 0.6692
6 2.5875 2.4169
4 2.4375 2.5792
7 2.175 2.1214
7 1.9425 1.944
4 1.6275 1.5961
5 0.5475 0.4997
6 0.225 0.388
6 0.2625 0.2678
7 0.12 0.2102
4 0.675 0.4462
7 2.985 2.7023
5 1.7325 1.662
7 0.0 0.3875
6 2.5125 2.7534
5 0.165 0.4518
7 1.2375 1.2969
4 1.71 1.6879
7 0.825 0.7887
6 2.595 2.7483
7 1.38 1.4104
5 1.845 1.8459
6 2.685 2.5625
7 0.9975 1.0011
5 2.3325 2.5376
6 2.265 2.0828
5 1.605 1.584
6 0.9525 0.8831
6 2.9775 2.5953
5 1.35 1.3069
5 1.275 1.2378
6 1.8525 1.7634
5 0.705 0.5082
7 1.3875 1.3008
4 0.8325 0.6815
6 1.665 1.7617
5 0.42 0.5585
7 0.09 0.1589
6 2.085 1.9565
5 0.735 0.9287
6 0.0375 0.2646
6 0.4575 0.3696
6 2.385 2.6429
6 2.775 2.7358
6 2.88 2.6768
7 1.2 1.2583
4 1.3575 1.1635
4 1.7925 1.8613
6 2.79 2.7129
7 2.235 2.1746
7 2.4975 2.3834
7 0.285 0.306
4 1.635 1.4815
7 2.01 1.9083
7 0.735 0.8522
7 1.155 1.069
6 0.225 0.3123
7 2.2725 2.3773
6 1.6425 1.7204
7 0.36 0.4894
7 2.265 2.2953
6 2.8425 2.5625
4 1.4325 1.5515
5 2.7075 2.7065
4 1.8075 1.4836
6 1.065 0.9798
7 1.395 1.3542
7 2.895 2.6999
5 2.61 2.7776
6 1.2975 1.3212
4 1.77 1.6557
7 1.005 1.0312
5 2.5425 2.6627
6 2.4825 2.704
7 1.0125 0.9197
4 1.05 0.6246
4 2.8425 2.3951
5 1.635 1.6051
5 0.195 0.4526
6 0.42 0.5912
5 2.5875 2.5043
7 2.79 2.6867
6 0.3975 0.2153
6 2.5275 2.6894
7 0.2325 0.3938
7 0.9825 0.9444
6 1.3125 1.2676
7 2.67 2.6762
5 1.3575 1.3116
6 1.14 1.1802
7 1.5525 1.4999
6 0.1875 0.2531
5 1.47 1.5981
5 0.705 0.2658
6 0.4725 0.396
4 0.1725 0.418
6 2.6775 2.8016
6 0.705 0.6117
7 2.025 2.0802
7 1.2 1.2007
6 1.1925 1.2244
4 2.4825 2.4525
5 0.7575 0.6676
6 1.3575 1.3687
4 1.3425 1.3159
5 2.3025 2.1495
5 2.7525 2.4456
6 1.17 1.2097
7 0.135 0.2745
7 0.21 0.2078
6 1.9725 1.9258
7 2.1375 2.1602
7 0.075 0.1317
6 2.925 2.6537
5 1.6425 1.6786
6 0.555 0.4879
7 0.06 0.2236
5 1.1475 1.0894
7 0.5025 0.1558
7 2.745 2.7164
6 0.435 0.4304
6 2.0775 2.0321
5 1.32 1.1663
7 2.775 2.7073
7 1.4475 1.4062
4 1.9425 1.8916
6 2.97 2.4728
5 1.1025 1.0242
7 1.5825 1.5677
6 1.3725 1.4324
6 2.2125 2.4044
7 0.7425 0.7266
6 0.2775 0.3459
5 2.3175 2.7008
7 1.83 1.887
6 1.41 1.5327
4 1.335 1.1605
7 2.58 2.5535
4 0.9225 1.1766
7 0.8175 0.7824
5 2.5275 2.5316
7 0.93 0.9497
4 2.4825 2.6433
5 0.165 0.4007
4 0.9675 1.1638
5 0.9225 0.5974
5 2.535 2.7445
6 1.3275 1.3912
4 2.985 2.6578
6 2.2875 2.7583
6 2.085 2.1086
5 1.035 1.0981
6 1.6125 1.5569
7 1.68 1.6377
4 1.365 1.1121
4 0.33 0.5051
6 0.96 1.0025
6 1.5225 1.5546
7 0.87 0.8092
6 1.6875 1.6144
7 0.84 0.8125
5 2.49 2.6706
4 0.5775 0.5496
6 2.1225 2.1532
4 2.2425 2.2336
4 2.865 2.4485
5 2.3625 2.6125
4 1.56 1.4264
5 0.615 0.7772
4 0.135 0.5421
7 1.71 1.6127
6 2.5125 2.5146
4 1.9275 1.9781
6 1.7325 1.6795
6 2.745 2.7008
7 2.1675 2.0988
5 1.965 1.8762
5 2.64 2.6306
6 1.845 1.8402
6 2.8125 2.7294
6 0.03 0.2877
4 2.2725 2.2593
4 0.81 0.8375
4 2.9325 2.5943
6 2.6775 2.6361
7 2.445 2.6705
5 2.4975 2.6963
6 0.2775 0.429
6 0.015 0.3838
7 1.1925 1.2121
6 0.075 0.1631
7 2.9175 2.7425
4 0.255 0.433
4 0.9975 0.6029
4 0.825 0.6674
7 1.605 1.6854
6 2.4525 2.6702
7 0.2025 0.2576
7 1.2525 1.3231
4 0.3675 0.44
6 1.815 1.8304
5 1.6125 1.6101
7 0.3975 0.5102
4 2.0775 2.3034
5 0.51 0.4364
5 0.4725 0.6603
5 2.3325 2.1443
4 0.3975 0.5202
5 1.8225 1.6788
7 2.1675 2.1868
5 0.3225 0.272
6 2.595 2.1534
6 0.9225 0.9861
5 1.7325 1.7769
4 1.14 1.249
6 2.955 2.722
5 2.685 2.7292
7 1.095 1.1215
6 0.9675 0.8627
4 2.7375 2.377
5 2.6325 2.647
6 2.46 2.7269
7 2.7375 2.6797
7 2.97 2.825
5 0.7275 0.5576
4 2.8275 2.6311
7 1.7175 1.7416
7 1.56 1.5414
7 1.08 1.149
5 2.415 2.6726
4 2.0775 1.9138
4 0.0375 0.3745
7 2.7225 2.5274
5 1.5 1.4425
7 0.72 0.7572
4 1.815 1.7648
4 1.2825 1.1846
6 1.0425 0.8744
5 1.1475 0.9657
6 2.8575 2.3846
7 0.585 0.6099
5 1.5675 1.6612
4 1.3725 1.377
6 0.1725 0.1629
5 1.6275 1.5732
7 1.6875 1.6771
4 2.07 2.4475
4 1.7475 1.8946
7 0.75 0.8833
5 0.315 0.5818
7 2.37 2.2578
7 2.5575 2.6708
5 0.8775 0.8223
7 1.14 1.1484
4 2.3325 2.5894
7 1.4475 1.1161
7 2.295 2.3273
7 2.7225 2.6596
7 1.2825 1.3979
5 2.8725 2.4116
4 0.8175 0.474
5 0.5175 0.4048
4 0.7275 0.3387
7 0.3675 0.2569
4 1.7925 1.7895
6 2.3925 2.6829
6 2.9625 2.5385
7 1.335 1.2953
7 2.4675 2.5742
4 2.04 2.3894
6 1.3275 1.4348
4 0.93 0.8672
4 1.2075 1.0119
6 2.445 2.7774
4 0.8775 0.5427
6 0.6975 0.3176
4 0.6075 0.3216
7 1.0575 1.0103
6 0.4875 0.2466
4 0.8025 0.8228
7 0.045 0.541
5 2.37 2.1223
7 0.96 1.0103
4 0.99 0.6854
5 0.8325 0.6958
4 0.3075 0.336
5 0.9675 1.0669
6 1.395 1.3995
7 2.88 2.8045
4 0.9675 0.5878
4 1.245 1.2497
6 1.2 1.1959
5 1.395 1.5025
4 1.8525 2.2572
5 2.0025 2.0303
6 0.93 0.854
4 1.185 1.1622
4 1.9575 1.661
4 2.295 2.5833
5 0.87 0.578
4 0.0825 0.5642
6 2.9475 2.6678
4 1.785 1.9623
4 1.5675 1.6022
6 1.125 1.0862
6 2.2725 2.2747
6 1.1475 1.1448
4 2.9325 2.5535
4 1.08 1.409
4 2.8275 2.5932
4 0.105 0.365
5 1.1475 0.9452
4 1.35 1.0041
5 1.5 1.4732
7 0.48 0.3823
5 2.16 2.3104
7 0.45 0.4521
6 0.4275 0.2221
7 2.7 2.507
4 1.3125 1.2563
6 2.625 2.6212
5 1.0725 1.2417
5 2.6775 2.7097
7 0.255 0.291
6 2.7525 2.6851
4 2.91 2.7422
7 1.9725 2.0793
6 0.5925 0.6173
6 2.8875 2.7093
5 0.81 0.6991
6 1.7175 1.8175
5 1.41 1.3017
6 2.865 2.6452
4 1.89 1.846
4 2.4225 2.5044
5 1.23 1.2647
5 0.795 0.5319
5 1.005 0.972
5 1.7325 1.7144
5 2.2875 2.5283
7 2.2575 2.2909
7 2.6175 2.4925
7 1.725 1.7344
6 1.6575 1.5581
7 1.2825 1.3144
5 0.885 0.9699
7 2.235 2.3736
6 0.24 0.4967
6 1.9425 2.0833
4 0.5175 0.9091
4 0.15 0.3997
5 1.53 1.636
7 2.1975 2.3056
5 1.53 1.4698
6 2.7075 2.7696
4 2.475 2.505
6 2.145 2.1704
7 2.1525 2.5996
7 2.4825 2.5989
6 1.0725 1.0758
5 2.355 2.3311
5 0.0825 0.3484
6 2.985 2.5931
5 0.525 0.4441
4 1.215 1.1963
6 1.095 1.0872
6 0.885 0.9014
7 0.27 0.2803
6 2.82 2.6787
7 2.82 2.748
7 2.7825 2.5508
7 1.83 1.9089
6 0.51 0.3835
4 1.8975 2.0959
5 2.7075 2.5481
4 0.9975 1.019
4 0.2475 0.5
6 2.0775 2.1631
4 2.355 2.6503
5 1.2675 1.2444
6 1.71 1.6875
6 2.0775 2.198
5 1.5675 1.6413
4 2.655 2.6602
4 0.78 0.5765
6 0.555 0.6767
7 2.1825 2.3534
7 2.6775 2.6216
6 2.88 2.7109
7 0.42 0.4268
5 1.1175 1.0361
6 0.69 0.5238
5 1.6425 1.6533
6 0.8325 0.9794
5 2.0925 2.019
5 1.4325 1.515
5 2.2725 2.3473
5 1.905 2.0339
7 2.79 2.7575
5 1.035 1.0764
6 2.16 2.1593
6 1.71 1.6543
7 1.4775 1.4207
6 0.825 0.669
7 1.155 1.2133
7 2.4225 2.5382
5 2.025 2.1209
7 2.0025 1.9301
5 1.9725 1.8042
7 1.2075 1.2505
5 2.3625 2.396
7 2.2125 2.3154
6 2.61 2.6471
5 2.3475 2.2057
6 1.755 1.7381
6 2.235 2.2127
5 0.225 0.4952
5 2.85 2.5665
5 1.1475 1.098
5 0.51 0.4215
7 0.15 0.069
7 2.0175 1.9421
7 0.6075 0.3512
5 2.22 2.4868
4 0.9825 0.7141
5 1.1925 1.2503
5 1.0875 1.222
4 2.3025 2.3032
5 2.9925 2.4121
7 2.745 2.7495
6 0.225 0.3361
6 0.36 0.3145
5 1.7475 1.681
7 2.4825 2.6216
4 2.4675 2.3106
4 1.965 2.1207
6 2.5575 2.589
6 1.785 1.903
5 1.5225 1.4921
5 0.06 0.2234
5 2.475 2.5407
6 0.555 0.4667
6 1.005 0.9529
7 1.74 1.6217
7 0.8775 0.7892
7 2.85 2.7667
5 2.9625 2.7072
4 0.315 0.468
5 2.4675 2.7702
7 1.0875 1.0813
6 1.0725 1.0464
7 1.095 1.1136
5 2.6475 2.8251
6 0.7875 0.7469
7 2.7 2.6969
6 2.1375 2.1272
5 0.645 0.514
6 0.045 0.3236
4 1.9425 1.8074
5 1.77 1.8806
5 0.5175 0.2784
7 0.315 0.2664
5 2.865 2.4901
5 1.3425 1.3731
6 2.31 2.3071
5 0.06 0.3601
5 0.81 0.9833
6 1.2975 1.2382
5 1.08 1.051
6 1.845 1.9224
7 2.82 2.7749
6 1.5525 1.5381
7 2.7675 2.6979
7 1.6425 1.6146
6 2.355 2.3196
5 0.6375 0.5093
4 1.245 1.3445
6 1.665 1.4864
5 0.2175 0.3564
6 2.3625 2.2586
7 0.615 0.467
6 2.8875 2.7197
5 0.4575 0.1589
4 1.68 2.1541
7 2.82 2.5539
6 1.7475 1.673
6 1.395 1.2996
7 2.4375 2.7243
5 1.4025 1.4249
5 1.65 1.6918
7 2.4525 2.4122
5 0.42 0.5165
5 0.6675 0.7263
5 0.06 0.2966
6 1.905 2.019
4 2.4825 2.2038
4 1.8375 1.8571
7 1.5675 1.5677
6 2.1525 2.1074
5 0.0 0.362
6 0.21 0.2877
5 0.765 0.8764
5 0.735 0.4973
7 0.3525 0.3368
5 2.9925 2.6082
5 1.995 2.1064
5 2.1225 2.4431
4 2.31 2.1782
5 0.06 0.3358
5 0.3225 0.2721
6 0.1425 0.2365
5 2.7975 2.463
7 2.52 2.5928
4 2.2875 2.4526
5 1.5675 1.6215
5 2.88 2.5899
6 2.0475 2.2055
5 0.1575 0.6218
6 1.515 1.6355
7 1.1775 1.176
5 0.6675 0.9495
4 2.9475 0.5378
5 1.3875 1.4488
7 2.31 2.2347
6 0.2775 0.3868
5 0.78 0.3783
5 0.1125 0.3666
7 2.1075 2.1146
6 2.3475 0.3185
5 1.095 1.0301
5 2.67 2.7297
4 1.4625 1.4926
4 1.8375 1.8263
4 0.585 0.4243
4 0.2325 0.4538
5 2.6325 2.6531
4 2.835 2.1682
6 0.4425 0.2556
7 0.465 0.2433
6 1.2225 1.2686
7 2.28 2.418
6 1.4775 1.6036
5 2.8425 2.587
4 1.9575 1.8095
6 1.395 1.2814
6 0.075 0.4366
4 2.265 2.5923
4 1.605 1.3492
5 2.7825 2.591
5 0.5475 0.4814
5 0.6825 0.5297
6 1.815 1.8719
4 1.395 1.3351
4 2.2875 2.2517
7 0.5925 0.5583
7 1.08 1.0174
7 2.1825 2.3009
5 2.5875 2.6992
4 1.605 1.7297
5 2.0625 2.0159
7 0.39 0.4037
4 1.485 1.6192
7 0.075 0.2211
6 0.645 0.7249
6 2.4225 2.646
4 1.2525 1.1391
6 0.5025 0.4717
5 1.26 1.2893
5 1.2075 0.9991
5 2.4825 2.6654
6 0.5925 0.6912
4 1.4025 1.3422
5 2.745 2.5402
7 1.5075 1.4837
6 1.53 1.4571
6 1.38 1.4292
5 0.525 0.3451
4 0.3075 0.3681
4 2.175 2.1125
6 0.6075 0.5535
4 2.7975 2.6815
7 2.73 2.8339
7 1.6125 1.5824
4 0.8025 0.4357
6 2.4225 2.189
4 2.82 2.661
4 2.775 2.6271
6 1.5675 1.6839
5 1.8525 2.0107
7 1.0575 0.9141
4 0.3375 0.5045
7 0.4725 0.4414
5 0.15 0.6285
7 1.8075 1.8307
6 0.42 0.5359
6 2.505 2.6733
7 1.53 1.5136
4 0.675 0.5424
7 1.1775 1.2169
4 1.245 1.4038
5 1.8375 1.7969
5 2.0775 2.577
4 0.42 0.7571
6 1.4775 1.5118
7 2.025 1.901
7 2.7525 2.8533
6 2.4375 2.4645
4 0.0075 0.3812
5 1.815 1.924
4 0.36 0.4695
7 1.6725 1.7469
4 2.91 2.4831
7 0.675 0.6916
5 1.14 1.1073
7 0.8775 1.125
5 1.2675 1.3412
7 0.3525 0.3467
5 0.9375 0.839
4 0.705 0.4374
5 0.24 0.2821
4 0.18 0.3493
5 0.81 0.5721
6 2.145 2.1135
5 0.03 0.2587
7 2.4975 2.7331
6 1.32 1.3919
4 2.355 2.6215
4 0.6075 0.3806
7 2.1675 2.2412
4 0.03 0.5427
5 0.555 0.404
5 2.7975 2.6768
4 1.515 1.5394
6 1.62 1.6759
7 0.825 0.6962
7 0.2025 0.2861
6 0.1725 0.3788
5 0.0225 0.4381
5 2.19 2.2928
4 1.4925 1.8713
4 1.14 0.6926
6 0.825 0.8456
7 2.985 2.783
4 0.2025 0.402
6 0.6225 0.7784
5 1.1775 1.0484
4 2.025 2.4584
6 2.1375 2.3049
4 2.9175 2.4351
7 1.7175 1.6457
6 1.0575 0.9872
5 2.07 2.0447
4 1.1475 1.1594
7 1.335 1.2558
6 2.355 2.4657
4 2.55 2.5267
6 1.815 1.8075
4 0.375 0.3356
6 1.92 1.7959
7 2.4 2.5788
6 2.4225 2.7325
4 1.3125 1.3417
4 1.56 1.7194
7 1.1175 1.1179
5 0.0 0.2827
7 1.44 1.4576
4 1.2375 1.1113
7 0.765 0.7758
5 2.1075 2.6791
5 0.645 0.6049
6 1.95 1.9633
4 0.15 0.3745
6 1.59 1.5426
5 0.915 1.0818
5 2.865 2.371
4 1.0275 1.0837
5 1.38 1.3949
4 0.375 0.4824
6 2.61 2.6099
7 1.17 1.1387
6 1.8075 1.8545
7 2.34 2.3376
4 1.1925 1.2814
5 0.0375 0.3305
5 2.5275 2.3326
7 0.6225 0.4048
7 2.9625 2.7726
6 0.51 0.695
7 0.3075 0.2016
4 1.9125 1.9465
7 0.225 0.2002
6 1.5 1.446
7 2.61 2.7538
7 2.955 2.8244
7 0.6 0.2926
7 2.6325 2.7742
5 2.8725 2.344
5 1.3725 1.4942
6 1.32 1.2451
6 0.5325 0.4523
6 0.8325 1.0016
4 1.8225 1.9832
4 1.215 1.3944
5 2.865 2.6054
6 1.17 1.2284
6 0.4875 0.2607
4 0.8475 0.4125
7 2.91 2.7671
6 0.315 0.1655
7 0.7275 0.6969
7 1.98 1.9541
5 2.4525 2.2701
5 0.705 0.3942
7 0.4725 0.4449
4 1.3275 1.1402
6 0.9825 1.1108
4 1.2225 1.0955
5 0.9225 0.665
7 1.725 1.8045
7 1.35 1.3675
5 0.42 0.3562
7 1.0875 1.1044
7 1.7175 1.7351
5 1.3275 1.2099
7 1.4625 1.4908
7 1.98 2.0487
4 2.8125 2.64
5 2.205 2.4673
7 0.8775 0.7122
5 1.8225 1.7223
6 1.8675 1.8444
4 0.4425 0.399
4 2.205 2.6074
4 2.67 2.6349
7 2.6325 2.8144
5 2.2275 2.4611
7 2.0775 2.0564
5 1.7925 1.6192
6 0.495 0.4973
7 1.98 1.9866
4 0.12 0.3339
7 0.4125 0.282
6 0.225 0.2237
4 0.915 0.9223
4 0.5925 0.4906
5 2.4825 2.6333
6 1.6725 1.5787
4 0.7125 0.7037
5 1.215 1.1808
5 2.5125 2.6874
7 2.6325 2.7711
7 2.2875 2.367
6 1.3425 1.3294
7 0.99 1.0253
4 2.73 2.6008
5 2.8575 2.7187
6 2.25 2.1744
6 1.3725 1.4205
4 2.16 2.2114
5 1.0275 0.8278
6 0.5325 0.299
6 0.5475 0.4587
7 1.3575 1.3299
5 2.9625 2.8103
5 1.7025 1.6537
4 2.3925 2.6985
7 2.52 2.671
5 2.9475 2.7274
7 2.8125 2.5758
7 0.4575 0.3879
4 0.9225 0.5321
4 0.405 0.4796
7 1.86 1.8578
4 2.775 2.6595
5 1.2825 1.2559
6 2.985 2.5484
7 0.8175 0.7977
7 2.01 2.0779
4 1.1625 0.8891
5 1.59 1.6463
7 2.6925 2.6872
4 2.2875 2.4966
7 0.21 0.2544
4 2.34 2.3955
7 2.7225 2.8865
7 2.2125 2.1003
6 2.19 2.1722
7 2.79 2.7329
4 1.815 1.5642
5 2.58 2.5457
4 0.315 0.4296
4 0.285 0.8797
5 0.5775 0.2342
6 0.5475 0.2547
7 2.595 2.803
4 2.445 2.3739
6 0.2025 1.892
4 2.8125 2.5828
4 2.1375 2.0431
4 0.975 0.6015
6 2.535 2.6615
4 1.68 1.6454
5 0.6675 0.8486
6 1.02 1.0578
5 1.515 1.3129
5 1.02 0.9964
7 2.3175 2.2098
6 1.905 1.9262
7 0.825 0.8798
7 2.985 2.744
6 0.825 0.9026
5 1.1025 1.0388
6 1.5075 1.5163
6 2.5275 2.6325
7 2.3325 2.3909
7 2.1075 2.2891
4 1.605 1.7658
6 1.0725 1.0138
7 0.705 0.6881
6 0.9 0.8048
4 1.6425 1.469
6 0.12 0.3023
6 2.295 2.6949
7 2.4225 2.6281
7 0.7875 0.7662
5 1.3725 1.4134
7 2.8875 2.7903
5 0.525 0.3885
6 1.215 1.1237
6 1.0875 1.1457
6 1.74 1.7602
5 2.8725 2.5973
5 0.6825 0.7137
4 1.5075 1.4314
5 2.775 2.6951
6 1.86 1.7968
4 1.14 0.7791
6 0.4575 0.4086
5 0.69 1.0218
5 1.935 1.9549
7 2.0925 2.1482
6 1.71 1.7523
6 2.2875 2.3573
4 0.0675 0.4985
4 2.1525 2.1654
6 2.76 2.653
4 1.74 1.7724
7 1.275 1.2586
7 0.0375 0.2438
4 0.66 0.6402
7 0.9975 0.9778
7 0.48 0.2755
4 2.6475 2.5236
5 2.82 2.3081
5 0.585 0.4133
4 2.6025 2.6524
6 0.15 0.6008
6 2.295 2.5129
5 2.4825 2.7239
6 1.2375 1.128
4 2.3175 2.4905
4 0.975 0.5345
4 1.3875 1.4904
5 1.1025 1.017
5 2.6325 2.6876
7 1.9575 1.862
6 2.4675 2.6229
7 2.9925 2.7252
7 1.17 1.155
5 1.7925 1.7092
6 2.0775 2.0463
5 2.2275 2.0032
4 0.5625 0.507
6 0.3375 0.218
5 1.545 1.5317
4 1.455 1.4885
7 2.0475 2.0925
4 0.69 0.3351
7 2.265 2.0728
4 1.2075 1.0858
5 0.06 0.3771
4 1.59 1.7087
7 0.93 0.9598
4 0.2475 0.415
7 2.1075 2.1057
4 2.7825 2.4381
5 0.4725 0.3509
7 1.4325 1.3334
5 0.18 0.3198
4 1.41 1.3904
7 0.1275 0.1966
4 1.455 2.2042
4 0.585 0.4911
5 0.84 0.4775
5 0.5775 0.4157
6 2.6775 2.6259
4 1.5225 1.4858
4 1.44 1.3209
5 1.5 1.3736
7 2.6925 2.7544
4 0.6675 0.4749
4 0.6075 0.7607
5 0.5625 0.3035
6 2.505 2.7803
6 1.71 1.5943
5 0.495 0.4257
6 0.1275 0.4812
5 0.225 0.4346
5 2.0325 2.0997
4 2.52 2.2485
5 0.825 0.5613
4 0.7875 0.6676
6 2.22 2.1727
7 1.6275 1.6252
7 2.355 2.2002
4 0.9975 0.5078
6 2.4 2.5177
4 0.6075 0.7108
5 1.5375 1.491
5 2.745 2.7316
7 1.725 1.7422
4 1.185 1.3544
5 1.485 1.7293
6 2.805 2.7044
7 0.7125 0.6204
5 2.9775 2.6661
4 1.9575 1.9294
4 0.405 0.3121
5 0.7275 0.4901
7 0.81 0.8165
7 0.4425 0.325
5 0.2325 0.5571
4 0.3225 0.4166
6 1.2 1.3071
6 1.05 1.102
6 1.2375 1.2916
5 0.1875 0.4677
7 2.22 2.3288
6 1.4025 1.4058
5 0.0375 0.4349
6 1.26 1.1734
5 1.725 1.7252
6 0.5025 0.4272
4 2.805 2.5109
5 0.135 0.3085
5 0.735 0.3062
7 0.69 0.6486
6 1.5225 1.4592
4 0.0675 0.419
7 0.345 0.2892
5 0.6225 0.4799
4 0.6225 0.4478
4 1.7175 1.6339
7 2.7075 2.6912
5 0.6675 0.5306
6 1.5375 1.4978
5 2.34 2.1832
4 2.0625 2.1922
4 1.3275 1.2064
6 0.8025 0.6969
5 0.795 0.6935
7 2.745 2.828
4 1.6425 1.4267
6 0.6375 0.7093
5 2.19 2.262
6 1.0275 0.8357
5 0.24 0.2638
6 0.4425 0.2916
5 1.6125 1.4823
4 0.5325 0.5843
6 2.4825 2.4936
7 1.0575 0.9503
4 1.23 1.1707
5 0.615 0.2059
6 2.9925 2.6247
7 0.9075 0.7994
7 2.0325 2.0959
4 2.595 2.6519
6 1.455 1.3923
5 1.3275 1.3305
6 0.255 0.3469
6 1.41 1.4181
4 2.2875 2.1435
5 0.42 0.3989
7 0.615 0.4385
4 2.7525 2.2641
7 2.25 2.3871
6 0.705 0.5751
4 1.6575 1.6642
4 2.4075 2.3643
7 2.9625 1.0085
4 1.86 1.9389
5 2.6475 2.4553
6 2.265 2.4895
6 1.9875 2.0416
4 1.89 1.9705
6 1.89 1.9421
6 0.7725 0.7265
6 1.08 1.1716
6 0.39 0.2214
6 1.395 1.3123
7 2.9025 2.7
7 0.9975 0.9768
6 2.055 2.1095
5 0.3225 0.2852
5 1.9275 1.9343
4 0.795 0.471
5 1.275 1.2524
5 2.085 2.3313
4 1.5975 1.6501
5 0.72 0.6267
6 0.5175 0.4923
7 1.0425 1.0673
7 0.3825 0.6686
7 1.77 1.7058
6 0.3825 0.4228
5 2.6025 2.7027
4 0.225 0.888
6 0.12 0.2506
7 2.835 2.8006
6 1.77 1.7619
4 2.6925 2.5467
4 2.775 2.5148
4 1.0875 0.5943
5 0.9675 1.0951
7 0.945 1.006
6 2.16 2.3123
6 0.0675 0.7324
6 0.765 0.726
7 1.2825 1.2831
6 2.52 2.4834
5 1.4625 1.629
7 0.5775 0.5409
7 1.7925 1.7106
5 2.055 2.4194
5 0.1125 0.2934
4 2.88 2.6059
4 2.3325 2.4656
4 2.7225 2.5533
4 0.3225 0.3922
4 1.665 1.591
7 1.2225 1.2223
5 1.695 1.6139
5 1.0125 0.9731
5 1.905 1.8074
7 1.935 1.894
7 0.015 0.1855
4 1.9125 2.2958
7 2.76 2.7109
7 2.82 2.7975
6 1.29 1.1884
5 2.55 2.4935
6 1.1025 1.1513
7 2.0025 1.944
6 2.0025 1.9551
6 2.415 2.7415
6 2.6775 2.5515
5 2.9625 2.4991
6 0.36 0.3595
5 2.3775 2.535
4 2.5125 2.567
6 2.3025 2.1757
7 1.425 1.3981
6 0.0975 0.2591
5 1.395 1.3293
6 1.4175 1.4255
7 1.4925 1.5481
5 1.7625 1.7865
7 0.855 0.9283
7 0.135 0.148
5 0.465 0.4021
6 2.9775 2.7494
5 1.62 1.6813
5 2.7 2.6932
4 2.0325 2.2401
5 0.8775 0.5087
4 0.03 0.3432
7 2.9175 2.8175
4 2.88 2.6742
4 1.26 1.3885
6 1.8 1.7802
7 2.0175 1.9228
7 2.1225 2.0821
4 1.6575 1.7453
7 2.5425 2.6405
7 0.09 0.1935
7 0.6225 0.6142
6 1.47 1.6776
7 0.45 0.413
4 1.3275 2.7093
7 0.915 0.8137
6 0.9 0.7856
7 1.5675 1.5589
7 2.55 2.568
5 0.8925 0.6802
5 1.26 1.2845
4 0.81 0.5998
6 0.555 0.422
4 2.3025 2.5153
7 2.7225 2.8463
6 0.7725 0.7385
6 0.9225 0.9053
7 0.3075 0.1887
5 1.665 1.5303
6 2.1675 2.1974
4 0.6975 0.6
4 1.605 1.8303
4 0.15 0.5522
6 0.9525 0.8461
6 0.135 0.6829
4 2.91 2.6339
6 2.55 2.8721
7 2.25 2.3608
6 2.0175 2.0303
6 0.8025 0.7251
7 0.4875 0.4403
6 1.92 1.959
4 1.0725 0.8192
4 2.295 2.2883
7 1.83 1.8758
4 0.8925 0.752
5 0.84 0.4608
4 0.42 0.4131
4 2.7825 2.1418
7 2.1675 2.2016
4 0.3975 0.3014
4 1.0875 1.0879
7 1.53 1.6239
6 2.7675 2.6584
4 0.12 0.4051
6 2.4975 2.5409
4 2.2575 2.6029
5 2.49 2.6048
7 2.0625 2.081
6 1.635 1.5571
4 0.3975 0.3993
4 0.165 0.389
6 1.845 1.9336
7 0.9 0.8009
6 1.98 1.9309
6 0.6375 0.6118
6 1.3125 1.3006
7 1.3125 1.4073
7 0.2625 0.2724
7 0.795 0.5652
5 0.765 0.6518
6 2.28 2.3305
7 2.28 2.1979
4 1.65 1.8617
5 2.985 2.6905
4 2.5275 2.6222
6 1.245 1.2876
6 0.81 0.5756
4 0.555 0.4604
7 1.8975 1.8119
6 0.4125 0.3471
6 1.245 0.9763
5 0.6975 0.4089
6 1.1325 1.0419
6 1.8825 1.7832
7 1.2375 1.2539
7 2.0325 1.9672
5 0.63 0.5076
5 1.1025 1.0962
5 1.3875 1.4452
5 2.2425 2.29
4 1.485 1.3323
4 1.455 1.5165
4 1.6875 1.5535
5 2.1975 2.2428
6 0.6675 0.38
7 0.57 0.431
5 1.29 1.2319
5 1.9425 1.8771
5 0.7725 0.8841
6 0.8625 1.0425
5 2.9775 2.7014
6 2.4 2.5196
7 1.785 1.7818
7 0.5025 0.3096
6 2.1 2.0403
4 0.63 0.5196
4 1.0425 1.052
4 2.505 2.1266
5 0.3675 0.2974
7 2.52 2.6473
7 2.4075 2.3677
7 1.89 1.9567
6 2.685 2.69
5 1.305 1.3282
4 2.6925 2.2893
7 2.01 1.9831
5 2.565 2.5624
7 1.59 1.6178
6 1.035 1.0909
4 2.8275 2.5637
7 0.5025 0.2002
5 0.5925 0.4935
7 0.42 0.3052
6 1.9275 1.9373
5 1.7175 1.8292
4 2.6025 2.6071
6 2.925 2.7158
7 0.3675 0.4371
6 2.0775 2.0972
5 1.6575 1.6442
7 0.8775 0.909
7 1.4025 1.2621
6 1.7025 1.7782
4 1.515 1.6436
6 1.53 1.6785
6 0.7725 0.6804
7 1.785 1.8333
4 0.93 0.5704
7 0.2925 0.2275
4 0.7725 1.0236
7 1.17 1.15
6 0.1725 0.4641
5 1.74 1.8449
5 1.8525 1.707
5 0.1875 0.5917
4 0.4275 0.4353
4 2.235 2.1601
7 1.0425 1.0197
7 1.965 1.8673
4 2.625 2.7204
5 1.0275 0.9764
4 0.54 0.5115
7 2.97 2.7291
6 1.0125 0.7993
6 0.15 0.3017
5 0.45 0.4323
6 2.6175 2.5
4 0.7725 0.419
6 0.87 0.787
6 1.785 1.7714
6 0.6975 0.5045
7 0.9675 0.8672
7 1.89 1.8072
4 0.2325 0.5187
5 0.615 0.581
6 1.8075 1.8413
5 0.105 0.3436
5 1.0275 1.1731
6 1.425 1.3878
4 1.365 1.6434
6 1.3125 1.2849
7 1.8225 1.9848
5 2.0025 1.8582
6 2.1 2.1504
5 2.6775 2.8222
4 0.57 0.4555
7 2.94 2.816
6 2.16 2.2222
7 2.5425 2.4356
7 0.4575 0.2075
7 0.705 0.736
4 0.5625 0.9755
6 1.26 1.3029
5 2.4675 2.3136
5 2.07 1.9156
6 1.4175 1.3858
4 0.54 0.3473
4 1.9875 1.9931
5 0.2475 0.6375
6 1.0875 1.1116
5 0.2775 0.2785
6 2.9925 2.7211
7 0.39 0.3233
7 1.7025 1.7024
4 1.5 1.5307
7 2.625 2.7666
6 2.34 2.2183
7 1.875 1.7674
7 0.1575 0.1892
7 0.5025 0.3886
4 2.385 2.4868
7 0.2775 1.1396
4 1.005 1.0651
5 1.08 1.1241
4 1.1625 1.2746
4 1.3575 1.1065
4 1.905 1.839
6 0.06 0.2855
6 0.12 0.506
7 1.68 1.7011
4 2.415 2.5959
7 1.7175 1.6887
5 0.99 0.916
4 1.2375 1.2366
4 1.455 1.4499
4 0.0375 1.0466
5 0.36 0.3187
5 1.05 0.3332
4 0.4275 0.7185
6 1.5675 1.5879
6 1.2 1.1851
7 2.7675 2.5204
6 2.2725 2.3005
4 1.875 1.9316
4 2.9925 2.4598
5 1.5225 1.5378
7 1.44 1.5539
6 2.445 2.4929
7 0.1725 0.1814
6 0.915 0.7506
4 0.78 0.4274
6 0.99 0.9896
6 0.39 0.3374
5 2.4675 2.7197
5 1.2525 1.2541
4 0.885 0.4299
4 1.7325 1.7647
4 2.3775 2.5933
5 2.2425 2.0913
5 1.5375 1.3958
4 2.58 2.7084
6 2.925 2.4053
7 2.0475 2.098
5 1.2 1.1298
7 0.15 0.2165
5 2.2125 2.1276
7 2.265 2.2947
7 2.31 2.3919
7 2.4525 2.4371
4 1.3875 1.5609
6 1.95 1.8698
6 2.0325 2.0316
4 0.5925 0.3501
4 2.1675 2.3183
5 0.27 0.2322
6 2.835 2.6721
6 1.9275 1.9704
5 2.97 2.6732
4 0.3825 0.4573
4 2.5875 2.5437
5 0.2775 0.4058
4 1.8375 1.7512
5 2.2425 2.1895
7 1.3875 1.3255
5 2.6625 2.7056
4 0.495 0.5051
4 1.62 1.6963
5 1.4325 1.3496
7 0.8025 0.8142
7 0.525 0.4371
6 2.4225 2.4433
6 2.25 2.2223
6 1.7775 1.8027
4 1.155 1.2395
6 0.435 0.4585
7 1.875 1.8717
6 0.195 0.3218
4 2.145 2.419
5 1.29 1.3156
5 1.605 1.5997
6 0.3525 0.2735
4 1.23 1.0406
6 0.2625 0.301
7 0.975 0.9784
4 0.3975 0.4517
5 2.0025 2.1597
4 0.72 0.9953
5 2.6775 2.5231
6 0.495 0.477
4 0.0975 0.3553
7 1.2975 1.177
6 2.34 2.6778
6 2.13 2.0803
7 1.6125 1.5887
7 0.0375 0.1929
4 0.5325 0.8789
5 1.125 1.0468
7 0.2775 0.2442
6 1.53 1.596
4 1.905 1.9214
6 1.62 1.6591
5 2.82 2.7303
7 0.315 0.296
4 0.15 0.4297
4 1.7025 1.664
7 0.9525 0.9245
4 0.405 0.5456
5 1.785 1.8717
5 0.9825 1.0173
4 2.2425 2.027
7 1.515 1.5223
6 1.77 1.6817
6 1.5675 1.5561
4 1.785 1.9976
4 0.075 0.6761
4 2.34 2.6301
7 1.4925 1.4336
7 1.155 1.1144
6 0.93 0.8327
6 0.5025 0.3843
5 2.4975 2.8132
7 1.68 1.6576
4 0.555 0.3697
4 2.8575 2.6361
4 0.045 0.3948
7 2.055 2.0697
6 1.0125 0.9302
6 0.9975 1.0803
4 0.8475 0.3494
5 2.565 2.5942
7 1.5075 1.5434
5 0.5625 0.4051
4 1.9725 2.197
6 0.1725 0.3135
6 0.375 0.3643
4 2.67 2.6346
6 2.34 2.6876
6 2.7525 2.7339
4 2.655 2.4043
5 0.39 0.4051
5 2.925 2.7217
6 0.3975 0.3778
6 0.5775 0.3485
5 0.45 0.3015
7 2.55 2.8607
7 1.0575 1.0751
5 0.2625 0.5297
4 2.22 2.2886
7 2.6775 2.7456
5 1.3425 1.5139
4 2.685 2.6461
7 0.5025 0.3962
5 0.3225 0.317
6 0.8175 0.8895
4 2.28 2.1309
4 1.7775 1.676
6 1.7325 1.7648
4 1.635 1.5463
7 2.2425 2.2463
4 0.5025 0.7255
6 2.6475 2.5901
7 2.91 2.5802
4 0.9225 0.7715
7 2.9925 2.7457
5 1.2 1.2069
7 2.1525 2.173
5 0.3675 0.4205
7 1.14 1.1796
4 1.53 1.3773
6 2.5275 2.7079
4 2.4525 2.4617
7 2.3475 2.1845
5 2.085 2.3293
6 0.105 0.2266
7 2.2425 2.2774
6 0.675 0.6708
4 2.9175 2.7058
4 2.685 2.4709
5 1.3425 1.3677
4 1.8825 1.9129
6 2.565 2.7571
6 0.8325 0.7688
5 1.845 1.8337
4 1.38 1.3672
7 1.7625 1.8114
6 2.9475 2.7204
7 0.7875 0.7722
7 1.0125 1.08
6 1.095 1.1191
6 2.085 2.2598
6 2.0925 1.8898
5 0.2775 0.9041
7 0.4125 0.3819
7 0.555 0.289
7 0.6075 0.1228
6 1.95 1.9885
6 2.5575 2.7848
4 2.97 2.4252
7 0.9525 0.9445
4 2.3025 2.5804
5 0.0375 0.4171
4 0.9225 0.3358
6 2.235 2.1437
4 2.175 2.6661
4 2.8875 2.6843
5 2.895 2.5333
4 2.355 2.2336
4 2.55 2.4801
5 0.7275 0.6529
7 1.875 1.8346
5 2.865 2.6502
7 2.2275 2.1663
4 2.9025 2.3696
5 0.6675 0.3487
5 1.4925 1.5216
4 1.2975 1.361
7 1.2075 1.1585
7 2.1675 2.0955
6 0.96 1.0783
5 0.63 0.4934
4 2.8125 2.6263
7 0.48 0.1332
6 0.7425 0.5774
5 0.315 0.3668
5 1.4025 1.4246
5 2.31 2.5788
7 0.7575 0.6986
4 0.6825 0.447
6 1.9575 1.8469
4 2.775 2.6268
4 1.365 1.6077
5 0.57 0.3336
7 2.2725 2.1524
4 1.62 1.7401
5 0.915 0.6473
5 2.5875 2.7697
4 0.6 0.5424
4 1.3875 1.4917
4 2.025 1.9701
4 1.8975 2.0306
5 1.0875 1.0929
5 1.2525 1.2814
4 2.3175 2.164
5 2.535 2.6987
4 2.1225 2.3991
6 2.055 1.9207
5 0.0075 0.5347
6 0.8775 0.7614
4 1.9125 2.5479
7 1.9275 1.9331
5 2.3175 2.6592
7 0.9 0.9287
5 0.495 0.3132
7 2.1375 2.1126
5 1.9725 2.2254
5 2.055 2.1931
4 2.6625 2.6154
6 2.19 2.2884
7 1.23 1.236
5 2.865 2.4894
7 2.85 2.8049
7 1.3725 1.3933
7 2.8725 2.75
7 2.8425 2.6293
4 1.05 0.3635
4 2.49 2.5788
6 2.07 2.1241
5 0.795 0.4886
4 2.04 2.4624
7 0.2025 0.2399
7 2.145 2.0198
4 1.4175 1.4108
6 0.5175 0.2637
5 0.42 0.9555
7 2.3175 2.393
4 2.6925 2.6572
7 0.2775 0.4491
6 1.065 1.0993
4 1.515 1.5083
6 0.9075 1.0638
7 1.6125 1.5939
7 1.095 1.0323
4 2.745 2.594
5 1.8075 1.9907
5 1.8075 1.7907
5 2.895 2.5654
4 1.755 1.517
6 1.1025 1.1134
5 2.0175 2.2004
5 0.9525 0.9059
5 1.1025 1.2244
5 1.4475 1.4275
6 1.9125 1.9169
7 2.1675 2.2537
7 1.5525 1.5422
4 1.4175 1.516
7 0.855 0.8498
7 1.425 2.75
7 0.7575 0.7728
7 0.8775 0.8606
5 2.955 2.623
4 2.3175 2.2003
6 0.36 0.2551
6 1.95 1.9783
7 0.8625 0.7964
5 1.455 1.5517
4 0.0225 0.3594
5 1.7025 1.6719
6 1.0275 0.9272
5 0.84 0.892
5 2.55 2.5017
7 2.3625 2.2487
6 1.965 1.7811
5 2.16 2.2585
5 0.9225 0.5595
6 0.8025 0.735
4 0.4875 0.4667
6 1.635 1.6137
6 1.755 1.736
7 1.1175 1.1741
7 1.605 1.5913
6 2.64 2.6983
4 1.3875 1.2636
5 1.8075 1.7883
7 0.7425 0.7468
7 2.91 2.6896
4 2.595 2.346
6 2.9325 2.7953
4 2.5875 2.6065
4 2.31 2.6203
7 1.2525 1.2235
5 0.9525 0.8597
7 2.1075 2.0724
4 0.9525 0.7956
6 0.255 0.3233
4 0.585 0.43
6 2.1375 2.258
5 2.1525 2.2283
5 2.145 2.4153
7 1.245 1.1888
7 0.2775 0.3249
7 0.855 0.7268
7 0.0975 0.2122
5 1.3125 1.3535
4 1.755 1.7159
6 2.28 2.5061
7 0.675 0.629
7 2.595 2.7489
5 2.3175 2.6681
7 1.7325 1.4371
5 1.3875 1.6355
7 2.2575 2.1953
6 0.93 0.9215
5 1.8 1.8475
5 1.7775 1.8086
5 1.7325 1.8014
7 1.395 1.4439
4 1.4175 1.3998
7 0.78 0.5882
4 0.6675 0.7579
7 1.665 1.632
6 0.7425 0.538
5 2.535 2.493
6 1.71 1.6946
4 1.3575 1.4345
7 0.7725 0.6486
5 0.0525 0.4438
6 0.8625 1.0153
4 2.5125 2.6573
5 1.6425 1.7364
7 2.745 2.8303
6 2.4375 2.5904
5 1.4175 1.4049
6 2.8425 2.7617
5 2.91 2.6571
7 0.3 0.2317
4 0.9375 1.0399
7 0.42 0.3344
4 1.0125 0.93
4 2.0775 2.1178
6 1.125 1.2604
6 0.5325 0.3958
6 0.1425 0.3945
4 2.205 2.181
4 2.595 2.5568
6 1.0575 1.0225
5 1.8075 1.7986
5 0.93 0.8762
6 0.15 0.2094
5 2.16 2.2057
6 2.5425 2.762
4 1.8825 1.9147
7 2.6625 2.7817
7 1.4325 1.3947
6 2.76 2.565
6 2.1 2.1497
6 2.6775 2.7072
4 2.3475 2.2709
4 2.8875 2.6908
5 0.0975 0.4132
6 2.655 2.757
5 0.9225 0.9859
4 1.02 0.662
6 2.4825 2.6341
7 0.195 0.2696
4 1.35 1.3274
7 1.17 1.1674
6 1.785 1.7078
6 1.59 1.5447
6 2.6925 2.6316
4 1.815 1.8589
5 2.895 2.6786
7 1.6425 1.6844
6 1.6575 1.6209
6 0.8025 0.8477
5 1.77 1.9089
6 0.5625 0.4157
4 0.7425 0.3863
7 0.03 0.2323
7 0.465 0.3216
5 2.5725 2.672
7 2.28 2.2699
5 2.745 2.5789
5 2.22 1.9195
4 1.83 2.0011
7 1.2375 1.2544
6 2.7525 2.6802
6 1.425 1.3718
7 1.1025 1.1713
4 1.035 0.795
5 0.6525 0.3622
6 1.635 1.6274
4 1.89 2.0458
6 2.7825 2.8296
7 2.1975 2.1795
4 0.3675 0.4539
5 0.285 0.3956
6 0.3075 0.2675
4 1.6725 1.7266
7 1.575 1.5745
4 0.9375 0.5345
5 0.405 0.4848
7 2.385 2.5015
5 1.68 1.5317
7 0.555 0.6124
7 0.435 0.4267
4 1.5525 1.6862
4 1.065 0.9185
6 2.595 2.4225
6 0.4125 0.181
5 0.36 0.3706
4 1.5825 1.7371
5 2.88 2.6435
5 0.3525 0.2662
5 1.5825 1.7013
5 1.5825 1.6414
4 1.2225 0.8996
4 1.6275 1.6543
7 2.895 2.7926
4 0.69 0.4941
6 2.3325 2.5218
5 1.815 1.9392
6 2.4 2.5857
5 0.1125 0.2717
7 0.1125 0.2718
7 2.6325 2.6388
6 2.4525 2.5196
7 0.645 0.6246
7 1.35 1.3146
4 2.3325 2.3873
5 2.025 2.0078
7 1.26 1.2886
7 1.695 1.709
5 0.99 0.984
5 2.16 2.6079
6 2.7 2.6272
5 1.3425 1.3687
6 1.785 1.8933
4 0.0825 0.5129
4 1.56 1.7377
7 0.84 0.8338
7 1.7325 1.8139
7 1.9425 1.9143
4 2.8425 2.5219
6 2.9625 2.539
4 1.5675 1.6951
4 1.2825 1.2983
6 2.8425 2.7075
4 2.745 2.4338
4 1.4475 1.2102
7 0.5175 0.5774
6 0.6675 0.7317
5 2.34 2.512
6 0.255 0.329
7 2.1525 2.2077
7 2.22 2.1769
4 0.6375 0.2944
6 0.1725 0.419
5 1.1325 1.2049
5 2.3925 2.667
6 0.03 0.4404
6 2.6775 2.7348
4 1.14 0.8588
5 1.98 1.892
4 2.1075 2.645
6 2.535 2.6561
4 0.0675 0.358
5 0.24 0.3046
6 1.5225 1.4764
6 1.3425 1.2382
4 1.155 1.133
7 0.7275 0.6104
7 0.5925 0.5585
5 2.805 2.6565
6 0.84 0.8908
6 0.51 0.4217
6 0.315 0.2277
5 1.2525 1.2108
4 0.99 0.8698
4 2.16 2.3215
5 1.545 1.5723
4 2.1975 2.2088
7 1.0275 1.0188
6 0.78 0.6955
4 2.94 2.374
4 0.405 0.5816
4 2.805 2.5262
6 2.565 2.7087
5 0.9675 1.0877
5 2.0325 1.9867
7 0.3825 0.4849
5 1.44 1.5128
4 2.5425 2.3376
7 1.4475 1.3835
5 1.215 1.1948
4 1.7925 1.5966
7 1.305 1.2986
7 0.09 0.1324
4 1.8 1.7355
7 1.155 1.3276
6 0.9825 0.8299
7 0.9075 0.9142
5 2.2425 2.1124
7 1.0425 0.9245
4 1.305 1.2817
5 2.3325 2.3179
5 2.16 2.2034
7 0.225 0.1484
4 0.5925 0.4431
6 1.035 1.1413
6 1.605 1.6343
7 0.495 0.2894
5 2.355 2.6111
7 2.6775 2.598
5 2.07 1.9281
6 2.5275 2.7262
5 2.88 2.7399
4 1.32 1.3497
4 1.3725 1.5664
4 0.5325 0.4173
7 0.8925 0.9152
7 0.3525 0.269
6 0.0 0.3795
5 1.05 1.0621
6 0.9075 0.814
6 2.985 2.8484
4 0.3075 0.369
7 1.305 1.3239
6 2.2725 2.3891
6 1.8825 1.8843
6 2.0925 2.2061
5 0.465 0.3386
7 2.4975 2.6063
4 1.785 1.7819
5 1.4325 1.3372
5 0.33 0.3379
5 0.825 0.5081
6 2.2125 2.5423
5 0.5175 0.684
6 2.82 2.5823
4 1.305 1.3574
7 0.6825 0.6967
5 2.3475 2.4838
4 1.47 1.4566
4 0.735 0.7447
5 2.43 2.4271
5 2.1 2.3109
5 2.3475 2.5107
7 2.2125 2.2091
4 1.9725 1.9591
5 0.5175 0.4668
4 0.66 0.3474
7 2.9475 2.6845
7 2.9175 2.7889
6 1.035 0.977
6 2.7975 2.7331
4 0.1425 0.4516
7 0.1875 0.1865
7 2.7675 2.6038
4 1.245 1.1755
7 1.515 1.5443
5 1.3875 1.3894
6 2.1825 2.2577
7 1.3875 1.4566
7 1.5375 1.4627
5 1.6425 1.5925
4 2.655 2.6102
4 2.9025 2.5672
4 2.5875 2.6417
5 0.885 0.958
5 2.0625 1.9862
4 2.6625 2.3978
4 1.98 2.2004
7 0.5775 0.6026
4 1.245 1.4604
4 0.3825 0.6727
7 0.4875 0.3805
4 0.645 0.3501
6 0.36 0.5194
4 2.955 2.4053
7 1.71 1.6047
4 0.3225 0.5687
7 1.11 0.9786
7 2.655 2.7208
5 0.66 0.458
4 0.435 0.3291
6 2.64 2.683
6 0.3375 0.1949
5 2.01 1.9909
7 1.455 1.4829
6 0.69 0.2902
7 2.8875 2.8294
6 2.5425 2.6682
6 0.8325 1.09
6 1.155 1.1564
6 1.455 1.5047
6 2.355 2.2507
5 2.7975 2.6612
7 2.85 2.6828
6 1.0575 1.1186
6 2.9175 2.7099
4 1.9125 1.7866
4 1.41 1.5437
5 1.5 1.5038
4 1.9725 1.9294
6 1.875 2.0684
7 0.975 1.0434
6 0.825 0.8597
4 0.1575 0.542
7 2.04 2.0892
4 0.855 0.3861
5 2.37 2.7111
5 1.9875 2.0773
7 1.815 1.9161
6 2.7525 2.6705
7 0.1125 0.3054
6 2.775 2.6451
7 0.975 1.0232
6 2.8425 2.7329
6 0.1275 0.2476
5 1.0125 0.9798
4 1.2525 1.1765
7 2.0925 2.0933
5 1.8375 2.0953
4 0.78 0.3889
6 1.185 1.2013
6 0.5625 0.439
7 0.0375 0.1997
7 0.6525 0.7521
5 0.885 0.5037
6 2.55 2.6111
5 0.8475 0.6392
6 1.1625 1.1912
5 2.49 2.3704
6 2.355 1.7618
5 2.9775 2.3191
6 0.045 0.2624
5 2.6475 2.6226
7 2.0475 2.123
5 2.2725 2.1119
4 2.61 2.5558
6 0.27 0.5017
5 1.935 1.8619
5 2.73 2.772
5 1.0875 0.9654
4 1.035 0.913
6 2.76 2.6839
6 1.185 1.193
7 1.8675 1.847
6 2.3175 2.5168
6 0.6375 0.3539
7 1.41 1.3042
4 2.2275 2.4313
7 2.445 2.4827
7 0.6525 0.6306
6 0.6375 0.8026
7 1.9875 2.0673
5 2.385 2.7187
5 1.44 1.2725
5 2.145 2.1524
5 1.3875 1.3839
7 2.0025 1.9676
4 0.705 0.474
5 0.765 0.7119
6 1.8675 2.9448
6 0.21 0.321
4 1.845 2.3443
7 0.87 1.0123
4 0.7725 0.8422
4 1.4775 1.4432
7 0.225 0.2869
4 1.5975 1.3498
4 1.59 1.5234
6 1.3275 1.273
5 1.5075 1.5141
6 1.905 1.9778
5 0.855 0.763
6 2.085 2.0668
4 0.7875 0.4371
6 1.32 1.3655
4 1.845 1.8811
6 2.9625 2.767
7 2.4675 2.4894
6 0.8175 0.8539
6 0.2475 0.3605
7 2.145 2.16
5 1.3875 1.4432
5 1.8375 1.95
4 0.795 0.5927
4 2.0925 2.1638
7 2.325 2.3364
4 2.5575 2.4363
6 1.455 1.4602
6 2.91 2.7437
4 0.1275 0.3607
4 1.845 1.8969
5 1.59 1.5265
5 2.73 2.5215
4 0.6975 0.5363
4 0.8925 0.9477
5 1.5075 1.4632
5 2.8725 2.469
5 2.07 2.024
5 1.0875 1.2442
7 2.0925 2.089
4 2.055 1.8969
5 2.1075 2.3568
6 0.36 0.4387
5 1.08 1.0793
7 2.8575 2.7093
7 2.76 2.8126
4 0.4575 0.4039
5 0.87 0.6617
6 0.5925 0.3622
4 2.1 2.3616
6 2.0175 2.0249
5 2.01 2.0647
5 0.7425 0.9182
7 0.87 0.9833
5 2.9475 2.7685
5 1.245 1.3437
5 1.2 1.2937
5 2.6925 2.3529
7 0.9225 0.8685
6 0.6225 0.4357
5 2.0325 1.9377
4 0.3075 0.8808
4 2.9775 2.6275
6 1.05 0.9481
5 1.5225 1.4292
5 2.295 2.2395
6 1.635 1.5963
6 0.735 0.4745
5 2.805 2.7475
7 1.485 1.4304
4 2.28 2.2784
5 0.03 0.3632
7 1.875 1.9123
6 0.525 0.4351
4 0.0 0.4156
6 1.41 1.3308
4 1.305 1.34
7 1.44 1.4762
4 0.0825 0.4226
6 0.78 0.6001
7 0.66 0.5164
4 2.28 2.6684
5 1.1775 1.0555
4 2.1825 1.8975
7 2.595 2.6514
7 0.555 0.2914
5 0.3 0.3451
6 2.535 2.7386
4 1.905 2.1229
6 2.5125 2.6323
6 2.4375 2.6182
7 1.65 1.6142
4 1.755 1.6737
5 2.9925 2.633
7 1.515 1.6542
5 0.525 0.2231
7 2.5275 2.4216
5 1.1175 0.9654
5 2.0475 2.2529
5 0.435 0.4202
4 2.6925 2.4328
4 0.9075 0.9654
6 1.8825 1.9558
6 0.0675 0.2711
7 2.6775 2.7253
7 0.0225 0.4155
7 0.795 0.8473
7 2.985 2.5659
7 2.19 2.1808
7 1.245 1.2731
5 1.5975 1.651
5 2.9925 2.4836
4 1.245 0.9873
5 1.0125 1.1487
4 1.7175 1.6885
4 1.0575 1.1704
4 2.0625 2.3256
7 0.675 0.694
5 1.125 1.2941
7 1.2225 1.1312
6 2.3025 2.3656
4 2.0475 1.9695
5 2.745 2.6785
6 0.42 0.7729
7 1.965 2.0057
4 1.0575 1.1989
4 2.8125 2.4652
7 2.8425 2.6745
7 2.2875 2.2439
7 1.5 1.4959
4 0.765 0.4065
5 1.7325 1.6485
4 1.275 1.4342
7 0.1875 0.2803
7 0.525 0.4371
6 1.08 1.0352
7 1.6275 1.6184
7 1.0725 1.0409
7 0.03 0.3509
5 2.0775 1.8933
5 1.455 1.4285
6 1.7925 1.8262
4 0.0675 0.4222
5 1.935 2.0168
5 1.755 1.722
4 0.255 0.3801
6 2.3325 2.2055
5 2.58 2.5373
5 2.415 2.516
6 1.0425 1.0457
6 2.1675 2.3076
5 1.7775 1.726
6 0.6375 0.5189
7 0.4425 0.3823
4 0.6 0.4587
5 2.34 2.7353
6 1.275 1.1592
4 2.5125 2.4461
6 1.2675 1.2288
6 2.43 2.7319
4 0.015 0.4004
7 2.04 2.1083
4 2.655 2.5286
7 2.19 2.4018
6 0.42 0.313
5 2.895 2.4971
6 0.0075 0.3348
4 0.9375 0.6269
4 2.64 2.5729
4 0.6375 0.5934
5 2.985 2.7698
4 0.0375 0.3472
4 0.8175 0.3279
7 1.2075 1.1921
5 2.805 2.6548
7 0.12 0.2694
6 1.65 1.6327
7 0.9375 0.9839
6 1.26 1.225
6 1.4625 1.4807
4 0.8775 0.6535
5 0.5175 0.6668
6 1.5375 1.5538
5 1.5 1.668
7 0.435 0.5722
7 2.3925 2.4667
6 0.4425 0.4328
5 1.365 1.3758
4 0.3675 0.41
4 0.2475 0.3366
5 0.4275 0.4743
5 0.7725 0.4107
5 1.3575 1.4735
5 2.1375 2.371
7 2.07 2.057
5 2.235 2.5817
4 2.6025 2.0523
7 2.7075 2.8551
6 0.1725 0.5427
4 2.46 2.4116
6 0.8625 0.9125
6 0.2475 0.292
5 2.19 2.3248
5 0.645 0.3136
4 1.9425 2.2026
7 1.425 1.5124
6 0.7425 0.7839
6 1.0725 0.9997
7 2.3475 2.452
7 0.2475 0.1823
7 0.18 0.2323
7 0.5325 0.396
6 0.3225 0.4187
4 0.75 0.4465
5 2.6775 2.716
7 0.6975 0.8179
4 0.7575 0.3752
6 1.965 2.1416
6 0.405 0.2655
7 2.3025 2.1976
6 2.43 2.4002
6 2.3925 2.6343
5 0.3675 0.4162
7 2.295 2.1827
6 2.7525 2.4803
7 0.54 0.3625
5 2.25 2.0932
6 2.7675 2.7278
4 2.49 2.3863
5 1.89 2.0207
4 2.655 2.4703
6 1.065 1.1953
6 0.42 0.5618
5 2.0925 1.8962
4 1.485 1.3328
7 2.685 2.736
5 2.745 2.4215
4 1.89 2.0975
6 1.7325 1.6686
4 2.22 2.3888
5 2.13 1.9659
4 1.05 1.0128
7 1.71 1.8489
5 1.035 0.9219
5 0.9075 0.4861
6 2.5275 2.3696
6 1.11 1.1629
5 0.9 0.4158
7 0.39 0.3961
5 2.685 2.7133
7 1.3125 1.3188
7 2.145 2.2046
5 0.36 0.4223
5 0.1575 0.4703
4 0.375 0.4462
5 0.45 0.3013
7 2.3925 2.3439
5 0.1575 0.2914
6 1.095 1.0231
6 0.0525 0.3227
4 2.715 2.651
5 2.4375 2.6291
4 2.0625 2.2972
4 2.9025 2.5981
6 2.7075 2.4006
7 1.47 1.4466
6 1.215 1.2477
4 1.7175 1.8722
6 1.9425 2.0419
4 1.77 2.0734
7 0.225 0.4507
6 1.7175 1.7694
7 1.32 1.2898
5 0.9975 0.9514
6 0.045 0.3024
7 1.035 0.979
4 0.8475 0.7131
4 1.2 0.4811
5 1.98 1.8681
5 0.7125 0.4361
6 0.5175 0.3735
4 0.315 0.4558
5 2.22 2.1879
5 0.2325 0.3641
7 2.2725 2.1261
5 0.795 0.7645
6 1.86 1.9387
6 1.2225 1.2944
5 1.4475 1.5952
7 0.9675 1.0346
7 1.9425 2.0695
5 0.6825 0.8357
5 1.9575 2.0291
5 0.5925 0.5775
6 1.695 1.7521
4 2.4075 2.3526
7 1.6425 1.6734
7 0.72 0.6495
7 2.2275 2.2292
5 1.17 1.1863
7 2.13 2.1179
5 2.4675 2.6076
7 2.82 2.5951
7 2.5275 2.8031
5 2.415 2.5662
4 0.1575 0.4757
5 0.1875 0.3546
5 0.6375 0.7849
4 1.065 0.9617
4 2.76 2.6151
5 0.015 0.4469
7 2.655 2.731
4 0.12 0.5834
4 0.5475 0.3874
6 2.88 2.7336
7 2.1975 2.181
5 1.7175 1.6013
7 2.955 2.7418
4 2.715 2.5893
7 2.0175 1.89
7 1.245 1.2297
6 0.9375 0.8595
7 0.2025 0.3974
6 1.2075 1.2415
7 0.33 0.4616
6 2.8725 2.502
6 1.4325 1.5006
7 0.675 0.7664
7 1.08 1.0425
4 1.3275 1.4204
5 0.24 0.2806
5 0.3 0.4405
4 2.13 2.0251
6 0.5625 0.3779
6 0.99 0.9925
6 1.3575 1.2834
6 0.555 0.6849
7 0.975 0.9046
4 2.0175 2.0292
4 2.925 2.389
5 2.22 2.1349
7 2.1525 2.1769
7 2.1375 2.1487
6 2.8575 2.7863
4 0.1125 0.3822
7 2.535 2.5017
7 1.3425 1.3587
4 1.3575 1.0217
5 2.0775 2.4784
5 2.9625 2.811
6 2.835 2.4359
5 1.7625 1.8431
6 0.8625 0.7937
7 2.4075 2.3751
7 2.9175 2.7253
4 0.81 0.4375
4 1.3575 1.3366
4 2.4375 2.5271
6 2.4675 2.7381
4 2.085 2.689
6 1.485 1.4515
4 1.3875 1.1624
5 2.4075 2.4478
4 2.7525 2.5311
5 1.0275 0.9558
4 1.08 0.7531
4 2.2125 2.1576
4 0.4575 1.0891
7 2.7525 2.7094
4 1.0875 1.0145
5 2.07 2.0096
7 0.2925 0.1581
6 0.09 0.2022
4 2.9025 2.6076
5 0.78 0.7398
5 1.29 1.0899
6 2.835 2.6137
4 1.1775 1.2369
5 0.42 0.4213
5 0.8775 0.9747
5 1.4925 1.486
5 0.885 0.8209
5 1.9575 2.0063
4 2.9925 2.6725
5 0.855 0.5835
6 0.375 0.2989
7 2.7375 2.6779
4 0.7425 0.6092
5 2.715 2.6518
4 0.2025 0.4535
5 0.8775 0.523
5 0.645 0.3211
7 1.635 1.657
6 2.1225 2.14
5 0.5475 0.6804
5 0.9825 0.928
4 2.43 2.1681
5 2.61 2.6302
6 2.16 2.4319
5 2.085 1.942
7 2.9025 2.8552
5 0.9375 0.5548
5 0.45 0.3615
7 0.8625 0.9126
7 1.89 1.8865
6 2.355 2.5249
6 1.3425 1.3971
5 1.1475 1.1807
6 1.665 1.6861
6 1.65 1.8019
4 1.68 1.7478
6 1.5375 1.6642
4 1.29 1.2577
7 1.845 1.8004
5 0.87 0.2581
7 1.0875 1.1366
4 2.37 2.5011
4 2.505 2.6225
6 0.99 1.1128
5 0.6375 0.7861
5 1.5525 1.6702
7 1.0425 0.9945
6 0.8925 0.8166
5 0.345 0.3947
6 1.395 1.4206
6 1.1775 1.1167
4 1.005 0.4886
5 2.13 2.3676
7 0.81 0.8897
5 1.02 1.2159
6 2.1075 2.0211
6 0.3375 0.4709
5 1.1025 1.0302
4 0.1875 0.4023
6 1.365 1.3245
4 1.5975 1.646
7 2.7 2.6436
7 0.99 1.0798
7 0.7425 0.6126
5 1.455 1.4609
4 0.8925 0.9586
7 1.2375 1.1698
5 0.945 0.6218
7 2.91 2.749
7 0.7575 0.8822
6 0.0825 0.3553
6 1.3875 1.3986
4 0.165 0.498
5 2.19 2.1601
7 0.4425 0.5788
6 2.7375 2.7311
6 2.025 2.0406
4 1.89 2.6774
7 1.8375 1.8733
6 1.95 1.9466
4 0.4275 0.4023
5 1.14 0.9662
5 0.72 0.7522
6 2.9925 2.6924
6 1.4925 1.4588
4 1.7175 1.9771
7 0.66 0.5238
4 0.09 0.9569
7 1.845 1.7869
7 0.3 0.2339
6 0.12 0.3129
4 1.0875 0.9676
5 1.2975 1.3202
4 1.41 1.6527
7 2.775 2.7501
4 1.83 1.7091
7 2.715 2.8452
4 1.3125 1.5757
4 0.0225 0.4558
4 0.495 0.7954
7 2.73 2.7433
7 2.07 2.061
5 1.7775 1.8315
5 0.03 0.4159
7 0.45 0.1974
6 2.3925 2.5993
6 2.5425 2.6632
7 1.1025 1.1043
5 2.01 2.1461
5 2.3775 2.6506
5 0.135 0.43
6 1.11 1.0349
4 0.585 0.3465
4 0.24 0.3986
6 0.5925 0.5062
7 1.335 1.2811
7 2.1675 2.1438
7 1.5225 1.554
5 2.565 2.6037
6 0.9225 0.9781
4 0.075 0.3841
4 1.965 1.9192
6 2.3925 2.7336
5 2.3475 2.6985
6 0.045 0.2146
7 2.7975 2.814
5 0.3675 0.4951
6 2.49 2.5589
7 1.125 0.9549
4 1.17 1.2712
7 1.08 1.0072
5 0.315 0.3623
5 2.34 2.1342
4 1.5375 1.6652
4 1.8975 1.7967
7 2.355 2.3446
4 0.4875 0.5147
7 1.8225 1.9095
6 1.215 1.113
4 0.165 0.3523
6 0.6975 0.2746
6 0.21 0.2056
6 2.7675 2.8193
4 0.8625 0.8755
6 0.18 0.2883
4 0.7425 0.5416
7 2.055 2.0037
5 1.155 1.1381
5 0.2475 0.4394
6 1.6275 1.5552
7 0.765 0.8083
4 0.5925 0.5481
4 0.135 0.3044
6 1.1925 2.2633
5 2.2725 2.565
5 1.7775 1.9294
5 0.5625 0.5702
4 2.205 2.6917
7 1.5675 1.5161
4 1.6575 1.6038
7 2.07 2.0803
4 0.615 0.3474
6 2.1375 2.1803
6 0.555 0.5538
7 2.4225 2.7686
7 0.4575 0.4709
7 0.135 0.361
5 2.8875 2.6588
7 0.3675 0.6736
4 0.195 0.3382
7 2.79 2.9418
4 1.725 1.7458
5 1.605 1.7437
5 0.1575 0.3045
6 2.67 2.6488
5 0.9375 0.7949
4 1.0425 1.1622
6 0.33 0.2522
4 2.5425 2.6255
7 1.485 1.4738
6 0.5925 0.2966
4 2.04 2.2625
5 2.76 2.6078
7 0.7875 0.7973
7 1.4625 1.4624
6 1.605 1.5994
6 0.3675 0.259
6 0.405 0.4648
6 2.5125 2.6628
6 2.145 1.9386
4 2.715 2.61
7 2.37 2.4449
4 2.85 2.4629
6 0.345 0.2451
7 1.4325 1.4541
6 0.45 0.2221
5 1.005 0.941
4 2.0175 2.5152
4 1.56 1.5747
7 1.86 1.8868
7 1.6725 1.7464
6 1.95 2.1702
7 0.6075 0.6478
6 0.7125 0.8336
5 0.5925 0.2555
7 0.72 0.6249
6 2.28 2.1845
4 0.8775 0.9753
5 2.505 2.6771
7 0.54 1.6156
7 1.1025 1.0356
7 2.8575 2.5976
7 0.5925 0.777
7 0.1425 0.1668
4 1.9275 2.2495
5 0.63 0.51
7 1.725 1.7309
4 0.6975 0.4608
4 1.38 1.3078
4 2.49 2.4481
5 1.425 1.2914
5 1.38 2.454
5 1.35 1.4277
6 1.1025 0.9721
5 2.19 2.0185
6 2.955 2.3155
4 0.5475 0.3859
7 0.3975 0.2551
4 1.7625 1.783
4 1.9575 1.954
4 1.3875 1.3086
7 0.6 0.3543
5 1.4025 1.4491
4 1.5675 1.5675
4 0.0375 0.4491
7 1.155 1.1647
4 1.695 1.8049
6 0.3375 0.279
7 2.37 2.3044
4 2.325 2.5211
5 2.2275 2.2641
7 1.9275 1.8232
5 0.225 0.4992
6 0.2775 0.1507
7 0.0525 0.35
7 0.8775 0.8046
4 1.8075 1.8756
7 0.36 0.3811
4 2.235 2.5963
5 2.34 2.6764
7 0.9375 0.8931
7 1.545 1.465
4 0.3075 0.5088
6 2.5125 2.6338
7 1.89 1.9818
6 0.9975 0.9681
5 2.625 2.5589
5 1.05 1.2525
5 2.2425 2.653
7 2.295 2.3915
7 0.42 0.373
6 2.265 2.2933
7 2.4 2.2588
5 1.245 1.172
6 2.715 2.6932
6 0.3 0.1819
7 0.915 0.8582
7 2.1375 2.1158
6 0.225 0.2508
7 1.89 1.8807
7 2.9475 2.7088
6 2.025 1.9245
6 1.2525 1.2653
6 0.3 0.4028
5 2.94 2.5812
7 1.56 1.5668
6 1.9575 2.1169
5 0.1725 0.3129
4 2.115 2.6166
6 1.44 1.482
6 1.4175 1.329
7 2.2725 2.3173
5 0.2775 0.4828
6 2.0625 2.1076
5 2.1675 2.1535
4 2.535 2.4969
6 0.09 0.3312
7 1.515 1.5368
5 1.0725 1.238
5 1.11 1.1446
4 1.4025 1.3743
5 2.4975 2.5439
6 1.515 1.5337
6 2.0625 2.2018
7 2.1525 2.1797
5 1.3425 1.2683
4 2.5275 2.6576
5 1.125 1.1232
4 1.485 1.2784
5 0.06 0.3322
4 0.63 0.5635
4 1.23 1.1251
7 1.4025 1.3577
5 0.315 0.3175
4 1.725 1.7198
6 1.0575 1.0848
6 1.365 1.4289
4 2.1675 2.452
6 0.15 0.3353
6 0.78 0.735
6 2.295 2.5591
6 1.0875 1.0225
6 1.935 1.9167
4 0.105 0.4556
7 2.46 2.5686
4 0.21 0.5165
4 0.6 0.7841
6 2.28 1.1319
7 1.77 1.7921
7 2.7375 2.6611
4 1.83 1.7771
5 1.1325 1.22
4 1.905 1.9505
4 2.115 2.5573
5 2.85 2.6788
7 2.94 2.6001
7 2.7375 2.8341
5 0.525 0.5125
7 2.4975 2.8148
4 1.365 1.4788
6 2.7825 2.641
5 0.4575 0.4246
4 2.94 2.6574
6 1.14 1.2263
4 2.5875 2.3905
7 2.805 2.457
7 1.5225 1.5511
6 1.6125 1.5926
6 2.145 2.2527
4 1.89 1.7668
4 0.675 0.315
6 1.995 2.0955
5 0.0225 0.7405
4 2.715 2.4749
4 2.7975 2.4196
4 0.36 0.3651
5 0.105 0.4136
5 1.125 1.2614
7 0.27 0.2746
4 1.185 1.0637
6 2.295 2.3298
5 1.7625 1.7694
7 1.635 1.5954
5 0.9375 0.9485
7 2.37 2.3625
7 1.68 1.6871
6 1.7625 1.6403
6 1.9125 1.9594
5 1.6575 1.8963
7 0.8775 0.8567
5 0.2625 0.6563
7 1.155 1.2102
6 0.99 1.0915
4 2.0625 2.5696
6 1.155 1.2443
4 0.7125 0.666
6 1.2975 1.2844
5 1.65 1.6984
7 2.6475 2.6553
7 0.6975 0.78
5 0.42 0.4241
6 1.65 1.6204
6 1.125 1.0338
6 0.8325 0.8864
7 1.5825 1.7585
4 1.695 1.53
7 2.625 2.7869
4 0.5775 0.5143
5 2.3775 2.6732
5 0.975 0.9106
7 2.8575 2.7439
6 2.31 2.3841
5 2.895 2.6641
7 2.16 2.0966
5 0.9825 0.9585
5 0.1425 0.4387
6 1.7175 1.7533
7 1.155 1.1394
7 2.235 2.3276
6 0.585 0.5861
7 0.3975 0.4055
6 2.76 2.7092
5 1.005 0.5315
5 0.87 0.6758
7 2.9025 2.7085
6 1.86 1.8829
7 1.4025 1.3455
7 0.1425 0.211
6 2.835 2.7439
6 0.255 0.3178
4 2.5725 2.4491
4 0.12 0.5176
7 2.0475 2.0464
7 1.545 1.603
7 0.5625 0.4129
5 1.3425 1.4038
6 1.9125 1.9665
7 0.9 0.8842
5 2.55 2.4336
4 0.99 0.8141
7 2.7825 2.8674
7 0.075 0.2377
5 2.1075 2.6559
7 2.6025 2.6679
6 0.54 0.4439
5 2.6775 2.4676
7 0.0225 0.1277
5 0.435 0.3762
6 1.05 1.1306
4 1.6425 1.5573
4 2.6325 2.6138
7 0.33 0.203
4 1.92 1.8495
5 2.4225 2.4075
7 0.1575 0.2095
4 0.4725 0.5688
6 1.71 1.5692
5 2.85 2.6747
4 1.545 1.4492
6 0.78 0.7145
6 0.54 0.3337
6 1.155 1.2348
6 2.3925 2.7093
4 0.0075 0.4422
7 0.0675 0.295
6 2.9025 2.7719
7 0.8175 2.839
7 2.3775 2.4476
5 2.9925 2.6855
5 0.84 0.8012
5 1.6575 1.4868
7 1.53 1.6114
6 2.565 2.765
7 0.765 0.681
5 1.0575 0.9713
5 0.1875 0.2365
5 1.7025 1.9463
5 2.9475 2.7439
4 1.545 1.7731
7 2.2425 2.255
7 0.5475 0.5231
6 0.8625 0.8726
6 1.455 1.3761
6 0.525 0.6314
6 0.24 0.1759
5 0.7425 0.7257
5 1.5975 1.6658
5 1.9725 2.0619
6 2.8725 2.7258
7 0.54 0.2072
5 2.9025 2.6549
4 2.28 2.0038
5 1.0875 1.1358
7 2.1 2.1546
6 2.9625 2.7704
6 2.8575 2.7027
6 1.6275 1.572
5 2.5575 2.5642
4 0.2625 0.4409
7 2.1525 2.3176
6 1.095 1.0904
6 1.515 1.5029
5 1.4775 1.4269
5 2.6475 2.6168
4 1.035 0.5592
5 1.65 1.6864
7 0.675 0.6893
5 0.375 0.2699
7 2.82 2.7009
7 1.74 1.7467
4 2.7075 2.6377
5 1.0125 1.0857
5 0.315 0.2841
6 0.735 0.7034
5 2.5425 2.5576
4 1.5825 1.6383
4 0.015 0.46
4 1.1325 1.3409
7 0.4425 0.3887
5 1.2 1.0199
7 1.5525 1.5556
4 0.3375 0.4259
7 0.9 0.9642
5 1.2675 1.3454
7 2.6625 2.6601
5 2.235 2.3493
4 2.3775 2.5454
7 1.3125 1.3014
6 2.28 2.6448
4 2.895 2.6824
4 0.105 0.3444
4 0.3375 0.3428
5 2.1525 2.1002
4 1.4925 1.4701
6 2.88 2.617
7 0.81 0.8529
7 0.81 0.8532
6 2.955 2.7302
6 2.3025 2.5738
4 0.9075 0.7959
6 0.4875 0.3537
6 0.24 0.2269
5 1.5975 1.5666
6 1.68 1.6316
5 2.79 2.7279
4 1.1775 1.2957
4 0.495 0.4406
4 0.4875 0.3799
4 0.4725 0.5035
4 2.6025 2.4533
5 0.6525 0.4941
5 1.9275 1.9508
4 2.22 1.7253
7 1.4775 1.5332
7 0.1425 0.3311
6 1.425 1.4286
5 1.545 1.5655
5 2.8275 2.4629
7 0.1125 0.2213
6 2.34 2.5071
6 2.955 2.5312
5 1.875 2.0014
5 1.8675 1.86
4 1.2075 1.2457
7 1.0725 1.1381
5 2.8275 2.6108
7 0.09 0.4783
7 0.975 1.0649
4 2.8875 2.5942
7 2.7975 2.6726
7 1.425 1.3687
6 2.7825 2.7461
6 0.48 0.3998
5 0.7125 0.6381
6 0.3075 0.232
6 1.3125 1.3624
5 2.1675 2.0944
4 0.675 0.3705
4 1.755 1.9068
7 0.15 0.2221
5 1.335 1.4605
7 0.51 0.375
5 1.785 1.6858
6 2.505 2.7168
4 1.2975 1.2516
6 0.36 0.5049
4 1.7025 1.83
5 2.205 2.1256
5 1.5225 1.6516
5 0.975 2.7759
7 1.875 1.8466
6 2.16 2.099
6 2.775 2.6973
4 0.8175 0.594
7 0.1425 0.1123
6 2.595 2.6751
7 2.175 2.1813
7 0.7875 0.7773
6 2.22 2.2246
7 1.5075 1.5066
7 0.39 0.333
4 1.1625 1.1639
5 0.9225 0.9582
7 1.8675 1.8265
7 1.875 1.8529
4 0.405 0.3457
4 2.28 2.6856
4 2.4975 2.5184
5 0.7725 0.8245
7 2.5575 2.5738
5 1.035 0.9892
7 0.4575 0.4149
6 2.1675 2.2192
4 0.06 0.5984
4 0.69 0.5468
7 1.35 1.3511
4 1.035 1.2961
5 0.5175 0.3731
7 2.955 2.4914
4 1.7175 1.821
7 2.4825 2.5059
6 0.4575 0.2445
4 0.3675 0.5421
4 1.6725 1.7357
7 0.0975 0.2045
5 2.97 2.7508
4 1.095 1.1845
5 1.2525 1.26
6 2.4 2.5875
6 0.585 0.2609
7 0.735 0.7201
6 0.36 0.2874
6 0.825 0.8573
6 1.065 0.9134
7 1.0575 1.0109
5 2.325 2.597
5 1.755 1.8247
5 0.2775 0.7648
4 2.4825 2.454
5 0.54 0.4558
6 1.8 1.7919
6 0.06 0.2629
6 2.01 1.9911
6 1.53 1.463
7 2.6025 2.767
6 1.53 1.4855
4 0.7575 0.7878
6 0.2025 0.35
5 0.8775 0.4377
4 2.7825 2.4647
7 2.49 2.4436
4 1.035 0.7495
5 0.7575 0.5274
6 1.5075 1.622
4 2.94 2.6448
6 1.89 1.9133
6 2.13 2.2691
4 0.3375 0.3457
6 2.715 2.6604
5 1.1025 1.1875
6 0.645 0.5918
5 1.6275 1.6401
4 0.6825 0.8848
4 2.37 2.5865
5 1.56 1.3958
6 1.665 1.7406
6 2.745 2.7614
6 1.3875 1.4182
7 2.07 2.0525
7 1.35 1.3275
7 1.485 1.472
7 1.08 1.1019
4 1.845 2.113
6 0.525 0.3586
5 2.37 2.7306
5 0.78 0.8098
5 0.975 0.9786
7 1.8 1.7233
7 2.1675 2.3773
6 0.7125 0.5037
4 1.6125 1.4668
5 1.8975 1.7719
4 1.5675 1.6887
6 2.61 2.7081
4 1.2375 1.0495
5 2.835 2.5267
7 0.6375 0.5895
5 0.6 0.5497
5 2.6475 2.5828
4 0.39 0.3812
7 2.2425 2.3204
7 2.385 2.5111
6 2.325 2.5759
5 2.415 2.1078
5 1.29 1.2338
4 2.055 2.5942
4 1.89 1.6727
5 0.0525 0.3483
6 1.5525 1.5234
5 1.29 1.2905
7 2.0025 2.0166
6 0.255 0.2896
4 0.3525 0.2564
5 2.1525 0.7469
6 0.195 0.3295
5 1.5675 1.7414
5 1.605 1.6013
4 2.4375 2.4466
6 1.32 1.2856
4 0.615 0.5251
6 0.9825 0.9791
6 0.27 0.3371
5 2.22 2.5135
5 0.21 0.3685
5 1.8975 1.6285
4 1.3425 1.2915
6 1.9275 1.9945
7 0.45 0.2907
7 2.3925 2.3571
6 1.7175 1.7536
6 2.1675 2.4097
4 0.8925 0.6055
4 0.8175 0.5539
7 1.065 1.1267
4 1.23 1.1277
5 0.24 0.3682
6 0.75 0.7061
6 1.665 1.5731
6 1.9575 1.9227
5 2.9475 2.5583
5 1.5075 1.5315
5 0.615 0.5579
4 0.57 0.3167
6 0.885 0.7073
4 2.6175 2.4299
4 0.765 0.7262
6 1.095 1.1915
4 1.6275 1.7158
7 1.605 1.6037
5 2.6325 2.6238
5 0.585 0.3751
6 1.5 1.4885
4 0.765 0.3378
6 1.9125 1.9168
6 2.52 2.6334
7 1.7925 1.8132
6 0.495 0.6254
5 1.455 1.4321
7 0.5925 0.6727
4 1.6425 1.6239
4 0.03 0.5871
5 0.8325 0.6084
5 1.1625 1.2078
7 0.435 0.3155
5 2.07 2.1348
4 0.06 0.6267
4 2.985 2.5996
4 2.475 2.5576
7 0.7425 0.7176
5 1.6275 1.5668
7 1.02 1.1635
7 1.3425 1.4109
7 0.57 0.4093
5 0.705 0.6698
5 2.1375 2.1999
5 0.345 0.2571
5 1.4025 1.3978
4 2.415 2.6186
7 2.205 2.1479
5 2.475 2.2672
6 0.4725 0.2232
6 2.2575 2.1259
5 1.7175 1.7792
4 0.6075 0.597
5 1.245 1.2575
7 1.4325 1.4579
6 1.095 1.0211
5 1.5675 1.637
7 2.6625 2.6904
4 2.9625 2.6371
6 1.5975 1.6823
6 1.23 1.2048
7 1.02 1.0994
5 2.9625 2.7548
5 2.0775 2.5176
7 1.5 1.4787
6 2.01 2.1629
5 0.2475 0.3003
6 0.8925 0.8098
6 0.3 0.3667
4 2.205 2.4026
4 2.1375 2.5247
6 2.97 2.759
7 1.17 1.1568
4 2.9925 2.564
4 2.055 1.9312
5 2.3025 2.2135
7 1.245 1.1547
6 2.73 2.6204
5 2.1375 2.1388
6 0.9975 1.0309
5 0.345 0.3211
6 1.605 1.64
5 2.0475 2.3461
7 1.17 1.2191
6 0.6225 0.7149
6 1.575 1.5617
4 0.3825 0.3746
5 1.23 1.2076
5 0.315 0.8555
7 2.385 2.6388
5 1.575 1.5382
4 2.3625 2.542
4 1.2225 1.2466
6 1.5825 1.4894
6 1.965 2.0572
7 2.04 2.1441
5 1.17 1.2138
7 2.8425 2.7112
7 0.7125 0.4923
7 0.495 0.4395
7 1.23 1.3224
7 0.84 0.8286
4 2.2875 2.2046
4 1.575 1.5042
5 1.755 1.93
6 1.92 1.9737
4 0.9375 1.0849
4 2.1525 2.2394
7 1.425 1.3629
5 0.975 1.1288
5 2.4825 2.7247
7 1.275 1.3304
6 2.5875 2.6598
4 1.7775 1.6223
4 2.2275 2.3945
4 0.915 0.5445
7 2.5275 2.723
4 1.5675 1.7875
4 2.7825 2.4455
7 1.38 1.3082
5 2.6775 2.4423
5 0.1125 0.2865
5 1.53 1.581
4 2.7225 2.6196
5 2.175 1.9233
4 1.4475 1.4186
5 0.45 0.3183
7 2.2575 2.2396
5 1.8225 1.9314
5 2.115 2.2311
7 0.69 0.4573
5 2.85 2.748
4 0.375 0.6217
7 1.2675 1.354
4 2.76 2.1648
4 1.995 2.2089
4 1.515 1.5192
6 0.765 0.584
5 1.38 1.4484
4 1.425 1.5377
4 1.83 1.8116
4 1.8375 1.7114
4 0.12 0.4534
4 0.27 0.3467
6 2.6175 2.6547
5 2.115 1.8814
7 1.2975 1.3252
6 0.1725 0.2561
4 1.755 1.8528
4 1.7925 1.7148
7 1.4475 1.4055
4 0.78 0.6318
5 2.46 2.4754
7 1.515 1.4264
4 1.7925 1.5861
7 2.1225 2.0912
7 0.075 0.2221
5 2.655 2.6574
7 1.5 1.4491
6 1.44 1.4592
4 1.815 1.8135
4 1.9275 1.8132
7 0.0375 0.2832
4 2.325 2.7304
6 1.1475 1.0739
4 2.7375 2.6764
6 1.905 1.982
5 2.175 2.2637
4 2.8425 2.4625
4 1.215 1.2924
5 1.905 2.2172
5 1.05 0.8525
6 1.68 1.7051
4 0.3675 0.4149
5 0.0525 0.3463
4 2.82 2.505
5 2.6325 2.6928
6 2.535 2.5729
5 0.45 0.3942
6 2.37 2.4761
6 0.4425 0.3072
7 0.6 0.5728
5 0.135 0.3295
7 1.53 1.5855
4 1.5 1.6218
5 2.7525 2.7072
5 2.835 2.6377
6 2.16 2.2323
7 0.4275 0.468
4 1.0275 1.2554
5 1.485 1.7126
7 1.4775 1.3498
5 1.2375 1.1997
6 1.7325 1.7987
7 2.5725 2.6257
5 1.17 1.1853
4 0.285 0.748
6 2.685 2.5454
5 1.17 1.1098
7 2.13 2.1298
4 2.1375 2.5363
7 2.37 2.5202
6 2.9475 2.7393
4 1.0575 0.9484
6 2.805 2.7692
7 2.4975 2.6091
4 1.845 1.8749
5 1.2825 1.3102
4 1.7325 1.5904
6 1.995 1.8359
7 2.2275 2.2885
5 0.21 0.6576
4 1.98 2.3811
6 1.425 1.3584
5 0.8625 0.6996
7 1.47 1.409
6 2.205 2.2164
4 0.225 0.4003
5 2.94 2.7842
4 0.9825 0.6807
6 2.295 2.6912
4 2.46 2.5158
5 1.8075 1.916
4 1.8225 1.8643
4 1.0275 1.1301
5 1.545 1.5099
5 2.0775 2.4347
6 2.52 2.571
7 1.8825 1.8587
4 1.2975 0.734
7 2.055 1.4676
7 1.335 1.3254
7 0.0075 0.3508
5 1.455 1.4054
4 2.0025 2.0136
5 1.62 1.7074
6 1.2375 1.1705
7 0.57 0.6617
5 1.8525 1.7679
6 1.995 1.8684
7 2.01 1.9511
4 0.315 0.3701
5 2.7225 2.5092
4 2.985 2.3767
6 2.2125 2.2387
4 1.3275 1.389
7 2.8575 2.7758
6 0.3975 0.4115
4 2.67 2.3593
6 0.63 0.4353
7 2.82 2.7827
5 1.62 1.7638
6 2.4375 2.7317
5 1.4625 1.3904
4 2.49 2.5714
6 0.84 0.8066
7 0.6 0.531
7 1.185 1.1804
4 1.9725 2.11
5 0.915 0.6699
7 1.905 1.9133
5 0.87 0.8375
4 0.9075 0.5084
7 1.6575 1.6916
6 0.6675 0.3933
5 2.1675 1.8852
6 2.4075 2.5555
4 2.0625 2.3486
6 1.6425 1.5686
4 1.815 1.8414
4 2.925 2.2983
4 2.9175 2.5697
7 1.1175 1.1805
6 1.9125 2.0718
4 1.6725 1.6226
4 1.6275 1.6289
6 1.455 1.4669
6 0.03 0.2912
7 0.825 0.7887
4 1.065 0.8202
7 2.43 2.5004
5 0.33 0.2893
4 2.7975 2.6443
7 0.3 0.2395
6 1.32 1.332
7 0.675 0.8447
4 0.6225 0.7218
4 1.5 1.449
4 2.6625 2.6647
5 0.6975 0.6841
7 2.1 2.086
6 1.98 2.0689
7 2.5875 2.6062
6 0.735 0.4061
4 2.715 1.8343
6 1.2525 1.2165
7 1.6875 1.617
7 1.71 1.7045
6 2.685 2.7067
7 0.36 0.2496
4 1.65 1.6834
6 0.765 0.8724
5 1.2525 1.2767
5 1.7625 1.704
7 2.25 2.2932
5 0.495 0.357
6 0.765 0.4125
7 0.975 0.8271
6 1.41 1.3982
6 0.8325 0.7759
4 2.88 2.466
5 1.6575 1.6782
6 1.62 1.6664
4 0.945 0.5912
4 2.1375 2.624
5 2.16 2.6582
4 2.8575 2.6682
4 2.565 2.625
6 0.3975 0.2269
7 1.9725 2.1356
6 2.745 2.8126
4 1.4025 1.3958
7 1.845 1.8988
7 2.49 2.3792
7 2.8875 2.6356
6 1.0725 1.2065
4 1.605 1.503
6 1.8675 1.93
5 0.045 0.327
4 1.4925 1.5803
7 1.17 1.0634
6 2.67 2.618
7 1.0425 1.158
7 2.1075 2.1707
6 1.8375 1.9619
6 1.26 1.3218
7 0.6525 0.6304
6 1.3425 1.2617
4 0.57 0.4663
7 1.9425 1.9274
4 1.98 2.3798
4 1.0425 0.885
6 0.2475 0.1252
5 0.03 0.3595
4 0.2925 0.4519
4 2.8275 2.6112
7 1.5975 1.5167
4 0.9975 1.1702
4 1.68 1.944
5 2.6775 2.4597
4 0.105 0.4632
7 0.4575 0.2873
7 0.8925 0.7127
7 1.1775 1.2058
6 2.4375 2.5091
5 2.9625 2.7131
7 1.1025 1.1636
6 2.19 2.1403
7 0.0225 0.3563
6 2.475 2.5879
6 1.665 1.6676
6 0.8025 0.732
5 1.68 1.6375
7 0.78 0.6598
6 0.9675 1.089
7 2.925 2.7789
5 0.345 0.2603
5 2.94 2.5992
6 2.5575 2.3714
7 0.8775 1.0166
4 0.4725 0.7243
6 0.1425 0.2051
5 0.195 0.3335
6 1.8 1.868
7 0.945 0.9555
7 0.255 0.3958
5 1.545 1.6302
6 0.195 0.2785
7 0.795 1.9008
7 1.8375 1.9053
4 1.3725 1.4175
6 1.7925 1.9121
7 1.5075 1.4165
4 2.5275 2.5779
4 1.0875 0.9631
7 2.1 2.1579
7 2.685 2.6185
4 2.8125 2.6133
4 2.9175 2.43
7 2.145 2.1679
4 2.9925 2.6397
7 2.7975 2.831
4 2.16 2.4108
7 2.94 2.8269
6 1.605 1.5795
4 0.2175 0.3804
6 1.725 1.7429
7 2.805 2.7471
5 0.5175 0.5768
5 1.59 1.6193
7 1.0425 1.0221
4 1.575 1.428
4 0.945 0.6587
6 2.4825 2.6494
4 0.7125 0.429
6 2.7675 2.7776
4 0.7275 0.8259
5 2.9025 2.6295
6 2.8275 2.7141
7 1.5975 1.6054
7 0.7875 0.7174
6 1.56 1.6234
4 2.7675 2.4354
7 1.9425 1.9254
4 2.7225 2.2619
5 2.2125 2.6231
6 2.1675 2.1775
7 1.965 2.0727
7 1.8075 2.2594
6 0.015 0.2956
5 2.8425 2.5802
4 1.14 1.1996
6 0.945 0.8295
4 1.305 1.3264
6 0.09 0.2369
5 2.475 2.1555
4 2.4225 2.6342
6 1.1475 1.3022
4 2.22 2.5368
7 1.515 1.432
4 1.9875 2.2812
4 0.585 0.4893
4 1.7325 1.7052
6 2.205 2.3496
5 1.7625 1.7662
7 2.5875 2.7373
6 1.635 1.6199
4 2.3625 2.3703
5 2.5125 2.4355
6 2.205 2.4282
4 0.8775 0.792
5 0.495 0.3506
7 1.5975 1.6329
4 2.49 2.405
6 0.525 0.4177
7 1.575 1.5498
6 2.415 2.4883
7 0.255 0.2924
4 2.49 2.5001
4 2.7825 2.6883
5 1.9125 1.9
6 1.3725 1.397
7 2.5125 2.6101
5 1.4925 1.5261
4 2.0775 2.0224
6 2.1675 2.2294
4 1.86 2.0252
4 0.7875 0.9362
7 2.1075 2.1073
4 0.855 0.8627
6 1.2675 1.1674
6 1.0125 0.9217
7 0.225 0.3049
7 1.9875 2.0513
4 0.1575 0.4069
5 2.19 2.2451
6 1.0875 1.0532
4 2.4825 2.4276
5 0.7275 0.6497
6 0.39 0.312
6 2.61 2.6285
7 1.5075 1.5427
6 2.325 2.6554
5 2.6325 2.6016
5 0.105 0.3237
6 1.425 1.3404
4 0.81 0.4945
7 2.34 2.5209
5 1.5525 1.5547
7 2.6625 2.7545
6 2.745 2.4715
7 1.2 1.1761
7 0.7875 0.7828
5 0.15 0.3495
5 0.1875 0.4145
4 0.66 0.5504
4 2.0175 2.1644
7 0.735 0.8535
5 2.7525 2.6056
6 0.3075 0.5188
6 1.935 2.0084
4 1.2075 1.3999
6 2.235 2.3764
7 1.4625 1.3692
6 2.0925 2.1375
6 1.08 1.0321
6 2.7975 2.6341
5 0.4275 0.6154
7 2.2275 2.174
6 0.945 0.7414
7 1.5225 1.4598
7 0.5925 0.5224
4 2.8575 2.3369
4 1.1175 1.1207
6 1.7925 1.8319
7 1.02 0.9494
6 2.745 2.7797
7 0.21 0.3044
4 0.51 0.6435
6 1.0275 1.0677
5 2.01 2.028
7 0.4875 0.2857
6 2.865 2.603
4 2.1975 2.4025
5 1.605 1.7378
5 1.605 1.6064
7 1.4625 1.5104
6 0.6825 0.3153
5 2.55 2.5852
4 0.7125 0.6675
4 1.9425 2.6172
4 0.435 0.6461
4 2.34 2.7073
6 0.6225 0.4309
6 0.165 0.3729
4 1.215 1.3693
6 0.3375 0.3428
6 1.5675 1.5736
5 2.91 2.6541
5 0.945 0.2528
6 1.2675 1.4114
5 2.925 2.6858
5 0.4725 0.4959
6 0.1575 0.4633
7 2.3325 2.2092
4 1.6125 1.5707
6 0.1575 0.1823
7 2.775 2.5129
5 0.81 0.9271
4 1.2825 1.2827
7 1.7775 1.7107
4 0.7875 0.7163
4 0.2625 0.3496
4 1.6875 1.4264
4 0.6 0.5799
7 0.5325 0.5201
4 0.825 0.5132
4 0.9375 1.0033
7 2.9925 2.794
6 1.4925 1.4299
4 2.775 2.2786
7 1.77 1.7443
5 1.575 1.5755
6 2.31 2.5585
6 0.03 0.4008
6 2.6175 1.8605
6 1.515 1.5952
4 2.3775 2.6186
6 0.8175 0.5658
5 0.795 0.9925
4 2.4075 2.4641
7 1.9725 2.0816
6 1.3125 1.3076
7 0.9375 1.033
6 1.9425 1.8537
7 2.4525 2.7699
4 0.135 0.2467
7 0.72 0.6977
4 0.6975 0.8682
7 2.6775 2.5654
4 2.3925 2.3931
4 2.6325 2.6264
5 2.925 2.6921
5 2.805 2.6148
7 0.75 0.7736
6 2.1075 2.1338
6 1.815 1.9181
6 1.4775 1.5352
5 0.9225 0.8059
5 0.9 0.8864
7 1.035 1.0557
5 1.26 1.2726
5 2.2425 2.5052
7 2.4825 2.3779
7 2.565 2.6143
7 0.8025 0.6951
6 2.91 2.6901
6 2.46 2.7509
7 0.735 0.6869
5 0.5925 0.8214
6 1.0875 1.1488
4 2.4375 2.5516
7 2.6925 2.8493
7 0.8475 0.8456
4 1.245 0.9861
5 2.685 2.5439
7 0.72 0.7445
4 0.5325 0.483
4 0.9 0.412
5 2.805 2.593
7 0.09 0.2343
5 1.92 1.7919
7 1.515 1.5515
7 0.81 0.829
7 0.4575 0.6563
4 0.12 0.6831
6 1.875 1.9004
5 0.39 0.3231
6 0.7875 0.5991
7 2.9925 2.8099
4 2.52 2.3038
5 1.3725 1.4547
7 0.96 0.997
6 0.42 0.4728
4 1.2675 1.2333
4 1.68 1.9188
6 0.975 0.7882
4 0.1725 0.8579
5 0.8475 0.4213
6 2.0025 1.8754
6 2.055 2.3363
5 1.425 1.3028
7 2.325 2.2448
6 2.67 2.6176
4 1.3575 1.2517
5 1.125 0.9959
6 1.695 1.6648
7 0.8325 0.6001
4 2.9775 2.4143
5 0.2925 0.3468
4 2.34 2.6375
7 2.9925 2.693
6 0.81 0.7117
4 1.77 1.8075
6 1.0425 0.9932
4 2.6025 2.4963
4 1.38 1.4041
7 0.9 0.9665
4 2.6475 2.3827
7 1.65 1.6558
4 2.655 2.5634
7 1.035 1.052
5 0.225 0.3252
6 1.23 1.1101
6 2.3625 2.3903
4 0.165 0.6481
7 0.9 0.8286
6 2.1675 2.3023
7 1.7325 1.7593
6 1.5525 1.5379
6 2.1675 2.4092
5 0.6075 0.803
7 1.65 1.6968
4 2.25 2.6125
4 1.62 1.5159
7 1.4475 1.5373
7 2.595 2.6446
7 0.1875 0.1967
5 0.6225 0.4872
4 2.4525 2.6128
6 1.38 1.4703
7 0.15 0.3225
4 1.3875 1.1675
7 2.7675 2.7724
7 0.57 0.4813
5 2.76 2.5862
6 0.4875 0.5874
5 2.8425 2.4571
7 1.8975 1.9649
5 2.43 2.5779
4 2.4675 2.5754
7 2.5875 2.731
5 0.9975 1.0779
5 2.7075 2.7519
4 1.155 1.1425
6 1.44 1.4776
7 0.555 0.5859
6 1.2825 1.2953
7 1.1925 1.16
5 1.935 1.9102
7 0.1725 0.2028
5 2.4 2.3299
6 2.5125 2.3516
5 0.1875 0.2879
6 2.3475 2.1113
7 2.2425 2.1946
4 1.26 1.2679
7 0.0225 0.1285
5 0.4575 0.2546
6 0.5625 0.2897
7 0.3525 0.4673
6 1.815 1.7192
6 0.27 0.2485
5 0.1725 0.3713
6 0.12 0.501
5 2.8725 2.6552
5 1.6725 1.7196
6 2.4225 2.7923
4 2.475 2.4629
6 0.45 0.321
4 0.885 1.0856
4 2.8575 2.5747
5 0.39 0.4507
5 0.015 0.19
7 1.1325 1.1495
6 1.9125 1.8435
4 1.065 1.0618
5 0.405 0.2391
7 0.42 0.261
6 1.0125 0.8856
5 1.86 1.7832
5 1.125 1.1406
6 2.2425 2.4214
5 2.4525 2.5555
7 0.285 0.3821
6 2.7 2.6125
7 0.045 0.2017
4 0.2775 0.3011
7 1.1475 1.1698
4 2.9475 2.5892
5 2.5425 2.6549
6 2.7075 2.6393
4 1.725 1.7702
7 1.4775 1.3109
4 0.225 0.5434
6 1.365 1.3789
7 1.02 1.0284
5 1.59 1.7398
5 1.0725 1.0781
7 0.015 0.4816
4 2.1975 2.5897
7 0.8775 0.6241
6 2.1 2.2498
4 0.3675 0.449
5 2.265 2.647
7 0.795 0.8727
6 1.2675 1.2832
7 0.45 0.4267
5 1.785 1.809
5 2.61 2.6355
7 1.2675 1.2776
4 0.8325 0.4258
5 1.1325 1.2101
4 2.5725 2.2787
5 1.2075 1.09
7 1.5825 1.6118
4 0.7125 0.3229
4 1.245 1.3273
6 1.245 1.2473
7 0.9075 0.8801
5 0.795 0.8452
5 0.8325 0.5195
6 2.5725 2.3708
6 2.955 2.72
7 2.8275 2.8006
7 2.505 2.4955
7 2.6175 2.5036
7 1.0125 0.9588
5 1.965 2.0827
4 0.0825 0.5192
6 1.8225 1.7477
5 2.5425 2.4477
4 0.78 0.687
7 1.8975 1.9079
6 2.0175 1.896
6 2.2425 2.2796
7 0.945 0.9817
4 1.395 1.3029
7 0.3 0.178
7 0.84 0.842
6 1.305 1.3579
6 0.735 0.3672
7 1.8525 1.8841
5 1.29 1.2675
6 0.39 0.3646
7 2.64 2.7991
7 2.2275 2.2657
6 2.025 2.0727
4 2.355 2.337
6 1.62 1.6904
4 1.9575 1.6288
4 2.5275 2.1821
5 2.295 2.5652
4 2.7825 2.6343
6 0.195 0.4931
5 0.36 0.2882
5 0.4425 0.4117
4 2.5125 2.4886
7 1.575 1.5413
5 2.4525 2.6097
5 1.8 1.6985
5 0.4275 0.7548
7 1.8975 1.9165
6 0.435 0.4308
4 1.215 1.1891
7 0.6225 0.4117
7 1.9275 1.9059
4 1.4625 1.3021
7 1.4925 1.3387
4 2.025 2.5535
4 2.3775 2.4968
7 0.2175 0.1965
7 2.3625 2.3445
6 0.8025 0.799
7 2.955 2.7468
4 2.475 2.4955
6 0.495 0.3632
7 0.8025 0.762
4 1.5 1.4557
4 2.355 2.3244
7 2.94 2.8147
7 2.4375 2.3793
5 1.5075 1.5251
6 1.7775 1.7888
7 0.9675 0.8643
6 1.7775 1.7559
6 2.07 2.0859
5 0.825 0.4276
5 0.2625 0.5217
6 2.0775 1.9482
5 1.695 1.7194
5 2.7675 2.6945
5 2.7675 2.6805
7 0.1425 0.1487
4 1.5375 1.8156
6 2.2725 2.2955
5 2.7375 2.71
7 1.7775 1.666
4 1.2 0.8004
7 1.5225 1.4934
7 2.985 2.7708
5 1.3275 1.4394
6 2.19 2.3808
6 1.875 1.8616
6 0.8325 0.8334
6 2.1825 2.2303
7 2.3175 2.4249
7 2.43 2.6302
7 1.9725 1.871
5 2.3775 2.2096
7 1.275 1.2191
4 1.185 0.9133
6 0.3675 0.2993
4 1.53 1.4375
5 1.5 1.6017
6 1.8675 1.8743
6 2.6775 2.64
4 0.0225 0.4854
5 1.0575 0.9484
4 2.61 2.6267
6 2.775 2.5948
7 0.2325 0.3151
4 0.855 0.4211
6 0.6675 0.705
6 0.0825 0.1763
7 2.6775 2.6436
5 0.45 0.507
4 0.6825 0.5803
4 2.6175 2.5108
4 2.37 2.1947
6 0.2175 0.2061
7 1.4775 1.4447
7 1.815 1.8957
6 0.7575 0.9766
6 1.5 1.5269
5 0.4425 0.367
4 1.68 2.1572
7 1.125 1.2114
5 1.08 1.0486
7 1.6275 1.6103
6 2.91 2.6643
5 2.505 2.7128
5 2.5725 2.6172
6 0.36 0.3976
4 2.3025 2.3147
4 1.1625 0.7826
7 0.045 0.1606
5 2.37 2.4478
6 1.4775 1.4453
7 0.165 0.2259
4 2.19 2.2872
4 2.835 2.4233
6 2.7225 2.723
7 2.67 2.5392
4 0.5775 0.7839
6 2.94 2.7862
6 1.095 1.101
7 0.5925 0.5565
5 0.105 0.3653
7 0.8175 0.7336
6 1.6425 1.554
7 0.345 0.1112
6 2.7 2.8405
5 2.2725 2.5781
7 1.65 1.6349
4 1.635 1.611
5 0.915 0.9725
6 1.7925 1.7821
4 0.51 0.6734
6 0.7425 0.6468
4 0.6675 0.6466
6 1.425 1.446
5 0.5625 0.5088
7 2.175 2.2826
6 1.965 1.9181
5 0.4575 0.5472
4 2.355 2.3703
4 0.525 0.3667
5 2.37 2.8146
5 1.0725 1.1666
6 0.0525 0.2635
7 2.31 2.2502
4 1.7175 1.6275
7 0.39 0.2285
6 1.26 1.2228
5 2.7075 2.6218
4 0.2775 0.5087
4 0.66 0.6277
4 1.8675 1.8813
6 0.0375 0.2176
6 1.1775 1.0252
6 2.2725 2.2155
5 0.4725 0.5293
7 2.1075 2.1118
4 1.8 1.8481
4 0.9525 0.855
4 1.5675 1.5237
7 0.4725 0.3397
6 1.7325 1.7219
7 0.9525 0.8913
4 0.105 0.4418
7 0.3825 0.4084
7 1.53 1.4802
4 2.2575 2.2367
5 1.8 1.8678
6 0.2925 0.2305
6 2.715 2.4658
6 1.845 1.9573
5 2.7225 2.6227
6 2.64 2.5882
5 1.2675 1.4223
5 2.5575 2.6877
5 1.065 1.0201
4 2.5575 2.2991
7 0.0525 0.1491
7 2.5425 2.7409
6 2.31 2.4118
7 0.51 0.5152
7 2.46 2.3301
5 0.8625 0.7163
7 2.205 2.1966
7 0.0975 0.2461
6 1.6275 1.5505
4 0.72 1.0104
4 1.56 1.6057
7 2.25 2.4057
6 1.3875 1.3638
6 0.6825 0.3467
5 2.175 2.0288
5 2.775 0.0422
5 1.965 2.0748
6 0.3 0.3767
4 0.2925 0.4177
4 0.3975 0.3071
4 2.76 2.6056
6 2.4375 2.8368
7 2.805 2.7421
4 0.3675 0.4282
5 2.715 2.7144
4 0.93 0.4796
6 0.585 0.554
5 0.3075 0.4089
6 0.7125 0.3198
5 1.545 1.5134
4 1.4925 1.5634
7 0.135 0.3121
5 0.81 0.3992
7 2.76 2.7438
6 1.1025 1.0054
4 1.215 1.2986
4 2.85 2.5388
6 2.325 2.3586
5 2.7525 2.6411
4 2.145 2.455
5 1.5075 1.5881
7 2.8875 1.5993
5 2.175 2.275
7 1.4025 1.4453
6 2.1975 2.0937
5 0.1425 0.292
7 1.5525 1.551
4 1.245 1.2783
4 1.035 1.1537
4 0.315 0.6251
5 0.465 0.4126
5 1.725 2.038
5 2.5425 2.5843
5 2.2875 2.488
7 2.895 2.7189
5 2.9025 2.6621
4 1.8 1.6276
4 0.2775 0.4007
5 0.225 0.3307
4 1.2375 1.0358
6 0.1875 0.2985
4 2.58 2.6225
5 0.9675 1.0581
5 0.165 0.336
6 2.355 2.1492
4 1.3425 1.4645
5 1.32 1.191
4 1.0425 1.095
4 2.445 2.55
5 1.38 1.1814
4 1.4925 1.2524
5 2.2275 2.484
4 2.6025 2.2797
4 0.585 0.4476
4 2.7075 0.0583
7 1.8075 1.7983
4 1.005 0.5007
4 0.6525 0.4304
4 0.9825 0.6385
4 2.5725 2.5473
7 2.655 2.6633
6 0.705 0.5407
6 1.9575 1.8787
6 1.3275 1.2509
5 2.505 2.3468
4 2.3175 2.5677
5 2.9925 2.6983
4 0.9675 0.8164
7 2.475 2.6438
4 0.36 0.4125
6 2.325 2.2976
5 1.35 1.1382
7 1.1325 1.1957
4 2.8275 2.5617
4 2.3925 2.5107
7 2.4 2.2707
6 0.9975 1.0396
7 1.5 1.5367
6 1.3275 1.3105
5 2.325 2.3317
6 2.04 1.9632
6 2.565 2.5001
4 2.3625 2.4072
4 1.2525 1.0636
7 2.3325 2.2928
7 1.9575 1.9155
5 0.285 0.3718
5 1.77 1.8604
6 0.9075 0.7982
5 1.11 0.9867
4 0.525 0.3519
4 2.835 2.4259
4 0.5475 0.3017
6 2.5875 2.6891
7 1.2525 1.2072
4 1.395 1.5989
7 1.0875 0.9982
4 0.4725 0.3984
7 1.32 1.2807
4 1.5 1.5267
6 1.17 1.049
4 1.2975 1.313
4 1.4475 1.4382
5 1.005 1.0652
6 2.31 2.0806
4 0.3 0.4623
5 2.5575 2.4632
4 2.7825 2.4288
7 2.4975 2.401
4 0.8625 0.7427
7 2.625 2.6438
4 1.2525 1.2296
6 2.8275 2.8304
7 0.225 0.2556
5 0.9825 1.1823
4 0.99 0.8524
5 2.5125 2.4513
5 2.115 2.0923
6 1.9725 1.9318
4 2.31 2.4338
4 2.2725 2.4257
5 2.4 2.6136
6 2.7975 2.7569
4 1.5675 1.5987
6 0.1125 0.5198
5 2.43 2.6216
6 2.355 2.4606
5 1.89 1.8232
4 2.58 2.4875
7 1.32 1.2427
7 1.455 1.487
4 2.6775 2.4465
7 2.85 2.8935
6 0.735 0.5788
6 1.5675 1.5119
6 2.955 2.6503
7 1.53 1.5305
6 0.8775 0.9164
7 2.8125 2.6793
4 1.59 1.6449
7 0.93 1.0079
6 0.5025 0.1801
6 1.2675 1.2668
4 2.01 2.0531
5 2.1525 2.2269
4 2.445 2.2367
4 2.4375 2.7073
6 2.1225 2.1314
7 0.4575 0.2919
4 0.06 0.3559
7 1.1925 1.1653
7 0.45 0.3501
4 0.525 0.4464
4 1.1775 1.1647
6 1.665 1.6882
4 2.625 2.5844
5 2.1975 2.6041
5 0.1875 0.3228
7 2.6025 2.6506
6 1.155 1.1839
4 1.695 1.8109
4 0.24 0.3673
7 1.98 2.0683
4 2.625 2.4659
4 1.59 1.6003
4 1.065 0.3818
7 2.3925 2.2809
5 1.29 1.1501
6 2.4825 2.7688
6 1.1625 1.1222
5 1.68 1.7222
7 2.46 2.4905
5 2.5125 2.6671
4 0.2175 0.3253
5 0.0375 0.3152
6 2.6925 2.7007
7 1.95 1.9582
5 1.35 1.3477
5 2.4975 2.6636
4 2.2275 1.8203
4 2.685 2.6193
4 1.9275 2.3426
5 2.94 2.684
6 2.2725 2.2267
6 0.57 0.237
4 0.9375 1.1336
4 2.2575 2.5971
4 2.04 2.4013
7 0.57 0.5457
6 0.21 0.3706
5 0.42 0.4632
5 2.64 2.5259
5 1.8375 1.9496
6 0.8325 0.8849
4 2.91 2.2734
6 0.72 0.8115
5 1.425 1.4498
4 1.065 0.9395
7 2.4675 2.4601
6 1.65 1.7385
4 1.515 1.6715
7 0.525 2.3907
5 0.3 0.6596
6 1.0275 1.0576
4 1.395 1.4487
5 0.78 0.761
7 0.5775 0.6108
4 1.2675 1.2625
7 0.3825 0.2156
5 0.6 0.3768
5 1.2975 1.4039
6 2.3625 2.5287
4 1.4325 1.519
5 0.1125 0.4998
5 1.56 1.4379
4 1.9575 2.2666
7 2.415 2.2158
5 0.51 0.4981
7 1.1775 1.1929
5 1.0725 0.8408
6 2.5875 2.6855
5 2.73 2.2304
4 1.71 1.6988
7 0.42 0.492
5 2.1675 2.2431
5 0.975 0.9457
6 1.905 2.0878
5 2.025 1.8818
5 1.605 1.5
4 0.87 0.3024
6 0.39 0.3189
4 2.01 2.2065
7 1.935 1.9975
7 2.0325 1.9462
6 2.1975 2.2603
4 0.6675 0.515
4 1.14 1.0119
6 1.77 1.7794
4 1.32 1.4171
4 0.8625 0.6358
4 0.6 0.4087
5 0.3975 0.6229
7 2.2725 2.3961
5 2.79 2.6969
5 1.875 1.8787
5 0.855 0.7805
4 0.6525 0.373
6 2.22 2.6679
5 1.425 1.5092
4 0.66 0.5733
5 1.14 1.14
4 2.2875 2.6022
4 2.0775 2.1017
4 0.6525 0.2937
6 1.2675 1.3472
4 1.9575 1.9
5 2.34 2.1426
5 1.4325 1.4303
4 1.215 0.7036
4 1.98 2.2114
7 2.7075 2.6635
6 2.6775 2.5734
4 2.175 1.9061
4 0.81 1.0472
7 0.6075 0.5698
7 0.7875 0.7771
7 1.2525 1.133
5 1.725 1.7724
6 1.665 1.6142
5 0.3 0.2171
4 0.6375 1.0006
6 0.48 0.5708
4 1.3275 1.1005
6 1.845 1.7653
7 0.1125 0.2692
5 1.6425 1.514
7 0.12 0.2897
5 1.7025 1.7668
5 0.0675 0.6418
7 1.56 1.5333
4 2.37 2.6676
4 0.5925 0.2745
5 0.5775 0.6302
5 2.505 2.1876
4 1.1625 0.5965
4 2.115 2.4136
4 0.675 0.3818
6 2.4525 2.7332
6 2.55 2.6368
7 1.7475 1.6644
5 2.475 2.3791
6 0.9975 0.9305
7 1.0875 0.9823
6 1.44 1.4788
6 1.0425 1.0556
6 1.905 2.0453
4 0.135 2.7239
6 1.59 1.4655
7 1.725 1.7267
4 1.6875 1.9606
5 1.8 1.9663
5 0.72 0.5614
6 0.285 0.1908
4 0.48 0.5725
4 1.005 1.4255
4 1.5225 1.6676
6 1.17 1.016
7 2.34 2.27
5 0.495 0.2181
6 0.705 0.467
4 0.705 0.3717
4 1.32 0.9066
6 0.9225 1.016
5 1.155 1.0872
5 1.29 1.2118
6 1.98 2.0721
7 0.015 0.2524
6 1.125 1.1825
6 0.4125 0.3422
7 0.405 0.4562
6 2.205 2.3182
7 0.42 0.2601
7 0.3075 0.1645
6 0.4425 0.389
5 0.435 0.5275
5 1.185 1.2239
7 0.33 0.2562
4 1.8375 2.1166
6 0.99 1.051
6 0.48 0.1905
5 2.43 2.7808
5 0.0225 0.4353
4 0.6825 0.3415
6 1.8 1.8626
7 1.5375 1.521
6 2.6025 2.6686
7 1.1175 1.0471
4 0.2325 0.4369
7 0.855 0.7672
5 0.6225 0.5315
5 2.6775 2.5308
5 1.5075 1.5959
7 1.1175 1.0172
7 2.52 2.7591
6 1.8825 1.8957
5 1.44 1.5097
6 1.3875 1.4248
5 0.09 0.2929
4 1.9425 2.0868
5 0.9 0.5614
5 2.01 1.9223
5 2.025 1.9464
7 0.1575 0.3217
6 2.46 2.5381
5 2.3625 2.5678
4 0.33 0.4574
4 2.0625 2.1589
7 1.6425 1.8202
7 2.205 2.1149
6 2.775 2.7034
4 1.4325 1.3464
5 0.42 0.3504
6 2.445 2.6781
6 0.21 0.2889
6 1.785 1.7637
6 0.885 0.8364
4 0.375 0.7228
7 0.375 0.3107
6 0.3675 0.3101
6 0.045 0.3664
6 1.875 1.8846
4 0.27 0.6846
6 0.21 0.5434
7 2.3775 2.4536
6 0.3675 0.0639
6 1.395 1.4608
4 0.2475 0.4471
4 2.2125 2.3609
5 1.305 1.3787
5 2.8425 2.6398
5 1.395 1.4075
6 0.1425 0.2058
7 2.6775 2.7689
4 1.74 1.7038
4 2.4975 2.5701
4 0.0375 0.3831
6 1.4925 1.4086
7 1.7775 1.8871
6 1.6275 1.6342
5 0.84 0.7815
6 1.035 1.0206
5 2.9325 2.5189
7 1.725 1.7622
4 1.74 1.5061
7 1.2675 1.2951
6 2.4375 2.2006
5 1.2 1.1282
5 1.2825 1.2328
5 1.065 1.1653
6 0.465 0.3215
7 2.8725 2.7892
5 1.38 1.4816
7 0.615 0.6439
4 1.4475 1.3499
4 0.6675 0.6961
7 2.565 2.9715
7 1.0575 1.0178
5 2.67 2.4611
4 1.26 1.3918
4 2.2575 1.7219
5 0.69 0.6779
6 1.3275 1.2898
4 2.1675 2.7218
5 0.8175 0.4434
7 0.765 0.8525
4 1.4925 1.6913
4 1.6725 1.7162
6 1.2675 1.3497
7 1.98 2.0727
4 2.34 2.663
6 0.6675 0.5179
5 2.4075 2.5356
5 2.6925 2.6134
5 0.075 0.3594
5 2.8275 2.6349
6 2.0025 2.0961
6 0.0375 0.2408
6 0.1725 0.4509
4 1.53 1.5531
5 2.565 2.6342
6 1.3875 1.3413
7 2.4675 2.2919
7 1.155 1.1111
4 0.4725 1.1381
4 2.6025 2.1627
4 0.2325 0.3398
6 1.9575 1.9942
4 1.275 1.18
7 1.7175 1.6668
6 0.51 0.2311
7 1.74 1.8375
5 2.3925 2.2156
6 2.3625 2.4401
5 2.46 2.4316
5 0.72 0.8997
6 1.4025 1.4949
4 0.615 0.5834
7 0.2175 0.2891
5 2.7075 2.6819
4 0.5025 0.5285
4 1.0425 1.1102
5 1.245 1.1872
6 1.1475 1.1903
7 2.1975 2.1392
7 2.43 2.3482
7 0.48 0.4189
7 1.1025 1.1915
4 0.96 0.8228
6 0.8775 0.8435
7 2.25 2.2995
4 0.3825 0.3678
4 2.22 2.4311
6 2.4075 2.6212
7 2.25 2.2522
4 2.64 2.6167
5 1.05 0.7983
6 2.46 2.7429
4 1.605 1.6148
4 0.3825 0.316
5 2.925 2.6967
4 1.41 1.2174
6 0.435 0.2878
6 0.15 0.3688
6 0.72 0.7769
5 2.4525 2.639
4 2.1225 2.5373
4 0.6225 0.4691
5 2.265 2.4359
7 1.2525 1.2665
6 0.54 0.5327
4 2.3775 2.3232
7 2.0025 1.9962
5 2.58 2.458
6 2.0175 2.0681
5 1.5375 1.6755
6 0.735 0.7651
5 2.0475 2.1089
7 0.585 0.5492
7 1.6425 1.7041
4 2.0775 2.0293
4 2.445 2.6564
7 1.44 1.5367
5 1.6725 1.7115
6 1.7325 1.9153
5 2.19 2.0153
4 1.245 0.7728
7 0.8775 0.8428
5 2.235 2.3281
4 0.675 0.4955
7 2.4 2.4846
7 0.99 0.9912
6 2.1675 2.1827
4 1.845 1.9618
4 1.05 1.2064
5 1.4025 1.4657
6 2.9025 2.7613
4 2.8875 2.6758
5 2.085 2.2368
5 0.12 0.1959
7 2.4375 2.4957
4 2.2275 2.0835
6 2.1375 2.1416
4 0.87 0.5577
6 1.815 1.7483
5 2.97 2.5549
5 2.46 2.7017
6 2.4225 2.7492
5 2.0775 2.2782
4 1.29 1.1371
5 0.81 0.3536
5 1.245 1.1617
5 0.4725 0.2557
5 0.645 0.7288
4 0.345 0.3934
6 2.3325 2.188
4 0.135 0.4175
6 1.4025 1.3475
5 2.1375 2.2631
4 1.7325 1.7808
4 0.21 0.2856
4 1.9425 2.0054
7 1.335 1.3315
5 2.91 2.6673
5 2.6175 2.565
6 2.6475 2.6236
6 0.0675 0.2773
4 2.8725 2.4588
4 2.7825 2.7206
7 2.565 2.7252
7 2.4825 2.3649
4 2.3475 2.6072
7 0.24 0.4971
6 0.315 0.3147
5 2.745 2.6104
4 0.5325 0.376
6 0.6825 0.7593
6 2.745 2.663
4 0.3675 0.5431
4 1.875 1.9538
4 1.395 1.4604
5 1.17 1.1266
4 2.5725 2.3714
5 1.125 1.3676
6 0.2625 0.2382
5 1.23 1.0709
6 0.0825 0.2685
7 0.945 1.051
4 0.2625 0.7476
5 0.87 0.6124
4 1.6875 1.6125
5 2.625 2.5803
6 1.9575 2.0628
4 2.625 2.6103
7 0.645 0.5533
4 2.2575 2.2725
4 1.71 1.7156
5 2.2575 1.9356
6 1.5675 1.7025
5 0.93 1.0188
7 0.7275 0.5407
5 1.77 1.8436
7 2.19 2.3194
6 1.095 1.1312
5 1.2975 1.4306
7 2.625 2.5872
7 0.5325 0.5795
6 1.65 1.745
7 1.6425 1.7545
6 2.535 2.7037
4 0.8625 0.9449
7 2.6475 2.5753
4 0.96 0.5984
5 2.835 2.5108
4 1.305 0.9724
5 2.25 2.2831
7 2.895 2.7887
4 2.25 2.469
6 1.8225 1.9
7 1.605 1.6863
4 1.8 2.0401
4 0.5475 0.3802
5 2.16 2.0898
7 2.775 2.7614
6 2.91 2.637
4 1.8075 1.9972
5 2.8275 2.6309
5 0.165 0.3982
6 2.6925 2.7105
5 2.4 2.7209
7 0.9375 0.9886
5 2.7375 2.5857
4 1.9275 2.0509
4 2.115 2.4158
5 0.6825 0.7808
6 2.865 2.7448
6 0.435 0.0818
7 0.96 0.9314
4 1.95 2.092
4 0.0075 0.342
4 0.5175 0.5233
6 1.4775 1.3684
6 1.92 1.8423
4 1.4625 1.4127
6 0.4875 0.4988
7 0.435 0.463
5 1.2075 2.1026
6 1.155 1.3239
4 2.8425 2.5039
6 1.7925 1.748
4 2.0625 2.3264
5 1.26 0.9994
6 1.0125 0.9705
5 1.635 1.6443
6 0.03 0.2816
6 2.3325 2.6535
5 0.8475 0.4965
4 1.05 0.9803
4 0.4425 0.3966
4 1.5675 1.5816
7 1.4775 1.4215
6 0.735 0.8217
7 2.295 2.2445
5 1.3275 1.1447
4 2.355 2.4789
5 1.0425 0.6912
6 0.405 0.3996
5 2.94 2.5743
5 0.435 0.4513
7 2.4825 2.8564
4 1.0725 0.7178
5 2.49 2.6488
5 0.3075 0.4358
5 2.46 2.734
6 1.9125 1.9251
6 0.555 0.4442
7 0.435 0.4384
5 2.76 2.625
4 2.7675 2.5565
7 1.0875 1.0948
6 2.655 2.602
6 1.245 1.2536
4 2.73 2.5571
6 1.4325 1.3619
6 0.03 0.3262
7 1.275 1.2875
4 1.35 1.2271
6 0.5175 0.2
5 2.9325 2.6725
7 1.815 1.9092
5 2.1 2.1015
5 0.3525 0.2634
5 1.2225 1.1663
6 1.7175 1.7467
4 1.2375 1.1035
5 2.805 2.6358
4 2.3925 2.5564
6 0.3525 0.4374
6 1.305 1.2126
7 1.5075 1.5972
7 1.635 1.5576
4 2.52 2.3291
6 1.1175 1.0856
6 0.9075 0.8953
5 1.125 1.3246
7 0.345 0.1809
7 0.7125 0.8136
6 0.5175 0.4419
7 0.6 0.5031
4 0.0 0.3054
7 2.4375 2.5243
4 1.635 1.8964
5 1.425 1.5387
7 2.7975 2.5252
7 2.9925 2.7764
7 0.54 0.3516
5 2.055 2.0553
7 2.145 2.1738
7 0.5025 0.4221
6 2.9925 2.7523
5 1.155 1.1163
5 1.53 1.4502
4 0.105 0.3795
7 0.9 0.9896
4 1.6725 1.6245
7 0.885 0.9996
7 2.0775 2.1372
6 0.1725 0.2883
7 1.05 1.1262
4 0.1125 0.4665
7 2.07 1.9903
4 0.0075 0.4401
4 2.745 2.5351
7 1.2825 1.2238
7 1.245 1.2085
4 1.29 1.7541
7 0.3 0.2399
4 1.65 1.9255
6 0.0375 0.4497
6 1.2525 1.2059
6 2.325 2.5213
4 0.225 0.4958
4 2.2275 2.4863
6 1.47 1.5117
4 1.395 1.4002
4 0.7125 0.5598
4 0.06 0.3691
5 2.235 2.6329
4 0.435 0.474
4 1.875 2.0394
6 2.6925 2.7426
6 2.07 2.1721
7 2.07 2.1199
6 0.21 0.3659
7 1.815 1.7748
7 0.69 0.6191
5 1.455 1.5431
5 0.2625 0.3607
6 1.08 1.0771
4 0.225 0.3635
4 1.5525 1.6961
6 0.42 0.2164
4 1.08 1.0972
6 1.95 2.0374
4 0.285 0.3214
7 0.0075 0.2274
7 0.33 0.3262
5 1.335 1.4742
7 0.2175 0.2297
7 1.02 1.0041
4 2.25 2.5049
7 2.115 2.0299
7 1.47 1.4593
4 1.905 2.127
6 2.295 2.6385
7 2.0775 2.0362
6 0.1125 0.2703
7 2.5575 2.4561
5 2.8425 2.6892
7 0.8775 0.776
7 1.965 2.0448
4 2.13 2.1436
4 2.0025 1.827
7 1.1475 1.0871
7 1.905 2.0141
5 2.565 2.6411
6 2.325 2.2585
7 1.0125 1.0248
6 1.9275 1.9996
7 0.705 0.6034
4 0.4725 0.4898
7 0.225 0.3989
7 2.475 2.6927
7 0.1875 0.119
6 2.7375 2.7643
7 2.1825 2.1983
5 1.485 1.6638
4 2.3175 2.5034
6 1.5075 1.4357
4 1.4475 1.2845
7 0.12 0.2845
6 0.69 0.8349
5 2.97 2.7738
5 1.98 2.0725
4 2.82 2.3988
5 0.255 0.8604
5 2.5875 2.5797
6 2.0325 2.0331
4 1.2825 1.2529
4 1.605 1.5725
4 1.44 1.2571
5 2.28 2.1542
5 0.0525 0.2937
5 2.16 2.2028
5 2.8875 2.6752
6 1.7625 1.7856
4 1.9725 2.1295
5 2.2425 2.7771
4 0.105 0.415
4 1.1325 1.006
6 1.0275 0.9933
7 1.395 1.4874
7 0.9825 0.9979
7 2.925 2.654
4 2.8425 2.6644
6 1.4775 1.6872
4 2.1075 2.2842
7 1.2375 1.2033
7 2.7825 2.6307
6 2.46 2.7591
4 1.56 1.6035
5 1.7175 1.7051
5 0.42 0.6188
7 2.235 2.2904
6 2.7825 2.6841
4 1.0875 1.0247
7 0.21 0.2431
6 1.2225 1.2748
5 2.4075 2.1263
4 0.645 0.5376
4 0.975 1.0557
6 0.7575 0.7445
6 1.995 1.976
7 1.665 1.6907
7 1.05 1.1217
6 0.45 0.1275
7 0.195 0.1795
6 2.985 2.83
4 1.5375 1.3136
4 2.415 2.2346
5 0.18 0.3478
5 0.1425 0.6342
4 0.1575 0.4851
6 0.72 0.7457
6 0.81 0.7437
7 1.1025 1.0934
6 0.5925 0.4784
7 2.7675 2.8173
4 0.6 0.702
7 1.11 1.1036
4 2.1825 2.5291
7 2.4225 2.4049
4 1.38 1.2551
7 2.7375 2.7814
5 2.4975 2.4225
5 2.8575 2.7039
5 2.1225 2.2543
7 0.9675 0.936
4 0.585 0.4626
5 2.175 2.6753
4 1.7775 1.5714
5 0.0 0.3593
4 1.1625 1.2782
5 1.6425 1.7491
7 2.685 2.7608
4 0.555 0.3227
5 2.925 2.5955
5 0.69 0.5548
5 2.085 2.2527
5 2.6175 2.4113
7 0.24 0.2144
4 2.9925 2.5886
6 1.785 1.7389
5 2.9925 2.3219
6 1.8825 1.9438
5 0.855 0.3214
6 2.19 2.3274
7 2.1225 2.166
4 2.415 2.4077
5 1.86 1.7411
4 0.4875 0.3658
4 2.0775 2.0888
5 1.0425 0.992
5 2.0175 1.991
5 0.1875 0.3265
6 1.8 1.7659
7 2.7675 2.7109
6 2.145 2.066
5 2.0325 2.2413
7 2.3775 2.3201
6 1.6125 1.6636
6 0.6 0.38
6 0.0 0.292
4 2.5275 1.966
6 2.295 2.4004
7 2.64 2.7042
6 0.915 1.0633
5 0.2775 0.4063
4 0.7875 0.3122
5 0.15 0.4649
5 2.3175 2.6311
4 0.7575 0.6429
5 1.02 1.1225
5 1.845 1.9137
6 1.1325 1.1501
7 0.5775 0.834
7 0.555 0.5829
4 1.545 1.516
5 0.1875 0.2587
4 1.4775 1.4351
6 2.775 2.7265
7 1.095 1.1515
4 0.6525 0.4
7 2.8875 2.8396
6 0.195 0.2852
7 1.2525 1.1758
6 1.38 1.2734
7 1.755 1.8384
7 0.8925 0.967
7 0.435 0.1754
6 0.6225 0.2615
4 0.96 0.7584
5 1.14 0.8342
7 2.13 2.2534
7 0.8625 0.9293
5 2.685 2.3223
4 2.79 2.5327
6 0.735 0.6893
5 2.7375 2.7398
5 2.595 2.3956
4 1.5975 1.2669
6 2.1075 2.1635
6 2.0925 2.0776
7 2.6325 2.7501
6 2.0625 2.2294
5 0.165 0.7151
5 2.505 2.6685
6 0.165 0.1893
7 0.945 1.0341
5 0.4425 0.4226
4 1.0125 0.716
6 2.4225 2.3698
5 2.9475 2.669
6 2.6775 2.677
6 0.8175 0.7854
4 2.01 2.2333
6 2.3175 2.4955
7 0.6675 0.6594
5 0.8025 1.0829
6 1.2 1.1823
6 0.0225 0.2344
7 0.2625 0.1923
5 0.81 0.5944
7 1.485 1.4381
6 0.225 0.303
6 2.4 2.7422
7 1.8825 1.9204
4 2.805 2.5266
5 1.3125 1.1738
5 2.67 2.6186
5 2.1075 2.0892
4 2.8875 2.514
7 0.8925 0.9258
4 1.035 1.1727
7 0.63 0.6906
5 0.435 0.3675
4 1.7325 1.5504
4 0.945 1.0787
4 1.725 1.8384
5 2.295 2.4111
5 2.5725 2.6728
7 0.8175 0.7681
7 2.49 2.6762
6 1.7175 1.7524
5 0.3975 0.3265
4 2.445 2.5845
5 1.2 1.3994
4 0.99 0.8624
7 0.375 0.2751
5 1.1025 1.0477
6 2.9025 2.5347
4 1.5675 1.7382
4 0.72 0.4388
5 0.855 0.471
4 1.5075 1.5371
7 0.1725 0.2568
7 1.095 1.1129
6 0.405 0.3674
7 2.805 2.6832
7 1.11 1.1074
6 2.9775 2.8058
6 0.045 0.4695
6 2.2725 2.6807
5 2.0775 2.1537
7 2.265 2.3996
7 2.43 2.485
5 2.7075 2.6758
4 0.75 0.8258
7 0.15 0.2712
7 2.01 2.0213
4 0.75 0.3799
6 0.8775 0.7889
5 1.155 1.0325
6 2.07 2.3
6 1.29 1.2428
5 0.18 0.2497
4 1.74 1.9209
5 0.1275 0.4502
6 2.1375 2.2688
7 2.8125 2.5903
6 0.7425 0.3916
6 1.2075 1.176
5 1.7025 1.7793
4 2.835 2.4828
7 2.9925 2.7409
4 0.255 0.514
4 2.28 2.0265
7 0.1125 0.1421
4 2.49 2.6978
7 0.2175 0.2341
6 2.2575 2.0732
6 0.8325 0.7956
4 2.5125 2.4734
6 2.6625 2.7139
4 1.35 1.2709
7 0.6 0.7049
6 1.5675 1.5933
6 2.94 2.7141
7 1.1625 1.1784
5 2.655 2.5885
4 0.45 0.675
6 2.655 2.7792
6 2.4675 2.4805
6 1.3575 1.3311
7 0.5025 0.4209
4 0.525 0.4844
4 0.0825 0.4041
6 1.0725 1.2029
4 2.0625 2.2909
5 0.5025 0.4144
6 2.91 2.673
4 0.0825 0.42
6 0.3525 0.3083
5 2.88 2.6054
5 0.7275 0.6088
7 1.3425 1.4201
4 2.6325 2.6053
5 0.555 0.3469
7 1.59 1.6092
5 1.755 1.6942
7 1.665 1.738
6 2.4 2.6814
7 2.1 2.1035
5 2.94 2.6374
7 0.93 0.839
7 2.115 2.0861
4 0.105 0.522
5 0.8775 0.939
5 2.235 2.515
4 1.8075 1.5762
7 2.205 2.2107
5 1.095 1.1857
5 1.665 1.6777
6 0.7575 0.6207
7 0.795 0.7265
4 2.0175 1.8453
4 0.24 0.3379
7 0.2025 0.4065
6 2.2125 2.2586
6 2.895 2.6416
7 2.43 2.5099
6 1.2525 1.3278
7 1.3725 1.4445
5 0.2025 0.3103
7 2.8275 2.7092
5 2.985 2.4353
6 2.6475 2.5958
5 2.4675 2.6495
7 1.05 1.014
7 0.18 0.2114
6 1.2375 1.2725
6 1.125 1.0534
6 0.255 0.4114
4 1.0575 0.9302
4 1.395 1.293
7 1.365 1.3335
7 0.48 0.3979
4 1.0125 1.1499
6 2.1975 2.1038
7 1.815 1.8124
7 2.2575 2.3271
6 2.49 2.3706
6 1.5675 1.6042
7 2.88 2.8165
4 0.1575 0.3587
7 2.205 2.1126
7 2.8275 2.7079
7 2.655 2.7738
7 2.7 2.7268
5 0.0825 0.3278
6 0.6 0.7216
4 2.505 2.7112
4 0.3675 0.3801
7 1.4625 1.5179
4 2.16 2.0385
6 0.3375 0.3791
5 0.7275 0.476
4 1.785 1.8838
6 2.55 2.7245
4 0.975 1.1677
7 1.8 1.8186
4 2.73 2.385
7 1.9875 2.0164
4 0.8325 0.4751
4 1.6275 1.4938
4 1.5825 1.5954
6 1.6425 1.635
7 0.69 0.6264
4 0.885 0.5804
5 0.135 0.409
5 1.6875 1.6337
7 2.31 2.2567
5 2.2875 2.5013
6 0.8025 0.8409
5 2.1075 2.2005
7 2.3475 2.1925
6 1.6725 1.8087
5 2.865 2.6518
7 0.66 0.5577
5 2.8875 2.6206
6 1.5225 1.5646
6 0.12 0.6033
6 0.675 0.4145
5 2.685 2.6142
7 0.855 1.6902
6 0.315 0.3125
7 2.8275 2.756
5 1.5675 1.491
5 0.87 0.9297
6 1.4625 1.5212
4 0.2775 0.8082
5 0.12 0.2562
6 2.9175 2.5944
6 0.24 0.3373
5 2.4975 2.5209
5 2.0175 2.0265
5 2.49 2.3544
7 1.08 1.1346
5 0.4725 0.5639
4 1.6425 1.8341
6 2.85 2.602
5 2.565 2.6809
6 2.355 2.3256
7 0.1725 0.1383
5 1.71 1.6296
7 1.755 1.7341
4 2.8425 2.6111
6 1.7175 1.7372
5 0.3375 0.5028
6 2.5575 2.7315
6 1.1925 1.1221
7 0.4275 0.3084
5 0.075 0.2984
5 2.2275 2.6439
6 2.925 2.7682
5 0.39 0.3636
4 1.365 1.3185
7 1.0425 0.9589
7 0.36 0.1699
6 2.0325 2.063
6 2.85 2.5585
5 0.9825 1.0391
6 1.17 1.1445
4 0.2475 0.7594
6 0.6825 0.6276
7 2.1825 2.1675
5 2.2575 2.6339
5 0.0675 0.3593
6 2.3925 2.3347
6 2.5425 2.775
6 1.965 1.9383
5 0.0375 0.258
5 0.8775 0.9364
5 1.695 1.7778
7 0.345 0.3747
6 2.085 2.0959
6 0.3825 0.347
5 1.35 1.1685
5 2.595 2.5114
6 0.435 0.3501
4 0.9375 0.7427
7 2.1675 2.2191
5 2.4 2.1436
6 0.5925 0.6525
6 2.1975 2.1342
6 2.82 2.6233
6 1.2525 1.2152
4 2.3775 2.0862
4 0.72 0.5714
4 1.4175 1.6173
7 0.1725 0.1785
7 2.175 2.2189
6 1.335 1.3001
7 1.5675 1.5904
5 1.2 1.2419
5 2.34 2.4692
5 2.37 1.995
6 2.4225 2.5914
7 1.0275 1.0955
6 2.07 2.0024
7 0.225 0.161
7 0.57 0.2506
4 2.82 2.5639
7 1.665 1.6251
6 0.7275 0.7282
4 1.065 1.0325
6 0.99 1.06
5 0.945 0.7572
7 1.0575 1.016
5 2.91 2.4231
7 2.4825 2.3924
5 2.7225 2.1777
5 0.075 0.4344
5 2.7525 2.6908
5 1.05 0.9862
6 0.06 0.4622
5 0.8025 0.8721
7 2.6025 2.7965
5 2.925 2.7428
6 2.2875 2.0362
7 1.3575 1.2693
6 0.03 0.5553
6 1.4025 1.3911
4 2.805 2.5552
5 0.7725 0.9024
7 0.0525 0.3725
7 0.21 0.1686
7 2.1375 2.0851
4 1.62 1.8108
7 1.26 1.3016
5 2.34 2.2488
5 2.7525 2.7215
6 1.7625 1.7695
5 1.0275 1.0562
5 2.8725 2.5934
4 1.4325 1.5076
7 2.5425 2.5612
6 0.7575 0.8305
7 1.185 1.0375
4 2.5275 2.4857
4 0.18 0.4249
6 1.2825 1.2476
7 2.9925 2.6657
5 1.8675 2.0313
4 0.66 0.2706
4 2.025 1.7536
4 2.5875 2.2716
7 2.8425 2.822
4 1.86 1.78
7 0.795 0.7382
7 0.705 0.6302
5 1.7325 1.7875
6 1.02 1.0527
6 1.485 1.5145
7 0.7125 0.6771
6 1.62 1.7608
7 2.1 2.0273
4 1.7325 1.818
7 1.635 1.577
5 0.1875 0.3293
7 1.965 1.9983
7 2.25 2.2838
5 2.6175 2.4958
4 2.865 2.3918
7 0.165 0.2299
4 2.5575 2.5689
7 0.8925 0.9497
6 0.6225 0.2745
5 2.0025 2.2173
5 0.1575 0.3958
7 2.46 2.3117
7 1.5225 1.4277
7 1.635 1.6658
7 1.155 1.1558
7 1.9125 1.9505
6 2.0175 2.0362
7 1.545 1.5795
7 0.2325 0.2996
6 2.1525 2.1358
4 1.6575 1.7208
5 2.595 2.5354
6 0.825 0.9268
7 0.705 0.7587
5 2.46 2.4228
7 2.7825 2.8427
7 0.5475 0.7255
7 2.2425 2.1838
5 1.92 1.9775
7 2.0475 2.0595
4 2.055 1.974
7 0.0375 0.2324
4 0.6525 0.7361
7 2.0925 2.0089
7 1.3875 1.4113
5 0.2475 0.5811
6 0.0075 0.2687
5 0.4575 0.4093
7 2.64 2.5141
4 0.2025 0.4265
7 2.865 2.8396
7 0.7575 0.5628
4 0.0375 0.2543
6 1.695 1.7206
7 2.5575 2.7736
5 2.9325 2.6751
7 0.69 0.7078
4 2.805 2.5445
5 1.8375 1.9015
6 1.3425 1.3599
4 0.6 0.4009
5 0.9825 0.9348
7 2.085 2.0841
5 2.415 2.6767
4 1.83 1.994
6 2.1975 2.266
5 2.025 2.0031
6 1.905 1.8229
5 2.1675 2.6669
4 2.1375 2.3776
4 0.5925 0.3295
5 2.8275 2.7175
6 2.61 2.3572
6 0.5925 0.5009
6 2.43 2.7315
5 0.3075 0.3075
4 2.5575 2.4173
5 0.3825 0.3901
4 0.405 0.47
7 1.2975 1.3072
7 1.1175 1.141
6 2.2725 2.6368
4 0.705 0.7848
6 0.5625 0.2016
7 0.1575 0.3435
4 1.4175 1.5528
7 1.0725 1.182
7 1.62 1.7498
5 2.0925 2.4224
5 2.865 2.7201
6 0.8325 0.7922
5 0.9825 0.8695
6 2.145 2.0778
7 1.7925 1.8056
4 2.1 2.3402
5 2.49 2.3602
6 2.0175 2.0224
4 0.9825 0.9215
7 1.26 1.2481
4 1.1925 1.1352
7 1.935 1.8761
7 0.4425 0.2419
6 1.6875 1.6689
7 1.2975 1.3505
5 1.47 1.4723
6 0.7575 0.7348
7 2.07 2.0648
4 0.2025 0.3625
7 1.5 1.3743
4 0.0975 0.4859
4 1.1175 0.6844
6 1.7625 1.7962
5 0.8325 0.8189
5 0.2175 0.3203
4 1.0875 1.0168
6 0.6 0.22
6 0.15 0.2762
4 1.0125 0.4318
4 1.065 1.313
4 0.465 0.5282
7 2.01 2.0821
4 2.7375 2.6666
4 2.835 2.6599
7 1.0875 1.0612
6 0.0675 0.2241
6 2.2425 2.315
6 2.025 2.1041
5 0.0825 0.3099
7 1.23 1.1696
4 1.71 1.8788
6 2.4975 2.6865
7 1.515 1.5699
5 1.5225 1.598
7 0.045 0.1596
5 0.1125 0.2296
4 1.755 1.7546
6 0.3225 0.1968
5 2.4 2.5394
6 1.7775 1.7067
4 2.5425 2.656
5 2.8425 2.6023
5 2.67 2.5199
5 1.77 1.8014
5 1.56 1.3997
4 0.465 0.5659
7 1.905 1.9304
6 2.61 2.7052
4 2.67 2.3655
6 1.5675 1.6158
4 0.5175 0.6781
7 2.8125 2.7842
4 2.295 2.5083
7 0.9825 1.0738
5 2.94 2.7392
7 2.145 2.2306
4 1.74 1.7803
5 0.4275 0.6764
5 1.7025 1.5887
4 1.6575 1.57
5 2.6775 2.7331
6 2.91 2.6594
5 2.1075 2.295
7 0.9525 0.9755
6 0.9 0.8121
7 0.8925 1.0158
6 0.4575 0.4841
7 0.06 0.2683
7 0.0375 0.2339
5 0.885 0.747
6 0.9525 0.8849
4 1.0275 0.5454
6 0.0675 0.1819
4 2.805 2.4422
4 0.2925 0.5481
4 1.02 0.8432
5 2.0775 2.209
4 1.7175 1.6326
6 1.6275 1.6234
4 2.565 2.6805
7 0.2475 0.3519
7 2.2575 2.259
4 2.7225 2.4617
4 2.055 2.1989
5 2.715 2.5701
5 2.8425 2.6717
6 1.845 1.8571
4 2.5425 2.6504
4 0.7575 0.5573
5 0.06 0.4135
5 2.0475 2.0067
7 2.46 2.4779
5 0.6975 1.0142
4 0.225 0.6597
7 0.495 0.3642
6 0.615 0.6719
6 0.135 0.2607
4 1.605 1.4416
6 0.5625 0.5438
4 0.78 0.7488
5 1.515 1.4358
7 1.245 1.2227
6 2.1525 2.2131
7 0.7425 0.7946
7 1.635 1.7466
7 1.0275 1.0238
5 0.3825 0.4523
7 2.7375 2.6485
5 0.2925 0.5738
6 0.1425 0.5116
6 2.475 2.7472
5 2.6475 2.7473
6 0.6375 0.2384
6 1.965 2.0546
6 0.3075 0.3712
7 0.375 0.2264
6 1.23 1.2309
6 0.12 0.2458
5 2.775 2.0807
4 0.465 0.4727
7 2.3175 2.4735
6 1.6725 1.5925
7 1.68 1.6217
7 1.365 1.3448
7 1.1775 1.2546
6 0.8925 0.9804
4 2.07 1.9893
6 0.39 0.3941
5 1.215 1.1154
7 2.43 2.4426
5 1.6725 1.7643
6 1.02 0.971
6 1.0725 1.1446
6 2.3175 2.251
4 1.185 1.0341
5 0.075 0.3239
7 1.335 1.4051
4 1.365 0.6953
4 1.215 1.1093
5 2.2125 2.517
6 1.9875 2.2026
4 2.5425 2.5306
6 1.575 1.6279
7 1.3575 1.3245
7 1.725 1.6971
6 0.4575 0.1771
7 1.8 1.819
7 2.7075 2.2877
5 0.21 0.3414
7 2.4525 2.5729
7 1.005 1.0816
6 1.2375 1.1583
5 2.34 2.6917
7 1.965 1.9306
6 0.7875 0.7038
5 2.805 2.7433
6 0.3225 0.381
5 0.9075 1.0486
5 2.67 2.5117
6 2.46 2.6795
4 1.455 1.4959
5 1.5525 1.727
7 1.4325 1.409
5 1.3425 1.3008
5 2.3775 2.5586
4 0.315 0.3079
6 2.9175 2.7515
4 2.79 2.0372
6 1.4025 1.4062
5 1.9125 1.9723
7 0.105 0.3258
5 1.6275 1.6195
5 2.5725 2.2733
6 2.655 2.6898
7 2.9475 2.7926
6 1.98 2.0073
4 0.915 0.4886
7 0.0525 0.1955
5 1.665 1.6448
7 0.15 0.2903
7 2.895 2.7555
7 2.4675 2.3303
6 1.38 1.4804
4 0.645 0.5004
5 2.4 2.6675
7 2.52 2.7449
6 0.3075 0.6311
5 0.6675 0.5658
6 1.575 1.5928
5 1.38 1.2913
7 0.66 0.7175
5 0.1725 0.3057
6 0.645 0.5122
5 1.1025 0.9595
7 0.2475 0.2387
4 1.3575 1.3206
5 2.1975 2.0427
6 2.5725 2.6803
6 2.415 2.5186
6 1.305 1.2889
4 1.3875 1.3393
4 0.9075 1.1087
7 0.96 0.8891
5 2.265 2.2885
4 2.5875 2.4599
6 1.635 1.7248
5 2.6925 2.5178
6 0.525 0.6823
4 0.9825 0.5749
5 1.2825 1.2986
6 2.145 2.1407
6 0.5925 0.3722
5 1.1475 1.1934
5 2.97 2.6775
7 2.6025 2.5049
4 2.505 2.4235
4 2.6775 2.5298
4 0.8775 0.6313
6 1.005 0.8556
7 2.2725 2.3755
4 2.2275 2.431
7 0.72 0.5296
7 0.1575 0.2403
7 1.695 1.7929
5 2.865 2.5667
4 1.5225 1.657
6 2.0475 2.1422
4 2.5425 2.1251
4 0.9075 0.9572
6 0.06 0.3941
5 1.98 1.8057
6 0.4125 0.3039
7 1.4325 1.4388
6 1.7025 1.6952
6 1.2825 1.2516
6 1.95 2.0334
5 2.37 2.5947
4 0.1875 0.3768
4 1.3575 1.2557
7 0.03 0.2733
6 0.33 0.2428
4 1.38 1.3949
7 0.465 0.1823
7 2.16 2.2935
6 0.36 0.32
4 1.17 1.3499
6 0.1725 0.1588
7 1.65 1.6013
6 1.7175 1.8037
7 1.695 1.7322
4 0.855 0.5037
6 0.3 0.3044
5 0.195 0.3376
6 1.6275 1.798
6 2.25 2.4205
5 1.785 1.7991
6 2.7075 2.6822
6 1.395 1.3681
4 0.3825 0.5503
6 2.7975 2.2972
5 1.8975 2.0314
7 0.495 0.4359
4 0.09 0.4658
4 1.965 1.7123
7 2.5125 2.7601
5 2.895 2.6148
4 0.0225 0.5964
4 0.7575 0.4628
4 1.335 1.3846
5 2.7375 2.5575
5 2.2725 2.2754
4 0.5475 0.6109
7 1.77 1.6904
5 1.02 1.0407
5 1.2 1.2325
6 0.135 0.1068
7 0.6225 0.525
6 1.0275 0.9405
4 0.15 0.7354
4 2.61 2.6258
7 2.4525 2.6695
7 1.635 1.6012
4 1.83 1.663
5 2.4975 2.7777
4 2.8125 2.599
6 1.065 1.0909
6 1.05 1.137
5 0.8175 0.3118
4 1.2525 1.0442
6 2.5275 2.7608
4 0.165 0.2966
5 1.1325 1.3513
7 0.4425 0.6172
7 2.835 2.6848
6 2.67 2.59
7 0.0075 0.2761
6 0.555 0.1547
7 1.83 1.6954
6 1.65 1.5725
6 2.5875 2.6825
4 2.1825 2.1105
7 0.0975 0.2866
6 1.4625 1.5995
6 2.6025 2.5999
5 0.9675 0.6732
4 1.7175 1.7183
7 1.9875 1.949
4 2.1375 1.9011
5 1.95 2.251
5 0.6675 0.3143
5 2.7675 2.736
6 2.7075 2.6478
4 2.1675 1.9721
4 1.6725 1.6731
6 1.6725 1.6071
4 1.92 2.105
6 0.705 0.5565
5 1.9125 2.085
5 2.9475 2.6065
4 0.375 0.4819
4 2.325 2.3719
7 1.005 0.9851
5 2.7525 2.7992
5 1.875 1.8883
5 0.105 0.3593
4 2.8575 2.6328
6 1.2675 1.2412
4 0.525 0.5376
7 1.38 1.3516
4 1.1775 1.0616
4 2.73 2.0299
4 1.5975 1.9078
4 0.975 1.0807
4 0.96 0.4982
4 1.215 1.0472
4 2.1 1.5873
7 0.3075 0.2505
6 2.31 2.1278
7 0.945 1.0414
7 0.1875 0.2558
7 1.6575 1.5903
7 0.075 0.1673
5 2.9775 2.5095
4 0.0 0.4339
5 1.7325 1.6697
7 0.57 0.6571
4 2.265 2.5335
5 2.265 2.5266
6 0.78 0.4431
5 1.9125 1.8931
5 1.53 1.3491
5 0.555 0.485
6 2.0925 1.9552
5 2.46 2.423
6 2.1825 2.1555
7 2.865 2.4875
4 1.2675 1.1035
4 1.845 1.9178
7 0.4125 0.4297
5 1.9125 2.057
7 1.845 1.9527
5 0.4275 0.3222
6 1.155 1.0512
5 0.5775 0.2897
5 0.615 0.6601
7 0.6075 0.3468
4 1.0875 0.945
4 1.0125 1.1399
4 2.34 2.599
6 1.38 1.4464
7 2.955 2.856
4 2.8125 2.4368
7 0.015 0.166
7 0.3675 0.3446
5 1.2 1.1765
7 2.2725 2.173
6 1.4925 1.4016
5 1.1025 1.2888
5 2.4 2.1479
5 2.9325 2.7013
4 1.23 1.1815
6 0.105 0.4368
5 1.5825 1.6495
4 2.415 2.5356
7 0.2025 0.1827
6 0.9525 0.8897
4 0.1575 0.6354
6 0.12 0.3901
7 0.57 0.402
6 1.5675 1.4702
4 2.0475 2.1588
5 1.08 1.0391
5 1.56 1.4831
5 0.5475 0.6347
4 2.16 2.3396
7 2.4975 2.4553
6 0.915 0.9803
7 1.1325 1.1156
4 0.1725 0.6294
6 0.5625 0.2058
6 1.47 1.4675
5 2.1 2.1879
7 2.2425 2.3134
5 2.13 2.0522
5 1.2225 1.2691
7 2.385 2.596
6 1.3125 1.2302
5 0.075 0.2634
5 2.28 2.3131
6 2.1075 2.1781
5 1.4475 2.1497
4 2.0325 2.3606
4 0.21 0.3405
4 2.52 2.2838
7 1.6575 1.7284
6 2.4075 2.3683
7 2.985 2.6817
6 2.1825 2.2377
4 0.1875 0.6071
5 1.905 1.912
5 0.135 0.4754
6 0.9 0.8581
4 0.1575 0.883
7 0.51 0.5403
4 2.415 2.5043
4 0.48 0.9273
4 2.73 2.5252
5 0.69 0.3913
5 1.4775 1.5494
4 1.8 1.973
5 1.9125 1.9094
5 1.5375 1.5586
5 1.8075 1.9884
4 1.74 1.9141
4 0.1275 0.4369
5 1.47 1.4407
7 1.935 1.9288
5 2.3775 2.6057
7 0.8325 0.69
4 0.24 0.4555
6 1.725 1.7808
4 0.2175 0.5668
4 0.225 0.4647
5 1.0125 1.0722
7 1.9725 2.0201
4 2.6625 2.5296
5 0.3225 0.392
7 0.765 0.6692
4 2.28 2.5156
7 1.2225 1.2628
6 1.4625 1.4131
6 2.2425 2.2023
6 0.2625 0.4364
5 2.13 2.0766
6 2.3175 2.5836
5 2.385 2.3103
4 2.7075 2.556
5 0.3075 0.333
5 0.165 0.3853
6 0.0975 0.4965
4 1.9425 2.4236
5 2.0925 2.3175
6 2.8125 2.5971
4 1.4925 1.4659
4 1.6725 1.8068
6 0.99 0.8153
7 0.0 0.217
4 0.015 0.5725
7 0.3525 0.1845
5 0.2475 0.4019
7 1.095 1.0891
7 1.65 1.7359
6 0.4425 0.212
7 1.935 1.8858
6 1.275 1.3059
4 2.0625 2.4663
7 1.335 1.4191
6 2.88 2.789
6 1.905 1.7927
5 0.39 0.2578
4 2.295 2.608
4 2.37 2.4472
6 1.74 1.7517
4 2.1975 2.199
5 2.6025 2.5197
6 0.4425 0.7857
7 2.655 2.8632
7 2.94 2.7568
5 0.375 0.2931
6 1.98 1.8771
7 1.575 1.5916
7 0.42 0.3591
7 0.885 0.8584
4 2.4525 2.5611
7 2.025 2.0045
5 2.175 2.1238
7 1.3425 1.3879
4 1.095 0.38
5 1.4025 1.4679
4 2.805 2.1695
4 2.3625 2.3117
7 0.015 0.1786
5 2.9025 2.7067
5 2.73 2.5451
5 1.7475 1.7683
5 2.7075 2.6153
7 1.65 1.7249
6 0.1125 0.2549
4 0.4275 0.3511
4 1.3575 1.4358
4 1.005 0.9076
4 1.1175 0.5555
4 2.7675 2.3835
6 1.02 0.9595
6 1.605 1.565
7 2.52 2.4023
5 1.92 1.9465
7 1.08 1.0011
5 2.1525 2.1199
4 2.715 2.6003
6 1.1775 1.1725
4 1.245 1.4871
7 1.605 1.6027
6 2.9175 2.6725
5 1.5525 1.5751
7 0.3225 0.24
6 2.9625 2.8121
4 2.2875 2.5968
4 0.7575 0.6914
5 1.98 1.9387
7 1.275 1.2833
4 1.6575 1.5022
5 0.9825 1.0581
6 0.435 0.3772
4 0.825 0.7484
7 0.555 0.4856
6 1.905 1.8066
4 1.05 0.6979
6 1.455 1.4413
6 2.3175 2.2841
4 1.095 1.0255
7 2.58 2.6627
5 0.5175 0.7279
5 1.83 1.7537
6 0.4875 0.8095
4 2.7975 2.628
4 0.405 0.5504
7 0.495 0.4881
6 0.0225 0.1659
6 1.845 1.7112
7 1.92 1.8789
6 1.5525 1.5691
4 1.395 1.3075
4 1.41 0.1403
7 0.2775 0.222
6 1.4775 1.4959
4 2.3625 2.3157
4 1.965 1.9667
6 1.92 1.7676
7 1.23 1.2728
5 2.6625 2.5504
4 0.8175 0.8461
6 1.785 1.8365
6 1.6875 1.8463
6 0.4875 0.3561
7 1.35 1.3469
5 1.7775 1.7711
6 1.4475 1.342
4 1.6875 1.5997
7 1.125 1.1128
7 0.2475 0.2944
6 2.085 2.2396
4 1.47 1.3505
5 1.5075 1.4783
5 0.03 0.2749
7 2.835 2.7127
5 0.48 0.4511
4 0.39 0.5451
6 0.8625 0.7919
4 2.67 2.4553
6 1.1475 1.0992
7 1.38 1.3832
6 1.9275 1.9292
4 2.6925 2.6039
5 2.9175 2.558
6 1.665 1.7811
6 1.2375 1.3127
4 1.5225 1.2789
4 0.63 0.3972
7 2.49 2.5888
6 0.0525 0.3414
6 0.7875 0.6053
5 0.9675 0.8938
7 2.325 2.2863
7 1.425 1.375
4 0.78 0.9466
7 1.5075 1.5456
4 1.1475 1.0802
6 0.09 0.1173
5 2.3175 2.1596
6 0.5325 0.4941
7 0.5175 0.513
5 2.2725 2.634
6 1.8075 1.7895
6 2.6475 2.8328
7 1.05 1.0516
6 0.4575 0.2136
6 0.885 0.9238
7 2.5425 2.7679
6 2.2125 2.2822
4 0.5475 0.3872
7 0.9825 0.9979
6 0.045 0.2271
7 1.62 1.6108
5 0.2025 0.406
7 0.5775 0.5356
6 1.2975 1.2646
4 2.325 2.6146
5 2.58 2.6417
4 2.205 2.6048
5 0.51 0.6093
6 0.135 0.3416
5 2.2575 2.5529
4 0.6 0.6255
7 1.6125 1.5216
4 0.495 0.7201
7 1.8675 1.8149
7 1.8675 1.8706
7 1.365 1.5217
6 0.9075 0.9026
5 0.99 1.1365
6 0.0225 0.1431
6 1.9725 1.8433
7 0.0525 0.1678
7 2.5575 2.7626
6 1.8825 1.8506
7 1.9275 1.9355
7 2.505 2.9019
6 1.0725 1.1891
7 1.68 1.5997
7 0.1875 0.3421
6 1.29 1.2965
6 0.525 0.3448
6 1.8825 1.8891
7 1.4025 1.3901
6 0.4425 0.2122
7 2.3025 2.4872
5 2.745 2.5083
6 1.605 1.7634
7 2.1075 2.1565
7 1.4175 1.4885
4 0.6525 0.4054
4 1.8375 2.3367
4 1.53 1.4766
6 2.475 2.753
4 2.655 2.6441
7 2.895 2.7755
7 0.3075 0.342
7 2.055 1.9903
4 0.5625 0.4072
7 2.6625 2.6994
6 1.4625 1.467
4 2.685 2.5473
6 0.765 0.7137
7 0.7575 0.7324
5 2.325 2.5134
7 1.1025 1.1652
4 1.425 1.3763
4 0.1275 0.8527
5 0.7575 0.557
4 2.1 2.6575
6 2.3175 2.2264
4 1.65 1.6493
4 1.1325 1.0672
5 1.47 1.2875
6 1.59 1.7153
6 2.3775 2.6447
5 1.9275 2.0151
6 0.1575 0.2793
7 1.5075 1.383
4 0.15 0.3575
6 0.6825 0.3121
7 0.345 0.2977
4 0.225 0.4933
5 1.77 1.5661
5 2.6775 2.4237
4 0.795 0.5824
5 1.7325 1.8842
6 1.59 1.5271
4 0.33 0.3964
6 2.34 2.6712
7 1.9125 2.0313
7 1.725 1.7376
5 2.5125 2.4805
7 1.0875 1.1313
4 2.325 2.699
6 2.5575 2.7675
7 1.6425 1.5926
5 1.89 1.8985
5 1.1925 1.2017
7 0.5175 0.6644
4 0.9075 0.7607
7 1.02 0.9774
7 1.77 1.8336
6 2.6175 2.832
5 1.2675 1.2964
7 0.6075 0.4628
7 2.265 2.2564
6 2.46 2.6529
4 1.0125 0.6013
7 2.1975 2.1354
5 0.2925 0.4856
6 2.7375 2.8438
5 1.7175 1.7539
4 2.8575 2.5929
7 1.8 1.7073
5 1.2525 1.1793
7 1.59 1.5884
6 2.52 2.4995
6 2.4 2.5037
6 0.1875 0.2923
4 1.6425 1.6453
7 2.52 2.4642
6 2.7075 2.4746
7 2.22 2.1879
4 2.3325 2.0543
4 0.12 0.5413
5 0.3975 0.4368
6 2.055 1.9248
4 1.26 1.3
5 1.485 1.4577
5 0.45 0.4429
7 1.38 1.3301
5 0.405 0.1825
5 2.91 2.637
5 1.4175 1.4177
6 1.305 1.3172
7 0.3975 0.3607
7 2.8875 2.6126
7 0.0075 0.1542
7 0.8025 0.743
4 1.2975 1.3086
4 0.2475 0.6547
5 0.0825 0.4823
7 0.8925 0.9025
5 2.91 2.6098
6 2.8725 2.7407
4 0.585 0.3655
5 2.145 2.6018
6 0.66 0.3527
4 1.32 1.3326
7 2.355 2.391
4 1.0275 0.7574
5 1.65 1.6081
5 0.9975 0.6581
7 1.0875 1.0571
6 0.6225 0.3272
5 0.9825 0.4629
5 1.7625 1.843
4 0.2775 0.4371
4 1.7775 2.0621
7 1.11 1.1261
4 2.715 2.544
5 1.425 1.2993
7 2.3925 2.4143
5 2.9925 2.5375
4 0.8625 0.9485
5 1.3725 1.2612
6 1.9575 2.0744
4 1.365 1.2636
7 2.04 2.0782
4 1.275 1.2447
5 2.0925 2.6449
7 2.895 2.8065
6 1.59 1.5161
7 2.5125 2.4971
6 2.5425 2.5894
6 0.0675 0.3679
4 1.9275 2.0762
6 0.5625 0.4838
7 2.0925 1.9579
5 0.7575 0.4261
7 2.9925 2.8474
5 0.8925 0.9367
4 1.26 1.3047
4 1.5375 1.4972
7 1.905 1.9957
7 2.7825 2.7151
6 1.1025 1.199
4 0.1875 0.4045
7 2.2125 2.2394
5 2.58 2.6912
5 1.4325 1.4839
6 1.74 1.7162
6 0.405 0.2924
5 0.9225 0.626
4 0.465 0.4319
7 1.065 1.0766
7 2.5725 2.4852
7 0.105 0.3443
6 2.2725 2.2689
5 1.1775 1.0959
6 0.69 0.5358
4 2.6025 2.5464
5 0.96 0.8113
5 2.7975 2.6402
4 2.595 2.5851
6 1.845 1.8582
5 2.9625 2.6544
5 2.895 2.5969
6 1.185 1.1254
4 1.56 1.505
5 1.4925 1.5559
5 1.71 1.7781
5 2.91 2.7449
4 2.0325 2.7156
5 1.1025 0.8511
5 2.8425 2.4317
6 2.685 2.4683
5 0.8325 0.7183
7 2.355 2.4754
6 1.8075 1.8534
7 0.5775 0.4859
7 1.3425 1.3228
7 2.07 1.996
4 1.68 1.7426
6 2.1975 2.3568
6 2.5275 2.7133
6 1.605 1.6181
4 0.75 0.4874
6 2.6325 2.738
5 1.365 1.2409
5 2.025 2.069
7 2.3775 2.3474
5 0.7875 0.82
4 1.32 1.3295
5 1.7325 1.5046
6 1.1925 1.3427
4 0.975 0.6353
5 1.1175 1.0627
4 1.53 1.3408
6 1.845 1.764
4 0.0525 0.5322
5 2.3175 2.5742
5 2.76 2.5649
5 1.98 2.0088
6 0.3825 0.3416
4 2.55 2.3396
4 0.24 0.3947
6 0.4125 0.3176
6 2.8875 2.7903
6 0.4425 0.1911
6 1.95 1.8957
4 2.2125 2.1164
5 0.3525 0.2932
7 1.6275 1.6062
7 1.3125 1.2913
6 1.0725 1.051
5 0.195 0.3749
6 2.355 2.5276
4 2.5575 2.6828
6 2.4075 2.4533
6 2.505 2.5369
6 0.0675 0.3998
5 0.7425 0.7817
5 0.3825 0.311
7 2.34 2.1702
4 1.56 1.7859
5 2.0925 2.128
4 2.97 2.6375
5 2.505 2.7223
4 1.7475 1.6656
7 2.025 2.0873
4 0.315 0.4534
5 2.7975 2.6246
7 2.37 2.3016
5 1.8975 1.6774
6 1.95 1.8677
5 2.2725 2.6954
5 1.11 0.8497
4 1.2975 1.0767
7 2.46 2.6799
6 1.5825 1.4782
7 1.6575 1.7142
7 0.375 0.2001
4 2.9775 2.557
7 0.375 0.1318
4 1.005 0.9759
6 0.465 0.6313
6 0.3225 0.2951
4 0.8325 0.8373
4 1.845 1.7625
4 2.6325 2.6348
7 2.49 2.4011
7 0.7125 0.7099
6 0.21 0.4242
6 1.8075 1.7648
7 1.3875 1.3711
5 0.1275 0.2892
7 2.055 2.08
6 2.8275 2.6499
5 0.2175 0.3248
6 2.355 2.5054
6 0.8625 0.9041
4 1.8975 1.7997
4 0.6075 0.6304
5 0.8775 0.6681
7 0.81 1.003
4 0.54 0.3643
6 1.335 1.3515
5 1.9875 2.0478
6 2.64 2.8303
7 1.71 1.811
7 1.7925 1.9057
6 2.505 2.6814
7 0.8625 0.776
7 1.86 1.9361
5 0.315 0.2767
4 0.21 0.6291
7 1.6875 1.6529
6 2.865 2.7667
7 1.3425 1.2867
6 2.82 2.6766
4 2.0475 1.9541
6 2.0775 2.0594
7 0.945 0.9937
6 2.1075 2.162
4 0.975 0.96
4 1.83 1.9607
6 2.325 2.4177
5 1.26 1.3118
5 0.4125 0.5216
6 1.755 1.8355
5 0.9375 0.6649
5 0.4125 0.4811
4 1.7475 1.805
7 0.855 0.8613
6 0.6975 0.6592
7 0.3525 0.3445
7 2.4 2.3593
4 1.1025 1.3329
6 0.345 0.4332
7 2.2425 2.234
5 0.9375 1.0051
5 1.2075 1.3807
4 2.8575 2.5751
4 2.4825 2.5936
5 2.715 2.7195
7 2.445 2.2901
6 0.54 0.6232
5 0.465 0.6235
7 0.435 0.3585
4 0.27 0.7181
4 1.2675 1.1915
4 1.2075 0.9251
6 0.06 0.3595
4 2.4825 2.4085
4 2.1375 2.247
7 2.4525 2.443
5 0.4425 0.567
6 1.395 1.3385
6 2.0175 1.9107
4 1.1775 1.4079
4 0.8925 0.4848
4 0.4275 0.5524
4 2.4825 2.5231
7 2.745 2.7474
7 0.045 0.337
6 2.28 2.3401
5 0.7125 0.52
6 2.5125 2.4423
5 0.4725 0.3006
5 1.3725 1.2037
4 0.6525 0.553
7 0.9975 0.9505
5 0.5925 0.2355
7 0.435 0.2969
6 0.7275 0.6972
6 1.2675 1.4236
5 1.62 1.7027
7 2.175 2.1883
5 1.545 1.6563
6 1.0875 1.1675
5 1.4025 1.3418
7 1.4625 1.4783
7 2.9025 2.7708
4 2.235 2.6513
6 1.5975 1.6637
4 0.555 0.4448
5 0.195 0.5577
4 1.635 1.3993
5 0.4125 0.1614
5 1.965 2.2897
5 2.6025 2.7201
6 2.5875 2.7053
7 2.055 2.0845
5 1.8825 1.7893
5 1.905 1.9969
7 1.2375 1.1456
5 0.465 0.4003
4 0.225 0.4196
5 0.315 0.4322
4 1.9725 1.9768
5 2.805 2.6226
7 0.6525 0.6603
6 0.2625 0.3287
4 2.3925 2.5173
7 0.4125 0.3272
5 2.8575 2.4683
7 0.96 1.1017
7 1.62 1.5704
4 0.63 0.5392
5 1.2075 1.2335
4 2.2575 2.531
4 0.69 0.7389
7 0.135 0.3537
4 1.8825 1.8402
5 0.5475 0.779
6 0.105 0.2377
6 2.52 2.1882
7 1.8075 1.7714
5 2.775 2.6105
5 2.9925 2.302
7 0.7875 0.8542
5 0.9375 0.6855
7 0.5175 0.6621
6 2.3475 2.5002
5 1.995 2.0107
7 0.2925 0.3723
5 1.125 1.0112
4 0.0675 0.3531
4 1.08 0.9987
5 1.095 1.0974
6 0.42 0.4867
4 2.0025 2.1712
7 0.51 0.3591
6 0.7425 0.3646
7 2.0925 2.082
5 2.04 1.9827
7 1.9425 2.0284
4 0.8475 0.8578
4 2.415 2.6798
7 2.775 2.6318
5 1.8825 1.8595
5 0.36 0.2955
4 0.75 0.4931
6 1.7775 1.7998
4 0.105 0.3784
5 2.715 2.4978
5 1.44 1.536
5 1.3275 1.3142
5 0.66 0.4708
6 2.9625 2.6574
6 2.7 2.711
4 0.3525 0.5289
5 0.3825 0.3231
7 1.4775 1.5749
4 1.1475 0.8799
4 1.08 0.7352
7 1.35 1.4214
4 1.995 2.0298
7 0.1425 0.1508
7 1.125 1.1846
4 1.74 1.7621
7 0.6225 0.4653
5 1.695 1.5942
4 2.49 2.5603
4 1.4175 1.5969
7 0.6075 0.7204
4 1.605 1.621
7 2.3475 2.3648
7 2.895 2.6583
6 1.725 1.7534
4 2.49 2.3902
5 1.7325 1.6797
7 1.065 1.0191
5 0.5175 0.4612
6 0.5625 0.2646
4 0.36 0.6518
5 1.905 1.8829
6 1.905 1.8384
5 2.4375 2.7272
6 2.8425 2.7101
4 2.415 2.627
7 0.6525 0.5747
5 1.7925 1.8807
7 2.205 2.317
7 0.9675 0.961
7 1.5525 1.5606
4 2.775 2.3191
5 0.6 0.7078
4 1.14 1.1444
4 0.1575 0.4639
6 2.6025 2.5789
4 0.3375 0.3498
7 0.465 0.5789
6 0.99 1.1056
4 0.18 0.6115
5 1.7775 1.7314
5 2.6625 2.7202
6 1.92 2.033
6 0.5775 0.3979
6 2.3325 2.369
7 2.04 2.0305
5 0.4275 0.3633
6 1.7475 1.6761
4 1.89 2.0826
7 0.105 0.205
6 1.2 1.3371
7 2.5425 2.8561
7 1.125 1.1198
5 2.1 2.2297
4 2.7225 2.5294
6 2.2875 2.1529
7 2.535 2.5826
5 1.89 1.8889
7 2.5575 2.5415
4 0.6375 0.5117
5 0.3525 0.4183
7 1.3575 1.3656
4 0.21 0.3661
5 1.3425 1.5503
6 1.5 1.4954
5 0.27 0.273
4 2.595 2.5398
7 2.3625 2.4072
4 2.355 2.5378
5 0.375 0.3546
5 1.3425 1.086
5 0.2925 0.32
5 0.4425 0.7037
5 1.5225 1.5451
6 0.9375 0.9487
5 1.7475 1.7994
4 2.43 2.4911
5 1.17 1.1024
4 2.79 2.6516
5 0.825 0.8144
7 2.25 2.1469
4 1.53 1.4515
6 1.455 1.455
4 0.6525 0.4721
5 1.1325 1.0017
7 2.7075 2.6196
4 1.1025 1.0204
5 0.0975 0.7881
5 2.4375 2.5376
5 1.095 1.1224
4 2.7675 2.6449
4 0.4275 0.457
6 1.005 1.053
4 1.9275 2.4978
6 0.84 0.5492
6 1.2075 1.1005
6 0.84 0.8105
7 0.765 0.6547
6 1.0725 0.9779
6 0.18 0.2417
6 1.725 1.8145
5 2.0325 2.0475
4 2.6025 2.4481
5 0.4125 0.2779
5 2.4375 2.3635
6 1.4775 1.4408
6 0.63 0.7102
7 2.28 2.3935
6 2.4525 2.5236
6 2.2875 2.1311
7 1.65 1.6907
5 0.915 1.162
7 1.9425 1.9799
7 2.3025 2.3656
6 1.815 1.8811
6 1.4175 1.3589
4 1.515 1.4004
4 0.18 0.4312
6 2.385 2.4833
6 2.835 2.6637
5 2.6625 2.5556
5 1.995 1.8504
7 1.1325 1.1635
4 1.845 2.1338
4 1.38 1.3267
7 0.8625 0.9628
6 0.2025 0.3879
6 0.1575 0.2371
7 2.37 2.5909
4 2.4675 2.4452
7 1.365 1.3168
4 2.9325 2.5919
6 2.5425 2.662
4 0.2925 0.5891
5 2.5125 2.5413
4 0.81 1.1764
6 2.8725 2.5053
4 1.4025 1.5624
4 0.15 0.6496
7 2.4075 2.5178
4 1.3575 1.1014
6 0.225 0.1813
4 1.8375 1.9242
6 0.06 0.265
6 0.1575 0.4891
5 0.405 0.3941
4 0.06 0.8081
6 1.23 1.1051
4 1.53 1.8481
6 2.6475 2.6967
7 1.2975 1.2447
5 1.185 1.169
5 1.23 1.3047
6 0.9075 0.9339
5 2.76 2.6619
6 2.85 2.5839
7 2.16 2.2203
6 2.4225 2.3972
7 1.5525 1.5406
4 1.74 1.6553
6 1.89 1.9771
7 2.9775 2.8037
7 0.6825 0.5062
7 1.05 1.1057
7 1.275 1.3043
7 0.21 0.372
7 2.7075 2.7464
6 0.045 0.1624
6 0.36 0.3574
5 2.5125 2.6626
7 1.605 1.528
4 1.1175 1.2382
7 0.1425 0.2437
7 1.455 1.5504
5 0.4275 0.3583
5 2.04 2.4291
5 2.52 2.4672
5 2.97 2.7086
6 0.6825 0.715
7 0.9375 0.9815
6 0.435 0.4724
5 0.8175 0.5886
4 2.955 2.4592
4 2.2275 2.5583
4 0.795 0.9103
4 2.07 2.5696
7 2.07 2.0378
4 2.5575 1.7299
6 2.1075 2.164
7 0.645 0.754
5 0.0675 0.3699
5 1.95 2.5579
6 0.2775 0.2933
6 0.0675 0.2187
4 2.58 2.1736
7 2.025 1.993
5 0.7125 0.5931
4 1.8075 1.8962
6 0.7575 0.8784
6 1.935 1.9031
5 0.06 0.2661
6 0.075 0.3147
6 2.4375 2.5979
4 1.6875 1.6978
4 1.8825 1.8757
6 2.085 2.0629
6 1.17 1.2215
4 2.8125 2.1116
4 0.63 0.679
7 2.175 2.1462
6 2.16 2.3088
7 2.37 2.3764
7 1.005 1.07
7 2.895 2.7279
5 1.8375 1.8821
6 1.77 1.9471
6 0.48 0.3488
4 2.5125 2.5155
6 1.5075 1.5316
6 2.58 2.6814
6 1.6425 1.6148
4 1.9425 2.4433
4 1.3575 1.3974
7 0.6375 0.5534
6 2.8575 2.4514
4 1.74 1.7007
5 2.835 2.6772
5 0.1875 0.3755
5 1.29 1.4303
6 2.7975 2.6083
7 0.8325 0.8354
7 2.0475 2.0928
4 0.9075 0.6485
6 0.7875 0.8623
6 2.8125 2.7337
4 0.9525 1.0395
5 1.785 1.8397
7 1.695 1.6506
5 2.0175 1.9062
7 2.6325 2.5168
4 0.0375 0.8265
4 1.44 1.1981
6 1.4325 1.5033
5 2.43 2.4616
6 1.53 1.4548
5 1.5075 1.5177
5 2.97 2.5174
7 2.8125 2.6362
5 0.375 0.3036
5 0.15 0.3016
5 0.81 0.6307
4 2.655 2.4863
4 1.005 1.055
5 0.2625 0.3492
5 0.8625 0.663
5 0.0075 0.2717
5 0.66 0.6122
5 1.575 1.5783
4 1.9425 2.1434
4 0.5625 0.5811
5 1.83 1.9168
7 1.7175 1.6414
7 1.2675 1.2714
6 2.61 2.6128
4 1.7175 1.6556
5 2.9025 2.5275
5 1.695 1.7065
5 0.1275 0.3159
6 1.6575 1.6642
4 2.5725 2.529
5 0.0975 0.4489
7 2.3025 2.3501
5 2.775 2.6659
6 0.375 0.5407
7 0.5175 0.6846
4 1.9875 2.6307
7 2.0775 2.2077
6 0.42 0.4525
7 1.4175 1.3874
4 1.6725 1.7593
4 2.1825 2.3573
4 2.535 2.6121
5 1.515 1.4373
5 1.23 1.1604
4 2.5125 2.5312
6 0.9225 1.0268
5 1.95 2.0771
5 2.385 2.6311
6 2.19 2.2906
5 2.6325 2.6692
6 0.5325 0.2149
7 0.6825 0.5733
4 1.4625 1.2446
4 0.2775 0.5413
6 1.245 1.1318
7 2.535 2.6487
7 0.57 0.254
5 0.075 0.3947
4 0.4725 0.5026
5 1.3575 1.3778
6 1.71 1.6818
5 1.155 0.9882
7 2.1525 2.1768
7 0.225 0.3768
7 0.93 0.9442
5 1.14 0.9972
7 2.2125 2.2435
6 2.2725 2.5704
6 1.08 1.1141
5 1.59 1.6407
6 0.6675 0.8431
4 1.5825 1.7117
6 1.3575 1.2893
4 0.795 0.9188
5 2.7675 2.5639
5 1.6725 1.571
7 1.395 1.4545
5 0.0075 0.3047
6 1.7475 1.8452
5 2.1375 2.644
4 0.4425 0.3219
5 1.2975 1.2244
4 0.195 0.4048
6 2.5275 2.8473
5 2.475 2.5721
6 0.225 0.3541
6 2.8425 2.7469
7 2.205 2.2728
4 1.5675 1.714
7 2.3325 2.3966
5 0.855 0.5556
6 2.565 2.7047
6 1.4625 1.3146
4 2.0775 2.4729
6 2.1375 2.1239
6 0.27 0.3834
5 1.4025 1.3184
5 1.575 1.5412
5 1.29 1.3067
7 0.8625 0.8788
4 1.005 1.043
6 2.055 2.0897
5 0.54 0.5634
4 1.2375 0.6732
6 2.94 2.7417
5 1.1325 0.983
5 2.7825 2.6689
6 2.865 2.6217
7 0.8175 0.7438
4 2.58 2.7309
4 1.41 1.3362
4 0.195 0.5598
6 0.045 0.2275
5 2.1375 2.1694
7 2.475 2.7364
6 2.67 2.3708
4 1.6425 1.7904
7 1.8975 1.9084
7 2.565 2.5732
4 1.545 1.3609
7 1.6275 1.677
4 2.0025 2.2351
4 1.5675 1.4778
5 2.8875 2.6795
5 1.5675 1.5469
5 1.095 0.9195
6 2.625 2.4816
4 1.6425 1.6125
5 2.31 2.3923
5 0.0525 0.2868
6 2.895 2.8263
6 0.9975 1.064
7 2.82 2.6335
5 0.2025 0.6588
7 2.9925 2.7578
5 0.9825 1.0442
7 2.9625 2.6352
5 2.775 2.6499
7 0.9825 1.0083
5 0.465 0.7217
5 2.9775 2.6256
6 2.235 2.3711
6 1.155 1.1269
6 0.9675 0.9287
5 0.18 0.6758
5 2.415 2.5254
5 0.495 0.4212
6 0.3075 0.271
7 1.2 1.2253
7 2.385 2.3573
4 1.305 1.088
5 0.6675 0.6
4 0.2025 0.4303
7 2.4 2.5196
7 2.8425 2.8584
6 2.5725 2.8074
7 0.6975 0.6234
5 2.4075 2.6707
4 2.31 2.4596
5 1.305 1.2006
5 2.9475 2.6589
5 0.78 0.8445
7 1.665 1.6633
5 2.745 2.6017
4 2.1975 2.6469
4 2.865 2.4848
6 0.6225 0.6643
5 0.0 0.3744
7 2.115 2.1366
4 0.465 0.9518
5 1.68 1.7386
7 1.6125 1.7054
5 0.0375 0.4652
7 1.68 1.5068
5 2.2575 2.5508
5 1.8225 2.0158
4 2.985 2.5606
7 2.4 2.4843
7 1.68 1.626
7 2.7975 2.7412
4 1.8675 2.1494
7 0.8625 1.0544
6 0.6975 0.6816
6 0.975 1.0348
7 0.405 0.2145
7 1.2975 1.4059
6 0.525 0.4404
4 0.7275 0.586
6 0.9375 0.9862
5 1.8 1.9524
7 2.3175 2.335
6 0.81 0.8089
5 0.06 0.3875
5 1.6275 1.6299
7 1.7175 1.7788
6 0.435 0.3213
5 0.66 0.4001
4 0.54 0.5867
4 1.365 1.3038
6 0.72 0.542
5 2.595 2.6967
4 1.2225 1.233
7 0.3 0.1538
6 2.685 2.716
7 0.9975 0.9424
4 0.615 0.5882
7 1.425 1.5441
6 0.675 0.504
7 1.47 1.4611
7 0.39 0.2049
5 1.6575 1.8227
4 1.7475 1.7146
5 1.89 1.9554
5 0.225 0.5225
7 1.0725 1.0378
5 1.2075 1.0509
5 1.3575 1.2416
7 0.6675 0.4785
4 0.6375 0.6063
5 0.42 0.6751
7 0.0975 0.1971
5 2.7825 2.5188
7 0.6675 0.7587
7 0.21 0.385
4 2.6625 2.5205
6 1.4325 1.2784
7 2.1075 2.1289
4 2.175 2.2463
6 2.4375 2.8611
6 0.9 0.8169
7 2.1 2.0918
7 2.16 2.2073
6 2.0175 2.0654
6 1.545 1.533
6 0.375 0.3801
7 0.2475 0.2422
5 1.98 1.9766
7 0.0525 0.2047
5 1.9125 2.0683
6 1.935 1.8288
7 1.545 1.5136
6 2.3625 2.6147
5 1.71 1.6647
7 2.7675 2.7777
6 1.05 1.0815
5 1.4775 1.5378
7 1.26 1.2123
5 0.9075 0.7206
6 1.4625 1.4149
6 0.8925 0.6546
4 1.035 0.9406
6 1.4775 1.3338
7 0.855 0.9366
6 1.0725 1.1062
5 1.02 0.814
7 0.0825 0.242
5 2.88 2.5948
7 1.68 1.5813
5 2.34 2.579
6 2.58 2.5547
5 2.5875 2.5158
5 2.7225 2.1082
4 0.93 0.88
5 0.5325 0.4763
5 0.8475 0.4759
6 1.77 1.857
4 1.0725 1.1964
4 1.02 1.0574
7 0.8175 0.7603
6 1.1025 1.1364
5 0.975 0.8955
7 1.4625 1.4587
7 2.0025 2.0413
4 0.5175 0.6906
6 1.4025 1.328
6 2.3625 2.4673
4 1.92 1.9605
4 2.7225 2.5834
5 2.8875 2.4942
5 0.03 0.3462
6 0.1575 0.2603
6 0.285 0.3434
7 0.2025 0.0682
5 2.985 2.6754
4 2.9025 2.0368
7 2.91 2.7767
4 1.125 1.0914
4 0.0 0.7081
7 2.1675 2.1563
7 1.485 1.51
5 1.29 1.2721
4 2.8275 2.6744
6 1.545 1.5426
7 1.9875 2.0512
6 1.485 1.5925
7 1.5375 1.5767
7 2.46 2.4548
4 0.4425 0.337
5 1.3425 1.3469
4 2.43 2.5978
7 0.405 0.2362
6 2.7525 2.6841
5 2.865 2.6224
5 0.255 0.3246
5 0.7875 0.3794
6 2.04 2.1188
6 1.605 1.5916
7 2.1 1.9904
4 2.1 2.0181
5 1.7475 1.8548
6 0.6525 0.5338
6 2.6775 2.6865
7 2.145 2.0932
4 0.2925 0.4556
7 0.045 0.3869
4 2.6625 2.5542
7 0.105 0.2624
7 1.0275 0.9809
7 0.6525 0.6413
6 0.5925 0.4806
6 1.2 1.282
4 0.2475 0.5808
7 1.05 1.0179
4 1.5375 1.6615
7 0.5325 0.3976
7 1.32 1.2639
7 0.18 0.1621
7 2.46 2.3499
7 1.6875 1.6055
4 2.07 2.0054
4 0.09 0.533
4 1.935 2.2067
7 0.03 0.2126
7 1.755 1.6818
6 2.1525 2.6138
5 1.1625 1.3137
6 2.445 2.6917
5 1.29 1.1669
4 1.5075 1.4318
4 0.99 0.706
6 1.215 1.2734
7 0.96 0.8794
4 0.5625 0.4172
7 0.1275 0.1958
6 1.3575 1.3264
6 1.095 1.1976
5 2.49 2.2463
6 0.525 0.3766
4 2.76 2.5276
7 1.1925 1.1454
7 1.47 1.4822
5 0.255 0.3443
7 0.225 0.2462
7 1.35 1.4254
6 0.495 0.3991
7 0.8625 0.7564
7 0.8625 0.8027
4 0.2325 0.6652
7 1.575 1.5141
4 1.8225 1.5878
5 2.6475 2.3843
5 1.5075 1.7731
5 0.0525 0.3715
4 0.315 0.4215
7 1.7625 1.6684
5 2.9475 2.6081
7 1.875 2.0177
5 2.5875 2.5913
4 1.5 1.6174
4 0.3225 0.4492
5 0.4425 0.6455
4 0.72 0.371
4 2.625 2.1864
5 1.71 1.6618
5 1.6875 1.7983
5 2.3175 2.437
7 0.855 0.8154
5 0.1275 0.6709
4 0.63 0.4569
6 1.86 1.8957
7 2.85 2.7711
7 1.95 1.9392
4 0.525 0.8513
5 1.5525 1.4968
4 1.7475 1.6329
4 0.0075 0.3439
6 2.625 2.6878
4 0.585 0.809
6 0.42 0.2751
7 0.45 0.225
7 1.035 1.0667
5 0.7275 0.4653
7 0.465 0.3104
4 0.9525 0.5462
5 0.57 0.6017
4 1.65 1.8376
5 1.5525 1.5091
4 0.39 0.6526
7 1.56 1.5043
5 0.675 0.2722
5 1.3125 1.4364
7 1.6725 1.6856
5 1.9425 1.9476
7 0.3675 0.3292
5 0.3525 0.247
5 1.185 1.0183
6 0.855 0.6807
4 0.1575 0.5469
5 1.785 1.749
6 2.025 1.9266
5 2.475 2.5976
6 0.75 0.721
7 0.435 0.6142
6 2.655 2.6159
6 2.9775 2.7568
6 1.11 1.1246
4 1.275 1.3036
4 0.8175 0.4678
7 0.0825 0.2567
6 2.2275 2.4353
7 1.9725 1.9412
6 2.6175 2.5992
7 0.18 0.3865
6 0.0525 0.3081
5 2.7075 2.7536
6 1.9125 1.8913
4 1.4325 1.5585
7 2.745 2.792
7 0.7575 0.8118
6 2.5275 2.5101
7 1.9575 1.952
4 0.96 0.7527
6 1.6575 1.7364
6 0.84 0.835
7 2.8725 2.4744
6 2.0775 2.115
7 2.4825 2.4912
5 0.06 0.3641
7 1.32 1.331
6 0.51 0.5914
7 0.7875 0.7798
6 1.755 1.5786
4 0.9675 0.5398
6 0.465 0.4385
7 2.4 2.486
5 2.3025 2.2945
6 2.5575 2.7647
5 2.715 2.5541
5 0.2625 0.3532
5 2.7975 2.6798
7 1.575 1.6221
4 2.79 2.5249
4 0.99 0.9066
6 2.625 2.8384
5 2.37 2.5899
4 2.565 2.5594
6 0.3 0.2482
4 2.325 2.6397
7 2.28 2.1831
6 2.9775 2.7028
7 1.575 1.5952
6 1.6575 1.6505
4 2.7675 2.5325
4 0.8475 0.5443
7 0.945 0.9238
5 2.6625 2.5865
6 1.7775 1.706
4 1.29 0.8116
5 0.675 0.8396
5 0.3825 0.4584
4 2.625 2.6926
4 2.5725 1.9451
4 0.3825 0.3671
7 2.9625 2.8151
4 0.9675 1.1441
4 2.5275 2.5547
5 1.845 2.0052
4 1.26 1.46
5 0.5475 0.2769
7 0.675 0.6991
7 1.0875 0.9826
4 1.8675 1.8511
4 1.9275 2.4478
6 2.7825 2.7392
6 1.47 1.3743
5 0.18 0.4066
6 0.7725 0.7843
4 1.71 1.8397
4 0.795 0.9839
5 0.8175 0.8474
6 0.8625 0.7904
7 1.5 1.5117
5 1.17 1.1331
6 0.195 0.4408
7 1.8225 1.768
5 2.415 2.7996
4 1.755 1.7645
7 1.155 1.1284
5 2.8575 2.7028
7 0.1425 0.1721
4 0.3825 0.3011
6 1.59 1.4664
7 1.755 1.7146
7 2.565 2.309
7 0.645 0.7109
4 2.67 2.608
7 2.265 2.2186
6 0.585 0.3985
6 1.845 1.7599
5 0.5025 0.507
6 0.3075 0.7295
4 0.2475 0.6139
4 2.7825 2.2385
7 0.8325 0.7596
5 2.4975 2.5003
5 2.895 2.6399
4 0.2775 0.4854
5 1.365 1.3638
6 2.8275 2.9026
4 2.0475 2.5189
7 0.3375 0.1949
6 1.545 1.5253
4 0.6075 0.5255
6 1.77 1.7736
4 1.2 1.238
6 1.0875 1.0696
7 2.895 2.8002
5 2.8725 2.673
7 1.545 1.619
5 1.2525 1.4303
4 0.93 1.0443
7 0.33 0.2419
4 2.1225 2.2991
5 2.835 2.5147
5 0.0675 0.261
5 0.4875 0.7446
4 0.3525 0.5877
4 1.515 1.4905
7 0.7575 0.8395
4 0.6975 0.4641
6 1.2825 1.3495
7 0.03 0.3122
4 1.1325 1.1595
5 2.16 2.1171
4 0.825 1.112
6 2.73 2.7219
5 2.4075 2.804
6 2.04 2.0557
4 1.6125 1.6597
6 1.32 1.3176
4 1.425 1.4469
7 1.215 1.1987
7 2.64 2.866
4 2.9025 2.5184
4 2.61 2.5428
6 0.5325 0.5039
7 0.4725 0.2432
4 2.445 2.6834
4 1.9875 2.2578
5 2.535 2.7015
6 1.845 1.8278
7 0.12 0.242
7 2.775 2.7715
5 1.26 1.4483
5 2.5725 2.5843
4 1.8525 2.1701
4 1.0425 1.1314
5 0.6225 0.3925
5 2.97 2.414
5 1.7025 1.7594
6 2.145 2.2073
4 1.26 1.2319
5 2.6775 2.7518
4 0.255 0.6514
5 2.535 2.4647
5 1.665 1.7037
7 1.4175 1.4265
6 1.995 1.9447
4 2.7975 2.624
6 2.7375 2.7961
5 0.885 0.5925
5 2.2575 2.5711
7 0.585 0.4124
7 1.1775 1.232
5 0.3225 0.4157
5 2.8875 2.671
6 2.625 2.7076
4 0.3675 0.3335
4 2.9325 2.6318
7 2.9925 2.7568
5 0.075 0.246
4 0.7125 0.7242
7 1.7925 1.718
6 1.7475 1.7443
4 2.355 2.3525
5 0.0375 0.5627
4 0.3525 0.3976
5 2.2125 1.9759
4 2.9925 2.6906
5 2.6625 2.6992
7 0.72 0.7519
5 0.2925 0.2511
7 1.14 1.136
7 2.8275 2.8589
5 2.9925 2.7321
5 0.36 0.4891
6 1.305 1.2728
6 1.83 1.796
7 1.5525 1.4667
5 2.865 2.6949
5 2.0775 1.5942
4 2.91 2.7038
5 2.79 2.66
5 0.9 0.905
7 2.6475 2.8265
4 1.0725 1.1884
7 1.3275 1.3027
6 2.9475 2.6995
5 0.345 0.3203
7 2.775 2.6792
4 0.3075 0.3778
4 2.88 2.5686
7 2.1975 2.4151
6 0.6375 0.6495
4 0.195 0.3439
5 2.0925 2.0226
5 2.265 2.5974
6 1.8225 1.8147
4 2.1375 2.602
5 1.23 1.3257
6 2.0475 2.0433
4 2.835 2.6136
6 0.735 0.9671
7 0.975 1.1128
7 1.3725 1.38
6 2.64 2.8249
7 0.8175 0.6559
4 1.4325 1.3654
6 1.275 1.3651
6 0.705 0.3697
6 1.365 1.2668
4 0.6 0.4114
6 0.8175 0.8445
4 2.205 2.4515
6 1.1175 1.0887
7 0.2925 0.4284
7 2.7 2.8041
5 0.105 0.359
6 2.355 2.3979
6 0.87 0.7916
6 1.77 1.7442
4 1.275 1.1438
7 0.2025 0.4563
5 1.95 2.3513
5 1.0125 0.5232
5 0.96 0.4805
7 2.49 2.435
5 0.27 0.4074
5 1.1625 1.0943
4 2.0325 2.5197
7 2.3775 2.6697
6 0.8475 1.0015
4 1.4325 1.4043
6 1.845 1.8027
4 0.7275 0.4435
6 0.69 0.764
4 1.9425 1.7244
5 2.0475 2.0318
5 1.17 1.242
5 1.38 1.3718
6 2.9025 2.5729
7 1.6725 1.6682
5 0.7425 0.6371
7 2.4975 2.465
6 2.1975 2.2535
4 1.2975 1.1204
6 2.025 2.1175
5 1.1325 1.4347
4 1.5225 1.437
7 1.5075 1.4794
6 1.5525 1.5643
6 1.3275 1.286
6 1.6725 1.5536
4 0.165 0.6672
5 1.56 1.5902
7 1.9875 1.8711
7 1.89 1.8476
4 0.195 0.3918
7 0.255 0.4947
6 0.21 0.3089
4 1.7775 1.6215
5 2.1825 2.071
6 1.4625 1.548
5 1.0575 1.0502
4 2.13 2.5511
4 2.1075 2.0535
5 1.74 1.8442
7 2.8275 2.7119
6 2.265 2.4899
5 0.4875 0.8744
6 2.88 2.7381
6 2.355 2.3357
6 1.455 1.487
7 1.7025 1.6647
5 1.395 1.2334
7 2.025 2.0289
6 1.0425 1.1051
5 0.99 1.0259
6 0.84 0.9711
6 2.265 2.2732
6 0.3975 0.5104
5 1.6425 1.6359
5 0.6375 0.4623
6 0.51 0.6665
5 0.525 0.2946
6 1.05 1.0492
6 0.495 0.6788
5 1.8675 1.8085
6 2.6625 2.6521
4 0.03 0.5581
7 2.6775 2.6528
5 0.1875 0.4909
5 1.4625 1.558
4 1.1625 1.092
7 0.8025 0.8546
6 1.9725 1.9824
4 2.9925 2.612
7 0.21 0.2106
6 1.4325 1.3734
7 1.4175 1.4321
4 2.055 2.149
5 2.685 2.6155
7 2.6175 2.6076
6 1.05 1.072
4 0.525 0.5619
6 2.01 2.0265
7 1.9125 1.9655
7 0.2325 0.1739
4 1.4625 1.5578
7 2.4075 2.7577
4 0.9675 1.1545
7 1.9575 2.0123
6 0.5925 0.436
5 2.64 2.6227
5 1.05 1.0385
6 0.8325 0.7209
6 2.4825 2.6107
4 0.18 0.4261
4 0.0375 0.4098
6 1.32 1.4111
7 2.2125 2.1157
7 0.21 0.2803
7 0.39 0.1707
7 1.8825 1.8526
5 1.32 1.4552
5 2.9925 2.5464
5 2.385 2.56
4 1.0725 0.9848
4 1.3275 0.9599
6 1.035 1.0743
5 1.83 1.8769
5 0.8775 0.6084
7 0.3675 0.254
7 0.03 0.2571
4 0.2775 0.4349
4 2.1 2.509
7 0.8175 0.8555
7 2.445 2.3939
6 1.3575 1.3106
4 1.6875 1.5769
6 0.3 0.281
5 2.1975 2.1767
5 1.4025 1.4929
6 2.19 2.2598
5 2.97 2.6504
6 0.1275 0.2951
6 2.595 2.8329
6 1.7025 1.6916
5 0.18 0.461
7 1.215 1.2021
7 2.0175 1.9782
6 1.4925 1.5291
6 0.2775 0.2839
5 2.8575 2.6463
6 1.2675 1.3765
7 0.045 0.1983
6 2.295 2.4264
6 2.7825 2.732
6 0.5475 0.371
6 1.365 1.4229
6 0.99 0.9278
4 1.8975 2.0077
6 1.575 1.6653
4 1.8225 1.8512
6 1.7325 1.6299
5 2.91 2.7294
6 1.17 1.2377
6 2.325 2.6226
7 2.64 2.468
6 1.635 1.6055
6 1.4925 1.6623
5 2.0475 1.9544
5 0.375 0.8485
4 0.5175 0.3187
5 1.1025 0.9784
7 2.58 2.7361
6 2.37 2.4355
5 1.8525 2.0561
6 2.7975 2.7291
5 0.2625 0.4589
7 2.97 2.7834
7 0.4125 0.4775
4 1.4175 1.3831
6 2.25 2.2292
5 2.94 2.6107
5 2.28 2.4562
5 1.4625 1.419
7 0.225 0.1298
7 0.1875 0.2111
7 1.935 1.9067
7 1.83 1.8524
7 0.9225 0.8424
7 2.7675 2.7791
6 2.6325 2.6813
4 0.405 0.7044
6 2.4675 2.7043
7 0.825 0.8215
5 1.83 1.8894
5 2.0775 2.5
5 2.61 2.6133
6 0.9975 0.917
5 1.3125 1.3941
5 0.5625 0.5649
7 0.3975 0.1636
6 1.1625 1.1742
7 1.02 1.0972
4 2.475 2.571
7 1.845 1.8691
4 2.4675 2.4002
5 0.96 0.9144
4 1.8375 1.874
7 0.6 0.5314
5 1.0725 0.9268
5 2.865 2.5701
7 0.8475 0.9051
5 2.325 2.674
5 1.5825 1.7136
4 0.3525 0.3243
4 1.7325 1.9893
7 0.3525 0.5454
7 0.6 0.6303
6 1.8375 1.8234
4 1.7025 1.7071
5 1.2225 0.1176
4 0.18 0.4199
6 0.9675 0.9669
4 2.88 2.582
7 2.01 1.9983
6 1.14 1.2252
4 2.475 2.6227
5 0.69 0.8387
7 2.685 2.9134
5 1.5 1.6831
6 0.615 0.7429
5 0.12 0.2756
4 2.85 2.616
4 1.98 2.431
6 0.87 0.912
6 0.09 0.3017
6 1.35 1.2924
6 1.1625 1.2321
5 1.6875 1.5706
5 2.8725 2.7761
4 2.7675 2.4357
7 1.8375 1.7833
6 0.7575 0.275
5 0.4275 0.3529
5 1.0125 1.0496
7 2.76 2.6107
7 1.2375 1.3069
7 2.475 2.5581
4 1.0275 0.7633
6 0.51 0.5264
6 0.2025 0.3009
7 1.8675 1.9255
4 1.44 1.3004
4 0.4875 0.5141
7 2.49 2.6061
4 1.8 1.9235
4 1.635 1.4982
6 1.7625 1.7609
7 0.96 1.0547
7 0.9525 1.0095
5 0.135 0.344
6 1.305 1.2978
7 2.775 2.771
4 1.53 1.5549
4 1.02 0.9624
6 1.5375 1.372
5 2.3625 1.9045
7 2.1075 2.1424
5 2.9325 2.6369
6 0.9675 1.055
6 2.115 2.3547
7 0.345 0.3881
4 0.4875 0.409
6 0.0375 0.474
5 2.2125 2.0129
7 0.0525 0.2457
7 0.1575 0.1713
4 2.625 2.4509
7 0.45 0.274
6 2.25 1.994
4 0.195 0.3314
6 0.7575 0.7935
5 1.05 0.9731
6 0.9225 1.0257
4 1.4475 1.6904
5 2.07 2.0284
5 2.1975 2.3881
4 1.8825 1.826
6 2.9775 1.4704
6 0.0975 0.3127
7 1.44 1.464
7 2.4525 2.5887
4 2.925 2.5934
7 1.89 1.8611
6 1.815 1.7878
4 2.985 2.5544
4 1.6725 2.0608
6 2.6475 2.4884
4 1.065 1.1029
7 0.8325 0.8268
7 1.6575 1.7684
7 2.1675 2.1432
7 1.74 1.7775
4 2.955 2.5818
6 0.8175 0.9051
5 2.595 2.4409
4 2.37 2.5792
5 2.145 2.5617
4 1.065 1.0543
4 1.335 1.4466
6 0.36 0.2733
5 0.795 0.8327
4 0.09 0.2962
5 1.995 1.9815
6 1.455 1.4397
7 1.4475 1.4566
4 0.285 0.5242
5 0.8625 0.756
5 1.605 1.6434
6 0.1425 0.3184
4 1.77 1.854
7 1.5825 1.5519
4 2.775 2.5442
6 2.5725 2.6782
6 1.9875 1.9926
7 0.525 0.7056
5 1.335 1.4417
7 0.6375 0.6088
6 0.375 0.3415
5 1.2825 1.3069
6 2.3475 2.4195
4 1.0875 1.0845
6 1.8825 1.947
7 0.09 0.3304
7 0.675 0.7125
5 2.5725 2.4601
7 1.77 1.8185
4 0.0225 0.4675
6 0.1875 0.2172
6 2.58 2.895
6 2.805 2.4891
7 0.375 0.4384
6 2.1 2.3375
7 2.7 2.8707
5 1.755 1.7062
4 0.585 0.4255
7 2.6625 2.7762
6 1.815 1.6972
6 1.545 1.4881
5 2.6925 2.7181
4 2.01 2.3385
7 1.275 1.2078
5 0.255 0.3309
7 0.48 0.4096
5 2.355 2.2122
5 1.29 1.4259
4 1.6425 1.5458
6 0.915 1.0012
7 2.8725 2.7394
6 1.4775 1.4996
5 1.5075 1.2684
5 2.19 2.514
6 0.75 0.395
5 1.8975 1.9553
4 0.51 0.3975
7 0.4875 0.5408
5 2.8425 2.6011
6 1.3575 1.2705
7 0.06 0.1701
7 2.7075 2.8095
7 0.9075 0.7809
4 0.645 0.6107
5 0.87 0.7516
5 0.765 0.2465
5 2.3775 2.2187
5 0.9525 0.5148
7 2.085 2.0629
7 2.07 2.109
4 0.615 0.4836
5 1.53 1.6593
6 2.0925 2.3242
4 1.86 1.8735
7 1.3425 1.3938
7 1.02 0.9058
5 0.915 0.5282
6 0.435 0.4437
7 2.4075 2.6774
4 0.375 0.3715
6 0.735 0.9412
4 0.2925 0.3541
4 0.15 0.3093
6 0.3375 0.1588
5 2.7525 2.519
4 2.73 2.3924
6 1.53 1.5918
4 2.295 2.252
6 1.74 1.8366
7 0.15 0.3899
7 1.635 1.6301
6 0.57 0.5071
4 2.9475 2.6445
4 1.6725 1.7919
6 0.3525 0.4297
7 2.4 2.5262
4 0.405 0.4619
6 2.835 2.823
5 2.43 2.6718
4 1.08 1.2013
6 0.315 0.215
6 2.64 2.4113
6 1.575 1.5331
5 1.2075 1.241
7 1.7925 1.7395
5 1.08 1.0756
4 2.01 2.1335
7 2.025 2.061
7 0.42 0.2731
5 0.3825 0.3266
4 2.73 2.5283
7 1.8675 1.8523
5 1.0575 0.9202
4 0.8025 0.6228
5 0.36 0.323
7 1.6425 1.7156
7 2.6625 2.8647
4 2.505 2.566
4 1.8075 1.912
4 0.99 1.1975
7 1.2675 1.3171
6 2.13 1.9809
5 2.445 2.6821
7 2.8425 2.7098
5 2.13 2.0725
6 1.2 1.1606
7 0.5175 0.5577
5 2.4675 2.6059
7 0.0825 0.2352
6 2.085 1.9234
4 2.34 2.5026
6 2.2275 2.3487
4 0.6975 0.5388
7 0.1575 0.2303
7 1.6125 1.4729
5 0.525 0.4844
5 1.875 1.8074
6 0.54 0.1376
6 2.0625 1.9626
4 1.815 1.6669
7 1.4775 1.5357
5 1.0125 0.9542
6 1.065 1.033
5 2.3325 2.7032
5 1.9425 1.781
6 2.1225 1.9997
7 0.3675 0.7065
7 1.635 1.5558
5 1.86 2.0668
5 2.085 1.9249
6 0.825 0.302
6 1.905 1.995
4 1.515 1.3484
4 1.29 1.2339
7 1.7025 1.7679
5 1.5375 1.7003
4 0.15 0.3942
4 0.465 0.6906
4 1.5075 1.5742
7 2.2725 2.3255
6 2.1975 2.1237
4 1.41 1.1999
7 1.155 1.1748
6 2.22 2.214
4 2.5125 2.339
6 2.58 2.6818
7 0.75 0.8022
6 0.765 0.7886
7 1.89 1.9425
4 0.5925 0.4785
4 2.4075 2.4375
4 2.6175 2.5023
5 0.18 0.3364
5 0.2325 0.2414
6 2.1825 2.3735
5 2.8575 2.7203
4 1.8675 1.6336
7 0.255 0.3343
6 0.555 0.5869
4 2.8425 2.3085
6 2.9475 2.6893
7 1.59 1.6268
6 2.835 2.606
7 1.1925 1.2205
6 2.0775 2.1184
7 0.6675 0.7585
5 1.0575 1.134
7 2.1825 1.9747
4 2.73 2.5483
5 2.2875 2.3043
4 1.14 1.1693
4 0.69 0.8135
6 1.965 2.0293
5 0.12 0.2997
7 1.1175 1.1472
7 2.715 2.767
6 2.535 2.602
7 0.51 0.229
6 1.0875 1.1474
7 1.71 1.7348
5 1.8975 2.0261
4 2.55 2.6302
4 0.795 1.2882
4 1.845 1.9137
4 1.3275 1.2649
4 0.315 0.3602
7 2.3175 2.5723
7 2.265 2.2789
5 2.52 2.6467
5 0.105 0.4267
6 1.4025 1.4079
4 0.195 0.9736
4 0.6075 0.3783
4 1.71 2.0538
6 2.34 2.5701
4 2.97 2.4787
4 2.49 2.652
6 1.26 1.2543
4 1.5375 1.5802
4 0.975 0.8847
5 0.075 0.3398
7 1.38 1.4159
5 1.56 1.5564
4 0.5775 0.3847
5 0.4725 0.3685
7 0.3075 0.1616
7 0.1275 0.4216
6 0.165 0.4347
5 0.7275 0.2938
6 0.63 0.6971
7 2.9625 2.7606
5 1.1325 1.174
4 1.3875 1.4385
7 1.215 1.198
7 0.6375 0.7082
4 1.875 1.9109
4 2.4075 2.4863
4 0.975 0.8646
6 0.42 0.2818
5 0.6525 0.4587
5 2.4975 2.6318
7 1.38 1.451
6 2.9175 2.7137
4 2.1075 2.4542
4 0.735 1.1166
6 1.335 1.255
7 0.0225 0.1713
4 1.4025 1.467
6 2.0475 2.0976
5 2.9475 2.6635
7 0.9825 1.0728
5 0.015 0.7032
6 1.3275 1.2048
5 2.445 2.616
4 1.8075 1.552
5 0.2775 0.3122
5 2.6025 2.2224
4 2.97 2.501
4 1.6725 1.5697
6 2.805 2.4395
5 0.615 0.4325
5 0.96 0.9488
7 0.315 0.2167
4 0.945 0.4612
7 1.545 1.6183
6 0.7125 0.8155
7 0.4875 0.2742
4 1.2825 1.5415
4 2.7975 2.3769
7 0.915 0.9983
7 2.6475 2.6671
6 2.7825 2.7133
4 1.7925 1.6186
5 2.34 2.2551
6 2.8125 2.6493
6 0.54 0.6396
6 2.5425 2.7519
4 1.4475 1.6557
5 1.5975 1.5007
5 1.7025 1.7838
7 1.3575 1.3802
4 2.8275 2.5
7 1.71 1.6203
4 1.2525 1.1808
5 1.3275 1.2702
6 1.3275 1.2381
7 1.1625 1.0538
6 2.85 2.7648
7 2.4675 2.5634
7 0.585 0.6061
4 0.465 0.4003
7 2.2875 2.327
7 2.145 2.1395
5 2.9175 2.5958
5 1.8075 1.771
6 0.5025 0.4591
6 1.2525 1.2581
6 0.6975 0.2923
7 2.67 2.7793
5 1.545 1.4571
6 2.85 2.6083
5 2.3025 2.5456
7 1.68 1.6359
5 2.9475 2.5361
7 0.705 0.6798
4 0.4575 0.4226
6 0.4275 0.4632
7 0.9675 1.0508
5 1.935 1.7964
7 0.03 0.2605
5 0.9 0.9508
7 0.0675 0.2179
5 2.535 2.6536
7 0.0825 0.3232
7 1.5225 1.4254
7 2.8425 2.8252
7 2.625 2.4854
6 0.465 0.173
6 0.3 0.5175
5 1.8825 1.8536
7 1.41 1.4264
6 1.98 2.1726
7 1.92 1.992
4 1.11 0.9713
5 1.38 1.3847
4 2.8875 2.6574
4 2.0775 2.5637
7 0.18 0.2674
5 2.565 2.4369
5 0.42 0.2707
5 0.5625 0.4655
5 1.0125 1.0008
5 0.6825 0.3794
4 2.07 2.118
7 1.905 1.908
7 1.785 1.7816
5 1.635 1.6659
6 2.7 2.738
4 1.98 2.2403
4 0.135 0.6682
6 0.0525 0.2419
4 0.5925 0.4922
5 1.1625 1.1077
7 0.2625 0.4545
6 2.6625 2.4512
5 1.2825 1.2319
5 0.2475 0.3312
4 0.54 0.8124
5 2.925 2.6932
7 0.0375 0.2925
5 2.385 2.4996
7 0.9675 1.0266
4 0.0 0.4363
5 2.2575 2.2571
4 1.545 1.5154
6 0.0675 0.2837
6 1.5225 1.6193
4 0.2775 0.3967
5 0.7425 0.4634
7 2.3175 2.2546
6 2.2725 2.4231
4 2.445 2.1942
6 0.93 0.6836
6 0.435 0.2232
4 1.0875 1.1568
7 0.3075 0.1982
4 2.985 2.3764
7 0.1425 0.336
6 1.0275 0.9373
4 0.03 0.3732
4 1.5675 1.5767
7 2.07 2.0979
7 1.2375 1.2703
4 1.0275 1.0248
5 0.075 0.5067
7 2.2725 2.3982
7 2.7 2.7707
6 1.7175 1.6673
4 0.6 0.6606
6 2.8425 2.571
7 0.525 0.5211
7 2.7975 2.6275
6 0.135 0.1689
5 0.9525 0.7326
4 0.765 0.4745
6 1.8 1.8411
5 0.8175 0.6185
5 0.0375 0.2498
7 2.16 2.155
5 2.0625 2.0425
5 0.51 0.3874
6 1.8675 1.9314
5 0.69 0.8216
6 0.7425 0.7363
7 2.1525 2.1904
4 0.9225 0.7705
4 0.8175 0.94
6 0.3225 0.4871
5 2.805 2.5298
6 2.8575 2.6823
7 2.295 2.3411
7 0.735 0.7439
5 1.89 1.7926
7 0.4425 0.5831
5 2.3775 2.7583
7 2.13 2.2595
5 0.045 0.3222
7 1.5525 1.4769
4 1.665 1.5103
7 1.8675 1.9573
7 1.2225 1.1543
6 1.17 1.2882
4 0.6675 0.6888
7 0.8625 0.8302
5 0.915 0.7293
7 0.8175 0.9343
7 0.2325 0.4089
7 1.635 1.7499
5 1.4475 1.5929
6 2.88 2.6993
7 0.7875 0.9386
7 2.2275 2.1837
5 2.55 2.6911
5 2.2275 2.1502
4 2.67 2.6386
4 0.975 0.8461
6 2.43 2.3801
4 1.335 1.3035
7 0.6075 0.2651
5 1.5225 1.5394
5 2.9325 2.5894
4 1.0275 1.1848
7 0.87 0.8788
4 0.5325 0.4662
4 0.9675 1.0821
7 0.6975 0.7234
4 0.09 0.5264
6 1.3725 1.4262
5 1.08 0.7951
6 0.63 0.5531
7 1.5525 1.6004
5 2.3925 2.4899
7 0.15 0.4571
5 1.56 1.6245
5 2.715 2.7369
7 0.8925 0.8427
4 1.4475 1.5133
6 0.18 0.4125
7 1.11 1.0125
4 0.855 0.8812
6 2.28 2.2519
5 1.3425 1.4368
7 0.495 0.315
5 1.4025 1.4282
6 1.05 1.0914
7 2.04 2.0545
4 2.58 2.405
5 0.78 0.735
4 0.33 0.583
6 1.9275 2.0416
7 1.3725 1.4679
6 1.6875 1.6405
7 0.7425 0.6221
7 2.565 2.2996
7 1.7025 1.1024
6 2.2575 2.2864
5 2.6775 2.4882
5 1.815 1.989
6 0.15 0.3631
5 2.7525 2.7323
6 1.3425 1.4304
6 1.965 1.871
6 0.405 0.4494
4 2.3175 2.4464
6 0.1575 0.3051
5 2.4525 2.5726
5 0.5175 0.6235
4 2.8575 2.65
4 0.2025 0.422
7 1.7775 1.8551
7 0.0825 0.3501
6 1.5975 1.614
4 2.9475 2.5027
6 1.9275 2.0172
7 2.73 2.733
5 1.17 1.0959
6 0.1875 0.2484
4 0.9975 0.6777
4 2.28 2.171
4 0.375 0.4118
6 1.2825 1.3313
6 0.7725 0.6457
6 2.5275 2.451
7 2.685 2.7461
7 1.5075 1.5205
4 0.9825 0.7284
6 0.0825 0.317
7 0.21 0.1777
5 0.5775 0.5695
5 2.4975 2.732
6 1.0575 1.0635
6 2.4525 2.5393
6 0.0 0.3449
6 1.86 1.9443
7 2.1225 2.2324
4 2.07 2.2104
4 0.795 0.3926
4 0.5625 0.2672
7 0.795 0.8549
4 1.17 1.1401
4 1.5825 1.5282
7 1.2375 1.2857
7 0.3825 0.2281
5 0.78 0.3422
5 0.99 0.4403
4 1.47 1.257
5 2.4075 2.4922
6 2.5125 2.6721
6 2.1075 2.1363
7 1.4475 1.4433
7 2.3175 2.2225
7 2.715 2.8195
4 2.085 2.0593
4 0.045 0.3164
5 2.595 2.6494
7 0.3975 0.1717
7 1.5525 1.6177
7 0.0675 0.1738
5 1.74 1.6061
6 0.165 0.3699
6 0.9825 1.0411
5 1.74 1.8859
4 2.6625 2.6022
4 0.7425 0.8244
4 2.31 2.4769
5 1.59 1.6832
4 0.15 0.3939
7 1.7325 1.652
4 2.3625 2.1817
7 2.7525 2.6498
6 0.75 0.7876
4 1.7625 1.8229
6 0.3375 0.333
5 2.5575 2.6495
7 1.5075 1.4452
7 2.6775 2.583
7 0.855 0.7533
6 0.735 0.8141
4 2.4975 2.6171
4 0.72 0.4285
7 1.635 1.6258
5 2.1375 2.2043
4 2.3175 2.1208
4 2.955 2.5297
4 1.14 1.2932
6 2.1 2.1117
6 0.2175 0.3659
4 0.84 1.1716
4 1.83 1.6883
4 0.6225 0.9717
5 0.06 0.6375
7 0.2625 0.4385
4 2.22 2.5738
6 1.0425 1.042
5 2.0775 2.173
4 2.9175 2.5257
6 1.005 1.0372
4 0.855 1.0398
4 2.4825 2.7211
4 2.5425 2.5332
6 0.5175 0.3883
6 1.83 1.7795
7 1.3575 1.3496
6 1.0875 1.1367
5 1.9125 1.674
7 2.01 2.0385
4 1.9575 2.3006
6 2.9175 2.7477
5 1.9125 2.0389
6 1.665 1.681
4 2.88 2.7062
6 1.335 1.2986
6 0.2775 0.2864
4 2.49 2.6289
4 0.96 0.8235
7 0.0675 0.2778
5 0.1875 0.6909
7 2.1225 2.0786
6 2.0625 2.1211
4 1.845 2.0807
7 2.0625 2.0422
4 1.5375 1.394
4 0.7575 0.5521
7 1.0275 0.986
7 2.715 2.7193
4 1.0275 0.8824
4 2.61 2.3226
6 1.32 1.2059
4 1.3575 1.3574
4 1.68 2.1192
7 0.8775 0.9255
5 1.755 1.6772
7 0.7425 0.5638
4 0.42 0.4927
4 1.365 1.1275
4 1.8075 2.0118
6 1.9275 1.8748
4 1.875 2.0083
4 1.665 1.7257
7 0.1125 0.2394
6 2.13 2.1502
5 2.445 2.2296
7 2.7675 2.7517
4 2.8275 2.6867
4 2.565 2.4669
6 2.115 2.2648
5 0.855 0.382
4 0.885 0.6141
4 2.1825 1.9798
6 0.3375 0.3911
6 2.5575 2.6497
7 0.4125 0.3188
7 1.95 1.8883
4 2.985 2.5656
6 1.8375 1.8173
7 1.935 1.8112
5 1.17 1.2624
5 1.35 1.4473
5 1.7175 1.7448
5 0.9225 0.9723
4 0.105 0.3629
7 1.2225 1.2582
7 1.365 1.476
7 2.34 2.3417
5 2.535 2.6337
4 2.865 2.5202
5 0.855 0.6606
4 2.3325 2.1427
7 0.27 0.2513
4 1.83 1.631
5 2.7375 2.7612
5 2.3625 2.3745
5 0.4575 0.4234
5 1.2075 0.9621
4 1.4325 1.2058
7 0.195 0.2457
6 2.7075 2.4574
6 1.5975 1.7525
4 1.8 2.3039
7 1.2825 1.3031
6 2.1525 2.1853
4 1.515 1.6095
4 0.81 0.9282
7 2.7225 2.7302
4 1.635 1.6302
7 0.795 0.8357
7 1.9275 1.88
6 1.4325 1.3353
6 1.68 1.6594
6 2.835 2.7014
5 2.445 2.5011
5 2.7675 2.6459
6 1.0725 1.0845
6 2.2875 2.2692
4 1.74 1.7478
7 0.255 0.4722
4 0.3825 0.3706
6 1.5975 1.6301
7 2.445 2.4812
7 0.06 0.1405
7 2.865 2.6549
7 2.5575 2.6708
4 1.755 2.4012
5 0.54 0.2835
4 2.1225 1.7754
5 1.14 1.2674
4 1.2225 0.5937
4 2.6325 2.5523
6 0.8025 0.7483
6 0.6525 0.4992
7 1.56 1.6152
5 2.2275 2.1691
4 1.0275 0.8245
5 1.95 2.0342
6 0.3225 0.2203
5 0.225 0.315
7 1.905 2.0649
5 1.7325 1.7138
7 2.2575 2.1838
5 2.0175 2.3645
4 0.9375 0.6307
5 2.37 2.478
4 0.1725 0.4393
5 1.8225 1.6558
6 0.93 0.7475
7 0.03 0.2186
5 0.135 0.372
7 0.3225 0.296
6 1.0725 1.0354
7 2.8725 2.8503
4 1.7175 2.2269
4 1.32 1.2028
6 2.595 2.7639
6 2.0025 2.0589
5 0.585 0.4235
5 0.45 0.4876
6 2.025 2.0501
5 0.3825 0.3967
5 2.7225 2.6368
5 2.595 2.7965
5 0.0675 0.3794
4 1.1175 0.7734
7 0.6075 0.7206
5 2.235 2.6227
5 2.9625 2.7341
4 2.355 2.7928
5 1.3725 1.3885
6 1.83 1.8194
6 2.8125 2.404
5 1.59 1.6903
4 1.5825 1.4058
4 1.395 1.3844
7 1.8675 1.8366
4 1.1025 1.1543
7 1.44 1.4059
4 2.2425 2.0073
4 1.56 1.5597
7 2.5725 2.7808
5 1.02 0.9609
6 1.6425 1.526
7 0.4575 0.6198
4 1.185 1.1053
4 0.54 0.574
6 2.4 2.3328
7 1.83 1.9356
7 1.1175 1.1573
4 0.855 0.4426
4 0.2925 0.5454
6 1.9125 2.043
7 2.565 2.7378
7 0.315 0.307
5 1.5 1.4983
4 1.35 1.1262
7 2.8425 2.8316
4 2.8425 2.555
5 2.4975 2.6679
7 0.2175 0.324
4 1.485 1.5947
7 1.815 1.9325
6 0.4875 0.3258
6 0.285 0.3744
5 0.21 0.4097
4 1.3275 1.3325
5 1.2975 1.2318
4 0.105 0.4614
6 0.3075 0.4564
5 1.71 1.6509
5 0.975 0.9009
6 2.37 2.6418
7 2.1675 2.2749
6 1.6725 1.7554
6 0.9675 0.925
4 0.555 0.3696
4 2.7975 2.5963
6 1.6725 1.7385
7 0.555 0.492
7 1.6575 1.6555
5 0.045 0.3164
4 1.41 1.4616
5 1.725 1.8166
6 0.345 0.2017
4 1.9725 2.2241
7 0.4275 0.4586
5 1.62 1.5236
6 2.76 2.7736
4 2.265 2.6305
7 2.175 2.2047
6 1.3125 1.2967
7 2.7375 2.7452
5 1.635 1.6059
6 0.06 0.5257
7 1.3875 1.3649
7 2.5275 2.5277
5 2.685 2.6273
6 1.155 1.1499
5 1.755 2.0374
5 1.0125 0.7276
4 0.285 0.4711
4 1.995 2.3288
6 0.2475 0.2445
4 1.9125 1.744
5 1.4625 1.5469
5 1.9425 1.9475
4 0.5325 0.4015
7 0.69 0.6452
6 1.1925 1.3503
7 2.5125 2.7518
6 2.3775 2.5573
6 2.625 2.7093
7 1.305 1.4277
5 1.53 1.5688
5 0.0375 0.3208
6 2.7525 2.6555
4 0.18 0.5781
4 1.755 1.7589
4 0.2775 0.3646
6 0.6225 0.2624
7 1.8975 1.7902
7 1.9725 1.8848
5 2.2875 2.5486
7 0.3075 0.5077
4 1.8525 1.7479
5 1.8375 1.9068
4 1.4775 1.5074
4 2.595 2.5205
6 2.235 2.1656
5 0.975 0.9209
6 2.4225 2.3372
5 1.5675 1.577
7 2.1975 2.2537
4 0.3225 0.4315
4 0.69 0.4503
4 2.07 2.5029
7 1.5 1.4427
5 2.685 2.7248
6 1.83 1.8736
4 1.4325 1.3208
5 0.72 0.3013
4 2.2425 2.4424
4 2.1525 2.2415
4 0.2775 0.359
7 1.275 1.3819
5 2.4975 2.148
7 2.355 2.3771
6 1.095 1.0644
5 2.3925 2.2407
6 1.545 1.54
7 0.51 0.1461
7 1.0125 1.0062
7 1.47 1.3835
4 2.1525 2.567
4 1.065 0.4211
5 2.3175 2.4155
4 0.6375 0.4705
7 2.1375 2.1328
7 2.7525 2.773
6 2.6025 2.5496
5 2.115 2.3768
6 1.02 0.8766
4 0.69 0.4936
4 2.04 1.9407
5 2.1975 2.0738
5 2.37 2.682
5 2.715 2.5478
4 2.7375 2.5339
7 0.72 0.8494
6 1.05 1.1954
6 1.815 2.8718
6 0.4575 0.1706
6 1.5825 1.4232
5 2.295 2.5097
5 1.47 1.252
7 0.945 0.9459
5 0.6525 0.545
4 2.1375 2.4611
6 0.135 0.3585
7 2.1075 2.1307
6 1.02 1.0492
5 0.6525 0.3371
7 1.71 1.6988
7 0.48 0.2158
5 1.8975 1.9296
5 0.0675 0.2643
6 0.54 0.4423
5 0.42 0.3458
5 2.745 2.5414
7 0.4125 0.4235
4 0.84 0.9139
6 1.4325 1.338
5 2.2875 2.294
4 0.75 0.4924
7 1.9575 2.0169
7 0.36 0.2201
4 0.5925 0.7261
4 0.795 0.4971
4 1.905 2.1075
7 0.045 0.1994
4 0.8025 0.6156
7 1.4025 1.3269
5 1.7775 1.8845
4 2.175 2.3846
7 2.8875 2.736
6 2.88 2.712
4 1.62 1.782
7 2.1975 2.0851
7 1.6725 1.6338
7 2.1225 2.0822
7 0.7875 0.6786
5 1.3425 1.3836
7 1.575 1.5127
7 1.41 1.456
4 1.3575 1.3935
7 2.685 2.8107
7 2.925 2.6119
6 2.8575 2.8488
6 0.3825 0.3388
4 1.305 1.3958
6 1.7475 1.7592
4 2.3925 2.484
4 1.3425 1.1728
5 0.57 0.2954
5 2.31 2.2638
5 2.7075 2.747
4 0.2625 0.3555
5 2.5875 2.6988
5 2.5875 2.6414
4 0.0975 0.4081
4 2.9925 2.7042
5 0.81 1.0225
4 1.2375 0.9623
4 2.1825 2.347
4 1.1775 1.2526
4 1.905 2.1761
5 1.035 1.2918
6 0.015 0.3178
7 0.7875 0.6785
5 1.455 1.4734
5 1.5225 1.3397
4 2.91 2.5392
4 0.0225 0.4965
5 1.9725 2.0588
5 0.03 0.3478
6 0.1275 0.4405
7 1.26 1.18
6 0.0075 0.2158
6 2.835 2.7749
4 2.76 2.6514
7 1.4025 1.4207
7 1.4325 1.4145
5 0.9375 0.6955
6 0.9375 0.8464
6 0.855 1.0618
6 1.9875 2.1087
4 1.3575 1.4532
5 0.87 0.9695
4 0.3375 1.057
6 1.905 1.9055
6 2.595 2.5778
6 1.9575 1.8393
4 2.55 2.5964
4 2.49 2.549
5 1.365 1.4372
6 2.3475 2.3842
5 2.025 1.9499
5 1.2375 1.1912
5 0.0975 0.2505
6 0.0 0.2088
4 0.2775 0.8133
7 0.1275 0.271
4 1.485 1.4887
6 0.255 0.5549
6 0.6375 0.6108
4 1.7775 2.0058
7 0.06 0.3072
6 0.75 0.562
6 0.1725 0.2124
4 0.06 0.3665
7 2.4075 2.4617
5 2.61 2.6961
4 1.725 1.8941
5 2.8725 2.5931
7 0.585 0.4179
6 0.7875 0.7659
4 2.7375 2.6069
7 0.8475 0.8359
7 1.0425 1.0031
5 1.7025 1.6846
7 2.3775 2.4221
5 0.705 0.2313
6 2.1225 2.0097
7 1.4925 1.4872
6 0.3225 0.1494
6 0.285 0.2868
7 1.3125 1.3182
7 1.2375 1.2005
5 0.1875 0.3306
6 1.8375 1.8364
7 0.3825 0.3144
4 0.24 0.289
4 1.6125 1.4812
7 1.0125 1.0341
4 0.105 0.4911
5 2.4825 2.7715
6 2.445 2.432
6 0.6525 0.3701
6 0.9 0.9366
4 0.7425 0.2829
7 2.115 2.1655
6 1.815 1.7369
4 1.4925 1.5087
6 2.3475 2.6411
6 1.3875 1.31
5 0.4425 2.5683
5 2.76 2.6956
7 1.2675 1.2947
4 2.67 2.3029
4 2.925 2.3572
4 2.775 2.4476
4 0.645 0.5603
4 2.9925 2.6683
6 2.01 2.0076
4 0.36 0.4155
4 0.795 0.6271
6 2.1375 2.3153
4 1.7325 1.9867
4 1.3275 1.1743
5 1.2225 1.0055
7 1.395 1.4778
7 1.47 1.5315
7 2.7375 2.8322
6 2.2125 2.3843
7 0.39 0.5282
4 0.5175 0.5249
5 0.0225 0.3711
4 1.26 1.3008
4 2.1225 1.9887
4 2.5275 2.4409
5 1.1775 1.1084
7 1.14 1.0627
5 0.585 0.6967
5 2.52 2.6735
7 2.6475 2.8272
6 0.99 1.0172
6 1.605 1.5702
4 1.53 1.4419
6 1.2675 1.1344
6 2.2275 2.3247
6 0.09 0.272
6 0.7725 0.7823
5 1.005 0.8255
7 2.9775 2.7038
6 1.4775 1.4525
5 2.745 2.5899
6 1.6575 1.746
6 0.645 0.4033
5 1.245 1.2516
7 1.425 1.3558
6 1.7325 1.6799
7 2.0325 2.0193
4 1.2825 1.4636
5 0.3675 2.0756
4 1.4025 1.5227
4 1.1625 1.1254
6 1.8375 1.8267
4 0.7575 0.6614
4 1.32 1.2704
5 0.8475 0.421
6 2.115 2.039
6 1.8075 1.7923
6 2.3925 2.4424
5 1.1175 1.0558
7 0.8925 0.8445
6 1.545 1.6531
5 2.7675 2.7282
6 0.2775 0.4201
4 1.185 1.1853
6 0.0375 0.2695
4 0.7125 0.4486
4 0.9 0.7812
6 1.965 2.0316
4 0.75 0.8001
4 0.6225 0.3278
4 2.7075 2.562
5 0.7425 0.3636
4 0.3975 0.4117
6 2.97 2.6227
6 1.3875 1.2456
7 2.97 2.6236
7 1.4325 1.3897
5 2.8575 2.3926
4 2.3925 2.3365
4 1.275 1.2372
7 1.935 2.0086
7 2.49 2.5955
6 0.3 0.3475
6 2.34 2.6077
7 1.26 1.2631
6 2.85 2.6085
7 0.06 0.201
6 0.3825 0.3044
6 2.7975 2.6133
7 1.6275 1.5799
4 2.175 2.4309
6 1.9275 1.9958
6 0.7125 0.4218
5 2.865 2.6068
7 2.28 2.3955
7 1.3875 1.4552
6 2.475 2.6035
6 2.055 2.1573
6 2.1975 2.1991
4 0.09 0.4618
6 0.6 0.5564
5 2.1825 2.3327
4 2.2275 2.4378
5 1.335 1.3401
6 0.12 0.2667
5 1.26 1.2359
4 1.6425 1.69
5 2.0625 2.0337
6 2.805 2.5672
4 0.48 0.4375
7 0.18 1.7031
6 1.92 1.8894
5 1.395 1.2905
7 2.7675 2.8545
6 0.4875 0.3375
6 0.9825 0.9748
5 1.4475 1.5859
6 0.255 0.248
7 0.63 0.444
5 2.775 2.2941
6 2.79 2.7725
5 1.3125 1.2804
6 1.4025 1.3441
4 2.0925 2.1233
7 0.525 0.3719
7 0.975 0.9608
6 2.175 2.1045
6 2.91 2.5345
5 0.6 0.2864
5 2.565 2.5049
