sigma2_stimulus 	 [inf, 2.0, 3.0, 4.0, 5.0, 6.0, 7.0, 8.0, 9.0, 10.0]
log_motor_var 	 [8.12501049041748]
sigma_logit 	 [-1.0, -2.0, -3.0, -4.0, -5.0, -6.0, -7.0, -8.0, -9.0, -10.0]
mixture_logit 	 [-5.160216331481934]
prior 	 [-8.611212730407715, -8.577630996704102, -8.544219017028809, -8.510974884033203, -8.477900505065918, -8.44499397277832, -8.412256240844727, -8.379687309265137, -8.347288131713867, -8.315056800842285, -8.28299331665039, -8.251100540161133, -8.219374656677246, -8.18781852722168, -8.156431198120117, -8.125212669372559, -8.094162940979004, -8.063282012939453, -8.03256893157959, -8.00202465057373, -7.971650123596191, -7.941443920135498, -7.911406517028809, -7.881537437438965, -7.851837635040283, -7.822306156158447, -7.792943477630615, -7.763750076293945, -7.734724998474121, -7.705869197845459, -7.677181243896484, -7.64866304397583, -7.620312690734863, -7.5921311378479, -7.564118385314941, -7.5362749099731445, -7.508600234985352, -7.481093406677246, -7.453756332397461, -7.4265875816345215, -7.399587154388428, -7.372756481170654, -7.346094131469727, -7.319599628448486, -7.293274879455566, -7.26711893081665, -7.24113130569458, -7.215312480926514, -7.189662456512451, -7.164181232452393, -7.138868808746338, -7.113724708557129, -7.088749885559082, -7.063943386077881, -7.039306163787842, -7.014837265014648, -6.990537643432617, -6.966405868530273, -6.942443370819092, -6.918649673461914, -6.895025253295898, -6.87156867980957, -6.848280906677246, -6.825162410736084, -6.802212238311768, -6.779430866241455, -6.756818771362305, -6.734375, -6.712100028991699, -6.689993858337402, -6.668056011199951, -6.646287441253662, -6.624687194824219, -6.6032562255859375, -6.581993579864502, -6.56089973449707, -6.539974689483643, -6.519218921661377, -6.498631000518799, -6.478212356567383, -6.4579620361328125, -6.437880992889404, -6.41796875, -6.398224830627441, -6.378649711608887, -6.359243869781494, -6.340006351470947, -6.320937633514404, -6.302037239074707, -6.283306121826172, -6.264743804931641, -6.246349811553955, -6.228124618530273, -6.210068702697754, -6.19218111038208, -6.17446231842041, -6.156912326812744, -6.139531135559082, -6.122318267822266, -6.105274677276611, -6.088399887084961, -6.071693420410156, -6.055156230926514, -6.038787364959717, -6.022587299346924, -6.006556034088135, -5.99069356918335, -5.974999904632568, -5.959475040435791, -5.944118499755859, -5.92893123626709, -5.913912296295166, -5.899062156677246, -5.884381294250488, -5.869868278503418, -5.855525016784668, -5.841350078582764, -5.827343463897705, -5.813506126403809, -5.799837112426758, -5.786337375640869, -5.773005962371826, -5.759843826293945, -5.74685001373291, -5.734025001525879, -5.721368312835693, -5.708881378173828, -5.69656229019165, -5.684412479400635, -5.672430992126465, -5.660618782043457, -5.648974895477295, -5.637499809265137, -5.626193523406982, -5.615056037902832, -5.6040873527526855, -5.593287467956543, -5.582655906677246, -5.572193622589111, -5.561899662017822, -5.551774978637695, -5.541818618774414, -5.532031059265137, -5.522412300109863, -5.512962341308594, -5.503681182861328, -5.494568347930908, -5.48562479019165, -5.4768500328063965, -5.468243598937988, -5.459805965423584, -5.451537132263184, -5.443437099456787, -5.4355058670043945, -5.427743434906006, -5.420149803161621, -5.41272497177124, -5.405468463897705, -5.398381233215332, -5.391462326049805, -5.384712219238281, -5.378130912780762, -5.371718406677246, -5.365474700927734, -5.359399795532227, -5.353493690490723, -5.3477559089660645, -5.342187404632568, -5.336787223815918, -5.3315558433532715, -5.326493740081787, -5.321599960327148, -5.316874980926514, -5.312318801879883, -5.307930946350098, -5.303712368011475, -5.299662113189697, -5.295781135559082, -5.2920684814453125, -5.288524627685547, -5.285149574279785, -5.281943321228027, -5.278905868530273, -5.276037216186523, -5.273337364196777, -5.270805835723877, -5.268443584442139, -5.266249656677246, -5.264225006103516, -5.262368679046631, -5.26068115234375, -5.259162425994873, -5.257812023162842, -5.256630897521973, -5.255618572235107, -5.254775047302246, -5.2540998458862305, -5.253593444824219, -5.253255844116211, -5.253087520599365, -5.253087520599365, -5.253255844116211, -5.253593444824219, -5.2540998458862305, -5.254775047302246, -5.255618572235107, -5.256630897521973, -5.257812023162842, -5.259162425994873, -5.26068115234375, -5.262368679046631, -5.264225006103516, -5.266249656677246, -5.268443584442139, -5.270805835723877, -5.273337364196777, -5.276037216186523, -5.278905868530273, -5.281943321228027, -5.285149574279785, -5.288524627685547, -5.2920684814453125, -5.295781135559082, -5.299662113189697, -5.303712368011475, -5.307930946350098, -5.312318801879883, -5.3168745040893555, -5.321599960327148, -5.326493263244629, -5.3315558433532715, -5.336787223815918, -5.342187404632568, -5.3477559089660645, -5.353493690490723, -5.359399795532227, -5.365474700927734, -5.371718406677246, -5.378130912780762, -5.384712219238281, -5.391462326049805, -5.398380756378174, -5.405468463897705, -5.41272497177124, -5.420149803161621, -5.427743434906006, -5.4355058670043945, -5.443437099456787, -5.451537132263184, -5.459805965423584, -5.468243598937988, -5.4768500328063965, -5.48562479019165, -5.494568347930908, -5.503681182861328, -5.512962341308594, -5.522412300109863, -5.532031059265137, -5.541818618774414, -5.551774501800537, -5.561899662017822, -5.572193622589111, -5.582655906677246, -5.593286991119385, -5.6040873527526855, -5.615056037902832, -5.626193523406982, -5.637499809265137, -5.648974895477295, -5.660618305206299, -5.672430992126465, -5.684412479400635, -5.69656229019165, -5.70888090133667, -5.721368312835693, -5.734024524688721, -5.746849536895752, -5.759843826293945, -5.773005962371826, -5.786337375640869, -5.799837112426758, -5.813506126403809, -5.827343463897705, -5.8413496017456055, -5.855525016784668, -5.869868278503418, -5.88438081741333, -5.899062156677246, -5.913912296295166, -5.92893123626709, -5.944118499755859, -5.959474563598633, -5.974999904632568, -5.99069356918335, -6.006555557250977, -6.022587299346924, -6.038787364959717, -6.0551557540893555, -6.071693420410156, -6.088399887084961, -6.105274677276611, -6.122318267822266, -6.139531135559082, -6.156912326812744, -6.17446231842041, -6.192180633544922, -6.210068702697754, -6.228124618530273, -6.246349334716797, -6.264743804931641, -6.283306121826172, -6.302037239074707, -6.320937156677246, -6.340006351470947, -6.359243392944336, -6.378649711608887, -6.398224353790283, -6.41796875, -6.437880992889404, -6.4579620361328125, -6.478212356567383, -6.498631000518799, -6.519218444824219, -6.539974689483643, -6.56089973449707, -6.581993579864502, -6.603255748748779, -6.624687671661377, -6.646287441253662, -6.668056011199951, -6.689992904663086, -6.712100028991699, -6.734374523162842, -6.7568182945251465, -6.779431343078613, -6.802212238311768, -6.825162410736084, -6.848280429840088, -6.87156867980957, -6.89502477645874, -6.918649673461914, -6.942442893981934, -6.966405868530273, -6.990537166595459, -7.01483678817749, -7.039306163787842, -7.063943386077881, -7.088749408721924, -7.113724231719971, -7.138868808746338, -7.164180755615234, -7.189661979675293, -7.215312480926514, -7.24113130569458, -7.267118453979492, -7.293274402618408, -7.319599628448486, -7.346093654632568, -7.372756004333496, -7.399588108062744, -7.4265875816345215, -7.453756332397461, -7.481093406677246, -7.508600234985352, -7.5362749099731445, -7.564118385314941, -7.592130661010742, -7.620312690734863, -7.648662090301514, -7.677180767059326, -7.705869197845459, -7.734724998474121, -7.763749599456787, -7.792943000793457, -7.822306156158447, -7.851837635040283, -7.881536960601807, -7.911406517028809, -7.941443920135498, -7.971649646759033, -8.00202465057373, -8.03256893157959, -8.063281059265137, -8.094161987304688, -8.125212669372559, -8.156431198120117, -8.18781852722168, -8.219374656677246, -8.251100540161133, -8.28299331665039, -8.315055847167969, -8.347286224365234, -8.379687309265137, -8.412256240844727, -8.444993019104004, -8.477900505065918, -8.510974884033203, -8.544218063354492, -8.577630043029785, -8.611212730407715]
volume 	 [0.0024999999441206455, 0.0024999999441206455, 0.0024999999441206455, 0.0024999999441206455, 0.0024999999441206455, 0.0024999999441206455, 0.0024999999441206455, 0.0024999999441206455, 0.0024999999441206455, 0.0024999999441206455, 0.0024999999441206455, 0.0024999999441206455, 0.0024999999441206455, 0.0024999999441206455, 0.0024999999441206455, 0.0024999999441206455, 0.0024999999441206455, 0.0024999999441206455, 0.0024999999441206455, 0.0024999999441206455, 0.0024999999441206455, 0.0024999999441206455, 0.0024999999441206455, 0.0024999999441206455, 0.0024999999441206455, 0.0024999999441206455, 0.0024999999441206455, 0.0024999999441206455, 0.0024999999441206455, 0.0024999999441206455, 0.0024999999441206455, 0.0024999999441206455, 0.0024999999441206455, 0.0024999999441206455, 0.0024999999441206455, 0.0024999999441206455, 0.0024999999441206455, 0.0024999999441206455, 0.0024999999441206455, 0.0024999999441206455, 0.0024999999441206455, 0.0024999999441206455, 0.0024999999441206455, 0.0024999999441206455, 0.0024999999441206455, 0.0024999999441206455, 0.0024999999441206455, 0.0024999999441206455, 0.0024999999441206455, 0.0024999999441206455, 0.0024999999441206455, 0.0024999999441206455, 0.0024999999441206455, 0.0024999999441206455, 0.0024999999441206455, 0.0024999999441206455, 0.0024999999441206455, 0.0024999999441206455, 0.0024999999441206455, 0.0024999999441206455, 0.0024999999441206455, 0.0024999999441206455, 0.0024999999441206455, 0.0024999999441206455, 0.0024999999441206455, 0.0024999999441206455, 0.0024999999441206455, 0.0024999999441206455, 0.0024999999441206455, 0.0024999999441206455, 0.0024999999441206455, 0.0024999999441206455, 0.0024999999441206455, 0.0024999999441206455, 0.0024999999441206455, 0.0024999999441206455, 0.0024999999441206455, 0.0024999999441206455, 0.0024999999441206455, 0.0024999999441206455, 0.0024999999441206455, 0.0024999999441206455, 0.0024999999441206455, 0.0024999999441206455, 0.0024999999441206455, 0.0024999999441206455, 0.0024999999441206455, 0.0024999999441206455, 0.0024999999441206455, 0.0024999999441206455, 0.0024999999441206455, 0.0024999999441206455, 0.0024999999441206455, 0.0024999999441206455, 0.0024999999441206455, 0.0024999999441206455, 0.0024999999441206455, 0.0024999999441206455, 0.0024999999441206455, 0.0024999999441206455, 0.0024999999441206455, 0.0024999999441206455, 0.0024999999441206455, 0.0024999999441206455, 0.0024999999441206455, 0.0024999999441206455, 0.0024999999441206455, 0.0024999999441206455, 0.0024999999441206455, 0.0024999999441206455, 0.0024999999441206455, 0.0024999999441206455, 0.0024999999441206455, 0.0024999999441206455, 0.0024999999441206455, 0.0024999999441206455, 0.0024999999441206455, 0.0024999999441206455, 0.0024999999441206455, 0.0024999999441206455, 0.0024999999441206455, 0.0024999999441206455, 0.0024999999441206455, 0.0024999999441206455, 0.0024999999441206455, 0.0024999999441206455, 0.0024999999441206455, 0.0024999999441206455, 0.0024999999441206455, 0.0024999999441206455, 0.0024999999441206455, 0.0024999999441206455, 0.0024999999441206455, 0.0024999999441206455, 0.0024999999441206455, 0.0024999999441206455, 0.0024999999441206455, 0.0024999999441206455, 0.0024999999441206455, 0.0024999999441206455, 0.0024999999441206455, 0.0024999999441206455, 0.0024999999441206455, 0.0024999999441206455, 0.0024999999441206455, 0.0024999999441206455, 0.0024999999441206455, 0.0024999999441206455, 0.0024999999441206455, 0.0024999999441206455, 0.0024999999441206455, 0.0024999999441206455, 0.0024999999441206455, 0.0024999999441206455, 0.0024999999441206455, 0.0024999999441206455, 0.0024999999441206455, 0.0024999999441206455, 0.0024999999441206455, 0.0024999999441206455, 0.0024999999441206455, 0.0024999999441206455, 0.0024999999441206455, 0.0024999999441206455, 0.0024999999441206455, 0.0024999999441206455, 0.0024999999441206455, 0.0024999999441206455, 0.0024999999441206455, 0.0024999999441206455, 0.0024999999441206455, 0.0024999999441206455, 0.0024999999441206455, 0.0024999999441206455, 0.0024999999441206455, 0.0024999999441206455, 0.0024999999441206455, 0.0024999999441206455, 0.0024999999441206455, 0.0024999999441206455, 0.0024999999441206455, 0.0024999999441206455, 0.0024999999441206455, 0.0024999999441206455, 0.0024999999441206455, 0.0024999999441206455, 0.0024999999441206455, 0.0024999999441206455, 0.0024999999441206455, 0.0024999999441206455, 0.0024999999441206455, 0.0024999999441206455, 0.0024999999441206455, 0.0024999999441206455, 0.0024999999441206455, 0.0024999999441206455, 0.0024999999441206455, 0.0024999999441206455, 0.0024999999441206455, 0.0024999999441206455, 0.0024999999441206455, 0.0024999999441206455, 0.0024999999441206455, 0.0024999999441206455, 0.0024999999441206455, 0.0024999999441206455, 0.0024999999441206455, 0.0024999999441206455, 0.0024999999441206455, 0.0024999999441206455, 0.0024999999441206455, 0.0024999999441206455, 0.0024999999441206455, 0.0024999999441206455, 0.0024999999441206455, 0.0024999999441206455, 0.0024999999441206455, 0.0024999999441206455, 0.0024999999441206455, 0.0024999999441206455, 0.0024999999441206455, 0.0024999999441206455, 0.0024999999441206455, 0.0024999999441206455, 0.0024999999441206455, 0.0024999999441206455, 0.0024999999441206455, 0.0024999999441206455, 0.0024999999441206455, 0.0024999999441206455, 0.0024999999441206455, 0.0024999999441206455, 0.0024999999441206455, 0.0024999999441206455, 0.0024999999441206455, 0.0024999999441206455, 0.0024999999441206455, 0.0024999999441206455, 0.0024999999441206455, 0.0024999999441206455, 0.0024999999441206455, 0.0024999999441206455, 0.0024999999441206455, 0.0024999999441206455, 0.0024999999441206455, 0.0024999999441206455, 0.0024999999441206455, 0.0024999999441206455, 0.0024999999441206455, 0.0024999999441206455, 0.0024999999441206455, 0.0024999999441206455, 0.0024999999441206455, 0.0024999999441206455, 0.0024999999441206455, 0.0024999999441206455, 0.0024999999441206455, 0.0024999999441206455, 0.0024999999441206455, 0.0024999999441206455, 0.0024999999441206455, 0.0024999999441206455, 0.0024999999441206455, 0.0024999999441206455, 0.0024999999441206455, 0.0024999999441206455, 0.0024999999441206455, 0.0024999999441206455, 0.0024999999441206455, 0.0024999999441206455, 0.0024999999441206455, 0.0024999999441206455, 0.0024999999441206455, 0.0024999999441206455, 0.0024999999441206455, 0.0024999999441206455, 0.0024999999441206455, 0.0024999999441206455, 0.0024999999441206455, 0.0024999999441206455, 0.0024999999441206455, 0.0024999999441206455, 0.0024999999441206455, 0.0024999999441206455, 0.0024999999441206455, 0.0024999999441206455, 0.0024999999441206455, 0.0024999999441206455, 0.0024999999441206455, 0.0024999999441206455, 0.0024999999441206455, 0.0024999999441206455, 0.0024999999441206455, 0.0024999999441206455, 0.0024999999441206455, 0.0024999999441206455, 0.0024999999441206455, 0.0024999999441206455, 0.0024999999441206455, 0.0024999999441206455, 0.0024999999441206455, 0.0024999999441206455, 0.0024999999441206455, 0.0024999999441206455, 0.0024999999441206455, 0.0024999999441206455, 0.0024999999441206455, 0.0024999999441206455, 0.0024999999441206455, 0.0024999999441206455, 0.0024999999441206455, 0.0024999999441206455, 0.0024999999441206455, 0.0024999999441206455, 0.0024999999441206455, 0.0024999999441206455, 0.0024999999441206455, 0.0024999999441206455, 0.0024999999441206455, 0.0024999999441206455, 0.0024999999441206455, 0.0024999999441206455, 0.0024999999441206455, 0.0024999999441206455, 0.0024999999441206455, 0.0024999999441206455, 0.0024999999441206455, 0.0024999999441206455, 0.0024999999441206455, 0.0024999999441206455, 0.0024999999441206455, 0.0024999999441206455, 0.0024999999441206455, 0.0024999999441206455, 0.0024999999441206455, 0.0024999999441206455, 0.0024999999441206455, 0.0024999999441206455, 0.0024999999441206455, 0.0024999999441206455, 0.0024999999441206455, 0.0024999999441206455, 0.0024999999441206455, 0.0024999999441206455, 0.0024999999441206455, 0.0024999999441206455, 0.0024999999441206455, 0.0024999999441206455, 0.0024999999441206455, 0.0024999999441206455, 0.0024999999441206455, 0.0024999999441206455, 0.0024999999441206455, 0.0024999999441206455, 0.0024999999441206455, 0.0024999999441206455, 0.0024999999441206455, 0.0024999999441206455, 0.0024999999441206455, 0.0024999999441206455, 0.0024999999441206455, 0.0024999999441206455, 0.0024999999441206455, 0.0024999999441206455, 0.0024999999441206455, 0.0024999999441206455, 0.0024999999441206455, 0.0024999999441206455, 0.0024999999441206455, 0.0024999999441206455, 0.0024999999441206455, 0.0024999999441206455, 0.0024999999441206455, 0.0024999999441206455, 0.0024999999441206455, 0.0024999999441206455, 0.0024999999441206455, 0.0024999999441206455, 0.0024999999441206455, 0.0024999999441206455, 0.0024999999441206455, 0.0024999999441206455, 0.0024999999441206455, 0.0024999999441206455, 0.0024999999441206455, 0.0024999999441206455, 0.0024999999441206455, 0.0024999999441206455, 0.0024999999441206455, 0.0024999999441206455, 0.0024999999441206455, 0.0024999999441206455, 0.0024999999441206455, 0.0024999999441206455, 0.0024999999441206455, 0.0024999999441206455, 0.0024999999441206455, 0.0024999999441206455, 0.0024999999441206455, 0.0024999999441206455]
loss_function_weights_cosine 	 [-1.0, 0.0, 0.0, 0.0, 0.0, 0.0, 0.0, 0.0, 0.0, 0.0]
loss_function_weights_sine 	 [0.0, 0.4000000059604645, -0.25999999046325684, 0.0, 0.0, 0.0, 0.0, 0.0, 0.0, 0.0]
=======
4 1.7175 1.9531
6 1.29 1.1635
6 1.7325 1.7968
4 0.615 0.961
5 2.4375 2.2341
6 2.4675 2.1957
7 1.9575 1.8633
7 0.48 0.5014
5 1.56 1.623
5 0.9825 1.1026
5 0.75 0.4992
4 2.8575 2.7357
6 2.9925 2.8533
7 0.135 0.2087
7 2.58 2.5606
5 1.8075 1.9593
4 1.1475 1.1174
7 0.8475 0.9402
4 2.025 2.2999
5 1.3725 1.6417
7 2.055 1.9528
7 1.9875 1.9629
6 0.3975 0.3921
5 2.3025 2.1039
6 2.9475 2.7883
6 2.91 2.8332
4 1.8375 2.1063
5 0.135 0.3953
7 0.015 0.0011
6 0.405 0.3225
7 2.82 2.8375
4 0.9075 1.2417
5 1.095 1.0925
5 2.6925 2.6738
7 0.945 0.9468
4 1.65 1.4628
5 1.305 1.2648
4 0.195 0.5548
6 1.755 1.8483
4 2.535 2.2775
4 0.4725 0.848
4 0.675 0.7216
5 1.2375 1.2247
4 0.1125 0.3436
7 1.4925 1.4483
5 2.4525 2.1149
7 1.9725 1.939
7 1.5975 1.6216
5 2.565 2.7043
5 0.45 0.6178
4 1.7025 1.5651
4 1.125 1.3824
6 1.8075 1.7246
7 0.3375 0.3373
5 2.325 2.3643
5 0.2925 0.2618
6 0.5025 0.5299
4 2.4225 2.4447
6 2.8425 2.7643
5 1.2975 1.2091
6 1.245 1.3826
6 0.735 0.6445
7 0.825 0.8597
4 1.8525 2.0068
5 0.5325 0.8178
7 0.36 0.2581
6 1.365 1.2983
5 0.495 0.6755
6 1.9425 1.8948
4 2.46 2.3173
5 2.3325 2.2355
4 1.44 1.649
4 1.0425 1.0696
4 1.305 1.5053
6 0.015 0.1538
7 2.1375 2.0546
7 0.9975 0.9491
5 0.96 1.0903
4 0.24 0.3545
7 1.3425 1.3623
7 1.7475 1.7463
4 1.17 1.2198
7 2.61 2.6916
7 2.0175 2.078
7 0.7275 0.7868
5 1.575 1.7079
6 2.73 2.6557
6 1.56 1.5861
6 1.8075 1.8526
6 0.1875 0.2274
7 1.47 1.391
6 1.3875 1.2012
5 1.2 1.4108
4 1.26 1.3395
4 1.755 1.7732
5 1.6125 1.5444
4 1.47 1.3636
4 0.495 0.5169
4 1.3275 1.5438
5 2.9025 2.7123
6 1.245 1.4508
4 0.105 0.4602
6 0.0075 0.2314
4 1.605 1.8238
5 0.15 0.3375
4 0.2775 0.4691
4 0.33 0.5972
7 1.365 1.2738
7 2.9775 2.9591
5 1.455 1.3524
5 1.3725 1.3052
4 1.3125 1.4139
6 1.5 1.5251
5 1.3425 1.4584
6 2.175 2.1635
7 2.6925 2.5457
6 2.0925 2.1134
7 1.2675 1.3116
5 1.95 1.8254
6 2.73 2.6478
6 0.4575 0.3563
5 0.7125 0.5771
4 1.86 1.6583
4 2.0625 2.0205
6 1.9275 1.8894
7 1.7625 1.8172
6 2.49 2.4684
5 1.44 1.3677
6 2.4225 2.4125
5 2.8875 2.695
5 1.305 1.177
4 2.58 2.3087
5 2.1525 2.493
7 2.6625 2.6055
4 0.135 0.7118
6 2.7375 2.7802
4 2.3025 2.4177
5 2.8875 2.6096
7 2.9475 2.9806
7 0.855 0.7397
4 2.01 2.0276
4 0.4275 0.9026
7 1.785 1.861
7 2.76 2.7821
4 0.5775 0.5456
7 1.05 1.1147
6 0.24 0.3864
6 0.585 0.6626
5 0.6225 0.8157
4 0.285 0.4864
6 2.9925 2.9293
5 2.6625 2.6905
7 1.395 1.2701
6 2.2275 2.0695
5 2.085 1.9089
5 1.5675 1.9309
4 1.2675 1.2623
7 1.995 1.9934
6 1.665 1.6278
5 0.795 1.0778
6 1.095 1.1791
6 1.8825 2.0862
5 1.8825 2.036
5 0.63 0.5327
5 1.83 1.8578
5 2.625 2.6778
4 2.6175 2.6129
4 1.9575 1.9578
7 0.21 0.227
5 1.2675 1.1544
5 0.27 0.2501
5 0.165 0.167
5 0.765 1.0173
7 1.3725 1.3398
5 2.28 2.2296
4 1.89 1.7546
5 0.8475 1.0585
5 2.085 2.017
6 1.5225 1.4665
6 1.5225 1.549
4 0.7875 1.2261
6 1.3275 1.2845
5 1.0275 1.1111
6 2.1825 2.0915
5 1.4475 1.6378
7 1.3425 1.3038
5 1.4325 1.2487
6 1.44 1.289
4 2.07 1.8947
6 2.16 2.1538
7 2.4 2.438
5 1.215 1.198
5 2.3775 2.2672
5 2.895 2.7178
5 2.9775 2.5053
5 2.16 2.1215
5 0.195 0.4437
5 2.5425 2.4667
5 2.5125 2.242
4 0.0525 0.3947
4 0.9825 1.4116
4 0.9675 1.2595
7 2.22 2.1979
7 1.83 1.8957
6 0.8475 0.916
5 0.5625 0.4389
6 0.5025 0.4771
5 0.285 0.6277
7 2.37 2.2996
5 2.805 2.9152
5 0.66 0.6891
6 2.235 1.969
5 2.85 2.66
6 0.5775 0.6276
7 1.7175 1.7274
5 1.32 1.6036
5 2.925 2.8309
7 2.61 2.5888
7 0.045 -0.0153
4 0.6075 0.8166
4 2.5425 2.3454
7 1.725 1.6268
7 1.5675 1.6564
5 2.43 2.2556
4 2.295 2.2734
5 2.865 2.9138
5 0.9825 1.1396
6 0.1425 0.1046
6 2.0775 2.0037
7 0.15 0.1557
6 1.695 1.5787
7 2.58 2.5136
4 1.1925 1.4707
5 1.8 2.0472
4 0.5175 0.6411
5 0.4725 0.6333
5 1.815 1.8864
4 2.595 2.4482
5 2.9925 2.7222
5 0.09 0.1687
7 2.76 2.757
6 1.53 1.6099
4 1.05 0.9689
7 1.1925 1.2242
6 1.7325 1.6736
5 1.0425 1.144
4 0.435 0.5954
4 2.595 2.4368
4 2.1225 2.0469
5 1.83 2.0261
6 2.1675 2.2202
6 2.955 2.887
7 0.525 0.457
4 2.475 2.1619
5 2.4675 2.3517
4 1.0275 1.3212
7 1.68 1.7584
7 1.3725 1.436
4 0.585 0.8375
6 1.2975 1.315
5 0.4575 0.5014
4 2.7975 2.7425
5 0.5625 0.5219
6 1.905 1.6806
4 1.71 1.7439
7 2.925 2.9863
5 2.3775 2.1898
5 1.08 0.9165
6 1.125 1.1106
5 0.15 0.3474
4 0.1575 0.767
4 0.93 1.0091
6 2.85 2.8244
6 0.15 0.1479
6 0.5325 0.5313
6 1.905 1.8845
4 1.08 1.2876
5 0.555 0.6207
4 2.8425 2.3287
7 0.1275 0.1677
5 1.7925 1.7545
6 1.29 1.3785
5 1.035 1.2461
5 0.585 0.9634
6 0.4875 0.4786
7 1.215 1.2514
7 2.2575 2.3094
4 1.4025 1.298
5 2.3325 2.0918
4 2.6325 2.7772
4 0.5175 0.5927
7 2.64 2.4623
5 1.7475 1.9016
7 1.26 1.2419
7 1.5375 1.6275
5 2.67 2.4153
4 1.1775 0.8687
6 0.285 0.4043
7 2.88 2.9275
4 0.3525 0.2697
7 0.3225 0.4576
4 2.1675 1.9123
5 0.93 0.8352
5 0.87 0.9289
6 1.95 1.9518
5 2.6775 2.5124
4 1.035 0.8406
4 2.7225 2.4439
4 1.86 1.9615
5 1.8225 2.0377
6 1.5975 1.5022
5 0.0375 0.1375
7 0.4725 0.5661
5 2.0325 1.8715
6 2.0775 2.0692
7 0.2925 0.4207
6 1.9125 1.8236
7 1.425 1.3509
7 1.7325 1.6792
6 1.2 1.1815
6 0.6525 0.5995
5 1.065 1.106
5 2.91 2.9272
6 0.5625 0.5462
6 2.5875 2.6355
5 1.59 1.6901
5 0.225 0.2295
6 2.43 2.3379
6 0.0525 0.2159
5 2.5125 2.4843
5 1.0125 1.2021
7 2.7525 2.8497
6 2.1825 2.0977
4 1.0725 1.067
6 1.875 2.0705
6 2.9625 2.9032
7 0.51 0.4791
5 0.615 0.6805
4 0.87 0.9044
7 2.46 2.4032
4 0.7425 0.7561
6 0.7425 0.7698
5 1.845 1.7552
7 1.755 1.752
7 1.2525 1.2372
7 1.65 1.5695
4 0.09 0.3665
6 0.015 0.0557
5 0.0825 0.3237
6 0.165 0.0865
6 2.31 2.2317
7 2.94 3.0031
7 0.375 0.3351
7 1.155 1.1696
4 0.045 0.2805
7 1.305 1.3326
6 1.9875 1.9225
5 1.875 1.9944
6 2.7075 2.6473
7 1.6575 1.8181
4 0.1575 0.4238
6 1.1325 1.1483
6 1.38 1.4434
7 1.005 0.9887
4 0.105 0.3726
4 1.8825 1.718
6 1.47 1.3745
4 2.13 1.6645
5 1.095 1.1188
5 0.21 0.4542
7 0.795 0.7922
7 0.525 0.4923
7 1.38 1.3301
4 0.4575 0.4525
7 0.2325 0.3001
5 1.575 1.3616
4 0.42 0.8186
6 0.315 0.3315
6 0.36 0.2741
7 2.115 2.0154
4 2.4225 2.2678
7 2.43 2.3538
6 1.725 1.73
7 1.905 1.7648
6 2.2575 2.2662
6 1.2825 1.3494
7 1.53 1.6333
4 2.1375 2.1872
7 1.905 1.8536
5 1.83 1.7176
6 1.9425 1.7322
5 1.605 1.3298
7 0.645 0.6951
7 0.915 1.0495
4 2.0775 1.7594
4 1.26 1.2036
6 2.5725 2.64
6 1.125 0.9775
4 2.01 1.9146
4 0.345 1.0277
5 0.9 0.9346
4 2.55 2.3563
6 0.525 0.616
6 1.875 2.0308
5 0.0825 0.1795
6 1.83 1.75
4 1.3575 1.0393
7 2.7 2.6693
5 2.475 2.3908
6 2.3175 2.3631
6 1.0125 0.9908
7 2.01 1.9846
6 0.465 0.4353
6 1.47 1.4481
5 1.17 1.0253
6 1.41 1.5391
6 0.825 0.8527
5 0.6375 0.7201
7 1.56 1.462
7 1.9575 1.9291
6 1.6875 1.6999
6 2.8575 2.8385
5 1.6725 1.5278
6 0.45 0.4815
7 1.9275 1.9376
5 0.9525 1.0371
5 2.8125 2.7722
5 0.39 0.2151
7 1.3725 1.3852
4 2.0175 2.0753
6 2.91 2.7716
7 1.5675 1.663
6 1.14 1.2787
4 2.3325 2.0083
6 2.3625 2.3794
6 2.7375 2.7105
5 2.1675 2.3016
7 0.3825 0.3624
4 2.9775 2.4405
6 2.79 2.6885
4 1.305 1.2827
6 1.98 1.9892
5 2.505 2.5319
6 2.7525 2.5914
4 2.1675 2.3114
5 0.27 0.2106
5 0.2025 0.2152
5 1.1025 0.9131
6 1.365 1.1675
7 0.9375 0.9651
6 2.25 2.2074
4 2.2875 1.8384
5 1.2 1.3592
5 2.0925 2.1177
6 0.5775 0.5689
4 2.8575 2.2477
4 0.7275 0.5858
5 0.465 0.5082
7 1.1475 1.0638
4 2.5875 2.2113
4 1.7925 1.752
5 2.055 1.9873
4 2.4525 1.7585
7 1.155 1.1213
4 2.88 2.4813
7 2.9625 2.9497
6 1.605 1.7513
7 2.25 2.1714
4 2.565 2.0169
7 1.7775 1.8078
5 0.39 0.3728
7 1.9725 1.9514
4 1.365 1.3344
7 2.565 2.5529
6 0.63 0.5207
7 0.0375 0.1963
5 0.54 0.831
4 0.51 0.9845
6 1.155 1.2032
7 0.6225 0.6486
6 1.005 1.11
6 1.77 1.9114
5 0.465 0.4705
4 1.455 1.257
7 1.065 0.9158
5 0.015 0.2319
4 2.025 1.927
7 1.5075 1.4682
5 2.325 2.0625
6 2.6325 2.5787
7 0.1425 0.063
5 2.145 1.9609
4 1.38 1.6336
7 2.625 2.5799
7 0.345 0.3168
7 2.52 2.3511
4 1.29 1.5772
4 0.2775 0.403
5 1.3875 1.3582
5 2.6325 2.6549
4 0.2175 0.2829
6 1.1325 1.1806
7 0.24 0.3233
5 0.0225 0.3359
5 2.4825 2.4985
7 1.65 1.7364
5 1.71 1.5106
6 2.7 2.7878
6 0.255 0.1597
5 2.835 2.7825
5 2.2575 2.4349
4 2.55 2.4397
5 2.445 2.3309
4 1.185 1.0485
7 0.0675 0.0578
5 2.9925 1.3605
7 1.8975 1.8911
5 2.1375 2.1763
6 2.085 2.0786
5 0.9 0.8872
7 1.9725 2.0477
7 1.35 1.4538
5 0.6825 0.8444
5 1.5 1.6023
4 1.4025 1.3495
5 0.9075 1.1652
7 2.25 2.1532
5 2.73 2.2952
7 1.7925 1.8302
6 0.0675 0.1765
6 1.635 1.5506
5 1.89 2.1486
7 2.445 2.4106
7 0.9075 0.9396
5 0.705 0.949
6 1.1175 1.1402
7 0.48 0.4606
4 2.34 2.4207
5 0.0825 0.1306
7 1.695 1.6952
4 2.4975 2.5406
6 0.0975 0.4254
5 0.495 0.693
4 2.9775 2.7245
6 0.9225 1.0902
4 2.3025 2.2841
4 0.0825 0.569
5 1.4025 1.48
4 0.1275 0.6323
7 0.735 0.6621
6 0.0525 0.0288
5 2.04 1.9519
4 1.365 1.2265
5 1.0575 0.8396
6 1.26 1.3017
7 2.04 1.9904
4 0.78 0.7806
4 0.465 0.5366
6 0.1275 0.2705
7 1.965 1.9684
4 1.995 1.9569
6 0.72 0.6851
7 1.545 1.6201
5 2.91 2.821
6 1.4175 1.379
5 2.295 2.1556
4 1.05 1.0744
7 1.6575 1.7765
7 2.3325 2.3317
5 2.0925 2.0897
5 1.7925 1.7383
5 0.885 0.6896
5 0.1725 0.3972
5 1.4475 1.4886
4 2.1675 2.2134
4 1.08 1.4718
5 2.1825 2.1056
5 1.41 1.2733
4 0.21 0.3224
5 1.74 1.7436
7 1.65 1.5986
4 0.9675 1.0048
4 0.6 1.0753
7 2.955 2.9363
6 1.755 1.8901
7 2.175 2.2215
4 0.1275 0.606
7 2.1975 2.2301
7 0.4875 0.4177
4 1.4475 1.5682
5 1.1775 1.1865
7 1.17 1.3125
7 2.37 2.496
6 0.6075 0.4858
6 2.835 2.7587
7 2.55 2.4926
5 1.4775 1.2284
5 2.625 2.5517
6 1.65 1.5774
7 2.7525 2.6285
4 1.4625 1.3167
5 2.9325 2.8551
6 2.235 2.2564
7 1.9725 1.8797
6 2.985 2.8134
4 2.085 1.7941
5 0.735 0.5604
5 1.9425 1.7614
7 0.51 0.5962
4 1.215 1.1133
7 2.1075 2.0822
6 0.57 0.5872
7 1.2675 1.2731
6 0.69 0.6882
6 1.245 1.1867
6 0.6975 0.6916
4 2.1075 2.0687
4 2.505 1.8659
6 1.44 1.41
4 2.1375 1.896
5 2.265 2.0446
4 2.4225 2.5328
6 2.4075 2.4164
7 1.9725 1.967
5 2.2125 2.0459
6 2.19 2.0285
6 1.5675 1.5226
6 2.385 2.3291
4 0.57 0.4447
4 2.16 2.0455
6 1.9125 2.0933
7 1.62 1.6362
6 1.815 1.2476
6 2.7525 2.8196
4 2.37 2.4644
5 2.07 1.9155
7 2.7 2.6626
7 2.6175 2.4867
5 0.9825 0.8718
6 2.58 2.5509
5 2.655 2.5464
7 1.7475 1.6828
6 2.775 2.7312
7 0.525 0.3934
4 2.4075 2.3717
7 0.7275 0.6623
4 1.2 1.0848
4 1.5225 1.5448
6 1.2675 1.4657
7 1.5525 1.529
4 0.2775 0.3909
5 0.18 0.3013
5 2.175 2.1028
6 0.81 0.9281
6 0.8325 1.0249
7 2.1 1.9596
5 2.2725 2.133
7 1.605 1.6726
6 2.4525 2.5225
4 1.05 1.062
7 2.67 2.6081
5 1.9125 2.0194
6 2.5425 2.7628
6 2.445 2.5445
5 2.1 2.0882
4 2.775 2.5043
5 2.265 2.3604
4 1.35 1.268
4 0.3525 0.3228
7 1.2075 1.2508
4 1.845 1.9397
4 0.0675 0.4945
5 1.7925 1.9881
5 1.2225 1.5121
4 1.425 1.5212
4 0.195 0.8524
4 0.2325 0.5562
7 1.9425 2.1194
6 0.81 0.7077
7 0.465 0.3483
5 2.6025 2.7168
6 0.1725 0.1896
7 2.1075 1.9541
5 2.4675 2.3195
6 2.6925 2.6507
7 1.98 1.904
6 0.1575 0.2181
6 1.3125 1.3539
4 2.625 2.5726
7 1.23 1.3246
6 1.605 1.5138
6 2.2275 2.2214
6 1.7325 1.7028
4 1.08 1.4565
4 1.7775 1.7257
6 1.395 1.2825
6 0.9975 1.0375
6 0.21 0.1718
6 0.78 0.9022
7 2.985 2.9325
7 0.8775 0.9527
5 1.0425 0.9071
5 2.94 2.8801
4 0.3075 0.3624
5 0.7575 0.6149
4 1.1325 1.17
4 1.395 1.2511
5 1.215 1.3288
4 0.825 0.6771
4 0.45 0.7837
4 1.665 1.6776
5 0.51 0.6245
5 0.0075 0.2384
6 2.28 2.1223
6 2.2875 2.2103
5 1.08 0.7627
4 2.6475 2.2326
5 0.48 0.6244
4 2.7 2.6955
4 2.0475 2.0376
5 2.01 1.9008
5 0.15 0.2261
7 2.2875 2.29
6 0.51 0.7104
6 1.605 1.6405
6 1.65 1.8172
6 0.18 0.1116
4 0.885 0.9494
6 2.76 2.681
7 2.28 2.2629
5 0.9225 1.0658
6 2.9325 2.8465
5 0.2175 2.6291
7 1.9575 1.9537
4 2.4075 2.1605
5 2.5425 2.2492
6 1.9425 1.9235
5 2.22 2.2806
5 0.7425 0.7081
7 2.3475 2.3143
6 2.04 2.0936
6 1.725 1.7648
7 0.8025 0.7757
6 2.0175 2.0974
7 0.15 0.1429
6 1.5075 1.5017
5 1.9725 1.9365
4 1.0125 0.8276
6 1.8 1.7975
5 0.165 0.2244
7 1.005 0.9461
5 1.47 1.5774
7 2.4825 2.3481
6 1.6125 1.554
7 2.79 2.6513
5 1.1175 0.8803
6 2.6775 2.7479
7 1.7475 0.71
5 1.41 1.725
5 0.5475 0.6378
7 2.4825 2.4519
7 2.385 2.4264
4 1.1625 1.1762
4 0.9675 0.8059
4 0.825 0.6792
6 1.02 1.109
7 0.27 0.3113
6 2.565 2.4425
4 1.305 1.5983
7 0.5325 0.4915
6 2.0475 1.9599
7 0.525 0.4597
5 2.64 2.6184
4 0.015 0.5719
5 1.6575 1.7278
5 1.92 2.0596
7 1.0275 1.0279
6 0.5775 0.5563
4 2.7 2.1551
6 1.7775 1.8988
4 2.085 1.8204
4 0.495 0.5067
7 0.03 0.0595
7 2.7225 2.6654
7 0.5625 0.5044
7 0.165 0.1311
7 2.3325 2.2815
6 1.7025 1.6184
5 0.0525 0.2028
5 1.6725 1.6105
6 1.53 1.5513
7 2.7675 2.8571
5 1.77 1.6449
6 0.45 0.5819
6 1.875 1.8521
6 2.4 2.5399
7 2.9025 2.9262
4 0.93 1.0648
6 1.7325 1.8913
7 0.1425 0.2221
5 2.865 2.6932
7 0.4275 0.4118
4 1.9575 2.2416
5 2.565 2.5704
4 1.44 1.2371
6 2.9325 2.862
7 1.2225 1.1204
7 1.7025 1.7714
6 2.5575 2.4461
6 0.0525 0.1808
5 2.5875 2.3689
4 2.535 2.5841
4 0.495 0.9142
6 2.0925 1.9689
6 0.825 0.9646
7 0.5775 0.5899
6 1.53 1.5391
5 2.1375 2.108
5 1.14 1.4407
4 1.02 1.0799
6 0.675 0.7976
4 1.725 1.5067
6 1.7475 1.9351
5 2.6025 2.4042
5 2.505 2.5889
5 0.0225 0.1799
7 0.4425 0.3776
7 0.3975 0.2844
7 0.8175 0.7241
6 2.2275 2.1897
5 1.47 1.4066
4 2.19 2.3013
4 2.5275 2.5892
7 1.11 1.1311
5 0.0075 0.1798
7 0.6375 0.6923
6 1.8525 1.853
6 1.7175 1.5995
7 0.615 0.5689
5 2.265 2.0781
6 0.09 0.0055
7 0.465 0.3903
5 1.5525 1.5918
7 1.815 1.7624
7 2.7525 2.7861
5 1.155 1.1308
5 2.4375 2.4308
6 1.4175 1.4976
4 0.9075 1.2192
7 2.8575 2.6599
7 1.485 1.4777
5 2.1225 2.2851
5 0.8775 1.1346
7 2.655 2.5265
4 1.4325 1.5839
5 0.1425 0.4876
5 0.2025 0.3568
5 1.0575 1.1482
5 1.2825 1.4192
5 0.33 0.489
7 2.55 2.5206
5 1.6725 1.9441
6 2.8425 2.7706
4 1.95 1.7442
4 2.4 2.5025
5 0.51 0.396
4 0.135 0.3063
4 0.6825 0.7807
6 1.26 1.3158
4 0.15 0.4057
7 2.7825 2.7339
5 0.9 0.7372
5 2.3775 2.196
6 0.135 0.2809
6 2.55 2.3858
6 0.9975 0.9181
5 1.545 1.4731
6 1.83 1.6255
7 1.83 1.8692
7 0.885 1.0163
4 0.765 1.1267
7 1.1625 1.1965
5 1.665 1.8024
7 0.0 0.0817
4 0.6825 0.5871
7 0.21 0.3592
7 2.4975 2.4601
6 2.1 2.1995
6 2.4975 2.4418
5 2.01 2.1314
5 0.105 0.3059
7 0.9825 0.9266
5 2.6475 1.9145
7 1.4025 1.4812
7 0.9675 0.879
5 0.4725 0.4748
7 2.7375 2.6983
5 0.285 0.2472
4 1.08 1.1527
6 0.945 0.8888
5 1.9125 1.8387
6 2.7375 2.431
5 2.22 2.1243
7 2.895 2.9275
4 0.855 0.9316
5 2.235 2.0659
4 2.1375 2.0063
6 0.1575 0.2782
4 1.725 1.6105
5 2.6325 2.5289
5 0.09 0.2436
4 0.6825 0.9591
5 1.605 1.8183
6 1.8225 1.7773
7 1.635 1.7212
4 2.6475 2.1138
5 1.14 1.1224
7 1.9725 1.9968
5 1.635 1.4976
7 2.4675 2.4995
6 1.17 1.1068
4 2.76 2.629
6 2.5425 2.5261
4 2.1675 2.0849
4 2.745 2.7093
6 1.9875 2.0276
5 0.885 0.9383
7 2.88 2.9459
7 1.0575 1.1065
6 1.0425 0.8634
7 1.8825 1.8686
6 1.5 1.4913
4 2.9925 2.6743
5 1.245 1.4564
5 2.7975 2.8966
6 1.35 1.4008
6 0.675 0.8895
4 1.605 1.4804
4 2.0175 1.7291
5 0.9 0.9751
5 1.7625 1.4472
6 1.3125 1.3119
4 0.0675 0.4844
6 0.195 0.1673
5 1.14 1.2032
6 2.1 2.0891
7 0.4725 0.5798
6 2.8875 2.9003
7 1.0875 0.9374
6 0.3225 0.3505
7 0.5625 0.716
6 2.76 2.5437
5 2.535 2.3928
6 1.9875 1.9927
4 0.1725 0.5826
5 1.9275 1.7653
4 0.0675 0.5547
5 0.705 0.6278
7 0.2025 0.1663
6 2.01 2.0011
7 2.46 2.5351
4 0.7875 0.7778
5 2.985 2.8037
5 1.6275 1.3949
7 2.55 2.5248
4 0.5925 0.8744
6 2.3925 2.4184
5 1.89 1.7171
5 0.2325 0.2529
7 2.295 2.3039
5 2.295 1.8449
7 1.1325 1.0838
7 0.795 0.8729
5 0.225 0.1897
5 1.8075 2.1029
4 0.9 0.9973
4 0.6975 0.8087
4 1.35 1.1699
5 0.3825 0.5001
7 1.98 2.0115
4 0.975 0.8158
7 0.885 0.9421
7 1.2975 1.3677
5 1.305 1.2083
4 1.305 1.4163
5 0.765 0.978
4 2.2575 2.3962
6 2.685 2.6078
4 1.695 1.6011
5 2.1675 2.0913
4 2.43 2.033
7 0.855 0.901
6 2.61 2.5521
5 1.71 1.9876
4 1.905 2.2377
7 1.6575 1.5677
5 2.655 2.5185
6 1.4775 1.546
4 2.13 1.8157
7 0.78 0.9107
5 0.48 0.8387
4 1.62 1.6473
4 2.475 2.2846
4 0.435 0.8912
6 2.175 2.1651
4 0.825 0.8691
7 0.3375 0.4587
5 2.43 2.3767
4 0.1725 0.6341
4 1.26 1.305
5 1.965 1.9256
6 2.1075 1.9276
5 2.295 2.3631
5 0.3 0.5632
4 0.39 0.9082
6 0.915 1.1105
6 2.5275 2.5353
7 2.685 2.5521
4 1.2675 1.362
7 0.8475 0.88
7 1.845 1.7943
5 1.29 1.1699
7 0.06 0.1371
5 1.8225 1.8225
6 2.7825 2.6277
7 1.995 2.0893
6 2.175 2.1424
7 0.21 0.2486
7 1.8375 1.8536
4 2.82 2.0728
5 0.8175 0.4598
7 0.96 0.9662
5 0.75 0.6628
5 1.7925 1.6821
6 1.035 1.0523
7 2.55 2.5138
7 2.0325 2.0998
7 1.635 1.6793
4 2.2875 2.203
6 0.6225 0.5061
6 0.75 0.8214
4 1.2675 1.7275
5 1.185 1.2712
5 1.32 1.1981
5 2.9625 2.6586
4 0.975 1.2867
6 2.5425 2.3586
4 2.4975 2.4507
4 0.9525 0.8886
5 1.1775 1.3661
6 0.0675 0.2273
6 2.085 2.0001
6 1.455 1.3524
6 0.51 0.4155
6 2.7075 2.7106
6 1.3425 1.1179
7 0.7275 0.6908
4 1.425 1.2658
6 0.51 0.4747
6 0.72 0.7549
6 1.935 1.8286
7 1.965 1.9142
6 0.315 0.3974
4 2.205 1.8039
4 2.3175 1.9668
6 1.6125 1.8731
5 1.83 1.8958
4 1.83 1.6822
4 2.325 1.8761
5 2.1375 2.269
4 2.355 1.8878
7 1.5525 1.5929
5 1.4025 1.5724
7 0.42 0.4757
7 2.0175 2.0137
4 1.9275 1.812
5 2.31 2.0825
7 1.9425 1.9661
5 1.485 1.4099
7 0.1725 0.2121
5 1.95 2.0337
7 2.025 2.1178
6 0.405 1.9132
7 0.705 0.7372
6 1.3875 1.4063
5 0.3525 0.4183
5 2.985 2.8273
5 0.2175 0.3818
6 2.1 2.0765
7 2.6175 2.5941
5 0.18 0.2368
4 1.44 1.1167
4 1.32 1.3337
7 2.9325 2.9038
7 2.88 2.9221
5 1.7475 1.6429
4 2.25 1.8328
4 2.6025 2.7244
4 0.3225 0.5485
7 0.33 0.2723
6 1.92 2.0585
7 2.7225 2.6844
6 2.13 2.0898
5 2.7375 2.8196
7 0.495 0.6591
5 0.825 0.8052
6 0.57 0.5637
7 1.62 1.5982
7 2.8725 2.7906
4 0.6 0.7862
4 1.335 1.5882
7 1.4025 1.4341
6 1.6425 1.5097
6 0.9 0.8846
7 1.3425 1.2971
6 0.0 0.0944
6 0.0075 0.0394
6 1.575 1.5873
5 0.315 0.1788
6 1.83 1.8423
6 1.23 1.0899
5 1.2975 1.4297
7 0.8925 1.0054
4 2.5875 2.5631
7 1.035 1.1064
4 2.595 2.1713
7 0.195 0.179
7 1.8975 1.8331
4 0.555 0.8054
5 2.775 2.5403
7 0.135 0.2591
4 2.4975 2.2299
6 2.3025 2.1608
6 1.1925 1.2338
4 0.195 0.4338
5 2.1225 1.9736
6 2.175 2.2757
7 2.3775 2.279
5 2.04 1.9315
6 2.4675 2.3806
7 1.1925 1.0071
6 1.9425 2.1521
6 2.7075 2.7581
5 0.8775 0.8071
7 0.6825 0.7588
6 0.9075 0.9711
6 0.0525 0.1526
5 2.5275 2.6355
7 0.525 0.4245
5 0.0225 0.3407
7 0.7875 0.8795
5 1.41 1.4983
6 2.7075 2.7459
7 1.05 1.2161
4 2.595 2.5303
5 2.79 2.6582
6 2.9625 2.8283
7 1.755 1.7629
7 1.9725 1.9066
7 1.6575 1.5969
6 2.3625 2.3237
7 2.0625 1.9818
5 0.3075 0.2316
7 1.23 1.2496
7 2.5575 2.6192
4 1.2675 1.18
5 2.3625 2.2625
4 2.535 2.3421
7 2.3175 2.2986
7 2.1825 2.2333
6 0.9975 1.0205
5 1.5075 1.6952
5 2.5125 2.6729
5 1.305 1.6158
4 1.725 1.9725
5 0.15 0.6607
6 1.3125 1.2609
6 1.5 1.6718
5 0.4725 0.3361
7 1.1625 1.128
4 0.2325 0.2665
4 2.9025 2.5799
6 0.42 0.4097
5 2.1525 2.0026
7 0.8025 0.7788
5 2.94 2.7802
4 2.58 2.3971
4 1.5975 1.202
5 0.7275 0.5172
7 0.285 0.3446
4 1.2825 1.184
4 1.005 1.1738
5 0.6375 0.6133
5 2.775 2.5617
6 1.8525 1.6785
7 0.3525 0.334
6 1.395 1.2325
6 0.9825 1.0104
4 2.3775 2.3769
4 1.7175 1.0694
7 0.0525 0.0228
5 1.59 1.6448
6 1.44 1.6387
5 0.78 0.9393
7 1.3125 1.2369
7 0.78 0.6961
5 0.3975 0.3375
6 0.8925 0.9643
7 2.985 2.9665
7 0.18 0.148
5 1.7175 1.9528
5 2.46 2.2492
7 2.595 2.5957
6 1.38 1.4433
7 2.1375 2.2776
5 1.425 1.6252
5 1.7025 1.4505
4 0.4575 0.6673
4 2.46 2.191
7 2.4075 2.3589
5 0.8025 0.6315
4 1.8225 1.8425
4 0.6075 0.8194
6 2.37 2.4881
4 0.3975 0.9282
7 0.5925 0.5578
4 1.41 1.4014
4 0.9675 1.0858
5 1.32 1.1875
4 0.3675 0.96
6 2.115 2.1731
7 0.48 0.4475
7 0.285 0.2989
4 1.62 1.0183
5 2.4825 2.4325
7 1.98 1.8501
7 2.19 2.136
4 0.78 0.7168
4 1.0875 1.206
7 1.8 1.7709
7 0.9225 0.8975
4 1.1025 0.8962
5 2.3175 2.178
5 0.255 0.3118
6 1.9425 1.9703
4 0.885 0.833
4 0.795 0.7102
4 2.43 2.2922
5 2.4675 2.4008
5 0.195 0.4822
6 0.2775 0.2958
5 1.08 1.1107
6 1.3275 1.3667
4 1.215 1.2109
5 1.935 1.8016
6 1.1175 1.1355
6 0.69 0.7949
7 2.925 2.8178
4 2.985 2.7614
4 2.445 2.1137
5 2.535 2.3988
4 2.94 2.7005
6 2.355 2.2711
7 1.695 1.7103
5 0.15 0.2173
7 0.615 0.5541
6 1.7775 1.8217
6 1.4775 1.594
6 2.5425 2.6663
4 0.0375 0.3292
4 1.2675 1.333
4 0.2325 0.6634
5 0.84 0.7276
5 1.1325 1.2398
6 2.205 2.1139
6 2.265 2.1056
4 2.0925 2.2616
6 1.305 1.1744
6 1.5675 1.3239
5 2.2425 1.9961
4 2.085 2.005
5 0.57 0.6734
6 2.5875 2.6804
4 2.4375 2.3592
7 2.175 2.138
7 1.9425 1.9614
4 1.6275 1.308
5 0.5475 0.3505
6 0.225 0.2829
6 0.2625 0.3125
7 0.12 0.0125
4 0.675 0.7869
7 2.985 2.8993
5 1.7325 1.6302
7 0.0 0.0269
6 2.5125 2.4197
5 0.165 0.3231
7 1.2375 1.2639
4 1.71 1.637
7 0.825 0.8347
6 2.595 2.6393
7 1.38 1.3469
5 1.845 1.7992
6 2.685 2.6925
7 0.9975 0.9777
5 2.3325 2.3111
6 2.265 2.1816
5 1.605 1.6166
6 0.9525 1.0018
6 2.9775 2.8452
5 1.35 1.4963
5 1.275 1.489
6 1.8525 1.7885
5 0.705 0.6738
7 1.3875 1.4676
4 0.8325 1.0159
6 1.665 1.8564
5 0.42 0.4841
7 0.09 0.171
6 2.085 2.0322
5 0.735 0.6041
6 0.0375 0.0749
6 0.4575 0.4163
6 2.385 2.4961
6 2.775 2.8194
6 2.88 2.8698
7 1.2 1.2517
4 1.3575 1.1873
4 1.7925 2.0992
6 2.79 2.6927
7 2.235 2.245
7 2.4975 2.4634
7 0.285 0.2672
4 1.635 1.2756
7 2.01 2.1224
7 0.735 0.7541
7 1.155 1.1564
6 0.225 0.4621
7 2.2725 2.2832
6 1.6425 1.3958
7 0.36 0.4117
7 2.265 2.2912
6 2.8425 2.8581
4 1.4325 1.479
5 2.7075 2.8228
4 1.8075 2.092
6 1.065 1.1461
7 1.395 1.3783
7 2.895 2.9622
5 2.61 2.6012
6 1.2975 1.4187
4 1.77 1.4727
7 1.005 1.0242
5 2.5425 2.5404
6 2.4825 2.5089
7 1.0125 0.9905
4 1.05 0.9506
4 2.8425 2.4382
5 1.635 1.6917
5 0.195 0.2721
6 0.42 0.6523
5 2.5875 2.6125
7 2.79 2.8856
6 0.3975 0.5712
6 2.5275 2.3588
7 0.2325 0.1822
7 0.9825 0.9751
6 1.3125 1.3607
7 2.67 2.7191
5 1.3575 1.456
6 1.14 1.1747
7 1.5525 1.4993
6 0.1875 0.3152
5 1.47 1.4707
5 0.705 0.575
6 0.4725 0.3627
4 0.1725 0.5906
6 2.6775 2.4789
6 0.705 0.774
7 2.025 2.1203
7 1.2 1.096
6 1.1925 1.369
4 2.4825 2.254
5 0.7575 0.9482
6 1.3575 1.3763
4 1.3425 1.1379
5 2.3025 2.3386
5 2.7525 2.8386
6 1.17 1.1804
7 0.135 0.1022
7 0.21 0.1501
6 1.9725 2.1249
7 2.1375 2.0928
7 0.075 -0.035
6 2.925 2.7519
5 1.6425 1.8283
6 0.555 0.6821
7 0.06 0.0952
5 1.1475 1.0484
7 0.5025 0.4858
7 2.745 2.6666
6 0.435 0.3893
6 2.0775 1.9675
5 1.32 1.3059
7 2.775 2.6745
7 1.4475 1.424
4 1.9425 2.0459
6 2.97 2.9666
5 1.1025 1.2582
7 1.5825 1.6573
6 1.3725 1.4879
6 2.2125 2.086
7 0.7425 0.819
6 0.2775 0.1034
5 2.3175 2.4709
7 1.83 1.905
6 1.41 1.3795
4 1.335 1.0279
7 2.58 2.73
4 0.9225 1.1212
7 0.8175 0.7566
5 2.5275 2.3081
7 0.93 0.9219
4 2.4825 2.1716
5 0.165 0.5199
4 0.9675 1.3275
5 0.9225 0.8833
5 2.535 2.3534
6 1.3275 1.2485
4 2.985 2.7184
6 2.2875 2.3024
6 2.085 1.9861
5 1.035 1.0806
6 1.6125 1.6755
7 1.68 1.6227
4 1.365 1.2834
4 0.33 0.7229
6 0.96 0.8241
6 1.5225 1.4335
7 0.87 0.9716
6 1.6875 1.6364
7 0.84 0.9572
5 2.49 2.2847
4 0.5775 0.3142
6 2.1225 2.1392
4 2.2425 2.3762
4 2.865 2.5921
5 2.3625 2.5064
4 1.56 1.5402
5 0.615 0.7682
4 0.135 0.612
7 1.71 1.7384
6 2.5125 2.5041
4 1.9275 1.8433
6 1.7325 1.8196
6 2.745 2.8447
7 2.1675 2.1333
5 1.965 1.7602
5 2.64 2.7205
6 1.845 1.8488
6 2.8125 2.7883
6 0.03 0.0891
4 2.2725 2.2774
4 0.81 0.6695
4 2.9325 2.1409
6 2.6775 2.7164
7 2.445 2.4047
5 2.4975 2.4224
6 0.2775 0.4972
6 0.015 0.1083
7 1.1925 1.1887
6 0.075 0.1519
7 2.9175 2.9868
4 0.255 0.7925
4 0.9975 1.2833
4 0.825 0.8811
7 1.605 1.6657
6 2.4525 2.5516
7 0.2025 0.3112
7 1.2525 1.255
4 0.3675 0.6185
6 1.815 1.8379
5 1.6125 1.5276
7 0.3975 0.3248
4 2.0775 1.7998
5 0.51 0.3361
5 0.4725 0.4818
5 2.3325 2.1929
4 0.3975 0.7373
5 1.8225 1.2834
7 2.1675 2.1094
5 0.3225 0.5632
6 2.595 2.54
6 0.9225 1.0891
5 1.7325 1.4971
4 1.14 1.34
6 2.955 2.8787
5 2.685 2.5807
7 1.095 1.1277
6 0.9675 1.0616
4 2.7375 2.5066
5 2.6325 2.6701
6 2.46 2.4469
7 2.7375 2.7978
7 2.97 2.8843
5 0.7275 0.4859
4 2.8275 2.5733
7 1.7175 1.7318
7 1.56 1.5627
7 1.08 1.0965
5 2.415 2.2734
4 2.0775 2.0747
4 0.0375 0.4144
7 2.7225 2.8097
5 1.5 1.377
7 0.72 0.7157
4 1.815 1.6237
4 1.2825 1.2691
6 1.0425 1.0796
5 1.1475 1.2305
6 2.8575 2.8011
7 0.585 0.519
5 1.5675 1.4048
4 1.3725 1.3619
6 0.1725 0.4076
5 1.6275 1.5899
7 1.6875 1.828
4 2.07 1.888
4 1.7475 1.5648
7 0.75 0.9249
5 0.315 0.3092
7 2.37 2.4208
7 2.5575 2.6155
5 0.8775 0.8698
7 1.14 1.2303
4 2.3325 2.4999
7 1.4475 1.4085
7 2.295 2.2935
7 2.7225 2.798
7 1.2825 1.2756
5 2.8725 2.77
4 0.8175 0.9759
5 0.5175 0.6272
4 0.7275 0.8687
7 0.3675 0.3214
4 1.7925 1.8431
6 2.3925 2.2263
6 2.9625 2.8837
7 1.335 1.4312
7 2.4675 2.5015
4 2.04 1.7273
6 1.3275 1.3555
4 0.93 1.4396
4 1.2075 1.0711
6 2.445 2.4512
4 0.8775 0.989
6 0.6975 0.6686
4 0.6075 0.5203
7 1.0575 1.0549
6 0.4875 0.4953
4 0.8025 0.9312
7 0.045 0.1825
5 2.37 2.3466
7 0.96 1.0305
4 0.99 0.7078
5 0.8325 0.9131
4 0.3075 0.8191
5 0.9675 0.9326
6 1.395 1.4646
7 2.88 2.9136
4 0.9675 0.8534
4 1.245 0.8793
6 1.2 1.0739
5 1.395 1.683
4 1.8525 1.7782
5 2.0025 2.0376
6 0.93 0.8849
4 1.185 1.5192
4 1.9575 2.2709
4 2.295 2.6298
5 0.87 0.7386
4 0.0825 0.3267
6 2.9475 2.7577
4 1.785 1.3244
4 1.5675 1.2473
6 1.125 1.1157
6 2.2725 2.3711
6 1.1475 1.2177
4 2.9325 2.5427
4 1.08 1.2107
4 2.8275 2.3801
4 0.105 0.7048
5 1.1475 1.1069
4 1.35 1.7122
5 1.5 1.3765
7 0.48 0.5521
5 2.16 2.1583
7 0.45 0.4352
6 0.4275 0.5106
7 2.7 2.7057
4 1.3125 1.669
6 2.625 2.6961
5 1.0725 1.0737
5 2.6775 2.4292
7 0.255 0.185
6 2.7525 2.6908
4 2.91 2.5736
7 1.9725 1.9594
6 0.5925 0.7354
6 2.8875 2.9081
5 0.81 0.968
6 1.7175 1.7089
5 1.41 1.4289
6 2.865 2.7446
4 1.89 1.917
4 2.4225 2.2408
5 1.23 1.3775
5 0.795 0.8471
5 1.005 0.8759
5 1.7325 1.7068
5 2.2875 1.7253
7 2.2575 2.2299
7 2.6175 2.5894
7 1.725 1.7028
6 1.6575 1.772
7 1.2825 1.2686
5 0.885 1.0124
7 2.235 2.2023
6 0.24 0.2905
6 1.9425 2.0123
4 0.5175 0.5537
4 0.15 0.3246
5 1.53 1.6117
7 2.1975 2.0872
5 1.53 1.55
6 2.7075 2.7788
4 2.475 2.3162
6 2.145 2.2593
7 2.1525 2.1909
7 2.4825 2.4852
6 1.0725 1.2122
5 2.355 2.1208
5 0.0825 0.2289
6 2.985 2.9075
5 0.525 0.4943
4 1.215 1.3319
6 1.095 1.1693
6 0.885 0.8103
7 0.27 0.2168
6 2.82 2.7422
7 2.82 2.7783
7 2.7825 2.7925
7 1.83 1.8719
6 0.51 0.4643
4 1.8975 1.8926
5 2.7075 2.4195
4 0.9975 0.8832
4 0.2475 0.6488
6 2.0775 2.0699
4 2.355 2.5362
5 1.2675 1.3025
6 1.71 1.7588
6 2.0775 2.021
5 1.5675 1.5941
4 2.655 2.488
4 0.78 0.5222
6 0.555 0.4924
7 2.1825 2.2578
7 2.6775 2.5313
6 2.88 2.8783
7 0.42 0.4101
5 1.1175 1.2283
6 0.69 0.816
5 1.6425 1.7725
6 0.8325 0.9052
5 2.0925 1.9581
5 1.4325 1.5223
5 2.2725 2.1483
5 1.905 2.1219
7 2.79 2.6534
5 1.035 1.2583
6 2.16 2.0997
6 1.71 1.7267
7 1.4775 1.3675
6 0.825 0.7833
7 1.155 1.1965
7 2.4225 2.3336
5 2.025 2.1036
7 2.0025 1.8999
5 1.9725 1.8474
7 1.2075 1.2695
5 2.3625 2.1834
7 2.2125 2.1688
6 2.61 2.6177
5 2.3475 2.2244
6 1.755 1.7112
6 2.235 2.3194
5 0.225 0.4077
5 2.85 2.6086
5 1.1475 1.4448
5 0.51 0.6858
7 0.15 0.0785
7 2.0175 1.9653
7 0.6075 0.7755
5 2.22 2.2637
4 0.9825 0.9298
5 1.1925 1.2172
5 1.0875 0.9992
4 2.3025 1.8806
5 2.9925 2.9124
7 2.745 2.7856
6 0.225 0.308
6 0.36 0.4174
5 1.7475 1.5678
7 2.4825 2.6055
4 2.4675 2.1233
4 1.965 2.0296
6 2.5575 2.4145
6 1.785 1.7599
5 1.5225 1.5014
5 0.06 0.3475
5 2.475 2.4739
6 0.555 0.6356
6 1.005 0.9274
7 1.74 1.6694
7 0.8775 0.836
7 2.85 2.912
5 2.9625 2.753
4 0.315 0.4102
5 2.4675 2.4193
7 1.0875 1.044
6 1.0725 1.2297
7 1.095 1.0196
5 2.6475 2.7333
6 0.7875 0.8402
7 2.7 2.6678
6 2.1375 1.9796
5 0.645 0.6172
6 0.045 0.0561
4 1.9425 1.8105
5 1.77 2.0464
5 0.5175 0.6154
7 0.315 0.3781
5 2.865 2.6967
5 1.3425 1.2499
6 2.31 2.2579
5 0.06 0.1075
5 0.81 1.0929
6 1.2975 1.2583
5 1.08 1.0577
6 1.845 1.8994
7 2.82 2.7034
6 1.5525 1.4663
7 2.7675 2.6952
7 1.6425 1.6128
6 2.355 2.2915
5 0.6375 0.7764
4 1.245 1.5182
6 1.665 1.5509
5 0.2175 0.1276
6 2.3625 2.512
7 0.615 0.7083
6 2.8875 2.9227
5 0.4575 0.2204
4 1.68 1.6459
7 2.82 2.7887
6 1.7475 1.8402
6 1.395 1.312
7 2.4375 2.3775
5 1.4025 1.4051
5 1.65 1.6734
7 2.4525 2.4538
5 0.42 0.3086
5 0.6675 0.686
5 0.06 0.1763
6 1.905 1.8848
4 2.4825 2.6127
4 1.8375 1.5711
7 1.5675 1.6451
6 2.1525 2.0824
5 0.0 0.1345
6 0.21 0.0954
5 0.765 0.9801
5 0.735 0.6548
7 0.3525 0.4089
5 2.9925 2.5818
5 1.995 1.8738
5 2.1225 1.6249
4 2.31 2.2379
5 0.06 0.2159
5 0.3225 0.4569
6 0.1425 0.0735
5 2.7975 2.6083
7 2.52 2.4083
4 2.2875 2.063
5 1.5675 1.5664
5 2.88 2.583
6 2.0475 2.1601
5 0.1575 0.1496
6 1.515 1.3591
7 1.1775 1.1344
5 0.6675 0.4904
4 2.9475 2.7178
5 1.3875 1.311
7 2.31 2.3422
6 0.2775 0.304
5 0.78 1.1421
5 0.1125 0.1834
7 2.1075 2.0463
6 2.3475 2.1844
5 1.095 1.0123
5 2.67 2.6321
4 1.4625 2.0088
4 1.8375 1.9236
4 0.585 0.7542
4 0.2325 0.512
5 2.6325 2.6448
4 2.835 2.4247
6 0.4425 0.5055
7 0.465 0.5684
6 1.2225 1.064
7 2.28 2.249
6 1.4775 1.4395
5 2.8425 2.7756
4 1.9575 1.8429
6 1.395 1.4578
6 0.075 0.2744
4 2.265 2.1736
4 1.605 1.5192
5 2.7825 2.6784
5 0.5475 0.7743
5 0.6825 0.7285
6 1.815 1.8371
4 1.395 1.2086
4 2.2875 2.1356
7 0.5925 0.4686
7 1.08 1.1208
7 2.1825 2.0965
5 2.5875 2.5791
4 1.605 1.1647
5 2.0625 2.1357
7 0.39 0.4696
4 1.485 1.2969
7 0.075 0.1707
6 0.645 0.6297
6 2.4225 2.3819
4 1.2525 1.4374
6 0.5025 0.4327
5 1.26 1.4835
5 1.2075 1.1731
5 2.4825 2.8239
6 0.5925 0.6981
4 1.4025 1.3069
5 2.745 2.6751
7 1.5075 1.564
6 1.53 1.5421
6 1.38 1.3031
5 0.525 0.4637
4 0.3075 0.6196
4 2.175 2.1902
6 0.6075 0.6122
4 2.7975 2.749
7 2.73 2.1413
7 1.6125 1.6397
4 0.8025 0.6921
6 2.4225 2.5079
4 2.82 2.7312
4 2.775 2.2478
6 1.5675 1.7514
5 1.8525 1.9812
7 1.0575 1.041
4 0.3375 0.7062
7 0.4725 0.4816
5 0.15 0.2663
7 1.8075 1.8337
6 0.42 0.604
6 2.505 2.2808
7 1.53 1.5112
4 0.675 0.5483
7 1.1775 1.3199
4 1.245 1.6464
5 1.8375 1.6583
5 2.0775 1.8891
4 0.42 0.5782
6 1.4775 1.5572
7 2.025 1.8432
7 2.7525 2.8491
6 2.4375 2.4034
4 0.0075 0.533
5 1.815 1.9111
4 0.36 0.3916
7 1.6725 1.6735
4 2.91 2.4473
7 0.675 0.6124
5 1.14 1.0682
7 0.8775 0.9685
5 1.2675 1.5635
7 0.3525 0.2587
5 0.9375 1.0768
4 0.705 0.6616
5 0.24 0.3882
4 0.18 0.4297
5 0.81 0.5204
6 2.145 2.1505
5 0.03 0.1962
7 2.4975 2.3482
6 1.32 1.4546
4 2.355 2.0227
4 0.6075 0.4293
7 2.1675 2.1791
4 0.03 0.3645
5 0.555 0.5529
5 2.7975 2.7461
4 1.515 1.3237
6 1.62 1.7397
7 0.825 1.0161
7 0.2025 0.019
6 0.1725 0.4101
5 0.0225 0.2033
5 2.19 2.1858
4 1.4925 1.5965
4 1.14 0.8159
6 0.825 0.6653
7 2.985 2.9296
4 0.2025 0.6691
6 0.6225 0.5953
5 1.1775 1.1612
4 2.025 1.9295
6 2.1375 2.0096
4 2.9175 2.6887
7 1.7175 1.6697
6 1.0575 0.9826
5 2.07 1.8568
4 1.1475 1.5311
7 1.335 1.275
6 2.355 2.4103
4 2.55 2.3774
6 1.815 1.8612
4 0.375 0.4961
6 1.92 1.9467
7 2.4 2.344
6 2.4225 2.4323
4 1.3125 1.318
4 1.56 1.7282
7 1.1175 1.2206
5 0.0 0.1739
7 1.44 1.5239
4 1.2375 1.7966
7 0.765 0.7995
5 2.1075 1.9326
5 0.645 0.6567
6 1.95 1.9122
4 0.15 0.397
6 1.59 1.6058
5 0.915 1.0327
5 2.865 2.6662
4 1.0275 1.2295
5 1.38 1.2432
4 0.375 0.6836
6 2.61 2.6569
7 1.17 1.104
6 1.8075 1.8347
7 2.34 2.3922
4 1.1925 1.393
5 0.0375 0.0746
5 2.5275 2.3154
7 0.6225 0.6365
7 2.9625 2.8783
6 0.51 0.5889
7 0.3075 0.2702
4 1.9125 1.6348
7 0.225 0.2574
6 1.5 1.6096
7 2.61 2.52
7 2.955 2.9278
7 0.6 0.5491
7 2.6325 2.6827
5 2.8725 2.5494
5 1.3725 1.3761
6 1.32 1.2486
6 0.5325 0.7115
6 0.8325 0.9607
4 1.8225 1.8707
4 1.215 1.2372
5 2.865 2.6209
6 1.17 1.2897
6 0.4875 0.6505
4 0.8475 1.0927
7 2.91 2.9577
6 0.315 0.3036
7 0.7275 0.8243
7 1.98 1.9047
5 2.4525 2.3646
5 0.705 0.5416
7 0.4725 0.3316
4 1.3275 1.7118
6 0.9825 0.9027
4 1.2225 1.1577
5 0.9225 0.8815
7 1.725 1.8439
7 1.35 1.3435
5 0.42 0.4259
7 1.0875 1.0392
7 1.7175 1.7231
5 1.3275 1.355
7 1.4625 1.4207
7 1.98 2.0232
4 2.8125 2.4565
5 2.205 2.1576
7 0.8775 0.8429
5 1.8225 1.9468
6 1.8675 1.9932
4 0.4425 0.5543
4 2.205 1.8841
4 2.67 2.435
7 2.6325 2.5529
5 2.2275 2.3894
7 2.0775 2.1089
5 1.7925 1.7217
6 0.495 0.575
7 1.98 1.8645
4 0.12 0.4264
7 0.4125 0.4063
6 0.225 0.3215
4 0.915 0.9878
4 0.5925 0.8392
5 2.4825 2.5222
6 1.6725 1.7409
4 0.7125 0.5484
5 1.215 1.1318
5 2.5125 2.4687
7 2.6325 2.6187
7 2.2875 2.2543
6 1.3425 1.3456
7 0.99 0.8596
4 2.73 2.7413
5 2.8575 2.8164
6 2.25 2.2612
6 1.3725 1.3952
4 2.16 2.0946
5 1.0275 1.1841
6 0.5325 0.5627
6 0.5475 0.581
7 1.3575 1.2804
5 2.9625 2.6813
5 1.7025 1.8851
4 2.3925 2.2023
7 2.52 2.7311
5 2.9475 2.4194
7 2.8125 2.8116
7 0.4575 0.526
4 0.9225 1.038
4 0.405 1.02
7 1.86 1.7702
4 2.775 2.7521
5 1.2825 1.3314
6 2.985 2.9022
7 0.8175 0.7346
7 2.01 1.9936
4 1.1625 0.9376
5 1.59 1.5126
7 2.6925 2.6485
4 2.2875 2.2653
7 0.21 0.1832
4 2.34 2.2919
7 2.7225 2.7822
7 2.2125 2.3011
6 2.19 2.1995
7 2.79 2.6353
4 1.815 1.6549
5 2.58 2.5222
4 0.315 0.3367
4 0.285 0.5734
5 0.5775 0.7575
6 0.5475 0.6479
7 2.595 2.6439
4 2.445 1.8741
6 0.2025 0.3523
4 2.8125 2.6235
4 2.1375 1.691
4 0.975 0.8805
6 2.535 2.5449
4 1.68 1.3976
5 0.6675 0.7657
6 1.02 0.8561
5 1.515 1.4524
5 1.02 0.9976
7 2.3175 0.2888
6 1.905 1.8546
7 0.825 0.9132
7 2.985 3.0263
6 0.825 0.6428
5 1.1025 0.9045
6 1.5075 1.6065
6 2.5275 2.2745
7 2.3325 2.2962
7 2.1075 1.9904
4 1.605 1.5873
6 1.0725 0.9546
7 0.705 0.7035
6 0.9 1.0056
4 1.6425 1.7661
6 0.12 0.173
6 2.295 2.1721
7 2.4225 2.5674
7 0.7875 0.7573
5 1.3725 1.3275
7 2.8875 2.8118
5 0.525 0.4418
6 1.215 1.0384
6 1.0875 0.9572
6 1.74 1.7219
5 2.8725 2.6032
5 0.6825 0.5722
4 1.5075 1.2729
5 2.775 2.7268
6 1.86 2.0015
4 1.14 1.1997
6 0.4575 0.4247
5 0.69 0.4917
5 1.935 2.0067
7 2.0925 2.0967
6 1.71 1.6395
6 2.2875 2.3333
4 0.0675 0.4433
4 2.1525 2.075
6 2.76 2.8444
4 1.74 1.3018
7 1.275 1.23
7 0.0375 0.1198
4 0.66 0.832
7 0.9975 0.889
7 0.48 0.5479
4 2.6475 2.3611
5 2.82 2.7352
5 0.585 0.8843
4 2.6025 2.756
6 0.15 0.1699
6 2.295 2.3349
5 2.4825 2.5115
6 1.2375 1.1528
4 2.3175 2.0477
4 0.975 0.7378
4 1.3875 1.3403
5 1.1025 1.0803
5 2.6325 2.3843
7 1.9575 1.8584
6 2.4675 2.5673
7 2.9925 2.8233
7 1.17 1.1487
5 1.7925 1.6261
6 2.0775 1.9517
5 2.2275 2.2415
4 0.5625 1.0379
6 0.3375 0.3337
5 1.545 1.6185
4 1.455 1.8826
7 2.0475 2.0828
4 0.69 0.7778
7 2.265 2.4192
4 1.2075 1.4617
5 0.06 0.2527
4 1.59 1.7403
7 0.93 0.8597
4 0.2475 0.705
7 2.1075 2.1608
4 2.7825 2.709
5 0.4725 0.8199
7 1.4325 1.3361
5 0.18 0.3197
4 1.41 1.5602
7 0.1275 0.0456
4 1.455 1.5271
4 0.585 0.7483
5 0.84 0.8711
5 0.5775 0.7414
6 2.6775 2.569
4 1.5225 1.3163
4 1.44 1.5359
5 1.5 1.5357
7 2.6925 2.8296
4 0.6675 0.4059
4 0.6075 0.6529
5 0.5625 0.7427
6 2.505 2.455
6 1.71 1.6465
5 0.495 0.7064
6 0.1275 0.319
5 0.225 0.388
5 2.0325 2.14
4 2.52 2.6738
5 0.825 0.8536
4 0.7875 0.9664
6 2.22 2.3055
7 1.6275 1.6856
7 2.355 2.4326
4 0.9975 1.4952
6 2.4 2.4701
4 0.6075 0.3941
5 1.5375 1.5501
5 2.745 2.8597
7 1.725 1.6912
4 1.185 1.3492
5 1.485 1.4831
6 2.805 2.5698
7 0.7125 0.6234
5 2.9775 2.6602
4 1.9575 1.9948
4 0.405 1.0335
5 0.7275 0.6871
7 0.81 0.7651
7 0.4425 0.3985
5 0.2325 0.2205
4 0.3225 0.5896
6 1.2 1.3114
6 1.05 1.1552
6 1.2375 1.3036
5 0.1875 0.2704
7 2.22 2.2538
6 1.4025 1.5329
5 0.0375 0.3626
6 1.26 1.1291
5 1.725 1.6467
6 0.5025 0.3609
4 2.805 2.6515
5 0.135 0.0851
5 0.735 0.7378
7 0.69 0.7347
6 1.5225 1.4972
4 0.0675 0.9133
7 0.345 0.4
5 0.6225 0.4502
4 0.6225 0.8948
4 1.7175 1.7869
7 2.7075 2.6973
5 0.6675 0.7894
6 1.5375 1.552
5 2.34 2.5071
4 2.0625 1.8539
4 1.3275 1.4703
6 0.8025 0.7092
5 0.795 1.2245
7 2.745 2.7685
4 1.6425 1.5137
6 0.6375 0.6787
5 2.19 2.1523
6 1.0275 0.9692
5 0.24 0.1348
6 0.4425 0.3394
5 1.6125 1.6131
4 0.5325 0.681
6 2.4825 2.5109
7 1.0575 1.0808
4 1.23 1.2483
5 0.615 0.5319
6 2.9925 2.8515
7 0.9075 0.8784
7 2.0325 2.0763
4 2.595 2.7291
6 1.455 1.5895
5 1.3275 1.2897
6 0.255 0.3332
6 1.41 1.407
4 2.2875 1.933
5 0.42 0.3332
7 0.615 0.5308
4 2.7525 2.2547
7 2.25 2.2734
6 0.705 0.6061
4 1.6575 1.722
4 2.4075 2.7012
7 2.9625 2.8928
4 1.86 1.6862
5 2.6475 2.798
6 2.265 2.298
6 1.9875 1.8963
4 1.89 1.6632
6 1.89 1.8517
6 0.7725 0.8027
6 1.08 0.9714
6 0.39 0.583
6 1.395 1.3663
7 2.9025 2.9005
7 0.9975 0.9974
6 2.055 1.8597
5 0.3225 0.4477
5 1.9275 1.5239
4 0.795 0.8137
5 1.275 1.3103
5 2.085 2.2424
4 1.5975 1.4954
5 0.72 0.6554
6 0.5175 0.6148
7 1.0425 1.1696
7 0.3825 0.3555
7 1.77 1.8624
6 0.3825 0.4289
5 2.6025 2.3661
4 0.225 0.2674
6 0.12 0.0354
7 2.835 2.8173
6 1.77 1.8285
4 2.6925 2.1167
4 2.775 2.664
4 1.0875 1.4013
5 0.9675 1.0032
7 0.945 0.9593
6 2.16 2.2227
6 0.0675 0.1973
6 0.765 0.9009
7 1.2825 1.323
6 2.52 2.5358
5 1.4625 1.5638
7 0.5775 0.5951
7 1.7925 1.7579
5 2.055 1.9507
5 0.1125 0.1565
4 2.88 2.647
4 2.3325 1.9493
4 2.7225 2.6114
4 0.3225 0.5411
4 1.665 1.656
7 1.2225 1.0948
5 1.695 1.7553
5 1.0125 0.9348
5 1.905 1.9855
7 1.935 2.8191
7 0.015 0.0722
4 1.9125 1.8909
7 2.76 2.8316
7 2.82 2.7826
6 1.29 1.4464
5 2.55 2.4175
6 1.1025 1.2577
7 2.0025 2.0141
6 2.0025 1.7886
6 2.415 2.3405
6 2.6775 2.6882
5 2.9625 2.8553
6 0.36 0.3277
5 2.3775 2.4233
4 2.5125 2.672
6 2.3025 2.2167
7 1.425 1.5597
6 0.0975 0.2528
5 1.395 1.2595
6 1.4175 1.3211
7 1.4925 1.5283
5 1.7625 1.5431
7 0.855 0.804
7 0.135 0.1703
5 0.465 0.4566
6 2.9775 2.8484
5 1.62 1.6716
5 2.7 2.6497
4 2.0325 2.4987
5 0.8775 0.9784
4 0.03 0.3125
7 2.9175 2.9607
4 2.88 0.4701
4 1.26 1.2642
6 1.8 1.7664
7 2.0175 2.0147
7 2.1225 2.0962
4 1.6575 1.8062
7 2.5425 2.4323
7 0.09 0.0573
7 0.6225 0.6241
6 1.47 1.5615
7 0.45 0.4613
4 1.3275 1.3899
7 0.915 1.0127
6 0.9 0.9711
7 1.5675 1.6509
7 2.55 2.4585
5 0.8925 1.2115
5 1.26 1.1467
4 0.81 1.2517
6 0.555 0.5984
4 2.3025 1.8988
7 2.7225 2.7233
6 0.7725 0.7878
6 0.9225 0.8988
7 0.3075 0.3245
5 1.665 1.9058
6 2.1675 2.3558
4 0.6975 0.8488
4 1.605 1.2536
4 0.15 0.6842
6 0.9525 1.078
6 0.135 0.2974
4 2.91 2.6683
6 2.55 2.6238
7 2.25 2.1909
6 2.0175 2.142
6 0.8025 0.8464
7 0.4875 0.546
6 1.92 2.0397
4 1.0725 1.2971
4 2.295 1.9937
7 1.83 1.8247
4 0.8925 0.6894
5 0.84 0.9286
4 0.42 0.8714
4 2.7825 2.6954
7 2.1675 2.1324
4 0.3975 0.5822
4 1.0875 1.0445
7 1.53 1.4117
6 2.7675 2.7806
4 0.12 0.3776
6 2.4975 2.4655
4 2.2575 1.9735
5 2.49 2.3249
7 2.0625 2.0648
6 1.635 1.7766
4 0.3975 2.4895
4 0.165 0.3953
6 1.845 1.6632
7 0.9 0.9772
6 1.98 1.774
6 0.6375 0.4927
6 1.3125 1.1003
7 1.3125 1.3689
7 0.2625 0.3787
7 0.795 0.6349
5 0.765 0.753
6 2.28 2.2192
7 2.28 2.2566
4 1.65 1.9441
5 2.985 2.7861
4 2.5275 2.2668
6 1.245 1.3091
6 0.81 0.6746
4 0.555 0.8817
7 1.8975 1.9897
6 0.4125 0.5126
6 1.245 1.26
5 0.6975 0.9221
6 1.1325 1.3458
6 1.8825 1.8146
7 1.2375 1.3151
7 2.0325 2.065
5 0.63 0.7936
5 1.1025 1.1771
5 1.3875 1.5269
5 2.2425 2.3324
4 1.485 1.5148
4 1.455 1.3658
4 1.6875 1.7262
5 2.1975 1.9901
6 0.6675 0.7253
7 0.57 0.6484
5 1.29 1.3574
5 1.9425 1.7411
5 0.7725 0.5838
6 0.8625 0.9373
5 2.9775 2.7969
6 2.4 2.4137
7 1.785 1.8706
7 0.5025 0.3961
6 2.1 2.1865
4 0.63 0.4353
4 1.0425 0.7029
4 2.505 2.1372
5 0.3675 0.3793
7 2.52 2.442
7 2.4075 2.3675
7 1.89 1.8764
6 2.685 2.6556
5 1.305 1.4146
4 2.6925 2.7053
7 2.01 1.8697
5 2.565 2.5405
7 1.59 1.6798
6 1.035 0.9772
4 2.8275 2.761
7 0.5025 0.4993
5 0.5925 0.6514
7 0.42 0.4441
6 1.9275 1.8342
5 1.7175 1.724
4 2.6025 2.3967
6 2.925 2.6882
7 0.3675 0.4174
6 2.0775 2.0351
5 1.6575 1.508
7 0.8775 0.9839
7 1.4025 1.402
6 1.7025 1.6659
4 1.515 1.0849
6 1.53 1.4408
6 0.7725 0.7849
7 1.785 1.7493
4 0.93 0.9064
7 0.2925 0.2487
4 0.7725 1.0459
7 1.17 1.2115
6 0.1725 0.0543
5 1.74 1.9964
5 1.8525 1.9689
5 0.1875 0.1141
4 0.4275 0.4366
4 2.235 2.232
7 1.0425 1.1309
7 1.965 2.0113
4 2.625 1.9827
5 1.0275 0.9458
4 0.54 1.0124
7 2.97 2.887
6 1.0125 1.0429
6 0.15 0.1109
5 0.45 0.6292
6 2.6175 2.4295
4 0.7725 0.4
6 0.87 0.8222
6 1.785 1.6317
6 0.6975 0.7387
7 0.9675 0.9862
7 1.89 1.8008
4 0.2325 0.3883
5 0.615 0.6718
6 1.8075 1.9174
5 0.105 0.0624
5 1.0275 1.0939
6 1.425 1.3691
4 1.365 1.2221
6 1.3125 1.4028
7 1.8225 1.8052
5 2.0025 1.9314
6 2.1 2.0088
5 2.6775 2.6663
4 0.57 0.8123
7 2.94 3.0446
6 2.16 2.2112
7 2.5425 2.4583
7 0.4575 0.3854
7 0.705 0.7419
4 0.5625 0.7195
6 1.26 1.3472
5 2.4675 2.0357
5 2.07 1.9909
6 1.4175 1.6207
4 0.54 0.6511
4 1.9875 1.9702
5 0.2475 0.1569
6 1.0875 1.1946
5 0.2775 0.2623
6 2.9925 2.9355
7 0.39 0.3377
7 1.7025 1.7646
4 1.5 1.5482
7 2.625 2.6893
6 2.34 2.1311
7 1.875 1.8748
7 0.1575 0.2016
7 0.5025 0.4839
4 2.385 2.2789
7 0.2775 0.2082
4 1.005 1.52
5 1.08 1.1658
4 1.1625 1.197
4 1.3575 1.2322
4 1.905 1.5207
6 0.06 0.0386
6 0.12 0.267
7 1.68 1.7564
4 2.415 2.2898
7 1.7175 1.9284
5 0.99 0.9782
4 1.2375 1.202
4 1.455 1.1761
4 0.0375 0.3595
5 0.36 0.2615
5 1.05 0.8374
4 0.4275 0.4495
6 1.5675 1.4001
6 1.2 1.3355
7 2.7675 2.7575
6 2.2725 2.3096
4 1.875 1.8306
4 2.9925 2.4258
5 1.5225 1.4271
7 1.44 1.534
6 2.445 2.2728
7 0.1725 0.0796
6 0.915 0.7556
4 0.78 0.6746
6 0.99 0.9427
6 0.39 0.505
5 2.4675 2.5148
5 1.2525 1.2388
4 0.885 0.9157
4 1.7325 2.1817
4 2.3775 2.6047
5 2.2425 2.3506
5 1.5375 1.3249
4 2.58 2.386
6 2.925 2.8342
7 2.0475 1.9448
5 1.2 1.2614
7 0.15 0.2743
5 2.2125 2.1354
7 2.265 2.2404
7 2.31 2.261
7 2.4525 2.5086
4 1.3875 1.1972
6 1.95 2.0616
6 2.0325 1.9871
4 0.5925 0.7315
4 2.1675 1.0936
5 0.27 0.1621
6 2.835 2.7075
6 1.9275 1.9606
5 2.97 2.8867
4 0.3825 0.4055
4 2.5875 2.3013
5 0.2775 0.4092
4 1.8375 2.1003
5 2.2425 2.0834
7 1.3875 1.3363
5 2.6625 2.5322
4 0.495 0.725
4 1.62 1.4981
5 1.4325 1.2475
7 0.8025 0.8096
7 0.525 0.4725
6 2.4225 2.4328
6 2.25 2.3054
6 1.7775 1.7876
4 1.155 1.0243
6 0.435 0.3618
7 1.875 1.8997
6 0.195 0.0583
4 2.145 1.5492
5 1.29 1.1024
5 1.605 1.5286
6 0.3525 0.2782
4 1.23 1.3022
6 0.2625 0.2696
7 0.975 1.0565
4 0.3975 0.5651
5 2.0025 1.9703
4 0.72 0.5655
5 2.6775 2.6089
6 0.495 0.7038
4 0.0975 0.5929
7 1.2975 1.2729
6 2.34 2.3468
6 2.13 2.1753
7 1.6125 1.7247
7 0.0375 0.0864
4 0.5325 0.6152
5 1.125 0.9942
7 0.2775 0.3473
6 1.53 1.5217
4 1.905 1.9137
6 1.62 1.4939
5 2.82 2.6968
7 0.315 0.2516
4 0.15 0.291
4 1.7025 1.7109
7 0.9525 0.9956
4 0.405 0.5804
5 1.785 1.8222
5 0.9825 1.3893
4 2.2425 0.3145
7 1.515 1.5969
6 1.77 1.682
6 1.5675 1.3269
4 1.785 1.9539
4 0.075 0.4506
4 2.34 2.0388
7 1.4925 1.5051
7 1.155 1.1443
6 0.93 1.1633
6 0.5025 0.6783
5 2.4975 2.4155
7 1.68 1.6837
4 0.555 0.7848
4 2.8575 2.7003
4 0.045 0.6295
7 2.055 1.9701
6 1.0125 0.9778
6 0.9975 0.9742
4 0.8475 0.7258
5 2.565 2.5456
7 1.5075 1.5368
5 0.5625 0.6141
4 1.9725 1.9077
6 0.1725 0.2218
6 0.375 0.4114
4 2.67 2.608
6 2.34 2.3737
6 2.7525 2.8096
4 2.655 2.2734
5 0.39 0.5317
5 2.925 2.8628
6 0.3975 0.4052
6 0.5775 0.6004
5 0.45 0.7578
7 2.55 2.4835
7 1.0575 1.1136
5 0.2625 0.245
4 2.22 1.9129
7 2.6775 2.7478
5 1.3425 1.3207
4 2.685 2.5392
7 0.5025 0.5289
5 0.3225 0.4655
6 0.8175 0.9433
4 2.28 2.0946
4 1.7775 1.7433
6 1.7325 1.6636
4 1.635 1.7086
7 2.2425 2.3077
4 0.5025 0.5955
6 2.6475 2.6684
7 2.91 2.8471
4 0.9225 1.1659
7 2.9925 2.8066
5 1.2 1.2954
7 2.1525 2.1759
5 0.3675 0.3627
7 1.14 1.1773
4 1.53 1.4313
6 2.5275 2.4967
4 2.4525 2.39
7 2.3475 2.3037
5 2.085 2.0831
6 0.105 0.1061
7 2.2425 2.2324
6 0.675 0.6877
4 2.9175 2.7192
4 2.685 2.2834
5 1.3425 1.5372
4 1.8825 2.2519
6 2.565 2.4474
6 0.8325 0.8627
5 1.845 1.6047
4 1.38 0.997
7 1.7625 1.7326
6 2.9475 2.8252
7 0.7875 0.8739
7 1.0125 1.1019
6 1.095 1.2651
6 2.085 2.1054
6 2.0925 2.2264
5 0.2775 0.5249
7 0.4125 0.3182
7 0.555 0.498
7 0.6075 0.5514
6 1.95 2.0767
6 2.5575 2.3934
4 2.97 2.6365
7 0.9525 1.0087
4 2.3025 1.8992
5 0.0375 0.1615
4 0.9225 1.2252
6 2.235 2.1456
4 2.175 2.0771
4 2.8875 2.474
5 2.895 2.8313
4 2.355 2.5433
4 2.55 2.6298
5 0.7275 0.8117
7 1.875 1.8757
5 2.865 2.7135
7 2.2275 2.1437
4 2.9025 2.7521
5 0.6675 0.5744
5 1.4925 1.6959
4 1.2975 1.2509
7 1.2075 1.3202
7 2.1675 2.2994
6 0.96 1.0809
5 0.63 0.6118
4 2.8125 2.2559
7 0.48 0.6
6 0.7425 0.9698
5 0.315 0.3626
5 1.4025 1.1273
5 2.31 2.2789
7 0.7575 0.7064
4 0.6825 0.4595
6 1.9575 2.0702
4 2.775 2.129
4 1.365 1.238
5 0.57 0.7422
7 2.2725 2.177
4 1.62 1.4483
5 0.915 0.9121
5 2.5875 2.5015
4 0.6 1.0497
4 1.3875 1.2043
4 2.025 1.5428
4 1.8975 1.8839
5 1.0875 1.2638
5 1.2525 1.1363
4 2.3175 2.2973
5 2.535 2.2589
4 2.1225 2.3014
6 2.055 1.8886
5 0.0075 0.2062
6 0.8775 0.7682
4 1.9125 2.1669
7 1.9275 1.9437
5 2.3175 2.107
7 0.9 0.7806
5 0.495 0.7326
7 2.1375 2.1285
5 1.9725 2.0111
5 2.055 2.0294
4 2.6625 2.3824
6 2.19 2.1818
7 1.23 1.1934
5 2.865 2.8264
7 2.85 2.8665
7 1.3725 1.3911
7 2.8725 1.9083
7 2.8425 3.0395
4 1.05 1.1482
4 2.49 2.5216
6 2.07 2.0452
5 0.795 0.3881
4 2.04 2.0942
7 0.2025 0.2899
7 2.145 1.9572
4 1.4175 1.3721
6 0.5175 0.5699
5 0.42 0.6628
7 2.3175 2.3774
4 2.6925 2.5301
7 0.2775 0.2848
6 1.065 0.9741
4 1.515 2.0416
6 0.9075 0.9584
7 1.6125 1.6129
7 1.095 1.2346
4 2.745 2.5125
5 1.8075 2.0905
5 1.8075 1.793
5 2.895 2.7429
4 1.755 1.6955
6 1.1025 1.1053
5 2.0175 2.1978
5 0.9525 0.7207
5 1.1025 1.2721
5 1.4475 1.4415
6 1.9125 1.9176
7 2.1675 2.1958
7 1.5525 1.4901
4 1.4175 1.1792
7 0.855 0.8543
7 1.425 1.3287
7 0.7575 0.8035
7 0.8775 0.8198
5 2.955 2.7342
4 2.3175 2.3359
6 0.36 0.4797
6 1.95 1.9275
7 0.8625 0.9064
5 1.455 1.5784
4 0.0225 0.3784
5 1.7025 1.7987
6 1.0275 1.0108
5 0.84 1.0651
5 2.55 2.2928
7 2.3625 2.3401
6 1.965 1.9652
5 2.16 2.2463
5 0.9225 0.8905
6 0.8025 0.8046
4 0.4875 0.7548
6 1.635 1.6281
6 1.755 1.8404
7 1.1175 1.219
7 1.605 1.4772
6 2.64 2.6392
4 1.3875 1.8278
5 1.8075 1.8856
7 0.7425 0.6863
7 2.91 2.8935
4 2.595 2.5411
6 2.9325 2.8805
4 2.5875 2.1302
4 2.31 2.4055
7 1.2525 1.2221
5 0.9525 0.5527
7 2.1075 1.9661
4 0.9525 0.827
6 0.255 0.3086
4 0.585 0.4835
6 2.1375 2.0636
5 2.1525 2.2968
5 2.145 1.896
7 1.245 1.1607
7 0.2775 0.1198
7 0.855 0.947
7 0.0975 0.0481
5 1.3125 1.3138
4 1.755 1.5583
6 2.28 2.2693
7 0.675 0.759
7 2.595 2.5941
5 2.3175 2.2113
7 1.7325 1.6672
5 1.3875 1.3171
7 2.2575 2.2049
6 0.93 0.8711
5 1.8 2.0656
5 1.7775 1.667
5 1.7325 1.8298
7 1.395 1.3311
4 1.4175 1.6725
7 0.78 0.6217
4 0.6675 0.7767
7 1.665 1.6322
6 0.7425 0.8718
5 2.535 2.6554
6 1.71 1.7987
4 1.3575 1.4911
7 0.7725 0.6243
5 0.0525 0.227
6 0.8625 0.7995
4 2.5125 2.3084
5 1.6425 1.8453
7 2.745 2.5932
6 2.4375 2.3754
5 1.4175 1.3262
6 2.8425 2.8015
5 2.91 2.7562
7 0.3 0.4503
4 0.9375 0.8071
7 0.42 0.3873
4 1.0125 1.0948
4 2.0775 2.4627
6 1.125 1.4055
6 0.5325 0.5322
6 0.1425 0.2253
4 2.205 1.7422
4 2.595 2.3128
6 1.0575 0.9676
5 1.8075 2.0853
5 0.93 0.6964
6 0.15 0.302
5 2.16 2.1392
6 2.5425 2.5789
4 1.8825 1.7562
7 2.6625 2.714
7 1.4325 1.4894
6 2.76 2.7948
6 2.1 2.0415
6 2.6775 2.8652
4 2.3475 2.2914
4 2.8875 2.5242
5 0.0975 0.2661
6 2.655 2.5491
5 0.9225 0.9329
4 1.02 0.7573
6 2.4825 2.4182
7 0.195 0.3055
4 1.35 1.3189
7 1.17 1.1889
6 1.785 1.8121
6 1.59 1.4995
6 2.6925 2.6779
4 1.815 1.8344
5 2.895 2.7142
7 1.6425 1.7998
6 1.6575 1.6906
6 0.8025 0.9083
5 1.77 1.8399
6 0.5625 0.6081
4 0.7425 0.9408
7 0.03 0.0612
7 0.465 0.4776
5 2.5725 2.4265
7 2.28 2.2987
5 2.745 2.7466
5 2.22 2.1286
4 1.83 1.6638
7 1.2375 1.1968
6 2.7525 2.8518
6 1.425 1.4704
7 1.1025 1.0126
4 1.035 0.9485
5 0.6525 0.7594
6 1.635 1.5194
4 1.89 1.9263
6 2.7825 2.9164
7 2.1975 2.118
4 0.3675 0.2777
5 0.285 0.212
6 0.3075 0.2693
4 1.6725 1.7664
7 1.575 1.581
4 0.9375 1.151
5 0.405 0.8334
7 2.385 2.4488
5 1.68 1.495
7 0.555 0.6293
7 0.435 0.3811
4 1.5525 1.4737
4 1.065 0.9858
6 2.595 2.4173
6 0.4125 0.4057
5 0.36 0.3395
4 1.5825 1.3466
5 2.88 2.8163
5 0.3525 0.4165
5 1.5825 1.6971
5 1.5825 1.2991
4 1.2225 1.3357
4 1.6275 1.6512
7 2.895 2.8746
4 0.69 0.9236
6 2.3325 2.2812
5 1.815 1.7491
6 2.4 2.3601
5 0.1125 0.1781
7 0.1125 0.064
7 2.6325 2.6502
6 2.4525 2.3973
7 0.645 0.76
7 1.35 1.3194
4 2.3325 2.619
5 2.025 2.3998
7 1.26 1.1526
7 1.695 1.5454
5 0.99 1.0102
5 2.16 2.2549
6 2.7 2.7312
5 1.3425 1.5853
6 1.785 1.5841
4 0.0825 0.3296
4 1.56 1.5949
7 0.84 0.9495
7 1.7325 1.7167
7 1.9425 1.9256
4 2.8425 2.7372
6 2.9625 2.8842
4 1.5675 1.8836
4 1.2825 1.1285
6 2.8425 2.9306
4 2.745 2.5416
4 1.4475 1.173
7 0.5175 0.4818
6 0.6675 0.577
5 2.34 2.231
6 0.255 0.2968
7 2.1525 2.1372
7 2.22 2.3404
4 0.6375 0.4698
6 0.1725 0.2029
5 1.1325 1.2533
5 2.3925 2.5294
6 0.03 0.1131
6 2.6775 2.6448
4 1.14 1.688
5 1.98 1.9055
4 2.1075 2.2465
6 2.535 2.3893
4 0.0675 0.1666
5 0.24 0.5654
6 1.5225 1.5545
6 1.3425 1.3719
4 1.155 1.1998
7 0.7275 0.8486
7 0.5925 0.7775
5 2.805 2.7551
6 0.84 0.8392
6 0.51 0.4162
6 0.315 0.2492
5 1.2525 1.1475
4 0.99 1.1604
4 2.16 1.9309
5 1.545 1.4368
4 2.1975 2.2456
7 1.0275 1.0163
6 0.78 0.797
4 2.94 2.3897
4 0.405 0.4662
4 2.805 2.559
6 2.565 2.5761
5 0.9675 0.9175
5 2.0325 2.0115
7 0.3825 0.2825
5 1.44 1.3437
4 2.5425 2.6419
7 1.4475 1.4564
5 1.215 1.0382
4 1.7925 2.2685
7 1.305 1.2805
7 0.09 0.1322
4 1.8 1.2973
7 1.155 1.2081
6 0.9825 1.0355
7 0.9075 0.8855
5 2.2425 2.2836
7 1.0425 1.1582
4 1.305 1.3262
5 2.3325 2.2169
5 2.16 2.1965
7 0.225 0.1957
4 0.5925 0.9601
6 1.035 1.1242
6 1.605 1.5532
7 0.495 0.568
5 2.355 2.2183
7 2.6775 2.5512
5 2.07 2.1064
6 2.5275 2.4693
5 2.88 2.6967
4 1.32 1.1028
4 1.3725 1.2615
4 0.5325 0.7094
7 0.8925 0.8305
7 0.3525 0.3468
6 0.0 0.1196
5 1.05 1.0692
6 0.9075 1.0634
6 2.985 2.8396
4 0.3075 0.6461
7 1.305 1.2115
6 2.2725 2.4068
6 1.8825 1.9396
6 2.0925 2.3314
5 0.465 0.3589
7 2.4975 2.5466
4 1.785 1.5447
5 1.4325 1.3523
5 0.33 0.3222
5 0.825 0.8258
6 2.2125 2.0191
5 0.5175 0.655
6 2.82 2.8897
4 1.305 1.4178
7 0.6825 0.7582
5 2.3475 2.1428
4 1.47 1.505
4 0.735 0.6474
5 2.43 2.277
5 2.1 1.9438
5 2.3475 2.2501
7 2.2125 2.3654
4 1.9725 1.8547
5 0.5175 0.4881
4 0.66 0.6395
7 2.9475 2.8464
7 2.9175 2.8988
6 1.035 1.1148
6 2.7975 2.7409
4 0.1425 0.3684
7 0.1875 0.1035
7 2.7675 2.8162
4 1.245 1.1299
7 1.515 1.4444
5 1.3875 1.4788
6 2.1825 2.2282
7 1.3875 1.4215
7 1.5375 1.5499
5 1.6425 1.6507
4 2.655 2.6772
4 2.9025 2.4241
4 2.5875 2.53
5 0.885 0.7172
5 2.0625 2.0315
4 2.6625 2.6081
4 1.98 2.0645
7 0.5775 0.4984
4 1.245 1.2987
4 0.3825 0.2999
7 0.4875 0.5836
4 0.645 1.0313
6 0.36 0.4365
4 2.955 2.6922
7 1.71 1.7781
4 0.3225 0.6907
7 1.11 1.1333
7 2.655 2.7346
5 0.66 0.7097
4 0.435 0.2768
6 2.64 2.6936
6 0.3375 0.4305
5 2.01 1.9656
7 1.455 1.4711
6 0.69 0.8285
7 2.8875 2.9952
6 2.5425 2.7923
6 0.8325 0.9406
6 1.155 1.127
6 1.455 1.2805
6 2.355 2.2628
5 2.7975 2.6913
7 2.85 2.9349
6 1.0575 0.9373
6 2.9175 2.8932
4 1.9125 1.8552
4 1.41 1.5916
5 1.5 1.2648
4 1.9725 2.0686
6 1.875 2.1302
7 0.975 0.9946
6 0.825 0.8459
4 0.1575 0.4411
7 2.04 1.9932
4 0.855 0.6138
5 2.37 2.0203
5 1.9875 2.0043
7 1.815 1.7726
6 2.7525 2.8367
7 0.1125 0.1248
6 2.775 2.6486
7 0.975 1.0291
6 2.8425 2.8438
6 0.1275 0.1134
5 1.0125 0.9585
4 1.2525 1.2148
7 2.0925 2.0751
5 1.8375 1.728
4 0.78 0.865
6 1.185 1.1937
6 0.5625 0.541
7 0.0375 0.0129
7 0.6525 0.7024
5 0.885 0.8844
6 2.55 2.5379
5 0.8475 0.7088
6 1.1625 1.4143
5 2.49 2.1612
6 2.355 2.2761
5 2.9775 2.6489
6 0.045 0.2432
5 2.6475 2.5228
7 2.0475 2.0995
5 2.2725 2.149
4 2.61 2.1539
6 0.27 0.5553
5 1.935 1.9269
5 2.73 2.772
5 1.0875 1.3535
4 1.035 1.0769
6 2.76 2.5771
6 1.185 1.2323
7 1.8675 1.7941
6 2.3175 2.2559
6 0.6375 0.6919
7 1.41 1.4813
4 2.2275 2.2221
7 2.445 2.5191
7 0.6525 0.5757
6 0.6375 0.8338
7 1.9875 2.0446
5 2.385 2.4041
5 1.44 1.3846
5 2.145 1.7641
5 1.3875 1.5826
7 2.0025 1.9936
4 0.705 0.9696
5 0.765 0.753
6 1.8675 1.9783
6 0.21 0.2877
4 1.845 1.8772
7 0.87 0.9548
4 0.7725 1.2735
4 1.4775 1.3965
7 0.225 0.2352
4 1.5975 1.5206
4 1.59 1.4414
6 1.3275 1.2946
5 1.5075 1.4351
6 1.905 1.9181
5 0.855 0.6682
6 2.085 1.9308
4 0.7875 1.0059
6 1.32 1.4886
4 1.845 1.669
6 2.9625 2.8075
7 2.4675 2.3067
6 0.8175 0.6598
6 0.2475 0.2322
7 2.145 2.105
5 1.3875 1.6768
5 1.8375 1.6137
4 0.795 0.9561
4 2.0925 2.017
7 2.325 2.281
4 2.5575 2.5151
6 1.455 1.518
6 2.91 2.7659
4 0.1275 0.5683
4 1.845 1.6328
5 1.59 1.5955
5 2.73 2.8404
4 0.6975 0.7832
4 0.8925 0.7978
5 1.5075 1.2676
5 2.8725 2.8666
5 2.07 2.0946
5 1.0875 1.1549
7 2.0925 2.2156
4 2.055 1.8363
5 2.1075 1.8381
6 0.36 0.2644
5 1.08 1.1298
7 2.8575 2.8338
7 2.76 2.737
4 0.4575 0.3545
5 0.87 0.761
6 0.5925 0.5017
4 2.1 1.7747
6 2.0175 2.0319
5 2.01 1.8628
5 0.7425 0.9935
7 0.87 0.8839
5 2.9475 2.9047
5 1.245 1.2458
5 1.2 1.1139
5 2.6925 2.8757
7 0.9225 1.0954
6 0.6225 0.7595
5 2.0325 2.1839
4 0.3075 0.3718
4 2.9775 2.541
6 1.05 0.9796
5 1.5225 1.5101
5 2.295 2.197
6 1.635 1.6447
6 0.735 0.7945
5 2.805 2.8254
7 1.485 1.3892
4 2.28 2.2715
5 0.03 0.1544
7 1.875 1.9303
6 0.525 0.3336
4 0.0 0.3359
6 1.41 1.4685
4 1.305 0.9275
7 1.44 1.3883
4 0.0825 0.5281
6 0.78 0.8241
7 0.66 0.7922
4 2.28 2.2907
5 1.1775 1.4127
4 2.1825 1.7049
7 2.595 2.5869
7 0.555 0.6085
5 0.3 0.1928
6 2.535 2.4528
4 1.905 1.984
6 2.5125 2.3436
6 2.4375 2.4108
7 1.65 1.5445
4 1.755 1.8705
5 2.9925 2.8062
7 1.515 1.5601
5 0.525 0.5859
7 2.5275 2.5391
5 1.1175 1.0141
5 2.0475 2.0829
5 0.435 0.2594
4 2.6925 2.6778
4 0.9075 0.9107
6 1.8825 1.7538
6 0.0675 0.207
7 2.6775 2.7967
7 0.0225 -0.0182
7 0.795 0.6301
7 2.985 2.8761
7 2.19 2.3377
7 1.245 1.3471
5 1.5975 1.6185
5 2.9925 2.7759
4 1.245 1.375
5 1.0125 1.0522
4 1.7175 1.7029
4 1.0575 1.2764
4 2.0625 1.6849
7 0.675 0.738
5 1.125 1.2724
7 1.2225 1.1507
6 2.3025 2.2849
4 2.0475 1.841
5 2.745 2.7787
6 0.42 0.4731
7 1.965 2.0383
4 1.0575 1.324
4 2.8125 2.5085
7 2.8425 2.8727
7 2.2875 2.2093
7 1.5 1.4669
4 0.765 1.0302
5 1.7325 1.8701
4 1.275 1.1456
7 0.1875 0.1902
7 0.525 0.5001
6 1.08 1.0182
7 1.6275 1.4416
7 1.0725 1.0839
7 0.03 0.0101
5 2.0775 2.454
5 1.455 1.5179
6 1.7925 1.9066
4 0.0675 0.3134
5 1.935 1.9285
5 1.755 1.5078
4 0.255 0.4658
6 2.3325 2.2506
5 2.58 2.5589
5 2.415 2.4391
6 1.0425 0.901
6 2.1675 2.2279
5 1.7775 1.8759
6 0.6375 0.5837
7 0.4425 0.5336
4 0.6 0.6246
5 2.34 2.4109
6 1.275 1.4022
4 2.5125 2.6218
6 1.2675 1.2817
6 2.43 2.3834
4 0.015 0.4826
7 2.04 2.0808
4 2.655 2.3319
7 2.19 2.1718
6 0.42 0.4787
5 2.895 2.8608
6 0.0075 0.1895
4 0.9375 0.9566
4 2.64 2.7901
4 0.6375 0.3884
5 2.985 2.768
4 0.0375 0.3491
4 0.8175 0.6291
7 1.2075 1.2256
5 2.805 2.8319
7 0.12 0.1704
6 1.65 1.6566
7 0.9375 0.9092
6 1.26 1.3509
6 1.4625 1.5807
4 0.8775 0.9173
5 0.5175 0.5147
6 1.5375 1.546
5 1.5 1.4824
7 0.435 0.5062
7 2.3925 2.282
6 0.4425 0.2783
5 1.365 1.6291
4 0.3675 0.4631
4 0.2475 0.6352
5 0.4275 0.579
5 0.7725 0.7109
5 1.3575 1.4906
5 2.1375 2.1417
7 2.07 2.1366
5 2.235 1.0187
4 2.6025 2.1646
7 2.7075 2.73
6 0.1725 0.3956
4 2.46 2.4717
6 0.8625 0.8882
6 0.2475 0.1979
5 2.19 2.3559
5 0.645 0.7312
4 1.9425 1.8258
7 1.425 1.3835
6 0.7425 0.8172
6 1.0725 1.1492
7 2.3475 2.3358
7 0.2475 0.229
7 0.18 0.1508
7 0.5325 0.7505
6 0.3225 0.3456
4 0.75 1.036
5 2.6775 2.3739
7 0.6975 0.8157
4 0.7575 1.0053
6 1.965 1.9572
6 0.405 0.4709
7 2.3025 2.3492
6 2.43 2.4432
6 2.3925 2.3021
5 0.3675 0.5859
7 2.295 2.2758
6 2.7525 2.7945
7 0.54 0.703
5 2.25 2.4696
6 2.7675 2.8924
4 2.49 2.7032
5 1.89 1.8916
4 2.655 2.6092
6 1.065 1.1461
6 0.42 0.3507
5 2.0925 1.9195
4 1.485 1.5137
7 2.685 2.6986
5 2.745 2.4371
4 1.89 1.6549
6 1.7325 1.8174
4 2.22 1.899
5 2.13 2.0482
4 1.05 1.1806
7 1.71 1.6728
5 1.035 1.1424
5 0.9075 1.1627
6 2.5275 2.3921
6 1.11 1.229
5 0.9 0.783
7 0.39 0.2858
5 2.685 2.5441
7 1.3125 1.346
7 2.145 2.0877
5 0.36 0.2816
5 0.1575 0.2281
4 0.375 0.5405
5 0.45 0.6482
7 2.3925 2.3653
5 0.1575 0.5337
6 1.095 1.1263
6 0.0525 0.1183
4 2.715 2.3112
5 2.4375 2.147
4 2.0625 2.0356
4 2.9025 2.6875
6 2.7075 2.6196
7 1.47 1.5047
6 1.215 1.3169
4 1.7175 1.8753
6 1.9425 2.0998
4 1.77 1.9367
7 0.225 0.1535
6 1.7175 1.729
7 1.32 1.1886
5 0.9975 1.1028
6 0.045 0.1621
7 1.035 1.0554
4 0.8475 0.9802
4 1.2 1.4286
5 1.98 2.2587
5 0.7125 0.6152
6 0.5175 0.4717
4 0.315 0.9102
5 2.22 2.1642
5 0.2325 0.2388
7 2.2725 2.1324
5 0.795 0.4498
6 1.86 2.1437
6 1.2225 1.2554
5 1.4475 1.5169
7 0.9675 1.0182
7 1.9425 1.8341
5 0.6825 0.7644
5 1.9575 1.8425
5 0.5925 0.4576
6 1.695 1.5842
4 2.4075 2.3837
7 1.6425 1.6563
7 0.72 0.6533
7 2.2275 2.1566
5 1.17 1.2993
7 2.13 2.0614
5 2.4675 2.4555
7 2.82 2.7964
7 2.5275 2.485
5 2.415 2.306
4 0.1575 0.3063
5 0.1875 0.3203
5 0.6375 0.6695
4 1.065 0.8129
4 2.76 2.2694
5 0.015 0.0955
7 2.655 2.5778
4 0.12 0.3377
4 0.5475 0.8406
6 2.88 2.815
7 2.1975 2.2816
5 1.7175 1.6221
7 2.955 2.8981
4 2.715 2.2064
7 2.0175 1.911
7 1.245 1.3762
6 0.9375 1.1469
7 0.2025 0.2652
6 1.2075 1.2072
7 0.33 0.4829
6 2.8725 2.9081
6 1.4325 1.5201
7 0.675 0.6102
7 1.08 1.1715
4 1.3275 1.6235
5 0.24 0.2364
5 0.3 0.1681
4 2.13 2.3786
6 0.5625 0.681
6 0.99 0.9962
6 1.3575 1.3733
6 0.555 0.6118
7 0.975 1.0313
4 2.0175 1.8286
4 2.925 2.5899
5 2.22 2.0949
7 2.1525 2.0978
7 2.1375 2.2701
6 2.8575 2.7749
4 0.1125 0.3281
7 2.535 2.646
7 1.3425 1.446
4 1.3575 1.6997
5 2.0775 2.1314
5 2.9625 2.7901
6 2.835 2.8133
5 1.7625 1.7926
6 0.8625 1.0061
7 2.4075 2.4653
7 2.9175 2.8058
4 0.81 1.4269
4 1.3575 1.3848
4 2.4375 2.4385
6 2.4675 2.4094
4 2.085 2.182
6 1.485 1.139
4 1.3875 1.1697
5 2.4075 2.7271
4 2.7525 2.7009
5 1.0275 1.1313
4 1.08 1.2127
4 2.2125 2.198
4 0.4575 0.341
7 2.7525 2.7514
4 1.0875 1.2664
5 2.07 2.0133
7 0.2925 0.3567
6 0.09 0.2643
4 2.9025 2.6307
5 0.78 0.9647
5 1.29 1.3973
6 2.835 2.8935
4 1.1775 1.8076
5 0.42 0.4966
5 0.8775 0.754
5 1.4925 1.4958
5 0.885 1.0045
5 1.9575 1.9542
4 2.9925 2.617
5 0.855 0.743
6 0.375 0.39
7 2.7375 2.7379
4 0.7425 0.8903
5 2.715 2.636
4 0.2025 0.2743
5 0.8775 0.8058
5 0.645 0.8081
7 1.635 1.4828
6 2.1225 2.1195
5 0.5475 0.4882
5 0.9825 0.9864
4 2.43 2.5688
5 2.61 2.4122
6 2.16 2.1855
5 2.085 2.2853
7 2.9025 2.9095
5 0.9375 0.7525
5 0.45 0.4501
7 0.8625 0.8644
7 1.89 1.8844
6 2.355 2.3968
6 1.3425 1.2047
5 1.1475 1.1981
6 1.665 1.8279
6 1.65 1.5609
4 1.68 1.6586
6 1.5375 1.5514
4 1.29 1.1436
7 1.845 1.8944
5 0.87 1.2434
7 1.0875 1.0206
4 2.37 1.8649
4 2.505 2.4205
6 0.99 0.9287
5 0.6375 0.6192
5 1.5525 1.4875
7 1.0425 1.1095
6 0.8925 0.7977
5 0.345 0.5121
6 1.395 1.3708
6 1.1775 1.3073
4 1.005 1.0737
5 2.13 2.2509
7 0.81 0.8397
5 1.02 1.1293
6 2.1075 2.1141
6 0.3375 0.5557
5 1.1025 1.2578
4 0.1875 0.5303
6 1.365 1.3094
4 1.5975 1.6035
7 2.7 2.6854
7 0.99 0.9201
7 0.7425 0.7071
5 1.455 1.5557
4 0.8925 1.0178
7 1.2375 1.2783
5 0.945 0.9185
7 2.91 2.795
7 0.7575 0.7851
6 0.0825 0.1458
6 1.3875 1.3141
4 0.165 0.3852
5 2.19 2.153
7 0.4425 0.5127
6 2.7375 2.5209
6 2.025 2.1337
4 1.89 1.7797
7 1.8375 1.8641
6 1.95 1.9366
4 0.4275 0.5502
5 1.14 0.8514
5 0.72 0.6869
6 2.9925 2.7509
6 1.4925 1.5182
4 1.7175 1.6869
7 0.66 0.6527
4 0.09 0.5135
7 1.845 2.0034
7 0.3 0.2255
6 0.12 0.3381
4 1.0875 1.0486
5 1.2975 1.3373
4 1.41 1.5764
7 2.775 2.781
4 1.83 1.6103
7 2.715 2.8418
4 1.3125 1.3909
4 0.0225 0.7121
4 0.495 0.9237
7 2.73 2.6116
7 2.07 1.9882
5 1.7775 1.7372
5 0.03 0.2008
7 0.45 0.4952
6 2.3925 2.3037
6 2.5425 2.5156
7 1.1025 1.0291
5 2.01 1.8079
5 2.3775 1.8918
5 0.135 0.103
6 1.11 1.1461
4 0.585 0.9867
4 0.24 0.4647
6 0.5925 0.6096
7 1.335 1.4216
7 2.1675 2.1943
7 1.5225 1.4922
5 2.565 2.5543
6 0.9225 1.0807
4 0.075 0.7101
4 1.965 2.1166
6 2.3925 2.3576
5 2.3475 2.3563
6 0.045 0.2315
7 2.7975 2.7451
5 0.3675 0.2713
6 2.49 2.5631
7 1.125 1.1134
4 1.17 1.0388
7 1.08 1.0075
5 0.315 0.2611
5 2.34 2.17
4 1.5375 1.5117
4 1.8975 2.0954
7 2.355 2.3349
4 0.4875 0.9405
7 1.8225 1.9221
6 1.215 1.2152
4 0.165 0.4992
6 0.6975 0.6136
6 0.21 0.3221
6 2.7675 2.7091
4 0.8625 1.3015
6 0.18 0.1006
4 0.7425 1.091
7 2.055 2.0348
5 1.155 1.1389
5 0.2475 0.5003
6 1.6275 1.5322
7 0.765 0.7337
4 0.5925 0.8707
4 0.135 0.5003
6 1.1925 1.0121
5 2.2725 2.2313
5 1.7775 1.8167
5 0.5625 0.7066
4 2.205 2.1099
7 1.5675 1.6152
4 1.6575 1.7455
7 2.07 2.0201
4 0.615 0.4374
6 2.1375 2.0134
6 0.555 0.5195
7 2.4225 2.3467
7 0.4575 0.5175
7 0.135 0.0712
5 2.8875 2.7981
7 0.3675 0.3245
4 0.195 0.5357
7 2.79 2.7309
4 1.725 2.1131
5 1.605 1.6773
5 0.1575 0.3508
6 2.67 2.6969
5 0.9375 0.913
4 1.0425 1.2083
6 0.33 0.2305
4 2.5425 2.6423
7 1.485 1.3663
6 0.5925 0.6082
4 2.04 2.1985
5 2.76 2.6505
7 0.7875 0.8048
7 1.4625 1.3518
6 1.605 1.6313
6 0.3675 0.2639
6 0.405 0.5273
6 2.5125 2.5244
6 2.145 2.1212
4 2.715 2.5289
7 2.37 2.404
4 2.85 2.4488
6 0.345 0.3957
7 1.4325 1.4235
6 0.45 0.2554
5 1.005 0.9275
4 2.0175 2.1799
4 1.56 1.335
7 1.86 1.7196
7 1.6725 1.6219
6 1.95 1.7432
7 0.6075 0.6206
6 0.7125 0.6784
5 0.5925 0.5744
7 0.72 0.8162
6 2.28 2.269
4 0.8775 1.077
5 2.505 2.155
7 0.54 0.6602
7 1.1025 1.1724
7 2.8575 2.8766
7 0.5925 0.6295
7 0.1425 0.0797
4 1.9275 1.7537
5 0.63 0.9504
7 1.725 1.8417
4 0.6975 0.7461
4 1.38 1.5565
4 2.49 2.1943
5 1.425 1.3424
5 1.38 1.3698
5 1.35 1.4553
6 1.1025 1.0268
5 2.19 2.4903
6 2.955 2.8402
4 0.5475 0.8166
7 0.3975 0.4451
4 1.7625 1.6246
4 1.9575 2.1676
4 1.3875 1.5264
7 0.6 0.7444
5 1.4025 1.3955
4 1.5675 1.5935
4 0.0375 0.25
7 1.155 1.2669
4 1.695 1.9134
6 0.3375 0.4605
7 2.37 2.4076
4 2.325 2.1887
5 2.2275 1.9972
7 1.9275 1.9211
5 0.225 0.3867
6 0.2775 0.3329
7 0.0525 0.1228
7 0.8775 0.9364
4 1.8075 1.9689
7 0.36 0.4017
4 2.235 2.2118
5 2.34 2.3101
7 0.9375 0.9485
7 1.545 1.5507
4 0.3075 0.6655
6 2.5125 2.6293
7 1.89 1.9502
6 0.9975 1.0912
5 2.625 2.7257
5 1.05 1.0264
5 2.2425 2.0696
7 2.295 2.2893
7 0.42 0.5015
6 2.265 2.2217
7 2.4 2.4601
5 1.245 1.3852
6 2.715 2.5365
6 0.3 0.3186
7 0.915 0.883
7 2.1375 1.9773
6 0.225 0.36
7 1.89 1.8779
7 2.9475 2.9052
6 2.025 1.9703
6 1.2525 1.3247
6 0.3 0.28
5 2.94 2.741
7 1.56 1.5729
6 1.9575 1.9394
5 0.1725 0.3377
4 2.115 2.2563
6 1.44 1.1572
6 1.4175 1.3194
7 2.2725 2.3942
5 0.2775 0.5865
6 2.0625 1.9185
5 2.1675 1.9815
4 2.535 2.5824
6 0.09 0.1484
7 1.515 1.677
5 1.0725 1.2384
5 1.11 1.2815
4 1.4025 1.3056
5 2.4975 2.3103
6 1.515 1.4364
6 2.0625 2.1741
7 2.1525 2.1476
5 1.3425 0.8224
4 2.5275 2.4382
5 1.125 0.9586
4 1.485 1.7208
5 0.06 0.3914
4 0.63 1.1328
4 1.23 1.705
7 1.4025 1.336
5 0.315 0.5732
4 1.725 1.6006
6 1.0575 0.9542
6 1.365 1.2352
4 2.1675 1.9593
6 0.15 0.0955
6 0.78 0.7582
6 2.295 2.2302
6 1.0875 1.0466
6 1.935 1.8554
4 0.105 0.8551
7 2.46 2.5915
4 0.21 0.3261
4 0.6 1.0596
6 2.28 2.3283
7 1.77 1.8056
7 2.7375 2.9148
4 1.83 1.5997
5 1.1325 1.2078
4 1.905 1.9197
4 2.115 1.7501
5 2.85 2.7723
7 2.94 2.8788
7 2.7375 2.7583
5 0.525 0.8601
7 2.4975 2.514
4 1.365 1.4325
6 2.7825 2.8286
5 0.4575 0.5481
4 2.94 2.4691
6 1.14 1.3086
4 2.5875 2.3157
7 2.805 2.811
7 1.5225 1.5108
6 1.6125 1.5987
6 2.145 1.991
4 1.89 2.0048
4 0.675 0.6495
6 1.995 2.0308
5 0.0225 0.1669
4 2.715 2.6493
4 2.7975 2.5331
4 0.36 0.3855
5 0.105 0.1744
5 1.125 1.1242
7 0.27 0.1834
4 1.185 1.2923
6 2.295 2.1974
5 1.7625 1.982
7 1.635 1.5444
5 0.9375 1.1138
7 2.37 2.2671
7 1.68 1.8033
6 1.7625 1.6557
6 1.9125 1.9669
5 1.6575 1.9248
7 0.8775 0.804
5 0.2625 0.5943
7 1.155 1.086
6 0.99 0.873
4 2.0625 1.825
6 1.155 1.2878
4 0.7125 0.8342
6 1.2975 1.3978
5 1.65 1.7257
7 2.6475 2.6274
7 0.6975 0.6987
5 0.42 0.4267
6 1.65 1.6377
6 1.125 0.9569
6 0.8325 0.788
7 1.5825 1.5729
4 1.695 1.7586
7 2.625 2.5005
4 0.5775 0.8291
5 2.3775 2.3281
5 0.975 0.9182
7 2.8575 2.8199
6 2.31 2.3009
5 2.895 2.6981
7 2.16 2.1698
5 0.9825 0.9682
5 0.1425 0.2526
6 1.7175 1.9116
7 1.155 1.1418
7 2.235 2.1307
6 0.585 0.5526
7 0.3975 0.4709
6 2.76 2.9233
5 1.005 0.8924
5 0.87 0.5856
7 2.9025 2.8831
6 1.86 1.8869
7 1.4025 1.431
7 0.1425 0.1132
6 2.835 2.8183
6 0.255 0.251
4 2.5725 2.5428
4 0.12 0.6274
7 2.0475 2.0936
7 1.545 1.4954
7 0.5625 0.4899
5 1.3425 1.3646
6 1.9125 1.9492
7 0.9 0.9291
5 2.55 2.2015
4 0.99 1.0594
7 2.7825 2.8308
7 0.075 0.0609
5 2.1075 2.1501
7 2.6025 2.4936
6 0.54 0.8008
5 2.6775 2.6236
7 0.0225 -0.0286
5 0.435 0.6261
6 1.05 1.1637
4 1.6425 1.8348
4 2.6325 2.3135
7 0.33 0.3206
4 1.92 1.7178
5 2.4225 2.5022
7 0.1575 0.2013
4 0.4725 0.6966
6 1.71 1.7032
5 2.85 2.8259
4 1.545 1.4416
6 0.78 0.7299
6 0.54 0.6127
6 1.155 1.0298
6 2.3925 2.4056
4 0.0075 0.2287
7 0.0675 0.1252
6 2.9025 2.8043
7 0.8175 0.9666
7 2.3775 2.4719
5 2.9925 2.815
5 0.84 0.8371
5 1.6575 1.747
7 1.53 1.5822
6 2.565 2.5277
7 0.765 0.73
5 1.0575 1.0353
5 0.1875 0.513
5 1.7025 1.6254
5 2.9475 2.8168
4 1.545 1.7719
7 2.2425 2.2557
7 0.5475 0.6053
6 0.8625 0.8008
6 1.455 1.2892
6 0.525 0.4313
6 0.24 0.2682
5 0.7425 0.9969
5 1.5975 1.4308
5 1.9725 2.1091
6 2.8725 2.7839
7 0.54 0.4675
5 2.9025 2.8058
4 2.28 2.1175
5 1.0875 1.1999
7 2.1 2.0386
6 2.9625 2.9256
6 2.8575 2.7454
6 1.6275 1.5984
5 2.5575 2.5967
4 0.2625 0.3773
7 2.1525 2.3348
6 1.095 1.0466
6 1.515 1.5824
5 1.4775 1.3758
5 2.6475 2.588
4 1.035 1.0007
5 1.65 1.4602
7 0.675 0.7201
5 0.375 0.5291
7 2.82 2.684
7 1.74 1.8044
4 2.7075 2.7262
5 1.0125 0.9278
5 0.315 0.5706
6 0.735 0.7386
5 2.5425 2.5273
4 1.5825 1.7406
4 0.015 0.3949
4 1.1325 1.1284
7 0.4425 0.4727
5 1.2 1.1248
7 1.5525 1.4234
4 0.3375 0.6497
7 0.9 0.8431
5 1.2675 1.0938
7 2.6625 2.7127
5 2.235 2.2002
4 2.3775 2.1964
7 1.3125 1.1986
6 2.28 2.1517
4 2.895 2.62
4 0.105 0.7107
4 0.3375 0.3649
5 2.1525 2.24
4 1.4925 1.63
6 2.88 2.9299
7 0.81 0.7129
7 0.81 0.8638
6 2.955 2.7965
6 2.3025 2.1643
4 0.9075 0.7331
6 0.4875 0.5078
6 0.24 0.358
5 1.5975 1.6664
6 1.68 1.5883
5 2.79 2.7539
4 1.1775 0.9946
4 0.495 0.7818
4 0.4875 0.4344
4 0.4725 0.5393
4 2.6025 2.3863
5 0.6525 0.8607
5 1.9275 2.0646
4 2.22 2.0082
7 1.4775 1.4558
7 0.1425 0.1638
6 1.425 1.4847
5 1.545 1.9912
5 2.8275 2.7803
7 0.1125 0.1433
6 2.34 1.9961
6 2.955 2.7156
5 1.875 1.8353
5 1.8675 1.8754
4 1.2075 1.328
7 1.0725 1.081
5 2.8275 2.7697
7 0.09 0.0828
7 0.975 1.0076
4 2.8875 2.676
7 2.7975 2.7232
7 1.425 1.4397
6 2.7825 2.7594
6 0.48 0.4464
5 0.7125 0.8687
6 0.3075 -0.0066
6 1.3125 1.3431
5 2.1675 2.1437
4 0.675 0.7035
4 1.755 1.7223
7 0.15 0.2138
5 1.335 1.3746
7 0.51 0.4062
5 1.785 1.7027
6 2.505 2.5042
4 1.2975 1.5212
6 0.36 0.4901
4 1.7025 1.5535
5 2.205 2.2804
5 1.5225 1.5861
5 0.975 1.0736
7 1.875 1.799
6 2.16 2.0868
6 2.775 2.7875
4 0.8175 0.7719
7 0.1425 0.2825
6 2.595 2.322
7 2.175 2.2301
7 0.7875 0.7823
6 2.22 0.3913
7 1.5075 1.4595
7 0.39 0.3561
4 1.1625 1.18
5 0.9225 0.9111
7 1.8675 1.9425
7 1.875 1.9166
4 0.405 0.3737
4 2.28 2.5029
4 2.4975 2.3315
5 0.7725 0.9122
7 2.5575 2.526
5 1.035 0.9035
7 0.4575 0.6024
6 2.1675 2.0394
4 0.06 0.3442
4 0.69 0.818
7 1.35 1.3755
4 1.035 1.1241
5 0.5175 0.5923
7 2.955 2.8032
4 1.7175 1.9184
7 2.4825 2.6633
6 0.4575 0.6186
4 0.3675 0.9352
4 1.6725 1.4228
7 0.0975 0.109
5 2.97 2.7733
4 1.095 1.3029
5 1.2525 1.2575
6 2.4 2.2877
6 0.585 0.5563
7 0.735 0.7655
6 0.36 0.4355
6 0.825 1.0103
6 1.065 1.1958
7 1.0575 0.9457
5 2.325 2.1253
5 1.755 1.7373
5 0.2775 0.4025
4 2.4825 2.4686
5 0.54 0.6189
6 1.8 1.7513
6 0.06 0.1707
6 2.01 2.1288
6 1.53 1.5002
7 2.6025 2.5277
6 1.53 1.6824
4 0.7575 1.1381
6 0.2025 0.1674
5 0.8775 0.8039
4 2.7825 2.5711
7 2.49 2.5836
4 1.035 1.4137
5 0.7575 0.7178
6 1.5075 1.4642
4 2.94 2.3808
6 1.89 1.9218
6 2.13 2.1168
4 0.3375 0.8981
6 2.715 2.6993
5 1.1025 1.1768
6 0.645 0.6572
5 1.6275 1.6653
4 0.6825 0.8305
4 2.37 2.4563
5 1.56 1.6268
6 1.665 1.5528
6 2.745 2.6167
6 1.3875 1.4209
7 2.07 2.0337
7 1.35 1.1921
7 1.485 1.3628
7 1.08 0.9863
4 1.845 2.3194
6 0.525 0.4388
5 2.37 2.2223
5 0.78 0.7477
5 0.975 0.996
7 1.8 1.6728
7 2.1675 2.1794
6 0.7125 0.8258
4 1.6125 1.8188
5 1.8975 2.0289
4 1.5675 1.0545
6 2.61 2.4472
4 1.2375 1.6347
5 2.835 2.6562
7 0.6375 0.618
5 0.6 0.7544
5 2.6475 2.5148
4 0.39 0.8671
7 2.2425 2.1911
7 2.385 2.5013
6 2.325 2.4451
5 2.415 2.6696
5 1.29 1.0994
4 2.055 1.7331
4 1.89 1.8976
5 0.0525 0.2021
6 1.5525 1.3249
5 1.29 1.2378
7 2.0025 1.9627
6 0.255 0.2992
4 0.3525 0.5664
5 2.1525 2.1269
6 0.195 0.0438
5 1.5675 1.4188
5 1.605 1.5042
4 2.4375 2.3036
6 1.32 1.4634
4 0.615 0.6036
6 0.9825 0.9735
6 0.27 0.3799
5 2.22 2.3365
5 0.21 0.3194
5 1.8975 1.6494
4 1.3425 1.0741
6 1.9275 1.8324
7 0.45 0.5665
7 2.3925 2.2879
6 1.7175 1.9506
6 2.1675 2.0847
4 0.8925 1.1254
4 0.8175 0.8837
7 1.065 1.1046
4 1.23 1.2452
5 0.24 0.3241
6 0.75 1.0582
6 1.665 1.7742
6 1.9575 1.8599
5 2.9475 2.9053
5 1.5075 1.5861
5 0.615 0.6071
4 0.57 0.4256
6 0.885 0.9755
4 2.6175 2.3952
4 0.765 0.9812
6 1.095 1.139
4 1.6275 1.6815
7 1.605 1.6128
5 2.6325 2.8442
5 0.585 0.7711
6 1.5 1.3361
4 0.765 0.5062
6 1.9125 1.9742
6 2.52 2.7388
7 1.7925 1.8174
6 0.495 0.4621
5 1.455 1.5759
7 0.5925 0.4866
4 1.6425 1.838
4 0.03 0.4163
5 0.8325 0.8708
5 1.1625 1.242
7 0.435 0.4901
5 2.07 1.8315
4 0.06 0.3678
4 2.985 2.8327
4 2.475 2.1341
7 0.7425 0.8569
5 1.6275 1.7545
7 1.02 0.9799
7 1.3425 1.3155
7 0.57 0.3932
5 0.705 0.7586
5 2.1375 2.1016
5 0.345 0.5439
5 1.4025 1.5779
4 2.415 2.0998
7 2.205 2.3246
5 2.475 2.5509
6 0.4725 0.3194
6 2.2575 2.1785
5 1.7175 1.3825
4 0.6075 0.5295
5 1.245 1.3068
7 1.4325 1.5041
6 1.095 1.0133
5 1.5675 1.6632
7 2.6625 2.6194
4 2.9625 2.5177
6 1.5975 1.7696
6 1.23 1.1769
7 1.02 1.1333
5 2.9625 2.8701
5 2.0775 1.9145
7 1.5 1.4914
6 2.01 2.0594
5 0.2475 0.4243
6 0.8925 0.805
6 0.3 0.2713
4 2.205 2.1566
4 2.1375 2.1313
6 2.97 2.7137
7 1.17 1.0146
4 2.9925 2.4117
4 2.055 1.7794
5 2.3025 2.1149
7 1.245 1.1579
6 2.73 2.7826
5 2.1375 2.0085
6 0.9975 1.175
5 0.345 0.5512
6 1.605 1.653
5 2.0475 2.1236
7 1.17 1.131
6 0.6225 0.6328
6 1.575 1.788
4 0.3825 0.3769
5 1.23 1.1229
5 0.315 0.2921
7 2.385 2.3587
5 1.575 1.698
4 2.3625 2.2621
4 1.2225 1.1037
6 1.5825 1.7295
6 1.965 1.9334
7 2.04 2.1617
5 1.17 1.0109
7 2.8425 2.833
7 0.7125 0.5478
7 0.495 0.4489
7 1.23 1.1982
7 0.84 0.7463
4 2.2875 2.2096
4 1.575 1.3075
5 1.755 1.813
6 1.92 1.7287
4 0.9375 1.3946
4 2.1525 1.9325
7 1.425 1.4562
5 0.975 1.0684
5 2.4825 2.4745
7 1.275 1.3664
6 2.5875 2.6914
4 1.7775 1.7283
4 2.2275 1.8951
4 0.915 1.2475
7 2.5275 2.5815
4 1.5675 1.875
4 2.7825 2.4901
7 1.38 1.4286
5 2.6775 2.4254
5 0.1125 0.1652
5 1.53 1.6923
4 2.7225 2.3969
5 2.175 2.1461
4 1.4475 1.6046
5 0.45 0.5418
7 2.2575 2.1979
5 1.8225 1.7283
5 2.115 2.2297
7 0.69 0.6898
5 2.85 2.7753
4 0.375 0.429
7 1.2675 1.1906
4 2.76 2.3649
4 1.995 2.0935
4 1.515 1.4637
6 0.765 0.7447
5 1.38 1.7267
4 1.425 1.3762
4 1.83 1.7878
4 1.8375 1.7085
4 0.12 0.5897
4 0.27 0.6715
6 2.6175 2.6157
5 2.115 2.1423
7 1.2975 1.4759
6 0.1725 0.122
4 1.755 1.6237
4 1.7925 1.757
7 1.4475 1.5538
4 0.78 0.8347
5 2.46 2.5008
7 1.515 1.4937
4 1.7925 1.762
7 2.1225 2.0927
7 0.075 0.0304
5 2.655 2.675
7 1.5 1.4476
6 1.44 1.5381
4 1.815 1.5164
4 1.9275 1.8766
7 0.0375 0.8502
4 2.325 2.0326
6 1.1475 1.1774
4 2.7375 2.5247
6 1.905 1.7778
5 2.175 1.9142
4 2.8425 2.6619
4 1.215 1.7635
5 1.905 2.2443
5 1.05 1.0978
6 1.68 1.6662
4 0.3675 0.6269
5 0.0525 0.2067
4 2.82 2.4128
5 2.6325 2.4866
6 2.535 2.3846
5 0.45 0.6372
6 2.37 2.4587
6 0.4425 0.5072
7 0.6 0.6583
5 0.135 0.1661
7 1.53 1.4834
4 1.5 1.2492
5 2.7525 2.5921
5 2.835 2.8552
6 2.16 2.0841
7 0.4275 0.246
4 1.0275 1.5971
5 1.485 1.4865
7 1.4775 1.6298
5 1.2375 1.347
6 1.7325 1.7447
7 2.5725 2.5347
5 1.17 1.1515
4 0.285 0.491
6 2.685 2.7245
5 1.17 1.0874
7 2.13 2.2353
4 2.1375 1.8512
7 2.37 2.2306
6 2.9475 2.9016
4 1.0575 1.0472
6 2.805 2.8346
7 2.4975 2.3617
4 1.845 1.768
5 1.2825 1.3039
4 1.7325 1.9161
6 1.995 1.996
7 2.2275 2.2178
5 0.21 0.3707
4 1.98 1.4298
6 1.425 1.4978
5 0.8625 0.5828
7 1.47 1.4755
6 2.205 2.1921
4 0.225 0.3938
5 2.94 2.842
4 0.9825 0.9856
6 2.295 2.3863
4 2.46 2.2009
5 1.8075 1.6723
4 1.8225 1.9097
4 1.0275 1.2304
5 1.545 1.4462
5 2.0775 1.8964
6 2.52 2.6365
7 1.8825 1.8694
4 1.2975 1.4626
7 2.055 2.1561
7 1.335 1.3229
7 0.0075 0.1271
5 1.455 1.5974
4 2.0025 1.7542
5 1.62 1.4275
6 1.2375 1.1972
7 0.57 0.5655
5 1.8525 1.9544
6 1.995 1.9175
7 2.01 2.1089
4 0.315 0.3071
5 2.7225 2.3375
4 2.985 2.6574
6 2.2125 2.2643
4 1.3275 1.0418
7 2.8575 2.8529
6 0.3975 0.4776
4 2.67 2.7204
6 0.63 0.6075
7 2.82 2.7
5 1.62 1.444
6 2.4375 2.3337
5 1.4625 1.4899
4 2.49 2.2261
6 0.84 0.9318
7 0.6 0.6684
7 1.185 1.1918
4 1.9725 1.6577
5 0.915 1.205
7 1.905 1.9975
5 0.87 0.8666
4 0.9075 1.0831
7 1.6575 1.5657
6 0.6675 0.6945
5 2.1675 2.1327
6 2.4075 2.2956
4 2.0625 2.0483
6 1.6425 1.5716
4 1.815 2.0202
4 2.925 2.5444
4 2.9175 2.6877
7 1.1175 1.0455
6 1.9125 1.7186
4 1.6725 1.676
4 1.6275 1.593
6 1.455 1.5195
6 0.03 0.1501
7 0.825 0.8707
4 1.065 1.1494
7 2.43 2.2757
5 0.33 0.3428
4 2.7975 2.0196
7 0.3 0.3285
6 1.32 1.3506
7 0.675 0.7551
4 0.6225 1.0534
4 1.5 1.0955
4 2.6625 2.4557
5 0.6975 0.9073
7 2.1 2.1326
6 1.98 2.149
7 2.5875 2.519
6 0.735 0.8067
4 2.715 1.9048
6 1.2525 1.3177
7 1.6875 1.678
7 1.71 1.7408
6 2.685 2.4837
7 0.36 0.4022
4 1.65 1.88
6 0.765 0.6452
5 1.2525 1.3893
5 1.7625 1.7795
7 2.25 2.2776
5 0.495 0.6889
6 0.765 0.7979
7 0.975 1.1486
6 1.41 1.4822
6 0.8325 0.8662
4 2.88 2.6061
5 1.6575 1.4607
6 1.62 1.6058
4 0.945 1.1784
4 2.1375 2.1595
5 2.16 2.1363
4 2.8575 2.6537
4 2.565 2.62
6 0.3975 0.3838
7 1.9725 1.9402
6 2.745 2.6378
4 1.4025 1.2368
7 1.845 1.7548
7 2.49 2.5225
7 2.8875 2.9732
6 1.0725 0.9934
4 1.605 1.8226
6 1.8675 1.7697
5 0.045 0.1364
4 1.4925 0.9452
7 1.17 1.2243
6 2.67 2.6563
7 1.0425 1.0306
7 2.1075 2.0401
6 1.8375 1.8682
6 1.26 1.2069
7 0.6525 0.5685
6 1.3425 1.3785
4 0.57 0.7392
7 1.9425 1.8877
4 1.98 1.8188
4 1.0425 0.8742
6 0.2475 0.4292
5 0.03 0.375
4 0.2925 0.5254
4 2.8275 2.4989
7 1.5975 1.5844
4 0.9975 1.1919
4 1.68 1.4815
5 2.6775 2.6235
4 0.105 0.3148
7 0.4575 0.4557
7 0.8925 0.8882
7 1.1775 1.2913
6 2.4375 2.267
5 2.9625 2.8638
7 1.1025 1.2595
6 2.19 2.2022
7 0.0225 0.1013
6 2.475 2.3993
6 1.665 1.7686
6 0.8025 0.9361
5 1.68 1.7922
7 0.78 0.7231
6 0.9675 1.0278
7 2.925 2.8075
5 0.345 0.2516
5 2.94 2.8068
6 2.5575 2.6102
7 0.8775 0.8303
4 0.4725 0.7804
6 0.1425 0.2542
5 0.195 0.17
6 1.8 1.7206
7 0.945 0.8545
7 0.255 0.2404
5 1.545 1.671
6 0.195 0.3097
7 0.795 0.7267
7 1.8375 1.9135
4 1.3725 1.3145
6 1.7925 1.9299
7 1.5075 1.5367
4 2.5275 1.927
4 1.0875 1.1284
7 2.1 2.068
7 2.685 2.6329
4 2.8125 2.5596
4 2.9175 2.7739
7 2.145 2.0294
4 2.9925 2.6853
7 2.7975 2.7401
4 2.16 2.1845
7 2.94 2.9231
6 1.605 1.4361
4 0.2175 0.2844
6 1.725 1.78
7 2.805 2.7225
5 0.5175 0.3822
5 1.59 1.7922
7 1.0425 1.1046
4 1.575 1.8173
4 0.945 1.3977
6 2.4825 2.4804
4 0.7125 0.6123
6 2.7675 2.8041
4 0.7275 0.9861
5 2.9025 2.7416
6 2.8275 2.8173
7 1.5975 1.4891
7 0.7875 0.8116
6 1.56 1.7429
4 2.7675 2.2798
7 1.9425 1.9799
4 2.7225 2.3442
5 2.2125 2.1355
6 2.1675 2.0776
7 1.965 1.9292
7 1.8075 1.8124
6 0.015 0.1363
5 2.8425 2.7402
4 1.14 1.4149
6 0.945 1.0169
4 1.305 1.4054
6 0.09 0.0695
5 2.475 2.2845
4 2.4225 2.2871
6 1.1475 1.2154
4 2.22 1.8769
7 1.515 1.5311
4 1.9875 2.2246
4 0.585 0.3174
4 1.7325 1.8762
6 2.205 2.1104
5 1.7625 1.849
7 2.5875 2.6199
6 1.635 1.589
4 2.3625 2.3658
5 2.5125 2.3326
6 2.205 2.0166
4 0.8775 0.888
5 0.495 0.4527
7 1.5975 1.5978
4 2.49 1.7544
6 0.525 0.691
7 1.575 1.6725
6 2.415 2.4403
7 0.255 0.2916
4 2.49 2.5486
4 2.7825 1.4473
5 1.9125 1.8809
6 1.3725 1.185
7 2.5125 2.6092
5 1.4925 1.5451
4 2.0775 2.3257
6 2.1675 2.15
4 1.86 1.9127
4 0.7875 1.0449
7 2.1075 2.0528
4 0.855 0.9953
6 1.2675 1.2901
6 1.0125 1.0917
7 0.225 0.2106
7 1.9875 1.9065
4 0.1575 0.3541
5 2.19 2.1067
6 1.0875 0.8133
4 2.4825 2.0219
5 0.7275 0.7008
6 0.39 0.2526
6 2.61 2.5728
7 1.5075 1.5057
6 2.325 2.2248
5 2.6325 2.6228
5 0.105 0.2298
6 1.425 1.3704
4 0.81 1.0568
7 2.34 2.3677
5 1.5525 1.7775
7 2.6625 2.5982
6 2.745 2.5508
7 1.2 1.1316
7 0.7875 0.9051
5 0.15 0.4601
5 0.1875 0.1294
4 0.66 0.7826
4 2.0175 1.8576
7 0.735 0.8695
5 2.7525 2.589
6 0.3075 0.2877
6 1.935 1.9495
4 1.2075 1.0725
6 2.235 2.2265
7 1.4625 1.555
6 2.0925 2.0878
6 1.08 0.9987
6 2.7975 1.7989
5 0.4275 0.5869
7 2.2275 2.2216
6 0.945 0.9859
7 1.5225 1.5115
7 0.5925 0.6714
4 2.8575 2.5395
4 1.1175 1.0787
6 1.7925 1.7874
7 1.02 0.9868
6 2.745 2.7699
7 0.21 0.2948
4 0.51 0.749
6 1.0275 1.0182
5 2.01 1.8776
7 0.4875 0.4256
6 2.865 2.7655
4 2.1975 1.8656
5 1.605 1.6633
5 1.605 1.6879
7 1.4625 1.4812
6 0.6825 0.5687
5 2.55 2.2547
4 0.7125 0.8834
4 1.9425 2.2684
4 0.435 0.5706
4 2.34 1.9616
6 0.6225 0.5121
6 0.165 0.1567
4 1.215 1.115
6 0.3375 0.2207
6 1.5675 1.5667
5 2.91 2.897
5 0.945 0.7813
6 1.2675 1.3116
5 2.925 2.7457
5 0.4725 0.5808
6 0.1575 0.2219
7 2.3325 2.2434
4 1.6125 1.5471
6 0.1575 0.1804
7 2.775 2.7998
5 0.81 2.9829
4 1.2825 0.9527
7 1.7775 1.9451
4 0.7875 0.4777
4 0.2625 0.5395
4 1.6875 1.6641
4 0.6 0.752
7 0.5325 0.5234
4 0.825 1.0645
4 0.9375 0.786
7 2.9925 2.9625
6 1.4925 1.4424
4 2.775 2.5595
7 1.77 1.7095
5 1.575 1.3344
6 2.31 2.3245
6 0.03 0.1853
6 2.6175 2.7514
6 1.515 1.5678
4 2.3775 1.7299
6 0.8175 0.6233
5 0.795 0.9414
4 2.4075 1.927
7 1.9725 1.8643
6 1.3125 1.2793
7 0.9375 0.7438
6 1.9425 1.9445
7 2.4525 2.4496
4 0.135 0.4309
7 0.72 0.6402
4 0.6975 0.7486
7 2.6775 2.6728
4 2.3925 2.2131
4 2.6325 2.5864
5 2.925 2.8875
5 2.805 2.5225
7 0.75 0.8617
6 2.1075 1.8094
6 1.815 0.0067
6 1.4775 1.573
5 0.9225 0.8784
5 0.9 0.7972
7 1.035 1.1062
5 1.26 1.3503
5 2.2425 2.1192
7 2.4825 2.6479
7 2.565 2.4921
7 0.8025 0.8439
6 2.91 2.6513
6 2.46 2.4125
7 0.735 0.7353
5 0.5925 0.8755
6 1.0875 1.0241
4 2.4375 2.2238
7 2.6925 2.7703
7 0.8475 0.8706
4 1.245 1.3711
5 2.685 2.6593
7 0.72 0.806
4 0.5325 0.8787
4 0.9 1.0794
5 2.805 2.7481
7 0.09 0.1613
5 1.92 1.9867
7 1.515 1.541
7 0.81 0.8259
7 0.4575 0.4465
4 0.12 0.5299
6 1.875 2.0081
5 0.39 0.2254
6 0.7875 0.6864
7 2.9925 2.9392
4 2.52 2.693
5 1.3725 1.442
7 0.96 0.8604
6 0.42 0.4333
4 1.2675 1.3056
4 1.68 1.5765
6 0.975 1.0623
4 0.1725 0.2483
5 0.8475 0.7086
6 2.0025 1.9007
6 2.055 2.0687
5 1.425 1.6044
7 2.325 2.3169
6 2.67 2.5485
4 1.3575 1.0599
5 1.125 0.7797
6 1.695 1.7015
7 0.8325 0.7305
4 2.9775 2.326
5 0.2925 0.4868
4 2.34 2.5051
7 2.9925 3.0469
6 0.81 0.7404
4 1.77 1.4723
6 1.0425 0.8981
4 2.6025 2.7598
4 1.38 1.1266
7 0.9 1.0276
4 2.6475 2.3734
7 1.65 1.7124
4 2.655 2.3474
7 1.035 1.0355
5 0.225 0.2997
6 1.23 1.0168
6 2.3625 2.4936
4 0.165 0.7467
7 0.9 1.0436
6 2.1675 2.23
7 1.7325 1.7306
6 1.5525 1.6666
6 2.1675 2.2768
5 0.6075 0.6527
7 1.65 1.6236
4 2.25 2.3426
4 1.62 1.4105
7 1.4475 1.5104
7 2.595 2.5416
7 0.1875 0.1044
5 0.6225 0.8947
4 2.4525 2.1129
6 1.38 1.4071
7 0.15 0.2668
4 1.3875 1.5186
7 2.7675 2.7636
7 0.57 0.6512
5 2.76 2.5272
6 0.4875 0.4358
5 2.8425 2.5734
7 1.8975 1.9132
5 2.43 2.5492
4 2.4675 2.0144
7 2.5875 2.4902
5 0.9975 1.2951
5 2.7075 2.56
4 1.155 1.3989
6 1.44 1.2525
7 0.555 0.6279
6 1.2825 1.3256
7 1.1925 1.1468
5 1.935 1.5802
7 0.1725 0.2029
5 2.4 2.4508
6 2.5125 2.5323
5 0.1875 0.406
6 2.3475 2.3651
7 2.2425 2.1167
4 1.26 1.2893
7 0.0225 0.0184
5 0.4575 0.1237
6 0.5625 0.4291
7 0.3525 0.455
6 1.815 1.8598
6 0.27 0.44
5 0.1725 0.1686
6 0.12 0.1788
5 2.8725 2.8733
5 1.6725 1.6535
6 2.4225 2.6047
4 2.475 2.3649
6 0.45 0.6368
4 0.885 0.9762
4 2.8575 2.5245
5 0.39 0.4263
5 0.015 0.3916
7 1.1325 1.3781
6 1.9125 1.2975
4 1.065 1.0137
5 0.405 0.5085
7 0.42 0.3769
6 1.0125 1.0211
5 1.86 1.7835
5 1.125 1.1246
6 2.2425 2.2895
5 2.4525 2.2458
7 0.285 0.4066
6 2.7 2.7134
7 0.045 0.1058
4 0.2775 0.8261
7 1.1475 1.1575
4 2.9475 2.5553
5 2.5425 2.3602
6 2.7075 2.7039
4 1.725 2.0336
7 1.4775 1.546
4 0.225 0.905
6 1.365 1.3568
7 1.02 1.1035
5 1.59 1.617
5 1.0725 0.9035
7 0.015 -0.0431
4 2.1975 2.1088
7 0.8775 0.8227
6 2.1 2.0694
4 0.3675 0.5263
5 2.265 2.3875
7 0.795 0.7609
6 1.2675 1.1992
7 0.45 0.5526
5 1.785 1.9179
5 2.61 2.7485
7 1.2675 1.1001
4 0.8325 1.0848
5 1.1325 0.8792
4 2.5725 2.445
5 1.2075 1.1253
7 1.5825 1.6655
4 0.7125 0.9287
4 1.245 1.268
6 1.245 1.2722
7 0.9075 0.8236
5 0.795 0.8235
5 0.8325 0.8167
6 2.5725 2.3068
6 2.955 2.9506
7 2.8275 2.8277
7 2.505 2.5075
7 2.6175 2.7097
7 1.0125 1.03
5 1.965 1.9369
4 0.0825 0.385
6 1.8225 1.9158
5 2.5425 2.4227
4 0.78 0.8339
7 1.8975 1.9951
6 2.0175 1.8705
6 2.2425 2.2032
7 0.945 0.8036
4 1.395 1.2797
7 0.3 0.1387
7 0.84 0.7961
6 1.305 1.3706
6 0.735 0.691
7 1.8525 1.7943
5 1.29 1.0481
6 0.39 0.5308
7 2.64 2.5623
7 2.2275 2.2273
6 2.025 1.961
4 2.355 2.1091
6 1.62 1.6174
4 1.9575 2.0418
4 2.5275 2.4181
5 2.295 2.0028
4 2.7825 2.5843
6 0.195 0.3939
5 0.36 0.5108
5 0.4425 0.5927
4 2.5125 2.354
7 1.575 1.6422
5 2.4525 2.2745
5 1.8 1.6856
5 0.4275 0.2279
7 1.8975 1.9587
6 0.435 0.6689
4 1.215 1.4654
7 0.6225 0.6434
7 1.9275 1.8929
4 1.4625 1.387
7 1.4925 1.4453
4 2.025 1.622
4 2.3775 2.3341
7 0.2175 0.1912
7 2.3625 2.2167
6 0.8025 0.8577
7 2.955 2.8281
4 2.475 2.1988
6 0.495 0.6421
7 0.8025 0.882
4 1.5 1.6357
4 2.355 2.1124
7 2.94 2.9931
7 2.4375 2.3465
5 1.5075 1.4586
6 1.7775 1.9407
7 0.9675 1.0328
6 1.7775 1.8567
6 2.07 2.135
5 0.825 0.8644
5 0.2625 0.3942
6 2.0775 2.0867
5 1.695 1.6701
5 2.7675 2.7774
5 2.7675 2.7591
7 0.1425 0.2111
4 1.5375 1.4174
6 2.2725 2.2851
5 2.7375 2.7241
7 1.7775 1.8431
4 1.2 1.3639
7 1.5225 1.4601
7 2.985 2.9865
5 1.3275 1.4788
6 2.19 2.1337
6 1.875 1.939
6 0.8325 0.8377
6 2.1825 2.0752
7 2.3175 2.4711
7 2.43 2.4771
7 1.9725 1.8809
5 2.3775 2.4712
7 1.275 1.3247
4 1.185 1.1947
6 0.3675 0.5326
4 1.53 1.3455
5 1.5 1.3587
6 1.8675 1.9811
6 2.6775 2.6172
4 0.0225 0.4427
5 1.0575 0.8927
4 2.61 2.45
6 2.775 2.7318
7 0.2325 0.2721
4 0.855 0.9504
6 0.6675 0.6815
6 0.0825 0.1595
7 2.6775 2.7069
5 0.45 0.4109
4 0.6825 0.7138
4 2.6175 2.5124
4 2.37 2.1161
6 0.2175 0.2389
7 1.4775 1.6297
7 1.815 1.7576
6 0.7575 0.7843
6 1.5 1.4438
5 0.4425 0.2418
4 1.68 1.3327
7 1.125 1.1169
5 1.08 0.9494
7 1.6275 1.711
6 2.91 2.8648
5 2.505 2.8659
5 2.5725 2.5167
6 0.36 0.5501
4 2.3025 2.1104
4 1.1625 1.6948
7 0.045 0.1834
5 2.37 2.1738
6 1.4775 1.529
7 0.165 0.1095
4 2.19 2.0582
4 2.835 2.6173
6 2.7225 2.7759
7 2.67 2.576
4 0.5775 1.1695
6 2.94 2.9232
6 1.095 1.159
7 0.5925 0.6375
5 0.105 0.3369
7 0.8175 0.6566
6 1.6425 1.4917
7 0.345 0.4294
6 2.7 2.6523
5 2.2725 2.1857
7 1.65 1.5581
4 1.635 1.565
5 0.915 0.7827
6 1.7925 1.7664
4 0.51 0.4993
6 0.7425 0.7456
4 0.6675 0.5578
6 1.425 1.4126
5 0.5625 0.6772
7 2.175 2.1345
6 1.965 2.0369
5 0.4575 0.7505
4 2.355 2.1375
4 0.525 0.7557
5 2.37 2.4769
5 1.0725 1.2114
6 0.0525 0.2193
7 2.31 2.2868
4 1.7175 1.5462
7 0.39 0.3908
6 1.26 1.1761
5 2.7075 2.8889
4 0.2775 0.3719
4 0.66 0.8378
4 1.8675 2.0063
6 0.0375 0.0531
6 1.1775 1.0996
6 2.2725 2.3739
5 0.4725 0.7657
7 2.1075 2.0917
4 1.8 1.7685
4 0.9525 1.0029
4 1.5675 1.5083
7 0.4725 0.4117
6 1.7325 1.7266
7 0.9525 1.0703
4 0.105 0.3969
7 0.3825 0.4581
7 1.53 1.4567
4 2.2575 2.3395
5 1.8 1.8683
6 0.2925 0.2699
6 2.715 2.5933
6 1.845 1.6667
5 2.7225 2.505
6 2.64 2.4548
5 1.2675 1.4828
5 2.5575 2.2608
5 1.065 0.9401
4 2.5575 2.4267
7 0.0525 0.0507
7 2.5425 2.4359
6 2.31 2.439
7 0.51 0.417
7 2.46 2.4982
5 0.8625 0.8199
7 2.205 2.072
7 0.0975 0.0635
6 1.6275 1.7465
4 0.72 0.8447
4 1.56 1.1376
7 2.25 2.3092
6 1.3875 1.4325
6 0.6825 0.6911
5 2.175 2.2265
5 2.775 2.6899
5 1.965 1.8975
6 0.3 0.3202
4 0.2925 0.5824
4 0.3975 0.6464
4 2.76 2.4676
6 2.4375 2.3052
7 2.805 2.7072
4 0.3675 0.4279
5 2.715 2.7528
4 0.93 0.5003
6 0.585 0.6429
5 0.3075 0.6766
6 0.7125 0.6525
5 1.545 1.4355
4 1.4925 1.4721
7 0.135 0.0984
5 0.81 0.5672
7 2.76 2.6692
6 1.1025 1.0734
4 1.215 1.3557
4 2.85 2.7161
6 2.325 2.4633
5 2.7525 2.7341
4 2.145 2.4144
5 1.5075 1.7168
7 2.8875 2.9281
5 2.175 2.0753
7 1.4025 1.3576
6 2.1975 2.418
5 0.1425 0.3187
7 1.5525 1.523
4 1.245 1.3105
4 1.035 1.0959
4 0.315 0.508
5 0.465 0.4969
5 1.725 1.8546
5 2.5425 2.7902
5 2.2875 2.4753
7 2.895 2.9149
5 2.9025 2.735
4 1.8 1.6507
4 0.2775 0.6465
5 0.225 0.394
4 1.2375 0.8937
6 0.1875 0.1326
4 2.58 2.1173
5 0.9675 1.0641
5 0.165 0.2776
6 2.355 2.4656
4 1.3425 1.8776
5 1.32 1.4295
4 1.0425 0.9492
4 2.445 2.2261
5 1.38 1.5363
4 1.4925 1.8544
5 2.2275 2.0716
4 2.6025 2.3816
4 0.585 0.503
4 2.7075 2.5364
7 1.8075 1.713
4 1.005 1.2871
4 0.6525 0.8421
4 0.9825 1.0
4 2.5725 2.7328
7 2.655 2.7021
6 0.705 0.6091
6 1.9575 2.1205
6 1.3275 1.131
5 2.505 2.4509
4 2.3175 0.3277
5 2.9925 2.7579
4 0.9675 0.8776
7 2.475 2.5606
4 0.36 0.7986
6 2.325 2.4477
5 1.35 1.3356
7 1.1325 1.2143
4 2.8275 2.5144
4 2.3925 2.6697
7 2.4 2.2833
6 0.9975 0.9877
7 1.5 1.4621
6 1.3275 1.3522
5 2.325 1.9062
6 2.04 2.0321
6 2.565 2.4387
4 2.3625 2.0886
4 1.2525 1.1987
7 2.3325 2.4683
7 1.9575 2.022
5 0.285 0.5367
5 1.77 1.837
6 0.9075 0.8344
5 1.11 1.2674
4 0.525 0.2877
4 2.835 2.4891
4 0.5475 1.0721
6 2.5875 2.6406
7 1.2525 1.3338
4 1.395 1.3842
7 1.0875 1.0806
4 0.4725 0.547
7 1.32 1.411
4 1.5 1.1807
6 1.17 1.0736
4 1.2975 1.2302
4 1.4475 1.3377
5 1.005 0.7587
6 2.31 2.4161
4 0.3 0.3788
5 2.5575 2.3759
4 2.7825 2.5115
7 2.4975 2.4096
4 0.8625 1.0243
7 2.625 2.6635
4 1.2525 1.2992
6 2.8275 2.8376
7 0.225 0.285
5 0.9825 0.9946
4 0.99 0.9966
5 2.5125 2.4682
5 2.115 2.1224
6 1.9725 1.9621
4 2.31 2.307
4 2.2725 2.4619
5 2.4 2.4208
6 2.7975 2.7138
4 1.5675 1.6102
6 0.1125 0.1033
5 2.43 2.5656
6 2.355 2.3412
5 1.89 1.6991
4 2.58 2.5096
7 1.32 1.2808
7 1.455 1.372
4 2.6775 2.6385
7 2.85 2.7418
6 0.735 0.5835
6 1.5675 1.4423
6 2.955 2.9203
7 1.53 1.4774
6 0.8775 1.0017
7 2.8125 2.8126
4 1.59 1.4613
7 0.93 0.9576
6 0.5025 0.603
6 1.2675 1.2438
4 2.01 2.1647
5 2.1525 2.0102
4 2.445 2.2887
4 2.4375 2.2382
6 2.1225 2.0512
7 0.4575 0.4514
4 0.06 0.2335
7 1.1925 1.2149
7 0.45 0.4725
4 0.525 0.6375
4 1.1775 1.6163
6 1.665 1.5259
4 2.625 2.365
5 2.1975 2.2263
5 0.1875 0.3815
7 2.6025 2.4366
6 1.155 1.1383
4 1.695 2.2161
4 0.24 0.5545
7 1.98 2.0272
4 2.625 2.1428
4 1.59 1.3736
4 1.065 1.1953
7 2.3925 2.2739
5 1.29 1.1718
6 2.4825 2.2513
6 1.1625 1.2736
5 1.68 1.8375
7 2.46 2.4365
5 2.5125 2.5962
4 0.2175 0.3553
5 0.0375 0.2197
6 2.6925 2.6363
7 1.95 1.9736
5 1.35 1.0901
5 2.4975 2.5129
4 2.2275 2.5487
4 2.685 2.5297
4 1.9275 1.6459
5 2.94 2.8502
6 2.2725 2.2405
6 0.57 0.7512
4 0.9375 0.8977
4 2.2575 2.1415
4 2.04 1.595
7 0.57 0.616
6 0.21 0.1129
5 0.42 0.2671
5 2.64 2.9004
5 1.8375 1.889
6 0.8325 0.8218
4 2.91 2.6582
6 0.72 0.993
5 1.425 1.3247
4 1.065 1.2076
7 2.4675 2.3866
6 1.65 1.6825
4 1.515 1.7154
7 0.525 0.4402
5 0.3 0.3927
6 1.0275 1.018
4 1.395 1.3131
5 0.78 0.9899
7 0.5775 0.6939
4 1.2675 1.5069
7 0.3825 0.4332
5 0.6 0.5576
5 1.2975 1.3661
6 2.3625 2.2165
4 1.4325 1.5027
5 0.1125 0.2088
5 1.56 1.4785
4 1.9575 1.7499
7 2.415 2.4494
5 0.51 0.5383
7 1.1775 1.0945
5 1.0725 0.9647
6 2.5875 2.6645
5 2.73 2.7623
4 1.71 2.0831
7 0.42 0.5304
5 2.1675 2.0879
5 0.975 1.056
6 1.905 2.0225
5 2.025 1.98
5 1.605 1.6109
4 0.87 1.0399
6 0.39 0.4112
4 2.01 1.9174
7 1.935 1.8979
7 2.0325 1.9945
6 2.1975 2.1494
4 0.6675 0.701
4 1.14 1.1394
6 1.77 1.8664
4 1.32 1.2869
4 0.8625 0.7653
4 0.6 0.9186
5 0.3975 0.5642
7 2.2725 2.3179
5 2.79 2.5083
5 1.875 1.6788
5 0.855 1.1669
4 0.6525 0.8917
6 2.22 2.0592
5 1.425 1.5015
4 0.66 0.8563
5 1.14 1.1355
4 2.2875 1.9024
4 2.0775 1.7871
4 0.6525 1.0563
6 1.2675 1.2716
4 1.9575 2.0109
5 2.34 2.4197
5 1.4325 1.2757
4 1.215 1.3158
4 1.98 1.7544
7 2.7075 2.6426
6 2.6775 2.5159
4 2.175 1.8643
4 0.81 1.0623
7 0.6075 0.6657
7 0.7875 0.7602
7 1.2525 1.2882
5 1.725 1.66
6 1.665 1.6854
5 0.3 0.4823
4 0.6375 1.0897
6 0.48 0.6377
4 1.3275 1.5876
6 1.845 1.7387
7 0.1125 0.122
5 1.6425 1.6399
7 0.12 0.1741
5 1.7025 1.6137
5 0.0675 0.3389
7 1.56 1.5918
4 2.37 2.5754
4 0.5925 0.4449
5 0.5775 0.9453
5 2.505 2.5006
4 1.1625 0.9353
4 2.115 1.5975
4 0.675 0.6059
6 2.4525 2.4075
6 2.55 2.4992
7 1.7475 1.7675
5 2.475 2.5706
6 0.9975 1.1733
7 1.0875 1.0446
6 1.44 1.4088
6 1.0425 1.0537
6 1.905 1.8665
4 0.135 0.4006
6 1.59 1.502
7 1.725 1.7152
4 1.6875 1.8933
5 1.8 1.7859
5 0.72 0.7824
6 0.285 0.271
4 0.48 0.5428
4 1.005 0.903
4 1.5225 1.2121
6 1.17 1.0889
7 2.34 2.1042
5 0.495 0.4142
6 0.705 0.6459
4 0.705 0.4605
4 1.32 1.1452
6 0.9225 0.9231
5 1.155 1.4804
5 1.29 1.3415
6 1.98 1.9508
7 0.015 0.0916
6 1.125 1.237
6 0.4125 0.391
7 0.405 0.3692
6 2.205 2.2724
7 0.42 0.3713
7 0.3075 0.2383
6 0.4425 0.5792
5 0.435 0.4397
5 1.185 1.2078
7 0.33 0.3
4 1.8375 1.8927
6 0.99 0.9691
6 0.48 0.3566
5 2.43 2.3334
5 0.0225 0.3119
4 0.6825 0.9315
6 1.8 1.7834
7 1.5375 1.429
6 2.6025 2.4457
7 1.1175 1.2601
4 0.2325 0.3097
7 0.855 0.8939
5 0.6225 0.6352
5 2.6775 2.6497
5 1.5075 1.6683
7 1.1175 1.1387
7 2.52 2.4607
6 1.8825 1.8225
5 1.44 1.4402
6 1.3875 1.5432
5 0.09 0.2139
4 1.9425 2.0186
5 0.9 0.6244
5 2.01 1.842
5 2.025 2.0667
7 0.1575 0.3029
6 2.46 2.5487
5 2.3625 2.3601
4 0.33 0.5211
4 2.0625 1.8159
7 1.6425 1.6939
7 2.205 2.3737
6 2.775 2.6366
4 1.4325 1.2277
5 0.42 0.5289
6 2.445 2.1693
6 0.21 0.3881
6 1.785 1.8473
6 0.885 0.8946
4 0.375 0.4519
7 0.375 0.345
6 0.3675 0.5303
6 0.045 0.013
6 1.875 1.8032
4 0.27 0.265
6 0.21 0.1417
7 2.3775 2.516
6 0.3675 0.395
6 1.395 1.39
4 0.2475 0.6579
4 2.2125 2.4258
5 1.305 1.2855
5 2.8425 2.5419
5 1.395 1.2356
6 0.1425 0.1944
7 2.6775 2.6112
4 1.74 1.3878
4 2.4975 2.1772
4 0.0375 0.5307
6 1.4925 1.7771
7 1.7775 1.6916
6 1.6275 1.6553
5 0.84 1.0176
6 1.035 1.0951
5 2.9325 2.8698
7 1.725 1.6912
4 1.74 1.9593
7 1.2675 1.4035
6 2.4375 2.4639
5 1.2 1.1567
5 1.2825 1.3768
5 1.065 1.3351
6 0.465 0.4773
7 2.8725 2.9065
5 1.38 1.5195
7 0.615 0.667
4 1.4475 1.7343
4 0.6675 1.2284
7 2.565 2.526
7 1.0575 1.0522
5 2.67 2.5128
4 1.26 1.7059
4 2.2575 1.9853
5 0.69 0.5923
6 1.3275 1.4665
4 2.1675 1.8848
5 0.8175 0.7747
7 0.765 0.8032
4 1.4925 1.4838
4 1.6725 1.6132
6 1.2675 1.2508
7 1.98 1.981
4 2.34 2.5809
6 0.6675 0.6026
5 2.4075 2.3595
5 2.6925 2.6341
5 0.075 0.2265
5 2.8275 2.6691
6 2.0025 1.9624
6 0.0375 0.0789
6 0.1725 0.2138
4 1.53 1.5353
5 2.565 2.3243
6 1.3875 1.337
7 2.4675 2.5342
7 1.155 1.1682
4 0.4725 0.5341
4 2.6025 2.3305
4 0.2325 0.425
6 1.9575 2.0277
4 1.275 0.7894
7 1.7175 1.7657
6 0.51 0.5596
7 1.74 1.6027
5 2.3925 2.2273
6 2.3625 2.4016
5 2.46 2.2637
5 0.72 0.7512
6 1.4025 1.5197
4 0.615 0.2336
7 0.2175 0.2471
5 2.7075 2.4996
4 0.5025 0.7654
4 1.0425 1.1813
5 1.245 1.4219
6 1.1475 1.1061
7 2.1975 2.24
7 2.43 2.4396
7 0.48 0.5499
7 1.1025 1.1082
4 0.96 0.9848
6 0.8775 0.8317
7 2.25 2.209
4 0.3825 0.3609
4 2.22 2.2398
6 2.4075 2.5031
7 2.25 2.2989
4 2.64 2.6007
5 1.05 1.0238
6 2.46 2.5708
4 1.605 1.7397
4 0.3825 0.7208
5 2.925 2.7472
4 1.41 1.6023
6 0.435 0.5139
6 0.15 0.2141
6 0.72 0.9352
5 2.4525 2.5003
4 2.1225 2.1724
4 0.6225 0.4622
5 2.265 2.4674
7 1.2525 1.2301
6 0.54 0.683
4 2.3775 2.4329
7 2.0025 2.0102
5 2.58 2.6267
6 2.0175 1.9536
5 1.5375 1.4468
6 0.735 0.864
5 2.0475 2.0817
7 0.585 0.5191
7 1.6425 1.7582
4 2.0775 1.891
4 2.445 2.1995
7 1.44 1.3753
5 1.6725 1.7295
6 1.7325 1.4616
5 2.19 2.2136
4 1.245 1.2445
7 0.8775 0.9144
5 2.235 2.2591
4 0.675 0.8234
7 2.4 2.3494
7 0.99 0.949
6 2.1675 2.0978
4 1.845 1.4004
4 1.05 1.1747
5 1.4025 1.4833
6 2.9025 2.9068
4 2.8875 2.5665
5 2.085 1.7065
5 0.12 0.345
7 2.4375 2.4464
4 2.2275 2.0755
6 2.1375 2.1187
4 0.87 1.0474
6 1.815 1.964
5 2.97 2.7405
5 2.46 2.285
6 2.4225 2.2612
5 2.0775 2.0899
4 1.29 1.5131
5 0.81 0.8361
5 1.245 1.2005
5 0.4725 0.515
5 0.645 0.5307
4 0.345 0.7725
6 2.3325 2.3345
4 0.135 0.4882
6 1.4025 1.5012
5 2.1375 1.8379
4 1.7325 1.8872
4 0.21 0.3957
4 1.9425 1.9608
7 1.335 1.3688
5 2.91 2.8161
5 2.6175 2.7513
6 2.6475 2.5891
6 0.0675 0.0803
4 2.8725 2.6656
4 2.7825 2.695
7 2.565 2.4482
7 2.4825 2.5454
4 2.3475 2.0405
7 0.24 0.2552
6 0.315 0.3396
5 2.745 2.8487
4 0.5325 0.7046
6 0.6825 0.473
6 2.745 2.7083
4 0.3675 0.7256
4 1.875 1.6159
4 1.395 1.5975
5 1.17 1.4673
4 2.5725 2.7336
5 1.125 1.1895
6 0.2625 0.3486
5 1.23 1.3178
6 0.0825 0.081
7 0.945 0.9471
4 0.2625 0.5793
5 0.87 0.7649
4 1.6875 1.6735
5 2.625 2.0238
6 1.9575 2.0105
4 2.625 2.4375
7 0.645 0.636
4 2.2575 2.2145
4 1.71 1.6518
5 2.2575 2.034
6 1.5675 1.6574
5 0.93 0.8331
7 0.7275 0.6661
5 1.77 1.7535
7 2.19 2.1366
6 1.095 1.3109
5 1.2975 1.2666
7 2.625 2.7276
7 0.5325 0.5292
6 1.65 1.5737
7 1.6425 1.6095
6 2.535 2.3782
4 0.8625 0.7438
7 2.6475 2.8747
4 0.96 1.5522
5 2.835 2.5969
4 1.305 1.4486
5 2.25 2.1215
7 2.895 2.8754
4 2.25 1.9301
6 1.8225 1.772
7 1.605 1.5305
4 1.8 1.6603
4 0.5475 0.5988
5 2.16 2.2043
7 2.775 2.774
6 2.91 2.6959
4 1.8075 2.1023
5 2.8275 2.8006
5 0.165 0.1486
6 2.6925 2.6351
5 2.4 2.3385
7 0.9375 0.9149
5 2.7375 2.6193
4 1.9275 2.0178
4 2.115 2.049
5 0.6825 0.5221
6 2.865 2.6517
6 0.435 0.433
7 0.96 0.9703
4 1.95 2.1295
4 0.0075 0.3337
4 0.5175 0.6771
6 1.4775 1.4519
6 1.92 1.8928
4 1.4625 1.4239
6 0.4875 0.5277
7 0.435 0.4396
5 1.2075 1.2529
6 1.155 1.1001
4 2.8425 2.727
6 1.7925 1.8066
4 2.0625 2.2122
5 1.26 1.1553
6 1.0125 0.937
5 1.635 1.6147
6 0.03 0.2028
6 2.3325 2.2392
5 0.8475 1.0042
4 1.05 1.13
4 0.4425 0.536
4 1.5675 1.2922
7 1.4775 1.5171
6 0.735 0.614
7 2.295 2.4032
5 1.3275 1.3885
4 2.355 1.9781
5 1.0425 1.2731
6 0.405 0.2488
5 2.94 2.7968
5 0.435 0.314
7 2.4825 2.416
4 1.0725 1.1882
5 2.49 2.589
5 0.3075 0.5152
5 2.46 2.2536
6 1.9125 1.8057
6 0.555 0.4381
7 0.435 0.4636
5 2.76 2.7669
4 2.7675 2.2364
7 1.0875 1.0416
6 2.655 2.7141
6 1.245 1.226
4 2.73 2.3564
6 1.4325 1.4339
6 0.03 0.0249
7 1.275 1.29
4 1.35 1.4015
6 0.5175 0.544
5 2.9325 2.8597
7 1.815 1.7866
5 2.1 2.1171
5 0.3525 0.3926
5 1.2225 1.3104
6 1.7175 1.7001
4 1.2375 1.2582
5 2.805 2.5619
4 2.3925 2.5965
6 0.3525 0.4272
6 1.305 1.1869
7 1.5075 1.5951
7 1.635 1.746
4 2.52 2.1868
6 1.1175 0.9779
6 0.9075 0.8903
5 1.125 0.9803
7 0.345 0.4662
7 0.7125 0.7239
6 0.5175 0.6062
7 0.6 0.6969
4 0.0 0.3737
7 2.4375 2.4202
4 1.635 1.6202
5 1.425 1.5247
7 2.7975 2.7209
7 2.9925 2.9849
7 0.54 0.5685
5 2.055 1.8635
7 2.145 2.2419
7 0.5025 0.4666
6 2.9925 2.8146
5 1.155 1.2985
5 1.53 1.3586
4 0.105 0.5651
7 0.9 0.8056
4 1.6725 1.7296
7 0.885 0.8279
7 2.0775 2.033
6 0.1725 0.2216
7 1.05 0.9775
4 0.1125 0.5943
7 2.07 2.1225
4 0.0075 0.8937
4 2.745 2.3415
7 1.2825 1.3237
7 1.245 1.3486
4 1.29 1.8744
7 0.3 0.2894
4 1.65 1.932
6 0.0375 0.1543
6 1.2525 1.4103
6 2.325 2.2097
4 0.225 0.4499
4 2.2275 2.0602
6 1.47 1.5691
4 1.395 1.5203
4 0.7125 0.4597
4 0.06 0.3274
5 2.235 2.399
4 0.435 0.6655
4 1.875 2.0204
6 2.6925 2.6152
6 2.07 1.9699
7 2.07 2.1006
6 0.21 0.2714
7 1.815 1.8694
7 0.69 0.6125
5 1.455 1.5965
5 0.2625 0.3913
6 1.08 1.1767
4 0.225 1.0091
4 1.5525 1.4853
6 0.42 0.299
4 1.08 1.2274
6 1.95 1.9167
4 0.285 0.4427
7 0.0075 0.1674
7 0.33 0.2516
5 1.335 1.4354
7 0.2175 0.2851
7 1.02 1.0069
4 2.25 1.989
7 2.115 2.1951
7 1.47 1.6732
4 1.905 2.0708
6 2.295 2.3748
7 2.0775 1.9583
6 0.1125 0.0207
7 2.5575 2.6679
5 2.8425 2.5293
7 0.8775 0.7658
7 1.965 1.8936
4 2.13 2.037
4 2.0025 1.9663
7 1.1475 1.1273
7 1.905 1.9196
5 2.565 2.2843
6 2.325 2.2571
7 1.0125 0.9367
6 1.9275 2.0989
7 0.705 0.784
4 0.4725 0.6676
7 0.225 0.2555
7 2.475 2.3806
7 0.1875 0.0934
6 2.7375 2.754
7 2.1825 2.1421
5 1.485 1.5179
4 2.3175 2.2479
6 1.5075 1.6102
4 1.4475 1.5568
7 0.12 0.2093
6 0.69 0.6072
5 2.97 2.7506
5 1.98 1.9591
4 2.82 2.6418
5 0.255 0.4856
5 2.5875 2.3948
6 2.0325 1.9239
4 1.2825 1.5635
4 1.605 1.4103
4 1.44 1.6076
5 2.28 2.1127
5 0.0525 0.2231
5 2.16 2.2556
5 2.8875 2.77
6 1.7625 2.054
4 1.9725 1.6827
5 2.2425 2.1237
4 0.105 0.4392
4 1.1325 0.9656
6 1.0275 1.1217
7 1.395 1.3197
7 0.9825 0.9804
7 2.925 3.0002
4 2.8425 2.502
6 1.4775 1.5244
4 2.1075 2.0792
7 1.2375 1.0798
7 2.7825 2.7412
6 2.46 2.5014
4 1.56 1.8351
5 1.7175 1.8286
5 0.42 0.4845
7 2.235 2.1797
6 2.7825 2.9307
4 1.0875 1.2304
7 0.21 0.2407
6 1.2225 1.1881
5 2.4075 2.242
4 0.645 0.7339
4 0.975 0.9702
6 0.7575 0.9146
6 1.995 1.8846
7 1.665 1.6834
7 1.05 1.1569
6 0.45 0.5957
7 0.195 0.1182
6 2.985 2.8546
4 1.5375 1.7031
4 2.415 2.0587
5 0.18 0.2234
5 0.1425 0.4338
4 0.1575 0.303
6 0.72 0.7752
6 0.81 0.8207
7 1.1025 1.1767
6 0.5925 0.6874
7 2.7675 2.7714
4 0.6 0.6371
7 1.11 1.0532
4 2.1825 1.9859
7 2.4225 2.3934
4 1.38 1.4693
7 2.7375 2.5674
5 2.4975 2.3005
5 2.8575 2.6571
5 2.1225 2.0322
7 0.9675 1.1243
4 0.585 0.8354
5 2.175 2.0854
4 1.7775 2.0877
5 0.0 0.3133
4 1.1625 1.5548
5 1.6425 1.8662
7 2.685 2.6536
4 0.555 0.8298
5 2.925 2.6138
5 0.69 0.659
5 2.085 1.999
5 2.6175 2.5344
7 0.24 0.261
4 2.9925 2.7236
6 1.785 1.7731
5 2.9925 2.6041
6 1.8825 1.994
5 0.855 0.7943
6 2.19 2.0638
7 2.1225 2.1725
4 2.415 2.0526
5 1.86 1.9479
4 0.4875 0.7757
4 2.0775 1.9955
5 1.0425 1.0224
5 2.0175 1.9895
5 0.1875 0.3506
6 1.8 1.8594
7 2.7675 2.8612
6 2.145 2.0626
5 2.0325 2.172
7 2.3775 2.2494
6 1.6125 1.616
6 0.6 0.6415
6 0.0 0.1948
4 2.5275 2.4544
6 2.295 2.325
7 2.64 2.6792
6 0.915 0.8343
5 0.2775 0.4858
4 0.7875 1.1159
5 0.15 0.2559
5 2.3175 2.1615
4 0.7575 0.9612
5 1.02 1.0468
5 1.845 1.7509
6 1.1325 1.2145
7 0.5775 0.6511
7 0.555 0.4257
4 1.545 1.3954
5 0.1875 0.1956
4 1.4775 1.5948
6 2.775 2.6145
7 1.095 1.041
4 0.6525 0.6195
7 2.8875 2.9976
6 0.195 0.0492
7 1.2525 1.2455
6 1.38 1.2409
7 1.755 1.7093
7 0.8925 0.9056
7 0.435 0.3782
6 0.6225 0.6141
4 0.96 0.9682
5 1.14 1.1225
7 2.13 2.133
7 0.8625 1.0736
5 2.685 2.8257
4 2.79 2.6843
6 0.735 0.843
5 2.7375 2.7832
5 2.595 2.7164
4 1.5975 1.6867
6 2.1075 2.1034
6 2.0925 1.9469
7 2.6325 2.5162
6 2.0625 2.0247
5 0.165 0.286
5 2.505 2.513
6 0.165 0.1645
7 0.945 0.9541
5 0.4425 0.2299
4 1.0125 0.9566
6 2.4225 2.4122
5 2.9475 2.8584
6 2.6775 2.7836
6 0.8175 0.7857
4 2.01 1.8951
6 2.3175 2.1792
7 0.6675 0.6295
5 0.8025 1.0113
6 1.2 1.1577
6 0.0225 0.1484
7 0.2625 0.3332
5 0.81 0.8826
7 1.485 1.6221
6 0.225 0.1529
6 2.4 2.2409
7 1.8825 1.8586
4 2.805 2.4035
5 1.3125 1.2233
5 2.67 2.8408
5 2.1075 2.1683
4 2.8875 2.5916
7 0.8925 0.8721
4 1.035 1.0622
7 0.63 0.75
5 0.435 0.1985
4 1.7325 1.9374
4 0.945 0.8882
4 1.725 1.7433
5 2.295 2.0334
5 2.5725 2.4994
7 0.8175 0.7516
7 2.49 2.5592
6 1.7175 1.6362
5 0.3975 0.2308
4 2.445 2.5029
5 1.2 1.3694
4 0.99 0.9279
7 0.375 0.3779
5 1.1025 1.0596
6 2.9025 2.8997
4 1.5675 1.8363
4 0.72 1.0579
5 0.855 0.7133
4 1.5075 0.9901
7 0.1725 0.0454
7 1.095 1.006
6 0.405 0.3582
7 2.805 2.8286
7 1.11 1.1245
6 2.9775 2.9185
6 0.045 0.0462
6 2.2725 2.3681
5 2.0775 1.9485
7 2.265 2.3036
7 2.43 2.3506
5 2.7075 2.5843
4 0.75 0.8913
7 0.15 0.1922
7 2.01 1.862
4 0.75 1.125
6 0.8775 0.9072
5 1.155 1.3153
6 2.07 2.1758
6 1.29 1.0867
5 0.18 0.2281
4 1.74 1.9665
5 0.1275 0.22
6 2.1375 2.1591
7 2.8125 2.9202
6 0.7425 0.6469
6 1.2075 1.3344
5 1.7025 1.7285
4 2.835 2.259
7 2.9925 2.9208
4 0.255 0.7268
4 2.28 1.8176
7 0.1125 0.1064
4 2.49 2.2977
7 0.2175 0.2805
6 2.2575 2.2336
6 0.8325 0.714
4 2.5125 2.5524
6 2.6625 2.5611
4 1.35 1.3069
7 0.6 0.6266
6 1.5675 1.5639
6 2.94 2.9284
7 1.1625 1.155
5 2.655 2.641
4 0.45 0.682
6 2.655 2.4352
6 2.4675 2.4377
6 1.3575 1.3472
7 0.5025 0.5596
4 0.525 0.601
4 0.0825 0.2767
6 1.0725 1.1954
4 2.0625 1.9202
5 0.5025 0.331
6 2.91 2.768
4 0.0825 0.4658
6 0.3525 0.5196
5 2.88 2.7852
5 0.7275 0.6518
7 1.3425 1.2779
4 2.6325 2.3032
5 0.555 0.7326
7 1.59 1.5922
5 1.755 1.7697
7 1.665 1.693
6 2.4 2.3422
7 2.1 2.1723
5 2.94 2.7431
7 0.93 1.0422
7 2.115 2.1959
4 0.105 0.5812
5 0.8775 1.016
5 2.235 2.2608
4 1.8075 1.8651
7 2.205 2.2375
5 1.095 1.2603
5 1.665 1.4168
6 0.7575 0.6942
7 0.795 0.8157
4 2.0175 2.0807
4 0.24 0.6185
7 0.2025 0.2371
6 2.2125 2.306
6 2.895 2.8077
7 2.43 2.4251
6 1.2525 1.3433
7 1.3725 1.3573
5 0.2025 0.2164
7 2.8275 2.8432
5 2.985 2.8165
6 2.6475 2.835
5 2.4675 2.4233
7 1.05 1.0374
7 0.18 0.2338
6 1.2375 1.1336
6 1.125 1.0415
6 0.255 0.0686
4 1.0575 1.1983
4 1.395 1.078
7 1.365 1.3852
7 0.48 0.4482
4 1.0125 0.9755
6 2.1975 2.2382
7 1.815 1.7758
7 2.2575 2.3151
6 2.49 2.4733
6 1.5675 1.6063
7 2.88 2.7354
4 0.1575 0.5177
7 2.205 2.1641
7 2.8275 2.7722
7 2.655 2.5727
7 2.7 2.6521
5 0.0825 0.2785
6 0.6 0.5497
4 2.505 2.5459
4 0.3675 0.3507
7 1.4625 1.4932
4 2.16 2.2977
6 0.3375 0.4744
5 0.7275 0.8842
4 1.785 1.6295
6 2.55 2.4189
4 0.975 0.6191
7 1.8 1.8067
4 2.73 2.576
7 1.9875 2.0649
4 0.8325 0.9852
4 1.6275 1.3353
4 1.5825 1.4691
6 1.6425 1.6017
7 0.69 0.6546
4 0.885 1.0319
5 0.135 0.2775
5 1.6875 1.6098
7 2.31 2.3923
5 2.2875 2.2126
6 0.8025 0.8125
5 2.1075 2.2295
7 2.3475 2.236
6 1.6725 1.7406
5 2.865 2.7047
7 0.66 0.5098
5 2.8875 2.7842
6 1.5225 1.4922
6 0.12 0.0848
6 0.675 0.6395
5 2.685 2.3116
7 0.855 0.9314
6 0.315 0.4712
7 2.8275 2.7415
5 1.5675 1.5906
5 0.87 0.9011
6 1.4625 1.3442
4 0.2775 0.4889
5 0.12 0.2801
6 2.9175 2.8603
6 0.24 0.2451
5 2.4975 2.3372
5 2.0175 1.9574
5 2.49 2.3708
7 1.08 1.1428
5 0.4725 0.4428
4 1.6425 1.5297
6 2.85 2.7146
5 2.565 2.5506
6 2.355 2.3052
7 0.1725 0.0913
5 1.71 1.7763
7 1.755 1.8055
4 2.8425 2.5717
6 1.7175 1.6165
5 0.3375 0.62
6 2.5575 2.4474
6 1.1925 1.1395
7 0.4275 0.5051
5 0.075 0.3758
5 2.2275 2.1245
6 2.925 2.8293
5 0.39 0.1942
4 1.365 1.2731
7 1.0425 1.041
7 0.36 0.2961
6 2.0325 1.9476
6 2.85 2.8254
5 0.9825 1.1368
6 1.17 1.09
4 0.2475 0.2373
6 0.6825 0.6118
7 2.1825 2.0872
5 2.2575 2.1619
5 0.0675 0.2737
6 2.3925 2.2882
6 2.5425 2.5528
6 1.965 1.7716
5 0.0375 0.2138
5 0.8775 1.0356
5 1.695 1.9089
7 0.345 0.2866
6 2.085 2.1164
6 0.3825 0.3713
5 1.35 1.2479
5 2.595 2.3409
6 0.435 0.478
4 0.9375 1.0056
7 2.1675 2.1554
5 2.4 2.3523
6 0.5925 0.7429
6 2.1975 2.0758
6 2.82 2.7316
6 1.2525 1.2503
4 2.3775 2.1148
4 0.72 0.7296
4 1.4175 1.3116
7 0.1725 0.2401
7 2.175 2.2539
6 1.335 1.3776
7 1.5675 1.6406
5 1.2 1.2695
5 2.34 2.3878
5 2.37 2.0159
6 2.4225 2.4754
7 1.0275 1.0806
6 2.07 2.1598
7 0.225 0.0711
7 0.57 0.5169
4 2.82 2.5747
7 1.665 1.629
6 0.7275 0.925
4 1.065 0.862
6 0.99 1.038
5 0.945 1.154
7 1.0575 1.1798
5 2.91 2.7346
7 2.4825 2.469
5 2.7225 2.1879
5 0.075 0.5208
5 2.7525 2.8928
5 1.05 1.5287
6 0.06 0.1457
5 0.8025 0.8497
7 2.6025 2.5543
5 2.925 2.7139
6 2.2875 2.3033
7 1.3575 1.2756
6 0.03 0.1248
6 1.4025 1.4189
4 2.805 2.7771
5 0.7725 0.7462
7 0.0525 0.0069
7 0.21 0.2276
7 2.1375 2.1287
4 1.62 1.4874
7 1.26 1.2535
5 2.34 2.2581
5 2.7525 2.7597
6 1.7625 1.6755
5 1.0275 1.1075
5 2.8725 2.8777
4 1.4325 1.4627
7 2.5425 2.4586
6 0.7575 0.8516
7 1.185 1.2185
4 2.5275 2.3921
4 0.18 0.6405
6 1.2825 1.3784
7 2.9925 2.8641
5 1.8675 1.9099
4 0.66 0.7096
4 2.025 2.1302
4 2.5875 2.4717
7 2.8425 2.8775
4 1.86 1.8646
7 0.795 0.7752
7 0.705 0.6749
5 1.7325 1.8821
6 1.02 1.0403
6 1.485 1.3747
7 0.7125 0.6774
6 1.62 1.7044
7 2.1 2.105
4 1.7325 1.6442
7 1.635 1.5492
5 0.1875 0.1486
7 1.965 2.0177
7 2.25 2.1406
5 2.6175 2.6361
4 2.865 2.6202
7 0.165 0.2923
4 2.5575 2.481
7 0.8925 0.9714
6 0.6225 0.6944
5 2.0025 1.9822
5 0.1575 0.3164
7 2.46 2.4085
7 1.5225 1.5185
7 1.635 1.5625
7 1.155 1.2938
7 1.9125 1.9398
6 2.0175 2.1949
7 1.545 1.5849
7 0.2325 0.3655
6 2.1525 2.1796
4 1.6575 1.744
5 2.595 2.6175
6 0.825 0.9923
7 0.705 0.6374
5 2.46 2.4591
7 2.7825 2.7359
7 0.5475 0.6055
7 2.2425 2.252
5 1.92 2.0301
7 2.0475 1.9515
4 2.055 2.027
7 0.0375 0.0601
4 0.6525 0.6996
7 2.0925 2.1558
7 1.3875 1.4911
5 0.2475 0.3207
6 0.0075 0.2046
5 0.4575 0.5429
7 2.64 2.7565
4 0.2025 0.7054
7 2.865 2.875
7 0.7575 0.7749
4 0.0375 0.476
6 1.695 1.6263
7 2.5575 2.6592
5 2.9325 2.5399
7 0.69 0.6847
4 2.805 2.5706
5 1.8375 1.8962
6 1.3425 1.2876
4 0.6 0.4521
5 0.9825 0.9851
7 2.085 1.9405
5 2.415 2.4503
4 1.83 1.7335
6 2.1975 2.1815
5 2.025 1.7365
6 1.905 1.8462
5 2.1675 1.9693
4 2.1375 1.933
4 0.5925 0.9745
5 2.8275 2.7051
6 2.61 2.5691
6 0.5925 0.6524
6 2.43 2.4414
5 0.3075 0.5264
4 2.5575 2.5187
5 0.3825 0.5842
4 0.405 0.5338
7 1.2975 1.3861
7 1.1175 1.0787
6 2.2725 1.8599
4 0.705 0.6944
6 0.5625 0.4236
7 0.1575 0.1413
4 1.4175 1.3391
7 1.0725 1.1498
7 1.62 1.6815
5 2.0925 2.1479
5 2.865 2.7247
6 0.8325 0.8183
5 0.9825 1.03
6 2.145 2.0268
7 1.7925 1.804
4 2.1 2.136
5 2.49 2.3646
6 2.0175 1.8088
4 0.9825 0.6006
7 1.26 1.2026
4 1.1925 1.1113
7 1.935 1.9586
7 0.4425 0.4895
6 1.6875 1.7525
7 1.2975 1.258
5 1.47 1.433
6 0.7575 0.8559
7 2.07 2.0813
4 0.2025 0.3106
7 1.5 1.558
4 0.0975 0.5342
4 1.1175 1.5196
6 1.7625 1.7333
5 0.8325 0.9627
5 0.2175 0.3154
4 1.0875 1.4169
6 0.6 0.8484
6 0.15 0.2236
4 1.0125 0.6826
4 1.065 1.3305
4 0.465 0.348
7 2.01 2.0041
4 2.7375 2.6729
4 2.835 2.6541
7 1.0875 0.9671
6 0.0675 0.0884
6 2.2425 2.0996
6 2.025 1.964
5 0.0825 0.1565
7 1.23 1.0611
4 1.71 1.5352
6 2.4975 2.4976
7 1.515 1.5271
5 1.5225 1.6543
7 0.045 0.1862
5 0.1125 0.1428
4 1.755 1.7213
6 0.3225 0.2329
5 2.4 2.3452
6 1.7775 1.7484
4 2.5425 2.2265
5 2.8425 2.6248
5 2.67 2.5422
5 1.77 1.7829
5 1.56 1.3641
4 0.465 0.6297
7 1.905 1.9628
6 2.61 2.586
4 2.67 2.3057
6 1.5675 1.499
4 0.5175 0.7419
7 2.8125 2.8908
4 2.295 2.6137
7 0.9825 1.1059
5 2.94 2.6409
7 2.145 2.0596
4 1.74 1.3546
5 0.4275 0.4011
5 1.7025 1.8527
4 1.6575 1.8842
5 2.6775 2.6176
6 2.91 2.9649
5 2.1075 2.0454
7 0.9525 0.9266
6 0.9 1.1666
7 0.8925 0.933
6 0.4575 0.4891
7 0.06 0.0731
7 0.0375 -0.0027
5 0.885 1.1342
6 0.9525 0.8684
4 1.0275 1.4109
6 0.0675 0.101
4 2.805 2.2136
4 0.2925 0.7024
4 1.02 1.3593
5 2.0775 2.0277
4 1.7175 1.8657
6 1.6275 1.7272
4 2.565 2.3118
7 0.2475 0.1755
7 2.2575 2.3255
4 2.7225 2.6747
4 2.055 2.1941
5 2.715 2.7855
5 2.8425 2.762
6 1.845 1.9497
4 2.5425 2.2618
4 0.7575 0.9053
5 0.06 0.1746
5 2.0475 2.4848
7 2.46 2.5318
5 0.6975 0.837
4 0.225 0.9081
7 0.495 0.6428
6 0.615 0.607
6 0.135 0.1166
4 1.605 1.2845
6 0.5625 0.6217
4 0.78 0.9025
5 1.515 1.5417
7 1.245 1.3754
6 2.1525 2.2154
7 0.7425 0.7327
7 1.635 1.596
7 1.0275 1.116
5 0.3825 0.722
7 2.7375 2.8166
5 0.2925 0.0824
6 0.1425 0.1416
6 2.475 2.3606
5 2.6475 2.3661
6 0.6375 0.5755
6 1.965 1.9416
6 0.3075 0.3585
7 0.375 0.3958
6 1.23 1.1861
6 0.12 0.0795
5 2.775 2.7801
4 0.465 0.8771
7 2.3175 2.2441
6 1.6725 1.5363
7 1.68 1.6195
7 1.365 1.3869
7 1.1775 1.2726
6 0.8925 0.8226
4 2.07 2.1633
6 0.39 0.4265
5 1.215 1.4347
7 2.43 2.6004
5 1.6725 1.6304
6 1.02 1.1694
6 1.0725 1.042
6 2.3175 2.4274
4 1.185 1.0316
5 0.075 0.3029
7 1.335 1.3218
4 1.365 1.2475
4 1.215 1.2942
5 2.2125 2.2034
6 1.9875 1.7473
4 2.5425 2.4526
6 1.575 1.4865
7 1.3575 1.4091
7 1.725 1.7306
6 0.4575 0.4057
7 1.8 1.7538
7 2.7075 2.7235
5 0.21 0.2253
7 2.4525 2.3217
7 1.005 0.8142
6 1.2375 1.37
5 2.34 2.4567
7 1.965 1.8949
6 0.7875 0.7138
5 2.805 2.5799
6 0.3225 0.4044
5 0.9075 0.7597
5 2.67 2.4947
6 2.46 2.2867
4 1.455 1.6843
5 1.5525 1.5791
7 1.4325 1.3704
5 1.3425 1.2919
5 2.3775 2.4662
4 0.315 0.6384
6 2.9175 2.9045
4 2.79 2.3662
6 1.4025 1.6086
5 1.9125 1.8831
7 0.105 0.1325
5 1.6275 1.7115
5 2.5725 2.4357
6 2.655 2.7726
7 2.9475 2.9776
6 1.98 1.9015
4 0.915 1.2803
7 0.0525 0.2377
5 1.665 1.5361
7 0.15 0.0528
7 2.895 2.8488
7 2.4675 2.3958
6 1.38 1.4317
4 0.645 0.8159
5 2.4 2.4245
7 2.52 2.5865
6 0.3075 0.3309
5 0.6675 0.8044
6 1.575 1.711
5 1.38 1.298
7 0.66 0.7614
5 0.1725 0.2171
6 0.645 0.6251
5 1.1025 1.2068
7 0.2475 0.2889
4 1.3575 1.7237
5 2.1975 2.2029
6 2.5725 2.5995
6 2.415 2.4347
6 1.305 1.4587
4 1.3875 1.4464
4 0.9075 1.0238
7 0.96 1.0349
5 2.265 2.2557
4 2.5875 2.6468
6 1.635 1.5291
5 2.6925 2.6494
6 0.525 0.4568
4 0.9825 1.0549
5 1.2825 1.3427
6 2.145 2.3993
6 0.5925 0.6285
5 1.1475 0.9651
5 2.97 2.7448
7 2.6025 2.6445
4 2.505 2.0393
4 2.6775 2.3816
4 0.8775 0.7189
6 1.005 1.0671
7 2.2725 2.2324
4 2.2275 1.9326
7 0.72 0.7494
7 0.1575 0.1036
7 1.695 1.7405
5 2.865 2.7205
4 1.5225 1.7567
6 2.0475 2.029
4 2.5425 2.2936
4 0.9075 1.2283
6 0.06 0.1892
5 1.98 1.7979
6 0.4125 0.5601
7 1.4325 1.3266
6 1.7025 1.5145
6 1.2825 1.1986
6 1.95 1.9525
5 2.37 2.3902
4 0.1875 0.4887
4 1.3575 1.2137
7 0.03 0.0851
6 0.33 0.3638
4 1.38 1.1625
7 0.465 0.4892
7 2.16 2.199
6 0.36 0.5759
4 1.17 1.2686
6 0.1725 0.0575
7 1.65 1.6788
6 1.7175 1.8273
7 1.695 0.5607
4 0.855 0.8464
6 0.3 0.3434
5 0.195 0.3016
6 1.6275 1.4784
6 2.25 2.2208
5 1.785 1.7734
6 2.7075 2.759
6 1.395 1.2964
4 0.3825 0.7444
6 2.7975 2.7091
5 1.8975 1.7993
7 0.495 0.4863
4 0.09 0.375
4 1.965 2.0232
7 2.5125 2.4875
5 2.895 2.8306
4 0.0225 0.8115
4 0.7575 0.404
4 1.335 1.3647
5 2.7375 2.5688
5 2.2725 2.5575
4 0.5475 0.3456
7 1.77 1.6956
5 1.02 1.1212
5 1.2 1.3364
6 0.135 0.0811
7 0.6225 0.5365
6 1.0275 0.9423
4 0.15 0.2259
4 2.61 2.6207
7 2.4525 2.3678
7 1.635 1.614
4 1.83 1.7337
5 2.4975 2.6151
4 2.8125 2.7153
6 1.065 1.0805
6 1.05 1.1828
5 0.8175 0.8246
4 1.2525 1.0072
6 2.5275 2.5459
4 0.165 0.4834
5 1.1325 1.1475
7 0.4425 0.4571
7 2.835 2.8024
6 2.67 2.6888
7 0.0075 0.0758
6 0.555 0.6557
7 1.83 1.6896
6 1.65 1.5467
6 2.5875 2.5074
4 2.1825 1.5311
7 0.0975 0.1972
6 1.4625 1.2688
6 2.6025 2.4606
5 0.9675 0.9832
4 1.7175 1.6346
7 1.9875 1.9582
4 2.1375 2.0191
5 1.95 1.8489
5 0.6675 0.6574
5 2.7675 2.6781
6 2.7075 2.6453
4 2.1675 2.4016
4 1.6725 1.7298
6 1.6725 1.6939
4 1.92 1.6231
6 0.705 0.7908
5 1.9125 1.9744
5 2.9475 2.7539
4 0.375 0.2419
4 2.325 2.1995
7 1.005 0.9541
5 2.7525 2.6853
5 1.875 1.8217
5 0.105 0.3246
4 2.8575 2.601
6 1.2675 1.3373
4 0.525 0.6265
7 1.38 1.3569
4 1.1775 1.1693
4 2.73 2.6003
4 1.5975 1.6249
4 0.975 0.728
4 0.96 0.9582
4 1.215 1.2674
4 2.1 1.831
7 0.3075 0.2723
6 2.31 2.2718
7 0.945 0.8361
7 0.1875 0.3011
7 1.6575 1.6685
7 0.075 0.1507
5 2.9775 2.8096
4 0.0 0.3869
5 1.7325 1.7786
7 0.57 0.6051
4 2.265 2.084
5 2.265 1.9628
6 0.78 0.815
5 1.9125 1.9395
5 1.53 1.6599
5 0.555 0.5714
6 2.0925 2.0948
5 2.46 2.4445
6 2.1825 2.1767
7 2.865 2.8277
4 1.2675 1.1481
4 1.845 1.6022
7 0.4125 0.4778
5 1.9125 1.9026
7 1.845 1.8979
5 0.4275 0.581
6 1.155 1.1482
5 0.5775 0.5475
5 0.615 0.4282
7 0.6075 0.7064
4 1.0875 1.2584
4 1.0125 1.1087
4 2.34 2.4417
6 1.38 1.4084
7 2.955 2.9383
4 2.8125 2.7253
7 0.015 0.0808
7 0.3675 0.4226
5 1.2 1.0321
7 2.2725 2.3397
6 1.4925 1.5029
5 1.1025 1.0694
5 2.4 2.5218
5 2.9325 2.6959
4 1.23 1.0614
6 0.105 0.1711
5 1.5825 1.4369
4 2.415 2.3608
7 0.2025 0.073
6 0.9525 1.0771
4 0.1575 0.2914
6 0.12 0.2659
7 0.57 0.552
6 1.5675 1.6111
4 2.0475 1.9931
5 1.08 1.465
5 1.56 1.5153
5 0.5475 0.3388
4 2.16 1.9178
7 2.4975 2.5621
6 0.915 0.8851
7 1.1325 1.174
4 0.1725 0.2641
6 0.5625 0.7054
6 1.47 1.5603
5 2.1 1.8969
7 2.2425 2.286
5 2.13 2.2155
5 1.2225 1.1984
7 2.385 2.3411
6 1.3125 1.2944
5 0.075 0.1961
5 2.28 2.3442
6 2.1075 2.0851
5 1.4475 1.4353
4 2.0325 1.6429
4 0.21 0.2327
4 2.52 2.5282
7 1.6575 1.5966
6 2.4075 2.417
7 2.985 2.938
6 2.1825 2.0676
4 0.1875 0.3326
5 1.905 1.7929
5 0.135 0.3546
6 0.9 0.9393
4 0.1575 0.3024
7 0.51 0.4753
4 2.415 2.0161
4 0.48 0.3677
4 2.73 2.6764
5 0.69 0.8543
5 1.4775 1.6559
4 1.8 1.7471
5 1.9125 1.7719
5 1.5375 1.3383
5 1.8075 1.7522
4 1.74 1.8688
4 0.1275 0.6208
5 1.47 1.1385
7 1.935 1.9837
5 2.3775 2.3449
7 0.8325 0.8819
4 0.24 0.3459
6 1.725 1.7083
4 0.2175 0.7022
4 0.225 0.5078
5 1.0125 0.8644
7 1.9725 1.8635
4 2.6625 2.4085
5 0.3225 0.4872
7 0.765 0.9066
4 2.28 2.002
7 1.2225 1.16
6 1.4625 1.4853
6 2.2425 2.0865
6 0.2625 0.2439
5 2.13 2.3867
6 2.3175 2.2779
5 2.385 2.4922
4 2.7075 2.1903
5 0.3075 0.2561
5 0.165 0.5037
6 0.0975 0.2043
4 1.9425 2.0597
5 2.0925 2.0184
6 2.8125 2.8704
4 1.4925 1.289
4 1.6725 1.5673
6 0.99 1.0142
7 0.0 0.1177
4 0.015 1.0188
7 0.3525 0.2934
5 0.2475 0.2873
7 1.095 1.0931
7 1.65 1.5116
6 0.4425 0.4989
7 1.935 0.2413
6 1.275 1.3844
4 2.0625 1.8847
7 1.335 1.3746
6 2.88 2.6899
6 1.905 1.844
5 0.39 0.5373
4 2.295 1.758
4 2.37 2.5786
6 1.74 1.8812
4 2.1975 2.1012
5 2.6025 2.3071
6 0.4425 0.4538
7 2.655 2.729
7 2.94 2.9312
5 0.375 0.6145
6 1.98 2.1084
7 1.575 1.5932
7 0.42 0.3945
7 0.885 0.8847
4 2.4525 2.3622
7 2.025 2.0445
5 2.175 2.1563
7 1.3425 1.3539
4 1.095 1.4543
5 1.4025 1.1394
4 2.805 2.1735
4 2.3625 2.0699
7 0.015 0.0764
5 2.9025 2.4585
5 2.73 2.7126
5 1.7475 1.7816
5 2.7075 2.5975
7 1.65 1.7845
6 0.1125 0.3683
4 0.4275 0.5191
4 1.3575 1.638
4 1.005 0.9436
4 1.1175 1.1947
4 2.7675 2.2453
6 1.02 1.0543
6 1.605 1.6947
7 2.52 2.4649
5 1.92 1.8587
7 1.08 0.9632
5 2.1525 2.0355
4 2.715 2.3633
6 1.1775 1.1646
4 1.245 0.8601
7 1.605 1.5446
6 2.9175 2.8563
5 1.5525 1.2
7 0.3225 0.364
6 2.9625 2.9336
4 2.2875 2.1894
4 0.7575 0.6412
5 1.98 2.0834
7 1.275 1.2411
4 1.6575 1.5747
5 0.9825 0.9344
6 0.435 0.66
4 0.825 0.9898
7 0.555 0.6355
6 1.905 1.9438
4 1.05 1.3357
6 1.455 1.368
6 2.3175 2.3074
4 1.095 0.8962
7 2.58 2.5905
5 0.5175 0.447
5 1.83 1.9963
6 0.4875 0.3836
4 2.7975 2.6647
4 0.405 0.374
7 0.495 0.5473
6 0.0225 0.033
6 1.845 1.7672
7 1.92 1.9256
6 1.5525 1.5797
4 1.395 1.5552
4 1.41 1.0231
7 0.2775 0.3647
6 1.4775 1.5325
4 2.3625 2.5929
4 1.965 1.8632
6 1.92 1.9363
7 1.23 1.284
5 2.6625 2.7337
4 0.8175 1.2033
6 1.785 1.7318
6 1.6875 1.5738
6 0.4875 0.5043
7 1.35 1.214
5 1.7775 1.5331
6 1.4475 1.3864
4 1.6875 1.4107
7 1.125 0.9886
7 0.2475 0.2615
6 2.085 2.0331
4 1.47 1.3602
5 1.5075 1.3915
5 0.03 0.2099
7 2.835 2.8874
5 0.48 0.7104
4 0.39 0.4425
6 0.8625 0.862
4 2.67 2.4293
6 1.1475 1.1476
7 1.38 1.3133
6 1.9275 2.1959
4 2.6925 2.3501
5 2.9175 2.7051
6 1.665 1.6434
6 1.2375 1.3491
4 1.5225 1.5443
4 0.63 0.8221
7 2.49 2.4839
6 0.0525 0.2327
6 0.7875 1.1356
5 0.9675 1.2172
7 2.325 2.2876
7 1.425 1.2718
4 0.78 0.9799
7 1.5075 1.3828
4 1.1475 0.9366
6 0.09 0.1508
5 2.3175 2.3967
6 0.5325 0.5394
7 0.5175 0.6493
5 2.2725 2.2776
6 1.8075 1.8639
6 2.6475 2.6628
7 1.05 1.1049
6 0.4575 0.4506
6 0.885 0.8656
7 2.5425 2.6121
6 2.2125 2.065
4 0.5475 0.5997
7 0.9825 0.8663
6 0.045 0.1713
7 1.62 1.55
5 0.2025 0.3289
7 0.5775 0.5985
6 1.2975 1.3607
4 2.325 2.3951
5 2.58 2.3864
4 2.205 1.9913
5 0.51 0.6402
6 0.135 -0.0069
5 2.2575 2.089
4 0.6 0.9797
7 1.6125 1.5843
4 0.495 0.6915
7 1.8675 1.9683
7 1.8675 1.9088
7 1.365 1.3948
6 0.9075 0.9906
5 0.99 0.8224
6 0.0225 0.0979
6 1.9725 1.9312
7 0.0525 0.1064
7 2.5575 2.3887
6 1.8825 1.8802
7 1.9275 1.9865
7 2.505 2.479
6 1.0725 0.8788
7 1.68 1.6041
7 0.1875 0.2757
6 1.29 1.3217
6 0.525 0.4865
6 1.8825 1.8177
7 1.4025 1.3581
6 0.4425 0.6133
7 2.3025 2.2711
5 2.745 2.5835
6 1.605 1.6749
7 2.1075 2.1797
7 1.4175 1.2911
4 0.6525 0.8973
4 1.8375 1.6041
4 1.53 1.5165
6 2.475 2.5407
4 2.655 2.4605
7 2.895 2.8888
7 0.3075 0.2294
7 2.055 2.0006
4 0.5625 0.7955
7 2.6625 2.5261
6 1.4625 1.4688
4 2.685 2.2505
6 0.765 0.8856
7 0.7575 0.7669
5 2.325 1.9716
7 1.1025 1.1212
4 1.425 1.4558
4 0.1275 0.2691
5 0.7575 0.8625
4 2.1 1.7589
6 2.3175 2.3365
4 1.65 1.6435
4 1.1325 1.2014
5 1.47 1.6568
6 1.59 1.6596
6 2.3775 2.4376
5 1.9275 1.9035
6 0.1575 0.3663
7 1.5075 1.3591
4 0.15 0.2561
6 0.6825 0.6317
7 0.345 0.2287
4 0.225 0.3268
5 1.77 1.8987
5 2.6775 2.5987
4 0.795 0.3679
5 1.7325 2.0274
6 1.59 1.6475
4 0.33 0.9457
6 2.34 2.4232
7 1.9125 1.8687
7 1.725 1.7599
5 2.5125 2.2698
7 1.0875 0.9727
4 2.325 2.0392
6 2.5575 2.3565
7 1.6425 1.6424
5 1.89 1.798
5 1.1925 1.6044
7 0.5175 0.4743
4 0.9075 1.2253
7 1.02 1.1357
7 1.77 1.6754
6 2.6175 2.5315
5 1.2675 1.1642
7 0.6075 0.7109
7 2.265 2.2871
6 2.46 2.5841
4 1.0125 1.0767
7 2.1975 2.2912
5 0.2925 0.1855
6 2.7375 2.7193
5 1.7175 1.5657
4 2.8575 2.3803
7 1.8 1.8451
5 1.2525 1.0992
7 1.59 1.6552
6 2.52 2.459
6 2.4 2.4497
6 0.1875 0.2668
4 1.6425 1.9132
7 2.52 2.4806
6 2.7075 2.7961
7 2.22 2.3026
4 2.3325 2.2411
4 0.12 0.3602
5 0.3975 0.5342
6 2.055 2.0152
4 1.26 1.1705
5 1.485 1.8692
5 0.45 0.7765
7 1.38 1.3737
5 0.405 0.3665
5 2.91 2.62
5 1.4175 1.4896
6 1.305 1.0945
7 0.3975 0.4653
7 2.8875 2.7816
7 0.0075 0.1022
7 0.8025 0.8332
4 1.2975 0.9901
4 0.2475 0.4618
5 0.0825 0.0296
7 0.8925 0.8076
5 2.91 2.8007
6 2.8725 2.8791
4 0.585 0.6627
5 2.145 2.1522
6 0.66 0.6808
4 1.32 1.2029
7 2.355 2.3953
4 1.0275 1.6239
5 1.65 1.5575
5 0.9975 1.2218
7 1.0875 1.0834
6 0.6225 0.6499
5 0.9825 1.1601
5 1.7625 1.6356
4 0.2775 0.7407
4 1.7775 1.8821
7 1.11 1.0705
4 2.715 2.4884
5 1.425 1.5698
7 2.3925 2.5372
5 2.9925 2.8697
4 0.8625 1.2724
5 1.3725 1.6165
6 1.9575 2.0168
4 1.365 1.2035
7 2.04 2.0755
4 1.275 0.9587
5 2.0925 1.8568
7 2.895 2.8364
6 1.59 1.6011
7 2.5125 2.5332
6 2.5425 2.6674
6 0.0675 0.2491
4 1.9275 1.9896
6 0.5625 0.7124
7 2.0925 2.0799
5 0.7575 0.9621
7 2.9925 2.9293
5 0.8925 0.8594
4 1.26 1.4281
4 1.5375 1.6659
7 1.905 1.8605
7 2.7825 2.8723
6 1.1025 1.1117
4 0.1875 0.2933
7 2.2125 2.2282
5 2.58 2.1937
5 1.4325 1.3858
6 1.74 1.8101
6 0.405 0.5738
5 0.9225 1.0352
4 0.465 0.991
7 1.065 1.0941
7 2.5725 2.6026
7 0.105 0.0219
6 2.2725 2.2978
5 1.1775 0.9344
6 0.69 0.6832
4 2.6025 2.5412
5 0.96 1.0603
5 2.7975 2.5808
4 2.595 2.668
6 1.845 1.9116
5 2.9625 2.7052
5 2.895 2.8516
6 1.185 1.3192
4 1.56 1.6811
5 1.4925 1.7525
5 1.71 1.7455
5 2.91 2.8417
4 2.0325 2.0671
5 1.1025 1.2137
5 2.8425 2.714
6 2.685 2.5828
5 0.8325 0.9277
7 2.355 2.2901
6 1.8075 1.8503
7 0.5775 0.56
7 1.3425 1.523
7 2.07 2.0513
4 1.68 1.4968
6 2.1975 2.3758
6 2.5275 2.4671
6 1.605 1.7053
4 0.75 1.0358
6 2.6325 2.6169
5 1.365 1.2042
5 2.025 1.9823
7 2.3775 2.2937
5 0.7875 0.6615
4 1.32 1.4297
5 1.7325 1.7524
6 1.1925 1.2265
4 0.975 1.2163
5 1.1175 1.1354
4 1.53 1.3135
6 1.845 1.8013
4 0.0525 0.489
5 2.3175 2.2078
5 2.76 2.5247
5 1.98 2.0315
6 0.3825 0.4042
4 2.55 2.2934
4 0.24 0.4118
6 0.4125 0.3166
6 2.8875 2.8779
6 0.4425 0.3773
6 1.95 2.071
4 2.2125 2.0062
5 0.3525 0.4749
7 1.6275 1.5345
7 1.3125 1.2452
6 1.0725 0.9618
5 0.195 0.394
6 2.355 2.3051
4 2.5575 2.5351
6 2.4075 2.4054
6 2.505 2.7011
6 0.0675 0.1254
5 0.7425 1.0363
5 0.3825 0.3409
7 2.34 2.3842
4 1.56 1.4351
5 2.0925 1.8368
4 2.97 2.5777
5 2.505 2.4204
4 1.7475 1.4623
7 2.025 2.1553
4 0.315 0.2673
5 2.7975 2.6274
7 2.37 2.4984
5 1.8975 1.8194
6 1.95 2.0332
5 2.2725 2.5379
5 1.11 0.9765
4 1.2975 1.2732
7 2.46 2.4403
6 1.5825 1.5592
7 1.6575 1.7005
7 0.375 0.3407
4 2.9775 2.5829
7 0.375 0.278
4 1.005 1.2077
6 0.465 0.5821
6 0.3225 0.3619
4 0.8325 1.2374
4 1.845 1.5757
4 2.6325 2.6652
7 2.49 2.3934
7 0.7125 0.6855
6 0.21 0.3884
6 1.8075 1.7801
7 1.3875 1.4329
5 0.1275 0.3056
7 2.055 2.0772
6 2.8275 2.8054
5 0.2175 0.3361
6 2.355 2.2592
6 0.8625 0.9007
4 1.8975 1.9319
4 0.6075 0.3955
5 0.8775 1.1718
7 0.81 0.8096
4 0.54 0.7448
6 1.335 1.3579
5 1.9875 1.8357
6 2.64 2.7686
7 1.71 1.7456
7 1.7925 1.6939
6 2.505 2.3803
7 0.8625 0.7585
7 1.86 1.883
5 0.315 0.4106
4 0.21 0.572
7 1.6875 1.6652
6 2.865 2.9031
7 1.3425 1.2513
6 2.82 2.8494
4 2.0475 2.0155
6 2.0775 2.0275
7 0.945 1.0587
6 2.1075 2.0906
4 0.975 0.6921
4 1.83 1.5346
6 2.325 2.3193
5 1.26 1.2334
5 0.4125 0.6297
6 1.755 1.7756
5 0.9375 1.2306
5 0.4125 0.3419
4 1.7475 1.8104
7 0.855 0.7494
6 0.6975 0.6278
7 0.3525 0.31
7 2.4 2.3375
4 1.1025 0.9075
6 0.345 0.2502
7 2.2425 2.298
5 0.9375 0.9023
5 1.2075 0.999
4 2.8575 2.402
4 2.4825 2.1821
5 2.715 2.2104
7 2.445 2.4774
6 0.54 0.5569
5 0.465 0.7297
7 0.435 0.5171
4 0.27 0.4258
4 1.2675 1.2541
4 1.2075 1.5235
6 0.06 0.0925
4 2.4825 2.2865
4 2.1375 1.9488
7 2.4525 2.4204
5 0.4425 0.5183
6 1.395 1.3154
6 2.0175 1.9203
4 1.1775 1.4472
4 0.8925 1.2805
4 0.4275 0.7172
4 2.4825 2.3853
7 2.745 2.7552
7 0.045 0.1203
6 2.28 2.1667
5 0.7125 0.5696
6 2.5125 2.4956
5 0.4725 0.5716
5 1.3725 1.6263
4 0.6525 0.2741
7 0.9975 1.0175
5 0.5925 0.3411
7 0.435 0.5665
6 0.7275 0.8074
6 1.2675 1.1257
5 1.62 1.3673
7 2.175 2.1695
5 1.545 1.6322
6 1.0875 1.252
5 1.4025 1.5577
7 1.4625 1.4416
7 2.9025 2.8631
4 2.235 2.1204
6 1.5975 1.453
4 0.555 0.2693
5 0.195 0.1592
4 1.635 1.5397
5 0.4125 0.237
5 1.965 2.0317
5 2.6025 2.6004
6 2.5875 2.4773
7 2.055 1.9755
5 1.8825 1.7875
5 1.905 2.0237
7 1.2375 1.3147
5 0.465 0.5172
4 0.225 0.6901
5 0.315 0.3643
4 1.9725 1.5348
5 2.805 2.4496
7 0.6525 0.647
6 0.2625 0.2963
4 2.3925 1.9414
7 0.4125 0.3694
5 2.8575 2.805
7 0.96 1.0159
7 1.62 1.6574
4 0.63 1.0286
5 1.2075 1.2311
4 2.2575 2.2009
4 0.69 0.7906
7 0.135 0.1902
4 1.8825 1.5711
5 0.5475 0.4032
6 0.105 0.1612
6 2.52 2.3533
7 1.8075 1.7736
5 2.775 2.4969
5 2.9925 2.6207
7 0.7875 0.7036
5 0.9375 0.9243
7 0.5175 0.5478
6 2.3475 2.2685
5 1.995 2.0907
7 0.2925 0.3672
5 1.125 1.7078
4 0.0675 0.4233
4 1.08 1.222
5 1.095 1.1825
6 0.42 0.5198
4 2.0025 1.8745
7 0.51 0.517
6 0.7425 0.747
7 2.0925 2.0121
5 2.04 1.9967
7 1.9425 1.9621
4 0.8475 0.765
4 2.415 2.383
7 2.775 2.7995
5 1.8825 1.8529
5 0.36 0.7116
4 0.75 0.57
6 1.7775 1.6464
4 0.105 0.3085
5 2.715 2.8132
5 1.44 1.2581
5 1.3275 1.2746
5 0.66 0.908
6 2.9625 2.8805
6 2.7 2.6081
4 0.3525 0.3733
5 0.3825 0.586
7 1.4775 1.4135
4 1.1475 1.2888
4 1.08 1.38
7 1.35 1.3887
4 1.995 2.261
7 0.1425 0.1556
7 1.125 1.2102
4 1.74 1.9307
7 0.6225 0.5855
5 1.695 1.753
4 2.49 2.146
4 1.4175 1.6106
7 0.6075 0.5953
4 1.605 1.8752
7 2.3475 2.286
7 2.895 2.8813
6 1.725 1.5048
4 2.49 2.5419
5 1.7325 1.6366
7 1.065 1.1425
5 0.5175 0.5167
6 0.5625 0.5842
4 0.36 0.9409
5 1.905 1.8282
6 1.905 1.9751
5 2.4375 2.1949
6 2.8425 2.7647
4 2.415 2.3031
7 0.6525 0.7376
5 1.7925 1.4255
7 2.205 2.264
7 0.9675 0.9541
7 1.5525 1.5673
4 2.775 2.4765
5 0.6 0.7438
4 1.14 0.8847
4 0.1575 0.648
6 2.6025 2.6975
4 0.3375 0.269
7 0.465 0.5652
6 0.99 0.9159
4 0.18 0.5546
5 1.7775 1.4694
5 2.6625 2.6927
6 1.92 1.2788
6 0.5775 0.4353
6 2.3325 2.4629
7 2.04 1.9139
5 0.4275 0.4986
6 1.7475 1.6654
4 1.89 1.826
7 0.105 0.0936
6 1.2 1.1444
7 2.5425 2.4557
7 1.125 1.0752
5 2.1 2.1715
4 2.7225 2.7305
6 2.2875 2.4536
7 2.535 2.4364
5 1.89 1.7551
7 2.5575 2.5398
4 0.6375 0.9425
5 0.3525 0.5062
7 1.3575 1.4296
4 0.21 0.5374
5 1.3425 1.2725
6 1.5 1.3641
5 0.27 0.4965
4 2.595 2.602
7 2.3625 2.4761
4 2.355 2.4728
5 0.375 0.3917
5 1.3425 1.5936
5 0.2925 0.21
5 0.4425 0.5751
5 1.5225 1.6183
6 0.9375 0.9968
5 1.7475 1.9605
4 2.43 2.2244
5 1.17 1.5079
4 2.79 2.4019
5 0.825 0.7975
7 2.25 2.3373
4 1.53 1.2624
6 1.455 1.6247
4 0.6525 0.7405
5 1.1325 1.2894
7 2.7075 2.5354
4 1.1025 1.2784
5 0.0975 0.2946
5 2.4375 2.4639
5 1.095 1.0093
4 2.7675 2.4842
4 0.4275 0.4972
6 1.005 1.0371
4 1.9275 1.6815
6 0.84 0.7908
6 1.2075 1.1807
6 0.84 1.13
7 0.765 0.8484
6 1.0725 1.194
6 0.18 0.3107
6 1.725 1.727
5 2.0325 1.9049
4 2.6025 2.3221
5 0.4125 0.6182
5 2.4375 2.3345
6 1.4775 1.301
6 0.63 0.5598
7 2.28 2.2791
6 2.4525 2.405
6 2.2875 2.3216
7 1.65 1.7366
5 0.915 1.0949
7 1.9425 1.8705
7 2.3025 2.332
6 1.815 1.7345
6 1.4175 1.5653
4 1.515 1.551
4 0.18 0.7212
6 2.385 2.157
6 2.835 2.8211
5 2.6625 2.6189
5 1.995 2.2848
7 1.1325 1.2796
4 1.845 1.9892
4 1.38 1.0665
7 0.8625 0.8873
6 0.2025 0.2573
6 0.1575 0.1091
7 2.37 2.2657
4 2.4675 2.0377
7 1.365 1.2895
4 2.9325 2.5681
6 2.5425 2.5726
4 0.2925 0.4433
5 2.5125 2.1816
4 0.81 0.7924
6 2.8725 2.7871
4 1.4025 1.6282
4 0.15 0.563
7 2.4075 2.3625
4 1.3575 1.7888
6 0.225 0.1994
4 1.8375 1.6537
6 0.06 0.0227
6 0.1575 0.0969
5 0.405 0.5964
4 0.06 0.5744
6 1.23 1.1689
4 1.53 1.7603
6 2.6475 2.647
7 1.2975 1.1224
5 1.185 1.4316
5 1.23 1.1869
6 0.9075 0.9387
5 2.76 2.9186
6 2.85 2.6424
7 2.16 2.0215
6 2.4225 2.4968
7 1.5525 1.5244
4 1.74 1.7516
6 1.89 1.8257
7 2.9775 2.8795
7 0.6825 0.7091
7 1.05 1.0384
7 1.275 1.3354
7 0.21 0.2331
7 2.7075 2.7327
6 0.045 0.055
6 0.36 0.2165
5 2.5125 2.2458
7 1.605 1.5354
4 1.1175 1.4837
7 0.1425 0.04
7 1.455 1.4403
5 0.4275 0.2686
5 2.04 1.8225
5 2.52 2.3297
5 2.97 2.7581
6 0.6825 0.648
7 0.9375 1.0042
6 0.435 0.3102
5 0.8175 0.7413
4 2.955 2.7557
4 2.2275 2.1753
4 0.795 0.9316
4 2.07 2.1734
7 2.07 2.0979
4 2.5575 2.6634
6 2.1075 2.0814
7 0.645 0.75
5 0.0675 0.1881
5 1.95 2.0443
6 0.2775 0.3531
6 0.0675 0.08
4 2.58 2.595
7 2.025 1.9924
5 0.7125 0.663
4 1.8075 1.9094
6 0.7575 0.8825
6 1.935 1.8474
5 0.06 0.248
6 0.075 0.1398
6 2.4375 2.4785
4 1.6875 1.7646
4 1.8825 1.9157
6 2.085 2.0403
6 1.17 1.2194
4 2.8125 2.6031
4 0.63 1.1753
7 2.175 2.0874
6 2.16 2.1258
7 2.37 2.3643
7 1.005 0.9151
7 2.895 2.9353
5 1.8375 1.6858
6 1.77 1.7119
6 0.48 0.4555
4 2.5125 2.0785
6 1.5075 1.6369
6 2.58 2.6771
6 1.6425 1.6859
4 1.9425 2.1114
4 1.3575 1.4355
7 0.6375 0.5586
6 2.8575 2.9212
4 1.74 1.6255
5 2.835 2.511
5 0.1875 0.2111
5 1.29 1.4221
6 2.7975 2.6875
7 0.8325 1.0011
7 2.0475 2.1326
4 0.9075 0.8402
6 0.7875 1.0139
6 2.8125 2.6915
4 0.9525 0.7993
5 1.785 1.8834
7 1.695 1.5571
5 2.0175 2.1813
7 2.6325 2.6727
4 0.0375 0.2937
4 1.44 1.5862
6 1.4325 1.4496
5 2.43 2.3781
6 1.53 1.538
5 1.5075 1.5531
5 2.97 2.6956
7 2.8125 2.7015
5 0.375 0.5477
5 0.15 0.1952
5 0.81 0.9196
4 2.655 2.3158
4 1.005 1.1226
5 0.2625 0.5228
5 0.8625 0.9437
5 0.0075 0.2288
5 0.66 0.8164
5 1.575 1.7847
4 1.9425 1.8593
4 0.5625 0.8676
5 1.83 1.6852
7 1.7175 1.7087
7 1.2675 1.1942
6 2.61 2.5665
4 1.7175 1.1688
5 2.9025 2.7
5 1.695 1.5708
5 0.1275 0.262
6 1.6575 1.6568
4 2.5725 2.2841
5 0.0975 0.2346
7 2.3025 2.2825
5 2.775 2.8504
6 0.375 0.3393
7 0.5175 0.5807
4 1.9875 1.5212
7 2.0775 1.9634
6 0.42 0.3143
7 1.4175 1.4511
4 1.6725 1.4568
4 2.1825 2.1494
4 2.535 2.6241
5 1.515 1.6135
5 1.23 1.0143
4 2.5125 2.3563
6 0.9225 0.9323
5 1.95 1.6273
5 2.385 2.009
6 2.19 2.0606
5 2.6325 2.4882
6 0.5325 0.5473
7 0.6825 0.7286
4 1.4625 1.1918
4 0.2775 0.4784
6 1.245 1.2879
7 2.535 2.5331
7 0.57 0.4688
5 0.075 0.3575
4 0.4725 0.6649
5 1.3575 1.3386
6 1.71 1.5357
5 1.155 1.0638
7 2.1525 2.0468
7 0.225 0.1895
7 0.93 0.8991
5 1.14 1.343
7 2.2125 2.2484
6 2.2725 2.1512
6 1.08 1.0533
5 1.59 1.5595
6 0.6675 0.6847
4 1.5825 1.1295
6 1.3575 1.1114
4 0.795 0.8479
5 2.7675 2.8269
5 1.6725 1.8015
7 1.395 1.2922
5 0.0075 0.1356
6 1.7475 1.8126
5 2.1375 2.1508
4 0.4425 0.6649
5 1.2975 1.333
4 0.195 0.4227
6 2.5275 2.6227
5 2.475 2.6337
6 0.225 0.1116
6 2.8425 2.5803
7 2.205 2.1898
4 1.5675 1.6561
7 2.3325 2.4178
5 0.855 0.8514
6 2.565 2.6796
6 1.4625 1.6401
4 2.0775 1.8737
6 2.1375 2.2407
6 0.27 0.2597
5 1.4025 1.445
5 1.575 1.3342
5 1.29 1.338
7 0.8625 0.7241
4 1.005 1.1086
6 2.055 2.0052
5 0.54 0.5025
4 1.2375 1.2731
6 2.94 2.8273
5 1.1325 1.0109
5 2.7825 2.7061
6 2.865 2.8235
7 0.8175 0.9186
4 2.58 2.3843
4 1.41 1.2989
4 0.195 0.2848
6 0.045 0.1114
5 2.1375 2.3984
7 2.475 2.2887
6 2.67 2.7217
4 1.6425 1.8142
7 1.8975 1.863
7 2.565 2.6181
4 1.545 1.5338
7 1.6275 1.6211
4 2.0025 2.3106
4 1.5675 1.5574
5 2.8875 2.7172
5 1.5675 1.5434
5 1.095 1.1441
6 2.625 2.5223
4 1.6425 1.5318
5 2.31 2.2713
5 0.0525 0.2978
6 2.895 2.8194
6 0.9975 0.9873
7 2.82 2.6805
5 0.2025 0.2003
7 2.9925 2.7952
5 0.9825 1.1761
7 2.9625 2.7559
5 2.775 2.5965
7 0.9825 0.9418
5 0.465 0.6274
5 2.9775 2.7913
6 2.235 2.2046
6 1.155 1.0902
6 0.9675 0.9183
5 0.18 0.3367
5 2.415 2.3472
5 0.495 0.496
6 0.3075 0.5111
7 1.2 1.2483
7 2.385 2.4899
4 1.305 1.8463
5 0.6675 0.5501
4 0.2025 0.5381
7 2.4 2.3742
7 2.8425 2.7657
6 2.5725 2.6167
7 0.6975 0.6799
5 2.4075 2.5012
4 2.31 2.1237
5 1.305 1.4201
5 2.9475 2.7352
5 0.78 0.7599
7 1.665 1.6393
5 2.745 2.8784
4 2.1975 1.8777
4 2.865 2.3642
6 0.6225 0.6658
5 0.0 0.2148
7 2.115 2.1085
4 0.465 0.4316
5 1.68 1.8454
7 1.6125 1.5831
5 0.0375 0.2495
7 1.68 1.7519
5 2.2575 2.2366
5 1.8225 1.5958
4 2.985 2.6192
7 2.4 2.2258
7 1.68 1.6567
7 2.7975 2.7956
4 1.8675 1.8109
7 0.8625 0.8532
6 0.6975 0.7999
6 0.975 1.0162
7 0.405 0.3883
7 1.2975 1.225
6 0.525 0.5808
4 0.7275 1.0288
6 0.9375 0.9554
5 1.8 1.7283
7 2.3175 2.2517
6 0.81 0.7296
5 0.06 0.2568
5 1.6275 1.6222
7 1.7175 1.7538
6 0.435 0.664
5 0.66 0.7363
4 0.54 1.0251
4 1.365 1.8552
6 0.72 0.7214
5 2.595 2.481
4 1.2225 1.0947
7 0.3 0.309
6 2.685 2.7806
7 0.9975 1.004
4 0.615 0.6708
7 1.425 1.505
6 0.675 0.6997
7 1.47 1.5501
7 0.39 0.4066
5 1.6575 1.7441
4 1.7475 2.0878
5 1.89 1.8292
5 0.225 0.2408
7 1.0725 1.0511
5 1.2075 1.4279
5 1.3575 1.3739
7 0.6675 0.5923
4 0.6375 1.3489
5 0.42 0.6656
7 0.0975 0.0724
5 2.7825 2.6803
7 0.6675 0.6202
7 0.21 0.3145
4 2.6625 2.4067
6 1.4325 1.4168
7 2.1075 2.1629
4 2.175 2.2923
6 2.4375 2.3563
6 0.9 0.8549
7 2.1 2.0544
7 2.16 2.1714
6 2.0175 1.9774
6 1.545 1.6145
6 0.375 0.6526
7 0.2475 0.3087
5 1.98 2.222
7 0.0525 0.1162
5 1.9125 1.9003
6 1.935 1.9366
7 1.545 1.5488
6 2.3625 2.4423
5 1.71 1.6045
7 2.7675 2.7484
6 1.05 0.986
5 1.4775 1.6716
7 1.26 1.1559
5 0.9075 0.6705
6 1.4625 1.4969
6 0.8925 0.9169
4 1.035 1.0609
6 1.4775 1.522
7 0.855 0.7683
6 1.0725 1.057
5 1.02 0.9941
7 0.0825 0.1041
5 2.88 2.854
7 1.68 1.5821
5 2.34 2.4147
6 2.58 2.5857
5 2.5875 2.6278
5 2.7225 2.8139
4 0.93 0.7898
5 0.5325 0.4705
5 0.8475 0.8552
6 1.77 1.9837
4 1.0725 1.0493
4 1.02 1.1419
7 0.8175 0.7235
6 1.1025 1.0562
5 0.975 0.8017
7 1.4625 1.4174
7 2.0025 2.1014
4 0.5175 0.8648
6 1.4025 1.3732
6 2.3625 2.3318
4 1.92 2.0119
4 2.7225 2.6089
5 2.8875 2.8332
5 0.03 0.2245
6 0.1575 0.1923
6 0.285 0.4022
7 0.2025 0.204
5 2.985 2.8769
4 2.9025 2.315
7 2.91 2.8347
4 1.125 1.4554
4 0.0 0.5251
7 2.1675 2.1212
7 1.485 1.4964
5 1.29 1.171
4 2.8275 2.5222
6 1.545 1.5951
7 1.9875 1.931
6 1.485 1.4986
7 1.5375 1.5225
7 2.46 2.5158
4 0.4425 0.5874
5 1.3425 1.4631
4 2.43 2.3276
7 0.405 0.5294
6 2.7525 2.6745
5 2.865 2.7961
5 0.255 0.0467
5 0.7875 0.8524
6 2.04 1.8887
6 1.605 1.6173
7 2.1 2.1325
4 2.1 2.156
5 1.7475 1.6937
6 0.6525 0.7755
6 2.6775 2.5071
7 2.145 2.1363
4 0.2925 0.7565
7 0.045 0.1717
4 2.6625 2.6234
7 0.105 0.0274
7 1.0275 0.9466
7 0.6525 0.8189
6 0.5925 0.658
6 1.2 1.2097
4 0.2475 0.4483
7 1.05 1.095
4 1.5375 1.3974
7 0.5325 0.5219
7 1.32 1.2101
7 0.18 0.0798
7 2.46 2.4676
7 1.6875 1.6815
4 2.07 2.0488
4 0.09 0.7868
4 1.935 1.8539
7 0.03 0.1675
7 1.755 1.6284
6 2.1525 2.093
5 1.1625 1.2009
6 2.445 2.3615
5 1.29 1.3008
4 1.5075 1.3225
4 0.99 0.6647
6 1.215 1.101
7 0.96 0.9482
4 0.5625 0.8722
7 0.1275 0.1395
6 1.3575 1.3245
6 1.095 1.1855
5 2.49 2.3982
6 0.525 0.4062
4 2.76 2.6206
7 1.1925 1.1853
7 1.47 1.4453
5 0.255 0.4376
7 0.225 0.273
7 1.35 1.4042
6 0.495 0.7
7 0.8625 0.8643
7 0.8625 0.9318
4 0.2325 0.9056
7 1.575 1.5248
4 1.8225 1.5704
5 2.6475 2.6415
5 1.5075 1.6106
5 0.0525 0.1784
4 0.315 0.4666
7 1.7625 1.8032
5 2.9475 2.778
7 1.875 1.831
5 2.5875 2.4342
4 1.5 1.2983
4 0.3225 0.6786
5 0.4425 0.4316
4 0.72 0.956
4 2.625 2.7153
5 1.71 1.6239
5 1.6875 1.7175
5 2.3175 2.2616
7 0.855 0.7789
5 0.1275 0.5635
4 0.63 0.6428
6 1.86 2.0455
7 2.85 2.888
7 1.95 1.7644
4 0.525 0.4662
5 1.5525 1.4216
4 1.7475 1.854
4 0.0075 0.3353
6 2.625 2.7331
4 0.585 0.5319
6 0.42 0.4484
7 0.45 0.3582
7 1.035 1.0315
5 0.7275 0.9371
7 0.465 0.5651
4 0.9525 1.1851
5 0.57 0.8406
4 1.65 1.2653
5 1.5525 1.313
4 0.39 0.5395
7 1.56 1.4968
5 0.675 0.7594
5 1.3125 1.2081
7 1.6725 1.5794
5 1.9425 1.7567
7 0.3675 0.3008
5 0.3525 0.3866
5 1.185 1.1676
6 0.855 0.9437
4 0.1575 0.497
5 1.785 1.89
6 2.025 2.1165
5 2.475 2.6549
6 0.75 0.7732
7 0.435 0.3791
6 2.655 2.6352
6 2.9775 2.9365
6 1.11 1.3724
4 1.275 0.9572
4 0.8175 0.8898
7 0.0825 -0.008
6 2.2275 2.1986
7 1.9725 1.8958
6 2.6175 2.6346
7 0.18 0.1401
6 0.0525 0.1155
5 2.7075 2.58
6 1.9125 1.9247
4 1.4325 1.2913
7 2.745 2.666
7 0.7575 0.8835
6 2.5275 2.4243
7 1.9575 2.0025
4 0.96 1.2374
6 1.6575 1.5117
6 0.84 0.8174
7 2.8725 2.8752
6 2.0775 2.1712
7 2.4825 2.4127
5 0.06 0.143
7 1.32 1.2661
6 0.51 0.4815
7 0.7875 0.7822
6 1.755 1.5252
4 0.9675 0.7464
6 0.465 0.2879
7 2.4 2.4065
5 2.3025 2.1146
6 2.5575 2.5424
5 2.715 2.5012
5 0.2625 0.4933
5 2.7975 2.7872
7 1.575 1.548
4 2.79 2.5054
4 0.99 0.8527
6 2.625 2.4292
5 2.37 2.421
4 2.565 2.169
6 0.3 0.3016
4 2.325 2.0954
7 2.28 2.2772
6 2.9775 2.9148
7 1.575 1.5866
6 1.6575 1.698
4 2.7675 2.691
4 0.8475 0.8885
7 0.945 0.9905
5 2.6625 2.8051
6 1.7775 1.7168
4 1.29 1.112
5 0.675 0.7839
5 0.3825 0.3949
4 2.625 2.0311
4 2.5725 2.0128
4 0.3825 0.7497
7 2.9625 2.863
4 0.9675 1.1778
4 2.5275 2.311
5 1.845 1.6311
4 1.26 1.627
5 0.5475 0.753
7 0.675 0.8007
7 1.0875 1.077
4 1.8675 1.9475
4 1.9275 2.1028
6 2.7825 2.6832
6 1.47 1.4111
5 0.18 0.1821
6 0.7725 0.782
4 1.71 1.8976
4 0.795 0.6846
5 0.8175 0.8816
6 0.8625 1.0223
7 1.5 1.5607
5 1.17 1.3955
6 0.195 0.2483
7 1.8225 1.8107
5 2.415 2.4002
4 1.755 1.9876
7 1.155 1.086
5 2.8575 2.7402
7 0.1425 0.2748
4 0.3825 0.5967
6 1.59 1.705
7 1.755 1.7379
7 2.565 2.5535
7 0.645 0.6043
4 2.67 2.3709
7 2.265 2.2827
6 0.585 0.6732
6 1.845 1.8141
5 0.5025 0.4956
6 0.3075 0.3088
4 0.2475 0.4018
4 2.7825 2.6258
7 0.8325 0.6908
5 2.4975 2.6911
5 2.895 2.8525
4 0.2775 0.5144
5 1.365 1.3875
6 2.8275 2.639
4 2.0475 2.0049
7 0.3375 0.2798
6 1.545 1.5018
4 0.6075 0.7905
6 1.77 1.7529
4 1.2 1.036
6 1.0875 1.2619
7 2.895 2.8743
5 2.8725 2.804
7 1.545 1.473
5 1.2525 1.4524
4 0.93 0.7051
7 0.33 0.3316
4 2.1225 1.6627
5 2.835 2.7932
5 0.0675 0.2559
5 0.4875 0.4032
4 0.3525 0.4087
4 1.515 1.3178
7 0.7575 0.7416
4 0.6975 0.6035
6 1.2825 1.2333
7 0.03 0.0782
4 1.1325 1.3815
5 2.16 2.1879
4 0.825 0.9379
6 2.73 2.8072
5 2.4075 2.1029
6 2.04 1.9104
4 1.6125 1.5776
6 1.32 1.2425
4 1.425 1.4283
7 1.215 1.3657
7 2.64 2.5143
4 2.9025 2.6105
4 2.61 2.706
6 0.5325 0.3401
7 0.4725 0.5477
4 2.445 2.6225
4 1.9875 1.965
5 2.535 2.4513
6 1.845 1.6663
7 0.12 0.0999
7 2.775 2.7452
5 1.26 1.1667
5 2.5725 2.6499
4 1.8525 1.7791
4 1.0425 1.1864
5 0.6225 0.5941
5 2.97 2.859
5 1.7025 1.6405
6 2.145 1.9268
4 1.26 1.2424
5 2.6775 2.5871
4 0.255 0.3026
5 2.535 2.1468
5 1.665 1.9
7 1.4175 1.4437
6 1.995 2.2316
4 2.7975 2.6317
6 2.7375 2.847
5 0.885 1.0276
5 2.2575 2.3487
7 0.585 0.521
7 1.1775 1.1237
5 0.3225 0.5016
5 2.8875 2.7974
6 2.625 2.7609
4 0.3675 0.6713
4 2.9325 2.4513
7 2.9925 2.8405
5 0.075 0.4672
4 0.7125 0.7304
7 1.7925 1.7495
6 1.7475 1.6948
4 2.355 2.093
5 0.0375 0.2022
4 0.3525 0.6505
5 2.2125 2.0651
4 2.9925 2.5417
5 2.6625 2.7144
7 0.72 0.6649
5 0.2925 0.6385
7 1.14 1.159
7 2.8275 2.8369
5 2.9925 2.7939
5 0.36 0.4098
6 1.305 1.3951
6 1.83 1.9089
7 1.5525 1.4589
5 2.865 2.7743
5 2.0775 2.1765
4 2.91 2.7422
5 2.79 2.7491
5 0.9 1.2873
7 2.6475 2.6014
4 1.0725 1.2283
7 1.3275 1.2712
6 2.9475 2.9936
5 0.345 0.7162
7 2.775 2.8156
4 0.3075 0.4129
4 2.88 2.6128
7 2.1975 2.0962
6 0.6375 0.524
4 0.195 0.3869
5 2.0925 2.0408
5 2.265 2.0261
6 1.8225 1.8204
4 2.1375 1.989
5 1.23 1.0745
6 2.0475 2.0315
4 2.835 2.8716
6 0.735 0.6548
7 0.975 1.0074
7 1.3725 1.2277
6 2.64 2.4714
7 0.8175 0.8453
4 1.4325 0.9023
6 1.275 1.428
6 0.705 0.5339
6 1.365 1.3851
4 0.6 0.7334
6 0.8175 0.7881
4 2.205 2.4252
6 1.1175 1.2375
7 0.2925 0.1356
7 2.7 2.7978
5 0.105 0.1635
6 2.355 2.3569
6 0.87 0.789
6 1.77 1.6084
4 1.275 1.1668
7 0.2025 0.1714
5 1.95 1.9235
5 1.0125 1.3323
5 0.96 0.7218
7 2.49 2.4895
5 0.27 0.3353
5 1.1625 1.291
4 2.0325 2.1694
7 2.3775 2.3548
6 0.8475 0.8926
4 1.4325 1.0999
6 1.845 1.9545
4 0.7275 0.4496
6 0.69 0.593
4 1.9425 2.032
5 2.0475 2.062
5 1.17 1.0719
5 1.38 1.323
6 2.9025 2.9525
7 1.6725 1.5672
5 0.7425 0.9237
7 2.4975 2.4993
6 2.1975 2.1016
4 1.2975 1.2526
6 2.025 2.2355
5 1.1325 0.9487
4 1.5225 1.2723
7 1.5075 1.5757
6 1.5525 1.6517
6 1.3275 1.2738
6 1.6725 1.6297
4 0.165 0.4224
5 1.56 1.8307
7 1.9875 1.8556
7 1.89 1.7948
4 0.195 0.7423
7 0.255 0.4235
6 0.21 0.1506
4 1.7775 1.716
5 2.1825 2.2018
6 1.4625 1.4102
5 1.0575 1.1664
4 2.13 1.9404
4 2.1075 1.7831
5 1.74 1.3975
7 2.8275 2.7895
6 2.265 2.1531
5 0.4875 0.8165
6 2.88 2.8718
6 2.355 2.4315
6 1.455 1.5985
7 1.7025 1.7138
5 1.395 1.4447
7 2.025 2.0331
6 1.0425 0.7865
5 0.99 0.8229
6 0.84 0.9705
6 2.265 2.3103
6 0.3975 0.4186
5 1.6425 1.5178
5 0.6375 0.5611
6 0.51 0.4572
5 0.525 0.5603
6 1.05 1.1613
6 0.495 0.504
5 1.8675 1.9866
6 2.6625 2.6365
4 0.03 0.2827
7 2.6775 2.7019
5 0.1875 0.1984
5 1.4625 1.4201
4 1.1625 1.1677
7 0.8025 0.7841
6 1.9725 2.1982
4 2.9925 2.6015
7 0.21 0.2558
6 1.4325 1.4243
7 1.4175 1.4456
4 2.055 2.0191
5 2.685 2.5661
7 2.6175 2.5879
6 1.05 0.995
4 0.525 0.7897
6 2.01 2.1119
7 1.9125 1.9698
7 0.2325 0.3378
4 1.4625 1.3155
7 2.4075 2.3421
4 0.9675 1.3863
7 1.9575 2.0285
6 0.5925 0.5008
5 2.64 2.835
5 1.05 1.129
6 0.8325 0.8539
6 2.4825 2.682
4 0.18 0.4597
4 0.0375 0.4868
6 1.32 0.569
7 2.2125 2.2146
7 0.21 0.2264
7 0.39 0.4842
7 1.8825 1.8511
5 1.32 1.2493
5 2.9925 2.6747
5 2.385 2.4012
4 1.0725 0.9487
4 1.3275 0.8792
6 1.035 1.1133
5 1.83 1.5536
5 0.8775 1.0096
7 0.3675 0.3381
7 0.03 0.0743
4 0.2775 0.3576
4 2.1 2.1897
7 0.8175 0.8547
7 2.445 2.4912
6 1.3575 1.3031
4 1.6875 1.7583
6 0.3 0.4006
5 2.1975 2.222
5 1.4025 1.3614
6 2.19 2.0434
5 2.97 2.7667
6 0.1275 0.2642
6 2.595 2.6622
6 1.7025 1.6682
5 0.18 0.245
7 1.215 1.1341
7 2.0175 1.9844
6 1.4925 1.12
6 0.2775 0.2725
5 2.8575 2.7615
6 1.2675 1.2122
7 0.045 0.0549
6 2.295 2.4675
6 2.7825 2.7123
6 0.5475 0.6138
6 1.365 1.5275
6 0.99 1.0023
4 1.8975 1.9754
6 1.575 1.5898
4 1.8225 1.8501
6 1.7325 1.8187
5 2.91 2.778
6 1.17 1.1958
6 2.325 2.3858
7 2.64 2.5471
6 1.635 1.7549
6 1.4925 1.6272
5 2.0475 1.9085
5 0.375 0.7285
4 0.5175 0.5692
5 1.1025 1.1082
7 2.58 2.6271
6 2.37 2.3871
5 1.8525 1.6971
6 2.7975 2.5613
5 0.2625 0.2353
7 2.97 3.0971
7 0.4125 0.3644
4 1.4175 1.4044
6 2.25 2.097
5 2.94 2.8007
5 2.28 2.1036
5 1.4625 1.4921
7 0.225 0.327
7 0.1875 0.1387
7 1.935 1.8868
7 1.83 1.7197
7 0.9225 0.9952
7 2.7675 2.7424
6 2.6325 2.5431
4 0.405 0.4328
6 2.4675 2.5267
7 0.825 0.8968
5 1.83 1.9759
5 2.0775 1.8266
5 2.61 2.7472
6 0.9975 1.1538
5 1.3125 1.0279
5 0.5625 0.6597
7 0.3975 0.4451
6 1.1625 1.124
7 1.02 0.9533
4 2.475 2.3534
7 1.845 1.9245
4 2.4675 2.0025
5 0.96 1.0179
4 1.8375 2.0079
7 0.6 0.6381
5 1.0725 1.3844
5 2.865 2.6767
7 0.8475 0.9154
5 2.325 2.136
5 1.5825 1.4071
4 0.3525 0.5041
4 1.7325 1.8032
7 0.3525 0.323
7 0.6 0.716
6 1.8375 1.965
4 1.7025 1.8116
5 1.2225 1.3369
4 0.18 0.5486
6 0.9675 0.5392
4 2.88 2.1449
7 2.01 1.8951
6 1.14 1.1389
4 2.475 2.608
5 0.69 0.7325
7 2.685 2.6804
5 1.5 1.4801
6 0.615 0.5599
5 0.12 0.5024
4 2.85 2.5285
4 1.98 2.2101
6 0.87 0.9754
6 0.09 0.065
6 1.35 1.4318
6 1.1625 1.2715
5 1.6875 1.6091
5 2.8725 2.5566
4 2.7675 2.4688
7 1.8375 1.8458
6 0.7575 0.6103
5 0.4275 0.4267
5 1.0125 0.945
7 2.76 2.7501
7 1.2375 1.1373
7 2.475 2.509
4 1.0275 0.7252
6 0.51 0.4964
6 0.2025 0.2696
7 1.8675 1.8225
4 1.44 1.3947
4 0.4875 0.6112
7 2.49 2.5734
4 1.8 1.9754
4 1.635 1.7573
6 1.7625 1.9614
7 0.96 0.9441
7 0.9525 0.941
5 0.135 0.2602
6 1.305 1.374
7 2.775 2.7727
4 1.53 1.8488
4 1.02 1.2512
6 1.5375 1.4655
5 2.3625 2.296
7 2.1075 2.1607
5 2.9325 2.9068
6 0.9675 0.8665
6 2.115 2.0153
7 0.345 0.5115
4 0.4875 0.5618
6 0.0375 0.0774
5 2.2125 2.1884
7 0.0525 0.0785
7 0.1575 0.1009
4 2.625 2.7183
7 0.45 0.4545
6 2.25 2.0572
4 0.195 0.2339
6 0.7575 0.7976
5 1.05 1.6034
6 0.9225 1.0055
4 1.4475 1.5975
5 2.07 1.96
5 2.1975 1.9051
4 1.8825 2.1595
6 2.9775 2.8373
6 0.0975 0.0767
7 1.44 1.4847
7 2.4525 2.3489
4 2.925 2.5497
7 1.89 1.6802
6 1.815 1.6949
4 2.985 2.7109
4 1.6725 1.8762
6 2.6475 2.6949
4 1.065 1.1097
7 0.8325 0.7836
7 1.6575 1.7083
7 2.1675 2.2269
7 1.74 1.7786
4 2.955 2.6869
6 0.8175 0.6922
5 2.595 2.9094
4 2.37 2.4999
5 2.145 2.1434
4 1.065 1.1504
4 1.335 1.1703
6 0.36 0.3395
5 0.795 0.8183
4 0.09 0.4818
5 1.995 1.8715
6 1.455 1.6644
7 1.4475 1.5556
4 0.285 0.3769
5 0.8625 0.6172
5 1.605 1.4261
6 0.1425 0.1606
4 1.77 1.8616
7 1.5825 1.4638
4 2.775 2.6092
6 2.5725 2.5595
6 1.9875 1.9666
7 0.525 0.5894
5 1.335 1.1349
7 0.6375 0.7218
6 0.375 0.4601
5 1.2825 1.3273
6 2.3475 2.3199
4 1.0875 1.0238
6 1.8825 1.9236
7 0.09 0.1283
7 0.675 0.5762
5 2.5725 2.7299
7 1.77 1.5804
4 0.0225 0.4332
6 0.1875 0.2825
6 2.58 2.6439
6 2.805 2.7327
7 0.375 0.5806
6 2.1 2.2226
7 2.7 2.6722
5 1.755 1.7916
4 0.585 1.1511
7 2.6625 2.7021
6 1.815 1.7994
6 1.545 1.5056
5 2.6925 2.4516
4 2.01 1.8265
7 1.275 1.1655
5 0.255 0.19
7 0.48 0.4414
5 2.355 2.1155
5 1.29 1.3114
4 1.6425 1.3125
6 0.915 1.0542
7 2.8725 2.9314
6 1.4775 1.5028
5 1.5075 1.6032
5 2.19 2.0986
6 0.75 0.6018
5 1.8975 1.9731
4 0.51 0.9116
7 0.4875 0.5572
5 2.8425 2.7961
6 1.3575 1.2492
7 0.06 0.0604
7 2.7075 2.6436
7 0.9075 0.9983
4 0.645 0.5503
5 0.87 0.7461
5 0.765 0.6843
5 2.3775 2.2829
5 0.9525 1.3086
7 2.085 2.0337
7 2.07 2.1055
4 0.615 0.8573
5 1.53 1.6106
6 2.0925 2.1781
4 1.86 1.5769
7 1.3425 1.4201
7 1.02 0.9141
5 0.915 0.8729
6 0.435 0.55
7 2.4075 2.4158
4 0.375 0.5397
6 0.735 0.8402
4 0.2925 0.7324
4 0.15 0.623
6 0.3375 0.1675
5 2.7525 2.4718
4 2.73 2.5293
6 1.53 1.6264
4 2.295 2.1221
6 1.74 1.9016
7 0.15 0.1316
7 1.635 1.6956
6 0.57 0.589
4 2.9475 2.6344
4 1.6725 1.8255
6 0.3525 0.3104
7 2.4 2.4101
4 0.405 0.3937
6 2.835 2.7087
5 2.43 2.2217
4 1.08 1.4035
6 0.315 0.2041
6 2.64 2.6188
6 1.575 1.7805
5 1.2075 1.2635
7 1.7925 1.808
5 1.08 1.3152
4 2.01 2.0298
7 2.025 1.9626
7 0.42 0.4405
5 0.3825 0.1875
4 2.73 2.7463
7 1.8675 1.8392
5 1.0575 1.2702
4 0.8025 0.7711
5 0.36 0.5854
7 1.6425 1.7529
7 2.6625 2.6513
4 2.505 2.2356
4 1.8075 1.3566
4 0.99 1.3374
7 1.2675 1.352
6 2.13 2.1726
5 2.445 2.6102
7 2.8425 2.9259
5 2.13 1.9693
6 1.2 1.1551
7 0.5175 0.4654
5 2.4675 2.467
7 0.0825 0.1049
6 2.085 2.2651
4 2.34 1.8557
6 2.2275 2.1243
4 0.6975 0.6982
7 0.1575 0.1372
7 1.6125 1.6589
5 0.525 0.4682
5 1.875 1.9379
6 0.54 0.5447
6 2.0625 2.0793
4 1.815 1.8948
7 1.4775 1.51
5 1.0125 0.9483
6 1.065 1.0698
5 2.3325 2.2939
5 1.9425 1.7526
6 2.1225 1.8281
7 0.3675 0.4255
7 1.635 1.5731
5 1.86 1.6918
5 2.085 2.0615
6 0.825 0.9298
6 1.905 1.8338
4 1.515 1.6678
4 1.29 1.3763
7 1.7025 1.7672
5 1.5375 1.4799
4 0.15 0.5046
4 0.465 0.594
4 1.5075 1.5277
7 2.2725 2.3694
6 2.1975 2.224
4 1.41 1.4475
7 1.155 1.0932
6 2.22 2.3663
4 2.5125 1.997
6 2.58 2.603
7 0.75 0.678
6 0.765 0.7787
7 1.89 1.9551
4 0.5925 0.5883
4 2.4075 2.5959
4 2.6175 2.6012
5 0.18 0.2658
5 0.2325 0.3343
6 2.1825 2.119
5 2.8575 2.7922
4 1.8675 2.1273
7 0.255 0.3791
6 0.555 0.5059
4 2.8425 2.5006
6 2.9475 2.9206
7 1.59 1.495
6 2.835 2.9232
7 1.1925 1.1409
6 2.0775 2.0432
7 0.6675 0.5534
5 1.0575 0.9971
7 2.1825 2.1215
4 2.73 2.8284
5 2.2875 2.3102
4 1.14 0.8689
4 0.69 0.7868
6 1.965 1.9641
5 0.12 0.4175
7 1.1175 1.1982
7 2.715 2.7632
6 2.535 2.6124
7 0.51 0.5196
6 1.0875 1.179
7 1.71 1.7356
5 1.8975 1.8927
4 2.55 2.0226
4 0.795 0.876
4 1.845 1.8949
4 1.3275 1.424
4 0.315 0.8437
7 2.3175 2.2177
7 2.265 2.3459
5 2.52 2.1706
5 0.105 0.115
6 1.4025 1.4884
4 0.195 0.352
4 0.6075 0.6978
4 1.71 1.7424
6 2.34 2.4308
4 2.97 2.6264
4 2.49 2.4229
6 1.26 1.1772
4 1.5375 1.2415
4 0.975 1.4346
5 0.075 0.2135
7 1.38 1.3677
5 1.56 1.6751
4 0.5775 0.4689
5 0.4725 0.3615
7 0.3075 0.2107
7 0.1275 0.2716
6 0.165 0.1938
5 0.7275 0.6745
6 0.63 0.7979
7 2.9625 2.8677
5 1.1325 1.077
4 1.3875 1.4332
7 1.215 1.2197
7 0.6375 0.6079
4 1.875 1.7356
4 2.4075 2.1696
4 0.975 1.1844
6 0.42 0.4118
5 0.6525 0.7416
5 2.4975 2.3622
7 1.38 1.4151
6 2.9175 2.8693
4 2.1075 1.8933
4 0.735 0.9016
6 1.335 1.4556
7 0.0225 0.1211
4 1.4025 1.4583
6 2.0475 2.0742
5 2.9475 2.8535
7 0.9825 0.8512
5 0.015 0.2732
6 1.3275 1.4378
5 2.445 2.2183
4 1.8075 1.4515
5 0.2775 0.3449
5 2.6025 2.6843
4 2.97 2.7207
4 1.6725 1.5849
6 2.805 0.5374
5 0.615 0.5264
5 0.96 0.9677
7 0.315 0.3466
4 0.945 1.0153
7 1.545 1.5169
6 0.7125 0.6394
7 0.4875 0.5118
4 1.2825 1.3267
4 2.7975 2.4289
7 0.915 0.8624
7 2.6475 2.7486
6 2.7825 2.6893
4 1.7925 2.2208
5 2.34 2.5649
6 2.8125 2.6843
6 0.54 0.4923
6 2.5425 2.5069
4 1.4475 1.8745
5 1.5975 1.3436
5 1.7025 1.7712
7 1.3575 1.2831
4 2.8275 2.1996
7 1.71 1.6827
4 1.2525 1.4112
5 1.3275 1.5516
6 1.3275 1.4621
7 1.1625 1.0495
6 2.85 2.8527
7 2.4675 2.4883
7 0.585 0.4447
4 0.465 0.5503
7 2.2875 2.3345
7 2.145 2.1299
5 2.9175 0.307
5 1.8075 1.6668
6 0.5025 0.3291
6 1.2525 1.2133
6 0.6975 0.6821
7 2.67 2.6067
5 1.545 1.5547
6 2.85 2.8176
5 2.3025 2.4596
7 1.68 1.7434
5 2.9475 2.8318
7 0.705 0.692
4 0.4575 0.7727
6 0.4275 0.5367
7 0.9675 0.9228
5 1.935 2.0216
7 0.03 0.0403
5 0.9 1.0965
7 0.0675 0.1021
5 2.535 2.6846
7 0.0825 0.1834
7 1.5225 1.5782
7 2.8425 2.9239
7 2.625 2.8302
6 0.465 0.6553
6 0.3 0.3578
5 1.8825 1.9696
7 1.41 1.3923
6 1.98 1.8616
7 1.92 1.8154
4 1.11 1.2994
5 1.38 1.5355
4 2.8875 2.4736
4 2.0775 1.7111
7 0.18 0.1379
5 2.565 2.3671
5 0.42 0.6569
5 0.5625 0.3508
5 1.0125 1.0854
5 0.6825 0.5671
4 2.07 1.5032
7 1.905 1.9475
7 1.785 1.7426
5 1.635 1.3189
6 2.7 2.61
4 1.98 2.4491
4 0.135 0.4873
6 0.0525 0.0608
4 0.5925 0.7368
5 1.1625 1.3243
7 0.2625 0.228
6 2.6625 2.5525
5 1.2825 1.4282
5 0.2475 0.1654
4 0.54 0.439
5 2.925 2.7977
7 0.0375 0.0098
5 2.385 2.4787
7 0.9675 0.9246
4 0.0 0.2609
5 2.2575 2.2809
4 1.545 1.2444
6 0.0675 0.0882
6 1.5225 1.5249
4 0.2775 0.3349
5 0.7425 0.923
7 2.3175 2.337
6 2.2725 2.2433
4 2.445 2.393
6 0.93 1.0182
6 0.435 0.5696
4 1.0875 1.3507
7 0.3075 0.2405
4 2.985 2.7597
7 0.1425 0.1476
6 1.0275 0.9546
4 0.03 0.4417
4 1.5675 1.8156
7 2.07 2.1033
7 1.2375 1.1914
4 1.0275 0.8331
5 0.075 0.2416
7 2.2725 2.3446
7 2.7 2.6361
6 1.7175 1.8005
4 0.6 0.8798
6 2.8425 2.655
7 0.525 0.5662
7 2.7975 2.842
6 0.135 0.0573
5 0.9525 0.802
4 0.765 0.4475
6 1.8 1.6512
5 0.8175 0.8808
5 0.0375 0.2184
7 2.16 2.176
5 2.0625 2.0679
5 0.51 0.9446
6 1.8675 1.9034
5 0.69 0.7667
6 0.7425 0.7513
7 2.1525 2.2518
4 0.9225 0.4412
4 0.8175 0.6404
6 0.3225 0.324
5 2.805 2.891
6 2.8575 2.8396
7 2.295 2.1533
7 0.735 0.8016
5 1.89 1.7575
7 0.4425 0.3677
5 2.3775 2.7211
7 2.13 2.0583
5 0.045 0.1751
7 1.5525 1.5434
4 1.665 1.7271
7 1.8675 1.9513
7 1.2225 1.2234
6 1.17 1.0373
4 0.6675 0.7497
7 0.8625 0.8313
5 0.915 0.9657
7 0.8175 0.9342
7 0.2325 0.1698
7 1.635 1.677
5 1.4475 1.5842
6 2.88 2.6471
7 0.7875 0.8909
7 2.2275 2.2966
5 2.55 2.4446
5 2.2275 2.0949
4 2.67 2.7609
4 0.975 0.9485
6 2.43 2.3918
4 1.335 1.1998
7 0.6075 0.6888
5 1.5225 1.3872
5 2.9325 2.7958
4 1.0275 1.385
7 0.87 0.863
4 0.5325 0.4892
4 0.9675 1.1075
7 0.6975 0.7038
4 0.09 0.5822
6 1.3725 1.2344
5 1.08 1.216
6 0.63 0.4953
7 1.5525 1.492
5 2.3925 2.1423
7 0.15 0.2271
5 1.56 1.3079
5 2.715 2.6159
7 0.8925 0.8627
4 1.4475 1.7192
6 0.18 0.1521
7 1.11 1.1592
4 0.855 1.3351
6 2.28 2.33
5 1.3425 1.3603
7 0.495 0.4579
5 1.4025 1.1102
6 1.05 1.0591
7 2.04 2.0819
4 2.58 2.4808
5 0.78 0.5755
4 0.33 0.3994
6 1.9275 2.0363
7 1.3725 1.4116
6 1.6875 1.7098
7 0.7425 0.6395
7 2.565 2.4886
7 1.7025 1.6693
6 2.2575 2.1299
5 2.6775 2.6859
5 1.815 1.7578
6 0.15 0.2012
5 2.7525 2.6942
6 1.3425 1.4616
6 1.965 1.9966
6 0.405 0.5268
4 2.3175 1.7553
6 0.1575 0.1727
5 2.4525 2.4653
5 0.5175 0.577
4 2.8575 2.3856
4 0.2025 0.4188
7 1.7775 1.7628
7 0.0825 0.0772
6 1.5975 1.7102
4 2.9475 2.3589
6 1.9275 1.7905
7 2.73 2.7069
5 1.17 1.3044
6 0.1875 0.2393
4 0.9975 0.8272
4 2.28 2.1441
4 0.375 0.5431
6 1.2825 1.4211
6 0.7725 0.9135
6 2.5275 2.4016
7 2.685 2.6199
7 1.5075 1.3718
4 0.9825 1.03
6 0.0825 0.1936
7 0.21 0.1408
5 0.5775 0.4326
5 2.4975 2.4767
6 1.0575 1.0925
6 2.4525 2.4792
6 0.0 0.1321
6 1.86 1.7752
7 2.1225 2.1817
4 2.07 1.9781
4 0.795 0.8093
4 0.5625 0.6782
7 0.795 0.712
4 1.17 0.8988
4 1.5825 1.3999
7 1.2375 1.3648
7 0.3825 0.2016
5 0.78 0.7561
5 0.99 1.1843
4 1.47 1.4121
5 2.4075 2.0681
6 2.5125 2.6426
6 2.1075 2.1163
7 1.4475 1.4402
7 2.3175 2.2326
7 2.715 2.6509
4 2.085 1.8713
4 0.045 0.2538
5 2.595 2.5732
7 0.3975 0.5167
7 1.5525 1.5251
7 0.0675 0.1647
5 1.74 1.736
6 0.165 0.2323
6 0.9825 0.8785
5 1.74 1.6216
4 2.6625 2.5527
4 0.7425 1.1016
4 2.31 2.2099
5 1.59 1.5428
4 0.15 0.6192
7 1.7325 1.5964
4 2.3625 2.0857
7 2.7525 2.8771
6 0.75 0.7312
4 1.7625 1.9458
6 0.3375 0.4603
5 2.5575 2.5758
7 1.5075 1.5642
7 2.6775 2.7957
7 0.855 0.7371
6 0.735 0.7688
4 2.4975 2.1525
4 0.72 0.7172
7 1.635 1.6261
5 2.1375 2.1391
4 2.3175 2.0731
4 2.955 2.7431
4 1.14 1.1392
6 2.1 1.9746
6 0.2175 0.4245
4 0.84 0.8774
4 1.83 1.5755
4 0.6225 2.9319
5 0.06 0.1174
7 0.2625 0.3062
4 2.22 2.2909
6 1.0425 1.0182
5 2.0775 1.9954
4 2.9175 2.6321
6 1.005 0.7661
4 0.855 1.4919
4 2.4825 2.481
4 2.5425 2.3524
6 0.5175 0.426
6 1.83 1.8902
7 1.3575 1.2728
6 1.0875 1.0949
5 1.9125 1.9183
7 2.01 2.0671
4 1.9575 1.8148
6 2.9175 2.986
5 1.9125 1.8522
6 1.665 1.5914
4 2.88 2.5988
6 1.335 1.219
6 0.2775 0.1989
4 2.49 2.2994
4 0.96 0.9112
7 0.0675 0.096
5 0.1875 0.4133
7 2.1225 2.0959
6 2.0625 2.0212
4 1.845 2.053
7 2.0625 2.1262
4 1.5375 1.7827
4 0.7575 1.0033
7 1.0275 0.9787
7 2.715 2.6269
4 1.0275 1.3995
4 2.61 2.3301
6 1.32 1.3313
4 1.3575 1.2406
4 1.68 1.3591
7 0.8775 0.9086
5 1.755 1.8734
7 0.7425 0.7287
4 0.42 0.5897
4 1.365 1.2382
4 1.8075 1.982
6 1.9275 1.9565
4 1.875 1.55
4 1.665 1.5921
7 0.1125 0.1551
6 2.13 2.1452
5 2.445 2.3832
7 2.7675 2.6614
4 2.8275 2.5699
4 2.565 2.3649
6 2.115 2.0906
5 0.855 0.795
4 0.885 0.9584
4 2.1825 2.0012
6 0.3375 0.4268
6 2.5575 2.6496
7 0.4125 0.4897
7 1.95 2.0132
4 2.985 2.5644
6 1.8375 1.7788
7 1.935 2.0735
5 1.17 1.1794
5 1.35 1.3971
5 1.7175 1.7976
5 0.9225 0.6274
4 0.105 0.3883
7 1.2225 1.1946
7 1.365 1.3264
7 2.34 2.3735
5 2.535 2.2233
4 2.865 2.7306
5 0.855 0.7307
4 2.3325 2.6338
7 0.27 0.3041
4 1.83 1.7486
5 2.7375 2.8473
5 2.3625 2.2309
5 0.4575 0.5616
5 1.2075 1.1995
4 1.4325 1.3965
7 0.195 0.1734
6 2.7075 2.7588
6 1.5975 1.5315
4 1.8 1.7569
7 1.2825 1.3309
6 2.1525 2.223
4 1.515 1.2882
4 0.81 0.8182
7 2.7225 2.859
4 1.635 1.772
7 0.795 0.865
7 1.9275 1.8661
6 1.4325 1.7104
6 1.68 1.6041
6 2.835 2.8376
5 2.445 2.4005
5 2.7675 2.5246
6 1.0725 1.181
6 2.2875 2.2586
4 1.74 1.7685
7 0.255 0.2055
4 0.3825 0.3649
6 1.5975 1.5298
7 2.445 2.4431
7 0.06 0.1101
7 2.865 2.9142
7 2.5575 2.5285
4 1.755 1.7014
5 0.54 0.6493
4 2.1225 1.8446
5 1.14 1.2481
4 1.2225 1.3825
4 2.6325 2.2176
6 0.8025 0.8149
6 0.6525 0.7917
7 1.56 1.5858
5 2.2275 2.2626
4 1.0275 1.0159
5 1.95 1.8573
6 0.3225 0.3927
5 0.225 0.1105
7 1.905 1.8189
5 1.7325 1.4838
7 2.2575 2.2983
5 2.0175 1.9512
4 0.9375 1.2924
5 2.37 2.5253
4 0.1725 0.3124
5 1.8225 1.8076
6 0.93 1.0687
7 0.03 0.1182
5 0.135 0.3279
7 0.3225 0.3932
6 1.0725 1.2898
7 2.8725 2.8571
4 1.7175 1.7576
4 1.32 1.3115
6 2.595 2.7123
6 2.0025 1.8334
5 0.585 0.9295
5 0.45 0.4903
6 2.025 1.9684
5 0.3825 0.2836
5 2.7225 2.6153
5 2.595 2.2628
5 0.0675 0.3712
4 1.1175 1.1839
7 0.6075 0.6108
5 2.235 2.1053
5 2.9625 2.6998
4 2.355 2.3602
5 1.3725 1.5767
6 1.83 1.6305
6 2.8125 2.9231
5 1.59 1.5033
4 1.5825 1.516
4 1.395 1.5562
7 1.8675 1.8566
4 1.1025 1.3162
7 1.44 1.4048
4 2.2425 2.1768
4 1.56 1.8527
7 2.5725 2.3544
5 1.02 0.7077
6 1.6425 1.4964
7 0.4575 0.4401
4 1.185 1.3115
4 0.54 0.5315
6 2.4 2.1537
7 1.83 1.8369
7 1.1175 1.0601
4 0.855 1.1412
4 0.2925 0.1949
6 1.9125 1.9999
7 2.565 2.6019
7 0.315 0.2228
5 1.5 1.6448
4 1.35 1.4734
7 2.8425 2.895
4 2.8425 2.7424
5 2.4975 2.1674
7 0.2175 0.3566
4 1.485 1.403
7 1.815 1.748
6 0.4875 0.2321
6 0.285 0.3955
5 0.21 0.2288
4 1.3275 1.26
5 1.2975 1.2599
4 0.105 0.503
6 0.3075 0.2785
5 1.71 1.6538
5 0.975 0.9716
6 2.37 2.3955
7 2.1675 2.2927
6 1.6725 1.5808
6 0.9675 1.0133
4 0.555 0.419
4 2.7975 2.6603
6 1.6725 1.6299
7 0.555 0.5729
7 1.6575 1.6732
5 0.045 0.5998
4 1.41 1.769
5 1.725 1.758
6 0.345 0.2595
4 1.9725 1.9211
7 0.4275 0.4012
5 1.62 1.7953
6 2.76 2.8978
4 2.265 2.0382
7 2.175 2.11
6 1.3125 1.3778
7 2.7375 2.6696
5 1.635 1.4254
6 0.06 0.1124
7 1.3875 1.354
7 2.5275 2.5686
5 2.685 2.7206
6 1.155 1.2788
5 1.755 1.3734
5 1.0125 0.9494
4 0.285 0.3332
4 1.995 1.8756
6 0.2475 0.4152
4 1.9125 1.8691
5 1.4625 1.3921
5 1.9425 1.7983
4 0.5325 0.6859
7 0.69 0.7677
6 1.1925 1.1442
7 2.5125 2.5971
6 2.3775 2.2963
6 2.625 2.7508
7 1.305 1.3826
5 1.53 1.5331
5 0.0375 0.19
6 2.7525 2.685
4 0.18 0.7283
4 1.755 1.3605
4 0.2775 0.5719
6 0.6225 0.8442
7 1.8975 1.9303
7 1.9725 1.8801
5 2.2875 2.0186
7 0.3075 0.1806
4 1.8525 2.1284
5 1.8375 1.8781
4 1.4775 1.4387
4 2.595 2.4274
6 2.235 2.2545
5 0.975 1.0422
6 2.4225 2.5559
5 1.5675 1.5529
7 2.1975 2.1554
4 0.3225 0.5667
4 0.69 0.5124
4 2.07 2.0031
7 1.5 1.5821
5 2.685 2.9483
6 1.83 1.7154
4 1.4325 1.2408
5 0.72 0.6305
4 2.2425 2.597
4 2.1525 1.7972
4 0.2775 0.6804
7 1.275 1.34
5 2.4975 2.693
7 2.355 2.4592
6 1.095 1.1132
5 2.3925 2.2464
6 1.545 1.4515
7 0.51 0.456
7 1.0125 0.9632
7 1.47 1.5356
4 2.1525 1.8574
4 1.065 0.9947
5 2.3175 2.2454
4 0.6375 0.5779
7 2.1375 2.1364
7 2.7525 2.6442
6 2.6025 2.4796
5 2.115 2.0555
6 1.02 0.8866
4 0.69 0.4716
4 2.04 2.0376
5 2.1975 2.2067
5 2.37 2.2019
5 2.715 2.7166
4 2.7375 2.6362
7 0.72 0.8415
6 1.05 1.0302
6 1.815 1.9583
6 0.4575 0.4541
6 1.5825 1.6216
5 2.295 2.1225
5 1.47 1.5267
7 0.945 0.9665
5 0.6525 0.6333
4 2.1375 1.9623
6 0.135 0.1022
7 2.1075 2.0014
6 1.02 1.0482
5 0.6525 0.6886
7 1.71 1.7163
7 0.48 0.4785
5 1.8975 1.9264
5 0.0675 0.2914
6 0.54 0.5246
5 0.42 0.387
5 2.745 2.7704
7 0.4125 0.392
4 0.84 0.647
6 1.4325 1.4454
5 2.2875 2.248
4 0.75 0.8049
7 1.9575 1.8971
7 0.36 0.4667
4 0.5925 0.658
4 0.795 0.7164
4 1.905 1.6399
7 0.045 0.0194
4 0.8025 1.1494
7 1.4025 1.3782
5 1.7775 1.8778
4 2.175 2.2289
7 2.8875 2.9557
6 2.88 2.8151
4 1.62 1.647
7 2.1975 2.2168
7 1.6725 1.7069
7 2.1225 2.0571
7 0.7875 0.8879
5 1.3425 1.4199
7 1.575 1.6158
7 1.41 1.4449
4 1.3575 1.2197
7 2.685 2.7024
7 2.925 2.9162
6 2.8575 2.8853
6 0.3825 0.3303
4 1.305 1.5102
6 1.7475 1.8266
4 2.3925 1.9761
4 1.3425 1.4163
5 0.57 0.6203
5 2.31 2.2473
5 2.7075 2.5623
4 0.2625 0.6076
5 2.5875 2.5219
5 2.5875 2.4738
4 0.0975 0.4688
4 2.9925 2.612
5 0.81 0.8199
4 1.2375 1.1484
4 2.1825 2.2084
4 1.1775 0.7995
4 1.905 1.7433
5 1.035 1.3276
6 0.015 0.0595
7 0.7875 0.7734
5 1.455 1.5967
5 1.5225 1.393
4 2.91 2.4601
4 0.0225 0.5523
5 1.9725 2.0041
5 0.03 0.29
6 0.1275 0.3247
7 1.26 1.1622
6 0.0075 0.2109
6 2.835 2.9467
4 2.76 2.3059
7 1.4025 1.3588
7 1.4325 1.5167
5 0.9375 0.6701
6 0.9375 0.959
6 0.855 0.9291
6 1.9875 1.8744
4 1.3575 1.1463
5 0.87 0.6699
4 0.3375 0.4971
6 1.905 1.9069
6 2.595 2.3337
6 1.9575 1.9727
4 2.55 2.6042
4 2.49 2.1151
5 1.365 1.1882
6 2.3475 2.5352
5 2.025 2.3235
5 1.2375 1.3044
5 0.0975 0.3368
6 0.0 0.1175
4 0.2775 0.659
7 0.1275 0.1915
4 1.485 1.0426
6 0.255 0.2635
6 0.6375 0.8092
4 1.7775 1.7436
7 0.06 0.1813
6 0.75 0.7807
6 0.1725 0.2615
4 0.06 0.5028
7 2.4075 2.3347
5 2.61 2.5436
4 1.725 1.6041
5 2.8725 2.5768
7 0.585 0.5757
6 0.7875 0.8641
4 2.7375 2.4452
7 0.8475 0.8289
7 1.0425 1.1187
5 1.7025 1.4442
7 2.3775 2.2896
5 0.705 0.7228
6 2.1225 2.215
7 1.4925 1.516
6 0.3225 0.3714
6 0.285 0.3204
7 1.3125 1.3305
7 1.2375 1.2342
5 0.1875 0.2516
6 1.8375 1.6196
7 0.3825 2.5681
4 0.24 0.3052
4 1.6125 1.4755
7 1.0125 1.0992
4 0.105 0.4243
5 2.4825 2.5288
6 2.445 0.1641
6 0.6525 0.796
6 0.9 0.8172
4 0.7425 0.8639
7 2.115 2.0407
6 1.815 1.9003
4 1.4925 1.3899
6 2.3475 2.3729
6 1.3875 1.188
5 0.4425 1.3506
5 2.76 2.7705
7 1.2675 1.1674
4 2.67 2.5547
4 2.925 2.5927
4 2.775 2.5801
4 0.645 0.4236
4 2.9925 2.6602
6 2.01 1.8231
4 0.36 0.353
4 0.795 0.8117
6 2.1375 2.2437
4 1.7325 1.7939
4 1.3275 1.6814
5 1.2225 1.4619
7 1.395 1.3779
7 1.47 1.4811
7 2.7375 2.6502
6 2.2125 2.2071
7 0.39 0.364
4 0.5175 0.7049
5 0.0225 0.1618
4 1.26 1.1788
4 2.1225 1.7913
4 2.5275 2.1121
5 1.1775 1.6227
7 1.14 0.9199
5 0.585 0.6021
5 2.52 2.7226
7 2.6475 2.6124
6 0.99 1.0377
6 1.605 1.555
4 1.53 1.1797
6 1.2675 1.3912
6 2.2275 2.2726
6 0.09 0.1285
6 0.7725 0.7061
5 1.005 1.2119
7 2.9775 2.9832
6 1.4775 1.4079
5 2.745 2.5712
6 1.6575 1.6985
6 0.645 0.6538
5 1.245 1.3991
7 1.425 1.5312
6 1.7325 1.6858
7 2.0325 2.0515
4 1.2825 1.3143
5 0.3675 0.5184
4 1.4025 1.817
4 1.1625 1.1855
6 1.8375 1.8202
4 0.7575 1.072
4 1.32 1.4843
5 0.8475 0.8136
6 2.115 1.9528
6 1.8075 1.7002
6 2.3925 2.5295
5 1.1175 1.0595
7 0.8925 0.9752
6 1.545 1.6702
5 2.7675 2.6081
6 0.2775 0.2732
4 1.185 1.2633
6 0.0375 0.2662
4 0.7125 0.8342
4 0.9 1.1363
6 1.965 2.1221
4 0.75 0.7736
4 0.6225 1.0775
4 2.7075 2.6171
5 0.7425 0.4977
4 0.3975 0.3971
6 2.97 2.9441
6 1.3875 1.2551
7 2.97 2.9579
7 1.4325 1.3671
5 2.8575 2.8111
4 2.3925 2.314
4 1.275 1.267
7 1.935 1.888
7 2.49 2.4676
6 0.3 0.1611
6 2.34 2.373
7 1.26 1.3238
6 2.85 2.8576
7 0.06 0.1681
6 0.3825 0.3684
6 2.7975 2.6596
7 1.6275 1.6677
4 2.175 2.218
6 1.9275 1.9138
6 0.7125 0.824
5 2.865 2.8519
7 2.28 2.2722
7 1.3875 1.4222
6 2.475 2.2968
6 2.055 2.1021
6 2.1975 2.1244
4 0.09 0.3518
6 0.6 0.6244
5 2.1825 1.8774
4 2.2275 2.1178
5 1.335 1.0552
6 0.12 0.2319
5 1.26 1.101
4 1.6425 1.7858
5 2.0625 2.3874
6 2.805 2.8553
4 0.48 0.7325
7 0.18 0.1437
6 1.92 2.1582
5 1.395 1.3244
7 2.7675 2.8291
6 0.4875 0.409
6 0.9825 1.035
5 1.4475 1.43
6 0.255 0.3182
7 0.63 0.5151
5 2.775 2.6174
6 2.79 2.5398
5 1.3125 1.4366
6 1.4025 1.3917
4 2.0925 1.7767
7 0.525 0.5215
7 0.975 0.9619
6 2.175 2.0711
6 2.91 2.8532
5 0.6 0.8231
5 2.565 2.3678
