sigma2_stimulus 	 [inf, 2.0, 3.0, 4.0, 5.0, 6.0, 7.0, 8.0, 9.0, 10.0]
log_motor_var 	 [8.12501049041748]
sigma_logit 	 [-1.0, -2.0, -3.0, -4.0, -5.0, -6.0, -7.0, -8.0, -9.0, -10.0]
mixture_logit 	 [-5.160216331481934]
prior 	 [0.0024999999441206455, 0.0024999999441206455, 0.0024999999441206455, 0.0024999999441206455, 0.0024999999441206455, 0.0024999999441206455, 0.0024999999441206455, 0.0024999999441206455, 0.0024999999441206455, 0.0024999999441206455, 0.0024999999441206455, 0.0024999999441206455, 0.0024999999441206455, 0.0024999999441206455, 0.0024999999441206455, 0.0024999999441206455, 0.0024999999441206455, 0.0024999999441206455, 0.0024999999441206455, 0.0024999999441206455, 0.0024999999441206455, 0.0024999999441206455, 0.0024999999441206455, 0.0024999999441206455, 0.0024999999441206455, 0.0024999999441206455, 0.0024999999441206455, 0.0024999999441206455, 0.0024999999441206455, 0.0024999999441206455, 0.0024999999441206455, 0.0024999999441206455, 0.0024999999441206455, 0.0024999999441206455, 0.0024999999441206455, 0.0024999999441206455, 0.0024999999441206455, 0.0024999999441206455, 0.0024999999441206455, 0.0024999999441206455, 0.0024999999441206455, 0.0024999999441206455, 0.0024999999441206455, 0.0024999999441206455, 0.0024999999441206455, 0.0024999999441206455, 0.0024999999441206455, 0.0024999999441206455, 0.0024999999441206455, 0.0024999999441206455, 0.0024999999441206455, 0.0024999999441206455, 0.0024999999441206455, 0.0024999999441206455, 0.0024999999441206455, 0.0024999999441206455, 0.0024999999441206455, 0.0024999999441206455, 0.0024999999441206455, 0.0024999999441206455, 0.0024999999441206455, 0.0024999999441206455, 0.0024999999441206455, 0.0024999999441206455, 0.0024999999441206455, 0.0024999999441206455, 0.0024999999441206455, 0.0024999999441206455, 0.0024999999441206455, 0.0024999999441206455, 0.0024999999441206455, 0.0024999999441206455, 0.0024999999441206455, 0.0024999999441206455, 0.0024999999441206455, 0.0024999999441206455, 0.0024999999441206455, 0.0024999999441206455, 0.0024999999441206455, 0.0024999999441206455, 0.0024999999441206455, 0.0024999999441206455, 0.0024999999441206455, 0.0024999999441206455, 0.0024999999441206455, 0.0024999999441206455, 0.0024999999441206455, 0.0024999999441206455, 0.0024999999441206455, 0.0024999999441206455, 0.0024999999441206455, 0.0024999999441206455, 0.0024999999441206455, 0.0024999999441206455, 0.0024999999441206455, 0.0024999999441206455, 0.0024999999441206455, 0.0024999999441206455, 0.0024999999441206455, 0.0024999999441206455, 0.0024999999441206455, 0.0024999999441206455, 0.0024999999441206455, 0.0024999999441206455, 0.0024999999441206455, 0.0024999999441206455, 0.0024999999441206455, 0.0024999999441206455, 0.0024999999441206455, 0.0024999999441206455, 0.0024999999441206455, 0.0024999999441206455, 0.0024999999441206455, 0.0024999999441206455, 0.0024999999441206455, 0.0024999999441206455, 0.0024999999441206455, 0.0024999999441206455, 0.0024999999441206455, 0.0024999999441206455, 0.0024999999441206455, 0.0024999999441206455, 0.0024999999441206455, 0.0024999999441206455, 0.0024999999441206455, 0.0024999999441206455, 0.0024999999441206455, 0.0024999999441206455, 0.0024999999441206455, 0.0024999999441206455, 0.0024999999441206455, 0.0024999999441206455, 0.0024999999441206455, 0.0024999999441206455, 0.0024999999441206455, 0.0024999999441206455, 0.0024999999441206455, 0.0024999999441206455, 0.0024999999441206455, 0.0024999999441206455, 0.0024999999441206455, 0.0024999999441206455, 0.0024999999441206455, 0.0024999999441206455, 0.0024999999441206455, 0.0024999999441206455, 0.0024999999441206455, 0.0024999999441206455, 0.0024999999441206455, 0.0024999999441206455, 0.0024999999441206455, 0.0024999999441206455, 0.0024999999441206455, 0.0024999999441206455, 0.0024999999441206455, 0.0024999999441206455, 0.0024999999441206455, 0.0024999999441206455, 0.0024999999441206455, 0.0024999999441206455, 0.0024999999441206455, 0.0024999999441206455, 0.0024999999441206455, 0.0024999999441206455, 0.0024999999441206455, 0.0024999999441206455, 0.0024999999441206455, 0.0024999999441206455, 0.0024999999441206455, 0.0024999999441206455, 0.0024999999441206455, 0.0024999999441206455, 0.0024999999441206455, 0.0024999999441206455, 0.0024999999441206455, 0.0024999999441206455, 0.0024999999441206455, 0.0024999999441206455, 0.0024999999441206455, 0.0024999999441206455, 0.0024999999441206455, 0.0024999999441206455, 0.0024999999441206455, 0.0024999999441206455, 0.0024999999441206455, 0.0024999999441206455, 0.0024999999441206455, 0.0024999999441206455, 0.0024999999441206455, 0.0024999999441206455, 0.0024999999441206455, 0.0024999999441206455, 0.0024999999441206455, 0.0024999999441206455, 0.0024999999441206455, 0.0024999999441206455, 0.0024999999441206455, 0.0024999999441206455, 0.0024999999441206455, 0.0024999999441206455, 0.0024999999441206455, 0.0024999999441206455, 0.0024999999441206455, 0.0024999999441206455, 0.0024999999441206455, 0.0024999999441206455, 0.0024999999441206455, 0.0024999999441206455, 0.0024999999441206455, 0.0024999999441206455, 0.0024999999441206455, 0.0024999999441206455, 0.0024999999441206455, 0.0024999999441206455, 0.0024999999441206455, 0.0024999999441206455, 0.0024999999441206455, 0.0024999999441206455, 0.0024999999441206455, 0.0024999999441206455, 0.0024999999441206455, 0.0024999999441206455, 0.0024999999441206455, 0.0024999999441206455, 0.0024999999441206455, 0.0024999999441206455, 0.0024999999441206455, 0.0024999999441206455, 0.0024999999441206455, 0.0024999999441206455, 0.0024999999441206455, 0.0024999999441206455, 0.0024999999441206455, 0.0024999999441206455, 0.0024999999441206455, 0.0024999999441206455, 0.0024999999441206455, 0.0024999999441206455, 0.0024999999441206455, 0.0024999999441206455, 0.0024999999441206455, 0.0024999999441206455, 0.0024999999441206455, 0.0024999999441206455, 0.0024999999441206455, 0.0024999999441206455, 0.0024999999441206455, 0.0024999999441206455, 0.0024999999441206455, 0.0024999999441206455, 0.0024999999441206455, 0.0024999999441206455, 0.0024999999441206455, 0.0024999999441206455, 0.0024999999441206455, 0.0024999999441206455, 0.0024999999441206455, 0.0024999999441206455, 0.0024999999441206455, 0.0024999999441206455, 0.0024999999441206455, 0.0024999999441206455, 0.0024999999441206455, 0.0024999999441206455, 0.0024999999441206455, 0.0024999999441206455, 0.0024999999441206455, 0.0024999999441206455, 0.0024999999441206455, 0.0024999999441206455, 0.0024999999441206455, 0.0024999999441206455, 0.0024999999441206455, 0.0024999999441206455, 0.0024999999441206455, 0.0024999999441206455, 0.0024999999441206455, 0.0024999999441206455, 0.0024999999441206455, 0.0024999999441206455, 0.0024999999441206455, 0.0024999999441206455, 0.0024999999441206455, 0.0024999999441206455, 0.0024999999441206455, 0.0024999999441206455, 0.0024999999441206455, 0.0024999999441206455, 0.0024999999441206455, 0.0024999999441206455, 0.0024999999441206455, 0.0024999999441206455, 0.0024999999441206455, 0.0024999999441206455, 0.0024999999441206455, 0.0024999999441206455, 0.0024999999441206455, 0.0024999999441206455, 0.0024999999441206455, 0.0024999999441206455, 0.0024999999441206455, 0.0024999999441206455, 0.0024999999441206455, 0.0024999999441206455, 0.0024999999441206455, 0.0024999999441206455, 0.0024999999441206455, 0.0024999999441206455, 0.0024999999441206455, 0.0024999999441206455, 0.0024999999441206455, 0.0024999999441206455, 0.0024999999441206455, 0.0024999999441206455, 0.0024999999441206455, 0.0024999999441206455, 0.0024999999441206455, 0.0024999999441206455, 0.0024999999441206455, 0.0024999999441206455, 0.0024999999441206455, 0.0024999999441206455, 0.0024999999441206455, 0.0024999999441206455, 0.0024999999441206455, 0.0024999999441206455, 0.0024999999441206455, 0.0024999999441206455, 0.0024999999441206455, 0.0024999999441206455, 0.0024999999441206455, 0.0024999999441206455, 0.0024999999441206455, 0.0024999999441206455, 0.0024999999441206455, 0.0024999999441206455, 0.0024999999441206455, 0.0024999999441206455, 0.0024999999441206455, 0.0024999999441206455, 0.0024999999441206455, 0.0024999999441206455, 0.0024999999441206455, 0.0024999999441206455, 0.0024999999441206455, 0.0024999999441206455, 0.0024999999441206455, 0.0024999999441206455, 0.0024999999441206455, 0.0024999999441206455, 0.0024999999441206455, 0.0024999999441206455, 0.0024999999441206455, 0.0024999999441206455, 0.0024999999441206455, 0.0024999999441206455, 0.0024999999441206455, 0.0024999999441206455, 0.0024999999441206455, 0.0024999999441206455, 0.0024999999441206455, 0.0024999999441206455, 0.0024999999441206455, 0.0024999999441206455, 0.0024999999441206455, 0.0024999999441206455, 0.0024999999441206455, 0.0024999999441206455, 0.0024999999441206455, 0.0024999999441206455, 0.0024999999441206455, 0.0024999999441206455, 0.0024999999441206455, 0.0024999999441206455, 0.0024999999441206455, 0.0024999999441206455, 0.0024999999441206455, 0.0024999999441206455, 0.0024999999441206455, 0.0024999999441206455, 0.0024999999441206455, 0.0024999999441206455, 0.0024999999441206455, 0.0024999999441206455, 0.0024999999441206455, 0.0024999999441206455, 0.0024999999441206455, 0.0024999999441206455, 0.0024999999441206455, 0.0024999999441206455, 0.0024999999441206455, 0.0024999999441206455, 0.0024999999441206455, 0.0024999999441206455, 0.0024999999441206455, 0.0024999999441206455, 0.0024999999441206455, 0.0024999999441206455, 0.0024999999441206455, 0.0024999999441206455]
volume 	 [-4.574504852294922, -4.574588775634766, -4.5748419761657715, -4.575263500213623, -4.575854301452637, -4.576613426208496, -4.577541351318359, -4.578638076782227, -4.579903602600098, -4.581337928771973, -4.582940578460693, -4.584712505340576, -4.586652755737305, -4.588761806488037, -4.591040134429932, -4.593486309051514, -4.596101760864258, -4.598886013031006, -4.6018385887146, -4.6049604415893555, -4.608250617980957, -4.6117095947265625, -4.615336894989014, -4.619133472442627, -4.623098850250244, -4.627232551574707, -4.631535053253174, -4.6360063552856445, -4.640646457672119, -4.6454548835754395, -4.650432586669922, -4.65557861328125, -4.660893440246582, -4.666377067565918, -4.6720290184021, -4.677849769592285, -4.683839797973633, -4.689997673034668, -4.696324825286865, -4.702820301055908, -4.709484577178955, -4.716317176818848, -4.723319053649902, -4.7304887771606445, -4.737827777862549, -4.745335102081299, -4.753011226654053, -4.760855674743652, -4.768868923187256, -4.777050971984863, -4.785400867462158, -4.793920040130615, -4.802607536315918, -4.811463356018066, -4.820487976074219, -4.829680919647217, -4.839042663574219, -4.848572731018066, -4.858270645141602, -4.868137836456299, -4.878172874450684, -4.888376235961914, -4.898748397827148, -4.90928840637207, -4.919997215270996, -4.930873870849609, -4.941918849945068, -4.953132152557373, -4.964513301849365, -4.976062774658203, -4.9877800941467285, -4.9996657371521, -5.011719226837158, -5.023940563201904, -5.036329746246338, -5.048886775970459, -5.061611175537109, -5.0745038986206055, -5.087563514709473, -5.100790977478027, -5.114185810089111, -5.127748012542725, -5.141477108001709, -5.155373573303223, -5.169436931610107, -5.183667182922363, -5.198063850402832, -5.212627410888672, -5.227357387542725, -5.24225378036499, -5.257315635681152, -5.272543907165527, -5.287937641143799, -5.303497314453125, -5.319221496582031, -5.335111141204834, -5.351165771484375, -5.367384910583496, -5.383767604827881, -5.400314807891846, -5.417025566101074, -5.43389892578125, -5.4509358406066895, -5.46813440322876, -5.485495090484619, -5.503017425537109, -5.520700931549072, -5.538544178009033, -5.55654764175415, -5.574710369110107, -5.593031883239746, -5.611510753631592, -5.6301469802856445, -5.648939609527588, -5.6678876876831055, -5.686989784240723, -5.7062458992004395, -5.725654125213623, -5.745213985443115, -5.764924049377441, -5.784782409667969, -5.804789066314697, -5.824941158294678, -5.845237731933594, -5.8656768798828125, -5.886257648468018, -5.90697717666626, -5.927833557128906, -5.948824882507324, -5.969948768615723, -5.991203308105469, -6.012584686279297, -6.034090518951416, -6.055717945098877, -6.0774641036987305, -6.099325180053711, -6.121297359466553, -6.143377304077148, -6.165559768676758, -6.187841892242432, -6.210216999053955, -6.232682704925537, -6.255231857299805, -6.277858257293701, -6.300557613372803, -6.32332181930542, -6.3461456298828125, -6.369020462036133, -6.391939640045166, -6.414894104003906, -6.437876224517822, -6.460875988006592, -6.483883380889893, -6.506889343261719, -6.529881477355957, -6.552849769592285, -6.575780868530273, -6.598662376403809, -6.6214799880981445, -6.64422082901001, -6.666868686676025, -6.689408302307129, -6.711822986602783, -6.734094619750977, -6.756206512451172, -6.778137683868408, -6.799869537353516, -6.821380615234375, -6.842649459838867, -6.863653659820557, -6.884369373321533, -6.904772758483887, -6.924839496612549, -6.94454288482666, -6.9638566970825195, -6.982754230499268, -7.0012078285217285, -7.019188404083252, -7.036668300628662, -7.053618431091309, -7.070009231567383, -7.085811138153076, -7.1009955406188965, -7.115532398223877, -7.129393577575684, -7.142550468444824, -7.154974937438965, -7.166640281677246, -7.177519798278809, -7.187589645385742, -7.19682502746582, -7.205204963684082, -7.212707996368408, -7.219316482543945, -7.225012302398682, -7.2297821044921875, -7.233612537384033, -7.236495018005371, -7.238420486450195, -7.239384651184082, -7.239384651184082, -7.238420486450195, -7.236495018005371, -7.233612537384033, -7.2297821044921875, -7.225012302398682, -7.219316005706787, -7.212707996368408, -7.205204963684082, -7.1968255043029785, -7.187589645385742, -7.177520275115967, -7.166640281677246, -7.154974937438965, -7.142550468444824, -7.129394054412842, -7.115532398223877, -7.1009955406188965, -7.085811138153076, -7.070009231567383, -7.053618431091309, -7.036668300628662, -7.01918888092041, -7.0012078285217285, -6.982754707336426, -6.9638566970825195, -6.94454288482666, -6.924839496612549, -6.904772758483887, -6.884369850158691, -6.863653659820557, -6.842649459838867, -6.821380615234375, -6.799869537353516, -6.778138160705566, -6.756206512451172, -6.734095096588135, -6.711822986602783, -6.689408779144287, -6.666868686676025, -6.644221305847168, -6.6214799880981445, -6.598662376403809, -6.575780868530273, -6.552849769592285, -6.529881954193115, -6.506889343261719, -6.483883857727051, -6.460875988006592, -6.4378767013549805, -6.4148945808410645, -6.391939640045166, -6.369020938873291, -6.3461456298828125, -6.323322296142578, -6.300557613372803, -6.277858734130859, -6.255231857299805, -6.232683181762695, -6.2102179527282715, -6.187841892242432, -6.165560245513916, -6.143377304077148, -6.121297836303711, -6.099325180053711, -6.077464580535889, -6.055718421936035, -6.034090518951416, -6.012584686279297, -5.991203308105469, -5.969948768615723, -5.948824882507324, -5.9278340339660645, -5.906977653503418, -5.886257648468018, -5.865677356719971, -5.845238208770752, -5.8249406814575195, -5.804789066314697, -5.784782886505127, -5.7649245262146, -5.745213985443115, -5.725654602050781, -5.7062458992004395, -5.686989784240723, -5.6678876876831055, -5.648940086364746, -5.630147457122803, -5.611510753631592, -5.593031883239746, -5.574710845947266, -5.556548118591309, -5.538544178009033, -5.520700931549072, -5.503017902374268, -5.485495090484619, -5.46813440322876, -5.4509358406066895, -5.433899402618408, -5.417025566101074, -5.400314807891846, -5.383768081665039, -5.367384433746338, -5.351165771484375, -5.335111618041992, -5.3192219734191895, -5.303497314453125, -5.287937641143799, -5.272543907165527, -5.257315635681152, -5.24225378036499, -5.227357387542725, -5.21262788772583, -5.198063850402832, -5.183667182922363, -5.169436931610107, -5.155374050140381, -5.141477108001709, -5.127748012542725, -5.1141862869262695, -5.100790977478027, -5.087563514709473, -5.0745038986206055, -5.061611652374268, -5.048886775970459, -5.036329746246338, -5.0239410400390625, -5.011719226837158, -4.9996657371521, -4.987780570983887, -4.976063251495361, -4.964513301849365, -4.953132152557373, -4.941918849945068, -4.930873870849609, -4.919997215270996, -4.90928840637207, -4.898748397827148, -4.888376235961914, -4.878172874450684, -4.868137836456299, -4.85827112197876, -4.848572731018066, -4.839042663574219, -4.829681396484375, -4.820487976074219, -4.811463832855225, -4.802607536315918, -4.793920040130615, -4.785400867462158, -4.777050971984863, -4.768868923187256, -4.760855674743652, -4.753011226654053, -4.745335102081299, -4.737827777862549, -4.7304887771606445, -4.723319053649902, -4.716317176818848, -4.709484577178955, -4.702820301055908, -4.696324825286865, -4.689997673034668, -4.683839797973633, -4.677850246429443, -4.672029495239258, -4.666377067565918, -4.660893440246582, -4.65557861328125, -4.650432586669922, -4.6454548835754395, -4.640646457672119, -4.6360063552856445, -4.631535530090332, -4.627232551574707, -4.623098850250244, -4.619133472442627, -4.615336894989014, -4.6117095947265625, -4.608250617980957, -4.6049604415893555, -4.6018385887146, -4.598886013031006, -4.596101760864258, -4.593486309051514, -4.591040134429932, -4.588761806488037, -4.586652755737305, -4.584712505340576, -4.582940578460693, -4.581337928771973, -4.579903602600098, -4.578638076782227, -4.577541351318359, -4.576613426208496, -4.575854301452637, -4.575263500213623, -4.5748419761657715, -4.574588775634766, -4.574504852294922]
loss_function_weights_cosine 	 [-1.0, 0.0, 0.0, 0.0, 0.0, 0.0, 0.0, 0.0, 0.0, 0.0]
loss_function_weights_sine 	 [0.0, 0.4000000059604645, -0.25999999046325684, 0.0, 0.0, 0.0, 0.0, 0.0, 0.0, 0.0]
=======
4 1.7175 0.7414
5 1.29 1.5172
5 1.7325 1.448
7 0.615 0.6952
4 2.4375 2.6199
6 2.4675 2.4096
7 1.9575 1.511
6 0.48 0.5023
4 1.56 1.7649
4 0.9825 1.9999
7 0.75 0.9686
5 2.8575 2.0942
5 2.9925 2.9627
4 0.135 0.2461
7 2.58 2.5496
6 1.8075 1.5604
4 1.1475 2.2469
5 0.8475 1.0618
7 2.025 1.8341
6 1.3725 1.2659
5 2.055 2.2737
6 1.9875 1.5186
7 0.3975 0.3861
7 2.3025 2.3269
7 2.9475 3.0268
4 2.91 2.8377
5 1.8375 2.0753
4 0.135 0.0566
7 0.015 0.0457
4 0.405 0.5986
6 2.82 2.7202
4 0.9075 0.5543
7 1.095 1.4345
4 2.6925 2.7648
6 0.945 0.8164
5 1.65 1.2633
6 1.305 1.3552
5 0.195 0.2405
5 1.755 1.4931
4 2.535 2.6043
7 0.4725 0.443
5 0.675 0.6848
7 1.2375 1.5556
5 0.1125 0.0917
7 1.4925 1.3328
4 2.4525 1.8668
5 1.9725 1.9049
4 1.5975 1.0772
4 2.565 2.6178
7 0.45 0.4422
6 1.7025 1.125
6 1.125 1.3431
7 1.8075 1.6554
6 0.3375 0.4261
4 2.325 2.1304
7 0.2925 0.2516
4 0.5025 0.4377
7 2.4225 2.3702
5 2.8425 2.8764
6 1.2975 1.6733
5 1.245 1.2488
6 0.735 0.8567
6 0.825 0.7249
7 1.8525 1.5764
5 0.5325 0.3989
7 0.36 0.3857
4 1.365 0.7315
5 0.495 0.5234
4 1.9425 1.6929
7 2.46 2.5192
4 2.3325 1.8489
7 1.44 1.4008
7 1.0425 1.1118
4 1.305 1.0976
4 0.015 0.0809
4 2.1375 1.8095
5 0.9975 1.3142
5 0.96 0.9356
5 0.24 0.2053
6 1.3425 1.485
4 1.7475 0.6085
4 1.17 1.787
6 2.61 2.5457
6 2.0175 1.8728
5 0.7275 0.9192
6 1.575 1.9935
5 2.73 2.8517
5 1.56 1.1677
6 1.8075 1.7987
5 0.1875 0.1435
5 1.47 0.8378
7 1.3875 1.6754
4 1.2 1.2212
6 1.26 1.9669
4 1.755 2.1276
4 1.6125 1.5094
6 1.47 1.4164
4 0.495 0.16
7 1.3275 1.5779
6 2.9025 2.9362
6 1.245 1.1268
4 0.105 0.1355
5 0.0075 0.0513
7 1.605 1.6855
6 0.15 0.1517
4 0.2775 0.6919
6 0.33 0.2856
7 1.365 1.9864
7 2.9775 3.0605
4 1.455 0.8893
7 1.3725 1.339
4 1.3125 0.7477
4 1.5 2.3111
5 1.3425 1.4937
6 2.175 2.0266
5 2.6925 2.7846
6 2.0925 1.9317
6 1.2675 1.6857
5 1.95 1.7874
4 2.73 2.4649
4 0.4575 0.4944
7 0.7125 0.7567
4 1.86 1.0075
6 2.0625 2.0366
6 1.9275 1.7801
7 1.7625 2.1631
4 2.49 2.4405
6 1.44 1.4808
6 2.4225 2.3487
5 2.8875 2.9252
6 1.305 0.9562
5 2.58 2.4043
5 2.1525 1.9244
6 2.6625 2.6858
7 0.135 0.0704
7 2.7375 2.7334
6 2.3025 0.5045
5 2.8875 2.83
5 2.9475 2.9898
7 0.855 0.6746
7 2.01 1.7766
4 0.4275 0.5462
5 1.785 0.7842
7 2.76 2.856
4 0.5775 0.796
6 1.05 0.964
7 0.24 0.194
5 0.585 0.8048
6 0.6225 0.7547
5 0.285 0.3476
6 2.9925 2.9841
7 2.6625 2.6937
5 1.395 1.2898
4 2.2275 1.7581
5 2.085 1.4822
5 1.5675 1.5402
5 1.2675 1.4941
7 1.995 1.538
7 1.665 1.7067
5 0.795 1.0719
7 1.095 1.1797
7 1.8825 2.0035
5 1.8825 1.4478
5 0.63 0.6855
5 1.83 1.9035
5 2.625 2.5301
7 2.6175 2.5705
4 1.9575 0.8213
4 0.21 0.1059
4 1.2675 1.3103
4 0.27 0.2686
5 0.165 0.1619
4 0.765 0.6424
5 1.3725 1.7632
6 2.28 2.0504
6 1.89 1.9495
5 0.8475 1.0566
7 2.085 1.8274
4 1.5225 1.9455
5 1.5225 1.363
7 0.7875 0.9213
7 1.3275 1.1548
7 1.0275 0.919
4 2.1825 0.81
7 1.4475 1.2988
5 1.3425 1.2676
7 1.4325 1.2421
6 1.44 1.4836
7 2.07 1.9165
4 2.16 1.7865
4 2.4 2.3147
4 1.215 1.986
4 2.3775 1.5406
6 2.895 2.8434
6 2.9775 2.9071
4 2.16 2.1601
4 0.195 0.5071
5 2.5425 2.4153
6 2.5125 2.4592
4 0.0525 0.1291
6 0.9825 0.9392
4 0.9675 1.3148
7 2.22 2.1576
4 1.83 1.3083
4 0.8475 2.2707
5 0.5625 0.3972
4 0.5025 0.4283
4 0.285 0.8975
7 2.37 2.2244
7 2.805 2.8318
4 0.66 1.0018
7 2.235 2.3004
7 2.85 2.7412
7 0.5775 0.6063
5 1.7175 0.9993
5 1.32 0.9691
7 2.925 2.9938
6 2.61 2.7351
7 0.045 -0.0048
7 0.6075 0.6463
5 2.5425 2.6653
4 1.725 2.3963
5 1.5675 0.9449
7 2.43 2.4567
7 2.295 2.2597
6 2.865 2.9405
4 0.9825 0.4925
4 0.1425 0.1479
5 2.0775 1.9416
4 0.15 0.21
4 1.695 1.1173
6 2.58 2.4384
4 1.1925 1.4944
6 1.8 1.3293
5 0.5175 0.6459
6 0.4725 0.5499
6 1.815 1.6942
6 2.595 2.5577
4 2.9925 2.8743
5 0.09 0.0538
4 2.76 2.7808
7 1.53 2.0105
6 1.05 0.8356
4 1.1925 1.1332
7 1.7325 1.6432
5 1.0425 1.2104
7 0.435 0.48
6 2.595 2.6235
6 2.1225 1.5339
7 1.83 1.6829
7 2.1675 2.0423
5 2.955 2.9726
6 0.525 0.5331
4 2.475 2.2187
7 2.4675 2.4662
7 1.0275 0.9729
4 1.68 2.5811
7 1.3725 1.2512
5 0.585 0.5065
7 1.2975 1.3911
4 0.4575 0.6255
7 2.7975 2.7334
5 0.5625 0.6476
4 1.905 1.8503
5 1.71 1.9696
5 2.925 2.8902
5 2.3775 2.3049
5 1.08 1.5584
6 1.125 1.7926
6 0.15 0.1134
5 0.1575 0.3913
7 0.93 0.9384
5 2.85 2.8961
5 0.15 0.0691
4 0.5325 0.7354
7 1.905 1.7214
6 1.08 1.1784
7 0.555 0.4339
7 2.8425 2.8063
6 0.1275 0.1683
4 1.7925 0.9486
4 1.29 1.5409
4 1.035 1.2461
6 0.585 0.7069
5 0.4875 0.5582
5 1.215 1.3773
6 2.2575 2.3178
4 1.4025 1.4756
7 2.3325 2.4101
7 2.6325 2.6513
7 0.5175 0.5163
4 2.64 2.3276
7 1.7475 1.7245
5 1.26 1.1916
4 1.5375 1.0307
6 2.67 2.5335
7 1.1775 1.112
7 0.285 0.2961
6 2.88 2.7869
7 0.3525 0.3041
7 0.3225 0.2409
6 2.1675 2.0882
4 0.93 1.7524
6 0.87 1.3563
5 1.95 1.9109
4 2.6775 2.7504
5 1.035 1.6158
7 2.7225 2.6333
7 1.86 1.5462
4 1.8225 1.6446
6 1.5975 1.6045
6 0.0375 0.062
4 0.4725 0.6723
4 2.0325 1.7359
4 2.0775 2.1055
7 0.2925 0.2583
7 1.9125 1.6843
4 1.425 1.0155
6 1.7325 1.8012
5 1.2 0.8889
6 0.6525 0.5828
5 1.065 0.778
4 2.91 2.8441
6 0.5625 0.4355
4 2.5875 2.4772
7 1.59 1.4088
4 0.225 0.0342
5 2.43 2.2704
4 0.0525 0.1586
6 2.5125 2.4998
4 1.0125 0.8435
7 2.7525 2.7335
4 2.1825 2.1995
5 1.0725 1.1886
4 1.875 1.2994
4 2.9625 2.9372
4 0.51 0.8015
6 0.615 0.6494
4 0.87 1.9358
7 2.46 2.5409
4 0.7425 1.6854
6 0.7425 0.7131
5 1.845 1.9929
5 1.755 1.691
7 1.2525 1.3201
5 1.65 1.2383
6 0.09 0.1298
7 0.015 0.1069
4 0.0825 0.1489
5 0.165 0.0979
6 2.31 2.2451
5 2.94 2.9221
7 0.375 0.3038
7 1.155 1.1533
4 0.045 0.2305
6 1.305 1.2232
7 1.9875 1.8924
4 1.875 2.0839
4 2.7075 2.4616
6 1.6575 1.4259
5 0.1575 0.2362
4 1.1325 1.4812
4 1.38 0.9922
4 1.005 1.1512
5 0.105 0.1978
7 1.8825 1.9129
7 1.47 1.7452
6 2.13 2.1676
7 1.095 1.2815
7 0.21 0.2685
7 0.795 0.6621
5 0.525 0.7074
6 1.38 1.6465
6 0.4575 0.4024
5 0.2325 0.1144
6 1.575 1.6601
7 0.42 0.4689
6 0.315 0.2779
6 0.36 0.3439
7 2.115 2.2731
6 2.4225 2.4425
4 2.43 2.5743
4 1.725 0.9803
6 1.905 1.5596
7 2.2575 2.31
7 1.2825 1.4641
6 1.53 1.6571
4 2.1375 1.7673
6 1.905 1.8793
4 1.83 2.2953
7 1.9425 2.0044
6 1.605 1.5008
6 0.645 0.6677
4 0.915 1.384
7 2.0775 2.1094
4 1.26 0.8577
4 2.5725 2.2535
4 1.125 2.067
7 2.01 1.8686
5 0.345 0.2329
6 0.9 0.8191
6 2.55 2.407
4 0.525 0.6121
7 1.875 1.8151
7 0.0825 0.1339
5 1.83 1.8117
4 1.3575 1.3397
5 2.7 2.6472
7 2.475 2.5348
5 2.3175 2.409
7 1.0125 1.1385
5 2.01 0.7888
7 0.465 0.4189
5 1.47 1.8915
6 1.17 1.8061
6 1.41 1.5643
5 0.825 1.1255
4 0.6375 0.7125
5 1.56 1.1823
7 1.9575 1.6414
6 1.6875 1.3726
6 2.8575 2.8121
6 1.6725 1.5898
4 0.45 0.5459
4 1.9275 1.5232
7 0.9525 0.9053
5 2.8125 2.8993
4 0.39 0.3024
4 1.3725 1.3005
4 2.0175 2.3075
4 2.91 2.6706
4 1.5675 0.9617
4 1.14 1.4473
7 2.3325 2.332
6 2.3625 2.4098
7 2.7375 2.7954
7 2.1675 2.1266
4 0.3825 0.5256
7 2.9775 2.8949
4 2.79 2.905
5 1.305 1.0823
4 1.98 1.6013
6 2.505 2.5074
6 2.7525 2.6694
4 2.1675 1.2159
4 0.27 0.2854
6 0.2025 0.1075
4 1.1025 1.4257
5 1.365 1.5847
4 0.9375 1.3534
5 2.25 2.3868
5 2.2875 2.2477
7 1.2 1.5327
4 2.0925 1.8759
5 0.5775 0.419
7 2.8575 2.9115
7 0.7275 0.8307
7 0.465 0.4084
6 1.1475 1.1601
5 2.5875 2.4613
6 1.7925 1.0538
5 2.055 2.2684
6 2.4525 2.5681
5 1.155 1.3835
4 2.88 2.783
6 2.9625 2.8017
4 1.605 1.0955
5 2.25 1.3301
5 2.565 2.4853
4 1.7775 2.0135
7 0.39 0.4109
6 1.9725 1.8307
7 1.365 1.8121
6 2.565 2.5134
4 0.63 1.1848
4 0.0375 0.1716
5 0.54 0.4558
7 0.51 0.444
4 1.155 0.6524
5 0.6225 0.9969
6 1.005 0.936
7 1.77 2.0645
7 0.465 0.6031
7 1.455 1.5649
5 1.065 1.6465
4 0.015 0.0745
6 2.025 1.9548
6 1.5075 1.6069
6 2.325 2.3606
7 2.6325 2.6121
4 0.1425 0.0625
5 2.145 2.2287
5 1.38 1.7216
4 2.625 2.8781
7 0.345 0.4408
5 2.52 2.5128
6 1.29 1.1195
4 0.2775 0.1532
7 1.3875 1.3067
5 2.6325 2.6235
7 0.2175 0.1559
6 1.1325 1.027
6 0.24 0.1871
4 0.0225 0.158
6 2.4825 2.5693
6 1.65 1.4712
4 1.71 1.4075
6 2.7 2.5519
6 0.255 0.4697
5 2.835 2.9
6 2.2575 2.3804
7 2.55 2.5993
5 2.445 2.2572
6 1.185 1.2721
6 0.0675 0.1015
5 2.9925 2.9496
5 1.8975 2.2242
5 2.1375 2.5786
6 2.085 2.1561
5 0.9 0.8247
6 1.9725 1.968
7 1.35 1.446
5 0.6825 0.9383
4 1.5 0.9895
5 1.4025 0.8282
5 0.9075 1.0037
7 2.25 2.1911
6 2.73 2.6118
4 1.7925 1.8257
5 0.0675 0.082
5 1.635 1.8208
7 1.89 1.7785
6 2.445 2.4071
7 0.9075 1.0418
5 0.705 0.7781
7 1.1175 1.2533
5 0.48 0.4538
7 2.34 2.4057
5 0.0825 0.0803
4 1.695 1.0591
7 2.4975 2.4238
7 0.0975 0.0958
5 0.495 0.8436
5 2.9775 2.8642
4 0.9225 0.7543
5 2.3025 2.1682
7 0.0825 0.2349
7 1.4025 1.4835
7 0.1275 0.0982
7 0.735 0.922
6 0.0525 0.0337
6 2.04 1.9769
7 1.365 1.4862
6 1.0575 1.3076
5 1.26 1.69
6 2.04 1.7559
4 0.78 0.8579
7 0.465 0.3682
7 0.1275 0.0747
4 1.965 1.3121
7 1.995 1.9796
7 0.72 0.7832
6 1.545 1.5122
5 2.91 2.9252
4 1.4175 1.2012
7 2.295 2.3984
6 1.05 0.798
7 1.6575 1.5311
6 2.3325 1.8311
7 2.0925 1.9362
7 1.7925 1.2825
4 0.885 0.8491
6 0.1725 0.1272
7 1.4475 1.4503
5 2.1675 2.0575
7 1.08 1.3057
4 2.1825 2.4735
6 1.41 1.0892
7 0.21 0.2724
6 1.74 1.5767
6 1.65 1.6257
6 0.9675 1.2545
6 0.6 0.6423
6 2.955 2.8437
4 1.755 1.0679
4 2.175 1.5648
7 0.1275 0.1272
6 2.1975 2.1444
6 0.4875 0.4285
5 1.4475 1.241
7 1.1775 1.6218
7 1.17 1.199
6 2.37 2.185
4 0.6075 1.0502
5 2.835 2.9245
4 2.55 2.6319
4 1.4775 1.6782
7 2.625 2.5752
7 1.65 1.6445
5 2.7525 2.6615
4 1.4625 1.5064
7 2.9325 2.9138
4 2.235 2.0497
6 1.9725 1.8147
6 2.985 2.8772
7 2.085 2.0058
4 0.735 1.4753
4 1.9425 1.0605
4 0.51 0.685
4 1.215 0.904
7 2.1075 2.1466
4 0.57 0.6882
5 1.2675 1.0372
4 0.69 1.3138
6 1.245 1.2233
7 0.6975 0.6946
6 2.1075 2.179
4 2.505 2.6046
4 1.44 0.5326
5 2.1375 2.1358
7 2.265 2.3736
5 2.4225 2.454
6 2.4075 2.2782
4 1.9725 2.2687
7 2.2125 2.1331
4 2.19 2.0395
7 1.5675 1.6021
7 2.385 2.5646
4 0.57 2.9791
5 2.16 1.8918
6 1.9125 1.85
6 1.62 0.9947
5 1.815 1.8991
7 2.7525 2.7041
5 2.37 2.4184
7 2.07 1.7379
7 2.7 2.7613
6 2.6175 2.7761
5 0.9825 0.9729
7 2.58 2.5375
6 2.655 2.5767
5 1.7475 1.4208
4 2.775 2.7917
4 0.525 1.2136
7 2.4075 2.4169
5 0.7275 1.0072
5 1.2 0.7718
5 1.5225 1.1378
5 1.2675 0.7298
4 1.5525 1.891
5 0.2775 0.2839
4 0.18 0.2622
7 2.175 2.0396
6 0.81 0.7288
6 0.8325 0.7081
6 2.1 1.8305
4 2.2725 1.7069
4 1.605 1.8099
4 2.4525 2.6914
5 1.05 1.3769
4 2.67 2.3401
6 1.9125 1.4833
6 2.5425 2.54
6 2.445 2.2558
5 2.1 1.6169
7 2.775 2.7058
7 2.265 2.2472
6 1.35 1.5378
4 0.3525 0.1408
6 1.2075 1.0093
6 1.845 1.7995
7 0.0675 -0.0267
4 1.7925 1.0542
5 1.2225 1.2228
6 1.425 1.3339
7 0.195 0.3051
4 0.2325 0.0814
5 1.9425 1.9528
6 0.81 0.8516
6 0.465 0.487
6 2.6025 2.4892
4 0.1725 0.3418
7 2.1075 2.178
7 2.4675 2.4532
7 2.6925 2.7391
5 1.98 1.4506
7 0.1575 0.1177
7 1.3125 1.5626
4 2.625 2.4351
4 1.23 2.0819
5 1.605 1.209
6 2.2275 2.2114
6 1.7325 1.8032
6 1.08 1.0771
5 1.7775 1.2422
7 1.395 1.3081
4 0.9975 0.5603
4 0.21 0.1065
4 0.78 1.2536
4 2.985 2.8858
5 0.8775 1.2362
4 1.0425 1.3902
4 2.94 2.8213
4 0.3075 0.3143
4 0.7575 1.2362
7 1.1325 1.1178
7 1.395 1.4723
6 1.215 1.3983
7 0.825 0.9308
6 0.45 0.4675
6 1.665 1.3207
5 0.51 0.5453
7 0.0075 -0.015
5 2.28 2.2385
5 2.2875 1.8487
7 1.08 1.2198
4 2.6475 2.3009
5 0.48 0.6039
4 2.7 2.8296
7 2.0475 1.93
4 2.01 0.8289
5 0.15 0.078
7 2.2875 2.1445
7 0.51 0.4222
6 1.605 1.4381
6 1.65 2.1677
7 0.18 0.088
4 0.885 0.4803
4 2.76 2.8385
5 2.28 2.2688
5 0.9225 1.8679
7 2.9325 3.0126
7 0.2175 0.1937
4 1.9575 1.246
7 2.4075 2.4834
6 2.5425 2.5205
6 1.9425 1.6211
6 2.22 2.1272
5 0.7425 1.1376
5 2.3475 2.2594
7 2.04 1.9313
4 1.725 1.1555
6 0.8025 0.6542
7 2.0175 2.1193
4 0.15 0.0907
5 1.5075 1.5626
5 1.9725 2.0411
5 1.0125 0.7605
7 1.8 1.4849
6 0.165 0.199
4 1.005 1.9518
7 1.47 1.5696
4 2.4825 2.1109
7 1.6125 1.5191
5 2.79 2.7953
6 1.1175 1.254
4 2.6775 2.5622
6 1.7475 1.2674
7 1.41 1.2863
4 0.5475 0.3363
4 2.4825 2.2204
5 2.385 1.9784
5 1.1625 1.2202
4 0.9675 1.9921
4 0.825 0.8232
6 1.02 1.0494
5 0.27 0.3236
6 2.565 2.5622
4 1.305 1.4534
4 0.5325 0.601
6 2.0475 2.1556
7 0.525 0.605
6 2.64 2.6546
4 0.015 0.0578
4 1.6575 1.872
6 1.92 1.9973
7 1.0275 1.2378
6 0.5775 0.5686
4 2.7 2.6983
7 1.7775 1.4223
7 2.085 2.0347
5 0.495 0.3038
7 0.03 0.0349
6 2.7225 2.7473
7 0.5625 0.6055
4 0.165 0.3799
6 2.3325 2.4224
7 1.7025 1.5369
5 0.0525 0.1621
4 1.6725 1.5667
7 1.53 1.7933
7 2.7675 2.7062
7 1.77 1.6407
6 0.45 0.6866
4 1.875 1.9704
6 2.4 2.3671
4 2.9025 2.8621
4 0.93 0.8843
4 1.7325 1.027
4 0.1425 0.1969
5 2.865 2.8684
5 0.4275 0.6153
6 1.9575 1.9843
5 2.565 2.6879
4 1.44 0.966
5 2.9325 2.8688
6 1.2225 1.1213
7 1.7025 1.8042
7 2.5575 2.6013
5 0.0525 0.1164
5 2.5875 2.6081
5 2.535 2.434
7 0.495 0.5379
4 2.0925 1.8841
4 0.825 1.7276
5 0.5775 0.3425
6 1.53 2.1023
6 2.1375 1.9416
4 1.14 1.4796
6 1.02 1.2673
4 0.675 1.0265
7 1.725 1.3076
6 1.7475 1.1685
4 2.6025 2.314
6 2.505 2.4909
4 0.0225 0.0966
5 0.4425 0.2302
7 0.3975 0.3093
5 0.8175 1.1112
5 2.2275 2.4246
7 1.47 1.4814
4 2.19 2.3512
6 2.5275 2.4027
7 1.11 1.1235
6 0.0075 -0.0153
4 0.6375 1.3857
6 1.8525 1.7081
5 1.7175 1.0695
7 0.615 0.6452
7 2.265 2.1509
6 0.09 0.0377
4 0.465 0.3101
5 1.5525 1.3445
4 1.815 1.2634
5 2.7525 2.6794
5 1.155 1.1872
7 2.4375 2.5012
4 1.4175 1.2654
6 0.9075 0.9756
4 2.8575 2.9257
5 1.485 1.6682
4 2.1225 2.0147
7 0.8775 0.9133
7 2.655 2.7621
4 1.4325 1.5623
5 0.1425 0.1013
7 0.2025 0.153
7 1.0575 1.4026
7 1.2825 1.2998
5 0.33 0.16
4 2.55 2.4908
6 1.6725 1.5763
6 2.8425 2.8538
4 1.95 0.7147
6 2.4 2.3705
6 0.51 0.5127
7 0.135 0.1051
6 0.6825 0.6374
5 1.26 1.5977
5 0.15 0.1739
4 2.7825 2.4991
5 0.9 1.1955
7 2.3775 2.4515
4 0.135 0.0627
5 2.55 2.3431
4 0.9975 0.7511
5 1.545 1.584
4 1.83 1.4919
4 1.83 1.3901
4 0.885 0.7774
6 0.765 0.972
5 1.1625 1.8032
7 1.665 1.3522
5 0.0 0.0367
7 0.6825 0.6087
7 0.21 0.1928
7 2.4975 2.4653
7 2.1 2.2377
7 2.4975 2.5703
7 2.01 1.9827
7 0.105 -0.0202
6 0.9825 1.2828
7 2.6475 2.6202
5 1.4025 1.5342
5 0.9675 1.1463
4 0.4725 1.0518
5 2.7375 2.7139
5 0.285 0.1076
7 1.08 1.077
4 0.945 1.0936
5 1.9125 1.9126
7 2.7375 2.788
6 2.22 2.1656
4 2.895 2.9247
4 0.855 0.8964
4 2.235 0.6769
6 2.1375 1.7034
4 0.1575 0.1034
5 1.725 2.0746
4 2.6325 2.6021
6 0.09 0.1225
5 0.6825 0.6348
7 1.605 1.3971
7 1.8225 1.966
6 1.635 1.5408
7 2.6475 2.5228
7 1.14 1.3548
7 1.9725 1.9966
5 1.635 2.1399
4 2.4675 1.8766
6 1.17 1.4503
7 2.76 2.8338
7 2.5425 2.5897
7 2.1675 1.9533
7 2.745 2.7653
4 1.9875 0.8628
6 0.885 1.2089
6 2.88 2.9078
7 1.0575 1.2459
7 1.0425 1.237
6 1.8825 1.9436
6 1.5 0.9535
7 2.9925 3.0053
6 1.245 1.7903
6 2.7975 2.7307
7 1.35 1.405
7 0.675 0.7557
7 1.605 1.9508
6 2.0175 1.1133
4 0.9 0.9233
7 1.7625 1.4346
4 1.3125 0.8739
7 0.0675 0.1285
6 0.195 0.2904
5 1.14 0.7422
7 2.1 2.111
7 0.4725 0.6316
7 2.8875 2.8198
5 1.0875 1.3599
7 0.3225 0.3244
4 0.5625 0.9241
7 2.76 2.8284
5 2.535 2.6636
6 1.9875 1.7932
4 0.1725 0.3473
6 1.9275 1.9547
7 0.0675 0.0534
7 0.705 0.9071
6 0.2025 0.2097
6 2.01 1.9989
4 2.46 2.3538
4 0.7875 1.1893
7 2.985 2.9958
5 1.6275 1.385
6 2.55 2.5328
5 0.5925 1.1286
7 2.3925 2.3592
7 1.89 1.4782
6 0.2325 0.2047
7 2.295 2.1834
7 2.295 2.2055
4 1.1325 0.8661
5 0.795 1.3386
4 0.225 0.3503
4 1.8075 1.212
4 0.9 1.8384
6 0.6975 1.0223
4 1.35 1.2727
4 0.3825 0.6424
7 1.98 1.8427
6 0.975 1.5483
5 0.885 1.6747
6 1.2975 1.8353
4 1.305 1.651
6 1.305 1.5539
5 0.765 1.076
7 2.2575 2.3489
6 2.685 2.7923
7 1.695 1.9958
4 2.1675 1.3676
4 2.43 2.4788
6 0.855 0.9177
7 2.61 2.7028
7 1.71 1.7633
7 1.905 1.9767
4 1.6575 1.1361
4 2.655 2.5813
4 1.4775 1.4221
4 2.13 1.8076
6 0.78 0.8888
4 0.48 0.3995
5 1.62 1.7106
7 2.475 2.5057
7 0.435 0.5485
5 2.175 1.4384
4 0.825 1.0492
6 0.3375 0.29
6 2.43 2.4098
7 0.1725 0.1882
5 1.26 1.7459
4 1.965 1.6703
7 2.1075 2.1685
5 2.295 2.1864
4 0.3 0.486
6 0.39 0.3865
5 0.915 1.0445
6 2.5275 2.5167
4 2.685 0.7604
5 1.2675 1.743
5 0.8475 1.2503
7 1.845 1.9458
7 1.29 1.5854
4 0.06 0.1954
4 1.8225 1.9529
7 2.7825 2.7012
5 1.995 1.7103
5 2.175 2.0057
4 0.21 0.115
5 1.8375 1.1605
7 2.82 2.8549
4 0.8175 2.1406
6 0.96 1.194
4 0.75 0.3831
6 1.7925 2.0655
4 1.035 1.4394
7 2.55 2.4363
5 2.0325 1.2181
6 1.635 1.4543
5 2.2875 2.0149
4 0.6225 0.5971
6 0.75 0.9357
5 1.2675 0.9569
5 1.185 1.1439
5 1.32 0.9557
5 2.9625 2.8892
4 0.975 1.0341
5 2.5425 2.6457
6 2.4975 2.4801
7 0.9525 1.2791
7 1.1775 1.1418
7 0.0675 0.1224
6 2.085 1.9142
4 1.455 1.9888
5 0.51 0.5333
7 2.7075 2.7415
5 1.3425 1.6811
6 0.7275 0.7166
4 1.425 0.7531
7 0.51 0.4785
7 0.72 0.7832
6 1.935 2.057
4 1.965 2.3573
4 0.315 0.3491
5 2.205 1.789
7 2.3175 2.2443
5 1.6125 1.1888
4 1.83 1.0101
5 1.83 1.4166
5 2.325 2.0167
4 2.1375 2.4935
7 2.355 2.41
5 1.5525 1.7222
7 1.4025 1.7364
6 0.42 0.4403
4 2.0175 1.7174
5 1.9275 1.9909
6 2.31 2.3481
7 1.9425 1.9401
7 1.485 1.4962
5 0.1725 0.1849
7 1.95 1.9527
7 2.025 1.8427
6 0.405 0.4777
6 0.705 0.5764
7 1.3875 1.1503
6 0.3525 0.3642
7 2.985 3.0044
4 0.2175 0.2904
4 2.1 1.684
7 2.6175 2.5795
6 0.18 0.1767
4 1.44 1.6885
6 1.32 1.4153
5 2.9325 2.9889
5 2.88 2.8922
4 1.7475 0.8621
4 2.25 2.4044
4 2.6025 2.6879
7 0.3225 0.2007
5 0.33 0.0874
5 1.92 1.834
5 2.7225 2.7106
7 2.13 2.0471
4 2.7375 2.6138
6 0.495 0.635
5 0.825 1.0569
4 0.57 0.3923
4 1.62 1.8067
7 2.8725 2.8808
7 0.6 0.4891
7 1.335 1.4368
4 1.4025 1.2559
7 1.6425 1.7318
6 0.9 0.8427
6 1.3425 0.9773
7 0.0 -0.0136
5 0.0075 0.061
5 1.575 2.3213
7 0.315 0.3875
6 1.83 1.6248
5 1.23 1.1779
7 1.2975 1.5245
5 0.8925 0.7874
5 2.5875 2.6432
6 1.035 1.143
5 2.595 2.5081
6 0.195 0.1024
4 1.8975 2.3591
5 0.555 0.5756
5 2.775 2.5656
6 0.135 0.1428
5 2.4975 2.435
6 2.3025 2.2905
4 1.1925 0.7788
6 0.195 0.2225
7 2.1225 2.1568
5 2.175 2.1066
6 2.3775 2.4414
6 2.04 2.0341
7 2.4675 2.4745
6 1.1925 1.5458
7 1.9425 1.9838
4 2.7075 2.8759
7 0.8775 1.1971
6 0.6825 0.6706
4 0.9075 1.3723
6 0.0525 0.0438
4 2.5275 2.7337
6 0.525 0.5149
4 0.0225 0.2132
5 0.7875 1.0766
4 1.41 1.3048
4 2.7075 2.7084
5 1.05 2.5539
5 2.595 2.4848
6 2.79 2.7968
6 2.9625 2.948
7 1.755 1.8392
7 1.9725 1.9785
5 1.6575 1.843
7 2.3625 2.3154
6 2.0625 1.8717
6 0.3075 0.3581
5 1.23 0.982
6 2.5575 2.6319
6 1.2675 1.8721
6 2.3625 2.3858
6 2.535 2.4043
6 2.3175 2.3091
6 2.1825 1.7656
5 0.9975 1.2721
6 1.5075 1.4293
7 2.5125 2.4443
4 1.305 1.991
6 1.725 1.4609
5 0.15 0.109
6 1.3125 1.4072
7 1.5 1.64
4 0.4725 0.338
5 1.1625 1.7441
4 0.2325 0.179
4 2.9025 2.5508
7 0.42 0.4941
5 2.1525 2.2493
7 0.8025 1.0655
5 2.94 3.0229
5 2.58 2.5873
7 1.5975 1.5365
4 0.7275 1.0262
7 0.285 0.2742
4 1.2825 0.9974
7 1.005 1.008
7 0.6375 0.7032
4 2.775 2.7465
6 1.8525 1.6867
7 0.3525 0.3367
5 1.395 1.2487
6 0.9825 1.062
5 2.3775 2.0944
4 1.7175 1.9179
6 0.0525 0.0253
6 1.59 1.5565
4 1.44 1.8455
5 0.78 0.6087
4 1.3125 1.035
5 0.78 0.5989
4 0.3975 0.2275
6 0.8925 0.7385
5 2.985 2.9292
7 0.18 0.2263
4 1.7175 1.3344
7 2.46 2.4333
6 2.595 2.6706
5 1.38 2.1555
5 2.1375 1.9223
4 1.425 1.6264
5 1.7025 2.0138
4 0.4575 0.3884
5 2.46 2.3779
6 2.4075 2.3653
4 0.8025 0.5075
4 1.8225 2.3116
7 0.6075 0.5244
6 2.37 2.2072
4 0.3975 0.6464
5 0.5925 0.6703
6 1.41 0.9619
4 0.9675 0.9337
7 1.32 1.9483
7 0.3675 0.3544
6 2.115 1.6496
6 0.48 0.546
5 0.285 0.2556
7 1.62 1.5409
7 2.4825 2.5477
7 1.98 1.7429
7 2.19 2.1824
6 0.78 0.568
4 1.0875 0.6941
7 1.8 1.712
7 0.9225 1.4758
7 1.1025 1.372
6 2.3175 2.4378
6 0.255 0.1669
7 1.9425 1.857
6 0.885 0.9567
7 0.795 0.831
5 2.43 2.1452
6 2.4675 2.3638
7 0.195 0.2419
7 0.2775 0.4062
4 1.08 1.0628
7 1.3275 1.739
6 1.215 1.0024
4 1.935 1.4802
7 1.1175 1.1887
4 0.69 0.6943
7 2.925 2.9483
6 2.985 3.0082
4 2.445 2.3146
7 2.535 2.5444
4 2.94 2.8255
6 2.355 2.4433
4 1.695 1.3464
7 0.15 0.1732
6 0.615 0.6789
6 1.7775 1.5659
7 1.4775 1.3373
7 2.5425 2.5388
4 0.0375 0.1523
6 1.2675 1.4623
5 0.2325 0.1973
7 0.84 0.987
7 1.1325 1.2649
6 2.205 2.0852
4 2.265 0.9201
4 2.0925 2.3435
5 1.305 1.2829
5 1.5675 1.4814
7 2.2425 2.1652
4 2.085 1.3639
6 0.57 0.4032
4 2.5875 2.6066
7 2.4375 2.4893
7 2.175 2.1504
7 1.9425 2.0912
4 1.6275 2.1054
7 0.5475 0.5101
6 0.225 0.3461
6 0.2625 0.3352
5 0.12 0.1158
4 0.675 0.5448
6 2.985 3.0542
4 1.7325 1.8454
6 0.0 -0.0051
5 2.5125 2.556
4 0.165 0.1693
4 1.2375 1.2748
5 1.71 1.766
6 0.825 0.7391
7 2.595 2.6151
6 1.38 1.9228
7 1.845 2.0011
4 2.685 2.7382
6 0.9975 1.0171
5 2.3325 2.3301
7 2.265 2.2745
5 1.605 1.8777
5 0.9525 1.4797
7 2.9775 2.8898
7 1.35 1.4334
6 1.275 1.3696
6 1.8525 1.5173
4 0.705 0.8962
5 1.3875 1.3315
6 0.8325 0.9487
4 1.665 1.2461
6 0.42 0.404
6 0.09 0.0829
5 2.085 1.8853
5 0.735 0.7613
4 0.0375 0.198
6 0.4575 0.4518
4 2.385 2.5204
4 2.775 2.6224
6 2.88 2.8009
6 1.2 1.4004
6 1.3575 1.1486
6 1.7925 1.6558
7 2.79 2.7755
5 2.235 2.1548
6 2.4975 2.3656
7 0.285 0.2605
5 1.635 1.1243
7 2.01 2.0149
5 0.735 0.7886
5 1.155 1.281
6 0.225 0.2557
4 2.2725 2.0383
7 1.6425 1.591
6 0.36 0.3903
5 2.265 1.8536
4 2.8425 2.7637
5 1.4325 1.5448
5 2.7075 2.7939
6 1.8075 1.7286
7 1.065 0.9781
4 1.395 1.6255
4 2.895 2.7474
4 2.61 2.5788
6 1.2975 1.4566
7 1.77 1.5237
6 1.005 1.0933
6 2.5425 2.4757
5 2.4825 2.4711
6 1.0125 0.8246
4 1.05 0.6512
4 2.8425 2.7293
7 1.635 1.6504
4 0.195 0.1331
4 0.42 0.4588
4 2.5875 2.4552
4 2.79 2.7846
7 0.3975 0.4472
6 2.5275 2.5171
5 0.2325 0.3087
6 0.9825 0.9542
6 1.3125 1.3045
5 2.67 2.6884
4 1.3575 1.1813
6 1.14 1.4295
6 1.5525 1.6136
4 0.1875 0.2201
6 1.47 1.4868
5 0.705 0.5168
6 0.4725 0.4807
5 0.1725 0.1909
4 2.6775 2.7958
4 0.705 1.0745
6 2.025 1.9426
6 1.2 1.5103
6 1.1925 1.4424
4 2.4825 2.3725
7 0.7575 0.7943
5 1.3575 1.1569
5 1.3425 1.1317
5 2.3025 2.4065
7 2.7525 2.714
5 1.17 1.9009
7 0.135 0.1798
5 0.21 0.1033
7 1.9725 1.9515
6 2.1375 2.2512
5 0.075 0.0748
6 2.925 2.8991
4 1.6425 0.6374
7 0.555 0.5037
4 0.06 0.0639
4 1.1475 1.6353
4 0.5025 0.6488
7 2.745 2.7315
6 0.435 0.612
6 2.0775 1.9406
5 1.32 1.3709
7 2.775 2.7064
6 1.4475 1.3502
4 1.9425 1.6463
5 2.97 2.8331
4 1.1025 1.478
4 1.5825 1.4839
6 1.3725 1.059
6 2.2125 2.2761
6 0.7425 0.742
5 0.2775 0.185
7 2.3175 0.8365
4 1.83 0.9463
5 1.41 1.02
4 1.335 1.1401
7 2.58 2.6498
4 0.9225 0.8782
6 0.8175 0.9968
6 2.5275 2.6242
7 0.93 0.9385
7 2.4825 2.4541
5 0.165 0.1654
6 0.9675 1.0199
4 0.9225 1.4557
5 2.535 2.4702
5 1.3275 1.5341
4 2.985 2.7892
6 2.2875 1.9032
4 2.085 1.4549
7 1.035 1.2076
7 1.6125 1.9109
4 1.68 1.4057
7 1.365 1.2425
7 0.33 0.5059
6 0.96 1.1844
7 1.5225 1.5812
4 0.87 0.4214
6 1.6875 1.9577
7 0.84 1.16
5 2.49 2.5884
5 0.5775 0.5418
6 2.1225 2.0037
7 2.2425 2.4021
5 2.865 2.746
5 2.3625 2.4789
6 1.56 1.9895
4 0.615 0.6991
4 0.135 0.2845
7 1.71 1.9676
6 2.5125 2.5708
5 1.9275 1.2308
4 1.7325 2.0308
4 2.745 2.7608
5 2.1675 2.0481
4 1.965 1.3298
7 2.64 2.6371
4 1.845 1.5937
6 2.8125 2.7222
6 0.03 0.1199
6 2.2725 2.2345
6 0.81 0.818
4 2.9325 2.8693
7 2.6775 2.6939
7 2.445 2.3884
5 2.4975 2.6283
7 0.2775 0.291
4 0.015 0.1571
7 1.1925 1.117
6 0.075 0.0411
5 2.9175 2.9492
5 0.255 0.2855
7 0.9975 0.9081
4 0.825 1.1188
5 1.605 1.9088
7 2.4525 2.4851
7 0.2025 0.1583
6 1.2525 1.1887
4 0.3675 0.2531
4 1.815 1.3551
5 1.6125 1.1402
4 0.3975 0.371
5 2.0775 1.4408
6 0.51 1.4401
4 0.4725 0.7356
6 2.3325 2.3641
5 0.3975 0.3556
7 1.8225 1.7745
6 2.1675 1.7725
7 0.3225 0.3139
6 2.595 2.5413
7 0.9225 1.0418
4 1.7325 1.6186
7 1.14 1.5227
4 2.955 2.8011
7 2.685 2.7042
7 1.095 1.186
4 0.9675 1.9426
6 2.7375 2.576
7 2.6325 2.6101
4 2.46 2.3712
6 2.7375 2.7044
6 2.97 2.9058
4 0.7275 1.8678
4 2.8275 2.4017
4 1.7175 1.5195
6 1.56 1.9452
5 1.08 1.1745
4 2.415 2.1279
4 2.0775 1.9466
5 0.0375 0.073
4 2.7225 2.7967
4 1.5 1.8171
4 0.72 0.8109
5 1.815 1.3712
5 1.2825 1.1689
4 1.0425 0.588
7 1.1475 1.6573
5 2.8575 2.9647
6 0.585 0.4965
4 1.5675 1.3925
4 1.3725 1.196
4 0.1725 0.1471
4 1.6275 0.6232
5 1.6875 1.6944
7 2.07 2.0508
7 1.7475 1.848
5 0.75 0.568
5 0.315 0.2138
4 2.37 2.3439
7 2.5575 2.5
5 0.8775 1.2195
5 1.14 1.3451
4 2.3325 2.1214
5 1.4475 1.4471
5 2.295 1.7906
5 2.7225 2.5737
5 1.2825 1.6358
6 2.8725 2.9086
4 0.8175 1.4174
6 0.5175 0.7381
6 0.7275 1.2431
7 0.3675 0.4016
4 1.7925 1.6859
6 2.3925 2.2556
6 2.9625 3.0313
6 1.335 1.204
6 2.4675 2.5467
4 2.04 1.1872
6 1.3275 1.368
4 0.93 1.5721
7 1.2075 1.2877
6 2.445 2.3147
6 0.8775 1.2527
4 0.6975 0.7873
5 0.6075 0.3028
6 1.0575 1.2264
7 0.4875 0.5106
6 0.8025 0.7197
6 0.045 -0.0196
6 2.37 2.341
6 0.96 1.1505
5 0.99 1.0959
5 0.8325 0.8399
7 0.3075 0.2859
7 0.9675 1.1223
4 1.395 1.2498
7 2.88 2.8143
6 0.9675 0.8462
7 1.245 1.4439
7 1.2 1.3826
6 1.395 1.3641
4 1.8525 1.4114
5 2.0025 2.4563
4 0.93 1.2224
4 1.185 1.8245
4 1.9575 2.1202
6 2.295 2.2191
7 0.87 0.8347
6 0.0825 0.1247
7 2.9475 3.0133
4 1.785 1.9018
7 1.5675 1.295
4 1.125 1.2915
5 2.2725 2.1741
5 1.1475 1.5394
7 2.9325 2.9724
4 1.08 0.9073
5 2.8275 2.9042
5 0.105 0.1975
5 1.1475 1.8649
6 1.35 1.031
5 1.5 1.1855
6 0.48 0.508
5 2.16 1.5678
5 0.45 0.3636
4 0.4275 0.6662
6 2.7 2.5505
4 1.3125 1.1908
4 2.625 2.7828
6 1.0725 1.6395
7 2.6775 2.611
7 0.255 0.2877
6 2.7525 2.7125
4 2.91 2.8794
7 1.9725 2.1151
4 0.5925 0.3534
6 2.8875 2.9089
7 0.81 0.7478
7 1.7175 1.6935
5 1.41 1.5468
7 2.865 2.7542
7 1.89 1.7075
5 2.4225 2.2651
6 1.23 1.4221
7 0.795 0.9506
7 1.005 0.9914
4 1.7325 1.3071
5 2.2875 2.0605
4 2.2575 2.0825
7 2.6175 2.6545
6 1.725 1.499
4 1.6575 1.7815
6 1.2825 1.81
5 0.885 1.2385
7 2.235 2.3745
5 0.24 0.1378
5 1.9425 1.8004
4 0.5175 0.3592
5 0.15 0.1527
5 1.53 1.8839
7 2.1975 2.2221
4 1.53 0.9247
7 2.7075 2.6473
6 2.475 2.4657
7 2.145 2.1885
6 2.1525 1.9992
4 2.4825 2.558
5 1.0725 0.7109
6 2.355 2.4076
7 0.0825 0.0845
5 2.985 2.9819
5 0.525 0.493
5 1.215 1.0565
6 1.095 1.0267
5 0.885 0.9219
4 0.27 0.2927
5 2.82 2.8815
5 2.82 2.829
5 2.7825 2.7356
6 1.83 1.6281
5 0.51 0.5672
4 1.8975 1.2814
6 2.7075 2.6624
5 0.9975 0.7048
6 0.2475 0.1099
6 2.0775 1.4169
5 2.355 2.0385
4 1.2675 1.9833
5 1.71 1.6489
4 2.0775 1.2224
7 1.5675 1.6443
5 2.655 2.7336
4 0.78 0.5571
7 0.555 0.5762
7 2.1825 2.0902
5 2.6775 2.5967
5 2.88 2.9099
4 0.42 0.6656
5 1.1175 1.148
5 0.69 0.516
7 1.6425 1.9021
6 0.8325 0.8889
4 2.0925 1.4609
5 1.4325 1.0745
6 2.2725 2.0589
7 1.905 1.6846
5 2.79 2.5737
5 1.035 0.9189
5 2.16 1.4171
5 1.71 1.413
7 1.4775 1.3763
6 0.825 0.995
4 1.155 1.0078
4 2.4225 2.4238
7 2.025 2.0574
7 2.0025 2.0985
5 1.9725 2.1688
4 1.2075 1.6779
4 2.3625 1.8303
7 2.2125 2.2364
4 2.61 2.7393
7 2.3475 2.3267
6 1.755 1.4451
5 2.235 2.243
4 0.225 0.3388
5 2.85 2.889
5 1.1475 0.7497
7 0.51 0.5199
4 0.15 0.1077
5 2.0175 2.3385
4 0.6075 0.4403
6 2.22 2.3178
4 0.9825 1.139
5 1.1925 0.6665
6 1.0875 1.0608
7 2.3025 2.3708
6 2.9925 2.9211
5 2.745 2.6003
6 0.225 0.3208
7 0.36 0.3105
6 1.7475 1.6161
7 2.4825 2.4214
6 2.4675 2.4005
7 1.965 1.998
5 2.5575 2.6096
6 1.785 1.8403
4 1.5225 1.3736
4 0.06 0.1847
7 2.475 2.4436
4 0.555 0.7245
6 1.005 1.5039
6 1.74 1.3866
6 0.8775 1.0004
6 2.85 2.8881
6 2.9625 2.8174
7 0.315 0.2578
5 2.4675 2.4201
7 1.0875 1.2729
6 1.0725 1.0636
7 1.095 1.3516
7 2.6475 2.6368
5 0.7875 1.2754
7 2.7 2.6501
5 2.1375 1.4887
6 0.645 0.5634
4 0.045 0.1345
7 1.9425 1.8279
5 1.77 2.2881
7 0.5175 0.5535
4 0.315 0.022
7 2.865 2.9285
5 1.3425 1.7415
6 2.31 2.245
6 0.06 0.0861
6 0.81 0.9334
5 1.2975 1.0586
4 1.08 1.362
4 1.845 1.537
6 2.82 2.8394
7 1.5525 1.4087
6 2.7675 2.6341
6 1.6425 1.3519
7 2.355 2.2564
7 0.6375 0.7221
7 1.245 1.6108
6 1.665 1.8159
5 0.2175 0.1788
7 2.3625 2.4684
5 0.615 1.046
7 2.8875 2.8668
4 0.4575 0.4238
5 1.68 1.3913
4 2.82 2.7719
7 1.7475 1.1488
7 1.395 1.6631
7 2.4375 2.3833
6 1.4025 1.0119
7 1.65 1.2998
6 2.4525 2.2515
5 0.42 0.4442
6 0.6675 0.5469
6 0.06 0.0706
6 1.905 2.1757
5 2.4825 1.9506
4 1.8375 1.7316
7 1.5675 1.6622
5 2.1525 2.2457
5 0.0 0.1138
6 0.21 0.2623
7 0.765 0.8019
4 0.735 1.0807
6 0.3525 0.4203
4 2.9925 2.8391
7 1.995 1.7033
6 2.1225 2.259
7 2.31 2.2876
6 0.06 0.1151
6 0.3225 0.3391
5 0.1425 0.2589
6 2.7975 2.6823
7 2.52 2.4955
7 2.2875 2.2257
5 1.5675 1.2447
4 2.88 2.7406
6 2.0475 1.8984
7 0.1575 0.1089
5 1.515 2.3808
7 1.1775 0.0799
4 0.6675 0.5528
7 2.9475 2.9422
4 1.3875 1.6176
5 2.31 2.25
7 0.2775 0.288
5 0.78 1.6738
7 0.1125 0.051
5 2.1075 1.7238
7 2.3475 2.297
7 1.095 1.0891
7 2.67 2.7109
5 1.4625 1.5092
4 1.8375 2.0091
4 0.585 0.5604
6 0.2325 0.2527
4 2.6325 2.5698
5 2.835 2.7518
6 0.4425 0.5233
5 0.465 0.3997
5 1.2225 1.1839
5 2.28 2.4285
7 1.4775 1.991
4 2.8425 2.8212
4 1.9575 1.9271
6 1.395 1.5119
7 0.075 0.0464
7 2.265 2.2889
5 1.605 1.6908
7 2.7825 2.8213
4 0.5475 0.905
6 0.6825 0.6753
7 1.815 1.7478
6 1.395 1.5135
7 2.2875 2.2633
5 0.5925 0.5772
5 1.08 0.7145
6 2.1825 2.209
7 2.5875 2.5485
4 1.605 1.5996
5 2.0625 1.8573
4 0.39 0.6215
7 1.485 1.4649
7 0.075 0.1266
5 0.645 1.6121
5 2.4225 2.2525
5 1.2525 1.2149
4 0.5025 0.759
6 1.26 1.6571
6 1.2075 1.7011
7 2.4825 2.4414
5 0.5925 0.7063
7 1.4025 1.2411
6 2.745 2.7293
6 1.5075 1.5849
7 1.53 1.6235
4 1.38 2.1532
7 0.525 0.522
5 0.3075 0.407
7 2.175 2.1199
7 0.6075 0.5692
7 2.7975 2.6776
4 2.73 2.9689
4 1.6125 1.3976
5 0.8025 0.5261
6 2.4225 2.5027
6 2.82 2.8555
5 2.775 2.9227
5 1.5675 1.2509
7 1.8525 1.8673
6 1.0575 1.3884
5 0.3375 0.4
6 0.4725 0.4796
4 0.15 0.3427
4 1.8075 1.635
6 0.42 0.5194
7 2.505 2.3868
7 1.53 1.4883
4 0.675 1.0639
5 1.1775 1.3815
6 1.245 0.9508
7 1.8375 1.4194
5 2.0775 2.0205
4 0.42 0.2324
7 1.4775 1.3202
7 2.025 1.6162
4 2.7525 2.7742
4 2.4375 2.3649
6 0.0075 0.0491
4 1.815 2.3949
6 0.36 0.3182
4 1.6725 1.79
6 2.91 3.0032
7 0.675 0.5989
6 1.14 1.2253
4 0.8775 0.8481
5 1.2675 1.8848
4 0.3525 0.7627
7 0.9375 1.2519
6 0.705 0.8795
4 0.24 0.0959
4 0.18 0.305
4 0.81 1.0058
5 2.145 1.8875
6 0.03 -0.0232
7 2.4975 2.3538
7 1.32 1.4177
5 2.355 1.878
5 0.6075 0.5464
7 2.1675 2.0726
7 0.03 0.0999
5 0.555 0.6607
7 2.7975 2.9211
6 1.515 1.1249
4 1.62 1.9712
4 0.825 1.795
4 0.2025 0.1961
4 0.1725 0.2864
4 0.0225 0.2031
4 2.19 1.7334
5 1.4925 1.43
5 1.14 1.285
4 0.825 1.8584
7 2.985 3.0111
5 0.2025 0.1421
6 0.6225 0.56
5 1.1775 1.1718
4 2.025 1.7031
7 2.1375 2.2571
7 2.9175 2.9023
4 1.7175 1.5687
6 1.0575 1.1541
4 2.07 1.2045
7 1.1475 1.319
5 1.335 1.4098
5 2.355 1.8261
6 2.55 2.6034
7 1.815 1.2493
4 0.375 0.522
5 1.92 1.748
4 2.4 1.5158
7 2.4225 2.5511
5 1.3125 1.4954
5 1.56 1.3961
4 1.1175 1.793
6 0.0 0.0396
7 1.44 1.3995
5 1.2375 1.7358
6 0.765 1.0473
4 2.1075 1.1566
6 0.645 0.6323
6 1.95 2.1871
6 0.15 0.1334
6 1.59 1.1539
6 0.915 1.095
6 2.865 2.8737
7 1.0275 1.0628
6 1.38 1.3471
4 0.375 0.4783
5 2.61 2.7824
6 1.17 1.6732
6 1.8075 1.1597
6 2.34 2.395
7 1.1925 1.3458
5 0.0375 0.2385
5 2.5275 2.3633
5 0.6225 0.6411
6 2.9625 2.9066
5 0.51 0.6978
5 0.3075 0.3316
5 1.9125 2.2521
7 0.225 0.2123
6 1.5 1.314
4 2.61 2.4285
4 2.955 2.9065
6 0.6 0.5154
5 2.6325 2.5691
5 2.8725 2.9421
5 1.3725 1.2746
7 1.32 1.4534
5 0.5325 0.3062
5 0.8325 1.1457
4 1.8225 1.781
4 1.215 1.3964
7 2.865 2.9541
6 1.17 1.1138
5 0.4875 0.6335
6 0.8475 1.1724
4 2.91 2.8236
7 0.315 0.2842
5 0.7275 1.1655
6 1.98 1.9106
6 2.4525 2.4557
7 0.705 0.6645
7 0.4725 0.5314
6 1.3275 1.1258
5 0.9825 1.9824
5 1.2225 0.868
7 0.9225 1.0551
7 1.725 1.6047
6 1.35 1.2663
6 0.42 0.4541
7 1.0875 1.1807
7 1.7175 1.6557
6 1.3275 1.3968
5 1.4625 0.805
7 1.98 1.8966
5 2.8125 2.8027
4 2.205 1.9654
4 0.8775 0.903
5 1.8225 2.0342
7 1.8675 1.9743
7 0.4425 0.508
6 2.205 1.5434
6 2.67 2.6196
4 2.6325 2.5218
4 2.2275 1.9214
5 2.0775 1.5145
5 1.7925 2.0256
5 0.495 0.4055
7 1.98 2.1152
6 0.12 0.1369
4 0.4125 0.7182
6 0.225 0.1886
5 0.915 1.0887
5 0.5925 0.5777
7 2.4825 2.4884
4 1.6725 0.8974
4 0.7125 0.6766
5 1.215 0.8392
6 2.5125 2.4045
5 2.6325 2.4858
4 2.2875 2.3541
7 1.3425 1.5014
7 0.99 1.0824
4 2.73 2.7094
6 2.8575 2.9575
6 2.25 2.0759
5 1.3725 1.3738
4 2.16 1.669
5 1.0275 1.0526
7 0.5325 0.556
7 0.5475 0.6476
5 1.3575 0.9763
6 2.9625 2.8369
4 1.7025 2.0002
5 2.3925 1.8548
6 2.52 2.6015
6 2.9475 2.8222
5 2.8125 2.7254
4 0.4575 0.5876
7 0.9225 1.0183
5 0.405 0.3908
4 1.86 2.0403
6 2.775 2.6283
5 1.2825 0.9507
4 2.985 2.9179
7 0.8175 0.9456
6 2.01 2.1406
7 1.1625 1.4292
5 1.59 1.1427
6 2.6925 2.7775
4 2.2875 1.3421
7 0.21 0.2055
4 2.34 2.4509
5 2.7225 2.5809
5 2.2125 1.8566
5 2.19 1.9129
5 2.79 2.7513
4 1.815 1.2862
7 2.58 2.5361
4 0.315 0.2915
6 0.285 0.2488
7 0.5775 0.644
4 0.5475 0.6597
7 2.595 2.646
7 2.445 2.2917
6 0.2025 0.2601
5 2.8125 2.7524
6 2.1375 2.1656
4 0.975 1.3279
6 2.535 2.6197
4 1.68 1.0932
7 0.6675 0.6552
6 1.02 0.7695
5 1.515 1.2662
7 1.02 0.9356
5 2.3175 2.2133
6 1.905 1.7046
4 0.825 1.4412
7 2.985 3.0019
7 0.825 0.886
4 1.1025 1.4982
7 1.5075 1.3538
6 2.5275 2.6597
4 2.3325 2.5879
7 2.1075 2.2408
7 1.605 1.5928
6 1.0725 1.2967
6 0.705 0.7031
6 0.9 1.2028
7 1.6425 1.7415
6 0.12 0.2215
7 2.295 2.2905
4 2.4225 2.4241
4 0.7875 1.3444
5 1.3725 1.4315
7 2.8875 2.951
7 0.525 0.5416
4 1.215 1.6605
6 1.0875 1.3638
6 1.74 1.7758
6 2.8725 2.7171
4 0.6825 0.9707
6 1.5075 2.1583
5 2.775 2.9434
6 1.86 1.9955
6 1.14 1.119
5 0.4575 0.654
6 0.69 0.6296
4 1.935 1.9576
4 2.0925 2.4877
4 1.71 1.5384
4 2.2875 2.2029
7 0.0675 0.0993
5 2.1525 1.3667
4 2.76 2.6662
5 1.74 1.5493
4 1.275 1.6561
6 0.0375 -0.0352
7 0.66 0.5953
4 0.9975 1.1325
6 0.48 0.4382
4 2.6475 2.8393
6 2.82 2.9603
5 0.585 0.7685
5 2.6025 2.6434
6 0.15 0.0076
6 2.295 2.0887
5 2.4825 2.4353
7 1.2375 1.2546
4 2.3175 2.0613
4 0.975 0.9573
4 1.3875 1.7227
7 1.1025 1.2268
5 2.6325 2.6155
5 1.9575 2.5816
5 2.4675 2.6211
4 2.9925 2.863
5 1.17 1.1446
7 1.7925 1.4306
7 2.0775 1.9723
7 2.2275 2.2178
7 0.5625 0.5932
7 0.3375 0.3074
6 1.545 1.5232
7 1.455 1.5483
6 2.0475 1.737
4 0.69 0.9979
5 2.265 1.8017
5 1.2075 1.0619
7 0.06 0.0376
4 1.59 1.4437
4 0.93 0.8681
6 0.2475 0.2789
5 2.1075 2.1849
4 2.7825 2.6758
5 0.4725 0.5305
7 1.4325 1.3731
4 0.18 0.4487
4 1.41 1.6902
5 0.1275 0.116
6 1.455 1.3945
7 0.585 0.6275
7 0.84 0.8634
7 0.5775 0.5542
5 2.6775 2.7886
4 1.5225 0.9501
6 1.44 1.3593
5 1.5 1.3484
7 2.6925 2.7217
5 0.6675 0.8251
7 0.6075 0.4906
7 0.5625 0.5971
4 2.505 2.0133
4 1.71 1.1961
5 0.495 0.6238
4 0.1275 0.132
5 0.225 0.3027
7 2.0325 2.138
6 2.52 2.5705
5 0.825 0.7965
4 0.7875 1.4675
6 2.22 1.9704
4 1.6275 1.894
4 2.355 2.3117
6 0.9975 0.8682
7 2.4 2.4531
6 0.6075 0.5962
4 1.5375 1.6721
5 2.745 2.7578
7 1.725 2.0329
7 1.185 1.6641
4 1.485 1.493
4 2.805 2.825
5 0.7125 0.669
5 2.9775 2.893
7 1.9575 1.9579
6 0.405 0.446
7 0.7275 0.7478
5 0.81 1.3164
6 0.4425 0.5117
7 0.2325 0.1774
6 0.3225 0.3273
6 1.2 1.5428
6 1.05 1.2876
4 1.2375 0.9667
6 0.1875 0.3332
5 2.22 1.7784
4 1.4025 1.4358
6 0.0375 0.0766
6 1.26 1.6642
7 1.725 1.7692
6 0.5025 0.5841
6 2.805 2.8064
4 0.135 0.0602
7 0.735 0.652
4 0.69 1.1547
6 1.5225 1.7147
7 0.0675 0.0429
7 0.345 0.325
6 0.6225 0.5917
4 0.6225 0.2548
4 1.7175 2.3096
6 2.7075 2.6887
4 0.6675 0.4263
6 1.5375 1.6008
4 2.34 1.9163
5 2.0625 1.5568
4 1.3275 1.6999
6 0.8025 0.5865
4 0.795 0.0513
7 2.745 2.7712
5 1.6425 1.5046
5 0.6375 0.4458
5 2.19 2.1346
7 1.0275 1.2291
4 0.24 0.361
5 0.4425 0.4958
4 1.6125 1.4187
4 0.5325 0.6211
5 2.4825 2.4039
5 1.0575 1.4749
7 1.23 1.0901
5 0.615 0.4996
6 2.9925 2.9937
4 0.9075 1.7045
4 2.0325 1.3555
5 2.595 2.7283
5 1.455 1.3944
7 1.3275 1.5684
6 0.255 0.2814
6 1.41 1.4927
7 2.2875 2.3509
5 0.42 0.5219
6 0.615 0.5426
6 2.7525 2.7393
7 2.25 2.2869
5 0.705 0.8201
5 1.6575 1.7873
5 2.4075 1.8964
5 2.9625 2.8842
5 1.86 1.0376
7 2.6475 2.6188
7 2.265 2.1653
5 1.9875 1.6159
5 1.89 1.5514
6 1.89 1.515
5 0.7725 0.876
6 1.08 1.5211
5 0.39 0.4855
7 1.395 1.631
6 2.9025 2.9391
6 0.9975 1.2494
6 2.055 2.0872
6 0.3225 0.3045
6 1.9275 1.8565
5 0.795 0.784
7 1.275 1.5765
5 2.085 1.5249
6 1.5975 1.2683
6 0.72 0.6949
4 0.5175 0.9965
4 1.0425 1.2069
5 0.3825 0.5511
6 1.77 2.1846
5 0.3825 0.535
7 2.6025 2.6538
7 0.225 0.3038
4 0.12 0.1806
5 2.835 2.8243
4 1.77 2.2185
5 2.6925 2.6826
5 2.775 2.8009
4 1.0875 1.9734
5 0.9675 1.5386
5 0.945 1.7697
4 2.16 1.8846
4 0.0675 0.0847
5 0.765 1.3194
4 1.2825 2.3026
6 2.52 2.6428
7 1.4625 1.5051
5 0.5775 0.7026
5 1.7925 1.5861
6 2.055 1.8889
7 0.1125 0.1705
7 2.88 2.8083
5 2.3325 2.1594
5 2.7225 2.7286
6 0.3225 0.3162
5 1.665 1.5522
6 1.2225 1.5172
4 1.695 0.7526
5 1.0125 1.3788
5 1.905 2.0227
4 1.935 1.035
6 0.015 0.0718
4 1.9125 2.0675
7 2.76 2.7345
5 2.82 2.7517
4 1.29 1.006
4 2.55 2.4155
7 1.1025 1.013
5 2.0025 1.2806
7 2.0025 1.9634
6 2.415 2.493
4 2.6775 2.446
6 2.9625 2.8826
5 0.36 0.4503
7 2.3775 2.5409
6 2.5125 2.5956
7 2.3025 2.254
6 1.425 1.0799
4 0.0975 0.0892
4 1.395 1.986
4 1.4175 2.1655
5 1.4925 2.0385
7 1.7625 1.7474
5 0.855 0.7182
4 0.135 0.1915
6 0.465 0.4716
7 2.9775 3.0146
7 1.62 2.0647
4 2.7 2.803
4 2.0325 1.1645
4 0.8775 0.4954
7 0.03 -0.0022
4 2.9175 2.9402
5 2.88 2.925
5 1.26 1.9675
7 1.8 1.9044
4 2.0175 0.6559
7 2.1225 2.1524
7 1.6575 1.8238
6 2.5425 2.4059
5 0.09 0.1478
6 0.6225 0.7413
7 1.47 1.5788
6 0.45 0.5956
7 1.3275 1.5327
4 0.915 0.5929
5 0.9 1.3512
4 1.5675 1.4144
4 2.55 2.5877
5 0.8925 0.709
5 1.26 1.7816
4 0.81 1.2712
4 0.555 0.5577
4 2.3025 2.3182
6 2.7225 2.6735
6 0.7725 0.5812
4 0.9225 1.7133
4 0.3075 0.4253
5 1.665 1.794
5 2.1675 2.3385
4 0.6975 0.3451
7 1.605 1.9791
7 0.15 0.099
4 0.9525 0.509
6 0.135 0.1121
7 2.91 2.9028
4 2.55 2.4627
6 2.25 2.3595
6 2.0175 1.7869
6 0.8025 0.8207
7 0.4875 0.4289
6 1.92 1.6046
4 1.0725 0.6537
6 2.295 2.1422
6 1.83 1.4311
6 0.8925 1.5822
4 0.84 0.8484
5 0.42 0.1018
6 2.7825 2.8075
6 2.1675 2.1793
7 0.3975 0.4493
6 1.0875 0.9668
4 1.53 1.038
6 2.7675 2.7432
7 0.12 0.1066
5 2.4975 2.2622
7 2.2575 2.1321
4 2.49 1.9999
5 2.0625 1.9335
4 1.635 1.4092
5 0.3975 0.2208
7 0.165 0.1741
7 1.845 1.7683
7 0.9 1.0197
6 1.98 2.0191
5 0.6375 0.5461
4 1.3125 2.0625
4 1.3125 0.8874
6 0.2625 0.1244
4 0.795 1.3604
7 0.765 0.9015
4 2.28 1.7057
6 2.28 2.29
7 1.65 1.7404
7 2.985 3.0746
5 2.5275 2.5141
6 1.245 1.4239
5 0.81 0.8054
5 0.555 0.8095
7 1.8975 1.9581
5 0.4125 0.4793
6 1.245 0.9857
4 0.6975 1.4187
7 1.1325 1.1703
6 1.8825 1.6648
6 1.2375 1.3239
5 2.0325 1.7725
6 0.63 0.6881
7 1.1025 1.1134
7 1.3875 1.4785
6 2.2425 2.2199
7 1.485 1.845
5 1.455 1.1122
7 1.6875 1.7618
5 2.1975 2.1161
6 0.6675 0.7138
4 0.57 0.7538
5 1.29 0.7322
6 1.9425 2.0249
7 0.7725 0.6624
7 0.8625 0.8716
5 2.9775 2.9152
4 2.4 2.5554
6 1.785 1.4009
4 0.5025 0.4638
6 2.1 1.5982
4 0.63 0.5421
5 1.0425 1.0395
6 2.505 2.4847
7 0.3675 0.4574
6 2.52 2.633
7 2.4075 2.3885
4 1.89 2.0082
5 2.685 2.5704
6 1.305 1.3832
5 2.6925 2.7212
5 2.01 2.2611
6 2.565 2.5619
5 1.59 1.9201
6 1.035 1.1454
7 2.8275 2.8835
4 0.5025 0.5597
5 0.5925 0.8004
4 0.42 0.2367
6 1.9275 2.2105
7 1.7175 1.3623
6 2.6025 2.5199
5 2.925 2.8443
5 0.3675 0.1946
7 2.0775 1.9268
4 1.6575 0.7286
5 0.8775 0.6515
6 1.4025 1.3113
6 1.7025 1.5711
6 1.515 1.2935
5 1.53 1.189
7 0.7725 0.7088
4 1.785 1.0295
5 0.93 0.7159
7 0.2925 0.3127
5 0.7725 1.8509
5 1.17 1.3432
7 0.1725 0.062
7 1.74 1.8335
7 1.8525 1.9461
4 0.1875 0.2685
4 0.4275 0.524
7 2.235 2.2594
7 1.0425 1.2468
5 1.965 1.7344
7 2.625 2.5433
4 1.0275 0.6225
4 0.54 0.9201
5 2.97 2.8891
5 1.0125 0.6414
4 0.15 0.0751
5 0.45 0.5296
6 2.6175 2.5814
6 0.7725 0.8427
7 0.87 0.8341
6 1.785 1.6761
5 0.6975 0.6748
6 0.9675 1.0969
5 1.89 2.1539
6 0.2325 0.1802
7 0.615 0.6181
6 1.8075 1.9373
5 0.105 0.0781
5 1.0275 1.5737
7 1.425 1.3635
6 1.365 1.4653
5 1.3125 1.309
4 1.8225 0.9949
7 2.0025 2.0647
4 2.1 2.241
7 2.6775 2.7025
6 0.57 0.528
4 2.94 2.739
4 2.16 1.5319
7 2.5425 2.4947
6 0.4575 0.493
7 0.705 0.7295
5 0.5625 0.3143
4 1.26 1.3887
7 2.4675 2.4415
7 2.07 2.1283
6 1.4175 1.6923
5 0.54 0.7526
7 1.9875 2.1031
4 0.2475 0.3988
6 1.0875 1.1837
5 0.2775 0.4417
6 2.9925 2.9898
4 0.39 0.2221
6 1.7025 1.4292
4 1.5 2.0046
4 2.625 2.6749
5 2.34 2.2783
5 1.875 1.6869
5 0.1575 -0.091
5 0.5025 0.5874
4 2.385 1.9274
4 0.2775 0.8441
5 1.005 1.3218
6 1.08 0.8341
7 1.1625 1.2875
4 1.3575 1.9259
7 1.905 1.7627
4 0.06 0.1368
4 0.12 0.2764
7 1.68 1.5127
6 2.415 2.3892
7 1.7175 1.2343
6 0.99 1.4519
6 1.2375 1.1254
4 1.455 0.4951
5 0.0375 0.0333
5 0.36 0.4184
4 1.05 1.0892
6 0.4275 0.329
6 1.5675 2.1072
7 1.2 1.3101
6 2.7675 2.6053
7 2.2725 2.2125
7 1.875 1.6791
5 2.9925 2.8661
6 1.5225 1.6139
5 1.44 1.9115
5 2.445 2.2091
6 0.1725 0.2775
5 0.915 1.3248
6 0.78 1.1253
4 0.99 1.2996
4 0.39 0.4562
5 2.4675 2.2749
4 1.2525 2.2284
5 0.885 1.2042
4 1.7325 1.4757
4 2.3775 2.4373
4 2.2425 2.2488
7 1.5375 1.6668
7 2.58 2.5907
6 2.925 2.9202
4 2.0475 1.857
7 1.2 1.5667
4 0.15 0.109
4 2.2125 1.6828
4 2.265 1.2809
5 2.31 2.3323
7 2.4525 2.4767
4 1.3875 1.1999
6 1.95 1.7905
7 2.0325 2.0009
4 0.5925 0.998
6 2.1675 2.3181
6 0.27 0.2997
4 2.835 2.8445
5 1.9275 1.928
4 2.97 2.9189
6 0.3825 0.4701
7 2.5875 2.549
7 0.2775 0.3063
5 1.8375 2.1404
4 2.2425 2.056
7 1.3875 1.1995
4 2.6625 2.4003
4 0.495 0.6995
4 1.62 2.4242
7 1.4325 1.2682
7 0.8025 0.6036
5 0.525 0.5275
4 2.4225 2.3182
5 2.25 1.6496
4 1.7775 2.04
6 1.155 1.3668
6 0.435 0.4567
4 1.875 0.8666
4 0.195 0.1617
6 2.145 1.4948
4 1.29 1.8627
4 1.605 1.6676
7 0.3525 0.9639
7 1.23 1.4545
7 0.2625 0.3676
4 0.975 1.999
4 0.3975 0.4175
7 2.0025 1.747
7 0.72 0.7637
7 2.6775 2.7291
5 0.495 0.6462
6 0.0975 0.1605
5 1.2975 0.8537
6 2.34 2.3834
6 2.13 1.6087
4 1.6125 1.9216
6 0.0375 0.1334
4 0.5325 0.5113
5 1.125 1.9038
7 0.2775 0.2983
4 1.53 2.3476
7 1.905 1.7002
4 1.62 1.7406
7 2.82 2.7993
7 0.315 0.2973
6 0.15 0.1112
5 1.7025 1.2353
4 0.9525 1.8691
5 0.405 0.33
5 1.785 1.1895
6 0.9825 0.8712
5 2.2425 2.1659
5 1.515 1.2054
4 1.77 1.1701
7 1.5675 1.4783
6 1.785 2.0257
7 0.075 0.1973
5 2.34 2.4205
6 1.4925 1.5469
4 1.155 0.6995
7 0.93 0.9619
6 0.5025 0.3495
6 2.4975 2.4832
7 1.68 1.5056
7 0.555 0.5939
4 2.8575 2.8449
7 0.045 0.0175
4 2.055 1.9583
6 1.0125 1.3135
4 0.9975 0.5585
7 0.8475 0.847
5 2.565 2.6074
6 1.5075 1.1907
6 0.5625 0.6915
5 1.9725 2.0451
6 0.1725 0.1779
4 0.375 0.3797
4 2.67 2.4049
5 2.34 2.0977
5 2.7525 2.8034
4 2.655 2.615
6 0.39 0.4492
4 2.925 2.6844
7 0.3975 0.4984
5 0.5775 0.8029
5 0.45 0.4557
5 2.55 2.7543
4 1.0575 1.0116
5 0.2625 0.4246
6 2.22 1.8521
7 2.6775 2.7119
4 1.3425 1.7659
5 2.685 2.6351
6 0.5025 0.6928
4 0.3225 0.4479
5 0.8175 0.9428
5 2.28 1.9929
5 1.7775 1.3493
6 1.7325 1.6929
5 1.635 1.5653
7 2.2425 2.3066
7 0.5025 0.3977
4 2.6475 2.6617
5 2.91 2.8483
4 0.9225 1.4255
6 2.9925 2.873
5 1.2 1.3958
7 2.1525 2.1859
7 0.3675 0.3365
6 1.14 1.59
5 1.53 2.3216
7 2.5275 2.4935
4 2.4525 2.3342
6 2.3475 2.415
7 2.085 1.9336
5 0.105 0.1967
7 2.2425 2.1829
4 0.675 1.1785
4 2.9175 2.8436
7 2.685 2.7554
7 1.3425 1.3717
4 1.8825 2.2113
5 2.565 2.4825
5 0.8325 0.7769
5 1.845 1.6773
7 1.38 1.2553
5 1.7625 1.9973
5 2.9475 2.8035
7 0.7875 0.8666
7 1.0125 1.1526
5 1.095 1.1477
6 2.085 2.1605
6 2.0925 2.2304
4 0.2775 0.691
4 0.4125 0.2436
4 0.555 0.3969
5 0.6075 0.7219
4 1.95 1.8447
7 2.5575 2.4967
6 2.97 2.8824
5 0.9525 0.8627
6 2.3025 2.3248
6 0.0375 0.0684
5 0.9225 1.1503
5 2.235 1.8783
4 2.175 2.2156
6 2.8875 2.8667
4 2.895 2.7539
6 2.355 2.4421
6 2.55 2.4922
7 0.7275 0.659
7 1.875 1.5585
5 2.865 2.8993
5 2.2275 2.4379
5 2.9025 2.9684
5 0.6675 0.4327
5 1.4925 0.9512
4 1.2975 1.2101
4 1.2075 0.6965
7 2.1675 2.1073
7 0.96 1.0037
4 0.63 1.2567
6 2.8125 2.7918
6 0.48 0.4534
4 0.7425 1.4663
7 0.315 0.2849
4 1.4025 1.0891
7 2.31 2.2373
6 0.7575 1.401
7 0.6825 0.6497
6 1.9575 1.8144
4 2.775 2.9937
4 1.365 2.0704
7 0.57 0.5914
6 2.2725 2.1952
7 1.62 1.6767
4 0.915 1.0429
5 2.5875 2.6177
4 0.6 1.2317
4 1.3875 1.3959
7 2.025 1.9939
5 1.8975 1.2131
5 1.0875 0.7488
4 1.2525 1.877
4 2.3175 2.2994
4 2.535 2.0617
4 2.1225 1.8831
4 2.055 2.0166
5 0.0075 0.022
7 0.8775 0.9119
5 1.9125 1.7918
5 1.9275 1.3573
5 2.3175 2.0631
6 0.9 0.9156
4 0.495 0.8141
7 2.1375 2.0347
6 1.9725 1.8984
6 2.055 1.9012
7 2.6625 2.7758
6 2.19 2.1786
7 1.23 1.3606
7 2.865 2.7611
5 2.85 2.8707
6 1.3725 1.5188
5 2.8725 2.8871
4 2.8425 2.8641
7 1.05 1.1886
6 2.49 2.3978
7 2.07 2.0366
4 0.795 1.1859
7 2.04 1.947
6 0.2025 0.2267
7 2.145 2.249
7 1.4175 1.4023
4 0.5175 0.6258
5 0.42 0.4674
7 2.3175 2.3073
6 2.6925 2.6521
6 0.2775 0.203
7 1.065 1.2113
7 1.515 1.2942
4 0.9075 0.4024
7 1.6125 1.2266
6 1.095 1.4117
5 2.745 2.7502
7 1.8075 1.8733
7 1.8075 1.6999
4 2.895 2.8501
5 1.755 1.8354
5 1.1025 0.7096
6 2.0175 1.449
7 0.9525 1.1556
5 1.1025 1.0709
4 1.4475 0.8928
7 1.9125 2.1035
4 2.1675 1.5334
6 1.5525 1.1289
5 1.4175 1.8367
7 0.855 0.9975
4 1.425 1.6059
7 0.7575 0.7985
6 0.8775 0.8659
4 2.955 2.8853
5 2.3175 2.0863
6 0.36 0.4378
5 1.95 2.1059
6 0.8625 0.9675
7 1.455 1.5197
5 0.0225 0.084
4 1.7025 1.9354
6 1.0275 0.9872
4 0.84 0.6175
6 2.55 2.5993
4 2.3625 2.1265
4 1.965 2.1617
6 2.16 1.8421
4 0.9225 0.7346
5 0.8025 1.4164
6 0.4875 0.5623
7 1.635 1.5587
6 1.755 1.8585
6 1.1175 1.2224
6 1.605 1.2493
5 2.64 2.6772
5 1.3875 1.8975
5 1.8075 1.4868
5 0.7425 0.5584
4 2.91 2.5727
7 2.595 2.5923
6 2.9325 2.901
4 2.5875 2.0374
4 2.31 2.1849
7 1.2525 1.4208
6 0.9525 1.0723
6 2.1075 2.3062
6 0.9525 1.1682
5 0.255 0.0942
5 0.585 0.5844
4 2.1375 2.3049
7 2.1525 2.1576
7 2.145 1.948
4 1.245 0.3695
6 0.2775 0.2884
5 0.855 1.4418
4 0.0975 0.2299
7 1.3125 1.5342
6 1.755 1.5073
7 2.28 2.3033
4 0.675 0.4816
7 2.595 2.6388
7 2.3175 2.3023
5 1.7325 1.9853
4 1.3875 1.5356
7 2.2575 2.2887
7 0.93 0.9341
7 1.8 1.2954
6 1.7775 2.0676
6 1.7325 1.5917
6 1.395 1.6571
7 1.4175 1.5531
4 0.78 1.0068
7 0.6675 0.7395
7 1.665 1.8614
4 0.7425 0.5609
5 2.535 2.2746
4 1.71 0.7527
7 1.3575 1.4497
5 0.7725 1.2146
5 0.0525 0.0139
7 0.8625 1.0181
4 2.5125 2.2219
6 1.6425 1.5791
7 2.745 2.7791
4 2.4375 1.7
7 1.4175 1.7352
4 2.8425 2.7556
4 2.91 2.8934
5 0.3 0.1994
4 0.9375 1.082
5 0.42 0.6588
4 1.0125 1.3242
6 2.0775 1.9717
6 1.125 1.0564
5 0.5325 0.7759
6 0.1425 0.1402
7 2.205 2.2321
4 2.595 2.4528
7 1.0575 1.0921
7 1.8075 1.776
6 0.93 0.7457
4 0.15 0.0164
4 2.16 2.2005
4 2.5425 2.4706
7 1.8825 1.7367
4 2.6625 2.6346
7 1.4325 1.5295
5 2.76 2.7618
5 2.1 2.262
7 2.6775 2.5492
4 2.3475 1.8889
7 2.8875 2.9589
5 0.0975 0.1908
5 2.655 2.805
6 0.9225 1.0061
7 1.02 1.3975
4 2.4825 2.7447
5 0.195 0.1978
7 1.35 1.6159
4 1.17 1.158
5 1.785 1.8733
6 1.59 0.9797
4 2.6925 2.707
7 1.815 2.0563
7 2.895 2.9332
4 1.6425 2.0125
7 1.6575 1.4092
6 0.8025 0.8541
5 1.77 1.2352
7 0.5625 0.5342
4 0.7425 0.5886
6 0.03 0.0748
7 0.465 0.3456
4 2.5725 2.4494
4 2.28 2.3509
7 2.745 2.7211
5 2.22 2.0653
7 1.83 1.842
5 1.2375 0.7157
4 2.7525 2.6045
7 1.425 1.3259
7 1.1025 0.925
6 1.035 1.0792
7 0.6525 0.6107
4 1.635 1.6624
4 1.89 1.3968
4 2.7825 2.8906
4 2.1975 1.569
7 0.3675 0.573
7 0.285 0.3657
6 0.3075 0.377
4 1.6725 1.1525
7 1.575 1.4297
5 0.9375 0.9911
4 0.405 0.5334
6 2.385 2.3631
7 1.68 1.3352
6 0.555 0.6184
6 0.435 0.5209
4 1.5525 0.6666
4 1.065 1.4181
4 2.595 2.1692
7 0.4125 0.4845
5 0.36 0.469
4 1.5825 1.8213
6 2.88 2.8908
7 0.3525 0.3648
4 1.5825 1.2636
7 1.5825 1.7004
5 1.2225 1.256
4 1.6275 1.4149
5 2.895 2.8109
7 0.69 0.6423
5 2.3325 2.3294
7 1.815 1.5763
7 2.4 2.284
6 0.1125 0.2204
7 0.1125 0.188
4 2.6325 2.5784
7 2.4525 2.4492
6 0.645 0.7604
5 1.35 1.6245
7 2.3325 2.2504
4 2.025 1.8678
5 1.26 2.0073
7 1.695 1.981
4 0.99 0.8162
4 2.16 1.3033
5 2.7 2.5453
7 1.3425 1.2855
5 1.785 1.087
6 0.0825 0.0369
7 1.56 1.2966
4 0.84 1.3768
6 1.7325 1.719
7 1.9425 1.8733
4 2.8425 2.5075
4 2.9625 2.8981
7 1.5675 1.3898
5 1.2825 1.5193
4 2.8425 2.7793
5 2.745 2.6169
6 1.4475 1.3792
4 0.5175 0.5967
5 0.6675 0.9654
7 2.34 2.3662
7 0.255 0.2962
6 2.1525 2.1622
6 2.22 0.8226
7 0.6375 0.5751
6 0.1725 0.1045
4 1.1325 1.2476
6 2.3925 2.4222
6 0.03 0.1479
7 2.6775 2.6525
6 1.14 1.7147
5 1.98 1.5132
7 2.1075 2.179
5 2.535 2.3555
7 0.0675 0.0396
7 0.24 0.2175
5 1.5225 1.1505
7 1.3425 1.1445
7 1.155 1.3965
5 0.7275 1.4236
5 0.5925 0.6394
5 2.805 2.7059
7 0.84 0.961
6 0.51 0.4678
5 0.315 0.5072
5 1.2525 1.49
7 0.99 1.0149
7 2.16 1.9659
5 1.545 1.6722
4 2.1975 2.0456
7 1.0275 0.9531
6 0.78 0.9236
6 2.94 2.8928
6 0.405 0.2594
5 2.805 2.8551
4 2.565 2.4196
4 0.9675 0.9762
6 2.0325 1.8296
6 0.3825 0.4454
4 1.44 1.6994
4 2.5425 2.6798
4 1.4475 1.481
7 1.215 1.3653
7 1.7925 1.6875
5 1.305 1.5861
6 0.09 0.1922
4 1.8 2.0582
6 1.155 0.9296
7 0.9825 0.8598
6 0.9075 0.9448
5 2.2425 2.0329
6 1.0425 1.8371
5 1.305 1.7414
7 2.3325 2.3208
6 2.16 2.0598
5 0.225 0.1562
7 0.5925 0.6381
7 1.035 1.1166
4 1.605 1.4696
5 0.495 0.8902
7 2.355 2.2118
4 2.6775 2.7738
5 2.07 2.0553
7 2.5275 2.5068
4 2.88 2.8191
7 1.32 1.4351
5 1.3725 1.956
6 0.5325 0.6635
4 0.8925 0.7904
7 0.3525 0.3938
7 0.0 0.012
7 1.05 1.316
5 0.9075 0.8546
7 2.985 2.9375
7 0.3075 0.2519
6 1.305 1.6883
5 2.2725 1.9321
7 1.8825 1.9363
4 2.0925 2.406
6 0.465 0.641
6 2.4975 2.5952
5 1.785 1.6867
6 1.4325 1.3426
5 0.33 0.3667
5 0.825 1.3328
6 2.2125 2.012
6 0.5175 0.5774
5 2.82 2.8824
6 1.305 1.532
6 0.6825 0.9243
6 2.3475 1.9756
7 1.47 1.6397
4 0.735 0.7489
6 2.43 2.5093
4 2.1 0.6731
7 2.3475 2.3377
7 2.2125 2.2421
6 1.9725 1.7132
4 0.5175 0.6068
7 0.66 0.7508
7 2.9475 2.9941
6 2.9175 2.9062
4 1.035 0.5212
6 2.7975 2.7108
6 0.1425 0.3165
7 0.1875 0.208
5 2.7675 2.6631
4 1.245 1.1183
5 1.515 2.0963
4 1.3875 1.8674
5 2.1825 1.9428
7 1.3875 1.6202
5 1.5375 1.5966
7 1.6425 1.7083
6 2.655 2.6732
4 2.9025 2.8561
5 2.5875 2.4726
4 0.885 1.2426
6 2.0625 2.0261
4 2.6625 2.7573
4 1.98 1.7681
4 0.5775 0.6422
6 1.245 1.3304
4 0.3825 0.4717
6 0.4875 0.6811
7 0.645 0.6319
5 0.36 0.3433
5 2.955 2.9145
5 1.71 1.9098
7 0.3225 0.385
4 1.11 0.786
4 2.655 2.8015
4 0.66 0.9148
6 0.435 0.3438
5 2.64 2.7501
7 0.3375 0.3335
6 2.01 1.2284
6 1.455 1.5119
6 0.69 0.7758
4 2.8875 2.5869
4 2.5425 2.4297
5 0.8325 1.3279
7 1.155 1.4744
7 1.455 1.594
5 2.355 2.197
6 2.7975 2.9098
6 2.85 2.8264
5 1.0575 0.9087
5 2.9175 2.8859
6 1.9125 1.907
4 1.41 0.8972
5 1.5 1.3871
7 1.9725 1.9583
4 1.875 2.0222
6 0.975 1.4175
7 0.825 0.9632
6 0.1575 0.0981
6 2.04 1.923
5 0.855 0.7457
4 2.37 1.8734
7 1.9875 2.046
7 1.815 1.6509
5 2.7525 2.9666
4 0.1125 0.1314
5 2.775 2.944
4 0.975 2.1856
5 2.8425 2.7566
6 0.1275 0.0401
7 1.0125 0.9788
6 1.2525 1.5969
7 2.0925 2.0263
7 1.8375 1.8179
7 0.78 0.8935
6 1.185 1.544
5 0.5625 0.4983
6 0.0375 -0.024
7 0.6525 0.7497
4 0.885 1.3679
5 2.55 2.5199
7 0.8475 0.7501
7 1.1625 1.4079
5 2.49 2.5166
6 2.355 2.2863
7 2.9775 2.9153
5 0.045 0.0708
7 2.6475 2.5716
6 2.0475 2.0367
4 2.2725 1.4551
7 2.61 2.6061
5 0.27 0.2146
4 1.935 1.2904
4 2.73 2.723
7 1.0875 1.1595
5 1.035 1.0919
5 2.76 2.699
5 1.185 1.1817
4 1.8675 1.8594
4 2.3175 2.3603
6 0.6375 0.6994
4 1.41 1.2893
5 2.2275 2.2764
7 2.445 2.4584
4 0.6525 0.5397
7 0.6375 0.5975
7 1.9875 1.7292
5 2.385 2.4263
4 1.44 1.3573
4 2.145 1.7802
5 1.3875 2.0115
5 2.0025 1.5725
4 0.705 0.5456
5 0.765 1.219
6 1.8675 1.8724
5 0.21 0.0052
7 1.845 1.8553
7 0.87 0.9147
6 0.7725 0.657
7 1.4775 1.541
6 0.225 0.2562
6 1.5975 1.8035
7 1.59 1.7691
5 1.3275 1.794
6 1.5075 1.2459
7 1.905 1.9674
4 0.855 1.964
6 2.085 2.0872
7 0.7875 0.8347
7 1.32 1.672
4 1.845 1.9327
6 2.9625 3.0131
5 2.4675 2.4717
6 0.8175 1.1528
4 0.2475 0.3313
6 2.145 2.1363
5 1.3875 1.7694
7 1.8375 1.7463
7 0.795 0.972
6 2.0925 2.1803
7 2.325 2.2921
5 2.5575 2.6898
5 1.455 1.4199
4 2.91 2.7858
4 0.1275 0.1363
7 1.845 1.6978
4 1.59 2.3894
5 2.73 2.8905
6 0.6975 0.8396
5 0.8925 1.0025
5 1.5075 1.5894
6 2.8725 2.7961
7 2.07 2.1386
7 1.0875 1.0913
6 2.0925 1.9442
7 2.055 1.9302
6 2.1075 2.1575
5 0.36 0.466
6 1.08 1.6876
6 2.8575 2.8638
6 2.76 2.6875
7 0.4575 0.496
7 0.87 0.9123
7 0.5925 0.6145
7 2.1 1.9548
4 2.0175 2.1206
4 2.01 1.8131
5 0.7425 0.6965
4 0.87 1.6978
5 2.9475 2.7066
4 1.245 0.8663
5 1.2 1.9727
7 2.6925 2.7345
4 0.9225 1.3271
4 0.6225 1.0513
5 2.0325 1.8081
7 0.3075 0.3501
5 2.9775 2.9947
7 1.05 0.9216
4 1.5225 1.2653
7 2.295 2.2542
7 1.635 1.5826
5 0.735 0.817
5 2.805 2.7945
6 1.485 1.986
6 2.28 2.1693
7 0.03 -0.0515
7 1.875 1.5689
4 0.525 0.505
7 0.0 0.0563
6 1.41 1.8266
5 1.305 1.6935
6 1.44 1.6628
4 0.0825 0.1145
5 0.78 1.3281
5 0.66 0.7457
5 2.28 2.2553
7 1.1775 0.9767
7 2.1825 2.1919
7 2.595 2.5137
7 0.555 0.5558
6 0.3 0.2734
4 2.535 2.4788
7 1.905 1.4476
6 2.5125 2.4794
5 2.4375 2.4365
7 1.65 1.4313
6 1.755 2.0713
6 2.9925 2.9297
5 1.515 1.2127
5 0.525 0.5822
4 2.5275 2.1818
4 1.1175 1.9481
4 2.0475 1.4869
5 0.435 0.3967
5 2.6925 2.7762
7 0.9075 1.0265
7 1.8825 1.9084
7 0.0675 0.0759
5 2.6775 2.5163
4 0.0225 0.0887
5 0.795 1.5888
4 2.985 2.8425
7 2.19 2.2567
5 1.245 0.8386
5 1.5975 1.8407
7 2.9925 2.946
7 1.245 1.578
6 1.0125 1.4103
7 1.7175 1.6936
4 1.0575 1.4673
6 2.0625 2.2982
4 0.675 0.6391
4 1.125 1.7671
4 1.2225 1.4591
7 2.3025 2.403
6 2.0475 1.7293
6 2.745 2.6982
6 0.42 0.4916
5 1.965 2.4505
7 1.0575 0.9428
5 2.8125 2.8457
5 2.8425 2.9245
6 2.2875 2.318
7 1.5 1.5097
4 0.765 1.853
6 1.7325 1.4405
4 1.275 2.0709
6 0.1875 0.0797
7 0.525 0.6069
4 1.08 1.6091
4 1.6275 0.9398
7 1.0725 1.0759
5 0.03 0.1173
4 2.0775 2.2211
7 1.455 1.4219
6 1.7925 2.0662
5 0.0675 0.1459
4 1.935 1.6393
4 1.755 1.039
5 0.255 0.431
7 2.3325 2.2631
6 2.58 2.5104
4 2.415 2.5543
7 1.0425 1.0522
5 2.1675 2.1822
7 1.7775 1.9347
7 0.6375 0.5891
7 0.4425 0.3923
4 0.6 1.0272
7 2.34 2.4055
6 1.275 1.4753
7 2.5125 2.3332
6 1.2675 1.1242
5 2.43 2.371
7 0.015 0.0862
4 2.04 1.561
5 2.655 2.7359
5 2.19 2.4146
4 0.42 0.2306
5 2.895 2.9735
6 0.0075 -0.0672
6 0.9375 1.6724
6 2.64 2.7464
7 0.6375 0.627
4 2.985 2.8161
6 0.0375 -0.0224
6 0.8175 0.7959
6 1.2075 1.2835
5 2.805 2.8289
6 0.12 0.0308
4 1.65 2.2039
6 0.9375 0.7581
6 1.26 1.3928
6 1.4625 1.2808
4 0.8775 0.5326
7 0.5175 0.5606
4 1.5375 1.9114
6 1.5 1.8141
7 0.435 0.4235
4 2.3925 2.5094
7 0.4425 0.531
4 1.365 1.6115
4 0.3675 0.324
4 0.2475 0.5811
7 0.4275 0.5796
4 0.7725 0.6673
7 1.3575 1.8225
6 2.1375 2.254
7 2.07 2.1291
5 2.235 1.6546
6 2.6025 2.4786
7 2.7075 2.6879
6 0.1725 0.1672
5 2.46 2.4678
7 0.8625 0.8127
6 0.2475 0.2834
6 2.19 2.1536
5 0.645 0.5614
6 1.9425 1.5716
7 1.425 1.413
7 0.7425 0.5474
5 1.0725 1.7184
7 2.3475 2.2813
6 0.2475 0.2938
7 0.18 0.0851
5 0.5325 0.7486
5 0.3225 0.3936
5 0.75 0.7953
6 2.6775 2.6259
5 0.6975 0.6684
7 0.7575 0.7785
7 1.965 1.9657
4 0.405 0.5033
7 2.3025 2.2042
6 2.43 2.5187
6 2.3925 2.4173
6 0.3675 0.2846
4 2.295 2.4551
6 2.7525 2.7705
4 0.54 0.3981
5 2.25 1.5471
5 2.7675 2.8212
6 2.49 2.5369
5 1.89 1.9331
6 2.655 2.6604
4 1.065 2.3432
4 0.42 0.4209
7 2.0925 2.1673
5 1.485 1.8894
4 2.685 2.6986
7 2.745 2.7723
6 1.89 1.1735
7 1.7325 1.4851
5 2.22 1.3398
5 2.13 2.2899
5 1.05 0.6342
4 1.71 2.3973
4 1.035 2.1937
5 0.9075 0.8305
5 2.5275 2.6602
4 1.11 0.6649
7 0.9 1.131
6 0.39 0.3122
7 2.685 2.6881
4 1.3125 0.9086
6 2.145 2.3499
4 0.36 0.3702
5 0.1575 0.1487
5 0.375 0.6289
5 0.45 0.6295
4 2.3925 2.6542
7 0.1575 0.1871
4 1.095 1.7049
4 0.0525 -0.0092
5 2.715 2.6479
5 2.4375 2.4447
4 2.0625 1.7003
4 2.9025 2.8454
7 2.7075 2.6285
4 1.47 2.2265
5 1.215 1.1657
7 1.7175 1.3351
4 1.9425 1.415
4 1.77 0.9342
5 0.225 0.2486
4 1.7175 1.3195
7 1.32 1.5525
5 0.9975 0.9349
6 0.045 0.0918
5 1.035 1.1627
5 0.8475 0.8671
5 1.2 1.4373
4 1.98 0.8697
6 0.7125 0.7623
6 0.5175 0.596
6 0.315 0.2547
7 2.22 2.2147
7 0.2325 0.1563
7 2.2725 2.1586
5 0.795 0.9801
6 1.86 1.4085
5 1.2225 1.6457
7 1.4475 1.8384
4 0.9675 0.8386
7 1.9425 2.0101
5 0.6825 0.7106
7 1.9575 1.8525
6 0.5925 0.7153
4 1.695 2.1379
6 2.4075 2.4162
6 1.6425 1.4404
7 0.72 0.793
4 2.2275 2.3507
4 1.17 1.1236
7 2.13 2.1767
4 2.4675 2.6257
7 2.82 2.9251
7 2.5275 2.5923
6 2.415 2.3148
4 0.1575 0.2803
5 0.1875 0.2302
6 0.6375 0.6324
6 1.065 1.6703
6 2.76 2.6254
6 0.015 0.059
5 2.655 1.9434
5 0.12 0.0428
7 0.5475 0.5895
6 2.88 2.9336
7 2.1975 2.2218
5 1.7175 1.0935
4 2.955 2.8003
6 2.715 2.7039
7 2.0175 2.1073
5 1.245 1.326
4 0.9375 2.2031
7 0.2025 0.1807
7 1.2075 1.4177
4 0.33 0.2063
6 2.8725 2.8406
5 1.4325 1.7786
7 0.675 0.6487
6 1.08 1.1353
5 1.3275 1.1469
4 0.24 0.2384
4 0.3 0.2673
7 2.13 2.129
7 0.5625 0.514
4 0.99 1.2642
5 1.3575 1.7403
5 0.555 0.5595
4 0.975 1.5113
5 2.0175 1.4266
6 2.925 2.9697
5 2.22 2.4694
7 2.1525 1.9856
5 2.1375 2.2127
6 2.8575 2.7699
5 0.1125 0.0645
7 2.535 2.6628
6 1.3425 1.2083
5 1.3575 2.1085
5 2.0775 1.7622
5 2.9625 2.9373
6 2.835 2.8754
6 1.7625 1.2387
4 0.8625 1.4975
4 2.4075 2.1524
5 2.9175 2.7664
5 0.81 0.8825
7 1.3575 1.3698
4 2.4375 1.9588
6 2.4675 2.4889
4 2.085 1.1173
7 1.485 1.5932
6 1.3875 1.9357
5 2.4075 2.4798
6 2.7525 2.7555
6 1.0275 1.2836
4 1.08 1.5313
7 2.2125 2.3328
7 0.4575 0.417
6 2.7525 2.6512
5 1.0875 1.1399
7 2.07 2.2904
4 0.2925 0.2801
6 0.09 0.145
5 2.9025 2.8571
4 0.78 1.8435
7 1.29 1.1204
6 2.835 2.7988
7 1.1775 1.3901
6 0.42 0.2355
4 0.8775 1.2232
4 1.4925 1.5033
6 0.885 0.9191
5 1.9575 1.5725
4 2.9925 2.8822
6 0.855 1.2201
4 0.375 0.6306
5 2.7375 2.7941
6 0.7425 0.9708
7 2.715 2.6561
7 0.2025 0.1712
7 0.8775 0.8792
5 0.645 0.9085
5 1.635 1.0488
6 2.1225 2.3148
5 0.5475 0.5091
6 0.9825 0.8121
5 2.43 2.6552
7 2.61 2.6621
6 2.16 2.1509
4 2.085 0.8333
6 2.9025 2.9717
4 0.9375 0.8422
5 0.45 0.3762
4 0.8625 2.9699
4 1.89 1.2029
5 2.355 2.4812
7 1.3425 1.0132
7 1.1475 1.1533
5 1.665 1.4329
6 1.65 2.1597
4 1.68 1.9361
4 1.5375 2.014
5 1.29 1.1061
4 1.845 2.0461
4 0.87 0.7116
5 1.0875 0.8591
7 2.37 2.4034
7 2.505 2.4203
7 0.99 1.1536
5 0.6375 0.7125
5 1.5525 1.7843
5 1.0425 1.352
4 0.8925 1.7202
5 0.345 0.2957
6 1.395 1.3987
7 1.1775 1.2781
4 1.005 1.1207
7 2.13 1.9931
6 0.81 0.8228
7 1.02 1.1285
5 2.1075 1.0671
7 0.3375 0.2717
4 1.1025 1.2248
6 0.1875 0.2255
4 1.365 2.007
5 1.5975 1.4882
4 2.7 2.6584
6 0.99 1.1526
7 0.7425 0.6889
6 1.455 1.4433
5 0.8925 1.7793
5 1.2375 1.9723
7 0.945 0.7717
4 2.91 2.8312
5 0.7575 0.735
5 0.0825 0.0746
5 1.3875 1.3195
4 0.165 0.1821
6 2.19 1.8177
4 0.4425 0.2772
4 2.7375 2.493
5 2.025 1.2979
5 1.89 0.9709
6 1.8375 1.2926
6 1.95 1.5353
4 0.4275 1.2013
6 1.14 1.7142
4 0.72 0.653
6 2.9925 2.9794
5 1.4925 1.6235
7 1.7175 1.5044
7 0.66 0.6521
6 0.09 0.0514
7 1.845 1.6419
4 0.3 0.6305
7 0.12 0.12
5 1.0875 1.4724
4 1.2975 0.6882
6 1.41 1.2346
4 2.775 2.8545
4 1.83 1.5524
7 2.715 2.6838
4 1.3125 1.4106
5 0.0225 0.077
7 0.495 0.4177
5 2.73 2.6799
4 2.07 1.9743
5 1.7775 1.3486
4 0.03 0.1525
6 0.45 0.6227
6 2.3925 2.3412
7 2.5425 2.5505
6 1.1025 1.2504
7 2.01 1.7363
5 2.3775 2.4964
6 0.135 0.1073
4 1.11 0.4527
6 0.585 0.4013
5 0.24 0.0432
7 0.5925 0.5912
7 1.335 1.1016
4 2.1675 1.889
7 1.5225 1.5243
7 2.565 2.5568
7 0.9225 0.9221
4 0.075 0.0573
7 1.965 1.4905
5 2.3925 2.193
6 2.3475 2.478
6 0.045 0.1372
6 2.7975 2.7416
7 0.3675 0.396
4 2.49 2.7157
5 1.125 1.6576
4 1.17 1.4913
6 1.08 1.5039
5 0.315 0.3833
4 2.34 2.5104
4 1.5375 1.939
6 1.8975 1.5624
6 2.355 2.2796
5 0.4875 0.5502
4 1.8225 0.7993
5 1.215 1.0012
4 0.165 0.1149
7 0.6975 0.8927
7 0.21 0.2457
5 2.7675 2.7737
4 0.8625 1.3268
7 0.18 0.2189
4 0.7425 0.5922
4 2.055 2.025
6 1.155 1.587
7 0.2475 0.1367
5 1.6275 1.2122
7 0.765 0.8193
5 0.5925 0.7803
4 0.135 0.0458
5 1.1925 1.5589
5 2.2725 2.3146
5 1.7775 1.3441
4 0.5625 2.1774
6 2.205 2.2163
7 1.5675 1.4046
4 1.6575 2.4451
6 2.07 1.9587
6 0.615 0.7186
4 2.1375 1.7137
5 0.555 0.7858
7 2.4225 2.5844
7 0.4575 0.377
7 0.135 0.0116
5 2.8875 2.6734
7 0.3675 0.3716
5 0.195 0.2084
7 2.79 2.7537
6 1.725 1.6809
5 1.605 1.8981
5 0.1575 0.1375
5 2.67 2.4466
4 0.9375 0.7807
7 1.0425 0.9968
4 0.33 0.2158
6 2.5425 2.4748
6 1.485 1.926
6 0.5925 0.5999
4 2.04 2.423
4 2.76 2.8493
5 0.7875 1.1213
5 1.4625 1.664
5 1.605 2.2417
7 0.3675 0.3918
5 0.405 0.5693
4 2.5125 2.1283
4 2.145 2.3733
5 2.715 2.8164
5 2.37 2.4202
5 2.85 2.823
4 0.345 0.5651
7 1.4325 1.1982
4 0.45 0.5055
7 1.005 1.3168
7 2.0175 1.8005
6 1.56 1.6035
5 1.86 1.9137
5 1.6725 1.3696
6 1.95 1.9603
5 0.6075 0.8732
5 0.7125 0.6925
7 0.5925 0.6619
7 0.72 0.6576
5 2.28 2.3034
4 0.8775 0.7609
4 2.505 2.2082
7 0.54 0.6517
4 1.1025 1.504
7 2.8575 2.8044
7 0.5925 0.7844
7 0.1425 0.0112
7 1.9275 2.0437
6 0.63 0.6837
6 1.725 1.1102
6 0.6975 0.6783
5 1.38 1.0553
5 2.49 2.6563
5 1.425 2.0338
4 1.38 1.5099
5 1.35 1.6513
6 1.1025 0.9166
6 2.19 2.0592
7 2.955 3.0111
7 0.5475 0.5295
6 0.3975 0.2596
5 1.7625 1.2987
7 1.9575 2.0484
7 1.3875 1.185
7 0.6 0.6144
4 1.4025 1.1221
6 1.5675 1.6888
7 0.0375 0.0306
7 1.155 1.2384
4 1.695 2.2672
4 0.3375 0.8384
7 2.37 2.4306
4 2.325 2.524
7 2.2275 2.2048
4 1.9275 0.9868
6 0.225 0.3357
4 0.2775 0.2759
5 0.0525 0.0573
6 0.8775 1.2249
7 1.8075 1.6723
5 0.36 0.3006
4 2.235 2.3903
6 2.34 2.4048
5 0.9375 1.7515
6 1.545 1.005
5 0.3075 0.1644
5 2.5125 2.3171
7 1.89 1.7646
6 0.9975 1.1644
6 2.625 2.5577
4 1.05 0.8786
4 2.2425 2.5433
5 2.295 2.3494
4 0.42 0.4108
6 2.265 2.3558
5 2.4 2.4424
5 1.245 1.1323
4 2.715 2.6712
5 0.3 0.3615
7 0.915 0.9051
4 2.1375 1.8076
5 0.225 0.3471
4 1.89 1.4666
5 2.9475 2.933
5 2.025 1.7406
4 1.2525 1.8654
4 0.3 0.3437
7 2.94 2.8477
5 1.56 1.786
4 1.9575 0.7158
4 0.1725 0.0973
4 2.115 1.7937
7 1.44 1.8646
5 1.4175 1.2347
7 2.2725 2.2916
4 0.2775 0.2396
5 2.0625 2.0423
6 2.1675 2.0733
5 2.535 2.6985
5 0.09 0.0449
5 1.515 1.0691
4 1.0725 0.9721
7 1.11 1.0035
7 1.4025 1.4159
4 2.4975 2.3918
7 1.515 1.4606
6 2.0625 1.6659
7 2.1525 1.6793
6 1.3425 1.7036
5 2.5275 2.4723
6 1.125 1.343
6 1.485 1.6094
6 0.06 -0.0023
7 0.63 0.5861
7 1.23 1.5581
5 1.4025 1.4248
4 0.315 0.2199
7 1.725 1.7809
7 1.0575 1.4293
5 1.365 1.4418
5 2.1675 2.2704
4 0.15 0.1677
4 0.78 0.8232
5 2.295 2.4776
5 1.0875 1.2387
4 1.935 2.1462
6 0.105 0.061
7 2.46 2.4962
4 0.21 0.1213
7 0.6 0.6118
5 2.28 2.2018
7 1.77 1.8488
6 2.7375 2.6754
4 1.83 1.3575
4 1.1325 0.6556
5 1.905 1.7563
5 2.115 1.3215
7 2.85 2.8525
7 2.94 3.0328
6 2.7375 2.6649
6 0.525 0.5897
6 2.4975 2.4597
7 1.365 1.593
5 2.7825 2.826
7 0.4575 0.4413
6 2.94 2.9244
7 1.14 1.1923
4 2.5875 2.7406
7 2.805 2.8801
5 1.5225 0.821
5 1.6125 1.3929
5 2.145 1.7854
7 1.89 1.7449
7 0.675 0.7165
5 1.995 2.038
4 0.0225 0.0678
6 2.715 2.6235
6 2.7975 2.8462
6 0.36 0.1833
6 0.105 0.1598
5 1.125 1.4424
4 0.27 0.1613
6 1.185 1.64
4 2.295 2.351
6 1.7625 1.9205
4 1.635 1.2457
6 0.9375 0.8775
4 2.37 2.3447
7 1.68 1.5197
6 1.7625 1.6918
4 1.9125 1.9058
6 1.6575 2.5681
6 0.8775 1.3213
5 0.2625 0.196
4 1.155 1.5496
6 0.99 1.1818
7 2.0625 1.7207
7 1.155 1.1312
4 0.7125 0.9916
4 1.2975 1.6114
4 1.65 2.2767
7 2.6475 2.5857
5 0.6975 0.9097
7 0.42 0.3431
5 1.65 1.4671
4 1.125 1.3986
5 0.8325 0.6409
5 1.5825 1.6232
7 1.695 1.4599
6 2.625 2.6984
7 0.5775 0.6031
4 2.3775 2.2156
4 0.975 1.4498
4 2.8575 2.7625
5 2.31 2.0035
7 2.895 2.895
6 2.16 2.0651
7 0.9825 0.9091
7 0.1425 0.1996
4 1.7175 1.4285
6 1.155 1.2022
4 2.235 2.4653
5 0.585 0.8295
5 0.3975 0.474
5 2.76 2.754
4 1.005 1.8445
7 0.87 0.9437
5 2.9025 2.8274
7 1.86 1.8589
4 1.4025 1.481
7 0.1425 0.1263
5 2.835 2.8912
6 0.255 0.2781
4 2.5725 2.2398
5 0.12 0.2338
4 2.0475 1.2605
7 1.545 1.302
7 0.5625 0.6601
4 1.3425 0.8034
6 1.9125 2.1291
4 0.9 1.4684
7 2.55 2.561
4 0.99 0.7555
6 2.7825 2.8913
7 0.075 0.181
6 2.1075 2.1738
6 2.6025 2.6267
5 0.54 0.816
4 2.6775 2.6807
4 0.0225 0.0731
4 0.435 0.2364
6 1.05 0.8581
5 1.6425 2.1304
6 2.6325 2.6079
5 0.33 0.4582
6 1.92 1.6722
4 2.4225 2.5178
5 0.1575 0.1324
7 0.4725 0.3924
6 1.71 1.7273
7 2.85 2.8914
5 1.545 1.619
7 0.78 0.6512
7 0.54 0.5488
5 1.155 1.2644
7 2.3925 2.4352
6 0.0075 0.0179
5 0.0675 0.1286
7 2.9025 2.8159
7 0.8175 0.8868
7 2.3775 2.3726
4 2.9925 2.6995
4 0.84 1.7668
7 1.6575 1.5121
7 1.53 1.6354
5 2.565 2.5713
4 0.765 0.8016
6 1.0575 1.0963
5 0.1875 0.0783
7 1.7025 1.4661
7 2.9475 2.9282
4 1.545 1.3979
7 2.2425 2.2819
7 0.5475 0.5717
6 0.8625 0.7487
6 1.455 1.5577
5 0.525 0.5796
6 0.24 0.2116
5 0.7425 0.6964
7 1.5975 1.4319
6 1.9725 1.3264
7 2.8725 2.8478
7 0.54 0.5241
5 2.9025 2.966
5 2.28 2.5173
7 1.0875 1.1866
7 2.1 2.0281
6 2.9625 2.9385
7 2.8575 2.9623
5 1.6275 1.6852
5 2.5575 2.6834
6 0.2625 0.1233
6 2.1525 2.2358
4 1.095 2.028
4 1.515 1.4298
6 1.4775 2.1518
4 2.6475 2.6808
5 1.035 0.9467
5 1.65 1.9136
5 0.675 0.5587
5 0.375 0.3907
4 2.82 2.9163
4 1.74 1.1744
4 2.7075 2.6709
6 1.0125 1.3071
6 0.315 0.404
5 0.735 0.9561
5 2.5425 2.5341
5 1.5825 1.4189
7 0.015 0.0826
4 1.1325 1.5715
4 0.4425 0.1249
5 1.2 1.1324
6 1.5525 1.3523
5 0.3375 0.3586
6 0.9 0.8938
4 1.2675 1.0229
4 2.6625 2.4151
5 2.235 2.2945
4 2.3775 2.2458
5 1.3125 1.5324
4 2.28 2.5135
7 2.895 2.9
4 0.105 0.1199
5 0.3375 0.3644
5 2.1525 2.3141
5 1.4925 1.036
4 2.88 2.788
4 0.81 1.3039
7 0.81 0.7857
6 2.955 2.9515
6 2.3025 2.336
6 0.9075 0.8147
6 0.4875 0.4372
6 0.24 0.2393
5 1.5975 2.0811
4 1.68 1.7345
6 2.79 2.7252
7 1.1775 1.2901
4 0.495 0.2737
4 0.4875 0.3932
7 0.4725 0.3895
6 2.6025 2.4232
4 0.6525 0.6688
5 1.9275 1.3716
4 2.22 1.9964
5 1.4775 1.664
5 0.1425 0.1734
6 1.425 1.2836
6 1.545 1.431
7 2.8275 2.7712
6 0.1125 0.0038
5 2.34 2.281
7 2.955 2.9512
6 1.875 1.8902
4 1.8675 1.1676
6 1.2075 1.1155
5 1.0725 1.3321
6 2.8275 2.8442
6 0.09 0.0912
7 0.975 1.1241
7 2.8875 2.8653
5 2.7975 2.8059
5 1.425 1.6449
5 2.7825 2.7022
5 0.48 0.324
6 0.7125 0.6849
6 0.3075 0.357
7 1.3125 1.1549
5 2.1675 1.913
4 0.675 0.9134
5 1.755 1.5038
4 0.15 0.0064
4 1.335 1.7564
7 0.51 0.4712
6 1.785 1.152
4 2.505 2.5076
6 1.2975 1.6051
7 0.36 0.3077
7 1.7025 1.3709
6 2.205 1.9112
7 1.5225 1.434
4 0.975 0.7899
6 1.875 1.8506
4 2.16 2.0872
5 2.775 2.7118
6 0.8175 1.3354
4 0.1425 0.1722
7 2.595 2.5969
5 2.175 2.2286
7 0.7875 0.6248
4 2.22 2.3971
5 1.5075 1.716
5 0.39 0.5621
7 1.1625 1.3988
6 0.9225 1.058
4 1.8675 1.1825
6 1.875 1.785
4 0.405 0.5928
5 2.28 2.3752
6 2.4975 2.398
6 0.7725 0.5241
4 2.5575 2.2555
6 1.035 1.6059
7 0.4575 0.4888
7 2.1675 2.1615
5 0.06 0.1114
5 0.69 0.8354
4 1.35 1.3866
5 1.035 1.3505
7 0.5175 0.6209
4 2.955 2.7744
5 1.7175 1.7915
5 2.4825 2.4085
4 0.4575 1.1101
4 0.3675 0.4102
4 1.6725 1.391
7 0.0975 -0.0501
5 2.97 2.8237
4 1.095 1.2671
6 1.2525 1.1158
6 2.4 2.3273
7 0.585 0.6043
7 0.735 0.6745
6 0.36 0.2116
5 0.825 1.1035
6 1.065 0.9436
5 1.0575 1.0756
7 2.325 2.392
6 1.755 1.9637
6 0.2775 0.2421
5 2.4825 2.5699
4 0.54 0.3421
4 1.8 2.1075
6 0.06 0.1156
6 2.01 2.188
7 1.53 1.4773
6 2.6025 2.6036
5 1.53 1.2405
6 0.7575 0.7498
4 0.2025 0.2323
6 0.8775 1.0373
7 2.7825 2.8063
6 2.49 2.4921
6 1.035 1.433
5 0.7575 0.5748
6 1.5075 1.9364
7 2.94 2.9694
5 1.89 1.8562
6 2.13 1.9689
4 0.3375 0.2135
4 2.715 2.655
6 1.1025 1.1428
5 0.645 0.6121
4 1.6275 1.9209
7 0.6825 0.7151
6 2.37 2.4645
6 1.56 1.4573
5 1.665 1.9005
5 2.745 2.8041
5 1.3875 1.6883
5 2.07 1.9159
7 1.35 1.3953
4 1.485 1.93
5 1.08 1.1581
5 1.845 1.9239
6 0.525 0.4869
4 2.37 1.7401
5 0.78 0.8681
4 0.975 1.4193
6 1.8 2.0405
5 2.1675 2.3083
7 0.7125 0.7731
4 1.6125 2.4765
6 1.8975 1.8679
4 1.5675 1.3834
5 2.61 2.709
4 1.2375 1.187
6 2.835 2.9949
4 0.6375 0.676
6 0.6 0.5711
6 2.6475 2.5615
6 0.39 0.472
4 2.2425 1.7015
7 2.385 2.4037
4 2.325 1.5851
7 2.415 2.2657
5 1.29 1.5578
4 2.055 2.1593
7 1.89 1.7157
4 0.0525 0.3549
7 1.5525 1.5133
5 1.29 0.7602
7 2.0025 1.9908
5 0.255 0.2782
6 0.3525 0.3189
5 2.1525 2.3943
7 0.195 0.2663
4 1.5675 1.4467
4 1.605 1.6613
5 2.4375 2.4377
4 1.32 1.048
5 0.615 0.8272
6 0.9825 0.9451
4 0.27 0.5829
4 2.22 0.7407
4 0.21 0.3489
6 1.8975 1.6698
5 1.3425 1.7778
7 1.9275 1.8944
6 0.45 0.4804
4 2.3925 2.369
7 1.7175 1.7455
7 2.1675 2.3451
7 0.8925 0.9372
7 0.8175 0.8999
5 1.065 1.194
4 1.23 0.9679
7 0.24 0.2374
4 0.75 1.4028
6 1.665 1.4142
5 1.9575 1.5868
6 2.9475 2.9167
5 1.5075 1.5463
6 0.615 0.5024
6 0.57 0.7521
6 0.885 0.919
4 2.6175 2.3238
5 0.765 1.1162
7 1.095 1.182
6 1.6275 1.6257
6 1.605 0.7674
5 2.6325 2.6968
6 0.585 0.5725
6 1.5 1.5462
7 0.765 0.8162
4 1.9125 1.3938
4 2.52 2.7494
4 1.7925 1.2836
5 0.495 0.5922
4 1.455 1.1082
7 0.5925 0.6231
6 1.6425 1.2106
4 0.03 0.1401
4 0.8325 0.7187
4 1.1625 0.6641
7 0.435 0.4108
7 2.07 2.1477
5 0.06 0.0565
6 2.985 2.9432
7 2.475 2.5232
7 0.7425 0.7521
7 1.6275 1.5536
6 1.02 1.6777
7 1.3425 0.9975
7 0.57 0.3576
4 0.705 0.4226
7 2.1375 2.0944
4 0.345 0.2954
5 1.4025 1.3839
5 2.415 2.2135
7 2.205 2.1578
5 2.475 2.5025
7 0.4725 0.4343
5 2.2575 1.8359
4 1.7175 1.7029
4 0.6075 0.5897
7 1.245 1.1468
7 1.4325 1.4979
4 1.095 0.7594
6 1.5675 1.3869
4 2.6625 2.7462
6 2.9625 2.9814
7 1.5975 1.3993
4 1.23 2.0084
7 1.02 1.1233
6 2.9625 2.9156
5 2.0775 1.5301
7 1.5 1.1644
7 2.01 2.1047
5 0.2475 0.3076
6 0.8925 0.9964
6 0.3 0.2789
6 2.205 2.1057
6 2.1375 1.9992
5 2.97 2.897
7 1.17 1.5268
5 2.9925 2.715
7 2.055 1.9022
7 2.3025 2.4062
4 1.245 1.5897
5 2.73 2.7115
6 2.1375 1.7369
4 0.9975 0.502
4 0.345 0.4806
5 1.605 1.3961
6 2.0475 2.1039
5 1.17 1.5373
5 0.6225 0.5897
4 1.575 1.4037
4 0.3825 0.3775
4 1.23 1.7365
5 0.315 0.3292
4 2.385 2.0789
5 1.575 1.4146
6 2.3625 2.45
6 1.2225 0.9058
4 1.5825 0.5438
6 1.965 1.9739
5 2.04 1.4663
5 1.17 1.3723
4 2.8425 2.8664
6 0.7125 0.7068
6 0.495 0.3887
6 1.23 1.3369
7 0.84 1.3021
5 2.2875 2.233
5 1.575 1.6596
7 1.755 1.7765
4 1.92 1.3846
7 0.9375 1.2988
6 2.1525 2.0032
7 1.425 1.4267
7 0.975 1.0996
6 2.4825 2.5353
7 1.275 1.5148
5 2.5875 2.6436
5 1.7775 2.1503
4 2.2275 2.3829
5 0.915 1.4931
4 2.5275 2.1379
6 1.5675 1.6862
6 2.7825 2.8011
7 1.38 1.5476
7 2.6775 2.6886
6 0.1125 0.1231
7 1.53 1.474
4 2.7225 2.7357
4 2.175 2.2849
6 1.4475 1.8936
6 0.45 0.4658
6 2.2575 2.1558
7 1.8225 1.4509
5 2.115 1.5424
6 0.69 0.5118
4 2.85 2.866
7 0.375 0.3962
7 1.2675 1.4914
7 2.76 2.8435
4 1.995 0.9214
4 1.515 1.6473
5 0.765 0.6507
6 1.38 1.6371
4 1.425 1.9069
7 1.83 1.7147
5 1.8375 1.5959
7 0.12 0.135
5 0.27 0.1939
6 2.6175 2.6892
5 2.115 2.3972
5 1.2975 1.3771
4 0.1725 0.3608
4 1.755 2.2544
6 1.7925 1.1295
5 1.4475 1.0985
5 0.78 1.1014
6 2.46 2.3568
4 1.515 1.7354
6 1.7925 1.7006
7 2.1225 2.0023
6 0.075 0.0703
6 2.655 2.6891
5 1.5 2.0049
6 1.44 1.5255
7 1.815 1.5662
6 1.9275 2.0073
6 0.0375 0.0115
5 2.325 2.0953
7 1.1475 1.0892
6 2.7375 2.7102
5 1.905 1.2944
5 2.175 1.8772
6 2.8425 2.8591
5 1.215 1.3351
7 1.905 1.8802
4 1.05 1.5207
6 1.68 1.2764
5 0.3675 0.3939
7 0.0525 0.0402
7 2.82 2.8738
5 2.6325 2.6048
7 2.535 2.5476
6 0.45 0.46
5 2.37 2.5625
4 0.4425 0.4396
5 0.6 0.4396
6 0.135 0.1434
5 1.53 2.046
6 1.5 1.4592
7 2.7525 2.6836
5 2.835 2.995
5 2.16 2.1124
5 0.4275 0.5322
5 1.0275 1.0486
4 1.485 1.9309
6 1.4775 1.482
4 1.2375 0.9183
6 1.7325 1.7994
4 2.5725 2.6647
4 1.17 1.9316
4 0.285 0.2593
4 2.685 2.3395
4 1.17 1.4235
7 2.13 2.0892
6 2.1375 1.7244
4 2.37 2.288
7 2.9475 2.965
7 1.0575 0.9638
7 2.805 2.8313
6 2.4975 2.3784
5 1.845 1.4943
5 1.2825 0.8925
6 1.7325 1.9172
5 1.995 1.9214
6 2.2275 2.1876
4 0.21 0.2629
5 1.98 1.3744
5 1.425 1.897
4 0.8625 1.3161
6 1.47 1.7391
5 2.205 1.5436
4 0.225 0.3833
4 2.94 2.869
6 0.9825 1.282
4 2.295 2.0686
5 2.46 2.4468
5 1.8075 1.7835
5 1.8225 1.4486
6 1.0275 1.5188
7 1.545 1.9941
5 2.0775 2.0105
4 2.52 2.3446
4 1.8825 0.5331
7 1.2975 1.432
4 2.055 1.3365
5 1.335 1.371
5 0.0075 0.0662
4 1.455 1.1308
6 2.0025 2.1184
5 1.62 1.9258
5 1.2375 1.1792
4 0.57 0.7519
5 1.8525 1.3399
4 1.995 1.6863
6 2.01 1.9327
7 0.315 0.2732
5 2.7225 2.7285
6 2.985 2.8594
6 2.2125 2.3048
4 1.3275 2.0697
7 2.8575 2.8048
7 0.3975 0.4818
6 2.67 2.5795
5 0.63 0.7351
5 2.82 2.8761
6 1.62 1.755
7 2.4375 2.4242
5 1.4625 1.4982
6 2.49 2.5041
6 0.84 0.9329
7 0.6 0.6807
4 1.185 1.4115
4 1.9725 1.538
7 0.915 0.9685
7 1.905 1.8767
6 0.87 1.3955
5 0.9075 1.0364
5 1.6575 1.0397
6 0.6675 0.5956
5 2.1675 2.1625
6 2.4075 2.3545
6 2.0625 2.0882
7 1.6425 1.4732
4 1.815 1.6539
4 2.925 2.8017
7 2.9175 2.8697
6 1.1175 1.2979
4 1.9125 1.8486
5 1.6725 1.5251
7 1.6275 1.8399
5 1.455 1.3263
5 0.03 0.0432
5 0.825 0.8796
5 1.065 1.4871
4 2.43 2.7118
4 0.33 0.3093
4 2.7975 2.8189
6 0.3 0.3097
5 1.32 1.9024
7 0.675 0.6898
4 0.6225 0.5783
6 1.5 1.3526
7 2.6625 2.6272
7 0.6975 0.7231
7 2.1 2.0621
6 1.98 1.4643
7 2.5875 2.4804
5 0.735 0.7015
7 2.715 2.6951
5 1.2525 1.5988
6 1.6875 1.3633
5 1.71 1.6124
7 2.685 2.6886
6 0.36 0.4586
6 1.65 1.9901
7 0.765 0.7678
5 1.2525 1.2985
6 1.7625 2.0584
4 2.25 2.5529
4 0.495 0.7516
7 0.765 0.7101
6 0.975 0.7439
4 1.41 1.5114
7 0.8325 0.9166
4 2.88 2.9339
6 1.6575 0.8757
5 1.62 0.9227
5 0.945 1.466
5 2.1375 1.646
4 2.16 1.8185
6 2.8575 2.7161
7 2.565 2.5904
6 0.3975 0.4847
7 1.9725 2.0073
6 2.745 2.6872
4 1.4025 2.2107
5 1.845 2.0517
5 2.49 2.5708
7 2.8875 2.867
5 1.0725 1.4733
4 1.605 0.9448
6 1.8675 2.0507
4 0.045 0.049
6 1.4925 1.6629
7 1.17 1.0689
4 2.67 2.7101
5 1.0425 1.5078
7 2.1075 1.9416
4 1.8375 1.6729
6 1.26 1.4434
7 0.6525 0.7196
5 1.3425 1.3752
6 0.57 0.69
5 1.9425 1.8412
7 1.98 1.9917
7 1.0425 0.9223
7 0.2475 0.158
6 0.03 0.0106
5 0.2925 0.2759
7 2.8275 2.7806
7 1.5975 1.3316
5 0.9975 1.6343
4 1.68 1.2884
5 2.6775 2.7424
6 0.105 0.0441
4 0.4575 0.606
7 0.8925 0.8722
6 1.1775 1.2693
7 2.4375 2.3388
5 2.9625 2.9365
4 1.1025 0.8061
7 2.19 2.0521
5 0.0225 0.1445
4 2.475 2.6046
5 1.665 1.3129
4 0.8025 0.5802
5 1.68 1.2436
6 0.78 0.9936
5 0.9675 1.5992
6 2.925 3.0249
5 0.345 0.3889
5 2.94 2.9178
7 2.5575 2.6598
5 0.8775 1.4074
6 0.4725 0.5193
6 0.1425 0.2805
4 0.195 0.2629
7 1.8 1.8253
5 0.945 1.3123
6 0.255 0.2895
7 1.545 1.52
5 0.195 0.13
6 0.795 1.0816
4 1.8375 1.548
4 1.3725 1.1636
6 1.7925 1.737
7 1.5075 1.0434
5 2.5275 2.5808
6 1.0875 0.9938
4 2.1 2.0704
7 2.685 2.7207
4 2.8125 2.8708
7 2.9175 2.9031
7 2.145 1.8983
4 2.9925 2.9147
6 2.7975 2.8364
7 2.16 2.0091
5 2.94 2.992
5 1.605 1.3734
5 0.2175 0.3677
5 1.725 1.5567
6 2.805 2.8402
6 0.5175 0.4156
5 1.59 0.7752
6 1.0425 1.377
6 1.575 1.17
5 0.945 1.1844
6 2.4825 2.5734
7 0.7125 0.5418
6 2.7675 2.8745
4 0.7275 1.0938
7 2.9025 2.8875
7 2.8275 2.7489
4 1.5975 2.1305
7 0.7875 0.8616
5 1.56 1.6995
5 2.7675 2.692
5 1.9425 1.8002
4 2.7225 2.6697
4 2.2125 2.6821
7 2.1675 1.8512
7 1.965 1.4187
4 1.8075 2.1138
4 0.015 0.0034
5 2.8425 2.9126
7 1.14 1.3175
4 0.945 1.1747
5 1.305 1.3833
5 0.09 0.1623
4 2.475 1.5032
7 2.4225 2.3176
4 1.1475 0.8834
5 2.22 1.7995
7 1.515 1.3169
5 1.9875 1.8036
4 0.585 0.5456
6 1.7325 1.2872
7 2.205 2.2973
5 1.7625 1.7155
5 2.5875 2.7813
6 1.635 1.6857
6 2.3625 2.3165
7 2.5125 2.5738
5 2.205 2.2418
6 0.8775 0.8761
4 0.495 0.8382
5 1.5975 1.6891
4 2.49 2.2831
5 0.525 0.4564
5 1.575 1.7594
7 2.415 2.4329
6 0.255 0.2918
7 2.49 2.5018
6 2.7825 2.8059
7 1.9125 1.7369
4 1.3725 1.1687
7 2.5125 2.4128
6 1.4925 1.5772
7 2.0775 2.1143
6 2.1675 1.8453
4 1.86 1.7313
5 0.7875 0.9222
7 2.1075 2.2721
7 0.855 0.8002
7 1.2675 1.339
7 1.0125 1.001
6 0.225 0.188
4 1.9875 1.9613
7 0.1575 0.0364
7 2.19 2.2487
4 1.0875 0.9538
4 2.4825 2.1924
4 0.7275 1.3486
5 0.39 0.374
6 2.61 2.6496
5 1.5075 1.9023
6 2.325 2.4673
4 2.6325 2.696
4 0.105 0.1533
4 1.425 1.7253
7 0.81 0.7848
7 2.34 2.3147
5 1.5525 1.6949
7 2.6625 2.7432
7 2.745 2.6666
6 1.2 0.9738
4 0.7875 0.9018
6 0.15 0.1638
6 0.1875 0.1908
5 0.66 0.6133
7 2.0175 1.8719
5 0.735 0.6399
5 2.7525 2.7241
6 0.3075 0.2825
6 1.935 1.8561
4 1.2075 1.6875
7 2.235 2.1932
5 1.4625 1.8635
7 2.0925 1.8171
5 1.08 0.6341
7 2.7975 2.8044
5 0.4275 0.2523
7 2.2275 2.3394
5 0.945 0.9559
7 1.5225 1.5679
5 0.5925 0.5628
4 2.8575 2.7916
6 1.1175 1.0245
6 1.7925 1.4843
5 1.02 0.7574
6 2.745 2.7225
6 0.21 0.2441
4 0.51 0.3823
6 1.0275 1.1617
4 2.01 1.4329
7 0.4875 0.5696
6 2.865 2.8718
5 2.1975 2.3746
5 1.605 1.6935
7 1.605 1.9569
4 1.4625 1.3277
6 0.6825 0.7353
5 2.55 2.6378
5 0.7125 0.671
4 1.9425 1.7106
6 0.435 0.4253
4 2.34 2.2921
4 0.6225 0.6219
6 0.165 0.3072
6 1.215 1.7861
4 0.3375 0.6809
5 1.5675 1.9434
4 2.91 2.8443
7 0.945 0.9168
6 1.2675 1.2263
7 2.925 2.8236
6 0.4725 0.4842
7 0.1575 0.1057
5 2.3325 2.1796
5 1.6125 1.9533
7 0.1575 0.1025
6 2.775 2.859
7 0.81 0.7538
7 1.2825 1.3989
4 1.7775 1.2372
5 0.7875 0.9572
5 0.2625 0.2044
5 1.6875 1.8262
5 0.6 0.6744
7 0.5325 0.5294
4 0.825 0.8479
7 0.9375 1.338
6 2.9925 3.0125
7 1.4925 1.6088
6 2.775 2.812
5 1.77 1.7142
7 1.575 1.6135
5 2.31 2.1782
4 0.03 0.0478
4 2.6175 2.3293
4 1.515 0.907
5 2.3775 2.3042
7 0.8175 0.7965
5 0.795 0.933
6 2.4075 2.4647
6 1.9725 1.778
7 1.3125 1.5056
5 0.9375 1.3599
5 1.9425 2.3481
6 2.4525 2.4151
6 0.135 0.1333
4 0.72 0.4726
6 0.6975 0.7314
4 2.6775 2.6175
5 2.3925 2.0568
7 2.6325 2.6617
4 2.925 2.7846
7 2.805 2.8562
7 0.75 0.6818
6 2.1075 2.1012
6 1.815 1.8674
7 1.4775 2.0168
4 0.9225 0.946
4 0.9 1.0973
5 1.035 1.4101
7 1.26 1.3932
4 2.2425 1.9394
5 2.4825 2.4853
4 2.565 2.6261
5 0.8025 1.0809
7 2.91 2.8416
7 2.46 2.4815
4 0.735 1.4617
5 0.5925 1.0096
6 1.0875 1.7578
4 2.4375 1.5632
4 2.6925 2.8128
5 0.8475 0.7071
6 1.245 1.4499
6 2.685 2.6023
7 0.72 0.5606
5 0.5325 0.6914
5 0.9 1.5296
4 2.805 2.6436
6 0.09 0.2243
4 1.92 1.9641
7 1.515 1.22
7 0.81 0.8958
6 0.4575 0.4739
7 0.12 0.238
5 1.875 1.5689
5 0.39 0.7605
7 0.7875 0.7145
5 2.9925 2.7886
4 2.52 2.4699
4 1.3725 1.1205
5 0.96 0.8177
4 0.42 0.484
6 1.2675 1.3836
7 1.68 1.5481
4 0.975 1.1517
5 0.1725 0.1687
6 0.8475 0.8723
4 2.0025 1.588
4 2.055 2.1399
6 1.425 1.44
6 2.325 2.3278
4 2.67 2.8925
6 1.3575 1.5645
7 1.125 1.5501
5 1.695 1.6359
5 0.8325 1.1704
4 2.9775 2.8696
5 0.2925 0.2302
6 2.34 2.3462
6 2.9925 2.9281
7 0.81 0.6889
5 1.77 1.4764
4 1.0425 1.9031
7 2.6025 2.6244
7 1.38 1.5133
4 0.9 1.0868
7 2.6475 2.6946
6 1.65 1.9014
4 2.655 2.6192
6 1.035 1.0105
7 0.225 0.3352
5 1.23 1.0456
7 2.3625 2.38
6 0.165 0.0771
5 0.9 1.2588
7 2.1675 2.1838
5 1.7325 2.2777
5 1.5525 0.8448
7 2.1675 2.1925
5 0.6075 0.4407
4 1.65 2.0217
7 2.25 2.4193
7 1.62 1.362
4 1.4475 2.1929
4 2.595 2.4657
4 0.1875 0.1618
6 0.6225 0.4831
6 2.4525 2.435
4 1.38 1.2875
6 0.15 0.1694
6 1.3875 0.9152
7 2.7675 2.8244
5 0.57 0.4998
5 2.76 2.5981
5 0.4875 0.5111
4 2.8425 2.6865
5 1.8975 1.3431
6 2.43 2.3794
6 2.4675 2.5072
4 2.5875 2.472
7 0.9975 0.9406
7 2.7075 2.7721
7 1.155 1.0128
5 1.44 0.8998
4 0.555 0.5193
5 1.2825 1.5883
4 1.1925 1.7107
5 1.935 2.3069
7 0.1725 0.1312
5 2.4 2.4008
5 2.5125 2.5293
7 0.1875 0.1282
7 2.3475 2.3598
6 2.2425 2.3234
7 1.26 1.3168
7 0.0225 0.0637
4 0.4575 0.7043
7 0.5625 0.583
5 0.3525 0.5813
5 1.815 1.4837
5 0.27 0.2476
6 0.1725 0.0356
5 0.12 0.0522
6 2.8725 2.8595
5 1.6725 1.658
4 2.4225 2.3995
5 2.475 2.5202
5 0.45 0.4346
7 0.885 0.8491
4 2.8575 2.8886
4 0.39 0.3265
7 0.015 -0.0178
7 1.1325 1.1995
7 1.9125 1.8516
4 1.065 1.2445
6 0.405 0.5592
5 0.42 0.3219
6 1.0125 0.7469
4 1.86 1.4728
5 1.125 0.933
5 2.2425 2.0982
5 2.4525 2.1805
7 0.285 0.3288
6 2.7 2.6722
6 0.045 0.0922
5 0.2775 0.2817
5 1.1475 1.4531
5 2.9475 2.8937
5 2.5425 2.6418
7 2.7075 2.7854
6 1.725 1.6529
7 1.4775 2.701
4 0.225 0.3881
5 1.365 0.8579
6 1.02 0.8043
5 1.59 1.6643
7 1.0725 1.0638
5 0.015 0.0921
7 2.1975 2.2164
7 0.8775 0.8578
4 2.1 2.0975
4 0.3675 0.2392
5 2.265 1.9013
7 0.795 0.817
6 1.2675 1.2168
5 0.45 0.3622
7 1.785 1.4724
6 2.61 2.6574
5 1.2675 0.9947
4 0.8325 0.7871
5 1.1325 0.985
5 2.5725 2.493
6 1.2075 1.4191
5 1.5825 1.9763
5 0.7125 0.5487
5 1.245 1.3744
7 1.245 1.0798
7 0.9075 0.9765
5 0.795 0.9675
7 0.8325 1.1219
7 2.5725 2.5889
7 2.955 2.9807
6 2.8275 2.8488
7 2.505 2.5862
6 2.6175 2.5569
6 1.0125 1.0135
5 1.965 1.7085
7 0.0825 0.0808
6 1.8225 1.2923
4 2.5425 2.2611
5 0.78 1.3553
4 1.8975 2.211
6 2.0175 1.4369
5 2.2425 2.3423
7 0.945 0.8306
7 1.395 1.5911
6 0.3 0.4274
5 0.84 0.8003
6 1.305 1.7386
5 0.735 0.7436
7 1.8525 1.9089
7 1.29 1.4817
5 0.39 0.2803
4 2.64 2.3874
6 2.2275 2.3936
5 2.025 2.2191
7 2.355 2.4639
4 1.62 1.6824
6 1.9575 2.0875
7 2.5275 2.5914
4 2.295 2.5906
7 2.7825 2.6651
7 0.195 0.0849
5 0.36 0.2156
6 0.4425 0.3958
6 2.5125 2.3851
7 1.575 1.3106
5 2.4525 2.2341
7 1.8 1.6285
4 0.4275 0.1181
6 1.8975 2.1187
7 0.435 0.4525
4 1.215 2.464
7 0.6225 0.5549
6 1.9275 2.2174
4 1.4625 1.1827
5 1.4925 1.3332
6 2.025 1.9775
5 2.3775 2.4432
4 0.2175 0.2347
7 2.3625 2.2956
7 0.8025 0.8273
7 2.955 2.9366
6 2.475 2.5103
6 0.495 0.5592
6 0.8025 0.8547
4 1.5 2.2208
4 2.355 2.3565
5 2.94 2.9027
6 2.4375 2.4598
6 1.5075 1.5899
6 1.7775 1.2629
6 0.9675 1.3111
7 1.7775 1.3743
7 2.07 1.7366
7 0.825 0.7679
7 0.2625 0.2532
4 2.0775 1.3272
4 1.695 1.9736
5 2.7675 2.7437
7 2.7675 2.7601
4 0.1425 0.1367
7 1.5375 1.3964
7 2.2725 2.3104
4 2.7375 2.7912
6 1.7775 1.8308
6 1.2 1.548
6 1.5225 1.7392
5 2.985 2.8598
5 1.3275 1.7045
6 2.19 2.014
5 1.875 2.0298
5 0.8325 0.8555
6 2.1825 2.1195
4 2.3175 2.255
7 2.43 2.3953
4 1.9725 0.9691
6 2.3775 2.232
5 1.275 2.0718
4 1.185 1.6386
6 0.3675 0.4059
6 1.53 1.0502
5 1.5 2.0746
4 1.8675 1.3764
4 2.6775 2.6926
6 0.0225 0.1887
6 1.0575 1.1681
4 2.61 2.3172
5 2.775 2.6877
5 0.2325 0.3796
7 0.855 0.7381
6 0.6675 0.7621
6 0.0825 0.2203
4 2.6775 2.4252
6 0.45 0.4626
7 0.6825 0.6633
7 2.6175 2.6293
4 2.37 2.4105
5 0.2175 0.2307
6 1.4775 1.805
5 1.815 1.4413
5 0.7575 1.1564
5 1.5 1.0529
7 0.4425 0.4861
5 1.68 2.3065
5 1.125 1.7591
4 1.08 1.1681
6 1.6275 1.6745
7 2.91 2.9194
4 2.505 2.635
6 2.5725 2.7175
4 0.36 0.5669
5 2.3025 1.9473
4 1.1625 1.9801
5 0.045 0.1141
5 2.37 2.1712
4 1.4775 2.2205
7 0.165 0.2324
7 2.19 2.1149
4 2.835 2.8802
5 2.7225 2.7371
6 2.67 2.7193
4 0.5775 0.7689
4 2.94 2.8637
6 1.095 1.6505
5 0.5925 0.4114
6 0.105 0.2317
7 0.8175 0.891
4 1.6425 1.7
7 0.345 0.2622
5 2.7 2.6027
4 2.2725 1.5683
5 1.65 1.4728
4 1.635 1.6536
6 0.915 0.6776
7 1.7925 1.8438
4 0.51 0.3813
5 0.7425 1.1788
7 0.6675 0.6979
4 1.425 1.3955
5 0.5625 0.644
6 2.175 2.2482
7 1.965 1.5212
4 0.4575 0.7058
6 2.355 2.3845
5 0.525 0.533
4 2.37 1.9823
4 1.0725 1.148
5 0.0525 0.1474
5 2.31 2.1481
7 1.7175 1.3254
7 0.39 0.4072
4 1.26 1.0558
6 2.7075 2.6178
7 0.2775 0.2273
5 0.66 0.4707
6 1.8675 1.7275
7 0.0375 0.0959
4 1.1775 0.7724
6 2.2725 2.1782
4 0.4725 0.9836
4 2.1075 0.6538
7 1.8 1.8364
7 0.9525 0.8623
7 1.5675 1.3459
4 0.4725 0.5548
6 1.7325 1.303
7 0.9525 1.0677
5 0.105 0.0497
5 0.3825 0.4963
4 1.53 1.3239
7 2.2575 2.4087
5 1.8 1.1378
6 0.2925 0.2898
6 2.715 2.6662
6 1.845 1.7548
7 2.7225 2.7293
6 2.64 2.6527
5 1.2675 1.2977
6 2.5575 2.442
4 1.065 1.118
7 2.5575 2.5072
4 0.0525 -0.0183
5 2.5425 2.4359
4 2.31 2.2492
7 0.51 0.5388
7 2.46 2.5191
6 0.8625 0.749
5 2.205 1.5486
6 0.0975 0.1429
7 1.6275 1.7003
6 0.72 0.7809
6 1.56 1.791
4 2.25 2.338
6 1.3875 1.0624
4 0.6825 0.9719
7 2.175 1.9648
6 2.775 2.7611
4 1.965 2.1223
5 0.3 0.375
5 0.2925 0.3499
4 0.3975 0.0977
5 2.76 2.8554
7 2.4375 2.4539
6 2.805 2.7302
7 0.3675 0.4361
4 2.715 2.7752
4 0.93 0.8693
5 0.585 0.6282
5 0.3075 0.5116
6 0.7125 0.7888
6 1.545 1.6445
5 1.4925 0.891
4 0.135 0.0252
6 0.81 0.7687
7 2.76 2.8477
6 1.1025 1.4209
4 1.215 1.2466
7 2.85 2.8353
6 2.325 2.3531
4 2.7525 2.7959
7 2.145 1.9351
7 1.5075 1.461
5 2.8875 2.8278
5 2.175 1.9439
5 1.4025 1.629
7 2.1975 2.2851
5 0.1425 0.2155
5 1.5525 1.7041
5 1.245 1.5626
4 1.035 1.6427
6 0.315 0.2991
7 0.465 0.4315
4 1.725 2.2007
7 2.5425 2.5256
7 2.2875 2.4056
4 2.895 2.811
4 2.9025 2.9069
5 1.8 1.5352
5 0.2775 0.2613
4 0.225 0.1807
7 1.2375 0.9717
4 0.1875 0.3311
4 2.58 2.18
5 0.9675 1.019
5 0.165 0.1197
4 2.355 1.6348
6 1.3425 2.0346
7 1.32 1.5533
4 1.0425 0.5499
5 2.445 2.379
4 1.38 1.2525
7 1.4925 1.4708
5 2.2275 1.7967
7 2.6025 2.6725
5 0.585 0.5732
5 2.7075 2.6382
4 1.8075 2.1581
7 1.005 1.2638
5 0.6525 0.4504
5 0.9825 0.9332
7 2.5725 2.5731
7 2.655 2.7117
6 0.705 0.8631
4 1.9575 1.8292
4 1.3275 1.8912
4 2.505 2.7042
4 2.3175 2.3983
5 2.9925 3.0065
6 0.9675 1.4967
5 2.475 2.4133
4 0.36 0.7806
6 2.325 2.208
7 1.35 1.2066
5 1.1325 1.4782
6 2.8275 2.7616
6 2.3925 2.178
4 2.4 2.4236
7 0.9975 0.9495
4 1.5 2.5957
7 1.3275 1.2124
6 2.325 2.3497
6 2.04 2.1254
6 2.565 2.6368
6 2.3625 2.4193
4 1.2525 1.2154
6 2.3325 2.1784
5 1.9575 2.1714
4 0.285 0.3244
5 1.77 2.0445
6 0.9075 1.0172
4 1.11 1.0403
7 0.525 0.5391
6 2.835 2.8228
5 0.5475 1.0273
4 2.5875 2.5668
7 1.2525 1.3631
6 1.395 1.7306
5 1.0875 1.5433
4 0.4725 0.5169
7 1.32 1.5709
4 1.5 1.8933
6 1.17 1.5193
5 1.2975 1.6968
7 1.4475 1.2279
4 1.005 1.3064
5 2.31 2.2113
5 0.3 0.2923
7 2.5575 2.5942
5 2.7825 2.6907
4 2.4975 2.2831
7 0.8625 0.9316
6 2.625 2.6208
4 1.2525 1.3455
5 2.8275 2.7795
6 0.225 0.2548
7 0.9825 1.5641
7 0.99 0.9052
6 2.5125 2.5014
7 2.115 2.1533
6 1.9725 1.5036
4 2.31 1.3989
7 2.2725 2.2236
4 2.4 2.101
7 2.7975 2.831
5 1.5675 2.2017
4 0.1125 0.1396
4 2.43 2.2522
5 2.355 2.1196
7 1.89 1.7864
6 2.58 2.5708
5 1.32 0.8549
7 1.455 1.5798
6 2.6775 2.6846
5 2.85 3.0524
7 0.735 0.6534
6 1.5675 1.8959
4 2.955 2.8166
7 1.53 1.6924
6 0.8775 0.9414
6 2.8125 2.7676
5 1.59 1.2216
4 0.93 0.8778
4 0.5025 0.9551
4 1.2675 1.6878
4 2.01 1.5077
4 2.1525 2.1301
6 2.445 2.5387
6 2.4375 2.4469
4 2.1225 1.9091
6 0.4575 0.5381
6 0.06 0.086
4 1.1925 0.9396
6 0.45 0.5011
7 0.525 0.5114
6 1.1775 1.1124
7 1.665 1.5451
7 2.625 2.6396
6 2.1975 2.3148
5 0.1875 0.1926
6 2.6025 2.5482
7 1.155 1.2855
4 1.695 1.8117
4 0.24 0.402
4 1.98 1.5935
5 2.625 2.616
4 1.59 1.0794
5 1.065 1.7566
4 2.3925 2.3201
7 1.29 1.3536
4 2.4825 2.5055
4 1.1625 1.3932
7 1.68 1.9331
6 2.46 2.5554
4 2.5125 1.8085
4 0.2175 0.2456
4 0.0375 0.0795
4 2.6925 2.3105
5 1.95 2.0233
4 1.35 1.2587
5 2.4975 2.651
4 2.2275 2.0938
6 2.685 2.5746
4 1.9275 2.1014
7 2.94 2.8908
7 2.2725 2.2472
4 0.57 0.7611
6 0.9375 0.8728
5 2.2575 1.9833
5 2.04 1.8991
5 0.57 0.8379
6 0.21 0.2299
6 0.42 0.6118
7 2.64 2.6397
4 1.8375 0.8121
6 0.8325 1.1892
4 2.91 2.5731
4 0.72 0.961
4 1.425 0.8751
6 1.065 1.2827
4 2.4675 2.3496
4 1.65 1.6776
5 1.515 2.097
7 0.525 0.5265
7 0.3 0.3507
5 1.0275 1.2079
7 1.395 1.3535
5 0.78 1.266
6 0.5775 0.536
5 1.2675 1.0173
4 0.3825 0.5234
4 0.6 1.3184
7 1.2975 1.0808
6 2.3625 2.477
7 1.4325 1.3655
4 0.1125 0.2664
4 1.56 2.0845
4 1.9575 1.7077
7 2.415 2.4851
7 0.51 0.5054
5 1.1775 1.7546
4 1.0725 1.7637
4 2.5875 2.3251
7 2.73 2.7693
6 1.71 1.6069
4 0.42 0.6944
6 2.1675 2.2881
4 0.975 1.6135
5 1.905 1.6672
7 2.025 2.002
4 1.605 1.3157
7 0.87 0.7439
7 0.39 0.3885
6 2.01 1.9122
5 1.935 1.1456
6 2.0325 1.4744
5 2.1975 2.1809
6 0.6675 0.5503
5 1.14 0.56
4 1.77 0.708
6 1.32 1.6648
6 0.8625 1.1547
4 0.6 1.48
7 0.3975 0.469
7 2.2725 2.3049
6 2.79 2.7516
4 1.875 2.1267
5 0.855 1.2387
4 0.6525 1.1649
6 2.22 2.1396
5 1.425 2.0603
6 0.66 0.688
5 1.14 1.5592
4 2.2875 2.2553
5 2.0775 1.9346
5 0.6525 0.3945
5 1.2675 1.109
7 1.9575 1.7707
4 2.34 1.3741
5 1.4325 1.4212
7 1.215 1.2238
7 1.98 1.9617
6 2.7075 2.7465
7 2.6775 2.6603
6 2.175 2.0989
6 0.81 0.9348
7 0.6075 0.6846
7 0.7875 0.8439
6 1.2525 1.4822
7 1.725 1.5075
4 1.665 2.1314
6 0.3 0.3569
7 0.6375 0.679
5 0.48 0.491
6 1.3275 1.2088
5 1.845 1.9786
5 0.1125 0.2084
6 1.6425 1.7371
4 0.12 0.0961
4 1.7025 1.56
5 0.0675 0.0289
7 1.56 1.3072
7 2.37 2.4056
5 0.5925 0.6002
7 0.5775 0.4218
7 2.505 2.5535
4 1.1625 1.2574
5 2.115 2.3082
7 0.675 0.5854
4 2.4525 2.331
5 2.55 2.6658
6 1.7475 1.6374
7 2.475 2.4478
5 0.9975 1.2857
7 1.0875 1.0996
6 1.44 1.9429
7 1.0425 1.1352
5 1.905 1.6874
7 0.135 0.1717
4 1.59 1.7445
7 1.725 1.4811
6 1.6875 1.9306
5 1.8 1.5617
6 0.72 0.7803
5 0.285 0.2753
4 0.48 0.4496
4 1.005 1.2453
6 1.5225 1.6865
5 1.17 1.8739
5 2.34 2.4357
7 0.495 0.4844
4 0.705 0.5222
5 0.705 0.6415
7 1.32 1.3119
5 0.9225 0.9981
4 1.155 1.8694
6 1.29 1.5759
4 1.98 1.9333
4 0.015 0.0689
7 1.125 1.4138
6 0.4125 0.3867
6 0.405 0.4726
6 2.205 2.1051
6 0.42 0.3738
4 0.3075 0.4493
4 0.4425 0.4433
4 0.435 0.2206
4 1.185 1.9019
5 0.33 0.3664
7 1.8375 1.8326
5 0.99 1.1886
5 0.48 0.5556
5 2.43 2.0635
7 0.0225 -0.0197
6 0.6825 0.7035
6 1.8 1.8203
4 1.5375 2.3686
4 2.6025 2.4791
7 1.1175 1.2218
5 0.2325 0.2195
5 0.855 1.3097
6 0.6225 0.6199
7 2.6775 2.819
7 1.5075 1.2558
4 1.1175 1.1432
5 2.52 2.4357
7 1.8825 1.7787
5 1.44 1.3687
4 1.3875 1.3469
6 0.09 0.1085
5 1.9425 1.2006
4 0.9 1.6728
7 2.01 2.0507
7 2.025 1.9751
5 0.1575 0.119
7 2.46 2.5109
4 2.3625 2.4843
6 0.33 0.2387
6 2.0625 2.19
5 1.6425 1.5022
6 2.205 2.0733
7 2.775 2.6684
5 1.4325 1.0207
6 0.42 0.4716
6 2.445 2.3759
7 0.21 0.2476
7 1.785 1.3397
7 0.885 0.8333
6 0.375 0.3498
6 0.375 0.6344
4 0.3675 0.513
5 0.045 0.0185
7 1.875 1.9856
6 0.27 0.3271
5 0.21 0.2183
6 2.3775 2.2547
4 0.3675 0.3827
7 1.395 1.2067
7 0.2475 0.3284
6 2.2125 2.3747
4 1.305 1.1964
7 2.8425 2.9223
5 1.395 1.4366
6 0.1425 0.0843
4 2.6775 2.4143
7 1.74 1.8048
5 2.4975 1.8297
6 0.0375 0.1378
7 1.4925 1.8071
7 1.7775 1.6546
4 1.6275 2.3873
4 0.84 1.3182
6 1.035 1.74
6 2.9325 2.9012
6 1.725 1.9621
5 1.74 1.1825
7 1.2675 1.1645
6 2.4375 2.1684
7 1.2 1.0751
7 1.2825 1.5434
7 1.065 1.0605
4 0.465 0.4035
7 2.8725 2.8477
6 1.38 1.4431
4 0.615 0.5648
6 1.4475 1.3865
6 0.6675 0.8733
7 2.565 2.5816
5 1.0575 1.1509
4 2.67 2.757
5 1.26 1.8662
6 2.2575 2.3144
4 0.69 0.3326
5 1.3275 1.7957
6 2.1675 2.4371
6 0.8175 0.8807
6 0.765 0.8142
5 1.4925 1.8222
4 1.6725 2.1095
6 1.2675 1.9324
4 1.98 1.0922
4 2.34 2.0763
5 0.6675 0.7588
7 2.4075 2.4353
4 2.6925 2.5523
5 0.075 0.1532
6 2.8275 2.8088
6 2.0025 2.0928
7 0.0375 0.043
4 0.1725 0.2598
4 1.53 1.2253
4 2.565 2.8048
7 1.3875 1.468
4 2.4675 2.6748
6 1.155 1.422
6 0.4725 0.4633
5 2.6025 2.5389
7 0.2325 0.244
4 1.9575 1.4473
4 1.275 2.2982
6 1.7175 1.1903
6 0.51 0.4239
5 1.74 2.2117
6 2.3925 2.353
6 2.3625 2.288
6 2.46 2.5246
7 0.72 0.6306
5 1.4025 1.8643
7 0.615 0.6803
5 0.2175 0.2552
4 2.7075 2.7675
4 0.5025 0.5367
7 1.0425 0.8822
5 1.245 1.6091
5 1.1475 1.2038
5 2.1975 2.1826
5 2.43 2.2769
5 0.48 0.4718
5 1.1025 1.4569
7 0.96 1.0591
5 0.8775 1.5268
4 2.25 2.5076
6 0.3825 0.5015
7 2.22 2.222
6 2.4075 2.3424
6 2.25 2.2998
6 2.64 2.6157
5 1.05 0.8124
5 2.46 2.6528
6 1.605 1.3074
4 0.3825 0.0836
5 2.925 2.8479
7 1.41 1.7057
5 0.435 0.4386
4 0.15 0.1534
6 0.72 0.8652
5 2.4525 2.5383
6 2.1225 2.0137
6 0.6225 0.5309
5 2.265 2.1351
4 1.2525 1.826
5 0.54 0.6703
4 2.3775 2.348
6 2.0025 1.5185
7 2.58 2.5025
4 2.0175 0.9552
6 1.5375 1.1754
7 0.735 0.7794
5 2.0475 1.8762
4 0.585 1.2669
6 1.6425 1.5635
5 2.0775 2.0646
5 2.445 2.5529
4 1.44 0.9517
7 1.6725 1.2001
6 1.7325 1.9842
7 2.19 2.2192
6 1.245 1.5668
7 0.8775 0.7177
4 2.235 2.0488
5 0.675 0.8822
5 2.4 2.2866
7 0.99 1.2132
6 2.1675 2.167
5 1.845 1.3597
6 1.05 1.0064
7 1.4025 1.4876
6 2.9025 2.972
7 2.8875 2.9904
7 2.085 1.9151
7 0.12 0.1219
4 2.4375 2.0891
5 2.2275 2.14
4 2.1375 1.8486
4 0.87 1.2858
4 1.815 1.2592
7 2.97 2.9931
6 2.46 2.4168
4 2.4225 2.2668
6 2.0775 1.4901
6 1.29 1.0802
4 0.81 1.5637
5 1.245 1.7509
6 0.4725 0.3701
6 0.645 0.7737
5 0.345 0.2314
7 2.3325 2.3636
7 0.135 0.1787
6 1.4025 1.6645
7 2.1375 2.0673
4 1.7325 1.9256
6 0.21 0.1758
7 1.9425 2.0308
6 1.335 1.9135
6 2.91 2.9649
6 2.6175 2.7471
7 2.6475 2.5659
4 0.0675 0.1593
7 2.8725 2.7192
4 2.7825 2.8948
5 2.565 2.4971
5 2.4825 2.3023
7 2.3475 2.3183
4 0.24 0.2744
7 0.315 0.276
6 2.745 2.6749
6 0.5325 0.7217
7 0.6825 0.6766
7 2.745 2.7364
5 0.3675 0.3447
4 1.875 1.1279
7 1.395 1.247
4 1.17 0.9286
4 2.5725 2.4134
7 1.125 1.0479
5 0.2625 0.4431
4 1.23 2.135
5 0.0825 0.083
5 0.945 1.0073
6 0.2625 0.3849
6 0.87 0.8927
4 1.6875 1.9125
6 2.625 2.6605
4 1.9575 1.8703
6 2.625 2.6669
7 0.645 0.6397
4 2.2575 2.1302
4 1.71 2.5688
4 2.2575 1.7904
4 1.5675 2.3046
4 0.93 1.0164
4 0.7275 1.0199
6 1.77 1.5102
7 2.19 2.173
7 1.095 1.6777
7 1.2975 1.2722
6 2.625 2.6095
4 0.5325 0.5635
4 1.65 2.2173
4 1.6425 1.5609
7 2.535 2.6348
4 0.8625 0.9674
7 2.6475 2.7255
6 0.96 0.9987
6 2.835 2.8297
5 1.305 1.6986
6 2.25 2.0075
7 2.895 2.9207
5 2.25 2.2436
6 1.8225 1.33
5 1.605 2.0053
7 1.8 1.6694
4 0.5475 1.2779
6 2.16 1.7897
5 2.775 2.8649
7 2.91 2.932
6 1.8075 1.7031
6 2.8275 0.4629
6 0.165 0.1328
4 2.6925 2.9284
4 2.4 1.6286
5 0.9375 1.3741
4 2.7375 2.6895
6 1.9275 1.6965
6 2.115 1.7577
7 0.6825 0.5893
4 2.865 2.8263
5 0.435 0.5004
5 0.96 1.9998
7 1.95 1.4918
5 0.0075 0.0795
6 0.5175 0.5015
7 1.4775 1.4286
6 1.92 1.6052
4 1.4625 1.6384
4 0.4875 0.7281
5 0.435 0.8333
5 1.2075 1.4212
5 1.155 1.1293
4 2.8425 2.8425
7 1.7925 1.4284
6 2.0625 2.0677
4 1.26 1.7897
5 1.0125 1.5744
7 1.635 1.8921
6 0.03 -0.0022
5 2.3325 2.1339
6 0.8475 1.1249
7 1.05 1.225
4 0.4425 0.6759
7 1.5675 1.6637
7 1.4775 1.7478
7 0.735 0.6783
6 2.295 2.2369
7 1.3275 1.418
7 2.355 2.289
7 1.0425 0.9943
5 0.405 0.4417
5 2.94 2.8011
6 0.435 0.3722
6 2.4825 2.3664
6 1.0725 1.5493
4 2.49 2.5436
4 0.3075 0.1875
6 2.46 2.5277
4 1.9125 1.7719
4 0.555 0.4054
7 0.435 0.397
6 2.76 2.7377
7 2.7675 2.8302
6 1.0875 1.4808
6 2.655 2.5055
5 1.245 1.4774
4 2.73 2.8781
6 1.4325 1.7845
6 0.03 0.0473
7 1.275 1.4468
5 1.35 1.4584
7 0.5175 0.4679
6 2.9325 2.9997
6 1.815 1.2911
7 2.1 2.2293
7 0.3525 0.3692
4 1.2225 1.3536
7 1.7175 1.6352
4 1.2375 1.6414
5 2.805 2.7942
4 2.3925 2.199
4 0.3525 0.3416
5 1.305 1.1835
6 1.5075 1.3757
7 1.635 1.5414
7 2.52 2.5108
7 1.1175 1.0355
6 0.9075 0.7449
7 1.125 1.2552
5 0.345 0.5466
6 0.7125 0.7983
4 0.5175 0.9233
7 0.6 0.5946
5 0.0 0.0775
4 2.4375 2.2341
4 1.635 1.1032
6 1.425 1.3087
5 2.7975 2.8931
7 2.9925 3.0703
6 0.54 0.715
4 2.055 2.4254
7 2.145 1.7513
5 0.5025 0.4491
6 2.9925 2.9451
6 1.155 1.4157
4 1.53 1.3653
7 0.105 0.0499
4 0.9 1.0107
4 1.6725 2.2136
4 0.885 0.7419
5 2.0775 1.9543
4 0.1725 0.2934
7 1.05 1.2934
5 0.1125 0.072
4 2.07 1.7278
4 0.0075 0.066
6 2.745 2.7148
6 1.2825 1.4471
7 1.245 1.4218
5 1.29 1.2304
6 0.3 0.2616
6 1.65 2.0692
4 0.0375 0.1407
4 1.2525 1.3713
6 2.325 2.3823
7 0.225 0.2312
7 2.2275 2.1171
6 1.47 1.2535
5 1.395 1.7458
7 0.7125 0.736
7 0.06 -0.0342
7 2.235 2.4483
7 0.435 0.4462
6 1.875 1.9187
4 2.6925 2.8542
4 2.07 1.5995
4 2.07 1.8355
7 0.21 0.2451
5 1.815 0.8918
6 0.69 0.9514
7 1.455 1.6305
5 0.2625 0.1295
5 1.08 1.4975
4 0.225 0.2319
7 1.5525 1.8106
4 0.42 0.5543
7 1.08 1.2221
7 1.95 1.8724
7 0.285 0.3587
4 0.0075 0.2053
4 0.33 0.2937
6 1.335 1.5542
5 0.2175 0.2878
6 1.02 1.4751
7 2.25 2.2266
7 2.115 1.7944
4 1.47 0.5651
4 1.905 1.3858
7 2.295 2.2828
5 2.0775 2.3759
7 0.1125 0.1319
6 2.5575 2.5541
6 2.8425 2.7998
7 0.8775 0.7551
7 1.965 1.8892
7 2.13 2.1691
6 2.0025 1.771
7 1.1475 1.5552
5 1.905 1.8599
4 2.565 2.3299
7 2.325 2.2668
7 1.0125 1.4019
4 1.9275 1.6765
5 0.705 0.8415
7 0.4725 0.4069
7 0.225 0.1958
6 2.475 2.2991
7 0.1875 0.1242
6 2.7375 2.8402
6 2.1825 2.0624
4 1.485 0.5428
6 2.3175 2.3009
4 1.5075 2.2739
4 1.4475 1.4858
5 0.12 0.0761
5 0.69 0.8752
6 2.97 3.0428
7 1.98 2.0244
7 2.82 2.8229
5 0.255 0.4188
4 2.5875 2.7482
4 2.0325 1.5128
6 1.2825 1.1347
6 1.605 1.872
5 1.44 2.1071
4 2.28 2.0634
6 0.0525 0.0284
5 2.16 2.0574
6 2.8875 2.8634
4 1.7625 1.4783
7 1.9725 1.9911
7 2.2425 2.1477
4 0.105 0.1317
6 1.1325 1.0561
5 1.0275 2.0118
4 1.395 1.6014
4 0.9825 1.0065
7 2.925 3.0195
6 2.8425 2.8136
4 1.4775 1.1294
6 2.1075 1.9722
5 1.2375 1.109
6 2.7825 2.8037
5 2.46 2.5235
6 1.56 1.6785
4 1.7175 1.9585
5 0.42 0.3795
5 2.235 2.4503
6 2.7825 2.7362
7 1.0875 1.2313
7 0.21 0.2033
6 1.2225 0.9676
7 2.4075 2.497
4 0.645 1.2749
7 0.975 1.0344
7 0.7575 0.6655
4 1.995 2.0913
4 1.665 1.1944
4 1.05 0.8666
7 0.45 0.3222
4 0.195 0.1625
7 2.985 2.9648
6 1.5375 1.396
6 2.415 2.3383
4 0.18 0.031
7 0.1425 0.1155
6 0.1575 0.056
4 0.72 0.6628
5 0.81 1.1852
5 1.1025 1.1836
5 0.5925 0.7132
7 2.7675 2.6735
4 0.6 0.8569
6 1.11 1.3643
5 2.1825 2.2863
5 2.4225 2.3804
4 1.38 0.9594
6 2.7375 2.7191
6 2.4975 2.4909
5 2.8575 2.8484
4 2.1225 2.0484
7 0.9675 1.119
4 0.585 0.5278
7 2.175 2.183
5 1.7775 1.1965
6 0.0 0.0476
6 1.1625 1.3085
5 1.6425 1.2155
7 2.685 2.616
6 0.555 0.4442
5 2.925 2.9662
6 0.69 0.8708
6 2.085 1.8208
5 2.6175 2.4822
7 0.24 0.1855
6 2.9925 2.8745
4 1.785 1.3789
4 2.9925 2.7029
4 1.8825 2.9842
5 0.855 1.0061
6 2.19 2.2119
7 2.1225 1.7996
6 2.415 2.3885
5 1.86 1.1228
5 0.4875 0.3296
4 2.0775 2.029
6 1.0425 1.3823
6 2.0175 2.123
6 0.1875 0.2067
4 1.8 1.6752
5 2.7675 2.7711
4 2.145 1.4851
6 2.0325 1.9916
7 2.3775 2.3653
4 1.6125 2.3441
5 0.6 0.7425
7 0.0 -0.0109
4 2.5275 2.7054
6 2.295 2.3437
7 2.64 2.53
6 0.915 0.9914
7 0.2775 0.2333
4 0.7875 0.8071
7 0.15 0.1245
7 2.3175 2.2708
6 0.7575 0.8703
5 1.02 1.1365
4 1.845 1.9152
6 1.1325 1.2555
6 0.5775 0.8112
4 0.555 0.7426
5 1.545 1.9402
6 0.1875 0.2215
7 1.4775 1.567
5 2.775 2.8505
4 1.095 2.0328
6 0.6525 0.6775
5 2.8875 2.8763
5 0.195 0.272
6 1.2525 1.2553
6 1.38 1.0188
5 1.755 1.5224
7 0.8925 0.8353
7 0.435 0.4502
7 0.6225 0.7097
4 0.96 1.4986
7 1.14 1.1389
6 2.13 2.0432
7 0.8625 0.8611
5 2.685 2.8113
6 2.79 2.9108
5 0.735 0.7828
5 2.7375 2.8445
7 2.595 2.5975
4 1.5975 1.7423
4 2.1075 1.7735
7 2.0925 2.0689
5 2.6325 2.6307
5 2.0625 2.1539
4 0.165 0.2071
6 2.505 2.5023
6 0.165 0.1956
5 0.945 1.1432
5 0.4425 0.547
7 1.0125 1.4765
7 2.4225 2.3863
4 2.9475 2.8368
4 2.6775 2.3627
5 0.8175 0.9635
7 2.01 2.1457
6 2.3175 2.2839
4 0.6675 1.0793
6 0.8025 0.8843
5 1.2 1.4917
4 0.0225 0.1106
5 0.2625 0.342
5 0.81 0.6143
7 1.485 1.2961
6 0.225 0.2184
6 2.4 2.2064
6 1.8825 1.7085
6 2.805 2.816
5 1.3125 1.0496
5 2.67 2.5859
4 2.1075 1.6347
4 2.8875 2.5843
4 0.8925 1.5517
4 1.035 1.7138
4 0.63 1.5043
4 0.435 0.4696
5 1.7325 1.4267
5 0.945 1.2881
7 1.725 1.7493
5 2.295 2.5184
4 2.5725 2.4234
4 0.8175 0.5925
7 2.49 2.4982
7 1.7175 1.5974
7 0.3975 0.5062
6 2.445 2.3557
4 1.2 1.7716
5 0.99 0.8163
7 0.375 0.3938
7 1.1025 1.3258
4 2.9025 2.7479
7 1.5675 1.2344
7 0.72 0.7824
7 0.855 0.9495
6 1.5075 1.5382
4 0.1725 0.1751
4 1.095 1.4537
6 0.405 0.3322
5 2.805 2.8924
4 1.11 1.2014
5 2.9775 2.9696
6 0.045 0.0849
4 2.2725 2.3031
7 2.0775 1.7324
6 2.265 2.2715
7 2.43 2.461
6 2.7075 2.7571
5 0.75 0.5227
6 0.15 0.1825
7 2.01 2.0157
6 0.75 1.0948
6 0.8775 0.9691
5 1.155 0.8461
5 2.07 1.8596
4 1.29 1.5031
4 0.18 0.4091
7 1.74 1.8001
7 0.1275 0.1514
4 2.1375 2.2418
6 2.8125 2.6882
7 0.7425 0.6996
7 1.2075 1.5575
4 1.7025 0.5767
5 2.835 2.9296
7 2.9925 2.9638
6 0.255 0.3068
5 2.28 1.8944
5 0.1125 -0.0124
6 2.49 2.4929
5 0.2175 0.2182
6 2.2575 2.2206
4 0.8325 0.8814
4 2.5125 2.4164
7 2.6625 2.6743
5 1.35 1.5038
7 0.6 0.6414
4 1.5675 1.1344
5 2.94 2.9343
4 1.1625 0.9603
6 2.655 2.8129
4 0.45 1.2199
5 2.655 2.7265
6 2.4675 2.4619
7 1.3575 1.3724
7 0.5025 0.4804
6 0.525 0.4739
4 0.0825 0.2194
5 1.0725 1.0454
5 2.0625 1.3948
7 0.5025 0.5113
7 2.91 2.798
4 0.0825 0.4055
7 0.3525 0.3132
7 2.88 2.9519
5 0.7275 1.0655
7 1.3425 1.3951
4 2.6325 2.7584
6 0.555 0.5809
5 1.59 1.4377
7 1.755 1.6009
5 1.665 1.3932
5 2.4 2.3711
6 2.1 1.9841
6 2.94 2.9397
7 0.93 1.1877
7 2.115 1.7044
5 0.105 -0.0064
6 0.8775 0.8019
7 2.235 2.3533
4 1.8075 2.2068
5 2.205 1.9578
7 1.095 1.208
6 1.665 1.3407
4 0.7575 1.127
4 0.795 1.7013
4 2.0175 1.6808
4 0.24 0.1266
4 0.2025 0.1826
4 2.2125 1.5667
7 2.895 2.9318
7 2.43 2.5111
6 1.2525 0.9357
6 1.3725 1.5305
4 0.2025 0.259
4 2.8275 2.871
4 2.985 2.9754
4 2.6475 2.6269
6 2.4675 2.4201
7 1.05 1.3621
6 0.18 0.1899
4 1.2375 0.9914
6 1.125 1.3983
5 0.255 0.2362
5 1.0575 0.7128
7 1.395 1.8423
6 1.365 1.2733
4 0.48 0.2313
5 1.0125 1.3226
6 2.1975 2.203
6 1.815 1.6269
5 2.2575 2.1626
5 2.49 2.5272
7 1.5675 1.8409
6 2.88 2.7928
4 0.1575 0.0781
4 2.205 2.4512
7 2.8275 2.885
7 2.655 2.6683
6 2.7 2.8093
5 0.0825 0.2018
4 0.6 0.7886
6 2.505 2.419
4 0.3675 0.313
5 1.4625 1.9204
4 2.16 1.2618
5 0.3375 0.2237
5 0.7275 1.1199
4 1.785 2.488
5 2.55 2.6973
5 0.975 1.0911
5 1.8 1.0625
5 2.73 2.6955
5 1.9875 2.2152
4 0.8325 0.653
7 1.6275 1.7686
4 1.5825 1.436
5 1.6425 1.2888
5 0.69 0.7571
7 0.885 0.9833
6 0.135 0.1874
4 1.6875 2.3465
4 2.31 2.0623
5 2.2875 2.2262
4 0.8025 1.0085
4 2.1075 2.3485
5 2.3475 2.0009
7 1.6725 1.4258
4 2.865 2.8972
7 0.66 0.6511
6 2.8875 2.7854
4 1.5225 1.5226
6 0.12 0.2605
4 0.675 0.8385
4 2.685 2.7849
4 0.855 0.8122
7 0.315 0.2809
7 2.8275 2.8408
7 1.5675 1.5396
5 0.87 1.157
5 1.4625 1.6072
7 0.2775 0.2354
7 0.12 0.1978
6 2.9175 2.8441
4 0.24 0.3026
7 2.4975 2.432
5 2.0175 1.7475
6 2.49 2.4136
6 1.08 0.862
4 0.4725 0.4627
4 1.6425 1.0984
4 2.85 2.9668
7 2.565 2.5113
5 2.355 2.5499
5 0.1725 0.1413
4 1.71 2.0297
7 1.755 1.6077
5 2.8425 2.8488
7 1.7175 1.4018
6 0.3375 0.2832
6 2.5575 2.4968
6 1.1925 1.4482
4 0.4275 0.6557
6 0.075 0.0002
7 2.2275 2.0352
5 2.925 2.8974
7 0.39 0.3824
5 1.365 1.3272
7 1.0425 1.111
6 0.36 0.3343
6 2.0325 1.9823
5 2.85 2.885
7 0.9825 1.1953
6 1.17 1.3402
4 0.2475 0.4652
4 0.6825 1.503
6 2.1825 2.2461
4 2.2575 2.1258
4 0.0675 0.1571
7 2.3925 2.3871
7 2.5425 2.4606
5 1.965 1.6872
7 0.0375 -0.0014
4 0.8775 0.689
7 1.695 1.3588
6 0.345 0.4036
4 2.085 1.6695
7 0.3825 0.372
4 1.35 0.7337
7 2.595 2.5737
4 0.435 0.9384
6 0.9375 0.9104
4 2.1675 1.5758
4 2.4 2.2944
6 0.5925 0.579
5 2.1975 1.8631
5 2.82 2.868
4 1.2525 2.8159
5 2.3775 2.4483
5 0.72 0.7194
5 1.4175 2.1252
7 0.1725 0.1303
6 2.175 1.9688
5 1.335 1.5391
5 1.5675 1.1411
6 1.2 1.1645
6 2.34 2.3824
5 2.37 2.0226
5 2.4225 2.4788
4 1.0275 1.2689
5 2.07 1.7686
7 0.225 0.3369
7 0.57 0.5519
7 2.82 2.9101
5 1.665 1.6457
5 0.7275 0.5956
6 1.065 1.4259
5 0.99 1.4949
4 0.945 1.718
5 1.0575 1.2439
7 2.91 2.9447
7 2.4825 2.3934
7 2.7225 2.6873
5 0.075 0.0528
4 2.7525 2.8539
6 1.05 1.0178
4 0.06 0.0189
4 0.8025 2.2306
7 2.6025 2.5167
6 2.925 2.9789
6 2.2875 2.3295
5 1.3575 1.4978
5 0.03 0.2241
4 1.4025 1.1183
4 2.805 2.7927
4 0.7725 0.4679
5 0.0525 0.1833
7 0.21 0.2088
7 2.1375 2.2531
6 1.62 1.3376
6 1.26 1.4117
6 2.34 2.2811
4 2.7525 2.8161
4 1.7625 2.017
6 1.0275 1.4906
5 2.8725 2.7986
6 1.4325 1.654
5 2.5425 2.581
7 0.7575 0.8585
7 1.185 1.247
4 2.5275 2.4045
4 0.18 0.1139
6 1.2825 1.1149
7 2.9925 3.0303
6 1.8675 1.6221
5 0.66 0.9463
6 2.025 1.2293
7 2.5875 2.5738
4 2.8425 2.8397
7 1.86 1.3362
4 0.795 0.949
6 0.705 1.0575
7 1.7325 1.6457
5 1.02 1.4563
4 1.485 0.8053
5 0.7125 0.8328
4 1.62 2.0907
5 2.1 2.2857
4 1.7325 1.6701
7 1.635 1.4412
5 0.1875 0.2746
5 1.965 2.2667
4 2.25 1.7914
6 2.6175 2.5642
7 2.865 2.8576
4 0.165 0.2389
7 2.5575 2.3952
5 0.8925 1.452
7 0.6225 0.6336
5 2.0025 1.3713
5 0.1575 0.1166
4 2.46 2.4218
5 1.5225 1.8258
5 1.635 1.3864
6 1.155 1.1403
5 1.9125 1.7809
7 2.0175 1.7276
7 1.545 1.6598
6 0.2325 0.0577
5 2.1525 1.8728
7 1.6575 1.3481
5 2.595 2.5748
5 0.825 0.75
7 0.705 0.8119
6 2.46 2.4899
6 2.7825 2.9193
7 0.5475 0.5239
7 2.2425 2.1767
5 1.92 1.7256
4 2.0475 2.0355
5 2.055 1.5107
4 0.0375 0.2875
4 0.6525 1.6287
7 2.0925 1.9432
5 1.3875 1.1738
7 0.2475 0.2056
5 0.0075 0.1479
5 0.4575 0.4576
7 2.64 2.6688
4 0.2025 0.3579
5 2.865 2.9488
7 0.7575 0.8093
5 0.0375 -0.0034
6 1.695 1.5266
7 2.5575 2.6259
6 2.9325 2.9626
6 0.69 0.6009
7 2.805 2.6684
5 1.8375 1.9347
6 1.3425 1.1446
4 0.6 0.6118
6 0.9825 1.1373
4 2.085 1.6787
5 2.415 2.1942
5 1.83 1.4331
6 2.1975 2.1518
6 2.025 1.484
7 1.905 1.8945
5 2.1675 1.3709
7 2.1375 2.2453
6 0.5925 0.656
4 2.8275 2.8274
7 2.61 2.5093
5 0.5925 0.8007
4 2.43 2.5872
6 0.3075 0.369
5 2.5575 2.6265
5 0.3825 0.3322
6 0.405 0.4346
4 1.2975 1.0345
6 1.1175 1.6897
6 2.2725 2.183
4 0.705 0.6686
6 0.5625 0.4482
7 0.1575 0.1469
4 1.4175 1.7865
5 1.0725 2.322
6 1.62 1.2747
6 2.0925 2.0971
6 2.865 2.9222
4 0.8325 0.2667
6 0.9825 0.8479
5 2.145 2.1675
5 1.7925 1.3394
6 2.1 2.3301
7 2.49 2.4259
6 2.0175 1.7512
6 0.9825 1.0623
5 1.26 1.5166
4 1.1925 1.5589
5 1.935 1.6319
7 0.4425 0.4952
7 1.6875 1.8429
5 1.2975 1.353
6 1.47 1.8315
7 0.7575 0.7979
5 2.07 2.2465
7 0.2025 0.3454
5 1.5 2.0418
4 0.0975 0.3303
5 1.1175 1.4577
7 1.7625 1.5949
4 0.8325 1.1271
7 0.2175 0.1875
6 1.0875 1.1607
5 0.6 0.4438
6 0.15 0.1534
5 1.0125 1.7412
6 1.065 0.8741
7 0.465 0.4437
7 2.01 1.9295
6 2.7375 2.696
7 2.835 2.8437
5 1.0875 1.2004
7 0.0675 0.0864
7 2.2425 2.1597
5 2.025 1.4095
6 0.0825 0.0923
5 1.23 1.3419
5 1.71 1.4823
4 2.4975 2.3771
5 1.515 0.9012
4 1.5225 1.3112
6 0.045 0.052
6 0.1125 0.1327
4 1.755 2.0817
4 0.3225 0.4107
4 2.4 1.8647
5 1.7775 1.2077
7 2.5425 2.5082
7 2.8425 2.8435
5 2.67 2.7807
6 1.77 1.4976
4 1.56 1.261
5 0.465 0.6124
4 1.905 1.9917
5 2.61 2.5644
6 2.67 2.6973
7 1.5675 1.3815
7 0.5175 0.4735
7 2.8125 2.7281
4 2.295 1.6059
5 0.9825 1.6193
5 2.94 2.8883
5 2.145 1.8742
7 1.74 1.739
4 0.4275 0.7526
5 1.7025 1.1145
7 1.6575 1.4063
5 2.6775 2.7245
4 2.91 2.9328
5 2.1075 1.9777
6 0.9525 0.9324
4 0.9 1.1562
4 0.8925 1.2427
5 0.4575 0.3406
4 0.06 0.1577
7 0.0375 0.0821
5 0.885 0.6679
4 0.9525 1.3957
4 1.0275 1.473
5 0.0675 0.1401
7 2.805 2.7173
6 0.2925 0.3432
6 1.02 1.0017
6 2.0775 1.775
7 1.7175 1.5433
4 1.6275 1.9468
6 2.565 2.5061
5 0.2475 0.1487
6 2.2575 2.4516
5 2.7225 2.7374
4 2.055 2.4805
4 2.715 2.8548
7 2.8425 2.8302
4 1.845 1.1493
4 2.5425 2.8068
5 0.7575 0.6175
5 0.06 0.1163
5 2.0475 1.8254
7 2.46 2.4068
4 0.6975 1.3287
4 0.225 0.0958
6 0.495 0.6135
7 0.615 0.6444
5 0.135 -0.012
5 1.605 1.3008
6 0.5625 0.6067
7 0.78 0.991
6 1.515 1.4024
7 1.245 1.5979
6 2.1525 2.2421
6 0.7425 0.6252
4 1.635 1.5125
7 1.0275 1.2956
4 0.3825 0.38
7 2.7375 2.685
7 0.2925 0.3675
6 0.1425 0.1562
6 2.475 2.609
6 2.6475 2.6697
5 0.6375 0.643
5 1.965 1.9414
7 0.3075 0.3872
4 0.375 0.3882
4 1.23 1.6643
5 0.12 0.0667
6 2.775 2.7432
4 0.465 1.5181
7 2.3175 2.2678
4 1.6725 2.1749
4 1.68 0.9406
7 1.365 1.4207
4 1.1775 1.8356
7 0.8925 0.858
6 2.07 2.0876
4 0.39 0.4606
4 1.215 0.5509
6 2.43 2.4131
4 1.6725 2.0205
6 1.02 1.4134
4 1.0725 1.4281
5 2.3175 2.1662
7 1.185 1.0022
6 0.075 0.1576
6 1.335 1.3997
7 1.365 1.6254
4 1.215 1.5407
4 2.2125 2.1587
6 1.9875 1.5777
7 2.5425 2.6309
7 1.575 1.8955
7 1.3575 2.0086
7 1.725 2.0008
5 0.4575 0.6233
5 1.8 1.4809
7 2.7075 2.7335
4 0.21 0.2776
5 2.4525 2.3777
4 1.005 0.8946
5 1.2375 1.7102
4 2.34 2.2694
5 1.965 2.0767
6 0.7875 0.8605
6 2.805 1.7075
4 0.3225 0.4645
5 0.9075 0.8548
5 2.67 2.6045
5 2.46 2.1584
4 1.455 1.6274
6 1.5525 1.5349
4 1.4325 1.8869
5 1.3425 0.8161
6 2.3775 2.2085
7 0.315 0.3214
4 2.9175 2.7323
5 2.79 2.7325
7 1.4025 1.8666
4 1.9125 2.2063
6 0.105 0.0471
5 1.6275 1.8761
6 2.5725 2.5331
7 2.655 2.6788
5 2.9475 2.9305
4 1.98 2.2409
6 0.915 0.9397
5 0.0525 0.0935
7 1.665 1.1578
4 0.15 0.1552
4 2.895 2.9299
7 2.4675 2.3526
4 1.38 1.6021
5 0.645 0.6382
5 2.4 2.4803
7 2.52 2.4619
6 0.3075 0.4116
7 0.6675 0.6321
7 1.575 1.3465
6 1.38 1.5013
7 0.66 0.8042
6 0.1725 0.1481
4 0.645 0.5153
4 1.1025 0.9227
6 0.2475 0.2803
4 1.3575 1.7232
4 2.1975 1.842
5 2.5725 2.5279
6 2.415 2.457
5 1.305 1.4634
6 1.3875 1.3444
5 0.9075 0.9799
6 0.96 0.7703
4 2.265 1.4719
7 2.5875 2.7123
5 1.635 1.8436
7 2.6925 2.6893
5 0.525 0.4591
7 0.9825 1.2322
6 1.2825 1.662
7 2.145 2.2454
6 0.5925 0.6256
5 1.1475 1.401
6 2.97 2.9664
4 2.6025 2.0656
6 2.505 2.3658
7 2.6775 2.6389
7 0.8775 0.851
7 1.005 0.9197
5 2.2725 2.3335
7 2.2275 2.207
5 0.72 0.8803
4 0.1575 0.3072
7 1.695 1.337
7 2.865 2.8873
4 1.5225 1.5547
5 2.0475 2.4951
4 2.5425 1.7724
7 0.9075 1.0266
4 0.06 0.6484
4 1.98 1.2849
4 0.4125 0.7453
5 1.4325 1.4882
4 1.7025 1.8676
7 1.2825 1.4662
4 1.95 2.5633
6 2.37 2.3771
6 0.1875 0.2153
5 1.3575 1.5894
7 0.03 -0.0098
4 0.33 0.3265
4 1.38 1.417
7 0.465 0.4695
6 2.16 2.0578
4 0.36 0.6684
7 1.17 1.0533
7 0.1725 0.2202
5 1.65 1.587
5 1.7175 1.7675
6 1.695 1.5207
7 0.855 0.8508
6 0.3 0.2793
7 0.195 0.1188
6 1.6275 1.2585
4 2.25 1.9223
7 1.785 1.6634
4 2.7075 2.8157
7 1.395 1.3935
6 0.3825 0.4857
6 2.7975 2.8465
5 1.8975 1.471
5 0.495 0.3125
6 0.09 0.0948
5 1.965 2.1732
7 2.5125 2.5662
6 2.895 2.965
4 0.0225 0.1525
5 0.7575 1.2914
7 1.335 1.4172
5 2.7375 2.6643
5 2.2725 2.1358
6 0.5475 0.7338
4 1.77 2.3182
7 1.02 0.9301
6 1.2 1.4236
4 0.135 0.1619
7 0.6225 0.6097
4 1.0275 1.6472
6 0.15 0.1958
4 2.61 2.236
5 2.4525 2.3944
7 1.635 1.6541
7 1.83 1.7945
6 2.4975 2.479
6 2.8125 2.7862
4 1.065 1.1592
7 1.05 1.3526
5 0.8175 0.7539
5 1.2525 1.7155
6 2.5275 2.5535
4 0.165 0.1605
6 1.1325 1.0856
7 0.4425 0.5083
5 2.835 2.7977
6 2.67 2.5967
7 0.0075 0.0894
4 0.555 0.6929
4 1.83 1.1081
5 1.65 1.4001
5 2.5875 2.8118
5 2.1825 2.2151
7 0.0975 0.163
7 1.4625 1.3554
5 2.6025 2.3807
7 0.9675 0.9876
4 1.7175 2.0596
5 1.9875 1.858
7 2.1375 1.9015
5 1.95 1.6496
5 0.6675 1.1013
5 2.7675 2.6051
7 2.7075 2.7575
5 2.1675 2.2244
7 1.6725 1.6084
6 1.6725 1.0791
5 1.92 1.6661
6 0.705 0.5819
7 1.9125 2.0842
5 2.9475 2.9484
5 0.375 0.3902
6 2.325 2.3903
4 1.005 1.7715
7 2.7525 2.9806
7 1.875 1.3862
6 0.105 0.1048
7 2.8575 2.8127
7 1.2675 1.2356
6 0.525 0.4277
4 1.38 1.4458
6 1.1775 2.2239
7 2.73 2.7312
4 1.5975 1.3423
4 0.975 1.4376
4 0.96 1.052
4 1.215 1.08
7 2.1 2.1894
4 0.3075 0.3831
7 2.31 2.2864
6 0.945 0.9414
7 0.1875 0.2319
4 1.6575 1.1846
6 0.075 0.0507
7 2.9775 2.9697
7 0.0 0.0208
6 1.7325 1.9263
6 0.57 0.5718
6 2.265 2.4157
5 2.265 2.09
6 0.78 0.8123
7 1.9125 1.9552
6 1.53 1.448
4 0.555 0.5908
4 2.0925 1.6573
5 2.46 2.4524
5 2.1825 2.3004
7 2.865 2.9433
6 1.2675 1.4516
5 1.845 1.9421
6 0.4125 0.3761
7 1.9125 1.5016
7 1.845 1.8189
7 0.4275 0.4228
5 1.155 1.4112
6 0.5775 0.5828
6 0.615 0.5595
4 0.6075 1.0164
7 1.0875 0.9148
6 1.0125 1.0465
6 2.34 2.2702
5 1.38 1.7732
4 2.955 2.8459
4 2.8125 2.8752
5 0.015 0.089
4 0.3675 0.207
6 1.2 1.1674
7 2.2725 2.282
7 1.4925 1.6782
6 1.1025 1.4808
5 2.4 2.5905
5 2.9325 2.865
5 1.23 1.0483
7 0.105 0.0483
7 1.5825 1.2035
7 2.415 2.4042
6 0.2025 0.2039
4 0.9525 1.0838
5 0.1575 0.2653
7 0.12 0.1945
6 0.57 0.7387
5 1.5675 1.506
4 2.0475 2.2042
7 1.08 1.3568
7 1.56 1.1161
7 0.5475 0.8694
4 2.16 1.9092
6 2.4975 2.6123
7 0.915 0.85
5 1.1325 1.3633
7 0.1725 0.19
6 0.5625 0.5633
5 1.47 0.9789
5 2.1 1.5454
5 2.2425 2.1242
6 2.13 2.2629
7 1.2225 1.583
7 2.385 2.2478
4 1.3125 2.169
6 0.075 0.0142
4 2.28 2.4804
5 2.1075 2.221
6 1.4475 1.2772
4 2.0325 1.9805
4 0.21 0.1166
6 2.52 2.546
7 1.6575 1.9586
6 2.4075 2.3601
4 2.985 2.7704
7 2.1825 2.2136
7 0.1875 0.1629
6 1.905 1.4418
5 0.135 0.2109
4 0.9 1.1879
5 0.1575 0.1734
7 0.51 0.4484
5 2.415 2.2878
7 0.48 0.4975
7 2.73 2.7432
4 0.69 0.3924
7 1.4775 1.4491
6 1.8 1.8725
4 1.9125 1.1382
5 1.5375 1.3211
5 1.8075 1.0187
6 1.74 1.6672
4 0.1275 0.1256
4 1.47 1.0285
7 1.935 1.6779
4 2.3775 2.7906
4 0.8325 1.4412
5 0.24 0.143
5 1.725 1.6789
6 0.2175 0.2043
5 0.225 0.3499
5 1.0125 0.9518
4 1.9725 2.0476
4 2.6625 2.6084
5 0.3225 0.2594
7 0.765 0.7354
4 2.28 2.4941
4 1.2225 0.9757
4 1.4625 1.0152
4 2.2425 2.1942
7 0.2625 0.1927
6 2.13 1.9052
4 2.3175 2.2946
5 2.385 2.1492
4 2.7075 2.637
6 0.3075 0.2376
4 0.165 0.2909
6 0.0975 0.1464
6 1.9425 1.5829
5 2.0925 2.4047
5 2.8125 2.8487
7 1.4925 1.1738
6 1.6725 1.6594
5 0.99 1.4864
7 0.0 0.0615
5 0.015 0.1026
4 0.3525 0.45
4 0.2475 0.2977
5 1.095 1.6792
5 1.65 1.7799
7 0.4425 0.4012
4 1.935 1.411
6 1.275 1.7876
5 2.0625 2.0065
5 1.335 0.9418
5 2.88 2.8833
5 1.905 1.7952
4 0.39 1.0162
4 2.295 2.4763
5 2.37 1.7712
6 1.74 1.7734
4 2.1975 1.9075
4 2.6025 2.7721
6 0.4425 0.5198
5 2.655 2.7274
7 2.94 3.0132
4 0.375 0.4874
4 1.98 1.799
6 1.575 1.1778
5 0.42 0.2271
6 0.885 0.9703
4 2.4525 2.5288
5 2.025 1.4172
4 2.175 1.2083
4 1.3425 2.8868
6 1.095 1.211
4 1.4025 1.7768
6 2.805 2.8294
5 2.3625 2.2494
6 0.015 0.0525
6 2.9025 2.9434
5 2.73 2.5804
7 1.7475 1.9681
5 2.7075 2.7779
7 1.65 1.3548
7 0.1125 0.2074
4 0.4275 0.4744
4 1.3575 2.0282
7 1.005 0.8524
7 1.1175 1.2163
4 2.7675 2.4829
7 1.02 1.5334
7 1.605 1.6144
7 2.52 2.5999
6 1.92 1.8817
5 1.08 1.2138
5 2.1525 2.1808
5 2.715 2.7909
6 1.1775 1.0728
4 1.245 1.1992
4 1.605 1.7888
6 2.9175 2.9215
4 1.5525 1.2875
7 0.3225 0.2713
6 2.9625 2.8737
5 2.2875 2.2422
7 0.7575 0.7641
5 1.98 1.7081
7 1.275 1.852
5 1.6575 1.6593
7 0.9825 0.8915
5 0.435 0.8039
7 0.825 0.7729
4 0.555 0.7453
6 1.905 2.1216
6 1.05 1.3985
6 1.455 1.6746
5 2.3175 2.4392
4 1.095 1.5357
4 2.58 2.6673
6 0.5175 0.5224
7 1.83 2.0458
6 0.4875 0.4091
5 2.7975 2.8406
4 0.405 0.3416
4 0.495 0.806
6 0.0225 0.043
6 1.845 1.8782
5 1.92 1.4376
7 1.5525 1.7095
4 1.395 1.1194
4 1.41 2.0323
6 0.2775 0.3699
6 1.4775 1.9168
7 2.3625 2.3638
5 1.965 1.8145
6 1.92 1.8446
5 1.23 1.5769
7 2.6625 2.5632
5 0.8175 2.7397
5 1.785 1.2277
6 1.6875 1.9224
7 0.4875 0.4338
7 1.35 1.4033
7 1.7775 1.6254
4 1.4475 1.7849
4 1.6875 0.9169
4 1.125 0.6081
5 0.2475 0.1317
5 2.085 1.2636
6 1.47 1.3576
4 1.5075 1.8333
4 0.03 0.1264
4 2.835 2.8403
6 0.48 0.4267
6 0.39 0.4131
4 0.8625 0.4931
5 2.67 2.6388
4 1.1475 1.1496
4 1.38 0.4739
6 1.9275 1.9982
5 2.6925 2.9002
7 2.9175 1.9982
6 1.665 1.4141
6 1.2375 0.9068
5 1.5225 1.4953
7 0.63 0.6898
6 2.49 2.5236
5 0.0525 0.114
4 0.7875 2.389
7 0.9675 0.9476
4 2.325 2.3117
6 1.425 1.3142
6 0.78 0.7948
7 1.5075 1.2525
5 1.1475 1.3478
4 0.09 0.1926
7 2.3175 2.3133
7 0.5325 0.5581
5 0.5175 0.3245
5 2.2725 2.1488
4 1.8075 1.5358
7 2.6475 2.6398
7 1.05 1.1688
6 0.4575 0.4703
6 0.885 1.0744
5 2.5425 2.7136
6 2.2125 2.0226
6 0.5475 0.5129
5 0.9825 1.4013
4 0.045 0.0198
7 1.62 1.8957
5 0.2025 0.1883
5 0.5775 0.5081
5 1.2975 1.9146
7 2.325 0.2885
6 2.58 2.5004
5 2.205 2.1543
6 0.51 0.5035
7 0.135 0.2048
5 2.2575 1.5386
4 0.6 0.6325
6 1.6125 1.3874
5 0.495 0.3829
6 1.8675 1.4941
6 1.8675 1.6296
7 1.365 1.279
5 0.9075 1.0452
4 0.99 0.8825
4 0.0225 0.1595
4 1.9725 2.004
6 0.0525 0.15
7 2.5575 2.6363
5 1.8825 1.2399
6 1.9275 1.4912
7 2.505 2.4471
4 1.0725 0.9174
5 1.68 1.0625
5 0.1875 0.2602
4 1.29 1.7711
4 0.525 0.2148
7 1.8825 1.5448
6 1.4025 1.5372
6 0.4425 0.4261
7 2.3025 2.3263
7 2.745 2.6899
4 1.605 0.9232
4 2.1075 2.2076
7 1.4175 1.439
6 0.6525 0.5887
4 1.8375 1.75
7 1.53 1.5513
4 2.475 2.4045
6 2.655 2.5107
6 2.895 2.8805
4 0.3075 0.1423
6 2.055 1.9921
5 0.5625 0.515
7 2.6625 2.6931
7 1.4625 1.8818
6 2.685 2.7911
4 0.765 1.0891
6 0.7575 0.6049
7 2.325 2.2486
4 1.1025 1.3733
4 1.425 1.5128
5 0.1275 0.2376
4 0.7575 1.3114
6 2.1 1.9748
5 2.3175 2.1894
5 1.65 1.4742
6 1.1325 1.3556
5 1.47 1.2193
6 1.59 1.4106
4 2.3775 1.6725
6 1.9275 1.8207
7 0.1575 0.157
4 1.5075 0.9888
5 0.15 0.264
6 0.6825 0.7
6 0.345 0.3396
4 0.225 0.4951
4 1.77 1.6435
4 2.6775 2.6795
5 0.795 0.7007
6 1.7325 1.4108
6 1.59 1.5233
7 0.33 0.3433
7 2.34 2.3505
5 1.9125 1.3826
4 1.725 2.2703
7 2.5125 2.4362
5 1.0875 1.2038
7 2.325 2.2621
7 2.5575 2.6686
7 1.6425 1.5907
7 1.89 2.0214
7 1.1925 1.0811
5 0.5175 0.6446
5 0.9075 1.3901
6 1.02 1.5885
5 1.77 1.9862
7 2.6175 2.6027
4 1.2675 2.016
7 0.6075 0.5628
5 2.265 2.3878
6 2.46 2.4829
7 1.0125 1.2332
4 2.1975 2.3652
6 0.2925 0.2713
6 2.7375 2.6835
6 1.7175 1.611
6 2.8575 2.802
4 1.8 1.4359
6 1.2525 1.6621
5 1.59 1.6938
6 2.52 2.516
6 2.4 2.3591
5 0.1875 0.1983
6 1.6425 1.4521
4 2.52 2.3015
7 2.7075 2.7036
7 2.22 2.2531
7 2.3325 2.3701
6 0.12 0.1752
6 0.3975 0.4737
4 2.055 1.5898
7 1.26 0.9403
7 1.485 1.3657
4 0.45 0.7104
5 1.38 2.0984
4 0.405 0.5606
6 2.91 2.9258
4 1.4175 1.1728
5 1.305 1.8799
7 0.3975 0.4271
7 2.8875 2.8085
4 0.0075 0.2033
6 0.8025 0.8587
6 1.2975 1.7493
4 0.2475 0.6029
4 0.0825 0.17
5 0.8925 1.9325
7 2.91 2.9821
4 2.8725 2.7517
5 0.585 1.1547
4 2.145 2.4918
7 0.66 0.526
6 1.32 1.517
5 2.355 2.154
5 1.0275 1.2824
6 1.65 1.5505
4 0.9975 1.5838
4 1.0875 1.6907
6 0.6225 0.7355
6 0.9825 1.0892
5 1.7625 1.5692
4 0.2775 0.4105
7 1.7775 1.6209
5 1.11 1.1835
5 2.715 2.5835
7 1.425 1.4974
4 2.3925 2.3001
6 2.9925 2.992
7 0.8625 0.8003
4 1.3725 2.0163
6 1.9575 2.0794
6 1.365 1.5627
7 2.04 2.1036
5 1.275 1.1181
5 2.0925 1.7791
5 2.895 2.911
4 1.59 2.3104
7 2.5125 2.5939
6 2.5425 2.5066
5 0.0675 0.0286
5 1.9275 1.4958
6 0.5625 0.5699
6 2.0925 1.9807
4 0.7575 0.9669
7 2.9925 2.9706
7 0.8925 0.6956
4 1.26 1.0776
6 1.5375 1.6498
4 1.905 1.8739
5 2.7825 2.8734
5 1.1025 1.1034
4 0.1875 0.0948
7 2.2125 2.2012
5 2.58 2.5884
7 1.4325 1.01
6 1.74 1.8364
5 0.405 0.3278
4 0.9225 0.9264
4 0.465 0.7481
6 1.065 1.5102
5 2.5725 2.5586
6 0.105 0.2638
4 2.2725 2.3296
5 1.1775 1.7216
5 0.69 0.9252
4 2.6025 2.577
6 0.96 0.9895
5 2.7975 2.9232
5 2.595 2.5975
6 1.845 1.7097
5 2.9625 2.89
6 2.895 2.825
4 1.185 1.3377
7 1.56 1.8111
7 1.4925 1.7893
7 1.71 1.4388
4 2.91 2.9474
4 2.0325 1.2258
7 1.1025 1.0636
7 2.8425 2.8946
4 2.685 2.6229
6 0.8325 0.8296
5 2.355 2.1328
7 1.8075 1.8434
6 0.5775 0.5069
5 1.3425 2.0289
4 2.07 1.923
5 1.68 1.6846
5 2.1975 2.0548
5 2.5275 2.4871
6 1.605 1.6655
5 0.75 0.5362
4 2.6325 2.2843
7 1.365 1.6304
5 2.025 1.6872
6 2.3775 2.3717
6 0.7875 0.8704
4 1.32 0.9152
6 1.7325 1.4774
4 1.1925 1.5499
6 0.975 1.1339
7 1.1175 1.5124
6 1.53 1.041
5 1.845 1.2792
7 0.0525 0.153
7 2.3175 2.3096
5 2.76 2.6845
5 1.98 1.7622
6 0.3825 0.3174
7 2.55 2.5348
7 0.24 0.2141
4 0.4125 0.4796
4 2.8875 2.9497
6 0.4425 0.5
5 1.95 1.5777
6 2.2125 2.1129
4 0.3525 0.3098
5 1.6275 2.1657
6 1.3125 1.747
6 1.0725 1.353
4 0.195 0.3937
7 2.355 2.3162
6 2.5575 2.4656
5 2.4075 2.4122
5 2.505 2.5211
5 0.0675 0.0922
7 0.7425 0.7439
7 0.3825 0.2955
6 2.34 2.361
7 1.56 1.2658
5 2.0925 1.9605
6 2.97 2.9081
7 2.505 2.6393
6 1.7475 1.6609
7 2.025 2.0495
4 0.315 0.6488
4 2.7975 2.794
4 2.37 2.093
4 1.8975 2.1984
5 1.95 1.6409
6 2.2725 2.229
7 1.11 0.9901
4 1.2975 1.197
7 2.46 2.5144
6 1.5825 1.2781
7 1.6575 1.958
4 0.375 0.1801
6 2.9775 3.019
4 0.375 0.0665
4 1.005 1.5853
4 0.465 0.8466
5 0.3225 0.1093
7 0.8325 0.7028
4 1.845 2.2303
4 2.6325 2.5773
5 2.49 2.4003
7 0.7125 0.6729
6 0.21 0.0761
6 1.8075 1.4097
4 1.3875 1.0772
6 0.1275 1.8189
7 2.055 2.1168
6 2.8275 2.6387
4 0.2175 0.5076
5 2.355 2.0763
7 0.8625 0.9081
4 1.8975 2.3781
4 0.6075 0.5389
4 0.8775 1.3958
7 0.81 0.7904
5 0.54 0.603
4 1.335 2.4789
6 1.9875 1.6193
6 2.64 2.6936
5 1.71 0.9881
5 1.7925 0.9643
7 2.505 2.5949
5 0.8625 0.9135
5 1.86 1.432
4 0.315 0.3287
7 0.21 2.0626
7 1.6875 1.7437
5 2.865 2.8288
6 1.3425 0.8722
7 2.82 2.8031
5 2.0475 2.1727
6 2.0775 1.9718
7 0.945 0.9176
7 2.1075 1.9475
4 0.975 0.5826
4 1.83 2.0094
4 2.325 2.2119
6 1.26 1.3372
4 0.4125 0.6993
4 1.755 1.995
4 0.9375 1.442
6 0.4125 0.3687
5 1.7475 1.88
5 0.855 0.6351
5 0.6975 0.7494
4 0.3525 0.4744
4 2.4 2.2799
5 1.1025 1.2003
5 0.345 0.2735
5 2.2425 1.5225
7 0.9375 1.0102
5 1.2075 1.7473
4 2.8575 2.9298
7 2.4825 2.575
5 2.715 2.7826
6 2.445 2.4637
5 0.54 0.702
4 0.465 0.6577
5 0.435 0.4358
5 0.27 0.1776
5 1.2675 1.5083
7 1.2075 1.5005
7 0.06 0.0839
6 2.4825 2.4573
7 2.1375 1.9441
4 2.4525 2.3127
4 0.4425 0.3621
6 1.395 1.3897
5 2.0175 1.3895
4 1.1775 1.8044
4 0.8925 0.7437
7 0.4275 0.4491
4 2.4825 2.4126
6 2.745 2.7773
6 0.045 0.091
7 2.28 2.206
6 0.7125 0.6126
4 2.5125 2.0507
6 0.4725 0.5741
4 1.3725 1.4666
4 0.6525 0.7556
7 0.9975 1.1449
6 0.5925 0.8774
4 0.435 0.5183
7 0.7275 0.7183
6 1.2675 1.5878
6 1.62 1.8008
4 2.175 2.3795
4 1.545 2.1915
5 1.0875 0.8773
4 1.4025 1.7719
5 1.4625 0.9697
5 2.9025 2.8811
4 2.235 1.8088
7 1.5975 1.4769
7 0.555 0.5115
6 0.195 0.1907
6 1.635 1.6748
5 0.4125 0.5336
4 1.965 1.4211
5 2.6025 2.5247
7 2.5875 1.7981
7 2.055 2.1077
6 1.8825 1.7579
5 1.905 2.1798
7 1.2375 1.1913
5 0.465 0.3849
5 0.225 0.1945
6 0.315 0.3497
7 1.9725 1.8286
4 2.805 2.8089
7 0.6525 0.6388
7 0.2625 0.3166
6 2.3925 2.4792
5 0.4125 0.4057
4 2.8575 2.7091
4 0.96 0.954
6 1.62 1.6553
5 0.63 0.5037
4 1.2075 1.3602
7 2.2575 2.2818
7 0.69 0.7222
5 0.135 0.4416
5 1.8825 1.5371
5 0.5475 0.285
4 0.105 0.1173
6 2.52 2.3822
6 1.8075 1.5485
5 2.775 2.8367
4 2.9925 2.8522
7 0.7875 0.825
7 0.9375 0.9481
4 0.5175 0.5827
7 2.3475 2.191
7 1.995 2.0859
6 0.2925 0.3508
6 1.125 1.5325
5 0.0675 0.0938
7 1.08 1.365
6 1.095 1.3232
6 0.42 0.3504
6 2.0025 1.5383
6 0.51 0.428
6 0.7425 0.5742
7 2.0925 2.234
7 2.04 2.0437
5 1.9425 1.6245
5 0.8475 0.6737
7 2.415 2.3509
6 2.775 2.8561
4 1.8825 1.5414
7 0.36 0.3102
6 0.75 1.0291
5 1.7775 1.2431
7 0.105 0.1754
4 2.715 2.5277
6 1.44 1.1438
6 1.3275 1.274
7 0.66 0.6645
5 2.9625 2.8521
7 2.7 2.6111
4 0.3525 0.6092
6 0.3825 0.4043
7 1.4775 1.5691
7 1.1475 1.0102
4 1.08 1.5127
7 1.35 1.8747
4 1.995 1.2712
5 0.1425 0.1666
5 1.125 1.0968
6 1.74 1.5537
4 0.6225 0.8802
4 1.695 2.0091
4 2.49 2.0479
4 1.4175 1.4665
4 0.6075 0.5298
5 1.605 1.3415
4 2.3475 1.7044
7 2.895 2.8891
6 1.725 1.7026
4 2.49 2.4774
6 1.7325 1.6469
4 1.065 1.0247
7 0.5175 0.4439
4 0.5625 0.4775
6 0.36 0.4712
5 1.905 1.9146
5 1.905 2.0048
4 2.4375 2.4774
6 2.8425 2.7791
7 2.415 2.5032
7 0.6525 0.5782
7 1.7925 1.6729
7 2.205 2.0179
4 0.9675 0.5055
7 1.5525 1.4287
4 2.775 2.4539
7 0.6 0.6277
7 1.14 1.2013
5 0.1575 0.0503
5 2.6025 2.6162
6 0.3375 0.2122
5 0.465 0.6927
6 0.99 1.123
6 0.18 0.1727
5 1.7775 2.0321
4 2.6625 2.6865
4 1.92 1.4832
7 0.5775 0.5774
5 2.3325 1.851
7 2.04 1.6658
5 0.4275 0.3348
4 1.7475 1.7014
4 1.89 1.1926
5 0.105 0.0662
4 1.2 1.5029
4 2.5425 2.6624
7 1.125 1.16
4 2.1 1.1409
4 2.7225 2.8405
4 2.2875 2.3653
4 2.535 2.5647
5 1.89 1.7029
5 2.5575 2.3371
5 0.6375 0.8101
7 0.3525 0.3049
7 1.3575 1.4548
7 0.21 0.2966
6 1.3425 1.104
6 1.5 1.7265
4 0.27 0.4224
6 2.595 2.613
7 2.3625 2.5281
5 2.355 2.4942
5 0.375 0.2025
7 1.3425 1.2936
5 0.2925 0.207
6 0.4425 0.4086
5 1.5225 1.493
5 0.9375 0.7596
7 1.7475 1.5006
5 2.43 2.4933
7 1.17 1.0998
6 2.79 2.8168
5 0.825 0.597
7 2.25 2.2818
7 1.53 1.7165
6 1.455 1.4235
7 0.6525 0.7406
5 1.1325 1.9598
6 2.7075 2.6237
7 1.1025 1.542
4 0.0975 0.1436
6 2.4375 2.4423
6 1.095 1.3561
6 2.7675 2.7875
6 0.4275 0.4597
6 1.005 1.0834
5 1.9275 1.3407
6 0.84 1.273
6 1.2075 1.1726
5 0.84 0.9959
6 0.765 0.7592
6 1.0725 1.0733
4 0.18 0.0765
7 1.725 1.684
5 2.0325 1.8558
5 2.6025 2.6175
4 0.4125 0.5702
5 2.4375 2.2821
7 1.4775 1.6079
7 0.63 0.6285
7 2.28 2.2996
7 2.4525 2.5032
5 2.2875 2.3026
6 1.65 1.7804
5 0.915 1.024
5 1.9425 2.1153
5 2.3025 1.7672
6 1.815 1.897
7 1.4175 1.6512
4 1.515 1.6221
5 0.18 0.2279
7 2.385 2.37
6 2.835 2.8333
6 2.6625 2.6272
5 1.995 1.2944
6 1.1325 1.3237
5 1.845 1.557
5 1.38 1.9109
6 0.8625 0.8749
6 0.2025 0.1495
5 0.1575 0.1857
4 2.37 2.5084
7 2.4675 2.5208
4 1.365 1.6351
6 2.9325 2.8456
7 2.5425 2.4553
4 0.2925 0.2258
5 2.5125 2.2635
4 0.81 0.8354
7 2.8725 2.9404
7 1.4025 1.4826
4 0.15 0.1891
6 2.4075 2.3407
5 1.3575 0.8596
7 0.225 0.1373
4 1.8375 1.05
5 0.06 0.0975
7 0.1575 0.1283
6 0.405 0.4543
6 0.06 -0.0094
5 1.23 1.3978
7 1.53 1.6426
4 2.6475 2.672
6 1.2975 1.5329
6 1.185 1.5799
6 1.23 1.4547
6 0.9075 1.4445
6 2.76 2.7304
4 2.85 2.81
7 2.16 2.2467
5 2.4225 2.1978
7 1.5525 1.5315
4 1.74 1.488
7 1.89 1.8728
4 2.9775 2.9204
5 0.6825 0.4982
6 1.05 1.1338
4 1.275 1.5399
6 0.21 0.1144
6 2.7075 2.7611
7 0.045 -0.09
4 0.36 0.3073
5 2.5125 2.6053
6 1.605 1.7306
5 1.1175 1.2534
6 0.1425 0.2291
4 1.455 1.2795
6 0.4275 0.2476
6 2.04 1.8475
6 2.52 2.408
4 2.97 2.9398
5 0.6825 0.6187
6 0.9375 0.7371
6 0.435 0.4096
5 0.8175 0.875
5 2.955 2.9497
7 2.2275 2.1229
4 0.795 1.6809
4 2.07 1.4374
6 2.07 2.1563
6 2.5575 2.5157
6 2.1075 2.1271
6 0.645 0.6576
6 0.0675 0.1388
5 1.95 1.8179
4 0.2775 0.2676
7 0.0675 0.0544
7 2.58 2.6265
6 2.025 1.5175
4 0.7125 0.745
6 1.8075 1.8454
5 0.7575 0.7486
4 1.935 2.0609
7 0.06 -0.0306
7 0.075 0.0786
6 2.4375 2.2871
4 1.6875 1.6661
7 1.8825 1.4318
5 2.085 1.218
5 1.17 1.2765
4 2.8125 2.6366
4 0.63 0.7009
5 2.175 1.7741
5 2.16 1.7223
7 2.37 2.4285
5 1.005 1.6749
6 2.895 2.8786
4 1.8375 1.4616
6 1.77 1.8612
5 0.48 0.4942
5 2.5125 2.3938
6 1.5075 1.5011
5 2.58 2.6819
5 1.6425 1.5053
6 1.9425 1.946
5 1.3575 1.4725
5 0.6375 0.5392
7 2.8575 2.7894
5 1.74 1.2892
6 2.835 2.9349
4 0.1875 0.1865
7 1.29 1.4426
6 2.7975 2.7922
6 0.8325 1.1972
6 2.0475 2.0698
6 0.9075 1.195
4 0.7875 1.1116
6 2.8125 2.7874
4 0.9525 1.4461
5 1.785 1.2553
5 1.695 1.1576
6 2.0175 1.7885
5 2.6325 2.6123
5 0.0375 0.0476
6 1.44 1.1458
6 1.4325 1.2807
6 2.43 2.4185
7 1.53 1.2468
4 1.5075 1.2745
7 2.97 2.9281
4 2.8125 2.8922
5 0.375 0.4989
5 0.15 0.2057
4 0.81 1.0068
6 2.655 2.5823
5 1.005 0.6462
6 0.2625 0.2915
7 0.8625 0.7263
4 0.0075 0.1826
5 0.66 0.5001
5 1.575 1.9874
6 1.9425 1.8312
6 0.5625 0.5969
4 1.83 2.035
7 1.7175 1.5643
6 1.2675 1.4779
7 2.61 2.6415
4 1.7175 2.2734
4 2.9025 2.8486
6 1.695 1.9946
6 0.1275 0.1609
6 1.6575 1.2073
4 2.5725 2.5719
5 0.0975 0.0616
5 2.3025 2.1803
4 2.775 2.7767
5 0.375 0.2715
7 0.5175 0.488
5 1.9875 1.7567
4 2.0775 2.4463
4 0.42 0.2907
4 1.4175 1.4405
6 1.6725 1.246
7 2.1825 2.1074
6 2.535 2.4666
7 1.515 1.845
4 1.23 0.8274
4 2.5125 2.2868
6 0.9225 0.9762
6 1.95 1.7588
6 2.385 2.4651
5 2.19 1.8984
7 2.6325 2.6557
4 0.5325 0.4921
7 0.6825 0.7328
4 1.4625 2.318
6 0.2775 0.2791
7 1.245 1.3897
4 2.535 2.3127
4 0.57 0.5063
5 0.075 0.0672
7 0.4725 0.4516
6 1.3575 1.1668
6 1.71 1.4753
4 1.155 0.8111
5 2.1525 1.7199
5 0.225 0.3272
4 0.93 0.9143
6 1.14 1.4157
7 2.2125 2.1179
6 2.2725 2.4784
7 1.08 0.9025
7 1.59 1.4916
5 0.6675 0.7567
4 1.5825 1.6397
5 1.3575 1.4643
6 0.795 1.0984
7 2.7675 2.6891
5 1.6725 1.834
4 1.395 2.0503
4 0.0075 0.1004
6 1.7475 1.7244
4 2.1375 0.7778
6 0.4425 0.4814
4 1.2975 1.0223
6 0.195 0.1378
7 2.5275 2.5236
5 2.475 2.4658
4 0.225 0.1439
7 2.8425 2.9076
7 2.205 2.2353
7 1.5675 1.5874
6 2.3325 2.5242
5 0.855 0.5636
5 2.565 2.5176
4 1.4625 2.1196
7 2.0775 2.0667
6 2.1375 2.114
4 0.27 0.2968
6 1.4025 1.4333
6 1.575 1.855
6 1.29 1.4714
4 0.8625 0.7003
7 1.005 1.3004
4 2.055 1.5971
4 0.54 0.8157
4 1.2375 1.7806
7 2.94 2.9426
7 1.1325 0.971
4 2.7825 2.7985
7 2.865 2.8836
6 0.8175 0.8416
4 2.58 2.6353
5 1.41 0.8312
5 0.195 0.1153
7 0.045 0.0389
7 2.1375 2.153
4 2.475 1.8568
5 2.67 2.5739
4 1.6425 2.2504
6 1.8975 1.8843
6 2.565 2.4378
4 1.545 2.1318
4 1.6275 1.1787
4 2.0025 1.5087
7 1.5675 1.6397
5 2.8875 2.868
5 1.5675 2.2193
6 1.095 1.0129
7 2.625 2.6553
4 1.6425 2.2664
6 2.31 2.2226
4 0.0525 0.3908
6 2.895 2.7637
5 0.9975 1.3613
5 2.82 2.7426
7 0.2025 0.1468
5 2.9925 2.9679
5 0.9825 1.0933
5 2.9625 3.0249
7 2.775 2.8155
6 0.9825 0.8476
5 0.465 0.4307
5 2.9775 2.7579
7 2.235 2.1834
7 1.155 1.3143
7 0.9675 1.2804
6 0.18 0.1912
6 2.415 2.4631
4 0.495 0.713
4 0.3075 0.1531
5 1.2 1.2545
6 2.385 2.4179
4 1.305 1.9085
6 0.6675 0.7917
6 0.2025 0.2089
7 2.4 2.3833
7 2.8425 2.9479
6 2.5725 2.5595
4 0.6975 1.7197
7 2.4075 2.5301
7 2.31 2.3758
6 1.305 1.5257
4 2.9475 2.79
7 0.78 0.7782
4 1.665 0.4651
5 2.745 2.6458
6 2.1975 2.2253
7 2.865 2.8687
5 0.6225 0.5534
4 0.0 0.0761
6 2.115 1.9393
5 0.465 0.6151
7 1.68 1.2779
7 1.6125 1.9657
4 0.0375 0.2721
6 1.68 1.5769
5 2.2575 1.7242
5 1.8225 1.2134
7 2.985 2.991
4 2.4 1.56
4 1.68 2.0471
4 2.7975 2.7667
4 1.8675 2.2904
5 0.8625 1.4853
5 0.6975 0.7052
4 0.975 1.045
6 0.405 0.3825
6 1.2975 1.6235
4 0.525 0.6919
5 0.7275 0.7825
7 0.9375 0.6957
5 1.8 1.6639
4 2.3175 2.2539
7 0.81 0.8183
7 0.06 -0.0071
5 1.6275 2.0777
4 1.7175 1.7622
7 0.435 0.3707
5 0.66 1.1334
4 0.54 0.9474
7 1.365 1.1162
6 0.72 0.399
7 2.595 2.5569
4 1.2225 0.9161
6 0.3 0.4123
6 2.685 2.7471
4 0.9975 0.6743
4 0.615 1.2605
6 1.425 1.5503
4 0.675 0.5211
4 1.47 1.9885
5 0.39 0.3048
4 1.6575 1.3306
5 1.7475 2.2391
7 1.89 1.75
5 0.225 0.1369
5 1.0725 1.0249
7 1.2075 1.1313
4 1.3575 2.0562
6 0.6675 0.6418
6 0.6375 0.6907
6 0.42 0.4532
7 0.0975 0.1487
7 2.7825 2.8109
5 0.6675 1.1098
6 0.21 0.1467
4 2.6625 2.6134
6 1.4325 1.6756
7 2.1075 2.141
4 2.175 2.7572
4 2.4375 2.3069
6 0.9 1.1417
4 2.1 1.4876
7 2.16 2.2437
7 2.0175 1.7207
5 1.545 1.7775
6 0.375 0.2652
4 0.2475 0.3024
7 1.98 1.8299
7 0.0525 0.0083
7 1.9125 1.946
7 1.935 1.9126
4 1.545 0.9763
4 2.3625 2.4464
6 1.71 1.475
5 2.7675 2.9406
7 1.05 1.1315
5 1.4775 0.9976
4 1.26 0.7036
5 0.9075 1.2422
7 1.4625 1.5778
4 0.8925 1.4157
5 1.035 1.7065
6 1.4775 1.3883
7 0.855 0.6857
5 1.0725 1.7196
4 1.02 1.4619
5 0.0825 0.1318
5 2.88 2.9111
6 1.68 1.4013
7 2.34 2.4207
5 2.58 2.6312
6 2.5875 2.6571
4 2.7225 2.7252
4 0.93 1.4866
4 0.5325 0.4701
6 0.8475 0.8403
5 1.77 1.5106
5 1.0725 1.9773
4 1.02 1.9317
4 0.8175 1.5958
7 1.1025 1.4392
4 0.975 2.3808
7 1.4625 1.7948
6 2.0025 1.9737
5 0.5175 0.6713
6 1.4025 1.5532
4 2.3625 2.3521
5 1.92 1.2824
6 2.7225 2.8347
4 2.8875 2.7875
6 0.03 0.0585
6 0.1575 0.1948
5 0.285 0.2559
7 0.2025 0.208
4 2.985 2.8639
5 2.9025 2.8489
5 2.91 2.7583
4 1.125 0.5748
4 0.0 0.1683
4 2.1675 2.3808
6 1.485 1.6042
7 1.29 1.3357
6 2.8275 2.8006
7 1.545 1.2796
4 1.9875 1.4319
5 1.485 1.2522
5 1.5375 1.5482
4 2.46 2.3328
6 0.4425 0.5064
4 1.3425 2.2179
7 2.43 2.4509
6 0.405 0.4175
7 2.7525 2.9076
4 2.865 2.6719
6 0.255 0.2968
7 0.7875 0.8333
5 2.04 2.1861
7 1.605 1.5962
7 2.1 2.251
7 2.1 2.0384
7 1.7475 1.2884
4 0.6525 0.7874
5 2.6775 2.7476
6 2.145 2.0472
7 0.2925 0.2464
5 0.045 0.0367
5 2.6625 2.6715
5 0.105 0.1186
4 1.0275 1.6297
6 0.6525 0.6365
4 0.5925 0.8948
5 1.2 1.3953
6 0.2475 0.2476
7 1.05 1.4014
4 1.5375 1.6595
4 0.5325 0.5501
4 1.32 1.6955
6 0.18 0.2262
6 2.46 2.5103
5 1.6875 1.6437
6 2.07 2.217
5 0.09 0.1301
6 1.935 2.1174
7 0.03 0.0821
6 1.755 1.9804
7 2.1525 2.0671
7 1.1625 1.4548
4 2.445 2.556
7 1.29 1.3088
7 1.5075 1.2115
6 0.99 0.8731
5 1.215 2.0349
5 0.96 1.9732
4 0.5625 0.6014
4 0.1275 0.1776
4 1.3575 1.3904
4 1.095 1.7161
6 2.49 2.4874
4 0.525 0.6649
4 2.76 2.7568
5 1.1925 1.4037
5 1.47 1.3635
5 0.255 0.3267
5 0.225 0.1459
7 1.35 1.3335
5 0.495 0.5365
7 0.8625 0.895
7 0.8625 0.9792
6 0.2325 0.2077
6 1.575 2.166
5 1.8225 1.4781
6 2.6475 2.5759
6 1.5075 1.4284
6 0.0525 0.0063
6 0.315 0.3592
6 1.7625 1.5505
4 2.9475 2.8641
5 1.875 1.3637
4 2.5875 2.5082
6 1.5 1.7983
6 0.3225 0.41
4 0.4425 0.5927
4 0.72 1.0209
7 2.625 2.5949
5 1.71 1.4076
4 1.6875 1.6884
5 2.3175 2.4685
5 0.855 0.7747
5 0.1275 0.434
5 0.63 0.7415
4 1.86 1.9542
7 2.85 2.9047
6 1.95 1.8277
6 0.525 0.5546
4 1.5525 2.4706
7 1.7475 1.3596
4 0.0075 0.0959
4 2.625 2.4901
4 0.585 0.19
5 0.42 0.2861
7 0.45 0.5417
5 1.035 1.0445
5 0.7275 0.6387
5 0.465 0.4041
4 0.9525 1.7777
5 0.57 0.4446
4 1.65 0.9376
4 1.5525 1.4361
5 0.39 0.4719
6 1.56 1.6182
4 0.675 0.8336
6 1.3125 1.2237
4 1.6725 1.0811
4 1.9425 2.0214
5 0.3675 0.2789
6 0.3525 0.2919
5 1.185 1.2867
7 0.855 1.0633
5 0.1575 0.2097
4 1.785 1.7383
6 2.025 2.1634
5 2.475 2.4103
7 0.75 0.8142
4 0.435 0.5327
4 2.655 2.6502
6 2.9775 3.084
5 1.11 1.7774
7 1.275 1.6461
5 0.8175 1.2511
7 0.0825 0.0189
4 2.2275 1.7364
6 1.9725 1.9939
4 2.6175 2.7551
5 0.18 0.1132
6 0.0525 0.1243
5 2.7075 2.7442
7 1.9125 1.6462
6 1.4325 1.4077
6 2.745 2.8008
6 0.7575 0.7363
7 2.5275 2.5426
6 1.9575 1.7312
7 0.96 1.3876
6 1.6575 1.8101
5 0.84 0.983
4 2.8725 2.7029
5 2.0775 1.9347
4 2.4825 2.3756
5 0.06 0.0844
6 1.32 1.5278
6 0.51 0.5619
6 0.7875 1.0305
4 1.755 1.8392
5 0.9675 1.7934
4 0.465 0.576
4 2.4 2.291
4 2.3025 2.3664
5 2.5575 2.5453
5 2.715 2.6488
4 0.2625 0.3812
6 2.7975 2.7662
6 1.575 0.7859
7 2.79 2.7766
6 0.99 1.216
7 2.625 2.6807
5 2.37 2.3783
4 2.565 2.5443
6 0.3 0.2938
7 2.325 2.2353
6 2.28 1.802
7 2.9775 2.9292
4 1.575 1.5587
7 1.6575 1.7236
4 2.7675 2.615
6 0.8475 1.0201
5 0.945 1.0129
6 2.6625 2.7347
5 1.7775 1.4359
6 1.29 1.6018
6 0.675 0.7422
4 0.3825 0.2911
7 2.625 2.4897
6 2.5725 2.7103
7 0.3825 0.3764
7 2.9625 2.9349
6 0.9675 1.2091
5 2.5275 2.83
5 1.845 2.036
5 1.26 1.4489
7 0.5475 0.5569
5 0.675 0.8166
5 1.0875 1.4199
6 1.8675 1.499
4 1.9275 1.1688
7 2.7825 2.7522
5 1.47 1.6813
6 0.18 0.2849
6 0.7725 1.2589
6 1.71 1.5576
7 0.795 0.8288
7 0.8175 0.9557
5 0.8625 1.6378
4 1.5 1.36
6 1.17 1.1178
6 0.195 0.125
6 1.8225 1.3442
4 2.415 2.3432
4 1.755 1.8127
4 1.155 2.4416
4 2.8575 2.4735
7 0.1425 0.1706
6 0.3825 0.4085
4 1.59 2.0324
4 1.755 1.8784
5 2.565 2.3683
7 0.645 0.6621
4 2.67 2.5084
5 2.265 2.3124
7 0.585 0.583
7 1.845 1.9712
5 0.5025 0.6799
7 0.3075 0.3326
7 0.2475 0.228
4 2.7825 2.6853
5 0.8325 0.8784
6 2.4975 2.3893
7 2.895 2.8475
6 0.2775 0.302
5 1.365 1.0734
4 2.8275 2.8794
5 2.0475 1.6052
7 0.3375 0.2426
4 1.545 2.0959
5 0.6075 0.6437
4 1.77 2.1173
5 1.2 1.0277
4 1.0875 1.2321
5 2.895 2.7498
6 2.8725 2.8034
4 1.545 1.5905
5 1.2525 1.7758
7 0.93 0.8952
5 0.33 0.4045
7 2.1225 2.0395
5 2.835 2.8948
4 0.0675 0.3012
7 0.4875 0.4758
7 0.3525 0.3185
6 1.515 1.2936
7 0.7575 0.7823
4 0.6975 1.7489
7 1.2825 1.3771
7 0.03 -0.0034
4 1.1325 1.3812
5 2.16 1.3743
6 0.825 1.0039
6 2.73 2.8517
5 2.4075 2.2722
7 2.04 2.0167
7 1.6125 1.827
7 1.32 1.3348
5 1.425 1.8177
5 1.215 1.6497
7 2.64 2.6342
6 2.9025 2.9009
4 2.61 2.6787
5 0.5325 0.722
6 0.4725 0.5645
6 2.445 2.5275
4 1.9875 1.6044
4 2.535 2.3953
6 1.845 1.4211
6 0.12 0.151
7 2.775 2.701
6 1.26 1.221
7 2.5725 2.6456
4 1.8525 0.9942
5 1.0425 1.0719
6 0.6225 0.4196
4 2.97 2.8822
5 1.7025 1.3221
5 2.145 2.4405
5 1.26 0.9032
7 2.6775 2.676
6 0.255 0.2406
6 2.535 2.6417
7 1.665 1.7418
5 1.4175 1.4663
5 1.995 2.0872
6 2.7975 2.7973
4 2.7375 2.7096
5 0.885 1.0689
5 2.2575 2.0546
7 0.585 0.4636
6 1.1775 1.3156
6 0.3225 0.1922
7 2.8875 2.9011
7 2.625 2.7244
5 0.3675 0.2741
4 2.9325 2.7726
5 2.9925 2.99
7 0.075 0.0715
7 0.7125 0.5783
6 1.7925 1.5167
4 1.7475 0.8884
6 2.355 2.3076
7 0.0375 -0.0049
6 0.3525 0.3457
6 2.2125 2.248
7 2.9925 2.9454
4 2.6625 2.5043
4 0.72 0.5554
5 0.2925 0.2423
4 1.14 0.9295
4 2.8275 2.7065
7 2.9925 2.9675
6 0.36 0.3845
4 1.305 1.8773
5 1.83 1.3231
5 1.5525 1.7055
5 2.865 2.8898
7 2.0775 2.0975
7 2.91 2.9029
5 2.79 2.7105
4 0.9 1.6837
6 2.6475 2.5923
5 1.0725 1.1097
5 1.3275 0.8456
4 2.9475 2.884
5 0.345 0.3465
7 2.775 2.6468
6 0.3075 0.3996
7 2.88 2.922
4 2.1975 1.6628
7 0.6375 0.6917
5 0.195 0.093
4 2.0925 1.5746
4 2.265 2.1602
7 1.8225 1.6802
5 2.1375 1.6268
6 1.23 1.7113
4 2.0475 1.2632
6 2.835 2.7994
7 0.735 0.7725
4 0.975 1.4962
6 1.3725 1.751
7 2.64 2.7737
7 0.8175 0.7982
4 1.4325 1.7356
5 1.275 1.8756
7 0.705 0.6803
7 1.365 1.2253
4 0.6 0.9324
5 0.8175 0.9372
7 2.205 2.0655
4 1.1175 1.562
5 0.2925 0.3747
5 2.7 2.7294
7 0.105 0.1275
7 2.355 2.3554
5 0.87 1.2166
7 1.77 1.8953
4 1.275 1.3169
5 0.2025 0.0969
4 1.95 1.8771
6 1.0125 1.0237
5 0.96 1.8523
6 2.49 2.4622
5 0.27 0.3202
4 1.1625 2.1767
4 2.0325 1.9664
5 2.3775 1.4902
7 0.8475 0.7554
6 1.4325 1.1667
4 1.845 1.4111
7 0.7275 0.8783
6 0.69 0.7207
4 1.9425 1.722
5 2.0475 1.619
5 1.17 1.547
6 1.38 1.5383
7 2.9025 2.8661
4 1.6725 1.8439
5 0.7425 0.9149
4 2.4975 2.6241
7 2.1975 2.2571
7 1.2975 1.5865
5 2.025 1.9988
5 1.1325 1.0464
4 1.5225 1.3406
7 1.5075 1.5834
4 1.5525 1.0167
6 1.3275 1.303
6 1.6725 1.625
4 0.165 0.1492
7 1.56 1.5478
6 1.9875 2.0649
7 1.89 1.6211
4 0.195 0.235
7 0.255 0.2119
6 0.21 0.1835
4 1.7775 1.8648
7 2.1825 2.2381
5 1.4625 1.439
4 1.0575 1.6046
4 2.13 0.9136
6 2.1075 2.2894
5 1.74 1.0835
6 2.8275 2.9212
7 2.265 2.2692
6 0.4875 0.4901
7 2.88 2.8498
4 2.355 2.5009
5 1.455 1.268
4 1.7025 1.4899
5 1.395 1.4997
6 2.025 1.7715
7 1.0425 1.2002
6 0.99 0.7813
6 0.84 1.1177
4 2.265 1.6919
7 0.3975 0.4078
6 1.6425 2.0677
6 0.6375 0.7825
4 0.51 0.5241
5 0.525 0.9384
6 1.05 1.1681
4 0.495 0.6265
4 1.8675 2.2974
7 2.6625 2.7236
4 0.03 0.1094
5 2.6775 2.6794
6 0.1875 0.2004
7 1.4625 1.5813
4 1.1625 1.1636
6 0.8025 1.5234
5 1.9725 1.6249
4 2.9925 2.826
5 0.21 0.1107
6 1.4325 1.5205
7 1.4175 1.5215
7 2.055 2.1063
7 2.685 2.6454
7 2.6175 2.6277
5 1.05 1.1349
4 0.525 0.5508
7 2.01 1.4475
7 1.9125 1.9114
5 0.2325 0.3295
4 1.4625 0.5246
4 2.4075 2.2324
5 0.9675 0.9116
7 1.9575 1.8173
5 0.5925 0.4692
6 2.64 2.668
5 1.05 1.1467
4 0.8325 0.7961
6 2.4825 2.5616
4 0.18 0.0364
4 0.0375 0.2079
5 1.32 1.7668
4 2.2125 1.3883
7 0.21 0.1756
6 0.39 0.3922
6 1.8825 1.9032
7 1.32 1.3905
5 2.9925 2.8448
5 2.385 2.505
4 1.0725 1.4158
7 1.3275 1.4832
7 1.035 1.0965
6 1.83 1.7341
5 0.8775 0.9628
7 0.3675 0.4039
7 0.03 0.0636
4 0.2775 0.8113
6 2.1 1.6407
7 0.8175 0.8081
5 2.445 1.5296
5 1.3575 0.7474
4 1.6875 2.0924
5 0.3 0.4944
4 2.1975 2.1117
4 1.4025 1.7957
5 2.19 1.9872
7 2.97 2.9059
5 0.1275 0.0834
7 2.595 2.5961
4 1.7025 1.2659
4 0.18 0.2487
5 1.215 1.4203
6 2.0175 1.8747
7 1.4925 1.7992
4 0.2775 0.2336
4 2.8575 2.8832
6 1.2675 1.2988
6 0.045 0.0863
4 2.295 0.6863
6 2.7825 2.8014
4 0.5475 0.5596
6 1.365 1.5109
4 0.99 1.5296
4 1.8975 1.9423
5 1.575 1.4405
4 1.8225 1.7331
6 1.7325 1.5739
7 2.91 2.9415
7 1.17 1.3797
5 2.325 2.1806
7 2.64 2.721
6 1.635 1.5758
5 1.4925 1.7372
5 2.0475 1.8394
7 0.375 0.4566
6 0.5175 0.4718
5 1.1025 1.2237
7 2.58 2.6692
5 2.37 2.413
4 1.8525 1.7588
5 2.7975 2.6354
5 0.2625 0.2175
4 2.97 2.8242
7 0.4125 0.4472
4 1.4175 1.9454
7 2.25 2.1909
4 2.94 2.8763
4 2.28 1.4672
6 1.4625 1.5867
5 0.225 0.484
4 0.1875 0.2151
7 1.935 1.7956
4 1.83 1.396
5 0.9225 1.1394
6 2.7675 2.7525
5 2.6325 2.6043
6 0.405 0.4692
4 2.4675 2.44
7 0.825 0.7089
4 1.83 2.4412
6 2.0775 2.1017
4 2.61 2.6214
7 0.9975 0.9675
4 1.3125 0.8525
4 0.5625 0.7014
5 0.3975 0.3493
7 1.1625 1.8564
6 1.02 1.237
7 2.475 2.4238
6 1.845 2.081
4 2.4675 2.6563
5 0.96 1.6039
7 1.8375 1.7167
4 0.6 0.8361
4 1.0725 0.5219
4 2.865 2.8382
7 0.8475 0.8065
5 2.325 2.2461
7 1.5825 1.499
7 0.3525 0.3519
4 1.7325 2.2951
6 0.3525 0.371
5 0.6 0.5595
4 1.8375 1.7387
7 1.7025 1.7538
7 1.2225 1.6438
4 0.18 0.2337
6 0.9675 1.6776
4 2.88 2.8593
7 2.01 1.8452
4 1.14 0.9426
4 2.475 2.1875
4 0.69 1.5046
6 2.685 2.5971
5 1.5 1.2429
5 0.615 0.8033
5 0.12 0.1351
5 2.85 2.8577
4 1.98 1.6463
7 0.87 0.7653
5 0.09 0.0846
5 1.35 1.0764
7 1.1625 1.1237
7 1.6875 2.7352
6 2.8725 2.9686
6 2.7675 2.6926
7 1.8375 1.6041
7 0.7575 1.0002
6 0.4275 0.3849
6 1.0125 1.286
6 2.76 2.7415
4 1.2375 0.605
6 2.475 2.4063
4 1.0275 0.8308
5 0.51 0.5934
5 0.2025 0.1428
4 1.8675 1.7433
7 1.44 1.5532
4 0.4875 0.4657
6 2.49 2.5378
6 1.8 1.1427
7 1.635 1.4004
4 1.7625 0.8847
5 0.96 0.9098
6 0.9525 1.5845
7 0.135 0.1195
6 1.305 1.6802
7 2.775 2.6657
6 1.53 1.9934
4 1.02 1.3469
5 1.5375 1.3101
5 2.3625 2.2894
7 2.1075 2.1891
6 2.9325 2.9506
5 0.9675 0.7481
6 2.115 2.0218
5 0.345 0.2463
4 0.4875 0.5367
6 0.0375 0.0335
4 2.2125 1.453
5 0.0525 0.0853
4 0.1575 0.2037
6 2.625 2.8036
4 0.45 0.607
6 2.25 2.335
4 0.195 0.1683
6 0.7575 0.6695
4 1.05 0.8584
7 0.9225 1.0197
7 1.4475 1.2473
5 2.07 1.418
7 2.1975 2.0717
7 1.8825 1.7107
7 2.9775 2.9685
6 0.0975 0.1626
4 1.44 2.0989
7 2.4525 2.4299
7 2.925 2.9448
6 1.89 1.8437
6 1.815 1.911
6 2.985 2.8392
6 1.6725 1.8319
6 2.6475 2.733
6 1.065 1.1455
5 0.8325 1.3533
6 1.6575 1.533
6 2.1675 1.5219
6 1.74 1.9026
4 2.955 2.8409
7 0.8175 0.8546
7 2.595 2.6353
4 2.37 1.8903
5 2.145 2.018
7 1.065 1.0045
7 1.335 1.1586
7 0.36 0.5138
7 0.795 0.9381
7 0.09 0.1378
4 1.995 1.7957
4 1.455 1.9851
6 1.4475 1.8138
7 0.285 0.2095
7 0.8625 1.0101
7 1.605 1.6624
7 0.1425 0.1648
7 1.77 1.6586
5 1.5825 1.7985
7 2.775 2.7829
5 2.5725 2.5104
4 1.9875 1.2346
5 0.525 0.7558
5 1.335 1.6071
4 0.6375 0.4951
4 0.375 0.6837
6 1.2825 1.4907
6 2.3475 2.257
4 1.0875 1.5799
6 1.8825 1.6231
5 0.09 0.0842
6 0.675 0.8862
6 2.5725 2.6006
7 1.77 1.8387
6 0.0225 0.1591
5 0.1875 0.3756
5 2.58 2.409
7 2.805 2.7392
4 0.375 0.5588
6 2.1 1.9789
5 2.7 2.7136
7 1.755 1.7268
7 0.585 0.5794
4 2.6625 2.7613
7 1.815 2.0013
5 1.545 1.4657
5 2.6925 2.5255
7 2.01 1.9251
7 1.275 1.6396
4 0.255 0.2226
5 0.48 1.1095
6 2.355 2.3506
7 1.29 1.0174
5 1.6425 1.6897
7 0.915 0.8573
5 2.8725 2.9411
7 1.4775 1.2833
4 1.5075 1.6588
6 2.19 2.0635
7 0.75 0.6292
6 1.8975 1.9293
4 0.51 0.7549
5 0.4875 0.3486
6 2.8425 2.8144
5 1.3575 1.4418
4 0.06 0.0007
5 2.7075 2.6147
7 0.9075 1.0066
6 0.645 0.636
5 0.87 1.3469
6 0.765 0.754
6 2.3775 2.225
5 0.9525 1.0767
7 2.085 2.1318
6 2.07 1.721
5 0.615 0.7019
4 1.53 0.8477
7 2.0925 2.0956
5 1.86 1.3412
7 1.3425 1.0925
6 1.02 0.9821
7 0.915 1.0865
7 0.435 0.4756
6 2.4075 2.3132
6 0.375 0.3741
5 0.735 0.9973
4 0.2925 0.7261
7 0.15 0.008
6 0.3375 0.4553
6 2.7525 2.7565
5 2.73 2.7075
5 1.53 0.8614
4 2.295 1.957
6 1.74 1.5383
6 0.15 0.1458
5 1.635 2.1663
5 0.57 0.7167
6 2.9475 3.0036
5 1.6725 2.1051
7 0.3525 0.3749
6 2.4 2.4826
7 0.405 0.5099
4 2.835 2.8374
7 2.43 2.5548
5 1.08 1.3003
7 0.315 0.3341
5 2.64 2.6216
6 1.575 1.7198
7 1.2075 1.2676
7 1.7925 1.9236
7 1.08 1.3031
5 2.01 1.649
5 2.025 1.7658
7 0.42 0.4569
5 0.3825 0.3377
5 2.73 2.5058
5 1.8675 1.621
4 1.0575 1.7592
5 0.8025 0.7608
5 0.36 0.3341
5 1.6425 1.2189
6 2.6625 2.7477
5 2.505 2.4087
7 1.8075 2.0221
6 0.99 1.3353
5 1.2675 1.4889
4 2.13 1.9837
4 2.445 2.114
7 2.8425 2.9202
7 2.13 2.1618
6 1.2 1.5991
7 0.5175 0.5583
6 2.4675 2.5558
7 0.0825 0.2809
5 2.085 1.8975
7 2.34 2.4301
4 2.2275 2.1464
6 0.6975 0.7761
4 0.1575 0.1624
6 1.6125 1.6915
5 0.525 0.5477
4 1.875 2.0063
5 0.54 0.4858
6 2.0625 1.9864
5 1.815 2.4257
4 1.4775 2.3154
6 1.0125 0.8802
7 1.065 1.2516
6 2.3325 2.3826
4 1.9425 1.4997
5 2.1225 2.2907
6 0.3675 0.4825
7 1.635 1.4626
6 1.86 1.8955
7 2.085 2.0588
4 0.825 0.4958
6 1.905 1.8713
5 1.515 1.7319
6 1.29 1.377
4 1.7025 1.3558
6 1.5375 1.7328
5 0.15 1.8652
6 0.465 0.5502
7 1.5075 1.8424
4 2.2725 2.3613
7 2.1975 2.2234
4 1.41 1.7467
4 1.155 1.4582
7 2.22 2.2458
5 2.5125 2.6051
4 2.58 2.624
7 0.75 0.6351
4 0.765 0.6655
5 1.89 1.7946
7 0.5925 0.5732
7 2.4075 2.3695
5 2.6175 2.3259
5 0.18 0.1287
4 0.2325 0.3532
6 2.1825 2.0327
5 2.8575 2.962
4 1.8675 1.9788
6 0.255 0.3109
7 0.555 0.5067
7 2.8425 2.7962
4 2.9475 2.857
4 1.59 1.7962
5 2.835 2.8114
4 1.1925 0.8055
7 2.0775 2.0033
4 0.6675 0.6142
7 1.0575 0.9025
7 2.1825 2.1537
6 2.73 2.8155
5 2.2875 2.1484
6 1.14 0.9604
5 0.69 0.7766
7 1.965 1.8302
5 0.12 0.0879
4 1.1175 1.0682
4 2.715 2.8784
6 2.535 2.3775
4 0.51 0.6031
5 1.0875 1.1298
7 1.71 1.6095
4 1.8975 1.692
5 2.55 2.4459
4 0.795 2.1083
7 1.845 1.6113
5 1.3275 1.2653
7 0.315 0.3055
7 2.3175 2.4622
4 2.265 1.5607
4 2.52 2.3405
4 0.105 0.0602
6 1.4025 1.2476
4 0.195 0.2426
5 0.6075 0.6366
7 1.71 1.3179
5 2.34 2.036
6 2.97 2.8726
4 2.49 2.5504
5 1.26 1.3931
7 1.5375 1.5585
7 0.975 1.3407
7 0.075 0.0544
4 1.38 2.3101
5 1.56 1.3622
5 0.5775 0.6501
5 0.4725 0.6247
6 0.3075 0.2802
5 0.1275 0.1872
7 0.165 0.2356
6 0.7275 1.0986
7 0.63 0.6126
4 2.9625 2.8475
7 1.1325 1.1623
4 1.3875 1.7034
6 1.215 1.9541
5 0.6375 0.8297
7 1.875 1.6793
4 2.4075 2.5354
6 0.975 0.8993
4 0.42 0.2578
6 0.6525 0.6537
6 2.4975 2.462
6 1.38 1.664
5 2.9175 2.8583
4 2.1075 2.1421
5 0.735 0.9602
4 1.335 1.4933
4 0.0225 0.1217
4 1.4025 1.1623
5 2.0475 1.6859
7 2.9475 2.908
7 0.9825 1.2251
5 0.015 0.1825
4 1.3275 2.1024
5 2.445 2.2148
7 1.8075 2.0447
6 0.2775 0.4476
4 2.6025 2.5844
5 2.97 2.9161
7 1.6725 1.8571
5 2.805 2.7657
4 0.615 0.4184
7 0.96 0.8779
6 0.315 0.3284
4 0.945 0.9778
4 1.545 1.7594
7 0.7125 0.7619
5 0.4875 0.4045
6 1.2825 1.7207
5 2.7975 2.7669
6 0.915 1.1402
4 2.6475 2.7513
4 2.7825 2.573
6 1.7925 1.433
5 2.34 2.0153
5 2.8125 2.7826
5 0.54 0.6416
6 2.5425 2.6159
5 1.4475 1.9445
7 1.5975 1.6008
5 1.7025 1.7249
7 1.3575 1.7015
5 2.8275 2.6848
7 1.71 1.995
7 1.2525 1.6681
5 1.3275 1.241
5 1.3275 1.7541
5 1.1625 1.3406
6 2.85 2.6885
4 2.4675 2.4137
6 0.585 0.6105
6 0.465 0.3773
4 2.2875 1.9794
6 2.145 2.2006
6 2.9175 2.8618
7 1.8075 1.6865
5 0.5025 0.44
6 1.2525 1.3018
7 0.6975 0.8058
5 2.67 2.7517
6 1.545 1.5477
6 2.85 2.8274
7 2.3025 2.2477
7 1.68 1.7051
5 2.9475 2.9996
5 0.705 0.5909
6 0.4575 0.5702
5 0.4275 0.3615
5 0.9675 1.7713
5 1.935 1.7355
4 0.03 0.0707
4 0.9 1.5413
6 0.0675 0.1207
5 2.535 2.6018
4 0.0825 0.1715
6 1.5225 1.3324
7 2.8425 2.8864
4 2.625 2.481
7 0.465 0.4141
6 0.3 0.2982
7 1.8825 1.6146
6 1.41 1.4612
7 1.98 2.2477
7 1.92 1.8691
6 1.11 1.8343
7 1.38 1.2287
6 2.8875 2.9675
4 2.0775 2.103
5 0.18 0.1419
7 2.565 2.6471
5 0.42 0.4367
4 0.5625 0.3513
5 1.0125 1.4415
7 0.6825 0.787
7 2.07 2.0367
7 1.905 1.756
6 1.785 1.434
4 1.635 1.848
7 2.7 2.7599
7 1.98 1.846
4 0.135 0.0826
7 0.0525 0.0399
6 0.5925 0.5902
4 1.1625 1.2334
4 0.2625 0.1942
5 2.6625 2.4666
4 1.2825 1.6173
6 0.2475 0.299
5 0.54 0.3898
7 2.925 2.9344
5 0.0375 0.0153
4 2.385 2.395
5 0.9675 1.1823
5 0.0 -0.037
5 2.2575 1.7353
5 1.545 2.0176
7 0.0675 0.1506
7 1.5225 1.5457
5 0.2775 0.2909
6 0.7425 0.8334
7 2.3175 2.2802
5 2.2725 2.3309
5 2.445 2.4236
7 0.93 0.9977
7 0.435 0.453
5 1.0875 0.8884
4 0.3075 0.733
4 2.985 2.8864
7 0.1425 0.1432
7 1.0275 1.0208
7 0.03 0.013
4 1.5675 1.6554
7 2.07 2.0392
4 1.2375 1.6311
5 1.0275 1.6179
7 0.075 0.1118
7 2.2725 2.2635
6 2.7 2.7014
5 1.7175 2.1125
5 0.6 0.608
4 2.8425 2.7325
6 0.525 0.6267
5 2.7975 2.7367
5 0.135 0.1735
4 0.9525 0.9817
7 0.765 0.7309
4 1.8 1.6925
7 0.8175 0.9767
7 0.0375 0.0193
5 2.16 2.112
5 2.0625 1.3929
4 0.51 1.5481
5 1.8675 1.8523
4 0.69 1.0204
5 0.7425 0.7972
6 2.1525 2.0538
6 0.9225 0.928
5 0.8175 0.614
7 0.3225 0.3556
5 2.805 2.9273
5 2.8575 2.8397
5 2.295 2.0557
7 0.735 0.7673
7 1.89 1.6019
5 0.4425 0.2526
7 2.3775 2.2004
6 2.13 2.1063
4 0.045 0.168
7 1.5525 1.502
4 1.665 1.5443
4 1.8675 2.0217
5 1.2225 1.1213
4 1.17 1.2091
4 0.6675 0.6844
6 0.8625 1.0287
6 0.915 0.8184
7 0.8175 0.7751
7 0.2325 0.2447
4 1.635 1.0755
5 1.4475 1.5152
6 2.88 2.8636
7 0.7875 0.8668
7 2.2275 2.0945
5 2.55 2.3619
7 2.2275 2.1396
5 2.67 2.4982
4 0.975 0.7747
5 2.43 2.5819
4 1.335 2.0543
4 0.6075 0.7024
4 1.5225 1.4497
4 2.9325 2.9994
5 1.0275 1.344
6 0.87 0.9226
7 0.5325 0.5127
4 0.9675 1.3729
6 0.6975 0.7805
6 0.09 -0.0045
7 1.3725 1.3533
5 1.08 1.2024
7 0.63 0.7002
4 1.5525 1.1153
4 2.3925 1.9806
4 0.15 0.0594
6 1.56 1.2781
7 2.715 2.7634
6 0.8925 0.733
7 1.4475 1.4225
5 0.18 0.3652
7 1.11 1.0923
5 0.855 0.9613
6 2.28 2.0113
4 1.3425 1.5733
6 0.495 0.5247
6 1.4025 1.7888
6 1.05 1.5027
4 2.04 1.1499
5 2.58 2.6248
7 0.78 0.5974
4 0.33 0.2321
4 1.9275 1.9733
4 1.3725 1.8486
7 1.6875 1.2355
6 0.7425 0.7794
7 2.565 2.5415
7 1.7025 1.4889
4 2.2575 2.4266
4 2.6775 2.74
4 1.815 1.5908
5 0.15 0.2246
4 2.7525 2.8424
4 1.3425 1.7589
6 1.965 1.8341
7 0.405 0.4568
7 2.3175 2.2587
6 0.1575 0.1547
4 2.4525 2.369
6 0.5175 0.453
4 2.8575 2.8261
4 0.2025 0.3536
4 1.7775 1.0571
4 0.0825 0.1313
4 1.5975 2.0315
5 2.9475 2.7748
5 1.9275 2.0049
7 2.73 2.6684
5 1.17 1.7811
4 0.1875 0.2181
5 0.9975 1.1687
5 2.28 1.979
4 0.375 0.2466
5 1.2825 1.156
5 0.7725 0.7075
4 2.5275 2.0376
4 2.685 2.4855
6 1.5075 1.1216
4 0.9825 1.4376
6 0.0825 0.123
4 0.21 0.2742
6 0.5775 0.4622
6 2.4975 2.3927
7 1.0575 0.9702
4 2.4525 2.1997
4 0.0 0.1111
5 1.86 1.3316
7 2.1225 1.9607
5 2.07 1.535
4 0.795 0.6613
7 0.5625 0.5661
7 0.795 0.7809
7 1.17 1.4212
6 1.5825 1.3121
4 1.2375 1.0592
7 0.3825 0.3852
5 0.78 1.016
7 0.99 1.3295
4 1.47 1.3361
5 2.4075 2.4279
7 2.5125 2.5312
7 2.1075 2.0076
6 1.4475 1.4724
5 2.3175 2.4186
4 2.715 2.5564
7 2.085 2.0935
7 0.045 -0.0087
4 2.595 2.295
7 0.3975 0.4418
6 1.5525 1.6589
7 0.0675 0.0228
7 1.74 1.6082
6 0.165 0.2644
5 0.9825 1.0262
6 1.74 1.5712
4 2.6625 2.7529
6 0.7425 0.8878
5 2.31 2.1306
7 1.59 1.716
7 0.15 0.1484
6 1.7325 1.4189
4 2.3625 2.2497
4 2.7525 2.7797
7 0.75 0.8792
4 1.7625 1.3259
6 0.3375 0.3281
6 2.5575 2.6459
7 1.5075 1.647
6 2.6775 2.6886
5 0.855 0.6419
4 0.735 1.6298
5 2.4975 2.3444
4 0.72 0.7157
5 1.635 1.7185
5 2.1375 2.1283
7 2.3175 2.2563
4 2.955 2.8253
5 1.14 1.9014
6 2.1 2.0362
4 0.2175 0.3311
5 0.84 0.7546
5 1.83 1.8524
4 0.6225 0.6752
7 0.06 0.0275
7 0.2625 0.2541
5 2.22 2.2002
5 1.0425 0.9267
7 2.0775 2.0257
4 2.9175 2.9301
7 1.005 0.858
6 0.855 0.6176
5 2.4825 2.595
6 2.5425 2.5722
7 0.5175 0.4752
5 1.83 1.7708
4 1.3575 1.5171
6 1.0875 1.5125
4 1.9125 1.1931
7 2.01 1.8091
4 1.9575 2.0782
4 2.9175 2.6805
4 1.9125 1.878
6 1.665 1.2785
7 2.88 2.7978
4 1.335 1.5956
6 0.2775 0.3179
7 2.49 2.48
5 0.96 0.7699
4 0.0675 0.2024
7 0.1875 0.1413
6 2.1225 2.1705
4 2.0625 1.5526
4 1.845 1.9513
4 2.0625 2.2
6 1.5375 1.4147
7 0.7575 0.8839
7 1.0275 0.9077
4 2.715 2.6979
6 1.0275 1.0029
6 2.61 2.6656
7 1.32 1.2565
7 1.3575 1.4275
5 1.68 1.016
6 0.8775 1.3107
5 1.755 1.8586
4 0.7425 1.1991
5 0.42 0.4896
6 1.365 2.0789
6 1.8075 1.9672
5 1.9275 2.0604
7 1.875 1.7461
6 1.665 1.3437
6 0.1125 0.0594
5 2.13 2.0013
4 2.445 2.5268
7 2.7675 2.745
7 2.8275 2.8219
7 2.565 2.5451
5 2.115 1.7081
7 0.855 0.9787
7 0.885 0.8948
6 2.1825 2.1792
5 0.3375 0.3842
7 2.5575 2.5981
5 0.4125 0.2205
4 1.95 1.8026
6 2.985 2.8123
6 1.8375 1.8272
7 1.935 1.828
4 1.17 2.1188
5 1.35 1.152
5 1.7175 1.7267
4 0.9225 0.7351
7 0.105 0.1501
6 1.2225 1.3232
4 1.365 0.7772
7 2.34 2.341
7 2.535 2.6147
6 2.865 2.9135
4 0.855 0.7476
7 2.3325 2.4333
5 0.27 0.288
5 1.83 1.1245
5 2.7375 2.8105
7 2.3625 2.2113
5 0.4575 0.5408
5 1.2075 1.6178
4 1.4325 1.1166
5 0.195 0.2099
4 2.7075 2.8146
4 1.5975 1.684
7 1.8 1.7099
4 1.2825 1.7537
4 2.1525 2.1518
6 1.515 1.1843
5 0.81 0.9317
5 2.7225 2.5228
6 1.635 1.4994
5 0.795 0.9335
6 1.9275 1.9942
7 1.4325 1.0877
6 1.68 1.4465
7 2.835 2.8071
4 2.445 2.5794
4 2.7675 2.4777
6 1.0725 1.2952
7 2.2875 2.245
5 1.74 2.0136
5 0.255 0.2285
6 0.3825 0.2332
7 1.5975 1.4174
5 2.445 2.3992
6 0.06 0.1013
4 2.865 2.8415
5 2.5575 2.4061
4 1.755 1.3129
7 0.54 0.6293
5 2.1225 2.085
4 1.14 1.5948
6 1.2225 1.4813
7 2.6325 2.5802
7 0.8025 0.8294
4 0.6525 0.4139
4 1.56 1.5392
4 2.2275 2.3488
5 1.0275 1.0961
7 1.95 1.8828
6 0.3225 0.3774
7 0.225 0.2246
7 1.905 1.8248
5 1.7325 1.8083
4 2.2575 1.9316
7 2.0175 2.0111
4 0.9375 1.3757
4 2.37 2.0311
6 0.1725 0.1207
7 1.8225 1.5697
4 0.93 0.6651
6 0.03 0.1596
7 0.135 0.0575
5 0.3225 0.2575
7 1.0725 1.4829
7 2.8725 2.916
6 1.7175 2.0206
5 1.32 1.609
6 2.595 2.5783
4 2.0025 2.0325
7 0.585 0.5105
6 0.45 0.5136
4 2.025 1.8387
6 0.3825 0.4564
4 2.7225 2.702
7 2.595 2.4894
5 0.0675 0.1815
7 1.1175 1.243
4 0.6075 0.9213
6 2.235 2.0886
5 2.9625 2.8646
7 2.355 2.3895
5 1.3725 0.9155
4 1.83 1.9335
4 2.8125 2.5958
4 1.59 1.5459
7 1.5825 2.0918
6 1.395 1.1552
4 1.8675 1.2042
5 1.1025 0.7785
6 1.44 1.2567
4 2.2425 2.4767
7 1.56 1.5168
4 2.5725 2.5808
4 1.02 1.0296
7 1.6425 1.4025
7 0.4575 0.3728
7 1.185 1.5454
5 0.54 0.6779
5 2.4 2.2683
7 1.83 1.7175
4 1.1175 0.5008
7 0.855 1.0127
6 0.2925 0.1546
6 1.9125 1.8965
5 2.565 2.7028
6 0.315 0.2967
5 1.5 1.6833
5 1.35 1.3751
5 2.8425 2.7849
6 2.8425 3.0372
5 2.4975 2.47
5 0.2175 0.2852
4 1.485 0.9333
6 1.815 1.6783
6 0.4875 0.53
4 0.285 0.3304
4 0.21 0.2638
5 1.3275 1.5112
7 1.2975 1.1916
6 0.105 0.1491
4 0.3075 0.2802
7 1.71 1.823
6 0.975 1.1749
5 2.37 2.4781
5 2.1675 2.1784
4 1.6725 1.4069
6 0.9675 0.9705
6 0.555 0.7287
5 2.7975 2.6648
4 1.6725 2.1293
6 0.555 0.5575
5 1.6575 1.74
4 0.045 0.1021
4 1.41 1.0074
7 1.725 1.8783
6 0.345 0.3169
4 1.9725 2.3384
6 0.4275 0.3897
4 1.62 2.2342
6 2.76 2.8248
4 2.265 1.2132
4 2.175 2.2519
7 1.3125 1.7985
4 2.7375 2.7281
7 1.635 1.701
6 0.06 -0.0366
7 1.3875 1.4371
5 2.5275 2.6101
4 2.685 2.8264
7 1.155 1.4742
6 1.755 1.6523
5 1.0125 0.8818
5 0.285 0.4798
7 1.995 1.8042
7 0.2475 0.161
4 1.9125 1.5577
5 1.4625 1.1103
5 1.9425 1.7848
5 0.5325 0.3901
7 0.69 0.5884
4 1.1925 1.6722
5 2.5125 2.2563
4 2.3775 2.0746
4 2.625 2.9197
4 1.305 2.1016
6 1.53 1.1842
7 0.0375 0.0322
4 2.7525 2.6656
7 0.18 0.1191
7 1.755 1.763
4 0.2775 0.4011
6 0.6225 0.6797
7 1.8975 1.8207
4 1.9725 1.6328
5 2.2875 2.4266
6 0.3075 0.3249
5 1.8525 1.2551
4 1.8375 1.8219
4 1.4775 1.3103
7 2.595 2.5151
7 2.235 2.2407
6 0.975 0.8761
6 2.4225 2.4757
6 1.5675 1.623
5 2.1975 2.0303
5 0.3225 0.3613
6 0.69 0.7653
5 2.07 1.4571
4 1.5 1.0413
5 2.685 2.5712
5 1.83 1.3652
6 1.4325 1.6112
7 0.72 0.7563
7 2.2425 2.1389
6 2.1525 2.2388
4 0.2775 0.0759
6 1.275 1.3662
7 2.4975 2.5137
5 2.355 2.5185
4 1.095 1.7144
7 2.3925 2.3233
5 1.545 1.9523
5 0.51 0.4856
5 1.0125 1.0142
5 1.47 1.6084
4 2.1525 2.0017
4 1.065 2.2155
4 2.3175 2.3783
5 0.6375 0.5749
4 2.1375 1.8802
5 2.7525 2.7278
5 2.6025 2.4794
5 2.115 1.7416
4 1.02 0.7834
7 0.69 0.647
5 2.04 2.0714
7 2.1975 2.303
6 2.37 2.2076
6 2.715 2.7585
7 2.7375 2.8247
7 0.72 0.7297
7 1.05 0.939
6 1.815 1.589
4 0.4575 0.3317
5 1.5825 1.9273
5 2.295 1.6844
7 1.47 1.5157
5 0.945 0.6833
4 0.6525 0.3302
4 2.1375 2.3461
7 0.135 0.1847
4 2.1075 2.1788
7 1.02 1.0624
5 0.6525 1.062
5 1.71 1.5471
4 0.48 0.7415
6 1.8975 1.3752
7 0.0675 0.0233
6 0.54 0.6451
6 0.42 0.2664
7 2.745 2.6429
5 0.4125 0.747
4 0.84 0.9216
4 1.4325 2.3059
4 2.2875 2.4013
4 0.75 0.9228
7 1.9575 1.5039
7 0.36 0.3447
4 0.5925 0.5322
7 0.795 0.8484
4 1.905 1.328
6 0.045 0.0528
5 0.8025 0.7626
6 1.4025 1.4535
7 1.7775 1.8318
4 2.175 2.2012
5 2.8875 2.8943
5 2.88 2.9835
5 1.62 0.7065
7 2.1975 2.2288
4 1.6725 2.2577
4 2.1225 1.8548
4 0.7875 0.8516
5 1.3425 0.948
5 1.575 1.1213
7 1.41 1.6839
5 1.3575 1.2695
6 2.685 2.5937
7 2.925 0.46
6 2.8575 2.8385
7 0.3825 0.3489
4 1.305 2.0651
4 1.7475 0.9211
5 2.3925 2.3844
7 1.3425 1.515
4 0.57 0.8719
7 2.31 2.3757
7 2.7075 2.6903
7 0.2625 0.1492
5 2.5875 2.7773
6 2.5875 2.551
6 0.0975 0.1055
6 2.9925 2.9165
6 0.81 1.0933
4 1.2375 1.0249
4 2.1825 2.1256
6 1.1775 0.9192
6 1.905 2.0343
4 1.035 1.3903
6 0.015 0.0123
5 0.7875 0.5756
7 1.455 1.2942
7 1.5225 0.9736
4 2.91 2.834
7 0.0225 0.0119
5 1.9725 0.9404
7 0.03 0.0161
5 0.1275 0.2476
4 1.26 1.8065
4 0.0075 0.1341
5 2.835 2.6166
4 2.76 2.8464
6 1.4025 1.7099
5 1.4325 1.4614
4 0.9375 2.0556
7 0.9375 1.0412
7 0.855 0.9054
4 1.9875 1.8665
4 1.3575 1.9142
4 0.87 1.7622
4 0.3375 0.4321
6 1.905 1.6728
7 2.595 2.6986
6 1.9575 1.9059
6 2.55 2.6509
4 2.49 2.8277
6 1.365 0.8521
5 2.3475 2.0377
5 2.025 1.6253
5 1.2375 1.4582
4 0.0975 0.2055
4 0.0 0.1696
7 0.2775 0.3696
7 0.1275 0.2
6 1.485 1.7906
5 0.255 0.1547
4 0.6375 0.5193
6 1.7775 1.2761
7 0.06 0.0147
4 0.75 1.4314
5 0.1725 0.2679
4 0.06 0.1199
4 2.4075 1.6551
7 2.61 2.6853
4 1.725 1.5798
7 2.8725 2.8374
5 0.585 0.5061
5 0.7875 0.9111
4 2.7375 2.5537
5 0.8475 1.6291
6 1.0425 1.4373
4 1.7025 1.6161
6 2.3775 2.4218
7 0.705 0.7667
7 2.1225 1.9534
4 1.4925 0.9898
7 0.3225 0.3174
6 0.285 0.2737
6 1.3125 1.5704
7 1.2375 1.2088
7 0.1875 0.0332
6 1.8375 1.8997
5 0.3825 0.5093
5 0.24 0.1496
7 1.6125 1.757
4 1.0125 1.084
6 0.105 0.0438
4 2.4825 2.8734
7 2.445 2.3693
4 0.6525 0.5442
5 0.9 1.601
6 0.7425 0.7835
5 2.115 2.1423
7 1.815 1.9107
4 1.4925 1.8361
5 2.3475 2.3225
6 1.3875 0.9115
4 0.4425 0.7097
5 2.76 2.8518
5 1.2675 1.4723
7 2.67 2.6518
5 2.925 2.9874
5 2.775 2.5348
4 0.645 0.5994
6 2.9925 3.0183
4 2.01 1.3209
6 0.36 0.283
7 0.795 0.7994
6 2.1375 1.787
6 1.7325 1.5625
4 1.3275 1.7353
7 1.2225 1.7832
7 1.395 1.3711
5 1.47 1.016
4 2.7375 2.542
6 2.2125 1.9136
6 0.39 0.3582
5 0.5175 0.7319
4 0.0225 0.137
7 1.26 1.6908
5 2.1225 2.0532
5 2.5275 2.2136
5 1.1775 1.6998
4 1.14 1.6507
5 0.585 0.4941
7 2.52 2.5467
7 2.6475 2.7588
6 0.99 0.9154
7 1.605 1.8843
4 1.53 1.2288
5 1.2675 1.557
4 2.2275 2.3579
4 0.09 0.2105
4 0.7725 0.7266
6 1.005 1.0459
6 2.9775 2.939
5 1.4775 2.3319
7 2.745 2.6764
4 1.6575 0.6037
6 0.645 0.8351
7 1.245 1.4445
4 1.425 1.5776
7 1.7325 1.3574
7 2.0325 2.1304
6 1.2825 1.1535
6 0.3675 0.3389
7 1.4025 1.4305
7 1.1625 1.0154
4 1.8375 1.9372
7 0.7575 0.9491
5 1.32 2.0726
7 0.8475 1.0024
6 2.115 2.1856
5 1.8075 1.8578
5 2.3925 2.1442
6 1.1175 1.0728
4 0.8925 1.5887
7 1.545 1.5719
6 2.7675 2.8039
4 0.2775 0.2677
4 1.185 1.3168
5 0.0375 0.0755
5 0.7125 0.9023
4 0.9 0.9551
4 1.965 1.0105
5 0.75 0.747
4 0.6225 0.879
7 2.7075 2.6848
6 0.7425 0.6595
5 0.3975 0.4758
7 2.97 3.0066
6 1.3875 1.4046
4 2.97 2.79
7 1.4325 1.4935
5 2.8575 2.9384
6 2.3925 2.5733
7 1.275 1.2314
7 1.935 1.5328
7 2.49 2.4685
6 0.3 0.3125
6 2.34 2.4348
7 1.26 1.6966
7 2.85 2.8396
6 0.06 -0.0196
4 0.3825 0.56
6 2.7975 2.8747
5 1.6275 1.4791
7 2.175 2.145
7 1.9275 1.7456
5 0.7125 0.8621
6 2.865 2.8565
4 2.28 2.5483
6 1.3875 1.2786
7 2.475 2.5341
4 2.055 2.1149
6 2.1975 1.885
6 0.09 0.069
7 0.6 0.6239
7 2.1825 2.1527
5 2.2275 1.791
6 1.335 1.5929
4 0.12 0.318
6 1.26 1.1613
5 1.6425 1.2489
5 2.0625 2.1823
6 2.805 2.831
7 0.48 0.4933
6 0.18 0.1538
6 1.92 1.4054
7 1.395 1.487
4 2.7675 2.754
4 0.4875 1.3029
5 0.9825 0.7919
6 1.4475 1.381
7 0.255 0.2645
5 0.63 0.7019
4 2.775 2.7454
4 2.79 2.7282
4 1.3125 1.0575
4 1.4025 1.3636
5 2.0925 2.0282
4 0.525 0.4123
5 0.975 0.7922
6 2.175 1.963
5 2.91 2.9331
4 0.6 0.6629
6 2.565 0.4046
5 0.3225 0.3338
5 0.9825 1.4489
6 2.9925 2.9545
4 1.5525 2.0789
6 0.2625 0.2051
4 1.23 2.1696
7 2.8425 2.7456
4 2.16 2.2881
6 1.7775 1.8788
7 0.045 0.0892
6 1.8225 1.6305
4 1.3275 2.2102
5 0.57 0.4537
6 1.275 1.6113
6 1.9275 1.6553
5 0.975 1.0936
7 0.3375 0.3971
7 2.58 2.4541
5 0.8025 1.1777
6 0.9075 0.9514
7 0.6375 0.5811
4 1.2 1.7943
7 0.6975 0.674
5 1.755 1.5292
7 2.0475 2.1058
4 1.4775 2.1803
7 2.25 2.1286
4 0.42 0.3492
7 1.9875 1.6002
4 1.2825 1.9175
7 1.4325 1.6138
7 0.5175 0.5368
5 2.91 2.9672
7 2.7525 2.8272
4 1.29 2.2134
4 0.0 0.1204
6 2.535 2.6266
5 1.35 1.0541
6 1.0275 1.0165
7 1.5975 1.3847
6 1.4025 1.2212
6 1.9575 2.1247
4 1.3425 1.4928
7 0.24 0.1506
5 0.0375 0.1049
4 2.1075 2.2094
4 1.1625 0.9847
5 0.2775 0.2815
4 0.525 0.4392
7 2.04 2.1207
7 0.4275 0.2982
5 0.645 0.9414
6 1.4925 1.6184
6 1.2375 1.4156
5 2.3025 2.4942
6 0.63 0.7696
4 2.025 1.4951
7 0.72 0.6327
7 0.285 0.2888
7 0.27 0.153
6 1.29 1.543
5 2.3175 2.441
7 2.265 2.3938
4 0.5325 0.4545
6 1.455 1.9554
6 0.4725 0.5387
6 2.115 2.2042
4 1.23 2.0752
4 2.985 2.8763
4 0.57 0.6043
6 1.6425 1.9476
5 1.3275 1.4978
6 0.135 0.0984
5 2.8575 2.9506
5 0.285 0.4239
7 0.45 0.4667
7 2.61 2.5915
6 2.9625 3.0022
7 1.7475 1.3833
4 0.8175 1.9197
7 0.99 1.0967
5 2.4975 2.4961
4 1.0275 1.4903
4 0.2025 -0.016
5 0.54 0.6574
6 2.3025 2.3526
6 0.855 1.0285
7 0.5175 0.4779
6 1.02 1.1063
7 2.4525 2.3908
6 0.9 0.844
5 2.385 2.4431
5 0.0675 0.0004
5 2.5875 2.5066
7 1.6425 1.6092
6 2.0625 1.9729
4 1.695 1.012
4 0.5625 0.7381
7 0.5775 0.4936
5 0.21 0.0975
7 1.26 1.1807
4 0.9225 1.4531
6 2.31 2.1972
7 2.6175 2.6689
5 0.78 0.9952
5 0.4275 0.3285
6 0.1425 0.1589
4 1.065 1.0485
6 1.0125 1.4638
7 1.9425 1.6034
6 2.5425 2.5709
7 2.91 2.9081
4 0.36 0.2768
7 2.3475 2.4463
4 2.4825 2.4755
7 2.0775 2.1317
4 1.35 1.277
6 1.635 1.4991
7 1.02 1.6069
4 2.745 2.8325
7 2.8725 2.8494
4 2.3025 1.8044
5 2.1075 2.2552
4 2.1375 2.4039
7 0.63 0.6517
7 1.17 1.4809
4 2.1525 2.3508
4 2.475 2.3915
6 0.6975 0.7326
4 2.3925 1.8978
5 2.295 1.8462
6 1.6575 1.4853
7 0.105 0.0739
4 1.9125 1.7519
6 1.41 1.3963
5 1.9725 1.7253
6 2.5725 2.6048
5 1.17 1.1312
7 1.02 0.9113
5 0.75 0.727
4 0.765 0.8647
4 2.9325 2.8987
5 1.92 1.6625
6 0.1125 0.1565
6 1.5075 1.5749
7 1.3425 1.4968
7 0.1575 0.1819
6 0.105 0.0071
7 2.34 2.4846
5 0.0525 0.1249
7 2.835 2.7784
7 1.62 1.6756
6 1.8075 1.5158
5 1.305 1.1337
4 0.225 0.2894
4 0.2625 0.159
5 0.0225 0.1388
7 2.025 1.894
4 0.69 1.2751
4 2.58 2.8078
5 2.3925 2.4222
5 2.4075 2.5688
6 0.66 0.7868
7 1.6275 1.3889
7 1.14 1.1835
6 2.385 2.3731
6 2.52 2.5403
4 1.2075 1.5311
7 2.9325 3.0018
5 2.85 2.9065
5 2.5575 2.54
5 1.56 1.4365
4 2.985 2.8501
7 1.68 1.1684
5 0.9075 1.5127
6 1.8 1.5518
7 0.8025 0.8118
4 1.59 0.4948
4 2.475 2.2862
4 2.8275 2.8082
5 1.755 1.9549
7 2.19 1.9783
6 2.7225 2.8046
4 2.6325 2.4609
6 0.285 0.4334
4 1.455 0.8905
7 0.87 0.7827
7 1.965 1.6517
6 1.1025 1.7977
6 2.3175 2.4042
7 1.8075 1.6716
7 2.0325 1.9276
4 0.0075 0.0887
4 1.5 0.9741
5 1.0275 1.6692
5 0.5325 0.6949
6 0.12 0.0782
5 1.005 1.0314
5 2.385 2.4013
4 0.45 0.4644
5 0.855 0.7591
6 0.1425 0.2693
7 2.3475 2.3083
6 0.51 0.5266
5 2.9925 2.9699
4 2.1975 2.6463
7 2.9175 2.982
6 2.3175 2.392
7 2.2575 2.2181
4 1.77 1.7562
6 1.335 2.1299
4 1.9575 1.72
4 0.855 1.5965
6 2.6025 2.6791
5 2.7975 2.7675
4 1.8825 1.2966
6 1.9575 1.6532
6 1.2 1.0772
4 0.4875 0.9492
5 1.2 2.0534
4 1.2825 1.6616
7 2.01 2.0289
5 2.94 2.9777
5 2.52 2.6237
7 2.9925 2.9486
7 2.0625 1.9169
5 2.07 2.3257
7 1.7175 1.8807
5 2.4975 2.3491
4 0.36 0.3196
7 0.96 1.1182
6 0.33 0.2862
6 1.53 1.4617
5 2.73 2.6165
7 1.29 0.9297
7 0.63 0.6002
4 1.65 1.0083
4 0.2775 0.3714
6 0.69 0.6376
6 1.3725 1.3543
4 1.14 2.158
7 2.355 2.2637
5 0.195 0.1975
5 1.0575 1.5355
4 2.7 2.7648
6 0.9375 0.9593
7 0.315 0.3014
4 0.9 1.1064
5 2.7675 2.7033
6 1.98 2.0338
6 2.3625 2.3341
5 2.5125 2.3582
7 0.015 0.0775
6 2.9025 2.9435
4 1.9725 1.7515
5 0.3825 0.4032
5 2.4825 2.5093
6 1.17 1.5207
4 0.24 0.5394
6 2.415 2.1235
7 0.2925 0.3047
7 2.01 1.7569
6 0.51 0.6091
6 1.125 1.5204
5 1.08 1.0016
4 0.5175 2.1427
6 2.0325 1.5211
7 2.6475 2.6174
6 2.2725 1.9985
7 1.545 1.581
5 0.2475 0.2834
7 1.3725 1.4525
7 0.9975 1.2108
4 2.3925 2.4175
6 2.8575 2.8691
6 0.4725 0.5139
5 0.4875 0.3595
5 2.46 2.5079
6 2.16 2.1183
4 2.0325 1.823
5 2.85 2.7525
4 1.77 2.0842
4 1.215 1.1353
7 2.07 2.2313
5 1.32 1.0764
5 0.9 1.3418
5 1.5075 1.4411
6 2.1825 2.1288
5 2.8875 2.8711
4 1.3725 0.6322
6 2.8425 2.7264
6 2.1225 2.136
6 1.3425 1.4658
4 2.85 2.7716
5 1.77 1.4549
5 2.0775 1.9882
5 0.735 0.7084
7 0.885 0.8274
6 0.045 0.0581
5 0.8325 1.0857
5 2.2575 2.0273
6 1.335 1.717
5 1.4025 1.3614
7 1.6125 1.3557
7 2.0025 2.0197
4 0.5175 0.4848
4 1.4925 1.2358
5 1.38 2.1267
6 1.1325 1.148
5 1.7475 1.6335
5 1.9275 1.5081
5 0.78 0.801
6 0.135 0.0048
5 0.975 0.7452
6 1.155 1.024
4 1.8 2.2394
7 0.09 0.2105
4 2.13 2.4071
5 2.925 2.8701
7 1.41 1.3357
4 1.7625 1.8522
4 2.0775 1.0906
6 1.7925 1.7098
5 1.515 1.8038
6 1.62 1.4505
5 1.215 0.8444
7 0.4725 0.4352
4 2.97 2.9382
6 1.455 1.9585
5 1.935 2.2113
6 2.7675 2.7457
5 0.2775 0.3548
5 0.6675 0.901
4 2.8725 2.8501
7 1.5225 1.5999
4 0.645 0.5446
5 0.33 0.2467
5 0.03 0.0784
4 1.68 1.7115
6 1.8375 1.635
4 1.56 1.9941
6 0.9675 0.9299
4 1.215 1.4485
4 0.6 1.2922
6 0.1425 0.2
4 2.9025 2.8075
7 2.4825 2.3698
5 1.05 0.8849
5 0.8925 1.5246
5 0.3825 0.2993
5 2.34 2.4893
5 0.885 1.5427
7 2.145 2.3224
6 1.38 1.9303
5 1.8 1.3217
5 0.0975 0.0209
4 0.9375 1.7341
6 1.215 1.2709
5 2.5125 2.402
7 2.6025 2.6476
7 1.2 1.4044
6 1.35 2.0291
4 1.8675 2.2943
6 0.555 0.3819
4 0.075 0.1681
6 2.445 2.3785
5 0.0 0.109
5 0.7275 0.7882
7 0.7575 0.7654
4 1.6425 1.1012
6 0.4275 0.3914
6 1.5525 2.0313
6 2.1 1.934
6 2.2725 2.0717
4 1.0425 2.0027
6 2.445 2.4699
5 2.5575 2.2264
5 0.5475 0.5748
4 1.98 1.0729
5 1.1775 0.953
7 2.115 2.3249
7 0.54 0.6555
5 2.3025 2.0215
7 0.3225 0.3516
4 0.5175 0.7395
5 2.745 2.6533
4 2.0025 1.7188
6 2.6325 2.6082
5 1.2225 1.6376
6 0.0225 0.0048
5 1.2825 1.6798
7 1.32 1.3182
7 1.5675 1.3538
6 1.665 1.0538
5 2.61 2.5987
6 0.7725 1.0306
6 1.3575 1.5643
7 0.39 0.4649
6 0.2925 0.3656
4 0.705 0.9251
6 2.025 2.1583
7 2.55 2.6106
4 0.24 0.2615
6 0.99 1.2196
5 0.3375 0.3846
4 1.9125 1.0656
4 1.0725 0.707
5 0.1275 0.0668
6 2.2425 2.105
4 1.95 1.3597
6 0.8475 0.9078
5 2.3025 1.9718
6 1.5825 1.3024
6 1.3725 1.1018
4 1.95 1.0534
7 2.925 3.0358
7 0.0975 0.0246
7 2.3775 2.3147
4 2.4075 2.3777
6 2.685 2.6736
4 2.6625 2.8093
4 0.0375 0.2127
7 0.735 0.6593
5 0.045 0.0792
6 2.445 2.979
7 0.855 0.8637
5 1.4175 1.4706
6 0.6975 0.7223
5 2.7 2.7843
5 1.6875 1.7971
4 2.16 2.6251
5 1.11 1.6548
5 2.955 2.9243
4 0.615 0.8931
5 0.1125 0.0853
6 1.0125 0.6663
4 0.3225 0.1497
7 0.465 0.4303
4 1.575 1.6203
7 2.4075 2.4502
4 1.515 0.8258
4 2.4975 2.0408
7 0.4875 0.4259
5 0.1425 0.3192
5 1.71 1.8275
7 2.7975 2.7844
4 2.91 2.5429
5 2.415 2.3127
7 1.9425 1.7097
7 1.6275 1.6276
4 2.5425 2.2305
6 2.715 2.7233
6 0.3675 0.3362
4 1.1625 0.8819
6 2.2275 2.1512
4 2.79 2.6215
6 2.1525 2.0348
5 1.35 1.7191
7 1.0575 1.0533
7 1.6125 1.4736
7 2.085 2.3234
5 2.49 2.3772
4 2.13 2.286
6 0.09 -0.0422
7 1.6725 1.4895
6 1.485 1.6394
4 2.415 2.449
5 1.0425 1.585
5 0.9675 1.0608
4 0.69 0.5472
6 1.275 1.602
7 2.91 2.9919
5 2.67 2.5267
6 1.6425 1.8954
6 0.75 0.8842
6 1.38 1.3129
6 0.255 0.3097
4 0.4275 0.3121
6 1.38 1.26
5 1.1025 1.1327
7 0.5025 0.5206
7 1.485 1.6453
6 0.765 0.8213
5 2.67 2.6407
6 0.66 0.8377
6 0.45 0.4143
5 2.01 2.0881
6 0.615 0.5485
7 0.3675 0.4198
6 0.3525 0.3104
6 1.6725 1.3476
7 2.385 2.4636
6 2.31 2.1449
7 2.955 2.8482
6 1.485 1.5471
5 1.35 1.4087
5 0.4725 0.5036
5 0.915 1.4155
5 0.6225 0.7528
7 0.5925 0.6215
4 0.7125 1.0868
4 2.55 2.2393
6 1.05 1.5754
7 1.14 1.2063
6 2.46 2.3609
6 0.495 0.3908
7 1.0425 1.0
7 2.3625 2.3592
4 1.3875 1.5851
7 0.555 0.5236
7 1.83 1.5804
6 1.395 0.8682
5 2.64 2.4858
4 2.9775 2.8464
6 2.175 1.8166
4 0.4125 0.1764
7 2.985 3.0496
6 2.265 2.166
4 2.3325 2.3891
5 2.9775 2.9286
7 0.735 0.8532
5 2.805 2.8388
5 1.065 0.9305
4 1.2975 2.0555
7 0.465 0.4388
6 1.0425 1.4063
7 1.6725 1.7798
7 2.265 2.1701
5 2.4 2.149
5 2.085 1.7173
5 2.73 2.7253
5 2.9925 2.891
7 0.5025 0.5866
6 0.6825 0.7546
6 0.1275 0.1565
4 1.6425 1.6873
6 1.155 1.4759
5 0.8025 1.014
4 1.7775 1.0106
5 1.23 0.8713
7 0.585 0.5277
5 0.6675 0.4105
4 0.39 0.4226
7 2.0175 2.1154
5 2.34 2.3727
5 2.8875 2.8528
7 2.145 2.2636
6 0.735 1.0762
7 1.7025 1.3424
7 0.945 1.1482
4 2.67 2.7344
6 1.71 1.2542
4 0.885 0.6492
6 2.6625 2.6365
5 0.3375 0.2875
6 2.2575 2.3168
7 1.0425 1.1421
5 0.15 0.1241
5 0.9825 1.3106
4 2.1375 1.4174
5 2.745 2.8821
5 2.6325 2.6745
4 1.455 1.8131
7 2.22 2.1097
7 2.49 2.4393
7 1.8075 1.6408
7 0.4425 0.5143
4 2.1375 1.978
7 1.0275 1.1734
7 1.1175 1.3648
6 0.945 1.2904
4 1.845 2.1935
5 1.6725 1.4049
7 1.1625 1.2094
6 0.93 0.7173
4 2.805 2.4681
4 0.375 0.853
4 2.025 0.6891
6 0.1425 0.1626
4 2.1225 2.1385
6 1.08 0.9161
5 1.755 1.3205
5 1.29 1.6808
4 0.6225 0.7804
7 1.8975 1.3323
5 2.94 2.883
4 2.0325 1.8073
4 2.595 2.4525
7 2.8125 2.7923
6 1.9725 1.7063
7 0.2925 0.3535
5 1.0425 1.34
7 2.0625 1.8911
4 0.45 0.2358
7 0.03 0.1103
4 0.6825 0.8223
6 1.035 1.0061
6 1.4325 1.8087
5 1.305 0.9004
6 0.69 0.5876
7 0.735 0.7785
7 2.085 2.114
6 2.9025 2.959
6 0.2925 0.3757
4 2.1075 1.8385
7 2.1 1.8621
4 2.79 2.9106
4 2.13 1.2121
7 1.605 1.8161
6 1.86 2.0278
5 0.8025 1.2698
7 1.815 1.6022
7 2.9925 2.9423
6 1.1775 1.2795
7 1.905 1.7401
6 2.16 1.9219
4 2.22 2.0384
7 1.0725 1.3386
5 1.5525 1.3078
7 2.8125 2.7896
7 1.515 1.6024
6 2.7225 2.7174
7 1.95 1.7712
4 0.3825 0.9216
7 1.38 1.1584
5 1.3125 1.8389
7 0.5175 0.5476
6 2.505 2.5392
5 0.405 0.455
5 0.15 0.2079
5 1.5525 1.1691
4 2.535 2.1687
6 0.3075 0.2578
6 2.31 2.292
7 0.165 0.1024
6 0.8775 0.8576
5 2.5425 0.1437
5 2.3625 1.7318
5 1.29 1.0621
6 1.5675 1.1415
4 0.24 0.4882
5 0.045 0.1682
5 0.585 0.7276
5 1.0875 1.4648
6 2.9325 2.787
4 0.0825 0.1293
5 0.78 1.1357
5 0.345 0.2799
6 0.3675 0.3638
4 2.82 2.6938
4 0.57 0.6379
7 0.015 0.0294
7 0.2775 0.2656
6 1.26 1.4318
6 1.815 1.3825
6 1.695 2.0043
5 0.48 0.4805
5 2.52 2.3895
6 1.1775 1.1135
7 1.8075 1.8687
7 1.9725 1.8986
5 0.7275 0.7689
7 2.7075 2.6714
6 0.1575 0.3774
5 2.64 2.7498
5 0.4275 0.5397
6 1.6275 1.6594
6 2.205 2.1294
7 2.01 1.5966
6 2.775 2.6968
4 1.5675 1.4384
4 2.3775 1.698
4 2.1675 2.2427
5 1.7775 1.3275
7 1.56 1.6031
4 1.8 1.4514
5 1.65 1.1957
6 0.06 0.0224
6 0.075 0.0625
7 1.365 1.5373
4 2.79 2.9123
5 0.375 0.4073
7 1.65 1.386
5 2.0625 1.4856
6 2.9475 2.9551
7 0.48 0.4037
4 1.38 1.4757
5 2.475 2.3341
6 2.0925 2.311
7 0.96 0.9734
5 2.76 2.7611
7 1.1925 1.2287
5 1.0725 1.3215
4 2.9175 2.8182
6 0.63 0.5017
6 0.18 0.1402
5 0.5325 0.5945
7 2.6625 2.7618
6 2.0475 1.7534
5 0.7275 0.9752
7 1.0275 0.8724
7 2.6175 2.7128
6 2.6475 2.4814
5 0.9225 1.5657
5 1.9875 1.8499
5 0.5025 0.5232
5 2.685 2.5808
5 0.75 0.6444
4 1.4325 0.9682
4 1.9725 1.689
5 1.2825 1.0666
4 1.005 0.5229
4 0.9075 1.7388
5 2.5725 2.7187
4 2.6025 2.6699
6 1.5375 1.1791
7 2.595 2.5979
5 1.1325 1.7145
6 1.8525 1.752
7 0.855 0.9317
6 0.135 0.1433
6 0.8925 1.2198
4 2.745 2.9132
5 1.9425 2.2772
5 0.0375 -0.0099
6 2.745 2.9216
7 2.175 2.1079
4 1.8525 1.2088
4 0.6525 0.4028
5 1.95 1.5457
4 2.2575 1.403
5 2.88 2.788
4 0.1275 0.1544
4 0.555 0.7711
5 1.95 1.3968
4 2.115 1.6524
7 0.645 0.6093
4 2.76 2.529
4 0.51 0.441
6 0.33 0.3391
6 1.0425 1.0811
7 1.5375 1.7564
6 1.0725 1.275
7 2.865 2.9504
5 2.0625 1.8824
7 1.905 2.8455
7 0.405 0.4654
7 2.805 2.7553
5 0.4425 0.5804
7 0.495 0.4496
4 1.4325 2.2053
7 1.965 1.9904
5 2.4 2.1132
4 2.5275 2.181
7 2.0175 1.7821
4 2.535 2.5003
6 0.4125 0.5519
5 2.1975 2.087
7 2.0775 2.056
6 0.9525 0.9105
4 2.97 2.7704
5 2.265 2.145
7 0.33 0.3552
5 2.2275 1.9613
7 0.5925 0.5968
6 2.4075 2.4734
4 2.9925 2.7979
7 2.385 2.3456
6 0.9825 1.3365
4 2.115 0.9206
4 2.49 2.35
7 0.705 0.7769
5 2.4525 2.5996
7 2.0775 1.9814
6 1.9125 1.4766
7 1.17 1.1134
6 2.0325 1.9969
7 0.9975 1.2728
5 0.315 0.3003
5 1.395 1.2511
4 0.6825 1.7365
6 0.2175 0.2598
4 0.6225 0.5279
4 2.73 2.7024
4 0.03 0.2527
5 1.1625 1.3419
5 0.5925 0.8441
6 2.565 2.5666
5 0.5175 0.4757
4 2.2275 1.4593
7 2.265 2.1332
7 1.995 1.9383
6 1.605 0.9554
7 1.9725 1.8105
4 2.55 2.3981
5 1.4775 2.0364
7 2.7 2.7567
4 0.09 0.1407
4 2.4225 2.0133
6 0.2925 0.3262
7 0.495 0.5821
4 1.695 1.4794
5 1.7025 1.3001
5 2.9325 2.7778
6 1.785 2.0764
7 2.9625 2.8899
4 1.6125 1.8483
6 1.005 1.1343
6 1.455 1.4849
5 1.2975 2.0637
4 1.485 2.019
6 1.53 1.4554
4 0.285 0.3774
7 0.03 0.085
7 2.0925 2.0458
7 2.0175 1.8433
6 1.3275 1.5735
7 0.4575 0.5039
5 0.72 0.7913
6 0.51 0.448
4 2.7075 2.8045
4 2.94 2.7671
4 0.8475 0.6825
5 2.2275 2.1479
4 1.3725 1.4002
4 1.2375 0.9283
4 1.9425 2.0511
4 2.3925 2.3345
6 2.91 2.8619
4 0.705 0.5782
7 1.995 2.0613
6 0.9075 1.1079
7 1.7325 1.4702
4 0.84 0.6761
5 0.585 0.3566
4 1.1925 1.7989
7 1.71 1.5061
6 2.76 2.614
7 0.72 0.649
4 1.5675 0.8753
5 2.895 2.7783
4 1.755 2.3202
4 2.595 2.5006
7 0.6075 0.6658
5 1.785 1.6816
4 0.0525 0.1813
7 1.6575 1.6312
7 2.8575 2.8961
7 0.15 0.1408
6 2.9775 2.9969
6 2.8125 2.6529
4 0.75 0.7624
7 0.45 0.5677
5 1.02 1.0067
7 0.9375 1.4027
5 0.24 0.3768
7 2.2575 2.427
6 2.31 2.1535
4 0.3075 0.8376
6 2.0775 2.0897
5 0.135 0.1359
4 2.6475 2.5637
5 2.37 2.3799
6 1.6875 1.7789
6 2.5575 2.6633
5 2.3775 2.0769
6 0.5325 0.5347
5 2.5725 2.5821
7 0.195 0.2346
6 2.025 2.2939
7 2.55 2.4737
7 1.995 1.7238
5 1.635 1.782
4 0.285 0.2545
5 0.75 0.8085
7 2.6025 2.5323
4 2.25 1.9848
7 2.19 2.1611
6 2.2875 1.983
7 2.9775 2.9899
4 2.385 1.0809
6 1.1925 0.9042
6 0.12 0.1896
6 0.4275 0.2773
4 2.505 1.659
7 2.0175 1.9757
5 2.5875 2.5856
6 0.1275 0.1595
6 2.2575 2.3351
6 0.165 0.1045
6 1.9725 1.8583
7 0.8625 0.8349
5 1.5 1.7666
6 0.7575 0.8956
6 2.34 0.6853
7 2.1525 2.135
6 1.2375 1.0152
4 1.3875 1.7918
7 2.5575 2.5123
6 0.7275 1.1286
4 0.435 0.3565
6 0.5325 0.4811
6 1.6275 1.3412
4 0.15 0.1039
6 2.7525 2.6654
6 0.765 0.7389
6 0.495 0.531
5 1.3875 1.0638
4 2.8575 2.8752
7 2.9475 2.9355
4 0.6975 0.777
7 2.295 2.358
4 1.5675 1.3776
5 1.9125 2.1449
6 0.7425 0.9812
5 2.625 2.6799
5 1.1925 1.0532
7 0.915 0.7579
5 2.9325 2.9391
4 0.6975 1.1095
5 0.33 0.4118
4 1.005 2.0418
6 2.655 2.7264
5 2.5125 2.5781
4 1.125 0.7175
7 0.615 0.5125
5 2.2725 1.7911
7 0.3075 0.2525
7 2.4 2.3346
6 1.1475 1.5722
5 0.75 0.9109
7 1.4925 1.2494
6 1.2075 1.1782
7 0.42 0.3553
7 1.35 1.1989
5 1.7775 1.9654
7 2.8725 2.9053
7 0.645 0.5295
4 1.0575 1.2063
7 1.8075 1.9717
7 2.07 2.1283
5 0.33 0.3525
7 2.55 2.4777
6 2.3625 2.4424
5 0.24 0.1524
5 1.155 1.7779
4 0.165 0.1168
7 0.24 0.2547
7 2.0925 2.122
4 0.87 0.9816
4 2.955 2.8153
6 2.2125 2.3212
6 0.6375 0.6754
4 2.2725 2.3878
7 2.445 2.52
6 1.3725 1.3903
5 1.995 1.9257
4 2.2425 1.2897
5 0.0375 0.0639
4 0.6075 0.7835
7 2.985 2.967
5 2.4 2.3562
6 1.3275 1.109
6 0.7275 0.7743
7 2.25 2.2472
5 2.2875 1.6202
7 2.28 2.1627
5 1.605 1.3638
6 1.32 1.2671
7 1.38 1.3519
5 2.7225 2.5367
7 2.385 2.8294
6 0.0375 0.0259
4 0.6075 0.7355
6 0.7125 0.8527
7 1.47 1.5422
5 0.21 0.0991
4 2.76 2.9577
6 1.29 1.1186
5 2.265 2.0281
5 2.535 2.4664
4 2.955 2.9576
4 0.795 0.3868
7 2.5125 2.5355
4 1.6575 0.5911
7 0.69 0.5921
4 2.4225 2.4499
4 2.9475 2.6357
5 2.925 2.8283
4 0.855 0.9792
7 1.53 1.4772
5 1.7775 1.3457
6 1.6125 1.9761
6 0.105 0.0451
6 0.0825 0.0922
4 1.5675 1.0794
7 2.4075 2.4606
7 2.5725 2.6219
5 0.345 0.3801
7 0.9525 1.0643
5 0.6675 0.7619
5 0.5775 0.5873
5 0.7125 0.6821
5 0.0525 0.0459
4 2.67 2.5946
6 0.3525 0.4023
6 1.08 1.4241
6 2.3175 2.3894
7 2.8125 2.8477
4 0.2625 0.7037
5 0.8775 1.7089
4 0.1125 0.2091
7 0.42 0.4491
7 1.71 1.5783
7 2.1825 2.1798
7 0.1725 0.1399
5 1.5225 1.5356
4 2.505 2.2969
6 0.225 0.237
6 2.3775 2.3366
6 1.59 1.6099
4 0.42 0.5879
7 1.32 1.5261
7 2.925 2.9332
5 0.15 0.1557
7 0.75 0.735
4 1.2825 1.4876
6 2.79 2.7249
5 1.8225 1.5808
7 1.3875 1.4873
7 2.16 2.2117
5 2.535 2.4772
5 2.805 2.8187
7 0.5925 0.6448
4 1.41 1.8395
4 0.3975 0.6299
7 1.3275 0.9032
7 2.835 1.5051
7 2.88 2.9742
4 1.6725 1.6583
6 1.9425 1.3954
6 2.1525 2.1053
4 2.0325 1.5259
5 2.565 2.5874
6 2.1225 1.8634
5 1.4175 1.588
6 0.1125 0.1051
7 0.8475 1.1217
5 1.575 1.6005
4 1.485 1.7116
7 2.3475 2.2974
5 2.595 2.4485
6 0.09 0.1589
4 2.175 1.9445
7 0.825 0.9115
4 2.025 2.1405
5 2.1675 2.2876
5 0.885 1.5499
4 1.47 1.9509
5 2.1525 2.2927
4 1.0425 1.097
6 1.59 1.1408
4 1.89 1.2676
4 0.75 0.5686
6 0.99 1.1716
7 0.7425 0.7524
5 1.1925 1.2651
7 2.94 3.0503
7 1.515 1.7052
5 0.165 0.2373
4 0.1425 0.1479
7 2.31 2.2857
5 1.2525 1.6108
6 1.305 1.4134
4 2.0175 2.0749
7 1.8375 1.7203
4 2.13 2.552
6 2.955 2.9905
7 0.6675 0.6692
6 0.555 0.7015
5 1.4625 1.3337
7 1.305 1.3013
4 1.185 2.462
6 2.2575 1.7947
4 2.2725 1.085
4 1.065 1.8969
5 0.57 0.7548
4 1.89 2.2973
4 2.52 2.2738
5 2.7075 2.3901
7 2.8425 2.8082
5 0.6 1.9419
6 2.46 2.3966
4 2.52 2.3466
6 1.1175 1.2162
4 0.8925 0.8746
5 2.145 1.8095
4 0.9225 1.8385
6 2.37 2.2766
7 2.445 2.3712
5 2.6925 2.7082
6 0.825 1.5065
7 2.8725 2.9285
5 0.0225 0.1684
5 0.15 0.1666
5 2.9625 2.9472
6 2.73 2.8018
6 2.4975 2.3914
4 2.7525 2.8191
5 2.775 2.7134
4 1.2525 1.5015
6 2.04 2.1543
5 1.56 0.7757
6 2.415 2.278
5 1.335 1.2567
4 1.8 1.6252
6 1.9725 1.9936
4 2.7525 2.5163
4 2.3025 1.1314
5 2.3325 2.415
5 1.455 1.4648
4 0.1125 0.2928
4 0.9975 1.6534
5 2.6025 2.7745
4 0.54 0.6994
7 1.05 1.0251
7 1.08 1.0575
5 2.865 2.842
5 1.8525 1.6181
4 0.2025 0.1088
5 2.595 2.5692
5 1.8975 2.097
6 0.705 0.6293
6 1.98 1.8689
7 1.3725 1.6143
7 1.5675 1.4021
6 2.7225 2.6902
5 1.83 1.3793
6 1.785 1.7414
7 1.47 1.1551
4 2.8575 2.6256
6 1.5975 1.7167
6 1.605 1.9421
5 0.7575 0.5597
5 1.2 0.8054
7 2.31 2.2949
6 0.795 0.6618
7 1.7025 1.4078
6 0.24 0.1593
5 1.3275 1.2144
7 2.9925 2.884
5 0.015 0.0551
6 0.2325 0.3762
7 1.1925 1.3538
5 2.0175 2.1368
4 0.555 0.736
4 0.24 0.2604
4 2.295 1.5127
6 0.045 0.0059
7 0.135 0.2169
4 0.435 0.2888
4 1.38 1.5188
4 1.35 1.687
5 2.1825 2.2759
4 2.67 2.7005
5 1.3575 1.59
6 1.8825 1.8221
6 1.8525 1.6973
4 0.165 0.317
4 0.0825 0.1224
5 2.07 1.5687
5 1.2075 1.4143
4 0.7575 0.5917
6 0.9675 0.8785
4 1.725 0.9003
7 1.695 1.4949
6 1.185 2.0363
7 2.52 2.5251
4 0.8475 2.3091
7 1.3275 1.4348
7 0.255 0.2574
7 1.185 1.3811
6 1.725 1.52
5 2.3025 2.3868
5 1.2075 1.6515
7 2.2275 2.1675
4 2.325 1.527
4 1.2825 1.8516
7 2.6475 2.6441
4 1.545 1.5645
6 0.915 0.8238
6 0.3375 0.4072
6 2.76 2.6787
5 1.815 1.9391
7 1.305 1.7938
5 0.6675 0.9985
6 1.8075 1.8622
6 0.555 0.5178
5 2.55 2.3777
6 2.07 2.0062
6 0.8475 0.8167
7 0.51 0.4923
7 0.21 0.2748
7 0.3675 0.3628
7 2.7975 2.861
4 1.4025 1.35
6 0.4575 0.4456
6 0.7425 1.0068
7 0.795 0.8534
5 0.765 0.642
7 0.045 0.1053
4 0.2175 0.2084
7 0.09 0.1259
4 0.54 0.5238
6 0.5625 0.6324
7 0.225 0.0545
7 1.4775 1.3113
4 1.71 1.7575
5 2.8575 2.7689
7 2.97 2.9578
6 0.855 0.9365
6 2.82 2.8379
6 2.88 2.8177
5 1.35 1.5167
6 0.0975 0.1977
7 2.46 2.4388
7 1.8375 1.5047
7 0.495 0.5655
7 0.795 0.8373
4 1.245 2.3423
4 0.9825 1.489
6 2.7675 2.7178
6 1.935 1.4004
7 0.3 0.3438
7 1.0725 1.3334
6 1.3575 1.3464
5 2.3925 2.3987
4 1.6425 0.8878
6 1.2225 1.6454
6 2.1075 1.9261
5 1.89 2.2171
7 0.6825 0.543
7 2.8875 2.8616
4 0.8775 0.8343
7 0.57 0.6166
6 0.6975 0.6301
7 2.13 2.1268
4 2.16 2.5859
7 0.885 0.7268
7 0.7275 0.7031
6 1.8825 1.6742
4 0.2325 0.0925
7 2.61 2.5936
6 2.2725 2.2216
6 0.855 0.8576
5 1.9875 1.4294
4 0.18 0.1764
5 0.1275 0.1993
5 0.6825 0.6075
4 0.735 0.3705
4 2.1 1.2907
4 0.6075 0.923
6 2.5125 2.4902
4 0.0675 0.0938
6 2.1225 1.8841
6 2.52 2.5864
7 2.655 2.571
6 2.3775 2.1609
7 2.4975 2.4067
6 1.2975 1.2765
7 1.29 1.3692
7 2.6775 2.6829
7 0.0075 -0.0473
4 0.21 0.0988
7 0.765 0.7882
7 2.7975 2.9506
5 2.9925 2.8245
4 2.235 1.9086
7 0.435 0.4501
7 1.65 1.4977
6 1.68 1.5442
7 0.135 0.1219
7 0.4575 0.4977
4 0.075 0.0848
4 1.515 1.6846
7 1.4175 1.5915
7 2.625 2.5591
7 2.97 3.0299
5 0.315 0.2192
6 1.4625 1.6107
6 0.1275 0.2034
7 2.31 2.9012
4 1.2375 1.4813
5 2.865 2.888
7 0.435 0.4472
5 1.8075 1.5001
5 1.95 1.8407
4 1.9725 1.0725
6 0.8925 0.7232
6 2.865 2.8622
7 1.155 1.3481
6 2.73 2.6978
6 0.4575 0.6001
7 0.42 0.3667
4 0.1725 0.1924
4 2.8875 2.6933
6 0.21 0.1143
6 2.0625 1.9068
5 0.4725 0.4172
7 1.5375 1.4662
6 2.4 2.3759
5 2.9175 2.9322
5 0.255 0.2595
4 0.7725 0.611
5 0.1725 0.2304
4 0.3825 0.5917
6 1.815 1.5953
5 0.045 0.0635
7 2.475 2.4669
6 0.57 0.5878
4 2.9025 2.845
6 1.8075 1.4747
5 0.0525 0.106
7 1.6275 1.2075
7 0.3225 0.3255
6 2.76 2.8164
7 0.7125 0.7033
7 0.7275 0.6708
4 1.14 1.2791
4 2.9625 2.8649
7 0.09 0.0159
5 1.8375 0.8201
4 2.4075 2.9726
7 0.93 1.4782
7 1.47 1.3463
4 2.9925 2.8455
5 2.415 2.2559
4 1.065 1.8132
4 1.0275 1.8847
5 2.7225 2.6852
5 1.365 1.3281
6 0.8325 1.1036
4 1.6275 0.8679
4 1.3725 1.3125
4 1.7025 1.3043
4 2.9775 2.9255
7 0.9525 0.9298
6 0.285 0.3794
6 2.2725 2.1671
6 0.1575 0.0962
7 2.9175 3.0057
6 2.8275 2.836
6 2.715 2.6785
5 2.385 2.2183
7 2.6625 2.7163
6 2.31 2.3512
6 1.2975 1.2794
4 2.445 2.412
4 2.8275 2.7679
5 1.92 1.6881
5 1.1475 1.087
4 2.865 2.7129
4 2.31 1.6148
4 1.965 2.2358
6 0.8325 0.8199
5 1.86 2.2241
7 2.2725 2.2106
6 2.5725 2.5174
7 1.53 1.4525
5 1.3125 1.8577
6 1.7475 2.1468
7 2.1375 2.0896
6 1.665 1.7366
5 2.1375 2.0754
4 0.435 0.2653
5 1.755 1.9398
5 1.2825 1.2633
5 0.375 0.2614
7 1.53 1.6251
7 2.4675 2.4095
4 1.65 1.5208
7 1.545 1.699
5 2.2125 2.1681
4 2.085 1.4327
5 2.8725 2.8843
6 0.1875 0.2411
6 0.705 0.8478
7 0.375 0.3648
6 0.015 0.0614
7 0.8775 1.1498
7 2.4975 2.4608
4 0.1125 0.0858
5 2.205 2.0656
7 2.01 2.1456
7 2.775 2.791
4 0.06 0.0836
4 0.8775 0.578
7 0.5325 0.4642
7 0.4875 0.4088
4 1.1625 2.0866
5 2.4075 2.0218
7 2.0175 2.0054
7 0.36 0.3968
7 1.14 0.9876
4 1.7175 1.6556
5 2.9325 2.7968
5 1.785 1.5465
5 2.5425 2.5985
7 0.9225 0.968
6 2.85 2.8945
7 1.7925 1.9185
5 0.27 0.1486
7 2.415 2.4469
5 0.51 0.4249
7 2.4675 2.4334
4 1.185 1.5865
5 1.8975 1.5702
5 0.06 0.0597
4 0.7575 0.8579
4 1.335 1.3089
4 2.145 2.5341
7 1.9725 2.1024
5 0.0225 0.1533
6 0.21 0.3461
6 0.63 0.6686
4 1.7625 1.6207
4 2.79 2.7501
4 1.695 1.1305
6 0.36 0.3792
4 2.955 2.7138
5 0.96 1.1741
4 1.68 1.8737
7 2.835 2.8584
4 2.28 1.936
4 1.425 0.7658
5 1.545 1.6556
5 1.215 1.3499
6 2.2725 2.3418
4 0.7125 0.7462
7 1.6125 1.6639
7 2.31 2.3123
7 1.7775 1.7362
6 2.835 2.789
7 2.3775 2.3289
7 1.425 1.3257
7 2.505 2.4597
6 1.47 1.293
6 0.225 0.2371
5 1.1025 2.1452
6 1.8825 2.1845
7 2.355 2.2787
5 1.2375 1.5338
5 1.9125 1.6658
5 1.11 1.1515
7 2.805 2.7089
4 2.49 2.0442
6 0.4125 0.3646
6 0.7875 1.0683
4 0.4725 0.6903
5 2.7975 2.8485
4 1.32 1.4488
4 2.3925 2.4249
4 1.9875 1.7025
7 1.965 1.853
5 0.2625 0.3568
4 0.4425 0.2545
5 2.7 2.6545
7 1.485 1.2831
4 0.06 0.0806
5 2.9475 3.0231
4 1.785 1.7403
7 1.0575 1.4568
5 1.38 1.4289
7 0.39 0.297
6 0.7125 0.7217
6 0.465 0.634
4 1.5525 1.5978
7 2.6775 2.5932
4 0.54 0.2858
7 1.9275 1.6893
5 2.97 2.9253
6 2.9775 2.924
4 0.5475 0.5794
6 2.3025 2.1646
5 1.665 1.6563
6 0.1725 0.0662
4 2.7075 2.4801
7 0.0525 0.1047
6 2.3475 2.4519
5 2.565 2.4412
7 2.13 2.0454
4 0.405 0.4018
7 1.08 1.0667
4 1.92 1.0149
7 0.3975 0.2346
7 2.4 2.4622
5 0.81 0.6814
4 2.9925 2.878
5 0.18 0.0889
7 2.1375 2.1047
6 2.955 3.016
6 0.0525 0.0817
6 1.7775 1.3439
4 1.035 1.0092
5 0.705 1.471
4 1.4775 1.7285
4 1.4925 1.0488
4 2.1975 2.0573
4 1.905 1.0355
7 2.2875 2.3766
7 0.1425 0.1513
6 0.015 0.1094
6 1.26 0.9818
7 0.825 0.9003
5 1.08 1.0308
5 0.345 0.2812
5 0.3525 0.1253
6 1.56 1.4049
6 2.4375 2.3921
5 0.4575 0.5251
7 1.6275 1.6089
7 2.6325 2.6744
6 1.335 1.2354
5 0.96 0.7101
6 0.375 0.4309
7 1.41 1.33
7 2.6325 2.6153
7 0.1575 0.1455
5 0.9825 1.5682
4 1.815 1.6536
6 1.8675 1.8428
6 0.0525 0.064
4 1.5225 1.6226
6 0.9 1.3422
5 0.99 1.15
5 2.19 2.1453
7 2.3625 2.1998
5 0.8475 1.6423
6 1.695 1.3953
6 1.2075 1.2924
7 2.52 2.517
5 1.215 1.3454
7 0.6 0.5929
7 2.94 2.9191
7 2.205 2.2674
6 0.9675 1.2647
4 1.725 1.4975
5 2.625 2.5382
6 1.2975 1.3132
7 2.1825 0.2772
7 2.4525 2.3975
5 1.4325 1.4842
6 0.06 0.044
7 0.09 0.134
4 0.915 1.4373
4 1.5975 2.1741
5 2.1075 2.0186
6 0.3 0.3209
5 1.5825 1.4026
6 2.94 2.7866
5 1.59 1.2989
4 0.9975 1.361
5 0.045 0.067
6 1.8075 1.6897
7 0.9975 1.4189
4 0.5475 0.593
4 1.3125 1.9707
5 1.0425 0.6708
7 0.6975 0.609
4 2.3625 2.7026
5 0.0525 -0.0585
6 0.8775 0.7337
7 1.2975 1.1667
7 1.7925 2.0375
7 1.83 1.4876
6 1.4475 1.4619
5 1.1775 1.4287
5 2.625 1.1315
5 0.12 0.1364
7 1.44 1.3202
7 2.76 2.7196
7 1.845 1.462
4 0.525 0.393
4 0.93 0.8252
4 0.825 1.799
4 1.245 1.1708
4 0.2025 0.3408
4 1.47 1.4048
7 2.205 2.1596
7 0.105 0.0054
4 0.765 0.8548
6 0.8625 1.0118
7 0.5025 0.5284
6 2.8575 2.8342
5 0.075 0.1274
6 1.86 1.453
7 1.2225 1.2357
6 0.15 0.1632
4 0.12 0.3411
4 0.045 0.0457
7 0.3675 0.3492
5 1.7025 1.0328
7 2.835 2.826
4 1.365 2.0982
4 2.4525 2.5466
4 2.2725 2.3302
4 1.3275 0.8344
4 2.2125 1.7962
5 2.4975 2.2998
7 1.725 1.6362
5 2.9475 2.9427
6 2.805 2.7145
5 2.9325 2.8092
7 0.495 0.5411
7 0.9375 1.0989
4 2.715 2.7112
7 0.12 0.083
5 1.8 1.7541
7 1.8525 1.8622
5 2.31 2.2535
6 2.52 2.6732
6 0.8025 0.9153
4 2.46 2.7
5 2.6025 2.6242
5 0.0075 0.1659
7 0.0675 0.0833
5 2.9475 2.8839
4 0.93 0.5829
5 2.7525 2.6279
6 1.8375 1.3254
4 0.1275 0.3951
7 0.5775 0.4015
7 1.68 1.4974
4 2.73 2.5801
7 1.095 1.1831
7 1.0275 1.0601
6 1.785 1.7622
6 2.19 2.121
7 2.2425 2.2648
6 0.015 0.0564
4 1.0875 0.6664
4 1.14 1.1072
7 1.2 1.3962
5 1.275 1.1164
6 0.9 1.1988
6 0.99 1.1303
5 0.84 0.5105
7 2.58 2.6856
4 1.815 2.2089
4 1.9425 1.131
6 0.4725 0.5538
7 1.995 1.8226
5 2.3475 2.2062
6 1.335 1.2669
7 1.9275 1.8753
5 0.4125 0.4073
4 0.42 0.296
6 1.575 1.6366
4 2.5425 2.6632
5 0.705 1.0549
7 0.6975 0.6008
5 2.49 2.5943
6 0.8925 0.971
7 1.8225 1.4526
6 2.4375 2.4356
7 0.75 0.7314
5 1.8375 0.9752
6 1.38 1.1658
6 1.485 1.3926
7 0.7575 0.7762
6 0.2625 0.2324
7 0.6 0.5893
5 1.9575 1.8257
6 1.6275 1.5526
6 0.3 0.2452
5 2.175 1.9357
4 1.3425 1.6929
7 0.8775 1.1214
6 0.0525 -0.0113
5 2.805 2.8335
5 1.665 2.1177
5 2.7 2.6665
5 1.3725 1.6874
6 2.2275 2.1909
7 2.2275 2.1248
7 0.45 0.523
7 0.1125 0.0651
7 2.4975 2.4929
5 1.305 1.4651
6 1.0125 1.2064
4 0.9975 1.4158
7 2.2575 2.1411
6 2.6025 2.5485
4 2.895 2.8388
6 2.5125 2.5926
6 2.9925 2.9864
4 0.6375 0.2829
7 2.8725 2.7765
7 2.1 1.6879
7 1.7925 1.7021
5 2.58 2.4726
6 2.9325 2.8955
7 1.8375 1.8029
4 0.225 0.2359
6 0.045 0.084
7 0.885 1.0854
5 1.53 1.0482
5 2.4225 2.4595
6 1.5075 1.4485
5 2.88 2.9211
4 1.05 1.6627
6 2.745 2.6787
6 0.5025 0.424
7 0.93 1.0087
4 1.44 1.2909
7 0.3 0.2538
7 0.2625 0.3225
7 0.06 0.115
6 2.8725 2.909
4 2.1675 1.4197
7 0.135 0.1708
6 1.9125 1.9837
7 1.545 1.7368
7 0.795 0.7582
6 1.1025 1.161
5 1.3125 1.4028
4 1.0275 1.3308
6 0.285 0.2592
4 2.985 2.9796
5 1.0575 1.6991
6 0.195 0.2588
7 1.23 1.4662
7 2.9925 2.9537
6 2.9775 3.034
6 0.9675 1.01
4 0.2625 0.2899
5 0.8475 1.6435
4 0.3075 0.2973
5 0.795 0.8336
6 1.9725 2.3275
5 0.8475 0.8719
5 2.9625 2.7741
5 0.5025 0.4953
7 0.3075 0.3278
5 1.71 1.1814
4 2.505 2.5441
6 1.62 1.5569
4 1.095 1.5288
4 1.53 1.3478
4 0.39 0.1833
6 0.1725 0.1191
4 0.72 0.3001
5 2.6925 2.5884
5 0.1275 0.2322
6 1.8375 2.2159
7 1.9425 1.6446
6 0.1725 0.0128
5 0.9525 0.9199
4 0.5925 1.3737
6 2.3625 2.2528
7 0.7725 0.6698
4 0.345 0.1929
4 2.64 2.7064
5 1.26 1.0706
6 1.9275 2.1382
6 2.6325 2.6442
5 2.985 2.9019
7 2.0175 1.8173
7 1.8 1.6662
4 0.24 0.2
4 1.6275 1.9797
4 2.1 1.5387
5 1.4325 1.3717
6 1.245 1.3724
6 1.1475 1.517
5 0.7125 0.9255
4 1.53 1.0012
7 2.2875 2.3685
5 2.3025 1.8385
6 1.845 1.6905
4 1.74 1.4855
7 0.27 0.3357
6 0.8325 1.0928
4 2.805 2.7503
4 0.675 1.6753
4 0.09 0.14
4 1.5225 1.4959
4 0.465 0.6523
5 1.89 1.5122
5 0.4275 0.4566
5 2.445 2.4329
4 1.815 1.5871
7 2.685 2.7021
7 2.4525 2.4602
4 2.505 2.4774
7 2.2725 2.277
7 1.2075 1.3673
5 1.395 1.1569
5 1.2675 1.4056
6 2.0325 2.0017
5 2.115 1.6734
4 1.8825 1.4604
6 2.9475 2.9921
5 0.645 0.5253
5 1.8 2.107
7 2.6625 2.5695
6 2.3925 2.4166
7 1.7925 1.9155
7 0.0075 0.011
7 2.31 2.2434
5 1.545 0.8475
4 1.05 0.5018
5 1.4175 1.3834
4 1.5225 0.5719
6 0.2325 0.0953
7 2.9025 2.9453
5 0.5025 0.4928
6 2.565 2.6549
7 1.59 1.1887
7 0.84 0.8472
7 0.045 0.0432
5 0.7125 0.5569
5 0.6975 0.6816
5 2.955 2.9549
7 0.2175 0.1848
5 0.15 0.2215
6 2.0625 1.5098
7 0.225 0.2312
7 1.4775 1.4081
4 1.53 0.7841
7 1.2375 1.5592
7 1.2375 1.4555
6 0.075 0.008
5 1.1775 1.1769
4 0.33 0.0766
4 2.3475 2.5117
7 0.9975 1.1368
6 1.275 1.1613
5 2.055 2.1047
4 2.0175 1.4808
5 0.84 1.3163
5 2.295 1.8299
4 0.57 1.1366
4 1.17 1.6966
6 0.4125 0.4266
4 0.6075 0.5729
7 0.96 0.9102
6 1.2825 1.9372
7 0.5625 0.5292
4 0.7725 0.8267
4 1.7175 0.8002
7 0.3975 0.4312
6 0.8625 0.6396
5 0.2625 0.2255
4 2.595 2.6951
7 0.6075 0.5686
5 1.1475 0.9358
5 0.2625 0.3189
5 0.2925 1.0631
7 0.93 1.458
4 2.4225 2.0943
7 0.195 0.2592
6 2.505 2.5276
5 2.94 2.9108
7 1.2075 1.7337
7 2.7225 2.7118
5 1.3125 1.3846
5 0.6525 0.8374
7 2.265 2.3416
5 1.2825 1.3379
6 1.9425 1.7652
5 0.195 0.1982
4 1.11 0.6762
4 0.3675 1.4316
7 1.1025 1.2009
4 2.4975 1.785
7 1.2375 0.975
4 0.3975 0.7752
6 1.89 1.6774
5 0.375 0.4289
6 1.725 1.458
7 0.03 0.0718
5 1.4175 1.8628
7 1.8975 1.5943
7 2.97 2.9073
5 2.1525 2.0644
7 2.535 2.6748
6 2.5875 2.6906
6 2.985 2.9645
4 2.2575 1.9535
4 1.1025 1.3694
5 2.325 2.3129
5 1.7175 1.7732
7 0.27 0.3745
5 2.0025 2.0747
4 2.9775 2.7642
6 0.675 0.7529
6 0.2325 0.2023
6 0.8175 0.8491
7 0.39 0.4699
6 1.0575 1.6408
6 0.6225 0.5522
4 0.18 0.0382
4 2.595 2.5605
6 1.8975 2.078
5 2.2875 1.6898
7 1.455 1.7169
7 1.155 1.0947
6 0.375 0.3677
4 1.875 1.749
7 1.7475 1.6776
4 2.445 2.3354
5 0.345 0.4629
5 2.76 2.7159
4 2.6025 2.7893
5 1.56 1.5273
4 0.9525 1.0384
4 1.4025 1.5507
5 0.27 0.1798
7 0.285 0.2992
6 0.9825 1.0514
4 2.64 2.4707
4 2.25 1.8043
7 1.725 1.5515
7 2.295 2.2229
7 2.4375 2.4134
6 2.385 2.39
5 1.38 1.7454
7 1.5375 1.4382
5 2.28 1.7979
5 1.3125 1.8511
5 0.51 0.353
4 2.205 1.908
7 1.2525 1.5978
5 1.455 1.4307
4 1.4625 1.649
5 1.3575 1.7521
4 0.465 0.55
7 0.255 0.1684
4 1.245 2.1045
5 0.2925 0.2216
4 0.12 0.0108
6 0.1575 0.189
6 0.42 0.4573
6 2.715 2.7789
5 0.9225 0.6447
7 1.695 1.7898
5 2.865 2.7997
4 2.235 2.4567
7 0.5775 0.5567
6 0.045 0.0326
7 1.575 1.8944
6 1.2075 1.2546
5 0.03 0.0193
6 1.7025 1.6167
5 0.72 0.865
4 1.395 1.7683
7 1.9875 2.2459
5 2.805 2.8864
5 0.15 0.1024
6 1.14 1.5132
4 0.9075 1.6569
5 2.5725 2.3575
6 0.6975 0.764
4 2.775 2.8777
7 0.855 0.885
7 2.7525 2.8025
4 1.2525 0.6488
5 1.74 1.6621
4 1.9125 1.0601
6 1.6275 1.468
5 0.4575 0.641
4 2.19 1.6252
7 1.875 1.5278
7 1.8675 2.1094
7 2.0925 2.032
7 1.455 1.3818
6 0.105 0.1332
6 0.315 0.3142
7 2.91 2.7707
5 1.635 1.4773
7 2.49 2.4853
6 1.05 1.3341
4 1.8 2.1668
7 2.625 2.6389
4 2.805 2.8306
5 0.0675 -0.0763
4 0.345 0.4667
7 1.6275 1.4733
5 0.06 0.0671
5 2.025 1.7531
6 1.0275 1.0826
4 0.66 0.6844
5 1.0125 0.8008
6 2.415 2.4876
6 0.135 0.1978
4 1.1625 1.0992
5 2.6325 2.3892
7 1.95 2.1133
4 1.3125 1.7228
7 0.735 0.721
5 0.6675 0.5744
6 1.3425 1.1593
5 0.1725 0.3422
7 2.82 2.8954
5 0.3375 0.4586
5 2.4375 2.346
4 1.815 1.4111
5 0.84 0.9534
7 1.5375 1.9284
4 1.905 1.6349
4 1.02 1.6166
5 1.9725 1.366
7 1.17 1.5495
5 1.2 1.3036
5 1.8 1.6867
4 2.1975 1.597
7 2.52 2.4751
7 1.4925 1.6138
5 0.1125 0.2459
4 1.8375 1.1536
4 0.465 0.6035
7 0.9675 1.1
4 0.78 1.214
5 0.6 0.714
7 0.435 0.441
4 1.38 1.483
6 1.185 1.2234
7 0.9375 1.1184
7 0.2775 0.2322
4 1.6875 1.2036
6 2.04 2.1653
5 1.05 0.8821
6 0.135 2.7494
5 2.145 1.8303
6 0.8175 0.7152
5 1.7475 1.7838
4 1.14 1.3497
5 2.8425 2.7728
7 0.1275 0.0079
5 2.49 2.5364
5 2.715 2.7629
5 1.14 1.4712
7 0.9675 0.915
7 2.715 2.671
6 2.6775 2.7398
7 2.6025 2.6527
6 2.97 2.9504
5 2.37 2.1609
6 1.1775 1.1673
6 0.63 0.6385
4 2.175 2.0514
5 1.65 1.2402
4 2.43 2.3728
4 0.225 0.0943
7 1.8525 1.7072
6 1.02 1.3166
5 1.485 1.5788
5 1.1475 0.7819
5 2.04 1.9278
7 0.48 0.4776
4 2.1525 1.4922
6 1.8675 1.6125
5 0.87 0.7445
4 1.47 1.386
4 0.45 0.1881
7 1.035 1.3181
5 1.8525 1.4393
4 1.8375 2.0537
6 2.805 2.8129
7 1.7625 1.9663
4 0.63 0.888
6 2.5125 2.4777
4 1.9725 2.0541
4 0.1725 0.5909
6 2.115 2.016
4 0.5025 1.1486
6 0.72 0.7768
6 1.5525 1.3643
6 0.1425 0.0761
6 0.315 0.3271
7 0.255 0.239
4 2.925 2.9485
6 2.1 2.2852
7 1.785 1.4806
5 2.055 2.0392
5 0.63 0.4407
6 2.4225 2.3682
6 0.765 1.0393
4 2.1225 2.1569
6 1.7175 1.5372
5 1.9425 1.3595
7 2.4375 2.3651
7 1.7775 1.3953
6 2.0625 2.0184
7 1.7775 1.6667
5 0.975 1.1048
4 1.5375 2.0555
5 1.98 1.6698
5 1.59 2.1013
4 2.3475 1.7813
5 0.585 0.6007
6 2.49 2.4783
6 1.8825 1.3812
4 2.715 2.6851
5 2.94 2.8562
6 0.18 0.1075
6 0.4425 0.3477
5 1.9725 1.4149
5 1.995 1.9356
4 1.815 1.6284
4 2.895 2.8018
7 1.1175 1.2557
7 1.485 1.6001
7 1.14 1.3143
7 1.0575 1.1594
5 2.0925 1.7038
7 0.885 0.9442
4 2.625 2.3942
6 0.8475 0.6384
7 1.83 1.6994
5 2.6775 2.6145
4 0.7125 0.9858
5 0.975 0.6658
4 2.265 1.699
4 0.75 0.9568
4 1.095 1.635
7 1.4775 1.6767
7 2.88 2.8945
4 0.5775 0.4086
4 0.4575 0.3083
5 2.8575 2.8986
7 0.84 0.7464
6 2.745 2.6923
4 1.2375 1.4187
5 0.1875 0.2054
5 2.175 1.647
7 0.555 0.7383
6 0.72 0.6785
7 1.3425 1.2521
7 1.5 1.6383
4 1.92 1.581
5 1.0875 1.7209
7 0.9675 0.9368
7 1.3425 1.0502
5 1.725 1.5914
4 0.765 0.6897
6 1.635 1.4765
5 1.8375 2.1366
6 1.9875 1.789
5 2.9475 2.901
6 1.8675 1.9877
5 2.475 2.2928
5 0.2925 0.4057
6 0.1575 0.2403
6 1.7175 1.9255
7 2.97 2.8804
5 2.9175 2.841
7 0.7725 0.7366
4 0.2475 0.5289
6 0.93 0.9637
5 0.84 1.0877
5 2.2125 2.2738
7 1.7025 1.3881
5 0.825 1.4105
6 0.495 0.5061
6 1.4625 1.6687
4 1.1775 1.6518
6 1.905 1.9297
6 0.57 0.8824
5 1.6125 1.3096
4 0.8175 1.0869
4 2.085 2.046
7 0.5475 0.5811
4 2.7675 2.6257
4 0.2475 0.2356
6 0.015 0.0177
6 2.07 1.5636
7 1.6125 1.4315
5 0.8475 1.3192
6 1.47 1.6328
5 1.635 1.3992
5 2.895 2.9008
6 0.1875 0.1779
4 1.65 1.3527
6 0.81 0.9468
6 1.395 1.7123
4 1.1475 1.2723
6 0.9675 0.9508
6 0.7725 1.1039
6 1.2525 1.4778
7 1.1775 1.1595
7 1.1025 0.9879
5 2.5575 2.5542
5 2.61 2.6572
7 1.0275 1.0153
6 2.4075 2.4809
7 1.815 1.6424
7 1.71 1.7694
7 1.3425 1.2278
6 1.3125 1.0234
5 2.2725 1.8413
6 0.735 0.767
4 0.1875 0.3309
5 0.7125 0.8855
6 2.865 2.8215
7 2.8875 2.831
4 1.7925 1.9422
7 1.5825 1.6075
7 2.295 2.3952
5 1.6875 1.6167
4 2.415 2.2981
5 0.7275 0.8211
7 1.1925 1.3791
5 1.1625 0.9306
4 1.7625 1.3647
7 2.925 2.8996
4 2.04 1.2737
5 2.97 2.9417
6 0.915 0.9274
6 1.47 1.8345
7 0.705 0.7236
7 1.23 1.397
7 0.63 0.6624
7 1.9125 1.781
6 1.4175 1.5893
4 1.0575 1.8448
7 1.74 1.8648
7 0.27 0.3006
7 0.39 0.4286
4 2.94 2.8553
6 0.1725 0.1456
7 0.4125 0.3205
7 1.08 1.4099
7 2.0475 1.7788
7 1.4925 1.2944
7 2.7375 2.7897
4 1.635 1.3947
5 1.395 1.7272
5 2.445 2.1458
7 0.8925 1.0581
6 1.7775 1.9219
5 0.42 0.7271
4 2.28 1.058
6 0.15 0.1908
7 0.9525 1.087
6 1.74 1.5523
5 2.4825 2.5706
7 0.78 0.9343
7 2.5575 2.5849
4 2.76 2.9027
6 2.64 2.6983
5 2.58 2.4129
5 1.17 1.7745
4 1.755 0.8664
7 2.1 2.1109
5 0.6225 0.4506
6 2.025 1.7293
6 0.945 1.4442
6 2.01 1.9715
7 2.565 2.6024
6 0.7875 0.6458
7 1.2675 1.3854
7 2.715 2.7092
4 2.3325 1.3048
6 1.9875 1.7561
7 0.7125 0.7134
6 2.625 2.7016
4 1.1175 1.0285
6 1.305 1.6291
6 2.9775 2.9142
4 1.5975 1.5052
5 2.115 1.5289
5 2.925 2.881
6 0.1725 0.2066
5 2.6175 2.5443
4 1.0725 1.1577
6 1.3875 1.6191
6 1.905 1.9552
6 1.5 1.2466
4 1.8225 2.0019
6 2.055 1.7935
4 2.295 2.5314
6 0.21 0.094
5 2.5875 2.6669
5 0.0375 0.0732
4 0.5775 1.0271
4 0.0825 0.3235
6 0.0225 0.162
7 2.19 2.0246
7 2.0325 2.2567
6 1.53 1.1068
5 1.32 1.5394
7 2.895 2.8634
6 2.49 2.6415
4 1.6125 1.1195
4 0.075 0.0863
7 2.1975 2.2615
6 0.0525 0.0156
5 0.195 0.2945
7 0.705 0.7884
6 0.21 0.2444
5 1.2225 1.6245
7 2.8875 2.8948
4 0.06 0.229
4 1.1325 0.6258
6 0.3675 0.3836
7 1.59 1.2151
5 0.5175 0.5103
4 0.45 0.2463
6 2.865 2.8574
4 2.04 1.2155
5 2.4075 2.4412
7 0.0675 0.0614
4 2.19 2.4405
6 2.2725 2.2894
5 1.71 1.7059
4 1.14 1.4474
7 2.985 2.9282
7 0.6375 0.5909
4 1.845 1.3071
7 2.205 1.9613
6 2.5875 2.5011
4 2.85 2.9588
6 1.3125 1.6571
4 1.41 1.0808
5 2.2575 2.4406
4 2.5425 2.6652
6 0.435 0.3409
4 1.8975 0.8934
6 0.12 0.0906
5 0.825 1.2061
6 2.85 2.8445
5 1.7625 1.6351
6 2.88 2.9087
6 2.7825 2.8265
6 2.775 2.7831
7 0.1875 0.1246
7 0.555 0.576
7 1.71 1.7051
7 2.1075 1.7999
4 1.71 1.7744
7 0.1875 0.1823
4 2.5725 2.578
7 1.02 1.4259
5 2.1525 2.4566
6 2.295 2.2209
7 0.0375 -0.0076
7 0.72 0.6801
6 1.8225 1.7876
7 1.4775 1.3902
6 1.02 1.762
4 2.82 2.6832
6 2.07 1.6897
6 1.395 1.5282
6 2.085 1.863
5 0.8175 1.6899
4 0.825 1.1569
7 0.3675 0.3273
4 1.5975 1.4789
7 0.1125 0.0789
4 2.3025 2.1823
7 1.3725 1.0084
5 2.8875 2.8664
7 0.03 0.0589
5 2.325 2.0278
7 0.4275 0.5455
7 2.5125 2.5273
7 1.5525 1.1666
7 0.8325 0.7681
7 2.115 2.194
7 1.845 1.3674
5 2.3175 2.4037
6 1.875 2.0766
7 2.055 2.1415
4 0.1125 0.1137
5 1.41 1.9873
6 2.94 2.8762
6 1.665 1.554
4 2.595 2.5623
6 2.7 2.7107
6 2.4825 2.5199
6 2.145 1.7314
6 1.8225 1.4667
7 2.4525 2.4498
6 2.5275 2.5762
7 2.7225 2.6628
6 1.0875 1.1856
4 0.06 0.055
5 2.8875 2.869
6 2.7975 2.8099
5 1.3725 1.7798
7 1.2 1.3448
7 2.94 2.9624
7 0.945 1.0858
7 1.5525 1.8574
5 0.7875 0.7712
4 0.27 0.2017
4 1.3425 1.1873
4 0.105 0.0142
7 0.8175 0.7965
4 0.4275 0.4848
5 2.4375 2.1708
4 1.5 0.895
6 1.3725 0.9739
5 0.48 0.5206
6 2.925 2.9913
7 1.89 1.7398
7 0.9525 1.0485
7 0.9975 1.2227
4 2.8875 2.473
7 0.0375 0.0693
4 1.0125 0.6896
6 2.73 2.6275
5 1.305 1.625
5 1.4775 1.0609
4 0.2925 0.18
6 2.295 2.3628
5 1.215 2.004
4 1.2675 1.3532
7 0.9975 0.9937
4 0.48 0.5829
7 1.38 1.6151
6 1.455 1.6525
5 2.235 2.22
4 2.595 2.3927
7 0.63 0.6082
5 2.0325 1.5298
6 1.7925 1.3027
7 0.12 0.1009
7 1.5525 1.3495
7 0.1725 0.0582
6 2.0625 1.8929
6 2.43 2.3432
5 0.51 0.4329
6 1.44 1.7232
7 2.3775 2.3923
7 2.595 2.6016
5 2.1825 2.2363
7 0.645 0.5165
4 1.8225 1.9906
4 2.76 2.6195
7 0.1275 0.1804
6 2.985 2.9737
6 0.2025 0.343
6 2.2275 2.2212
6 1.755 1.4135
6 1.8975 1.5859
7 2.805 2.8206
6 1.725 1.5772
5 1.4925 1.4361
6 1.3725 1.7611
5 0.15 0.2651
7 0.3075 0.4424
4 2.52 2.5533
4 1.6875 1.4967
6 0.885 1.2615
4 0.105 0.1555
5 0.2025 0.1576
7 2.0475 2.1131
7 1.2675 1.2365
4 2.595 2.661
4 1.35 1.9638
7 2.52 2.5555
5 0.555 0.4816
4 2.2125 1.2435
7 2.3025 2.3402
6 2.88 2.9219
5 1.17 0.8736
4 2.565 2.4475
4 0.945 2.308
4 1.5375 1.8402
4 1.785 2.1426
4 0.36 1.0588
7 1.4175 1.7853
4 1.545 1.9662
7 0.8325 0.7536
7 0.9375 1.0113
7 1.395 1.4256
4 0.5175 0.4906
7 0.12 0.2174
4 0.2325 0.4614
4 0.2475 0.3552
5 2.7225 2.6876
6 2.43 2.39
5 1.485 1.7023
4 2.6625 1.92
5 1.53 0.8188
5 2.9925 2.8006
6 0.36 0.3717
6 0.6675 0.6786
7 1.0875 1.2899
7 0.6525 0.6153
4 2.4 2.3544
6 2.5125 2.436
7 2.3625 2.3797
7 1.215 1.2104
7 0.24 0.2365
7 2.7825 2.7881
4 0.42 0.7553
6 0.165 0.2365
6 1.38 1.1145
5 2.3925 2.4368
6 0.045 0.069
7 2.0025 2.1489
6 1.1475 1.7579
6 1.935 2.1229
7 2.865 2.8556
5 1.6425 1.3643
7 2.0025 1.4524
7 0.195 0.2723
7 1.3725 1.3134
6 2.43 2.4504
5 2.6175 2.7009
6 2.91 3.0237
7 1.59 1.699
4 0.24 0.1295
7 2.0775 2.1136
7 2.43 2.482
6 2.685 2.7152
6 0.1575 0.1598
7 2.055 2.1356
6 0.5325 0.4726
5 0.3075 0.2046
4 0.5475 0.3998
7 0.7875 0.9575
6 0.6075 0.7723
5 0.8325 1.4677
5 2.1675 2.0565
5 0.8325 0.6354
7 0.63 0.6781
7 0.6975 0.653
4 2.16 1.2936
7 0.9225 0.977
7 1.5 1.1594
7 0.2775 0.3169
7 0.5025 0.5743
6 1.5675 1.3259
5 2.0025 1.4822
5 1.755 1.4355
6 0.795 0.9195
5 2.82 2.8775
7 0.42 0.4225
6 2.025 2.2364
6 0.51 0.4341
6 2.2575 2.2264
7 2.9325 2.945
7 1.155 1.3179
7 2.97 2.9411
7 1.4475 1.5063
7 0.495 0.5741
6 0.675 0.5741
5 0.4425 0.5224
6 1.485 1.1216
6 1.245 1.0954
6 2.6925 2.6504
6 2.61 2.6324
7 2.625 2.5815
4 2.37 1.826
5 2.2875 2.4291
7 0.57 0.671
5 1.965 1.1891
6 2.445 2.3937
7 2.0925 1.9957
6 0.09 0.079
4 2.4375 2.5272
7 0.9525 1.0674
4 0.36 0.3427
4 0.3 0.4051
7 0.705 0.6114
7 1.92 1.7469
6 2.6775 2.7013
6 0.555 0.594
5 2.2125 1.9182
4 0.015 0.0822
7 1.47 1.5095
7 1.815 1.8063
6 2.22 2.3001
4 2.0475 2.1608
6 0.675 0.7101
7 0.6825 0.7631
7 1.4325 1.192
7 2.28 2.3856
4 0.6675 0.456
5 0.3225 0.2414
6 2.3625 2.4681
6 1.1025 0.9985
4 2.1075 1.6467
5 1.62 1.7727
6 0.4125 0.3701
5 2.1225 2.2648
4 0.9825 1.4661
7 0.69 0.7736
6 0.8925 0.9805
5 0.4275 0.3628
6 0.1575 0.1868
4 0.66 1.615
7 2.4375 2.4339
6 1.455 1.5886
4 1.995 1.9772
5 2.7375 2.743
7 2.325 2.1389
6 1.065 1.3505
6 2.6175 2.6488
6 0.735 0.5436
4 1.755 2.451
5 1.365 0.9608
4 2.1675 2.2871
4 1.4925 1.026
7 2.5725 2.5733
4 2.3475 2.0176
7 2.8575 2.846
6 1.0575 1.0717
6 0.66 0.6265
7 1.68 1.5538
5 1.5975 1.8548
4 2.475 2.5679
4 2.34 2.5052
7 0.6975 0.7571
5 2.7525 2.792
6 1.1025 0.6648
7 1.6575 1.6326
4 1.0275 0.9888
5 0.6825 1.4889
4 1.5675 1.4948
4 2.07 2.2609
6 0.5775 0.7429
7 2.7375 2.8259
4 2.64 2.8478
6 1.26 1.2117
4 0.225 0.1005
5 0.405 0.2373
5 1.305 1.8615
6 1.0875 1.4243
6 2.9925 2.9834
6 0.96 0.7939
5 1.3275 1.7072
6 1.74 1.4498
4 0.39 0.2087
6 2.55 2.5057
4 1.0725 1.3416
6 1.6725 1.4426
5 0.5475 0.7172
7 2.0175 1.911
4 0.6525 0.5805
4 0.7725 0.5541
4 2.835 2.7198
6 0.5925 0.6317
6 1.995 1.7169
7 0.3525 0.4522
4 1.065 1.8219
6 1.4625 0.4777
7 2.235 2.379
5 1.62 1.6213
7 1.8675 1.9023
4 2.4825 2.3294
6 0.03 0.0497
5 0.3 0.4103
7 1.0875 0.9025
4 2.6775 2.6219
5 2.13 1.991
6 0.3225 0.24
5 1.17 0.8552
6 1.965 2.0285
7 0.42 0.4527
7 1.7775 1.39
7 2.6925 2.7091
7 1.905 1.6032
5 0.3675 0.2679
7 1.7925 1.3318
4 0.015 0.1666
5 1.7775 1.1107
7 2.4825 2.4577
7 0.99 1.2362
6 1.0425 1.5087
4 2.445 2.5404
7 1.4775 1.3783
7 1.275 1.5944
5 0.2925 0.4732
6 1.2075 1.4842
6 2.76 2.8115
4 1.725 0.8167
4 2.9325 2.9633
6 1.5 1.5567
6 2.9475 2.9316
7 2.745 2.7156
6 2.3925 2.4186
7 2.4075 2.4341
7 2.865 2.9111
4 2.3475 2.5347
6 2.925 2.932
4 2.58 2.7301
6 2.6925 2.6705
5 0.5625 0.658
4 1.845 1.5555
6 0.8925 1.0115
6 2.7225 2.627
7 2.235 2.3089
7 2.5725 2.5434
4 2.76 2.8082
6 0.4875 0.4942
4 1.125 0.7313
4 0.4875 0.6919
6 1.245 1.2592
6 0.9075 0.8301
6 2.6475 2.7122
6 1.245 1.104
5 1.755 1.7262
5 2.4825 2.0364
7 1.47 1.739
5 1.59 1.1083
5 0.1425 0.1035
5 1.62 1.1892
7 0.27 0.276
4 1.8525 1.4325
7 1.4775 1.363
4 2.0625 2.2315
6 2.0775 1.7046
5 0.99 1.23
5 2.9925 2.8802
6 0.33 0.3476
7 0.285 0.3072
4 0.9675 1.2181
4 2.7225 2.7582
7 0.72 0.8701
7 0.615 0.6694
4 1.8075 1.4453
5 1.455 2.0309
4 0.15 0.3579
4 0.345 0.513
7 1.6275 1.7156
6 1.935 1.3282
7 2.3775 2.2432
7 1.9875 2.1024
5 2.6625 2.547
4 2.6025 2.7871
6 2.235 1.957
5 2.6025 2.5325
4 0.33 0.4764
4 1.9575 0.9343
5 1.0125 1.0825
4 0.6675 0.7483
6 0.105 0.1141
6 2.52 2.4132
5 2.985 2.8687
6 1.035 1.1703
7 0.3075 0.3105
4 2.0775 1.3556
6 2.4375 2.3982
7 1.5075 1.5023
4 2.2125 2.4512
7 2.3925 2.3728
5 1.3575 2.0774
7 2.0925 2.1595
6 0.3525 0.329
7 1.44 1.9032
6 2.7375 2.7049
6 1.3875 1.7703
5 2.5875 2.6333
5 2.4075 2.544
4 2.9925 2.8103
7 2.445 2.3548
7 1.38 1.7663
4 1.215 1.4346
5 0.4575 0.4357
6 0.9975 1.2066
4 2.565 2.3586
4 0.585 0.7772
6 1.965 1.9632
6 1.1775 1.2667
4 0.3675 0.7392
7 2.82 2.8537
5 0.465 0.6007
5 2.835 2.6397
4 0.6375 0.9091
6 1.2075 0.7771
4 1.71 1.6426
5 2.295 2.3278
7 0.0075 -0.0236
5 1.3575 1.0599
5 2.385 2.3849
7 0.51 0.4464
5 1.0275 1.5589
5 1.11 1.1675
7 1.395 1.5675
6 2.94 2.8994
4 0.855 1.0624
5 2.88 2.835
6 2.7375 2.7736
4 2.745 2.7484
6 0.54 0.5063
6 0.27 0.1313
5 1.4325 0.97
6 1.2225 1.4698
5 0.8775 0.8108
6 0.405 0.4133
6 0.1275 0.2111
4 0.8325 2.1708
4 1.6875 2.4808
6 2.9925 2.9742
5 1.815 1.81
6 2.07 1.6899
6 1.68 2.2267
6 2.9775 2.9131
7 0.6525 0.6919
5 0.9375 0.8737
4 0.96 1.3206
6 2.535 2.513
6 0.195 0.2733
7 0.5925 0.6036
4 1.0575 0.7854
6 2.01 2.2116
5 0.78 1.3485
5 1.17 0.8665
5 1.2825 1.1496
7 2.4 2.4426
5 1.8 1.355
5 1.44 2.0668
4 0.39 0.1978
6 2.8275 2.701
4 1.2225 1.0039
4 1.2975 0.6313
7 2.655 2.6988
6 2.22 2.3734
5 1.365 1.4444
7 1.11 1.2631
7 0.075 0.155
5 0.9975 1.2447
6 1.8075 1.6609
5 0.7575 0.8217
7 0.9525 0.9376
7 2.1225 2.032
5 2.3925 2.3152
6 2.3025 2.3947
5 2.8275 2.7425
4 0.975 1.8909
5 1.77 1.8078
5 1.2375 1.1296
4 1.5 0.9154
5 0.39 0.3851
4 1.245 1.4025
6 0.435 0.4125
6 0.54 0.6171
4 1.1325 2.1281
6 1.2525 1.826
5 2.3175 2.1767
7 1.125 1.4175
7 2.2275 2.1624
7 1.83 1.6293
7 0.9825 1.6814
4 0.6825 0.5182
7 1.8975 2.0141
5 1.035 1.1688
7 0.975 0.8984
5 0.675 1.5188
5 2.4225 2.5541
4 1.35 1.5803
6 1.9575 1.651
7 0.6525 0.7036
7 0.855 0.9561
4 2.2575 2.5756
4 0.525 0.4338
7 1.1625 1.003
6 1.9125 1.4712
6 0.7275 0.5116
4 1.335 1.1258
5 1.125 1.3594
6 0.285 0.2279
5 2.1075 2.2104
6 1.8675 1.8059
6 2.9175 2.9635
6 1.0575 1.3285
4 2.535 2.2889
4 0.615 0.6801
5 1.155 1.3985
7 0.075 0.064
4 1.545 1.9719
6 1.4475 1.6809
6 2.8725 2.8504
6 0.6975 0.6303
5 2.025 1.8408
6 0.825 0.7859
4 0.675 0.8081
4 1.7625 1.4653
5 2.97 2.8549
7 1.0125 0.8941
4 2.9475 2.962
4 2.9775 2.9037
6 0.6225 0.4697
6 1.185 1.1702
6 2.9925 3.0459
5 1.83 1.9831
6 2.79 2.8986
7 0.0825 0.1116
5 0.4575 0.4413
4 1.1775 1.3085
7 1.8225 1.8561
7 2.175 2.3755
6 1.05 1.0918
5 0.51 0.3778
4 0.675 0.5339
5 0.6375 0.8768
6 1.7775 1.5981
5 0.5025 0.7891
7 1.8825 1.8284
5 0.12 0.1679
7 1.8525 2.094
4 0.7425 0.5885
6 0.5775 0.5107
7 0.5025 0.4606
4 0.5625 0.3289
5 2.5875 2.6017
6 0.06 0.0916
7 1.0275 1.1673
5 0.825 1.1079
6 1.4925 1.3619
5 0.6 1.139
4 1.14 1.3023
4 1.0575 0.9648
5 0.165 0.2332
6 1.065 1.5689
7 1.875 2.0027
4 0.45 1.3116
7 0.195 0.224
6 2.385 2.3528
4 1.32 2.192
5 0.9375 0.6504
4 1.0275 1.6194
7 1.4775 1.473
5 2.76 2.6578
4 2.1975 1.7234
7 1.5 1.5896
6 0.1575 0.1433
4 1.5225 0.8576
5 0.84 0.946
6 1.425 1.3636
7 2.0925 1.9171
6 2.1075 2.042
4 1.44 1.5165
5 2.7225 2.8782
4 1.32 2.1584
7 2.205 2.2469
5 2.4375 2.5855
4 1.9275 1.3774
4 0.6 0.5538
7 1.2975 1.2077
6 1.5 1.7839
5 1.185 1.2921
6 2.595 2.6243
7 1.3275 1.6131
7 1.3275 1.324
5 2.28 2.1522
4 0.4275 0.3727
5 2.265 2.2609
5 2.8275 2.6263
5 2.67 2.5956
5 2.82 2.9263
7 1.7775 1.494
5 2.0925 2.1366
7 2.04 2.0835
4 0.195 0.1755
6 1.365 1.5475
4 2.7825 2.6509
6 1.65 1.8868
6 0.7125 0.8481
5 2.46 2.2796
6 2.67 2.7639
5 0.975 1.6523
4 2.2425 2.793
4 2.2725 2.2689
7 1.7925 1.7655
6 2.2275 2.1717
7 0.96 1.0383
4 1.8525 0.9367
5 1.3125 1.7898
7 2.5425 2.6427
5 2.775 2.684
5 2.2425 2.0314
5 1.575 1.2144
6 0.585 0.607
5 2.025 2.2117
4 0.39 0.9544
4 1.05 2.0403
4 0.33 0.4658
6 1.5075 1.381
4 1.9725 2.1647
6 1.875 1.8464
5 1.11 1.5484
4 0.5325 0.5424
4 2.655 2.7555
4 2.3175 2.3636
6 0.675 0.752
7 0.315 0.2914
5 1.7625 1.3985
7 2.595 2.5336
7 1.155 1.0958
6 1.185 1.6791
4 1.05 0.7858
6 2.895 2.8872
6 0.855 0.8129
4 0.6225 0.1856
4 1.125 1.8525
7 2.6625 2.6546
6 0.66 0.7941
4 0.705 1.8389
7 2.3025 2.2981
6 1.5 1.5409
6 2.58 2.6108
6 1.9275 1.781
7 1.3425 1.4502
7 2.415 2.3707
5 2.025 2.0607
6 2.2575 2.1999
5 1.2975 1.056
6 1.11 1.3111
6 2.55 2.398
4 2.0325 1.115
5 0.6525 1.0817
7 0.405 0.3691
7 1.1775 1.4572
6 2.715 2.7947
7 1.1025 1.4364
5 0.315 0.373
6 2.22 2.0994
7 0.9675 1.0337
5 0.2025 0.2105
4 0.255 0.0823
5 1.7025 1.8977
4 1.365 0.9381
7 2.415 2.2932
7 1.605 1.3206
4 0.165 0.174
6 1.2 1.5203
5 2.865 2.9183
7 0.5175 0.5339
4 0.78 0.8085
7 1.17 0.949
6 1.5525 1.7102
4 2.5725 2.4531
7 2.4075 2.3248
6 0.7575 0.7772
4 0.015 0.2806
4 1.725 0.6224
5 2.6175 2.53
7 0.6075 0.6386
6 0.6225 0.4764
7 0.405 0.4432
7 1.7475 1.6032
6 2.0175 2.1085
7 0.9375 0.7774
7 0.6675 0.5765
5 0.0675 0.0121
5 2.505 2.6807
4 1.665 2.1661
7 2.6775 2.7218
5 2.0325 1.9551
7 1.2975 1.5135
6 2.985 3.0099
6 1.8675 2.1652
6 1.395 1.1314
5 2.04 2.1251
4 1.4475 1.946
6 1.7175 1.6891
4 1.2 1.1225
7 0.48 2.7486
6 1.6575 1.0174
6 2.175 2.3458
6 1.6875 1.8175
6 0.3225 0.4655
6 1.7925 1.5923
6 1.2525 1.953
5 2.145 2.4791
4 1.635 0.7025
5 2.2275 1.8593
6 1.515 1.4792
5 0.8925 0.6675
7 2.5725 2.6084
6 0.1275 0.0881
6 1.8825 1.4721
6 1.0875 1.352
7 0.9225 0.9207
5 2.115 1.5325
5 1.8075 1.543
4 1.05 2.04
6 0.8925 0.7266
4 1.1175 2.0575
7 1.8825 1.764
6 2.895 2.8742
7 0.1125 0.1603
7 2.7525 2.813
4 2.2125 2.4883
5 1.365 1.7908
6 0.6525 0.6747
6 0.2925 0.2086
4 0.6225 0.3415
6 0.8475 1.1304
5 2.115 1.8035
4 1.1325 0.7145
7 1.305 1.1791
5 1.905 1.1324
7 1.1325 1.009
4 1.0125 0.9502
4 1.9875 1.3958
6 0.255 0.1499
6 0.0525 0.0778
7 2.46 2.4757
4 1.32 1.8564
4 0.39 0.6456
4 1.92 1.4491
5 1.725 2.2273
6 1.5375 1.4992
7 2.205 2.1528
5 1.1925 1.4408
5 2.7975 2.9413
6 0.525 0.4974
6 2.4975 2.4538
5 1.32 0.8307
6 0.84 1.1729
7 0.4275 0.4476
6 0.1275 0.2099
6 0.7875 0.6483
5 0.2175 0.2053
5 2.5425 2.5845
7 0.99 1.1723
5 1.8 1.629
5 0.135 0.1296
7 2.3025 2.3914
6 2.2575 2.312
4 2.955 2.7965
6 2.3775 2.3794
5 0.435 0.4365
4 1.08 0.6474
7 1.77 1.7586
5 1.6875 0.7549
5 2.9475 2.919
5 2.115 2.2495
4 0.03 0.1401
4 2.835 2.8777
4 2.6325 2.7539
5 1.545 1.7248
6 1.7175 1.0948
6 1.8825 1.1705
4 2.04 2.3369
4 1.6125 1.0011
4 1.3425 2.2553
5 2.805 2.8054
5 2.3475 2.4528
4 0.4425 0.4821
7 1.0125 1.1822
6 0.8175 0.9627
5 2.2125 2.2186
5 0.9375 1.088
6 2.5125 2.6681
5 2.97 2.9108
5 0.33 0.2438
6 1.9425 1.8476
6 2.625 2.6163
6 1.935 1.8823
7 1.7475 1.853
7 1.7625 1.825
5 1.7475 2.0346
5 0.615 0.5714
5 2.6925 1.7547
5 1.365 1.374
5 2.5575 2.6456
5 0.1725 0.1449
6 1.53 1.1598
4 0.6825 0.4994
4 2.52 2.6445
6 1.71 1.4584
5 1.5525 1.2331
7 0.9975 1.177
6 2.07 2.2025
6 2.3475 2.2539
5 2.6925 2.693
4 1.3725 0.7187
7 1.5075 1.7147
4 0.12 0.3026
6 0.9975 0.8988
6 1.9875 1.7503
6 2.565 2.5783
6 1.6725 1.8386
4 0.045 0.2061
4 0.63 0.5824
6 2.055 2.2261
4 2.085 1.3927
6 0.3525 0.3825
4 2.0175 1.726
4 2.805 2.7091
6 0.63 0.776
5 0.3675 0.4309
6 1.035 1.2068
4 0.75 0.5527
7 2.97 3.0226
4 2.46 1.6706
4 2.565 2.5644
4 0.5175 0.8756
4 2.2875 1.5322
7 0.5025 0.5387
7 0.555 0.6454
6 1.6875 1.369
5 0.8475 0.8146
5 1.485 1.0405
7 2.0625 1.9662
4 2.5425 2.4632
5 1.2825 1.5645
6 2.9925 3.0175
7 2.5575 2.6806
5 1.2525 1.3834
5 2.73 2.7444
5 1.89 1.8293
4 2.6625 2.8341
7 1.35 1.5144
6 2.1375 1.9542
5 1.9275 1.4445
5 0.4875 0.7204
5 1.5 1.2731
5 1.335 1.5198
7 0.06 0.0186
5 1.0275 1.7136
5 1.1325 1.1322
4 1.9275 2.0294
7 0.615 0.6532
4 1.905 2.451
4 0.945 1.7965
7 0.255 0.2285
6 2.3625 2.4531
6 2.9625 3.0743
5 0.1875 0.0186
6 2.2125 2.2805
4 1.2975 1.1129
4 2.325 2.0791
7 2.82 2.7451
7 1.5075 1.6787
7 2.925 2.9451
7 2.85 2.8868
5 0.8475 1.1783
7 0.375 0.4702
6 2.8275 2.815
5 0.2025 0.1982
6 2.9925 2.9007
6 1.74 2.1137
7 0.945 1.1722
7 2.0325 1.8519
6 1.08 1.2453
4 2.7975 2.8452
7 1.3125 1.4109
4 1.6575 1.8594
7 2.4825 2.5048
4 2.3475 2.3213
4 2.535 2.5311
5 0.5025 0.857
5 2.775 2.7837
7 1.365 1.5597
5 2.115 2.0204
4 2.6475 2.1465
5 2.7375 2.6822
6 0.1125 0.0758
5 2.8275 2.8338
4 2.235 2.1074
4 0.105 0.1478
7 2.1975 2.2113
7 0.4125 0.3456
4 1.1175 0.8613
6 0.8025 0.9014
5 0.54 0.5297
7 0.645 0.5318
4 2.25 2.3115
4 1.845 2.373
6 0.8775 0.7848
4 1.47 2.1054
6 2.9925 2.9458
7 0.9375 1.041
4 2.9025 2.9757
5 1.395 1.671
6 2.985 2.9308
5 0.5025 0.8237
5 2.9925 2.9653
6 1.4925 1.5389
4 0.9375 1.8497
4 0.4275 0.6274
7 1.005 0.9186
7 1.86 1.9094
4 1.335 1.4975
4 1.8975 2.1211
6 2.7675 2.7524
5 1.215 0.9992
4 1.14 0.9074
5 2.0025 2.0663
7 1.2075 1.1055
7 0.5775 0.7296
7 2.6925 2.6941
6 0.1575 0.1323
5 2.8425 2.8585
5 1.635 1.5372
5 1.08 1.3205
5 2.22 2.1334
7 0.0225 0.1027
4 2.805 2.6497
5 2.4975 2.4611
7 1.7925 1.5431
5 0.645 0.8569
7 2.1825 2.1761
5 0.945 1.1046
4 0.315 0.5455
7 2.025 1.9973
6 1.4775 1.1869
5 2.6925 2.795
7 0.315 0.3183
5 1.1325 0.7894
5 0.675 1.1645
5 0.135 0.1207
5 1.2525 1.5475
5 0.4575 0.4655
6 2.0475 1.7594
6 2.9775 3.0182
4 0.5175 0.7363
7 0.675 0.7799
6 0.4725 0.5228
4 1.5825 1.8568
7 0.2925 0.213
5 2.265 2.2818
4 0.915 1.2817
6 2.5125 2.58
5 2.1975 1.6245
5 0.72 0.6908
6 1.575 1.1898
4 0.48 0.6424
7 1.125 1.0266
7 1.53 1.693
7 2.46 2.4199
5 1.9125 2.2542
4 1.665 1.1671
4 2.64 2.7673
6 0.1875 0.2156
7 0.8925 0.8972
6 1.0425 1.4122
4 2.0325 1.5508
6 2.895 2.8151
6 1.7625 1.5712
5 1.365 1.3458
6 2.8275 2.8885
7 0.15 0.1264
5 0.735 0.9597
5 0.54 0.5746
6 0.51 0.4395
6 2.64 2.6923
6 0.705 0.85
7 1.35 1.7037
4 0.15 0.0667
4 1.56 1.4851
7 0.8325 0.8332
6 2.8275 2.8672
6 1.395 1.5129
7 0.5325 0.6449
5 1.125 1.8943
5 1.695 1.3744
4 2.6775 2.773
4 2.655 2.7529
6 0.225 0.2162
5 2.295 2.1003
7 0.96 0.9763
6 1.2225 1.4242
6 0.345 0.338
4 2.745 2.586
6 1.1625 1.4397
4 2.0925 1.377
5 0.075 0.0012
6 2.2725 2.4537
6 0.2025 0.2924
4 0.51 0.3709
6 2.79 2.8087
7 1.98 2.1187
5 2.2575 2.2243
7 2.25 2.2697
4 2.88 2.84
7 1.2525 1.5637
6 2.085 1.9035
5 1.605 1.7743
4 0.885 1.0902
5 2.085 1.3053
6 2.7 2.7455
7 1.8825 1.527
6 1.56 1.267
7 1.7475 1.7959
5 0.8475 0.5419
7 1.65 1.4952
4 1.0275 1.2412
6 1.4925 1.4416
5 1.38 1.601
7 2.5575 2.6307
7 2.82 2.8237
6 2.985 2.9509
7 2.67 2.69
6 2.7825 2.787
4 2.085 2.1221
4 1.02 0.5086
4 2.4525 1.481
5 1.47 1.2727
7 2.5575 2.3848
6 0.6225 0.6297
7 0.33 0.2463
4 0.84 0.658
5 1.0125 1.6316
5 2.385 2.14
5 0.3 0.324
4 1.545 1.6387
6 1.635 1.5166
5 2.7675 2.7783
6 0.54 0.6206
5 0.2175 0.1071
4 1.4625 1.8441
6 1.6425 1.656
6 1.605 0.9828
6 0.87 0.7152
7 2.9775 2.9973
7 1.05 1.2378
6 0.99 0.952
5 0.1275 0.2483
7 0.735 0.743
7 0.795 0.8174
7 2.2275 2.2222
7 2.265 2.1125
4 1.0575 1.1276
5 0.3225 0.4025
7 1.965 1.6816
5 2.0325 1.9826
6 2.835 2.8388
7 2.865 2.8982
7 1.89 1.8134
7 2.5125 2.579
6 1.785 1.9306
7 0.765 0.7738
6 0.0075 0.0873
6 0.6375 0.716
6 2.1525 1.9737
4 0.18 0.2469
4 1.77 1.7772
6 2.7525 2.725
4 0.615 0.863
6 1.7775 1.3778
7 1.5975 1.552
6 0.2775 0.2489
6 0.825 1.3292
7 0.6525 0.6858
6 0.0525 0.0271
5 1.005 0.8122
7 0.03 0.023
6 1.305 1.3442
4 0.7575 1.1227
6 0.8625 0.8742
7 1.8375 1.5619
6 2.5275 2.4817
6 1.575 1.318
5 0.765 1.2908
5 0.2475 0.2744
6 2.6475 2.5819
4 1.38 1.2358
6 0.135 0.1188
4 0.8775 1.3506
5 1.86 0.924
6 0.0375 0.0494
7 1.8 1.7557
4 2.1075 1.7779
7 0.3975 0.3901
6 2.145 2.1835
7 0.06 -0.0221
6 1.8225 1.6555
6 0.0225 -0.0052
4 1.1175 2.3804
7 2.4225 2.4582
5 0.7875 0.8207
7 1.815 1.5813
6 0.15 0.1757
4 2.0025 2.0373
6 0.3975 0.5886
7 0.54 0.5206
5 2.355 2.5437
4 1.2375 1.8057
7 2.985 2.9414
4 1.605 2.1318
5 1.125 1.6521
5 2.0025 1.2477
5 0.7275 0.8843
5 0.075 0.1348
5 0.0075 0.2345
5 1.905 2.0778
6 2.8575 2.8872
4 2.6175 2.4342
7 2.9925 2.9657
6 2.3475 2.4231
4 1.0125 1.3118
5 2.5125 2.5069
5 0.6525 0.9738
4 0.4575 0.3008
5 2.715 2.6902
7 1.35 1.3137
6 2.0925 2.1572
7 0.3825 0.1831
4 0.9975 1.5094
5 0.7575 0.5832
7 2.475 2.5245
4 0.7125 2.0408
4 2.7075 2.5934
6 1.245 1.3092
5 2.85 2.7662
4 1.4775 1.1359
5 0.48 0.3249
7 1.4625 1.3371
4 0.6675 0.7937
5 1.8075 1.0022
6 1.245 1.912
6 0.36 0.3267
5 1.905 2.16
5 2.535 2.4319
6 1.995 1.7181
5 2.28 1.8113
5 2.79 2.8809
6 0.165 0.267
5 0.57 0.6324
4 1.065 1.3082
5 2.5575 2.5588
7 1.635 1.3152
7 0.9825 1.1758
5 0.6075 0.7844
5 2.4825 2.2734
7 1.5825 1.568
7 2.4525 2.4167
4 1.515 1.1789
6 0.9675 1.1716
4 1.2375 0.95
7 0.9075 0.949
6 2.2725 2.2873
6 2.4975 2.633
4 2.115 1.4852
5 0.075 0.0638
5 2.73 2.9451
6 2.8275 2.8685
5 0.2625 0.3707
6 2.16 1.9048
5 1.635 0.7668
4 0.8025 1.2662
6 2.13 2.1009
6 0.825 1.0488
7 1.53 1.5079
5 0.7125 0.7966
6 1.1775 1.5548
4 1.1325 1.7341
7 0.8775 0.8007
4 0.3 0.2845
5 1.245 1.8739
5 2.4375 2.2903
7 0.525 0.3864
6 1.2075 1.6618
5 0.78 0.6271
4 0.4725 0.4424
6 0.075 -0.0208
7 0.5025 0.4384
7 2.535 2.6459
4 1.4025 1.6532
4 0.03 0.1867
4 0.36 0.2964
6 2.6175 2.4622
6 1.8825 1.4882
6 1.5525 1.1568
7 1.8525 1.1793
5 1.2825 1.538
4 2.295 2.1307
4 1.2825 1.3444
7 1.4325 2.0281
6 0.7875 1.038
4 2.7675 2.7076
5 0.015 0.0312
5 0.45 0.3678
6 1.4175 1.5027
4 1.905 1.273
5 1.9125 1.6204
4 2.1075 1.5937
7 1.1925 1.6513
6 2.4375 2.4556
6 2.8575 2.9087
7 1.5075 1.4063
5 0.0075 0.0401
4 0.675 0.7682
4 2.5875 2.4469
5 1.695 1.6951
4 0.2175 0.2251
4 1.6725 1.3314
5 2.6625 2.7218
4 1.6725 1.3614
4 2.865 2.7966
7 2.5125 2.5035
6 2.97 2.9803
6 0.885 1.1244
6 1.74 1.5047
5 1.0275 1.7978
4 2.865 2.6851
7 2.2425 2.2087
7 0.8625 1.1748
7 0.7875 0.9748
4 0.5625 0.4274
4 0.345 0.6188
5 0.4725 0.8401
7 0.39 0.2886
5 2.2425 2.2216
4 0.81 0.6015
5 2.82 2.7236
6 2.6625 2.7237
4 1.695 1.4068
6 0.015 0.0843
6 1.4325 1.3292
5 0.075 0.2209
5 1.6275 1.711
6 0.0225 0.0853
4 0.555 0.6898
6 2.0475 2.0214
4 1.665 2.1219
6 1.35 1.5393
5 2.685 2.7187
7 2.9625 2.9669
5 0.12 0.1518
4 0.72 0.9662
4 0.7875 1.1392
4 1.8525 1.847
4 2.6625 2.4723
5 0.33 0.4727
5 1.2525 0.7184
4 0.39 0.4575
5 2.79 2.8287
5 0.945 1.3915
6 1.11 0.9691
6 2.4675 2.5262
4 0.2475 0.15
4 1.1175 1.675
4 2.4675 2.5646
4 1.8375 1.2112
7 2.355 2.4105
5 1.185 1.1543
7 0.3375 0.3874
5 1.2975 1.4867
4 1.5525 1.8854
7 0.03 0.1047
6 0.5175 0.5424
7 0.42 0.407
7 2.73 2.7089
4 1.2 0.8514
5 1.6875 2.1908
6 2.2875 2.2931
6 1.6575 1.642
6 0.0225 0.0646
4 1.2975 1.0003
4 0.33 0.5934
7 0.0675 0.0417
6 1.395 1.3481
5 0.2625 0.3464
7 1.0875 0.9832
5 1.89 1.1095
4 1.26 1.4539
5 2.7675 2.815
5 2.9925 2.8582
4 1.65 1.1182
5 2.8125 2.8612
6 2.8575 2.8184
6 2.7375 2.7895
7 1.635 1.3106
5 0.1575 0.1116
4 2.85 2.8334
6 2.1075 1.8941
5 1.3125 1.8829
7 1.2075 1.2942
5 1.1175 1.6353
7 1.275 0.9735
6 0.9975 1.0427
6 1.035 1.1726
7 1.5525 1.4989
5 0.975 1.0527
6 2.055 1.6473
5 0.2625 0.3845
4 1.2075 1.0619
7 0.4125 0.5412
7 0.2325 0.1109
5 2.2725 2.2496
7 0.135 -0.0259
5 1.65 1.755
4 2.7375 2.8708
6 1.14 1.4679
6 0.8925 0.8619
4 2.43 2.2298
4 1.3125 1.4502
4 1.71 0.6292
5 2.385 2.3174
6 1.86 2.0005
5 1.3575 0.9646
6 0.015 0.1358
5 1.695 2.0783
6 1.695 2.0571
4 2.265 2.3947
4 2.8575 2.7944
5 1.275 1.4799
6 1.065 1.5122
7 2.34 2.3167
5 2.94 2.9074
4 2.2125 2.6806
7 2.1225 1.9095
6 1.6725 1.8262
5 1.86 1.983
7 1.065 0.8921
6 1.215 1.7069
7 1.3725 1.6787
4 1.305 1.2826
4 0.795 1.1725
4 0.135 0.1638
6 1.3425 1.9071
7 2.1375 2.0012
4 2.7375 2.7379
6 0.57 0.5366
4 2.5275 2.6647
4 1.305 1.7705
6 1.455 1.3431
4 2.25 1.7346
7 2.145 2.2236
6 2.925 2.7861
5 2.7675 2.7846
5 2.355 2.4446
4 0.2475 0.955
6 0.9675 1.4022
7 2.58 2.5808
4 1.3725 1.0146
6 0.6525 0.7024
7 0.7725 0.8104
7 1.4025 1.6271
6 2.055 1.2403
6 2.025 1.7009
6 2.5425 2.5773
7 2.7525 2.8071
7 0.15 0.1104
7 1.68 1.9195
5 0.975 1.1702
7 1.95 1.7228
5 2.625 2.6054
5 1.2225 1.7545
6 0.2625 0.291
4 1.77 0.8087
6 0.4425 0.3316
4 0.7125 0.6463
4 1.5675 1.0903
7 0.48 0.5733
4 1.1475 1.6843
7 1.815 1.6563
5 0.7275 0.755
4 1.5075 2.1625
6 0.225 0.2272
4 2.49 2.3846
6 1.365 1.4818
7 0.1275 0.0701
6 0.3975 0.5234
5 1.92 1.3559
5 2.4 2.2044
5 2.1975 2.2988
6 0.045 0.1011
5 0.84 1.2114
6 0.03 0.0598
6 0.9975 1.0721
6 1.2 1.9467
6 2.655 2.632
5 1.3125 1.034
6 0.3525 0.4859
6 1.0725 1.029
6 1.8975 1.3816
5 0.5925 0.6276
5 0.24 0.3014
5 2.67 2.5332
6 2.3625 2.3223
7 0.5025 0.4679
6 2.5725 2.5569
6 0.15 0.0977
4 0.7275 0.528
6 1.2675 1.7893
6 2.655 2.589
5 0.825 0.861
7 0.4425 0.4011
4 1.4025 0.8395
6 2.295 2.0341
7 2.595 2.6304
4 2.5125 2.2037
4 2.16 1.9626
6 2.295 2.2071
5 2.73 2.7707
6 0.345 0.2549
5 1.4475 1.5197
7 0.1275 1.509
7 0.855 1.0507
6 2.25 2.0631
7 0.21 0.2501
4 1.845 1.9075
6 2.7375 2.7273
5 1.08 1.0668
7 2.415 2.497
6 2.715 2.7802
4 1.2825 1.0891
5 1.785 1.7084
7 1.77 1.7152
6 1.08 1.3035
7 2.58 2.584
6 1.29 1.4807
5 1.9725 2.3391
4 1.005 1.1768
7 0.225 0.1828
4 0.7275 1.1951
7 2.7 2.674
4 1.1175 2.0404
7 0.4575 0.3984
4 0.135 0.0584
4 0.75 0.7313
5 1.5675 1.6823
4 0.42 0.6223
5 1.2825 0.9574
4 1.455 1.2579
7 1.6275 1.654
7 1.3875 1.0833
4 1.14 0.9297
4 0.3825 0.1239
4 2.4375 2.0657
4 1.7475 1.9903
4 0.5775 0.6733
5 1.41 1.3165
5 2.5725 2.4597
5 2.58 2.4935
6 2.835 2.8713
4 0.4575 0.6424
4 1.86 1.6816
4 0.8325 1.9716
7 0.0 0.0608
7 0.12 0.1202
5 0.9 0.8292
7 2.1825 2.1233
7 2.2875 2.3422
4 1.7025 1.5614
6 1.875 1.6925
5 1.5675 1.4063
6 2.205 2.2524
5 0.9 1.0471
4 1.5375 1.4471
7 1.95 1.7465
7 0.975 0.8934
6 2.565 2.5368
7 2.055 2.2414
5 0.195 0.1419
4 1.4175 1.8141
7 2.6475 2.6289
7 0.0225 -0.0038
6 1.1775 1.3681
5 2.1825 2.1161
4 1.47 1.0624
6 2.79 2.7553
5 0.1875 0.201
6 1.185 1.1365
5 2.7825 2.715
5 1.86 1.6241
6 0.3525 0.4817
5 2.925 2.8595
4 1.3725 1.4217
7 2.5425 2.4579
7 2.4075 2.3811
6 0.105 0.1004
5 0.4275 0.492
7 1.7475 1.9865
4 1.7475 1.5434
4 2.685 2.347
5 0.975 1.715
7 2.04 1.96
5 2.2275 1.6507
5 2.3625 2.2195
5 2.175 2.291
6 2.5275 2.4882
7 2.22 2.1949
5 1.7475 1.2918
4 1.725 0.7448
4 2.5725 2.2808
4 2.1225 2.3273
5 1.2225 1.5937
5 0.6075 0.963
5 0.3525 0.3348
7 2.6625 2.6357
5 2.625 2.6095
6 0.75 0.802
6 1.26 1.7064
7 1.1625 1.2305
4 0.3525 0.3021
7 2.3775 2.3844
7 0.4725 0.4642
6 2.0775 1.6189
6 2.0925 1.9232
5 2.115 1.8966
7 2.205 2.3046
6 2.0175 1.7225
5 1.6725 2.0435
5 2.7 2.673
7 2.085 2.0399
6 0.57 0.6656
7 1.4475 1.495
5 1.8525 0.9717
6 0.8475 1.016
7 1.365 1.1016
6 1.2825 1.4078
4 2.5425 2.6318
7 2.5425 2.5505
4 2.1375 1.9967
6 1.0275 1.2473
5 1.4325 1.0516
7 2.2275 2.3413
7 0.6375 0.6357
4 0.915 1.1615
6 2.2725 2.2545
5 1.1025 1.1957
6 0.9525 0.8944
6 0.4275 0.3984
4 0.69 1.5776
5 2.3775 2.4763
6 0.69 0.7858
4 2.4675 2.6355
4 0.6375 0.3711
5 0.3675 0.4676
4 1.5975 1.7458
6 0.5625 0.5922
5 1.3125 1.031
4 0.1725 0.3081
6 1.635 1.4627
6 1.74 1.6302
4 0.645 0.6719
5 0.4275 0.5511
6 0.9975 0.9568
6 1.545 1.4117
6 0.2925 0.2105
5 0.4725 0.3552
7 2.535 2.6353
5 2.6175 2.5737
4 1.83 2.029
5 2.6925 2.644
6 2.3775 2.3682
6 0.105 0.1317
7 0.9975 1.2728
5 0.7575 0.7928
5 1.17 1.0031
5 1.86 2.0376
6 1.725 1.3655
6 0.6 0.6006
6 2.6775 2.6552
6 2.655 2.6231
5 1.86 1.6415
7 2.88 2.7882
5 2.8575 2.845
6 1.1325 1.2007
4 2.5575 2.214
5 0.96 1.2799
7 1.44 1.2764
6 0.8475 0.8398
6 0.81 0.7878
7 0.78 0.8646
6 0.54 0.5849
6 2.0925 2.0229
6 2.9925 2.9078
7 1.2675 1.2055
5 0.6825 0.84
4 1.515 2.3209
4 0.33 0.4552
4 0.8625 0.9848
6 1.2 1.5603
4 1.9725 1.5149
6 0.72 0.7369
5 2.4225 2.4767
6 2.9325 2.9333
5 0.3075 0.3827
6 2.6175 2.628
7 1.0425 1.2185
4 1.965 1.8668
6 2.9775 2.9654
4 2.5125 2.5984
5 2.835 2.9139
6 1.755 1.7848
4 1.0575 0.9325
6 1.0725 1.4099
7 1.08 0.9422
5 1.08 1.7756
4 2.94 2.8226
4 1.9125 2.2749
6 0.375 0.4177
4 2.79 2.4428
4 1.515 1.6514
5 1.6875 1.4619
4 1.0725 0.8488
6 1.665 1.4581
6 1.755 1.3842
7 1.4475 1.6466
5 0.3375 0.2727
6 1.695 1.5445
6 1.815 2.0684
7 0.8925 1.0351
7 0.9075 0.9099
7 2.0625 1.829
7 2.4225 2.4101
5 1.23 1.3531
7 2.5425 2.413
6 2.415 2.3674
6 1.455 1.5482
4 2.3925 1.6618
4 1.71 2.0078
5 2.295 2.3079
5 2.325 2.2124
5 0.4425 0.5008
7 1.23 1.5318
4 1.5675 1.6711
6 2.535 2.4958
5 0.6075 0.4613
7 2.22 2.2784
6 0.54 0.6248
5 2.49 2.637
6 2.3475 2.508
5 0.9675 1.3002
6 2.5875 2.6031
7 0.225 0.2338
7 0.9075 0.938
4 0.285 0.0914
4 0.39 0.3551
7 2.5875 2.7127
4 2.1075 1.9344
7 0.66 0.6283
7 1.1325 1.4358
7 0.8025 0.9624
6 1.23 1.4131
4 2.025 2.3781
7 1.2975 1.5469
4 2.2575 1.2967
7 1.725 1.5611
6 1.965 1.7571
7 0.8325 0.768
5 1.305 0.9112
5 1.38 1.7019
4 2.46 2.4447
7 1.275 1.2176
6 0.2175 0.2608
5 0.4875 0.2506
6 0.8325 1.394
4 1.2 1.051
4 1.32 1.2463
6 2.9325 2.8024
5 2.46 2.2075
7 0.06 0.0662
7 0.2325 0.2158
4 1.2975 1.3483
7 2.76 2.7768
6 2.9025 2.9481
4 1.8825 1.6404
5 1.095 1.3581
4 0.2175 0.1559
7 1.695 1.9773
5 2.985 2.9402
4 2.2425 1.6375
4 0.015 0.0582
6 0.0375 0.09
5 1.635 0.8222
6 2.265 2.2515
6 1.1625 0.9626
6 0.435 0.4713
6 0.7125 0.6276
6 0.4575 0.4123
6 0.735 0.7064
4 1.755 1.2408
7 1.8225 1.746
5 1.305 1.2879
5 2.2425 1.9426
7 2.9625 3.0112
7 0.4125 0.4486
7 2.9325 2.9293
7 1.38 1.6628
6 2.985 3.0801
6 1.8675 1.7519
4 2.205 1.2991
7 0.3525 0.325
5 0.7575 0.7319
5 0.255 0.2464
5 0.15 0.4027
4 0.3525 0.2712
5 0.7125 1.1486
6 0.615 0.4672
6 2.13 2.157
4 1.5225 1.3626
5 2.04 1.7823
6 0.3675 0.3829
7 1.8075 1.6146
6 0.5175 0.6002
7 2.4675 2.4389
6 1.875 1.9076
5 2.6025 2.5055
6 0.9225 1.5293
6 0.24 0.2773
6 2.1 2.1315
4 0.6825 0.6725
4 1.185 1.3395
6 1.7775 2.0793
5 2.4825 2.272
6 2.16 2.0448
6 1.305 1.7327
4 2.895 2.876
7 0.975 1.1518
4 1.14 1.1964
7 2.175 2.1219
4 2.475 2.145
6 1.035 0.878
4 1.7925 1.8802
7 0.555 0.5279
5 0.435 0.4788
7 0.96 1.156
7 0.8925 0.7841
4 0.96 1.8543
5 2.4525 2.3631
4 2.31 2.4405
4 2.3925 2.4438
7 0.5475 0.4871
7 0.39 0.4334
4 1.935 2.0779
6 0.5475 0.6552
5 0.0375 0.0895
7 1.875 1.6732
4 2.0175 1.0945
6 0.0225 0.0409
7 0.42 0.4272
7 2.61 2.6298
7 1.53 1.6755
4 1.6575 2.0822
7 0.3675 0.4022
6 2.7675 2.8019
6 1.2375 1.0211
7 1.605 1.3789
6 1.215 1.3032
5 0.285 0.3107
7 1.065 0.9046
6 1.335 1.5261
5 0.4725 0.4165
6 0.915 0.9745
6 1.9725 1.8512
4 2.8725 2.8239
6 2.7 2.7986
4 0.6825 1.214
4 0.93 1.8352
7 0.825 0.7894
7 2.895 2.8738
6 0.6225 0.6605
6 1.455 1.6299
5 0.51 0.5178
6 1.38 1.3112
5 0.6675 0.7365
6 2.2425 2.0718
4 1.305 0.8602
5 1.7925 1.7123
6 0.2175 0.1888
6 1.6875 1.1843
6 2.97 2.919
4 2.67 2.7819
7 1.575 1.4603
5 0.4875 0.4853
6 0.0675 0.1372
7 0.375 0.4176
7 1.23 1.5291
6 0.6075 0.5934
5 1.9725 1.936
6 1.245 1.7993
4 0.075 0.2107
6 0.015 0.0386
5 1.23 1.5385
4 0.2475 0.4698
7 2.9625 2.9581
7 0.705 0.7033
6 2.64 2.6693
6 1.1325 1.5457
7 1.8825 1.6995
6 1.635 1.3721
5 2.67 2.5068
7 0.2325 0.2093
7 0.795 0.8133
4 0.18 0.0755
4 0.0525 0.0755
7 2.1075 2.1986
7 1.5825 1.3674
6 2.5725 2.5752
4 0.0675 0.1921
5 0.1575 0.1826
5 2.205 2.0868
6 0.945 1.6502
4 2.2575 1.4358
4 2.13 2.2221
7 1.305 1.4611
5 1.6125 1.4892
4 1.725 1.1968
6 2.475 2.451
7 1.755 1.9523
6 2.8425 2.7093
7 0.4125 0.3957
4 0.0825 0.078
5 2.1 2.2215
7 2.55 2.5331
4 1.56 1.373
5 2.4 2.0733
5 1.5225 1.2852
7 1.3875 1.1293
6 1.0725 0.8653
6 1.065 1.0665
4 2.85 2.6848
4 1.44 0.9397
4 2.805 2.7936
7 0.84 0.6975
4 1.6275 1.6256
6 2.025 2.0224
5 0.345 0.1275
7 2.265 2.4395
4 1.2975 1.2719
4 1.62 1.3024
6 0.855 0.8122
5 2.6775 2.6217
4 0.975 1.5383
5 1.1325 1.1822
4 1.6725 1.5457
4 1.6575 2.4877
6 0.3225 0.2431
4 2.91 2.624
7 0.105 -0.0447
7 2.73 2.762
5 2.5425 2.4839
6 2.445 2.4627
7 0.03 -0.0407
4 0.18 0.3722
4 0.54 0.7034
7 2.58 2.6095
5 1.47 1.2063
7 1.965 2.0091
7 0.2475 0.1977
7 2.07 2.1812
6 1.125 0.9957
5 2.1825 2.0067
6 2.6175 2.624
7 0.63 0.6352
6 2.2875 2.0969
5 1.83 1.3441
5 1.1025 1.5816
6 0.3975 0.4419
6 2.055 2.0655
5 1.9575 1.5741
5 1.365 1.7332
7 0.63 0.6545
4 1.5225 2.4273
6 2.055 2.0044
6 2.385 2.3336
7 0.855 1.0909
5 1.335 1.0344
4 1.3875 1.4011
7 2.4 2.524
5 2.1375 1.8677
4 1.185 1.4051
6 1.695 1.6829
7 1.155 1.4329
7 1.725 1.5956
4 0.885 1.0665
7 1.125 1.0673
4 0.69 1.1142
7 0.3525 0.3971
5 2.07 1.9063
6 0.48 0.5091
7 1.635 1.585
6 0.72 0.8224
7 0.495 0.4904
4 1.0125 1.261
4 0.4575 0.4009
7 0.9 0.8383
5 0.5775 1.332
4 2.3775 2.4139
6 0.3975 0.4364
6 1.8675 1.4966
7 0.6375 0.5574
7 2.685 2.6461
5 2.5125 2.3891
7 2.61 2.631
4 2.49 2.498
7 1.38 1.7967
5 1.275 1.8562
5 2.145 1.732
5 2.865 2.7058
6 1.05 0.9961
5 2.8875 0.4733
7 0.6525 0.5943
6 0.135 0.0687
4 0.3225 0.3891
5 1.365 1.9599
7 2.805 2.7731
7 2.1 1.8611
4 2.895 2.9215
4 0.8475 1.2089
4 2.0325 1.6597
7 0.045 0.0603
4 0.09 0.2781
5 1.08 1.3331
4 1.1925 1.6747
5 2.0025 2.0717
4 0.6825 1.1575
4 1.275 1.2501
7 1.77 1.806
5 1.0425 1.3756
7 1.965 1.934
5 2.895 2.8704
5 0.9675 0.6916
7 2.1075 2.2251
4 2.055 2.2021
5 1.395 1.3686
6 2.8125 2.8807
4 1.575 0.972
6 2.0325 1.988
6 2.6625 2.5622
4 1.5825 1.9582
7 1.7925 1.7983
5 1.41 1.4626
4 2.6025 2.5668
5 1.29 1.8783
4 1.275 1.3424
7 2.31 2.3204
4 1.1325 1.3769
4 2.88 2.643
5 0.03 0.1122
6 1.6425 1.6054
4 2.9325 2.9075
4 2.4375 2.4511
6 2.7525 2.7205
7 1.785 1.5703
4 0.735 0.6488
5 2.1225 2.1894
7 2.055 2.1845
6 1.575 1.2944
4 2.7525 2.7029
5 1.215 1.6839
5 0.4575 0.6991
5 2.775 2.8111
4 1.9425 1.1513
4 2.4975 2.2916
7 2.25 2.1392
4 2.7225 2.8215
7 0.7875 0.6661
5 0.045 0.1086
5 2.67 2.5887
5 1.425 1.4878
7 1.8375 1.9602
4 2.2125 0.3707
4 1.4175 2.4857
6 0.57 0.5722
5 1.26 1.8499
4 2.6175 2.5246
5 0.5625 0.3803
7 1.125 1.6459
6 1.68 1.5846
7 2.835 2.8678
5 2.205 2.3048
7 0.4575 0.4902
7 0.225 0.2887
7 1.17 1.2532
5 0.9675 1.5218
4 0.0 0.1228
7 2.175 2.1178
7 0.3525 0.3918
5 0.9525 0.7236
4 2.76 2.6733
6 2.85 2.8759
5 0.465 0.5337
6 2.1375 2.2156
6 1.2225 1.0449
4 1.7625 1.0725
4 0.7725 0.7479
5 1.455 1.264
7 2.9625 2.929
5 0.4875 0.426
7 0.63 0.7022
6 2.6775 2.7223
5 2.6175 2.7725
6 1.8375 1.9024
4 2.595 2.6119
5 0.375 0.3285
5 0.165 0.1972
4 1.02 1.4501
5 2.91 2.8654
7 2.265 2.2376
6 2.565 2.6871
4 1.3425 1.0879
5 0.5775 0.5773
7 1.65 1.6097
6 2.37 2.4759
4 0.96 1.5643
7 1.515 1.5293
7 0.4275 0.4388
4 0.8025 0.9393
5 2.4225 2.2802
4 0.165 0.1294
4 1.1475 1.1825
7 0.54 0.449
7 0.0975 0.1015
7 1.2375 1.0925
6 2.565 2.5204
6 1.665 1.8183
6 2.82 2.8064
5 1.2225 0.9901
4 2.1825 2.2422
7 1.365 1.5767
6 2.5125 2.4328
7 0.7875 0.7533
4 1.8975 1.5186
5 1.0875 0.8211
6 2.22 2.0416
5 1.2 1.1757
4 1.1175 1.6029
7 0.8625 0.9009
5 1.65 1.1271
6 2.955 2.9514
6 2.73 2.6393
7 2.235 2.1958
7 2.7375 2.7915
6 2.5275 2.5399
5 2.3175 2.3543
7 0.99 0.914
7 1.11 1.6938
5 1.08 1.0364
5 1.3125 0.8543
6 2.265 2.4952
4 2.1075 1.9148
4 2.07 0.8445
5 2.4075 2.2337
6 1.9275 1.7453
7 0.6525 0.6237
5 1.4925 1.446
5 2.5125 2.4089
4 1.68 1.5727
5 0.465 0.6011
5 0.15 0.0464
7 1.2675 1.1387
5 1.695 0.9576
5 2.19 1.9825
4 1.26 1.2325
7 1.65 1.8429
5 0.9 0.8702
6 1.755 1.6419
7 1.9575 1.636
6 1.5825 1.4741
4 2.6025 2.5861
6 2.805 2.9088
6 0.57 0.5683
5 2.0025 1.9051
5 1.635 1.8499
7 1.095 1.4712
7 1.605 1.6793
5 0.72 1.265
5 0.525 0.816
5 0.195 0.1672
7 0.7425 0.7835
7 2.82 2.9178
4 1.1325 1.8186
5 0.66 0.6559
5 2.7975 2.7224
7 2.07 1.9354
5 0.915 1.499
4 0.315 0.1475
6 1.2225 1.1536
5 0.6 1.0719
6 1.695 1.0138
7 1.02 1.1544
5 1.4175 1.7776
4 0.315 0.2068
5 0.7275 0.7036
4 2.0025 2.1169
5 2.0775 1.6319
4 2.9925 2.8985
5 2.895 2.8976
4 2.4975 2.3274
7 2.625 2.6306
5 0.345 0.382
7 1.155 1.2651
5 1.4625 1.9897
4 1.11 1.1196
4 2.625 2.6538
6 1.305 1.1963
6 0.9975 1.3736
5 1.59 1.6646
5 2.475 2.429
6 2.985 2.9181
6 0.2925 0.3829
7 2.52 2.5202
7 2.385 2.3049
6 1.545 1.7045
5 2.235 1.9041
4 1.335 0.9763
4 2.25 1.369
4 0.015 0.1322
4 2.6025 2.5432
4 1.5825 1.2283
7 2.715 2.703
6 2.775 2.6932
7 0.8025 0.8068
4 2.295 2.3814
7 2.6325 2.723
7 1.485 1.5589
5 0.48 0.6266
7 0.615 0.609
4 0.645 2.2503
4 0.345 0.2683
5 0.915 1.2918
5 1.2 1.3093
6 1.8 1.7906
6 0.705 0.6252
4 1.185 1.3961
5 2.355 1.5957
5 0.6975 0.6519
7 2.6325 2.7246
7 0.2175 0.1921
4 2.2725 1.6594
5 1.6425 1.7438
6 0.1875 0.0676
6 1.1325 1.0334
6 0.2625 0.258
5 2.91 2.8666
7 2.295 2.2562
6 1.125 1.3093
5 0.1125 0.168
5 0.1425 0.053
7 0.99 1.2803
7 0.5925 0.6241
5 1.1025 1.5595
4 1.0425 1.1079
6 2.2275 2.2279
4 1.9725 1.6915
6 1.71 1.3359
6 2.43 2.2328
4 1.44 1.7958
6 0.48 0.446
4 2.2725 2.283
6 2.0925 1.952
4 2.7975 2.8461
5 1.7475 1.5272
5 0.255 0.2416
4 2.22 2.2438
4 2.6475 2.6879
4 0.375 0.4054
5 1.7625 1.4448
4 2.2275 2.3769
4 0.18 0.1325
4 0.8325 1.0868
7 1.4775 1.8005
5 2.2725 1.9961
5 0.6075 0.5681
6 0.375 0.4268
5 2.31 2.4997
7 0.555 0.4174
7 0.8925 1.0432
7 1.77 1.6114
7 0.72 0.7648
4 0.4875 0.7051
4 1.905 1.9226
6 2.31 2.3742
4 2.13 2.2195
6 1.335 1.7883
4 2.235 1.3556
7 1.695 1.8145
4 0.0675 0.115
7 2.1825 2.0158
7 0.495 0.481
6 1.5375 1.4574
4 2.0175 2.5547
7 1.8525 1.5429
5 2.325 2.2707
5 2.6325 2.4796
4 2.2725 1.9541
6 0.21 0.2968
7 2.5575 2.5732
7 0.03 0.0575
4 1.2525 2.4353
7 2.115 2.0166
7 2.8125 2.7927
7 0.81 0.7867
6 2.565 2.6332
4 2.9025 2.7958
7 0.555 0.5087
5 1.23 1.6073
5 0.2175 0.2165
7 1.275 1.4396
4 0.69 0.6741
6 0.2475 0.1383
7 1.38 1.3983
7 1.6575 1.5947
7 0.09 0.0588
4 1.89 1.9735
5 2.1225 1.4274
6 2.58 2.5895
7 0.8025 0.7874
5 2.1 2.4289
6 1.53 1.6527
4 0.405 0.6055
7 0.5025 0.4748
4 2.6625 2.3198
7 2.22 2.2086
5 1.71 1.5743
5 1.665 1.7
4 1.71 2.1881
7 2.88 2.8666
7 1.515 1.2369
4 0.06 0.1169
4 1.98 2.228
7 0.6825 0.7736
5 1.6275 1.8618
5 2.595 2.7909
6 0.6225 0.6128
7 1.6275 1.5567
4 2.04 1.0011
6 0.4425 0.3965
7 1.4925 1.6842
7 1.305 1.3149
7 0.9675 1.2807
5 1.6425 1.729
6 1.29 1.0755
5 0.03 0.0687
4 0.1725 0.2314
7 1.485 1.2633
6 2.0775 1.4893
5 1.125 1.0023
7 2.5125 2.5159
5 2.1975 1.905
4 0.09 0.1488
6 2.865 2.8336
6 1.3275 1.4734
5 1.2075 1.9055
5 2.2725 1.626
4 0.5625 0.7108
7 2.79 2.7861
6 1.1925 1.6191
4 1.8525 1.4278
5 0.3075 0.2527
6 2.49 2.5207
5 2.5725 2.7145
4 1.095 1.582
4 0.3075 0.3801
7 0.4275 0.4412
5 1.2825 1.8602
4 0.135 0.0286
6 2.7075 2.6629
4 2.115 1.1105
4 0.315 0.1122
5 2.04 1.5977
6 1.77 1.3955
4 1.65 2.4196
7 1.035 1.3771
5 1.545 1.3541
6 1.305 0.958
5 2.94 2.9285
7 2.445 2.3128
7 0.615 0.6083
7 0.0675 0.081
4 1.65 1.7366
6 0.0 -0.0551
5 1.1475 1.7114
4 2.3475 2.212
5 1.62 1.268
5 1.335 1.5655
6 2.7975 2.7871
5 1.7025 1.6319
6 2.7375 2.7765
7 0.48 0.4258
7 0.78 0.8727
5 0.1125 0.0217
6 2.28 2.1895
4 2.9175 2.8706
7 0.5925 0.567
5 1.185 1.2106
5 2.6925 2.5347
7 1.71 1.6211
6 0.3225 0.2657
7 0.615 0.5983
7 0.4275 0.3481
7 1.3125 1.5553
7 0.3975 0.415
6 2.4975 2.4764
5 1.8525 1.5325
7 1.3125 1.4783
4 1.59 1.5274
7 0.315 0.3659
6 1.995 1.8507
6 2.5425 2.5662
7 0.78 0.7311
5 0.0375 0.1464
5 1.86 2.0828
4 0.96 0.7075
6 1.47 1.4698
4 0.8475 1.1647
5 2.3325 2.5027
6 0.0975 0.1165
4 1.725 0.9564
4 1.275 0.7267
7 0.57 0.5207
4 0.105 0.1814
5 1.9725 1.9478
7 0.705 0.6508
6 0.705 0.7524
6 0.3975 0.4059
6 1.77 1.4201
4 2.7525 2.9274
4 2.07 1.6801
6 0.405 0.2538
5 0.51 0.7028
7 1.9575 1.5929
4 2.49 2.6545
6 1.065 0.9573
7 0.1725 0.1731
6 1.1325 1.1974
6 0.0825 0.0586
7 2.2725 2.2534
4 2.595 2.4211
7 0.72 0.7227
5 2.2275 2.2277
5 2.5725 2.7487
6 2.52 2.528
4 0.7275 0.2371
4 1.1775 2.5841
7 2.655 2.6447
7 2.85 2.8038
4 0.63 0.6101
4 2.9625 2.7909
4 1.5375 1.3388
7 1.4775 1.678
5 1.4625 0.9087
4 2.895 2.5436
7 0.0075 -0.0482
6 2.475 2.4704
4 1.7925 0.9055
7 2.685 2.6858
4 0.5325 0.6645
5 2.1225 2.2177
4 2.61 2.5284
7 2.3025 2.4039
6 0.7275 0.8023
6 0.24 0.3054
6 0.855 0.9342
7 2.1975 2.2399
4 1.98 1.5376
5 2.67 2.7082
5 0.75 0.8752
4 0.96 2.2791
4 1.3125 1.6695
7 1.38 1.4731
7 1.9125 1.7921
7 0.12 0.0797
5 0.915 0.7289
6 2.49 2.4128
5 0.39 0.3411
4 2.34 1.4452
7 1.365 1.0461
7 2.07 2.0811
7 0.1575 0.1039
5 0.7875 1.3248
5 2.805 2.8494
6 1.1325 1.2942
7 2.415 2.3706
6 0.48 0.5163
5 2.1375 2.2222
5 0.495 0.3138
4 1.1625 1.2686
5 2.1 2.1786
4 1.7925 1.9034
6 1.5975 1.3991
5 1.2525 1.0547
7 2.9025 2.8047
5 0.54 0.8014
5 2.43 2.4586
6 0.9225 1.2786
7 2.7675 2.7441
6 0.72 0.6001
6 0.54 0.5224
6 2.955 2.969
6 2.3925 2.3467
6 0.18 0.1435
4 2.385 2.6952
5 2.4975 2.6106
5 0.36 0.3925
5 1.7175 0.8405
4 2.2575 1.7809
4 0.5625 0.8908
5 2.385 2.2277
4 0.2625 0.1889
4 0.6 0.3372
5 0.645 0.8212
4 2.3175 2.2434
5 1.2975 1.484
4 2.1825 1.543
5 0.06 0.0918
4 0.7875 0.8473
4 0.8025 2.1018
7 0.825 0.68
4 2.07 2.0586
5 2.8125 2.77
4 0.3375 0.2882
7 0.225 0.2546
4 2.7225 2.6107
5 0.6975 0.6192
7 1.395 1.1171
5 1.4325 1.3515
7 1.8075 1.8126
6 1.2225 1.7269
4 1.5825 1.331
4 0.345 0.401
5 0.1875 0.3269
7 1.7775 1.9468
6 0.465 0.4947
6 2.505 2.654
6 2.8725 2.9344
5 2.625 2.5919
6 0.57 0.7782
5 1.5225 0.7095
4 0.9 0.5768
6 0.27 0.2561
5 2.4525 2.1418
4 0.27 0.4381
4 2.1225 2.0541
7 2.565 2.4729
4 2.9925 2.8052
4 1.5975 1.2844
7 0.5025 0.4791
5 1.6275 1.3098
6 1.4775 1.2792
4 1.5675 1.0865
5 2.07 2.1307
7 0.7275 0.7677
7 0.1725 0.0292
4 2.67 2.7328
7 0.87 0.9423
4 0.555 0.3491
7 1.7175 1.7978
7 1.245 1.5502
6 1.4025 1.4869
6 0.42 0.5944
5 0.315 0.4023
5 1.95 1.8706
6 1.38 1.0883
5 2.46 2.1378
4 2.6475 2.4623
4 0.9 1.326
4 0.57 0.462
5 1.395 1.2641
6 0.705 0.815
4 1.35 2.0809
4 2.6925 2.4739
5 2.88 2.9155
5 2.1975 1.9402
7 0.705 0.6071
6 0.3525 0.401
5 2.505 2.4364
6 2.9325 2.9086
7 1.9125 1.6957
5 2.97 2.8943
7 1.185 1.2612
4 2.61 2.7071
6 2.4225 2.5141
6 1.665 1.515
4 1.1175 0.8115
4 2.64 2.7156
6 1.65 1.3279
4 0.81 0.8559
5 1.095 0.9371
5 0.615 0.6262
5 0.375 0.2667
4 0.8625 1.7089
5 0.315 0.2761
7 1.44 1.141
6 2.9325 2.9806
6 1.9875 1.8803
5 0.1275 0.262
7 1.815 1.677
6 0.075 0.0399
5 0.09 0.2898
4 0.4575 0.2073
6 1.485 1.241
5 0.8025 0.78
5 2.07 2.089
7 0.1125 0.0836
5 1.275 2.0312
4 0.7725 0.3626
4 2.07 2.1457
6 2.7525 2.7123
4 2.64 2.8281
4 1.035 2.1609
4 1.7925 1.3723
5 1.185 1.8182
7 1.0725 1.4226
6 2.8425 2.8544
4 1.2675 1.9125
4 1.74 1.68
5 1.4175 1.9188
7 1.7175 1.9907
7 0.8775 0.8898
5 1.3275 1.3208
5 2.0775 2.0448
4 1.245 2.0483
4 1.1025 0.7213
7 2.22 2.249
6 0.06 0.0848
6 2.4375 2.548
4 2.445 2.7716
6 2.76 2.7254
5 0.615 0.6011
7 0.3675 0.4053
5 0.525 0.4169
4 0.27 0.3158
6 0.405 0.5355
7 1.485 1.6161
4 1.1325 1.042
5 2.9775 3.0149
4 2.5425 2.7509
5 1.02 1.451
5 0.765 0.9637
4 0.195 0.3663
7 0.03 0.0652
5 1.1475 1.3097
7 1.185 1.1821
4 2.94 2.8005
4 2.835 2.8007
7 2.76 2.7096
6 0.21 0.2637
6 0.3675 0.5797
4 0.5025 0.5535
6 2.94 2.9592
5 0.1425 0.4617
4 0.2025 0.2172
6 2.505 2.4145
6 1.1775 0.9953
6 0.1575 0.3502
6 2.445 2.4508
4 2.745 2.765
6 2.13 1.9756
5 2.19 2.2397
6 1.26 1.1261
4 2.775 2.8721
7 1.14 1.0741
6 1.59 1.1476
5 1.8525 1.7802
6 0.765 0.965
6 2.955 2.813
5 2.1375 1.5359
5 0.54 0.6069
7 2.7675 2.6736
6 0.945 1.151
5 2.61 2.5174
5 0.2025 0.0831
4 1.4925 0.6428
4 0.4575 0.4818
5 0.4875 0.5878
6 0.24 0.2322
5 2.955 2.8447
6 1.7775 1.7454
6 0.1725 0.1657
7 0.675 0.7236
5 2.415 2.391
6 2.505 2.6861
6 0.6 0.5648
4 1.155 1.8072
4 0.1575 0.3047
4 1.65 1.9765
4 2.355 2.2177
6 1.0725 0.797
5 2.55 2.5065
4 1.1775 0.9907
4 1.3575 1.9906
7 2.7 2.7454
7 2.9325 2.8674
4 1.1025 1.0246
6 1.1175 1.2803
4 1.2075 1.7901
4 1.995 1.8779
6 0.9 0.7302
6 1.335 2.2696
7 0.735 0.7333
7 2.16 2.2591
4 0.765 0.852
4 1.2225 2.0609
5 2.43 2.6158
7 0.6075 0.7265
5 2.4375 2.4576
7 1.6575 1.4428
7 2.6475 2.6426
5 0.705 1.2896
7 2.625 2.6053
5 0.9375 1.1794
7 2.865 2.8768
6 0.015 0.0552
4 0.525 0.4969
4 1.02 1.705
4 1.785 1.4463
7 0.9375 0.9707
6 0.5625 0.5193
4 0.4875 0.6965
5 2.0625 1.5651
6 1.9875 1.9205
4 1.365 1.5127
5 1.8 1.8789
4 0.075 0.0597
4 2.2725 1.5754
4 1.065 1.2755
6 0.3825 0.3324
5 1.935 1.7755
5 2.1675 1.9218
7 2.3325 2.3737
6 2.8425 2.7399
6 2.5425 2.4631
5 1.1025 1.4
4 1.3575 2.4998
5 0.2925 0.2257
5 1.3875 2.1033
6 2.505 2.4451
7 0.7425 0.8092
7 0.015 -0.0837
7 0.1575 0.1961
5 1.6125 1.7911
6 2.52 2.5885
6 2.88 3.0162
6 2.6625 2.7142
5 2.4825 2.4669
4 0.21 0.2671
7 1.515 1.5314
6 0.8625 1.0263
4 1.2225 2.1452
7 1.245 1.5184
7 0.84 0.9233
5 1.8375 1.5588
4 1.1925 1.1893
7 1.5 1.5745
7 2.9775 2.9576
7 0.66 0.5355
5 1.86 1.9729
5 2.1675 2.0476
4 1.7325 1.0677
6 1.6725 1.3568
6 1.395 1.5076
7 2.5875 2.5305
6 1.3725 1.6275
7 2.5575 2.5229
4 2.595 2.7327
6 2.6175 2.5016
5 1.515 1.2101
4 2.4975 2.1696
4 1.9575 0.9881
6 2.7825 2.6949
4 1.4325 2.2546
5 0.21 0.2108
6 0.93 0.8074
6 0.57 0.7415
4 1.86 1.1277
7 1.305 1.5553
5 0.15 0.096
6 1.0725 1.6014
6 1.3725 1.731
6 0.1875 0.3026
4 2.445 2.5125
4 2.94 2.9222
4 0.12 0.191
5 2.0475 1.9568
4 1.98 1.6454
6 1.185 1.4818
7 1.7625 1.7396
7 2.76 2.8379
7 0.0075 0.1217
7 0.495 0.6
5 2.67 2.6903
6 1.7775 1.3555
6 0.9225 0.9358
7 1.6125 1.6043
7 1.74 1.5792
5 0.57 0.5804
5 0.105 0.1234
7 0.1125 0.1244
4 0.4575 0.7263
7 0.5475 0.6161
5 0.72 1.3988
7 0.1725 0.1763
6 2.7975 2.778
7 2.4825 2.468
6 0.06 0.04
5 1.29 1.6646
7 1.5975 1.6236
4 2.19 2.6182
4 1.9575 1.3949
7 2.5575 2.65
5 1.275 1.8226
5 1.41 1.6664
4 1.7025 1.1702
7 1.83 1.7393
6 1.7475 1.3444
7 0.585 0.7401
7 1.6725 1.9877
5 0.6375 0.7681
6 2.385 2.4488
5 2.025 0.9342
5 2.3475 2.2371
5 1.74 1.1386
7 1.5 1.8436
6 2.235 2.0751
4 2.805 2.7416
4 1.65 1.3546
4 0.2175 0.2045
4 2.79 2.8476
5 0.1725 0.4444
5 0.8775 1.0808
6 1.6125 1.3236
5 0.15 0.1692
4 1.41 2.0272
6 0.975 1.5632
6 0.915 0.9307
4 0.2475 0.1134
4 1.575 1.1901
7 2.4975 2.5419
4 0.4275 0.3481
6 2.49 2.5014
4 0.255 0.2671
7 0.99 0.9059
4 2.805 2.5019
6 0.3 0.2242
7 1.965 1.9041
4 1.47 2.1237
7 0.1275 0.1288
4 0.6225 0.3099
7 2.0325 2.1077
7 0.96 1.1458
6 0.8475 1.0318
7 0.195 0.1925
4 0.225 0.5696
7 1.41 1.5635
5 2.7 2.7444
7 0.285 0.2472
5 1.875 1.5449
4 2.6925 2.79
4 2.6325 2.6157
7 2.4825 2.6041
4 2.4975 2.6838
5 1.2825 1.3695
5 1.845 1.3142
5 2.745 2.6748
7 1.11 1.1779
6 1.185 0.9667
7 2.025 1.8829
5 1.455 1.2585
5 0.99 1.3971
4 2.805 2.7807
4 0.39 0.6021
4 1.005 0.9804
7 0.225 0.2419
5 1.38 1.4295
7 2.0925 2.1436
6 2.85 2.8446
4 0.3075 0.4766
4 1.0275 1.4902
4 0.855 0.5427
6 1.485 1.224
4 1.815 1.5545
5 2.9175 2.8837
7 0.3375 0.3028
7 0.7275 0.7527
4 0.4125 0.84
5 1.0275 1.4646
7 2.43 2.411
6 2.9925 2.9984
7 0.0375 0.0554
5 1.155 1.6948
7 2.16 2.2189
4 0.7875 0.9052
5 2.9325 2.9287
7 2.5125 2.4862
5 1.44 1.3998
5 0.5775 0.5777
6 2.6175 2.4957
4 1.455 1.4674
7 0.3 0.3593
6 0.9675 1.0672
5 1.29 1.35
7 2.115 2.1611
6 1.575 1.1995
4 2.76 2.9768
7 1.6575 1.7668
7 1.05 0.8971
5 1.6425 1.7892
4 0.9225 1.2536
4 2.8125 2.7657
6 2.145 2.1821
4 0.7125 0.8216
4 2.79 2.7745
6 0.0225 -0.0267
5 2.85 2.9514
7 0.4725 0.575
7 2.7825 2.7354
7 2.91 2.852
6 1.5 1.5802
7 1.5525 1.4183
6 2.145 1.8653
7 0.975 1.1515
6 2.9325 2.9054
5 1.8075 1.1353
7 2.4 2.4812
5 0.015 0.1037
7 2.3925 2.3714
5 1.68 1.9436
4 2.9025 2.716
5 0.42 0.3924
6 0.075 0.0869
7 1.47 1.5289
4 1.0125 1.0912
6 2.8275 2.8316
5 0.8325 0.9765
6 2.415 2.4737
6 2.8875 2.8414
5 0.9525 1.0115
4 2.37 1.6222
7 2.4525 2.3894
4 1.725 0.6752
7 0.405 0.2965
4 1.32 1.8685
4 2.7525 2.7587
7 2.2575 2.1967
4 1.08 1.0533
4 0.09 0.2201
5 1.755 1.416
5 2.2275 1.6177
7 1.68 1.7184
4 1.6275 2.2782
4 1.2375 0.7945
7 0.21 0.2526
7 0.51 0.4505
5 1.8975 2.3031
4 1.68 1.3442
7 2.0925 1.932
6 2.3625 2.2272
4 1.245 0.8869
7 0.8625 0.9074
7 2.595 2.5231
4 0.2775 0.5921
5 2.985 2.899
5 2.1525 1.1984
4 2.25 1.989
7 2.2725 2.1892
4 0.4575 0.8101
6 1.965 1.8398
5 1.0575 1.5446
5 2.5275 2.362
4 2.1675 2.4081
7 1.8 1.9
4 2.625 2.6466
5 1.6275 1.4743
7 0.4725 0.5449
4 0.6375 0.3611
6 2.5125 2.4939
6 0.66 0.7197
5 0.5775 0.7156
4 1.92 1.8459
6 2.55 2.5277
4 0.4425 0.2324
6 0.0225 0.1153
6 0.4875 0.436
4 1.29 0.9838
6 0.7425 0.6216
4 2.445 2.6061
5 1.71 1.5214
6 1.2075 1.3195
4 0.855 1.4167
6 2.0025 2.0017
7 1.815 1.6918
5 0.795 0.8531
5 1.71 1.3357
6 0.2625 0.1845
7 1.9575 1.902
6 1.38 1.5688
7 2.13 2.1133
7 0.09 0.151
7 1.995 1.8616
6 1.0575 0.8711
6 0.435 0.3992
7 0.465 0.573
7 0.99 1.1099
5 1.6875 1.2817
6 1.425 1.3726
4 1.095 2.0872
7 0.4275 0.4774
4 2.85 2.8286
4 1.3425 1.5662
6 2.595 2.5755
4 1.815 2.0408
5 2.295 2.4208
5 0.975 1.5294
7 1.845 1.7531
6 0.9825 1.2668
5 0.99 1.3551
5 2.985 2.9366
4 2.6025 2.5959
7 0.9 1.28
5 0.885 1.3043
6 0.72 0.8943
6 0.6525 1.0315
4 1.365 1.4543
7 2.94 2.7441
7 2.325 2.1883
7 1.83 1.873
7 1.05 1.1233
6 2.2725 2.3293
5 2.9625 2.9016
7 1.0125 1.1736
7 0.975 1.3588
6 2.55 2.451
6 1.86 1.6457
4 2.9025 2.8868
5 2.565 2.5502
4 0.405 0.6487
7 0.0675 0.0212
6 2.04 2.1901
7 0.615 0.6619
5 2.4075 2.498
5 1.1625 1.0748
5 2.7225 2.7778
5 2.76 2.6667
6 2.5275 2.388
5 1.7625 1.7982
6 2.88 2.8824
5 0.555 0.4652
7 0.9375 0.9687
5 0.7875 1.0405
5 2.5425 2.612
4 0.4125 0.5465
7 0.255 0.1825
7 0.4875 0.5212
5 1.0125 1.9855
7 2.6325 2.7109
5 0.7875 0.789
4 2.1075 1.6992
4 2.16 2.058
6 1.1775 1.2005
4 1.95 2.3335
4 0.33 0.1284
4 2.22 2.4781
4 2.475 2.5944
4 0.7425 0.6879
4 0.1875 0.1515
5 0.4875 0.523
4 1.3275 1.9982
5 0.1425 0.148
5 0.0975 0.1331
7 2.145 1.9823
5 2.925 2.7373
4 0.8625 0.5763
7 1.02 1.7786
4 2.16 1.5119
6 2.9025 2.9597
5 0.18 0.1339
5 0.0975 0.106
7 2.0325 1.9866
6 2.82 2.8405
5 0.255 0.4035
4 2.6175 2.7047
7 2.7 2.7422
6 2.6625 2.5905
6 2.0175 1.7829
5 2.595 2.7462
7 2.8725 2.9014
7 1.02 0.9513
7 1.9875 1.8325
7 0.06 0.0879
5 0.18 0.1105
4 1.6725 2.109
6 2.325 2.4135
6 2.4075 2.4927
5 2.7 2.7518
6 2.025 1.6375
6 1.9275 1.363
4 1.4775 1.4216
7 0.2475 0.2862
5 2.82 2.6536
4 2.8575 2.8541
4 1.14 1.7162
7 2.835 2.8797
7 1.4475 1.5197
4 1.0125 1.08
6 2.505 2.2991
5 2.5575 2.5567
5 2.19 1.791
7 1.3275 1.3615
5 2.43 2.4363
5 0.78 0.6699
4 2.1525 2.243
4 0.5925 1.721
7 0.915 0.9333
6 0.795 1.089
5 2.715 2.7277
5 1.8375 1.8193
4 0.42 0.2418
5 2.46 2.423
5 1.5075 1.1337
6 2.9925 2.935
5 0.69 0.7076
7 0.8325 0.9909
4 0.0225 0.3126
7 2.73 2.7234
7 1.4175 1.6086
6 2.925 2.8765
4 0.39 0.1207
7 1.8825 1.6114
6 2.3775 2.3897
5 1.35 1.1917
6 1.4625 1.55
5 1.305 1.1588
4 1.035 1.4477
4 2.6025 2.7477
7 0.81 0.7335
7 0.8475 0.7628
5 1.8675 1.6541
4 2.7375 2.8421
5 2.505 2.5521
7 1.7175 1.7322
6 0.7125 0.6055
6 1.0125 0.9339
7 0.2775 0.3407
5 2.9625 2.8477
4 2.025 2.1316
6 1.89 1.7208
7 0.435 0.4984
4 2.1375 1.5416
7 2.265 2.2501
7 1.4325 1.6111
7 0.9225 1.1875
7 2.7225 2.687
5 0.6075 0.5887
5 2.7525 2.8605
7 1.2975 1.0481
5 2.1 2.1793
7 2.385 2.4332
7 0.285 0.1691
6 2.4525 2.5491
6 1.785 1.4835
4 2.1825 2.0055
5 0.7575 0.6718
6 1.0725 1.4697
6 0.9225 1.0988
6 1.965 1.9872
5 0.075 0.0543
7 2.07 1.96
5 2.8725 2.8555
6 0.945 0.935
6 2.61 2.5619
5 1.62 0.7834
5 0.795 1.5534
7 0.1875 0.0366
7 2.3325 2.366
7 1.3275 0.9829
5 0.6225 0.5345
5 2.1075 1.7852
7 1.875 1.7028
7 1.1025 1.0735
6 1.8825 2.2476
7 2.7375 2.6245
6 2.4375 2.2558
4 0.12 0.1283
4 2.505 2.0587
6 1.9425 1.9578
4 1.8075 1.5051
7 2.7675 2.6825
6 1.53 1.6373
7 2.0025 1.7925
7 0.3375 0.3875
4 2.5575 2.8428
4 0.33 0.3937
5 2.7675 2.7756
4 0.3525 0.2719
6 1.935 1.6509
5 0.69 0.5744
6 0.135 0.0439
7 2.6175 2.5914
6 2.595 2.6739
6 1.4175 1.2044
6 0.195 0.0836
7 1.0275 1.2187
6 2.7525 2.7348
4 1.68 1.3957
4 2.415 2.2785
5 1.395 1.5404
4 1.4775 2.0434
7 1.05 1.1078
4 2.115 1.6385
5 1.32 0.911
5 0.5025 0.503
4 0.135 0.1158
4 2.715 2.7097
5 0.3975 0.2671
6 2.7375 2.7328
7 0.72 0.7745
7 2.94 2.9677
5 2.0025 1.5006
7 0.8775 0.9897
6 2.295 2.3828
7 2.385 2.4287
7 2.055 2.0444
6 1.185 1.7229
7 1.665 1.4954
4 2.055 1.3937
5 1.4025 1.1747
4 0.9975 1.3668
7 0.5325 0.5543
5 1.5675 1.512
6 1.44 1.773
7 0.255 0.2817
7 1.53 1.1998
7 0.6 0.6492
7 1.44 1.4748
6 2.895 2.8426
5 1.2075 0.7401
5 0.2475 0.1475
7 0.5775 0.6132
7 2.3625 2.4053
4 1.4325 1.3759
6 2.715 2.7514
7 0.1725 0.1261
7 0.9 1.1363
6 0.1125 0.1585
5 2.76 2.681
4 1.515 1.7721
5 2.775 2.8116
7 1.3725 1.5732
5 2.2425 2.1045
7 1.8225 1.8493
5 1.8825 1.8693
7 0.78 0.8644
7 0.6975 0.7594
7 2.175 2.0601
5 0.765 1.8097
7 2.4675 2.3808
6 0.6 0.5467
5 2.3775 2.1063
5 2.6625 2.7765
7 1.4025 1.367
7 0.7875 0.7979
6 2.58 2.5899
6 1.935 1.5276
5 1.545 0.8572
5 0.2175 0.3819
5 0.225 0.9396
7 1.59 1.5766
5 0.1275 0.0751
6 2.3925 2.4501
4 2.7825 2.8191
5 1.2375 1.1642
7 1.155 1.3673
5 1.9275 1.7894
6 0.9225 1.2864
7 2.805 2.8984
5 2.7975 2.7132
7 1.41 1.3424
6 1.5825 1.643
5 1.4775 1.8778
4 2.715 2.7699
5 1.71 1.0637
7 2.7975 2.7891
7 0.63 0.5779
4 1.92 1.5839
7 1.6125 1.43
6 1.4925 1.2701
4 2.07 2.0492
4 0.435 0.3944
7 0.6975 0.8434
7 0.705 0.8277
5 0.0675 0.0791
4 0.21 0.18
7 2.4375 2.4983
4 2.97 2.9201
5 1.335 1.0359
6 1.5075 1.2385
7 1.785 1.6371
5 0.5775 0.6696
5 0.405 0.4672
6 2.2725 2.2379
7 2.34 2.238
4 0.27 0.221
6 2.6775 2.7481
5 2.6625 2.7691
5 2.385 1.8785
4 2.925 2.7145
7 1.7025 1.5785
4 1.0875 0.5734
4 0.345 0.3994
4 2.2275 2.2222
7 0.9 0.8527
7 0.4575 0.5441
4 1.515 0.7851
4 2.8425 2.8817
6 1.545 1.4194
6 1.2375 1.3741
4 1.8675 0.9993
6 2.5575 2.4693
4 0.555 0.5147
4 2.01 1.7573
6 1.545 1.2489
5 0.5475 0.6648
5 0.48 0.5095
4 1.9425 1.9517
4 2.1 1.5491
7 1.6875 1.939
6 0.03 0.045
5 0.5925 0.564
6 2.1525 2.1547
4 2.1825 2.0199
5 0.015 0.2136
7 1.9125 1.942
6 1.8075 1.511
5 2.5875 2.5834
6 0.5175 0.5407
4 2.385 1.9407
7 0.9375 0.8388
6 0.9675 1.1254
7 1.47 1.6023
5 2.58 2.6411
4 1.38 1.6774
5 2.835 2.8468
7 0.4725 0.542
6 2.2575 2.2701
7 2.9325 2.9672
5 0.8625 0.9502
6 2.6025 2.5451
7 0.4125 0.3563
4 1.56 0.9485
6 2.7375 2.8256
5 0.69 0.6316
5 1.5375 2.1554
4 1.395 1.6802
5 1.755 1.8049
7 1.0725 0.9741
4 1.575 1.9775
5 2.115 1.7959
7 0.1275 0.1241
5 2.28 2.2262
6 2.865 2.8556
4 1.9725 1.6986
5 0.3375 0.2558
6 2.28 2.1357
5 1.83 1.4708
7 0.15 0.1638
7 0.705 0.7725
6 1.38 1.8164
6 2.8275 2.8498
4 1.095 0.5988
7 2.07 1.973
7 0.8775 1.0305
6 1.965 1.8768
7 0.66 0.5828
7 0.42 0.4331
7 0.5325 0.5826
4 0.7125 1.0161
4 0.7875 0.7881
6 1.44 1.4499
5 2.85 2.9187
5 2.0625 1.8157
6 0.285 0.3001
6 0.585 0.5059
6 0.5025 0.4787
7 2.73 2.7616
5 0.2475 0.2638
5 1.1475 1.4262
6 2.055 2.1825
6 0.255 0.2695
6 0.2325 0.2136
4 0.7125 0.6949
4 0.8325 1.0515
6 2.6325 2.6466
6 2.9475 2.9601
7 0.8475 0.741
4 1.4175 1.5452
5 2.76 2.6094
5 0.5175 0.7358
5 0.5625 0.8981
5 1.2075 1.0048
6 2.835 2.8379
5 0.5025 0.4814
5 0.3075 0.2959
4 1.38 1.8555
7 0.2325 0.2629
6 1.0425 0.8524
6 1.0425 1.0821
4 1.92 1.2713
7 0.045 0.062
7 1.2225 1.5948
5 2.1825 2.0378
4 2.9025 2.786
6 0.225 0.2448
5 0.225 0.2468
5 1.0575 0.9385
7 2.3775 2.4626
5 2.19 2.2868
7 1.3425 1.3146
7 2.475 2.3451
5 2.6475 2.6787
6 0.2325 0.2199
4 0.4725 0.5491
5 1.6125 1.8319
4 0.765 0.3872
7 2.1675 2.074
5 2.6625 2.7194
4 0.72 0.6028
4 1.1475 1.5107
6 0.555 0.5112
6 0.0 0.0329
7 0.7125 0.59
5 1.5075 1.0261
6 0.9 1.1284
6 0.075 0.1588
7 1.4175 1.0915
4 0.1875 0.1027
7 1.38 1.7605
5 1.155 1.2235
7 2.8725 2.9141
7 1.365 1.7617
5 0.6375 0.5005
6 1.0125 1.3031
7 2.4075 2.382
7 0.8175 0.7566
5 1.1925 1.3834
7 2.5875 2.5224
5 2.9925 2.9142
7 2.0625 1.9418
7 0.885 1.0845
6 2.49 2.3206
5 2.4825 2.2892
4 0.255 0.3209
6 0.2175 0.0877
4 0.4125 0.4098
5 1.77 1.2442
6 1.845 1.7902
4 2.955 2.8652
4 1.0275 2.0591
6 0.8925 0.662
5 1.7625 1.2239
4 2.3025 1.4967
5 1.6875 1.6072
4 1.0275 1.944
6 0.5475 0.5443
4 1.83 1.9011
7 0.78 0.7408
4 2.385 2.1103
4 0.4575 0.7754
4 1.41 1.0168
4 2.7975 2.4898
7 1.845 1.9082
4 1.665 1.2196
7 0.96 0.8402
5 0.5625 0.7092
4 1.5225 1.9299
6 1.4475 1.48
7 1.4925 1.2291
4 1.2825 1.8419
7 2.61 2.6373
4 1.98 2.2021
5 1.29 1.9931
6 2.8275 2.8858
6 0.39 0.2821
7 1.65 1.571
7 0.84 0.9075
6 1.125 1.0679
6 0.3525 0.2294
4 1.0125 1.2441
4 1.305 2.2738
4 2.0175 0.7698
6 1.3275 0.9797
4 1.6575 1.9711
6 2.7375 2.7524
7 0.015 -0.062
5 2.775 2.6136
5 2.1675 2.0908
4 0.99 1.9615
6 0.345 0.2154
6 2.4225 2.4417
4 1.335 1.1776
4 1.9575 0.6813
7 1.6875 1.5871
7 2.37 2.1576
4 2.52 2.8256
7 1.6875 1.7273
5 1.0725 1.1736
6 0.4725 0.4469
7 2.0175 2.1207
5 1.935 1.3909
4 1.8225 2.2517
7 0.7425 1.5508
5 0.645 0.5629
4 1.8 1.5201
6 0.57 0.5916
7 0.4125 0.379
6 0.7425 1.2223
4 1.35 1.6532
7 0.2325 0.2947
6 0.1275 0.2736
6 2.895 2.8347
7 2.52 2.4726
7 1.305 1.1558
6 1.845 1.5842
6 0.5775 0.5011
5 2.3625 2.1642
6 1.215 1.8202
6 0.3375 0.2878
7 0.8175 0.8858
6 2.5275 2.5474
4 0.0975 0.3823
5 0.99 1.7093
6 1.0575 0.9323
4 0.2325 0.3126
6 0.495 0.5315
4 0.2475 0.1732
7 0.615 0.7338
6 2.76 2.6396
5 2.6625 2.6604
4 1.1475 1.7969
4 2.52 2.557
6 0.8775 0.9136
4 1.7625 0.9123
7 1.08 1.0721
6 2.07 2.1335
5 1.9125 1.7913
5 2.3175 2.4829
7 1.02 1.0304
5 0.9 1.4876
6 2.6925 2.5681
5 0.315 0.3891
5 2.8125 2.6112
6 0.675 0.6968
4 2.9175 2.7419
5 2.94 3.0251
7 1.32 1.4092
5 2.565 2.5807
6 0.9225 0.8894
7 1.92 1.6475
4 1.9575 1.8825
5 2.835 2.7883
6 0.975 0.9394
5 2.7975 2.8325
6 2.115 1.8963
7 1.3575 1.5945
7 1.7475 1.8588
6 1.95 1.703
6 1.8075 1.4349
4 2.55 2.5553
6 2.0925 2.213
4 2.2275 1.6827
4 2.7225 2.7553
4 0.4875 0.385
7 0.8175 0.9479
7 0.345 0.435
7 0.0675 0.1349
6 1.2825 1.3113
5 0.3525 0.3215
6 1.26 1.5195
7 1.3575 1.3591
7 1.32 1.5908
6 1.6875 1.8163
5 0.21 0.2276
7 2.0925 2.2314
4 2.535 2.3741
6 2.6175 2.7097
4 0.7575 0.8339
6 2.985 2.9325
5 1.7025 1.9217
5 0.0975 0.056
5 0.0675 0.1352
4 0.0225 0.2799
4 0.3375 -0.0119
4 2.295 2.4885
6 1.2825 1.4217
6 2.0775 1.5358
5 0.525 0.3962
6 1.14 1.279
4 0.54 0.4956
6 2.25 2.2077
5 0.75 0.5926
7 1.7475 1.8886
5 2.37 2.0699
4 0.645 1.4825
5 1.5225 2.0815
7 2.97 2.912
7 0.6825 0.6811
4 2.0325 1.833
6 2.805 2.7045
7 1.5525 1.3906
7 1.65 1.5585
4 0.8775 0.9008
7 0.4875 0.5461
6 1.2375 1.0867
5 2.9025 2.8762
7 1.365 1.3723
5 2.9625 2.9107
4 2.4675 2.733
7 2.865 2.9198
4 2.4525 1.9328
5 0.2025 0.3207
4 1.1475 1.3812
6 0.81 0.8201
6 1.7625 1.3758
6 2.5425 2.5078
7 1.35 1.3381
7 0.5775 0.5411
7 2.4225 2.4578
4 1.8375 1.7747
4 2.655 2.3207
5 0.6 0.4936
5 2.2725 2.2692
6 0.5175 0.577
6 2.37 2.4459
5 2.3625 2.3619
6 1.6125 1.1409
4 2.43 2.1324
7 1.965 1.9615
6 0.2025 0.1034
5 2.3175 2.3064
7 1.5375 1.3685
5 2.79 2.7912
5 2.2725 2.2791
7 1.83 1.4356
7 1.305 1.187
5 0.3375 0.378
4 2.37 1.2595
6 1.74 1.6225
5 0.435 0.4554
5 2.6475 2.6142
6 1.575 1.8023
6 1.365 1.1842
4 0.6825 0.7344
5 1.0125 1.4044
5 1.9125 0.743
5 0.8475 1.1694
6 2.0325 2.078
4 1.1175 1.3462
6 0.285 0.3025
5 2.9775 2.888
5 0.855 0.9434
4 2.4975 2.5772
5 0.99 1.1808
4 1.6875 0.2869
6 2.07 1.9605
7 1.5975 2.9018
7 0.0825 0.1409
5 0.8475 0.6372
7 1.995 1.6535
5 0.075 0.2393
6 2.205 2.0875
7 1.0425 1.1336
4 2.7975 2.9571
4 0.7575 0.5551
4 2.925 2.976
4 1.9125 2.2965
4 2.2875 2.2823
5 2.0475 1.5822
5 1.6125 2.1513
7 1.8975 1.7542
5 1.2075 1.5149
5 2.6625 2.5804
4 2.19 2.3463
7 2.9475 2.9608
5 2.0625 2.1045
4 1.26 1.3757
4 0.15 0.1548
4 2.115 2.2161
5 1.08 1.2644
5 1.575 1.3638
7 1.38 1.7085
6 1.0275 1.1656
4 2.25 2.1899
4 1.3575 1.3764
7 0.9975 1.0793
6 0.0375 0.0098
4 1.425 2.0362
7 2.445 2.432
7 0.0825 0.0726
4 2.34 1.2057
5 1.8525 1.8941
6 1.3575 1.9033
7 0.0975 0.2067
4 2.1 0.9384
6 0.5475 0.5609
6 0.9525 0.9561
7 1.0725 1.3413
5 1.2675 1.4784
4 2.025 0.6641
6 1.7625 1.9607
5 1.455 1.5286
6 2.205 2.3536
6 1.755 1.27
7 2.82 2.8914
4 0.2925 0.1593
5 1.1775 0.9471
5 2.64 2.6471
7 2.445 2.3783
6 1.7325 1.4465
4 0.93 0.6172
5 0.645 1.1873
4 2.3925 2.4174
5 1.7925 1.7971
7 1.02 1.1036
5 2.265 2.2179
7 2.2275 2.2461
5 2.7675 2.568
7 2.7075 2.6382
6 1.71 1.6453
7 0.7875 0.9014
7 2.0475 2.06
7 0.2925 0.3119
7 0.915 1.2144
4 2.7375 2.6616
5 1.8525 1.8041
7 2.7 2.6967
5 0.825 0.6167
4 2.46 2.0995
7 2.94 2.8944
4 1.1325 2.051
5 0.81 0.666
5 2.7525 2.9667
6 1.065 1.4477
4 0.51 0.4784
7 2.175 2.0348
6 2.3625 2.3862
4 2.865 2.7418
7 2.6475 2.582
4 0.435 0.7765
5 2.775 2.778
7 0.6075 0.6071
4 2.4 1.994
6 0.7575 0.8333
4 0.36 0.1781
5 2.715 2.7359
5 0.5175 0.4859
5 0.165 0.0855
6 0.705 0.8136
7 2.385 2.3118
7 0.96 1.0897
6 1.83 1.974
4 0.6 0.8102
7 0.4725 0.535
7 2.415 2.3357
7 0.075 0.059
4 0.735 0.5433
7 2.49 2.4761
4 0.945 1.3619
7 0.5925 0.5049
7 2.7975 2.8019
6 2.1975 2.197
4 2.76 2.9827
7 0.6225 0.7656
6 1.6425 1.4445
7 2.205 2.2394
4 1.3725 1.3022
5 1.9575 1.2429
4 0.2625 0.2036
4 1.98 0.6975
4 1.7025 1.1554
4 2.5125 1.8204
5 1.8825 2.1356
4 1.1925 1.4541
7 1.98 2.0854
5 1.62 1.196
4 1.1325 1.161
4 1.755 1.2504
5 0.105 0.2342
4 0.9975 1.2915
6 1.23 1.3412
7 0.0225 -0.0956
5 2.955 2.8722
4 0.4875 0.3591
7 0.7425 0.738
6 1.935 2.0241
7 1.2675 0.9483
5 0.12 0.0642
7 2.445 2.438
7 0.3675 0.3154
5 0.8625 1.4435
7 2.0175 1.9855
6 2.7225 2.6856
6 2.1 1.9042
6 1.4175 1.5634
5 2.3325 2.1405
7 2.1825 2.1322
6 2.535 2.5544
4 2.955 2.8726
4 0.18 0.0249
7 0.165 0.1123
4 0.7125 0.8607
6 1.1475 1.4179
6 2.4375 2.5727
6 2.5275 2.6928
6 0.765 0.9556
5 1.5375 1.275
4 2.01 1.5257
7 1.7175 1.5225
5 0.7875 0.9289
6 0.1425 0.2027
6 0.7125 0.8065
6 1.7625 1.6378
7 2.325 2.3829
4 1.2975 1.4024
4 0.435 0.5723
5 0.9675 1.1743
6 2.355 2.3235
7 1.275 1.6927
7 1.26 1.4697
4 0.42 0.6
4 2.37 2.0522
7 1.0575 1.17
6 1.2375 1.4171
4 2.955 2.9214
6 1.23 1.3364
6 2.8875 2.8171
4 0.42 0.1
4 2.895 2.8524
5 2.9325 2.7351
5 1.095 1.8652
7 1.8975 1.4804
4 2.1675 1.9621
6 0.54 0.5885
7 0.9675 0.9855
5 1.1925 1.5029
4 1.8375 1.773
6 2.8725 2.9423
7 0.7125 0.7129
6 2.325 2.2486
6 1.14 1.4011
7 2.16 2.1601
7 2.5275 2.5731
7 2.61 2.6256
5 0.57 0.5946
5 0.51 0.5266
5 0.165 0.0621
6 2.9925 3.0632
4 0.0 0.4129
4 0.06 0.1428
6 0.4125 0.4552
4 1.89 1.5998
4 2.55 2.7497
7 1.1175 1.0598
5 2.91 2.8569
5 2.8125 2.8792
5 1.725 1.2186
7 0.2925 0.3347
6 0.765 1.0326
4 0.705 1.5199
7 2.5125 2.4578
4 0.3525 0.2592
6 0.6975 0.8143
6 1.875 1.6686
4 1.77 1.2383
5 1.3575 1.5628
6 2.415 2.4315
5 0.6225 0.707
6 0.1125 0.198
7 2.3325 2.2437
4 1.155 1.5103
5 1.83 1.7896
4 2.34 1.9529
6 1.1925 1.4785
4 2.16 1.5855
6 0.8925 1.0814
5 0.5925 0.6489
5 1.5375 0.9735
5 1.395 1.5964
7 0.7875 0.819
6 0.5925 0.6673
4 1.785 2.0202
6 1.4625 1.4991
5 2.4075 2.3895
4 0.6525 0.1245
6 1.1625 1.5854
4 0.6525 0.683
6 1.845 1.5046
7 2.4 2.4991
5 0.24 0.2621
6 0.2925 0.2096
6 1.395 1.2387
7 1.92 2.0576
4 1.1475 1.3045
7 0.8325 0.8756
7 2.0775 1.8155
6 2.0025 1.8807
6 0.21 0.2217
5 2.535 2.606
7 0.915 0.8574
5 0.315 0.3718
6 1.11 0.7173
4 1.3125 1.6316
7 2.88 2.817
5 1.305 1.0073
7 2.385 2.354
5 2.145 2.1826
7 0.165 0.14
5 1.035 1.1353
6 2.565 2.5062
4 0.33 0.3608
6 0.255 0.2621
4 2.625 2.5645
4 2.3775 2.4619
7 1.845 1.9366
7 2.3775 2.4135
4 1.815 1.2527
4 1.7475 1.3748
5 0.78 1.064
6 2.8575 2.9288
6 2.6025 2.5949
6 1.065 1.1437
4 2.085 1.5162
7 1.1175 1.2182
5 2.325 2.5596
5 1.485 1.8369
4 2.1375 2.2842
4 0.585 0.2692
7 1.59 1.3681
6 1.3125 0.6347
5 2.88 2.9197
5 1.7325 1.2346
6 0.7725 1.0916
5 1.44 1.5893
4 0.93 1.0331
4 1.935 1.4707
7 2.085 2.1244
4 0.36 0.5713
7 0.855 0.8306
7 2.085 2.134
5 2.9475 2.8562
6 2.7675 2.7761
6 1.92 1.2735
5 0.705 0.4991
6 2.97 2.8982
6 0.9225 1.022
7 1.7175 1.4398
4 0.9075 1.1246
7 0.2775 0.3082
7 2.8125 2.791
5 2.295 2.2094
6 1.08 1.3242
5 1.0125 1.7271
5 2.5575 2.6175
7 1.6425 1.4238
5 0.5475 0.3926
6 1.4475 1.6559
5 0.2175 0.172
7 0.9075 0.8066
5 0.4425 1.8906
4 0.105 0.1709
6 1.1625 1.3702
7 0.51 0.4723
4 0.78 0.9528
6 0.0 0.0843
7 0.6075 0.6607
5 1.5525 2.2412
7 2.73 2.7077
6 1.275 1.1085
4 1.635 0.9263
5 1.215 1.9275
5 1.665 1.7156
7 0.36 0.4676
4 0.8925 1.1995
7 0.975 0.9131
5 2.58 2.5007
7 1.725 2.0383
6 2.2425 2.356
5 1.9575 1.5484
7 1.02 0.9119
6 0.39 0.4545
7 0.1875 0.1249
7 2.0175 1.7799
5 2.0025 1.3851
7 2.22 2.1571
5 1.71 1.4858
6 0.3225 0.2617
5 2.805 2.7873
6 2.265 2.3539
6 0.8475 1.0733
7 2.55 2.5623
6 1.635 1.1961
4 1.1925 1.6867
5 2.2575 2.3303
5 0.8175 1.5123
4 1.1475 2.1726
5 0.8775 0.8722
4 2.64 2.6961
7 1.4775 1.7916
6 2.9325 2.9668
4 1.3725 1.9385
6 2.3325 2.3902
5 2.3775 2.2906
6 0.3075 0.3325
4 0.9225 1.4251
6 0.15 0.22
5 1.2 1.2359
4 2.955 2.8543
6 2.52 2.4318
5 1.2525 1.3234
5 0.8625 0.7279
4 0.1275 0.123
6 1.5075 1.4075
6 0.255 0.2457
6 0.3375 0.2889
7 1.0875 1.458
7 2.1825 2.1867
4 2.5275 2.7006
7 1.77 1.4119
7 0.0675 0.1233
5 0.765 0.8868
5 1.4325 1.5811
4 2.7975 2.7524
4 0.75 0.885
7 0.8325 0.8604
6 1.4025 1.3533
7 0.5775 0.6436
6 2.5875 2.5678
7 2.5575 2.4469
5 0.0525 0.2127
7 1.5225 1.7133
4 0.315 0.1534
7 2.3625 2.3998
4 2.4525 2.4724
7 0.1725 0.2603
5 1.635 1.2449
7 2.565 2.5789
5 2.2275 2.0826
5 1.2 1.8618
5 2.475 2.4836
5 1.815 1.7268
5 1.29 1.4864
4 1.2525 1.4497
7 1.65 1.6397
4 1.7925 0.9344
5 1.53 0.9734
7 0.1725 0.163
4 2.6775 2.7433
5 1.92 1.5225
6 2.9175 2.8476
5 1.3725 1.5809
5 2.58 2.4057
5 2.715 2.7898
7 1.44 1.3719
7 1.2075 1.1287
5 2.985 2.9424
5 1.0875 1.983
7 2.2875 2.372
7 2.2425 2.262
4 1.185 0.9318
5 0.825 0.9114
5 1.635 1.9605
5 0.48 0.7488
4 0.1575 0.1662
7 2.37 2.3812
6 0.84 0.8544
7 1.425 1.2438
6 1.545 1.5296
4 2.4525 2.0771
7 0.285 0.3131
6 1.5525 1.6359
6 1.8525 1.4618
7 2.385 2.3119
6 1.785 2.1333
5 0.195 0.2004
6 1.335 1.4604
4 2.4375 2.5257
7 0.4575 0.5116
7 2.3475 2.2356
5 2.4525 2.2515
4 1.4775 2.3032
5 1.485 1.4147
5 2.355 2.524
6 2.265 2.1424
4 1.26 1.6496
4 0.435 0.5789
4 0.1125 0.1137
6 2.775 2.7326
6 2.565 2.6253
6 0.225 0.291
5 0.3375 0.6118
7 0.84 0.9754
5 0.1125 0.342
6 1.05 1.2349
5 0.9225 0.9464
5 1.815 1.718
5 1.3275 1.1516
4 1.245 1.7475
6 2.085 1.9615
7 0.675 0.859
7 1.845 2.0074
5 0.0075 0.0962
7 1.1625 1.3742
6 2.1375 2.0442
5 1.665 1.5719
7 1.3725 1.567
6 0.42 0.3694
7 1.02 1.3217
5 1.7325 2.1491
5 2.07 2.0798
7 2.1675 2.3167
4 1.7025 1.8335
5 2.9925 2.8821
6 0.825 1.0301
5 1.635 0.9642
6 1.3275 1.446
7 2.1825 2.1234
5 1.5975 1.1848
4 2.715 2.6565
6 2.6925 2.7436
6 0.525 0.5971
5 2.7525 2.8619
6 0.9975 1.0846
6 2.4375 2.4737
4 0.075 0.2605
7 0.6675 0.7847
4 2.25 2.2053
4 2.175 2.2393
6 1.68 1.9118
6 0.6975 0.8468
4 0.6375 0.9183
7 0.45 0.3829
7 0.66 0.5284
6 1.1625 0.9771
5 0.66 0.6477
6 0.66 0.7961
4 1.8225 1.7869
6 0.5775 0.608
7 0.99 0.8647
5 0.4425 1.0519
6 1.3875 1.2639
4 2.685 2.5108
6 2.52 2.5004
4 0.4575 0.442
4 2.4375 2.1772
7 1.1625 0.9875
4 1.6125 1.4266
7 0.39 0.4291
7 2.76 2.7874
6 0.3525 0.3593
5 1.6725 1.5226
6 2.5425 2.5737
6 1.065 1.6935
7 0.8775 1.0422
5 1.425 1.7681
7 2.7525 2.8232
4 0.75 1.2284
6 2.82 2.719
6 2.25 2.3481
6 0.4875 0.4859
6 1.3875 1.8141
6 1.8825 2.2631
6 2.8425 2.7903
5 0.585 0.8262
4 2.52 2.5111
4 0.3825 0.4545
7 2.8275 2.8751
4 2.865 2.9804
6 1.2525 1.1256
4 2.3325 2.3717
5 0.1725 0.0973
5 1.935 2.3188
4 0.435 0.3472
4 1.7175 1.0678
6 0.0675 0.1021
5 2.415 2.3097
7 2.9325 2.8309
4 0.4125 0.4236
6 2.8875 2.7898
7 0.6225 0.6237
4 0.9975 2.0459
6 1.83 1.9307
5 2.175 2.0057
5 0.855 1.9893
5 1.1925 1.8183
4 0.4425 0.3273
7 0.9 0.8129
6 1.2525 1.5424
7 0.42 0.3998
6 0.855 1.0083
5 0.66 0.6777
7 0.84 0.7509
6 0.675 0.7448
6 0.5775 0.6754
6 0.1125 0.2173
6 2.9175 2.9089
7 1.1625 1.5802
7 2.325 2.3567
6 2.4825 2.4565
7 0.75 0.7387
5 1.77 1.843
6 1.05 1.5257
7 0.99 0.9263
4 0.24 0.2812
5 1.605 0.8203
5 0.42 0.5915
6 0.345 0.4069
7 2.415 2.4219
6 0.51 0.5827
6 0.2625 0.1728
4 1.485 1.2796
6 0.3225 0.3063
7 1.4025 1.3588
6 2.1375 2.2882
4 2.7375 2.7654
7 1.4775 1.4932
5 1.6275 0.8876
5 1.605 1.667
7 2.7075 2.6376
4 1.4925 0.7484
4 1.5525 2.0814
5 2.745 2.7667
4 1.275 1.8137
6 2.0925 1.5147
5 0.8325 0.8584
5 0.975 1.8192
4 2.34 2.2099
7 2.775 2.7427
6 2.6625 2.5797
5 1.71 1.8585
7 0.6675 0.6521
5 0.18 0.3243
4 0.7125 0.5948
7 0.3525 0.3662
4 2.8425 2.6628
7 0.9975 0.8153
5 0.15 0.0806
7 1.1775 1.1004
7 0.1275 0.1736
6 2.19 2.1617
6 1.11 1.3956
5 2.61 2.6851
5 2.1675 1.7263
5 0.63 0.7098
4 1.8 2.4627
7 0.495 0.4129
4 1.8375 1.7592
4 1.0275 1.9471
6 0.6075 0.5262
7 1.08 1.333
7 1.4775 1.5059
5 0.9 1.2105
4 0.36 0.3765
5 1.4925 1.8646
5 2.6325 2.5615
7 0.3225 0.3283
4 2.8425 2.7959
7 1.9275 1.9054
6 0.45 0.4034
5 2.9025 2.8443
7 2.7525 2.8214
6 2.6475 2.6249
7 0.2325 0.1759
6 0.435 0.5444
5 2.8575 2.7466
6 0.0075 0.0362
6 1.71 1.7037
7 0.3375 0.2697
5 2.295 2.1449
6 2.5875 2.6619
5 0.1575 0.3208
7 1.3125 1.2678
7 1.3575 1.4395
7 1.065 1.0362
6 0.5925 0.8352
5 0.9525 1.0089
5 1.935 2.2894
5 0.8325 0.8566
4 0.3 0.3261
7 0.525 0.5399
6 0.81 0.7159
5 2.4825 2.2362
7 2.13 2.1071
5 2.925 2.9961
5 0.165 0.2246
5 2.595 2.6586
4 0.105 0.0423
4 0.375 0.4276
6 1.815 1.4404
6 1.845 1.6778
4 2.0625 1.7607
7 2.295 2.3808
4 2.7 2.4884
5 2.7375 2.7217
6 2.325 2.1208
6 2.76 2.6733
6 1.2375 1.2674
5 0.03 0.0351
6 0.3525 0.3864
5 0.0525 0.0827
7 2.4825 1.7973
6 1.7475 1.6622
4 1.4325 1.4306
7 1.9575 2.1307
4 1.9425 2.4245
5 0.48 0.4576
4 1.095 1.7998
6 0.54 0.5319
6 0.5775 0.4687
6 1.5975 1.4144
6 0.4875 0.4612
4 1.71 1.8927
5 2.8125 2.7523
4 2.415 1.5797
6 2.445 2.4227
7 0.2475 0.2188
4 2.9025 2.9163
5 0.2475 0.1201
7 2.4525 2.4999
7 1.1325 1.0304
6 1.485 1.5477
7 0.4125 0.4314
5 0.5325 0.9125
6 1.695 2.0779
7 0.5325 0.5211
6 1.6425 1.0086
5 0.9075 0.7456
6 0.165 0.2669
4 2.1225 0.7293
7 1.2975 1.3191
6 2.955 2.9437
5 0.0825 -0.0491
4 0.4875 0.7643
6 2.7225 2.8594
7 2.205 2.1533
7 2.6775 2.7148
4 2.6025 2.8041
6 1.26 0.8394
4 0.195 0.0784
7 0.405 0.4778
4 2.7675 2.4288
6 2.6175 2.5169
4 1.995 0.9304
5 1.3575 1.7109
6 1.7475 1.7786
4 1.275 1.5397
5 1.2375 0.9535
7 2.6925 2.7687
4 0.6075 0.7424
4 2.49 2.4041
6 1.1925 0.9044
6 2.0025 1.2571
4 1.455 1.8392
4 0.39 0.2897
7 0.195 0.176
6 1.6725 1.4683
5 2.5425 2.5631
4 0.435 0.33
7 2.46 2.2669
7 1.3725 1.0176
6 0.2475 0.4261
4 2.1975 1.3344
7 1.7925 1.7487
6 1.0125 1.0938
6 2.5875 2.5478
5 0.3675 0.5187
6 0.9225 1.0768
6 0.6525 0.7157
6 1.02 1.3581
4 0.7875 0.5028
7 1.0725 1.481
6 2.01 1.5832
6 2.3175 2.0833
6 2.1075 2.248
7 2.385 2.369
5 0.975 0.921
7 1.965 1.9683
4 0.9 1.377
7 0.2925 0.2223
5 1.4625 1.4227
7 0.5325 0.5506
6 2.0175 1.6124
4 0.0075 0.0611
6 0.5325 0.614
4 2.235 2.4128
7 1.8375 2.0005
6 0.705 0.7198
4 2.0625 1.6193
6 0.4725 0.4911
4 1.8375 2.2518
4 0.3375 0.4562
4 2.0325 1.9342
6 0.9 1.4464
6 0.7125 1.0355
6 0.0975 0.0396
5 1.35 1.9859
4 2.0475 1.7831
5 0.21 0.2484
6 0.9225 0.823
6 1.1475 0.9845
7 2.1975 2.1335
6 0.075 0.018
5 1.8975 0.3989
7 0.0825 0.053
7 1.845 1.9328
6 1.575 1.8348
4 0.9075 1.9864
6 1.9425 1.7474
6 2.2425 2.2787
6 1.8375 1.6048
4 0.765 0.5163
4 1.9425 1.8831
4 0.5475 0.5515
6 1.785 1.3744
4 2.55 2.5423
5 0.8475 0.4567
6 2.6175 2.541
6 2.8125 2.8104
4 2.46 2.6488
6 1.4175 1.8811
4 1.9425 1.3376
7 0.0 -0.0295
5 1.9275 2.1407
5 2.3175 2.3065
6 2.28 2.2807
5 1.725 1.2176
6 0.405 0.3902
6 1.605 1.3668
7 1.905 2.0865
7 0.72 0.9224
4 0.3675 0.2246
4 0.8025 1.3699
5 0.5175 0.7312
7 1.7025 1.9798
6 2.9175 2.9529
6 1.74 1.9125
5 1.905 1.9503
4 1.86 1.9515
6 2.445 2.4136
5 1.32 1.616
4 2.8425 2.6474
6 2.235 2.1891
7 2.4975 2.494
6 0.48 0.4333
7 2.9475 2.9005
7 1.9875 1.9091
5 0.0075 0.0319
4 2.8425 2.8898
4 0.345 0.3566
4 2.0325 2.254
7 2.4975 2.4757
5 1.4325 2.0118
4 0.57 1.6495
5 0.6075 0.5581
5 0.8925 1.0911
6 0.3675 0.4336
5 1.275 1.3758
5 1.425 1.4327
4 1.47 2.0762
4 2.9175 2.7944
7 2.0475 2.1184
5 0.45 0.3799
5 2.445 2.5955
4 1.7775 1.6667
5 2.5425 2.5257
6 2.5425 2.5548
4 0.21 0.2077
7 2.205 2.1673
4 1.71 1.685
4 1.8825 1.6338
5 0.93 1.3491
6 1.59 1.4223
4 0.0075 0.0738
7 0.885 1.044
4 1.5825 1.2007
4 2.085 2.2325
6 1.11 1.1022
7 0.45 0.5047
7 1.875 1.5628
5 2.9625 2.9115
4 2.6175 2.2949
7 1.5525 1.8004
7 1.68 1.4609
6 1.65 1.4756
5 2.145 2.1944
7 0.69 0.6859
4 2.9625 2.8167
7 1.185 1.1395
4 2.7375 2.5519
4 2.64 2.7258
5 2.955 2.9591
6 0.5475 0.6362
5 0.345 0.5142
7 1.4775 1.4269
4 2.955 2.8109
7 2.835 2.8314
5 1.6125 1.5475
6 0.405 0.5855
7 1.9875 1.4012
5 0.18 0.0393
5 1.335 1.2817
4 1.6875 2.0677
7 0.3525 0.322
4 2.37 1.8712
4 1.3125 1.2598
5 2.7825 2.9045
4 2.5875 2.7767
6 1.8375 1.492
6 0.03 0.0371
6 0.5325 0.2587
6 0.135 0.0274
6 0.4125 0.3395
5 0.5775 0.6097
7 2.8875 2.9108
7 0.78 0.752
6 1.875 1.541
6 2.5575 2.5321
6 2.55 2.4566
7 1.8375 1.9957
7 0.255 0.2954
4 2.685 2.6657
7 0.3075 0.3369
5 2.7375 2.6924
6 1.695 0.9812
6 0.24 0.2456
5 0.165 0.1063
6 1.53 1.7068
5 0.0375 -0.0051
4 0.57 0.4497
5 2.8275 2.6851
7 2.7225 2.7409
7 1.0575 1.1799
7 1.1475 1.3246
4 1.035 0.8854
4 1.425 1.0917
7 1.5675 1.171
4 1.35 0.8193
4 1.125 1.6899
6 2.9925 2.9675
7 1.185 1.248
7 2.3775 2.4645
7 2.175 2.1852
6 0.2625 0.3899
6 1.7475 1.3147
5 0.4275 0.5193
4 1.74 1.4762
4 2.6625 2.4038
6 1.065 1.0717
6 0.9975 1.2771
5 2.8425 2.8617
6 1.8 1.5621
6 0.2475 0.3687
4 1.77 1.8456
6 1.77 1.9565
4 1.6125 1.7506
5 1.0725 1.4633
4 0.825 0.6767
7 2.7975 2.8599
5 2.1975 1.8632
5 1.17 1.36
5 2.31 2.3254
7 1.9875 1.9233
4 0.5625 0.6212
4 0.075 0.112
5 1.6275 1.6801
7 0.825 0.8229
7 2.8875 2.9217
6 0.45 0.3308
6 2.2425 2.1408
7 2.385 2.359
7 1.65 1.64
7 1.8075 1.8832
7 1.5825 1.6003
7 2.385 2.3472
5 2.175 2.1824
4 1.5375 1.5439
7 2.3475 2.3576
4 0.4725 0.5552
5 0.7725 0.616
6 1.8675 1.4433
4 1.2075 1.3169
6 0.885 0.9297
5 1.4775 1.8009
4 1.41 1.2242
6 1.0875 1.1673
4 2.4 2.2547
4 0.8325 1.5051
7 0.525 0.5443
5 2.6925 2.5888
6 0.45 0.5378
5 2.1375 2.0731
5 1.7025 0.9443
7 0.9375 0.86
5 1.7025 1.0133
5 2.4825 2.5535
4 2.46 2.6095
4 1.68 1.5111
6 2.445 2.4997
5 0.9975 0.9574
5 2.52 2.4968
4 1.6275 2.2462
5 1.74 1.4482
7 1.1625 1.2749
7 2.97 2.9524
4 0.8025 0.4878
5 1.155 0.8295
5 1.2675 1.8343
5 1.7625 1.6384
5 0.705 0.8266
4 1.125 1.411
7 0.5175 0.4643
6 1.7025 1.2629
6 1.8975 1.9043
5 0.93 1.3291
7 0.51 0.4923
4 2.25 2.4818
5 0.2925 0.3411
6 1.9575 1.9273
4 2.07 1.041
4 2.97 2.8102
5 1.5225 1.1005
6 1.6725 1.2852
4 2.8275 2.9046
5 2.085 1.539
5 0.735 0.5755
5 0.3825 0.3584
6 2.7675 2.8607
7 2.94 2.8693
5 2.8125 2.8296
6 2.685 2.5663
5 1.2525 1.6484
4 1.875 1.7131
5 1.8075 1.8212
5 1.875 2.1024
5 0.96 1.5312
4 0.93 1.9884
7 1.8825 1.4831
6 2.31 2.2048
6 2.6775 2.6046
4 1.935 1.6453
4 0.2025 0.0837
7 1.1475 1.1031
7 0.75 0.8159
4 0.09 0.247
7 1.065 1.3952
6 1.0275 1.2521
7 0.6675 0.6257
5 0.72 0.9623
5 1.23 1.3427
6 1.1475 1.7388
5 1.59 1.0937
6 0.54 0.6454
5 0.12 0.2173
7 1.215 1.2328
6 0.93 1.0576
4 0.3675 0.49
7 0.27 0.2749
5 2.19 1.9589
6 2.4675 2.4382
5 1.1775 0.9728
6 2.22 2.1566
6 2.955 2.9605
7 0.27 0.3139
7 1.2 1.351
5 1.26 2.0759
6 0.7725 0.678
4 0.69 0.8199
4 0.705 0.4641
6 2.64 2.7001
5 0.6525 0.5462
6 0.2775 0.261
5 1.3275 1.2281
5 2.8575 2.8473
5 2.0175 1.6738
6 0.1725 0.026
6 1.5 1.4996
5 2.6325 2.3745
6 0.165 0.0841
7 1.41 1.1051
7 1.5675 1.7955
5 0.165 0.2077
7 1.5075 1.4109
6 2.1225 2.0895
5 1.0575 1.3871
5 1.6875 1.6286
4 0.48 0.7724
6 1.7025 1.6832
4 0.315 0.4925
6 0.5325 0.4579
4 1.8675 1.7451
6 1.7475 1.4482
4 0.21 0.0675
4 1.44 0.9899
5 0.6825 0.9589
5 2.0325 1.8815
6 0.3825 0.3528
5 0.315 0.4049
5 0.2325 0.2562
5 1.215 0.7757
5 1.695 1.6405
7 1.9275 1.6423
7 1.9275 1.483
6 2.7525 2.736
4 2.73 2.7882
4 2.8275 2.7995
6 2.955 2.9644
6 2.4 2.4799
6 1.53 1.2283
5 0.795 0.9939
7 0.09 0.1379
6 2.9175 2.8681
5 1.32 1.8074
6 2.2575 2.3075
7 0.9075 0.7659
4 0.2475 0.1879
5 1.815 1.4683
6 2.7825 2.7591
5 0.2175 0.3557
4 2.3175 2.1765
5 2.79 2.6515
6 2.085 1.7538
5 2.3925 2.2262
6 2.4675 2.5348
6 1.335 1.4438
6 1.05 1.0681
7 1.1625 1.0578
5 2.445 2.4729
6 2.2725 2.7105
6 1.89 1.8944
7 1.7925 1.646
5 1.8075 1.585
5 0.9975 1.3385
7 2.9475 2.9479
7 2.6925 2.7299
7 2.835 2.755
6 0.8925 1.2677
6 1.7325 1.3969
6 0.345 0.3635
4 0.375 0.2971
5 2.4 2.2542
7 0.375 0.3322
4 0.3675 0.5642
5 0.45 0.4432
7 2.88 2.868
6 1.785 1.7793
5 0.84 1.8511
7 1.575 1.2836
7 2.9025 2.855
5 0.9075 0.465
4 1.5525 0.7232
6 2.2275 2.0306
6 2.175 2.1251
6 0.8925 0.9036
7 1.11 1.3192
4 1.935 1.6812
4 0.5775 0.5534
4 1.9275 1.1283
6 1.995 2.0592
7 1.17 1.298
4 2.9475 2.6642
7 1.575 1.6733
7 1.215 1.1202
7 2.64 2.5931
5 2.085 2.2798
5 2.415 2.1618
5 1.0125 1.3743
7 2.7375 2.776
6 1.905 1.8657
6 1.755 1.6695
4 0.66 0.9289
5 1.59 1.317
6 0.27 0.3569
4 1.7325 0.8103
6 1.6725 1.0825
4 0.405 1.0516
7 1.2675 1.521
7 1.5825 1.7728
6 1.8 1.8412
6 0.585 0.6817
7 0.2625 0.2463
4 2.7375 2.8387
5 1.2225 1.7605
4 1.395 1.2884
5 0.93 1.5474
5 0.87 0.9672
4 1.47 1.0257
7 2.4825 2.4848
4 0.045 0.0356
7 0.3975 0.3647
6 2.835 2.8451
6 0.885 0.8787
5 1.65 0.1884
6 2.1675 1.7058
4 0.36 0.5706
6 2.25 2.3713
7 2.775 2.7365
6 1.7775 1.6373
5 0.9975 1.6794
6 1.2225 1.1932
6 1.7625 1.8082
4 2.8125 2.6096
5 0.2175 0.2721
6 2.925 2.9097
4 0.345 0.4067
4 0.4275 0.3568
7 1.035 1.024
4 1.095 1.1166
4 0.8925 1.1104
5 1.59 1.0794
4 0.975 2.0272
7 2.1975 2.2478
4 0.1425 0.2541
5 0.435 0.3983
5 0.675 0.6979
4 0.63 0.7716
6 2.895 2.8731
7 2.8875 2.9407
7 0.8625 1.0691
7 0.5325 0.5641
6 2.535 2.4979
5 2.085 1.4887
5 2.1675 2.1948
4 1.2825 1.0417
7 1.575 1.3703
5 1.7625 1.1181
5 0.4275 0.5228
4 0.99 0.7896
6 0.48 0.6137
4 0.4275 0.6792
4 1.035 0.9548
5 1.2525 1.3081
5 1.8075 2.071
7 1.9425 2.0873
7 2.3325 2.3981
6 0.9375 1.3209
4 1.575 1.7347
5 0.735 0.6379
6 2.4225 2.3735
5 0.285 0.3951
6 2.5725 2.5962
7 0.075 0.0343
5 1.77 1.6185
4 1.8375 1.0044
4 2.4525 2.4738
5 2.1075 2.2498
5 0.225 0.3187
5 0.93 1.2714
5 1.3575 1.1536
6 1.6875 1.4234
5 2.37 2.3522
5 1.47 2.0395
7 0.165 0.161
5 0.99 0.6263
4 1.5225 1.7281
4 0.39 0.1839
5 1.275 1.4044
4 1.86 1.5147
7 2.9025 2.9152
5 0.6975 0.395
6 0.1275 0.2263
6 1.3125 1.6361
5 2.22 2.2281
5 0.2475 0.1302
5 1.575 1.9457
7 1.065 1.191
7 0.81 0.952
5 2.3325 2.0822
6 1.8375 1.5267
7 2.9325 2.901
5 0.0225 0.0214
5 0.285 0.3168
6 0.6525 0.7065
7 0.2625 0.2168
5 0.6975 0.4846
6 0.4275 0.5343
7 2.1075 2.1069
4 1.3425 1.6157
7 2.115 2.067
7 1.335 1.639
6 0.1875 0.2493
4 2.625 2.1622
4 1.74 1.8258
5 1.485 1.2331
6 1.695 1.3756
7 2.82 1.8824
7 1.02 0.9051
4 0.795 1.5744
5 1.1175 0.8179
6 0.6 0.5173
6 0.6975 0.8151
5 2.8425 2.6171
6 1.92 1.9114
5 2.2125 2.2371
7 0.1125 0.0945
6 2.9625 2.9258
6 1.395 1.3213
6 1.6575 1.813
4 1.83 1.5615
7 1.4625 1.2074
6 2.97 2.8985
6 2.715 2.6421
5 1.2675 1.3469
6 0.54 0.5537
5 2.355 2.2326
5 2.34 2.0498
5 0.0375 0.1016
6 0.825 0.8604
5 2.67 2.6136
4 1.8 1.1099
5 0.12 0.0572
5 1.4625 1.7088
4 0.6 0.9497
6 0.645 0.8502
5 0.0 0.0143
4 0.0375 0.1337
5 1.2375 0.9125
4 1.6125 1.7826
5 0.03 0.0543
4 2.1975 1.916
7 0.03 0.1115
6 1.785 1.1298
5 0.2625 0.1074
5 1.5525 1.6139
7 2.7075 2.6933
6 2.19 2.1692
4 0.2475 0.484
5 0.4425 0.4789
5 1.485 1.685
6 0.2325 0.1659
5 2.8875 2.8589
4 2.37 2.4803
7 0.4275 0.454
6 0.15 0.1447
6 0.99 1.4054
5 2.2875 2.3745
5 2.7675 2.7691
4 2.46 2.4612
7 0.1725 0.1996
7 2.0625 1.9742
7 0.675 0.6712
5 1.2 1.9971
5 2.1825 1.7267
4 2.5575 2.2133
6 1.335 1.2988
5 0.24 0.1006
5 1.7025 1.0641
7 1.035 1.2546
5 1.08 1.6291
7 2.055 2.0792
4 0.6675 1.351
6 2.0325 2.2171
5 2.265 1.943
6 0.72 0.9064
6 2.67 2.5486
4 2.22 1.8947
7 2.1 2.1481
5 2.9925 2.9663
5 1.26 0.8368
4 1.2675 0.3432
6 0.2175 0.1159
7 0.99 1.1138
5 2.8125 2.8169
7 2.79 2.7819
4 1.7325 1.2786
5 2.9775 2.9622
4 1.6875 2.232
4 0.6225 1.0266
5 2.8275 2.7904
7 0.8925 0.977
4 0.3225 1.1171
6 1.53 1.3416
5 0.8175 1.2654
7 2.37 2.3935
7 2.1825 2.1563
5 0.7875 0.7608
6 2.52 2.4792
6 1.89 1.4017
5 2.5725 2.3789
5 2.3625 2.2022
4 0.4575 0.4452
4 0.0225 0.1026
4 2.3025 2.0648
6 2.5575 2.6313
7 2.9325 2.9741
5 0.42 0.4344
6 2.85 2.8129
5 2.535 2.7132
5 0.6225 0.6647
4 0.7125 1.0459
4 2.9325 2.9419
5 0.0525 0.073
5 2.82 2.6899
4 2.1075 2.321
7 0.615 0.6272
6 1.245 1.6274
4 2.37 2.2641
5 0.5625 0.5483
5 0.975 0.822
5 1.7625 0.9411
4 0.2175 0.2731
4 2.8275 2.7132
4 1.6875 1.1162
6 1.95 1.3568
6 0.375 0.3314
6 2.9925 2.9952
7 0.795 0.9132
5 2.595 2.506
5 1.71 1.807
7 0.9975 0.985
4 0.4875 0.9249
7 2.265 2.1911
5 2.6325 2.7768
5 0.2925 0.2854
5 0.9975 1.7713
7 0.36 0.4391
6 0.6075 0.5443
5 0.9 1.4295
4 1.89 1.7159
5 2.61 2.539
5 0.1725 -0.0224
5 1.8975 1.994
5 1.71 1.7384
7 2.61 2.6051
4 1.7325 1.0587
4 2.52 2.3873
7 0.705 0.6987
5 0.495 0.5115
6 0.2025 0.1888
6 0.1425 0.0419
5 0.8025 0.7893
6 2.3775 2.4246
4 1.9275 2.3063
7 1.1325 0.9811
7 1.08 1.1795
5 2.5875 2.6033
7 0.285 0.1831
6 0.12 0.1154
4 0.8025 0.8785
7 0.6075 0.7308
7 1.7625 1.4104
7 2.745 2.725
5 0.5025 0.4577
6 1.3725 1.5866
4 0.27 0.2842
6 2.1975 2.271
5 1.3875 1.7527
4 0.4275 0.5832
6 0.885 1.0312
6 1.2225 1.7237
4 2.5125 2.2391
5 2.9025 2.9113
7 0.39 0.3624
7 1.47 1.518
5 2.265 2.1547
4 0.195 0.2099
4 1.0875 1.9513
7 1.905 2.0471
7 0.615 0.6083
4 2.8725 2.8535
5 1.5225 1.757
4 2.88 2.8798
7 1.9275 2.6183
6 2.9775 2.8637
7 0.285 0.3612
7 0.8325 0.8326
7 1.77 1.6651
5 1.32 1.8863
5 0.7875 0.7565
6 2.4825 2.4915
7 2.535 2.5366
4 1.86 1.6766
6 1.8825 1.2643
6 0.285 0.2163
4 2.115 1.1925
5 0.915 1.6223
4 0.24 0.3436
5 2.0625 1.1694
7 1.2 1.3476
7 0.48 0.4935
4 0.8175 0.439
5 2.64 2.6131
7 1.8375 1.7405
4 2.2275 1.853
6 2.43 2.1951
7 0.03 0.0734
5 1.785 2.0413
6 1.0275 1.0763
6 1.215 1.4231
4 2.025 1.6336
6 0.675 0.8273
4 1.695 1.8631
7 2.4375 2.4284
5 2.31 2.4944
7 1.605 1.5903
5 0.6375 0.7537
7 0.2775 0.2837
6 2.6475 2.6866
5 0.4425 0.5545
5 0.2475 0.4341
4 0.0975 0.19
5 0.5475 0.6898
5 2.3925 2.2796
7 2.3475 2.34
6 1.3725 2.4088
7 1.5675 1.3443
6 2.0925 2.1253
4 2.7675 2.5506
6 1.2375 1.2689
6 0.8175 0.8001
4 0.105 0.3469
6 2.7825 2.7698
7 1.7325 0.1268
5 1.155 1.8733
7 2.475 2.3952
6 1.3275 1.4438
6 1.695 1.5897
7 0.435 0.5559
6 2.04 1.365
6 0.8175 1.0615
5 2.925 2.9372
4 0.3525 0.1182
7 0.72 0.831
6 1.17 1.0244
4 2.6925 2.6748
5 1.5225 1.5027
6 1.6875 2.0195
6 1.7775 1.4846
4 1.11 0.7291
4 0.75 1.5311
5 0.4725 0.3841
4 0.165 0.1159
4 2.1375 1.8445
4 0.6075 0.6608
5 2.0025 1.8745
5 2.7525 2.9041
6 0.5625 0.5341
4 2.5425 2.721
6 2.22 2.135
5 2.775 2.688
4 1.875 1.4395
5 2.985 2.8854
6 1.71 0.9105
7 2.3475 2.3729
4 0.87 0.9011
4 0.8925 1.5365
7 0.3 0.2881
5 1.6725 1.4004
6 0.495 0.4726
6 0.855 0.8703
5 1.7775 1.9484
6 1.5225 1.5929
4 2.9925 2.5504
6 0.9825 1.048
5 1.3575 1.3841
7 2.2275 2.1176
4 2.2125 1.2856
5 2.595 2.5147
6 2.61 2.6663
4 2.175 2.7401
6 2.955 2.9267
5 2.7 2.6724
7 1.14 1.368
4 1.7325 1.3137
5 0.51 0.5754
6 2.7825 2.9728
6 1.4775 1.6742
5 0.465 0.7062
4 1.5225 1.2141
7 2.8725 2.8527
6 0.195 0.164
4 1.7925 2.0646
4 0.1875 0.2268
7 0.075 0.1168
5 0.735 0.7377
4 2.7975 2.6141
5 2.64 2.6349
4 1.7325 1.0509
7 0.33 0.3655
6 1.305 1.6412
5 2.91 2.7876
5 2.1675 1.9011
5 0.5625 0.6623
6 0.9375 0.9693
4 2.6775 2.4361
7 2.64 2.6667
5 2.7225 2.8925
6 1.83 1.7147
7 0.9675 1.1041
7 2.2275 2.3089
4 1.1475 1.9457
4 0.63 0.6543
5 0.6975 1.1928
5 0.21 0.1995
5 1.5975 1.2452
7 1.62 1.5024
6 1.35 1.2548
5 0.7575 0.619
7 2.76 2.7425
6 2.6925 2.7304
4 0.9075 1.1021
4 1.8675 2.2363
6 0.645 0.8368
6 0.03 0.0524
7 0.36 0.3243
4 2.055 1.7937
6 1.74 1.6071
7 2.055 1.6672
6 1.89 1.5546
6 0.0075 -0.0163
7 1.035 0.9125
4 0.3525 0.1984
4 2.715 2.8424
5 0.8775 0.989
7 0.96 1.0411
6 0.255 0.2364
4 0.2025 0.16
7 2.0625 2.0827
5 1.8075 1.8834
4 1.5975 2.2026
5 1.8825 1.9209
5 1.3275 2.1132
6 0.1725 0.1829
7 0.3075 0.3393
7 2.3325 2.3912
7 2.0475 2.2789
7 0.63 0.576
5 0.315 0.5061
4 2.3775 1.7961
5 1.8 1.6073
6 2.655 2.5051
6 2.88 2.8596
7 2.0175 2.0124
4 2.2575 2.3336
4 0.315 0.4384
5 2.2425 2.0865
7 1.8225 1.9805
7 0.5775 0.6703
6 1.275 1.7619
7 0.375 0.4479
6 2.985 2.8993
4 2.64 2.6904
6 0.2625 0.2661
5 0.51 0.4855
4 2.6925 2.3241
4 2.115 1.7924
4 1.98 1.1314
7 1.185 1.3599
6 1.9875 1.7309
5 0.945 1.365
6 2.7525 2.7549
5 0.72 0.7949
5 1.5225 1.4944
4 2.985 2.8714
7 1.6575 1.6765
4 1.98 1.7826
5 0.42 0.4525
6 2.9025 2.8771
5 0.72 0.8659
6 0.66 0.6897
7 0.9375 0.9423
7 1.7475 1.7038
4 2.1825 1.8297
6 0.9975 1.1494
6 1.9725 2.0914
4 1.89 1.585
4 2.7825 2.8758
5 0.3375 0.3082
6 2.205 2.2428
4 2.8725 2.6929
6 2.3925 2.4298
4 0.3825 0.4566
4 1.545 0.8761
4 2.9025 2.8694
5 1.8075 1.276
4 0.9525 0.8619
4 2.3175 1.959
4 1.5375 1.3435
5 1.9125 1.8833
5 2.9475 2.7587
5 2.3925 2.4508
6 0.8625 0.8213
4 1.185 0.9493
7 0.915 0.977
6 2.145 2.244
7 0.69 0.6587
6 0.195 0.1967
7 1.965 1.8195
5 2.8125 2.6926
6 0.93 0.9451
6 0.9075 1.0291
4 1.7025 1.6905
5 0.2625 0.2197
4 0.2775 0.3436
4 0.63 1.3358
5 2.0925 2.2477
5 0.4725 0.6318
7 2.4 2.4791
6 0.54 0.5561
6 2.085 1.8698
7 1.995 2.0089
7 1.14 1.2314
7 0.0075 -0.0147
5 1.8675 1.7749
6 1.3725 1.4744
4 2.7525 2.7652
6 0.3 0.3457
4 1.2525 1.7581
7 2.4675 2.4054
5 0.3375 0.3252
7 0.06 0.1332
5 1.3425 2.016
7 0.255 0.2112
7 1.77 1.4785
5 1.02 1.4409
4 0.1575 0.1649
7 2.955 2.9759
6 1.5375 1.1924
4 1.14 0.867
7 1.8525 1.7048
6 2.52 2.5321
5 1.02 1.2845
4 1.5225 1.26
7 0.84 0.7635
7 0.0975 0.1504
5 1.7325 1.097
4 2.88 2.8641
6 1.83 1.5482
6 0.885 0.9181
4 2.2125 2.554
5 0.6375 0.7944
4 1.98 1.5232
5 2.7525 2.9012
6 2.31 2.0457
6 1.56 1.519
7 1.2525 1.2405
5 1.5 1.8797
4 0.195 0.3662
4 2.2425 2.6787
6 2.76 2.793
7 1.0125 1.3784
6 2.55 2.5682
6 2.46 2.4437
6 2.4 2.487
5 1.5075 1.3474
6 0.5475 0.6037
4 1.875 1.6637
5 0.18 0.3453
6 0.3075 0.2826
7 0.4875 0.6167
5 0.8775 1.3159
4 0.39 0.5025
7 2.205 2.1378
4 1.8675 0.9758
5 1.3275 1.535
7 1.1025 1.1233
5 1.26 0.8931
7 1.4925 1.4233
4 0.7275 0.4657
5 0.3375 0.5425
4 0.8925 1.3301
5 2.0025 1.2641
5 1.9725 1.8081
7 2.595 2.5077
5 2.6925 2.5919
7 1.0575 1.1953
5 0.795 0.7979
6 0.1275 0.0283
6 0.2625 0.3867
5 0.0825 0.2896
4 1.8675 1.2089
7 1.2825 1.5706
7 0.0525 0.0051
4 0.84 0.6926
4 1.1175 1.6088
7 1.4925 1.327
4 2.04 1.5146
4 0.9975 0.9908
5 0.3825 0.397
4 2.43 2.0621
5 0.3 0.3549
4 0.6675 1.0418
5 0.39 0.3924
7 0.54 0.5287
4 2.4075 1.9939
7 1.815 1.5299
6 2.7525 2.8308
4 1.245 1.4608
5 0.825 0.9293
7 1.89 1.8682
5 1.905 2.2059
7 0.2625 0.3471
7 2.0625 2.0142
5 2.22 1.7746
5 2.175 1.9059
6 0.885 1.0218
4 0.7875 1.315
6 1.275 1.2117
6 0.3 0.2025
7 2.7975 2.8129
7 0.795 0.7336
5 2.25 2.2757
4 2.1675 2.4016
5 1.0575 1.3374
6 0.7575 1.0229
5 2.7 2.6263
6 2.8875 2.9412
5 1.0875 1.0503
6 2.0925 2.218
5 0.69 1.3205
7 0.585 0.504
4 0.735 0.9087
7 0.015 0.0853
5 2.5275 2.5833
4 0.0525 0.3277
5 1.2825 1.5433
6 2.1075 2.0389
6 2.94 2.8181
4 1.4175 2.3782
7 0.7575 0.6678
6 1.14 1.1253
7 1.2075 1.3272
7 1.2975 1.1009
4 0.435 0.3396
5 0.675 0.8575
5 2.2275 2.2351
5 2.01 1.735
5 2.5425 2.33
4 1.125 1.5993
7 0.7125 0.6604
7 0.6225 0.6587
6 0.4575 0.51
7 0.9375 0.9509
4 1.8375 2.3333
4 1.4775 1.7356
6 1.1175 1.4154
6 0.705 0.6425
4 1.8525 1.8986
5 1.6275 1.2584
4 0.54 0.3304
5 0.5775 1.4302
5 0.3375 0.411
7 0.12 0.0865
6 2.325 2.0777
7 1.9275 1.8432
7 1.575 1.9133
7 2.055 1.8648
6 2.8125 2.8085
7 0.045 0.1146
4 1.395 1.6676
4 0.735 1.3835
4 0.48 0.9115
5 0.765 0.5964
7 1.11 1.1475
7 1.59 1.9126
6 0.9975 1.3486
6 1.5 1.5714
7 2.28 2.2355
7 0.39 0.3591
7 2.25 2.2774
6 1.62 1.3416
4 1.515 2.1252
6 0.51 0.5096
6 0.45 0.4757
5 1.6425 1.3405
6 2.295 1.8172
5 0.7125 0.724
6 0.21 0.265
4 1.665 0.8758
7 2.2425 2.1429
6 0.705 0.9429
7 1.74 1.6632
5 2.3775 2.427
4 0.78 1.077
4 0.945 1.6627
6 2.61 2.5798
7 2.13 2.1731
5 1.68 1.5841
4 2.925 2.8433
5 1.56 1.6246
7 2.1075 1.9316
5 2.265 1.5638
4 2.85 2.4397
6 0.6825 0.4399
7 1.11 1.1813
5 0.45 0.5362
7 2.04 1.8607
4 0.9375 1.4424
6 1.3275 1.303
7 0.78 0.8657
4 1.185 0.9464
6 0.87 0.8238
6 0.8325 0.8439
5 0.1125 0.1388
7 1.8075 1.8297
5 0.015 0.0656
5 1.9125 1.7725
5 2.835 2.9141
6 1.785 1.6203
4 2.295 1.6881
7 0.5475 0.4933
7 2.8575 2.823
5 0.345 0.5256
6 0.0975 0.0599
5 1.11 0.8599
7 0.0225 -0.0145
6 1.3725 1.8523
7 2.2425 2.4099
5 1.05 1.7775
4 2.535 2.669
6 0.2625 0.1913
7 1.5075 1.8412
7 2.6625 2.7185
7 0.66 0.651
6 2.6325 2.6144
6 1.2375 1.6098
4 0.5475 0.4598
7 1.35 1.5299
6 0.06 -0.0338
4 2.295 1.772
5 2.8725 2.8516
6 2.1075 1.7899
6 0.1125 0.0729
4 1.605 1.8351
6 1.74 1.5923
6 1.4775 1.3385
5 0.6525 0.7575
4 0.3525 0.2755
7 1.62 1.5904
6 2.6175 2.6204
6 1.935 1.6474
5 0.765 0.9958
6 1.14 0.9412
6 1.1475 0.797
7 2.7225 2.688
7 0.9675 0.9526
7 1.8525 1.7009
5 0.3825 0.5454
7 2.4825 2.5985
4 0.8775 1.228
4 0.69 0.6335
4 0.435 0.6425
7 2.5125 2.5066
5 0.9525 1.4206
6 0.465 0.5353
6 0.06 -0.0114
4 1.515 1.3903
5 1.2225 1.5387
4 2.205 2.0635
5 1.35 1.4853
6 0.0225 0.0219
7 1.65 1.6623
6 0.8025 1.0051
5 2.475 2.4742
4 0.7275 1.0953
6 1.575 1.6151
5 2.4525 2.1687
6 0.0525 0.0928
5 2.5875 2.618
7 1.8225 1.6182
6 1.5 1.5171
5 1.2 1.7667
4 0.7575 1.0228
7 2.4375 2.3449
5 2.82 2.8355
7 0.6825 0.6786
4 2.4 2.6356
5 0.9825 1.8665
4 2.685 2.9359
4 1.3275 1.1848
6 0.3975 0.2982
6 1.7925 1.9297
6 1.0125 1.5311
7 0.57 0.6905
6 2.52 2.5964
7 0.7425 0.7502
4 1.08 1.0895
7 2.6475 2.5904
5 0.9 0.5832
5 1.185 1.5177
7 1.1475 1.1004
7 2.2275 2.1259
6 0.5475 0.4958
7 1.1325 1.2595
7 0.6375 0.6971
7 1.08 1.0444
6 1.92 2.1687
4 0.8625 1.2193
5 0.9675 0.8022
6 1.7025 1.7334
6 1.02 1.2626
6 0.3825 0.35
6 2.1825 2.1567
4 2.3475 1.9309
6 0.975 1.2883
6 1.4025 1.8868
4 0.4875 0.1392
6 1.02 0.8087
5 0.315 0.1433
7 2.0325 2.0657
5 0.1725 0.3061
6 1.095 1.2038
6 2.355 2.4139
7 2.1375 2.0257
7 1.0875 1.3386
6 1.77 1.8197
5 1.9125 1.5489
7 1.8525 1.6996
7 2.58 2.5557
4 1.6725 2.1634
6 0.9525 0.6099
5 0.63 0.6234
7 0.225 0.2296
4 0.8925 1.6059
4 2.295 1.9559
6 0.7275 0.7897
4 0.0225 0.3149
4 2.745 2.4529
6 0.435 0.5183
5 0.7725 0.9825
7 2.415 2.4242
5 0.87 1.4328
5 2.61 2.6879
5 0.54 0.5492
7 2.19 1.9924
6 1.965 1.4854
6 2.6625 2.5887
6 2.58 2.657
5 2.625 2.3466
7 2.5575 2.6303
4 2.265 1.2624
7 1.4025 1.4105
5 0.7575 0.7928
4 2.88 2.809
7 2.3625 2.4158
7 0.915 1.0212
7 1.86 2.0681
5 2.97 2.8946
7 1.845 1.4744
7 0.3 0.2658
7 2.595 2.6298
5 0.7875 1.0974
4 2.7225 2.6495
5 0.6 0.5544
6 0.6 0.5099
6 2.685 2.8212
6 1.83 1.635
5 1.62 1.2803
6 2.325 2.3194
4 0.0825 0.4179
4 1.4925 2.3586
6 0.2175 0.2192
4 0.9 1.4921
7 2.5425 2.5475
5 2.5725 2.5294
5 1.1025 1.8077
7 1.6125 1.6697
4 0.615 0.5164
5 1.515 1.7015
5 2.0925 1.9782
7 1.725 1.4708
7 0.36 0.3898
7 0.09 0.0787
4 2.1525 2.1279
5 0.6075 0.833
5 0.5775 0.812
4 1.7175 1.5496
7 1.89 1.8493
6 2.1975 2.1835
5 0.9675 1.227
5 0.255 0.2059
4 0.885 1.3719
7 0.135 0.2139
7 2.3925 2.4974
4 0.03 0.0838
5 1.995 2.3082
4 0.2775 0.3183
5 1.77 2.0024
4 1.5825 2.3315
6 1.0275 1.4343
4 2.025 1.9968
6 2.7975 2.8087
7 1.695 1.5901
6 2.01 1.6036
6 1.05 1.5371
4 0.2775 0.1934
4 0.66 0.6251
4 2.325 1.8888
6 1.5975 1.7964
4 0.57 0.5347
6 0.09 0.2711
5 0.12 0.1463
7 0.075 0.043
4 2.7675 2.4687
5 0.6675 0.8102
5 1.725 1.069
5 2.5125 2.4525
4 2.0475 1.8157
6 0.0375 0.0599
7 0.405 0.3788
4 2.8575 2.882
5 0.6975 0.5848
7 1.59 1.5619
7 1.8975 1.8535
7 2.8725 2.8445
4 2.7825 2.8591
6 2.9025 2.7918
4 1.41 1.1026
4 1.515 1.3197
6 2.2275 2.3223
5 1.3125 1.239
5 0.0075 0.1159
7 0.06 -0.0836
4 1.86 2.1364
5 0.2325 0.3595
5 2.025 1.1324
4 1.755 1.1359
4 0.765 0.9478
6 2.3625 2.2143
5 1.665 1.3813
7 1.98 2.0522
6 0.9825 1.4667
7 0.33 0.2951
6 2.595 2.5226
6 1.4025 1.5076
6 2.325 2.1143
4 1.38 1.2663
6 1.5375 1.1802
7 0.1125 0.1758
7 2.88 2.8252
6 1.3125 1.2428
4 2.3325 2.3643
7 0.99 1.1837
6 1.95 1.7521
4 2.6475 2.8686
5 0.81 0.8032
6 1.83 1.7845
5 0.7275 0.9174
7 0.42 0.4817
6 1.32 1.2886
6 1.8975 1.8382
7 0.6225 0.5915
5 1.9125 2.2284
6 1.365 1.5179
6 0.4125 0.2968
5 0.585 0.6083
5 2.655 2.8156
7 2.67 2.6604
7 1.14 1.2256
6 0.54 0.6279
7 1.4625 1.5058
4 0.9375 1.3069
5 2.4225 1.9859
4 1.14 0.9845
7 0.405 0.3873
4 0.1425 0.0962
4 0.375 0.5694
6 2.5725 2.5158
4 1.2 0.6395
7 1.185 1.125
5 0.5625 0.5
6 0.2025 0.2565
7 2.955 3.0269
6 1.8225 1.4738
5 1.3875 1.8931
5 0.1425 0.1762
7 0.795 0.8484
5 2.04 1.8344
7 0.72 0.7214
6 1.6575 1.971
4 2.6775 2.2518
6 2.9775 2.9817
7 0.3225 0.2418
6 1.8375 1.9899
7 0.105 0.114
7 1.6575 1.6834
7 1.08 1.1567
6 0.3375 0.2587
7 1.53 0.9744
5 1.02 1.2849
7 0.045 0.0882
7 0.8925 0.7561
7 0.6975 0.716
7 2.5275 2.5708
7 2.3625 2.423
4 2.0475 2.0503
5 0.45 0.4106
6 2.64 2.7123
6 2.0475 1.9005
7 1.3275 1.2169
7 2.7375 2.7456
6 2.4675 2.527
6 0.8325 1.494
5 2.385 2.287
6 2.8725 2.8829
5 2.7375 2.8283
5 0.2925 0.3802
7 2.8575 2.8322
6 0.39 0.2837
7 0.375 0.4077
5 2.265 2.0818
6 0.5775 0.4958
4 2.1375 1.4247
5 2.7075 2.8197
4 2.4375 2.2871
4 0.6825 0.85
7 0.33 0.3289
6 2.8425 2.7843
7 0.675 0.7647
6 1.8375 1.9917
6 2.9475 2.8661
7 2.58 2.6368
4 1.47 1.9757
4 1.8 1.334
6 1.0125 1.1665
4 2.9925 2.9063
4 1.4325 1.3118
6 2.085 2.1837
6 2.13 1.8848
4 2.52 2.3185
5 1.9575 1.4429
7 2.0625 1.9122
4 1.9425 1.7824
7 2.7075 2.7288
6 2.46 1.9173
5 1.8 1.5193
6 0.675 0.6979
5 2.22 2.3452
6 0.0825 0.0572
4 1.9425 1.795
7 0.36 0.4108
7 0.4425 0.496
4 0.12 0.258
7 2.9625 3.0314
4 1.23 2.1637
7 1.8675 1.6108
7 1.0275 1.0478
7 1.71 1.5925
4 0.6525 0.7951
7 1.8675 2.0018
6 1.935 1.7286
6 0.2475 0.2352
6 0.0525 0.0601
4 1.2525 1.5065
6 1.545 1.262
7 1.6425 1.7184
7 2.265 2.183
7 2.04 1.6783
6 1.8675 1.5409
7 1.6575 1.3738
5 2.1975 2.1317
5 0.1875 0.113
7 0.6675 0.6459
7 2.4375 2.4605
5 1.3575 1.2261
4 1.8675 2.5468
4 1.2825 1.3482
7 2.655 2.6955
5 1.035 1.4619
5 1.83 1.3901
7 1.2 1.3299
7 1.4925 1.6254
6 1.665 1.3173
6 0.2775 0.2785
5 1.875 1.6941
4 0.375 0.6161
7 1.74 1.5633
5 0.2325 0.3502
7 2.505 2.458
6 2.115 2.2087
7 2.7225 2.6474
4 1.7625 1.5132
4 2.145 2.0227
6 1.455 1.6705
5 2.7825 2.8536
6 1.7325 1.5113
5 0.9 1.3859
7 1.4625 1.7798
4 2.445 1.9401
6 0.7425 0.879
4 0.6525 0.6198
7 2.5725 2.4943
7 2.7 2.7023
4 0.1725 0.3299
6 0.8475 1.0498
4 1.1625 1.0028
5 1.305 1.6966
7 0.6975 0.7058
4 2.88 2.9444
4 2.895 2.8702
6 1.845 1.5244
7 1.71 1.5232
4 0.2925 0.6688
5 0.6975 1.0057
7 0.9375 0.9525
4 0.9975 0.5286
5 1.9275 1.6389
7 1.65 1.5581
6 1.9125 1.9082
7 1.5 1.5544
7 2.8425 2.8161
6 1.1625 1.2829
6 2.895 2.9693
4 2.01 1.6784
5 1.755 2.0116
5 0.6675 0.6562
4 2.61 2.778
4 1.725 1.5454
6 1.8825 2.2093
4 0.5625 0.8743
6 2.85 2.8482
5 2.73 2.8265
4 2.7525 2.4046
4 1.7475 2.2212
6 0.06 -0.0097
5 1.38 1.2757
5 2.6175 2.5979
4 2.865 2.9012
4 0.705 0.7112
6 0.045 0.0289
6 2.5725 2.5095
5 0.9975 1.3672
7 2.385 2.3198
4 2.3025 2.2548
4 1.635 1.1996
5 1.065 1.3666
6 2.5275 2.391
4 1.8675 2.234
4 1.2975 1.8293
5 2.8875 2.8811
5 2.2275 1.7356
6 1.7325 1.6244
7 0.975 1.0009
7 2.895 2.9577
4 1.6275 2.2103
7 0.6525 0.6204
5 1.7325 1.1648
7 1.035 1.0814
6 2.925 2.9666
6 0.255 0.2716
7 0.555 0.5973
4 1.905 1.4512
6 0.96 0.897
4 1.14 1.2363
7 1.3425 1.4684
4 2.7525 2.4934
6 1.02 1.5892
7 1.1475 1.1889
6 2.4 2.2023
5 1.74 1.2893
6 2.3025 2.0815
5 1.6275 2.007
6 1.1625 1.0179
4 0.75 0.7884
4 1.2075 1.6396
4 2.2275 2.2287
7 1.6125 1.4082
4 1.2375 1.5948
7 0.81 0.7461
5 2.9925 2.9199
5 1.0575 1.1963
7 2.25 2.2378
4 2.1525 1.8392
4 0.495 0.5268
7 2.6175 2.6354
4 1.8225 1.7566
6 2.8425 2.9274
7 1.8975 1.728
6 1.1475 1.4894
4 1.3425 1.0862
6 2.9925 2.9724
5 0.855 1.4547
5 1.395 1.1619
7 0.48 0.4692
4 0.81 0.6006
7 0.615 0.6098
5 0.2175 0.3149
6 1.7925 1.7839
4 1.6575 0.8548
7 0.6375 0.5927
4 2.2275 2.0622
5 2.7525 2.9091
5 0.255 0.2106
4 0.0225 0.2168
5 0.7875 0.6872
5 2.64 2.5655
6 1.0125 1.184
5 1.74 1.4767
4 1.44 1.9342
7 1.755 1.5399
5 1.635 1.4604
6 1.5525 2.0981
4 2.115 2.2153
5 1.5 1.5517
5 2.3475 2.331
5 0.3825 0.3801
7 1.14 1.0757
7 1.3575 1.1351
7 0.3525 1.4088
7 2.565 2.589
6 2.0325 1.8636
7 0.675 0.6198
4 0.3 0.265
6 1.1775 0.931
5 1.875 1.9262
7 1.74 1.5412
4 1.3275 0.6201
5 2.1675 2.2186
5 0.8175 1.4501
7 2.865 2.8965
6 1.2225 1.4343
6 1.2525 2.8013
6 2.235 2.1064
7 1.155 0.899
6 2.7 2.6485
7 0.465 0.5422
5 2.94 2.9378
5 0.4425 0.7317
4 1.5 0.7565
7 1.125 1.4075
7 2.3025 2.1998
7 2.76 2.7406
5 0.0 0.1313
4 1.65 1.7571
5 2.9025 2.7911
6 2.355 2.3872
7 1.9425 1.3355
5 2.8425 2.8684
4 2.235 2.3292
6 1.92 1.9488
7 1.905 1.7054
6 0.1275 0.1866
6 0.72 0.713
7 1.125 1.6026
5 0.945 1.3131
5 1.7775 1.1147
5 1.3425 1.7394
4 1.185 1.1122
6 2.9325 2.8982
7 1.9425 1.8507
4 0.375 0.436
5 2.7825 2.8881
5 0.9075 0.9778
6 0.9375 1.1735
7 1.515 1.2834
4 1.7475 1.7028
5 2.4825 2.5746
7 2.565 2.4701
4 1.9125 2.1745
6 2.0625 1.8213
6 0.255 0.2052
6 2.0625 1.685
4 0.8925 1.0876
6 1.6125 1.4416
4 1.5375 2.0076
6 1.5975 1.2159
7 1.77 1.5916
5 0.255 0.1565
7 1.785 1.8563
7 1.5675 1.7096
5 1.335 1.1501
6 2.6925 2.6857
6 0.6075 0.5702
7 2.6925 2.6766
6 2.0475 2.056
4 1.9875 1.5876
4 0.21 0.2737
5 0.525 0.8079
5 0.9525 1.0394
7 2.9775 2.9704
6 0.855 0.8745
6 0.09 -0.079
4 0.3825 0.2339
5 1.6275 1.5012
4 2.88 2.7312
6 2.085 2.2021
4 1.6875 1.5742
7 2.715 2.6656
5 1.695 1.8215
6 1.5675 1.3748
6 0.585 0.5816
7 2.34 2.3385
4 1.92 1.3093
5 0.3225 0.341
5 2.0325 2.2767
6 1.0725 1.1823
6 1.1775 1.0701
5 1.155 1.6307
4 2.565 2.6812
5 1.2 1.8042
4 0.69 1.3031
6 2.865 2.9251
5 2.805 3.0353
7 1.6725 0.7866
7 2.265 2.3243
5 1.7475 1.7859
6 0.12 0.1132
4 2.5725 1.8317
4 2.7075 2.2652
7 1.1925 1.6321
4 0.435 0.5459
4 2.5425 2.7211
4 1.32 2.3935
6 2.115 2.2224
7 0.5925 0.6504
5 2.2725 1.6671
6 0.6675 0.809
7 0.675 0.6823
4 2.2425 2.4247
5 1.065 1.8805
4 1.8825 2.5703
6 2.865 3.004
6 2.7375 2.8616
5 0.3975 0.3936
6 1.4775 1.8378
4 0.7125 0.7455
6 2.28 2.1329
7 1.2075 1.348
7 2.9475 2.9016
6 0.54 0.562
7 0.63 0.5293
7 1.3875 1.4626
7 0.63 0.4553
7 2.8725 2.8718
6 0.36 0.3603
5 2.925 2.8589
6 0.4125 0.5316
6 2.5875 2.6666
4 2.19 2.4666
4 2.9625 2.7957
5 1.8075 1.9601
6 1.5375 1.7357
7 2.73 2.7241
5 2.1075 2.4058
4 0.0675 0.1053
7 1.8525 1.8087
5 2.655 2.7417
7 2.475 2.4532
7 2.2575 2.107
6 1.47 1.2754
6 2.1825 2.2171
7 1.995 2.2775
6 1.095 1.3559
7 2.8575 2.8491
6 2.3025 2.145
6 0.915 0.8741
7 1.6725 1.8522
7 2.325 2.368
7 2.025 2.0702
4 2.0775 1.791
7 0.4425 0.4112
7 1.32 1.3667
4 0.21 0.362
7 2.0175 2.1923
5 0.2025 0.3273
4 2.4825 2.5037
4 2.73 2.8324
7 0.6675 0.7677
5 2.46 2.4415
6 0.7425 0.6774
4 0.45 0.1625
6 2.76 2.7062
4 2.8575 2.7979
5 1.41 1.2402
6 1.8075 1.735
4 1.125 0.8983
5 0.72 1.0511
7 2.1 2.2793
5 1.59 1.6869
7 2.6925 2.7623
5 2.4525 2.4173
5 1.2525 1.317
5 0.87 0.63
6 0.7275 0.8327
7 0.7575 0.9026
4 0.945 1.6955
5 0.8325 1.3424
7 2.67 2.7555
6 0.855 0.9985
6 2.7225 2.7403
6 0.645 0.8217
7 2.055 1.9134
7 1.095 1.3459
5 2.82 2.8362
4 2.94 2.8901
6 2.1525 2.3165
6 0.105 0.1667
7 1.47 1.3616
7 1.5525 1.556
5 0.9075 1.4975
5 2.43 2.5301
6 0.3375 0.3588
6 1.32 1.5631
5 0.5475 0.8999
6 1.755 2.0886
7 0.3525 0.3463
6 1.4175 1.1783
7 1.08 1.6307
7 1.83 1.8108
4 1.77 1.2834
4 2.9625 2.8191
6 2.085 2.069
5 2.235 2.5383
4 0.5175 0.5327
4 2.7525 2.593
6 2.625 2.5498
4 0.8325 0.7737
6 1.725 2.1617
6 1.5375 1.3073
6 2.6025 2.6038
4 1.0575 1.9738
6 0.8475 1.3468
4 1.2225 0.8671
4 0.06 0.3081
4 2.415 1.9655
6 0.435 0.502
6 2.0625 1.7814
7 1.7175 1.5466
6 1.68 1.4686
6 1.5975 1.6608
5 2.145 1.8136
5 0.09 0.1025
6 1.9575 2.0624
7 1.3725 1.6159
5 1.905 1.8659
6 1.455 1.7865
4 2.085 2.2771
6 0.78 0.9721
4 0.0075 0.1975
6 2.4675 2.3658
5 2.055 1.0835
5 2.715 2.8219
6 1.995 1.9852
7 1.3575 1.0984
4 1.5075 1.3846
7 0.3225 0.3175
5 2.385 2.3428
5 0.09 0.047
4 0.195 0.2602
4 1.65 1.6343
4 0.015 0.0982
6 1.86 2.0235
7 2.3625 2.3755
6 2.745 2.6833
5 0.39 0.4084
5 1.4925 1.1623
7 1.605 1.641
4 0.2175 0.0878
7 0.0525 0.0888
7 2.2875 2.3382
7 1.6425 1.6288
6 1.395 1.889
5 0.78 0.6581
5 2.1075 1.4639
6 1.815 2.1408
6 0.3675 0.2631
7 0.09 0.1421
7 0.6825 0.7326
7 1.1025 1.453
5 2.3025 2.4487
6 2.6175 2.6658
6 0.0825 0.0634
7 0.63 0.6288
5 0.1725 0.0215
5 1.9125 2.1805
7 2.6325 2.7455
4 2.715 2.7789
5 0.42 0.5027
7 2.895 2.9161
6 0.9075 1.633
6 2.2125 1.9097
4 0.96 1.8731
7 1.8675 1.5639
6 2.6475 2.7157
5 1.8 1.369
4 0.585 0.7478
6 2.4975 2.5407
4 0.6 0.4869
7 2.8725 2.7401
5 1.68 1.2983
7 0.645 0.5851
7 2.535 2.5002
5 1.7025 1.4825
5 1.1925 1.3977
4 2.9025 2.7391
5 0.885 1.0497
7 2.0625 2.0672
5 0.045 -0.052
6 1.5225 1.8487
6 0.8475 0.8053
7 1.7325 1.555
7 2.385 2.4455
4 1.05 1.505
7 2.325 2.3003
4 0.8475 0.558
6 2.4975 2.4627
5 1.425 1.7597
7 0.7725 0.7789
5 1.965 2.1612
4 2.655 2.5441
4 2.73 2.8641
4 0.8325 1.5965
4 1.245 0.9462
7 0.255 0.2491
7 1.5525 1.455
7 0.615 0.4728
7 0.3 0.2766
6 0.795 1.1376
4 2.8275 2.6913
4 0.4275 0.2639
6 1.3275 0.9996
6 0.48 0.5619
5 1.5525 1.531
6 0.3075 0.3112
4 2.9925 2.8869
6 1.2 1.4116
6 0.045 0.0717
5 1.7475 1.5243
5 0.735 0.9166
4 0.0975 0.2449
5 0.6 0.8714
7 0.975 0.9523
5 2.0925 2.1711
4 1.6425 2.1314
6 1.2225 0.9535
4 2.28 2.4346
5 1.4325 1.2151
4 1.59 1.0774
6 2.115 1.4489
7 1.2525 1.1603
4 2.25 2.1188
4 0.2175 0.2921
6 1.3575 1.1061
6 0.8925 1.2387
6 2.4825 2.3783
7 1.6275 1.8408
5 0.3 0.4567
5 2.2725 2.5249
5 0.75 1.2829
6 1.2375 1.0422
4 2.34 2.761
6 1.47 1.775
5 0.3075 0.4568
5 0.375 0.5106
4 0.825 0.6541
6 1.26 1.2799
6 0.345 0.3523
6 1.7625 1.4946
5 0.555 0.6539
5 1.7925 1.869
5 2.3475 2.443
5 2.415 2.0721
4 1.905 1.8268
6 1.2525 1.9159
5 2.655 2.687
4 1.6125 1.8731
7 2.94 2.8988
4 1.0575 1.1943
6 2.16 2.0046
6 2.9325 2.8708
5 2.445 2.6119
7 0.33 0.3765
5 1.7325 1.546
6 0.0375 -0.0081
6 1.2825 1.072
6 2.715 2.6807
5 0.195 0.253
6 0.6375 0.6276
6 1.9875 1.6833
4 2.4975 2.4726
5 0.0 0.0221
5 1.755 1.2916
5 2.01 1.8661
7 0.09 0.0748
7 1.635 1.9572
7 0.5175 1.8505
4 1.8 2.0342
4 0.2775 0.4977
6 1.89 2.0454
5 2.52 2.348
6 1.2825 1.4892
5 1.6575 1.2357
7 0.465 0.4169
4 1.3125 1.7721
7 2.5125 2.6219
7 1.5975 1.7322
6 2.4225 2.3077
4 0.9075 0.4759
5 0.9675 1.2214
4 0.6825 0.5682
5 2.9925 2.9171
4 0.2775 0.0936
5 0.54 0.4658
4 0.39 0.2594
6 2.145 2.3229
4 2.715 2.6914
5 2.3775 2.3465
5 2.37 2.3593
4 0.2925 0.4984
4 2.6325 2.3114
6 1.725 1.8194
4 2.9925 2.8535
4 1.5075 2.3322
7 1.0125 0.8565
5 1.0275 0.7965
6 2.835 2.9366
6 0.5175 0.5096
6 1.2975 1.1523
5 1.23 1.5241
5 1.785 1.1616
4 1.1925 1.9617
6 1.14 1.1143
4 0.4875 0.5364
7 2.0925 1.9131
4 0.885 0.8317
5 2.475 2.5489
5 0.3675 0.4915
4 1.545 1.7605
7 1.9425 1.8014
4 1.335 1.9881
5 0.375 0.3901
7 2.865 2.8642
4 0.03 0.0308
6 0.2625 0.4128
7 1.5975 1.5037
7 1.23 1.3544
5 1.725 1.0578
4 1.6875 1.1581
4 0.4125 0.7531
5 2.685 2.7478
4 1.7775 1.7659
7 2.82 2.8463
4 1.6875 0.866
5 1.2 2.0018
5 2.94 2.8433
5 1.8675 1.19
7 0.525 0.446
5 2.5875 2.4623
4 1.2 1.1838
6 1.2975 1.4644
4 1.875 2.3632
7 2.9325 2.8988
7 2.115 2.1881
4 0.21 0.3295
4 2.1825 1.7619
5 2.2725 2.5083
4 2.5575 2.3569
5 2.1225 1.5073
4 1.1925 1.1988
4 0.6225 0.4469
4 0.48 0.3867
6 2.8425 2.7567
7 2.55 2.5205
6 1.5675 1.8229
4 1.0725 1.0957
5 0.7575 1.1474
7 0.1125 0.1947
6 2.235 1.9369
5 1.08 1.2709
6 2.805 2.8341
5 1.77 1.5396
4 1.2225 0.5216
5 0.9675 0.9411
4 1.0425 0.8181
7 1.755 1.932
6 0.06 0.1692
6 2.955 2.9382
5 0.3375 0.2778
7 0.51 0.5242
5 0.6375 0.5901
5 2.205 2.1196
5 2.1375 1.7607
5 2.385 2.4418
7 0.51 0.5278
5 0.2475 0.1928
4 2.985 2.8777
4 2.8875 2.592
6 1.62 1.8032
7 0.03 0.0827
5 2.985 2.91
4 2.4 2.4107
6 2.5125 2.4699
4 2.4075 2.7427
4 1.7175 1.3532
6 0.93 1.4732
6 0.33 0.1937
6 1.47 1.3875
4 0.87 1.707
7 2.0625 2.0959
4 1.0575 0.6579
4 1.4025 1.449
4 1.365 1.9369
6 2.8725 2.8406
6 1.0125 0.8276
5 0.54 0.658
7 1.29 1.3717
6 2.5725 2.4351
6 0.1575 0.0754
5 1.5075 1.5755
5 1.845 1.2961
4 1.47 1.3549
6 1.2075 1.2731
6 1.9425 1.8716
7 1.5375 1.0895
7 0.5025 0.5405
6 2.73 2.745
4 0.06 0.4347
6 0.9225 1.0703
5 1.215 1.449
6 0.2025 0.2592
6 0.855 1.0217
5 2.73 2.926
4 1.38 2.0199
6 1.5225 1.5427
6 0.36 0.4045
6 2.4075 2.3854
6 2.49 2.4715
7 1.365 1.6306
6 2.3625 2.2657
4 2.4 1.3809
5 0.7875 0.6576
4 1.2075 2.0982
4 1.5675 1.5231
6 1.02 0.8747
6 1.755 1.8488
7 1.47 1.8329
6 1.92 1.6405
5 0.18 0.1979
6 2.3775 0.0315
6 0.2775 0.2556
5 2.7 2.7242
7 2.7225 2.6285
6 0.5625 0.5705
6 1.2825 1.9402
7 0.09 0.1332
6 0.465 0.3645
6 2.0175 2.0508
5 1.0725 0.9291
6 0.7725 0.83
5 0.5025 0.4381
7 0.21 0.1744
5 1.6725 1.4617
5 0.4425 0.4074
4 0.9075 1.2055
5 1.9575 1.6841
4 0.7425 1.3436
6 1.5675 1.4989
4 0.465 0.1948
5 0.45 0.7725
7 2.025 1.853
7 2.4975 2.5045
6 0.285 0.2609
7 2.0475 1.6116
6 1.0275 1.1366
7 0.3975 0.4199
5 1.8825 1.984
4 0.33 0.3461
7 1.8975 2.0261
7 2.7675 2.6673
5 2.3175 1.9391
6 2.64 2.6365
6 0.45 0.4826
5 0.5025 0.7007
4 1.35 1.8428
6 1.02 1.0894
7 1.4775 1.6244
7 0.6975 0.6116
5 2.4525 2.3285
6 0.9375 0.9349
4 2.9775 2.946
4 0.3 0.1257
4 1.305 2.2269
5 1.005 1.6832
6 2.265 2.0186
6 2.4225 2.3834
5 2.5725 2.7344
7 1.9425 1.7625
5 0.855 0.8916
4 0.5325 0.8713
5 0.7125 0.5378
5 2.0325 1.5609
5 1.035 1.3916
7 2.3325 2.3584
6 0.0075 0.1204
6 1.0725 1.6168
5 1.605 1.2527
7 0.15 0.1498
4 2.82 2.5982
5 1.3425 1.2384
4 1.7025 1.5063
7 2.9625 2.1321
7 1.7775 1.6918
5 0.3075 0.3993
7 1.7325 1.8248
4 1.7925 1.4696
5 0.1725 0.2609
7 1.6125 1.6494
7 2.25 2.1663
6 0.24 0.2674
4 1.59 1.4811
7 0.3375 0.2851
5 1.1475 1.5848
6 2.4075 2.4859
7 0.975 1.0411
4 1.485 0.7044
6 2.055 1.8247
4 1.005 1.0544
4 0.0525 0.1009
4 1.755 1.5431
6 2.1225 2.0112
7 0.5775 0.5587
4 1.26 1.5962
6 2.4825 2.4328
4 2.46 2.2101
5 1.8225 1.0161
6 0.7125 0.9085
7 1.6725 1.1946
4 0.72 1.7739
7 0.495 0.5282
5 2.67 2.8109
4 0.0525 0.1441
5 2.76 2.7544
4 0.885 1.0436
5 1.8825 1.0098
7 2.52 2.424
4 2.0325 2.0213
6 1.125 1.3493
6 0.7425 0.656
7 0.0525 0.0682
6 2.0475 2.2343
5 0.6975 0.8628
6 1.2075 1.2449
6 2.34 2.3176
6 2.085 1.9058
6 1.9725 1.4587
7 2.4975 2.4639
5 2.34 2.3123
4 2.445 2.3814
5 0.66 0.7139
4 0.6075 0.3319
7 0.375 0.4215
7 0.645 0.6451
4 0.795 1.0099
4 0.66 0.7129
4 0.8175 1.238
6 1.2975 1.1697
7 2.9925 2.9245
5 1.515 1.9
6 1.9125 1.8298
4 0.975 1.0801
4 0.6675 0.4209
4 0.8625 1.7299
4 2.25 2.2217
4 1.935 1.2924
4 1.365 1.5758
4 2.85 2.8617
5 0.5475 0.6598
4 0.9675 2.0391
5 2.6475 2.4287
4 0.9225 1.1803
4 0.9 1.0919
7 0.2625 0.2803
6 2.775 2.7603
6 2.0625 1.8476
5 2.205 2.0034
6 2.055 1.6505
4 1.9275 1.6187
7 0.15 0.2096
5 1.5375 1.2387
7 1.0875 1.2125
4 2.355 2.2677
4 0.945 1.5279
7 1.965 2.0925
5 2.145 1.836
6 0.6375 0.9567
6 1.4325 1.233
5 0.0825 0.1032
7 2.7675 2.6732
4 2.355 2.5617
5 0.6225 0.9365
5 0.0675 0.002
5 1.95 1.7239
7 1.44 1.7752
7 1.4475 1.7465
5 2.6475 2.7915
4 1.74 1.8873
6 1.8975 1.5211
7 1.62 1.6147
6 1.245 1.6883
5 2.2425 2.1616
7 0.7125 0.7209
6 0.24 0.27
4 0.81 1.8198
5 2.6325 2.5272
5 1.2 1.3693
7 1.455 1.1599
6 2.595 2.7652
6 1.1325 1.5793
7 1.3275 1.1711
7 0.69 0.7192
4 1.47 1.2053
5 2.4525 2.2846
4 1.9575 1.8128
4 2.4225 2.3969
5 0.945 1.5373
5 1.95 1.4632
6 1.965 1.9631
7 2.505 2.5472
5 2.91 2.9326
5 1.665 1.9168
5 1.9275 1.1744
4 1.7175 1.042
6 1.9875 1.3765
5 1.38 1.129
4 0.2175 0.1728
6 0.705 0.7743
7 0.66 0.7776
6 2.0475 1.7902
4 0.5175 0.4553
5 0.33 0.219
5 2.8725 2.8988
4 2.925 2.8657
5 1.9875 1.5514
5 0.99 1.5036
6 0.1875 0.1486
5 0.045 0.0738
4 0.6825 0.5049
5 1.5 0.7896
7 0.135 0.1709
7 0.135 0.2339
4 2.1525 2.3193
6 2.6775 2.627
4 2.5575 2.1178
5 0.03 0.209
5 1.26 1.5438
4 2.7 1.8809
6 0.2025 0.2934
5 2.5275 2.5553
7 2.7525 2.7276
6 0.8625 0.8101
7 0.6525 0.6384
6 0.7725 0.772
6 2.0925 1.9286
6 1.0275 1.0001
4 0.0375 0.1678
4 0.0225 0.152
4 0.3225 0.3046
4 1.0125 0.9328
7 0.825 0.8056
6 1.0875 1.2708
7 0.675 0.5872
7 2.7375 2.6512
6 1.2675 1.3472
4 1.4025 1.7627
6 0.3525 0.3585
6 0.285 0.3592
4 2.775 2.8003
5 2.2425 2.2827
7 1.455 1.4412
5 0.84 1.4908
4 1.9725 1.3485
6 1.3875 1.0041
6 1.0275 0.9433
4 0.4875 0.72
7 1.2225 1.1907
5 2.7225 2.6722
7 1.545 1.5364
4 0.165 0.3707
4 0.9 1.5429
5 2.9925 2.902
6 0.4725 0.4724
5 1.725 1.4064
4 1.89 1.5148
6 0.72 0.6407
4 1.9125 1.9569
5 0.6 0.8214
7 0.51 0.5026
6 2.3775 2.4011
5 1.5675 1.5629
7 0.1575 0.1797
5 1.4925 1.6242
5 1.41 1.4042
7 0.975 1.456
6 1.8975 2.0479
7 2.8275 2.809
7 2.9475 2.9667
4 2.43 2.265
7 0.21 0.2445
4 2.685 2.6628
6 0.1575 0.3012
6 1.755 1.9808
7 1.4475 1.6086
5 2.2875 2.3651
7 2.985 3.0538
7 1.7325 1.5514
5 2.4825 2.4821
4 1.5525 1.4226
6 1.335 0.9527
7 2.5725 2.5976
5 1.725 1.3957
4 2.5575 2.5648
5 2.835 2.9969
7 2.5875 2.558
5 2.43 2.1805
6 1.1325 1.2194
6 2.7 2.6338
6 1.0725 1.5706
7 0.615 0.697
6 2.8425 2.8551
7 2.205 2.06
5 0.6825 0.5972
6 1.1475 1.5627
5 1.29 1.417
5 0.36 0.4155
5 1.575 1.6386
5 2.8875 2.8855
7 1.4625 1.4912
4 1.7475 0.6768
7 0.015 0.0733
5 1.9725 2.2834
4 0.39 0.2412
5 0.285 0.2901
6 0.015 0.1496
6 0.705 0.9307
4 1.56 0.7532
4 2.6775 2.5291
6 1.9725 1.7778
5 0.9825 0.7561
4 1.1475 1.6086
5 0.69 0.5873
7 1.8975 1.7672
6 2.4375 2.4706
4 2.7675 2.7193
7 2.325 2.3063
7 2.6775 2.6335
6 2.1 1.8624
6 2.5275 2.5901
7 0.945 0.8878
6 2.5275 2.4636
5 1.6125 1.5842
7 1.3575 1.4479
5 0.51 0.4604
6 0.585 0.5221
5 0.09 0.0985
4 2.25 1.9304
4 2.2875 2.3028
6 1.5375 1.5025
5 2.895 3.0041
5 2.355 2.3504
4 2.595 2.4893
5 0.0675 0.0926
7 2.0325 2.0696
4 2.925 2.8061
6 0.87 0.897
6 2.7675 2.7426
4 1.935 1.8884
7 1.515 1.4534
5 0.1575 0.0687
4 0.2625 0.0463
5 2.775 2.8325
5 1.6125 1.6969
7 1.4175 1.5057
5 0.585 0.5939
5 0.39 0.3196
6 1.875 1.7479
5 2.6775 2.8735
6 2.4525 2.4545
4 2.25 2.1496
6 0.0975 0.0992
6 1.92 2.0898
7 0.99 1.0073
5 0.27 0.3248
4 0.3525 0.4033
5 1.335 1.2107
6 1.47 1.5694
6 0.6825 0.5495
4 2.0025 1.353
4 1.0575 0.765
6 1.1925 1.9356
5 0.7125 0.628
5 2.0475 1.9274
7 2.8425 2.9042
5 0.09 0.0595
4 1.2375 1.046
6 0.66 0.5709
6 1.965 1.5329
5 2.49 2.3349
6 2.82 2.6972
6 1.1325 1.3922
7 1.245 1.3523
7 0.42 0.3528
7 0.57 0.5831
6 0.0375 0.0619
6 1.32 1.1507
4 0.5775 0.8398
7 2.6925 2.7076
4 0.615 0.7708
4 1.5225 1.0553
7 0.0825 0.0557
4 0.765 0.8665
5 0.1125 0.2236
6 1.305 1.5938
6 0.5775 0.5861
7 2.235 2.1391
5 2.0475 1.9396
5 1.0725 1.5058
4 0.2625 0.2035
6 1.3425 1.6541
4 1.6125 1.1455
4 0.9975 1.8632
5 0.15 0.0624
7 1.515 1.3493
4 1.0275 0.802
7 0.33 0.2514
4 2.9325 2.8429
6 0.72 1.0405
6 1.3275 1.2663
4 2.2875 1.3876
4 0.975 0.8786
4 2.6175 2.8991
7 1.6875 1.3027
5 2.9025 2.9536
4 0.03 0.1124
5 0.96 1.3514
7 1.3725 1.3997
5 1.5075 1.4048
5 0.3 0.1599
5 0.6225 0.6655
6 2.28 2.205
5 1.7025 1.8233
7 1.215 1.3499
5 2.685 2.4912
7 0.1425 0.2702
6 2.64 2.737
5 0.6675 0.5372
7 0.885 0.9727
7 0.57 0.5269
6 2.6475 2.5962
7 1.515 1.5615
6 0.0375 0.0529
6 1.5 1.9228
6 0.6525 0.8119
5 2.9625 2.8972
4 0.3 0.5906
5 2.6925 2.5303
7 0.5325 0.6686
4 0.1875 0.2643
4 0.645 0.6164
4 0.7275 1.2106
6 2.805 2.8747
4 2.61 2.3449
6 0.0075 0.1164
7 2.79 2.8328
6 0.5475 0.5088
6 0.72 0.7864
4 1.5525 1.8665
6 2.0925 1.97
6 1.545 1.4502
5 0.3525 0.3222
4 0.4575 0.3022
6 1.8975 1.6013
6 1.1025 1.1405
7 1.6275 1.3245
5 2.82 2.9237
7 2.655 2.7023
7 2.2875 2.1176
4 2.61 2.4492
7 2.4825 2.5503
4 0.3075 0.3835
6 0.12 0.048
5 0.1425 0.0088
4 0.09 0.1697
4 2.37 2.3219
4 0.915 1.0495
6 1.8825 2.0905
4 2.85 2.8034
5 0.7725 0.971
4 0.8625 0.5737
6 1.4625 1.1729
7 2.76 2.7595
6 2.73 2.7806
6 2.565 2.6019
4 2.9475 2.8413
5 2.64 2.6438
7 1.485 1.6829
4 2.8425 2.6612
5 0.615 0.7679
4 0.6075 0.5207
4 1.485 1.541
7 0.765 0.6756
4 0.09 0.1713
4 0.3675 0.5446
6 1.455 1.7843
4 0.7425 1.4822
5 0.0075 0.0726
4 1.905 2.0768
4 2.895 2.8384
6 2.655 2.6578
4 0.1125 0.2304
6 2.445 2.4914
7 2.5725 2.5668
4 1.485 2.0854
4 0.3825 0.6375
7 1.965 1.5641
5 2.88 2.7619
5 2.64 2.4853
7 1.9425 2.0854
7 1.8375 1.9007
7 1.8225 1.9634
7 1.5675 1.6469
5 0.3225 0.3339
6 1.3875 1.7362
7 0.8925 0.9161
4 0.825 1.4602
7 0.2025 0.2335
5 0.345 0.2693
5 2.58 2.6857
5 0.315 0.225
5 0.2925 0.3175
5 1.7175 1.628
4 0.135 0.5192
5 0.39 0.3462
4 2.2425 2.0328
7 0.9 0.9537
4 0.075 0.0987
7 0.8625 0.9329
7 0.885 0.7846
4 2.1525 1.2018
6 2.19 2.2121
7 2.565 2.6445
4 2.355 2.1142
6 1.83 1.3236
5 0.7125 0.5443
4 0.7575 1.5062
6 0.105 0.2202
4 0.4575 0.8614
7 2.4975 2.3967
7 0.345 0.2636
7 0.1575 0.0969
4 1.2225 1.8726
5 1.2975 1.7379
7 2.2425 2.1125
7 0.99 1.065
6 1.3425 1.6876
4 2.7 2.7963
7 1.44 1.8325
4 2.4075 2.5316
7 0.225 0.2726
4 0.525 0.6561
4 1.41 2.1429
7 0.6675 0.6262
6 0.4875 0.4133
4 1.3425 1.5888
5 2.0775 1.7177
5 1.425 1.6327
4 1.425 1.1236
5 0.6525 0.791
5 0.045 0.1147
6 1.065 1.0992
4 0.21 0.1215
5 2.28 2.0949
7 0.2925 0.3465
7 0.7725 0.9345
7 1.1625 1.3973
5 0.6225 0.7578
6 2.0475 1.9946
4 1.68 2.1747
5 2.805 2.8791
4 2.5275 2.5134
6 1.0575 0.942
6 0.45 0.5412
7 0.855 0.8286
6 1.725 1.7381
6 2.445 2.5415
6 2.64 2.6841
4 2.445 2.0501
7 1.845 1.6622
6 1.4025 1.6091
7 1.4025 1.7926
6 1.335 2.1684
5 2.0625 1.5501
4 1.695 1.0309
4 2.79 2.5471
6 2.46 2.3109
4 2.1975 2.4094
7 0.0375 0.0682
7 2.01 2.1602
4 2.595 2.5416
5 1.2225 1.2087
4 0.375 0.1407
7 2.43 2.4018
5 0.0075 0.0699
7 1.2975 1.3317
5 1.1475 1.2161
4 2.91 2.8447
5 1.59 1.4225
4 1.08 2.2101
6 0.0975 0.0302
5 0.255 0.3061
6 1.7925 1.708
4 2.8275 2.9012
7 0.0375 -0.0231
4 1.4325 1.1879
4 2.85 2.8725
7 0.03 0.0517
5 1.08 1.0058
6 1.56 1.0693
4 1.5075 1.9412
7 0.855 0.9217
5 0.135 0.1653
7 2.475 2.4572
5 2.6475 2.5305
5 0.045 0.0274
5 2.295 1.9615
7 2.9625 3.038
6 1.0725 1.4736
7 0.9675 1.3073
5 0.855 1.111
6 2.805 2.8048
4 1.71 1.1399
5 1.02 1.447
6 1.1625 1.2617
4 2.4675 2.7307
6 0.7575 0.8155
4 0.945 2.4727
4 0.69 0.5422
5 2.655 2.4546
4 1.98 1.5896
7 2.0325 1.5235
5 1.035 1.3999
6 2.4075 2.4145
7 0.2025 0.3157
6 2.325 2.2206
6 2.4075 2.4462
4 1.935 1.284
6 0.645 0.6632
4 1.7025 1.0011
7 0.42 0.369
6 2.16 2.3412
6 2.895 3.0225
5 0.2175 0.3471
4 2.73 2.7635
4 1.785 0.6395
7 0.51 0.538
7 0.6675 0.7272
7 1.74 1.7283
6 1.515 1.538
4 1.5975 1.3535
6 1.3725 1.5186
4 1.29 1.3599
4 1.785 1.505
6 2.76 2.7669
5 1.5225 1.6601
4 2.9475 2.9291
4 1.365 0.8167
7 1.125 1.4164
5 1.395 1.73
6 0.9675 1.3259
7 2.055 2.0404
7 0.765 0.8546
7 0.51 0.5057
7 0.0825 0.0534
7 1.7775 1.4543
4 2.58 2.4631
6 0.3525 0.4638
7 2.52 2.5333
4 0.3525 0.4762
6 2.34 2.1337
5 0.4275 0.4609
4 0.5775 0.6714
4 2.61 2.6774
4 0.375 0.6032
6 1.14 1.2802
5 0.3225 0.364
4 1.995 2.1527
4 1.005 2.188
5 0.57 0.5518
6 0.1425 0.056
6 1.9575 1.8778
5 0.18 0.108
4 1.86 1.7716
4 1.665 2.2166
4 2.5875 2.6846
7 1.215 1.4209
5 2.745 2.73
7 1.2975 1.3194
7 0.7575 0.8497
6 2.94 2.9633
4 1.305 1.8532
7 0.6 0.6791
5 2.4675 2.4062
6 2.0025 1.6134
6 2.79 2.7186
4 2.85 2.8195
7 2.76 2.8002
6 1.1925 1.4404
5 1.1475 0.7517
4 2.04 2.0827
7 2.76 2.6897
4 0.8475 1.859
5 0.0825 0.1741
7 1.2675 1.4359
6 1.92 1.9797
6 1.8675 1.5128
5 1.815 1.1613
6 0.51 0.7039
7 2.805 2.9582
5 1.56 1.2938
5 2.115 2.0363
5 2.8125 2.9315
4 0.2325 0.1246
7 2.6475 2.5156
5 0.6075 0.5852
5 2.925 2.8776
7 2.985 3.0662
4 0.2025 0.1652
6 0.045 0.0118
5 2.1225 2.0358
6 2.9775 3.0123
6 2.895 2.8991
5 1.1775 2.221
6 1.575 1.4567
7 2.94 2.8717
4 1.605 1.6685
7 0.6 0.5062
4 0.6825 0.9497
5 1.5375 1.5965
6 2.235 2.2978
6 1.47 1.2922
7 1.6575 1.5143
4 1.2075 0.5974
4 1.71 2.2039
5 1.3425 1.7097
5 2.64 2.4639
6 2.7525 2.7327
4 0.0975 0.2158
6 1.8525 1.6725
4 1.815 1.8095
4 2.445 2.0742
5 2.3175 2.351
4 0.7725 1.03
4 0.1275 0.2686
6 1.59 1.6958
7 2.7225 2.6605
5 1.575 1.2651
7 0.525 0.5794
6 2.79 2.86
7 2.9775 2.9299
5 1.305 2.1254
4 0.105 0.0792
7 1.98 1.9367
4 0.2025 0.2584
4 2.0775 1.9673
4 0.51 0.4273
5 2.325 2.3555
7 2.7825 2.723
6 0.0375 0.0017
6 2.835 2.8397
4 0.5625 0.8944
7 2.0325 1.9102
4 1.6575 1.0757
6 2.2275 2.245
5 1.395 1.5298
7 1.2975 1.493
4 2.2575 1.8262
4 2.7225 2.5591
4 1.935 1.2961
6 0.7575 0.6895
4 2.1975 2.4093
7 2.835 2.7773
6 1.9425 1.4808
6 2.115 1.9988
6 0.3975 0.3799
6 1.2975 0.8662
6 1.7175 1.9002
4 2.205 1.0669
6 1.815 2.1028
5 0.6375 0.9529
7 2.4375 2.4964
6 2.25 2.0071
4 1.395 0.9017
6 0.8625 1.4275
5 1.4775 1.4509
5 1.905 1.4994
7 0.915 0.945
6 1.3875 1.7952
4 1.005 1.0784
5 1.89 2.194
7 0.36 0.3849
4 0.8775 0.9152
6 1.68 1.5851
7 0.39 0.4486
7 1.6875 1.4582
5 1.0125 0.9798
5 2.0025 1.9597
4 0.0225 0.1362
5 0.9075 0.601
6 1.9875 1.7332
7 0.2775 0.2875
6 0.675 0.7433
6 0.1125 0.1744
5 1.1325 0.9515
4 1.4925 1.6588
6 2.16 2.2213
4 2.4825 2.864
6 2.775 2.674
6 2.205 2.1224
7 2.25 2.2564
4 0.48 0.3291
7 2.04 2.1202
7 2.82 2.7302
7 1.095 1.5531
5 1.14 0.8747
7 0.93 1.0492
5 0.0075 0.0953
5 2.2725 1.8203
5 0.8475 1.1737
7 2.4825 2.5038
7 1.6575 1.9546
6 1.56 1.7417
6 0.0375 0.167
5 1.2075 0.6945
7 1.5975 1.3103
5 0.4275 0.5449
7 2.985 2.9004
7 2.6775 2.7331
5 1.7025 1.7329
5 0.045 0.0752
7 1.32 1.3306
4 1.92 1.7388
7 1.4325 1.8259
5 2.625 2.7741
4 1.065 0.7276
5 1.2075 1.0343
4 2.8125 2.5932
5 0.6525 0.8219
7 0.3825 0.3441
7 0.8625 0.9151
4 1.6725 1.4596
5 1.665 1.8127
6 2.2725 2.1874
4 2.505 2.4272
7 2.655 2.6231
4 0.8025 0.6149
5 2.415 2.3963
6 2.355 2.3142
7 2.7525 2.8407
7 2.445 2.3657
5 1.9425 1.5433
5 2.1525 2.5191
4 0.345 0.3206
6 1.815 1.6372
5 1.47 0.9393
4 2.4825 2.6185
5 1.815 1.18
7 0.06 0.1372
4 2.1225 1.5691
5 2.205 2.332
5 1.455 1.664
7 0.435 0.5371
6 0.3 0.4195
5 1.47 1.1181
5 0.825 1.1703
6 0.33 0.4707
5 2.0475 1.7343
7 0.2025 0.2227
6 1.125 1.3946
7 0.42 0.4161
5 1.425 1.84
5 0.615 0.7567
6 0.045 0.015
5 2.1525 2.2382
7 1.1475 1.105
5 1.2825 1.3599
4 1.53 0.9783
7 0.315 0.3631
5 1.38 1.3046
7 1.8225 1.5129
4 2.745 2.6019
6 1.59 1.3905
7 0.075 0.063
4 0.9525 0.8251
7 0.69 0.6778
6 1.68 1.4905
7 1.4775 1.5581
7 0.315 0.3124
7 0.21 0.1967
5 1.1925 1.2594
4 2.1225 1.2712
6 0.81 0.9011
5 1.8825 1.8696
7 1.1325 1.0591
6 0.69 0.7097
7 1.125 1.1333
7 2.9775 2.9214
4 1.56 1.6039
5 1.995 2.0286
6 0.6825 0.6245
5 1.68 1.7578
4 1.44 1.4078
4 1.3125 2.2696
6 0.2625 0.169
7 2.3925 2.347
5 1.7775 1.8451
4 0.27 0.0382
4 2.8875 2.7377
4 2.8425 2.7143
4 2.31 2.0787
4 2.835 2.9605
7 0.9525 0.9759
5 0.18 0.2902
4 0.6975 0.7553
5 0.2475 0.1853
5 1.8075 1.8825
6 2.9625 2.8897
4 1.35 2.2291
6 0.1725 0.2633
5 2.7525 2.6873
6 2.52 2.5221
5 2.07 1.7095
4 0.48 1.132
5 0.69 0.7397
7 0.9525 0.8452
5 1.53 1.3333
4 1.875 1.807
4 1.05 1.2653
5 0.975 1.3327
7 2.13 2.3927
7 1.98 1.7739
7 0.0525 0.0374
4 0.6675 1.2246
6 1.47 1.6995
6 0.12 0.1601
5 1.1475 1.1237
4 0.8025 0.9272
6 0.5775 0.5756
7 0.315 0.3054
7 0.375 0.3749
7 2.325 2.243
7 2.73 2.7917
5 0.405 0.1959
5 1.7175 1.9364
7 0.975 0.8751
5 2.76 2.8432
5 2.43 2.52
7 1.7325 1.5262
7 0.5175 0.4515
5 0.9525 1.0408
4 1.305 1.5343
5 0.765 0.6088
5 2.7525 2.7782
7 0.555 0.4196
5 2.895 2.8443
5 0.795 0.728
5 1.0725 0.8778
4 1.5225 1.2648
7 0.2175 0.1772
7 1.29 1.5885
5 2.3775 2.1785
4 0.735 0.5567
6 2.25 2.2188
6 2.2575 2.2575
5 1.89 2.1241
5 1.1925 1.3848
6 1.575 1.9401
7 0.1425 0.1741
6 2.265 2.3193
4 0.2475 0.0748
4 1.1775 1.8284
4 0.78 0.5506
6 2.3625 2.2733
7 0.8475 0.8729
7 2.6175 2.6041
4 0.9975 1.7406
4 2.85 2.7029
5 0.765 0.8775
4 0.99 0.8421
4 2.6625 2.6653
4 0.7725 0.9581
5 2.49 2.3953
6 2.025 1.9417
4 1.9425 1.569
5 1.7175 1.8055
6 2.5575 2.5715
4 2.04 0.6075
7 2.37 2.4368
5 1.89 1.5496
5 1.0275 1.2151
4 2.9625 2.8575
6 0.435 0.4253
5 2.8275 2.814
7 0.81 0.8556
5 2.7525 2.6274
4 1.7025 1.3378
6 1.59 1.174
6 0.03 0.071
7 2.04 2.1282
6 0.24 0.1293
4 1.08 2.1195
5 0.9225 1.1753
6 0.1725 0.2239
7 0.33 0.3836
6 1.8375 1.6826
7 2.6025 2.6004
7 0.1725 0.2028
5 0.555 0.481
5 0.45 0.5869
6 1.1625 1.1805
4 0.27 0.1966
5 1.3875 1.5515
6 0.2325 0.1477
6 1.8075 1.9367
6 1.3125 1.8134
5 2.085 1.3282
6 1.53 1.4371
6 2.07 2.1063
4 2.73 2.6206
5 0.96 0.8337
5 0.3225 0.3119
7 1.4925 1.4638
4 2.34 1.4535
5 2.5275 2.5238
6 0.36 0.4378
7 2.3025 2.2481
7 2.115 2.019
6 1.08 1.1972
6 1.035 0.8585
6 2.73 2.731
6 1.8525 1.3666
7 2.295 2.3333
4 2.565 2.508
5 1.575 1.5287
7 1.71 1.68
6 2.2575 2.2795
6 2.55 2.5885
4 0.1425 0.3162
6 0.555 0.6498
6 1.695 1.3394
6 0.27 0.2998
4 0.465 0.4974
5 2.9775 2.9929
6 0.9375 0.9233
4 0.0 0.0969
5 0.42 0.3305
6 2.1525 2.1886
4 0.39 0.4107
5 1.455 1.8086
7 2.97 2.9691
4 2.0475 2.3443
5 2.73 2.7536
4 2.58 2.6944
7 1.695 1.5473
5 1.5975 1.3749
4 1.7025 2.1206
5 1.995 2.1352
7 0.36 0.3861
7 0.915 0.8701
6 1.9575 1.9157
7 1.74 1.5159
5 1.3875 0.9929
6 2.3325 2.3663
6 2.985 3.0533
4 0.255 0.0875
4 2.1075 2.3533
5 0.6075 1.0453
5 1.245 2.0864
5 0.015 -0.0237
7 1.89 2.0363
7 1.695 1.618
4 0.33 0.2053
5 0.015 0.1126
4 0.795 1.1167
7 0.84 0.6763
6 1.545 1.8061
5 0.735 0.8214
7 0.735 0.7351
5 0.5325 0.5871
5 2.2875 2.4982
4 2.655 2.4647
7 1.5825 1.3712
7 0.2625 0.3368
4 1.335 1.8285
5 0.1275 0.2743
5 2.4375 2.1396
7 1.095 1.2174
5 2.5725 2.4704
6 2.685 2.6107
4 0.3 0.1067
6 1.29 1.2201
7 0.825 0.7181
4 0.2775 0.3286
7 0.525 0.4691
4 1.4775 2.4898
7 0.45 0.4445
5 2.8875 2.7673
4 2.01 1.8778
7 2.085 1.9722
5 0.615 0.818
6 1.9725 1.7836
6 1.14 0.9414
7 1.9275 1.8505
6 2.5575 2.5971
5 1.92 1.6973
7 1.185 1.2669
7 2.4225 2.3096
7 2.61 2.7127
7 1.5225 1.3287
5 2.01 1.7097
7 2.6325 2.6324
4 2.9925 2.9594
6 0.63 0.9288
4 2.2425 2.2521
6 0.585 0.5064
7 1.95 1.9169
5 0.0675 0.174
7 0.585 0.6493
4 2.3475 2.0362
5 1.1025 1.253
6 2.8725 2.9216
4 2.2425 2.2732
7 1.455 1.7075
5 0.5475 0.6127
6 2.16 2.0323
5 1.605 1.4552
7 2.1375 1.9693
4 2.0925 1.0031
5 0.4875 0.5075
7 2.13 2.1027
7 1.65 1.6001
6 1.4325 0.9027
6 1.7175 0.9981
5 1.8675 1.861
6 2.2725 2.3536
5 2.07 1.8807
4 0.39 0.9948
7 0.66 0.7034
4 0.735 1.4834
5 0.8925 0.7989
4 1.5525 1.2652
7 0.2025 0.2034
7 2.64 2.5617
5 1.62 2.0074
5 2.9775 3.0149
7 0.84 0.932
6 0.6225 0.5576
4 1.83 1.6195
4 0.2775 0.617
4 2.91 2.8424
5 0.9525 1.0394
4 0.42 0.2616
6 2.5875 2.4698
7 2.055 1.9368
6 1.4025 1.4071
6 1.065 1.5291
5 1.725 0.8927
6 0.09 0.0097
5 2.7675 2.7653
6 0.4425 0.5635
4 0.36 0.3
7 2.13 2.1171
5 0.8025 1.3329
6 0.5025 0.4719
4 2.7825 2.7256
7 0.3 0.3544
5 0.8775 1.0744
4 0.18 0.1509
6 0.72 0.8656
4 0.585 0.4597
7 2.145 1.957
4 1.995 1.6679
4 0.0075 0.1666
7 2.415 2.5221
7 1.545 1.3731
5 1.98 1.5131
4 0.66 0.858
5 2.9025 2.8224
6 1.395 1.3062
4 1.17 1.3538
6 2.46 2.4381
5 2.0475 1.9653
4 1.1325 1.3571
7 2.9625 2.9371
7 1.275 1.3957
5 2.3475 2.2255
5 0.9525 1.1133
7 1.725 1.4919
6 2.445 2.4745
7 1.665 1.6915
5 0.8175 1.3197
7 0.1125 0.0131
7 2.385 2.3733
7 2.715 2.6138
4 1.575 1.6146
6 1.65 2.0661
6 0.63 0.5449
4 2.625 2.6144
4 1.6875 2.2014
7 0.1725 0.1032
7 1.26 1.5183
7 1.3125 1.6034
7 2.4225 2.4866
6 0.0675 0.1597
7 2.3025 2.3238
5 1.185 1.1103
6 1.4475 1.303
5 0.705 0.8929
7 0.4425 0.4249
7 2.1825 2.2717
6 2.79 2.7739
6 1.665 1.5055
4 2.955 2.8095
4 1.2675 1.8156
4 0.0375 0.2532
7 2.6925 2.7423
7 0.4875 0.4848
6 2.775 2.7603
5 2.3925 2.4225
7 0.48 0.3825
5 2.025 1.8964
5 1.7025 1.5256
4 1.9725 1.6796
6 0.195 0.0309
7 1.7025 1.7222
6 1.9125 1.6691
5 2.9925 3.0279
4 2.37 2.1091
6 0.8625 0.9619
7 0.4875 0.5753
7 1.455 1.0021
4 0.705 0.6271
6 1.47 1.3039
7 2.58 2.5983
4 0.21 0.1626
4 1.9725 2.3681
4 1.5225 0.6726
7 0.915 1.0586
7 1.695 1.5101
5 2.6925 2.7504
4 0.465 0.4016
4 2.3775 2.3546
7 1.6725 1.8237
6 0.4725 0.5444
5 1.1775 0.9486
7 2.8275 2.7988
7 2.7225 2.6574
5 1.8 1.8641
7 1.8975 2.0113
6 2.64 2.6013
4 1.62 1.7528
7 1.5375 1.4058
4 0.945 1.3171
6 0.585 0.5099
5 2.835 2.8672
6 2.025 1.9852
4 0.255 0.2638
5 0.9975 1.9544
4 1.05 0.9871
7 2.79 2.8488
7 1.9125 1.3909
5 1.3725 1.4614
4 0.285 0.2427
4 2.1975 2.0413
4 0.0975 0.2527
7 1.3725 1.3336
4 0.795 1.164
7 0.5325 0.3964
6 0.1575 0.2133
6 2.16 2.1716
6 1.455 1.5552
7 1.2675 1.1694
5 1.635 2.0654
4 1.3425 1.6725
7 0.945 0.9683
5 2.385 2.28
6 2.4675 2.3917
6 2.8875 3.0053
4 1.8975 1.8729
6 0.585 0.6797
6 2.505 2.4474
4 2.7675 2.8357
7 1.8975 1.771
6 2.9625 2.9652
6 1.6275 1.4915
4 1.035 2.1315
4 0.6825 1.161
5 1.305 1.723
4 1.6875 1.217
6 0.555 0.6364
5 0.9 1.3419
4 2.4825 2.2171
4 0.5025 0.5615
4 1.83 1.5491
6 1.7625 1.6484
7 2.295 2.2249
4 2.0025 1.7368
5 0.3225 0.4017
5 0.0825 -0.0578
7 1.0575 1.2373
5 2.7375 2.6352
5 2.61 2.6126
5 1.8 1.7883
4 2.775 2.8653
7 1.6125 1.4999
6 1.9125 2.025
4 0.0975 0.2216
6 1.305 1.6713
7 1.725 1.3304
7 0.78 0.7584
5 1.965 1.0555
7 1.7775 1.8027
4 0.72 1.2126
7 1.305 1.1145
7 1.8975 2.1701
5 2.01 1.9253
4 1.605 1.6118
5 0.3975 0.3433
6 0.675 0.6472
4 0.3525 0.5192
7 0.405 0.4859
6 1.44 1.7235
6 1.32 1.4676
5 1.2225 1.5747
6 1.2075 1.8782
6 1.1175 1.1065
5 0.2625 0.2741
4 0.2175 0.1779
4 0.1725 0.226
4 0.09 0.1103
6 0.345 0.382
4 1.575 1.2931
4 1.485 1.707
7 1.02 1.1186
7 2.2125 2.1069
4 2.1 1.5429
7 1.3725 1.926
4 1.7775 0.961
6 1.455 1.6056
7 2.61 2.5684
4 2.655 2.7707
7 0.81 0.7646
6 1.695 1.3898
5 1.14 1.3094
5 1.56 1.0164
4 2.775 2.6707
4 0.03 0.0597
4 2.805 2.9663
5 2.3475 2.1471
7 0.6375 0.6338
7 0.3 0.3148
7 1.7925 1.3049
6 2.3625 2.4196
4 0.3525 0.2311
4 1.8825 1.9542
7 0.6675 0.9448
6 0.72 0.7542
6 0.39 0.5481
5 2.3175 2.3375
4 1.6275 2.5097
6 1.7325 1.482
6 2.4825 2.4493
5 1.95 1.5518
4 2.8725 2.8034
4 2.565 2.5547
4 2.2425 1.9126
7 1.08 1.4943
6 1.7475 1.8425
4 0.4575 0.4184
7 2.8875 2.9701
5 1.3575 1.1857
5 1.38 1.267
7 2.85 2.8594
7 2.79 0.8751
7 1.5375 1.355
5 1.47 0.8778
4 1.155 1.1395
6 1.53 1.4542
4 2.0325 2.3161
5 2.205 2.2546
4 1.6575 1.9599
6 0.03 0.0764
4 0.3075 0.4634
5 2.9325 2.9279
4 0.555 0.6408
7 2.955 2.9392
6 2.82 2.7653
6 0.54 0.5726
5 0.7875 0.8905
4 1.5525 0.8607
7 0.6225 0.6164
7 1.77 1.7532
4 0.9525 1.4781
4 0.3975 0.6585
4 0.2325 0.5037
4 2.91 2.7814
6 0.1875 0.19
7 2.0625 2.1251
4 0.6975 0.6139
5 0.72 0.9978
6 1.1175 0.9923
6 2.775 2.7773
6 1.965 1.6036
6 2.055 2.0631
5 0.435 0.4694
7 0.7425 0.6076
7 2.8125 2.8062
4 0.78 0.5719
6 0.4575 0.4055
5 2.9325 2.904
4 1.6275 1.6431
7 2.43 2.4397
7 1.335 1.3274
5 1.7025 1.1009
7 1.2675 1.566
6 1.1475 1.3542
7 0.855 0.7513
6 0.6825 0.8594
4 0.7875 1.6754
5 1.905 2.1853
5 2.4525 2.3465
5 1.9875 1.6388
4 1.0575 1.7218
5 1.4025 1.2594
6 2.535 2.6604
5 0.9075 0.6759
5 2.085 1.7073
7 0.2625 0.2151
4 2.5575 2.2494
5 1.725 1.4956
5 0.39 0.5595
4 0.075 0.1533
7 1.3125 1.0085
5 0.735 0.5745
6 0.1725 0.154
7 2.31 2.4339
4 1.065 2.3374
6 2.79 2.7575
4 0.915 1.6637
7 2.145 2.0238
5 0.96 1.2076
5 1.8675 1.1035
5 1.8525 1.6122
5 1.215 1.56
4 1.1925 1.2087
6 2.475 2.3597
6 2.1375 1.7239
7 2.8575 2.8938
5 2.91 2.884
7 1.7625 1.6339
4 2.31 1.7665
5 2.52 2.4752
4 0.615 0.9433
6 2.055 1.9347
4 1.5825 1.6808
4 2.775 2.7845
5 0.0525 0.0775
5 0.7575 0.9065
5 0.7725 1.5743
6 1.395 1.6337
5 2.7975 2.7593
5 2.28 2.3167
6 2.88 2.8858
5 1.8975 1.3889
5 1.2825 1.8738
5 2.3925 2.5769
7 0.075 0.1065
7 1.4025 1.6957
6 2.9925 2.9377
4 1.515 1.3292
7 1.5075 1.1176
7 1.125 1.7349
5 0.855 1.6048
6 1.17 1.4267
5 1.7625 1.7366
6 0.2625 0.1576
5 1.71 2.0338
4 1.395 0.8915
5 1.0125 1.3678
6 2.6175 2.7398
7 2.445 2.445
6 0.0975 0.0698
7 2.565 2.5046
5 0.81 0.6315
6 1.545 1.756
6 1.0875 1.6834
6 1.5975 1.5325
4 1.8825 1.229
7 0.6525 0.7003
7 0.825 0.8507
5 2.565 2.4148
7 2.61 2.7378
4 0.15 0.2337
7 0.2025 0.2354
5 1.5525 1.0843
5 0.9375 1.1515
6 2.01 1.2768
5 2.82 2.9286
4 1.1325 1.1348
5 0.3225 0.3095
5 1.3725 1.1731
6 0.5175 0.3764
7 2.7825 2.8219
4 1.56 1.7526
6 0.225 0.1158
7 1.62 1.5912
5 2.115 1.9324
7 0.6375 0.5542
6 2.8875 2.8291
4 0.4425 0.812
4 2.295 2.1168
5 1.995 1.548
5 1.56 1.5771
4 1.995 1.5382
5 0.4425 0.3499
7 2.355 2.4676
6 1.74 1.6251
7 1.545 1.5084
7 2.9925 2.8705
5 1.1475 1.3319
5 1.1625 1.9211
4 2.7825 2.6887
4 0.9675 1.6211
6 0.555 0.467
5 1.7025 1.4285
7 0.54 0.6051
4 1.665 1.6587
5 1.365 1.8862
4 0.525 0.3632
4 2.2575 2.3729
4 2.61 1.8545
4 2.445 2.4611
6 0.6975 0.8411
6 1.6125 1.435
5 2.8875 2.9644
7 2.4375 2.3673
5 2.6475 2.5888
5 2.9475 2.8742
7 1.7925 1.9933
4 2.265 1.9082
4 0.8025 1.8497
6 2.6475 2.7701
6 1.035 1.6681
6 0.5025 0.5392
7 1.275 1.4526
6 0.7875 0.7624
5 2.2725 2.4119
6 1.5675 1.6729
6 1.275 1.2654
6 2.8875 2.8288
5 0.84 0.8636
6 1.7925 1.5127
5 2.9625 2.8261
6 1.725 1.5161
5 0.975 1.4643
4 0.18 0.1982
7 0.9825 1.0316
6 2.0025 1.8318
7 2.655 2.6913
4 0.5925 0.8847
6 0.045 0.0093
4 0.9 1.0467
5 0.4275 0.5342
6 0.555 0.4191
7 0.615 0.5381
7 2.475 2.4934
4 0.6975 1.5476
5 2.0325 1.9179
6 2.67 2.6132
7 1.7025 1.3978
6 1.2075 1.6958
4 1.095 0.3596
7 0.27 0.2307
6 2.865 2.8674
4 0.6075 0.7789
5 0.3675 0.4515
6 0.7125 1.1208
7 1.9575 2.1597
6 1.17 1.1871
4 2.7225 2.7865
7 1.9725 0.8692
7 1.185 1.3481
6 2.9925 2.9683
6 2.9025 2.9827
7 1.62 1.3154
6 2.2725 2.5072
4 1.305 1.7806
6 0.8925 0.7702
6 0.2025 0.1744
4 2.6925 2.49
4 0.6 0.6781
5 0.435 0.5098
6 0.93 1.2527
5 0.87 1.2099
4 0.7725 1.0201
5 1.9875 1.2993
6 2.415 2.303
4 0.5775 0.4777
4 0.72 0.7397
6 2.0475 2.0941
6 2.94 2.9418
7 1.2225 1.6605
6 2.895 3.0107
4 1.455 1.4681
5 2.955 2.9118
5 2.6175 2.4698
4 1.335 1.3022
7 0.06 0.0607
7 2.73 2.6946
6 0.5175 0.5914
5 0.39 0.3257
6 2.7825 2.8235
6 2.7525 2.7649
4 0.0975 0.2045
4 1.1025 2.1161
6 1.3425 1.3838
6 2.4 2.3413
5 1.11 1.3728
6 2.4525 2.4444
4 2.3325 1.8941
6 1.725 1.4449
4 1.3725 1.6059
7 0.0525 -0.0213
5 0.3075 0.2122
7 2.745 2.7678
5 0.3225 0.344
6 1.9125 1.9686
5 0.165 0.2006
7 1.1025 1.1119
7 1.185 1.2728
5 2.64 2.6577
5 0.3375 0.388
7 2.97 2.8799
5 2.3325 2.3314
7 0.9375 1.2847
5 1.185 1.5641
7 0.525 0.3452
6 0.45 0.5485
4 2.5575 2.7408
7 2.9325 2.8588
4 0.3825 0.3455
5 2.79 2.8889
6 1.4925 1.8833
7 1.9725 1.9681
4 2.31 1.7227
4 2.4375 1.8006
6 1.755 1.4936
7 1.6725 1.5484
7 1.275 1.6751
4 0.66 1.1814
5 0.48 0.4919
5 2.9325 2.8152
4 1.4775 0.6773
7 1.0275 1.0579
5 0.9 1.043
5 2.4225 2.339
4 1.5975 1.9592
6 2.325 2.0631
7 1.4625 1.4937
6 0.8925 0.6284
4 2.805 2.4872
6 1.59 1.57
4 2.79 2.7189
7 0.1575 0.0835
6 1.08 1.0093
7 2.835 2.7703
5 0.66 0.9054
7 0.81 0.8039
6 2.9625 3.0361
6 2.0925 1.8414
4 2.6925 2.6341
4 1.6425 1.7966
7 1.8375 1.5804
5 1.1025 1.385
4 1.44 1.6102
5 0.1575 0.2027
7 0.255 0.2255
5 2.6775 2.7841
4 2.445 2.4998
5 0.8925 1.0304
7 0.5025 0.5515
6 2.5125 2.6051
4 2.85 2.826
7 2.1825 2.2296
6 2.1975 1.9005
5 0.8175 0.8408
7 0.4725 0.5083
6 2.3475 2.4874
4 1.6275 2.1212
7 0.6525 0.597
7 0.3225 0.3455
7 0.99 1.0942
5 0.3525 0.2587
6 2.055 2.0072
5 2.2125 1.3696
7 1.77 1.8907
6 2.46 2.3254
7 0.9075 0.9499
7 1.755 1.5453
4 0.8175 1.2911
4 0.57 0.5765
6 1.1025 1.4897
4 1.3875 1.844
6 2.49 2.4602
4 1.995 1.845
6 2.82 2.8526
6 0.1725 0.127
5 0.8625 1.0383
6 2.31 2.3992
6 1.68 1.6605
4 1.23 1.299
4 0.1575 0.4441
5 2.505 2.5034
7 0.7725 0.7324
7 0.615 0.6125
4 0.9225 0.9237
4 1.6725 2.2589
7 2.2875 2.139
7 2.505 2.5227
5 2.175 1.9474
7 2.8575 2.8385
4 1.2825 1.0014
4 1.3275 1.1829
6 1.755 2.0741
5 0.375 0.2857
5 1.59 1.6432
5 2.1075 1.9849
6 2.8725 2.8167
6 1.3575 1.0464
6 2.445 2.5284
6 0.18 0.3382
7 1.8225 1.7207
4 2.3175 2.3514
5 2.76 2.6679
6 1.935 2.0529
6 1.125 1.3391
6 0.6225 0.4653
7 1.2975 1.3443
5 2.7975 2.8932
4 0.39 0.5632
7 2.4675 2.4751
5 2.3925 2.4335
6 2.1 2.0434
6 0.345 0.3773
7 0.525 0.5599
5 2.9925 2.8538
6 1.365 1.7586
6 1.455 1.5994
6 1.4325 1.873
7 0.9225 1.0919
5 1.62 1.4461
6 2.79 2.8077
4 2.9925 2.9605
7 0.7125 0.6108
7 2.73 2.7598
7 1.35 1.8387
4 2.9775 2.7964
5 2.28 2.1971
7 0.525 0.4994
4 2.16 1.5778
4 2.0475 1.9487
4 0.8325 0.719
7 1.905 2.0606
4 2.475 2.3997
6 0.9525 1.0813
7 0.8475 0.8478
6 0.6375 0.6559
5 0.015 0.0752
5 1.1325 1.4719
6 0.0975 0.0576
4 2.715 2.5035
4 2.9025 2.838
6 0.5025 0.52
4 2.2575 1.9429
7 0.1275 0.1277
6 0.54 0.5464
4 2.175 2.1937
4 1.245 1.1777
5 0.6825 0.6947
4 0.78 1.4411
6 1.32 1.1191
5 0.63 0.8566
7 0.705 0.8568
7 0.105 0.1788
4 1.86 1.1556
6 2.5125 2.5313
6 0.585 0.6366
4 0.96 0.5941
7 2.5425 2.5462
7 2.295 2.1554
6 0.315 0.3293
5 1.44 2.1201
5 0.5925 0.3579
5 0.69 0.9395
6 0.4875 0.4705
6 0.15 0.1655
5 0.5775 0.6654
5 1.515 1.1615
4 0.5025 0.3154
6 0.8475 0.8894
7 2.3175 2.3003
5 1.4325 1.4033
7 0.8325 0.9849
5 0.2175 0.1996
6 1.53 2.0123
7 1.1025 1.0205
5 1.17 1.1125
5 0.8025 1.1635
7 0.105 0.0842
5 2.07 1.6653
7 0.6825 0.6299
6 1.2975 1.2504
6 1.005 0.933
5 1.86 2.0808
4 0.915 0.703
6 1.695 1.5889
6 2.5725 2.4848
7 0.465 0.3807
5 0.5025 0.5561
5 1.275 1.3069
5 0.795 0.8638
7 2.805 2.4564
5 0.7725 0.8655
4 1.3725 1.2611
6 2.1225 1.6772
6 2.7675 2.8472
7 1.2375 1.3154
7 1.0425 1.223
5 2.6475 2.6209
4 0.255 0.2389
5 2.7375 2.7672
4 0.2625 0.3462
6 0.9975 1.3955
4 0.51 0.9441
6 1.0725 1.5385
7 0.135 0.1023
4 0.81 0.7505
6 1.3575 1.7027
7 2.475 2.3694
7 0.2325 0.2909
4 2.04 2.1172
6 2.76 2.7611
5 0.015 0.1587
5 1.2225 1.3753
6 0.0675 0.0306
5 2.115 1.8013
4 2.5575 2.3878
7 2.79 2.7937
6 2.0775 1.9297
5 2.025 1.7482
5 1.5075 1.6506
7 1.95 2.1068
7 0.975 0.8867
4 2.49 2.5196
7 1.935 1.8613
6 2.685 2.6906
4 2.19 2.6957
5 2.3625 2.0437
6 2.9025 2.9208
7 2.7975 2.7367
7 2.325 2.2825
4 1.245 1.3273
7 1.1025 1.136
4 0.4275 0.5081
7 0.5625 0.669
4 0.6675 0.4
7 1.77 1.5757
4 1.68 2.1212
4 1.995 0.847
7 2.055 2.0902
6 0.5625 0.4233
6 2.3325 2.1595
4 0.0675 0.2482
5 1.2375 1.1679
5 0.8775 1.6702
4 1.3125 1.4634
4 1.4325 2.3618
5 1.545 1.6527
4 2.8725 2.8525
5 0.225 0.1919
5 0.375 0.1726
5 1.7925 1.0689
6 2.94 2.8655
6 0.7275 0.6165
4 0.195 0.207
6 1.0725 1.4654
6 2.1 2.1293
7 1.1475 0.8608
7 1.4325 1.3306
5 1.5975 1.7144
7 0.405 0.3452
4 0.555 0.4478
4 1.485 2.4507
4 2.775 2.9338
7 0.7875 0.88
6 2.4375 2.6123
5 0.6825 0.4935
7 1.1175 1.1683
6 0.525 0.5187
6 0.105 0.1592
5 2.775 2.8681
6 0.7575 0.6602
4 0.87 1.0561
6 2.025 1.9731
5 1.98 1.4407
7 2.76 2.7238
6 2.4975 2.5866
4 1.6125 1.1151
5 0.8475 1.1774
5 0.03 0.0365
5 2.7675 2.9057
4 2.535 2.3354
6 2.25 1.9938
7 2.7675 2.828
5 1.665 1.2211
4 0.7575 0.6384
5 0.5025 0.4579
4 0.0525 0.2108
6 2.16 1.9533
4 2.9175 2.9373
7 2.4225 2.4145
4 0.09 0.1424
4 2.1975 2.2861
6 1.11 1.3021
4 0.435 0.1876
6 2.895 2.8603
5 0.9375 0.8569
4 2.34 2.3844
6 0.105 0.0588
7 1.215 1.8573
5 1.86 2.2507
5 1.65 1.6385
7 0.015 -0.0032
4 0.4875 0.395
5 2.3025 1.9376
7 0.99 1.0758
6 1.995 1.931
5 2.145 1.5925
4 0.615 0.7767
4 0.8625 0.8152
6 2.2425 2.3934
4 2.7825 2.829
6 0.0825 0.1117
5 0.4125 0.3753
5 2.6625 2.6817
5 0.075 0.0077
4 2.475 2.5252
4 0.99 0.6911
5 1.2825 1.5525
5 1.5 1.1854
7 1.9425 1.721
5 2.3925 2.651
6 0.315 0.264
7 1.1025 1.1235
5 0.7725 1.2076
6 2.4525 2.4176
6 2.5275 2.5179
7 0.78 0.7769
7 1.545 1.4337
5 0.4875 0.4975
5 2.8125 2.7661
4 2.88 2.8199
6 0.4725 0.5572
4 2.79 2.8482
6 1.8825 1.4494
5 0.7425 0.6008
5 2.3925 2.4251
7 0.915 0.9602
6 2.6775 2.6669
6 2.3475 2.3419
4 1.095 1.5996
4 1.0275 2.2072
5 2.445 2.5789
4 0.45 0.363
5 1.0725 1.2639
4 1.9275 1.2217
4 1.23 0.789
6 2.355 2.4113
6 2.5725 2.7262
7 2.0775 2.1351
7 2.04 1.8425
7 1.8975 1.5299
5 1.1775 1.3743
7 1.4475 1.0422
7 0.585 0.5268
4 0.435 0.4717
4 2.3775 1.9486
7 2.67 2.6273
7 0.2325 0.2882
5 2.4375 2.4521
4 1.365 1.46
5 2.235 2.3906
7 2.2875 2.3615
5 2.91 2.7993
6 0.81 0.7751
7 1.14 1.3618
5 0.9675 1.332
7 1.4175 1.1737
5 2.1375 2.1306
6 0.33 0.3877
6 2.61 2.6111
7 2.6475 2.7745
5 1.6575 1.6759
7 0.4575 0.4757
4 2.49 2.1294
7 0.5475 0.4529
5 1.9875 1.8768
5 2.88 2.8536
7 0.8175 0.8678
6 2.3475 2.3098
5 0.06 0.0021
5 2.97 2.8369
4 1.83 1.567
5 0.21 0.2156
5 2.205 1.8879
6 1.4625 1.6325
7 0.33 0.428
4 1.2525 1.2938
7 0.7725 0.765
5 1.245 0.7163
4 0.045 0.1915
5 2.505 2.5304
4 2.9475 3.0085
5 0.8775 0.8313
6 2.535 2.5553
7 0.81 0.8887
5 2.1 1.997
6 0.495 0.4967
7 1.68 1.6687
6 2.6175 2.5896
6 1.3725 0.8959
4 1.7925 1.8087
7 1.8975 1.8582
5 2.6625 2.5584
6 2.7225 2.6585
4 1.275 1.5816
6 1.935 2.0223
5 0.3225 0.3773
4 0.345 0.0951
6 2.685 2.7374
7 2.3925 2.3892
5 0.2325 0.3718
6 1.7625 1.4995
5 2.475 2.635
7 0.375 0.3476
7 1.905 1.7425
4 1.77 0.4743
4 2.64 2.3855
7 1.0575 1.2207
6 0.81 0.9025
4 0.255 0.466
4 2.7375 2.7337
6 1.7775 1.3038
5 2.3775 2.466
5 2.565 2.6216
5 2.13 2.1277
6 1.6875 1.1016
6 0.66 0.5437
4 1.3725 1.0174
5 0.1875 0.2372
7 0.3075 0.2365
6 2.9325 2.8133
7 0.195 0.2698
5 1.5 1.1308
5 0.8175 1.2013
6 1.125 1.1915
7 0.03 0.0137
7 1.035 1.2767
5 1.05 1.208
6 0.1725 0.2817
7 1.6275 1.2365
5 1.41 1.1301
7 0.8475 0.9315
7 0.3225 0.3266
7 0.765 0.5923
4 2.9775 2.6846
5 2.445 2.4201
6 0.7125 0.796
4 1.1775 2.2597
5 1.95 2.0186
4 1.665 1.4624
6 2.3325 2.266
7 0.255 0.238
7 1.995 2.043
5 0.9525 1.5405
7 1.77 1.3337
5 1.5225 1.4606
7 2.16 2.0518
6 2.55 2.4863
4 0.915 2.0057
6 2.505 2.4554
5 1.935 2.0366
5 1.785 1.3946
7 0.9 0.8333
4 1.5675 1.8717
4 0.0975 0.1695
5 2.4 2.4685
7 0.24 0.2225
5 1.245 1.5647
4 1.95 2.1929
4 0.5775 1.0026
7 1.0575 1.1314
6 2.2875 2.0864
4 2.685 2.5556
6 2.46 2.4093
6 1.5075 1.7298
6 2.0325 1.7206
4 1.1775 1.6035
6 2.1375 1.6689
6 1.0275 1.4627
6 1.56 1.9159
7 0.3825 0.3722
4 2.07 1.3877
5 1.305 1.4515
7 1.2 1.4151
6 1.98 1.6524
7 0.2775 0.2178
4 2.9175 2.7118
5 0.69 0.7657
5 1.71 0.5412
4 2.79 2.4795
7 0.285 0.4186
7 1.0875 1.1037
6 1.2375 1.2087
6 2.16 1.988
5 1.71 1.2283
5 1.5975 1.049
7 0.855 0.9427
4 1.0125 1.5724
7 0.165 0.1203
5 0.645 0.7952
7 0.7725 0.6557
5 0.36 0.3503
5 2.1675 2.4813
6 0.7575 0.7543
7 2.7825 2.7205
4 0.7125 0.9425
6 1.26 0.9997
7 0.6525 0.6555
5 0.4425 0.3961
4 1.2375 0.9934
6 0.39 0.3626
5 0.435 0.6078
5 2.55 2.4759
4 1.0275 0.6069
6 1.005 1.135
4 2.955 2.7752
6 1.6275 1.9207
6 0.69 0.7074
4 2.07 2.1298
7 0.9675 1.3068
4 0.045 0.0053
5 0.84 1.3546
6 1.8675 1.579
4 2.1975 1.9661
7 0.225 0.2388
5 1.1925 1.0755
5 1.155 1.4398
5 0.0225 0.2112
5 1.635 1.9606
5 1.665 1.5255
6 2.355 2.2588
7 2.595 2.6652
7 1.4025 1.8028
4 2.6625 2.6466
4 0.465 0.3526
4 2.07 1.2552
6 0.3525 0.367
6 2.055 2.0374
4 0.12 0.3448
5 1.77 1.5461
4 2.9175 2.6943
7 1.4775 1.4176
7 2.265 2.2152
7 0.1575 0.075
4 2.37 2.3639
5 1.1175 1.5855
4 1.7625 1.1318
4 1.575 0.9486
5 2.0625 1.9284
7 2.58 2.6387
4 1.2 0.8888
4 2.5875 2.808
5 0.3375 0.3883
6 2.3025 2.3991
5 1.44 1.1058
4 2.3775 2.1459
6 0.57 0.5322
6 1.5825 1.6202
7 2.25 2.2679
7 0.285 0.2969
7 2.8125 2.7359
4 1.905 1.7123
6 2.715 2.9239
4 0.375 0.3697
4 0.15 0.1246
7 0.66 0.7632
4 2.715 2.6837
7 1.4025 1.419
5 0.6375 0.6857
4 1.5 1.4248
6 1.095 1.1698
6 2.4225 2.2703
7 2.1975 2.2342
5 0.0975 0.0333
4 0.12 0.167
5 1.0275 1.1004
4 1.425 1.0265
6 2.385 2.3767
4 2.685 2.7062
4 0.27 0.2518
5 0.3075 0.2846
6 1.4925 1.1606
6 1.575 1.4165
4 0.615 1.2391
4 2.1675 2.2577
4 1.635 0.6809
4 2.64 2.3415
4 1.4925 0.974
5 2.6475 2.6982
4 2.4975 1.9328
4 0.315 0.6496
7 1.7925 1.5521
5 1.425 1.3821
5 1.695 2.2259
5 2.37 2.4784
4 0.3525 0.3343
4 2.0625 1.4896
4 0.9225 1.7257
5 0.195 0.1507
5 2.49 2.6788
4 2.7675 2.6364
5 2.01 1.8775
6 2.5425 2.5403
7 2.9775 2.8918
7 1.1325 1.3025
7 0.375 0.3507
5 2.3475 2.3995
6 0.975 0.9679
7 1.29 1.1731
6 2.91 2.99
4 1.545 1.6164
7 2.295 2.2179
4 0.45 0.9028
7 1.515 1.3646
4 2.6925 2.8553
4 2.085 1.7242
5 1.5225 1.4134
5 0.105 0.064
7 1.35 1.1391
4 0.8025 1.1487
5 2.5575 2.6235
6 0.225 0.2048
5 0.39 0.6735
7 2.265 2.219
7 2.295 2.271
6 0.6 0.6658
4 2.3025 2.5338
5 0.84 1.0014
6 0.885 1.0107
4 2.8275 2.8934
7 0.2925 0.2459
4 1.38 1.9067
7 0.255 0.2554
4 2.5875 2.4286
4 0.6075 0.7464
4 1.2525 1.8438
5 1.635 1.2841
6 1.215 1.1909
4 2.4225 2.4806
5 1.4475 1.0627
5 2.67 2.9523
6 1.4925 1.2403
6 1.38 1.3235
6 1.2375 1.349
4 2.0475 1.5548
7 2.13 2.1556
7 0.36 0.3645
7 2.25 2.1942
7 0.375 0.3614
6 0.84 0.8055
7 1.3275 1.799
7 1.8075 1.6235
5 2.0625 1.7097
6 2.55 2.3952
6 2.91 2.8631
4 0.405 0.5512
7 1.14 1.2943
7 1.0575 1.0409
5 2.415 2.3758
4 2.295 2.2437
6 2.0475 2.1141
4 0.435 0.4925
7 1.485 1.2064
6 2.775 2.7589
5 0.345 0.2335
4 2.295 2.4299
5 2.31 2.1395
7 1.1625 1.1476
4 2.5875 2.5285
7 1.755 1.4591
5 0.2625 0.2422
7 2.34 2.2415
6 2.13 1.9475
7 0.5325 0.4745
6 0.555 0.6065
6 2.685 2.7446
6 1.11 0.8732
6 1.11 1.4576
4 2.715 2.75
4 1.365 1.6802
5 0.69 0.5724
5 0.45 0.6576
7 0.5475 0.4677
7 1.29 1.1644
5 0.7875 0.9743
5 0.3975 0.4587
4 0.795 1.5617
5 2.6025 2.4282
6 2.4525 2.4209
6 0.855 0.7877
4 2.8725 2.6526
7 2.3475 2.2749
5 1.4925 2.2816
4 2.31 2.1799
5 2.9925 2.8806
6 2.235 2.215
6 0.4575 0.4593
5 2.835 2.8077
5 0.0525 -0.0384
4 1.155 1.3782
6 0.195 0.2601
5 1.2525 1.6243
7 2.6475 2.5967
4 1.845 2.3289
4 2.025 1.1815
4 1.185 1.7163
5 2.295 1.4569
6 1.6275 1.7876
6 2.565 2.6175
4 0.135 0.118
5 2.5125 2.564
5 0.66 0.8823
4 1.0275 1.4145
7 1.6575 1.3281
5 0.495 0.5169
7 0.39 0.4226
6 2.64 2.6293
4 1.335 2.0091
7 2.16 1.9457
5 1.155 1.0202
6 0.9825 1.2896
7 2.835 2.8486
4 1.875 1.6967
4 0.795 1.1294
5 1.8525 1.537
4 2.0475 1.1653
5 1.8375 2.3901
5 1.395 1.5201
6 0.87 0.915
4 0.5475 0.4767
6 2.145 2.2107
7 1.5375 1.5114
4 1.035 1.1816
7 0.93 1.0108
6 1.8075 1.9918
6 0.96 0.8535
5 0.6 0.5993
6 1.1325 0.9381
7 2.7375 2.7795
6 0.06 0.0586
4 2.0625 2.2749
4 1.1925 0.6473
4 2.235 2.0293
6 2.25 2.2991
4 1.3875 1.1585
7 0.5475 0.5194
4 1.5825 1.3996
4 1.17 1.4566
6 0.2025 0.202
7 1.485 1.7798
6 2.0025 1.4415
5 2.61 2.6558
7 2.8875 2.8776
7 1.86 1.8977
4 1.3275 1.6411
4 2.07 2.4141
7 2.6475 2.718
6 1.4775 1.1719
5 0.54 0.6573
4 2.7375 2.795
6 1.35 1.1346
6 0.4125 0.4451
7 0.72 0.7725
4 0.825 0.7854
7 1.3725 1.3359
4 1.3725 1.4891
6 0.6 0.6293
7 0.1275 0.1519
7 1.3875 1.0867
7 2.0175 2.0587
7 1.59 1.8955
7 1.8975 1.7767
7 2.775 2.6974
6 0.69 0.7156
6 1.44 1.1022
4 1.965 1.9704
5 1.5825 1.5835
7 0.39 0.4013
5 0.4125 0.3679
5 0.7875 1.18
4 0.36 0.5321
7 0.9825 1.1741
6 2.8875 2.8534
4 1.3275 1.1409
4 2.4 2.7008
5 0.3 0.1935
4 2.385 2.0992
7 0.5925 0.6443
4 1.62 1.4105
4 0.57 0.7099
4 1.4475 2.0743
7 2.145 2.1778
4 0.315 2.2152
4 0.27 0.3664
6 1.7175 1.3895
7 2.8275 2.8426
6 1.8 1.7742
5 1.035 1.2131
4 0.6225 0.613
4 1.7175 0.8334
7 1.89 1.9255
7 2.4 2.3566
6 0.4425 0.3816
6 0.7275 0.6451
6 0.5925 0.5022
5 2.04 2.1647
5 0.9 1.0804
5 2.67 2.5537
5 1.2975 1.4604
6 1.2225 1.5471
7 1.86 1.4669
6 1.65 1.6492
5 2.94 2.937
4 1.875 1.0803
6 0.7725 0.6561
6 2.9325 3.0411
7 0.585 0.5771
4 2.79 2.8344
5 1.8225 1.349
5 1.56 1.0629
4 2.0175 1.6591
6 1.2825 1.4838
4 0.36 0.5965
5 1.725 1.5084
7 2.58 2.6553
6 1.365 1.6338
6 2.61 2.4876
7 1.9875 1.8077
6 2.6175 2.6511
7 0.8175 0.7317
5 0.6975 0.6265
5 1.7775 1.1672
7 0.81 0.7826
5 1.215 1.331
6 2.3925 2.5264
5 2.8575 2.8209
7 2.9025 2.9156
5 2.085 1.6447
4 2.715 2.6355
4 2.7975 2.6519
4 1.86 1.7528
6 0.4575 0.5324
6 1.335 1.1484
5 2.235 2.0827
4 1.245 1.4432
6 0.915 1.3976
6 1.8225 1.4643
4 0.3975 0.5469
7 0.5925 0.7467
4 1.5825 2.2564
7 2.5575 2.5215
6 0.8025 1.1377
6 0.6075 0.7043
4 1.9875 1.519
5 1.6725 1.6334
7 2.64 2.6223
7 1.14 1.1357
7 1.2975 1.2694
7 0.945 0.9516
6 2.8725 2.8248
6 0.7125 0.6708
7 0.99 1.0167
6 1.3125 1.3845
4 1.0125 1.03
5 0.6675 0.8941
5 1.1475 1.0249
7 0.4125 0.4844
6 2.8725 2.9072
5 2.43 2.378
4 0.6075 1.1843
5 0.9675 1.1146
5 1.7925 2.4764
4 2.715 2.5651
5 0.885 0.9065
5 1.8975 1.4302
5 2.7675 2.7753
5 2.07 2.0001
5 2.115 2.035
4 1.245 1.6287
4 1.815 1.7047
4 1.38 1.8037
6 1.6425 1.6595
5 1.395 1.2642
5 0.6675 0.864
7 2.4825 2.4663
6 1.515 1.8185
5 0.6075 0.6793
4 1.3125 2.2056
5 2.445 2.5437
7 0.81 1.0067
5 2.9025 2.8929
6 0.42 0.4553
7 1.6575 1.358
6 1.14 1.4945
7 2.8125 2.7773
5 1.65 1.1706
5 0.51 0.5225
5 0.0525 0.0995
5 1.5375 1.8227
5 2.01 1.299
5 1.5975 1.2598
7 0.87 0.8216
4 1.965 1.3421
7 2.625 2.5927
7 2.175 2.2405
5 2.1825 2.0096
4 0.5475 1.0254
4 2.5425 2.359
7 0.6375 0.7447
6 0.3825 0.3235
4 2.67 2.2699
4 1.785 1.7751
5 2.67 2.9253
6 2.1825 1.975
4 0.6825 1.0385
5 0.8025 0.7237
4 0.885 0.5391
6 2.805 2.7112
7 2.8125 2.8606
5 1.6125 1.2602
4 0.1125 0.1548
7 2.7975 2.7544
7 2.1375 2.1551
7 0.7125 0.7033
6 2.61 2.605
6 1.2525 1.3984
7 2.835 2.9388
4 2.865 2.8193
4 0.1125 0.2701
6 1.0575 1.1976
5 0.96 1.7601
4 1.2975 1.0996
5 0.8025 1.4488
6 2.7075 2.762
4 0.9825 1.1282
4 1.65 1.6173
5 1.5075 1.5337
7 2.1675 2.3123
7 1.65 1.8521
6 1.185 1.1212
5 1.7925 1.7998
5 1.3875 1.3659
7 0.3525 0.3427
7 1.2 1.0623
6 0.6525 0.5749
4 1.0725 1.3335
4 2.6325 2.3985
7 1.4625 1.7239
7 2.9175 2.8972
4 0.5625 0.4175
6 1.5225 2.0099
5 0.5325 0.7012
7 2.76 2.831
5 2.73 2.7044
4 1.0725 1.3689
4 1.9725 1.7479
5 1.5 1.3101
6 1.7175 1.8508
4 2.43 2.5037
4 1.2675 2.1826
5 1.2 1.2408
7 0.24 0.1988
5 2.2575 2.5199
4 1.7475 1.4491
5 0.1125 0.0376
6 2.0625 1.4198
4 0.2175 0.1456
4 0.0675 0.1481
6 2.4 2.3575
6 0.975 0.8645
6 0.0225 0.0011
5 1.1775 1.1989
6 0.5925 0.6345
5 1.4775 1.8263
5 2.0175 1.7828
7 2.04 2.0531
5 0.705 0.5894
7 2.94 2.9728
5 0.6975 0.8467
6 0.705 0.7502
6 2.715 2.6777
4 2.9775 2.7816
6 2.6475 2.5688
7 1.6425 1.5463
5 2.0475 1.8297
7 2.4 2.3816
4 2.6925 2.7633
6 2.565 2.4274
7 1.1475 1.5359
5 2.865 2.7841
4 2.9325 2.9367
5 0.33 0.5051
4 0.0675 0.497
7 0.645 0.7818
5 1.6725 1.9352
6 2.9325 2.9469
6 1.005 1.0014
4 0.75 0.6371
5 2.1075 2.101
5 1.095 1.6343
4 2.61 2.635
5 2.295 1.9888
5 1.995 1.654
6 2.505 2.4083
4 0.45 0.7809
6 1.4175 1.6502
4 2.55 2.4008
5 1.1925 0.9552
4 0.0225 0.178
4 2.535 2.8021
5 0.555 0.419
7 0.4125 0.413
5 2.1675 2.4483
7 1.95 1.9032
6 0.8025 0.9999
5 1.86 1.7064
4 2.895 2.8506
5 1.8675 1.2302
6 2.64 1.5352
7 0.8175 0.8227
5 1.7925 1.4326
6 0.4125 0.4876
6 1.71 1.5636
7 0.9375 0.8811
7 1.7475 1.8161
7 1.95 1.7903
5 1.8975 1.3438
6 0.0525 0.1183
6 0.2925 0.3963
6 0.24 0.2413
6 0.4125 0.5233
7 0.4275 0.4001
4 0.345 0.579
4 2.0625 1.9965
4 0.1875 0.2099
4 2.775 2.5787
7 1.8375 1.4182
5 2.73 2.7133
6 2.265 2.2155
5 1.9875 1.2237
7 1.4625 1.4004
4 1.125 0.8735
4 0.72 1.2281
4 0.1125 0.0999
6 2.685 2.7035
4 1.935 1.2392
7 0.585 0.598
5 0.0225 0.2094
7 1.2675 1.2986
5 1.7475 1.7353
5 0.9825 2.1403
6 1.98 2.1645
6 1.485 1.3436
7 1.71 1.1871
4 1.395 0.914
4 0.975 1.0934
5 2.805 2.8146
4 2.805 2.6428
7 2.55 2.4845
6 0.3675 0.2522
7 0.2325 0.3023
6 1.7625 1.37
6 0.78 0.7543
5 1.0125 1.3021
6 2.4675 2.6014
5 2.505 2.6508
4 1.2075 0.9694
7 1.6575 1.4741
6 2.985 2.9544
7 0.345 0.4166
6 2.655 2.5896
6 1.9725 2.3128
6 0.495 0.5423
7 1.4775 1.1834
5 0.21 0.201
7 1.005 1.3565
5 0.9075 1.1091
4 0.5925 -0.004
4 1.8675 1.7084
6 2.01 1.8554
6 2.9925 2.9864
6 1.635 1.5068
7 1.0575 1.0934
4 2.475 1.9768
6 1.035 1.2034
7 1.545 1.7429
6 2.685 2.7053
6 1.9125 1.2553
7 1.935 1.6253
6 2.25 2.4079
6 1.65 1.7636
6 2.1825 2.3137
6 1.86 1.713
5 0.015 0.0405
5 0.8625 1.0529
4 1.62 1.1011
7 0.615 1.2139
5 2.28 2.5413
7 1.02 1.0338
6 1.005 0.9239
4 2.3475 1.915
5 2.4225 2.4931
7 1.995 2.0757
7 1.8375 1.7723
6 1.9575 1.9604
6 0.1425 0.1077
4 2.3325 2.1298
4 2.8125 2.8495
4 1.92 2.3023
6 2.445 2.3897
5 1.155 1.769
5 1.6425 1.7082
5 1.59 1.741
7 2.895 2.8973
5 0.2475 0.3721
5 2.3325 2.351
4 1.8675 1.7162
6 2.3625 2.4543
4 0.18 0.4544
6 1.98 1.5298
5 0.3975 0.3777
5 0.48 0.426
6 0.4275 0.5102
5 1.5225 2.1563
6 2.0625 1.8563
6 2.1075 2.0497
7 1.59 1.6285
5 2.6475 2.618
4 1.8225 2.0004
4 2.49 2.4794
4 2.3775 2.2531
6 0.5175 0.6532
4 0.39 0.3517
7 0.75 0.7156
6 0.6525 0.728
5 0.9825 0.9421
5 2.37 2.1975
5 0.765 1.1027
4 2.8875 2.8312
5 0.5775 0.7735
4 0.3075 0.0924
4 2.1825 1.8814
7 0.9975 0.9616
4 2.325 2.2013
6 2.2275 2.2385
4 0.8325 1.219
5 0.9525 1.4216
4 1.71 2.1789
6 1.9275 2.1196
6 2.925 2.9797
7 1.905 1.9016
5 0.4875 0.2894
5 1.32 1.2239
6 2.2575 2.2437
7 0.1425 0.0638
6 2.7975 2.8469
7 2.7675 2.8689
5 0.8775 1.862
7 2.3025 2.3187
7 1.2525 1.3828
4 0.3225 0.2989
7 1.1025 1.0853
7 1.0125 0.8417
5 0.6225 0.8786
7 2.1675 2.0997
5 0.78 1.2825
6 2.1675 1.8173
7 2.055 2.0769
4 2.835 2.9211
4 2.205 1.3707
7 1.275 1.1463
4 0.75 0.6205
4 2.865 2.8753
5 1.5825 1.4692
4 1.5525 1.1989
6 2.4975 2.3514
6 2.4225 2.4421
7 2.565 2.4729
5 0.8475 0.8322
6 2.6325 2.6756
7 0.885 0.9156
6 1.29 1.0855
7 1.9125 1.574
6 0.54 0.5016
4 1.7775 0.8096
4 2.985 2.9045
5 2.7525 2.7434
7 1.9125 1.8237
6 1.89 1.9534
6 0.6525 0.6956
6 2.4375 2.3976
4 0.6225 0.8584
7 0.6375 0.6005
4 0.2175 0.2244
7 0.3 0.3165
7 1.9875 1.8228
7 0.21 0.1626
5 1.38 1.9049
7 1.575 1.7248
5 0.1125 0.0328
5 0.99 1.1919
4 2.9625 2.8607
5 0.33 0.27
6 2.505 2.5722
7 2.25 2.2336
5 1.575 1.3235
5 0.585 0.5889
4 2.13 1.5317
5 2.9925 2.8628
6 1.245 1.4688
7 0.9075 0.9478
6 0.15 0.1805
7 2.955 2.9674
5 2.49 2.5408
6 1.8075 1.4258
7 0.99 1.2695
4 0.5325 0.5412
6 2.0325 1.6623
5 1.3875 1.2779
4 1.125 1.5219
4 0.6075 1.1307
5 1.4775 1.5179
5 2.34 2.09
7 0.225 0.24
4 1.575 1.0154
6 2.0025 1.9874
6 1.935 1.9819
4 2.07 1.244
7 2.505 2.5449
7 2.2875 2.1843
7 1.2525 1.0642
7 1.2225 1.726
4 2.2275 2.1492
6 1.89 2.1266
7 1.965 1.6648
5 1.5525 0.9217
5 0.7425 0.525
5 0.06 0.0895
7 2.8725 2.7802
6 1.2 1.341
6 0.375 0.3904
5 2.805 2.8522
6 2.82 2.8184
6 1.1025 1.5341
7 0.6075 0.6284
7 1.59 1.3966
5 2.805 2.9172
6 2.73 2.7608
4 0.1725 0.1273
4 2.82 2.7557
6 2.28 1.7221
6 1.2225 0.9614
4 2.3025 2.1287
4 1.4775 2.2447
7 1.0125 1.1615
4 0.8475 1.4626
5 1.725 1.5669
4 2.565 2.5271
6 1.4625 0.891
6 0.9675 1.069
6 2.8875 2.8507
6 0.465 0.3669
7 2.5125 2.5139
4 2.1825 2.1151
4 2.415 2.2267
4 0.1875 0.2831
5 0.69 0.8965
5 0.6525 0.5725
6 2.7 2.7393
4 0.8175 0.6611
6 1.83 1.4688
6 1.6275 1.4117
6 1.47 1.8958
5 0.375 0.4636
5 1.26 1.1827
4 2.97 2.8333
7 2.115 2.0297
4 1.2075 1.342
4 2.94 2.8461
7 2.7825 2.7948
4 1.86 1.5538
4 1.935 1.6342
6 1.575 1.8907
4 1.08 2.3196
7 0.6525 0.6348
4 0.6075 0.7348
5 1.71 1.0932
5 0.9975 1.2876
5 0.18 0.2913
6 2.0325 2.2202
4 0.2925 0.3702
6 1.26 1.2523
6 2.655 2.6498
7 0.09 0.2028
4 0.69 0.4969
6 1.29 1.4237
7 0.4725 0.4826
4 2.04 2.4617
7 2.49 2.5028
4 2.475 2.3615
5 1.875 1.486
7 1.7325 1.7485
4 0.4725 0.6059
4 0.3375 0.3852
7 1.3725 1.3186
5 1.0575 1.4413
4 2.5875 2.1026
6 2.3775 2.132
6 0.045 0.024
4 1.59 1.2887
7 0.525 0.5956
7 0.66 0.6376
7 2.5875 2.6001
5 2.52 2.6339
4 2.325 2.1316
7 2.8125 2.8819
5 2.0475 2.0354
7 2.67 2.641
6 2.5875 2.5976
7 0.18 0.1374
7 0.7425 0.8106
4 0.855 0.4943
7 1.7925 1.7652
6 0.225 0.1281
4 1.29 1.2084
7 0.96 0.8556
6 1.305 1.64
5 2.4 2.4211
7 2.895 2.9013
4 0.015 0.0492
7 1.635 1.5718
7 2.4375 2.2809
5 0.585 0.6772
6 0.735 0.7378
6 0.1575 0.0738
6 1.3875 1.5453
4 1.815 1.455
7 1.35 1.0106
7 1.305 1.3123
6 0.645 0.5161
6 2.9625 2.9903
4 0.195 0.3849
6 0.615 0.502
5 1.2525 1.7684
4 2.295 1.7258
5 0.2475 0.0757
7 0.7575 0.7145
5 1.8825 1.3398
7 0.5475 0.463
7 0.9825 1.1893
4 2.0475 1.2992
6 2.19 1.8898
6 2.3775 2.2328
7 2.7975 2.8063
7 1.3875 1.276
7 1.5 1.8665
6 0.0 0.1015
4 2.73 2.8097
6 2.3325 2.2724
7 1.44 1.435
6 2.5425 2.4865
7 1.3875 1.3302
6 0.645 0.4725
5 1.8375 0.8021
6 2.325 2.3389
4 1.8075 1.7279
6 2.0475 0.9729
6 0.45 0.4841
6 2.6025 2.6887
6 1.74 2.1386
4 1.7175 1.1488
6 0.24 0.186
6 1.89 2.183
5 2.775 2.8052
7 1.98 1.701
5 1.0575 1.9908
5 0.1725 0.2176
7 2.0175 1.985
6 2.1375 2.061
6 1.7625 1.3281
5 0.2625 0.2621
5 1.035 1.2965
5 1.1925 1.0714
5 0.555 0.5249
4 1.0725 0.3356
6 0.18 0.1447
5 0.645 0.6014
5 2.13 1.7878
4 0.495 0.6196
7 1.9275 1.8218
7 2.4 2.5138
5 1.005 1.3036
4 2.4975 2.1383
6 2.3625 2.3686
6 2.5875 2.4889
4 0.9075 1.0214
5 1.32 1.6566
4 0.33 0.5063
6 2.3025 2.3398
7 1.7925 1.7674
5 2.7075 2.6751
4 0.12 0.1523
6 2.805 2.8661
4 2.805 2.7898
6 0.9675 1.3531
6 2.2125 2.1408
4 0.6375 0.6641
7 1.02 1.0171
6 1.575 1.4868
7 0.6375 0.639
4 0.12 0.0589
5 2.535 2.4234
4 2.0925 1.6318
7 0.5025 0.5182
5 0.6 0.5693
5 0.075 0.1421
6 0.5775 0.6152
5 2.1375 1.6597
5 0.7875 1.649
7 0.975 1.217
6 1.17 0.7569
6 2.4 2.4057
7 0.99 0.8071
4 2.25 2.5364
4 0.33 0.3995
5 1.17 1.5614
6 1.2 1.325
6 2.13 1.7729
5 1.815 1.9725
5 0.825 1.5426
7 1.635 1.7559
4 1.695 1.4355
5 2.28 2.071
4 1.185 1.928
4 0.8625 1.3023
7 2.1 2.1183
4 2.985 2.9686
5 2.9775 2.9803
4 1.605 1.4267
4 2.715 2.6835
5 1.425 1.1606
4 1.5075 0.905
7 2.865 2.7983
6 0.525 0.4929
5 2.0025 2.1392
4 0.855 1.1961
5 1.3875 0.8953
5 1.14 1.5582
4 1.995 0.9283
4 1.29 1.9869
7 0.33 0.3568
7 0.09 -0.0041
4 1.71 1.3848
4 2.145 1.7229
4 0.345 0.4775
4 1.0125 1.3439
4 0.1275 0.2095
5 0.24 0.2607
6 2.58 2.5373
7 0.7725 0.748
7 0.0825 0.0268
4 0.105 0.2266
7 1.995 1.9615
7 1.14 1.5412
7 1.4625 1.784
5 1.1175 1.3288
4 2.565 2.6114
7 0.33 0.3628
7 2.3925 2.4041
4 2.94 2.907
5 1.5975 1.3576
7 0.3675 0.4501
6 2.955 3.0317
6 1.23 1.2784
4 2.985 2.941
5 2.8275 2.795
5 1.95 1.9604
7 1.8675 1.8799
6 0.84 1.1078
6 2.82 2.8846
7 2.9625 3.0104
5 1.425 1.3635
7 1.83 1.6993
5 1.5975 1.7432
5 0.4125 0.4256
4 0.9 2.325
5 0.855 1.5095
5 0.48 0.3694
5 1.62 1.2123
5 2.655 2.7059
6 2.0925 2.1329
7 0.5175 0.6119
7 1.155 1.4209
7 0.645 0.6015
7 2.985 2.9191
5 2.6025 2.5009
4 0.2025 0.432
7 1.5225 1.3226
5 1.95 1.5592
4 0.36 0.2784
6 2.535 2.6183
6 1.59 1.4716
6 2.19 2.18
7 2.22 1.9742
5 0.945 0.9086
5 1.065 1.0454
6 1.11 0.8077
7 2.0925 2.0536
4 2.8725 2.7181
4 2.31 2.3607
7 0.4725 0.5833
7 2.325 2.2307
7 0.57 0.6549
6 1.3275 1.0725
4 2.205 0.8753
7 2.5275 2.5887
7 2.73 2.6554
6 1.7775 1.2946
5 2.6925 2.4412
5 0.24 0.1601
7 2.3175 2.2876
5 0.2175 0.2545
4 1.755 1.3009
6 2.34 2.2528
4 1.755 1.9293
5 1.815 1.9023
4 2.6775 2.6997
6 0.5625 0.4234
4 1.2225 0.9915
6 1.395 1.0772
5 2.4 2.1943
4 1.5075 2.0184
7 2.4825 2.3561
5 1.695 1.8809
7 2.8875 2.7249
7 0.075 0.1197
7 1.41 1.5443
4 1.1625 1.305
7 0.6 0.4397
6 2.895 2.9652
4 0.5175 0.69
4 1.605 1.453
4 2.5875 2.805
7 0.5775 0.604
6 0.1275 0.1223
5 0.9 1.0329
4 1.2225 2.4171
4 0.93 1.7097
7 0.4275 0.3962
5 2.76 2.7539
7 2.865 2.8219
6 2.145 1.9435
6 2.8875 2.8581
5 1.035 0.9706
6 0.315 0.2602
4 1.0425 1.4664
4 0.945 1.3662
6 1.1625 1.5636
4 0.6825 1.3828
4 2.88 2.7618
6 1.7925 1.4342
5 0.1575 0.2963
7 1.455 1.4842
6 1.5525 1.6467
6 1.2225 1.0812
7 0.105 0.2144
5 1.17 1.2706
6 2.0325 2.1029
4 1.74 0.8353
5 2.3775 2.503
5 1.89 1.7924
5 2.625 2.639
6 1.7175 1.3212
7 1.155 1.1316
6 2.685 2.7822
6 0.315 0.3325
7 2.655 2.6986
4 2.685 2.8018
7 2.37 2.3917
5 0.72 0.7841
6 2.01 1.7514
5 0.225 0.1524
5 0.6825 0.8688
4 2.4225 1.7356
5 0.9375 0.916
6 0.21 0.1689
6 1.17 1.369
4 1.635 1.4085
4 1.4625 0.5251
4 1.86 2.3933
4 2.4975 2.6391
6 0.45 0.443
6 1.83 1.9016
7 1.485 1.972
7 2.9475 3.0094
7 1.365 1.1036
7 1.7475 1.4117
5 0.6 0.6541
7 0.1125 0.1455
4 0.0225 0.1633
7 0.015 0.0453
5 0.855 0.865
7 0.3825 0.431
4 1.1175 1.1333
7 0.3975 0.3194
7 1.1325 1.1064
5 1.4325 1.2483
5 0.765 1.0494
4 2.2875 1.8083
6 1.725 1.5745
7 1.095 1.1096
7 0.8625 1.1559
6 2.58 2.6535
5 2.1375 2.3065
6 2.25 2.1062
7 0.3225 0.2177
5 1.02 1.5981
7 1.8225 1.8345
6 1.08 1.1195
5 1.6425 1.8433
7 0.585 0.5804
4 0.1875 0.39
6 0.0375 0.0482
5 1.035 1.4788
6 2.925 2.9529
6 2.82 2.9332
6 0.5475 0.4373
4 1.9725 2.2233
6 0.93 0.844
4 2.685 2.6662
5 0.5475 0.6127
7 2.7525 2.7308
6 0.72 0.556
6 1.2225 1.1514
5 0.225 0.2961
6 2.865 2.8307
5 2.6325 2.5924
5 2.37 2.2586
7 2.64 2.606
5 2.385 2.3846
7 1.725 1.146
5 2.9475 2.9341
6 0.705 0.7344
6 1.8075 1.4569
5 0.765 0.7356
4 2.8425 2.4999
4 1.8675 2.422
5 1.4025 1.2013
4 2.58 2.773
6 0.0675 0.124
7 0.585 0.5836
5 1.59 0.778
4 1.11 1.4016
5 1.3875 0.7355
4 1.26 1.4354
5 0.36 0.4736
5 0.615 0.9962
5 1.065 1.0206
5 0.0525 0.0946
4 0.3375 0.4859
4 1.9425 1.8142
6 1.7175 1.6877
5 2.25 2.2365
4 2.0025 1.0649
4 2.6325 2.5038
4 1.8675 2.0199
6 0.2925 0.3519
4 0.06 0.1605
6 1.8675 1.8341
6 0.1125 0.1297
4 2.4075 2.4319
4 1.4625 1.4701
4 1.005 1.4192
7 2.8125 2.767
6 2.5725 2.5624
6 1.7625 1.8239
4 0.69 0.7494
6 2.415 2.4147
4 0.2775 0.2155
5 2.4825 2.2449
4 2.655 2.7282
4 2.4375 2.8182
7 1.32 1.3374
4 0.4725 0.4532
4 2.1 2.1039
7 0.4875 0.5093
5 1.1025 1.9389
6 1.23 1.2163
6 2.3925 2.2558
4 1.065 0.9344
4 0.765 0.6521
4 0.6375 0.6246
6 1.35 1.8845
6 2.5875 2.5798
5 0.33 0.3558
6 2.4 2.4407
4 2.925 2.9374
7 1.6425 1.8818
7 1.7625 1.4317
5 1.8375 1.2123
5 1.5975 1.6117
5 0.6075 0.6182
7 2.805 2.6933
7 0.705 0.5948
4 0.045 0.0447
6 0.9525 0.9713
6 2.55 2.606
6 1.965 1.7197
4 2.58 2.4883
6 0.315 0.3895
6 1.5075 1.2976
7 1.8225 1.7549
7 1.965 2.1025
5 0.66 0.7054
5 0.6675 0.9116
7 1.05 1.2984
5 2.04 2.0279
4 0.75 1.2667
4 0.7875 0.4952
6 1.53 1.2095
4 2.565 2.8355
5 0.2175 0.2939
5 0.4725 0.3675
4 0.5925 0.6372
4 1.8525 1.9837
4 0.7875 1.1872
7 2.49 2.4155
5 2.91 2.8868
4 2.4975 2.2729
4 0.0075 0.0205
4 0.6075 0.4572
4 2.625 2.8772
5 1.8825 1.6005
5 0.1425 0.1652
5 1.3575 1.1966
7 0.4425 0.4212
4 0.7725 0.7612
6 1.6125 1.366
4 2.7 2.5336
7 0.5625 0.5306
5 0.345 0.2822
4 0.9 1.0224
4 2.715 2.8617
7 0.96 1.3423
6 0.6075 0.4802
5 2.6325 2.6978
6 1.815 1.8211
7 1.6425 1.8129
7 1.815 1.4243
5 0.9975 0.9514
7 1.5375 1.251
4 0.21 0.2784
5 2.91 2.9557
6 2.4975 2.5348
7 1.8525 1.6936
4 1.5675 2.1522
7 0.1425 0.2098
6 0.84 1.0984
6 1.5 1.6409
6 0.7275 0.636
6 1.2525 1.7291
5 0.975 0.6366
6 2.7675 2.733
4 2.385 2.4651
5 0.105 0.1334
5 2.805 2.7737
4 1.5225 1.4201
5 2.2575 2.466
5 2.22 2.2841
4 2.46 2.2751
7 1.7325 1.6652
4 1.9425 2.1715
7 2.9025 2.8233
5 2.6925 2.7601
7 1.395 1.618
4 2.25 1.928
7 2.01 1.8912
5 0.4725 0.252
5 2.2875 2.3427
5 0.9675 1.3112
6 1.185 1.3165
4 1.9875 1.6097
4 0.78 0.8844
5 2.415 2.4491
7 2.7375 2.6848
7 0.0975 0.1424
7 2.1825 2.2706
5 2.805 2.8993
7 1.2375 1.4433
4 2.8575 2.9146
6 0.795 0.8204
6 2.4975 2.5224
4 1.275 2.3334
7 1.1475 1.3837
6 0.855 1.0114
7 1.845 1.5407
7 1.1625 1.1239
7 1.26 1.4014
5 2.8125 2.8975
5 1.2975 1.0992
4 1.7625 1.4291
7 0.6825 0.7509
6 1.5975 1.2813
6 2.61 2.6723
5 1.8975 1.0129
6 0.285 0.2512
7 0.0225 0.0852
4 1.0725 2.1093
7 2.6175 2.5349
7 2.58 2.456
5 2.3025 2.349
7 2.5875 2.5678
7 1.9125 1.901
7 0.8625 0.9754
6 2.9475 2.8686
7 1.8825 1.939
5 2.04 1.7221
6 2.0175 1.8876
6 1.6875 1.764
6 1.6725 1.7122
5 1.92 1.4631
6 1.545 2.721
6 0.81 1.5243
5 0.9525 0.9311
4 2.5575 1.7172
7 2.43 2.5007
5 2.97 2.912
7 1.905 1.8336
4 2.3475 2.3808
4 2.13 1.333
4 0.3375 0.3711
4 0.4275 0.8569
5 1.92 1.8586
6 2.43 2.4995
4 2.4675 2.3015
4 1.77 0.7683
6 2.235 2.1137
7 1.005 1.1353
4 2.1225 1.3252
6 2.2425 0.7133
6 1.365 1.6288
4 0.06 0.3648
5 2.3625 2.4882
7 2.895 2.8794
7 0.555 0.5626
4 1.995 2.7073
7 1.9275 1.743
6 0.2325 0.2382
6 2.5575 2.4843
5 2.2875 1.9089
7 0.8625 0.8407
6 2.1825 2.0401
4 0.5775 1.7842
5 1.245 1.2724
6 0.285 0.2701
4 2.565 2.628
6 0.435 0.4864
4 1.53 1.6704
7 0.255 0.1891
7 0.2475 0.256
6 0.7575 0.8904
4 0.4575 0.6299
6 1.4625 1.6924
4 0.945 1.2654
5 0.0675 0.0704
4 2.7675 2.6158
5 2.1675 1.9927
6 2.82 2.8634
4 2.8575 2.9092
5 0.4125 0.671
5 2.3475 2.2849
4 0.8325 1.0336
4 2.295 1.7203
5 1.8975 1.9445
7 2.3475 2.3115
6 1.9725 1.7557
7 0.54 0.5084
5 1.395 1.4808
5 2.4675 2.7338
4 2.7375 2.7928
5 1.6125 1.4439
4 1.875 2.2489
7 2.775 2.7996
6 2.5425 2.4874
5 1.995 1.6708
6 1.7625 1.5419
7 2.925 3.1297
4 1.74 0.9252
5 2.5425 2.571
7 2.7375 2.7235
5 1.2375 1.3714
7 2.7375 2.6455
6 0.8025 0.8358
5 2.3175 2.0354
5 2.6775 2.7209
5 0.3825 0.2875
5 0.9075 0.5237
4 0.825 0.7628
5 2.6775 2.7239
7 0.555 0.5889
6 0.5025 0.3633
6 2.325 2.268
5 0.33 0.238
6 1.7175 1.1101
7 0.975 1.0436
7 2.0025 2.1656
5 0.3975 0.3766
5 2.25 1.7759
6 2.67 2.6733
7 1.6875 1.3596
5 2.0475 1.399
4 1.9425 1.8107
6 1.215 1.5476
5 1.4475 1.5766
6 0.1575 0.0794
4 0.8775 1.182
6 0.375 0.4029
5 2.3475 2.4857
4 0.135 0.1501
4 0.015 0.3312
7 0.5025 0.5439
4 0.6075 1.5564
5 0.2625 0.2924
6 1.905 2.1473
6 1.92 1.5919
6 0.2025 0.1822
4 1.785 1.9441
6 2.025 1.6513
5 2.0025 2.7394
7 0.81 0.8539
6 1.3875 1.5202
5 0.8175 0.8616
4 2.265 2.1471
5 1.7925 2.0802
5 2.49 2.3295
7 1.5975 1.4123
5 0.2925 0.3333
6 0.525 0.7327
4 0.3375 0.2989
6 2.2125 2.0658
7 2.1375 2.1295
4 2.4675 1.7076
5 1.4325 1.5469
4 1.4625 1.2868
6 1.32 1.4882
7 2.4225 2.4184
4 0.195 0.3027
7 2.055 1.9759
7 0.2625 0.341
6 0.9825 1.5341
5 0.3375 0.4878
4 0.495 0.4339
4 1.5525 1.0243
7 2.7225 2.6629
6 0.765 0.7357
6 1.2975 1.3644
7 0.39 0.4413
5 1.5225 1.5164
5 0.6225 0.6293
5 1.725 2.1692
6 2.73 2.7211
4 2.3325 1.7416
5 0.21 0.1607
5 1.8075 1.8531
6 1.89 1.1426
4 1.395 1.6302
5 0.72 0.7457
6 1.41 1.8575
5 2.4375 2.4668
5 2.6925 2.7036
7 1.3575 1.4564
5 2.13 2.8106
5 0.045 0.033
5 1.3575 1.427
5 2.6325 2.6034
6 1.4325 1.6209
7 2.8425 2.7854
4 0.18 0.1788
6 2.115 1.9639
6 0.2925 0.2398
5 2.715 2.7782
5 2.265 1.889
7 1.95 2.0051
7 2.295 2.255
5 0.315 0.2893
7 1.5825 1.8173
6 2.43 2.4749
5 0.1425 0.1737
6 0.7725 0.6539
5 0.4875 0.7928
4 0.15 0.2304
6 2.85 2.7777
6 1.1475 1.3477
7 1.26 1.4865
7 2.1675 2.0364
6 1.8 1.2529
4 1.7325 0.9748
7 0.5025 0.5859
4 0.1875 0.3523
5 1.3575 1.1207
6 0.81 1.0304
4 1.6875 1.705
5 2.4375 2.3698
6 2.055 1.5713
6 2.0475 1.5366
7 1.68 1.7726
5 2.115 1.8546
6 1.3275 1.2054
7 1.5975 1.2825
4 0.3975 0.4796
4 1.1175 0.8457
7 0.63 0.6771
6 1.14 0.9688
4 1.53 1.1793
5 0.8325 0.8532
6 2.5275 2.5301
7 2.3175 2.1845
6 2.7375 2.7399
6 0.135 0.1673
7 0.0 -0.0831
7 2.9175 2.9212
6 0.045 -0.001
4 1.8375 1.5867
7 0.4275 0.4469
6 1.5675 1.7184
4 0.8775 0.6439
7 0.3375 0.3429
4 2.2425 2.3929
4 2.025 1.8164
5 0.63 0.8732
4 0.7575 1.0152
4 1.275 2.5063
7 0.54 0.5835
4 2.5875 2.4019
4 2.04 1.4127
6 0.18 0.1946
5 2.19 1.6076
5 0.7725 0.7137
7 1.9125 1.6689
5 0.345 0.3815
4 2.4975 1.5451
6 0.5775 0.5327
5 1.395 1.4227
6 2.07 1.9395
5 0.99 0.9553
7 0.885 1.072
6 0.42 0.3741
7 0.84 0.8557
4 2.19 1.7169
5 0.9 1.2219
4 1.875 2.2013
4 2.5275 2.1052
7 1.9275 1.6563
4 0.0075 0.1188
6 0.1275 0.1689
7 0.1575 0.057
7 2.5275 2.5974
4 2.775 2.7077
4 1.185 1.7555
7 0.0675 0.071
5 1.98 1.8211
4 1.41 1.7158
4 1.6275 1.3483
7 1.965 1.8026
6 1.4925 1.2887
7 1.7325 1.7824
7 2.79 2.8197
5 2.04 1.4247
5 1.995 1.4872
7 2.715 2.6574
4 1.3275 1.7305
6 1.215 1.107
4 2.3325 1.9065
7 0.2175 0.2001
5 0.4875 0.5089
4 1.1625 1.243
5 1.6575 1.5075
4 2.655 2.9096
5 2.64 2.4049
7 1.32 1.1537
5 1.515 1.2999
5 0.8325 0.9512
7 0.2325 0.2532
6 2.5125 2.3928
5 2.34 2.1215
7 0.8775 1.0178
5 2.46 2.2645
5 2.745 2.8625
4 0.0 0.201
5 2.07 2.2575
6 2.085 2.0323
5 2.88 2.9719
7 2.1225 2.1225
6 0.87 0.6878
5 0.8025 1.3578
6 1.65 1.811
4 0.24 0.4014
6 1.77 1.7446
7 0.2025 0.0576
6 0.63 0.4864
6 1.035 1.7682
4 0.195 0.3211
5 1.2975 1.3217
6 0.33 0.4201
5 0.51 0.6876
7 1.785 1.7462
6 0.03 0.0237
5 2.6325 2.4983
6 0.57 0.4812
4 0.42 0.4529
5 2.6175 2.6172
7 2.13 2.1675
4 2.13 1.5679
4 1.8225 1.9313
4 2.6925 2.8899
6 1.53 1.379
4 0.585 0.785
6 2.9025 3.0514
6 2.25 2.1677
4 0.315 0.5377
5 2.55 2.3256
4 0.7725 0.6347
6 0.585 0.4767
4 0.06 0.1346
5 2.9775 2.7815
5 0.525 0.4176
5 1.2075 1.5568
6 1.935 2.1506
5 0.2925 0.3811
4 1.9875 1.8183
4 1.6725 1.5392
6 0.69 0.9285
7 1.6875 1.5171
7 1.455 1.6947
5 1.2675 1.3866
4 0.2775 0.1729
7 1.2225 1.231
4 2.7975 2.5519
6 1.005 1.1579
4 2.6925 2.5993
5 2.94 2.8839
4 0.9525 1.3834
6 1.965 1.3267
7 0.5775 0.6814
5 0.84 0.6595
7 0.9 1.0755
7 0.9675 0.9025
4 1.26 0.844
7 2.1 2.0224
7 0.3075 0.3156
5 1.3425 0.9884
6 2.82 2.824
7 2.715 2.7041
6 0.9825 1.2872
5 1.7625 0.8359
6 2.4225 2.339
4 0.855 1.1611
6 1.62 1.4997
6 2.3475 2.2343
6 0.7125 0.7678
4 0.015 0.1321
7 2.97 2.9189
4 1.1325 2.2018
7 2.715 2.6414
6 1.575 1.1123
7 0.03 0.0503
5 2.1225 2.1439
4 1.1625 1.1122
4 0.0075 0.2041
4 2.9025 2.8249
6 0.4875 0.6843
4 0.4875 0.3753
7 1.5975 1.601
5 2.085 2.3078
6 1.92 1.6961
4 0.18 0.174
4 1.935 2.377
5 0.0225 -0.0004
5 1.83 1.169
4 1.8975 2.2544
5 0.7275 0.5616
4 0.57 0.772
6 2.31 2.3668
5 1.7775 1.5606
7 1.1475 1.1754
7 2.85 2.8948
6 2.2125 2.2809
5 1.62 1.5268
5 1.905 1.7277
5 2.805 2.8994
6 1.83 1.9735
6 0.315 0.3782
6 0.5175 0.5922
7 1.575 1.6916
7 2.205 2.3955
7 0.7725 0.8117
6 1.2 1.2977
5 2.2275 1.7238
7 0.2775 0.2883
6 1.545 1.5131
6 2.1225 2.031
5 0.8325 0.9209
5 0.105 0.0436
7 0.6375 0.6468
7 0.0375 -0.1115
4 2.0175 1.5892
7 1.35 1.3074
4 2.07 1.4966
7 1.4025 1.2683
4 0.54 1.0168
4 1.9425 1.7571
5 2.205 2.15
5 1.8525 1.0825
4 2.1675 2.0099
5 2.475 2.5002
6 1.5075 1.3782
4 2.37 1.894
5 1.68 1.5768
5 2.0175 1.9795
4 0.8925 1.0902
7 1.2825 1.2824
5 1.1025 0.8859
5 2.7 2.6532
4 1.8 1.0797
7 1.92 1.6188
4 0.4275 0.5948
5 2.79 2.6068
5 0.345 0.4647
4 1.5525 1.416
6 0.3675 0.3488
6 1.5 1.5701
7 1.62 1.7534
4 2.9625 2.7906
4 0.3375 0.5312
7 1.305 1.3417
4 1.185 1.4156
5 1.14 1.521
6 2.6325 2.7012
4 2.46 2.5936
4 1.47 1.2168
7 0.6525 0.6006
4 1.6875 2.0848
4 2.4225 2.5257
4 2.505 2.2599
4 2.1375 2.1071
5 0.405 0.4872
5 2.3925 2.5283
4 1.9125 1.3751
4 0.1575 -0.0616
4 2.865 2.9122
4 2.385 2.3326
7 1.14 1.1394
4 2.565 2.2517
7 0.0225 0.1048
4 0.105 0.1563
7 0.8325 0.7308
6 0.75 0.787
6 0.5625 0.4967
6 2.2425 2.2791
4 2.61 2.3403
4 0.9675 1.493
7 1.2675 1.1862
6 2.16 2.1393
6 1.6875 1.878
6 1.14 1.6872
6 0.345 0.3467
4 2.505 2.6351
5 1.4325 1.6044
4 1.5975 1.8372
5 0.1725 0.2253
4 1.4025 0.8967
6 1.5 1.7219
6 0.6825 0.5909
4 0.525 1.2021
4 2.58 2.7085
7 0.75 0.7575
6 1.845 1.5125
6 2.9475 2.9951
7 2.895 2.8797
4 2.475 2.4857
6 2.1375 2.1936
4 0.045 0.1634
7 0.2775 0.3372
7 0.735 0.7609
6 0.2175 0.167
4 0.765 1.2745
4 1.5675 1.2461
5 0.0975 0.0036
5 2.055 1.7784
7 1.3875 1.2122
7 1.98 1.8681
7 2.475 2.5556
6 0.18 0.1157
6 0.6 0.5023
6 0.1125 0.086
6 0.7275 0.716
7 0.06 0.0047
7 0.3975 0.3871
4 0.645 0.5721
4 2.205 1.8694
6 0.2925 0.5185
4 2.88 2.7538
4 1.32 1.3846
4 1.83 1.9636
4 2.9775 2.9593
7 2.925 2.817
7 0.4875 0.4412
4 1.065 1.0099
5 1.3425 1.2025
4 0.72 0.5727
5 0.3 0.3647
7 1.68 1.295
5 2.8725 2.9179
5 2.2275 2.0862
6 1.29 1.3345
7 0.9975 0.8818
5 2.58 2.4933
5 0.5775 0.6002
5 0.285 0.5164
5 2.6625 2.749
5 1.1325 1.3806
7 2.1525 1.9554
5 1.8825 1.7874
4 2.745 2.6815
5 1.155 1.2613
4 2.085 1.5429
6 1.4025 1.1334
4 2.73 2.4275
7 1.185 1.2172
4 2.2275 2.4469
5 2.1825 1.3323
4 1.3575 1.6371
7 1.5975 1.6249
4 0.6825 0.4152
6 1.17 1.7687
7 0.2025 0.2162
7 2.4375 2.3619
7 2.805 2.8636
7 1.095 1.0411
7 0.0675 -0.0775
6 2.4 2.4003
6 2.355 2.4563
6 2.4225 2.3462
4 1.0575 0.6381
6 1.455 1.4496
4 2.2425 2.4758
5 0.3825 0.3578
6 0.9825 1.0095
7 0.7275 0.841
4 1.2 1.1754
5 2.0925 1.866
6 1.905 2.222
5 2.04 1.1687
4 0.105 0.3308
6 0.9825 2.2065
6 2.6475 2.7249
7 2.595 2.5551
4 1.6425 1.1622
4 0.0225 0.1101
6 1.2375 1.5183
7 2.2725 2.3414
7 0.0225 -0.0238
7 2.4825 2.499
5 0.6525 0.7037
6 0.1575 0.0325
5 1.32 2.1287
5 0.03 0.1336
7 2.265 2.1008
5 1.53 1.2268
6 1.23 1.7865
7 1.6425 1.5401
5 0.2025 0.226
7 2.73 2.6872
6 2.5425 2.4651
5 1.9425 1.9099
5 2.0775 1.7947
6 0.6375 0.561
6 2.3775 2.1863
5 1.6875 2.0416
6 0.555 0.5816
7 1.935 1.871
6 1.575 1.6279
5 1.17 0.8177
5 1.53 1.2729
5 0.4125 0.2285
5 0.165 0.1037
6 1.0125 0.7442
6 1.1625 1.1411
7 2.4075 2.1795
5 1.6125 2.1344
7 2.5125 2.523
5 0.66 0.7201
7 1.6575 1.9713
6 0.18 0.187
4 0.765 0.4699
6 2.8275 2.9202
7 2.91 2.9266
6 1.6125 1.3932
5 2.73 2.7457
6 1.5975 1.5391
7 0.0675 0.0278
5 1.26 1.8413
7 1.8225 1.7001
6 0.24 0.2042
7 1.845 1.1778
6 0.285 0.2593
4 1.2825 1.6366
7 1.785 1.8386
6 2.5275 2.392
6 2.805 2.8296
7 2.565 2.5658
7 2.3175 2.2974
4 2.4825 2.6183
5 1.4475 1.1628
4 1.2825 1.894
4 2.5725 2.3666
7 0.3075 0.3891
5 2.625 2.7559
4 0.66 1.3972
6 1.0575 1.1719
5 2.5875 2.5798
5 1.575 0.6238
6 2.46 2.5131
5 1.0275 1.49
6 1.6425 1.0882
6 2.145 1.9755
6 2.6625 2.4572
7 1.3575 1.4694
5 0.9675 1.1293
4 0.945 1.1193
6 1.485 0.8381
5 2.5725 2.6716
4 1.0575 0.9137
6 1.365 1.8046
4 1.005 1.4157
6 1.98 1.099
7 0.105 0.0923
5 0.2025 0.0732
4 0.18 0.1496
6 2.385 2.3407
7 0.18 0.2828
6 1.86 1.7272
4 0.3375 0.26
4 2.295 1.9855
6 1.365 1.4222
6 0.9525 1.0859
6 0.585 0.6147
4 1.0875 0.9504
6 2.1525 1.8814
5 0.4575 0.4766
4 2.8125 2.867
6 0.0075 0.0356
6 0.975 1.0292
7 2.775 2.7519
7 2.775 2.7911
7 0.6225 0.5806
6 0.5775 0.5042
6 0.2325 0.189
7 2.9025 2.8904
6 0.9375 0.8919
6 2.37 2.5974
6 1.4775 1.8404
7 0.675 0.767
4 2.295 2.0984
4 0.21 0.2279
4 2.01 1.1074
6 2.6775 2.6816
7 1.92 2.003
6 1.0425 0.8707
5 1.9575 1.2767
4 0.735 0.6451
5 2.67 2.446
7 2.8275 2.8018
7 0.09 0.0981
6 1.2525 1.1981
4 2.0025 2.258
4 2.3625 2.6303
7 2.175 2.0852
4 1.56 1.4155
6 0.0075 0.0218
6 2.6025 2.7029
7 1.515 1.5988
6 2.8875 2.8252
6 2.07 1.9983
6 0.9675 1.0329
4 1.125 0.8932
7 0.045 0.034
5 2.5725 2.5943
7 1.35 1.4946
5 2.1675 1.9444
4 0.1575 0.1112
6 0.9675 1.4667
4 2.2875 1.7274
6 0.27 0.3244
7 1.14 1.0451
5 0.7575 0.8965
6 0.5025 0.7164
6 2.415 2.3598
7 0.63 0.6036
4 0.1875 1.0579
7 2.04 2.1142
4 1.4325 1.9983
4 1.02 0.7871
6 1.53 1.495
5 2.73 2.8124
7 0.1875 0.2731
7 0.4575 0.5371
7 1.515 1.397
7 0.5475 0.5597
6 0.8325 0.7649
4 1.515 1.273
6 0.075 0.1108
7 1.3725 1.6242
5 0.195 0.1529
5 2.265 2.2765
4 1.5375 1.2694
6 2.1825 2.0294
4 0.03 0.0628
4 2.04 1.8138
6 0.3675 0.268
6 2.6025 2.518
5 2.295 2.0583
5 0.7575 0.7026
5 1.245 1.071
4 1.7325 1.784
4 2.4225 2.4841
7 2.9625 2.8723
7 2.985 2.9982
4 0.7425 1.2353
5 2.895 2.9265
5 2.8875 2.9672
5 0.84 1.325
7 0.5325 0.564
7 1.845 1.7684
4 2.5725 2.7191
5 0.66 1.0268
6 1.065 1.5061
7 2.6925 2.6305
6 1.11 1.453
6 1.7475 1.9441
4 1.1475 1.2526
5 0.6 0.6102
4 2.2725 2.0088
6 1.9875 1.5241
5 0.2625 0.1836
4 1.965 1.4179
7 2.3625 2.3697
4 2.0625 1.7925
5 2.355 2.379
4 1.5525 1.1487
4 1.995 2.354
7 1.7925 1.9433
6 2.115 2.09
7 0.0825 0.1685
6 2.6325 2.6952
6 1.2075 1.161
5 2.835 2.9768
6 1.245 1.061
7 2.5125 2.4603
6 1.62 1.7744
5 2.0025 1.4398
7 2.1 1.9622
5 0.2025 0.1784
6 2.0925 1.8657
7 2.1525 1.9815
4 2.835 2.7737
4 2.2125 1.9149
4 1.95 2.2885
6 0.345 0.4586
5 2.0775 1.9363
4 0.1875 0.1704
6 0.3525 0.2975
7 1.0125 0.8456
7 0.18 0.2137
4 2.9325 2.7994
7 0.99 1.2074
7 2.7 2.7087
5 1.9575 1.6594
4 1.9875 1.3027
4 2.37 2.1826
5 1.5525 1.1089
5 0.465 0.3551
5 2.6625 2.7154
5 0.12 0.2192
7 1.635 1.7808
5 0.825 0.8276
5 2.955 2.7941
6 0.6675 0.9072
7 2.985 3.0044
7 2.0475 1.7904
4 2.9325 2.853
5 0.525 0.6099
6 0.6825 0.6182
4 2.4375 2.0837
7 1.485 1.4627
6 0.15 0.125
5 0.24 0.2248
6 0.93 0.8581
5 1.1925 1.7949
6 1.245 1.0452
6 2.88 2.7641
6 2.2725 1.84
6 2.685 2.7468
5 0.3 0.2701
4 1.11 1.2613
6 0.3525 0.4561
4 0.7575 1.3111
5 1.7025 1.3616
5 2.565 2.4216
6 1.1925 1.3636
6 1.17 1.2269
7 2.22 2.2463
6 0.7725 0.7073
6 1.275 1.5211
6 1.4625 2.0546
5 0.8775 0.6532
5 0.9525 1.3298
5 2.9925 2.8736
7 1.6575 1.9092
5 1.5675 1.5197
4 1.065 2.2997
4 2.73 2.7728
4 2.1675 1.6073
4 1.95 1.2394
4 2.7 2.626
6 0.06 0.0033
7 0.84 0.8604
5 2.2575 2.4183
7 1.38 1.5252
5 2.115 1.99
6 1.8525 1.1436
7 0.1725 0.2494
7 1.5525 1.458
5 0.45 0.4049
6 2.67 2.6673
4 0.075 0.0247
4 0.63 0.6504
6 0.63 0.7585
4 1.9125 1.6678
4 2.175 1.1166
7 0.2025 0.2822
7 2.0325 1.7117
7 2.895 2.9717
7 2.745 2.7721
6 0.84 1.0669
5 2.9925 2.8352
7 1.815 1.9573
4 0.8625 1.4968
4 1.305 0.8549
4 1.2375 2.1567
5 1.32 1.3221
4 0.09 0.1522
7 1.6125 1.8326
6 2.0925 2.028
4 0.6375 1.3658
4 1.1025 1.3163
6 1.695 1.492
6 0.0525 0.0067
6 0.225 0.1482
7 0.72 0.7665
7 1.92 1.8351
4 2.3475 2.3096
5 2.895 2.8419
5 1.32 1.4402
7 0.4275 0.3896
6 1.32 1.4615
6 1.5675 1.3917
6 1.1325 1.3522
6 1.3425 0.9761
4 0.4575 0.6937
6 1.38 1.2995
4 0.15 0.2411
4 1.11 1.5551
7 0.0075 0.0542
6 0.0375 0.1029
4 2.445 2.5285
4 2.76 2.7353
5 0.7125 1.2493
5 1.92 1.1482
7 0.5325 0.5815
4 2.1375 2.1455
4 1.455 1.9485
6 0.9075 1.5371
6 0.3075 0.2119
4 2.085 2.4494
6 0.945 0.7251
6 2.415 2.3413
5 0.48 0.4862
4 1.0725 0.5829
6 2.685 2.7606
6 0.525 0.6289
4 2.64 2.4876
5 1.5225 1.6565
7 0.8175 0.927
5 0.99 1.5122
7 2.9175 2.886
6 2.205 1.8342
7 0.6375 0.5905
6 2.52 2.4697
6 2.805 2.7665
6 0.0975 0.0725
4 2.505 2.6618
6 2.4375 2.4513
4 2.085 2.4763
6 0.225 0.2743
7 2.085 1.9524
4 0.4125 0.2468
7 0.39 0.3774
6 0.2775 0.2697
6 2.535 2.5851
7 1.995 1.7554
5 0.99 0.6796
5 2.97 2.7317
7 1.2975 1.0916
7 2.5125 2.497
6 2.52 2.4622
6 1.8 1.6489
4 0.7125 1.0739
4 2.5875 2.7435
7 1.62 1.4326
7 1.5975 1.5582
6 1.6725 1.685
5 2.7525 2.7996
7 1.5075 1.8573
7 1.53 1.4596
5 2.295 2.1883
5 1.365 1.3964
4 0.36 0.5087
7 1.02 1.0804
4 2.5875 2.2379
5 1.92 1.6786
4 1.2525 2.295
7 0.36 0.3555
4 1.95 1.8378
5 1.155 0.8534
5 1.9425 1.8982
7 0.21 0.2109
5 0.54 0.5324
6 2.4225 2.4134
7 0.675 0.6905
4 2.1825 2.1151
7 0.3675 0.4279
5 0.3525 0.3766
4 2.9775 2.8086
7 0.4575 0.5097
7 0.66 0.7042
6 0.765 0.7285
4 2.2125 1.1844
5 0.0825 0.0803
6 2.4 2.3062
6 0.8775 1.0248
7 2.0625 1.9635
7 1.545 1.2416
6 1.2075 1.5613
6 2.9925 3.0141
7 0.5025 0.5608
5 0.135 0.141
6 0.3525 0.3206
4 1.3575 1.799
5 0.5025 0.3819
5 2.535 2.3804
7 2.19 2.219
4 0.15 0.367
5 0.405 0.3612
4 2.685 2.8677
6 2.7975 2.6992
4 2.9175 2.8412
6 0.06 0.1422
4 2.5875 2.388
6 0.195 0.241
4 2.9025 2.7992
4 2.505 2.5963
7 0.1275 0.1082
4 2.565 2.4447
5 0.54 0.6878
6 2.1525 2.2571
4 2.8725 3.0051
6 2.49 2.5117
5 1.275 2.2899
5 2.4675 2.3098
7 1.9575 1.8346
7 2.6775 2.7066
7 2.235 2.2471
7 0.495 0.4711
6 1.215 0.783
7 1.665 1.4341
5 1.62 1.7083
4 0.5175 0.4199
7 2.73 2.6452
7 2.6775 2.5536
5 2.8575 2.9043
6 0.945 1.1917
6 0.015 0.0
7 2.7975 2.8498
5 1.1475 0.9414
4 1.1325 1.4235
6 0.7125 0.9005
5 2.715 2.616
4 1.0725 0.765
4 2.835 2.8717
7 0.6225 0.6013
4 2.85 2.6851
6 2.4 2.358
5 1.5225 2.6312
6 1.4175 1.7839
7 2.655 2.7084
6 2.88 2.8216
6 1.275 1.1858
4 1.14 0.766
7 2.37 2.1744
5 2.0775 1.6748
6 0.6825 0.9714
6 2.055 1.7353
7 2.3925 2.4219
5 2.325 2.1833
6 2.97 2.9236
4 1.8 1.2251
7 2.5875 2.4925
5 1.05 0.9096
7 0.33 0.3853
4 1.38 1.7961
7 1.6875 1.6828
6 0.9375 1.2905
6 0.615 0.6833
4 2.9925 0.9171
4 2.2875 2.34
4 1.035 1.3339
6 1.0125 0.6863
5 1.4625 1.1303
4 2.0775 1.2388
4 0.345 0.5939
5 2.37 2.3502
4 0.9225 0.6578
4 0.8175 1.0808
5 1.62 1.5007
5 2.655 2.7783
7 1.0125 1.3051
6 0.765 0.8137
4 1.605 1.2
6 2.79 2.85
6 1.02 0.8266
7 1.7625 1.5754
5 1.2225 1.78
4 0.4875 0.3787
7 1.545 1.5627
6 2.2275 2.2387
5 1.8825 1.383
6 0.0825 -0.0052
5 2.1525 1.8122
4 2.4225 2.4997
6 1.59 1.3206
4 1.9125 1.5753
4 1.11 1.3547
7 0.5775 0.6552
5 0.3 0.2469
4 2.1825 2.2922
5 0.2475 0.2188
5 0.9675 1.0637
6 1.3875 1.0547
5 1.995 1.2038
4 0.09 0.1263
7 0.6825 0.7988
4 2.355 0.9844
5 1.065 1.5387
4 1.62 1.4067
5 0.2475 0.2767
5 2.6625 2.6807
4 1.4475 1.965
5 2.7225 2.7955
6 0.9975 0.7456
6 2.3925 2.131
7 2.655 2.5244
7 1.5 1.357
7 2.9925 2.9468
4 1.6575 1.5345
4 1.635 1.8336
5 2.5725 2.502
6 1.5375 1.3008
7 0.7875 0.9564
6 0.0675 0.1462
4 0.885 0.7518
4 2.745 2.4387
6 1.83 1.646
7 2.7 2.7021
5 0.3375 0.2859
6 2.2125 2.1232
7 0.4725 0.4282
6 2.1375 1.9658
7 0.1275 0.0455
7 1.9875 1.836
7 2.3625 2.3906
6 2.52 2.4615
7 0.675 0.5462
7 1.98 2.0472
4 0.5025 0.598
6 1.4025 0.9894
4 1.755 1.5972
4 0.735 1.135
5 0.5925 1.2185
4 0.3525 0.1568
6 2.5125 2.3783
5 0.3 0.1591
7 1.395 1.4848
6 1.7025 1.5241
7 1.7025 1.4414
5 1.17 1.673
6 2.835 2.9166
4 2.7375 2.7308
5 1.1025 1.9184
4 0.225 0.3185
5 0.885 1.056
7 1.7925 1.8164
4 1.23 0.8984
4 1.89 1.9326
5 1.89 2.349
6 0.66 0.6776
5 2.9025 2.8002
6 1.7325 1.7188
7 2.91 2.8955
7 0.42 0.2578
6 2.7825 2.7927
5 0.2025 0.2926
4 1.245 1.4562
7 1.11 1.2185
6 2.91 2.9044
7 1.3275 1.1833
4 1.785 1.2076
5 0.33 0.122
7 2.1525 2.1096
5 1.9425 1.659
5 0.0375 0.0832
4 0.8325 0.5838
5 2.4075 2.243
4 1.905 1.063
5 2.955 2.9156
5 1.5 1.4315
6 2.955 2.8784
4 0.24 0.196
5 0.195 0.2545
4 2.7375 2.7415
4 0.4275 0.4869
6 0.6375 0.9118
5 2.205 2.1631
6 2.4 2.3883
5 2.895 2.8724
4 1.68 1.0692
6 0.8325 0.7343
6 0.705 0.6924
6 2.91 2.9486
5 0.285 0.1916
6 1.9875 1.7409
4 0.525 0.5025
4 1.83 1.4279
4 1.995 1.8076
7 1.4925 1.6361
4 2.52 2.4297
7 1.965 1.929
4 0.3 0.4615
6 0.0075 -0.0585
7 1.5075 1.2004
5 2.79 2.8123
7 0.8925 0.9614
6 0.975 1.0486
6 1.6725 1.8503
5 1.53 1.5981
7 0.7875 0.8732
7 2.4075 2.3776
4 0.075 0.1684
6 2.3625 2.4112
7 2.985 3.0182
4 1.875 1.6305
6 0.885 0.8194
5 2.505 2.5388
7 1.3125 1.6492
6 2.985 2.8886
5 2.19 1.0546
7 0.915 0.78
5 2.685 2.6608
4 0.24 0.3626
6 2.7 2.7239
5 0.9525 1.1732
6 0.285 0.3017
6 1.8375 1.9154
6 1.4475 1.3731
5 0.15 0.0886
6 2.8275 2.7172
6 1.5075 1.6743
4 2.25 2.341
7 1.14 1.0048
5 0.3825 0.515
5 2.175 2.3063
4 2.295 1.8245
5 0.6225 0.8238
5 2.9475 2.9622
6 1.9875 1.7558
5 2.7675 2.8698
5 1.0425 1.3299
6 0.915 1.0228
4 0.675 0.9832
6 2.1225 2.2063
6 1.365 1.4223
7 1.23 1.1541
7 2.46 2.5091
7 2.2575 2.39
7 2.8875 2.9547
5 1.5825 1.6159
4 2.535 2.7881
7 2.805 2.774
6 1.9575 1.8976
5 2.1825 2.4645
5 0.78 1.0792
4 0.51 0.7312
4 0.4725 0.4976
4 2.2575 2.1899
6 2.805 2.7678
5 1.785 0.9561
4 1.635 0.7661
6 1.0575 1.2136
5 2.265 2.3389
6 2.64 2.6411
6 0.48 0.534
5 2.6475 2.763
4 0.6075 1.5392
6 1.5525 1.68
4 0.6225 1.3978
4 1.785 1.712
4 0.6075 0.568
5 1.2375 1.4605
5 1.4925 2.0299
7 0.4725 0.5106
5 1.065 1.629
4 1.1175 1.0767
7 2.2425 2.1382
7 0.51 0.5969
7 1.7175 1.2399
5 0.3825 0.425
6 1.0275 1.1048
6 0.8475 0.9572
7 0.195 0.2377
4 1.395 1.095
7 0.7575 0.806
5 0.6375 0.6455
4 2.7675 2.2062
4 0.18 0.1691
5 2.775 2.9086
7 1.9275 1.9333
6 0.0525 0.0594
6 1.7325 1.6527
5 2.34 2.1622
5 2.115 2.2927
4 1.1475 1.7888
5 2.1675 2.2585
7 0.2475 0.2287
4 1.5 1.4602
4 1.4625 2.0793
6 1.41 1.3697
4 1.2075 1.1399
4 2.295 1.5411
5 1.635 1.8026
6 0.75 0.877
4 2.475 2.4046
4 1.23 2.0625
4 0.99 1.1554
5 0.99 0.8229
6 2.1675 2.0339
6 0.27 0.2108
6 0.645 0.6211
6 0.33 0.3368
5 2.5875 2.5691
5 0.5175 0.5118
7 2.1825 2.1938
6 0.72 0.521
7 0.0075 0.004
7 2.82 2.8947
5 0.8025 0.692
7 1.935 1.7663
7 0.4275 0.4542
6 0.21 0.222
4 0.1125 0.1263
7 2.76 2.7493
4 0.78 1.5102
7 2.0025 1.6168
7 0.3075 0.3017
7 0.015 1.2786
7 0.0375 0.0852
7 0.5925 0.6994
5 1.6875 1.6947
5 1.365 1.1623
5 1.305 2.0731
5 1.83 1.9429
4 2.4675 2.1283
7 2.3775 2.4405
7 1.47 1.5588
6 0.3 0.3998
6 2.4975 2.3882
6 2.49 2.3544
4 1.4925 0.9297
6 1.4175 1.7754
7 2.5725 2.6953
4 2.37 2.1903
4 2.6025 2.472
4 1.365 1.7154
6 2.1825 1.9694
4 2.115 1.8011
6 2.955 2.9175
5 0.8925 1.4614
5 0.045 0.032
5 1.635 1.11
7 1.4175 0.9862
4 1.485 2.1358
6 0.3075 0.3376
4 0.93 0.6699
6 1.11 1.8118
5 2.0625 2.0672
4 1.035 0.621
5 0.1125 0.0287
7 1.635 1.6559
5 0.225 0.2687
5 2.4375 2.3264
4 1.29 2.0206
6 0.405 0.5103
5 1.1175 1.4772
7 1.53 1.3972
4 1.5975 0.8948
7 2.28 2.321
6 0.885 1.0557
6 2.52 2.5498
5 0.285 0.2984
6 1.98 1.8966
5 0.5325 0.7785
4 2.4675 2.5908
5 0.5925 0.6815
6 1.7175 1.6608
5 2.1825 2.1492
6 0.345 0.4577
4 1.0275 1.0912
5 0.84 1.2719
4 2.505 2.3532
5 1.2225 1.4436
6 0.405 0.3089
6 0.495 0.4383
4 1.7475 1.7564
6 1.3725 1.436
7 2.34 2.2523
7 1.8 1.8421
4 1.83 0.8196
6 1.5225 1.7719
7 0.825 0.8737
4 0.66 0.9384
7 1.8675 1.6929
6 2.4225 2.5339
7 1.155 1.2796
7 1.785 2.0362
6 2.535 2.4326
7 2.0475 1.9726
4 0.735 1.3869
5 1.8675 1.5844
4 0.8325 0.9357
6 1.2375 1.5416
4 2.895 2.8948
6 1.5075 1.772
6 1.6275 1.7325
4 2.0775 1.5978
6 0.9225 1.2551
4 0.84 1.1651
5 1.1175 0.8053
5 0.585 0.5234
6 1.3575 1.6459
7 2.9775 2.9258
6 1.0425 1.0713
7 0.7725 0.829
5 0.33 0.3119
5 2.1375 1.8141
7 0.75 0.782
4 1.365 1.0396
4 0.12 0.1943
4 0.66 0.6238
5 2.8575 2.7073
7 0.3975 0.2817
5 0.645 0.7119
5 0.0225 -0.0065
7 2.1675 2.0295
7 1.9725 2.041
5 2.0175 2.3216
6 0.555 0.5923
6 2.7 2.6596
5 1.62 1.4356
5 0.255 0.1421
5 2.28 1.9484
5 2.445 2.5923
6 0.9675 0.7424
4 0.3825 0.5935
7 2.0625 1.9182
7 2.5725 2.5817
6 1.7475 1.6291
6 0.3675 0.4438
6 0.945 1.0803
5 2.535 2.5308
6 0.945 1.4056
6 2.25 2.1682
7 2.145 2.0165
5 1.3425 1.9194
7 1.29 1.4355
7 1.8975 2.0197
6 2.1525 2.0775
6 1.05 0.7869
7 2.9625 2.874
6 0.7725 0.7909
6 0.3225 0.2859
7 0.7575 0.8829
4 1.9575 1.2619
5 0.2475 0.0036
4 0.8175 1.1662
5 0.9 0.8019
7 1.035 1.2509
5 0.1875 0.0915
5 1.725 1.8276
6 2.46 2.3481
5 0.2325 0.3256
7 2.9175 2.9155
4 0.495 0.7299
4 2.9175 2.8205
4 0.555 0.7241
5 2.025 1.4135
7 2.37 2.3142
4 2.1525 1.8702
6 2.805 2.7713
6 1.725 1.8107
6 2.745 2.6655
5 0.39 0.1769
4 2.7975 2.8163
4 1.5225 2.2055
7 2.79 2.8486
6 0.0075 0.06
7 2.1975 2.3427
7 1.8 1.8397
6 0.7125 0.6608
4 1.4775 2.0008
5 1.3125 1.5
7 0.615 0.6845
6 0.24 0.1887
4 2.175 1.4025
7 0.405 0.3625
5 2.82 2.9611
7 0.285 0.2228
4 2.385 1.8422
5 1.215 0.8656
5 1.11 0.9297
5 0.0975 0.125
7 2.25 2.2599
6 0.075 0.1452
7 2.9325 2.9515
7 1.335 1.6366
5 1.7775 2.1113
6 2.0325 1.5052
4 2.7825 2.8458
7 1.2975 1.507
7 2.1225 1.98
4 1.4175 1.4456
7 0.7275 0.7154
7 1.7475 1.6817
7 0.36 0.4341
4 0.615 1.0692
6 2.4975 2.4522
5 0.39 0.4992
4 2.4525 2.5705
6 0.5025 0.4879
4 2.625 2.6303
4 2.7825 2.7824
5 1.8 1.2248
7 1.125 1.0985
6 1.155 1.6763
7 2.1975 2.2744
5 2.145 1.5045
5 2.7 2.712
5 2.73 2.7718
5 0.9 0.9394
6 0.2625 0.2002
6 1.6875 1.4376
4 2.1675 1.7418
6 0.9075 1.123
4 2.9925 2.7579
4 1.395 1.4535
5 0.06 0.0591
6 0.0225 0.0644
6 2.205 2.2022
5 1.0125 1.1404
5 2.0925 1.7734
4 2.805 2.7264
5 1.3875 1.7249
7 2.8125 2.8763
7 0.36 0.3515
6 1.395 1.0642
7 0.27 0.224
6 0.36 0.3032
5 0.945 0.8366
7 0.9375 1.3
5 0.015 0.0528
6 2.655 2.7088
5 2.235 2.6141
6 0.87 1.0376
4 0.6225 0.5939
6 2.0025 1.4633
6 1.35 1.4228
5 1.4325 1.7534
5 1.7625 1.4526
5 0.7125 0.953
5 0.54 0.5188
4 0.675 1.2368
7 2.6775 2.7034
6 0.465 0.4446
6 2.355 2.3784
7 1.38 1.423
4 0.69 0.6765
5 0.405 0.4342
6 2.61 2.4885
6 1.035 1.1652
4 0.885 0.6523
7 1.8075 1.3192
5 0.465 0.6313
6 1.86 1.8858
5 2.535 2.3919
5 0.8025 0.6609
5 2.1 1.6662
4 1.7025 1.4151
6 2.595 2.622
6 2.46 2.447
7 2.2425 2.3503
7 0.9675 1.2517
7 1.2975 1.5026
7 0.2625 0.2806
7 0.3975 0.4475
7 1.065 1.2807
7 0.5625 0.5654
6 1.665 1.8592
5 2.8125 2.8912
6 0.615 0.7193
5 2.85 2.8858
5 2.46 2.4587
5 1.9125 1.8132
6 1.8525 1.6055
6 1.77 1.8228
4 0.8475 1.7985
7 2.7225 2.7199
5 0.0075 0.2055
7 2.8725 2.9331
6 1.2075 1.571
6 1.3575 1.7189
4 1.0125 0.9541
7 2.1 2.0616
4 0.3825 0.3864
6 2.025 2.1649
6 1.8675 1.6144
7 2.37 2.445
7 0.945 0.8454
5 2.325 2.3625
6 0.7875 0.8856
7 0.4875 0.5171
6 0.9975 1.0676
5 1.4475 1.97
5 2.595 2.5936
5 2.55 2.661
4 0.63 0.5939
7 0.015 0.0103
4 0.1875 0.4319
4 1.3575 1.8427
6 0.6675 0.5619
5 2.2275 1.8423
5 1.935 1.9593
4 1.8225 1.7409
7 1.4625 1.1509
6 1.71 1.5111
6 0.36 0.5176
6 2.8575 2.9078
7 1.575 1.4702
6 1.1025 1.3083
6 2.745 2.7891
7 1.3425 1.7366
6 0.4425 0.6056
4 1.3125 1.1075
5 2.07 1.7907
6 0.0075 0.1706
7 0.7425 0.7416
4 1.965 2.3203
5 2.04 1.4361
5 0.42 0.4686
5 1.77 2.1656
7 2.0025 2.0544
5 2.4 2.3685
7 1.185 1.1309
5 2.91 2.8248
4 0.3825 0.8793
7 2.1075 2.0371
7 1.26 1.5995
4 1.3875 1.3928
5 1.86 2.1415
4 0.69 0.8558
5 0.1125 0.2517
6 1.7325 1.8695
4 0.81 1.1927
6 1.6425 1.4836
5 1.32 1.2441
5 2.325 2.5539
4 2.07 2.4662
4 0.9225 0.7287
6 2.7525 2.761
4 0.975 1.2887
4 2.3175 2.3214
7 2.28 2.3345
4 2.895 2.6803
6 2.67 2.6042
7 2.22 2.1788
4 2.8725 2.8645
6 2.2275 2.0592
5 0.765 0.9572
5 1.14 1.6129
5 2.0175 1.5099
5 1.3875 0.8299
4 2.3625 2.201
5 2.31 1.6305
4 1.035 0.8058
6 1.725 1.0243
5 1.5975 1.981
7 1.605 1.4854
4 0.51 0.3645
7 1.065 1.5882
5 1.6425 1.9756
6 2.385 2.5216
4 2.4225 2.6811
5 2.0325 1.9985
7 2.5275 2.5635
4 2.1375 1.692
5 2.25 2.0427
7 1.1775 1.2329
5 1.9875 1.5711
6 0.51 0.4327
7 1.08 1.2787
6 1.3575 1.2003
4 0.435 0.625
4 2.355 1.814
6 1.185 1.383
7 1.6425 1.7582
6 1.32 1.4569
5 0.045 0.0387
5 2.4675 2.5569
7 0.915 1.2519
4 1.86 1.9818
6 2.79 2.6706
4 0.7275 0.4709
6 1.0875 1.4975
4 2.265 1.928
4 0.36 0.314
6 1.245 1.1541
7 2.6175 2.5313
5 0.15 0.1149
4 1.1475 1.5421
7 2.985 2.9759
4 0.8025 1.3812
5 0.9 0.9302
4 2.955 2.8527
6 0.855 0.8311
5 0.4725 0.5561
4 0.51 0.6855
6 1.7775 1.9116
4 2.9175 2.8802
5 1.2 1.3204
7 2.07 2.0699
4 0.525 0.7086
5 1.545 0.8113
4 0.945 0.7714
7 0.84 0.8173
7 2.1225 2.16
5 2.1 2.2697
6 1.755 2.0953
7 2.76 2.7965
6 1.035 1.2799
6 1.5375 1.1409
5 1.05 1.2997
4 0.1875 0.1024
4 1.68 1.0234
6 2.205 2.2882
5 1.245 1.2447
4 2.4075 2.3129
5 2.1675 2.2376
4 1.05 1.0925
7 2.685 2.5635
6 0.54 0.5284
4 0.6825 0.7589
6 0.72 0.657
7 2.985 2.971
4 2.385 1.9889
5 0.2625 0.2863
7 0.45 0.4551
5 2.415 2.4916
7 0.0225 0.0046
7 2.5275 2.5435
6 2.61 2.4922
4 1.9575 2.3262
5 1.6575 1.4806
4 2.6475 2.1672
4 0.5475 0.8209
7 1.0575 1.117
7 2.52 2.5531
4 2.7825 2.5758
5 2.4525 2.0299
4 2.865 2.9872
6 0.4275 0.6543
7 0.33 0.3536
4 2.31 2.0907
4 0.9825 1.125
7 1.2675 1.2859
4 0.4275 0.7811
6 1.77 1.6081
4 2.3475 2.0767
4 0.0825 0.0429
4 2.4 2.5294
5 2.9025 2.7359
5 1.2375 1.3793
5 1.215 0.7916
5 0.675 0.84
6 0.4125 0.3837
5 0.3675 0.3683
7 1.7625 1.4874
7 1.9875 1.9327
4 1.59 1.2858
6 1.275 1.404
4 2.2725 2.441
7 0.5025 0.4959
4 0.4275 1.5157
6 0.0975 0.0452
5 1.35 0.9149
5 0.8025 1.068
6 1.5375 1.6585
5 0.4575 0.4963
7 0.3675 1.3463
7 2.4 2.5047
4 1.4775 1.4568
7 2.64 2.6067
4 0.8775 1.009
5 2.01 2.3878
5 2.4225 2.7127
6 0.6975 0.7884
7 2.8875 2.826
7 0.78 0.8851
6 0.8775 0.7992
6 2.6475 2.676
7 0.8625 0.9731
5 1.5675 1.7433
6 2.7 2.6862
6 1.0575 0.9905
5 1.4925 2.0535
4 0.9525 1.4235
7 0.2025 0.1542
4 2.715 2.6398
6 1.665 1.9477
4 1.53 0.6774
4 0.6525 1.4848
7 0.8775 0.6832
6 0.255 0.2374
6 0.945 1.0198
7 1.3275 1.6288
5 2.49 2.4488
5 1.7175 1.8568
6 2.37 2.2865
6 0.6675 0.7712
4 2.3175 1.67
4 2.0925 1.6192
5 1.35 0.9145
5 1.155 0.8375
5 2.265 1.9341
4 1.035 0.7981
6 2.6025 2.5458
4 0.57 1.248
6 1.17 1.3339
6 1.8975 2.0475
6 0.555 0.6428
5 0.57 0.6945
7 0.3 0.3544
5 0.1125 0.0741
7 1.17 1.3946
4 2.49 2.3577
6 0.435 0.4339
5 2.475 2.3457
7 1.635 1.616
4 1.725 1.8907
4 0.3675 1.0397
4 0.09 0.2407
4 2.5425 2.2756
4 2.9325 2.7428
7 1.575 1.4074
5 1.095 1.6235
7 2.4375 2.4636
5 2.085 2.1389
7 0.1575 0.18
6 2.025 1.9381
5 0.99 1.2813
4 1.695 1.5625
7 2.415 2.4727
7 0.3825 0.4553
5 0.615 0.9462
4 2.9775 2.8089
6 2.61 2.5676
5 1.86 1.2087
7 2.445 2.3551
4 1.9575 1.0367
4 1.02 1.6322
4 2.7525 2.8508
7 1.1175 0.9808
4 2.1675 1.8438
7 1.17 1.0952
6 0.8775 0.9252
4 2.7375 2.3184
5 2.595 2.7603
4 2.3175 2.2977
4 1.215 0.8335
4 0.7275 0.3366
4 2.2125 2.01
7 0.2925 0.2356
6 2.895 2.8985
6 1.56 1.6507
5 1.8525 1.5734
7 1.1925 1.1717
5 2.8425 2.8344
6 0.45 0.4367
5 1.98 1.5816
6 0.8175 0.9684
7 0.75 0.6528
7 1.1625 1.0498
6 2.5725 2.5487
4 0.9525 1.4529
6 1.71 1.7639
5 0.3225 0.2845
7 1.455 1.5523
4 0.8625 1.2266
4 1.1625 1.4666
4 0.915 1.3085
6 1.785 1.846
7 2.025 2.0152
4 2.4675 2.2995
4 1.605 2.049
5 0.06 0.0732
4 1.4325 1.8779
4 2.6175 2.4907
4 0.075 0.1972
5 0.6075 0.9255
7 1.68 1.5207
4 2.34 2.5981
4 2.175 2.4394
6 1.1775 1.4492
7 2.5275 2.4925
7 1.7325 1.6336
5 2.49 2.1899
4 0.48 1.0091
7 2.22 2.1821
6 1.8825 1.5074
7 1.545 1.2327
5 1.0575 1.0669
6 1.7775 1.5985
7 1.125 1.1295
7 0.81 0.937
6 0.2625 0.2038
4 0.105 0.1799
7 2.28 2.187
7 2.8125 2.8451
7 2.2275 2.1553
4 2.0925 2.1268
7 0.5325 0.5898
5 0.54 0.5751
5 1.125 1.3896
4 2.715 2.8101
7 1.9875 1.9122
7 1.455 1.7763
5 2.985 2.8526
7 1.155 1.2758
5 0.57 0.7035
4 2.1375 2.2101
4 2.7525 2.6561
5 0.27 0.504
7 1.845 1.6105
4 2.4375 2.4932
4 1.725 1.958
7 2.01 1.6916
5 0.9225 0.6727
5 2.1675 2.0112
7 2.3175 2.2158
4 1.92 0.9767
6 2.3925 2.3037
4 2.505 2.5144
4 2.985 2.9634
4 1.485 1.5628
7 0.7275 0.8494
4 2.625 2.8477
6 0.465 0.6005
7 1.305 1.4927
7 0.1575 0.2383
6 2.79 2.765
4 0.51 0.6532
4 0.855 0.5787
5 0.1275 0.3067
6 1.125 1.3734
6 2.295 2.3813
7 1.155 1.2883
6 0.7725 1.2362
6 1.5975 1.615
4 2.8275 2.7458
6 0.69 0.621
6 0.525 0.4402
7 1.1775 1.0715
7 1.1925 1.6319
7 1.2525 1.3034
5 0.0375 0.2109
6 2.3175 2.5576
7 0.195 0.1975
6 0.57 0.6225
6 0.2775 0.4734
6 2.325 2.3103
5 0.375 0.5445
7 1.6725 1.4903
5 2.85 2.8662
6 0.9225 1.2708
7 1.3275 1.0399
5 1.1325 1.1275
6 0.0225 0.068
7 1.8 1.8855
5 1.62 1.3875
4 0.495 0.6368
6 0.6525 0.7974
6 0.63 0.5014
4 1.47 1.363
4 2.325 2.2573
5 2.5275 2.6715
7 1.0425 1.0888
5 1.26 0.5166
5 0.2925 0.3765
5 2.04 1.0138
5 0.48 0.6532
6 0.3825 0.2908
5 2.13 1.6225
6 2.58 2.7564
4 2.4975 2.4162
6 0.195 0.0745
4 2.1 2.131
7 2.175 2.1697
7 1.2 1.0681
5 0.5175 0.4783
4 1.0575 1.7081
7 1.665 1.9821
5 0.1875 0.1635
5 2.8575 2.8668
4 1.0575 0.7957
6 0.5325 0.5809
6 2.76 2.7269
6 2.715 2.7058
4 0.9525 2.0642
4 1.92 1.6102
4 1.7325 1.0442
7 2.22 2.2041
6 0.9825 1.2096
5 2.61 2.6182
7 2.9625 2.909
6 2.7075 2.7035
4 0.5325 0.337
5 2.8575 2.981
7 1.7625 1.9526
7 1.3575 1.2469
6 2.7375 2.7148
5 0.495 0.6546
6 2.9625 2.8316
6 2.31 2.242
7 0.5775 0.4199
5 1.5975 1.4514
5 1.3725 1.5145
4 2.3325 2.1132
6 2.0475 1.9606
4 1.8825 2.2216
4 0.1125 0.182
6 2.445 2.3909
4 2.985 2.8264
7 0.45 0.4787
5 2.85 2.7813
6 2.7975 2.7708
5 2.895 2.8696
4 1.89 1.4523
6 0.6 0.5549
4 0.1275 0.1033
6 1.3875 1.9326
6 1.1475 1.3467
5 1.1475 1.5174
6 2.7525 2.7238
4 2.52 2.4751
6 2.7225 2.6805
5 1.17 1.8578
5 1.26 1.7434
7 2.235 2.1725
6 0.09 0.0418
6 1.395 1.8402
7 1.32 1.3676
6 2.565 2.6662
7 0.42 0.4338
5 2.88 2.8501
6 1.2975 1.4025
4 0.6 0.4981
5 2.055 1.9189
7 2.295 2.3822
5 1.9875 1.8178
7 0.4425 0.4343
7 2.8125 2.8191
4 0.015 0.1641
4 1.6125 2.0788
6 2.9325 2.9267
7 1.1475 1.2007
7 0.645 0.7107
6 2.625 2.6103
7 0.045 0.0646
6 2.0025 2.1854
6 0.915 0.8351
6 2.0475 2.0316
7 0.03 0.0605
7 0.4725 0.4784
4 0.285 0.3216
7 0.6975 0.7418
5 1.8225 1.1914
5 1.7925 1.6052
6 1.4475 1.3657
5 1.3725 1.6431
6 2.8725 2.7522
6 2.7375 2.6769
7 1.14 1.2365
7 2.1075 2.1321
5 0.06 0.1417
6 1.8075 1.751
7 1.455 1.4668
7 0.24 0.2522
5 0.0675 0.0867
5 0.9225 1.4028
6 0.0975 0.0326
6 2.745 2.7703
4 1.635 2.1284
4 2.19 2.3346
4 1.8 2.2851
4 2.2125 1.8181
4 1.6575 2.0739
5 2.145 2.0953
6 1.5525 1.2608
4 2.9775 2.8636
7 2.6325 2.5459
6 1.44 1.3357
5 2.61 2.4859
4 2.8725 2.7703
5 0.3 0.1458
7 1.0425 1.2664
5 2.0775 2.0979
7 0.285 0.2711
6 1.7025 1.2387
5 0.2775 0.3697
7 2.28 2.1684
5 0.75 1.3692
4 1.605 1.1558
7 2.73 2.7863
6 1.41 1.4066
6 2.7 2.7743
5 1.7925 1.933
5 1.755 1.2894
6 1.32 1.5758
5 0.0825 -0.0047
6 0.81 1.1471
5 2.19 2.0951
6 1.6275 1.1479
4 2.91 2.888
6 1.3575 1.0042
7 1.77 1.5248
5 1.695 1.4314
6 2.79 2.8676
6 1.4175 1.3343
4 1.065 0.7957
6 1.2225 0.9888
5 0.84 1.6304
5 2.0175 1.4936
5 2.1 1.3957
7 2.775 2.7619
6 2.07 1.724
5 1.9575 1.6077
5 0.0675 0.2311
7 1.2825 1.0315
7 0.9975 1.0588
5 2.9175 2.8862
4 2.25 1.9609
4 1.695 1.5974
6 2.2125 2.0245
7 2.685 2.7377
6 1.5525 1.551
6 2.3625 2.2967
7 1.8 1.6111
5 2.8875 2.8915
7 2.415 2.4443
7 1.845 1.7699
5 1.155 1.2875
6 2.7375 2.658
6 2.9925 2.9505
4 1.3425 2.049
7 0.7425 0.8063
4 1.7925 1.2862
7 1.1325 1.1901
4 1.1325 1.3843
6 0.9375 0.9447
5 0.6075 0.6113
5 2.4225 2.0471
4 1.1175 1.3401
7 1.245 1.5523
4 1.32 1.2035
6 2.625 2.5075
7 2.73 2.7702
7 2.37 2.3598
6 0.705 0.8616
5 2.7075 2.6462
6 2.9325 2.9869
7 2.73 2.6469
7 1.7175 1.6124
5 1.59 1.225
6 2.2275 2.3139
6 2.7 2.6905
5 1.185 1.3326
7 0.4275 0.4152
5 2.64 2.7489
7 0.1125 0.0492
4 1.4175 2.4074
7 2.52 2.4928
7 2.025 1.8275
4 0.0075 0.1667
4 2.2125 1.5546
6 0.855 1.4258
7 1.995 2.2337
7 0.915 1.0584
6 0.87 0.587
6 1.9725 1.502
5 2.7525 2.8521
7 0.72 0.759
7 0.765 0.7395
6 1.62 1.5824
5 0.615 0.9747
6 2.2275 2.027
4 2.2575 1.6731
6 2.6625 2.5907
4 1.5975 1.2429
4 2.16 0.8735
6 0.27 0.3345
6 0.4875 0.4754
7 2.6175 2.5524
6 2.385 2.3536
4 0.75 0.8651
5 2.6475 2.6673
6 0.375 0.279
6 0.0375 0.0324
4 0.06 0.1152
5 2.685 2.8437
4 0.3825 0.2559
7 0.2475 0.2975
5 0.8775 0.847
5 2.805 2.9095
6 2.9325 2.9074
5 2.415 2.4487
4 2.9625 2.8559
5 1.7625 0.847
4 0.4725 0.5614
7 0.0975 0.1647
5 1.935 1.2554
4 1.905 1.749
7 0.0375 0.0934
6 0.09 0.0922
7 0.96 1.0808
7 2.85 2.8474
5 1.0125 1.441
6 1.9425 1.7227
7 0.9 0.9227
5 1.995 1.8077
6 0.735 0.7853
6 0.24 0.0834
4 0.8775 1.4233
4 2.685 2.5674
5 0.5475 0.659
6 0.0975 0.0622
5 1.98 1.038
6 1.1625 1.3824
5 2.0325 1.5327
5 2.73 2.8377
4 1.5375 1.141
4 1.65 2.1043
6 2.355 2.2484
5 1.4775 1.3801
4 1.1775 1.8525
5 1.7625 1.5094
4 1.2525 1.3268
4 1.875 1.2222
6 2.8575 2.7753
5 0.9375 1.0309
6 1.2225 1.4714
7 0.45 0.4541
5 0.915 0.9889
7 0.3975 0.3528
4 1.9275 1.1918
7 0.72 0.7205
4 1.2375 2.255
4 1.8225 2.0742
6 1.68 1.5537
4 2.16 2.3568
5 2.7975 2.5891
6 2.4 2.1569
4 0.0975 0.1771
5 2.16 2.2975
6 1.2225 1.478
5 1.575 1.6191
6 2.6175 2.7062
7 1.1025 1.0563
5 1.2 1.643
4 1.635 1.6074
5 0.5175 0.6518
7 1.1625 1.1451
5 0.9525 1.466
6 2.2275 2.1448
4 1.9875 1.6658
6 0.1575 0.2622
5 1.665 1.312
5 2.385 2.2289
7 1.23 1.3382
4 1.635 1.0012
4 2.055 2.6047
5 0.195 0.0614
7 2.0025 1.8821
4 1.1175 0.8893
5 0.015 0.1444
5 0.42 0.4374
7 2.025 2.1109
5 2.595 2.74
5 2.9625 3.001
4 2.685 2.487
4 0.435 0.5684
5 1.065 0.8841
4 2.295 1.6845
4 2.715 2.9493
7 0.36 0.423
4 2.2425 1.4857
5 2.4675 2.4929
7 0.33 0.2516
7 0.345 0.3959
5 1.14 1.9139
7 1.5975 1.5839
6 1.9425 1.8283
7 1.905 1.7388
6 0.1725 0.2432
4 0.105 0.3351
4 1.6125 1.4535
6 2.55 2.5684
6 2.76 2.7237
6 1.0725 1.4454
6 1.725 1.4816
6 1.7925 1.8683
5 0.57 0.5296
4 1.965 1.5397
7 2.5425 2.5931
6 1.71 1.4551
4 1.6725 2.0065
7 1.155 1.1606
4 2.0925 1.451
7 2.5125 2.5057
7 0.3225 0.3636
7 2.895 2.9181
4 1.4925 1.3257
6 0.6375 0.7959
7 0.63 0.8084
6 1.77 1.622
7 2.475 2.5083
4 1.02 1.1473
4 0.615 0.4176
5 1.545 1.6358
4 2.3625 2.1271
6 2.4 2.3985
5 0.3375 0.1642
5 2.5425 2.5775
4 1.0125 0.9496
5 1.035 2.0396
6 2.37 2.2257
5 2.46 2.3889
5 0.0975 0.0947
4 0.375 0.4929
5 2.04 2.0367
4 0.0975 0.0909
6 0.8775 0.7918
4 2.235 1.9573
7 2.3175 2.3308
4 0.2475 0.1629
7 1.905 1.9925
6 2.655 2.5951
4 1.695 1.0654
4 0.3375 0.1707
4 2.58 2.3432
7 1.7175 1.7916
4 0.8625 0.481
4 1.32 1.446
7 0.765 0.6846
7 1.6125 1.7714
4 1.815 1.3049
6 2.595 2.5793
5 1.635 1.0624
7 1.605 1.6771
5 2.85 2.7853
4 1.8375 1.7928
6 1.335 1.2931
5 2.67 2.4092
4 1.7175 1.0637
4 0.4425 0.7125
7 1.065 1.0815
7 0.7275 0.8092
5 0.9825 1.4405
5 1.44 1.723
6 0.2625 0.2015
5 1.6725 2.2104
4 1.8 1.6211
6 1.3725 1.2957
5 1.5525 1.6692
6 0.8775 0.7986
4 0.675 0.9328
7 0.675 0.6972
4 2.745 2.2458
5 1.0875 1.4914
6 0.5175 0.4877
5 2.1225 1.9961
6 0.7725 0.7296
4 0.5025 0.5676
7 0.6675 0.7268
7 2.8425 2.8058
4 1.5075 2.3304
4 1.0275 0.8854
4 0.36 0.2939
7 2.79 2.7773
7 2.6625 2.6724
7 1.9425 2.025
5 0.5625 0.6625
7 0.0825 0.0489
6 2.3175 2.2672
4 2.9175 2.8407
6 1.4025 1.5972
7 0.585 0.7863
4 0.0975 0.1663
5 1.8075 1.8903
6 2.3775 2.6126
7 0.21 0.2975
5 1.1925 1.0646
6 0.7575 0.6193
6 0.9 0.8736
4 1.2 1.6637
6 0.39 0.4268
4 1.2525 0.6682
6 1.92 1.3043
6 1.6425 1.4586
6 2.9025 2.7873
6 2.9775 2.9802
4 2.3925 2.468
4 0.3975 0.0733
5 0.015 0.1137
5 2.7075 2.6691
4 0.3 0.4893
6 0.84 1.0039
5 0.03 0.1054
5 1.1025 1.0451
4 2.2875 0.9864
4 0.45 0.2662
7 1.095 1.3799
6 1.71 1.5957
6 1.035 0.946
5 0.3075 0.2088
5 1.5 0.73
4 0.195 0.1532
5 0.915 0.8474
4 2.31 2.3989
7 2.3925 2.3498
6 1.4025 1.5604
6 1.6275 1.4625
7 1.89 1.7539
5 0.1275 0.1916
6 2.1075 1.6639
4 1.05 1.007
4 1.4025 1.903
7 0.0675 0.1734
7 0.93 0.8084
5 0.7725 0.6388
7 0.93 0.8627
5 1.11 1.091
6 0.0975 0.0407
5 2.7525 2.7309
7 0.285 0.2797
4 2.4075 2.2395
7 1.725 1.5226
4 2.52 2.4816
4 1.5075 1.5688
7 1.635 1.7384
6 1.485 2.0833
7 0.3225 0.4258
4 1.9125 2.3919
6 1.0125 0.8606
5 0.5775 0.4704
5 2.3925 2.2744
4 2.4075 1.6765
5 0.9225 1.8035
6 1.275 1.7542
4 2.5275 1.6086
4 1.6275 1.9336
5 0.03 0.0793
7 2.4525 2.4531
7 1.695 1.6352
6 1.455 1.4386
4 2.07 1.2372
5 2.9775 2.8605
7 1.5375 1.3175
5 0.0975 0.0448
4 2.0475 2.0562
4 1.47 1.6543
6 1.62 1.2515
5 1.5525 1.9999
5 2.055 1.9433
4 0.315 0.7781
7 1.05 1.0913
5 2.7 2.6731
5 1.8675 1.7925
5 2.3775 2.5494
4 2.7225 2.6214
5 0.645 0.7014
6 1.665 1.8004
7 1.275 1.2089
5 0.0075 0.1121
4 2.46 2.5132
6 2.7225 2.8201
7 2.5425 2.4176
7 2.16 2.2311
7 0.9075 0.9718
6 2.175 1.9988
4 1.6275 1.5614
7 0.8925 0.6802
5 0.8025 0.5693
5 2.505 2.53
6 1.155 1.0681
4 0.8025 1.0101
5 1.245 1.8527
4 0.6975 0.7066
6 1.83 1.5475
7 2.28 2.2862
5 1.3575 1.0756
5 2.8275 2.8189
4 2.0175 1.7604
4 0.6525 0.6576
4 2.19 2.0881
6 0.4125 0.4767
6 1.605 1.6147
7 0.825 0.9054
7 1.575 1.4748
6 0.0525 0.1573
5 0.3075 0.2866
5 2.8125 2.5568
6 2.7825 2.8216
4 0.7725 0.9307
7 2.61 2.5532
6 0.825 1.203
6 1.62 1.8747
4 2.925 2.8473
7 0.6825 0.8116
5 0.015 -0.0273
5 1.6575 1.5571
4 0.915 2.4611
7 2.9325 3.0414
5 1.6725 1.7235
6 1.5225 1.4139
5 0.9 0.8431
7 2.5275 2.5046
5 0.54 0.5583
5 2.4975 2.5437
4 2.6025 2.4454
4 0.8475 1.2077
7 0.93 0.9407
4 2.115 1.8318
5 0.1125 0.1753
6 1.665 1.4603
4 1.3875 0.9273
5 1.9425 2.0447
7 2.0475 1.9275
6 0.75 0.8666
7 1.05 1.1154
7 1.02 1.0164
5 1.2225 1.4168
7 1.68 2.0153
4 0.555 0.717
7 2.76 2.7537
6 2.88 2.861
4 2.055 0.9923
4 0.0525 0.246
4 1.26 1.2476
7 2.16 2.2718
4 2.5725 2.8287
7 2.625 2.5194
6 1.7025 1.2484
6 1.9725 2.2079
5 0.4725 0.5063
6 0.9525 0.999
4 2.04 1.5886
5 0.405 0.4925
5 1.86 1.5539
6 0.27 0.233
7 2.055 2.3407
6 1.5975 1.5001
5 2.0625 1.9517
4 1.3275 0.9072
5 1.6725 1.3989
7 1.485 1.5015
4 2.355 2.2192
6 2.9325 2.9369
4 0.8025 0.9932
6 0.15 0.1361
6 1.2975 1.62
5 1.125 1.4349
4 1.71 1.5551
5 0.21 0.0118
6 2.235 2.1775
6 0.0375 0.0459
6 0.555 0.6654
4 1.3725 1.2434
7 1.59 1.4965
5 0.705 0.7886
7 0.8475 0.8857
5 1.3875 1.1495
4 1.665 1.2537
4 1.815 2.2646
7 1.215 1.3881
4 1.815 1.3403
7 2.9025 2.902
4 2.3625 1.5001
5 1.6575 2.3572
6 0.9075 1.0663
5 2.19 2.462
5 2.2725 2.1961
6 0.975 0.8851
6 2.7525 2.7779
7 2.79 2.734
6 0.4875 0.5211
4 0.135 0.4387
6 2.3775 2.3027
4 2.0325 1.8461
5 0.135 0.1038
5 2.7975 2.6869
6 1.065 1.5416
4 2.8425 2.8219
6 0.4575 0.3903
4 2.2725 1.7137
7 1.05 0.9445
5 2.5425 2.2949
6 2.5275 2.4751
6 2.7 2.657
4 1.98 1.7604
6 1.8975 1.5046
6 1.35 1.4936
7 2.3625 2.2272
7 1.08 1.1468
7 2.97 2.9862
7 0.015 0.0297
7 2.3475 2.2615
6 2.5575 2.5347
5 0.96 0.964
7 0.5025 0.5467
5 2.325 2.2233
5 1.7325 1.691
4 0.24 0.1561
4 1.0875 0.9303
7 0.0225 0.0577
4 2.2275 1.7401
5 2.985 2.8609
5 0.9675 1.031
4 2.4675 2.5416
4 0.795 0.7761
4 2.1525 2.2
5 1.6425 2.0945
6 2.2425 2.0725
7 1.875 1.7873
6 1.77 1.7173
6 1.3725 1.1446
5 2.595 2.5772
6 0.57 0.646
5 2.9625 2.8859
5 0.4425 0.3
4 0.6 0.9006
7 1.815 1.5871
4 0.99 1.8325
4 2.7675 2.62
5 0.495 0.5073
7 2.94 2.993
7 0.9975 0.8753
4 2.955 2.8536
5 0.1425 0.3453
7 1.05 1.5675
7 1.0575 1.4775
4 0.7425 1.6357
5 2.2575 2.1926
4 2.145 2.0634
7 1.0575 0.9455
6 2.895 2.8002
6 0.54 0.5589
6 0.915 1.2469
5 0.0 -0.015
6 0.7275 0.8225
4 1.9425 1.5295
7 1.455 1.6137
5 2.115 2.4492
4 1.935 1.5393
4 0.1125 0.0985
5 1.8075 2.0125
6 0.8925 1.3898
4 2.505 1.9308
6 0.33 0.3983
5 2.6325 2.581
5 1.4025 1.2924
5 1.2675 1.5064
4 2.055 2.1491
7 2.4525 2.4209
5 0.54 0.4922
4 2.9625 2.9068
4 1.545 1.5517
5 0.4125 0.6916
4 0.5025 0.1489
7 0.0525 -0.0415
4 0.5775 0.6241
5 2.85 2.767
5 0.2925 0.1576
7 1.9875 2.0344
6 1.17 1.3534
7 0.615 0.6893
5 2.4 1.8782
6 0.5925 0.5472
4 0.6525 0.4092
4 1.05 1.3522
5 2.1 2.052
4 0.6825 1.0288
6 2.97 2.8997
7 2.91 2.9123
4 0.36 0.3906
4 1.1775 1.735
6 1.4925 1.511
5 1.785 1.4958
4 0.7125 0.9213
7 2.64 2.6527
7 2.22 2.3227
7 0.51 0.3971
4 0.0825 0.2748
6 2.1075 1.9837
5 0.99 1.3118
4 0.735 1.323
7 2.1375 2.073
5 2.5575 2.5478
4 2.5125 2.0365
6 1.005 1.3722
4 2.835 2.5357
7 1.3725 1.378
5 2.46 2.2706
5 0.39 0.3329
6 1.335 1.4007
5 0.87 1.5871
5 1.6875 0.8814
6 2.7075 2.8603
4 2.2425 2.3984
4 2.3175 1.8779
6 1.665 1.4828
5 0.405 0.3018
6 0.1275 0.1106
4 1.0875 1.5225
5 0.0375 0.1332
7 2.5875 2.675
4 0.765 1.0823
4 1.2525 0.9473
7 0.48 0.49
5 1.29 0.8671
6 0.06 0.12
4 0.9075 1.2363
6 0.33 0.192
6 1.44 1.7446
6 0.7275 0.7867
7 0.2325 0.3047
6 2.775 2.7578
5 1.455 1.095
7 2.94 2.9118
5 0.0075 0.0813
7 2.0025 1.9115
7 1.44 1.7194
5 2.97 2.8417
6 2.76 2.7258
7 0.96 1.2976
7 0.6225 0.6877
7 2.5575 2.5406
6 2.6325 2.5423
7 1.0575 1.2138
7 0.9 0.7242
7 0.6075 0.6202
4 1.545 2.3016
7 2.4525 2.5169
4 2.685 2.7703
6 0.1575 0.1618
4 0.87 0.9931
6 1.125 1.8094
5 0.6375 0.7776
4 0.0375 0.0384
7 1.3425 1.6828
5 1.0125 1.0971
6 1.5225 2.0977
5 0.54 0.711
7 2.58 2.7486
6 0.39 0.3209
5 0.06 0.1854
7 1.2825 1.739
7 0.21 0.2183
4 0.8775 1.1008
6 0.495 0.4787
5 0.5175 0.4678
7 2.07 1.8773
4 1.4025 1.2647
7 0.3 0.2284
6 2.745 2.8056
4 0.975 1.0462
7 1.1325 1.3397
7 0.5925 0.536
7 0.015 0.0453
7 0.36 0.3791
6 0.135 0.0916
6 0.5175 0.5055
5 1.53 1.1513
5 1.1025 1.5488
4 2.6175 2.7014
6 0.045 0.0708
5 2.49 2.5382
4 2.0475 1.8156
4 1.6275 2.3449
6 2.175 2.2692
5 1.98 2.1023
4 0.24 0.0933
7 1.71 1.5941
4 0.0825 0.0984
4 1.7925 1.3081
4 1.9875 1.437
5 0.54 0.5296
5 0.78 1.0424
4 2.2575 1.6076
4 2.535 2.8964
4 0.4875 1.0641
6 1.74 1.1593
4 0.54 0.5367
4 1.11 1.4701
7 2.025 2.016
4 1.695 1.9637
7 2.145 2.1956
7 2.07 2.1343
7 0.6225 0.649
6 1.8375 1.6582
5 2.1675 2.1638
5 2.865 2.9629
7 0.4575 0.331
6 1.905 1.1566
7 0.0225 0.0433
4 0.42 0.6568
5 0.06 0.1439
4 2.3925 1.7855
4 2.6625 2.467
5 2.7375 2.853
5 0.0975 0.1211
7 0.735 0.7101
5 2.4825 2.4251
5 0.255 0.2217
5 1.89 1.4881
5 1.44 1.82
6 1.365 1.6449
5 2.31 2.3633
5 1.365 1.1796
4 2.3325 2.4369
7 0.03 -0.0158
4 2.535 2.4364
5 2.8875 2.8189
5 1.3575 1.1391
6 0.27 0.3486
6 2.745 2.8166
4 2.07 1.6038
5 0.945 0.7445
7 1.89 1.6599
7 1.875 1.6734
5 1.845 1.7453
6 1.3725 1.5014
6 0.57 0.5057
4 1.725 1.6994
5 2.9475 2.9619
5 1.2825 1.6408
5 0.825 2.1215
7 0.75 0.7624
5 1.8225 1.3305
4 1.995 1.9814
7 0.33 0.3446
4 2.5125 2.3354
5 2.3475 2.3206
4 0.675 1.306
4 0.975 1.5004
5 2.955 2.8053
7 0.7875 0.7765
5 0.015 0.2898
6 0.7875 1.0112
7 2.7075 2.6639
4 0.39 0.6117
6 2.6925 2.6632
7 0.9 0.8682
4 2.19 1.25
7 2.7975 2.7974
7 1.68 1.4136
6 1.095 1.2554
4 1.5 1.0061
4 0.5475 0.9186
5 1.755 1.1618
5 2.205 1.9501
5 1.035 1.3032
6 0.9825 0.8061
7 2.205 2.2626
4 1.9425 2.0367
5 0.03 0.0927
5 1.605 1.4119
5 2.5875 2.4531
7 1.3725 0.3653
5 2.31 2.3568
7 0.8475 0.9686
6 1.695 1.7351
7 0.0975 0.1188
5 0.5775 0.5738
6 0.6975 0.8565
6 0.12 0.1316
5 1.7175 1.499
6 2.955 2.9469
7 1.1025 1.1205
4 2.2575 1.8452
5 1.185 1.3882
7 1.5075 1.613
5 2.0025 1.888
6 2.4525 2.4333
7 2.9775 3.0116
6 1.9725 1.8388
4 1.44 2.0003
6 2.5725 2.5136
6 2.4525 2.3747
4 2.025 1.61
6 0.5775 0.4753
7 0.15 0.1505
6 0.735 0.8301
4 2.61 2.7614
7 0.72 0.9281
4 2.6625 2.7849
7 0.5325 0.5642
6 2.7675 2.6336
7 0.09 0.1096
6 1.65 1.7655
6 2.235 2.0854
7 1.6425 1.5977
5 1.05 1.6432
5 0.87 1.3225
4 0.36 0.3399
6 2.8875 2.9303
5 2.355 2.1939
6 2.19 1.9262
4 1.5525 2.098
4 1.3725 1.2624
5 0.54 0.483
6 0.045 0.0717
6 0.6825 0.9042
6 1.275 1.9126
6 0.9975 0.9848
5 0.8775 1.4323
5 2.4225 2.1619
7 1.89 1.9228
7 0.06 -0.1253
6 1.17 1.2541
5 1.5675 1.326
5 2.9925 3.0514
7 2.775 2.776
6 0.6 0.788
4 0.6225 0.9554
6 0.6825 0.7306
7 1.785 1.5892
4 2.1675 2.3652
6 1.6425 1.5729
4 1.665 1.4834
6 1.23 1.4697
4 0.165 0.3807
4 0.765 0.5272
4 2.7825 2.7331
4 0.66 1.2467
4 1.98 1.6646
4 0.9 1.4857
7 0.2325 0.2147
4 0.42 0.4166
7 0.585 0.6139
4 2.2575 2.133
6 0.735 0.6924
7 1.1325 1.5123
4 2.3775 1.8866
6 0.69 0.5726
4 1.005 1.6385
5 0.075 0.1339
4 1.665 1.1465
5 0.945 1.5068
6 0.81 0.829
6 1.0875 1.27
5 1.665 1.6816
7 2.145 2.3738
4 2.4375 1.5815
6 0.3675 0.4642
6 1.6575 1.9469
4 2.955 2.8188
5 0.51 0.5273
5 1.65 1.2131
7 1.8975 2.0322
4 2.4075 2.4639
4 2.3925 2.2907
4 2.37 2.437
6 0.8625 0.6986
7 1.6125 1.2589
7 2.3475 2.3399
7 1.17 1.3314
4 1.6875 2.5087
5 2.28 2.2376
7 1.4175 1.239
7 2.3925 2.3845
6 2.79 2.7743
6 0.225 0.2681
6 2.7225 2.84
6 0.9675 0.6709
4 1.1475 1.8137
7 1.7175 1.6823
4 1.395 0.8917
6 1.3575 1.1694
6 1.7175 1.4915
6 1.4475 1.6803
4 0.3975 0.2456
5 0.9825 0.8372
6 2.6925 2.5411
6 0.0675 0.0188
6 0.915 1.1838
6 2.85 2.7857
7 2.7675 2.8763
5 2.13 2.106
6 1.995 2.2266
6 0.4275 0.534
7 0.2325 0.2618
7 1.6575 1.5879
6 1.2525 1.3338
6 1.5375 1.4611
6 2.3025 2.1835
7 2.2275 2.2019
6 2.82 2.8864
4 2.13 1.3965
7 1.5225 1.9392
6 1.02 1.1823
6 0.15 0.1672
6 2.445 2.5271
7 2.805 2.8509
5 1.1175 1.0735
5 1.905 1.8485
7 2.2725 2.2673
5 1.89 1.4392
7 1.4775 1.3786
6 1.7325 1.3829
7 1.785 1.8305
5 0.4275 0.4651
4 0.2025 0.0838
4 2.25 2.2273
5 0.525 0.7671
7 0.495 0.5728
7 1.065 1.245
6 2.0475 1.8309
7 2.1975 2.1159
6 0.555 0.6674
6 0.2325 0.2657
7 2.34 2.3067
4 1.71 0.9224
4 0.915 1.2192
4 1.7025 1.1929
6 2.5575 2.5244
5 2.5725 2.562
6 1.71 1.6006
5 2.5275 2.4608
6 2.1675 1.4476
4 2.49 2.3768
6 0.9 1.4485
7 2.925 2.878
6 0.135 0.038
6 1.995 1.3848
4 2.865 2.881
5 1.4175 1.3033
5 0.825 0.7975
7 1.2375 1.1349
4 0.8175 0.9307
6 0.66 0.6479
6 2.4825 2.5014
4 0.5175 0.4477
4 0.3375 0.4478
6 1.4325 1.2491
4 2.055 2.4516
6 2.0175 1.9723
7 1.4325 1.5993
4 0.0675 0.1426
7 2.775 2.7581
4 1.395 1.6668
7 0.24 0.2449
5 0.045 0.0946
5 1.8075 1.2794
4 0.585 0.4467
4 1.11 1.7163
7 1.425 1.3892
5 1.545 1.8341
6 1.8225 1.5499
4 0.4575 0.8681
4 1.4475 0.8023
5 0.765 1.2933
7 0.825 0.8261
4 1.0725 0.7278
4 0.27 0.468
5 2.295 2.2445
5 0.9525 1.6311
4 1.5975 1.1207
5 0.8625 1.4357
5 1.605 1.2663
7 1.0575 1.0799
6 1.32 1.3223
5 0.2025 0.0806
5 0.975 1.4201
5 1.62 1.6974
5 1.9725 2.1231
4 0.885 0.4871
4 0.465 0.4505
4 1.6725 2.4777
4 1.365 1.59
7 1.68 1.4314
4 0.99 1.3016
4 1.8825 1.6146
7 0.3525 0.3803
6 0.3075 0.2026
7 2.595 2.6683
5 1.4625 1.6252
5 1.995 1.977
6 1.5525 1.6104
5 0.765 0.7387
4 0.2025 0.2724
6 2.31 2.3485
5 2.6925 2.6321
4 1.575 0.7284
6 0.6375 0.678
6 0.69 0.6039
5 2.13 2.2215
7 1.125 1.1343
4 2.7 2.6092
7 2.43 2.3187
5 1.92 1.9209
6 2.9925 2.9537
6 0.45 0.4843
6 1.65 1.5294
6 0.615 0.9182
7 2.1 1.8762
7 2.19 2.3023
4 0.84 0.7885
7 0.7275 0.6392
7 0.78 0.6929
5 0.7125 0.4919
5 1.5075 1.4125
5 2.1825 2.4289
4 1.71 1.8359
6 2.205 2.2595
6 2.3775 2.5604
7 0.9525 1.2958
6 1.8975 1.9276
5 1.605 0.0016
5 2.0025 2.3497
6 0.72 0.8852
4 1.4325 1.4879
4 2.7825 2.8087
6 1.14 1.1654
7 1.635 1.6943
7 1.1775 1.1187
5 1.83 1.2731
7 2.8725 2.9384
6 1.035 1.5427
6 1.7925 2.2248
6 1.4325 1.1659
6 0.5625 0.4593
7 1.4775 1.5828
5 1.335 1.905
4 1.545 0.7987
4 1.9275 1.2923
6 2.985 2.9692
7 1.62 1.8269
4 0.39 0.4311
7 2.9625 2.9486
7 0.3225 0.3562
4 2.445 2.4659
4 1.365 2.1974
7 2.94 3.0742
6 0.0975 0.1284
4 1.0725 1.14
6 1.56 1.5243
7 0.81 0.8544
6 0.435 0.3912
6 2.73 2.7548
4 1.695 0.809
7 1.6575 1.3157
6 2.835 2.7728
6 1.1175 1.1181
4 1.6875 2.408
4 1.8 0.9423
6 2.6925 2.7215
7 1.32 1.5718
7 2.655 2.6826
7 1.98 1.8511
6 2.145 2.2486
5 2.55 2.6602
5 2.7 2.6905
5 0.57 0.7662
4 0.375 0.4574
6 1.635 1.6566
7 2.475 2.5735
7 1.3425 1.4167
7 2.685 2.659
7 1.71 1.7294
6 0.6975 0.9269
7 1.185 1.5952
6 0.9075 0.7071
4 1.5075 1.6697
5 0.105 0.8631
5 0.5625 0.6572
5 1.6875 2.0612
7 0.3825 0.4951
7 0.5175 0.5287
6 2.13 2.0325
5 2.3475 2.2579
4 2.07 1.239
5 1.275 1.146
7 2.7375 2.7295
6 1.9875 1.7565
7 2.9175 2.9367
4 0.825 1.0901
4 2.6625 2.9058
5 2.19 1.8996
5 0.75 0.6649
5 0.8325 0.8628
7 1.8825 1.5858
4 0.675 0.5544
4 1.185 0.9187
4 0.2325 0.1996
4 0.54 1.124
7 2.7825 2.6872
4 1.005 1.5319
5 2.595 2.5097
5 1.1625 1.388
6 1.7475 1.9308
6 2.31 2.3148
6 1.08 0.891
6 2.0025 1.5904
7 2.04 1.861
5 2.5575 2.5322
5 1.215 1.0661
4 2.205 1.9316
4 0.96 0.8886
7 0.36 0.3085
7 1.11 1.3253
6 1.575 1.2998
4 2.4825 2.4881
7 1.5525 1.5546
6 1.005 1.2286
7 1.125 1.3015
7 1.44 1.171
7 0.48 0.3926
4 2.49 2.2689
6 1.5975 1.7557
4 2.49 2.6116
6 0.795 1.0088
5 0.8025 0.8024
7 1.5975 1.3551
5 1.35 1.5178
4 1.935 1.8179
5 2.235 2.1911
7 2.3925 2.5809
4 0.1725 0.2297
4 2.5725 2.3629
5 2.9625 2.939
4 2.2725 1.9473
7 0.39 0.324
6 1.5975 2.0885
6 0.42 0.3064
6 0.7875 1.0287
5 2.85 2.8982
5 2.28 2.3904
6 0.885 1.0495
5 1.905 1.7408
5 1.335 1.2974
6 1.845 1.552
7 2.895 2.8088
4 0.645 0.52
4 2.1075 2.3325
5 2.01 1.4621
6 1.9275 2.1473
4 0.63 0.779
4 2.4975 2.454
5 2.1 1.4791
5 2.9625 2.9821
7 2.6925 2.6456
7 0.27 0.3005
7 0.165 0.144
5 1.845 1.802
6 0.09 0.2145
7 1.74 1.8509
7 0.63 0.7161
7 2.46 2.5494
5 2.6025 2.5193
6 1.455 1.5079
6 2.37 2.3645
7 1.2675 1.3673
4 2.6925 2.6708
7 2.7525 2.8463
6 1.215 1.1057
5 1.695 1.8777
5 2.085 2.29
6 0.7275 0.8219
5 0.18 0.1076
5 0.1275 0.0264
4 1.845 1.3992
4 2.295 2.4699
6 0.7725 0.7402
4 1.68 0.9642
6 0.495 0.6195
7 1.26 1.5297
4 0.2925 0.2819
6 2.7225 2.6547
7 2.2425 2.3275
5 2.835 2.8266
7 1.275 1.2488
4 1.1175 0.9442
7 1.875 1.6422
5 1.17 1.207
7 0.195 0.1791
5 1.1025 1.4687
7 1.2525 1.2429
5 0.8475 1.1702
5 0.4125 0.3375
4 1.6875 1.5189
4 1.8675 1.0453
6 2.0025 1.6367
7 2.49 2.5386
4 2.265 1.9002
4 0.0975 0.1708
5 0.075 0.1556
5 0.0675 0.2315
7 2.04 2.1656
4 1.32 1.5315
6 2.16 2.0183
4 0.1725 0.3757
4 0.8625 0.8972
7 2.6625 2.7992
5 1.8375 1.1726
5 2.4225 2.4031
6 2.385 2.4622
6 0.465 0.5669
7 2.595 2.5618
6 1.7625 1.4437
5 2.0025 1.7218
6 1.305 1.3092
5 0.855 0.6428
6 1.0425 1.1141
5 0.6675 0.5112
6 1.8675 1.8992
5 2.985 2.8501
5 0.7725 0.7974
5 2.295 2.0273
7 2.715 2.8164
4 1.7475 0.6049
5 2.8125 2.7252
4 0.555 0.9103
6 0.78 0.9688
5 2.4225 2.486
6 1.23 1.3074
5 0.63 0.5972
7 1.7775 1.4843
4 2.7075 2.1662
5 0.045 0.1141
5 1.86 1.7505
6 0.1725 0.1337
4 1.8825 1.8811
7 0.495 0.5904
6 0.69 0.7099
7 0.09 0.1935
4 0.4425 0.464
5 0.1575 0.2293
6 1.6125 1.6199
6 2.8875 2.8434
6 0.5775 0.5858
6 1.785 0.9238
6 0.9375 1.1727
4 1.965 1.5334
7 2.7525 2.7084
7 2.4225 2.4012
5 1.875 1.6039
5 2.8575 2.8821
7 1.7175 1.854
6 2.64 2.598
6 0.8325 0.9163
7 0.39 0.3866
4 1.125 1.0894
6 1.4625 1.311
7 2.5125 2.4447
6 1.515 1.6547
6 1.4775 1.254
5 1.395 0.8496
5 1.4025 1.5776
5 0.7275 1.1461
7 0.975 1.0088
7 2.7 2.6562
5 1.9275 1.5753
7 1.9575 1.704
6 2.7225 2.7406
7 2.1075 2.178
4 1.605 1.7273
4 2.835 2.8802
5 2.2575 1.7471
6 1.2825 1.1121
4 2.985 2.9025
6 1.7475 1.7835
7 0.255 0.2331
5 1.92 1.7057
5 0.1575 0.0281
6 0.2025 0.1807
7 2.2725 2.3108
4 0.0675 0.1536
6 0.6075 0.6457
6 0.8625 0.9516
6 0.0825 0.0382
6 1.8675 1.5944
5 2.7075 2.66
5 2.3775 2.0449
6 1.1925 1.4172
7 2.8875 3.0033
5 2.1825 2.4178
6 1.5225 1.9095
7 1.4175 1.3537
5 0.735 0.918
6 2.6175 2.6538
5 0.2175 0.3754
6 0.21 0.1497
4 0.03 0.0281
4 2.7 2.6556
7 1.6725 1.9332
6 0.4275 0.3601
5 0.2475 0.1459
7 0.2775 0.2589
7 2.7375 2.7044
7 2.9475 2.9029
4 1.1775 1.9015
5 1.5675 1.528
4 2.3025 2.0282
4 0.0225 0.1899
4 1.3425 1.6217
7 1.6125 1.4946
4 0.84 0.858
4 1.23 1.5733
4 1.305 1.4911
6 1.5 1.3711
6 0.5925 0.3793
4 1.965 2.2328
7 1.155 1.3477
4 0.27 0.1517
7 1.6425 1.2799
7 0.615 0.636
6 1.335 1.2232
7 0.9975 1.0127
5 0.405 0.3651
7 2.085 1.9098
4 2.5725 2.0304
5 1.335 1.0804
7 0.1275 0.1102
6 2.445 2.4363
5 1.35 1.9477
4 2.385 2.3258
6 1.425 1.597
6 2.805 2.664
4 1.545 1.8065
5 0.8325 1.3786
7 2.055 2.1352
7 1.1925 1.1202
6 0.855 1.0311
7 2.88 2.8086
5 2.2575 2.2922
6 0.99 1.3119
6 0.8625 1.038
6 2.385 2.4245
5 0.9225 1.1477
6 2.1225 2.0284
6 1.0125 0.9296
7 1.17 1.4398
5 2.265 2.3667
7 2.265 2.1727
4 1.7775 2.2485
6 1.5 1.0715
6 0.5175 0.6871
5 2.895 2.8156
7 2.67 2.5585
6 1.8975 1.8316
6 1.41 1.2203
7 1.695 1.5835
5 2.5125 2.1184
5 1.32 1.1819
7 0.9525 0.7722
6 0.5025 0.5237
6 0.9375 0.8615
7 2.565 2.4746
4 2.16 2.1997
7 2.7075 2.7027
7 1.5525 1.4529
6 0.435 0.5176
4 0.585 1.9069
4 1.7925 1.2396
4 1.4025 1.4317
7 2.4375 2.4073
6 2.76 2.8217
7 0.285 0.2652
4 2.7225 2.7212
7 1.71 1.1386
6 0.21 0.1431
6 0.4425 0.4033
7 1.905 1.8499
4 0.9675 2.099
4 2.205 1.4245
7 0.24 0.2062
6 0.5625 0.4841
7 1.7175 1.7488
7 0.915 0.8663
7 0.03 0.0786
7 1.74 1.9327
5 0.8475 0.7434
5 0.8175 0.7939
6 2.7075 2.8074
5 2.1975 1.381
7 0.615 0.6578
6 2.6925 2.773
5 0.615 0.8211
5 1.7625 2.0799
4 0.78 1.1475
4 2.8875 0.8914
7 2.4975 2.4426
7 0.6825 0.6855
4 1.275 1.4746
5 1.9725 1.1489
6 0.345 0.34
7 2.2725 2.1887
5 0.9225 0.8983
7 0.8625 0.8564
4 0.825 0.9102
4 1.3725 1.3472
5 0.135 0.2575
5 1.3275 1.4268
6 2.4375 2.2757
5 2.5425 2.5846
6 1.4925 1.8162
4 2.4675 2.067
6 1.0275 1.4721
4 0.66 0.6062
5 0.99 1.4816
6 1.8525 1.8376
5 1.1475 0.934
4 2.295 2.6827
5 0.675 0.7464
7 2.4 2.3797
5 2.5875 2.4575
7 0.465 0.4204
6 2.73 2.5908
5 1.2075 1.4664
4 0.63 1.2139
6 2.175 2.0919
4 1.455 2.3633
7 0.705 0.666
7 0.9075 0.9902
5 2.4975 2.2152
6 0.5625 0.7271
5 2.0175 1.5242
4 2.28 2.5311
5 1.62 1.3896
5 2.625 2.7419
5 1.545 1.5537
6 0.615 0.5967
7 1.035 1.4356
5 2.4 2.524
6 1.8825 1.7115
4 1.3725 1.9898
7 0.15 0.0974
6 2.235 2.2841
4 1.44 2.1595
4 1.6125 1.266
5 2.61 2.3378
5 1.35 0.9972
6 0.5925 0.6439
6 2.7375 2.7092
4 1.8075 2.0347
7 0.1275 0.2137
7 2.955 2.8951
4 1.9575 1.7146
5 2.1 2.0777
5 0.375 0.4956
4 0.5775 0.8942
7 1.665 1.4272
5 1.65 1.0674
4 0.645 0.6344
7 1.1175 1.1752
7 1.785 1.7548
4 1.77 1.7834
4 1.9875 1.7264
7 0.42 0.3758
5 0.48 0.9838
5 2.4975 2.5826
7 1.35 1.5746
6 2.85 2.8153
6 2.4225 2.2835
7 2.5275 2.4794
5 2.3475 2.4426
6 0.135 0.1546
7 0.2475 0.2092
6 1.74 2.1133
4 1.995 2.1953
7 0.6225 0.5924
5 0.705 0.848
5 1.8525 1.8651
6 1.4175 1.2497
4 2.46 2.1041
7 2.31 2.1505
6 0.6825 0.5541
6 2.97 2.9299
6 2.565 2.6073
7 1.29 1.4172
6 1.1325 1.3471
4 1.11 1.079
4 0.96 0.9088
7 1.3425 1.4386
6 2.1825 2.2196
6 0.69 0.8033
6 1.5 1.6138
4 0.375 0.4395
7 0.4125 0.4372
4 1.815 1.9504
7 0.375 0.4441
7 1.6275 1.8616
7 0.435 0.4541
7 0.435 0.3607
5 0.1125 0.3989
5 2.6625 2.7535
6 2.925 2.8448
7 2.925 2.9792
6 2.205 2.1406
7 2.04 1.9303
7 0.6975 0.6947
5 1.005 1.2958
5 0.7575 1.178
4 0.6975 0.4677
5 2.865 2.7985
6 0.6 0.53
4 1.0575 0.89
4 1.5525 1.0536
4 0.915 1.1105
5 2.1825 2.2087
7 0.525 0.4774
4 2.22 1.4285
5 0.12 0.0673
5 1.56 1.4988
7 1.1025 1.1165
6 1.875 1.8452
5 2.3775 2.3753
6 0.5175 0.6276
4 1.98 2.0652
7 2.01 1.9778
5 0.9975 1.0126
5 2.7975 2.9435
7 0.5775 0.5618
7 1.0275 1.1676
7 0.8775 0.9756
7 2.64 2.6239
7 2.34 2.3885
7 1.6575 1.5877
5 2.8275 2.8737
4 1.4925 1.4299
7 0.6675 0.6767
4 2.1825 1.3705
5 0.6375 0.9772
6 2.2425 2.2239
6 1.725 1.933
5 0.48 0.4355
5 2.5425 2.4186
4 2.3175 1.7147
4 1.77 1.1422
4 0.225 0.0791
7 2.775 2.7826
7 1.8975 1.3286
6 2.7825 2.7748
5 2.2725 2.0394
6 2.6175 2.6028
4 1.9875 1.8669
4 1.2225 1.5939
7 2.73 2.7543
7 0.2775 0.2653
7 2.085 1.8488
6 0.5625 0.538
4 2.7525 2.4549
4 2.4975 2.6453
4 0.7125 0.4038
7 0.1575 0.0823
4 2.7075 2.827
7 1.86 1.6715
5 1.5975 0.9913
5 0.63 0.6429
7 0.42 0.3644
7 0.75 0.7191
6 2.055 2.0804
4 2.1075 2.1714
6 0.735 0.5965
5 2.22 1.7515
7 2.745 2.7553
5 2.3325 2.0459
4 2.895 2.4791
4 1.26 1.5168
5 2.7075 2.8077
4 2.0775 2.4474
5 0.675 0.9355
4 0.975 2.1765
4 0.675 0.7482
6 1.7175 1.6992
7 0.8625 0.8789
6 0.5325 0.4991
4 2.5875 2.5633
7 1.065 1.0377
6 2.9925 2.9979
6 0.6675 0.919
4 0.555 0.9604
4 2.475 1.8668
6 1.5075 1.7932
7 0.33 0.2487
6 0.6 0.6571
7 1.8975 2.0651
7 0.3 0.3606
6 0.2775 0.2658
7 1.9425 2.0957
4 0.375 0.4258
6 0.8625 1.4131
6 2.2125 2.0752
7 2.43 2.4208
6 2.1675 2.2823
6 2.0775 2.1866
6 0.12 0.1041
4 1.29 2.38
6 2.9925 2.9937
4 1.95 1.755
5 2.0475 2.0595
7 1.605 1.456
7 0.9525 1.304
5 0.525 0.5163
6 0.405 0.5329
4 2.2275 2.2128
7 2.175 2.2165
4 1.575 1.4724
4 0.225 1.3359
4 1.7775 1.4789
7 1.185 1.2543
5 0.375 0.4749
4 1.6575 0.856
5 1.905 1.2954
4 1.965 1.3448
4 1.065 0.5405
6 0.7275 0.6143
4 1.1775 1.6611
7 2.325 2.2541
4 0.12 0.041
6 2.82 3.0306
6 2.1825 2.1483
5 0.6975 0.5726
6 0.6975 0.6643
4 1.0125 1.5254
7 1.4325 1.2297
6 1.2825 1.404
4 0.1425 0.0896
4 2.745 2.8623
6 1.23 1.5281
4 1.14 1.5683
6 2.685 2.7026
6 1.0275 1.5926
5 1.005 1.0399
4 0.3825 1.0225
7 1.8075 1.6139
4 1.77 1.6399
5 2.955 2.9087
7 0.765 0.7586
4 0.7275 0.5018
7 1.5975 1.6666
7 0.69 0.6686
6 1.1625 1.2872
4 0.99 1.4535
5 2.445 2.1576
7 1.725 1.6432
7 1.17 1.244
6 1.5975 1.5399
6 1.23 0.8282
7 1.5075 1.5248
6 2.595 2.428
5 2.2425 2.2752
7 1.8675 2.0217
6 1.9575 2.1958
7 0.3225 0.3534
4 1.6425 1.301
5 0.4875 0.4427
7 0.585 0.5788
6 1.08 0.9348
4 2.115 2.0091
6 0.5025 0.3937
7 0.555 0.6192
4 0.2175 0.1793
7 0.855 0.8017
7 1.875 1.9667
5 1.29 1.8553
7 1.095 0.8342
7 1.4775 1.8281
6 2.835 2.8708
7 1.4925 1.432
4 2.3925 2.3748
6 0.72 0.678
4 0.645 1.2845
6 0.5925 0.4714
4 0.0525 0.0145
6 0.555 0.549
5 1.875 1.9613
4 2.3775 2.1165
4 0.54 0.5403
5 1.215 1.0568
5 0.9825 1.0846
7 0.2325 0.1679
4 1.2225 1.6664
4 0.6975 0.6262
7 1.455 1.6195
6 1.53 1.5528
4 0.3 0.301
4 2.6025 2.7705
7 2.1 2.1769
5 0.795 0.6821
6 0.27 0.2326
6 1.71 1.4406
6 0.6675 0.8317
7 0.5475 0.6167
7 1.95 1.8196
6 1.1925 1.3128
7 1.2825 1.2826
4 2.895 2.6937
4 0.48 0.3238
7 2.1 1.9432
4 0.525 0.865
5 2.0625 1.8842
6 1.77 1.2011
6 2.2425 2.1914
6 0.63 0.6331
6 1.89 1.5
5 1.4175 1.3202
4 2.2875 2.3346
7 1.59 1.6725
7 1.5375 1.5882
7 2.1525 2.2067
7 0.5175 0.6464
6 0.69 0.8248
5 2.34 2.1975
5 0.615 1.042
6 1.35 1.0667
4 1.485 1.6531
6 2.175 2.2516
7 1.32 1.2447
7 0.81 0.9148
6 2.1975 2.1878
4 2.4825 1.1735
6 1.68 1.1923
6 2.265 2.1119
5 2.7525 2.7298
7 0.0 0.0691
7 2.415 2.3682
4 0.45 0.5098
4 2.715 2.4272
7 0.8325 0.7717
5 2.8875 2.8526
7 2.3925 2.3804
5 1.05 1.6786
7 1.4325 1.6779
4 0.825 1.7022
5 2.775 2.7074
6 2.1675 1.8725
5 2.31 2.1731
6 2.9625 2.9032
4 0.1425 0.0084
6 0.4875 0.6527
5 2.115 1.9435
6 0.39 0.4665
4 0.1275 0.2799
7 2.22 2.3041
6 1.7025 1.842
7 1.875 1.9752
7 1.665 1.4601
4 0.645 0.5078
4 0.09 0.0504
6 1.185 0.9886
4 1.3125 1.676
5 2.205 2.0336
6 0.1875 0.1987
6 0.1725 0.1457
5 1.785 1.308
6 0.915 0.9637
5 2.8725 2.8654
4 2.0775 1.833
4 0.69 0.901
4 0.8475 1.418
6 1.1775 0.9759
7 0.8625 0.9159
4 2.6475 2.6884
7 1.8225 1.6711
4 1.9575 1.8256
4 2.2275 2.5527
5 1.005 1.31
7 2.115 2.2259
7 1.8675 1.842
4 2.82 2.9005
4 2.6175 2.5262
6 0.6825 0.6579
6 1.05 0.9443
7 1.92 1.6288
4 2.52 2.6707
7 0.765 0.6155
6 2.145 2.3814
5 0.06 0.1126
7 1.815 1.5456
4 1.8975 1.8034
5 0.7875 0.72
5 0.105 0.1475
5 0.795 0.7293
6 1.275 1.1321
4 0.1575 0.2614
7 2.865 2.8934
6 1.23 1.543
5 0.0825 0.1941
4 1.2525 0.9805
5 0.66 0.535
6 2.01 2.1839
6 2.49 2.6135
4 1.9425 1.8348
5 2.6925 2.6507
6 0.225 0.4037
6 0.96 1.3055
6 1.1175 0.5392
5 2.46 1.9976
4 1.305 0.9556
7 0.09 -0.0645
6 1.0875 1.671
5 2.4225 2.4463
7 1.0575 1.0141
5 0.2175 0.0729
7 0.6375 0.5767
6 1.17 1.2276
4 0.3675 0.4764
5 2.64 2.672
7 1.2825 1.2016
4 2.7525 2.7198
7 1.7325 1.4925
4 0.9675 0.998
4 1.5375 1.2294
5 0.915 0.7841
5 1.875 1.3062
7 2.0775 2.1707
6 0.675 0.8053
4 2.0925 1.3697
4 1.635 1.4628
6 2.175 2.015
6 2.415 2.419
4 2.2875 2.0681
4 0.36 0.5184
6 0.0375 0.1365
6 1.77 1.3111
6 1.5375 1.3332
7 0.2025 0.0363
6 0.78 0.8382
6 0.36 0.2869
6 1.2225 1.0924
7 0.915 0.9455
7 0.93 0.9782
6 2.8875 2.6901
5 2.715 2.7207
7 2.1075 2.0925
7 1.065 0.9093
5 0.1725 0.2057
7 1.425 1.2335
6 2.2125 2.2636
6 1.8675 1.9206
4 1.9275 1.6604
4 2.865 2.8966
5 2.7375 2.7535
4 1.4325 0.8885
5 0.765 1.5501
7 0.1725 0.3248
4 2.52 2.3351
5 0.51 0.3778
7 2.8725 2.9361
7 0.255 0.3006
7 1.335 1.2711
6 1.62 1.6504
7 1.395 1.7521
7 2.505 2.4028
6 0.975 1.3928
4 2.805 2.704
7 0.0975 0.0888
4 2.22 1.3144
4 2.3025 1.2767
7 0.2325 0.1647
4 0.9525 2.3228
6 0.45 0.5233
5 1.1625 1.699
7 0.4575 0.4724
4 0.2925 0.1938
6 1.455 1.5262
6 2.1375 1.6257
5 2.7825 2.8346
5 2.2575 2.4023
7 1.6425 1.5121
4 0.15 0.1855
4 1.5 1.1978
5 1.365 1.6398
4 2.745 2.4812
5 2.22 1.3378
7 2.7075 2.7468
5 2.01 1.7358
4 2.6325 2.4537
7 2.325 2.3442
6 0.9 0.626
6 2.55 2.7275
7 2.265 2.3075
5 0.09 0.1815
6 1.05 1.2837
4 1.1925 2.3057
5 0.855 0.9733
7 0.495 0.4886
5 2.2125 1.7292
6 2.4075 2.3669
7 0.5625 0.5658
5 0.5625 0.3671
7 1.1625 1.3647
7 1.005 1.0909
6 1.5225 1.2042
6 0.1575 0.1083
6 2.37 2.271
6 1.98 1.7205
5 0.015 0.0929
6 0.18 0.1266
4 1.0425 0.9887
6 2.4525 2.4539
7 1.65 1.7591
6 2.7825 2.8267
4 0.3225 0.3146
5 2.9625 2.9576
5 2.9175 2.808
5 0.645 0.7655
5 2.67 2.8589
6 2.2125 2.246
5 0.4125 0.5028
6 1.0725 0.9997
5 1.455 1.5735
4 0.0375 0.1087
5 0.8925 0.8364
5 0.03 0.0348
5 1.695 1.1793
4 1.0425 1.3203
4 1.11 1.7344
6 1.53 1.279
4 1.845 2.1163
7 0.21 0.3358
4 1.83 1.0869
7 2.265 1.9994
6 2.085 2.2039
4 2.1675 1.833
4 2.9625 2.9424
5 1.065 1.2762
7 0.3525 0.3317
4 1.8525 1.6726
6 0.6825 0.7708
4 2.43 1.6548
5 0.5025 0.298
6 0.945 1.1335
4 2.43 2.3574
7 1.6725 1.9361
4 1.875 2.3384
7 2.0775 1.9388
7 0.315 0.3063
7 2.895 2.9229
6 1.8825 1.5212
7 0.48 0.5043
4 2.07 2.1265
6 1.3725 1.2715
4 2.625 2.5241
4 1.7175 2.2876
6 2.7075 2.6369
6 2.6025 2.5603
4 1.02 1.002
4 0.57 0.3768
5 1.6125 1.5761
7 1.785 1.499
6 1.4025 1.2943
7 2.8125 2.7849
7 2.7825 2.7724
4 2.67 2.6705
5 1.5675 1.5488
7 1.53 1.7962
5 1.665 1.8337
5 0.4725 0.3748
7 2.7825 2.8888
5 2.835 2.811
7 0.3 0.2143
4 2.1 0.542
5 2.3175 2.2275
6 2.3475 2.1653
6 0.825 0.7162
5 0.8625 1.0319
7 2.5275 2.5083
6 1.3125 1.5738
4 0.0375 0.087
7 1.0275 1.0768
7 1.95 1.7624
7 1.245 1.1499
4 0.9825 1.9556
4 1.875 2.4182
5 2.31 2.3735
6 2.9325 2.9022
5 1.6125 1.4756
5 1.1475 1.0701
7 0.2025 0.208
7 1.1025 1.4164
7 2.6325 2.6268
6 0.5475 0.6215
4 2.7075 2.6566
6 0.9675 1.4889
5 0.645 0.8872
6 0.18 0.1847
6 1.74 1.7257
5 0.4425 0.6303
5 0.03 0.0727
6 0.2775 0.2226
6 0.4275 0.3702
4 1.77 1.72
6 0.2775 0.2785
5 0.87 1.3401
4 1.485 0.9227
5 2.52 2.5115
5 0.3225 0.2852
5 2.94 2.8716
5 2.145 2.382
4 1.815 1.0163
4 0.615 1.0472
6 0.0225 0.0605
7 2.0925 2.2528
5 2.22 1.7126
4 2.91 2.7956
4 1.3275 2.0186
7 0.3525 0.4691
5 0.8775 1.2392
4 1.2975 1.8878
7 2.58 2.6496
7 2.8125 2.738
6 0.105 1.408
4 0.6525 1.1903
6 0.2175 0.1271
7 2.1375 1.8612
6 2.325 2.2809
5 2.8275 2.7014
5 0.9975 0.968
7 0.09 0.1288
7 2.205 2.3296
6 1.08 0.7941
5 0.9675 1.0951
6 2.0625 1.6748
7 0.525 1.7305
5 1.83 1.9065
5 1.92 2.0466
7 1.755 1.9226
6 0.96 1.3332
4 0.495 0.8503
6 0.405 0.6011
7 2.895 2.8709
4 1.3275 1.4824
4 0.1125 0.224
4 2.1 1.7078
7 1.935 1.6748
4 2.1225 1.4308
5 1.5675 2.1106
6 1.4925 1.5714
7 1.275 1.3413
6 0.405 0.3085
5 2.685 2.825
6 0.7875 0.617
5 2.565 2.305
6 1.9125 2.0005
5 2.7525 2.6739
6 2.475 2.4582
6 0.57 0.6544
6 2.205 2.3107
5 1.53 2.0652
7 2.2875 2.3429
7 0.105 0.0861
6 1.0575 1.4946
5 0.255 0.4346
6 1.4325 1.6569
7 1.3725 1.3949
7 0.8475 0.7575
6 2.6325 2.6802
4 0.2475 0.3655
5 0.7425 0.8754
4 2.34 2.3179
4 2.5875 2.3458
5 2.325 1.9407
7 1.98 1.7735
6 2.1825 1.9814
4 2.5425 2.2521
5 0.2475 0.4466
6 2.3325 2.3593
6 2.0175 1.4453
7 2.985 3.0001
6 0.3225 0.467
7 2.685 2.7583
4 2.1375 1.7256
7 2.565 2.5983
7 0.09 0.0731
7 0.8775 0.9254
4 0.7875 1.019
4 1.4925 0.5992
4 0.9225 1.688
7 1.7325 1.6368
5 1.5075 1.7778
4 1.2675 1.8666
4 0.4575 0.4278
6 0.735 0.9209
5 2.985 2.8608
6 2.6325 2.6112
6 1.0725 1.3812
4 0.45 0.5562
6 0.0675 0.1386
7 0.555 0.5707
5 1.2675 2.0919
7 1.9125 2.2037
7 0.2925 0.275
5 1.3575 1.2842
4 2.25 1.9216
5 2.01 2.122
5 2.895 2.9421
4 0.8625 1.2919
5 0.12 0.1392
5 2.5575 2.5697
4 2.4975 2.5235
6 0.9075 0.6193
7 2.0625 1.8362
7 2.76 2.7158
5 2.16 2.5671
5 1.2075 1.6657
7 1.7625 1.866
6 0.915 0.9193
7 2.295 2.2571
6 0.465 0.3035
7 2.43 2.4483
4 0.45 0.2156
5 2.3625 2.2354
4 2.3775 2.3959
4 1.2525 1.5062
7 2.6475 2.5949
4 0.06 0.3296
6 1.83 1.3833
7 2.1075 2.0818
4 1.9125 1.6564
6 1.65 1.6575
6 1.065 0.8448
7 0.09 0.0798
7 2.6325 2.6665
5 0.9975 1.6509
5 1.8975 1.748
4 0.585 0.3622
6 0.6075 0.4763
7 0.18 0.1544
4 2.85 2.8682
4 2.4 2.561
4 2.4825 2.4914
5 2.1 2.1905
6 1.8975 1.4878
4 0.3 0.2083
5 0.93 1.1024
7 2.85 2.8586
6 0.18 0.1227
5 1.71 1.7022
6 0.3825 0.4242
4 2.7975 2.5826
7 0.33 0.413
5 2.73 2.8693
7 0.84 0.8794
7 1.5375 1.2558
5 0.93 1.2015
6 2.58 2.6138
6 1.1175 1.8527
4 0.1575 0.1
7 1.62 1.4976
7 0.3 0.2465
7 0.36 0.3926
6 2.01 1.7752
7 2.3925 2.3582
5 0.4725 0.4684
5 2.715 2.6567
6 0.5475 0.8195
7 0.6525 0.8286
5 2.055 1.6616
7 2.385 2.4123
4 0.42 0.4684
6 0.5025 0.4013
6 0.51 0.662
4 2.175 2.5306
4 1.7775 1.4709
4 1.1175 1.3767
7 0.2475 0.3479
5 0.6075 0.481
7 1.9875 2.0223
6 2.7225 2.5974
4 2.4075 2.3975
7 0.8625 0.8233
6 0.1725 0.0494
4 0.615 0.3026
6 0.84 0.7413
5 0.9975 1.0879
4 2.715 2.7998
6 1.4325 1.4933
5 0.405 0.4866
6 1.725 1.4192
4 0.5175 0.5337
5 2.2125 1.7752
6 1.1475 1.3005
5 1.77 1.2391
5 0.6 0.7482
7 0.12 0.1337
4 2.115 1.7187
4 0.5475 0.622
4 0.135 0.1933
7 1.2525 1.7653
5 2.9175 2.9105
7 1.215 1.4319
5 2.6475 2.7011
6 2.3625 2.2891
4 2.13 1.1171
6 1.2675 1.0609
6 2.715 2.6613
4 0.1875 0.2658
6 2.3925 2.3586
4 2.265 2.6318
7 1.14 1.422
4 2.925 2.8787
5 2.3925 2.3176
4 2.865 2.9612
6 2.1975 1.5563
4 0.51 0.3609
5 1.6875 1.9399
5 2.325 2.0693
4 0.18 0.2268
5 0.3975 0.5489
5 2.9775 2.8864
5 2.9775 2.8777
7 1.1925 1.6187
5 1.395 1.3818
4 2.445 2.5182
4 1.095 0.7685
6 0.1425 0.2073
7 0.315 0.2139
4 1.3875 1.8288
4 2.9775 2.7494
4 2.145 2.3046
6 2.775 2.7951
6 2.6025 2.4481
4 1.08 1.0186
5 2.8425 2.854
4 2.4975 2.5136
7 2.1675 1.9174
6 1.1175 1.446
4 2.715 2.8935
5 0.9 0.7825
6 0.585 0.4719
4 2.67 2.8605
7 0.705 0.8667
7 0.2475 0.1863
4 2.3025 2.1077
5 0.1575 0.111
5 1.6275 1.865
6 0.4875 0.4329
4 1.065 1.3582
5 1.365 1.6911
4 1.1325 1.828
4 0.9675 1.8421
5 1.41 1.9624
6 2.715 2.753
7 1.1925 1.3335
4 2.1825 1.9097
7 2.085 2.097
4 2.5125 2.7322
7 2.715 2.6584
6 0.8925 0.8682
5 2.055 2.1835
4 0.5475 0.6555
4 1.2675 0.7669
4 2.9775 2.8273
4 0.8175 0.9086
5 1.3125 1.0273
7 0.5025 0.517
6 0.8475 0.6607
4 2.3025 2.1871
6 1.125 1.3637
4 2.91 2.7967
6 1.875 1.6589
5 2.4375 2.3388
7 2.2725 2.1868
6 0.72 0.8615
6 1.2075 1.3814
6 1.8075 1.6546
4 0.0 0.1449
6 1.4925 1.4738
7 1.365 1.6801
4 2.145 1.5614
6 1.53 1.2744
6 0.3075 0.1432
7 1.7025 1.5889
4 1.695 2.3031
4 2.3925 2.3444
6 2.5875 2.4534
5 2.1225 2.2721
5 1.9875 2.0567
7 0.6525 0.7199
7 2.0925 1.9858
5 1.65 1.3682
6 1.29 1.799
5 1.7025 1.1792
7 2.0925 2.1132
5 1.4775 1.9799
6 1.905 1.7811
7 1.155 1.5289
6 0.6375 0.7319
5 2.07 1.881
4 0.645 0.9028
6 2.3025 2.3564
4 2.2425 1.6205
5 1.035 1.1435
4 2.1375 1.02
4 0.96 2.0909
4 1.56 1.2791
7 1.05 1.0405
6 2.6925 2.8397
6 1.1775 1.3363
4 1.7325 0.9086
6 0.9225 1.5327
7 0.2175 0.1248
5 0.135 0.1575
5 1.5975 1.6841
5 1.575 2.2547
5 0.9 1.3643
6 0.9 1.8685
7 2.1375 2.0223
5 1.2825 1.7375
7 2.385 2.2893
6 0.0225 0.1206
5 1.575 1.2417
6 1.4175 1.6834
7 2.235 2.2545
7 1.7025 1.5756
4 2.28 2.0813
5 1.755 1.5776
6 1.3275 1.3721
6 1.755 1.5956
4 2.94 2.8848
7 0.7425 0.7844
5 2.4375 2.4636
5 1.575 1.4707
6 0.765 0.8758
7 1.8825 1.4879
4 0.2325 0.1156
7 0.9375 0.9183
6 1.665 1.7165
5 0.87 1.2927
4 1.1625 1.4365
4 2.925 2.8493
5 0.6825 1.0998
7 0.75 0.8611
5 0.8625 1.3837
5 1.0575 1.6975
6 2.745 2.7599
5 2.0475 1.8306
7 1.6575 1.7298
7 2.2125 2.1533
4 0.84 1.2084
6 0.0525 0.0596
4 1.485 1.5755
5 0.57 0.8714
6 1.3425 1.5407
5 1.1625 1.0403
7 1.8675 1.7959
6 1.5825 1.694
7 0.8775 0.8664
5 1.6275 1.8519
7 2.0175 2.0107
7 1.5225 1.2769
7 1.065 1.0368
5 1.095 1.5031
6 0.12 0.1941
4 2.79 2.7526
5 2.5425 2.3261
6 2.6475 2.6598
7 1.2375 1.4128
5 2.01 2.0596
4 0.0825 0.1542
4 2.22 2.1623
5 0.5475 0.6612
4 1.2225 1.1583
6 2.3025 2.2443
5 1.3575 0.9375
4 0.9375 1.315
6 2.9625 1.6587
7 2.925 2.8948
4 2.1675 1.992
6 0.33 0.3398
4 1.5 1.9509
5 2.835 2.8826
6 0.6825 0.7791
4 1.2 1.3302
4 2.235 2.4903
6 0.4725 0.5311
7 1.725 1.4376
6 2.625 2.6251
5 0.345 0.2735
7 1.635 1.4964
5 2.67 2.7752
6 0.1725 0.0668
6 2.7 2.7224
4 0.6 0.388
4 2.34 1.5297
5 2.5125 2.5889
7 1.7175 1.6355
6 1.5675 1.4148
5 0.8925 1.3702
4 1.2 0.9876
6 2.67 2.6046
7 2.7975 2.9646
6 2.4 2.4922
7 1.7925 1.4948
5 2.1 2.1242
5 1.0125 0.688
5 2.1525 1.9222
5 1.8225 1.3517
5 0.735 0.6375
5 0.06 0.0507
7 1.8 1.8289
7 0.135 0.1389
7 1.995 1.9224
5 2.445 2.1651
7 0.285 0.3965
4 0.045 0.0361
6 1.5375 2.1163
6 0.075 0.1597
4 1.1175 1.6919
5 1.9875 2.2629
4 0.1275 0.2272
5 1.41 0.7996
7 0.435 0.5316
6 2.34 2.4235
4 0.2925 0.2416
6 2.5425 2.6031
4 2.4825 2.3459
4 0.9825 1.5838
6 1.3875 1.4713
5 0.03 0.2128
7 1.4325 1.3612
5 0.825 0.5046
5 1.3875 1.3863
6 0.2475 0.2844
6 0.69 0.9751
4 2.6775 2.6684
5 0.255 0.3337
7 0.8925 0.9037
7 2.8425 2.8592
6 2.7675 2.8473
5 2.6175 2.6324
4 2.1525 2.4184
5 2.895 2.8531
5 0.765 0.8411
5 0.3075 0.3203
5 2.5875 2.5184
4 2.37 1.3436
5 2.2575 2.0123
5 0.4125 0.4149
6 2.2425 2.1871
7 2.325 2.3953
5 1.9575 1.5705
6 0.6525 0.7361
7 1.89 2.0792
5 0.69 0.7957
7 0.6225 0.5648
6 0.66 0.6618
5 1.8525 1.7814
7 0.915 1.0455
6 1.1475 1.5885
7 0.5925 0.5336
5 0.7875 0.6488
4 2.67 2.6421
7 2.1675 2.1913
4 2.88 2.828
4 2.0475 1.6399
6 2.655 2.6115
5 1.6575 1.7558
7 2.01 2.145
4 1.0125 1.4287
6 2.6775 2.6753
7 1.1175 1.09
5 2.1 1.8557
4 0.075 0.1591
4 2.88 2.8564
4 2.7675 2.7394
7 1.635 1.2325
6 1.665 1.3889
5 0.4425 0.2684
7 2.415 2.2629
4 0.9825 0.8517
6 0.6525 0.5562
6 1.3725 0.9333
5 2.3925 2.2583
7 1.11 1.5674
6 1.7775 1.8917
5 2.1975 2.1774
4 0.405 0.4538
5 2.0625 1.5381
5 2.8575 2.9165
7 0.0 -0.0428
7 0.765 0.8876
6 0.585 0.6949
5 2.9475 2.8606
4 1.83 2.0492
4 2.2275 2.0568
6 1.7325 1.7636
7 2.2275 2.0854
4 2.8425 2.8502
4 2.9175 2.9962
5 0.81 1.3843
5 0.5925 0.5929
5 2.415 2.47
5 1.425 1.2583
6 0.81 1.2032
6 2.3925 2.1978
7 2.4675 2.4017
5 0.4125 0.3781
4 1.71 2.2278
5 0.9225 1.2871
7 1.8375 1.358
4 2.73 2.7225
7 1.08 0.9824
5 0.9075 1.1119
7 2.025 1.9013
6 2.4525 2.434
6 2.97 2.8734
5 2.04 2.3749
4 0.9825 1.4909
7 2.8425 2.8808
4 0.1875 0.4283
4 2.115 1.7886
4 1.8375 0.6221
5 2.835 2.7155
4 0.855 1.6618
6 0.075 0.0256
6 1.905 1.7205
4 0.975 1.0401
5 1.155 2.1473
7 0.9 0.9388
5 0.6225 0.67
5 0.5175 0.5434
6 2.1975 2.0645
7 1.32 0.9977
7 2.2425 2.2146
4 2.2425 1.6678
4 0.21 0.5852
7 1.1925 1.0962
4 1.365 1.1957
5 2.9175 2.8118
5 0.2325 0.3758
7 0.78 0.9522
5 2.955 2.8823
5 2.37 1.1646
5 0.3225 0.3435
6 1.2375 1.58
4 1.92 2.3138
4 0.54 0.657
5 0.465 0.2953
6 1.86 1.5612
4 0.285 0.425
7 1.3125 1.4669
6 0.9075 1.0186
4 2.685 2.7963
5 1.5 1.286
4 2.7075 2.5276
6 2.565 2.4858
4 2.01 1.5673
5 1.185 1.3298
6 0.57 0.7197
6 0.405 0.3155
4 0.435 0.4367
7 0.75 0.7811
5 0.9525 1.2568
7 0.8325 0.7481
5 0.6075 0.8797
7 0.1875 0.1689
6 2.6175 2.4698
6 2.73 2.6328
7 2.13 2.2444
6 2.0175 1.7635
7 2.82 2.7829
5 1.41 1.6032
5 2.0175 2.2386
6 1.4775 0.922
6 2.13 2.2117
5 2.4525 2.4428
7 2.325 2.4365
6 1.3575 1.4621
7 0.9 1.1334
6 0.78 0.8658
4 1.1475 0.8542
6 2.3925 2.2703
5 0.3 0.3213
4 2.5875 2.3555
7 2.6325 2.5867
6 0.7875 0.8162
7 2.745 2.7345
6 2.9325 2.9125
6 1.065 1.1811
4 2.5725 2.2612
5 1.6425 1.5364
4 2.8275 2.8323
6 2.505 2.4452
6 2.505 2.4476
7 1.7175 1.3271
5 1.935 1.5424
7 0.3525 0.3447
5 2.6625 2.8388
4 1.6425 1.5738
6 2.805 2.8601
7 0.5475 0.5131
7 2.16 2.2417
7 2.5125 2.4583
5 2.235 2.2233
6 1.56 1.4979
6 2.79 2.6662
7 2.9625 2.9266
7 2.385 2.3797
4 1.365 1.1252
4 2.76 2.7574
4 1.755 1.4563
6 2.8425 2.9016
5 0.3525 0.4928
5 2.895 2.7957
7 0.8625 0.7517
5 0.18 0.0557
6 0.315 0.2763
6 2.94 2.9033
6 1.035 1.0524
6 2.7375 2.7241
7 0.8475 0.8416
6 0.165 0.1874
7 1.5525 1.6761
4 1.8 1.9068
4 0.03 0.0967
6 2.2875 2.3983
4 0.7875 0.5521
6 1.8225 1.989
6 0.075 0.0967
5 1.5825 2.3151
6 1.68 1.6698
7 0.1725 0.1324
6 0.405 0.3857
4 1.23 2.9923
5 2.91 2.8856
6 1.6725 1.6434
6 2.5725 2.7031
6 1.1325 1.5873
7 2.5425 2.5983
5 2.1825 2.0126
4 1.4475 1.6898
4 0.2625 0.2012
6 0.345 0.2752
7 0.765 0.7932
7 0.9375 0.996
7 2.28 2.1673
6 0.39 0.4141
4 0.15 0.2136
6 2.7375 2.7815
7 0.735 0.5851
5 2.325 2.0892
6 2.6925 2.6751
7 1.1175 1.1492
7 0.225 0.2882
6 2.3625 2.3928
6 2.46 2.4628
5 2.4075 2.2525
5 2.13 2.0004
4 2.625 2.3166
4 0.7125 1.3567
7 0.9 0.861
7 1.3125 1.6491
5 2.2575 2.2631
6 0.9225 1.2418
4 0.66 0.4139
4 1.3725 0.9972
6 0.6675 0.6755
4 1.7775 1.246
6 0.0225 -0.0669
7 1.5675 1.4849
4 2.22 1.2685
6 2.265 2.3102
6 2.8875 2.7581
5 1.7775 1.8931
7 1.605 1.5762
5 2.43 2.4463
7 0.69 0.6249
7 2.6925 2.6397
5 2.52 2.5447
6 1.26 1.3566
5 0.75 0.8071
6 0.0225 0.1276
5 0.6525 0.9078
5 1.35 1.2643
6 2.715 2.7625
7 2.94 3.0079
5 2.3925 2.3585
7 1.47 1.6687
4 2.91 2.7952
7 0.885 1.1032
5 2.79 2.7649
7 0.8325 0.9166
4 1.68 0.5937
7 1.5525 1.7678
5 0.6525 0.8983
5 2.055 1.4764
6 1.965 1.3431
7 2.235 2.2133
7 2.925 2.8309
6 2.8875 2.9106
5 1.965 1.2621
4 1.6275 1.74
4 1.2 1.5
4 2.07 1.595
6 2.9625 2.9701
5 0.9375 1.2845
4 2.325 2.2565
6 0.3975 0.4781
4 1.0575 1.5448
6 1.9425 1.937
4 1.995 0.3694
7 0.1275 0.1767
6 1.9875 1.8545
6 0.9 0.6874
7 1.11 1.0754
6 1.335 1.0086
5 2.0175 1.851
4 0.555 1.2121
7 0.6525 0.6682
4 0.465 0.6436
7 2.7375 2.724
6 1.5675 1.6734
6 0.5775 0.7472
6 0.1575 0.1513
4 2.9625 2.895
4 1.23 1.4341
7 0.8475 0.7973
6 2.0475 1.4938
5 2.925 2.915
4 1.98 1.6805
4 1.125 1.4051
7 2.775 2.784
6 1.515 1.135
5 0.465 0.4137
6 1.2225 1.3003
5 2.325 2.2459
7 2.3025 2.158
6 1.2975 1.5047
7 2.9925 2.9866
4 2.805 2.8864
7 0.795 0.6413
6 2.6175 2.5934
7 0.9525 1.0278
7 0.8925 0.906
5 2.1375 2.1774
5 0.435 0.4929
6 2.85 2.8204
5 2.505 2.4329
5 1.575 1.4549
5 1.5 0.9036
4 0.2475 0.6039
6 1.7325 1.2143
6 1.7325 1.6045
6 2.5875 2.627
4 1.575 1.6319
4 2.6925 2.5822
4 0.825 0.9135
5 1.3725 1.0678
7 2.28 2.3187
4 2.5575 2.2952
4 2.4825 2.5885
7 0.7725 0.7835
6 2.07 1.8676
6 2.865 2.8457
7 1.155 1.4865
6 2.46 2.3357
4 1.695 2.4494
5 1.545 1.8399
5 1.7175 1.6748
5 2.505 2.4151
4 0.9375 1.4738
5 2.4975 2.4188
4 2.955 2.934
6 1.71 1.8099
7 0.0 0.0509
7 2.9325 2.934
4 1.395 0.7975
6 2.73 2.5956
7 0.6225 0.5914
7 0.5175 0.4902
7 1.7925 1.6821
7 1.8225 1.5055
4 0.9525 2.0692
7 1.1475 1.2192
5 0.33 0.0299
6 2.235 1.9968
6 1.2 1.4709
6 1.1175 1.4381
7 0.3675 0.3978
5 0.7725 0.5144
4 1.7775 2.0601
7 1.5975 1.0647
4 0.255 0.2539
6 2.1375 1.9472
6 0.435 0.4149
7 0.15 0.1403
5 1.6575 1.0226
5 1.335 1.2222
7 0.9 1.0313
4 0.5925 0.676
6 2.025 2.0667
4 0.8025 1.0508
7 0.7425 0.8019
4 1.1175 0.9615
6 2.745 2.9281
6 1.2825 1.6253
5 0.2175 0.1995
5 0.165 0.1165
4 2.1975 1.3273
7 1.8825 1.8399
5 0.57 0.9692
6 2.9325 2.9604
6 2.595 2.456
6 1.6875 1.5167
4 2.2725 2.3689
4 0.165 0.1367
4 0.825 1.3988
4 0.2925 0.5802
5 0.2325 0.2436
4 2.745 2.7896
6 1.8825 1.617
6 0.075 0.0182
4 1.86 1.211
7 0.3375 0.3152
6 0.84 0.6484
6 1.8675 1.6895
5 1.4775 2.0705
6 2.745 2.7755
5 0.4125 0.4124
7 0.5175 0.523
4 1.935 2.1596
7 2.3475 2.385
5 0.195 0.0899
4 0.96 2.0267
5 1.6275 1.1911
7 2.9175 2.8873
7 0.8475 0.857
6 1.4175 1.6966
6 2.9775 2.9392
4 1.9125 1.3789
4 1.6275 1.3966
7 0.735 0.8307
7 2.2575 2.3295
5 1.59 1.5482
6 1.2675 0.6888
5 0.9375 0.7166
4 0.6225 0.688
6 1.155 1.0655
6 2.4825 2.4371
7 1.56 1.1439
4 1.2825 1.1226
4 0.0075 0.0668
4 0.165 0.1766
4 1.2 1.0134
4 2.79 2.7893
4 2.46 2.2514
7 0.255 0.1785
4 0.645 0.7444
6 2.5425 2.4549
7 0.7275 0.7115
7 0.24 0.2068
6 1.2375 1.2242
5 0.705 0.5681
4 2.1825 2.2494
5 1.8825 1.4487
7 1.32 1.3621
5 2.205 1.8426
6 1.68 1.5067
7 0.7275 0.8244
6 2.88 2.9004
5 2.58 2.5642
5 1.9275 1.4321
6 2.1225 1.9398
4 2.0775 0.832
6 2.58 2.6163
5 1.47 1.4984
6 0.33 0.3465
4 1.5525 2.9294
5 2.7225 2.8007
7 0.075 -0.0008
5 0.72 1.103
6 0.4725 0.4223
6 2.4675 2.5675
5 0.93 1.1076
7 1.17 1.247
6 0.225 0.2802
6 2.4225 2.2444
6 1.44 1.4875
5 2.7 2.5981
5 2.43 2.4816
6 1.3125 1.4324
6 0.1575 0.1457
7 0.8175 0.8969
6 0.315 0.3383
5 0.9675 1.002
5 0.4125 0.2272
7 0.4275 0.4641
5 0.27 0.4093
7 1.245 1.6102
7 1.6425 1.5868
5 2.5275 2.6526
5 1.965 1.7396
7 0.0675 0.1496
5 0.945 1.2844
6 0.9975 1.2102
4 0.885 1.0962
6 0.225 0.2043
4 1.8375 1.8684
4 0.825 1.545
5 0.1575 0.2198
6 1.7175 1.2806
5 1.9275 1.5742
6 2.385 2.5207
7 2.6625 2.6666
7 0.825 0.9194
6 0.87 0.8093
6 1.6125 1.9569
4 1.785 0.9668
5 0.8025 1.0425
7 1.6275 1.5506
7 2.625 2.5473
7 1.5525 1.3361
5 0.8175 0.9655
6 0.2025 0.3154
7 0.48 0.4773
4 2.595 2.7573
4 1.1925 1.4104
4 2.2125 1.7179
6 0.2775 0.287
7 0.1875 0.126
4 0.36 0.4364
7 0.015 0.1102
6 1.485 1.5888
6 2.2425 2.2587
5 2.175 1.9955
7 0.78 0.691
4 1.6125 1.7675
7 1.6425 1.6038
6 1.6725 1.441
5 0.9075 0.6465
6 0.7425 0.8363
5 0.525 0.4536
6 0.42 0.4032
6 2.9325 2.8145
7 1.65 1.1833
6 1.68 1.2854
5 2.19 2.0832
5 0.4275 0.3134
7 0.855 0.7993
4 0.03 0.1694
5 1.6575 1.3695
6 2.5275 2.5767
4 1.3425 1.9576
7 1.89 1.9013
6 2.085 2.0615
5 0.9975 1.2865
6 0.4425 0.4216
6 2.73 2.7951
4 1.905 2.398
7 2.475 2.3981
4 0.105 0.0573
6 2.01 1.7614
7 2.9325 3.011
7 0.9075 0.9043
6 2.8125 2.8787
6 1.9125 1.5282
6 1.2975 1.557
7 2.58 2.5366
7 0.6675 0.6101
7 1.5525 1.3205
5 0.2625 0.1627
6 0.03 0.0791
4 2.325 2.1519
5 1.8675 1.5547
5 0.0675 0.083
7 0.7275 0.7833
5 0.8475 1.7963
5 2.5575 2.3885
4 1.095 1.4323
7 0.57 0.4883
5 2.1825 1.9268
4 0.03 0.3398
5 2.6025 2.3756
4 2.865 2.9337
7 1.545 1.823
4 0.0975 0.2658
6 1.4925 1.4821
7 2.595 2.6054
5 0.36 0.252
4 2.1675 2.2474
7 1.53 1.6375
7 1.3425 1.3759
7 1.5975 1.2583
4 1.0125 0.5377
5 1.1475 1.1181
7 1.215 1.2289
5 0.585 0.5303
5 0.8175 0.7475
6 2.3475 2.3464
6 2.7225 2.6689
7 2.055 2.0316
4 0.255 0.5892
5 0.2475 0.301
7 2.0925 2.1025
5 0.4575 0.6735
6 2.4525 2.4327
5 2.175 2.2847
5 2.925 2.9271
7 1.1325 1.3812
4 1.7175 1.8544
7 2.955 3.0067
5 0.75 0.9388
6 1.6125 1.4675
6 0.39 0.3136
6 1.4775 1.3642
6 0.765 0.8802
7 2.025 1.9355
4 1.0575 0.9802
4 2.4675 2.5353
5 2.43 2.4467
7 2.4075 2.3458
6 2.79 2.6664
7 0.6975 0.652
4 2.67 2.7544
6 1.2075 1.5271
5 1.7325 1.9584
7 0.7275 0.6176
4 1.38 1.1717
7 2.6175 2.5963
6 1.605 1.3488
4 0.3075 0.7569
4 0.8925 1.4924
7 0.57 0.6531
6 0.66 0.6042
6 1.59 1.1104
7 2.19 2.2827
7 1.725 1.4958
7 0.645 0.6298
7 2.655 2.7346
6 1.11 1.0064
4 2.1075 1.3954
4 1.1175 1.1141
4 1.4475 0.7943
7 0.15 0.0662
5 1.035 1.5171
6 2.7075 2.7149
6 2.7975 2.8797
4 1.485 1.0226
6 0.4875 0.5528
5 2.595 2.7516
5 2.415 2.3347
4 2.04 2.3973
4 1.62 1.7444
6 2.685 2.6438
7 0.615 0.6778
6 1.2525 1.162
6 2.325 2.3552
4 1.95 2.4627
6 1.5975 1.439
6 1.335 1.4897
6 0.48 0.4702
7 2.8725 2.7884
4 0.4725 0.3255
7 0.0 0.0757
5 2.9925 2.9215
5 2.235 1.7652
5 2.5425 2.4677
6 0.9375 1.361
6 1.3425 1.0506
6 2.865 2.7579
7 0.66 0.6417
4 1.5675 0.952
6 0.165 0.2269
7 0.6225 0.688
7 2.6625 2.6654
6 0.405 0.3664
4 1.59 1.5368
5 0.06 -0.0222
7 2.0325 1.5871
6 1.2525 1.6409
7 1.995 2.2817
6 1.5825 1.3666
7 2.52 2.6249
5 0.3525 0.3785
7 0.3525 0.3932
6 2.8425 2.8304
5 1.275 1.9007
6 2.6775 2.6969
4 1.5225 1.5005
6 1.1325 1.273
7 0.975 1.0267
7 2.235 2.0968
7 0.7875 0.8648
7 0.2325 0.3058
5 0.2625 0.1926
5 2.0775 2.1244
4 2.0625 2.0152
5 1.2375 1.6203
7 2.9475 2.9646
7 1.305 1.6599
6 1.98 1.8538
6 2.3175 2.1931
5 1.0125 1.3525
6 1.1625 1.3569
5 0.885 1.4662
5 2.2725 1.9933
7 2.43 2.4472
5 1.05 1.6443
6 0.21 0.1032
5 0.2775 0.0968
5 0.5625 0.7879
4 2.22 1.4901
4 2.67 2.9085
7 2.955 2.8889
5 0.5025 0.5707
7 2.265 2.1915
5 0.9525 1.0176
5 0.3525 0.3989
5 0.2775 0.3362
6 1.92 1.5672
5 0.4125 0.4526
6 2.13 2.2508
5 0.15 0.0876
4 2.7225 2.7322
4 1.38 1.9867
4 1.9725 1.676
4 0.6825 0.4812
7 2.9625 2.9596
4 1.89 0.9534
4 1.755 1.5832
5 0.51 0.4606
6 0.6675 0.643
4 1.8975 2.22
6 1.2075 1.3164
4 2.7525 2.5427
6 1.8525 2.0116
5 2.82 2.7817
7 2.9925 2.8864
6 1.05 1.1658
4 2.5725 2.7074
6 0.24 0.3645
6 0.27 0.3986
5 0.885 0.5408
7 2.9925 2.9817
4 2.1525 1.1661
6 2.4975 2.5444
7 2.49 2.4471
5 0.45 0.3584
4 2.2125 2.0782
5 1.65 1.839
7 2.04 2.0095
7 0.825 0.8523
6 2.355 2.2884
4 1.53 1.3304
4 2.6325 2.3995
7 2.025 2.0504
6 2.6175 2.6219
4 1.605 1.7887
4 0.0675 0.1528
6 2.8125 2.8417
6 2.865 2.757
7 2.865 2.9895
6 1.0275 1.4478
5 1.5975 1.618
7 1.3125 1.399
4 1.815 1.534
7 2.5425 2.4235
7 2.7975 2.8395
5 0.555 0.4824
6 2.0925 1.703
7 0.885 1.0094
7 0.1125 0.0847
7 2.325 2.2281
7 2.6175 2.5789
6 0.4725 0.4979
4 0.8625 0.571
7 1.665 1.4246
7 1.9875 2.1083
6 2.5875 2.5344
7 0.4275 0.3941
7 0.5775 0.4653
7 1.5375 1.545
5 2.175 2.3103
5 1.785 1.5102
7 1.1775 1.4054
5 0.66 1.1926
6 1.6275 1.746
5 2.7375 2.7129
7 0.4575 0.5322
5 0.06 0.2205
4 1.7775 2.2616
4 2.265 2.1889
7 1.3125 1.2749
5 0.5475 0.5676
7 0.5025 0.6244
6 2.085 2.284
4 1.6275 0.9676
5 0.99 0.912
7 0.24 0.1929
7 2.535 2.3898
7 1.0425 1.051
6 0.5625 0.5986
7 0.105 0.0599
6 2.0925 2.0822
5 1.0725 1.268
5 2.22 2.2912
4 0.285 0.3133
7 1.3125 1.2609
4 1.8675 1.3807
4 0.255 0.0286
4 1.32 0.9754
4 2.4075 2.3115
7 2.3775 2.3644
6 2.0025 1.7782
7 1.1925 1.0986
6 2.22 2.0765
7 1.56 1.7323
4 1.995 1.4532
4 0.4875 0.2153
6 0.21 0.1404
5 0.7725 1.0263
6 2.76 2.8355
5 0.6075 0.7339
5 2.685 2.661
5 2.7 2.735
7 2.85 2.7292
4 1.635 2.5537
7 0.27 0.3428
5 2.4 2.2717
6 1.7775 1.7936
5 0.66 0.8
5 2.7375 2.6957
6 2.6925 2.6554
4 2.9625 2.9087
6 0.48 0.4986
5 1.6425 1.7937
5 2.1 1.9684
5 0.7875 0.6904
5 1.275 1.7345
4 2.205 2.1903
4 0.27 0.3512
7 1.365 1.3211
7 1.965 1.7762
4 1.2225 0.908
7 2.5275 2.5182
7 2.055 1.8217
4 1.7775 2.1369
7 1.35 1.1774
6 1.815 1.1657
7 1.47 1.2766
7 2.3325 2.2729
4 0.84 1.1637
7 0.66 0.5497
4 1.305 0.5939
7 0.0525 0.2305
4 1.3875 1.8603
7 1.1025 1.2534
7 0.9075 0.8439
5 2.805 2.887
5 1.41 1.9104
5 2.475 2.4488
4 1.9575 2.3526
5 1.2525 1.6534
6 2.4075 2.2644
4 0.66 0.5927
4 2.0325 1.7539
5 0.69 0.919
5 2.0325 1.6565
5 1.4325 2.254
7 2.73 2.71
5 2.6025 2.4542
4 0.255 0.0951
4 0.5625 0.7329
4 1.14 1.5886
6 2.73 2.7239
7 2.3025 2.4316
5 2.97 3.039
5 0.51 0.3291
5 2.7525 2.5631
7 2.295 2.1826
7 0.21 0.2244
7 2.1075 1.9182
4 0.435 0.8791
6 1.3125 1.2465
6 2.4975 2.4788
4 0.855 1.0026
5 1.0125 1.7069
6 2.0025 2.018
6 0.06 0.0816
5 2.985 2.9333
7 0.0225 0.0697
6 2.4375 2.6618
5 1.965 1.7237
7 1.4775 1.5866
6 2.8575 2.8849
6 0.9975 1.5639
7 0.0225 0.0245
6 2.73 2.7514
5 0.2925 0.265
5 0.9 1.2026
7 2.28 2.3431
6 2.1375 1.9652
7 0.2325 0.1918
5 1.89 1.2298
5 1.4025 1.1518
7 2.9925 2.9116
5 2.325 1.8023
5 2.4225 2.3737
4 1.4175 1.2949
4 1.0725 0.7607
6 2.385 2.3966
4 1.155 2.2191
4 1.365 1.8422
5 2.685 2.7622
5 0.84 0.6283
7 2.9925 2.764
5 2.595 2.4536
4 2.475 2.6291
5 0.435 0.3821
4 0.6525 0.5892
4 1.005 1.0027
7 1.4325 1.1492
5 2.58 2.7215
4 2.1225 1.6182
5 2.865 2.9137
5 2.8425 2.8005
6 1.9575 1.4514
4 1.11 2.2395
7 1.905 1.7734
6 0.675 0.7283
5 0.06 0.1765
5 2.8425 2.8563
7 1.6725 1.2168
5 2.6925 2.9001
6 2.9925 2.9577
4 2.04 0.945
5 0.42 0.3969
5 2.6475 2.7572
4 0.5475 0.4062
4 0.39 0.4601
4 1.29 1.3102
7 1.485 1.6653
4 1.77 1.6315
5 0.42 0.325
4 1.11 0.9443
7 0.69 0.6725
4 0.5325 0.5129
4 0.93 1.9226
7 1.0725 1.4983
5 1.65 1.3529
5 2.685 2.7292
6 2.355 2.2849
7 1.74 1.4619
6 1.4775 1.1301
5 2.625 2.5422
5 0.9375 1.4362
5 1.4475 2.2229
4 2.6625 2.5893
5 0.3975 0.1365
5 2.6925 2.7218
7 1.695 1.7802
5 0.24 0.2046
7 0.315 0.3497
4 1.1775 1.3633
4 1.0875 2.22
6 1.5975 1.3361
7 1.83 1.8259
7 0.75 0.7501
6 0.0675 0.0626
4 2.0625 1.3595
6 1.0725 1.668
6 0.5625 0.6514
4 0.405 0.6086
4 0.99 0.8862
4 1.2075 1.4058
6 2.145 0.6538
6 1.0875 1.32
4 1.3725 1.8351
7 0.39 0.3262
6 1.2525 1.2533
5 0.1275 0.1441
6 1.8675 1.8777
6 2.145 2.0157
7 0.3975 0.4331
6 0.2475 0.204
7 1.125 1.0114
6 2.9175 3.031
4 2.6925 2.0276
6 1.3575 1.2853
6 2.1825 2.0641
5 1.635 1.2955
7 2.295 2.1837
5 2.265 2.2138
7 2.7525 2.7119
4 2.64 2.8326
7 0.9675 0.7635
6 2.31 2.1683
4 0.0375 0.2278
7 1.2675 1.4739
4 1.7475 0.9887
4 0.9975 1.0827
4 2.76 2.8776
4 0.63 0.3676
4 2.4375 2.2743
5 0.2325 0.09
6 0.51 0.4998
4 1.3275 2.1919
5 2.1675 2.0486
6 2.43 2.4838
7 1.29 0.9608
5 2.6625 2.6046
6 1.8825 1.9062
7 2.7225 2.6654
7 1.6275 1.6533
6 2.97 2.9992
5 2.7075 2.5496
5 1.4175 1.9942
6 2.1525 1.9812
7 1.5675 1.4847
6 0.8625 0.8399
4 0.6075 1.031
6 2.67 2.5583
7 1.8 1.7284
6 2.985 2.9443
5 1.26 1.1002
4 1.05 2.0623
7 2.4225 0.9905
6 0.0075 0.1183
7 1.5225 1.407
4 0.705 1.1301
7 1.6875 1.5925
6 0.7275 0.722
4 0.2025 0.3114
5 0.63 0.6898
5 1.185 1.1365
4 1.665 1.8679
6 0.6975 0.6642
6 0.1575 0.1273
6 1.86 1.7209
7 1.9275 2.0669
7 2.5125 2.4767
6 1.8 1.4947
6 2.82 2.7927
6 2.895 2.9336
6 1.7025 1.5819
4 2.5275 2.2997
7 1.98 2.0207
7 1.05 1.0031
4 2.4825 2.3736
6 2.9325 2.9837
7 0.225 0.2043
4 0.81 1.3009
4 2.13 1.9652
5 1.8825 1.5594
5 0.195 0.3337
4 1.485 1.2841
5 2.31 2.1511
4 2.685 2.7109
6 2.1075 2.2275
7 0.0375 0.0551
4 2.82 2.5914
7 1.0725 1.1315
5 1.6275 1.36
6 2.1075 1.9483
5 1.9125 1.3053
5 0.375 0.4387
6 2.22 2.2389
6 0.84 1.0338
4 0.315 0.5902
4 2.325 2.4356
5 2.0325 1.2748
4 1.7325 1.6993
6 0.8175 0.8818
7 1.05 1.3877
4 0.225 0.1075
6 2.4525 2.3794
5 2.31 1.5643
7 1.2825 1.4738
7 1.455 1.3834
7 2.685 2.5043
6 0.45 0.399
6 1.26 1.4867
6 2.445 2.5063
6 1.26 1.7933
5 1.875 1.9125
6 1.8825 1.8824
6 2.01 2.0263
5 1.83 1.984
5 0.9225 1.4746
4 2.9175 2.9331
4 1.8825 2.0809
5 2.64 2.5121
5 0.345 0.365
6 2.8425 2.9428
5 2.9925 2.9028
4 1.8975 1.3628
6 0.5025 0.399
5 2.6625 2.7328
5 0.2925 0.233
6 1.605 1.255
5 2.7225 2.6001
7 1.725 2.0223
4 2.4525 2.4508
4 1.8675 0.9847
5 1.9875 2.0372
6 0.255 0.3677
4 1.6275 1.1342
4 0.6675 1.0141
7 0.9975 1.0468
4 1.98 2.4051
7 2.01 1.8719
6 2.9025 2.8383
7 2.55 2.5717
4 1.4475 1.9904
6 1.86 1.9023
4 2.0025 1.1163
4 2.3175 2.2006
4 0.4275 0.4775
6 0.4875 0.3622
7 2.67 2.6453
5 1.2375 1.8915
5 2.535 2.6307
6 0.33 0.3893
7 0.3975 0.3722
4 0.975 0.7097
7 2.76 2.6937
5 2.3475 2.0069
5 0.3225 0.2152
5 1.3125 1.3727
7 1.29 1.0622
4 0.1275 0.1071
5 1.0425 1.1018
6 2.385 2.257
4 0.8325 0.9809
5 1.29 1.6183
5 0.945 1.1387
7 2.7825 2.8132
7 1.2975 1.2938
5 0.5175 0.6048
4 0.1575 0.1115
4 2.6925 2.6788
6 2.745 2.7067
5 0.1125 0.0353
5 0.5025 0.5045
6 1.5825 1.6887
4 2.985 2.8897
7 1.4775 1.8125
4 0.09 0.2257
6 0.975 1.2379
5 1.92 1.4639
7 2.31 2.4199
4 2.415 2.5284
5 2.9925 2.9561
6 2.835 2.8832
7 2.205 2.2613
4 1.5975 1.674
6 2.8575 2.8368
7 2.1675 2.1065
6 0.78 0.7209
5 1.095 1.3198
7 1.665 1.7153
4 0.465 0.8957
4 0.5325 0.5287
5 1.68 1.4789
7 2.9625 2.9739
7 1.0875 0.8241
7 2.3025 2.3896
5 1.995 1.314
5 2.61 2.6253
6 2.16 2.3649
5 0.5625 0.5225
5 2.01 1.0676
7 0.6375 0.5433
5 2.76 2.9522
4 1.77 1.0349
7 1.9125 1.8186
7 0.75 0.6352
4 2.5275 2.1292
7 1.515 1.7692
5 2.4525 2.5021
7 0.3 0.4105
6 1.7625 1.3899
7 2.76 2.7412
5 0.435 0.3014
4 1.17 1.8478
7 0.255 0.1836
5 0.45 0.5332
6 0.3225 0.2737
6 2.4675 2.4095
6 2.07 2.1889
5 1.5225 1.5466
6 2.7 2.6425
4 0.63 0.5377
6 2.7825 2.8555
7 0.2475 0.2539
7 2.64 2.6448
4 0.735 0.4632
7 0.42 0.4208
5 2.16 2.0155
7 1.53 1.4732
4 2.0925 2.1418
7 0.3675 0.4081
4 2.5425 2.5397
5 0.735 0.7822
5 1.3725 1.2904
5 1.1625 1.8324
4 1.71 1.3396
5 2.085 1.3651
6 1.965 1.7289
7 0.3675 0.3922
7 2.16 2.1332
6 2.8125 2.7448
5 2.6475 2.65
5 1.5375 1.1882
5 0.975 0.9735
7 2.205 2.1497
4 1.2 1.5586
5 0.4425 0.3446
5 2.1375 1.7798
6 1.695 1.7421
7 2.43 2.4284
4 0.4275 0.2406
4 0.9675 2.083
6 0.825 0.8071
6 0.84 1.2215
5 1.0425 1.6185
7 2.37 2.4395
6 0.03 0.1287
5 2.6625 2.7561
7 0.0375 0.073
6 1.2825 1.4963
7 1.2375 1.1664
6 2.88 2.8255
7 2.6925 2.718
7 0.5775 0.5036
7 1.62 1.8786
4 0.3375 0.3234
6 0.8475 1.1927
6 0.5325 0.5027
4 1.0875 1.2122
4 2.1 1.5619
5 2.6925 2.5346
7 1.2225 1.3524
4 2.76 2.3572
4 2.2425 2.0555
6 2.31 1.9561
6 0.735 0.635
6 0.9825 1.0189
5 0.72 0.7832
4 2.415 1.9045
7 2.8275 2.8722
5 0.7575 1.0617
6 2.535 2.465
4 0.0075 0.0978
7 1.2 1.4177
5 2.775 2.7432
5 0.465 0.3699
4 2.0325 1.1518
4 1.3125 1.4739
5 0.195 0.2026
4 2.745 2.5182
4 1.2675 1.1326
4 1.2075 1.2178
6 0.825 1.1126
6 0.69 0.5584
7 0.6225 0.7389
6 2.16 1.9712
7 2.145 2.3848
5 0.0225 0.0638
5 2.6175 2.5759
7 0.39 0.4732
7 1.875 1.9381
4 1.065 1.2375
6 2.91 2.9799
5 2.5575 2.6658
4 0.54 0.4894
6 0.045 -0.0405
7 1.59 1.3504
7 1.98 1.9364
6 1.7175 1.3524
4 0.615 1.1317
7 0.915 1.0682
7 0.6525 0.7239
4 2.6175 2.5553
7 2.7 2.6928
6 2.9175 2.8798
4 0.0525 0.0959
7 0.54 0.5774
7 1.455 1.314
4 0.57 0.6346
4 0.0375 0.2257
5 1.845 1.9127
7 1.9725 1.5404
5 0.0525 0.0524
4 0.4875 0.8998
5 2.085 1.4418
4 2.16 2.2234
5 2.715 2.7947
5 0.66 0.9788
5 2.295 2.397
4 1.23 1.0932
5 2.805 2.9024
4 0.345 0.4089
5 2.4225 2.4073
7 2.13 2.1283
6 1.2375 1.62
7 1.155 0.9231
7 0.315 0.3666
5 0.45 0.2784
4 0.615 0.4698
5 1.6425 2.0994
7 2.0325 1.6993
6 2.8425 2.8415
7 2.4375 2.4589
7 0.495 0.4657
5 2.715 2.7591
7 2.325 2.1847
4 1.275 0.8012
7 0.2775 0.2528
4 0.9075 0.9522
5 2.8275 2.6878
7 2.7675 2.8407
4 0.075 0.1484
7 0.8925 1.0519
4 2.1675 1.4446
6 1.4625 1.2825
5 0.165 0.1993
7 2.8725 2.9418
6 0.9675 0.9382
6 0.555 0.4314
5 0.5775 0.8428
4 1.845 2.1628
5 2.655 2.5387
6 2.6175 2.5691
6 2.7825 2.8855
7 2.49 2.5238
4 2.4525 1.6377
6 1.98 2.0781
4 1.7925 2.1262
4 0.12 0.1698
5 1.8675 1.5265
4 2.76 2.8988
4 2.22 2.1931
6 1.695 2.1209
4 1.545 0.921
7 0.0075 0.0622
7 1.455 1.6028
4 1.4625 1.753
7 2.505 2.588
5 1.335 1.3672
5 2.1975 1.6539
4 1.4175 1.5821
6 1.0575 0.7754
5 1.665 1.4545
4 2.1225 1.3846
4 0.1275 0.2092
4 1.125 0.8301
7 2.6625 2.7622
5 0.0825 0.1411
7 0.615 0.5935
5 1.68 1.6999
6 0.9375 1.0658
7 0.7875 1.7872
6 2.6325 2.7904
5 0.675 0.7012
5 0.945 1.0962
5 1.6425 1.4825
5 2.265 2.2619
5 2.1075 1.5585
6 1.4475 1.5082
4 1.8 0.7846
4 2.94 2.8289
4 2.04 2.2611
5 2.7 2.6075
4 1.47 2.1705
4 2.31 2.4372
7 2.4975 2.5815
5 2.8425 2.7275
7 1.2075 1.2578
4 1.6275 0.9081
5 0.5175 0.4691
4 0.495 0.4793
4 0.3075 0.3202
4 2.4375 2.4479
6 0.1875 0.2467
5 2.4825 2.4299
6 2.5425 2.6685
5 1.77 1.0178
5 2.4975 2.5755
4 0.3675 0.6738
7 0.735 0.7734
5 1.65 0.9667
7 2.34 2.3164
7 2.82 2.957
6 0.825 1.1011
5 0.54 0.5101
7 1.5075 1.7859
4 1.065 1.3376
7 2.805 2.8211
5 2.5725 2.5422
5 1.0575 0.8174
4 1.5975 1.9852
7 0.9225 0.8249
6 0.6675 0.7423
5 0.48 0.4645
5 1.8225 1.0267
7 0.39 0.4026
6 0.7125 0.7312
7 2.0625 2.0847
5 2.145 1.6519
6 0.87 1.0681
6 1.86 1.6753
4 1.455 1.9624
4 0.6975 1.3499
7 1.2825 1.2473
5 1.9125 1.7638
7 2.5425 2.4229
5 0.8325 1.2141
4 0.705 1.0992
5 1.41 1.9725
5 1.5525 0.7488
7 2.3325 2.3354
4 0.345 0.4854
4 2.5875 2.3165
7 2.79 2.8024
7 2.7075 2.764
4 1.215 1.3907
7 1.575 1.5775
5 1.305 2.0727
7 0.7725 0.9272
5 1.9125 1.3106
7 0.8025 0.9504
7 0.21 0.1794
5 1.245 0.9539
4 0.0525 0.1737
7 0.9675 1.0141
5 2.52 2.5475
5 1.5675 1.373
7 0.81 0.8625
7 1.9575 1.9353
5 2.16 1.5926
6 0.7575 0.9769
5 1.8975 2.0917
6 2.265 2.2876
7 0.0825 0.0377
6 1.02 1.4027
5 2.61 2.6061
4 0.45 0.3907
5 1.89 1.6405
6 2.685 2.6948
5 1.365 2.1168
4 2.3325 2.3897
6 0.0525 0.069
6 0.075 0.1158
4 1.23 1.3058
7 2.6175 2.6432
6 2.8125 2.8656
5 0.6375 0.565
5 0.315 0.3692
5 2.2875 2.4488
4 2.235 2.2591
4 2.535 2.5946
6 1.8525 1.5791
7 0.1275 0.1234
5 2.3625 2.2919
4 2.8875 2.9045
5 1.1325 1.2051
4 1.605 1.0705
7 0.8325 0.7973
6 2.205 2.2438
4 1.32 1.3971
6 0.465 0.4344
6 1.515 1.3608
4 1.9425 2.445
5 0.1875 0.22
5 0.54 0.7167
6 2.625 2.6887
6 2.49 2.4856
6 0.975 1.3186
7 0.2475 0.1764
5 0.4425 0.4395
7 1.305 2.0144
4 2.85 2.6502
5 1.545 1.9077
4 0.8775 0.9006
7 1.5375 1.6293
6 1.2375 1.218
4 0.705 0.7632
7 0.66 0.791
4 2.94 2.7615
7 0.345 0.2174
6 0.855 0.874
5 2.7225 2.8123
5 2.895 2.9873
4 0.2775 0.1808
6 2.3925 2.442
4 1.455 2.1581
7 1.845 1.6478
4 1.6575 0.7837
7 1.6125 1.8125
4 0.6675 0.4888
7 0.36 0.365
4 2.82 2.8356
4 1.7475 1.1344
4 1.845 1.7019
4 1.2375 1.2717
6 1.65 1.4245
6 2.1375 1.9085
6 0.7425 0.9923
5 2.4675 2.5569
5 1.0275 1.3428
5 1.7325 1.3054
7 1.7325 1.4794
7 0.645 0.6126
5 2.79 2.7668
7 0.3825 0.3701
6 1.8 1.3338
5 2.205 2.2819
7 0.975 0.9973
4 1.47 1.4673
6 0.63 0.4929
5 1.2525 1.5704
7 1.14 1.5288
6 0.255 0.3518
5 1.02 1.2281
7 0.7275 0.764
7 0.63 0.5383
4 1.215 2.1682
7 2.115 2.149
7 2.565 2.5704
5 2.0775 1.3473
6 1.05 1.8309
6 1.6125 1.8822
5 1.9575 1.2643
7 0.9675 0.9686
5 1.5225 1.906
5 2.73 2.7602
6 0.66 0.7249
6 0.5175 0.6071
4 0.465 0.5585
6 2.3775 2.4352
7 0.735 0.7524
4 2.5725 2.4986
6 2.52 2.47
6 2.385 2.2034
6 0.1725 -0.0449
6 2.49 2.4836
7 1.2075 1.448
7 2.79 2.7602
5 0.24 0.2052
4 1.41 0.8384
6 1.14 1.1151
5 1.935 1.7024
6 0.9825 0.8901
7 0.285 0.332
5 2.295 2.2453
6 2.2875 2.2201
7 1.2375 1.117
4 0.7125 1.8709
5 0.5925 0.9627
5 1.4025 1.3602
5 0.99 1.4874
5 2.9325 2.9642
4 1.8 0.9611
4 0.8925 1.0329
4 1.4325 2.2933
7 2.9175 2.8534
5 1.4625 0.7342
7 0.2625 0.1869
5 2.3025 2.4658
7 0.8325 0.8393
5 1.1475 1.1922
4 2.2875 2.502
6 1.08 1.3085
6 2.94 2.8962
4 0.285 0.4705
4 2.34 2.549
7 2.715 2.8493
4 2.73 2.5971
4 1.815 1.3065
5 0.6375 0.6238
6 1.32 1.4061
6 1.125 1.1974
6 1.965 1.5717
5 2.8575 2.8766
6 1.275 1.6713
4 2.715 2.4189
7 2.205 2.238
4 1.62 1.757
4 2.2275 2.4185
5 0.3825 0.3374
4 2.22 1.5911
4 0.7875 1.3887
4 1.38 1.1941
7 2.4225 2.3819
6 1.05 1.1625
4 0.3 0.4143
6 0.285 0.1748
6 1.5 1.8346
7 2.325 2.2972
5 0.2025 0.0474
4 0.2175 0.3197
6 1.5525 1.4381
7 1.8525 1.9154
5 1.11 1.4393
6 1.4475 1.607
5 1.05 1.6337
4 0.5475 1.3573
4 0.5925 0.6404
6 0.9675 0.779
6 0.0825 -0.0216
6 0.12 0.2015
6 2.9175 2.9818
7 1.485 1.8937
6 0.585 0.5985
5 0.5925 0.5883
6 0.9675 1.3893
6 1.095 0.8755
4 0.3225 0.5017
6 1.4625 1.4764
4 2.5575 2.1673
4 2.475 2.6443
4 2.5575 2.4404
5 0.0675 0.1533
6 1.2675 1.6258
5 0.0075 -0.0003
4 1.545 1.5586
6 0.7275 0.6787
7 2.115 1.7998
4 2.4825 2.2498
7 2.3925 2.3529
5 0.6375 0.8181
7 1.9725 1.6912
7 1.14 1.4213
7 2.9025 2.8836
4 2.7 2.8546
7 1.4475 1.4205
6 1.0425 0.8863
6 0.735 0.6866
7 1.74 1.4316
6 0.765 0.9369
4 1.5225 1.8727
4 0.24 0.2326
6 1.755 1.6169
6 0.6 0.6926
7 0.885 1.0206
6 2.9475 2.878
6 2.775 2.7175
6 1.995 2.2679
7 2.5575 2.638
6 1.395 1.3581
5 2.625 2.519
5 1.8 1.5914
4 0.0525 0.378
6 1.47 1.7565
5 2.625 2.5548
5 2.61 2.6405
5 1.5075 1.5041
6 0.975 1.0865
5 2.46 2.2193
6 2.895 2.8035
6 0.3675 0.3744
6 1.545 1.5033
4 1.2825 1.9601
7 2.7975 2.7141
6 1.3125 0.9795
5 1.8225 1.2358
7 0.915 0.9391
6 0.675 0.6628
4 0.1125 0.0478
5 0.6525 0.6966
5 0.6 0.4371
5 1.2375 1.3684
6 2.1225 2.0287
5 2.0475 2.0563
5 0.9975 1.5712
6 2.67 2.7699
4 0.7875 0.8416
4 0.345 0.6232
4 0.96 2.2342
5 2.0025 2.0266
7 2.0475 2.054
7 1.665 1.4128
5 2.19 2.1871
6 0.615 0.6994
5 2.1075 1.8483
6 1.9425 2.1481
5 2.9475 2.9184
5 1.1625 2.9645
5 2.535 2.6749
4 2.5575 2.4927
6 2.9325 3.0261
7 1.2075 1.4724
4 2.67 2.5252
5 0.405 0.5625
7 2.355 2.2935
4 1.2975 1.305
7 0.135 0.1993
6 2.085 1.9841
7 1.125 1.2966
4 1.7475 1.4767
4 0.015 0.1268
5 0.4875 0.7548
4 1.62 1.7004
4 0.6525 0.8862
4 0.21 0.1826
6 1.065 1.5969
5 1.92 1.8144
5 1.0725 0.6657
5 0.765 1.3012
7 2.1675 1.9504
7 1.785 1.3328
5 2.955 2.8887
5 2.28 2.0868
4 1.3725 1.3261
7 1.1175 0.8301
7 1.395 1.2365
6 2.5875 2.4596
4 0.6375 0.7712
7 2.0625 1.8091
4 2.0175 1.7755
6 0.5475 0.6133
5 0.57 0.505
4 2.2575 0.9475
5 0.39 0.4876
7 0.1425 0.1528
5 2.445 2.3839
7 0.51 0.6165
6 0.09 0.0878
7 1.125 1.2516
4 0.5025 0.4312
4 0.4275 0.3286
5 2.1675 2.3196
5 1.7925 1.7614
5 0.6675 0.4718
6 1.6575 1.0813
7 1.29 1.2322
5 0.2625 0.219
4 2.6775 2.7505
7 0.0375 0.1187
7 2.445 2.4182
5 2.0475 1.7286
5 0.6675 0.4476
7 0.9675 1.0919
4 2.2725 1.864
5 0.585 0.5695
7 1.35 1.6365
6 0.72 0.639
5 1.3875 1.241
6 1.2975 1.195
6 1.3275 1.2972
5 1.1625 1.4578
5 1.0725 1.1534
6 0.8325 0.9303
7 2.8275 2.9193
5 2.445 2.2771
7 2.82 2.7817
6 1.845 1.8505
6 0.495 0.3463
7 1.815 1.6297
6 1.095 1.1786
5 0.9975 0.8297
7 2.0325 1.8681
5 0.3675 0.2076
6 0.3825 0.4055
5 2.7075 2.6797
5 1.08 1.6958
6 1.41 1.5087
4 1.8225 1.7802
5 1.6275 1.6837
5 0.33 0.3557
7 2.955 2.8581
7 2.505 2.619
4 2.4525 1.4451
4 2.25 2.0278
4 2.64 2.5285
4 2.835 2.8488
5 2.265 2.2034
7 1.9425 1.7769
6 0.81 0.8706
4 0.8475 1.0748
5 1.4025 1.9077
5 1.44 2.0252
6 1.32 1.3999
7 1.695 1.5661
6 1.44 1.0438
7 2.2125 2.1986
5 1.695 1.2919
5 2.4525 2.5137
6 0.3975 0.4491
6 0.4125 0.4041
7 1.35 1.4418
4 2.4525 2.3108
7 1.1625 0.8974
7 2.985 2.963
4 2.04 1.6337
4 1.545 1.982
6 0.3375 0.3738
4 2.835 2.7751
7 2.6025 2.6033
4 1.53 0.4492
6 1.1475 1.2448
6 2.3625 2.0935
5 1.14 2.0023
6 0.0075 0.0806
7 0.15 0.1586
7 1.545 1.4753
5 1.6875 1.842
7 2.7375 2.7923
6 0.8325 0.865
7 0.765 0.7505
7 1.9425 2.0605
6 0.5625 0.522
4 0.5325 0.5
6 1.965 1.8582
7 1.1175 1.0253
5 2.7675 2.8665
7 0.765 0.737
4 1.95 2.2226
4 0.3375 0.3934
7 2.1075 2.2425
5 1.3575 1.5084
5 2.7825 2.6485
6 0.1425 0.0433
7 1.875 1.6824
5 2.1 1.6948
5 1.8 1.2782
4 0.51 0.6512
4 1.05 1.0247
6 2.9175 2.9712
5 0.6525 0.6919
4 1.1475 1.9316
5 0.915 0.959
6 2.955 2.8783
4 0.135 0.3513
4 1.2075 1.1474
6 0.3 0.3134
7 2.5725 2.4421
6 2.7525 2.7097
4 0.435 0.6682
4 1.365 1.7476
5 2.1975 1.7187
6 2.64 2.645
4 1.92 2.1997
4 2.445 2.145
5 0.6075 0.6908
5 0.315 0.4997
4 2.3775 2.1748
6 1.2375 1.7238
4 1.545 1.0412
7 0.63 0.6958
5 1.74 2.4135
4 1.65 2.3347
6 1.14 1.3009
7 2.3475 2.2906
6 2.7225 2.7412
7 2.73 2.7303
7 0.195 0.3046
6 1.4775 1.5392
6 0.0 0.0375
5 1.095 0.7697
5 0.3375 0.5165
4 1.935 1.7558
4 0.165 0.1116
4 0.1875 0.2937
4 0.1425 0.2541
7 2.1 1.9753
5 1.575 1.5675
7 0.465 0.3843
7 0.51 0.5087
7 0.0225 -0.0054
7 2.4525 2.4376
4 2.3625 2.2246
7 2.805 2.8001
7 2.2725 2.1626
4 2.355 2.101
7 1.305 1.4801
5 2.19 1.8168
5 2.8275 2.8673
4 2.505 2.3911
6 2.5275 2.5829
7 2.8125 2.827
6 0.8925 1.0177
6 2.9025 2.9596
4 2.7675 2.6406
4 0.36 0.3932
6 1.7925 1.6927
4 2.985 2.7082
7 2.0175 1.9162
6 2.1825 2.0454
7 0.8475 0.824
4 1.56 1.7615
6 0.3 0.2574
5 1.11 1.4561
5 2.2575 2.2964
6 1.29 0.9326
7 2.235 2.3058
6 2.205 1.9399
4 1.56 2.0088
4 0.2475 0.2912
7 0.675 0.7033
6 2.5125 2.4974
6 1.1325 1.3136
6 0.315 0.2812
6 2.1825 1.8102
7 1.1775 1.4118
4 2.6025 2.7089
6 0.8925 0.9445
7 0.0975 0.0127
7 0.75 0.7612
6 0.9 1.1274
4 0.2175 0.1443
7 1.32 1.327
7 0.225 0.2244
7 0.585 0.7211
4 1.875 0.8573
4 0.9075 1.4469
5 2.1525 2.1476
5 2.415 2.2375
7 1.365 1.3791
7 1.725 1.4994
7 2.55 2.5076
5 1.845 1.9265
6 1.1175 1.0421
5 1.2975 1.1286
5 1.785 1.9023
6 1.8375 1.1333
5 2.9775 2.8655
4 1.9275 1.8131
6 1.365 1.5346
4 0.615 0.2474
4 2.94 2.8149
7 0.1575 0.1392
4 0.015 0.2144
6 0.7275 0.8505
4 2.67 2.8227
4 0.63 1.5796
6 0.5775 0.6663
6 0.2475 0.2222
4 1.605 1.5491
6 1.575 1.4027
7 0.33 0.3478
6 2.1075 2.2489
5 2.2875 1.7964
7 0.7125 0.7473
4 0.4875 0.9424
5 1.9425 1.7996
4 1.5675 0.9975
4 0.8325 1.4446
4 1.2075 1.5317
7 1.38 1.269
4 2.5725 2.4436
6 2.7825 2.6903
4 2.7975 2.896
7 2.9625 2.9049
4 2.58 2.5214
7 0.2625 0.2879
4 1.665 1.3677
4 1.5825 1.2218
4 0.6825 1.5294
5 1.0725 1.6249
7 0.78 0.6592
4 2.4525 2.3962
5 1.6575 0.9911
6 0.7875 0.7704
5 0.9 1.0974
7 2.46 2.4634
5 1.7925 1.4607
6 1.4025 1.7321
7 2.5425 2.5762
5 2.8425 2.8693
5 0.7425 0.783
5 0.75 0.594
7 0.6075 0.6655
7 2.565 2.5716
4 0.465 0.5427
6 0.165 0.2179
7 0.1725 0.2151
7 1.215 1.017
5 2.685 2.5987
6 2.34 2.3082
7 1.32 1.3593
5 1.275 1.4907
7 0.465 0.4695
4 0.615 0.8377
7 2.385 2.3696
7 2.3025 2.3368
5 0.675 0.6089
7 1.9125 1.8046
7 1.65 1.6949
4 0.3525 0.4479
4 2.9625 2.9061
6 2.9475 3.0242
6 1.98 1.9405
5 0.9675 0.9735
5 2.4825 2.5332
4 0.57 0.9573
6 1.83 2.141
5 0.1425 0.2691
5 0.3225 0.5122
5 1.2525 1.2836
7 2.955 3.0162
6 0.165 0.1482
4 2.7675 2.6248
6 0.87 1.0824
6 0.2175 0.1132
5 2.91 2.9615
7 1.74 1.3039
7 2.6625 2.7052
4 1.0425 2.0969
6 2.175 2.0864
5 2.4675 2.4398
4 2.4 2.1472
5 1.665 0.7231
4 1.7475 1.6111
4 2.9175 2.5992
6 1.965 1.3544
6 2.13 2.2917
4 0.7125 0.3854
6 2.34 2.2828
5 0.045 0.1514
7 1.0575 1.0124
5 1.3125 1.9521
6 0.3075 0.2617
6 1.4025 1.1305
4 2.7075 2.6696
7 2.8875 2.89
5 0.9675 0.9415
4 0.6525 0.874
5 1.665 0.7272
6 2.235 2.3581
6 0.675 0.5567
4 2.8125 2.941
7 1.41 1.6701
7 1.65 1.5294
6 2.3175 2.2055
7 2.655 2.7407
6 0.2025 0.3057
5 2.355 2.1061
4 1.7775 1.713
5 0.615 0.63
4 1.8975 2.1946
4 2.085 1.7377
5 1.4625 1.6814
4 2.1 1.7414
7 2.07 2.0497
7 1.38 1.3425
4 2.685 2.5834
4 0.6975 0.5076
7 2.4375 2.2736
4 2.4225 2.5285
7 0.1425 0.0874
6 2.76 2.771
4 0.63 0.4455
4 1.5975 1.0892
4 1.29 1.9634
5 1.7325 1.0988
6 2.715 2.6086
7 1.0425 0.9058
6 0.3825 0.2954
5 1.62 1.5998
6 1.4325 1.6919
5 0.5325 0.9014
4 2.325 0.0302
5 0.8625 1.2322
5 1.4925 1.5719
7 1.89 1.3544
6 0.6075 0.4605
4 2.5125 2.5935
6 1.1775 0.9601
7 1.155 1.1669
5 2.0325 1.858
5 0.0075 0.1607
5 2.67 2.7148
7 2.6625 2.644
7 0.825 0.8004
6 1.065 1.1329
5 0.2175 0.2772
4 1.275 2.1456
4 2.865 2.7939
5 0.795 0.7484
7 2.8725 2.9042
5 1.2975 1.8432
7 0.795 0.7577
7 2.43 2.3191
7 2.55 2.5963
5 2.985 2.9768
7 1.6725 1.6915
5 0.3225 0.3342
5 2.2875 1.9761
7 1.365 1.5248
6 0.8025 0.8038
7 1.6575 1.4539
4 0.2625 0.3026
5 2.0625 1.9444
4 1.7925 1.9999
7 0.9525 0.8644
4 0.645 0.3656
5 1.9575 1.4716
6 1.32 1.2489
5 2.175 1.721
6 1.11 1.7794
7 2.1375 2.1583
7 1.4175 1.3464
7 0.7575 0.7173
4 2.9475 2.8215
6 2.595 2.5315
5 0.57 1.901
4 0.675 1.081
6 1.8525 1.5619
6 0.645 0.5931
5 2.22 1.5617
6 1.44 1.6258
7 2.6025 2.5042
7 0.5625 0.5558
7 0.7125 0.7678
6 0.6075 0.6321
6 1.65 1.3815
4 0.5175 0.7782
4 1.83 0.9681
7 1.4175 1.3679
4 1.3725 1.7374
6 1.305 1.5551
6 1.29 1.1564
6 0.69 0.674
7 1.56 1.1925
6 0.0375 0.0155
5 1.2 1.383
6 2.565 2.5463
7 2.3475 2.2862
4 2.73 2.9704
7 2.58 2.6595
6 1.005 1.0392
7 2.295 2.2501
5 1.7775 1.9563
7 0.975 1.3063
4 0.945 0.6302
4 1.7175 1.2366
5 1.275 1.3068
7 1.5975 1.1462
4 0.5475 1.4044
6 2.4975 2.447
5 0.5775 0.8785
4 0.5625 0.4677
7 2.7975 2.7851
4 1.02 1.5329
5 1.95 1.7293
5 2.4225 2.45
6 1.7325 1.6178
4 1.1925 0.7954
6 0.1875 0.1756
7 1.7625 1.8456
5 2.9775 2.9172
7 1.35 1.3627
7 0.8925 0.8248
7 0.2025 0.099
4 2.8725 2.9113
5 1.1025 1.7902
4 1.695 1.9774
7 1.8525 1.8845
5 1.32 1.1939
7 0.5025 0.4243
4 1.5525 1.78
6 2.1825 2.1571
7 1.9275 1.465
6 2.8575 2.8578
4 2.5875 2.6747
5 2.6925 2.6954
4 0.54 0.5464
6 1.29 1.1857
5 1.3575 1.6748
6 1.3425 1.2507
4 2.1975 1.4281
5 0.435 0.5419
4 2.355 1.938
7 2.6475 2.624
7 1.0575 0.7895
6 2.3625 2.3793
5 1.335 1.5327
7 0.1875 0.1695
6 1.4925 1.5623
4 0.015 -0.0162
6 2.715 2.6902
6 2.265 2.0918
4 1.7475 1.8653
5 2.4075 2.2718
7 1.6875 1.6
5 1.335 1.6113
4 2.6025 2.4409
7 1.0425 1.2471
4 1.5675 1.5691
4 2.01 1.5368
6 1.5525 0.9763
7 2.115 2.1006
6 0.825 1.0747
6 0.3225 0.1762
4 2.115 2.6972
6 0.435 0.5487
7 1.5 1.3013
5 1.7775 1.7036
6 1.5675 1.6093
4 1.6725 1.5935
7 1.1625 1.4082
7 0.69 0.6771
7 0.495 0.4548
5 2.4075 2.5417
5 2.3175 2.2876
5 1.95 1.8214
7 0.8925 1.0378
7 2.895 2.949
7 1.2975 1.3638
6 1.065 0.9221
6 0.7125 0.5844
5 2.16 1.4393
4 2.58 2.6923
5 2.9775 2.9182
6 1.41 1.2948
5 1.23 1.7788
5 0.6375 0.4939
4 0.39 0.3821
6 1.1775 1.0751
5 0.4425 0.3171
5 0.99 1.4778
4 2.0025 0.3417
4 1.8825 2.1121
4 0.765 0.7105
4 0.96 0.9798
4 0.7425 0.912
6 1.275 2.8363
4 2.49 2.2929
5 2.4975 2.4137
6 2.13 2.0055
5 0.645 0.4915
4 0.6825 1.0236
6 2.1975 1.8021
5 2.1825 1.3105
7 2.8725 2.941
5 2.265 2.2028
7 0.3975 0.3271
6 1.68 1.5172
6 0.36 0.4345
7 0.3 0.305
6 1.29 1.2199
7 2.1 1.8999
6 1.4925 1.7607
7 1.41 1.2211
6 0.5625 0.4606
5 2.895 2.9661
4 0.9375 1.4689
5 0.06 0.01
5 0.3525 0.3634
6 0.5775 0.4176
6 2.58 2.5951
6 1.665 2.0634
5 2.7375 2.7613
7 2.295 2.3086
5 1.4775 1.7812
4 1.62 1.178
7 0.1275 0.1623
4 2.1225 2.0404
4 0.51 0.5524
7 1.125 1.3183
7 2.1225 2.3126
7 1.9125 1.9471
7 2.4525 2.5492
5 0.5025 0.5068
7 1.02 1.2045
7 1.5225 1.6224
5 0.5625 0.4412
5 1.4625 2.11
6 1.0425 1.6059
7 2.7075 2.6532
5 1.05 1.6032
4 0.63 0.9237
7 1.0125 1.0936
7 1.695 1.7918
6 2.205 2.3328
5 1.2075 0.9889
5 1.5525 1.6976
7 0.0675 0.1181
4 0.99 1.1815
5 0.285 0.3517
7 0.18 0.1265
6 2.4 2.3463
7 1.3875 1.1818
5 2.9775 2.921
5 2.34 2.0903
5 2.655 2.5753
5 2.0025 2.2029
6 2.9925 2.9014
4 2.16 1.2402
6 0.3075 0.2091
4 2.82 2.8754
5 0.2025 0.3576
4 1.8 0.8891
5 2.6175 2.5544
7 1.905 1.85
6 2.0775 1.8108
7 0.93 0.9582
5 2.4825 2.4353
4 2.445 2.0528
6 0.7275 0.5925
6 1.455 1.8244
4 0.18 0.0803
5 2.985 2.9476
7 1.785 1.6901
7 1.605 1.6319
4 0.135 0.2607
6 2.4525 2.3308
6 2.5275 2.6036
5 0.225 0.3359
5 0.8775 1.0766
7 0.78 0.8721
7 2.25 2.1889
4 2.49 2.3475
7 2.82 2.6693
7 0.5925 0.6408
4 2.9175 2.7308
5 0.3525 0.2712
4 0.015 0.1329
5 2.7375 2.8246
6 2.5575 2.4716
7 1.8825 1.5992
7 0.195 0.1891
6 1.47 1.3277
7 2.9175 2.9098
5 0.3 0.2838
7 1.7625 1.8358
4 2.3775 2.5881
7 1.05 0.8254
7 0.8775 0.9682
5 1.8 1.411
5 2.4 2.4752
6 1.0875 1.3192
7 0.015 -0.0209
7 0.96 0.9195
4 1.875 2.0973
6 2.4 2.4431
7 1.8375 1.7107
5 1.935 1.4008
6 1.8675 2.0489
7 0.345 0.3103
7 1.0575 1.0876
5 2.0475 1.6496
5 1.8525 1.8114
5 0.7875 0.7932
4 0.585 0.7085
4 0.4425 0.0956
6 2.2275 1.8107
7 2.28 2.2194
6 2.9625 2.9542
4 0.3675 0.3172
4 0.5325 0.2856
5 1.965 1.3418
5 2.0325 1.8024
4 2.505 2.4879
6 2.4525 2.5628
6 1.86 1.5814
5 1.5975 2.0875
5 2.22 2.0256
6 2.9175 2.8759
6 2.0175 2.0155
7 1.2675 1.5598
7 0.75 0.7353
4 2.88 2.6896
4 0.825 0.8764
5 1.305 1.253
7 0.3825 0.4331
6 2.4375 2.4865
4 0.9375 1.283
5 1.665 1.8945
7 2.5875 2.5014
7 2.2725 2.2174
5 1.7625 1.2918
5 2.025 2.2189
7 1.6875 1.7239
6 0.81 0.6365
6 1.185 1.392
6 2.4 2.2748
4 2.655 2.9224
6 1.365 1.7242
7 2.385 2.2897
7 1.3275 1.4249
6 2.04 1.6283
7 1.5075 1.3372
5 2.67 2.7185
5 0.1275 0.1077
7 1.215 1.2663
7 2.82 2.7776
7 1.95 1.9385
5 2.3475 2.4631
7 1.4175 1.401
5 1.4325 1.7153
7 2.76 2.7816
7 2.91 3.001
6 2.6925 2.6445
7 0.165 0.1692
7 0.8925 0.8345
5 0.2625 0.1925
6 0.12 0.2598
6 0.4425 0.4188
6 2.1675 2.1934
4 1.965 1.6135
7 0.525 0.574
6 0.945 0.8827
5 2.4 2.0318
4 0.615 0.5284
6 2.8125 2.7956
7 1.9875 1.8573
5 2.385 2.0868
5 0.7725 1.7523
6 2.22 2.2092
7 1.905 1.5886
4 0.7875 1.1648
4 2.8125 2.6934
6 0.3 0.3902
4 2.7525 2.7574
5 2.3775 1.9399
5 0.4575 0.2284
5 0.36 0.3196
4 2.9025 2.7204
6 0.0375 0.0236
5 1.4775 1.5131
6 0.6 0.5236
5 2.7075 2.8031
5 2.6775 2.8448
7 1.8525 1.6764
5 2.925 2.8392
7 0.9 0.887
5 1.605 1.9328
7 0.12 0.1346
6 0.6375 0.6523
6 0.735 0.8156
7 1.47 1.5258
5 2.79 2.7927
4 0.795 1.0298
5 2.385 2.2528
5 2.775 2.7569
7 0.48 0.3786
6 0.1275 0.1345
5 1.2825 1.3163
7 1.83 1.7551
5 1.8675 1.9557
5 0.8625 1.4983
4 2.13 2.113
7 0.8625 0.9592
4 2.67 2.8597
5 1.7025 1.8073
5 0.795 0.7175
6 2.31 2.0959
5 1.4475 1.8299
5 0.4575 0.5324
4 0.8925 1.05
4 2.0175 1.1421
5 2.58 2.4063
6 0.84 1.2307
5 1.02 0.9577
7 0.465 0.4314
6 2.8425 2.9993
4 0.1725 0.1721
4 2.2725 2.5144
7 0.2325 0.2766
7 1.8225 1.9994
7 0.555 0.5712
4 1.17 1.505
4 0.915 1.3095
5 1.5825 0.9126
4 0.4275 0.2575
6 1.8075 1.5211
5 2.0025 1.8672
6 0.09 0.0991
4 0.735 0.6001
6 0.8175 1.0028
7 1.68 1.6633
7 0.8325 0.8038
5 0.1425 0.054
6 0.765 0.7956
5 2.6625 2.728
5 2.0475 1.3029
7 0.5775 0.5202
6 0.1275 0.1884
7 0.63 0.6498
6 0.4575 0.6373
5 1.575 1.6867
5 1.6275 1.727
6 0.0675 0.1296
7 1.3725 1.4445
5 2.8125 2.6805
7 0.465 0.5715
4 0.285 0.5774
5 1.92 1.6975
7 0.27 0.3484
4 2.9025 2.7655
4 0.2175 0.0581
7 2.7675 2.834
5 1.0875 1.2007
5 2.5275 2.5929
6 0.375 0.5063
7 1.2675 1.4242
6 2.355 2.5351
4 0.0525 0.4173
4 0.945 1.4652
5 2.775 2.7556
6 2.55 2.6233
5 1.005 1.4463
6 0.9675 1.0781
5 2.34 2.4873
7 1.5075 1.0143
6 1.4325 1.1812
6 1.605 1.6412
5 1.3725 1.0784
4 2.7375 2.861
6 2.2875 2.2689
5 0.48 0.2619
5 2.28 2.139
5 0.495 0.4042
4 1.9425 1.9123
4 2.3025 1.8917
4 2.91 2.7105
4 1.86 1.8659
4 2.535 2.3492
4 1.7025 1.124
7 0.2775 0.4165
6 1.455 1.655
5 2.475 2.251
7 1.1625 1.2446
6 1.5525 1.1385
5 2.82 2.8787
7 1.0275 0.9029
4 2.4675 2.5909
6 1.7025 1.7338
6 2.295 2.3165
5 2.835 2.6994
4 1.5825 1.4181
6 0.195 0.0559
5 1.875 1.9088
6 0.5475 0.48
5 2.6925 2.7851
6 1.065 0.7493
6 2.1075 2.0353
6 1.215 1.7648
5 1.2525 0.9343
5 0.645 0.7704
4 1.9125 0.8136
4 1.7475 1.4213
6 0.33 0.2297
7 0.3225 0.3924
4 1.71 1.3995
5 2.3625 2.4229
5 1.95 1.5113
4 2.16 2.1367
4 0.09 0.0466
5 1.02 1.1046
7 0.195 0.2127
7 1.8225 1.9127
5 2.0625 2.1605
6 1.1925 1.1352
5 1.515 1.3235
4 0.105 0.1294
7 1.5375 1.5595
5 1.4625 1.8806
6 1.7775 1.5052
4 2.6025 1.954
5 1.6575 1.34
5 0.6975 0.6941
5 2.235 1.8457
6 2.8875 2.9171
6 2.2275 2.1968
5 2.385 2.1977
4 1.995 2.2486
7 1.7775 1.6887
7 0.0975 0.083
5 2.67 2.5685
4 0.2475 0.3077
7 2.745 2.8136
7 1.7175 1.7827
5 1.6575 1.3277
6 1.62 1.3687
6 2.3775 2.559
5 0.84 0.991
4 1.0275 1.5448
4 0.1575 0.2097
7 1.335 1.4622
5 2.7225 2.8963
6 0.1725 0.2109
6 0.9675 1.0655
6 2.76 2.7465
6 0.1125 0.1604
4 1.8075 1.5676
7 1.5675 1.2853
6 0.855 0.8852
7 1.7475 1.771
6 1.68 1.9545
6 2.88 2.7996
4 1.065 1.1754
5 1.005 1.4627
5 2.895 2.8463
4 2.5275 2.7205
5 1.5825 1.8342
5 0.9375 1.2118
7 1.2825 1.3154
7 0.045 0.0838
6 0.48 0.6353
4 1.0425 0.8364
6 0.9375 1.2433
5 0.495 0.3982
4 1.305 1.1389
5 0.84 0.757
4 0.51 0.6056
7 2.22 2.2384
4 1.365 1.3954
6 0.9525 1.5383
7 0.5475 0.5713
7 0.0075 0.0553
6 2.865 2.7847
5 0.0075 0.0513
7 1.515 1.301
5 1.335 0.8909
5 1.1325 1.6407
5 1.305 1.7215
7 0.885 1.0557
5 0.8025 1.4389
7 0.4275 0.4373
5 2.58 2.6722
6 0.4125 0.4659
6 0.105 0.1034
4 0.2325 0.3166
7 0.495 0.4372
4 1.8825 1.6736
4 0.0 0.0477
4 1.1925 1.4801
5 0.585 0.6434
5 0.165 0.1688
6 2.5575 2.554
4 1.7925 1.6014
4 1.26 1.7245
7 1.3425 1.4327
4 2.46 2.2423
4 1.1175 1.1891
7 2.4375 2.4452
5 0.255 0.3712
5 1.11 1.1064
6 0.8175 0.9702
7 2.925 2.8938
5 0.735 1.4551
6 0.27 0.2316
5 0.7425 0.8692
6 2.8875 2.8382
5 0.15 0.034
6 2.955 2.9619
5 1.5675 1.9674
4 2.6175 2.534
6 1.095 1.5734
6 2.025 1.9027
7 0.24 0.2482
6 1.6425 1.6455
7 2.94 2.8567
5 0.435 0.4243
6 2.7825 2.7735
4 0.1575 0.4521
7 0.885 0.8733
7 2.3775 2.3618
5 0.6075 0.6796
7 1.515 1.2395
7 0.3225 0.3175
4 0.48 0.4348
4 1.68 1.6059
7 0.8925 0.9198
7 2.2275 2.1988
5 0.33 0.3047
4 1.38 0.9146
7 2.8875 2.8578
4 2.115 2.3908
6 2.5875 2.5381
6 1.3275 1.805
5 0.795 0.838
7 0.465 0.4064
4 0.78 1.0147
6 0.15 0.1605
6 1.995 1.7014
5 1.815 1.7011
5 0.4875 0.5086
4 2.22 0.9583
5 2.5275 2.3404
4 2.1075 2.17
6 1.6575 1.4735
5 2.9475 2.9137
7 2.88 2.8477
5 0.2625 0.1397
4 0.1725 0.2431
5 2.55 2.189
4 0.6675 0.8941
7 1.26 1.5785
6 2.595 2.5906
6 1.4775 1.1934
4 2.9775 2.7982
5 1.1475 1.5789
6 0.81 0.7617
7 2.8275 3.0092
7 0.165 0.2412
4 2.2425 2.4292
6 0.3075 0.1719
6 2.5875 2.5192
7 0.285 0.4365
5 0.855 0.7596
6 0.795 0.9671
5 1.545 1.6927
6 0.195 0.2506
5 0.0075 -0.0059
4 1.8 2.2519
4 0.495 0.9221
6 2.3925 2.3531
7 0.2325 0.0722
5 0.6525 0.8262
4 1.23 1.9298
5 0.5475 0.4336
6 0.2325 0.2163
6 0.78 0.8612
5 2.1375 2.4042
4 2.625 2.8045
7 0.78 1.1395
5 2.0625 2.3175
5 1.8075 1.7379
5 1.4925 1.0343
4 0.825 0.9899
6 0.0375 0.1299
6 0.1125 0.1217
4 0.5025 0.7851
7 0.0825 0.044
4 2.46 2.4272
7 0.825 0.8929
4 1.245 2.0633
6 2.3325 2.4404
6 0.2775 0.2429
7 0.3975 0.3792
4 1.4475 1.3426
4 2.76 2.8937
6 1.8525 1.6075
6 1.92 1.8755
7 2.3925 2.3745
7 2.1 2.1008
4 0.105 0.3227
6 1.815 1.5881
4 0.135 0.1553
5 1.2825 1.4183
5 0.9825 0.7463
7 2.9475 2.8149
5 1.1025 1.3764
4 2.8275 2.8891
6 1.185 1.3521
7 0.675 0.7756
5 1.6125 1.6869
7 2.7 2.64
5 2.8875 2.8693
5 2.3925 2.5744
7 2.73 2.7451
6 0.705 0.8536
5 2.73 2.5484
5 2.8725 2.8578
4 0.6075 0.4538
4 1.53 2.6831
5 2.805 2.7933
6 1.0725 1.4536
7 1.2225 1.3063
6 0.75 0.7602
5 2.6775 2.66
7 2.325 2.3014
4 0.915 1.6856
6 2.49 2.517
4 0.5625 0.9445
6 2.3025 2.3447
7 2.265 2.1247
4 0.6825 0.9376
5 1.185 1.8268
5 2.4675 2.3635
4 1.2225 0.9311
6 0.8025 1.0615
4 2.6325 2.5883
6 0.645 0.7042
5 2.67 0.9756
5 0.18 0.2019
4 0.69 0.4023
7 0.0975 0.1028
4 2.685 2.5508
4 0.4725 0.6694
5 1.08 1.1054
7 1.05 1.3757
5 1.77 1.6479
6 2.955 2.912
5 0.33 0.3769
7 0.9075 1.0057
5 1.8675 1.833
4 0.51 0.4651
7 1.3575 1.6877
6 2.625 2.6846
4 2.8575 2.7086
6 0.93 1.0645
5 1.83 1.5057
6 0.4875 0.5718
7 0.3 0.2193
7 0.8925 1.0424
5 1.185 0.5452
5 1.2 1.4908
7 0.0075 0.1513
7 0.84 0.6549
4 0.36 0.3102
4 0.735 0.5485
5 0.735 1.3513
4 2.1525 2.2839
6 2.7 2.7638
6 1.3725 1.6529
4 2.7 2.8414
5 2.1075 1.3935
7 0.315 0.2238
6 0.9525 0.9981
6 0.465 0.4822
4 2.7075 2.7987
7 0.66 0.7475
5 1.1625 1.1389
5 0.9975 1.8988
5 0.0225 0.0422
5 0.4425 0.4695
6 2.055 1.6773
7 0.0825 0.0565
7 0.3975 0.3489
7 2.82 2.7872
4 2.4 2.5851
5 1.95 1.2988
6 2.64 2.6373
6 0.1125 0.0847
4 0.195 0.1761
4 2.4375 2.1319
5 0.045 0.1452
6 0.0525 0.0685
6 0.495 0.5611
6 2.85 2.8474
5 1.095 1.7871
6 1.725 1.538
6 0.9075 0.7837
7 2.16 2.1339
6 2.4075 2.358
4 1.545 1.172
4 0.4725 0.4767
7 1.215 1.3058
6 1.785 1.3149
6 2.9175 2.9724
4 0.945 1.3096
6 2.955 2.992
5 2.9925 2.9104
6 1.6575 1.2565
6 1.5375 1.0089
7 0.87 0.8531
7 0.7125 0.6299
7 0.3375 0.3692
6 0.9825 1.2063
4 0.9 1.2621
6 2.055 2.0433
5 0.5475 0.3953
5 2.7975 2.7647
6 2.7 2.7561
4 1.695 1.3466
5 0.795 0.695
5 1.11 1.3969
7 0.6 0.5422
4 2.175 1.363
4 0.6975 0.7907
7 1.7775 1.7824
4 2.6475 2.0339
7 0.5925 0.6235
7 1.5375 1.4726
6 0.72 0.8308
4 1.9125 1.0078
5 0.36 0.2834
6 1.635 1.6613
5 1.5225 2.0356
5 1.4325 1.558
5 1.0275 1.2729
4 0.4725 0.6628
4 2.73 2.8333
4 2.2875 2.1915
6 0.075 0.2496
5 2.6625 2.5568
5 1.785 1.4578
7 0.405 0.3893
6 2.505 2.4763
6 2.235 2.0756
5 2.415 2.348
5 0.075 0.0616
5 0.8775 0.6457
6 0.54 0.4701
5 2.955 2.8004
4 1.62 1.3478
7 2.9025 2.7648
6 2.5725 2.5788
5 2.0775 1.7916
7 0.3825 0.4958
6 1.125 1.7744
7 2.8725 2.8153
6 2.9475 2.9526
5 2.3025 2.2067
4 2.4675 2.2078
5 1.02 1.077
4 2.085 1.6778
7 1.7775 1.8696
4 1.0725 1.952
6 1.6725 0.9013
5 0.555 0.3852
7 2.0775 2.0736
5 1.065 1.3668
4 0.57 0.4733
6 0.63 0.6976
4 0.6075 0.4598
5 1.7025 1.5769
4 0.5025 0.7399
7 0.4425 0.452
5 1.8075 1.6569
4 2.16 1.9502
5 1.5225 1.5108
5 0.21 0.2472
6 1.5225 1.8149
6 1.725 1.6979
6 0.135 0.0642
7 2.055 1.8202
4 0.51 0.3752
7 0.9 0.9599
7 2.01 1.9865
4 2.3625 2.4159
5 0.5025 0.5323
7 0.0525 0.0782
5 2.3475 2.5023
5 0.795 0.8595
7 2.3475 2.3769
5 2.1075 1.272
7 2.97 2.9858
6 0.3825 0.3835
6 1.3725 1.4206
4 2.82 2.8237
5 2.76 2.7471
6 2.6325 2.6296
5 1.3125 1.2001
7 0.525 0.5315
6 2.67 2.6704
4 1.3725 1.4463
6 0.255 0.2833
6 1.995 2.0084
7 0.7125 0.6648
4 2.0025 2.0933
5 0.21 0.3221
5 0.9675 1.2993
7 2.6025 2.5988
4 1.185 1.6732
5 2.5575 2.6641
5 1.3275 1.4613
6 2.4675 2.428
6 0.9675 1.084
6 2.235 2.2898
7 2.985 2.9899
5 2.88 2.9171
7 2.775 2.7336
4 2.0175 1.7087
4 0.075 0.1106
6 0.45 0.3673
7 1.875 1.7451
4 0.2775 0.3426
4 0.0375 0.1295
7 0.795 0.7462
7 0.0975 -0.0197
6 0.54 0.5732
5 0.495 0.6498
6 0.45 0.5752
7 2.97 2.9603
4 2.0925 1.7797
4 1.3875 2.2017
5 1.9425 1.8866
4 2.265 2.2796
7 2.8875 2.8392
6 2.2125 2.359
7 0.0225 0.0105
6 1.23 1.8338
4 2.895 2.6206
6 1.38 1.3414
6 2.37 2.29
4 1.545 1.4781
6 1.11 0.8417
6 2.625 2.684
6 1.9275 1.6717
5 0.975 0.9562
5 2.085 2.0951
6 1.425 1.2467
4 0.18 0.0518
4 2.16 1.9171
7 0.9825 1.1577
6 0.8025 0.8905
4 0.6225 1.241
5 1.11 0.9484
7 2.85 2.8498
5 0.825 0.6692
5 2.6475 2.6386
5 0.72 0.6412
5 1.65 1.9338
5 1.005 1.5444
4 2.9625 2.7345
6 0.195 0.2132
5 2.4225 2.0994
7 0.495 0.6404
4 0.5775 0.7298
5 1.305 0.9697
5 0.9375 1.1924
5 1.5825 0.8933
6 1.9725 1.8391
7 2.7375 2.656
4 2.07 2.0814
5 1.7025 2.0779
4 0.3525 0.5963
5 0.9 0.8874
4 1.53 2.0912
6 0.57 0.5502
7 1.2975 1.7349
5 0.5775 0.5295
5 2.595 2.514
4 2.7 2.6428
4 0.2175 0.2151
6 0.975 0.9256
6 0.3975 0.5734
7 2.0325 1.8216
7 1.185 1.5818
5 0.66 0.7132
7 1.14 1.4059
6 1.215 1.4468
5 1.83 1.4745
4 0.09 0.1071
4 1.5075 2.5087
6 1.9875 1.8701
6 1.2675 1.6195
6 1.2975 1.4919
5 0.555 0.71
7 0.2775 0.2427
4 1.7175 2.3478
5 1.83 2.2111
6 2.325 2.0618
7 0.6675 0.6567
6 2.6025 2.7406
4 2.61 2.7213
4 2.775 2.8117
5 2.43 1.955
5 1.5975 1.8233
7 1.95 1.7167
5 0.9 1.2087
5 0.1575 0.3473
4 0.8025 0.7635
4 2.685 2.7895
7 1.5825 1.5535
6 1.365 1.5114
7 1.6575 1.7701
4 2.835 2.8819
7 2.3625 2.461
4 0.9375 1.2605
7 0.7875 0.8671
7 0.585 0.6384
6 2.925 2.8802
6 0.39 0.3329
4 0.8925 1.1902
5 2.61 2.6104
5 2.7225 2.7624
6 0.3675 0.2735
5 1.185 1.0462
7 2.685 2.7188
4 0.525 0.4557
4 1.26 1.134
7 0.6825 0.6599
4 0.99 1.2055
5 1.02 0.9151
7 1.5075 1.3751
4 1.65 1.434
6 1.1175 1.425
7 2.73 2.7839
5 1.89 1.8315
7 1.7625 1.1294
4 2.7075 2.7755
7 2.88 2.8866
7 2.6175 2.5108
5 1.32 1.0406
4 1.53 1.0108
5 0.3375 0.4677
7 2.655 2.6834
6 1.3275 1.6286
7 1.17 1.0509
7 1.71 1.8925
4 1.8225 1.0632
6 2.0325 2.0
6 0.7575 1.1385
7 2.43 2.4555
6 0.975 0.9423
5 2.655 2.4998
6 0.8475 0.7855
4 0.72 0.6914
7 0.1875 0.1727
5 0.09 0.0523
7 1.0275 1.0305
6 0.96 0.9913
4 2.265 2.4837
7 2.7825 2.7576
6 2.3625 2.4091
7 0.0075 0.1035
5 0.045 0.047
5 2.955 2.9663
5 0.0525 0.1089
7 1.83 1.7407
4 0.8775 0.6172
4 0.1275 0.0307
7 1.035 1.0285
7 0.84 0.9699
6 0.63 0.6896
7 2.61 2.4649
4 1.7325 1.6962
4 2.4525 1.9428
5 1.0125 1.717
5 2.355 2.2189
6 0.225 0.2845
6 2.1 2.0007
7 2.6325 2.6106
6 2.6625 2.5713
4 0.1425 0.2453
7 1.395 1.5211
5 0.1875 0.2188
5 2.49 2.5061
6 1.0275 1.1706
4 1.455 1.148
7 0.375 0.405
7 2.9325 3.0063
4 2.025 1.8795
6 2.715 2.6688
4 0.06 0.1883
6 0.3075 0.3707
7 1.11 1.2456
7 2.6775 2.6758
6 1.785 1.5211
4 1.05 0.7632
4 2.5575 2.6544
6 2.01 1.9379
7 2.3025 2.4224
4 0.195 0.035
5 1.7325 1.723
6 2.7375 2.6413
4 1.29 2.2223
6 2.265 2.2245
5 2.6175 2.6911
4 0.3975 0.2413
7 1.68 1.8191
4 1.755 2.4383
7 1.0275 1.1031
4 0.5475 0.6583
7 2.01 2.0032
5 1.8 1.4977
7 2.8875 2.8705
6 1.0725 1.0993
5 0.7275 0.7482
6 0.69 0.7391
6 2.82 2.7328
6 0.6975 1.2306
4 2.5425 2.3887
6 2.6925 2.6483
5 1.125 1.9208
4 1.2225 1.4508
6 0.96 1.0521
7 2.715 2.7142
4 2.4075 2.3753
4 2.64 2.7812
4 1.7625 1.8041
7 1.8825 2.0756
6 1.3425 1.749
6 2.16 2.2455
6 0.585 0.608
4 0.9075 1.581
5 1.7625 1.6238
5 2.79 3.0341
7 1.3875 1.0439
6 0.33 0.245
5 1.0275 0.8032
6 1.5975 1.2772
6 2.9325 2.9284
7 0.195 0.0699
7 1.2525 1.5185
4 2.9925 2.8247
7 0.1275 0.1312
7 0.015 -0.0025
4 2.6175 2.804
4 1.3725 2.3929
4 2.3175 2.3941
6 2.7675 2.6845
6 1.9575 1.9165
4 1.995 1.9015
6 1.155 1.1844
6 0.2325 0.3663
7 1.695 1.575
5 2.67 2.9175
5 0.0675 0.1673
5 2.1225 1.9391
7 1.4925 1.4567
5 1.6875 1.5551
6 1.8075 1.7986
7 0.555 0.6168
5 1.56 1.925
6 0.63 0.6172
7 2.895 2.8761
6 0.225 0.0754
6 0.93 0.835
7 2.1375 2.1831
7 1.1925 1.3311
6 2.25 2.1683
4 2.265 1.995
7 0.39 0.3521
6 0.5325 0.7268
6 2.8125 2.7933
5 2.595 2.5742
7 1.5975 1.4437
7 2.4975 2.5402
5 2.415 2.5096
6 1.635 1.2436
4 0.6 0.7406
6 2.4 2.3999
4 0.45 0.5374
5 2.1525 2.2313
5 0.7875 0.8075
4 2.3475 2.37
7 1.1175 1.2636
7 1.8975 1.6598
4 1.8825 1.2154
5 0.9375 1.0788
4 2.9775 2.7617
5 1.185 1.565
5 2.9475 2.8619
5 1.65 1.4649
7 2.9625 2.9361
6 1.35 1.5889
4 2.7975 2.6433
4 0.075 0.3691
7 1.9575 1.8273
4 0.645 0.6404
5 1.95 2.1354
5 0.24 0.0833
4 1.215 1.37
4 2.16 2.1862
6 2.0475 1.7659
6 0.4125 0.5203
5 1.785 1.3524
5 0.735 1.2801
7 0.8475 0.8623
6 1.1775 1.6042
4 0.7425 1.3089
6 1.05 1.2108
6 2.4825 2.4558
6 2.49 2.4798
6 2.385 2.339
5 1.6575 0.8305
4 0.375 0.2986
4 2.4525 2.1763
5 0.9525 0.8614
5 1.8675 1.6078
4 2.0175 1.3864
7 0.8325 0.8088
5 1.71 2.205
4 0.9225 1.4044
4 0.57 0.428
4 1.47 2.0284
7 2.655 2.6587
5 0.99 1.1929
5 2.535 2.5011
4 0.4275 0.6489
4 2.145 0.9701
7 2.1225 2.1515
5 1.8225 1.8891
4 1.7325 1.9112
7 2.1 2.0185
5 2.475 2.4611
7 1.0125 0.9417
4 0.4575 1.1008
5 1.1625 1.7009
5 1.14 1.3498
5 0.2475 0.1081
4 1.5375 1.17
7 1.1325 1.112
5 1.8675 2.0812
7 1.0875 0.9027
4 1.9125 2.0322
5 1.29 1.2284
7 0.33 0.3001
4 2.79 2.9333
4 0.1575 0.3685
5 2.9025 2.8482
7 1.575 1.0824
4 2.8725 2.8148
4 1.5075 1.1622
7 1.8975 1.802
7 0.345 0.3982
6 2.505 2.6333
4 2.2875 2.3467
5 0.2475 0.3906
4 0.045 0.1682
6 0.255 0.3619
4 0.48 0.4668
7 1.6425 1.3117
4 2.67 2.7009
4 2.505 2.2607
7 1.3575 1.3863
7 2.715 2.6876
5 0.765 0.622
5 0.7725 0.6884
7 1.86 1.7223
5 2.0925 1.4575
4 2.4525 2.5103
4 0.9375 1.2142
6 1.4925 1.4807
4 0.6375 0.7716
6 0.405 0.5062
7 2.835 2.8208
6 2.415 2.389
7 0.3675 0.3298
4 0.8025 1.1553
5 0.9975 1.1765
7 0.0525 0.0932
4 2.4225 1.7847
5 0.525 0.6841
6 0.4875 0.592
4 2.6325 2.7295
7 0.2925 0.3182
5 2.0475 1.7212
7 0.825 0.9082
7 0.0675 0.0348
6 2.13 2.3124
5 0.7125 0.7543
6 1.44 1.4216
6 1.98 1.9246
7 2.7 2.7636
7 0.7725 0.7829
7 1.59 1.0153
4 0.585 0.8585
6 0.39 0.4041
6 1.845 1.6885
7 2.0775 1.9274
4 2.4975 2.2893
7 2.865 2.9166
5 0.015 -0.0152
4 1.9875 1.3585
4 2.025 1.3831
5 0.6075 0.6102
7 0.9675 0.9361
4 0.7275 0.7731
5 0.3075 0.5446
6 0.48 0.5103
7 1.0125 1.1851
5 1.2 1.577
6 1.125 1.5726
4 2.535 2.5705
4 0.7875 0.623
6 1.0575 1.7965
6 1.245 1.3868
7 0.2775 0.2735
7 2.0175 2.0279
6 0.3225 0.2421
5 0.27 0.2291
5 2.565 2.6001
5 0.6075 0.5437
6 2.1975 2.1371
5 2.1225 2.2632
6 0.9675 1.4039
7 1.9575 1.9052
4 0.6975 0.9329
5 0.9 1.4137
4 1.1775 0.5692
7 1.0125 1.0631
4 0.51 0.3681
5 2.2575 2.2658
7 2.7225 2.7027
5 0.8325 0.7802
5 0.4275 0.5016
6 1.395 1.555
4 2.625 2.5396
5 1.2225 0.8633
6 2.0625 2.1147
6 2.6325 2.6931
4 1.05 2.0126
4 0.645 1.4498
6 2.025 1.9981
7 1.935 1.9847
7 0.87 0.8756
4 1.2525 1.8369
6 1.2225 1.3694
4 1.6275 0.8547
6 2.9775 2.8971
7 2.97 2.9909
4 1.335 1.3161
5 2.9925 2.956
5 2.415 2.5208
4 2.0025 1.9567
4 1.7625 0.8326
6 2.43 2.4564
6 1.44 1.2483
4 2.7975 2.4761
4 0.2925 0.3621
7 1.5975 1.2375
6 0.4275 0.4297
5 1.7925 1.6812
4 0.78 0.7345
4 2.58 2.5637
6 1.02 1.03
7 1.95 1.9497
4 1.5525 1.973
7 0.6075 0.6194
7 0.0525 0.0834
7 1.7775 1.8579
4 0.24 0.5073
7 2.3175 2.3264
7 1.83 1.5667
6 2.19 2.0156
6 0.915 1.1511
6 0.315 0.3937
5 1.38 1.4097
4 1.44 1.3605
4 1.3575 1.5341
5 1.95 1.3109
7 2.9175 2.813
4 0.5925 1.0552
7 0.7425 0.6493
7 2.805 2.7066
7 0.45 0.4551
5 1.4025 1.1838
5 2.9325 2.8237
5 1.9425 2.2595
6 0.225 0.1439
6 2.91 3.0389
5 2.37 2.1904
7 1.7475 1.8807
7 0.0225 -0.0093
6 1.0275 1.452
4 2.88 2.8714
5 1.4925 2.0003
7 2.0775 1.8533
7 1.71 1.4865
6 1.71 1.6459
7 1.71 1.4614
4 2.3175 2.2768
5 0.765 0.9929
7 0.585 0.6876
7 0.7425 0.7038
7 2.1 2.0626
6 2.5425 2.523
7 1.4325 1.2992
7 0.795 0.7807
7 1.485 1.5533
6 1.665 1.325
4 2.31 1.4237
5 0.9825 0.858
7 2.7225 2.7408
7 0.48 0.3748
5 1.1925 1.5977
7 0.4875 0.4281
6 1.32 1.1978
7 0.0825 0.114
5 2.94 2.8692
6 2.46 2.5426
7 0.8925 0.9923
7 2.79 2.7734
6 1.305 1.3613
5 1.1475 0.8496
6 0.7575 1.0337
4 0.525 1.025
5 0.1875 0.1598
6 1.3725 1.3147
7 2.46 2.441
7 1.68 1.563
6 1.8675 2.0096
7 1.59 1.5269
4 1.7925 1.8809
4 2.55 2.4029
7 1.7925 1.9195
4 0.135 0.1173
4 0.7425 1.6224
7 1.0725 1.2073
5 0.24 0.2593
7 1.5375 1.3601
5 1.7325 1.4866
6 0.96 1.0571
5 2.13 2.3936
7 0.5025 0.5027
4 2.145 1.6947
6 0.9525 0.9695
5 2.1675 2.1086
7 2.1225 2.2056
6 0.855 1.2419
4 2.85 2.8417
6 1.0125 1.0291
6 2.385 2.3707
5 1.725 1.7769
7 2.88 2.8718
6 2.7675 2.8126
4 2.7375 2.6987
6 0.81 0.7
7 0.4425 0.3896
4 0.1875 0.2235
7 2.3325 2.2912
5 0.81 0.6728
4 0.42 1.0056
7 2.8725 2.7995
4 2.4075 2.0999
5 1.3875 1.4291
4 0.75 0.9311
6 0.5025 0.5441
6 1.1175 1.6494
6 2.4975 2.3761
4 2.61 2.5809
4 0.8325 0.5788
6 2.91 2.9998
4 0.45 0.5884
7 1.755 1.5444
4 0.315 0.3913
4 2.2275 2.1273
6 2.16 2.3554
4 0.465 0.3794
4 0.105 0.0436
7 0.525 0.5472
6 0.78 0.8917
5 2.76 2.8106
4 1.0425 0.8072
4 1.8525 1.1103
5 1.98 1.767
5 1.29 2.0573
5 2.94 2.8685
4 1.0575 1.0512
5 1.56 1.6433
6 1.635 1.6657
4 2.55 2.361
7 1.44 1.536
6 2.4975 2.4956
4 1.02 0.7255
5 0.195 0.1873
4 1.1025 1.6199
5 0.57 0.6185
6 0.8175 0.7831
5 2.4075 2.3543
5 1.425 1.5885
4 2.475 1.9154
5 0.045 -0.0142
4 0.6525 0.6071
7 0.2625 0.2698
6 0.3675 0.3442
6 0.84 1.3154
6 1.05 1.321
6 2.52 2.4859
7 2.0175 2.0198
4 0.0 0.1333
5 2.5725 2.5917
6 0.24 0.1912
4 0.0525 0.2061
4 0.1875 0.2429
7 2.25 2.1883
4 2.1525 2.2175
7 0.81 0.753
4 0.9375 1.3235
7 0.045 0.0594
7 1.4175 1.6086
4 1.35 1.364
4 1.89 1.4646
7 2.22 2.1433
5 0.405 0.5213
6 2.6025 2.6064
6 0.8475 1.1106
6 1.4625 1.0494
5 2.46 2.4141
7 2.19 2.3011
4 1.11 1.3344
7 2.2425 2.298
6 0.51 0.5534
4 0.315 0.213
6 0.8025 0.8318
5 1.8375 1.9575
6 0.945 1.7436
4 1.335 2.0232
4 0.555 0.7285
5 2.67 2.704
4 2.52 2.5616
4 1.2 1.6422
7 0.255 0.2052
5 1.515 2.1605
5 1.8 1.8586
5 2.055 1.8281
6 0.795 0.7768
5 0.0675 0.0563
5 1.2825 1.574
5 1.4025 1.3733
4 2.7075 2.5106
6 1.4625 1.1049
5 2.0625 1.8176
6 2.4675 2.3716
5 0.36 0.4155
7 2.1975 2.1047
7 2.64 2.7085
5 0.9075 1.7091
7 2.9625 3.0217
5 0.5025 0.6088
6 2.955 2.9782
7 1.3425 1.6961
5 1.53 0.7779
5 2.1525 2.0716
4 1.455 0.6445
5 2.2425 2.2043
6 1.9125 1.5723
4 2.0625 1.37
6 0.9675 0.8985
6 0.465 0.3652
6 1.92 1.8253
5 1.005 1.585
5 0.15 0.0741
7 0.1125 0.0954
4 1.38 1.1914
6 1.425 1.2795
7 1.845 1.6913
7 0.045 0.0742
4 2.715 2.0767
4 0.5625 0.9538
6 0.81 0.7237
4 2.1075 2.1424
4 0.7425 1.5153
4 0.24 0.5508
7 1.0425 0.9717
7 0.105 0.1034
6 2.76 2.7759
6 0.195 0.0877
5 0.615 1.202
6 2.49 2.4167
4 2.7225 2.4659
6 0.675 0.6644
5 2.715 2.7673
4 0.72 1.3255
6 0.8325 1.3269
6 0.285 0.3401
4 2.175 1.8492
7 1.0875 1.2328
6 1.4475 1.4324
4 0.495 0.4521
6 0.195 0.1214
4 2.4375 2.5272
7 2.115 1.9351
5 0.33 0.2656
5 0.975 0.878
5 1.485 1.8336
7 2.175 2.1653
4 2.5275 2.6554
6 2.9625 2.967
6 0.5175 0.5126
6 2.0175 2.1122
4 0.7425 1.4815
6 2.4225 2.519
4 0.03 0.1433
6 1.1025 1.4828
6 0.225 0.215
6 2.625 2.6489
4 0.9225 1.0995
5 2.505 2.4771
7 2.1075 2.0491
4 1.7925 2.3397
6 1.6875 1.6747
7 2.2425 2.0547
6 0.585 0.5665
4 0.6075 0.4577
4 0.3075 0.1012
5 1.8975 1.8424
7 1.23 1.1241
4 0.645 0.6302
4 1.7925 2.2515
5 2.325 2.654
7 1.2825 1.404
4 1.3725 1.4639
7 1.29 1.5356
4 1.785 2.1164
6 2.7 2.7146
7 0.5625 0.5669
7 2.7075 2.757
4 2.5125 2.7284
4 1.095 0.9886
6 1.545 1.7897
4 1.2375 1.5746
5 2.9925 2.972
6 1.3125 1.8368
5 1.9125 2.3474
6 2.8425 2.7808
6 0.9825 1.0203
7 1.485 1.4182
7 0.015 0.0337
7 2.1825 2.1972
7 1.9575 2.138
7 1.425 1.4544
4 0.8175 1.6764
6 0.0525 0.1178
6 0.255 0.2582
5 1.5 2.2129
6 2.2125 2.2123
7 2.8125 2.7665
7 2.9775 2.9078
4 0.9 1.5464
5 0.525 0.3675
4 1.0425 1.359
5 0.12 0.0327
4 2.0025 2.1858
4 0.7725 1.188
5 0.33 0.4329
6 1.1775 1.3347
7 2.0175 1.9101
6 0.825 1.0191
6 1.47 1.4098
6 1.4775 1.1709
6 2.25 2.1789
6 1.8 1.4769
4 0.2325 0.28
5 1.1475 1.3071
5 1.545 1.6389
4 0.1425 0.0882
5 2.625 2.5789
6 2.4225 2.3737
4 1.05 1.8087
5 1.1175 1.4308
4 0.375 0.426
7 1.59 1.1764
5 2.6775 2.7126
6 2.3325 2.236
4 2.2575 1.7606
6 0.7875 0.9613
7 1.62 1.829
5 0.8625 1.0369
5 0.405 0.51
6 1.6725 2.0391
4 1.0725 1.2214
4 2.19 2.5165
6 0.15 0.0703
4 0.5625 0.5898
5 2.685 2.8258
5 2.4375 2.0741
7 1.245 1.4792
6 1.0725 0.9991
5 2.0475 2.1143
4 0.435 0.4853
7 0.945 0.8986
5 1.9725 1.9845
7 1.6425 1.6797
5 2.43 2.0574
6 1.4025 1.4122
7 0.9375 1.178
5 0.84 0.7298
6 2.6925 2.6722
6 2.8725 2.8796
7 2.46 2.5054
5 0.7275 0.5787
6 2.49 2.4478
6 2.2275 2.3378
5 0.96 0.9068
5 1.83 2.1545
6 1.2075 2.0561
4 1.71 1.484
4 0.3075 0.1394
7 2.4975 2.5131
7 0.855 0.8457
5 0.18 0.2038
6 2.625 2.671
4 0.93 0.9654
4 0.945 1.0371
6 1.2675 1.4863
7 0.18 0.225
6 2.0625 2.0975
4 1.7625 1.0753
5 2.16 1.9102
6 0.3825 0.4203
4 2.3025 2.1558
6 1.1925 1.4021
4 1.785 2.0719
7 1.02 0.9477
7 2.3175 2.3198
7 2.115 1.8061
7 1.9425 1.9621
4 0.0075 0.1145
4 1.215 1.6916
7 1.6125 1.4182
4 2.7825 2.5579
6 2.2875 2.4607
5 2.8275 2.8401
4 1.5 1.721
5 1.53 1.8787
7 2.3175 2.4539
7 2.985 2.9289
5 2.2425 2.0156
4 0.03 0.0221
5 2.16 2.2025
5 0.1425 0.2535
4 1.8825 1.7071
4 2.445 2.1157
6 1.2375 1.4219
7 2.91 2.9889
4 0.2325 0.19
4 1.785 1.8803
4 1.9725 1.2152
7 1.3125 1.4478
7 2.535 2.5228
4 2.835 2.6906
4 2.6925 2.4543
5 1.455 1.633
7 0.7125 0.8289
6 1.5525 1.8369
7 1.5375 1.5084
7 2.5425 2.6494
6 0.3075 0.325
4 1.845 1.8787
5 2.895 2.9526
5 2.8275 2.8818
5 2.775 2.7684
5 1.125 1.028
7 2.0775 2.0298
7 2.5725 2.4908
6 1.3125 1.3298
4 2.415 2.3429
5 2.6775 2.6831
5 0.795 1.4136
7 0.3075 0.1408
7 2.7675 2.752
5 2.4225 2.4191
6 0.18 0.4255
7 2.0175 1.9844
4 2.1075 1.9666
4 0.21 0.0379
7 1.83 1.9496
4 2.64 2.6565
4 1.62 2.519
7 0.8025 0.8721
4 0.3825 0.4729
7 2.4975 2.5
7 1.17 1.0307
7 1.245 1.3567
7 0.51 0.6302
5 2.4075 2.5299
4 2.1225 1.4082
7 2.6175 2.4814
5 1.56 0.4642
7 0.345 0.3493
5 0.03 0.088
6 2.91 3.0243
5 1.68 1.8584
5 2.775 2.7449
4 1.3875 1.8874
4 2.4525 2.3776
4 1.1025 1.237
4 1.0875 1.4945
6 1.5825 1.0505
5 1.38 0.9771
5 0.15 0.1377
4 2.805 2.8781
7 2.0175 1.722
5 2.64 2.4328
7 2.8275 2.8802
7 1.86 0.9599
5 0.6375 0.5901
7 2.235 2.24
4 2.1825 2.0498
5 2.865 2.8931
5 2.265 2.4337
4 1.83 1.1858
7 2.85 2.7974
6 0.4875 0.6301
5 0.6075 0.5944
5 1.5525 1.5772
6 2.19 2.0422
6 2.85 2.8613
4 2.265 1.5982
4 2.1075 2.1903
5 2.9325 2.9608
7 0.7425 0.7566
4 0.7575 1.0722
5 2.2575 2.246
6 0.8175 1.1416
4 1.4325 2.2552
5 2.16 1.73
5 1.755 1.7394
7 1.14 1.5152
7 0.405 0.4394
5 2.955 3.0008
6 2.49 2.4761
7 2.5425 2.5623
6 0.8025 0.8276
6 2.085 1.8218
4 0.555 0.7171
4 0.7725 0.9739
4 1.44 2.0782
5 0.3675 0.3172
6 2.895 2.8183
7 1.62 1.503
7 0.735 0.8169
6 0.7125 0.9843
4 2.985 2.9478
7 0.7875 0.7797
6 0.7575 1.0082
5 1.2075 1.4702
4 2.415 2.6033
4 2.385 2.5536
5 0.3825 0.4864
6 2.9625 2.9102
5 2.625 2.4795
6 0.6975 0.7788
7 0.225 0.1981
7 2.37 2.3236
7 1.635 1.5621
4 2.3325 2.8556
4 0.3675 0.6636
7 0.7725 0.8041
7 2.8275 2.8818
4 1.26 1.266
4 1.905 2.0479
7 2.985 2.9849
6 1.4025 1.3038
4 1.1925 1.2332
4 2.1075 0.952
4 2.115 2.057
6 2.115 2.1454
6 2.97 2.9718
4 1.29 1.4554
7 1.9125 1.8421
6 1.665 1.438
7 1.7325 1.2528
4 1.785 1.3919
6 1.44 0.9435
4 0.36 0.4621
4 0.87 0.4531
7 1.2525 1.5233
6 0.99 1.1779
7 1.4925 1.4654
5 2.7825 2.6397
5 2.8425 2.8949
5 2.01 1.8727
5 0.78 1.4915
4 0.0225 0.0622
7 2.7 2.6649
7 1.605 1.5654
4 1.7475 0.7302
7 1.26 1.2063
4 1.665 1.8681
6 2.265 2.0746
4 1.95 1.7004
7 2.6025 2.5832
7 2.46 2.5603
6 0.315 0.2598
5 2.25 2.1937
4 2.5425 2.6028
4 0.15 0.1981
6 0.4725 0.421
6 1.2525 1.6543
7 2.0625 1.8662
4 0.675 0.6856
6 2.61 2.5416
4 0.0075 0.1365
7 0.99 1.2626
4 1.71 1.7031
5 0.0825 0.2435
7 0.315 0.3556
4 1.275 1.5133
5 2.88 2.8695
7 0.9525 0.9241
5 0.18 0.2501
6 0.825 0.7757
5 2.4 1.9494
7 1.4325 1.3711
5 1.305 1.26
6 1.6575 1.6442
7 2.415 2.5712
6 1.2375 0.8425
4 0.0075 0.0779
7 0.795 1.0312
5 0.12 0.1712
4 0.495 0.4677
4 2.8275 2.7174
4 0.585 0.6817
5 1.53 1.2819
4 1.815 0.6386
4 0.9 0.9577
4 1.6275 1.681
7 0.84 0.8987
6 1.545 1.63
5 1.0125 1.6025
4 2.385 1.759
7 2.5125 2.651
6 1.3425 1.8706
7 2.325 2.1917
5 2.685 2.5154
7 2.5575 2.509
6 1.455 1.5381
7 2.82 2.737
6 1.5825 1.2599
4 1.17 2.0809
7 1.1175 1.1552
5 0.6675 0.7149
5 0.135 0.176
6 0.855 0.9461
6 1.38 1.2864
7 2.1825 2.1994
7 0.15 0.2719
7 2.535 2.686
6 1.4475 1.0029
5 2.0175 2.3912
4 1.2375 1.2694
4 0.0525 0.0871
5 0.2325 0.2869
4 1.98 1.7927
6 2.205 1.9276
5 1.785 1.1331
7 0.8925 0.8169
5 2.8725 2.9318
6 0.5325 0.6752
4 0.3675 0.3331
5 0.78 1.6015
7 0.8175 0.7894
7 0.165 0.1714
7 2.2575 2.2246
7 0.6825 0.7276
4 1.755 1.9227
7 0.945 0.9953
7 1.875 1.577
6 1.41 1.5851
4 2.5125 2.4762
6 2.0775 1.8571
7 1.4325 1.3091
7 0.045 -0.0011
7 1.2075 1.3745
5 0.8925 1.4019
5 2.625 2.6016
7 1.995 1.888
6 0.27 0.3763
4 1.1025 1.13
4 0.645 0.8215
7 1.305 1.5486
7 1.95 1.9073
6 1.7175 1.973
4 1.95 2.0473
4 1.785 0.755
5 2.325 2.2179
4 0.8475 1.3301
4 2.5275 2.4714
6 2.9475 2.9052
4 1.8825 0.8108
7 1.4475 1.397
4 1.425 1.9699
5 0.5175 0.2891
7 1.1775 1.2465
6 2.0025 1.9021
7 0.54 0.4959
4 1.38 0.8704
4 1.1175 1.9661
7 1.77 1.3761
5 1.6725 1.5944
7 1.2 1.4247
4 1.65 1.7309
5 1.7475 1.0232
5 0.57 0.6027
4 1.695 1.6338
4 2.76 2.6869
7 2.3025 2.231
4 2.0175 2.0205
7 0.33 0.34
6 2.9775 2.8619
4 1.0275 2.0674
5 2.2875 2.1298
4 0.72 1.2655
4 1.365 1.6484
6 2.4075 2.4888
5 2.28 2.3368
4 1.86 1.179
7 1.2225 1.6937
5 1.38 0.7959
4 2.13 2.0867
5 0.735 0.7525
7 0.4875 0.5307
7 0.75 0.8015
7 1.095 1.4335
6 1.59 1.8796
5 2.1225 2.2266
4 2.025 1.6469
4 2.775 2.6311
5 2.265 2.1841
7 1.44 1.1025
6 2.0925 1.839
6 2.8275 2.8755
6 2.3175 2.1422
4 0.735 0.7316
5 1.785 1.9564
7 2.19 2.0102
6 0.7275 0.7872
6 0.2475 0.1486
7 2.1825 2.0946
6 1.9725 1.9638
4 2.37 2.4369
5 0.5175 0.512
6 0.915 0.6688
4 2.025 0.816
4 1.2525 1.7181
4 0.9225 1.1375
6 1.17 1.5544
4 1.4625 1.2543
6 2.07 1.9279
7 2.8575 2.7931
7 2.3325 2.3823
6 0.45 0.5277
7 1.9575 1.6779
5 0.465 0.4844
6 0.9225 1.0609
5 1.3275 1.0144
4 1.0425 1.6751
5 0.9375 1.6789
7 1.995 2.079
7 0.7425 0.5884
7 1.185 1.3989
5 2.4975 2.3295
5 2.8725 2.7984
4 1.005 1.9061
4 0.9825 1.6984
4 0.195 0.2477
6 0.7275 0.764
6 0.135 0.1459
5 0.765 0.8647
4 0.72 1.27
7 0.6375 0.6647
5 0.255 0.1086
4 0.2775 0.2386
7 0.435 0.4714
6 1.29 1.5249
4 2.1825 1.7265
4 2.8575 1.8566
7 1.965 1.9017
6 0.5175 0.5552
4 2.9475 2.6365
4 1.9425 1.5813
6 0.375 0.3115
6 0.5625 0.5937
4 0.0825 0.0538
7 2.895 2.81
6 0.6675 0.6583
4 0.465 0.2053
4 1.0575 1.5458
7 1.8975 1.8537
5 0.57 0.6895
4 1.4175 1.779
6 1.845 1.9551
7 2.6175 2.6372
4 1.4175 1.5092
5 2.115 2.0994
5 2.2725 2.1507
6 2.025 1.9588
4 2.82 2.8427
5 2.1825 2.4805
6 2.6025 2.6335
4 0.8925 0.9325
7 0.84 1.281
4 1.3875 0.5968
5 0.0375 -0.0301
5 2.0025 1.8574
4 0.2925 0.4885
6 1.0875 1.0085
7 2.4975 2.3709
4 2.4525 2.6304
6 0.27 0.2051
5 0.7125 1.3819
6 2.4 2.3978
4 2.1075 1.8087
7 1.215 2.5866
6 2.49 2.3269
7 0.615 0.6231
7 1.5075 1.5186
6 0.885 0.9908
5 0.3 0.3123
5 0.3975 0.3696
7 0.585 0.6266
7 0.525 0.5551
5 1.2675 1.8242
5 2.2125 1.8647
4 1.41 1.5745
6 2.3025 2.3893
5 1.8 1.3443
4 0.45 0.3357
6 1.0725 1.4892
5 0.75 0.7734
7 1.23 1.4036
6 2.505 2.4974
5 1.23 2.0298
4 1.3875 0.8343
5 0.1125 0.0611
5 0.9975 1.2948
4 2.7075 2.807
4 2.9775 2.8144
7 0.9525 0.7256
6 2.0475 1.9366
6 1.8 1.6886
7 2.8125 2.8884
5 0.84 1.2404
5 2.94 2.9198
5 1.0125 0.9666
6 2.3775 2.2145
6 2.1525 2.0129
5 0.2025 0.2054
5 2.7675 2.8351
4 2.0775 1.7846
7 2.1075 2.0671
6 1.3275 1.5491
4 0.615 0.9252
5 0.87 0.5519
4 1.695 2.4254
6 2.79 2.6795
7 2.025 2.1395
4 0.9675 0.7321
5 0.8325 1.0843
7 2.1075 1.9965
5 1.95 1.8202
6 1.125 1.0655
4 2.085 1.8478
5 0.5175 0.6172
6 2.76 2.8277
7 0.87 0.8333
7 2.9475 2.9171
6 0.2475 0.1527
5 1.0425 0.8046
6 1.9725 1.8279
4 1.035 1.1095
7 2.205 2.1858
5 2.79 2.9292
7 1.41 1.3678
5 1.6275 1.7791
6 2.7 2.7049
7 0.6375 0.7549
7 1.365 1.3167
4 2.73 2.6145
4 2.1 2.1988
5 2.2125 2.4242
5 1.44 1.5341
6 0.8175 1.064
7 1.965 2.1759
7 0.405 0.4039
7 2.6175 2.5788
5 0.1875 0.1357
5 0.465 0.5263
6 0.96 1.5992
4 0.57 0.3038
4 0.48 0.8366
6 0.975 0.8145
4 2.8425 2.7585
5 0.72 0.5791
5 2.13 1.7807
7 1.38 1.5958
5 0.255 0.0107
7 2.7375 2.7643
4 1.725 1.5811
6 2.0025 1.8809
5 2.625 2.7077
4 1.5 1.6838
6 2.46 2.2977
7 2.055 2.1427
4 2.5425 2.5619
5 2.925 2.823
7 0.66 0.6957
6 2.445 2.5153
5 0.3525 0.4666
6 0.3 0.3667
4 0.8025 1.0181
7 2.0475 2.0543
6 1.905 1.9779
4 2.715 2.6929
5 1.4625 1.1495
7 2.2575 2.3174
4 2.415 2.5244
4 2.55 2.7628
4 1.5675 1.2301
4 1.23 1.2994
5 1.71 1.3028
5 1.485 1.45
7 0.195 0.1255
5 2.85 2.9059
4 0.0075 0.1708
6 1.35 1.6044
7 0.36 0.4282
5 0.045 0.1473
6 1.455 1.6482
7 2.0325 2.1881
5 0.2325 0.1915
5 1.7325 1.4143
7 1.665 1.6324
6 1.7625 1.8948
6 2.085 1.8899
7 1.1775 1.3508
7 2.5125 2.4513
6 1.935 1.7381
6 2.4825 2.5347
6 0.72 0.5937
6 0.8625 0.7306
4 1.2825 1.2738
5 1.3125 1.1991
5 2.37 2.6627
5 0.6375 0.9449
7 1.92 1.9555
5 0.7575 0.709
4 2.7825 2.8307
6 2.5125 2.4771
5 0.8475 1.0624
4 0.345 0.2518
7 1.515 1.5821
7 2.175 2.2355
4 2.565 2.2074
7 0.375 0.3998
6 0.6525 0.4341
4 2.28 2.1247
7 2.7375 2.8188
4 2.085 1.7597
5 2.2725 2.0397
4 1.0425 1.3206
7 1.245 1.3876
5 0.87 0.9939
4 2.37 2.1726
6 2.925 2.9103
5 1.7625 0.9858
4 2.4075 2.0581
4 0.645 0.8786
5 0.9975 1.4312
7 1.2675 1.2244
5 1.1775 1.6773
5 1.2975 0.8018
6 0.66 0.646
4 2.7525 2.6675
5 1.6125 1.7145
6 1.215 1.7849
6 1.5675 1.2921
6 1.11 1.7505
7 2.61 2.6098
6 2.55 2.5781
6 1.1025 1.3468
6 2.1375 2.2583
5 1.2675 1.4637
4 2.475 2.4124
7 2.505 2.4175
6 0.3975 0.2423
7 1.14 1.0024
5 1.2675 1.6413
7 0.8925 0.7596
4 0.8325 1.6927
4 0.1275 -0.008
7 2.9025 2.9599
6 0.5325 0.6014
6 2.0925 1.9994
4 0.405 0.527
7 2.7375 2.6757
7 1.38 1.3182
6 2.1 1.8013
4 0.03 0.1295
4 2.43 1.9847
4 0.435 0.4817
5 0.8925 1.052
5 2.505 2.7024
4 0.855 1.6993
5 1.8 1.0232
4 0.78 1.0245
7 1.845 1.8593
7 0.54 0.6768
5 2.505 2.3981
5 0.27 0.2652
4 1.575 1.5288
7 1.635 1.4533
5 0.9075 0.8968
4 2.52 2.6663
6 2.5575 2.4723
6 2.955 2.836
5 0.135 0.1008
7 2.4975 2.5629
6 2.9025 2.9237
7 2.16 2.0729
4 2.94 2.7191
4 0.51 0.4627
7 2.3925 2.3145
7 1.905 1.7617
6 0.45 0.3556
7 1.125 1.0638
7 0.7125 0.6269
4 1.1775 2.1089
4 2.64 2.8549
6 2.9775 2.9329
5 1.74 2.095
5 0.3975 0.3655
4 2.0625 1.6268
5 2.7975 2.6498
5 2.6025 2.8187
4 2.1 1.4458
7 1.41 1.4687
5 1.7475 1.5071
5 0.5625 0.4797
4 1.2 1.9269
5 1.7925 1.3331
6 2.46 2.3869
4 0.3825 0.4433
6 1.9725 2.0547
5 1.755 1.0472
5 1.575 2.1999
5 1.7325 2.0772
5 2.9025 2.7607
5 1.9275 1.9695
6 2.265 2.1559
7 1.44 0.984
6 0.3975 0.4106
7 0.6075 0.6636
5 1.8075 1.8563
4 1.4325 1.961
5 2.175 1.958
7 0.2175 0.2529
5 2.25 0.3711
5 0.5175 0.4722
7 1.3125 1.5107
5 2.895 2.7277
5 2.205 1.9459
7 1.515 1.8438
4 0.795 1.296
5 0.135 0.0733
7 1.7925 1.8754
4 0.135 0.2772
6 0.51 0.4509
4 1.215 1.2694
6 2.415 2.2136
5 0.0075 0.1185
6 1.1475 1.4756
5 2.82 2.7744
7 0.5775 0.5431
7 0.12 0.0727
7 1.785 1.4239
4 1.1775 0.8615
7 1.1775 0.9968
6 1.665 1.3595
7 1.98 1.8515
7 1.7475 1.6657
6 2.88 2.9173
5 2.67 2.7418
6 2.3625 2.3061
6 1.125 1.0177
7 1.7925 1.8299
4 1.605 0.62
5 0.0225 0.1001
7 0.7575 0.7685
5 1.41 1.862
6 2.64 2.5376
7 1.6425 1.7958
4 2.4825 2.4373
6 2.82 2.7984
6 1.6125 1.3923
4 1.3575 2.0402
5 2.595 2.3952
5 1.005 0.9328
5 2.8425 2.6906
5 2.01 2.4254
7 0.105 0.1245
6 1.0425 1.1751
5 0.165 0.2071
6 0.675 0.6489
4 1.6725 1.3919
4 0.165 0.2771
7 2.0325 2.0536
7 2.4075 2.4803
4 0.39 0.4414
6 0.45 0.4686
5 1.95 1.4391
7 2.5275 2.4595
5 1.665 1.3229
7 0.495 0.4195
6 2.115 2.1164
4 1.8825 2.4696
5 0.8475 1.2125
7 0.645 0.7357
5 1.5375 1.1123
5 1.845 1.3693
5 2.67 2.5267
5 0.8475 0.9392
7 1.2 1.4026
6 1.605 1.1315
6 0.33 0.345
6 1.23 1.5738
4 1.245 1.4603
4 2.1675 2.394
4 0.855 0.6961
6 2.4975 2.537
7 0.3675 0.299
5 0.405 0.4184
4 2.6475 2.5829
6 0.1725 0.2416
6 0.9375 1.1259
5 0.945 0.9355
4 2.1075 1.3672
4 2.07 1.5026
7 1.5075 1.518
5 0.84 1.4045
4 1.2225 2.1983
4 0.5775 1.6922
7 0.6225 0.6795
5 2.04 1.6761
6 1.0725 1.4396
7 2.6325 2.6901
5 0.2625 0.2861
6 2.43 2.3067
5 2.4 2.0752
6 2.82 2.8752
5 2.4675 2.2933
4 1.4475 1.985
7 0.855 0.8018
7 2.4975 2.6211
5 1.5675 1.0971
4 2.0475 1.7103
4 2.3475 1.8203
6 2.58 2.7215
5 2.9475 2.9347
7 0.7425 0.6649
7 2.13 2.166
7 2.3025 2.3142
6 0.0975 0.0165
7 1.6425 1.2631
7 1.0575 0.9832
7 0.075 0.269
4 0.72 0.3677
4 1.6425 1.8546
6 1.02 1.0582
7 0.2025 0.2108
7 0.7425 0.6703
5 2.0325 1.5878
6 0.33 0.4489
6 0.12 0.1552
5 0.4725 0.5393
7 2.43 2.2639
4 2.97 2.8443
4 0.15 0.0181
4 1.215 1.7631
6 2.325 2.3921
7 1.005 1.1999
7 2.685 2.635
7 0.3375 0.2822
5 2.5575 2.5977
4 2.025 2.5835
6 2.8725 2.8471
5 2.31 2.2379
5 1.1625 1.9207
5 2.94 1.7892
6 0.57 0.6694
7 0.765 0.7551
7 2.085 2.0006
5 2.8275 2.8095
4 0.375 0.3616
4 2.0175 2.2208
4 1.5225 2.2197
6 0.06 0.1363
7 0.4275 0.3709
4 1.65 1.9233
5 2.52 2.4908
5 1.2225 1.2265
7 0.345 0.3455
4 0.33 0.33
4 1.53 0.9093
5 0.0525 -0.0071
7 0.8475 0.7883
7 1.875 1.6697
4 1.1325 1.368
5 2.3775 2.4208
5 1.425 1.8166
4 1.8525 1.4906
7 0.0825 -0.0025
5 1.7025 1.3807
6 2.5425 2.4574
4 0.33 0.5229
4 0.0825 0.1251
7 2.85 2.8621
5 0.6 0.5542
6 2.07 1.8331
5 2.085 1.908
5 0.8325 1.2007
6 2.76 2.8336
6 0.6825 0.7255
6 1.5525 1.5858
4 1.11 1.1225
7 1.2 1.4536
7 1.8075 1.9605
6 2.61 2.6007
4 1.0575 1.2252
4 1.2 1.2174
6 1.8525 1.6683
6 1.4325 1.5926
6 2.07 2.2439
6 0.54 0.5275
5 2.16 2.1396
4 2.0775 1.1385
7 0.93 1.3308
5 0.06 0.3572
7 2.1675 2.1449
6 2.025 1.8426
5 0.105 -0.0025
5 1.5825 1.3103
4 0.9675 0.8098
7 0.75 0.6773
6 0.9525 0.8058
5 0.495 0.6459
6 2.28 2.1804
4 1.38 1.7065
5 0.8925 1.6481
6 2.565 2.5202
7 1.3425 1.3967
7 2.985 3.0058
6 2.505 2.4523
6 0.045 0.0447
6 0.18 0.2047
4 1.26 0.9099
4 0.0975 0.1551
6 1.95 1.6625
7 1.5675 1.6921
6 0.78 0.753
6 1.92 1.3414
5 0.2625 0.4251
4 2.3625 2.3427
5 1.5 1.2771
4 1.53 1.9942
5 0.87 0.8676
7 0.99 0.8606
7 0.2625 0.2736
6 1.2525 1.4711
6 0.8925 1.3424
4 0.9975 0.8451
7 0.2475 0.1997
6 0.375 0.3427
5 1.92 1.5772
5 1.53 1.3651
7 0.81 0.7133
7 2.4675 2.5942
5 2.1075 2.363
5 2.415 1.5931
7 1.6275 1.4102
5 1.56 1.9492
7 0.165 0.1237
6 2.1375 1.9297
5 2.58 2.5568
7 0.1125 0.0269
7 0.9375 0.8688
5 1.17 1.6659
5 1.9125 1.7853
6 1.5975 1.8702
6 0.1125 0.1297
6 1.9875 1.9921
4 2.2125 2.1746
6 2.61 2.5322
4 2.1 2.2434
6 1.035 1.3565
5 0.4275 0.392
4 2.1225 2.183
5 0.33 0.2535
7 1.4925 1.6802
6 2.895 2.9909
5 1.695 1.522
7 1.5525 1.6347
5 0.765 0.7845
7 0.8925 0.9827
4 0.39 0.5135
5 1.9275 1.8607
5 0.15 0.0774
6 1.8075 2.142
5 0.7275 0.9189
7 1.41 1.254
6 2.175 2.1026
5 0.495 0.5239
6 2.595 2.7222
4 0.84 1.0165
7 0.7725 0.6598
7 1.215 1.7347
5 0.51 0.4105
5 0.2625 0.2142
7 0.12 0.1684
6 1.2975 1.5462
6 0.24 0.3216
4 0.2925 0.2504
4 0.3825 0.3758
4 2.2125 1.5909
5 2.2575 1.456
5 1.2675 1.8303
6 0.825 0.8811
5 0.435 0.6141
6 1.6875 1.8024
5 2.73 2.7278
6 1.935 1.6682
5 0.78 0.6272
7 2.58 2.5912
4 1.7175 1.2302
7 2.9175 2.8656
7 0.45 0.4545
5 1.11 1.0982
7 0.645 0.6253
5 2.67 2.5435
7 0.8325 0.8586
6 2.9475 2.9115
6 2.0775 2.0713
6 2.505 2.4298
6 1.6275 2.1075
4 2.325 1.2016
7 1.59 1.4294
6 2.835 2.8886
7 0.87 0.7766
7 2.16 2.1288
6 0.48 0.4067
5 2.7825 2.6928
6 0.045 0.0181
4 1.905 2.1534
5 1.5075 2.1853
6 0.915 1.5929
5 2.7825 2.816
5 1.59 1.5106
5 0.6 0.6138
4 1.65 1.6239
6 2.745 2.9113
5 0.9825 1.4355
5 1.4925 1.3565
7 2.1375 1.9667
7 0.3525 0.2931
7 2.28 2.2195
6 0.1725 0.2296
4 1.7925 1.0878
6 0.195 0.2495
4 2.0475 1.7217
5 2.2575 2.2041
6 1.905 2.1102
7 2.4 2.2888
4 1.395 1.7206
7 1.005 0.7858
4 1.5675 0.7205
4 1.92 1.8864
5 0.075 0.1592
7 0.0525 0.1413
6 1.56 1.9932
6 1.785 1.6841
6 0.84 0.7703
6 0.195 0.1957
6 0.225 0.3179
4 2.9325 2.759
5 1.7025 1.0396
7 0.0 -0.0232
6 2.5575 2.6212
4 0.1725 0.2071
5 0.345 0.3517
4 0.2925 0.3318
6 1.2375 1.1872
6 0.8475 0.9808
4 2.655 2.4565
4 2.9475 2.8831
4 1.83 2.1025
5 0.3 0.3964
7 2.79 2.7321
7 2.6625 2.681
7 1.845 1.996
7 1.3125 1.3577
4 1.1475 1.6989
6 0.345 0.5052
4 0.5175 0.829
7 1.26 1.4941
4 2.67 2.6548
6 2.6475 2.5739
5 1.29 1.3432
4 2.07 1.9107
5 2.4525 2.5484
4 2.925 2.907
5 2.2125 2.5338
5 1.5525 1.2221
4 2.5125 2.2612
4 2.3025 2.257
4 0.795 1.3919
7 0.39 0.4783
4 0.75 0.9254
4 2.595 2.637
4 0.9 0.6687
7 1.305 1.4025
4 1.935 1.7731
5 1.8675 2.0498
4 0.8625 0.9324
7 0.2775 0.3473
4 2.5875 2.4438
4 2.31 2.045
7 1.845 1.8106
6 2.1 1.9702
4 0.96 1.3117
7 2.5575 2.5694
5 2.73 2.8376
4 0.3075 0.2269
7 1.155 1.6364
5 2.4825 2.4783
7 2.67 2.7035
4 1.8975 1.162
7 0.4875 0.5371
7 0.3675 0.2077
6 1.4625 1.915
6 1.8075 1.3152
6 1.7025 1.7433
6 1.47 1.6331
6 1.14 1.7973
4 2.9625 2.8946
6 2.1225 1.9611
6 2.7675 2.955
6 0.06 0.1265
6 0.315 0.3765
4 0.255 0.1917
5 1.68 0.7881
5 2.475 2.3293
7 0.6675 0.6533
7 0.66 0.6198
7 2.355 2.2935
7 2.13 2.0631
4 0.39 0.1674
4 0.1275 0.3251
4 2.3325 1.3206
7 2.9025 2.8246
4 0.555 0.4694
6 0.225 0.3373
6 1.185 1.9652
7 0.0225 0.052
6 2.055 1.6752
4 2.985 2.8245
4 0.915 0.8116
5 0.7425 0.7166
6 0.4425 0.4824
5 2.925 2.9567
6 2.2275 1.9447
4 2.25 2.1704
7 0.6675 0.6214
6 1.11 1.0251
6 2.8425 2.8587
4 0.4425 0.5297
6 2.835 2.7699
4 2.6925 2.318
6 1.995 1.9901
5 0.7725 1.0856
7 1.2 1.1791
4 1.905 1.199
4 0.735 1.3362
7 1.7025 1.705
6 1.7325 1.4846
4 2.7975 2.7252
7 1.38 1.6083
5 2.55 2.4784
7 0.5775 0.5655
7 1.5525 1.7878
6 0.645 0.6098
4 2.5425 2.567
4 2.7225 2.4433
6 1.9875 1.5544
6 2.895 1.1886
5 0.96 0.7796
4 1.47 1.8795
6 2.25 2.3147
5 0.81 0.7931
4 2.4825 2.4583
5 1.23 0.8285
5 2.4825 2.6026
5 0.48 0.3691
4 2.9625 2.7549
4 0.81 0.9894
6 0.09 0.1155
4 0.195 0.0835
7 0.105 0.0171
6 0.66 0.6126
7 2.7525 2.7304
4 0.375 0.2152
4 0.2925 0.5097
4 0.6825 0.8061
7 1.44 1.3179
7 2.1075 1.683
7 2.9175 2.8995
7 1.605 1.5647
5 1.3875 1.9456
7 1.0875 0.8822
6 0.57 0.6582
5 0.045 0.1618
6 0.465 0.3591
7 0.45 0.4007
5 1.215 1.6264
7 0.555 0.5754
7 1.17 1.2072
7 0.33 0.3868
7 1.245 1.2835
6 2.985 2.9632
7 0.9375 0.9245
6 0.6675 0.6876
4 2.5875 2.5787
4 2.82 2.9144
6 0.075 0.0001
6 0.8325 0.699
7 0.8925 0.7847
5 2.4675 2.4172
7 2.07 1.8993
5 2.685 2.571
4 1.395 0.5597
7 1.2225 1.4574
6 0.6825 0.8626
7 1.26 1.0775
6 1.2975 1.1726
4 0.87 0.6732
4 1.5975 1.4428
6 1.6275 1.3754
6 0.4875 0.5167
6 0.9225 1.1256
7 2.43 2.4532
6 2.8875 2.88
7 1.8 1.8193
6 1.935 1.7787
6 1.62 1.4341
5 2.2275 2.5201
4 0.6225 0.5475
5 2.3775 2.5711
7 1.485 1.6078
4 2.31 1.2453
6 0.0525 0.086
6 2.6475 2.7487
7 0.7575 1.062
6 1.29 1.6387
4 2.7375 2.7763
5 1.995 2.1673
4 1.395 2.2297
5 0.2925 0.4362
4 0.0225 0.0901
7 1.2675 1.1621
7 1.38 1.4314
5 1.1325 1.8309
4 2.0775 1.7984
5 1.785 1.0997
7 1.2975 1.5535
5 2.1975 2.1587
5 2.715 2.6512
7 1.56 1.9821
7 2.505 2.4369
4 1.875 1.6647
6 1.035 1.1839
6 2.8275 2.7229
4 2.9625 2.8658
4 1.1475 1.1439
5 2.8575 2.7456
7 1.215 1.1628
4 2.6925 2.8386
5 2.8425 2.8884
4 1.335 2.1999
5 2.9475 3.0195
5 1.4475 1.8359
7 1.3125 0.8737
4 0.8175 0.982
5 0.03 0.1467
4 0.39 0.4872
6 1.1025 0.9242
4 1.8 1.0673
7 0.0375 0.043
5 0.0225 0.0598
5 1.14 1.317
4 0.4725 0.4888
6 1.4775 1.5765
6 2.805 2.77
7 0.84 1.0457
4 2.6775 2.6818
7 1.6575 1.6888
5 2.0025 1.546
5 2.6025 2.3431
7 1.89 1.7762
7 0.18 0.2464
5 1.695 1.6591
6 1.8975 1.5923
7 2.46 2.4497
7 0.48 0.4466
6 0.9975 1.066
5 2.835 2.8117
5 2.715 2.6769
7 2.94 2.9695
6 2.7375 2.6397
7 1.6125 1.3838
5 1.3425 1.7192
4 2.76 2.8182
6 2.655 2.6706
5 2.445 2.589
7 1.5675 1.2256
6 0.4425 0.4045
7 2.9925 3.0083
4 2.4675 2.63
6 0.855 1.2014
6 0.5925 0.6187
7 1.4175 1.4199
7 2.5575 2.5686
5 0.3675 0.3827
4 0.39 0.4517
5 1.9275 1.0679
5 2.685 2.7158
6 2.3175 2.0187
5 0.69 0.7951
5 1.9425 1.715
6 0.33 0.3167
7 1.8225 2.0732
7 1.89 1.678
5 0.3075 0.2278
4 0.3225 0.2257
7 0.8925 0.903
7 1.77 1.716
6 1.68 1.9178
4 2.685 2.8696
4 0.7575 0.8358
5 0.57 0.489
5 1.7475 1.7984
5 1.7475 1.3747
4 0.99 1.3639
5 2.4825 2.4351
4 0.54 1.011
4 1.8975 2.1848
5 2.52 2.3857
6 0.2925 0.2402
7 2.5875 2.5458
4 1.245 2.254
6 0.5775 0.4436
7 2.745 2.7548
7 0.7575 0.973
5 0.1875 0.0862
6 2.7075 2.7198
5 2.625 2.4057
4 2.3925 1.4957
4 2.7075 2.8507
7 2.925 2.9
7 2.565 2.5488
7 1.74 1.975
7 1.2075 1.6238
4 1.9875 2.02
5 0.4875 0.7714
6 2.835 2.8098
5 1.275 1.335
4 1.3275 1.3675
5 0.795 1.0624
7 2.4075 2.3605
6 0.015 0.0397
5 1.545 1.5961
5 2.52 2.531
4 2.8125 2.6987
4 1.5675 1.1664
5 2.73 2.6141
5 1.8075 1.9672
7 0.6975 0.6619
4 1.1325 1.7871
7 0.6675 0.6988
4 1.815 0.7346
4 1.2825 1.4104
5 1.05 1.0614
7 0.435 0.4705
7 0.33 0.2948
6 0.525 0.6052
4 0.4875 0.3822
6 2.805 2.8405
7 0.18 0.2835
7 0.5925 0.6026
7 0.4725 0.53
6 0.2625 0.3359
6 2.0175 1.8796
5 2.595 2.2645
7 2.685 2.6869
7 1.0875 1.2117
7 2.3325 2.3956
4 2.3775 2.1875
6 0.81 0.9662
7 1.77 1.6212
6 0.705 0.7288
5 2.3025 2.4063
5 1.35 1.6961
4 0.1875 0.1428
7 2.0325 1.6496
5 0.9675 1.7019
4 0.3225 0.3939
5 2.1 1.4326
4 0.72 0.6637
6 0.4725 0.4969
4 2.67 2.7151
5 2.325 2.3095
6 0.375 0.4998
6 1.875 2.0379
4 2.6025 2.5454
6 2.835 2.8587
6 2.4375 2.4386
6 1.815 1.8106
5 1.5825 2.0397
5 2.43 2.2345
6 0.84 0.8721
5 0.0825 0.0242
7 1.395 1.8019
7 2.415 2.4912
7 1.5 1.4235
5 0.78 1.0659
4 0.75 0.8609
6 0.1125 0.2288
6 0.3675 0.3548
7 2.6325 2.5685
5 0.9825 1.9304
5 1.98 2.1623
4 2.595 2.5183
5 0.63 0.5251
7 0.5475 0.6478
4 1.1175 1.2678
6 0.9825 1.0069
5 2.34 2.6257
6 0.2625 0.1426
6 0.7725 0.9053
7 0.9975 0.8458
6 1.7625 1.5608
6 1.935 2.0011
5 2.3325 2.127
6 0.4425 0.3925
7 0.5475 0.4997
6 2.7825 2.8029
5 0.165 0.084
4 1.2975 2.1286
6 1.92 1.3802
5 0.555 0.548
4 1.47 1.4083
7 0.9 1.134
4 2.085 1.9781
4 1.7475 1.9911
4 0.5625 0.6185
5 1.065 1.5393
7 0.21 0.2256
4 0.285 0.2997
7 0.705 0.8201
4 0.78 0.7332
6 0.885 1.0784
7 2.8875 2.8683
5 1.6575 1.3963
4 1.11 1.7616
7 0.1575 0.0786
5 1.05 0.7394
6 1.155 1.6439
4 1.3575 1.2971
4 0.3375 0.276
6 1.3725 1.1793
6 2.1975 1.7146
4 2.8575 2.8621
5 1.7775 1.6651
5 2.4375 1.8962
7 0.1725 0.0552
4 2.625 2.4581
4 0.825 1.2074
5 0.0225 0.0722
5 0.555 0.6915
5 0.5625 0.5899
5 2.445 2.4619
5 1.215 1.6228
7 2.19 2.0527
7 1.7925 1.626
5 1.365 1.5583
4 2.7525 2.7602
7 2.55 2.569
4 1.77 1.9498
7 1.185 1.5913
5 2.9475 2.9346
7 2.52 2.4886
4 0.09 0.2938
4 2.88 2.6995
5 2.7225 2.7531
4 0.5325 1.4117
6 2.9625 2.893
6 1.9125 1.6331
7 2.0475 2.1207
5 0.2625 0.2017
4 2.235 2.1696
5 0.75 0.9295
6 1.86 1.6458
7 1.0425 1.0988
6 0.2625 0.3362
4 1.5525 1.4484
4 0.5175 0.4221
4 1.1625 2.2259
4 1.575 1.8248
5 0.2025 0.2148
5 2.2875 1.7335
5 0.3375 0.1536
4 2.5575 2.2317
7 0.24 0.1858
5 1.3425 1.6024
5 1.2 1.4437
4 2.4075 2.4466
6 1.89 1.7237
5 1.92 1.8538
4 1.11 1.2491
4 2.415 2.3364
5 2.43 2.4967
5 0.825 1.7813
7 2.9175 2.8431
5 2.775 2.7042
7 2.1525 2.0053
7 2.8425 2.7772
5 0.2475 0.1397
7 1.9425 1.7645
6 2.82 2.8763
6 0.225 0.3173
4 2.6325 2.8839
4 2.28 2.0417
6 1.7775 1.5452
7 1.305 1.4033
4 1.95 1.534
4 1.62 1.6125
5 2.79 2.7623
7 0.075 -0.0095
7 2.295 2.2284
5 2.535 2.4502
7 0.0225 -0.0225
7 0.84 0.6733
5 1.26 1.8831
6 0.9975 1.0948
7 0.45 0.4062
5 0.795 1.1659
6 0.9375 0.8122
7 1.9875 1.7768
6 1.8375 1.644
5 2.5575 2.4398
7 0.03 -0.0163
5 1.0575 1.4564
4 0.9075 1.3041
6 0.78 0.6838
6 1.845 1.8249
6 2.355 2.3672
7 0.705 0.6052
7 0.975 1.2817
5 0.3375 0.4815
4 0.54 0.5816
7 2.67 2.733
5 0.21 0.2265
7 2.6025 2.6041
4 2.775 2.5303
4 2.1225 2.0538
7 2.2875 2.2881
6 2.4525 2.4554
7 2.2725 2.3358
5 1.4925 1.6407
4 1.62 1.6162
6 1.2675 1.0766
5 0.4125 0.5154
6 2.28 2.3283
4 1.9875 2.0514
6 0.4425 0.4266
5 2.0175 2.0211
6 1.47 1.8432
5 1.0425 1.0106
4 2.13 1.4461
4 0.9 1.3163
6 0.0075 -0.0036
6 1.47 1.3222
5 0.105 0.1145
5 2.9625 2.8551
7 2.9025 2.8878
7 2.4075 2.4593
4 1.1925 0.8989
6 0.435 0.3245
6 0.6975 0.6716
4 2.715 2.9359
4 2.82 2.7349
4 1.635 1.23
5 2.6475 2.5601
6 1.1775 1.2393
5 1.95 1.263
5 0.4425 0.6646
4 2.5875 2.0278
5 0.21 0.292
6 2.82 2.8529
6 0.7275 0.9733
7 0.2175 0.1895
7 0.315 0.3586
7 0.2775 0.3661
5 2.3175 2.3397
6 1.4625 1.3558
5 1.635 1.6698
4 1.7925 1.1413
4 2.37 1.9036
6 0.9975 0.8701
4 0.2925 0.2486
6 1.89 1.658
4 1.215 1.1366
4 2.655 2.5633
6 2.355 2.3804
7 2.1375 2.1163
6 1.9125 1.9212
5 2.955 2.9335
5 0.795 1.2696
4 2.6925 2.645
5 0.5775 0.8839
7 1.605 1.6627
7 0.1425 0.1486
7 1.3275 1.5267
5 1.29 1.5462
7 2.6025 2.5331
4 1.575 1.3109
5 1.755 1.5773
6 0.1125 0.1005
4 0.0075 0.1739
5 1.8 2.2585
4 2.9175 2.687
6 1.875 1.4101
5 1.2075 1.7277
7 2.325 2.3984
6 2.685 2.7524
4 0.705 0.5114
6 1.59 1.9347
4 2.61 2.7282
5 2.0775 1.4982
7 1.965 2.0576
7 0.6075 0.5488
6 0.345 0.3366
6 0.4875 0.602
4 0.5925 0.9845
4 1.32 1.583
5 2.13 1.7678
7 1.3875 1.7952
7 0.915 0.7305
7 0.2175 0.2598
7 0.0525 0.0095
5 1.68 1.5359
5 0.21 0.2643
6 2.64 2.5859
7 2.595 2.5508
5 0.8925 0.918
5 1.0125 0.8826
4 1.485 0.8695
4 2.655 2.4852
4 2.325 2.5008
7 1.26 0.9207
4 0.96 1.6711
5 2.9325 2.9262
5 1.695 1.389
6 0.075 0.1803
4 1.1325 0.8224
4 0.12 0.2927
7 1.5225 1.1816
6 0.885 0.9329
6 0.3525 0.4022
6 1.7025 1.6823
5 2.895 2.8924
4 2.31 1.0623
7 1.74 1.6055
5 0.795 0.9239
5 2.5575 2.197
7 0.5775 0.5519
4 1.065 1.561
7 1.77 1.6714
6 2.7225 2.637
5 2.145 2.3237
4 2.355 2.2248
4 1.7475 0.7686
6 2.3175 2.371
4 1.8225 2.3186
7 2.9925 3.0776
6 2.7525 2.8434
7 0.3225 0.3416
7 0.705 0.6564
7 1.95 1.8742
4 1.9425 1.8924
7 2.1225 2.041
5 1.08 1.5129
6 0.8775 1.0236
6 2.595 2.5878
7 1.53 1.7636
5 0.69 0.5842
7 1.035 1.2731
7 0.3825 0.3889
5 0.0225 0.0748
4 2.4825 2.2653
4 2.0775 1.411
6 1.905 1.7296
7 2.82 2.8034
6 1.9725 1.5589
4 0.8925 1.5646
7 2.685 2.6908
6 1.1925 1.2279
5 1.185 0.8436
7 1.29 1.5058
5 0.9525 1.2543
7 2.985 3.0635
4 1.8 1.965
6 1.5075 0.9933
4 1.3125 2.0053
5 2.535 2.6189
5 2.325 2.0126
4 2.8125 2.8034
7 1.5375 2.0188
4 1.2825 1.3677
4 1.2225 1.4055
7 2.4525 2.423
6 1.2 1.3099
7 2.925 2.8725
7 2.2875 2.2148
5 2.8425 2.9034
7 0.615 0.542
4 1.4625 1.4127
4 2.985 2.8228
7 1.3425 1.0968
4 1.275 1.8441
7 1.95 2.0611
7 1.815 1.6673
4 2.58 2.4122
5 1.635 1.9576
5 0.6825 0.9061
7 2.895 2.808
7 2.025 2.0929
7 0.45 0.4414
6 2.2575 2.1694
4 2.9625 2.9655
4 0.69 1.2338
6 2.7525 2.704
4 2.64 2.5529
5 1.125 1.3843
6 1.65 1.4183
7 0.285 0.2285
6 0.105 0.0406
4 1.6125 1.6666
7 0.9675 0.9291
5 1.2225 1.0006
4 0.1125 0.1198
7 1.71 1.5661
4 2.4225 2.3637
5 1.6275 1.6017
4 1.2525 1.4232
7 1.1325 0.9773
5 2.07 2.2706
6 1.1775 1.2895
5 1.95 1.8411
7 2.16 2.6224
6 2.4 2.423
7 1.8225 1.3536
4 2.1975 2.402
6 0.9975 0.916
6 1.1775 1.4057
6 1.665 1.4208
4 2.835 2.8085
7 1.8375 1.5944
6 2.1525 2.2802
6 0.795 0.785
5 0.27 0.299
7 2.8875 2.8042
7 1.2525 1.3386
6 2.58 2.6258
5 2.0175 1.835
5 2.4675 2.5151
4 0.825 0.7118
5 0.5775 0.5838
4 1.9275 0.8008
4 1.965 1.0102
5 2.8875 2.9185
7 1.74 1.7464
7 0.285 0.3045
5 2.5275 2.3314
5 2.385 2.5004
5 0.5025 0.845
6 1.305 1.749
5 2.385 2.414
7 2.0175 2.1009
5 2.6625 2.6719
4 0.3375 0.3539
5 1.3575 1.9154
5 2.415 2.3729
7 2.85 2.8402
4 0.405 0.5535
7 1.74 1.7553
6 2.055 2.1101
6 0.7275 0.8644
7 1.26 1.8585
7 2.7975 2.8217
5 1.5225 1.0333
6 2.1375 2.2338
6 1.8 1.5056
5 2.8575 2.7441
5 1.455 1.5949
6 1.1475 1.3301
6 1.59 1.8046
4 2.3925 2.5203
6 1.9125 2.0093
5 0.87 0.6149
5 0.135 0.1886
7 0.45 0.4444
4 2.9775 3.0141
4 0.5325 0.5582
6 0.27 0.2436
5 0.09 0.1037
4 2.2125 2.4896
7 2.55 2.5539
6 2.7975 2.7703
4 2.6325 2.4764
7 1.485 1.5238
6 1.86 1.8912
4 0.015 0.1269
6 2.4225 2.3712
6 0.15 0.1814
7 1.425 1.5617
4 2.6625 2.8676
7 0.9375 0.9107
6 1.7475 1.4552
7 1.74 1.9045
4 2.7825 2.7515
7 2.31 2.4171
4 2.0625 1.2278
6 0.1575 0.1651
6 1.65 1.3805
6 0.2025 0.1934
7 1.23 1.2923
6 0.33 0.3276
5 2.85 2.7289
5 1.1175 1.3966
4 1.7475 2.2299
4 2.25 1.8317
5 0.8625 0.4966
4 2.6775 2.6075
5 2.4075 2.1258
7 0.075 0.0665
7 2.67 2.5481
4 2.6625 2.57
7 2.865 2.8484
5 0.9375 1.1474
4 2.0775 2.6539
7 1.095 1.2715
4 1.02 1.0059
6 1.965 1.7841
5 1.6125 1.0727
6 0.8475 0.7591
4 0.525 0.7232
5 0.3825 0.3567
5 1.8375 2.1353
5 1.0725 0.7792
5 0.0225 0.1542
6 2.8725 2.7855
6 2.8875 2.8989
5 2.9925 2.905
4 1.7025 0.8786
5 1.6875 1.0114
6 2.46 2.5185
4 1.6425 0.8847
5 2.1825 1.6325
5 1.3125 1.2358
7 2.505 2.4899
4 2.9625 2.951
4 0.135 0.001
7 1.26 2.8188
5 2.625 2.4429
5 2.37 2.4935
7 2.7525 2.7496
4 2.1825 2.1726
5 2.4525 2.4882
4 2.7525 2.7469
4 1.98 1.1502
6 1.5675 1.8817
6 2.4675 2.5672
7 1.5975 1.4878
5 0.3375 0.3241
5 0.3675 0.2817
7 2.5275 2.4739
7 1.7475 1.8254
6 2.1975 2.2929
4 1.5375 1.4504
6 0.9825 1.0602
7 2.9475 2.968
4 0.0975 0.0458
7 1.68 1.2443
5 0.69 0.749
7 2.4975 2.5275
6 0.285 0.3191
4 0.285 0.3862
7 1.0425 1.034
4 0.27 0.2861
6 2.9475 2.9242
7 1.38 1.6099
4 2.625 2.7517
5 2.6775 2.5816
7 2.58 2.5733
5 1.5375 1.3808
5 2.7825 2.7796
7 1.605 1.7441
4 2.3775 1.4727
5 1.89 1.9934
4 0.435 0.4428
4 0.0975 0.1314
6 1.2975 1.4498
4 0.5325 0.5218
6 0.6975 0.6587
4 0.075 0.1292
4 2.235 2.0392
7 1.155 1.3382
5 2.355 1.8263
6 0.315 0.2693
4 2.9625 2.929
7 1.005 1.2442
7 2.835 2.8878
6 1.4025 1.7553
5 2.3175 2.1441
4 1.8 2.4188
4 2.9925 2.9243
5 0.45 0.5376
5 2.4075 2.4697
6 0.5625 0.5276
6 1.515 1.3245
7 1.8375 2.0287
6 2.6325 2.7027
6 1.1625 1.0221
5 0.66 0.4722
4 1.77 1.073
7 0.825 0.9089
5 2.295 2.3263
5 1.92 2.166
5 1.8975 1.9743
4 1.59 1.3961
5 2.8725 2.8536
4 0.8325 0.6632
7 0.5025 0.5125
5 1.725 1.8424
4 2.1075 1.8259
4 1.065 1.3777
7 1.92 2.0366
7 0.8025 0.7855
7 1.905 1.8348
6 2.5575 2.6189
4 2.79 2.7211
4 1.17 0.7824
7 2.355 2.4567
5 2.7975 2.8543
5 1.29 1.842
5 2.835 2.869
7 2.0625 1.931
6 2.7375 2.7877
5 0.7575 1.0108
4 1.29 1.6025
6 0.8325 1.1642
5 1.905 1.2522
4 2.8575 2.7183
7 2.505 2.484
4 0.42 0.6346
7 1.215 1.4888
6 2.52 2.3461
7 1.8525 1.7703
7 2.13 2.2121
4 0.375 0.2128
7 1.1175 1.3115
5 1.5975 1.8339
6 1.95 1.765
4 0.7725 0.5525
4 2.655 2.631
4 1.215 1.917
6 0.5475 0.6362
6 0.585 0.5708
7 0.3375 0.4032
5 2.1375 2.104
6 1.8375 1.5791
4 2.6925 2.5039
4 2.73 2.4648
7 1.62 1.2627
4 1.1175 1.4025
6 1.53 1.1481
6 1.845 1.899
7 1.845 1.7262
6 2.115 2.1978
6 2.835 2.7954
5 2.52 2.4479
7 0.495 0.4541
5 0.495 0.5546
5 1.92 1.9823
6 1.83 1.9586
5 0.7725 0.797
6 1.575 1.8386
6 1.875 1.2588
4 1.86 2.1734
5 2.145 2.3107
7 0.6375 0.5952
6 0.81 0.8243
5 2.475 2.5177
4 1.515 2.3072
7 1.0275 0.9741
6 2.37 2.2863
5 2.1075 2.2328
6 0.5775 0.4837
6 1.995 1.5095
5 1.275 1.485
5 1.14 0.7897
6 1.95 2.9663
7 0.69 0.7218
5 1.275 1.9026
4 0.345 0.1722
5 0.8025 0.6158
5 1.4775 1.8741
4 0.8325 1.4179
7 1.9725 2.0917
7 0.4275 0.3968
5 2.13 1.7887
6 0.6975 0.8458
4 2.7675 2.7491
6 2.565 2.5994
4 1.875 0.7304
6 2.5125 2.5798
6 1.53 0.9367
6 0.3 0.2881
7 2.5575 0.204
4 2.31 2.101
5 2.085 1.9248
6 0.5325 0.5616
5 1.8375 1.5949
5 1.1025 0.7952
4 0.0825 0.0472
4 2.9925 2.7081
6 1.5 1.5533
5 0.3675 0.2643
5 2.22 2.2516
5 2.8575 2.7467
4 0.705 1.2971
5 0.6375 0.7148
6 2.715 2.6472
6 2.955 2.9342
4 2.04 1.3056
7 0.54 0.6011
4 1.785 2.1761
4 0.75 1.3709
5 2.8875 2.8864
5 0.18 0.1908
5 2.97 3.003
5 1.335 1.2192
5 1.38 1.5435
4 1.905 1.6588
6 0.0825 0.0786
6 2.0175 1.9036
6 2.835 2.8223
5 0.15 0.1069
5 2.115 1.7356
5 2.7 2.5734
4 1.95 2.0922
5 0.675 0.6917
4 2.115 2.4046
4 2.445 2.4721
6 1.8225 1.3236
5 0.78 1.1704
6 2.865 2.7949
7 0.855 0.8847
6 2.04 1.7763
7 0.2325 0.2866
6 1.8975 1.9159
6 2.4975 2.5724
5 0.99 1.6976
4 1.7325 1.3999
6 0.945 0.989
5 1.965 2.0751
4 0.54 0.4127
6 1.4025 1.0783
5 2.25 2.4514
5 2.9475 2.8544
6 1.6575 1.9845
5 2.22 1.6675
7 1.5975 1.7557
5 1.0425 1.3584
7 0.9375 1.3064
6 1.17 1.3685
7 0.2775 0.1975
6 1.5825 1.3115
5 0.375 0.3852
4 2.715 2.7987
4 2.1825 2.2732
6 0.4725 0.5226
6 2.9925 2.9647
4 0.165 0.3101
6 1.56 1.3593
5 0.78 0.7326
4 2.6025 2.7682
6 1.845 1.584
7 1.635 1.9909
5 2.1975 2.0905
6 1.1625 1.5464
7 0.6975 0.6939
4 1.5975 1.813
4 2.8275 2.7307
6 2.475 2.378
5 0.6675 0.9965
6 1.935 1.6318
5 1.5975 1.2475
6 0.06 0.1694
5 0.72 0.9079
7 2.6175 2.4469
4 2.6325 2.5738
4 1.965 2.4669
7 2.3325 2.4052
5 1.2 1.0232
4 1.5675 1.1479
6 2.94 2.977
6 0.9825 1.0224
7 2.385 2.4019
7 1.5225 1.452
5 1.7175 1.575
5 0.6375 0.6089
5 0.09 -0.0256
5 0.735 0.6732
4 0.5325 0.481
7 2.9325 2.9425
6 1.11 0.9909
4 1.5675 2.2623
4 0.8775 0.7149
4 0.0675 0.1912
4 0.105 0.1193
7 2.07 2.1003
5 2.955 2.8873
7 2.9775 2.9291
6 1.0875 1.1011
7 1.7925 1.6116
6 2.175 2.1432
5 1.4925 1.5237
6 2.5725 2.5117
5 0.3075 0.2185
6 1.695 1.573
6 2.91 3.0126
5 0.6825 1.6302
6 2.43 2.4475
5 2.2125 2.4044
4 1.4175 1.7668
6 0.75 0.6344
7 2.9475 3.0375
5 2.04 1.4282
7 2.145 2.0683
4 0.93 1.322
4 2.19 2.0153
4 2.835 2.7364
7 2.2575 2.2213
6 0.375 0.4855
5 0.195 0.3364
6 1.38 1.6119
7 1.875 1.6881
4 1.95 1.397
7 1.995 1.7577
5 1.38 1.4373
5 2.145 2.1521
7 2.385 2.3029
5 2.7675 2.8407
7 0.57 0.5688
7 1.3725 1.457
6 1.875 1.401
6 0.585 0.6124
5 2.97 2.9307
6 2.955 2.9227
7 0.9525 0.9418
5 2.175 2.0436
4 0.6375 0.4768
6 2.52 2.5006
4 1.2825 1.4661
6 0.39 0.3599
7 1.1175 1.347
4 2.475 2.1615
7 1.5525 1.4541
5 1.695 1.421
7 2.34 2.3378
4 1.755 2.1144
5 2.175 2.144
4 2.445 1.7372
7 0.795 0.9341
5 2.4825 2.6239
7 1.2525 1.6061
6 2.025 1.6089
6 0.8325 0.7232
6 1.35 1.3544
5 0.1575 0.3154
5 0.33 0.4104
5 2.4525 2.6506
6 0.705 0.8202
6 2.475 2.5672
5 1.2 1.1168
5 0.7125 0.6749
5 2.7825 2.822
5 2.37 2.4917
7 2.6625 2.6577
7 0.705 0.7358
7 0.5775 0.5221
4 2.1525 1.6699
6 0.75 0.9012
6 1.53 1.7231
4 0.93 1.4244
4 0.09 0.0817
6 2.16 2.2159
7 2.895 2.913
6 2.9175 2.9017
7 2.94 2.9476
7 2.82 2.7282
5 1.17 0.8987
5 1.005 1.1539
5 0.7875 0.6828
4 2.1675 1.9758
7 1.89 1.5065
6 2.6175 2.6468
6 2.8125 2.8427
5 2.9775 2.9254
4 2.655 2.776
5 2.565 2.3097
4 1.995 2.3745
7 0.96 1.1155
7 0.5625 0.5056
6 1.1475 1.8009
5 2.2575 2.3291
4 1.0725 2.1887
5 1.32 1.3371
6 0.9075 0.9741
4 0.8025 1.3463
5 2.3025 2.1134
5 2.415 2.4091
6 1.6425 1.4834
4 0.8175 1.4373
5 0.2775 0.278
5 2.0475 2.2076
5 1.71 1.8892
6 2.4225 2.3565
5 2.985 2.8847
5 0.8025 1.0169
7 2.8875 2.9888
5 2.325 2.2775
7 1.395 1.4443
7 0.21 0.335
5 2.28 1.9859
7 1.425 1.8063
5 2.2875 2.5253
5 0.6525 0.775
5 1.1475 1.0911
6 1.365 1.6058
5 1.41 1.2377
7 1.0425 0.9948
5 0.195 0.4471
7 0.8475 2.666
6 1.425 1.3798
5 2.3025 2.427
6 2.1375 1.9504
6 0.09 0.1702
7 0.2175 0.1942
4 2.805 2.7688
6 2.91 2.89
4 1.785 2.6021
7 2.1525 2.1526
4 0.96 2.1132
5 2.9025 2.8782
6 1.545 1.7526
4 1.9275 0.78
5 2.0775 1.6676
6 2.1225 1.869
5 2.085 1.5793
7 0.255 0.2478
6 2.7075 2.7314
6 1.545 1.7243
4 1.14 0.8905
7 1.0575 1.5412
6 0.975 1.609
4 2.865 2.7981
7 1.9425 1.9309
6 2.4825 2.4578
5 1.1175 1.9195
7 2.7 2.6991
5 0.12 0.127
5 1.0425 2.1283
5 1.545 1.1538
7 0.42 0.3867
6 1.9425 1.9728
5 2.94 2.9528
5 2.565 2.5562
6 0.6225 0.7088
5 0.0225 0.0845
7 2.8725 2.8478
6 2.6025 2.555
5 2.76 2.8646
4 2.7225 2.7827
6 2.1675 1.8196
5 2.79 2.6385
5 1.77 1.7596
4 0.255 0.2594
4 1.6575 1.7221
5 0.3525 0.3701
7 0.225 0.2535
5 0.4275 0.2538
5 0.6675 0.4911
4 0.5775 0.4177
7 1.23 1.0918
6 1.8825 2.0085
6 2.3775 2.4295
6 0.7425 1.2106
6 0.6 0.6303
4 2.9175 2.9404
6 1.395 0.8564
5 2.7375 2.55
6 1.4475 1.4708
6 1.35 1.6615
4 2.5575 2.4409
4 0.6 0.9345
7 0.5025 0.4714
4 2.175 0.6729
7 1.2 1.5521
7 2.985 2.8795
5 2.0175 1.6732
4 0.945 1.8478
5 2.565 2.5666
6 2.1525 2.0279
7 2.85 2.856
7 0.855 0.783
7 2.73 2.6991
6 0.675 0.8803
5 2.6925 2.6578
4 2.715 2.3686
6 0.6525 0.8285
5 0.495 0.4474
6 0.915 1.0914
7 2.37 2.3555
5 1.035 1.9489
7 1.395 1.2856
5 1.5825 1.7565
4 2.9775 2.9179
7 0.2325 0.1227
5 0.0075 0.109
6 2.79 2.8895
6 0.2325 0.1417
4 0.345 0.2201
7 2.445 2.3278
4 1.395 1.2312
5 0.96 0.6609
6 1.065 1.0902
4 0.6375 0.93
4 0.99 1.1502
4 2.04 1.0712
4 0.87 1.046
6 1.02 1.1827
4 2.3025 2.0781
5 0.6825 0.685
6 1.0275 0.8417
6 0.9975 1.1013
4 2.49 2.5547
7 0.3675 0.271
4 1.815 1.525
7 0.84 0.8225
5 2.415 2.4901
5 2.0925 2.3133
6 2.4675 2.3631
4 1.65 1.3418
4 2.1075 1.0637
5 0.2325 0.1623
6 0.2625 0.1465
6 2.3175 2.1151
4 2.955 2.8143
5 0.525 0.6206
6 0.615 0.7551
5 1.14 1.0283
7 0.675 0.7143
7 1.0725 1.0723
7 1.5675 1.37
6 0.0825 0.098
7 0.885 0.964
5 0.9975 1.0798
4 2.97 2.8235
5 1.2825 1.1894
7 0.915 0.8934
6 2.7075 2.6324
7 1.6275 1.3861
7 0.9375 1.0121
4 1.8675 2.0918
4 1.7025 1.6844
6 1.275 1.491
4 1.065 1.6282
6 1.935 2.1206
7 1.875 1.8105
7 0.6975 0.7148
4 1.8675 1.4012
6 2.4075 2.4413
6 0.4725 0.4489
4 2.445 2.3484
5 0.915 1.3513
6 2.8125 2.9412
7 2.04 1.8552
4 1.6725 2.1126
5 2.3775 2.3346
6 1.1025 1.4623
7 2.73 2.7027
6 2.9175 2.7635
4 0.6375 1.2095
5 0.2475 0.181
5 2.1825 1.781
4 0.18 0.319
6 1.0725 1.1898
5 2.115 1.8365
7 0.5025 0.5458
7 2.25 2.259
4 1.56 1.8741
6 0.3975 0.4869
7 1.0275 1.1447
7 2.9775 2.9405
5 2.655 2.5759
4 2.8725 2.8867
4 0.27 0.3488
6 1.3425 1.7628
7 2.2575 2.155
7 0.72 0.6623
7 1.365 1.5824
6 1.695 1.1956
6 2.1825 2.0058
7 0.54 0.5493
6 2.835 2.9325
5 1.575 1.8142
6 1.515 1.3709
5 1.7325 1.5318
4 0.645 0.3928
6 2.16 2.13
5 2.9175 2.8146
5 0.6075 0.7835
5 1.89 1.5447
7 2.085 1.9009
6 2.6325 2.6373
5 0.975 1.3587
5 1.44 1.5051
4 1.77 2.5472
7 2.5575 2.5436
4 0.7575 1.6871
4 1.71 1.103
5 1.245 1.4576
4 0.87 1.0111
6 1.29 1.2314
5 0.825 1.2567
6 2.07 1.8432
4 0.39 0.5685
7 2.4075 2.3833
7 1.125 1.232
7 2.2425 2.2767
5 0.8025 0.8357
5 2.4375 2.2648
6 1.44 1.5114
4 0.3975 0.2479
7 0.285 0.3022
5 0.12 0.4841
4 2.1375 2.2914
6 1.14 1.189
5 1.7325 1.4186
7 0.735 1.0091
6 2.34 2.1736
4 2.1675 2.0422
4 2.07 1.579
5 1.755 1.9215
4 2.3325 2.4746
6 2.5575 2.4283
5 1.3425 1.7185
6 1.8825 1.1061
7 0.1275 0.1362
5 2.1825 1.9437
5 0.9525 0.9505
6 2.3475 2.3164
6 0.78 0.8149
7 2.055 1.7022
7 1.515 1.2587
6 0.09 0.0794
6 2.9775 2.8093
4 1.5525 1.4953
5 1.65 0.86
4 1.1925 1.5779
7 1.965 1.6373
6 1.7175 1.4681
6 1.605 1.5632
5 2.3325 1.981
6 1.9275 1.841
6 1.62 2.0593
7 0.06 0.0931
5 1.0125 1.5856
5 0.645 1.0843
5 1.35 1.5292
6 1.05 1.1005
4 0.2475 0.3118
5 2.295 2.2282
6 2.325 2.375
7 2.235 2.1933
5 0.4425 0.4713
4 2.085 1.8398
6 0.3975 0.3462
5 1.95 1.2579
6 1.7775 1.7978
5 0.165 0.273
5 1.6275 0.8467
6 2.8125 2.7221
6 0.4575 0.4002
4 2.6325 2.6505
6 2.1225 2.1809
5 0.66 0.6315
4 0.0825 0.186
7 0.645 0.6203
6 1.275 1.6588
5 2.4075 2.644
5 0.675 0.4808
5 0.48 0.5152
5 2.5575 2.6403
7 2.6625 2.6229
6 1.0275 0.9003
6 0.4575 0.4455
7 0.18 0.2515
7 2.835 2.7736
6 0.9975 1.1805
4 1.4475 2.4317
5 2.4225 2.482
5 2.025 2.055
7 0.7125 0.7963
6 1.7775 1.1819
6 2.58 2.5053
7 2.295 2.2776
5 1.815 1.4732
4 0.1425 0.2915
4 1.4025 0.6375
7 0.465 0.5264
5 2.28 2.0473
6 1.6575 1.5627
4 1.26 0.8869
5 2.1225 2.4195
4 2.52 2.3343
7 2.55 2.5176
7 1.1175 1.1497
6 2.43 2.4454
6 1.0575 1.1445
7 2.0625 1.8398
4 0.2625 0.1985
4 2.31 2.3595
5 2.085 1.7645
5 2.3625 2.157
6 0.015 2.8129
6 2.73 2.6666
5 1.53 1.4278
6 1.3875 1.0313
4 2.82 2.8545
6 0.2475 0.1586
4 0.24 0.2318
4 1.5075 2.0053
7 0.99 1.0304
4 1.2525 0.7078
6 2.2875 2.212
5 1.7475 1.6404
6 0.015 0.0509
5 2.46 2.461
4 0.39 0.273
6 2.6625 2.627
6 1.1475 1.3099
6 1.5 1.3723
7 1.4625 1.7116
4 0.345 0.4492
4 0.855 1.8671
6 2.6925 2.6971
6 0.7575 0.7936
5 2.265 2.1551
6 2.9175 3.0073
5 1.68 0.8783
5 2.19 1.4023
5 1.32 0.9573
4 2.7375 2.6247
7 0.4575 0.3468
7 1.14 1.351
4 1.8 1.8874
4 1.8525 2.4046
4 0.1275 0.1944
5 2.745 2.7771
6 0.795 0.7227
7 0.0825 0.0339
4 2.82 2.8298
5 1.725 2.0091
7 0.5475 0.5572
6 2.0175 2.0903
4 0.765 1.1653
4 0.9225 0.6569
5 1.8075 1.4009
7 2.04 1.9053
4 2.4075 2.1837
7 2.985 3.0032
7 1.935 1.895
5 1.77 1.7824
7 1.0125 0.8887
6 1.095 0.8475
4 0.585 0.5957
4 2.265 1.7733
7 2.8275 2.8001
5 0.585 0.5279
5 1.7625 1.1531
4 0.2325 0.0914
7 1.92 1.9041
5 0.2775 0.2072
7 2.4975 2.5089
5 1.305 1.3298
6 2.0175 1.9469
4 0.36 0.2398
5 2.025 2.1023
6 1.575 1.6032
4 2.7675 2.7866
4 2.4525 0.0325
6 2.4 2.485
7 1.275 1.2819
6 0.96 1.0602
5 1.035 1.6195
6 2.58 2.6166
4 0.51 0.5826
4 2.715 2.741
4 2.91 2.8297
5 0.2625 0.3294
6 2.265 2.3195
6 1.7025 1.6389
5 0.7425 0.729
4 2.1825 2.0386
5 0.555 0.4635
6 2.5725 2.5403
5 1.95 2.0109
4 2.0775 2.4291
7 1.35 1.5156
6 0.2325 0.2898
4 2.37 2.113
5 1.455 1.4269
5 2.8275 2.6141
6 1.3575 2.0901
6 1.38 1.6374
5 2.43 2.1308
7 2.7825 2.7919
5 1.995 2.1656
4 2.4675 1.6736
5 0.1275 0.2053
5 1.035 1.0854
7 2.3925 2.3348
6 2.9775 3.013
4 1.1925 1.3234
5 1.9125 1.9764
7 0.975 0.9625
4 0.51 0.2807
4 1.8375 2.026
7 1.575 1.6023
4 0.21 0.3132
7 0.78 0.8572
7 0.6525 0.6661
6 2.94 2.9404
5 2.3325 2.209
4 1.215 1.1174
7 1.74 1.8567
4 0.975 1.7473
6 2.46 2.5281
4 0.69 1.2775
7 1.95 1.8929
6 1.53 1.8797
6 0.27 0.2886
4 2.3175 1.9396
4 0.465 0.63
4 2.55 2.4934
6 0.12 0.1162
6 1.7025 1.5591
6 0.945 1.2004
6 2.5875 2.6781
6 0.2625 0.295
4 0.075 0.086
7 0.1125 0.0882
5 0.285 0.2505
4 1.3125 1.0176
4 1.4025 0.7351
4 1.965 1.6829
6 0.9075 0.7887
5 2.6925 2.6744
5 0.105 0.0429
6 0.3075 0.4589
6 2.205 2.2612
7 0.9675 0.8163
4 0.6825 1.1907
4 2.505 2.7063
5 0.03 -0.0165
5 1.215 1.3739
5 0.1125 0.1275
5 1.59 1.7435
4 2.955 2.8684
5 1.395 2.1548
7 0.57 0.5857
5 0.0375 0.0845
6 1.4775 1.8813
4 1.41 1.5695
5 0.645 0.6986
7 2.235 2.2888
7 1.8 1.8495
5 0.3525 0.2212
7 0.5475 0.4964
5 2.5125 2.5352
6 0.6375 0.6976
6 0.6 0.7335
7 2.67 2.6697
5 0.5925 0.5298
7 1.9425 2.0897
5 1.8975 1.5451
5 2.5275 2.5634
4 0.4575 0.6707
4 0.225 0.4243
7 0.015 0.0714
5 1.65 0.8215
5 2.4375 2.436
7 2.0325 1.8905
7 0.7125 0.8124
5 0.345 0.3339
5 0.435 0.3811
7 0.6525 0.2872
5 0.06 -0.0235
4 1.215 1.4371
7 1.98 2.1366
7 0.435 0.5081
6 1.2 1.4643
4 0.33 0.3867
7 1.245 1.6353
6 0.855 1.0334
7 2.3925 2.3486
6 2.61 2.5836
6 2.445 2.3955
5 1.8975 1.9815
7 2.07 1.9247
7 1.9725 2.074
7 0.8175 0.7644
7 2.2725 2.3981
5 2.91 2.895
7 1.92 1.589
6 0.105 -0.0006
4 0.54 0.6887
4 1.71 0.7479
5 0.225 0.2619
7 0.3525 0.3275
5 1.095 1.9295
4 0.765 1.7214
7 1.1025 1.4255
4 2.9025 2.993
7 2.55 2.5338
4 2.64 2.7317
5 2.3775 2.4577
7 1.185 1.0971
5 1.515 1.3668
7 1.245 1.222
7 2.3175 2.4256
7 2.3175 2.2445
4 2.895 2.7407
6 2.43 2.34
5 2.3625 2.2297
7 2.7525 2.827
5 2.9325 2.8476
4 2.52 2.4579
7 0.9225 1.1597
4 0.5475 0.2544
4 2.895 2.9368
5 0.3225 0.6933
4 2.235 1.9872
4 1.605 0.9815
4 2.7 2.632
6 0.7425 1.0996
5 1.11 1.7066
7 1.3125 1.4492
7 1.3575 1.1773
6 0.9525 0.8545
4 0.735 0.2605
6 2.565 2.5931
6 2.07 1.5906
4 2.4225 2.4883
7 2.595 2.6212
5 1.86 1.5156
7 2.625 2.5565
6 1.5975 1.6064
5 1.9425 1.8388
5 0.405 0.5272
5 0.39 0.2775
6 2.4975 2.5237
4 1.53 1.0988
4 1.3725 1.3566
6 0.51 0.5619
4 0.8475 1.9417
7 2.7675 2.7193
7 0.1425 0.0542
4 2.8575 2.7766
4 0.6225 0.9956
5 2.685 2.6215
5 1.6425 1.2625
5 2.1975 2.2469
5 2.9625 2.7989
6 0.75 0.7852
7 2.0325 2.0417
4 2.775 2.6271
4 2.3325 2.3843
6 2.6475 2.5842
5 0.705 0.7212
6 1.5075 1.5667
5 0.855 0.9249
5 0.36 0.2762
4 2.085 2.416
6 0.18 0.2105
7 0.975 0.6442
7 0.345 0.381
5 0.0375 0.087
5 0.6675 0.8424
5 0.6225 0.8652
4 1.995 2.2777
4 1.14 0.6481
6 1.8675 1.4516
4 1.11 1.4081
7 2.355 2.3615
7 0.525 0.491
6 1.6725 1.9243
7 0.6825 0.6222
7 2.76 2.8208
6 2.97 2.8717
4 1.53 1.5419
5 0.1725 0.3505
5 1.485 1.6732
6 1.1175 1.2459
7 1.6725 1.2494
7 1.11 1.0989
7 1.5375 1.6178
4 1.245 1.146
7 2.445 2.4712
7 0.4275 0.3553
7 2.6025 2.6662
7 2.9175 2.927
6 2.3925 2.3819
4 1.9575 2.3094
6 2.595 2.555
4 2.2575 1.4054
4 1.5 1.9128
4 1.9275 1.9011
5 0.1125 0.0509
4 1.185 2.2762
6 1.6575 1.7638
5 1.62 1.7951
6 0.9075 1.0382
6 0.9225 0.7812
5 1.395 1.1616
7 1.3875 1.4551
6 2.0325 1.8136
6 0.54 0.5048
5 1.4775 1.6759
5 0.3825 0.5554
4 1.08 1.6719
6 2.0025 2.0555
6 1.395 1.449
5 1.41 1.5987
4 0.27 0.7151
7 1.4475 1.2615
7 2.2575 2.1495
5 2.3325 2.0281
6 0.0825 0.1434
5 2.85 2.8464
6 0.795 0.7653
4 0.285 0.341
6 0.825 0.81
4 2.3025 2.2243
6 1.1475 1.2765
4 0.36 0.2314
6 2.3475 2.3501
4 0.8025 1.1821
6 2.3475 2.3143
5 0.6675 0.4834
5 2.19 1.5448
4 1.035 1.4861
5 0.3975 0.4796
6 0.03 0.1721
7 0.705 0.7806
7 0.015 -0.0818
5 0.1275 0.101
5 0.66 1.0423
6 0.6975 0.8254
6 1.23 1.5271
7 2.85 2.8714
7 0.7575 0.8358
4 1.7625 2.3452
7 0.6525 0.5738
7 2.205 2.1826
5 2.16 0.9942
6 2.5275 2.5033
5 1.53 1.7534
4 0.9825 1.7196
4 2.4975 2.2285
4 0.495 0.8005
6 2.9925 2.9273
6 1.7325 1.5048
7 2.46 2.4167
6 1.755 1.7595
5 2.3475 2.3271
7 1.3425 1.4986
5 2.3925 2.3191
6 1.3275 1.1791
7 0.885 0.7345
4 0.9375 1.5031
7 2.91 2.9669
4 1.2825 1.0249
7 1.47 1.4643
4 2.4225 2.5693
7 1.965 1.9968
6 0.4275 0.5399
6 2.37 2.3269
4 2.1525 2.0947
5 0.3675 0.4903
7 2.3175 2.3489
4 2.655 2.1934
5 1.68 1.8213
6 2.145 2.0098
6 0.975 1.3962
5 2.505 2.7093
4 1.3725 2.0354
6 0.3375 0.3152
4 0.705 0.4911
6 2.6775 2.6786
4 1.29 1.3577
5 0.1275 0.1261
4 1.38 1.7809
5 2.5125 2.5235
7 1.9875 2.0671
4 2.7975 2.7718
4 2.715 2.8816
6 0.8475 0.942
4 0.0975 0.0926
7 0.36 0.3223
7 2.37 2.2598
6 2.9775 2.9199
6 0.525 0.5551
6 2.8725 2.9052
6 2.0625 1.8209
4 1.68 1.0383
4 2.4675 2.5402
4 0.24 0.2449
6 1.02 1.2591
4 0.255 0.1237
4 0.3 0.4045
4 0.5475 0.4043
4 2.01 0.8325
4 0.195 0.2885
7 1.23 1.2763
6 0.4875 0.3721
7 1.65 1.5112
5 0.4275 0.4704
6 2.025 1.8955
7 2.505 2.5694
7 0.93 0.942
7 1.6875 1.8988
7 2.8725 2.8599
7 1.08 1.0741
7 2.91 2.991
5 1.2525 0.8307
6 1.5375 1.4731
7 0.0825 0.0698
4 1.2675 0.9107
6 2.265 2.4209
4 1.86 1.0709
5 1.59 1.3755
5 2.4 2.5195
5 2.4075 1.9913
5 1.62 1.8728
5 2.2575 2.4262
6 0.075 0.0558
6 0.345 0.394
7 0.06 0.0965
6 0.165 0.2462
5 0.24 0.0964
6 2.82 2.8688
6 2.025 1.6229
6 0.63 0.6416
5 1.5525 1.2447
7 1.8525 1.6353
7 2.865 2.8101
5 1.8 2.0659
7 2.28 2.297
6 1.71 1.1765
4 2.145 1.7041
4 1.575 1.7632
4 2.2875 2.5206
4 0.345 0.3602
5 0.675 0.743
5 1.56 1.4356
4 0.06 0.1991
5 1.4175 1.0607
7 2.16 2.1489
7 0.8175 0.8679
7 2.22 2.3592
6 0.6225 0.6416
4 1.6575 1.7716
5 2.625 2.6083
6 1.3575 1.1891
7 1.755 1.7123
4 1.155 1.248
6 0.2025 0.1712
5 2.0025 2.1272
6 1.4175 2.2113
6 0.0075 0.0656
7 2.565 2.7056
7 0.3375 0.2661
7 0.405 0.4492
4 0.96 1.7309
5 2.355 2.293
6 1.095 1.3465
6 0.3375 0.2779
4 1.7775 1.4311
6 2.205 2.2305
6 2.0175 2.1399
5 0.48 0.6304
4 0.945 0.7752
4 1.9425 1.7205
6 0.66 0.5911
4 1.8375 1.0794
5 1.2 1.6071
4 1.995 2.0566
7 2.1375 2.0609
6 0.7725 0.8101
4 1.305 0.6267
7 1.6425 1.4768
4 2.805 2.8663
4 2.775 2.7474
6 1.005 1.3708
7 2.0025 1.9613
4 2.1675 1.7887
4 1.2375 1.2039
7 1.8225 1.81
6 2.115 2.0094
7 0.96 1.0228
7 0.3825 0.426
5 1.035 1.6272
6 0.3525 0.4948
6 1.92 1.9122
4 1.7025 1.2418
5 1.6575 1.649
7 0.0675 -0.095
4 0.81 1.2951
4 0.51 0.4382
4 2.625 2.6419
7 2.0925 2.0751
5 2.0025 1.7441
6 0.5475 0.4174
6 0.2025 0.1117
7 0.99 1.23
4 0.69 1.5228
6 1.9575 1.6013
7 1.56 1.6885
6 0.6525 0.7974
5 0.8775 0.9877
6 0.36 0.5381
7 1.815 1.8067
5 1.83 1.7051
5 0.4275 0.6284
6 2.6475 2.592
5 0.1725 0.2406
5 1.3575 1.6533
4 1.875 2.403
4 2.6775 2.6603
6 2.7825 2.8372
4 1.4625 1.2738
5 0.84 1.175
7 1.3875 1.6867
7 1.305 1.2111
6 0.6675 0.6625
4 0.6525 1.6627
5 0.3075 0.4129
7 1.62 1.4654
5 1.8525 1.7634
7 0.9075 0.8273
7 2.73 2.7694
5 2.8875 2.8347
5 2.385 2.4373
6 0.21 0.2251
7 1.215 1.0738
6 1.8525 1.595
6 1.095 1.2676
5 2.52 2.6315
7 2.61 2.5707
4 1.3875 0.9346
7 1.8675 1.8723
5 1.455 1.6122
5 2.595 2.4629
6 0.06 0.1869
4 2.9625 2.7824
6 0.51 0.6185
6 2.9775 2.9817
7 0.84 0.7635
6 1.2525 0.9583
7 2.145 2.179
7 0.8175 0.8426
7 1.53 1.3908
7 2.085 2.1393
5 2.2125 1.7327
6 1.4925 0.9265
6 2.9175 2.767
6 1.2375 1.4063
5 1.5675 0.7192
6 1.41 1.3768
7 0.84 1.124
6 1.9275 1.959
6 2.7525 2.8167
7 1.1925 1.3189
4 2.67 2.5994
7 0.3075 0.3653
6 0.3525 2.8273
5 1.335 1.9742
4 2.6775 2.7583
6 2.175 1.8125
4 0.45 0.0825
4 2.5275 2.4451
6 2.565 2.6219
6 2.955 2.9124
4 1.665 1.2108
5 1.125 0.9588
5 2.07 1.5084
6 1.2825 1.2016
7 2.2725 2.2989
4 1.365 1.6073
5 1.3725 1.4079
6 0.45 0.5433
7 0.6225 0.6567
5 2.3175 1.9369
4 2.145 2.2543
4 1.5525 1.6419
6 2.2725 2.0196
6 2.265 2.0981
6 2.325 2.4718
6 0.9075 0.8586
6 1.545 1.2013
5 0.2175 0.171
7 2.2725 2.2815
5 0.8175 1.1626
7 2.8575 2.9664
4 2.835 2.7828
5 1.185 1.4475
7 2.1075 2.1799
7 2.9625 3.0938
7 2.9925 2.9207
7 1.5375 1.678
4 0.9075 1.4669
5 1.035 0.8468
5 0.2775 0.5189
6 1.9125 1.7095
7 0.2925 0.294
6 0.42 0.2528
6 2.01 1.8263
4 1.74 1.6829
4 1.8525 0.8752
5 1.9875 2.3267
6 1.785 1.4395
6 0.825 0.726
4 1.6575 1.3828
6 1.29 1.3194
7 0.855 0.9419
4 1.4175 1.4142
6 2.805 2.7247
7 1.26 1.6655
5 0.7125 1.3822
5 0.6225 0.8589
6 2.16 2.2605
4 0.63 0.5878
6 0.5475 0.4973
7 0.4275 0.4893
4 0.0975 0.2208
4 0.7875 0.4425
7 0.015 -0.0064
7 0.81 0.8167
7 1.8975 1.9243
4 0.5025 0.7114
7 2.8425 2.793
4 1.215 1.345
6 1.2375 0.9477
7 0.7125 0.8622
7 0.3525 0.2677
6 1.455 1.0265
6 1.0125 1.4444
5 2.325 2.3835
5 0.7575 1.2129
7 0.0825 0.1186
7 0.5925 0.5489
4 1.6125 1.4946
7 0.0675 0.0332
4 2.1225 2.4084
4 2.52 2.539
4 1.5075 0.9011
6 0.4425 0.4101
7 1.215 1.5822
4 0.225 0.2852
7 1.335 1.1667
5 0.87 0.8479
5 1.02 1.3138
6 2.4675 2.4699
4 2.1225 2.1592
7 2.5575 2.5656
6 1.38 1.6846
7 2.7075 2.7372
5 1.1625 0.8317
7 0.27 0.3296
6 1.0875 1.2283
7 2.2725 2.3478
5 0.45 0.5669
5 2.6925 2.7253
6 1.2975 1.3728
4 0.4275 0.3056
5 2.28 2.2034
6 0.78 0.8882
6 2.5875 2.549
4 1.7925 1.846
6 1.155 1.5632
7 0.36 0.4795
6 2.9775 2.9695
5 0.225 0.1612
7 0.5025 0.6186
6 2.475 2.5945
4 2.6025 2.5286
6 2.2125 2.4311
7 1.4175 1.356
4 0.4725 0.4594
7 2.445 2.343
6 1.125 1.3583
4 1.3575 0.0287
7 0.75 0.7116
7 2.8425 2.8856
7 1.695 1.641
7 0.075 0.0557
6 1.8225 2.0381
6 1.455 1.488
7 2.355 2.3827
5 0.27 0.0802
4 0.2175 0.3473
7 0.9 0.8168
6 2.8425 2.9066
4 0.18 0.2086
7 1.1475 1.5822
4 0.39 0.4912
4 0.8625 0.7914
6 1.8 1.656
4 0.1425 0.1759
6 0.2925 0.2189
4 0.9525 1.6671
4 1.2525 1.1751
4 0.18 0.1519
4 2.4375 2.0884
7 2.9925 2.893
6 1.7025 1.2265
4 1.6575 1.7216
7 2.8275 2.8158
4 1.7475 0.9299
4 1.26 0.8443
4 2.1375 2.3478
7 2.145 2.0569
5 2.3775 2.4387
5 0.5925 0.7542
4 1.3425 1.6906
4 0.4875 0.4903
4 0.945 1.9704
7 1.8 1.8043
5 0.6975 0.4789
6 2.22 1.9341
7 2.73 2.7606
4 2.7375 2.5077
5 2.6925 2.5734
6 2.3325 2.3161
4 1.3125 2.1096
4 0.03 0.1491
7 2.535 2.4825
7 1.38 1.5704
6 2.5275 2.3789
7 0.4425 0.4491
7 0.3675 0.4679
6 2.3925 2.4107
7 1.5825 1.1828
6 0.6225 0.5223
4 2.5275 2.7026
4 2.31 1.6654
4 0.375 0.6466
7 1.875 1.7743
6 1.7775 2.1161
5 0.1875 0.2544
7 2.0475 2.0193
6 0.5475 0.518
7 1.7775 1.8515
4 1.2 1.0182
6 1.89 1.4927
6 1.9275 1.9856
4 2.9025 2.8265
6 2.5575 2.5341
7 2.4375 2.4252
5 1.4775 1.623
7 2.4075 2.509
4 1.035 1.2911
4 2.8125 2.7826
4 1.1175 1.4954
4 2.4225 2.7148
6 2.7525 2.7064
6 2.5875 2.5573
6 0.6375 0.7443
6 1.545 1.477
7 2.2875 2.1747
5 1.1325 1.2606
4 0.795 0.5203
4 0.39 0.3461
5 0.99 1.9269
7 2.385 2.4593
5 1.0725 1.4922
7 2.3025 2.1821
7 2.5125 2.5264
6 0.885 0.9538
6 1.2975 1.7115
7 2.205 2.2012
4 2.025 2.1314
6 0.375 0.3292
4 1.77 1.0308
7 0.735 0.6553
7 0.8475 0.9582
6 2.145 1.9959
4 0.4425 0.2341
7 0.63 0.4113
7 0.9825 1.146
5 0.795 0.6784
6 0.915 1.1425
6 0.3075 0.3496
6 1.725 1.2663
6 2.8875 2.8751
4 1.305 1.3461
6 2.1675 2.0638
6 2.655 2.6307
5 2.8275 2.8164
6 1.425 1.4166
6 2.46 2.4688
7 2.6175 2.5821
7 1.11 1.1181
5 2.7825 2.6385
4 2.625 2.5156
7 2.925 2.8649
6 0.195 0.2592
4 2.82 2.8345
6 2.19 1.6186
6 0.705 0.7733
4 1.4475 1.5044
7 0.1125 0.0507
5 2.2575 2.3814
6 0.795 0.9161
5 2.955 2.9589
6 1.8225 1.3016
4 1.0125 0.7549
6 1.59 1.3146
7 0.8025 0.9246
6 2.5125 2.57
7 1.635 1.4925
5 0.825 1.6891
5 2.025 2.3864
7 0.84 0.9167
4 2.3325 2.2024
6 2.2575 2.3329
4 2.85 2.8737
6 0.51 0.7333
7 2.55 2.6423
6 2.8275 2.8922
4 2.31 2.1828
4 0.9375 1.998
6 2.055 2.1823
5 1.89 1.4107
6 0.5175 0.6502
4 2.3775 1.8892
5 1.0275 0.9161
6 2.0325 1.9857
5 0.405 0.4358
5 2.7825 2.6132
4 1.485 0.7487
6 2.7375 2.6877
5 1.74 2.3355
4 1.4925 1.8605
7 1.9575 2.1015
6 1.38 1.7596
5 2.43 2.3329
4 1.0725 1.1109
5 2.8575 2.8317
7 2.3475 2.3001
6 1.5 1.1778
7 0.66 0.6501
6 2.91 2.9272
5 1.455 1.5108
7 2.3175 2.3454
5 1.1775 1.2005
4 1.4925 1.8147
6 1.1925 1.3795
6 0.12 0.146
4 0.66 1.0614
4 2.8125 2.467
7 1.305 1.29
5 0.45 0.3982
7 2.3175 2.2423
7 0.7725 0.8763
5 2.415 2.2367
5 2.685 2.6237
7 1.425 1.378
5 2.1525 2.4298
4 0.57 0.945
7 0.975 1.0685
7 1.23 1.2357
7 2.6175 2.6549
6 1.425 1.5874
4 0.18 0.1796
5 0.3525 0.4659
4 2.4 2.0179
7 2.9775 2.9525
5 1.455 1.5467
7 1.14 1.146
7 0.87 1.22
7 1.6725 1.5945
7 1.1925 1.3043
4 0.9675 1.0564
5 2.1525 2.046
5 0.9225 1.4512
7 0.585 0.5192
6 2.1075 2.1211
6 1.8 1.4958
6 2.31 2.3275
7 1.41 1.1711
6 2.445 2.6078
5 0.5925 0.5236
6 2.9175 2.9243
4 0.585 0.7166
7 0.465 0.5604
5 1.365 2.0129
6 2.235 2.2254
5 0.315 2.8591
5 2.7825 2.8381
7 0.1275 0.071
4 2.5575 2.4295
5 2.985 2.8654
6 2.145 1.8853
4 0.495 0.3449
5 1.7775 1.8467
7 0.855 0.8271
6 1.365 1.3093
6 1.1925 0.9219
6 1.4925 1.5002
7 1.305 1.3982
7 2.4825 2.5395
5 0.525 0.5537
4 1.845 2.3784
6 2.145 2.1178
6 1.725 1.3888
5 2.67 2.4538
6 2.2425 2.3229
4 1.245 1.0166
7 2.925 2.8676
5 2.955 2.8901
5 1.755 1.294
6 1.08 0.977
5 2.385 2.2823
4 1.0275 1.5354
7 2.82 2.8724
6 0.2625 0.1583
4 1.1025 0.7947
5 0.9375 1.1876
5 1.1625 0.9525
7 0.3075 0.2815
7 1.95 2.0925
6 0.6525 0.6538
7 2.3625 2.2622
4 2.475 1.6749
5 2.385 2.4648
6 2.7 2.8573
5 0.42 0.4925
7 1.2075 1.6926
4 1.86 1.0738
4 2.9175 2.9282
5 2.85 2.8113
7 0.84 0.7043
6 1.2 1.0546
6 1.7325 1.8058
5 1.095 1.0133
7 2.8425 2.8177
5 2.115 2.2189
5 2.5725 2.542
6 0.3675 0.4093
5 0.735 0.7751
7 1.4325 1.5148
5 2.805 2.8053
7 0.6825 0.7043
7 2.2125 2.2035
4 0.3825 0.1703
4 2.1825 1.8528
5 1.71 1.4848
5 1.3125 1.2099
7 1.4925 1.5453
6 2.145 1.9475
5 2.82 1.1251
5 2.445 2.4895
6 1.455 1.302
4 2.7675 2.695
5 1.095 1.3367
6 2.5275 2.6264
6 1.8 1.6438
5 2.34 2.0467
6 1.3725 1.422
4 0.9075 1.0671
6 0.4125 0.4852
4 2.67 2.4888
5 0.165 0.3625
5 0.495 0.6363
7 1.32 1.2172
5 0.3225 0.2518
4 0.255 0.1189
4 0.075 0.1648
6 1.1625 1.0634
6 2.1525 2.0596
6 1.9575 1.5534
7 0.855 0.7143
4 2.0775 0.8491
4 1.635 1.5271
6 0.96 1.2287
7 2.37 2.3151
5 2.7975 2.8832
6 0.555 0.8487
4 1.605 0.8643
7 1.4175 1.7344
4 0.9075 1.3055
7 0.915 0.8958
7 1.1175 1.3667
6 2.505 2.5208
5 2.895 2.8434
7 0.81 0.7919
6 2.4225 2.3365
5 0.1725 0.1917
7 2.655 2.5557
4 1.5 1.7942
6 1.2375 1.993
7 2.625 2.57
5 0.855 1.1188
6 0.1875 0.2492
5 0.585 0.6065
6 1.515 1.278
7 1.5075 1.4857
5 0.825 0.78
5 1.0275 1.5993
5 1.02 1.2354
4 2.55 2.56
7 1.38 1.4108
6 1.0575 0.9088
5 2.52 2.2052
7 1.095 0.9919
7 0.72 0.6651
6 2.6625 2.759
4 0.1125 0.2152
4 1.8675 1.9329
5 0.285 0.3057
4 1.5225 1.9518
4 1.4925 1.672
4 1.725 1.4003
6 0.165 0.0678
6 2.1525 1.9448
4 2.04 1.1766
6 2.7 2.6715
5 0.7425 0.9038
6 2.43 2.4631
6 2.925 2.9884
7 1.2 1.3989
7 2.58 2.6157
7 2.19 2.179
4 1.545 1.3549
7 1.9725 1.973
5 1.4925 1.5727
4 2.0325 1.5102
6 0.0525 0.114
6 0.03 0.0209
5 1.8225 1.4445
4 0.15 0.113
7 0.2175 0.1958
7 1.575 1.4838
4 1.8525 2.2097
7 1.2 1.1148
7 0.765 0.7447
6 1.7325 2.1312
7 1.8975 1.885
4 0.18 0.1173
4 0.51 0.6492
5 1.875 1.4854
6 2.895 2.9061
7 1.32 1.3286
5 2.7 2.4434
7 1.59 1.5916
4 2.43 2.4724
6 2.2875 2.2192
4 0.945 1.311
7 2.5125 2.4632
5 2.985 2.888
6 1.38 1.7025
7 1.08 1.5439
4 0.48 0.7245
7 1.05 1.2246
6 2.6325 2.7461
6 0.63 0.5793
5 2.6175 2.4786
6 1.005 1.0422
4 0.9975 1.6347
4 2.2275 1.9733
4 0.0675 0.0832
5 0.21 0.202
6 1.5075 1.2748
4 1.92 1.5552
5 0.225 0.1516
4 0.6075 0.8263
6 2.115 2.234
7 2.25 2.1782
7 2.25 2.2132
4 0.135 0.1705
6 2.4375 2.3202
5 2.88 2.9386
4 2.7375 2.6216
6 2.3025 2.2219
7 2.94 2.9003
7 2.3775 2.3925
5 1.5075 1.5606
5 0.4425 0.629
4 2.1825 2.3169
4 2.715 2.508
7 1.845 1.9023
6 0.0225 0.0568
6 2.7525 2.6968
6 1.875 1.7738
6 1.3275 1.2893
4 0.3975 0.6447
4 0.78 0.968
7 2.0175 2.1038
4 2.19 1.8927
5 2.715 2.7529
5 0.69 0.892
4 0.9525 2.1946
4 0.96 1.367
4 0.1275 0.3612
5 1.98 1.4872
7 0.4725 0.5378
4 0.285 0.5495
6 2.4975 2.4513
4 0.2925 0.3848
5 0.96 1.5511
5 2.2725 2.3617
7 0.87 0.7837
7 1.74 1.2427
4 0.51 0.4441
4 1.8825 1.9652
7 2.0175 1.8096
6 2.775 2.7464
6 0.9075 0.7529
7 0.24 0.1541
7 0.435 0.4705
6 0.9225 0.7783
4 2.6175 2.3988
5 1.5975 1.3004
7 0.5925 0.5071
6 1.785 1.5817
4 1.5075 1.5036
6 1.4625 1.4495
7 2.61 2.4834
6 1.7475 1.3624
4 0.405 0.8558
5 0.2625 0.3309
5 0.615 0.9502
6 0.2775 0.3229
5 2.3775 2.1653
7 0.9675 1.224
4 0.735 0.8885
4 1.8675 1.0759
6 2.805 2.8263
4 0.3825 0.3855
7 0.9075 1.08
7 2.655 2.7611
7 1.185 1.3771
7 2.235 2.2722
4 2.22 2.0944
5 1.2525 1.2851
5 0.525 0.6277
7 1.8525 1.749
5 1.3275 1.4077
7 2.175 2.2945
7 1.275 1.1446
6 0.51 0.4216
6 1.6725 1.8049
7 1.455 1.732
7 0.6375 0.6183
7 2.52 2.4857
6 1.3575 1.0056
4 1.605 1.5704
5 0.48 0.6192
4 2.5275 2.4185
7 1.365 1.4069
7 0.81 0.8318
4 0.42 0.5961
5 2.1975 1.9172
6 0.12 0.1646
4 1.74 1.5668
7 1.9125 1.938
5 0.57 0.659
5 0.2775 0.3718
5 1.725 0.9741
5 1.785 1.776
4 1.0875 0.4095
6 1.1925 1.4119
6 0.12 0.0818
6 0.8625 1.0337
6 2.6775 2.7499
4 0.87 0.634
6 2.805 2.8096
7 0.6 0.5444
7 1.7025 1.6729
7 0.0375 0.0209
7 0.2325 0.1451
5 1.5975 2.08
4 2.865 2.6937
6 0.54 0.5867
5 0.45 0.3551
6 1.7025 1.4959
7 0.1275 0.0807
5 2.97 2.8695
7 1.9125 1.9117
4 0.225 0.0405
4 0.5325 0.5102
6 0.0975 0.1872
7 1.7025 1.715
4 1.4775 2.1568
5 0.0225 0.1239
4 1.875 1.6507
6 2.6475 2.6861
6 0.33 0.3523
6 2.175 2.0994
7 1.395 1.4822
7 1.95 1.6921
4 1.0575 1.3772
5 0.99 0.8034
6 2.955 2.8609
7 1.9875 1.9069
6 1.245 1.0563
7 1.2975 1.3526
7 0.87 0.6958
6 2.2275 1.9351
5 2.4525 2.4869
7 1.0275 1.0126
5 2.2575 2.1234
7 2.97 3.0005
4 0.405 0.5713
4 1.17 0.7098
7 0.4425 0.4718
5 2.73 2.6689
4 1.695 0.7703
4 1.995 1.3867
6 2.7525 2.6278
4 1.14 1.0881
6 1.8 1.3563
7 2.9925 2.9572
7 1.2975 1.5564
7 2.565 2.4652
4 2.8425 2.9427
6 2.1675 2.1727
6 0.4725 0.2952
7 1.5 1.5459
5 2.865 2.931
6 0.705 0.5843
5 2.3625 2.1943
6 1.335 1.2369
6 0.93 0.8083
6 0.5325 0.6418
4 1.095 0.7014
4 0.78 0.5701
5 2.3325 2.4982
6 0.84 1.1924
7 2.415 2.4555
5 0.5625 1.081
5 0.5775 0.6217
7 1.4775 1.5207
6 2.985 2.938
4 0.225 0.2173
6 2.0025 1.9627
7 0.3225 0.3311
7 2.82 2.9227
4 1.485 1.5755
7 2.5575 2.5854
4 0.9075 1.4807
6 1.3875 1.6001
6 0.075 0.1563
7 2.5575 2.554
4 2.175 2.3072
5 0.4425 0.4168
7 2.1225 1.8956
5 2.49 2.5209
7 2.0625 1.9809
6 1.0725 0.7344
6 2.58 2.6156
7 0.45 0.5213
5 1.7925 1.7535
5 0.495 0.4518
5 0.7875 1.3407
6 2.025 2.0858
7 1.7325 1.7474
4 1.6425 1.4037
4 1.6125 2.0444
6 2.79 2.7988
7 2.4675 2.4499
7 0.3525 0.3914
7 0.75 0.8445
6 1.5 1.2795
5 0.975 1.525
4 1.56 1.2121
6 0.2175 0.2203
7 1.485 1.1358
7 2.19 2.1506
4 0.8175 1.7944
6 2.5875 2.5472
5 0.585 0.5811
5 0.03 0.096
6 1.815 1.5533
4 2.07 2.3268
5 2.2875 2.3434
6 1.8225 1.4177
4 1.815 2.4423
7 0.885 0.9631
6 1.4625 1.7625
5 0.8175 1.4593
6 0.915 1.027
6 0.6825 0.6722
4 1.32 1.5226
5 1.5075 0.91
4 0.735 1.4067
4 1.305 0.8552
6 2.5725 2.6029
4 1.05 0.9049
4 2.7375 2.3188
5 2.1675 1.922
6 2.9175 2.9171
5 1.875 1.2744
5 0.105 0.1885
5 0.705 1.2775
7 2.6925 2.5525
7 1.02 1.288
5 1.53 0.845
7 0.9825 0.8548
5 2.34 1.9627
7 0.8025 1.004
6 1.0575 0.9601
7 1.02 1.1662
7 1.6575 1.9221
7 0.12 0.0552
7 2.505 2.5205
4 2.0475 1.7368
6 0.0 -0.036
7 0.12 0.1379
5 1.9425 0.9278
5 2.745 2.7919
4 0.135 0.0804
7 1.605 1.2126
7 0.45 0.5358
6 2.2425 2.2608
4 2.3925 2.623
7 2.0475 2.1126
5 2.94 3.0342
4 0.8925 1.2988
5 0.45 0.5201
4 2.6025 2.2956
5 1.89 1.0651
4 0.8925 0.7422
6 0.465 0.4652
4 2.205 1.8188
6 0.7125 0.9463
6 0.2175 0.2738
5 2.4675 2.5127
6 0.795 0.7784
6 2.895 2.9425
4 1.98 1.947
7 2.19 2.2453
6 2.8275 2.8917
5 2.34 2.4287
5 1.4475 1.4044
4 1.6125 0.6309
4 0.03 0.2302
4 1.5975 0.6002
4 1.5225 1.3125
4 1.0725 1.4303
5 1.8525 1.2735
5 2.6475 2.7923
6 0.6675 0.7409
6 2.4375 2.4557
4 2.5425 2.7978
5 2.7675 2.7533
6 2.3325 2.237
7 2.52 2.5553
6 0.9075 1.4736
6 2.34 2.3964
5 1.5075 0.9935
6 1.5825 1.204
5 0.675 1.024
4 1.3575 1.7741
6 0.6975 0.5948
6 2.31 2.2649
4 1.0275 1.6916
7 2.43 2.3735
6 0.81 0.8347
6 0.0375 0.0435
6 0.27 0.2737
6 1.7025 1.3617
4 1.0425 0.8722
7 1.02 1.1717
7 2.5275 2.4687
7 0.99 0.9352
6 0.585 0.539
4 2.625 2.6391
7 0.9225 0.9968
6 2.46 2.5439
6 0.36 0.371
4 2.6475 2.4647
6 1.2525 1.5465
4 0.255 0.3313
7 1.155 1.1837
5 1.7175 1.7098
6 1.9575 1.9854
6 0.9075 1.587
6 2.0775 1.353
7 2.28 2.2943
5 2.4075 2.3592
5 1.095 1.5582
7 2.655 2.681
7 2.73 2.8179
5 1.155 1.6807
6 2.7825 2.7696
4 1.6725 1.861
5 0.8025 0.7903
7 1.3275 1.4535
5 1.2675 1.2458
4 0.2175 0.2714
7 2.67 2.7191
5 1.0125 1.5913
4 0.9975 0.8786
6 0.3975 0.4293
4 2.3025 2.0847
6 1.605 1.9236
7 0.585 0.7303
4 0.945 1.5158
4 0.7875 1.2414
4 0.0975 0.1309
6 0.1725 0.1716
7 1.71 1.6665
5 1.2 1.2531
7 0.93 0.8508
5 2.4375 2.5264
7 1.4025 1.4788
5 1.215 1.3307
6 2.0775 2.0537
7 0.5325 0.4959
4 2.76 2.9529
5 2.64 2.5055
7 1.6725 1.6503
5 1.995 1.5962
4 0.0675 0.3078
7 0.795 0.7967
7 0.5625 0.4877
4 0.8775 0.6968
5 0.6825 0.8092
6 1.7325 1.6358
6 0.36 0.3278
5 2.2875 2.3161
5 2.58 2.8231
6 2.13 2.1108
5 0.1725 0.0895
7 0.195 0.2195
4 2.04 2.0668
5 0.2775 0.288
7 2.43 2.4382
4 1.3875 0.9435
6 2.1975 2.3737
6 2.6625 2.5295
6 0.465 0.4391
7 1.725 1.7545
6 2.1075 2.068
6 1.47 1.5085
5 1.83 2.1298
7 0.15 0.0817
7 2.01 1.7793
6 2.9025 2.8735
5 1.38 1.0244
6 0.975 1.1321
5 1.62 1.3208
6 0.0675 0.1156
7 0.4425 0.4325
7 1.77 1.784
5 2.2125 1.6242
7 0.0225 0.072
6 1.755 1.2952
6 0.6825 0.5786
5 0.6675 0.9723
6 2.1525 2.2612
5 2.7975 2.7649
7 2.7 2.7375
6 1.0125 0.9657
7 2.1675 2.034
6 0.5475 0.5118
7 0.165 0.1354
6 1.92 1.4954
4 1.59 0.8899
6 0.6975 0.6419
7 2.085 1.8852
4 2.1225 1.7557
4 0.7575 0.7314
5 2.79 2.7934
5 0.3825 0.4868
4 2.34 2.1144
7 0.24 0.3024
4 1.47 1.4846
7 2.6325 2.6238
4 0.72 0.638
4 0.9 1.12
7 1.5975 1.739
5 0.5775 0.4336
6 1.7175 2.0455
4 0.0525 0.0764
6 1.1475 1.021
6 2.685 2.7537
6 1.485 1.2795
6 0.9 1.7064
5 0.21 0.0617
5 1.6275 1.9875
4 1.7025 1.5313
6 0.765 0.6513
7 2.5575 2.6334
7 0.9975 0.899
7 0.255 0.2055
4 2.7075 2.8568
5 0.33 0.2949
5 2.145 2.0055
4 1.8 2.1234
7 1.065 0.9683
7 0.405 0.4431
5 2.0325 1.8806
5 0.465 0.4124
6 2.82 2.8408
4 0.0675 0.0879
4 2.685 2.2703
7 2.7525 2.8038
5 0.9225 1.1616
6 2.8425 2.8929
6 0.7125 0.8004
4 2.3025 1.7847
5 1.59 1.7989
4 2.0025 1.8281
5 1.275 1.5347
6 2.5575 2.4535
4 1.095 1.6697
4 1.4325 1.3248
5 2.625 2.7428
7 0.12 0.0774
7 1.515 1.3651
7 2.445 2.4003
5 1.575 1.0343
5 0.3 0.2725
7 1.2225 1.7917
7 1.8 1.2058
7 0.975 0.7998
7 0.6375 0.6479
7 2.8725 2.8669
6 1.425 1.5429
6 1.575 1.6069
7 2.2425 2.2965
7 1.32 1.7535
6 1.245 1.6381
6 0.3075 0.36
5 1.635 1.5162
5 1.2 1.388
6 0.7575 0.6499
7 2.4075 2.3456
4 2.625 2.5981
5 2.3175 2.3777
6 1.5975 1.2536
5 0.36 0.2478
6 2.355 1.9156
7 1.8375 1.6253
7 1.4025 1.6158
4 1.41 1.2093
4 1.8525 1.2112
4 1.71 1.6397
4 0.6825 1.5381
6 2.655 2.5978
6 0.72 0.8539
6 0.435 0.4442
4 2.43 2.3813
4 0.6675 0.3707
5 0.7875 0.798
4 0.1425 0.2331
5 2.175 2.3032
7 2.4825 2.4714
6 2.6175 2.6145
4 2.9925 2.8391
6 1.53 1.5398
6 2.01 1.9087
4 0.2175 0.4594
6 1.14 1.7189
6 2.8725 2.7878
6 2.43 2.2783
7 2.0175 2.0603
4 2.1825 1.2369
4 1.755 2.1334
6 1.86 1.8479
4 1.5675 1.8088
4 2.1525 1.7257
6 1.23 1.1811
5 0.1275 0.0369
7 1.0725 0.9551
5 0.225 0.0123
6 0.105 0.1056
5 1.995 1.7218
7 1.845 1.9043
7 2.6475 2.6683
5 2.4675 2.6353
5 2.7375 2.7337
5 0.525 0.6051
4 2.0625 2.5622
5 1.35 1.4708
6 0.825 0.761
5 1.14 0.9147
5 2.3025 2.4848
4 2.9775 2.907
5 1.845 1.4251
4 1.665 1.166
5 1.395 1.2909
5 1.23 1.8202
6 2.9025 3.0087
7 2.475 2.457
6 0.69 0.9077
5 2.73 2.5925
4 1.3275 1.7209
6 0.15 0.047
6 0.5475 0.5861
4 2.355 2.1965
5 1.2 1.0773
5 1.65 1.0654
6 0.5625 0.5962
7 1.05 1.3051
6 1.47 1.3645
6 2.1525 2.2176
6 0.855 0.9846
6 0.66 0.6106
6 0.1725 0.2628
7 1.6425 1.2635
5 2.9925 2.8072
5 1.755 1.4476
6 2.16 2.268
4 1.8075 1.7677
4 2.205 1.8089
7 1.29 1.3529
5 0.7425 0.6976
5 2.9025 2.8013
6 1.9875 2.0388
6 1.6125 1.2366
5 2.325 2.3127
4 2.7975 2.4007
4 2.3025 2.2672
5 1.6725 1.7502
7 0.255 0.2834
6 2.445 2.473
5 2.475 2.1766
7 1.8225 1.9873
6 0.54 0.3974
6 2.295 2.2698
7 1.995 1.7723
5 1.035 1.6315
6 2.2425 2.0962
6 2.85 2.8888
4 2.2275 1.6089
4 1.845 1.5385
6 2.5125 2.4898
5 0.585 0.5401
6 0.42 0.483
6 0.96 0.958
7 0.51 0.4932
6 1.44 0.9476
4 2.1225 1.8204
5 2.355 1.6315
6 0.6825 0.6574
7 0.8175 0.7613
7 2.61 2.6592
4 2.7375 2.6277
7 2.2425 2.3017
7 1.755 0.4469
6 0.945 1.0918
6 1.2975 1.5555
7 1.9425 1.8819
7 2.655 2.6629
4 2.25 1.9293
6 2.415 2.3998
5 0.72 1.3062
4 2.4375 2.569
6 1.02 1.2289
5 0.3825 0.325
4 0.39 0.3786
5 2.7075 2.6609
5 0.84 1.1776
6 0.81 0.709
7 2.5725 2.6034
6 0.2325 0.223
6 1.95 1.7928
6 1.215 1.1596
6 1.0125 1.386
4 1.725 1.5142
7 2.7825 2.7546
5 2.835 2.814
5 1.4775 1.1387
5 2.895 2.8928
4 1.305 1.8204
6 0.6675 0.5962
6 2.9625 2.8705
5 0.78 0.6888
5 1.665 1.6364
4 1.9425 2.5041
6 0.525 0.5248
4 2.9925 2.9271
4 1.86 0.9927
4 2.1975 2.1668
5 1.575 1.5141
5 1.5225 1.988
6 2.415 2.3325
4 0.4425 0.545
5 2.7225 2.778
4 2.265 1.9459
4 2.28 1.6601
4 0.555 0.4194
4 1.5375 0.9389
6 0.1125 0.085
5 1.185 1.1077
4 2.7525 2.9044
7 0.1575 0.1055
4 2.3325 2.2455
5 1.1025 1.7648
6 0.93 0.998
5 0.03 -0.1193
4 1.8825 1.6454
6 0.645 0.7572
5 2.6025 2.556
6 2.9775 2.9579
7 0.63 0.6349
6 0.4275 0.4762
4 2.3775 1.7164
7 1.9275 2.0368
6 1.47 1.3687
7 2.7225 2.7834
4 2.2425 2.2275
4 0.975 1.3871
5 2.0475 1.8954
4 0.2775 0.6122
4 1.38 1.8717
5 2.7825 2.5435
7 0.7275 0.683
5 0.87 1.0245
6 0.255 0.2803
5 1.6575 1.9307
7 2.7825 2.7421
4 0.66 0.6724
6 2.9925 2.9718
7 1.1925 1.2205
5 2.715 2.6712
4 0.5925 1.1952
5 0.855 1.41
4 0.045 0.1688
7 0.435 0.3892
4 1.0875 1.3723
7 2.7825 2.804
4 0.8775 0.9837
7 2.715 2.7567
7 2.2575 2.1148
6 1.1175 1.2958
4 0.345 0.5225
7 1.6875 0.9929
5 1.23 1.1459
4 2.1675 2.0834
6 2.475 2.3412
6 2.0625 2.116
5 2.0925 2.189
6 1.2375 0.9867
6 2.73 2.7252
7 0.255 0.1331
7 0.87 0.9673
6 0.8775 1.6642
6 0.6375 0.6645
7 2.835 2.8801
5 0.795 1.9184
6 2.1525 2.2572
7 0.3675 0.3483
4 0.705 0.7587
5 1.335 1.5282
6 2.0925 1.3042
5 2.9925 2.954
5 1.785 2.1981
6 2.565 2.5807
7 1.1775 1.1417
6 0.285 0.3175
5 0.9075 1.3718
7 0.945 1.0335
5 2.6175 2.6059
4 1.155 1.6702
6 2.985 2.9348
6 0.8325 0.8308
5 1.845 1.6209
5 0.06 0.1816
5 0.8025 0.5967
4 1.6425 0.7574
5 2.685 2.6494
4 0.345 0.349
7 0.855 0.8375
7 2.535 2.6753
7 0.3375 0.3221
4 2.355 2.2084
5 1.8525 1.4165
7 0.4425 2.3981
4 0.2025 0.5997
6 0.735 0.632
6 1.3575 1.3874
5 0.27 0.4025
6 2.01 1.8595
4 1.6725 2.2313
4 0.4725 0.5186
7 2.7075 2.6503
6 0.9225 1.1459
5 2.73 2.6119
7 0.36 0.2675
7 1.455 1.5937
4 1.3125 1.4966
5 0.0075 0.0995
7 1.95 1.8832
6 1.6125 0.9394
4 2.655 2.6584
5 0.9675 0.5762
5 0.5325 0.3877
7 1.0425 1.1828
4 2.6325 2.7561
4 1.5375 0.9833
4 0.855 0.432
6 0.4875 0.5605
7 2.5275 2.4875
5 1.9125 1.1113
5 2.2575 2.2772
5 0.4275 0.4293
5 2.58 2.5366
6 0.8925 1.639
6 2.8125 2.7928
4 0.7425 1.3467
5 0.5625 0.9011
6 1.9875 2.0249
4 0.2175 0.4718
4 2.94 2.5622
6 0.5475 0.5724
7 2.6775 2.6758
4 2.22 1.9135
5 0.435 0.481
7 1.395 1.4768
7 2.82 2.7127
4 2.9925 2.9332
4 0.945 0.7284
7 2.1825 2.0729
6 0.54 0.5086
7 0.075 0.0474
6 0.8775 0.8838
7 0.135 0.2469
6 0.51 0.6176
5 0.945 0.8687
7 2.07 2.0697
7 1.125 1.2734
7 2.6625 2.5756
7 0.1875 0.2842
6 1.2075 1.0411
5 2.475 2.4751
5 1.7925 2.0582
5 2.235 1.598
5 0.93 1.2132
7 1.395 1.3376
7 1.7775 1.6931
6 2.3325 2.2427
4 1.59 0.8075
6 0.4125 0.2677
5 1.6275 1.1324
4 1.7025 1.5947
4 1.6125 1.0434
7 0.3225 0.2934
7 0.57 0.6488
5 2.205 2.1049
5 1.56 1.8583
4 2.3175 2.7725
5 0.5625 0.7567
6 2.07 2.2129
4 1.035 0.6644
5 0.4275 0.4681
7 1.815 1.7542
7 1.7325 1.5858
7 1.0125 1.0494
6 2.6625 2.7846
5 1.4925 1.7206
6 0.6525 0.6917
6 0.4875 0.5935
7 2.385 2.4809
5 2.0025 1.8728
7 1.935 1.7857
7 0.6075 0.5613
4 1.575 1.3976
6 1.0875 1.1138
7 0.09 0.0315
6 2.235 1.9268
5 0.9675 1.2233
7 0.8775 0.8767
4 2.25 1.4162
7 0.7875 0.8253
4 1.635 0.9599
7 1.305 1.0153
5 1.245 1.5054
4 1.815 1.2133
5 2.4825 2.3588
6 1.44 1.8993
6 1.77 1.4091
7 1.1025 1.1568
6 1.6875 1.216
7 2.205 2.1506
4 2.1825 1.9718
6 1.305 1.3898
4 0.2775 0.4122
4 2.685 2.7457
4 0.3075 0.9411
5 0.18 0.1617
4 1.5825 1.6118
5 1.8375 1.2916
5 2.6175 2.4445
4 2.2575 2.3295
4 1.7925 1.7963
5 1.2 1.1225
7 2.25 2.3389
6 1.98 1.7422
5 2.7825 2.9135
4 0.2475 0.4203
5 0.4725 0.4423
4 2.5575 2.365
4 0.9825 1.3962
7 1.2675 1.5713
5 1.08 1.4338
7 0.8025 0.91
5 0.4125 0.3579
7 2.28 2.2277
4 0.3075 0.1329
5 1.4925 1.4692
5 2.6775 2.7916
6 2.31 2.3654
4 2.37 1.9068
7 2.88 2.859
5 2.37 2.3071
4 1.3725 1.8042
4 1.6275 1.237
4 1.845 2.5436
7 2.9475 3.0008
7 2.865 2.7698
5 2.5125 2.2679
7 1.02 1.0095
4 0.9975 1.1939
7 0.5175 0.5816
5 1.965 1.9386
5 2.5125 2.5584
4 2.91 2.9609
5 2.0925 2.0605
4 0.39 0.4052
6 0.2025 0.2523
6 2.94 3.0189
6 0.2025 0.2469
7 0.1875 0.192
5 0.255 0.2913
4 1.7625 1.9663
6 1.9125 2.0972
6 1.215 1.4373
6 1.7025 1.6512
4 2.55 2.3808
4 2.4825 2.6855
5 1.05 1.3209
4 0.8325 1.4616
6 0.645 0.7954
7 0.1275 0.2001
7 2.8875 2.8209
6 0.39 0.4581
5 1.0425 1.3722
4 1.71 0.9948
5 2.94 2.9223
7 2.085 2.143
6 0.39 0.3627
6 2.4075 2.3475
4 1.53 1.0598
4 2.055 1.7728
7 2.715 2.6469
5 2.01 1.4183
4 2.0775 1.7922
7 1.155 1.0182
6 2.4825 2.4709
7 2.82 2.8067
5 2.9025 2.9536
4 1.41 1.9356
5 0.615 0.8153
4 0.15 0.465
6 1.0725 1.5855
6 2.1075 2.2474
5 0.555 0.55
6 1.5675 1.8599
6 2.055 1.8495
7 1.515 1.3063
7 0.93 1.0879
7 0.6825 0.7541
6 1.605 1.6669
5 2.5575 2.6782
6 1.0275 1.2836
5 1.02 1.7709
5 1.5825 1.8521
5 2.97 2.9559
7 0.885 1.0374
4 0.84 1.2619
5 1.605 1.8009
5 1.455 2.3105
7 1.14 1.2706
6 0.405 0.4034
6 1.785 1.6686
7 1.3425 1.1998
5 2.1675 1.7282
5 1.2 1.2256
5 0.7425 0.8042
6 2.595 2.4253
7 1.065 1.3792
7 0.6825 0.6702
5 0.3225 0.1051
4 0.69 0.6468
7 0.3525 0.3832
4 0.66 0.5007
5 2.04 1.9389
5 2.925 2.9062
4 0.33 0.638
5 2.2275 2.4169
4 1.9875 1.706
4 0.2925 0.2554
6 0.7575 0.6518
4 2.9625 2.8636
4 1.4475 1.7869
7 0.435 0.4972
4 1.065 1.9438
7 2.6775 2.646
6 0.0 0.067
6 1.98 1.5099
5 2.175 2.4228
4 2.1675 2.3553
7 1.5525 1.3657
5 2.0175 1.9477
7 0.7575 0.5916
4 2.2575 2.2536
6 2.7075 2.6978
6 2.0625 1.8107
4 1.8975 1.9736
5 2.1075 2.2114
7 0.1575 0.1927
5 0.495 0.5413
4 0.4725 0.7614
7 1.2675 1.2451
4 0.6525 1.61
5 2.925 2.7569
5 1.74 1.6654
4 0.33 0.3402
4 2.715 2.7706
7 2.8875 2.8762
5 0.4725 0.6069
6 0.7575 0.5717
4 2.3325 1.3886
7 2.805 2.7729
5 2.805 2.701
4 0.405 0.442
7 2.6325 2.6143
7 0.075 0.0584
4 0.5175 0.6197
6 1.0275 1.3536
5 2.7675 2.8016
7 2.4375 2.3244
6 1.965 1.6613
4 2.19 1.6194
6 2.0025 2.0119
5 2.145 2.1577
5 2.67 2.7481
4 2.0175 0.8364
5 2.4825 2.4351
6 0.4875 0.4987
6 2.9925 2.9284
7 1.5975 1.6628
7 2.97 3.0586
5 2.6775 2.4224
5 1.575 1.6988
6 2.175 2.1099
6 0.7125 1.1414
7 0.0675 0.1605
4 0.36 1.2671
5 2.79 2.8591
7 2.52 2.5664
4 2.5125 2.4831
4 0.66 0.328
6 1.3575 1.8625
5 1.545 1.3225
5 0.75 0.7169
6 2.28 2.1801
5 2.6925 2.5465
7 1.8525 1.877
4 1.6875 1.6873
5 0.615 0.5405
4 2.1675 0.7523
4 0.7125 0.9698
4 2.7225 2.5742
6 1.5 1.3811
5 0.1425 0.0997
4 1.0425 1.2235
7 0.045 0.0584
5 0.1275 0.1287
7 0.78 0.8197
6 1.395 1.7836
7 0.615 0.6032
5 2.805 2.7929
5 0.81 0.6579
7 2.4075 2.3961
7 1.2825 1.3352
5 2.9475 2.8913
7 0.8775 1.2034
6 2.235 2.0703
5 1.3425 1.3552
5 0.4575 0.4917
7 0.795 0.7253
7 1.56 1.415
4 0.2325 0.2306
5 0.4275 0.3533
5 1.5225 1.162
5 2.0625 1.7773
6 1.17 1.5831
7 1.2075 1.2693
5 2.7225 2.759
6 1.0875 1.3367
6 0.0225 0.1275
4 0.585 0.9433
6 1.44 1.3535
6 1.2075 1.3564
6 2.6475 2.6319
5 2.2575 2.2995
5 2.97 2.9718
5 2.8575 2.7685
5 2.9475 2.866
5 2.2875 1.5731
6 0.3075 0.2272
6 1.425 1.3834
4 1.515 0.9805
5 2.34 2.0724
7 1.7025 1.4974
4 1.1475 1.3518
6 1.785 2.0069
7 2.9175 2.982
6 1.2525 0.9957
4 2.3925 2.5314
6 2.685 2.7413
4 0.915 1.1774
6 2.22 2.2261
5 1.2675 1.5686
4 0.8775 0.5505
7 0.84 0.9356
6 2.64 2.6228
6 1.0575 0.8131
4 2.9325 2.8753
6 0.345 0.3336
5 1.17 1.6139
6 1.62 1.6577
7 1.7175 1.8395
7 2.3625 2.3874
5 2.1075 1.8564
6 2.9925 2.8878
4 0.9075 1.0923
5 0.36 0.2235
4 0.915 1.1841
7 1.665 1.3714
4 0.5475 0.5961
5 2.61 2.7753
4 1.62 1.3016
4 0.36 0.4279
4 0.2325 0.2484
4 0.645 0.9082
4 2.7675 2.6742
5 2.04 1.883
6 1.5375 1.5392
6 2.7375 2.6
6 1.8825 1.644
4 0.975 1.9305
5 1.1325 1.6467
6 2.895 2.8397
6 0.2475 0.2848
5 1.5375 0.7498
7 2.52 2.5064
4 1.9575 1.8594
7 0.03 -0.0101
5 1.935 1.6792
5 0.5175 0.7078
6 1.11 1.5077
7 2.2575 2.1451
7 2.07 1.8119
7 1.98 1.8748
7 1.2975 1.3157
5 1.575 1.6597
7 0.855 0.8726
5 0.6525 0.5263
4 0.54 0.7574
7 1.4175 1.3783
7 0.525 0.4784
6 1.3425 1.3069
7 0.885 1.088
4 1.1625 1.9964
6 2.025 1.8252
6 2.1075 2.1053
6 0.4125 0.4397
5 2.31 2.2943
7 1.995 1.975
6 1.29 1.7596
5 1.29 1.5626
7 0.5175 0.4817
4 1.2675 0.9691
4 1.5825 1.7129
7 1.515 1.1417
5 0.105 0.0835
4 0.12 0.1194
7 2.2425 2.2642
7 1.17 1.2606
6 2.355 2.3202
4 1.2675 1.1488
7 2.16 2.1327
5 0.6 0.7296
5 0.54 0.7364
6 1.0875 1.3162
5 0.03 0.0859
6 2.295 2.3248
4 2.775 2.5566
5 1.6425 1.549
7 2.67 2.6294
5 1.6425 1.6069
7 2.565 2.4899
4 1.89 2.3037
4 0.825 1.3931
4 2.835 3.0039
5 2.94 2.9121
4 0.7875 1.9442
4 0.9225 0.9818
5 1.2975 1.1415
4 2.4525 2.4699
6 2.895 2.8706
6 1.6725 1.7033
7 0.3225 0.3135
6 2.43 2.3751
4 0.435 0.1869
4 2.76 2.768
6 1.665 1.8801
4 1.4625 1.2869
7 2.13 1.9545
5 0.96 1.3394
4 1.1625 1.1258
5 2.4375 2.1964
7 0.7275 0.9036
4 2.235 2.0323
7 1.245 1.2545
4 1.275 1.1801
4 2.7075 0.2851
6 0.66 0.7791
4 0.4125 1.2458
6 2.6775 2.6158
6 0.21 0.1414
4 2.25 1.4781
6 2.1525 1.9426
4 1.65 1.9658
7 1.1625 1.1372
7 2.5875 2.5557
6 0.8925 1.2061
7 0.315 0.396
4 2.6775 2.6661
5 0.2475 0.2609
4 1.0425 1.9719
5 0.09 0.2215
4 0.57 0.4462
7 2.0325 1.8364
5 2.1 1.9162
7 1.815 1.6893
5 0.27 0.254
7 0.5025 0.3618
5 0.675 0.742
6 0.2325 0.2624
5 0.3675 0.4491
7 2.28 2.275
6 0.27 0.2117
4 1.245 0.6199
5 1.3725 1.5549
5 2.2875 2.3535
4 0.57 0.7048
6 2.6175 2.3815
7 0.135 0.1532
6 0.63 0.8149
6 0.7275 0.79
5 1.605 1.8418
6 0.525 0.4586
5 0.5025 0.3334
6 2.925 2.9219
4 1.455 1.6496
4 1.08 1.0328
5 0.225 0.2551
7 0.54 0.6253
6 1.0425 1.4651
6 1.095 1.4943
7 0.0075 -0.023
5 2.865 2.8238
4 2.25 2.3358
7 1.4475 1.0715
6 2.3475 2.4728
4 2.295 2.5677
5 0.7275 0.888
4 0.5325 0.6773
6 0.1725 0.0771
5 2.5275 2.3925
6 1.8975 1.2814
7 1.2225 1.202
4 1.125 1.6104
7 2.25 2.1988
5 0.8925 1.4772
7 1.095 1.1787
6 1.8075 1.6226
6 2.6025 2.5156
7 1.3425 1.1215
5 0.0975 0.0987
4 1.5225 1.5495
4 1.83 1.6614
7 1.41 1.449
5 2.355 1.7303
7 0.8325 1.0437
6 1.2375 1.6078
7 2.5575 2.5871
4 0.1125 0.2
7 0.8025 0.7212
6 2.3475 2.2207
6 2.8275 2.901
4 2.61 2.618
5 2.1975 2.0063
6 1.0575 1.4812
7 1.5075 1.6447
4 0.1125 0.1694
7 0.915 1.0902
4 2.835 2.7381
6 0.87 1.0169
4 2.5575 1.5068
4 1.1775 1.4919
5 2.1825 2.2702
6 0.57 0.5031
6 2.145 2.3567
6 1.4475 1.4141
6 1.8825 1.3676
5 0.99 1.3557
5 1.26 1.1757
7 0.945 0.9194
6 2.6175 2.4681
6 0.12 0.1268
6 2.025 1.768
4 1.38 0.8875
4 0.1425 0.2593
7 0.885 0.8019
5 2.2425 1.9227
6 1.7925 1.5597
6 0.87 0.7442
6 1.575 1.4969
5 0.1125 0.2436
6 0.0 0.0118
6 0.4275 0.472
5 2.01 1.0875
7 1.035 0.9077
4 2.535 2.207
5 0.5925 0.6165
5 0.5475 0.3002
6 0.2625 0.2281
4 1.08 2.0072
4 0.6375 1.0154
7 2.7675 2.8501
5 0.585 0.5898
7 2.0025 1.4799
4 1.26 1.7439
5 2.1375 1.4649
7 0.6675 0.6264
5 1.965 1.6664
6 2.91 2.9188
7 1.005 1.0984
6 0.165 0.1764
5 2.9925 2.835
5 0.225 0.3377
5 0.195 0.1105
7 1.8975 1.6486
5 0.7875 0.6419
4 2.265 1.1506
7 0.495 0.5423
4 2.0325 1.8003
5 2.04 1.5752
4 1.2 1.9566
6 2.475 1.8848
5 1.14 1.0509
6 1.8525 2.1152
4 0.975 0.4525
4 0.06 0.0011
4 0.99 1.7843
7 0.1275 0.0965
5 0.6225 0.5152
5 2.73 2.8563
5 2.7975 2.8055
4 2.55 2.2272
7 1.155 1.0935
4 2.43 2.1906
5 0.8325 0.9047
5 1.4325 1.9357
7 0.7575 0.8157
5 2.6925 2.5867
5 0.7425 0.6255
6 0.375 0.4804
7 0.5775 0.4865
7 0.5325 0.5195
6 0.3825 0.5913
6 0.72 0.7427
7 0.105 0.123
7 0.7875 0.8287
6 0.1275 0.1523
7 1.275 1.182
6 2.28 2.2525
5 2.6175 2.4615
6 2.745 2.5071
6 1.4025 1.4386
4 1.5825 1.5133
7 0.9375 1.0935
6 0.6525 0.5689
4 0.555 1.3964
5 1.335 1.7285
4 0.2025 0.2967
4 1.8225 2.1113
7 1.9725 1.5712
6 0.75 0.6871
5 2.94 2.7236
6 1.14 1.0831
4 1.1475 1.0659
5 2.805 2.8347
4 2.3025 2.6511
7 1.23 1.0579
6 1.095 1.1538
6 1.665 1.4937
6 1.0575 0.914
7 0.5625 0.5793
7 2.4825 2.4009
6 1.8375 1.7041
4 0.0225 0.1935
6 0.8475 0.8582
5 1.7475 0.8801
7 1.8525 1.5505
6 0.8625 1.0401
4 2.6475 1.794
7 2.4225 2.4549
7 0.4725 0.4914
4 0.4725 0.3578
4 1.305 1.614
5 1.1175 0.9165
7 1.4475 1.2735
4 1.455 2.311
6 2.325 2.2065
5 1.7775 1.5309
4 2.4525 2.0808
4 2.8875 2.8978
4 1.5 1.1657
5 0.3675 0.3229
7 2.505 2.5116
7 1.2225 1.5351
7 0.7275 0.682
4 1.455 1.809
4 2.1375 1.2603
5 1.665 2.1431
7 1.305 1.4241
4 0.105 0.1182
7 2.3925 2.3663
7 1.0425 0.9907
7 1.9575 1.7564
5 2.535 2.432
6 1.785 1.3897
5 0.8025 0.6502
6 2.925 2.9608
6 1.215 1.1969
5 2.955 2.8761
4 0.3 0.2139
7 0.825 1.0779
4 0.8175 0.9516
7 1.74 1.5376
5 2.13 1.5561
5 2.46 2.4036
4 1.23 1.8076
5 1.965 1.8389
7 2.985 2.9594
5 0.915 1.0291
7 1.92 1.8877
7 2.5575 2.5298
7 2.37 2.2391
5 0.66 0.8706
4 2.55 2.628
6 0.15 0.1079
6 2.055 1.5704
4 0.9675 1.2872
4 0.0375 0.0531
7 1.9575 1.7116
6 1.95 2.1574
7 2.2725 2.257
7 1.23 1.517
6 0.525 0.5587
7 1.5075 1.3606
7 2.805 2.8329
5 1.2 1.5063
6 0.2475 0.2386
7 1.6725 1.6007
6 1.08 1.5469
4 0.5775 0.3473
5 0.9975 1.195
4 2.13 2.406
5 0.81 1.3913
7 1.0575 1.5498
6 1.0275 1.2109
4 2.34 2.8518
5 2.025 1.2572
5 1.9125 1.8619
7 1.785 1.5133
6 2.07 2.1424
7 0.9825 0.931
5 0.7575 0.6328
4 2.8275 2.5372
6 0.48 0.5339
5 2.79 2.8982
6 2.46 2.5541
5 1.245 0.9072
7 1.1625 1.746
4 0.8625 0.9157
6 0.4425 0.4131
5 1.98 2.0734
6 1.3875 1.4464
5 0.3975 0.4992
5 1.98 2.147
4 0.09 0.3091
6 1.395 1.135
7 1.29 1.3631
6 2.985 3.0738
6 2.9925 3.0479
7 2.445 2.3693
4 1.575 1.5066
7 1.4025 1.4607
6 1.6875 1.7899
7 1.965 1.2253
6 2.4675 2.4897
4 0.2775 0.2135
5 2.9475 2.9642
7 2.025 2.0487
7 2.9775 2.9531
6 1.185 1.8131
4 0.9 1.1588
6 0.0075 0.0095
7 1.41 1.697
6 2.64 2.5215
5 2.2125 2.2807
7 2.5125 2.5017
4 1.0425 1.4498
6 0.3075 0.2649
7 0.345 0.4187
5 1.5975 1.5092
7 2.1075 1.9728
5 2.7225 2.5923
4 1.41 1.5577
4 1.77 2.1279
5 1.455 1.7503
6 2.6775 2.7274
4 1.38 1.6644
7 0.8925 1.1436
7 0.255 0.3013
5 1.5975 1.6872
7 0.9675 1.1883
7 2.2725 2.2273
7 0.7875 2.9054
5 0.6 0.9519
5 1.845 1.898
6 1.185 1.1952
4 2.73 2.4089
5 1.245 1.5238
7 1.9725 1.8421
5 0.1275 0.2443
4 2.37 1.917
7 1.2825 1.5643
6 1.5975 1.7787
4 2.9475 2.897
4 2.7825 2.5918
6 1.29 1.4925
5 0.1425 0.0811
6 1.425 1.342
5 0.6525 0.8653
6 1.3125 1.6199
7 2.1075 2.0006
4 0.9375 1.2978
6 0.8475 0.8396
7 2.0775 2.0941
7 1.125 1.2611
6 0.9825 0.722
6 2.3325 2.4126
5 2.34 2.4425
5 2.4825 2.2574
5 2.025 1.9202
4 1.4625 1.4923
7 1.815 1.9542
6 2.8275 2.7776
6 0.495 0.4505
5 0.09 0.07
5 0.645 0.7806
6 1.11 1.2005
7 0.48 0.4871
7 0.5775 0.548
5 0.285 0.2328
6 0.45 0.4969
4 2.9175 2.7156
6 2.745 2.7735
6 0.2625 0.2507
4 0.825 0.9829
4 2.55 2.6341
7 0.7725 0.7213
7 1.5075 1.7275
4 0.255 0.3169
6 0.2175 0.1993
5 1.1175 1.704
5 1.11 1.2153
6 0.84 1.0104
7 1.5825 1.2965
5 0.4575 0.3653
5 2.25 2.0317
5 0.795 0.9976
4 1.65 1.4339
4 2.6925 2.7395
6 0.3525 0.4314
5 2.205 2.4159
7 0.4725 0.4088
5 0.7575 0.6618
7 1.755 1.4611
5 0.8775 1.4748
6 2.82 2.7273
7 0.645 0.6663
7 2.115 1.9926
7 0.5175 0.5331
5 2.61 2.5534
6 0.0225 -0.0025
6 1.86 1.3702
7 2.5125 2.5001
4 2.895 2.6291
4 2.9925 2.8721
4 0.18 0.2552
5 2.325 1.7225
4 2.055 1.18
7 1.29 1.4182
4 0.81 0.7145
5 0.345 0.4123
6 0.435 0.3826
4 1.8825 2.0927
6 0.9225 0.9405
7 1.8975 1.9561
4 1.6275 1.0344
4 0.0 0.1311
6 0.885 0.9281
4 2.4075 1.7333
6 0.585 0.6289
4 0.7125 0.7431
4 2.6325 2.5911
5 2.5425 2.4861
7 1.905 1.6911
6 2.865 2.8581
5 0.8025 0.892
7 1.845 1.7797
4 1.785 1.7441
7 2.4075 2.3507
4 0.2325 0.1912
5 2.4975 2.533
6 2.1 1.8521
4 1.1175 1.9222
6 1.0575 0.9424
7 1.185 1.4296
7 1.6425 1.6875
7 0.3075 0.3091
7 0.7275 0.8352
6 0.495 0.8276
4 2.1225 1.4551
6 0.1725 0.233
5 1.5375 0.8455
4 1.695 0.9873
6 2.4525 2.2834
6 1.7925 1.2952
4 1.95 2.2953
7 1.4775 1.6999
4 2.2425 2.1972
4 0.78 0.4962
4 0.0 0.1406
7 1.5525 1.531
5 1.425 0.9108
4 2.7 2.6949
4 2.9925 2.9084
6 0.2175 0.2414
4 1.845 1.4359
4 0.705 0.7612
7 2.31 2.3037
6 0.1725 0.1221
5 0.3675 0.4373
7 1.695 1.7173
6 1.2975 1.7507
6 1.995 1.8961
4 2.6775 2.2991
5 2.0325 1.2826
6 1.8675 1.8373
6 2.6475 2.6244
7 0.8475 1.0613
7 1.2375 1.3083
6 0.93 1.2855
4 0.54 0.5811
5 0.525 0.5956
4 0.825 0.7819
6 1.395 0.9846
5 2.1675 2.3217
6 2.145 2.2443
7 0.795 0.9229
7 2.4225 2.3867
6 1.875 2.0104
5 1.2075 1.1053
6 0.705 0.7786
4 1.05 1.2294
7 2.595 2.6188
5 2.9325 2.9452
5 1.2075 0.6736
5 0.3 0.3367
7 2.415 2.4347
6 0.33 0.3128
6 0.3075 0.4083
6 1.5825 1.4795
4 0.9825 0.4929
4 2.4975 2.2778
6 1.29 1.6915
5 1.7625 2.238
6 0.435 0.4326
5 1.7175 1.4762
7 2.205 2.1277
5 1.11 1.4344
7 2.955 2.9106
7 1.8075 1.5852
7 2.94 3.0047
5 1.155 0.9672
4 1.1325 1.7444
5 2.115 1.8543
5 0.645 0.8834
5 2.1075 2.3101
7 2.1675 2.1049
4 2.0625 1.5595
6 2.0325 2.2011
5 0.9525 0.8806
6 2.415 2.3842
6 0.3675 1.3995
7 2.2575 2.37
6 2.445 2.382
6 1.6875 1.6046
5 0.345 0.5642
7 1.2525 1.276
4 2.0325 1.0675
5 2.01 1.7516
4 2.4675 2.3023
5 0.225 0.1315
7 1.395 1.6429
6 0.2175 0.162
7 0.6675 0.7077
7 2.5275 2.5294
4 2.175 1.2692
7 0.9525 1.1476
6 1.98 1.7617
7 1.365 1.5529
5 1.4625 1.2257
5 1.095 1.1884
5 1.7775 1.4729
6 2.91 2.8461
4 1.545 2.0584
5 2.0625 1.9791
6 2.925 2.9008
6 0.96 1.3069
6 0.5025 0.4758
6 0.3975 0.3936
6 0.5175 0.4683
6 2.7 2.4577
6 1.14 1.6489
6 1.32 1.9246
7 1.0275 1.0961
7 2.745 2.6171
4 2.49 2.6013
5 2.685 2.8556
4 1.9725 1.7559
5 2.295 1.7898
6 2.1075 2.0784
4 1.4175 1.3512
6 2.5875 2.575
5 2.985 2.8584
7 0.1725 0.0837
6 0.315 0.5043
4 0.285 0.1299
5 1.605 1.5886
6 2.4675 2.42
7 2.235 2.1411
4 2.1 2.4843
6 0.0225 0.0814
6 2.58 2.5072
5 1.8 1.5862
7 2.2125 2.1983
4 1.32 1.6286
4 2.5125 2.2115
4 0.1275 0.1109
6 1.5075 1.3151
6 0.5175 0.5266
6 0.015 0.0162
7 1.9275 1.5709
5 0.9525 1.6824
7 1.7025 1.5628
7 0.045 0.0929
7 2.355 2.3747
5 2.82 2.8289
7 0.075 0.0073
6 2.745 2.7456
5 2.37 2.5036
5 0.405 0.2907
4 1.725 1.1635
5 2.22 2.0335
5 1.89 1.8429
6 0.3375 0.2605
7 2.55 2.606
7 2.7375 2.747
4 1.005 0.9664
4 0.54 0.487
6 1.815 1.4734
4 2.445 2.6198
6 0.5475 0.677
6 2.565 2.5924
7 2.7525 2.6831
7 0.7425 0.7583
5 2.8575 2.7504
6 1.65 1.7513
5 1.5225 1.4045
7 2.6175 2.6426
6 2.4075 2.6031
5 0.105 0.1624
4 2.9925 2.897
6 1.9875 1.9006
6 1.5 1.0148
6 0.6675 0.6845
4 0.99 1.6969
7 2.2275 2.1392
4 1.005 1.103
6 1.305 1.3883
4 2.01 1.2738
6 0.2175 0.1099
7 1.335 1.1944
6 2.2425 2.3312
4 0.72 1.5982
4 0.66 0.9448
5 1.26 0.9421
4 0.63 0.5113
4 1.7025 0.6863
5 0.0 0.0124
6 1.245 1.3818
4 2.6625 2.422
7 1.2225 1.4375
6 2.43 2.4627
6 0.8175 0.8842
4 2.8575 2.5284
4 1.38 2.4289
4 2.085 2.2604
7 0.825 0.8587
4 2.5575 2.7906
6 0.7725 0.8768
4 2.835 2.8196
4 2.085 2.2162
7 0.855 0.9546
6 1.6125 1.9764
6 2.205 2.2931
5 2.1225 2.4497
5 1.215 1.1066
4 1.9125 2.511
5 2.385 2.2181
6 1.56 1.4412
6 2.55 2.6128
6 1.0425 1.1001
7 2.3025 2.3314
4 0.675 0.8633
4 2.6625 2.6514
5 1.755 1.8207
6 1.4025 1.4448
5 2.5575 2.5897
4 1.53 2.1426
5 0.54 0.8808
7 2.895 2.8926
6 2.46 2.6171
6 2.3025 2.2572
6 2.145 2.0342
6 1.215 1.6778
6 2.1225 1.7412
7 1.8675 1.654
6 1.68 1.2977
7 1.2675 0.9833
5 1.38 1.3369
6 1.395 1.2694
5 0.2025 0.3479
6 0.975 0.9853
5 0.375 0.6096
4 0.5775 0.7676
6 0.9675 1.1536
6 2.0175 1.5347
6 0.9 1.2223
5 0.5025 0.5662
7 1.56 1.4041
4 1.395 2.3822
6 0.435 0.51
6 0.975 1.3865
5 1.26 1.3991
5 1.965 1.3913
4 2.2425 1.4283
5 0.8175 1.0395
7 1.92 1.7183
5 0.045 -0.0222
5 2.4225 2.4682
6 0.2925 0.3036
7 1.095 1.2951
6 2.8275 2.8606
7 2.0775 2.0346
7 2.925 2.939
6 0.915 1.2541
6 2.7075 2.7735
6 2.9625 2.8148
6 2.1375 2.2846
4 1.7625 1.9326
5 1.0425 1.3967
7 2.865 2.7957
7 2.955 2.9753
4 2.3325 1.7036
7 2.94 2.8414
7 1.605 1.435
7 2.7375 2.8335
5 0.975 2.1003
4 2.0325 1.6913
5 2.3475 2.1645
5 1.065 0.9774
6 0.3825 0.4576
6 0.06 -0.003
4 0.135 0.2591
4 2.835 2.775
5 0.345 0.2785
5 2.745 2.8067
7 2.055 1.8075
6 0.4275 0.4176
5 0.375 0.3745
5 0.6 0.7502
6 2.0925 1.8494
5 2.0925 2.099
4 1.7925 1.3034
7 1.605 1.2784
5 2.2725 2.2484
7 1.47 1.3781
6 0.9 0.7943
6 2.115 1.713
6 1.9725 2.0171
7 1.065 1.2763
6 1.875 1.8724
7 2.655 2.5757
5 0.78 0.5532
4 0.24 0.1531
6 1.545 2.0279
7 0.6675 0.7177
4 2.4225 2.425
7 2.9025 2.8731
5 2.715 2.79
4 1.47 1.2721
6 1.3275 1.4387
5 0.9825 1.3575
6 1.2825 1.3674
6 0.705 0.7726
4 1.185 1.6485
7 2.535 2.6864
6 0.4275 0.5566
4 2.7525 2.7933
7 0.915 1.0604
5 0.9525 0.7584
7 1.6875 1.45
7 2.46 2.4726
5 2.505 2.508
6 0.3 0.3222
4 2.13 1.2906
6 1.4925 1.3653
6 1.86 1.8003
6 1.4925 1.7387
4 1.56 1.6492
4 2.8125 2.8601
4 2.2875 1.6535
5 1.995 2.0372
7 0.525 0.5551
6 2.325 2.5185
5 0.5625 1.0323
6 2.715 2.826
6 0.24 0.2794
6 2.7075 2.6811
5 0.6 0.4822
5 0.69 1.6209
7 1.245 1.054
7 0.375 0.3178
4 0.8325 0.7926
6 2.835 2.8016
4 0.9975 2.1304
5 1.7175 1.3115
4 0.0675 0.1618
7 0.36 0.4115
7 1.17 1.1002
4 2.685 2.6602
7 1.3425 0.7933
4 0.7575 0.4615
4 1.755 1.009
5 1.4775 1.9914
4 1.5075 1.8913
6 0.0375 0.05
6 0.735 0.5053
6 0.675 0.6278
6 2.2875 2.159
7 0.165 0.0962
5 1.7025 2.0437
6 1.0125 1.1415
6 2.055 1.7221
4 1.1475 0.7765
4 1.89 2.3355
4 2.2425 2.024
5 1.995 2.4407
4 0.2625 0.3422
4 1.9425 2.5468
7 1.8 1.6487
4 2.895 2.9358
7 2.79 2.7603
7 1.0725 1.1094
4 2.22 2.6049
7 2.805 2.8905
5 2.7525 2.7033
4 0.6 0.6268
6 1.8375 1.4317
7 2.6475 2.6453
7 2.2875 2.285
6 1.095 0.9829
5 0.8625 1.2499
7 0.3375 0.3674
6 2.61 2.6742
6 2.79 2.8665
6 2.1375 2.2852
7 1.515 1.4801
5 1.7925 1.6158
4 2.04 1.5037
7 0.885 0.9003
4 2.1225 1.6593
4 2.04 1.6312
4 1.8225 1.174
7 2.1825 1.9437
5 2.4975 2.3501
6 1.305 1.6293
4 0.375 0.249
6 1.65 1.6859
7 0.1125 0.0448
5 0.5625 0.6784
7 1.23 1.4185
6 1.3125 1.4295
5 1.215 1.2552
5 0.3 0.2798
4 1.5375 1.8384
4 1.9125 1.3364
7 0.9375 1.0166
5 1.0725 1.6803
7 1.425 1.4567
6 0.0525 0.1416
7 2.5425 2.6012
7 2.535 2.5308
4 1.185 1.8508
5 1.635 1.6472
5 0.9525 1.0523
7 0.72 0.7582
5 2.8875 2.8771
5 0.315 0.3362
7 0.48 0.5138
6 2.79 2.7712
6 0.5625 0.6684
7 1.0725 1.1993
6 0.855 1.0742
6 0.1725 0.2086
7 1.0425 2.338
4 2.9025 2.8089
4 2.3325 1.7207
4 0.2025 0.1406
7 2.07 1.9063
6 1.425 1.7187
4 1.545 1.9754
5 1.515 1.9246
4 0.855 1.2574
7 0.2475 0.3032
7 2.0325 1.9521
4 1.95 1.7756
5 2.4375 2.2147
5 0.9975 0.9371
5 2.385 2.1622
7 2.1525 2.1877
5 0.36 0.3888
4 1.59 2.0912
5 2.91 2.9014
4 0.7125 1.2591
5 2.0325 2.3161
6 2.835 2.8028
5 2.7525 2.7433
7 0.645 0.7474
6 0.72 0.9731
7 0.69 0.7645
6 1.41 1.371
7 0.99 1.0522
7 1.77 1.644
6 2.055 2.2727
4 2.46 2.2111
4 2.1075 1.4969
4 1.4175 0.9427
7 0.9825 0.9684
4 1.485 1.6096
7 0.0675 0.0877
7 2.565 2.6326
5 2.2575 2.0539
4 2.22 1.6945
5 2.0925 2.0312
4 0.7575 1.6154
5 2.3775 2.0203
7 0.5325 0.5579
5 1.3125 1.7875
7 1.0875 1.3975
4 2.4 2.2716
6 2.175 2.2267
4 0.84 2.2099
6 1.6275 1.5924
4 2.7675 2.8551
7 0.48 0.4568
5 2.04 1.7253
4 2.7 2.781
5 1.5825 1.7352
6 0.3825 0.3744
5 2.025 1.6593
5 1.1025 1.1716
5 1.2975 0.6341
4 1.77 1.2732
5 0.375 0.4314
6 2.6625 2.6811
6 1.9575 1.3921
5 2.0625 2.3692
7 0.21 0.1803
5 0.33 0.2992
6 0.06 0.1084
4 0.465 0.4988
5 0.7725 1.3097
7 2.355 2.2065
6 0.255 0.1486
4 0.0525 0.132
6 2.0775 2.0988
7 2.1525 2.1527
7 0.0225 0.0501
7 0.9225 0.942
4 1.53 1.9614
4 1.4925 2.4674
7 2.0775 2.0089
6 2.535 2.5769
6 2.475 2.5323
7 0.9 1.0058
5 2.4975 2.4422
4 0.495 0.4018
5 2.7825 2.9182
6 1.14 1.4019
7 1.4325 1.3265
4 0.195 0.4473
7 1.095 1.2696
5 0.09 0.022
7 2.985 2.9006
5 1.7325 1.7309
5 1.53 1.8006
6 1.65 2.0775
7 1.0875 1.3103
7 2.895 2.8822
6 1.125 1.2584
4 2.805 2.4704
7 0.675 0.5882
4 2.1225 1.9228
7 2.16 2.0875
4 0.105 0.1099
5 0.6825 1.1294
6 2.6775 2.7317
4 1.68 1.2308
4 0.4725 0.1937
7 2.07 1.7908
7 2.3775 2.266
7 1.3725 1.5129
5 0.7575 0.6091
4 2.895 2.915
5 1.2675 1.6036
4 0.3825 0.4432
4 0.6675 0.4481
5 0.315 0.4399
6 2.9175 2.9305
6 2.79 2.777
6 0.09 0.0914
7 2.115 2.2496
6 2.895 2.9515
5 1.9575 2.2524
6 1.71 1.8381
7 2.925 2.9336
5 1.3125 1.2933
4 1.215 1.1442
7 0.6225 0.6321
4 2.385 2.8711
7 1.1025 0.9544
5 1.335 1.0747
4 0.93 0.4467
5 1.3425 1.71
5 1.5075 1.7912
6 2.2575 2.177
6 0.8175 0.9116
4 1.6125 1.1896
5 1.1325 1.5586
4 0.69 1.8926
6 0.3675 0.4289
6 2.2425 2.2568
6 1.92 1.5214
5 1.05 1.5087
5 1.3425 1.2154
7 2.0325 2.223
4 2.1825 2.1851
5 0.2775 0.2624
4 1.875 1.4783
4 1.35 2.0947
6 1.665 1.5965
4 1.5075 2.2296
6 2.73 2.6527
5 0.6525 1.4664
7 0.6975 0.5025
4 0.165 0.0763
5 1.1775 1.32
4 2.04 2.2592
5 2.565 2.5278
7 1.1625 0.9642
7 1.2675 1.31
7 2.595 2.6261
7 2.205 2.2121
4 1.0125 1.1169
7 0.3 0.3447
4 1.6125 1.6694
6 1.215 0.8765
5 0.6225 0.6241
4 1.7925 1.5953
4 2.595 1.7086
5 1.4775 1.2008
6 1.395 1.2738
6 2.025 1.504
7 2.25 2.3947
7 2.475 2.4241
4 1.065 1.2665
5 0.09 0.1061
5 2.085 1.831
7 2.9325 2.8974
4 1.4025 2.1487
5 0.8775 1.1138
4 1.38 1.4497
6 1.0875 1.5761
7 1.245 1.278
7 2.76 2.7824
7 2.2875 2.1666
7 1.4025 1.6025
4 1.275 1.7075
7 1.515 1.6738
5 2.9925 2.9119
4 1.92 1.7645
7 1.47 1.5037
4 0.435 1.1545
7 1.9125 1.7149
7 0.0 -0.0058
5 0.45 0.5231
5 1.2075 1.0283
5 0.9075 0.834
5 0.3075 0.3146
4 0.09 0.1018
6 0.24 0.2588
7 2.4075 2.3047
6 1.2825 1.0977
4 1.065 2.149
4 2.22 1.7129
5 0.0525 0.0797
5 2.175 2.3966
6 1.245 0.8239
7 0.8925 0.8662
7 2.0775 2.1824
6 2.85 2.8014
7 2.82 2.8659
7 2.7975 2.808
4 0.96 2.2238
4 1.23 2.3257
5 0.69 0.6037
6 2.7675 2.6894
7 2.5275 2.6835
7 1.26 1.0214
7 0.915 0.9872
5 2.8125 2.931
7 2.115 2.044
4 0.18 0.2203
6 0.66 0.7778
4 2.265 2.4334
6 0.315 0.3607
4 1.9725 1.6035
7 2.2125 2.1592
4 0.84 1.1289
6 2.7975 2.8676
5 0.39 0.5968
4 2.055 1.5472
5 0.7725 0.7324
6 1.275 1.7904
5 2.445 2.4564
7 0.03 0.0695
6 1.0725 1.4308
7 0.375 0.3077
5 1.5675 1.5651
5 1.4775 1.4422
5 2.79 2.7732
6 0.54 0.6165
5 1.065 0.8688
4 1.35 1.3307
7 2.34 2.4083
6 1.7025 1.6952
4 1.2375 0.8304
5 2.8425 2.7855
6 0.0 0.0082
6 1.425 0.896
6 2.265 2.1921
5 1.575 1.242
5 0.2325 0.2888
5 0.2475 0.3307
7 1.875 1.519
7 2.76 2.6577
5 0.8925 0.8981
4 0.93 1.0384
7 0.8475 0.9186
6 2.3925 2.42
7 2.76 2.7368
5 0.36 0.6107
5 2.0625 2.3562
5 1.8525 0.7986
6 0.615 0.5288
7 1.755 1.7675
7 1.8 1.5353
5 1.185 1.2727
7 0.9825 0.9791
7 0.06 0.005
7 1.5375 1.3369
6 2.5725 2.5757
5 0.555 0.4811
4 1.8525 2.2273
5 1.6575 1.0719
7 2.6925 2.6094
5 0.9825 1.0541
7 1.245 1.4631
4 0.57 0.5148
5 2.295 1.5207
6 0.825 0.8181
5 0.105 0.1489
4 2.46 2.394
4 1.23 2.1482
4 1.05 1.7698
5 0.945 0.8553
4 0.33 0.4866
4 2.58 2.5574
5 1.89 1.8764
6 0.93 1.2973
5 0.8775 1.3702
5 2.9175 2.8668
5 1.545 1.5465
7 0.87 0.8389
7 2.04 2.0623
6 2.265 2.324
5 1.095 2.1359
5 1.17 0.6759
5 1.0275 1.8539
4 0.0675 0.0492
6 1.2525 1.3301
5 0.1725 0.16
5 2.3775 2.4899
4 1.425 1.1776
6 2.0175 1.5575
5 2.865 2.7892
5 0.4575 0.4816
6 2.2575 2.1047
6 1.125 1.3369
7 2.88 2.9506
5 1.4775 1.5548
4 2.475 2.5701
6 1.8375 1.5957
6 0.8625 0.7931
7 2.595 2.6308
5 1.575 1.6535
6 0.0525 -0.0299
7 0.3825 0.5035
5 2.7525 2.6546
4 2.1675 1.4325
6 1.65 1.2932
7 1.08 0.8613
7 1.74 1.5381
5 0.51 0.5726
6 2.22 2.0239
7 1.9725 1.978
4 1.7325 1.3388
6 1.38 0.9762
5 0.2025 0.2001
6 0.405 0.4486
5 1.2975 1.5893
5 2.8425 2.963
6 0.5625 0.4958
5 2.3025 1.7069
6 2.1225 1.6552
6 0.255 0.2831
4 1.5825 1.6185
7 1.6125 1.219
7 1.86 2.0021
7 0.45 0.4045
5 1.7175 1.482
7 1.965 1.7476
4 1.8375 1.841
7 0.8175 0.7172
7 2.7525 2.7014
4 1.3875 0.9794
4 2.46 1.7002
4 0.0975 0.1468
4 2.9775 2.936
7 0.0225 -0.0054
7 2.445 2.3007
7 1.695 1.6396
5 1.245 1.6053
7 0.1875 0.2115
5 1.6575 1.6878
6 1.785 1.8514
6 2.4075 2.2762
4 1.8825 1.8958
7 0.1725 0.2223
5 0.21 0.0958
6 1.8225 1.5999
4 0.87 1.2369
4 0.0225 0.1051
5 1.095 1.0814
5 1.2825 1.303
7 0.555 0.54
7 1.875 2.0499
6 2.01 1.8399
6 2.76 2.6471
6 0.5025 0.4482
5 0.5475 0.6794
4 1.875 1.7206
5 0.93 0.6427
5 2.265 2.1737
6 1.245 1.5806
5 0.195 0.114
7 0.585 0.5923
6 1.605 1.6423
7 2.7975 2.741
5 2.5575 2.4738
6 2.775 2.8239
5 2.46 2.4563
6 0.075 0.0862
5 1.6425 1.1705
6 0.105 0.2264
6 2.6625 2.6088
5 1.5375 1.1085
7 1.2675 1.504
6 1.2975 1.331
4 1.83 2.0263
4 0.5925 1.1115
4 1.5675 1.4012
5 1.4625 1.2845
6 1.8825 1.2699
4 2.0475 1.346
7 0.03 0.065
6 1.9275 1.6983
4 2.61 2.7688
5 1.1025 1.124
5 1.62 1.7437
6 2.1375 1.8867
4 1.035 1.5172
7 2.31 2.1967
6 1.26 1.5628
5 1.7025 1.4471
5 1.905 1.9321
6 1.05 0.9845
7 1.4625 1.5386
5 0.885 0.989
4 2.6475 2.7101
5 1.6425 1.7317
4 0.99 1.3989
5 1.23 1.4326
6 1.7925 1.6425
6 0.6075 0.6354
7 0.63 0.6251
7 0.975 0.8976
6 0.7575 0.9353
5 0.0525 0.1272
4 1.005 1.7875
5 0.2025 0.1788
4 1.14 1.1936
4 0.72 0.8412
5 1.155 0.9862
4 1.905 1.7041
6 2.31 2.4306
4 2.175 1.9867
4 2.1825 1.9555
7 2.34 2.2721
6 0.3675 0.3937
5 2.6175 2.4293
7 1.56 1.8359
4 0.96 1.5124
5 0.51 0.7305
4 1.1475 1.5651
4 1.1175 1.1017
6 1.65 1.8995
5 1.965 1.1891
4 2.55 2.4936
7 1.7775 1.4321
7 0.7425 0.8038
7 0.1725 0.257
5 0.6825 0.7069
6 2.565 2.5267
5 2.745 2.7556
4 2.28 1.8625
6 2.1 2.2227
6 0.1125 0.2051
7 1.7625 1.6227
5 1.5075 1.2041
6 0.5475 0.5959
6 2.37 2.1422
4 2.73 2.6981
7 1.89 1.7332
6 1.8225 1.8579
5 0.63 0.4999
4 1.545 1.2927
7 1.4625 1.3733
5 1.1025 0.9713
5 0.765 0.7249
5 0.7575 0.9344
4 1.1175 1.3879
5 1.59 1.648
7 1.7775 1.6185
7 0.1575 0.1508
6 2.8125 2.8221
7 1.4775 1.4545
4 0.6075 1.0684
7 1.0125 1.2912
5 1.6725 1.542
7 0.8775 0.8406
5 0.6525 0.3904
6 2.715 2.791
4 1.0275 2.3761
4 1.41 1.4067
4 0.06 0.2163
7 1.11 1.5866
6 0.75 0.7687
5 1.3875 2.1676
4 1.1625 1.4065
6 0.9825 0.8605
5 0.465 0.4195
5 1.995 1.9039
7 2.4375 2.4007
4 1.2525 1.2848
7 0.57 0.6506
6 1.365 1.2416
6 0.2025 0.1844
7 2.37 2.2551
7 2.5275 2.441
5 1.8375 1.6294
6 0.0075 0.0367
7 2.295 2.3031
5 2.055 2.0324
6 1.4775 1.995
6 1.0425 1.4661
5 1.86 1.3135
7 1.4925 1.2305
4 2.955 2.8542
5 0.105 0.0979
7 1.3425 1.2161
6 0.8925 0.9608
4 1.905 2.1204
4 0.495 0.6773
4 2.895 2.5513
6 2.805 2.749
7 1.3125 1.8471
5 1.3275 1.4058
4 0.9525 1.184
6 1.4775 1.5235
5 1.6575 1.4874
4 1.92 1.3302
5 1.635 1.0141
4 0.735 1.2774
5 2.16 1.9283
6 1.32 1.1947
4 0.5775 1.2759
5 2.67 2.7342
4 2.6775 2.7384
7 2.5125 2.5226
5 1.5 1.676
6 2.505 2.3998
7 2.7675 2.6765
4 0.15 0.3342
7 2.94 2.8723
5 2.3175 2.4032
4 2.49 2.336
5 0.015 0.0264
4 1.47 1.1016
7 1.8375 1.8318
5 1.545 1.789
6 2.6475 2.7146
4 0.7125 0.843
6 1.8375 1.3358
6 0.375 0.4271
6 0.18 0.2107
5 2.7375 2.7438
7 1.5075 1.51
6 1.23 1.2723
6 2.4225 2.3764
4 0.7575 0.7516
6 0.78 0.6713
5 1.1625 1.9987
5 1.3725 2.0823
7 0.6675 0.7566
6 0.015 -0.0036
5 1.38 1.8352
5 0.18 0.0779
7 0.45 0.4203
5 2.055 1.8584
6 2.865 2.8056
4 1.5825 1.6053
4 2.2275 1.3074
4 2.5125 2.224
4 2.3475 1.6342
5 0.9825 0.9085
6 0.9075 1.6955
4 1.7475 1.5242
5 2.2725 2.2642
7 0.4275 0.4396
7 2.025 2.134
5 0.195 0.211
5 1.485 2.0825
5 1.365 0.8527
5 0.48 0.4175
7 1.5225 1.4464
5 0.6225 0.6594
4 1.545 2.2108
6 0.9225 0.8983
7 2.76 2.8149
6 1.065 0.8688
5 0.075 0.0837
4 2.3475 1.8701
5 2.3325 2.1675
4 1.41 1.7613
4 1.9275 1.6734
5 2.9475 2.9176
6 1.32 1.8686
5 1.98 2.3187
7 0.825 0.8042
7 1.1025 1.3559
4 0.0075 0.0476
6 2.85 2.7478
7 0.5625 0.6921
7 0.12 0.183
5 0.855 0.8602
6 1.875 2.076
5 2.22 2.4612
5 2.04 1.4375
7 1.8375 1.3736
5 2.2125 1.4659
6 1.1475 1.5772
7 1.2975 1.0446
5 0.1125 0.1569
7 2.3325 2.247
6 1.2075 1.0511
6 0.495 0.6062
4 0.0375 0.1265
4 1.245 1.7303
6 0.8175 0.8303
6 1.9125 1.5854
6 1.5525 1.4647
6 2.865 2.8764
6 0.225 0.2043
5 2.5275 2.3024
5 2.205 1.7488
6 1.0575 1.2846
4 0.4275 0.4768
5 2.0925 2.3844
4 0.8925 1.5966
6 2.3925 2.4086
6 1.6125 1.8016
7 2.0925 2.0754
7 1.7325 1.5701
6 2.475 2.4625
7 0.09 0.0272
4 1.74 1.4779
7 2.655 2.7395
5 2.745 2.7951
7 0.3 0.2072
7 2.2125 2.2465
5 0.5175 0.6186
4 0.5175 0.9632
6 2.67 2.7103
6 1.62 1.6134
6 1.155 1.6817
6 0.6525 0.6978
4 1.0275 1.005
4 1.8075 1.8368
7 1.53 1.8382
4 0.33 0.6489
4 0.63 0.7852
4 1.395 1.39
4 0.39 0.5484
4 1.2975 1.5526
4 0.1425 0.4613
4 0.675 0.7982
5 0.795 0.8024
7 1.275 1.2536
5 0.495 0.5627
4 1.3275 1.0402
4 0.7875 1.5425
7 1.83 1.6152
4 0.165 0.0772
6 0.615 0.6812
5 2.2425 2.0519
6 2.3625 2.1671
6 2.715 2.7477
4 2.9475 2.7005
5 0.5925 0.7949
7 2.6175 2.5115
5 2.31 2.4313
4 2.5575 2.3923
7 0.66 0.7151
7 2.8425 2.8535
7 0.4875 0.3865
4 1.9275 2.3276
5 1.89 1.2486
6 1.155 1.369
5 2.4375 1.6209
5 0.315 0.4269
5 2.295 2.2878
5 0.15 0.1951
4 0.6225 1.0895
5 2.265 2.1853
6 1.485 1.4824
7 0.78 0.7563
4 2.415 1.571
5 0.8775 1.1259
4 1.125 1.9177
6 1.95 1.6937
7 0.78 0.7399
4 1.62 0.8661
5 1.05 0.6436
4 2.955 2.8228
7 1.02 0.9872
7 1.02 0.948
6 0.045 0.0226
4 2.9325 2.8447
5 2.5875 2.4338
4 0.54 0.5776
4 2.1675 1.826
5 1.41 1.7601
5 1.7475 1.556
6 2.925 2.9429
4 0.0975 0.0596
6 2.8275 2.8991
5 0.33 0.4627
4 0.57 0.5448
7 1.5525 1.7266
4 1.08 1.133
7 0.24 0.2467
7 1.905 1.881
5 0.8625 1.0215
6 1.9125 1.8675
5 2.0925 1.9213
7 2.745 2.7471
7 0.84 0.888
6 2.025 1.5499
6 0.87 1.1435
6 0.3675 0.4697
5 2.85 2.8386
6 1.9275 2.2496
7 2.73 2.763
5 1.245 1.8542
7 0.1725 0.2117
5 1.485 1.4761
7 0.015 0.0608
6 1.305 0.9441
6 0.4125 0.3541
5 0.375 0.3914
7 1.3125 1.532
6 2.145 2.3659
7 0.6525 0.6987
7 1.125 1.2582
6 1.0425 1.1637
4 1.4775 0.9823
5 1.8075 1.9986
5 2.34 2.0096
4 2.13 1.8549
7 0.1425 0.1507
4 0.2325 0.4891
6 1.5225 2.0232
6 2.49 2.5883
6 1.095 1.2295
4 0.9375 1.5776
4 1.44 1.1686
6 2.655 2.6126
5 1.7925 1.5502
4 2.5875 2.4529
6 1.44 1.5721
4 2.28 2.3617
6 2.43 2.5144
6 2.0325 2.2937
4 0.015 0.0967
6 2.9925 2.9643
4 2.28 2.2995
6 1.74 1.751
4 0.6525 1.0045
5 2.85 2.7777
4 0.2625 0.2582
7 0.8925 1.1918
6 0.285 0.3518
5 2.445 2.3199
5 1.3725 1.2797
5 2.46 2.7504
6 2.0025 1.7062
6 2.9475 2.8992
7 1.4925 1.8513
5 0.2625 0.2111
4 0.9975 1.7306
7 2.22 2.3331
7 2.8875 2.8914
5 2.97 2.8597
5 0.8475 1.7988
5 0.15 0.227
5 1.71 1.6566
6 2.3325 2.3013
5 2.01 1.9494
5 0.69 0.488
7 1.95 1.9389
4 0.7725 0.8168
7 2.0025 1.8622
4 0.9975 1.4602
6 2.6775 2.6813
4 0.5625 0.7807
7 2.9625 2.9609
7 0.645 0.6766
7 2.2875 2.3184
7 0.45 0.4539
5 0.09 0.2306
7 1.035 1.032
5 2.55 2.5095
4 2.895 2.8451
6 0.6375 0.6625
5 1.0125 1.0207
5 1.05 1.0985
7 0.8925 1.0023
6 2.2275 2.1655
6 2.625 2.5363
4 2.3025 1.6173
7 0.12 0.1409
7 0.4575 0.5528
6 2.5725 2.6118
6 1.7475 1.7139
5 0.5625 0.5162
5 2.64 2.5931
4 1.1925 1.0421
5 1.38 1.6935
5 0.3975 0.3128
4 1.9125 2.3155
5 2.3625 2.3803
7 0.66 0.731
4 0.165 0.2709
4 0.8475 0.5213
6 2.7525 2.5963
7 1.17 1.2021
6 2.9025 2.8355
4 1.4475 1.5189
5 0.315 0.3817
6 1.23 1.5008
4 1.545 0.9778
4 2.9475 2.7266
6 2.7975 2.6931
6 0.705 1.0652
6 0.345 0.2746
5 2.1975 2.1294
6 1.635 1.6417
4 1.6725 2.1939
6 0.8925 1.0765
7 0.8175 0.7235
7 0.1275 0.1205
5 2.8425 2.8012
4 1.0125 0.9726
7 2.2425 2.2328
5 0.8775 1.0629
6 1.6275 1.1763
5 0.9675 0.9901
7 1.005 1.0553
7 1.71 2.007
7 2.3625 2.3543
6 1.53 1.9248
6 0.5025 0.4924
5 2.76 2.6938
4 1.74 2.1547
6 0.39 0.4113
5 0.51 0.537
4 2.2725 1.8316
7 2.2875 2.3103
4 2.85 2.8932
4 0.6225 1.066
7 1.11 1.3731
6 2.775 2.8391
4 1.2825 2.1675
7 2.8875 2.8796
5 0.54 0.5541
6 0.3075 0.2977
7 0.525 0.4766
6 0.57 0.5323
5 0.645 0.7392
4 1.9875 2.1547
6 1.7925 1.531
4 2.745 2.5025
4 2.235 1.816
7 1.9125 0.2882
5 2.7525 2.8396
6 1.0725 0.8782
5 2.5875 2.6369
5 2.1675 1.9548
6 1.98 1.9813
7 0.3675 0.3012
4 1.83 0.9253
6 2.0775 2.059
6 2.4525 2.4459
4 1.995 1.0145
6 2.565 2.6168
5 2.5125 2.265
7 0.9375 0.8172
7 0.345 0.3956
7 1.86 1.7472
4 0.7425 1.3685
5 1.8375 1.5033
7 1.5675 1.5724
6 0.48 0.4819
7 0.12 0.1069
5 2.925 2.9573
4 0.06 -0.0119
6 0.1425 0.1898
7 1.35 1.9372
7 1.905 1.8188
4 0.735 0.8468
5 1.8975 1.4714
6 0.135 0.0981
5 2.7 2.554
4 2.52 2.5901
4 2.7075 2.8593
4 2.835 2.8519
5 1.62 1.6954
7 0.6 0.5755
4 1.0275 1.3101
6 1.62 1.7466
5 1.695 1.4862
6 0.7125 0.9088
5 0.78 0.8608
6 0.5475 0.5345
7 1.3425 1.7561
7 0.3375 0.9771
7 1.5375 1.7733
5 1.875 1.998
6 0.0975 0.0904
5 2.325 2.451
6 2.7825 2.7793
4 0.7275 0.9344
7 1.215 1.2956
4 2.8275 2.7172
4 1.8675 1.9364
4 2.1375 2.4335
6 1.875 1.264
7 0.465 0.4601
5 1.6275 1.9243
6 1.65 1.946
7 0.4575 0.4303
6 0.6075 0.8686
6 1.3725 1.7504
6 2.58 2.5273
6 1.005 0.8461
4 0.1425 0.2866
4 1.83 1.6272
4 2.6025 2.5506
5 2.715 2.5919
4 2.8125 2.8091
7 1.8 2.1556
7 0.42 0.4208
6 1.245 1.3507
6 1.74 1.7301
6 0.495 0.6011
7 1.5225 1.285
4 2.505 2.7087
6 2.79 2.7221
7 1.215 1.0292
5 2.1 1.6257
6 0.57 0.5441
7 1.8 1.6284
7 2.04 2.1579
7 1.2675 1.5968
7 0.6825 0.6697
6 0.0375 0.0854
4 1.8525 1.9378
4 0.2925 0.1985
7 1.1775 1.2809
4 0.885 1.0901
5 0.945 0.8707
5 1.8 2.2682
7 1.6875 1.2577
4 2.625 2.8809
6 2.76 2.7627
6 0.795 0.9596
7 1.05 1.1497
6 0.135 0.1781
7 0.33 0.4258
4 1.2825 2.2123
5 2.8875 2.9945
6 0.42 0.401
7 2.5275 2.5327
5 2.07 2.2448
4 1.32 2.1166
5 0.6 0.8366
6 2.6625 2.748
6 0.6825 0.7203
4 1.8525 1.7279
7 2.5875 2.5908
4 0.72 1.5896
6 1.9425 1.7043
6 0.9525 1.3378
4 1.755 1.3775
4 0.24 0.1215
6 1.5225 1.3463
7 0.6075 0.5824
5 1.6425 1.5004
5 0.9375 1.9839
6 0.6675 0.743
5 0.0375 0.0638
5 0.4125 0.4566
7 2.8425 2.8266
6 1.185 1.2149
5 0.8325 0.5195
4 0.87 1.2107
5 1.4475 1.5544
5 0.855 1.4863
6 0.0525 0.0042
7 2.9625 2.9709
5 0.4575 0.5035
7 1.86 1.6624
4 2.475 2.7777
6 1.92 1.1683
5 1.0125 0.8159
7 1.3125 1.4489
7 2.4975 2.5226
4 1.845 1.9862
4 2.5875 2.244
4 0.78 1.1389
4 0.045 0.1448
5 0.09 0.0676
6 2.5425 2.5781
5 1.785 2.0355
4 2.4225 2.262
5 0.2925 0.4009
5 2.2875 1.5405
6 1.215 1.1401
5 1.56 2.0408
7 0.315 0.3724
7 0.7275 0.6515
5 0.5175 0.66
7 2.565 2.5196
4 0.4275 0.5454
5 2.235 1.8671
7 0.8625 0.9002
5 0.4575 0.3426
5 2.61 2.5423
6 1.065 1.6842
7 2.7675 2.7537
4 1.995 1.3651
6 2.145 1.9934
5 2.745 2.85
5 1.7925 1.5843
4 2.4825 2.5159
6 2.3475 2.3233
5 1.59 0.645
6 1.1025 1.1332
7 0.51 0.5637
5 1.7475 1.7125
5 1.065 1.2099
5 0.78 1.2925
7 1.29 1.1519
5 0.2025 0.2134
5 0.51 0.4134
6 1.9725 2.0464
4 1.98 2.0157
6 0.36 0.3506
6 0.51 0.5142
4 2.325 1.7848
4 1.2975 2.1887
4 2.325 1.7515
6 0.24 0.2233
5 0.3375 0.277
6 1.4775 1.4852
7 0.6525 0.7422
6 1.305 1.7858
6 0.675 0.6894
7 1.1025 1.0681
6 1.0125 1.2758
6 0.84 0.8719
7 0.7875 0.8131
5 1.3875 1.3374
5 2.82 2.6965
6 0.495 0.5867
5 0.9075 0.9415
7 1.3125 1.1878
7 2.205 2.1167
5 1.2825 1.511
5 0.81 0.5401
4 0.945 1.0181
7 1.335 2.0062
4 2.0175 2.3958
7 0.0525 0.1104
4 0.405 0.3391
5 2.745 2.6666
7 2.3025 2.1951
4 2.88 2.9265
6 2.4 2.4007
7 1.0425 1.4154
6 2.8875 2.8346
4 1.8825 1.5291
7 1.7625 1.712
4 2.7975 2.8006
7 0.63 0.7854
6 2.9625 2.9108
4 1.89 1.6417
5 2.7075 2.6679
4 0.9 0.5388
7 0.69 0.7161
7 0.36 0.3644
5 0.57 0.5027
5 2.7375 2.8049
4 1.1325 1.4057
5 2.355 1.8521
5 2.64 2.649
6 0.4425 0.4995
6 2.64 2.7428
4 0.72 1.944
7 1.095 1.209
5 2.1825 1.9044
7 2.475 2.5041
7 0.1575 0.2184
5 0.96 1.3458
7 1.92 1.8454
5 0.24 0.1569
7 0.255 0.2372
6 0.81 0.9219
6 2.3025 2.3191
4 2.7375 2.8143
7 1.215 0.9367
4 0.8325 1.1345
5 1.1625 1.3918
4 1.1625 1.5423
4 1.2975 0.7841
6 1.7175 1.4159
5 1.1775 0.8333
7 2.8125 2.923
6 0.975 1.0263
6 0.57 0.4814
4 2.34 1.8909
7 2.31 2.2061
7 0.93 0.9837
6 0.3525 0.3079
7 1.845 1.5495
4 1.3125 0.8415
7 0.18 0.2112
4 0.5475 0.4811
5 1.0275 0.8723
4 2.61 2.3503
5 1.29 0.8304
4 0.795 1.4912
4 2.475 2.4997
5 2.43 2.6012
6 2.385 2.4801
5 2.325 2.528
4 0.36 0.2024
6 2.16 2.3325
5 0.06 0.0021
6 0.135 0.2258
7 0.5325 0.4828
6 1.8225 1.6017
4 2.25 1.2863
4 1.6725 2.3081
5 0.675 1.1823
5 1.1925 1.7913
6 0.195 0.2724
6 2.2425 1.7774
6 2.9025 2.7842
6 1.2375 1.3609
6 2.0325 2.219
5 1.38 1.6607
4 0.66 0.6275
4 2.0625 1.3582
4 2.1075 1.62
5 2.91 2.9901
6 2.655 2.6726
5 2.97 2.8567
7 2.7525 2.7498
7 0.3 0.3115
6 2.175 1.5447
6 0.0225 -0.0026
5 0.405 0.4477
4 2.445 2.1845
6 1.56 1.3343
4 0.3375 0.8375
7 0.015 0.0227
5 0.585 0.5002
5 0.5475 0.6212
4 1.1475 2.1209
7 1.185 0.9531
7 2.25 2.1663
5 0.21 0.1102
4 0.795 0.6459
4 2.58 2.6622
5 0.705 0.7863
7 1.935 2.0218
6 2.79 2.6903
6 0.0525 -0.0232
6 0.24 0.2282
6 1.2975 1.184
7 0.975 1.0778
5 1.7925 1.6061
6 2.355 2.5197
5 1.785 2.2137
6 2.715 2.52
7 2.6025 2.572
7 1.2375 1.28
5 0.3675 0.4574
4 1.5 0.9693
6 2.1825 2.1991
4 1.0725 0.9133
7 1.995 1.819
7 2.1225 2.1612
4 2.58 2.1222
4 2.0175 1.6605
4 1.6875 1.9905
4 0.0525 0.1286
7 1.605 1.6405
5 2.595 2.6449
7 0.3375 0.2216
5 2.8125 2.8247
4 0.03 0.0212
7 0.675 0.7134
4 1.74 1.4214
7 1.4925 1.5354
5 1.125 1.4688
4 1.725 1.9082
7 2.7825 2.8987
6 1.6575 1.6833
7 1.065 1.1099
4 0.36 0.6249
5 0.105 0.0989
4 2.0175 2.2928
4 1.5525 1.0847
6 0.27 0.2871
7 2.2575 2.4336
6 1.4925 1.739
6 2.835 2.7945
4 2.6175 0.6197
6 1.05 1.0667
7 2.8575 2.7948
6 0.6675 0.8005
5 2.25 2.1615
7 0.975 1.5824
4 2.895 2.9105
4 1.68 2.0068
7 2.385 2.2572
5 2.9475 2.8156
5 0.8325 1.0074
7 0.5025 0.4603
4 0.6225 1.2694
6 1.635 1.2099
4 0.9225 1.1184
4 1.1025 1.5571
4 0.3675 0.5326
6 2.52 2.4591
5 1.455 1.5878
4 2.2575 2.1881
7 1.5075 1.8398
4 2.67 2.6845
4 2.01 0.9584
5 2.565 2.768
7 2.415 2.3543
4 2.7 2.7138
6 2.9175 2.8873
5 2.4225 2.3788
5 2.0775 1.9274
4 2.07 1.3031
5 0.12 0.047
5 2.5725 2.4818
7 0.0675 0.0697
4 0.7125 0.4363
5 2.7 2.8072
5 2.595 2.7513
7 0.1125 0.0791
6 2.6025 2.6264
4 1.5525 0.7979
5 2.19 2.1691
6 1.35 1.364
6 1.2675 1.4391
5 1.215 1.1835
4 0.6825 1.4185
4 0.3 0.1488
4 1.035 0.8464
7 1.8375 1.4476
4 2.9775 2.805
7 2.955 2.9152
6 2.685 2.8118
6 1.4475 1.5891
4 0.075 0.2475
7 2.2875 2.2969
5 1.53 1.8275
4 1.7325 1.2237
5 0.75 1.5414
6 0.8925 0.8136
7 2.55 2.5087
6 0.8325 1.0744
6 2.3775 2.4558
4 1.98 1.1725
4 0.27 0.1348
5 0.7125 0.575
7 0.4575 0.5305
6 2.9625 2.8031
7 0.8175 0.7468
4 0.645 1.0273
5 0.8775 0.7591
5 0.5475 0.636
6 0.765 0.7931
5 2.4375 1.924
6 0.315 0.3118
7 0.8325 1.1064
5 2.085 2.049
4 0.8325 0.7456
7 1.8375 1.837
4 2.445 2.2496
7 2.49 2.4668
6 2.1375 2.3337
5 0.69 0.862
6 1.4925 1.8602
6 1.86 1.1871
4 0.6675 0.8693
6 1.7625 1.722
5 1.4025 1.562
6 1.26 1.5791
5 0.285 0.4141
5 0.0525 0.0857
5 1.455 1.3035
6 1.02 0.9743
4 0.7425 0.9148
6 2.13 1.9581
7 2.535 2.6
5 2.49 2.4635
7 1.8675 1.4528
4 2.28 1.4775
5 2.55 2.6574
6 0.2175 0.1884
4 0.5475 0.6269
7 0.555 0.6318
5 1.005 1.4352
4 1.3575 1.8528
7 0.4725 0.454
5 0.855 1.5519
6 0.3225 0.3232
7 1.3275 1.6212
4 1.02 0.9549
7 2.31 2.3204
6 2.2875 2.133
7 0.45 0.3599
6 2.6325 2.6036
7 2.295 2.1164
6 1.8525 1.8907
6 0.03 0.0987
7 2.22 2.2155
5 1.56 1.391
5 2.865 2.8353
5 0.78 1.0794
5 1.395 1.5104
5 2.1375 2.1127
7 2.055 1.9339
5 1.8225 1.3818
7 1.785 1.6493
4 0.675 0.5722
7 2.355 2.3843
5 2.3475 2.3604
5 1.4175 1.0122
5 0.45 0.5078
4 1.9275 1.3958
4 1.4025 1.4526
7 0.36 0.3584
7 0.6675 0.7623
7 2.5875 2.6628
6 2.985 2.8511
6 0.06 0.0202
7 2.1525 2.2115
6 0.8475 1.089
7 1.9125 1.7084
5 0.2925 0.386
7 0.015 0.0924
4 2.13 2.4162
7 0.6075 0.5811
4 2.0325 2.1777
7 1.8675 1.6811
4 0.285 0.3423
5 1.5225 1.3356
4 0.825 0.834
4 2.67 2.3984
7 1.23 1.021
6 0.555 0.468
7 0.09 -0.0341
5 0.6225 0.5647
4 0.1275 0.153
4 2.4825 2.246
7 0.48 0.4451
7 2.175 2.2047
6 0.3975 0.4068
5 0.57 0.8385
5 2.34 2.4636
6 1.44 1.5032
4 0.2475 0.2207
5 0.36 0.5655
7 2.1675 2.1712
7 2.295 2.3734
6 1.2525 1.4375
4 0.8025 0.9313
5 1.9875 1.4287
7 2.1225 2.122
4 2.97 2.8133
4 2.085 1.7911
7 1.44 1.4358
4 0.42 0.381
5 0.2475 0.3293
5 2.67 2.7709
5 0.3975 0.4269
7 2.3025 2.3108
7 0.5325 0.4499
7 2.0325 1.8653
5 2.01 1.9314
4 0.8025 1.0223
7 0.3525 0.2719
7 0.3675 0.3046
4 1.7475 1.1081
4 0.5925 0.7318
4 2.9925 2.5948
5 0.24 0.2783
4 1.1025 1.4077
4 0.015 0.1096
7 2.1675 2.2891
5 1.905 2.1043
6 1.6275 1.2855
4 2.3475 1.7553
6 1.95 1.8316
7 2.475 2.4265
6 2.7 2.7355
6 1.6875 1.4917
4 0.615 0.6319
7 1.44 1.5722
4 2.955 2.8665
6 1.275 1.6783
5 0.2475 0.1165
6 2.07 2.0129
5 2.55 2.3701
6 1.4175 1.3063
4 2.7075 2.757
4 0.435 0.3838
4 1.32 1.4083
6 1.8525 1.4836
4 2.985 2.861
7 1.365 1.255
6 2.7525 2.7234
4 1.86 0.9102
6 1.965 1.8363
6 0.99 1.1136
5 2.835 2.9303
7 0.4725 0.4025
4 1.68 2.3691
4 1.875 1.7607
5 0.0075 0.1072
6 0.6075 0.5005
6 1.56 1.1572
5 0.7425 0.718
4 1.095 1.8986
6 2.67 2.6057
5 2.4675 2.3355
4 1.845 1.617
5 0.0525 0.1465
6 0.3075 0.3165
5 1.8975 2.274
5 1.4025 1.6958
7 2.325 2.2374
4 0.21 0.2627
4 2.505 1.932
5 1.1775 1.1514
6 1.6425 1.5232
7 1.89 1.9588
7 1.7175 1.6161
6 2.1225 2.3278
7 1.17 0.9124
4 0.3825 0.2882
5 1.155 1.3148
5 0.27 0.3751
4 1.3575 2.029
6 2.235 2.3714
6 2.7075 2.9072
6 1.8375 1.7094
5 2.505 2.2459
4 2.625 2.6233
5 1.2075 1.0428
6 0.3075 0.3789
5 1.17 0.8869
7 2.7375 2.7563
5 1.5 1.7655
4 1.245 1.1178
4 0.51 0.4635
7 0.8625 0.9326
4 1.2675 2.2644
7 2.22 2.2768
7 0.585 0.6053
6 1.7475 1.4863
6 2.6775 2.5292
4 0.8475 0.9609
7 2.745 2.7452
7 0.2475 0.2487
7 2.2875 2.3693
4 1.7475 1.8854
5 1.575 1.4165
4 0.2625 0.3416
5 1.8975 2.0312
4 1.2375 1.4211
5 2.79 2.702
7 1.44 1.5406
6 0.8175 0.9705
7 1.425 1.193
7 0.6 0.6456
5 0.0825 0.0414
5 1.8675 1.8824
4 1.35 1.7668
6 1.2375 1.2975
6 0.105 0.2427
5 0.72 1.2538
7 2.1675 2.0243
5 0.78 0.9891
7 2.3775 2.3799
6 2.4075 2.3735
7 1.6875 1.4596
4 1.8075 0.8992
6 0.0675 0.1604
6 2.0925 2.1164
7 1.695 1.4922
4 2.8725 2.7249
6 2.835 2.8937
5 1.32 1.9217
7 0.24 0.2389
5 0.945 0.8578
6 2.91 2.9116
5 2.25 2.2543
6 0.1125 0.1887
6 2.16 2.0796
7 0.8325 0.8046
4 2.0475 1.6027
5 0.945 0.7766
7 1.2 1.2677
5 2.175 1.7997
5 0.795 0.8078
4 1.11 0.8338
5 0.2025 0.0977
6 0.8325 0.8074
7 1.6725 1.2774
4 1.695 0.8124
6 1.8225 1.9729
5 0.87 1.2183
7 2.7375 2.8045
7 2.31 2.2729
4 0.4275 0.6122
5 2.0175 1.4723
7 2.9475 2.9876
5 1.9425 2.3321
5 2.6025 2.5152
5 1.14 1.4324
7 1.0125 1.1398
6 0.27 0.2626
6 1.155 1.1763
5 1.6275 1.142
5 1.815 1.6599
7 1.7175 1.7771
7 2.0025 1.822
7 2.625 2.5916
6 2.295 2.3872
4 0.5175 0.7472
6 1.2675 1.3349
4 2.22 2.2754
7 0.54 0.544
7 1.95 1.7296
5 0.015 0.0025
7 0.255 0.2393
7 1.4325 1.6316
6 1.9725 1.7322
4 2.5125 2.0924
4 2.6775 2.4345
7 1.65 1.4382
5 2.955 3.0199
7 2.5575 2.5629
5 2.28 2.2078
6 2.9475 2.8645
7 0.96 0.917
7 0.8925 0.9574
7 2.34 2.3723
7 1.9875 2.1663
7 0.735 0.9212
5 1.4925 1.1785
4 0.42 0.4118
4 0.315 0.2618
6 0.15 1.5846
7 0.8625 0.7992
6 2.4075 2.3439
5 0.7425 0.675
5 2.4525 2.356
4 0.8025 1.5728
5 1.2075 1.4829
4 2.43 2.5112
5 0.3525 0.3277
7 1.335 1.6554
7 1.575 1.647
7 0.675 0.5879
5 0.9825 1.3826
5 2.865 2.742
7 2.4525 2.3972
4 1.9275 2.2326
7 0.3225 0.3759
6 2.1 1.9035
7 2.4975 2.4616
6 2.835 2.9514
6 1.2675 1.2124
7 0.7125 0.7184
7 0.3225 0.3613
7 0.7275 0.8563
4 2.2875 1.3288
4 0.5025 0.4996
7 0.435 0.4717
6 1.29 2.0547
4 1.935 1.1359
4 0.3 0.5092
5 1.14 0.939
6 2.4525 2.3858
4 0.615 0.6656
6 0.2325 0.1612
5 0.4725 0.5866
4 2.805 2.6959
5 0.4275 0.3141
5 1.47 1.6348
7 2.6625 2.6676
5 2.0775 1.3027
5 2.1675 2.2879
6 1.665 1.4726
7 2.0775 2.1323
5 1.9125 2.164
5 2.3925 2.4127
7 2.58 2.6172
4 2.2575 2.6769
4 0.3975 0.2897
7 0.75 0.73
7 0.93 0.9762
4 0.4275 0.4914
6 2.1525 2.258
5 2.8125 2.7619
6 0.72 0.6555
7 0.84 0.9155
6 0.81 0.8774
5 0.45 0.4739
7 0.2475 0.1697
6 2.925 2.8428
6 0.975 0.7185
6 1.095 1.054
7 2.3925 2.4486
4 2.6775 2.4968
7 2.505 2.4375
4 0.9825 0.6384
6 0.6825 0.7808
6 1.2 1.275
6 0.12 0.0739
6 2.1675 2.1224
7 1.62 1.3901
7 1.89 1.8855
7 0.675 0.7483
7 0.72 0.7518
4 1.6725 2.2189
7 0.615 0.6526
6 2.865 2.81
6 0.165 0.0151
6 0.9975 1.0166
7 0.6075 0.5875
6 1.23 1.5779
4 0.99 1.6521
6 2.6475 2.6746
6 1.0275 1.4395
4 2.6175 2.7569
5 2.8725 2.9104
4 2.9175 2.8485
4 0.4575 0.7843
4 0.2175 0.3864
5 1.6125 1.7738
6 2.4675 2.4423
6 0.15 0.1097
4 1.395 0.8689
4 2.145 2.2345
6 0.9975 0.959
4 1.9725 2.208
4 2.055 1.4841
5 1.2975 2.1266
7 2.5725 2.6487
5 2.205 2.4475
4 0.5175 0.6525
5 2.2725 1.8373
4 2.1825 2.3255
7 0.8925 0.9941
5 2.085 2.2427
4 2.3175 2.5305
5 2.5875 2.5649
5 0.465 0.5682
5 1.1625 1.362
6 2.7225 2.6557
4 1.845 0.7707
5 1.7025 1.4092
7 1.1625 1.0359
6 1.1925 1.2977
4 1.5 2.1781
5 1.9125 1.5295
6 0.8475 1.0905
4 1.0725 1.055
5 1.2075 1.0999
6 2.04 1.8415
7 2.8425 2.8158
4 1.935 1.674
5 0.4875 0.309
5 1.41 1.1455
7 0.015 -0.0349
5 1.9575 2.1407
6 0.3075 0.3524
6 0.84 0.6862
4 2.085 1.45
5 0.6375 0.3373
7 2.2275 2.296
7 1.8825 2.0622
6 0.0375 0.1026
5 2.355 2.1401
6 1.05 0.9068
4 1.515 1.9673
7 0.0525 -0.0051
6 2.6475 2.7025
6 1.8975 1.6485
7 0.255 0.3486
5 2.6925 2.8272
7 2.73 2.7548
4 1.215 1.7116
5 0.48 0.3175
4 2.0625 1.4479
5 2.6925 2.7595
7 2.31 2.2485
5 1.9575 1.7912
5 1.3125 1.5399
6 1.5 1.5364
6 0.9675 0.7987
7 0.795 0.8737
4 0.6075 0.8701
7 1.8825 1.5008
7 2.9775 2.9608
7 0.8325 0.7904
6 0.9975 1.0211
4 1.905 1.3274
7 2.5275 2.5142
5 1.0425 0.967
6 2.055 1.8202
7 0.2925 0.3203
5 2.5425 2.5243
4 2.4975 2.2194
7 1.5675 1.786
7 1.98 1.9447
6 0.9225 1.1518
5 0.735 0.8857
7 1.4025 1.5629
6 0.57 0.4805
6 0.7875 0.9744
5 1.6425 1.6025
4 0.7275 0.6911
6 1.2225 1.2822
5 2.9625 2.9045
4 2.9025 2.9424
5 2.595 2.6463
5 0.1875 0.1305
5 0.45 0.2576
4 1.4475 1.954
4 0.855 0.7779
7 0.72 0.8762
6 1.005 0.9998
4 2.085 2.24
6 1.95 2.1637
5 1.95 1.8035
5 0.84 0.7162
4 2.9325 2.8273
6 2.295 2.4044
6 2.775 2.8101
4 0.735 1.1916
6 2.205 1.9858
4 1.4775 0.7253
4 0.9675 1.0276
4 2.445 2.6679
6 1.695 1.6075
4 2.8425 2.8127
5 0.93 1.6314
6 2.7675 2.8166
6 2.895 2.857
6 0.0825 0.0557
6 2.07 1.0912
7 0.075 0.1296
6 0.33 0.3572
4 2.475 2.047
5 2.6175 2.6209
7 0.96 0.8013
7 1.6575 1.4748
7 1.8525 1.768
7 0.5625 0.3893
6 1.2075 1.1554
7 1.275 1.2956
5 1.1475 0.7637
6 2.3625 2.3031
7 2.4525 2.5148
7 2.5125 2.5
4 0.09 0.3598
5 0.2475 0.0866
5 0.3 0.3485
4 0.915 0.6758
7 1.035 1.0038
7 1.44 1.397
7 2.925 3.097
7 2.4375 2.547
4 1.515 1.2574
4 0.9525 1.5474
7 2.205 2.266
6 0.405 0.389
7 0.27 0.2264
7 1.1025 1.0792
6 2.1525 2.1922
6 0.3375 0.3349
5 1.3275 1.7134
5 0.5925 0.6288
6 2.3775 2.3221
6 2.655 2.5614
5 0.2775 0.3995
6 0.69 0.7141
5 0.87 0.7879
7 0.6 0.6418
7 1.17 1.1975
7 1.92 1.646
7 0.825 0.6858
5 2.3775 2.2752
7 2.7825 2.8819
4 1.995 1.4834
4 2.2575 1.5678
5 0.645 0.514
4 2.67 2.5837
6 2.7375 2.6833
5 2.445 2.1309
5 0.9075 1.3739
4 1.4175 1.8621
4 1.2975 1.2053
6 1.2975 1.0688
5 1.65 1.5518
6 1.4025 2.0994
6 0.825 0.5585
5 0.9825 1.1384
5 0.33 0.3795
4 0.06 0.1395
4 1.935 1.2799
4 2.79 2.8284
6 2.3925 2.482
7 2.4975 2.5498
5 1.5975 1.6126
7 0.2025 0.1946
5 1.3425 1.3974
5 0.9525 1.2741
7 1.9725 2.0227
4 2.7525 2.4693
5 1.2225 1.386
4 0.69 0.914
4 1.17 1.7496
4 1.365 1.6385
7 2.325 2.3834
4 0.075 0.1306
6 0.7125 0.7127
5 2.775 2.9168
5 2.025 1.6116
6 2.025 1.6495
7 2.0775 2.1292
6 2.5575 2.5368
5 1.62 1.3158
5 2.82 2.9238
5 1.755 2.2441
4 2.43 1.631
7 1.6125 1.6079
5 1.725 1.3009
7 0.48 0.4011
4 0.6075 1.1283
6 0.6825 0.5292
4 0.1275 0.3269
4 1.5075 1.4969
6 2.0625 1.8412
7 2.385 2.3377
7 0.9825 1.0733
6 0.435 0.3878
5 0.5625 0.7303
5 0.7275 0.5247
5 1.3275 1.5852
7 2.8275 2.8574
4 2.4675 2.6652
6 1.8075 1.3609
4 0.2475 0.1175
7 1.65 1.2381
7 1.5825 1.3904
5 1.7325 1.3639
6 2.445 2.5453
6 2.0025 2.0926
5 2.13 1.4833
7 2.55 2.5099
7 1.3725 1.3811
4 2.3175 2.3421
5 1.11 0.7215
6 1.845 1.7567
6 1.8525 1.4837
4 0.975 1.388
4 2.445 2.3276
6 1.0125 0.8572
5 2.25 2.0754
4 1.8825 2.0353
7 2.1675 2.1075
4 1.1775 2.3727
7 2.9475 3.006
6 1.4325 1.81
6 0.54 0.5182
7 0.7275 0.7211
7 2.775 2.7541
4 0.12 0.0898
4 0.5475 0.2855
6 1.155 1.6724
4 2.9175 2.7785
4 0.405 0.3578
5 0.6375 0.5211
6 1.5825 1.9101
5 0.2325 0.3368
5 2.895 2.8774
5 1.9875 1.5179
6 0.0525 0.1079
5 1.35 1.4821
4 0.5175 0.3094
5 0.9975 1.2852
7 1.455 1.4135
5 1.2375 1.2972
4 0.33 0.3344
4 1.8225 1.1519
7 1.92 1.8089
6 0.9375 1.3013
4 0.5025 0.7399
6 2.835 2.8349
6 1.4625 1.4171
7 0.045 0.0451
6 2.76 2.8082
4 1.365 1.041
7 2.055 1.9801
7 1.6575 1.6009
7 1.74 1.8103
7 2.5125 2.4929
7 0.945 1.0456
6 1.8975 1.3824
4 1.23 1.2249
4 1.8225 1.2116
4 2.7525 2.5583
7 1.335 1.4028
4 0.57 1.1697
7 1.965 1.853
5 1.5375 1.7593
7 2.6625 2.7524
6 1.26 1.1304
7 1.41 1.6134
7 2.0475 2.003
5 2.4 2.3448
5 2.4825 2.6397
5 0.39 0.5191
4 1.3875 1.5014
7 2.415 2.4445
7 0.12 0.0759
4 2.61 2.738
7 1.665 1.7358
5 2.6025 2.7328
4 1.4625 1.4739
5 2.13 2.1333
5 2.565 2.522
6 1.29 1.1647
4 2.9625 2.6256
6 2.685 2.7045
6 0.18 0.2099
7 1.1475 1.6735
4 2.415 1.7231
5 1.0725 1.8354
7 2.58 2.6333
4 0.165 0.3636
4 2.67 2.7139
7 2.895 2.9198
5 0.105 0.062
4 1.0425 0.8872
7 0.9975 1.4192
5 0.915 1.2622
6 2.3475 1.9752
7 1.3875 1.5939
6 0.5925 0.5938
5 1.77 1.3657
5 1.1025 1.5307
5 0.9525 1.5668
6 2.1225 2.1408
5 0.3375 0.1948
6 0.39 0.4363
6 1.1325 1.0929
6 0.69 0.6718
6 0.12 0.1471
5 1.59 1.0768
5 0.6975 0.633
7 2.01 2.0946
4 2.1675 2.0908
7 2.8275 2.873
5 0.36 0.5331
5 0.57 0.5763
4 1.41 1.9977
5 2.49 2.0929
6 1.0725 1.4883
6 1.4025 1.377
5 0.975 1.2544
6 2.1375 2.0588
7 2.205 2.0631
6 1.3425 1.0807
4 2.4375 2.1291
7 1.4025 1.9373
5 0.5325 0.5076
4 0.975 1.5702
4 0.1425 0.0366
7 1.8 1.8164
5 1.725 1.4163
4 1.65 1.41
4 1.68 2.0204
6 2.43 2.5713
6 1.3875 1.2232
7 2.955 3.0039
6 2.6475 2.681
6 0.4725 0.4261
7 0.96 1.2442
7 2.7225 2.7213
5 2.235 2.3512
5 2.4225 2.4101
7 2.28 2.3913
5 0.195 0.2116
7 2.6025 2.613
4 0.795 1.2092
5 0.735 1.1936
4 0.99 1.5993
7 2.8575 2.8399
7 2.475 2.4565
7 2.7675 2.7825
4 1.8225 2.3487
7 2.505 2.4934
5 2.13 2.0151
5 0.5475 0.5391
6 2.43 2.5507
6 2.6775 2.7081
6 0.705 0.6982
5 1.5825 1.7449
5 0.3225 0.4654
7 2.3025 2.3822
7 1.365 1.2085
5 0.3825 0.3623
5 0.42 0.3524
6 1.4625 1.0234
6 0.1875 0.2307
7 2.6025 2.5809
7 2.7225 2.7358
5 1.47 1.5037
5 0.7425 0.6766
5 2.9325 2.828
5 0.9675 1.028
4 2.5125 2.6151
7 0.6075 0.689
7 2.04 2.1675
7 0.405 0.4337
4 0.3 0.3184
5 1.395 1.8602
7 1.44 1.5227
5 2.28 2.0265
6 1.6275 1.4815
4 2.25 2.1544
4 0.975 1.1068
5 0.6 0.6029
4 0.99 2.1697
5 2.97 2.8727
5 2.2125 2.0794
4 0.7875 0.7838
5 0.8025 1.2456
4 1.0425 0.8804
6 1.11 1.1976
4 0.99 0.8697
7 1.7925 1.8607
4 1.7475 1.522
7 1.5825 1.5112
5 1.1025 1.1323
5 0.6075 0.5204
5 2.6475 2.5735
6 1.5375 1.7268
7 2.1075 1.943
5 2.91 2.9191
6 1.1775 1.3817
5 2.6025 2.6269
7 2.13 1.8786
4 0.3075 0.4959
5 0.3525 0.2983
5 0.3375 0.3252
5 2.2425 2.0945
4 2.655 2.7728
5 0.69 0.7046
5 2.3325 2.355
6 0.8025 0.9008
7 0.1575 0.1411
6 1.83 1.5397
6 0.9 0.842
4 2.3625 2.0132
7 0.8625 0.8237
5 1.0725 1.571
4 1.485 1.0154
6 2.58 2.5555
4 1.4625 1.0676
6 1.125 1.8677
6 0.0975 0.0797
4 0.1125 0.1021
4 2.79 2.8675
6 2.5725 2.5639
7 0.105 0.1918
6 2.985 2.9009
4 2.0175 1.2947
4 1.035 1.3114
6 2.3925 2.4395
6 0.39 0.5159
7 1.3275 1.1061
4 2.5425 1.996
6 2.13 2.171
4 1.215 1.317
7 2.25 2.3431
4 1.2 1.8193
6 2.7225 2.7789
6 0.855 0.9476
4 2.25 1.9662
6 2.6325 2.4747
5 0.2325 0.1526
7 2.925 2.8864
5 0.45 0.6018
4 1.62 1.5052
5 0.09 0.1246
6 0.84 1.2647
7 1.6275 1.5556
4 1.8075 2.2389
5 1.5675 1.5652
5 0.39 0.3879
5 0.2625 0.1752
6 2.37 2.4027
6 0.105 0.1579
4 1.245 1.9201
5 2.745 2.7522
4 0.435 0.4236
6 1.2225 1.3897
5 1.1325 1.3003
5 0.015 0.1916
7 0.27 0.1875
7 1.575 1.5784
5 0.7125 0.8766
4 0.93 0.7237
5 2.1375 1.4993
5 2.8275 2.8548
6 1.44 1.6726
7 2.985 2.9392
4 2.6475 2.7199
5 0.9975 1.2386
5 1.92 2.0306
5 1.35 0.9268
4 0.0 0.1123
4 0.63 0.8598
5 2.415 2.4094
6 0.96 1.0323
5 1.98 1.9001
7 1.335 1.4526
4 2.8875 2.7048
4 1.2225 1.2035
5 0.975 1.3999
7 1.215 1.4295
7 2.52 2.4337
4 1.4325 2.0021
7 1.5225 1.5114
7 1.8 1.89
4 0.045 0.2297
5 0.6375 0.5988
4 2.61 2.5742
5 2.0175 1.7392
4 0.3525 0.4877
7 0.1425 0.128
6 0.72 0.7572
5 2.1525 1.7991
7 1.7775 1.4847
5 1.3575 1.1767
4 2.6625 2.5575
6 0.72 0.93
7 0.825 0.8753
4 2.625 2.8265
6 2.295 2.1179
7 0.915 0.9625
7 0.465 0.4313
7 1.995 1.6537
4 1.0725 1.7987
4 0.57 0.5798
6 0.465 0.5081
7 0.3 0.2764
5 0.8325 0.7898
6 2.25 2.0812
6 0.315 0.2475
5 2.8275 2.8712
6 0.87 1.1023
7 0.9225 1.0336
6 0.705 0.8572
7 2.4225 2.3544
7 1.545 1.4025
7 0.675 0.6585
5 1.41 1.1624
5 2.685 2.7303
7 0.06 -0.0132
4 0.645 1.2461
7 0.03 0.0101
6 2.94 2.982
4 2.445 2.5061
6 2.5425 2.5586
7 2.115 2.0837
7 0.57 0.4969
6 1.3725 1.3657
7 0.8625 0.8825
6 0.2475 0.1484
5 0.9375 0.9453
6 1.8 1.8355
6 0.51 0.4489
7 2.985 2.9704
7 0.585 0.4233
6 2.97 2.9695
6 1.9725 2.1214
6 1.95 1.3498
6 2.55 2.3574
7 2.385 2.4092
4 0.51 0.3138
4 0.06 0.1574
7 0.5325 0.5368
7 2.085 2.0939
6 1.4475 1.6346
6 1.6125 1.5036
5 0.0675 0.242
7 1.74 1.4534
5 1.1325 1.2864
7 1.7175 1.2516
7 2.715 2.764
6 2.745 2.6493
4 1.0125 1.583
7 0.645 0.5764
6 2.97 2.9158
4 1.98 1.9961
5 2.13 1.2522
4 1.095 0.7795
5 0.45 0.5983
4 0.7275 0.8659
6 1.8225 1.7766
5 0.27 0.2438
4 1.1175 1.0509
7 2.82 2.9218
7 1.8375 1.6008
7 0.9675 0.8309
6 2.6625 2.729
6 1.41 1.6787
5 1.3725 2.0384
7 2.3775 2.3674
6 2.235 2.1479
5 1.395 1.099
5 1.365 1.502
7 2.3475 2.405
7 0.27 0.266
7 0.9225 0.9088
4 0.93 1.6204
5 1.2 0.8368
5 1.5825 1.7664
7 0.63 0.5995
7 1.3125 1.1482
4 2.3025 1.8781
7 1.875 1.9164
6 1.65 1.6578
4 2.715 2.515
4 0.21 0.1604
4 1.35 1.8925
4 0.2325 0.141
6 0.0375 0.0745
5 1.935 1.0087
7 2.1825 2.139
4 1.2525 1.8878
6 1.3125 1.5456
6 2.9925 2.8792
4 0.99 0.6137
4 0.7125 0.4135
6 2.265 2.3599
4 1.6875 1.6533
5 0.81 0.6737
7 2.7975 2.9243
5 0.2925 0.3194
7 1.2675 1.2951
5 0.6075 0.6464
5 2.5725 2.4723
7 2.76 2.6562
5 1.605 1.4315
7 0.015 0.0432
6 0.4575 0.5745
4 2.535 2.5823
5 2.655 2.584
4 2.2575 1.6798
4 2.745 2.8351
6 2.955 2.9649
7 0.855 0.9897
4 0.885 1.7621
5 0.39 0.2713
6 1.92 1.6466
4 1.2 1.646
7 1.7325 1.8161
5 0.51 0.4058
7 2.6325 2.5149
7 2.4225 2.5127
7 1.0275 0.9549
5 2.85 2.8062
6 2.115 2.3058
6 1.665 1.207
4 2.445 2.2022
6 2.0625 2.1523
4 0.9375 1.6897
5 0.9975 1.2862
4 2.79 2.6716
6 0.8025 0.5602
4 1.56 1.2505
7 2.5275 2.4789
4 0.69 0.8181
4 0.5925 0.7022
7 1.7775 1.4737
4 0.45 0.6348
4 0.7125 0.711
6 1.0875 0.8368
5 2.07 2.0263
5 1.1775 1.2995
4 2.445 2.6273
7 1.7475 1.792
5 2.37 2.2966
4 1.62 1.5472
6 1.665 1.8578
7 1.425 1.3373
6 2.445 2.3996
6 2.1825 2.2517
7 0.8925 0.9341
7 0.435 0.4476
6 0.8025 0.952
5 1.5825 2.2487
7 1.2825 1.6595
4 1.695 1.6206
5 0.8775 1.4191
7 1.1325 1.5047
5 0.4875 0.4993
5 0.7275 0.8531
4 2.3925 2.5637
6 0.6825 0.8584
5 0.375 0.4308
5 1.3575 0.9707
4 1.0425 0.7996
7 2.5875 2.566
7 0.5475 0.6303
4 1.05 1.0464
6 0.6675 0.9488
7 1.005 1.0601
6 2.34 2.22
7 1.845 1.6684
6 0.42 0.4897
5 0.315 0.3611
7 1.5 1.4694
5 1.215 1.1747
5 0.0975 0.0476
6 0.45 0.5103
5 0.0225 0.0744
7 1.785 1.5823
5 0.5625 0.6357
6 2.46 2.465
6 1.125 1.0593
4 2.6925 2.2434
7 1.215 1.4013
6 1.575 1.5144
7 2.07 1.9579
6 2.9775 2.9498
5 0.2475 0.1416
6 1.32 1.7156
6 1.1775 1.3387
7 0.7425 0.8593
4 2.055 1.8718
4 0.78 1.574
4 0.795 2.0041
4 2.5125 2.4797
7 1.71 1.8903
6 1.7325 1.4091
7 2.685 2.7152
7 1.3125 1.2655
6 2.07 2.2468
4 0.9225 1.2392
5 1.0575 1.271
5 0.285 0.3747
7 0.4575 0.4182
5 0.8925 1.2893
7 2.295 2.4416
6 2.1375 2.2756
5 1.365 1.5864
6 0.4725 0.5146
4 0.345 0.2037
5 2.565 2.5505
5 2.115 1.4936
5 0.48 0.3313
6 1.74 1.5368
4 2.205 1.6791
7 0.6375 0.7535
5 1.6575 1.681
4 1.8225 1.2303
7 1.905 1.1749
6 2.265 2.113
7 2.4525 2.4558
5 1.02 1.1823
7 0.15 0.2058
4 0.225 0.3214
6 1.575 1.1776
5 2.685 2.57
4 0.5925 0.466
6 1.125 1.1633
6 0.84 0.8379
6 1.38 1.5042
5 0.6375 0.3518
5 2.5575 2.32
4 0.375 0.4279
5 0.465 0.5377
5 0.405 0.2965
7 1.215 1.2845
4 0.0825 0.0379
7 1.89 2.2178
5 2.625 2.6534
7 0.2175 0.2352
4 2.7 2.6677
7 2.925 2.9811
5 1.6275 1.8469
7 2.61 2.6283
4 2.0775 1.5726
7 1.5675 1.7309
5 0.4125 0.3816
4 2.31 2.182
4 1.065 2.2338
5 0.1275 0.2643
4 0.945 0.5879
4 2.55 2.7094
4 0.8175 1.0765
6 0.2025 0.3172
7 2.5575 2.5204
6 2.0175 2.0345
7 1.6275 1.4981
5 0.03 0.0611
4 1.575 1.1828
7 0.3525 0.2911
5 2.97 2.8443
7 0.18 0.1648
7 1.2375 1.3557
4 1.29 1.5093
6 0.1425 -0.0111
7 0.4575 0.5271
6 2.9325 2.9026
6 1.9575 2.0094
6 1.98 1.8771
5 0.39 0.3165
4 2.3175 1.4868
6 2.6925 2.7683
4 0.3525 0.1414
6 0.555 0.6419
5 2.445 2.4529
7 1.0275 1.2253
5 2.235 1.6444
7 1.5525 1.5106
5 1.6425 1.5907
7 2.1225 1.8777
4 1.3875 1.1948
7 2.34 2.3156
6 1.1775 1.5812
7 1.29 1.1343
7 1.6425 1.5687
4 1.3425 1.0041
7 0.9 1.0343
7 1.35 1.4804
4 1.755 2.0839
6 0.5325 0.5174
6 1.7025 1.6691
7 2.2575 2.17
5 0.6075 0.4432
6 0.4275 0.4151
6 1.755 1.7933
5 0.33 0.3335
4 2.22 1.8096
4 0.4575 1.0593
5 1.5375 1.1553
7 1.545 1.3317
5 0.93 1.1928
5 0.825 0.6542
6 0.3225 0.4554
4 1.23 2.072
6 2.82 2.8543
6 2.385 2.4972
4 0.6075 0.6252
7 2.9775 2.8974
4 1.74 1.3226
5 2.595 2.6092
4 2.355 1.7486
6 1.1025 1.3857
4 2.4825 2.3118
5 0.345 0.3827
7 2.895 2.9458
5 2.2275 2.3648
4 0.2625 0.3167
5 1.8075 1.349
6 0.48 0.4718
6 0.9225 0.9503
5 1.3275 2.1382
6 2.1 2.3965
5 2.5575 2.5897
4 2.5725 2.0967
4 0.3375 0.3376
5 2.5875 2.7416
7 1.5225 1.5046
6 1.005 0.9903
7 0.5475 0.5365
5 2.445 2.5676
7 0.5775 0.6343
5 0.6675 1.1621
6 1.455 1.3471
6 0.7425 0.6117
7 1.2825 1.3081
6 0.8025 0.7366
6 1.7625 2.064
6 0.195 0.2813
6 1.9875 2.0144
4 1.2375 1.5401
7 2.5575 2.4695
7 1.77 1.3521
7 1.5825 1.3279
7 0.66 0.6393
4 2.82 2.553
7 0.1575 0.1167
5 0.8175 1.2831
7 1.425 1.45
5 2.415 2.6864
7 1.41 1.4903
7 2.235 2.2319
4 2.805 2.802
5 0.525 0.6343
7 0.0525 0.1657
6 2.16 2.0493
4 2.595 2.4473
6 2.1 1.9067
5 0.5625 0.7321
6 0.66 0.6591
4 0.2625 0.1195
4 0.765 0.873
5 1.8 1.875
4 0.2775 0.5765
5 0.1425 0.2325
6 1.755 1.687
7 1.0725 1.2432
5 0.6675 0.6986
7 1.17 1.4431
7 0.48 0.4781
5 1.155 1.2881
4 2.49 2.5886
7 0.885 1.0501
4 0.735 1.1157
5 2.0775 2.1212
7 2.6475 2.6604
6 2.3775 2.217
4 1.2375 1.9515
4 1.47 1.9912
6 1.515 1.8284
5 0.2925 0.2033
4 0.765 0.6984
5 2.6475 2.6968
6 0.855 1.052
7 0.4125 0.3262
6 0.405 0.5059
7 0.285 0.1829
7 2.04 2.199
4 1.0125 1.3084
7 1.905 1.8785
5 1.29 1.2399
7 0.15 0.1961
5 0.36 0.2426
5 2.5425 2.347
4 2.25 2.343
4 0.93 1.5827
4 2.1525 1.8506
4 1.845 0.943
5 0.5775 0.4942
6 2.97 2.9309
6 0.345 0.32
4 0.3675 0.5362
5 0.15 0.2336
5 2.5425 2.4542
7 1.8675 1.7265
7 1.2825 1.4604
4 2.1 2.07
6 2.6325 2.7082
6 1.995 2.1299
4 0.4125 0.4211
5 1.2525 1.198
6 0.9975 1.0512
4 0.2775 0.5229
7 2.46 2.4623
7 1.4325 1.5477
5 1.8225 1.3271
5 1.3125 1.1564
4 2.4225 2.4136
4 2.9625 2.6001
5 2.16 2.5324
6 2.2575 2.3287
7 0.6 0.5244
7 2.7 2.7643
5 1.35 1.2192
7 2.3325 2.301
7 1.5825 1.1159
6 0.645 0.953
5 2.94 2.8128
7 2.445 2.5076
6 2.535 2.6095
5 0.3 0.4685
6 1.4625 1.5776
7 1.2 1.357
7 1.47 1.7647
4 2.79 2.803
7 0.2025 0.2633
5 1.71 1.4021
4 2.43 2.3714
5 0.9675 1.2373
5 1.8 1.0156
4 1.0725 1.8885
4 0.1725 0.3776
6 2.415 2.3981
6 2.82 2.8207
5 0.7425 0.6909
7 1.14 1.3428
4 1.4175 0.8038
5 1.47 1.0652
7 1.86 1.5864
6 0.3225 0.3373
7 1.695 1.433
5 2.3175 2.2363
7 1.41 1.4177
6 0.1575 0.0541
4 1.815 1.67
5 2.5875 2.6386
5 0.87 1.1483
4 2.9925 2.7593
6 2.0475 1.8153
6 1.215 1.3749
6 0.165 0.1655
4 0.285 0.5369
5 2.91 2.929
5 2.415 2.2008
7 0.4725 0.4725
4 1.26 1.3415
6 2.7 2.5546
7 2.025 1.826
5 1.485 1.9018
5 2.265 1.9515
5 2.0775 2.3027
6 0.1875 0.2511
6 1.9875 1.6315
7 1.8225 1.5884
4 0.495 0.4638
4 1.53 1.9218
6 1.0875 1.2122
7 1.3575 1.1971
7 1.83 1.9625
4 0.66 0.5787
5 2.6775 2.5494
6 0.7875 0.7174
7 2.13 2.164
6 0.81 0.888
4 1.1925 1.4581
6 2.37 2.2766
4 0.66 0.6876
6 2.2575 2.2358
7 0.045 0.1489
6 0.7275 0.6561
4 2.7975 2.9088
7 1.1025 1.4077
7 2.7075 2.8742
5 2.4675 2.4688
6 2.6775 2.6505
5 1.95 1.4924
4 1.9875 1.9089
7 1.995 1.9537
4 1.4175 1.766
4 1.5375 1.766
6 1.035 1.47
4 2.22 1.4089
7 2.2875 2.3461
6 0.93 1.2008
5 1.455 1.3766
4 2.055 2.2878
4 2.8275 2.8379
4 2.1975 2.2859
4 1.0425 0.5689
5 1.2375 1.2836
4 2.115 2.1763
7 2.4675 2.3739
7 1.155 1.1407
6 0.0675 0.0737
5 0.9225 0.9926
7 2.73 2.8075
5 1.8675 2.2172
4 1.47 1.6292
7 0.9975 1.0962
7 0.99 0.9684
5 0.3375 0.3267
5 0.3675 0.2799
5 1.8525 2.0412
7 1.7775 1.8918
7 1.2525 1.1819
4 2.1 1.849
6 0.465 0.5215
5 2.9025 2.9015
7 0.7575 0.7197
4 2.64 2.6682
7 0.795 0.9525
5 1.95 1.4677
4 1.425 2.053
6 0.57 0.6584
6 2.7375 2.8612
5 1.5525 0.9283
7 1.2975 1.5162
7 0.795 0.7678
4 2.175 1.3517
4 0.4425 0.3354
7 1.065 0.9044
7 1.185 1.357
5 1.575 1.3788
7 0.585 0.6427
5 1.815 2.0664
6 0.81 1.0774
6 0.8925 1.0299
7 2.7 2.6118
5 0.345 0.3338
7 2.28 2.3302
6 2.79 2.8565
7 1.935 1.5873
6 2.2725 2.1973
6 0.8925 0.7282
5 1.1925 0.9214
5 2.7975 2.8487
4 2.1225 2.1911
5 2.1975 2.0065
4 2.7 2.7306
4 1.215 1.972
7 0.0975 0.1402
4 1.5675 1.3603
6 0.495 0.4698
6 2.9625 2.8967
6 1.245 1.3117
5 2.8575 2.7674
4 1.2525 1.248
7 1.74 1.5183
5 0.8775 1.0096
6 1.215 1.3297
6 2.91 2.8326
5 0.48 0.3833
4 2.625 2.5272
6 1.395 1.6263
6 0.66 0.655
6 0.36 0.4204
7 2.445 2.523
5 2.97 2.8443
4 0.6825 1.4809
4 0.645 0.5892
4 1.2 1.4991
6 0.78 0.8479
6 2.805 2.8018
5 1.9425 2.3381
5 0.5775 0.6681
6 2.3325 2.2544
5 0.2925 0.2644
5 0.9975 1.2833
5 0.33 0.2885
6 2.7375 2.6612
4 2.5125 1.5079
4 0.045 0.3179
6 1.365 1.0855
6 1.95 1.7786
6 0.3825 0.3236
6 1.245 1.1651
7 0.9525 0.7634
7 0.3225 0.284
4 2.55 2.4353
6 2.5425 2.4979
7 2.1825 2.111
4 1.455 1.7955
5 2.025 2.3088
6 1.7175 1.5123
5 1.2375 1.5373
6 0.1125 0.1024
6 1.56 1.2023
6 1.3725 1.3206
6 0.93 1.0451
5 2.5725 2.2072
5 1.5525 1.7183
4 0.315 0.6237
5 0.0 0.0272
4 1.11 1.3622
4 1.9575 1.1257
6 0.48 0.5287
7 2.73 2.6044
7 0.21 0.2613
7 2.67 2.6268
7 1.305 1.1066
4 1.0725 1.4923
6 0.9375 1.3378
4 0.855 0.8487
6 0.1725 0.1351
4 2.4825 2.2484
7 0.855 1.0139
4 1.9875 1.7228
4 1.89 2.2715
6 0.3375 0.3286
5 2.445 2.4819
6 0.0225 0.0654
7 1.6725 1.5827
5 0.8925 1.4502
4 1.74 1.6711
4 1.56 1.7226
7 2.985 2.9285
7 2.67 2.7084
4 1.485 1.7691
7 2.505 2.543
7 0.495 0.4721
4 2.5125 2.1401
4 1.5225 2.0708
7 2.07 1.9384
4 2.4225 2.1244
5 0.4425 0.7097
5 0.825 0.556
5 2.3325 1.9527
7 1.725 1.7656
4 2.955 2.832
4 1.5375 0.6774
4 2.655 2.7903
4 1.8 0.6029
6 0.1125 0.1105
4 2.715 2.6858
6 2.9475 2.9449
6 2.865 2.8276
7 0.8175 0.8877
7 1.98 2.0346
5 0.3225 0.3476
6 0.3825 0.3972
6 2.9025 2.9496
5 2.43 2.5122
5 0.1125 0.0628
5 2.9325 2.9375
7 1.3275 1.0564
6 2.0175 1.7466
5 2.8125 2.9474
6 2.715 2.6341
7 1.4475 1.4749
4 1.08 2.0433
7 2.8875 3.0286
5 2.595 2.6781
7 0.78 0.8256
6 1.7175 1.904
4 1.7175 0.8571
5 0.99 0.6711
6 2.2275 2.1487
4 0.0225 0.2354
5 2.8575 2.8068
4 1.5825 0.7703
6 2.7075 2.6965
4 1.11 1.2623
7 0.3675 0.436
5 2.76 2.8295
5 2.37 2.2817
7 0.7725 0.8524
7 1.6275 1.6294
5 1.68 1.5475
6 1.0575 1.4234
5 2.8425 2.7124
5 0.8925 1.3751
6 2.655 2.6934
4 0.315 0.4108
5 1.11 1.0394
4 1.6125 1.6964
7 0.195 0.3096
7 2.5725 2.4851
5 0.0225 0.1413
6 2.1225 2.2439
5 0.8325 1.0658
5 2.0325 2.0535
4 0.3975 0.1725
6 0.6975 0.7572
7 0.0675 0.1593
7 1.335 1.6913
7 0.75 0.6926
7 2.6175 2.6788
4 2.4525 1.4388
7 0.435 0.4266
4 2.82 2.4072
6 2.505 2.2668
5 2.2275 2.3947
6 0.42 0.472
6 0.975 1.2296
5 0.4575 0.5245
6 1.215 0.8765
7 0.27 0.2906
4 1.725 1.7925
5 2.7975 2.9061
7 0.915 0.9115
6 2.2125 2.4498
5 1.65 1.4265
4 0.405 0.3498
7 0.9225 1.056
6 0.345 0.3442
7 0.5925 0.5769
7 0.78 0.9035
4 0.435 0.4726
5 1.1775 1.2047
5 0.09 0.0817
6 0.2175 0.2258
6 1.8825 1.6487
7 1.395 1.7359
5 0.8775 0.9787
6 2.58 2.4747
6 2.94 2.9847
5 1.3125 1.7923
5 1.5075 1.3115
7 2.355 2.3173
7 2.8125 2.8174
5 2.4375 2.3167
7 2.925 2.9941
6 2.13 2.0905
5 0.6225 0.4899
5 2.16 2.3053
5 0.24 0.4108
5 0.4875 0.4994
4 0.0975 0.094
7 2.1075 2.1293
6 1.215 1.3279
4 1.41 0.8207
4 2.2725 2.1314
6 1.725 1.422
7 2.94 2.9565
5 2.46 2.266
6 1.8075 1.959
5 0.7725 0.7832
5 0.75 0.7064
5 2.58 2.7449
5 1.23 1.3164
4 0.0675 0.1239
4 2.3475 2.3041
5 0.6825 0.6216
7 2.595 2.623
4 2.5575 2.5828
6 2.34 2.3856
6 1.7625 1.7881
7 1.365 1.387
4 1.4325 0.7325
7 0.6825 0.6645
6 1.0725 1.0858
6 2.6325 2.6255
4 0.075 0.2681
6 2.0925 2.0212
6 0.6375 0.6912
5 2.175 2.4287
5 2.28 2.1185
4 0.09 0.0834
5 0.66 0.7041
6 2.2875 2.1684
5 1.9425 1.6277
6 2.82 2.7837
6 2.8575 2.9211
5 1.0275 1.5702
6 1.845 1.2904
4 2.07 1.9719
5 1.8825 1.5407
5 2.8275 2.6417
4 0.1575 0.3728
4 1.695 1.5776
6 1.245 1.2889
4 2.8125 2.4586
6 1.6425 1.3654
4 1.9575 1.3123
5 1.395 0.7767
7 1.14 1.1717
4 1.0875 1.321
6 1.4775 1.8209
7 0.5625 0.5507
6 0.12 0.0584
4 2.1225 1.9365
6 1.1025 1.4193
7 1.62 1.7331
6 2.3025 2.1505
4 0.1125 0.0553
6 1.335 1.1386
5 0.5325 0.628
4 1.2225 1.3063
4 1.9725 1.7479
4 0.1275 0.2775
5 1.9125 1.6206
6 1.89 1.995
6 0.495 0.6169
6 1.8975 1.5335
4 0.855 1.1727
6 1.455 1.3445
7 2.7975 2.7834
5 0.8625 0.6041
5 2.0475 1.5021
4 2.4675 2.3477
6 0.4425 0.444
5 1.215 1.8377
6 1.1325 1.2006
6 1.5 1.4868
7 1.8975 1.9191
4 2.07 0.8057
4 0.96 0.9895
7 2.475 2.4317
4 2.43 1.1867
4 2.8725 2.9249
5 0.495 0.3855
4 2.64 2.5537
5 1.7925 1.6259
6 0.6975 0.7634
5 2.07 2.0539
6 2.445 2.4368
7 0.1575 0.1923
4 0.2925 0.3185
5 2.67 2.4371
6 1.1925 0.9182
6 1.29 1.8156
6 1.455 1.9303
4 1.035 0.9511
4 0.72 0.9656
7 1.5075 1.9337
4 1.815 1.9093
7 1.8975 2.0713
5 1.9125 2.1513
4 2.4225 2.2841
4 2.0475 2.0863
7 2.4675 2.4295
5 0.6225 0.6816
7 0.3 0.2929
7 0.1875 0.1928
6 0.87 0.9867
4 2.13 2.5023
7 1.8975 1.866
7 0.915 0.9516
7 0.4575 0.5586
6 0.6225 0.6305
7 0.3675 0.2273
5 2.79 2.6329
4 1.0125 1.2919
4 0.165 0.2233
5 1.7775 2.2568
4 2.325 2.4347
5 2.31 2.4037
4 1.0125 0.7783
5 0.405 0.3844
4 2.865 2.7748
7 1.0125 1.0489
6 1.95 1.9363
4 2.3475 1.3646
5 0.9825 1.4709
4 1.9275 1.1115
5 2.475 2.567
7 2.2575 2.1883
4 2.835 2.764
6 1.5375 1.1128
7 2.235 2.2244
4 0.8475 0.7887
7 1.86 1.4491
7 0.555 0.5453
6 1.9725 1.9067
6 0.5475 0.449
6 2.67 2.7041
5 1.65 1.6195
4 0.9 0.6559
7 1.905 2.0249
7 0.1875 0.2246
7 0.945 0.9089
6 1.4925 1.5029
5 2.835 2.8854
6 2.895 2.9236
4 1.5375 1.0803
4 2.52 2.837
5 2.9475 2.8261
4 1.5825 1.9432
6 0.765 0.76
4 0.2175 0.1493
7 2.205 2.2043
6 2.5725 2.4605
6 1.9575 1.6965
7 2.9625 2.9254
6 1.935 1.6741
5 1.86 1.8924
7 2.985 2.998
7 1.1625 1.4123
6 0.5625 0.6539
5 2.7525 2.8485
4 1.62 1.6402
6 0.6075 0.679
4 0.99 1.1089
4 2.3325 2.2326
6 0.9825 1.2124
6 1.2825 1.0863
4 0.6825 0.882
6 2.1375 2.083
7 0.0075 0.1038
7 0.795 0.7698
6 2.445 2.3879
5 2.34 1.7365
5 1.8975 1.8825
6 0.45 0.4789
4 2.8575 2.8112
4 1.8525 1.6539
5 0.975 1.262
4 1.065 1.8433
5 2.145 1.5231
6 0.0975 0.1816
6 2.8425 2.8775
4 2.4075 1.3463
7 0.495 0.4408
5 2.97 2.9313
5 0.375 0.504
5 0.825 0.8351
7 0.03 0.132
4 0.42 0.3983
5 0.06 0.1841
4 0.3675 0.3383
4 0.645 0.8576
4 1.8975 1.773
5 1.125 1.5291
7 1.0275 0.8909
4 0.105 0.0853
6 1.2675 1.3705
7 1.635 1.4706
6 2.9025 2.9399
6 0.96 1.3824
5 1.92 2.1389
4 1.455 1.3152
4 0.1875 0.2401
4 0.78 1.3049
6 1.6875 1.4556
5 2.205 2.0738
6 0.33 0.4064
7 2.6025 2.6013
6 0.3525 0.28
5 1.8375 1.5471
6 1.2375 1.112
4 0.9225 1.1301
7 1.4175 1.7106
5 1.0725 1.0617
4 0.3075 0.4427
5 1.08 1.2644
6 0.0075 0.1343
6 1.7925 2.1806
7 2.4075 2.5535
4 1.5975 1.9943
7 0.2025 0.1857
6 0.975 0.7833
7 1.98 1.815
7 0.1575 0.197
7 2.4975 2.3899
5 2.4 2.2288
4 0.105 0.3688
7 0.105 0.01
5 1.935 1.7628
6 0.045 0.1384
4 0.8325 0.6184
5 1.7025 1.1262
5 0.5475 0.4946
6 0.675 0.5996
7 2.46 2.412
5 1.8825 1.9065
7 1.86 1.903
4 0.7425 1.6288
4 1.0575 0.836
4 1.8525 2.2982
4 0.555 1.5334
4 0.4275 0.6982
4 0.21 0.1901
6 1.4025 1.4756
4 1.5225 1.4795
6 1.785 1.8268
7 2.775 2.7762
7 1.4025 1.4418
5 0.7575 0.5828
6 1.1475 1.6618
5 1.155 1.358
5 2.07 2.2678
4 0.7725 0.9113
6 0.9375 0.795
7 2.265 2.3905
4 1.755 1.3846
4 2.5575 2.3963
7 2.0325 2.066
5 0.3825 0.4339
6 2.355 2.2367
7 1.6425 1.4207
5 1.14 0.8913
7 0.495 0.4398
5 2.3175 2.2838
4 0.675 1.6567
6 1.0125 1.0495
6 1.9275 2.0314
6 1.1325 1.2447
4 2.2575 1.8522
7 1.4325 1.4084
4 2.3175 1.35
5 1.425 1.739
5 2.6325 2.7089
4 0.21 0.0445
6 0.3225 0.4969
6 2.3925 2.4278
7 1.545 1.7528
7 1.1325 1.2648
7 2.5725 2.7007
4 0.5625 0.7461
5 1.4175 1.4124
5 2.265 2.1667
5 1.0125 1.2871
6 2.8575 2.7687
5 2.2725 2.2712
6 0.8325 0.9673
5 1.455 1.5902
5 2.8875 2.8985
5 2.0775 1.8819
6 2.8575 2.856
6 0.8925 0.7702
6 0.0075 0.0601
5 1.485 1.7551
5 1.5 2.1298
7 0.105 0.1652
6 2.82 2.8473
6 2.7075 2.7018
4 1.5225 0.8251
7 2.8725 2.8767
6 0.63 0.5801
4 0.7575 0.6522
7 1.365 1.7867
7 1.515 1.3673
6 2.8875 2.8184
7 1.9725 1.8565
4 2.7675 2.8022
7 0.8475 1.7528
6 1.845 1.8658
7 0.615 0.6344
7 0.3375 0.3726
4 0.705 1.4265
4 0.0075 0.1669
6 2.715 2.7998
7 1.095 0.9732
6 1.0725 1.7067
5 2.9625 2.8875
7 2.28 2.2605
5 0.495 0.4548
5 0.1275 0.17
5 0.2925 0.4957
6 1.305 1.2483
7 1.7175 1.6643
6 1.845 1.3187
7 0.555 0.5249
7 2.79 2.91
4 0.7275 0.8372
6 0.585 0.5383
5 2.295 2.263
6 2.4675 2.4763
7 0.615 0.6038
6 0.4725 0.6243
5 2.415 2.2145
6 1.5825 1.7769
6 1.2675 1.685
6 0.495 0.5309
6 0.54 0.5414
7 1.3125 1.6227
4 0.42 0.3886
5 1.9425 1.3697
6 2.3025 2.3769
7 2.1975 2.2909
5 1.17 1.3191
7 2.145 2.1188
4 0.39 0.5225
6 1.1325 1.7566
7 2.34 2.3645
7 1.455 1.6513
4 1.815 1.2451
6 0.6525 0.8275
4 0.87 1.0923
7 1.0275 1.0366
4 1.905 1.3234
6 0.69 0.6607
5 1.8525 2.024
6 2.01 2.2487
6 0.9225 1.1269
4 1.5525 0.6971
6 0.7125 0.934
6 1.6875 1.8491
5 1.92 1.3612
6 1.38 0.936
6 0.735 0.785
5 2.6025 2.5356
7 1.26 1.2409
7 2.445 2.5448
4 0.015 0.0159
4 0.96 0.8817
4 0.15 0.1159
6 0.39 0.2778
7 2.0175 1.7058
4 2.8575 2.8585
4 2.2275 1.6256
6 0.4125 0.4406
4 1.77 1.2031
5 1.4625 1.3618
7 1.1475 1.2506
4 2.1375 1.8963
4 0.45 0.2037
7 1.2975 1.1977
7 1.1175 1.1105
5 2.7525 2.8549
4 2.6925 2.3645
6 0.345 0.4092
5 0.8925 0.679
4 0.885 0.6957
6 2.3025 2.1549
6 2.415 2.2996
5 1.92 2.2513
5 0.465 0.304
6 0.9525 0.999
7 2.355 2.2243
4 2.01 1.2387
6 0.0525 0.1017
7 0.3975 0.3825
5 2.445 2.4714
6 1.995 1.4528
4 1.4925 1.009
7 2.88 2.8236
7 2.55 2.5744
4 0.7125 1.2977
5 2.355 2.4703
7 2.04 1.8761
5 1.5375 1.6429
5 2.1 2.0759
7 1.995 2.0376
4 0.1575 0.0505
7 1.4775 0.993
4 0.6825 1.2361
6 2.625 2.5682
6 0.3 0.2672
7 1.335 1.67
5 1.995 1.7535
5 0.075 0.0802
4 0.2175 0.2492
7 2.28 2.3956
7 2.7 2.8336
4 1.53 1.5159
4 2.4 2.2392
7 0.96 1.1039
4 1.845 1.7357
6 2.2575 2.118
4 1.41 1.7631
6 2.8125 2.7935
5 1.53 1.8838
5 2.25 1.9597
4 1.785 1.6847
6 0.2025 0.1357
7 1.77 1.5506
5 1.53 1.7076
7 2.0025 1.8878
6 0.6375 0.7841
6 0.9075 0.9863
7 0.75 0.7575
5 2.175 2.1372
7 0.795 0.8771
6 1.005 1.281
6 0.3525 0.354
4 0.9075 1.239
6 0.0375 -0.0508
4 2.0025 2.5661
6 1.635 1.7681
4 0.6225 0.7456
4 1.1475 1.4334
7 1.5375 1.4518
5 1.6125 1.1222
4 0.0375 0.1959
5 2.205 2.2497
7 0.0975 0.9618
6 2.6025 2.696
7 2.49 2.4234
5 2.5425 2.7608
6 0.93 0.9884
4 1.935 1.6544
5 1.725 1.3279
7 1.3275 1.4935
6 2.0625 2.0161
5 2.535 2.493
5 0.87 0.8267
4 0.5775 1.3657
4 1.905 1.2918
4 0.3 0.0924
6 1.245 1.5388
4 0.315 0.1724
6 1.47 1.5245
5 2.7 2.6621
7 2.4225 2.2352
4 2.94 2.7955
6 2.625 2.4757
4 1.0875 1.4262
5 0.945 1.4966
7 2.7975 2.7899
7 1.83 2.0343
5 2.55 2.6467
7 0.435 0.522
5 0.7575 0.6035
7 2.025 1.9839
7 1.02 0.9884
7 1.1325 1.8634
5 0.3525 0.6413
7 0.9375 0.8432
6 2.61 2.5874
4 2.9925 2.9131
6 2.01 2.1405
4 2.055 1.7284
4 1.92 1.3372
7 1.3875 1.7341
6 0.375 0.3449
5 2.85 2.798
6 2.3325 2.3286
4 1.035 1.5731
4 1.11 1.6318
5 2.085 1.8148
7 2.385 2.4571
4 2.52 2.104
5 0.1125 0.2294
5 1.8675 2.2824
4 0.735 0.7455
7 0.825 1.0989
4 0.4425 0.5979
7 1.7025 1.6637
4 0.765 0.8773
6 1.56 1.8616
7 1.3575 1.4191
5 0.705 1.5639
6 2.19 2.1103
6 0.4875 0.5324
4 1.3725 1.5208
6 2.475 2.514
6 2.1675 2.11
5 0.84 1.6354
6 2.13 1.883
6 0.72 0.9194
7 0.5175 0.6778
7 1.4925 1.2691
4 0.9375 2.0911
6 1.17 1.7473
6 0.885 0.9847
7 2.8875 2.9204
6 2.88 2.844
5 1.7175 1.5246
4 1.3125 1.7851
7 2.3625 2.471
5 2.4975 2.4185
5 2.535 2.5783
5 2.655 2.7553
5 2.67 2.6958
5 2.1075 1.7849
5 1.47 1.637
7 0.66 0.7144
6 1.665 1.6826
4 2.7225 2.5301
7 0.5175 0.5139
4 0.09 0.052
5 2.4975 2.5082
7 2.88 2.8512
5 2.8425 2.1543
7 2.3475 2.1977
6 0.7125 0.9843
6 2.6475 2.6173
4 0.0375 0.029
5 0.0525 0.0293
7 0.33 0.2359
6 0.8925 0.759
5 1.4025 1.0882
5 0.18 0.276
7 2.0625 1.852
4 2.385 2.196
6 1.2975 1.751
7 0.0675 0.0223
4 2.9925 2.8291
5 2.7825 2.8388
6 2.58 2.6467
4 0.4575 0.8388
7 0.2925 0.2433
4 0.6375 0.8178
6 0.7575 0.9269
4 0.81 0.6745
7 1.65 1.4193
4 2.79 2.8402
7 0.6075 0.5997
5 0.795 1.1337
7 2.1975 2.0941
4 1.23 1.2157
4 0.9075 1.6526
5 1.23 1.8773
6 2.265 2.0679
6 1.785 1.6774
5 2.115 2.2672
6 0.6225 0.6833
4 2.865 2.9482
4 0.93 2.5466
4 2.4375 2.3803
7 2.3325 2.4285
4 2.2125 1.7538
7 2.9775 2.9079
6 0.5025 0.3944
4 1.14 1.2761
5 0.33 0.0768
4 2.49 2.3767
7 0.57 0.7151
7 0.465 0.4236
5 2.8125 2.9011
4 2.025 1.6125
5 2.865 2.9207
7 0.4575 0.6038
6 2.19 2.2742
4 1.5825 0.8872
5 1.9425 2.2769
5 1.4775 1.3373
6 1.98 1.8095
6 2.3775 2.3387
5 2.58 2.74
6 2.5575 2.473
6 2.9175 2.9571
5 0.5175 0.6337
5 2.445 2.4336
5 2.6175 2.5823
6 1.095 1.0167
5 2.4375 2.4377
6 0.3675 0.4352
6 0.585 0.7577
6 0.9375 1.1956
5 2.01 1.6907
4 1.17 0.9891
7 0.765 0.8468
7 2.8275 2.952
5 2.49 2.2969
7 1.2825 1.5993
4 0.5025 0.3329
6 1.7625 1.6879
6 2.1825 2.2713
4 0.2475 0.1904
7 2.175 2.184
5 2.8125 2.8174
4 1.0275 0.5791
5 0.72 0.4918
7 0.135 0.2675
6 0.51 0.3932
6 0.87 1.0099
7 2.475 2.4487
5 0.27 0.3113
7 0.0225 0.0713
6 2.625 2.6964
4 1.3875 2.0393
6 1.335 1.3633
5 0.72 1.6062
5 2.43 2.5505
7 0.585 0.6592
6 1.8375 2.1818
6 0.42 0.3962
7 2.4375 2.4426
5 0.735 1.2301
7 2.4525 2.5388
4 1.2825 1.8011
4 0.24 0.3059
4 0.7425 0.6596
5 2.3325 2.092
5 0.81 0.7435
5 1.7475 1.6432
6 1.6575 1.6957
5 0.9075 1.4647
5 0.1875 0.1964
5 2.82 2.8519
4 0.9975 1.4482
6 0.39 0.2826
4 1.8675 2.5801
6 1.68 1.63
6 0.7725 0.889
4 2.4 2.3188
7 0.87 0.9987
4 2.1075 1.8834
7 2.37 2.4274
6 1.2225 0.8028
7 1.8 1.6178
5 0.2925 0.2538
4 0.225 0.3626
6 0.4125 0.5258
5 0.51 0.6647
6 2.7 2.7999
7 1.7475 1.3474
5 2.595 2.7921
7 0.24 0.1379
7 2.2125 2.1212
5 1.4775 1.8801
6 1.7325 0.9135
4 1.1175 0.3686
4 0.5175 0.1426
7 1.2375 1.0978
6 2.25 2.1884
7 1.4325 1.29
4 2.5575 2.506
5 0.39 0.4195
7 2.9925 3.0272
5 2.58 2.5665
7 1.665 1.9216
6 1.5825 1.5994
5 2.46 2.4418
4 0.93 1.1976
4 0.6825 1.3535
6 0.51 0.5346
4 0.6975 0.6944
5 1.98 1.7378
5 0.285 0.2151
4 1.9725 1.0508
7 0.495 0.4302
4 2.37 2.4844
4 2.7525 2.4788
7 0.5925 0.6449
6 1.2 1.4146
6 1.155 1.3024
5 1.35 1.4453
5 0.8025 1.5667
6 1.3425 1.4508
4 0.8925 0.6032
6 2.2275 2.2611
5 1.53 1.4143
4 0.9225 2.4034
5 0.2025 0.0662
7 0.96 0.9944
7 0.84 1.0862
7 1.11 1.2729
5 1.875 1.848
5 2.88 2.902
5 0.435 0.4393
5 1.4625 2.1531
4 2.9775 2.8785
7 2.235 2.1687
6 2.2425 2.2716
5 0.6525 1.05
5 0.015 0.0601
7 1.7625 1.592
5 0.6675 0.5982
6 1.1175 1.4688
6 0.3675 0.3012
5 2.8875 2.9368
5 2.67 2.49
6 0.4875 0.4264
6 0.5475 0.7555
4 0.495 0.3062
7 2.34 2.274
5 1.1175 0.9831
4 0.495 0.566
6 2.94 2.9467
7 0.7125 0.6364
7 2.985 2.9534
5 1.5975 1.6714
7 0.7575 1.5415
4 0.7875 0.6654
7 1.0725 1.1495
4 2.9625 2.8157
7 1.7475 1.5668
5 0.6 0.6714
7 0.015 0.1049
7 1.3275 1.7126
6 1.815 1.201
6 0.765 0.8382
5 1.11 1.4331
7 1.155 1.2323
4 1.3425 0.7928
7 0.405 0.4918
7 0.735 0.8916
6 0.585 0.5379
6 0.6675 0.6815
5 0.03 0.1371
7 1.0575 1.1841
4 1.65 1.1651
7 2.25 2.2536
7 1.9725 0.6406
5 0.54 0.7281
6 0.3675 0.5212
5 1.5075 1.7804
5 1.245 1.3319
4 1.965 1.366
4 2.2725 1.7284
4 2.97 2.8684
5 0.8325 0.9653
5 1.0875 1.1591
5 2.3175 2.4785
6 1.125 0.9974
5 0.7875 0.708
5 0.81 0.6593
6 2.5275 2.4212
5 2.2125 1.8193
6 0.24 0.3134
7 2.5875 2.5773
6 0.285 0.2824
7 0.405 0.4799
6 0.2025 0.1541
4 0.0975 0.2695
5 0.8775 1.5592
7 1.9875 1.9517
4 1.155 0.8592
7 1.35 1.5027
4 2.46 2.148
7 0.4425 0.5356
7 1.26 1.431
5 0.9375 0.8318
4 1.6425 1.8288
5 1.2 1.2991
7 2.4675 2.4726
4 1.905 2.2079
4 1.4325 1.6341
5 0.6375 1.369
7 0.9525 1.0087
6 0.1425 0.0806
6 2.445 2.4952
7 0.2625 0.3562
6 1.44 1.772
5 1.2525 1.361
7 2.775 2.7099
7 0.525 0.3358
5 2.5425 2.551
4 0.795 1.4398
4 0.135 0.3634
5 1.1025 0.9206
7 2.4225 2.4745
7 2.055 1.823
4 1.515 0.6344
6 2.8125 2.7526
6 2.1 1.9469
5 0.6825 0.9909
7 1.905 1.6998
6 1.5 1.7743
4 1.4025 0.9154
6 0.375 0.313
7 2.5275 2.3925
5 1.5675 1.1532
6 2.8875 2.8446
5 0.9975 1.2541
4 0.3375 0.2588
4 1.3275 1.0091
5 2.19 1.5432
7 1.5825 1.6378
7 2.985 2.8929
6 2.5875 2.6658
5 0.8475 0.8742
4 1.8225 2.4746
6 1.395 1.4631
7 2.865 2.7968
7 0.195 0.2221
7 2.715 2.6952
7 1.3275 1.4004
7 0.3525 0.4398
6 2.8575 2.8421
6 2.055 1.82
7 0.045 0.1512
4 1.8975 2.3237
6 0.8175 2.6296
4 1.9275 1.3075
5 1.44 1.6929
7 0.3525 0.4267
6 2.31 2.3815
5 0.3975 0.3665
5 0.375 0.3979
6 0.615 0.7269
4 0.8025 0.7234
6 2.94 2.9639
7 1.2525 1.2098
6 0.3825 0.4142
7 0.1425 0.0952
6 0.9675 0.9255
5 1.98 2.1073
5 1.05 1.6427
7 1.065 1.2424
6 2.3325 2.4109
6 2.1825 1.8673
7 0.2775 0.3235
6 1.74 1.9859
6 0.1575 0.0804
7 2.835 2.8966
7 1.29 1.4036
5 2.31 2.0934
5 1.095 1.1975
6 1.83 2.0791
5 1.035 0.958
6 0.24 0.3611
5 2.325 2.3465
7 0.735 0.6487
4 1.6575 1.4891
4 0.84 1.056
5 2.9475 2.8278
5 1.8075 1.9234
6 0.3225 0.2983
6 0.8025 0.7722
7 2.5575 2.6223
4 1.305 2.5349
7 2.2425 2.1745
5 2.6625 2.5735
7 1.245 1.2384
7 0.1425 0.087
5 1.7325 1.3021
7 1.1325 1.1436
5 1.68 1.7398
6 2.19 2.2947
6 2.655 2.5694
5 0.165 0.1681
5 2.7975 2.7194
6 1.1625 1.0305
6 2.82 2.8021
4 0.9 1.0986
5 0.9 0.6562
6 0.2925 0.3066
4 2.205 2.3383
6 0.555 0.7199
4 1.5 0.7524
4 2.145 2.6003
7 1.905 1.6847
4 2.295 2.4369
5 0.315 0.2889
4 2.1675 1.9323
6 0.5475 0.4622
4 0.1875 0.4456
6 2.9625 2.8848
5 2.2125 1.698
6 1.335 1.3712
5 1.0725 1.1173
6 2.7675 2.7646
7 0.8925 1.3817
7 2.4675 2.5436
7 2.8875 2.8594
7 2.0175 1.9643
5 2.79 2.7804
4 0.5475 0.8012
7 2.4375 2.4335
6 1.935 1.5688
6 2.4075 2.1008
7 0.6525 0.9129
7 2.175 2.1337
5 1.1025 0.6963
7 1.5675 1.4273
6 0.5025 0.5885
5 0.15 0.1909
7 2.8275 2.8623
7 0.06 0.1053
6 2.2425 2.2865
7 2.3925 2.3877
4 0.555 1.367
5 1.44 1.8424
5 2.055 1.834
6 1.3725 1.4305
5 0.975 1.8452
5 2.1 1.9968
6 0.8775 0.7245
5 2.34 2.3174
7 2.0925 1.8326
6 0.84 1.075
4 2.7 2.5241
4 0.435 0.1712
5 2.2725 2.4588
5 1.08 1.8348
6 0.645 0.7879
5 1.8225 1.8791
7 0.0825 0.0811
5 2.1225 1.9511
4 2.6475 2.6234
5 2.6325 2.6741
6 1.47 1.4951
5 1.6725 1.7312
5 2.2425 2.0684
4 1.095 1.189
7 2.04 2.0773
5 0.66 0.6548
6 1.65 1.5079
5 1.9125 1.9559
7 0.375 0.491
6 1.095 0.9604
4 0.7875 0.5771
4 1.9725 1.4815
5 1.6725 1.5518
7 1.6425 1.4893
5 0.45 0.4173
5 1.2 1.2625
7 0.9975 1.2098
6 0.885 0.8635
5 1.2825 1.7617
6 1.53 1.4521
6 1.365 1.5514
7 1.935 1.9207
5 1.8375 0.9326
4 0.375 0.7536
5 1.2 1.4442
4 0.7425 0.7745
6 1.7775 1.5596
7 0.45 0.5026
4 1.2675 1.903
4 2.37 2.493
5 1.695 1.6866
6 2.2725 2.4279
5 0.3525 0.3761
7 1.71 1.4559
7 1.44 1.2676
6 1.9725 1.9222
4 1.3875 0.9159
6 0.9 0.9566
7 2.3475 2.345
6 0.4725 0.4748
6 0.945 1.0375
4 1.875 1.6746
5 1.9275 2.083
7 1.4325 1.0414
7 2.52 2.4114
7 0.945 1.2706
5 0.48 0.4852
4 1.2525 1.4554
7 2.1075 2.1189
5 0.9 1.1106
4 0.87 1.0398
6 2.5725 2.6244
7 2.205 2.0191
5 1.8825 1.9209
7 2.9925 2.9473
4 0.96 1.1626
6 0.6075 0.4876
7 0.3525 0.3247
4 2.1375 2.3197
7 0.42 0.3934
4 0.1125 0.2963
6 2.1675 1.7948
6 2.25 2.2368
7 1.095 1.4246
4 2.6175 2.3786
5 0.765 0.9543
6 1.98 2.116
6 0.735 0.6802
5 2.6625 2.5886
6 1.6275 1.2682
6 2.685 2.6587
6 0.6975 0.6666
5 1.6725 1.2439
4 0.435 0.3955
5 0.9225 1.0144
5 1.245 0.8943
6 1.905 1.6159
7 2.535 2.5973
4 2.9775 2.8997
5 0.345 0.3513
7 2.055 2.1506
5 1.5375 1.0216
6 2.3175 2.374
4 1.23 0.9944
4 2.2575 2.5391
4 2.5425 2.3406
5 0.8025 0.7492
5 2.34 2.3596
4 1.8225 2.2954
4 2.8575 2.8182
6 0.3075 0.2575
4 1.695 1.9348
4 0.3 0.5942
4 2.8875 2.9282
4 1.14 1.6657
6 2.2575 2.1667
7 2.1675 2.1108
5 0.2625 0.2148
5 2.0475 1.9258
4 0.5475 0.3838
4 0.12 0.059
7 0.5175 0.4075
5 1.9425 1.8832
5 1.4025 1.4282
4 2.0775 2.4641
6 1.2825 1.7464
7 1.2 1.3108
6 2.85 2.7308
6 2.7675 2.8975
5 1.5525 1.6587
6 1.8075 1.9241
7 0.9225 0.9558
5 2.5425 2.6196
6 1.2075 1.5664
5 1.6875 2.3414
6 2.7675 2.8075
4 1.6875 1.0855
5 1.6125 1.6216
4 1.9575 1.4567
4 0.7425 0.6996
5 0.0825 0.0236
5 2.55 2.5719
4 2.82 2.7945
6 1.5075 1.4829
7 0.9975 1.0202
6 2.565 2.5187
6 2.3625 2.299
5 2.9925 3.0085
5 2.7825 2.8497
4 2.6175 2.642
5 2.925 2.9088
4 2.4975 2.5417
7 0.285 0.2692
5 0.3975 1.1018
4 0.2925 0.5126
7 1.7175 1.8556
7 0.57 0.6091
5 0.8625 0.7941
5 0.585 0.5929
5 1.1325 0.7252
4 1.8225 0.9243
6 0.1725 0.1698
5 0.8475 1.3983
5 2.0325 2.2137
5 0.645 0.6165
4 2.34 1.7711
7 0.18 0.2083
7 0.3 0.3178
5 0.315 0.1256
4 1.5075 1.3991
5 2.1075 1.8382
7 2.8425 2.8466
6 0.75 0.7818
7 2.775 2.8136
4 2.1375 1.5407
6 1.23 1.0087
5 1.14 1.3919
7 2.385 2.3879
6 0.33 0.2752
6 0.375 0.4503
4 2.4375 2.3547
7 1.635 1.6086
5 0.405 0.4191
5 0.81 0.8135
7 1.7625 1.3901
7 2.4675 2.3749
6 1.695 1.8864
7 0.375 0.3682
4 2.04 2.0731
5 0.6525 0.8957
6 2.445 2.2943
7 1.8 2.089
7 1.5975 1.5415
5 1.8375 1.5805
4 2.5275 2.1912
7 1.1625 1.1894
4 2.745 2.5356
6 0.9675 1.5436
5 1.1325 0.5935
7 1.305 1.7236
4 2.715 2.7541
4 0.075 0.1527
7 0.075 0.0727
5 2.385 2.529
6 2.82 2.8324
5 2.85 2.9112
5 0.3 0.5443
5 0.36 0.5518
6 0.2625 0.134
4 0.5775 0.5166
7 0.5925 0.568
5 1.32 0.8064
5 2.0325 1.9713
4 1.395 1.1827
7 2.9775 2.9688
6 2.025 2.2778
5 2.385 1.973
7 0.4425 0.42
7 0.3825 0.4761
5 1.68 2.0786
6 2.925 2.7088
4 0.39 0.6247
7 1.7625 1.7277
4 0.945 1.0969
7 2.37 2.4504
4 1.2075 1.5766
6 0.7725 1.0286
6 0.525 0.4551
4 2.175 1.7566
7 0.075 0.2029
5 2.7825 2.9077
4 1.965 1.9684
4 0.6525 0.6551
4 0.51 1.1115
7 1.1325 1.1611
5 1.545 1.5337
7 1.4025 1.6375
4 2.5725 2.2645
7 0.6075 0.5832
4 1.545 0.7286
4 1.3875 2.0595
5 1.83 1.7671
6 1.38 1.6556
6 2.9775 2.9232
4 0.3825 0.4091
7 1.5 1.2612
6 2.3925 2.4526
7 2.0175 1.9354
7 1.005 0.8771
7 1.44 1.6345
4 2.3625 2.5724
6 1.1025 1.4119
6 1.845 1.8276
5 0.5925 0.6824
7 2.8125 2.8265
4 2.4225 2.3683
4 2.7675 2.7541
7 2.4525 2.5
6 0.825 1.3455
4 1.74 1.4197
6 0.1875 0.2999
6 2.055 1.5015
6 2.22 2.2161
4 2.94 2.8043
7 1.6425 1.5535
5 0.5175 0.6135
7 0.8175 0.8987
6 2.595 2.5952
4 1.1025 1.6814
5 1.8675 1.5767
5 2.085 1.2626
7 1.0125 1.1139
7 1.695 1.6883
7 2.0025 1.9934
