sigma2_stimulus 	 [inf, 2.0, 3.0, 4.0, 5.0, 6.0, 7.0, 8.0, 9.0, 10.0]
log_motor_var 	 [8.12501049041748]
sigma_logit 	 [-1.0, -2.0, -3.0, -4.0, -5.0, -6.0, -7.0, -8.0, -9.0, -10.0]
mixture_logit 	 [-5.160216331481934]
prior 	 [0.0024999999441206455, 0.0024999999441206455, 0.0024999999441206455, 0.0024999999441206455, 0.0024999999441206455, 0.0024999999441206455, 0.0024999999441206455, 0.0024999999441206455, 0.0024999999441206455, 0.0024999999441206455, 0.0024999999441206455, 0.0024999999441206455, 0.0024999999441206455, 0.0024999999441206455, 0.0024999999441206455, 0.0024999999441206455, 0.0024999999441206455, 0.0024999999441206455, 0.0024999999441206455, 0.0024999999441206455, 0.0024999999441206455, 0.0024999999441206455, 0.0024999999441206455, 0.0024999999441206455, 0.0024999999441206455, 0.0024999999441206455, 0.0024999999441206455, 0.0024999999441206455, 0.0024999999441206455, 0.0024999999441206455, 0.0024999999441206455, 0.0024999999441206455, 0.0024999999441206455, 0.0024999999441206455, 0.0024999999441206455, 0.0024999999441206455, 0.0024999999441206455, 0.0024999999441206455, 0.0024999999441206455, 0.0024999999441206455, 0.0024999999441206455, 0.0024999999441206455, 0.0024999999441206455, 0.0024999999441206455, 0.0024999999441206455, 0.0024999999441206455, 0.0024999999441206455, 0.0024999999441206455, 0.0024999999441206455, 0.0024999999441206455, 0.0024999999441206455, 0.0024999999441206455, 0.0024999999441206455, 0.0024999999441206455, 0.0024999999441206455, 0.0024999999441206455, 0.0024999999441206455, 0.0024999999441206455, 0.0024999999441206455, 0.0024999999441206455, 0.0024999999441206455, 0.0024999999441206455, 0.0024999999441206455, 0.0024999999441206455, 0.0024999999441206455, 0.0024999999441206455, 0.0024999999441206455, 0.0024999999441206455, 0.0024999999441206455, 0.0024999999441206455, 0.0024999999441206455, 0.0024999999441206455, 0.0024999999441206455, 0.0024999999441206455, 0.0024999999441206455, 0.0024999999441206455, 0.0024999999441206455, 0.0024999999441206455, 0.0024999999441206455, 0.0024999999441206455, 0.0024999999441206455, 0.0024999999441206455, 0.0024999999441206455, 0.0024999999441206455, 0.0024999999441206455, 0.0024999999441206455, 0.0024999999441206455, 0.0024999999441206455, 0.0024999999441206455, 0.0024999999441206455, 0.0024999999441206455, 0.0024999999441206455, 0.0024999999441206455, 0.0024999999441206455, 0.0024999999441206455, 0.0024999999441206455, 0.0024999999441206455, 0.0024999999441206455, 0.0024999999441206455, 0.0024999999441206455, 0.0024999999441206455, 0.0024999999441206455, 0.0024999999441206455, 0.0024999999441206455, 0.0024999999441206455, 0.0024999999441206455, 0.0024999999441206455, 0.0024999999441206455, 0.0024999999441206455, 0.0024999999441206455, 0.0024999999441206455, 0.0024999999441206455, 0.0024999999441206455, 0.0024999999441206455, 0.0024999999441206455, 0.0024999999441206455, 0.0024999999441206455, 0.0024999999441206455, 0.0024999999441206455, 0.0024999999441206455, 0.0024999999441206455, 0.0024999999441206455, 0.0024999999441206455, 0.0024999999441206455, 0.0024999999441206455, 0.0024999999441206455, 0.0024999999441206455, 0.0024999999441206455, 0.0024999999441206455, 0.0024999999441206455, 0.0024999999441206455, 0.0024999999441206455, 0.0024999999441206455, 0.0024999999441206455, 0.0024999999441206455, 0.0024999999441206455, 0.0024999999441206455, 0.0024999999441206455, 0.0024999999441206455, 0.0024999999441206455, 0.0024999999441206455, 0.0024999999441206455, 0.0024999999441206455, 0.0024999999441206455, 0.0024999999441206455, 0.0024999999441206455, 0.0024999999441206455, 0.0024999999441206455, 0.0024999999441206455, 0.0024999999441206455, 0.0024999999441206455, 0.0024999999441206455, 0.0024999999441206455, 0.0024999999441206455, 0.0024999999441206455, 0.0024999999441206455, 0.0024999999441206455, 0.0024999999441206455, 0.0024999999441206455, 0.0024999999441206455, 0.0024999999441206455, 0.0024999999441206455, 0.0024999999441206455, 0.0024999999441206455, 0.0024999999441206455, 0.0024999999441206455, 0.0024999999441206455, 0.0024999999441206455, 0.0024999999441206455, 0.0024999999441206455, 0.0024999999441206455, 0.0024999999441206455, 0.0024999999441206455, 0.0024999999441206455, 0.0024999999441206455, 0.0024999999441206455, 0.0024999999441206455, 0.0024999999441206455, 0.0024999999441206455, 0.0024999999441206455, 0.0024999999441206455, 0.0024999999441206455, 0.0024999999441206455, 0.0024999999441206455, 0.0024999999441206455, 0.0024999999441206455, 0.0024999999441206455, 0.0024999999441206455, 0.0024999999441206455, 0.0024999999441206455, 0.0024999999441206455, 0.0024999999441206455, 0.0024999999441206455, 0.0024999999441206455, 0.0024999999441206455, 0.0024999999441206455, 0.0024999999441206455, 0.0024999999441206455, 0.0024999999441206455, 0.0024999999441206455, 0.0024999999441206455, 0.0024999999441206455, 0.0024999999441206455, 0.0024999999441206455, 0.0024999999441206455, 0.0024999999441206455, 0.0024999999441206455, 0.0024999999441206455, 0.0024999999441206455, 0.0024999999441206455, 0.0024999999441206455, 0.0024999999441206455, 0.0024999999441206455, 0.0024999999441206455, 0.0024999999441206455, 0.0024999999441206455, 0.0024999999441206455, 0.0024999999441206455, 0.0024999999441206455, 0.0024999999441206455, 0.0024999999441206455, 0.0024999999441206455, 0.0024999999441206455, 0.0024999999441206455, 0.0024999999441206455, 0.0024999999441206455, 0.0024999999441206455, 0.0024999999441206455, 0.0024999999441206455, 0.0024999999441206455, 0.0024999999441206455, 0.0024999999441206455, 0.0024999999441206455, 0.0024999999441206455, 0.0024999999441206455, 0.0024999999441206455, 0.0024999999441206455, 0.0024999999441206455, 0.0024999999441206455, 0.0024999999441206455, 0.0024999999441206455, 0.0024999999441206455, 0.0024999999441206455, 0.0024999999441206455, 0.0024999999441206455, 0.0024999999441206455, 0.0024999999441206455, 0.0024999999441206455, 0.0024999999441206455, 0.0024999999441206455, 0.0024999999441206455, 0.0024999999441206455, 0.0024999999441206455, 0.0024999999441206455, 0.0024999999441206455, 0.0024999999441206455, 0.0024999999441206455, 0.0024999999441206455, 0.0024999999441206455, 0.0024999999441206455, 0.0024999999441206455, 0.0024999999441206455, 0.0024999999441206455, 0.0024999999441206455, 0.0024999999441206455, 0.0024999999441206455, 0.0024999999441206455, 0.0024999999441206455, 0.0024999999441206455, 0.0024999999441206455, 0.0024999999441206455, 0.0024999999441206455, 0.0024999999441206455, 0.0024999999441206455, 0.0024999999441206455, 0.0024999999441206455, 0.0024999999441206455, 0.0024999999441206455, 0.0024999999441206455, 0.0024999999441206455, 0.0024999999441206455, 0.0024999999441206455, 0.0024999999441206455, 0.0024999999441206455, 0.0024999999441206455, 0.0024999999441206455, 0.0024999999441206455, 0.0024999999441206455, 0.0024999999441206455, 0.0024999999441206455, 0.0024999999441206455, 0.0024999999441206455, 0.0024999999441206455, 0.0024999999441206455, 0.0024999999441206455, 0.0024999999441206455, 0.0024999999441206455, 0.0024999999441206455, 0.0024999999441206455, 0.0024999999441206455, 0.0024999999441206455, 0.0024999999441206455, 0.0024999999441206455, 0.0024999999441206455, 0.0024999999441206455, 0.0024999999441206455, 0.0024999999441206455, 0.0024999999441206455, 0.0024999999441206455, 0.0024999999441206455, 0.0024999999441206455, 0.0024999999441206455, 0.0024999999441206455, 0.0024999999441206455, 0.0024999999441206455, 0.0024999999441206455, 0.0024999999441206455, 0.0024999999441206455, 0.0024999999441206455, 0.0024999999441206455, 0.0024999999441206455, 0.0024999999441206455, 0.0024999999441206455, 0.0024999999441206455, 0.0024999999441206455, 0.0024999999441206455, 0.0024999999441206455, 0.0024999999441206455, 0.0024999999441206455, 0.0024999999441206455, 0.0024999999441206455, 0.0024999999441206455, 0.0024999999441206455, 0.0024999999441206455, 0.0024999999441206455, 0.0024999999441206455, 0.0024999999441206455, 0.0024999999441206455, 0.0024999999441206455, 0.0024999999441206455, 0.0024999999441206455, 0.0024999999441206455, 0.0024999999441206455, 0.0024999999441206455, 0.0024999999441206455, 0.0024999999441206455, 0.0024999999441206455, 0.0024999999441206455, 0.0024999999441206455, 0.0024999999441206455, 0.0024999999441206455, 0.0024999999441206455, 0.0024999999441206455, 0.0024999999441206455, 0.0024999999441206455, 0.0024999999441206455, 0.0024999999441206455, 0.0024999999441206455, 0.0024999999441206455, 0.0024999999441206455, 0.0024999999441206455, 0.0024999999441206455, 0.0024999999441206455, 0.0024999999441206455, 0.0024999999441206455, 0.0024999999441206455, 0.0024999999441206455, 0.0024999999441206455, 0.0024999999441206455, 0.0024999999441206455, 0.0024999999441206455, 0.0024999999441206455, 0.0024999999441206455, 0.0024999999441206455, 0.0024999999441206455, 0.0024999999441206455, 0.0024999999441206455, 0.0024999999441206455, 0.0024999999441206455, 0.0024999999441206455, 0.0024999999441206455, 0.0024999999441206455, 0.0024999999441206455, 0.0024999999441206455, 0.0024999999441206455, 0.0024999999441206455, 0.0024999999441206455, 0.0024999999441206455, 0.0024999999441206455, 0.0024999999441206455, 0.0024999999441206455, 0.0024999999441206455, 0.0024999999441206455, 0.0024999999441206455, 0.0024999999441206455, 0.0024999999441206455, 0.0024999999441206455, 0.0024999999441206455, 0.0024999999441206455, 0.0024999999441206455]
volume 	 [-4.574504852294922, -4.574588775634766, -4.5748419761657715, -4.575263500213623, -4.575854301452637, -4.576613426208496, -4.577541351318359, -4.578638076782227, -4.579903602600098, -4.581337928771973, -4.582940578460693, -4.584712505340576, -4.586652755737305, -4.588761806488037, -4.591040134429932, -4.593486309051514, -4.596101760864258, -4.598886013031006, -4.6018385887146, -4.6049604415893555, -4.608250617980957, -4.6117095947265625, -4.615336894989014, -4.619133472442627, -4.623098850250244, -4.627232551574707, -4.631535053253174, -4.6360063552856445, -4.640646457672119, -4.6454548835754395, -4.650432586669922, -4.65557861328125, -4.660893440246582, -4.666377067565918, -4.6720290184021, -4.677849769592285, -4.683839797973633, -4.689997673034668, -4.696324825286865, -4.702820301055908, -4.709484577178955, -4.716317176818848, -4.723319053649902, -4.7304887771606445, -4.737827777862549, -4.745335102081299, -4.753011226654053, -4.760855674743652, -4.768868923187256, -4.777050971984863, -4.785400867462158, -4.793920040130615, -4.802607536315918, -4.811463356018066, -4.820487976074219, -4.829680919647217, -4.839042663574219, -4.848572731018066, -4.858270645141602, -4.868137836456299, -4.878172874450684, -4.888376235961914, -4.898748397827148, -4.90928840637207, -4.919997215270996, -4.930873870849609, -4.941918849945068, -4.953132152557373, -4.964513301849365, -4.976062774658203, -4.9877800941467285, -4.9996657371521, -5.011719226837158, -5.023940563201904, -5.036329746246338, -5.048886775970459, -5.061611175537109, -5.0745038986206055, -5.087563514709473, -5.100790977478027, -5.114185810089111, -5.127748012542725, -5.141477108001709, -5.155373573303223, -5.169436931610107, -5.183667182922363, -5.198063850402832, -5.212627410888672, -5.227357387542725, -5.24225378036499, -5.257315635681152, -5.272543907165527, -5.287937641143799, -5.303497314453125, -5.319221496582031, -5.335111141204834, -5.351165771484375, -5.367384910583496, -5.383767604827881, -5.400314807891846, -5.417025566101074, -5.43389892578125, -5.4509358406066895, -5.46813440322876, -5.485495090484619, -5.503017425537109, -5.520700931549072, -5.538544178009033, -5.55654764175415, -5.574710369110107, -5.593031883239746, -5.611510753631592, -5.6301469802856445, -5.648939609527588, -5.6678876876831055, -5.686989784240723, -5.7062458992004395, -5.725654125213623, -5.745213985443115, -5.764924049377441, -5.784782409667969, -5.804789066314697, -5.824941158294678, -5.845237731933594, -5.8656768798828125, -5.886257648468018, -5.90697717666626, -5.927833557128906, -5.948824882507324, -5.969948768615723, -5.991203308105469, -6.012584686279297, -6.034090518951416, -6.055717945098877, -6.0774641036987305, -6.099325180053711, -6.121297359466553, -6.143377304077148, -6.165559768676758, -6.187841892242432, -6.210216999053955, -6.232682704925537, -6.255231857299805, -6.277858257293701, -6.300557613372803, -6.32332181930542, -6.3461456298828125, -6.369020462036133, -6.391939640045166, -6.414894104003906, -6.437876224517822, -6.460875988006592, -6.483883380889893, -6.506889343261719, -6.529881477355957, -6.552849769592285, -6.575780868530273, -6.598662376403809, -6.6214799880981445, -6.64422082901001, -6.666868686676025, -6.689408302307129, -6.711822986602783, -6.734094619750977, -6.756206512451172, -6.778137683868408, -6.799869537353516, -6.821380615234375, -6.842649459838867, -6.863653659820557, -6.884369373321533, -6.904772758483887, -6.924839496612549, -6.94454288482666, -6.9638566970825195, -6.982754230499268, -7.0012078285217285, -7.019188404083252, -7.036668300628662, -7.053618431091309, -7.070009231567383, -7.085811138153076, -7.1009955406188965, -7.115532398223877, -7.129393577575684, -7.142550468444824, -7.154974937438965, -7.166640281677246, -7.177519798278809, -7.187589645385742, -7.19682502746582, -7.205204963684082, -7.212707996368408, -7.219316482543945, -7.225012302398682, -7.2297821044921875, -7.233612537384033, -7.236495018005371, -7.238420486450195, -7.239384651184082, -7.239384651184082, -7.238420486450195, -7.236495018005371, -7.233612537384033, -7.2297821044921875, -7.225012302398682, -7.219316005706787, -7.212707996368408, -7.205204963684082, -7.1968255043029785, -7.187589645385742, -7.177520275115967, -7.166640281677246, -7.154974937438965, -7.142550468444824, -7.129394054412842, -7.115532398223877, -7.1009955406188965, -7.085811138153076, -7.070009231567383, -7.053618431091309, -7.036668300628662, -7.01918888092041, -7.0012078285217285, -6.982754707336426, -6.9638566970825195, -6.94454288482666, -6.924839496612549, -6.904772758483887, -6.884369850158691, -6.863653659820557, -6.842649459838867, -6.821380615234375, -6.799869537353516, -6.778138160705566, -6.756206512451172, -6.734095096588135, -6.711822986602783, -6.689408779144287, -6.666868686676025, -6.644221305847168, -6.6214799880981445, -6.598662376403809, -6.575780868530273, -6.552849769592285, -6.529881954193115, -6.506889343261719, -6.483883857727051, -6.460875988006592, -6.4378767013549805, -6.4148945808410645, -6.391939640045166, -6.369020938873291, -6.3461456298828125, -6.323322296142578, -6.300557613372803, -6.277858734130859, -6.255231857299805, -6.232683181762695, -6.2102179527282715, -6.187841892242432, -6.165560245513916, -6.143377304077148, -6.121297836303711, -6.099325180053711, -6.077464580535889, -6.055718421936035, -6.034090518951416, -6.012584686279297, -5.991203308105469, -5.969948768615723, -5.948824882507324, -5.9278340339660645, -5.906977653503418, -5.886257648468018, -5.865677356719971, -5.845238208770752, -5.8249406814575195, -5.804789066314697, -5.784782886505127, -5.7649245262146, -5.745213985443115, -5.725654602050781, -5.7062458992004395, -5.686989784240723, -5.6678876876831055, -5.648940086364746, -5.630147457122803, -5.611510753631592, -5.593031883239746, -5.574710845947266, -5.556548118591309, -5.538544178009033, -5.520700931549072, -5.503017902374268, -5.485495090484619, -5.46813440322876, -5.4509358406066895, -5.433899402618408, -5.417025566101074, -5.400314807891846, -5.383768081665039, -5.367384433746338, -5.351165771484375, -5.335111618041992, -5.3192219734191895, -5.303497314453125, -5.287937641143799, -5.272543907165527, -5.257315635681152, -5.24225378036499, -5.227357387542725, -5.21262788772583, -5.198063850402832, -5.183667182922363, -5.169436931610107, -5.155374050140381, -5.141477108001709, -5.127748012542725, -5.1141862869262695, -5.100790977478027, -5.087563514709473, -5.0745038986206055, -5.061611652374268, -5.048886775970459, -5.036329746246338, -5.0239410400390625, -5.011719226837158, -4.9996657371521, -4.987780570983887, -4.976063251495361, -4.964513301849365, -4.953132152557373, -4.941918849945068, -4.930873870849609, -4.919997215270996, -4.90928840637207, -4.898748397827148, -4.888376235961914, -4.878172874450684, -4.868137836456299, -4.85827112197876, -4.848572731018066, -4.839042663574219, -4.829681396484375, -4.820487976074219, -4.811463832855225, -4.802607536315918, -4.793920040130615, -4.785400867462158, -4.777050971984863, -4.768868923187256, -4.760855674743652, -4.753011226654053, -4.745335102081299, -4.737827777862549, -4.7304887771606445, -4.723319053649902, -4.716317176818848, -4.709484577178955, -4.702820301055908, -4.696324825286865, -4.689997673034668, -4.683839797973633, -4.677850246429443, -4.672029495239258, -4.666377067565918, -4.660893440246582, -4.65557861328125, -4.650432586669922, -4.6454548835754395, -4.640646457672119, -4.6360063552856445, -4.631535530090332, -4.627232551574707, -4.623098850250244, -4.619133472442627, -4.615336894989014, -4.6117095947265625, -4.608250617980957, -4.6049604415893555, -4.6018385887146, -4.598886013031006, -4.596101760864258, -4.593486309051514, -4.591040134429932, -4.588761806488037, -4.586652755737305, -4.584712505340576, -4.582940578460693, -4.581337928771973, -4.579903602600098, -4.578638076782227, -4.577541351318359, -4.576613426208496, -4.575854301452637, -4.575263500213623, -4.5748419761657715, -4.574588775634766, -4.574504852294922]
loss_function_weights_cosine 	 [-1.0, 0.0, 0.0, 0.0, 0.0, 0.0, 0.0, 0.0, 0.0, 0.0]
loss_function_weights_sine 	 [0.0, 0.4000000059604645, -0.25999999046325684, 0.0, 0.0, 0.0, 0.0, 0.0, 0.0, 0.0]
=======
4 1.7175 2.148
6 1.29 1.2356
6 1.7325 1.5233
4 0.615 0.7856
5 2.4375 2.3434
6 2.4675 2.4515
7 1.9575 1.7511
7 0.48 0.4226
5 1.56 1.3788
5 0.9825 1.0009
5 0.75 0.859
4 2.8575 2.8565
6 2.9925 3.01
7 0.135 0.1234
7 2.58 2.6198
5 1.8075 1.4597
4 1.1475 2.1747
7 0.8475 0.8923
4 2.025 0.8964
5 1.3725 1.7714
7 2.055 1.9262
7 1.9875 1.9466
6 0.3975 0.4019
5 2.3025 2.2754
6 2.9475 2.9636
6 2.91 3.0294
4 1.8375 1.9005
5 0.135 0.0939
7 0.015 -0.0877
6 0.405 0.4091
7 2.82 2.7605
4 0.9075 0.7879
5 1.095 1.4108
5 2.6925 2.6631
7 0.945 0.8878
4 1.65 1.3149
5 1.305 1.2549
4 0.195 0.1235
6 1.755 1.5421
4 2.535 2.7057
4 0.4725 0.5574
4 0.675 0.7188
5 1.2375 1.4719
4 0.1125 0.1789
7 1.4925 1.7669
5 2.4525 2.3184
7 1.9725 1.7531
7 1.5975 1.3112
5 2.565 2.4284
5 0.45 0.3668
4 1.7025 1.4477
4 1.125 0.9803
6 1.8075 1.6462
7 0.3375 0.3019
5 2.325 2.2744
5 0.2925 0.2748
6 0.5025 0.4862
4 2.4225 2.5487
6 2.8425 2.8584
5 1.2975 1.5316
6 1.245 1.027
6 0.735 0.7438
7 0.825 0.7279
4 1.8525 1.69
5 0.5325 0.64
7 0.36 0.3194
6 1.365 1.2149
5 0.495 0.9114
6 1.9425 1.313
4 2.46 2.1313
5 2.3325 1.6501
4 1.44 0.2804
4 1.0425 1.2079
4 1.305 0.9356
6 0.015 0.0699
7 2.1375 2.22
7 0.9975 1.1974
5 0.96 0.696
4 0.24 0.2744
7 1.3425 1.8167
7 1.7475 1.3288
4 1.17 0.8348
7 2.61 2.6294
7 2.0175 1.5453
7 0.7275 0.7848
5 1.575 2.0193
6 2.73 2.6298
6 1.56 1.4401
6 1.8075 1.5827
6 0.1875 0.0916
7 1.47 1.4843
6 1.3875 1.3557
5 1.2 0.9595
4 1.26 1.7359
4 1.755 1.6249
5 1.6125 1.3604
4 1.47 0.9882
4 0.495 0.3569
4 1.3275 0.7413
5 2.9025 2.8201
6 1.245 1.1792
4 0.105 0.1248
6 0.0075 0.15
4 1.605 0.9813
5 0.15 0.1589
4 0.2775 0.2598
4 0.33 0.309
7 1.365 1.3774
7 2.9775 3.0419
5 1.455 1.2513
5 1.3725 1.2118
4 1.3125 2.1657
6 1.5 1.4846
5 1.3425 1.6737
6 2.175 1.9671
7 2.6925 2.7141
6 2.0925 2.1028
7 1.2675 1.4512
5 1.95 2.1535
6 2.73 2.7243
6 0.4575 0.394
5 0.7125 0.7052
4 1.86 1.0492
4 2.0625 0.7762
6 1.9275 1.704
7 1.7625 1.6204
6 2.49 2.4587
5 1.44 1.1215
6 2.4225 2.3657
5 2.8875 2.9165
5 1.305 1.6963
4 2.58 2.5466
5 2.1525 1.6076
7 2.6625 2.8171
4 0.135 0.0942
6 2.7375 2.7159
4 2.3025 1.974
5 2.8875 2.882
7 2.9475 2.9538
7 0.855 0.8174
4 2.01 2.4499
4 0.4275 0.5208
7 1.785 1.3661
7 2.76 2.802
4 0.5775 0.4314
7 1.05 0.9318
6 0.24 0.2792
6 0.585 0.5984
5 0.6225 0.6709
4 0.285 0.1731
6 2.9925 3.0352
5 2.6625 2.5188
7 1.395 1.0679
6 2.2275 1.9542
5 2.085 1.7087
5 1.5675 1.4746
4 1.2675 1.226
7 1.995 1.8883
6 1.665 1.3457
5 0.795 0.5219
6 1.095 1.108
6 1.8825 1.8679
5 1.8825 2.1656
5 0.63 0.5613
5 1.83 1.1458
5 2.625 2.7149
4 2.6175 2.6063
4 1.9575 1.7979
7 0.21 0.2185
5 1.2675 1.3405
5 0.27 0.391
5 0.165 0.1694
5 0.765 1.7154
7 1.3725 1.1033
5 2.28 1.9999
4 1.89 1.2905
5 0.8475 0.9049
5 2.085 2.1298
6 1.5225 1.5385
6 1.5225 1.291
4 0.7875 1.0344
6 1.3275 1.2997
5 1.0275 1.1215
6 2.1825 1.7565
5 1.4475 1.519
7 1.3425 1.4649
5 1.4325 1.9021
6 1.44 1.2131
4 2.07 1.4816
6 2.16 1.9954
7 2.4 2.3308
5 1.215 1.5706
5 2.3775 2.455
5 2.895 2.8745
5 2.9775 2.914
5 2.16 1.661
5 0.195 0.1763
5 2.5425 2.574
5 2.5125 2.5985
4 0.0525 0.0542
4 0.9825 1.7208
4 0.9675 0.8985
7 2.22 2.1647
7 1.83 1.6692
6 0.8475 1.0867
5 0.5625 0.9023
6 0.5025 0.6255
5 0.285 0.3486
7 2.37 2.4058
5 2.805 2.8063
5 0.66 0.622
6 2.235 2.303
5 2.85 2.7857
6 0.5775 0.8586
7 1.7175 1.2057
5 1.32 1.0282
5 2.925 2.8717
7 2.61 2.658
7 0.045 0.0682
4 0.6075 1.2492
4 2.5425 2.5643
7 1.725 1.8014
7 1.5675 1.257
5 2.43 2.1079
4 2.295 2.4018
5 2.865 2.8257
5 0.9825 1.4455
6 0.1425 0.0764
6 2.0775 2.1815
7 0.15 0.1442
6 1.695 1.4706
7 2.58 2.5846
4 1.1925 1.3471
5 1.8 2.2701
4 0.5175 0.4861
5 0.4725 0.567
5 1.815 1.493
4 2.595 2.5105
5 2.9925 2.9427
5 0.09 0.3845
7 2.76 2.7471
6 1.53 1.2099
4 1.05 1.9095
7 1.1925 1.0571
6 1.7325 1.3431
5 1.0425 1.1297
4 0.435 0.4659
4 2.595 2.3882
4 2.1225 2.1655
5 1.83 1.9822
6 2.1675 2.3204
6 2.955 2.9326
7 0.525 0.4976
4 2.475 2.5726
5 2.4675 2.351
4 1.0275 1.9026
7 1.68 1.6046
7 1.3725 1.4505
4 0.585 0.7849
6 1.2975 1.8108
5 0.4575 0.5076
4 2.7975 2.9669
5 0.5625 0.8062
6 1.905 2.0454
4 1.71 1.6818
7 2.925 2.9965
5 2.3775 2.4416
5 1.08 1.4427
6 1.125 1.23
5 0.15 0.1423
4 0.1575 0.0796
4 0.93 1.1787
6 2.85 2.9012
6 0.15 0.1423
6 0.5325 0.6706
6 1.905 1.7615
4 1.08 1.9323
5 0.555 0.5095
4 2.8425 2.3726
7 0.1275 0.2002
5 1.7925 1.7119
6 1.29 1.6607
5 1.035 0.984
5 0.585 0.7946
6 0.4875 0.4178
7 1.215 1.2965
7 2.2575 2.3285
4 1.4025 1.459
5 2.3325 2.2946
4 2.6325 2.0404
4 0.5175 0.8301
7 2.64 2.5234
5 1.7475 2.1137
7 1.26 0.9959
7 1.5375 1.3471
5 2.67 2.8444
4 1.1775 1.1195
6 0.285 0.3586
7 2.88 2.9361
4 0.3525 0.64
7 0.3225 0.2634
4 2.1675 1.3261
5 0.93 0.8903
5 0.87 0.7211
6 1.95 1.9389
5 2.6775 2.6451
4 1.035 1.672
4 2.7225 2.7743
4 1.86 0.8226
5 1.8225 1.8931
6 1.5975 1.9273
5 0.0375 0.2459
7 0.4725 0.5743
5 2.0325 2.3595
6 2.0775 1.769
7 0.2925 0.3219
6 1.9125 1.6327
7 1.425 1.2523
7 1.7325 1.6157
6 1.2 1.1116
6 0.6525 0.6511
5 1.065 1.5679
5 2.91 2.9165
6 0.5625 0.5322
6 2.5875 2.6788
5 1.59 1.9785
5 0.225 0.3408
6 2.43 2.4245
6 0.0525 0.059
5 2.5125 2.558
5 1.0125 0.9543
7 2.7525 2.8063
6 2.1825 2.0533
4 1.0725 1.5694
6 1.875 1.7166
6 2.9625 3.0555
7 0.51 0.452
5 0.615 0.6777
4 0.87 1.3862
7 2.46 2.5341
4 0.7425 1.6724
6 0.7425 0.8826
5 1.845 1.6161
7 1.755 1.8233
7 1.2525 1.4298
7 1.65 1.999
4 0.09 0.118
6 0.015 0.078
5 0.0825 0.079
6 0.165 0.2591
6 2.31 1.8397
7 2.94 2.833
7 0.375 0.4017
7 1.155 1.0823
4 0.045 0.107
7 1.305 1.1104
6 1.9875 1.7799
5 1.875 2.3611
6 2.7075 2.7908
7 1.6575 1.5235
4 0.1575 0.2118
6 1.1325 1.2064
6 1.38 1.4477
7 1.005 1.4438
4 0.105 0.0924
4 1.8825 2.651
6 1.47 1.4174
4 2.13 2.444
5 1.095 1.7088
5 0.21 0.071
7 0.795 0.8332
7 0.525 0.5516
7 1.38 1.4031
4 0.4575 0.8831
7 0.2325 0.3722
5 1.575 2.0501
4 0.42 1.1149
6 0.315 0.2049
6 0.36 0.2765
7 2.115 2.2095
4 2.4225 2.3144
7 2.43 2.4473
6 1.725 1.6263
7 1.905 1.2641
6 2.2575 2.0395
6 1.2825 1.4782
7 1.53 1.4836
4 2.1375 1.09
7 1.905 1.7708
5 1.83 2.2024
6 1.9425 1.7089
5 1.605 2.1575
7 0.645 0.6263
7 0.915 0.8837
4 2.0775 2.4427
4 1.26 0.8571
6 2.5725 2.5595
6 1.125 1.4771
4 2.01 1.6094
4 0.345 0.3277
5 0.9 1.0146
4 2.55 2.517
6 0.525 0.5933
6 1.875 1.6154
5 0.0825 0.2607
6 1.83 2.0399
4 1.3575 0.8799
7 2.7 2.711
5 2.475 2.5699
6 2.3175 2.2628
6 1.0125 0.9281
7 2.01 1.9427
6 0.465 0.3591
6 1.47 1.5305
5 1.17 0.9015
6 1.41 1.8578
6 0.825 0.9917
5 0.6375 0.8913
7 1.56 1.7186
7 1.9575 1.8611
6 1.6875 1.4188
6 2.8575 2.8737
5 1.6725 1.4029
6 0.45 0.569
7 1.9275 2.0281
5 0.9525 1.2844
5 2.8125 2.7269
5 0.39 0.3067
7 1.3725 1.0527
4 2.0175 1.7061
6 2.91 2.9225
7 1.5675 1.4553
6 1.14 1.6126
4 2.3325 2.4253
6 2.3625 2.3166
6 2.7375 2.6717
5 2.1675 2.0565
7 0.3825 0.3903
4 2.9775 2.8715
6 2.79 2.7865
4 1.305 1.0701
6 1.98 1.9608
5 2.505 2.5109
6 2.7525 2.6876
4 2.1675 1.7377
5 0.27 0.2107
5 0.2025 0.0687
5 1.1025 1.9758
6 1.365 1.3014
7 0.9375 0.8719
6 2.25 2.1496
4 2.2875 2.6543
5 1.2 1.4931
5 2.0925 1.7661
6 0.5775 0.5881
4 2.8575 2.9186
4 0.7275 1.3689
5 0.465 0.382
7 1.1475 0.9471
4 2.5875 2.6196
4 1.7925 1.8292
5 2.055 1.8103
4 2.4525 2.338
7 1.155 1.1776
4 2.88 2.8633
7 2.9625 2.9441
6 1.605 1.5971
7 2.25 2.3265
4 2.565 2.3456
7 1.7775 1.7672
5 0.39 0.4924
7 1.9725 2.0763
4 1.365 1.3661
7 2.565 2.6288
6 0.63 0.5851
7 0.0375 -0.0625
5 0.54 0.5877
4 0.51 0.4816
6 1.155 1.4162
7 0.6225 0.7265
6 1.005 1.2775
6 1.77 1.5254
5 0.465 0.3813
4 1.455 1.3906
7 1.065 1.1923
5 0.015 0.1732
4 2.025 1.5395
7 1.5075 1.4005
5 2.325 2.6192
6 2.6325 2.6263
7 0.1425 0.0975
5 2.145 1.6289
4 1.38 1.0277
7 2.625 2.618
7 0.345 0.3275
7 2.52 2.466
4 1.29 0.7217
4 0.2775 0.3858
5 1.3875 1.3604
5 2.6325 2.6234
4 0.2175 0.2928
6 1.1325 1.208
7 0.24 0.2457
5 0.0225 0.1026
5 2.4825 2.299
7 1.65 1.7958
5 1.71 1.088
6 2.7 2.6765
6 0.255 0.2989
5 2.835 2.6965
5 2.2575 2.3134
4 2.55 2.5833
5 2.445 2.1704
4 1.185 1.4202
7 0.0675 0.04
5 2.9925 2.9341
7 1.8975 1.5351
5 2.1375 2.276
6 2.085 2.1028
5 0.9 0.9826
7 1.9725 1.9278
7 1.35 1.7645
5 0.6825 0.7074
5 1.5 1.3301
4 1.4025 0.8389
5 0.9075 1.3855
7 2.25 2.3039
5 2.73 2.8216
7 1.7925 1.7793
6 0.0675 0.1127
6 1.635 1.8074
5 1.89 1.4549
7 2.445 2.5029
7 0.9075 1.0507
5 0.705 0.8907
6 1.1175 1.3835
7 0.48 0.5008
4 2.34 2.5772
5 0.0825 0.0336
7 1.695 1.8622
4 2.4975 2.5334
6 0.0975 0.1097
5 0.495 0.7184
4 2.9775 2.9073
6 0.9225 1.2282
4 2.3025 2.2515
4 0.0825 0.2014
5 1.4025 1.1078
4 0.1275 0.1254
7 0.735 0.7154
6 0.0525 0.1496
5 2.04 2.0851
4 1.365 1.4414
5 1.0575 1.9987
6 1.26 1.2416
7 2.04 1.6529
4 0.78 1.9809
4 0.465 0.5267
6 0.1275 0.122
7 1.965 1.6742
4 1.995 1.7238
6 0.72 0.7316
7 1.545 1.8838
5 2.91 2.9103
6 1.4175 1.7282
5 2.295 2.379
4 1.05 1.4699
7 1.6575 1.7257
7 2.3325 2.5579
5 2.0925 1.9545
5 1.7925 1.8019
5 0.885 1.1124
5 0.1725 0.2318
5 1.4475 1.2671
4 2.1675 1.4019
4 1.08 0.8728
5 2.1825 2.4297
5 1.41 1.0114
4 0.21 0.277
5 1.74 1.4677
7 1.65 1.3063
4 0.9675 0.7912
4 0.6 0.6397
7 2.955 2.9703
6 1.755 1.4426
7 2.175 2.0306
4 0.1275 0.0643
7 2.1975 2.0618
7 0.4875 0.5574
4 1.4475 0.9428
5 1.1775 1.766
7 1.17 1.0776
7 2.37 2.4276
6 0.6075 0.6725
6 2.835 2.8392
7 2.55 2.5337
5 1.4775 1.036
5 2.625 2.7462
6 1.65 1.6701
7 2.7525 2.7006
4 1.4625 1.7375
5 2.9325 3.0955
6 2.235 1.7708
7 1.9725 2.0884
6 2.985 2.9678
4 2.085 1.3805
5 0.735 1.3104
5 1.9425 1.5146
7 0.51 0.5181
4 1.215 0.6565
7 2.1075 1.7162
6 0.57 0.5291
7 1.2675 1.2126
6 0.69 1.0244
6 1.245 1.049
6 0.6975 0.5185
4 2.1075 1.8379
4 2.505 2.679
6 1.44 1.2705
4 2.1375 2.3859
5 2.265 2.4704
4 2.4225 2.7054
6 2.4075 2.3868
7 1.9725 1.9008
5 2.2125 2.3939
6 2.19 2.0864
6 1.5675 1.1272
6 2.385 2.2973
4 0.57 1.3004
4 2.16 1.8596
6 1.9125 1.6956
7 1.62 1.5994
6 1.815 2.0887
6 2.7525 2.7798
4 2.37 1.4032
5 2.07 1.6605
7 2.7 2.7129
7 2.6175 2.6045
5 0.9825 1.2971
6 2.58 2.6087
5 2.655 2.5712
7 1.7475 1.8491
6 2.775 2.8906
7 0.525 0.4033
4 2.4075 2.5869
7 0.7275 0.7324
4 1.2 1.8374
4 1.5225 1.4179
6 1.2675 1.4306
7 1.5525 1.8205
4 0.2775 0.0918
5 0.18 0.2303
5 2.175 1.3295
6 0.81 0.9489
6 0.8325 1.027
7 2.1 1.8635
5 2.2725 1.9964
7 1.605 1.6221
6 2.4525 2.4099
4 1.05 1.6843
7 2.67 2.7539
5 1.9125 1.6896
6 2.5425 2.4126
6 2.445 2.3383
5 2.1 1.5963
4 2.775 2.7015
5 2.265 2.4479
4 1.35 1.4367
4 0.3525 0.4148
7 1.2075 1.5372
4 1.845 2.1849
4 0.0675 0.1134
5 1.7925 1.7118
5 1.2225 1.5746
4 1.425 1.1807
4 0.195 0.2539
4 0.2325 0.2533
7 1.9425 1.9398
6 0.81 0.5747
7 0.465 0.5963
5 2.6025 2.491
6 0.1725 0.1927
7 2.1075 2.0334
5 2.4675 2.3583
6 2.6925 2.7534
7 1.98 1.6884
6 0.1575 0.143
6 1.3125 1.3866
4 2.625 2.6742
7 1.23 1.6609
6 1.605 1.8908
6 2.2275 2.2542
6 1.7325 1.8641
4 1.08 1.2151
4 1.7775 1.3241
6 1.395 1.9955
6 0.9975 1.0386
6 0.21 0.3069
6 0.78 0.889
7 2.985 2.9154
7 0.8775 1.0423
5 1.0425 1.3978
5 2.94 2.9261
4 0.3075 0.0569
5 0.7575 0.6216
4 1.1325 1.4845
4 1.395 1.6845
5 1.215 1.1341
4 0.825 0.528
4 0.45 0.6596
4 1.665 1.9918
5 0.51 0.5828
5 0.0075 0.0862
6 2.28 2.3088
6 2.2875 2.1934
5 1.08 1.729
4 2.6475 2.642
5 0.48 0.6354
4 2.7 2.8224
4 2.0475 1.374
5 2.01 1.6442
5 0.15 0.1491
7 2.2875 2.0153
6 0.51 0.5583
6 1.605 1.5997
6 1.65 1.3045
6 0.18 0.0509
4 0.885 2.0133
6 2.76 2.79
7 2.28 2.296
5 0.9225 1.8253
6 2.9325 2.9821
5 0.2175 0.1359
7 1.9575 1.9541
4 2.4075 2.4249
5 2.5425 2.5521
6 1.9425 1.8384
5 2.22 1.8166
5 0.7425 0.5912
7 2.3475 2.4477
6 2.04 2.0736
6 1.725 1.8106
7 0.8025 0.7886
6 2.0175 2.1403
7 0.15 0.1961
6 1.5075 1.5186
5 1.9725 2.1268
4 1.0125 1.9248
6 1.8 2.0406
5 0.165 0.1097
7 1.005 1.3417
5 1.47 1.4445
7 2.4825 2.429
6 1.6125 1.7834
7 2.79 2.7932
5 1.1175 1.3027
6 2.6775 2.8233
7 1.7475 1.3967
5 1.41 1.0561
5 0.5475 0.4262
7 2.4825 2.4082
7 2.385 2.2679
4 1.1625 1.3538
4 0.9675 1.0508
4 0.825 0.7568
6 1.02 1.333
7 0.27 0.2911
6 2.565 2.67
4 1.305 1.2136
7 0.5325 0.4374
6 2.0475 1.7989
7 0.525 0.733
5 2.64 2.7836
4 0.015 0.1253
5 1.6575 1.4044
5 1.92 1.6593
7 1.0275 1.0642
6 0.5775 0.4076
4 2.7 2.657
6 1.7775 1.5891
4 2.085 2.4687
4 0.495 0.7309
7 0.03 -0.0
7 2.7225 2.6939
7 0.5625 0.6378
7 0.165 0.1496
7 2.3325 2.3701
6 1.7025 1.1974
5 0.0525 0.0351
5 1.6725 1.8555
6 1.53 1.3838
7 2.7675 2.8917
5 1.77 2.1057
6 0.45 0.4411
6 1.875 2.018
6 2.4 2.2259
7 2.9025 2.8673
4 0.93 1.0051
6 1.7325 1.5158
7 0.1425 0.0378
5 2.865 2.8912
7 0.4275 0.3698
4 1.9575 2.2585
5 2.565 2.4394
4 1.44 0.9089
6 2.9325 2.9743
7 1.2225 1.3475
7 1.7025 1.7748
6 2.5575 2.4412
6 0.0525 -0.0444
5 2.5875 2.5923
4 2.535 2.6244
4 0.495 0.6306
6 2.0925 2.0758
6 0.825 0.7983
7 0.5775 0.7093
6 1.53 1.5847
5 2.1375 1.5587
5 1.14 1.3491
4 1.02 0.7065
6 0.675 0.7917
4 1.725 0.6136
6 1.7475 1.6889
5 2.6025 2.5647
5 2.505 2.5521
5 0.0225 0.1483
7 0.4425 0.326
7 0.3975 0.4192
7 0.8175 0.7985
6 2.2275 2.4344
5 1.47 1.4057
4 2.19 1.9322
4 2.5275 2.0171
7 1.11 1.3831
5 0.0075 0.1554
7 0.6375 0.6624
6 1.8525 1.8661
6 1.7175 1.4433
7 0.615 0.6841
5 2.265 2.2772
6 0.09 0.0799
7 0.465 0.462
5 1.5525 1.4074
7 1.815 1.7839
7 2.7525 2.7692
5 1.155 0.5007
5 2.4375 2.468
6 1.4175 1.3305
4 0.9075 1.9646
7 2.8575 2.878
7 1.485 1.5331
5 2.1225 1.9266
5 0.8775 1.273
7 2.655 2.5953
4 1.4325 1.4898
5 0.1425 0.2464
5 0.2025 0.3712
5 1.0575 1.0908
5 1.2825 1.0696
5 0.33 0.3013
7 2.55 2.6023
5 1.6725 1.6963
6 2.8425 2.9467
4 1.95 2.0485
4 2.4 2.486
5 0.51 0.5292
4 0.135 0.0495
4 0.6825 0.7195
6 1.26 1.7254
4 0.15 0.3376
7 2.7825 2.8202
5 0.9 1.1367
5 2.3775 2.4335
6 0.135 0.0383
6 2.55 2.6029
6 0.9975 1.2587
5 1.545 1.9252
6 1.83 1.6449
7 1.83 1.7583
7 0.885 0.8315
4 0.765 0.7522
7 1.1625 1.3434
5 1.665 0.958
7 0.0 0.0484
4 0.6825 1.3956
7 0.21 0.1591
7 2.4975 2.446
6 2.1 1.986
6 2.4975 2.5309
5 2.01 2.0122
5 0.105 0.3067
7 0.9825 1.1208
5 2.6475 2.4708
7 1.4025 1.5434
7 0.9675 0.9523
5 0.4725 0.7338
7 2.7375 2.6704
5 0.285 0.5026
4 1.08 0.7516
6 0.945 1.0903
5 1.9125 2.0449
6 2.7375 2.8006
5 2.22 2.283
7 2.895 2.9512
4 0.855 1.1473
5 2.235 2.0985
4 2.1375 2.2665
6 0.1575 0.206
4 1.725 1.153
5 2.6325 2.5665
5 0.09 0.2933
4 0.6825 0.477
5 1.605 1.9116
6 1.8225 1.5644
7 1.635 1.7275
4 2.6475 2.3979
5 1.14 1.7815
7 1.9725 2.0091
5 1.635 1.5504
7 2.4675 2.4504
6 1.17 1.1694
4 2.76 2.7431
6 2.5425 2.4904
4 2.1675 2.1438
4 2.745 2.3769
6 1.9875 1.8095
5 0.885 1.0439
7 2.88 2.9155
7 1.0575 1.1119
6 1.0425 1.1714
7 1.8825 2.0259
6 1.5 1.8658
4 2.9925 2.7882
5 1.245 1.0134
5 2.7975 2.7055
6 1.35 0.9562
6 0.675 0.7576
4 1.605 1.3265
4 2.0175 1.0049
5 0.9 1.1811
5 1.7625 1.5852
6 1.3125 1.6794
4 0.0675 0.0151
6 0.195 0.157
5 1.14 1.0307
6 2.1 2.0735
7 0.4725 0.4828
6 2.8875 2.9238
7 1.0875 1.3644
6 0.3225 0.3297
7 0.5625 0.6301
6 2.76 2.9076
5 2.535 2.4999
6 1.9875 2.1382
4 0.1725 0.0765
5 1.9275 1.6443
4 0.0675 0.1064
5 0.705 0.8158
7 0.2025 0.1894
6 2.01 1.9273
7 2.46 2.4221
4 0.7875 0.9016
5 2.985 2.8768
5 1.6275 1.1189
7 2.55 2.4886
4 0.5925 0.4641
6 2.3925 2.3316
5 1.89 1.7298
5 0.2325 0.2327
7 2.295 2.3068
5 2.295 2.2202
7 1.1325 1.2343
7 0.795 0.7275
5 0.225 0.2839
5 1.8075 2.1095
4 0.9 1.2986
4 0.6975 0.5398
4 1.35 1.9207
5 0.3825 0.438
7 1.98 1.7768
4 0.975 0.8264
7 0.885 0.9307
7 1.2975 1.5686
5 1.305 1.2971
4 1.305 1.0175
5 0.765 1.0156
4 2.2575 1.5076
6 2.685 2.6413
4 1.695 1.8178
5 2.1675 1.6582
4 2.43 1.6721
7 0.855 1.0494
6 2.61 2.4914
5 1.71 1.2751
4 1.905 2.187
7 1.6575 1.2798
5 2.655 2.863
6 1.4775 1.1446
4 2.13 2.3217
7 0.78 0.7013
5 0.48 0.4977
4 1.62 1.6449
4 2.475 1.8137
4 0.435 0.325
6 2.175 2.0564
4 0.825 0.4926
7 0.3375 0.3409
5 2.43 2.3999
4 0.1725 0.1112
4 1.26 1.0335
5 1.965 1.8448
6 2.1075 2.1205
5 2.295 2.4355
5 0.3 0.2398
4 0.39 0.1742
6 0.915 1.2975
6 2.5275 2.541
7 2.685 2.6688
4 1.2675 1.6536
7 0.8475 0.913
7 1.845 1.8661
5 1.29 1.4662
7 0.06 0.0774
5 1.8225 1.4903
6 2.7825 2.7726
7 1.995 2.0227
6 2.175 2.1708
7 0.21 0.23
7 1.8375 1.6836
4 2.82 2.9103
5 0.8175 1.0623
7 0.96 0.9515
5 0.75 0.6808
5 1.7925 1.4377
6 1.035 1.9197
7 2.55 2.5898
7 2.0325 1.7728
7 1.635 1.5267
4 2.2875 1.9014
6 0.6225 0.5658
6 0.75 0.857
4 1.2675 1.482
5 1.185 1.2363
5 1.32 0.8777
5 2.9625 2.9666
4 0.975 1.2424
6 2.5425 2.5974
4 2.4975 2.6822
4 0.9525 0.6599
5 1.1775 0.9091
6 0.0675 0.0388
6 2.085 1.7291
6 1.455 1.2302
6 0.51 0.5438
6 2.7075 2.7192
6 1.3425 1.0272
7 0.7275 0.6928
4 1.425 0.639
6 0.51 0.4805
6 0.72 0.9655
6 1.935 2.163
7 1.965 1.9953
6 0.315 0.1987
4 2.205 1.7592
4 2.3175 2.3846
6 1.6125 1.6484
5 1.83 2.0038
4 1.83 0.8659
4 2.325 2.305
5 2.1375 2.1724
4 2.355 2.3584
7 1.5525 1.8272
5 1.4025 1.8326
7 0.42 0.5345
7 2.0175 2.1224
4 1.9275 0.8657
5 2.31 2.5504
7 1.9425 1.9899
5 1.485 1.228
7 0.1725 0.14
5 1.95 1.9978
7 2.025 1.8512
6 0.405 0.4265
7 0.705 0.7353
6 1.3875 1.2475
5 0.3525 0.3341
5 2.985 2.7518
5 0.2175 0.0112
6 2.1 1.9326
7 2.6175 2.5394
5 0.18 0.1284
4 1.44 2.0845
4 1.32 1.6092
7 2.9325 2.9436
7 2.88 2.9454
5 1.7475 1.5971
4 2.25 1.8287
4 2.6025 2.659
4 0.3225 0.3172
7 0.33 0.308
6 1.92 1.9677
7 2.7225 2.7355
6 2.13 2.1681
5 2.7375 2.598
7 0.495 0.5684
5 0.825 1.6019
6 0.57 0.477
7 1.62 1.246
7 2.8725 2.8485
4 0.6 1.0133
4 1.335 2.3691
7 1.4025 1.5346
6 1.6425 1.681
6 0.9 0.8762
7 1.3425 1.2204
6 0.0 0.0752
6 0.0075 0.0738
6 1.575 1.9742
5 0.315 0.3227
6 1.83 1.7818
6 1.23 1.5388
5 1.2975 1.0885
7 0.8925 0.9148
4 2.5875 2.3379
7 1.035 1.5949
4 2.595 2.4822
7 0.195 0.1412
7 1.8975 1.6164
4 0.555 0.4248
5 2.775 2.6519
7 0.135 0.0282
4 2.4975 0.1361
6 2.3025 2.3779
6 1.1925 1.1038
4 0.195 0.4318
5 2.1225 2.2634
6 2.175 2.1473
7 2.3775 2.2729
5 2.04 2.0821
6 2.4675 2.5662
7 1.1925 1.0001
6 1.9425 1.531
6 2.7075 2.7346
5 0.8775 0.8868
7 0.6825 0.7085
6 0.9075 0.9749
6 0.0525 0.1507
5 2.5275 2.5421
7 0.525 0.6038
5 0.0225 0.0846
7 0.7875 0.8128
5 1.41 1.8409
6 2.7075 2.7343
7 1.05 1.1431
4 2.595 2.517
5 2.79 2.4969
6 2.9625 2.9848
7 1.755 1.5835
7 1.9725 1.5133
7 1.6575 1.4101
6 2.3625 2.3122
7 2.0625 1.9673
5 0.3075 0.2463
7 1.23 1.5338
7 2.5575 2.5292
4 1.2675 1.7682
5 2.3625 2.4078
4 2.535 2.4504
7 2.3175 2.1997
7 2.1825 2.3559
6 0.9975 1.2971
5 1.5075 1.2501
5 2.5125 2.3929
5 1.305 1.1956
4 1.725 1.6114
5 0.15 0.3181
6 1.3125 0.8974
6 1.5 1.5017
5 0.4725 0.3592
7 1.1625 1.131
4 0.2325 0.2633
4 2.9025 2.8825
6 0.42 0.3588
5 2.1525 1.9568
7 0.8025 0.8073
5 2.94 2.995
4 2.58 2.4653
4 1.5975 1.5331
5 0.7275 0.8249
7 0.285 0.2497
4 1.2825 1.7016
4 1.005 2.1243
5 0.6375 0.5033
5 2.775 2.6065
6 1.8525 1.0477
7 0.3525 0.3726
6 1.395 1.4296
6 0.9825 1.177
4 2.3775 2.1815
4 1.7175 1.0766
7 0.0525 0.0736
5 1.59 0.963
6 1.44 1.6516
5 0.78 1.5042
7 1.3125 1.4003
7 0.78 0.7811
5 0.3975 0.3822
6 0.8925 0.8522
7 2.985 2.9578
7 0.18 0.2681
5 1.7175 1.0849
5 2.46 2.2438
7 2.595 2.4506
6 1.38 1.3766
7 2.1375 2.1396
5 1.425 1.2286
5 1.7025 1.2635
4 0.4575 0.3471
4 2.46 1.9384
7 2.4075 2.4081
5 0.8025 0.6496
4 1.8225 1.967
4 0.6075 0.8129
6 2.37 2.183
4 0.3975 0.3072
7 0.5925 0.6486
4 1.41 1.6586
4 0.9675 0.4738
5 1.32 0.9332
4 0.3675 0.5203
6 2.115 1.8558
7 0.48 0.4699
7 0.285 0.2624
4 1.62 1.8411
5 2.4825 2.2012
7 1.98 1.9272
7 2.19 2.2738
4 0.78 0.9247
4 1.0875 2.2745
7 1.8 1.376
7 0.9225 0.993
4 1.1025 1.4896
5 2.3175 2.6203
5 0.255 0.0895
6 1.9425 1.6389
4 0.885 2.0095
4 0.795 0.3981
4 2.43 2.5021
5 2.4675 2.3052
5 0.195 0.1443
6 0.2775 0.2898
5 1.08 1.5102
6 1.3275 1.7735
4 1.215 2.0623
5 1.935 1.5284
6 1.1175 1.2733
6 0.69 1.0779
7 2.925 2.8041
4 2.985 2.8411
4 2.445 2.3644
5 2.535 2.5717
4 2.94 2.8965
6 2.355 1.9151
7 1.695 1.6435
5 0.15 0.1407
7 0.615 0.4485
6 1.7775 1.6849
6 1.4775 1.146
6 2.5425 2.4716
4 0.0375 0.2396
4 1.2675 0.9383
4 0.2325 0.2554
5 0.84 1.1659
5 1.1325 1.1208
6 2.205 2.2033
6 2.265 2.2517
4 2.0925 1.6257
6 1.305 1.5916
6 1.5675 1.4836
5 2.2425 2.0261
4 2.085 2.2519
5 0.57 0.4023
6 2.5875 2.675
4 2.4375 2.3767
7 2.175 2.195
7 1.9425 1.7208
4 1.6275 0.6436
5 0.5475 0.8471
6 0.225 0.1594
6 0.2625 0.2605
7 0.12 0.0295
4 0.675 0.6326
7 2.985 2.9866
5 1.7325 1.3055
7 0.0 0.0053
6 2.5125 2.518
5 0.165 0.0866
7 1.2375 1.2232
4 1.71 1.0809
7 0.825 0.8507
6 2.595 2.6729
7 1.38 1.2541
5 1.845 1.4902
6 2.685 2.8275
7 0.9975 0.8437
5 2.3325 2.0494
6 2.265 2.2712
5 1.605 1.7721
6 0.9525 1.6504
6 2.9775 2.8914
5 1.35 1.8868
5 1.275 0.6724
6 1.8525 1.9766
5 0.705 1.1309
7 1.3875 1.4008
4 0.8325 0.6822
6 1.665 1.4286
5 0.42 0.4034
7 0.09 0.1391
6 2.085 1.8675
5 0.735 0.6835
6 0.0375 0.0395
6 0.4575 0.3767
6 2.385 2.5083
6 2.775 2.825
6 2.88 2.8885
7 1.2 1.5055
4 1.3575 1.3986
4 1.7925 2.3661
6 2.79 2.7387
7 2.235 2.2067
7 2.4975 2.4547
7 0.285 0.3514
4 1.635 2.2507
7 2.01 2.0235
7 0.735 0.7253
7 1.155 1.5076
6 0.225 0.289
7 2.2725 2.185
6 1.6425 1.4395
7 0.36 0.3958
7 2.265 2.2242
6 2.8425 2.8402
4 1.4325 1.7574
5 2.7075 2.4898
4 1.8075 1.4967
6 1.065 1.0666
7 1.395 1.5369
7 2.895 2.9595
5 2.61 2.7051
6 1.2975 1.9094
4 1.77 1.7046
7 1.005 0.8571
5 2.5425 2.4173
6 2.4825 2.4044
7 1.0125 1.1389
4 1.05 1.0145
4 2.8425 2.7595
5 1.635 0.9741
5 0.195 0.1377
6 0.42 0.4576
5 2.5875 2.5622
7 2.79 2.8597
6 0.3975 0.4106
6 2.5275 2.599
7 0.2325 0.1533
7 0.9825 0.8195
6 1.3125 1.1211
7 2.67 2.7689
5 1.3575 1.4466
6 1.14 1.602
7 1.5525 1.7409
6 0.1875 0.1609
5 1.47 1.3454
5 0.705 0.7889
6 0.4725 0.5686
4 0.1725 0.1563
6 2.6775 2.7457
6 0.705 0.7204
7 2.025 1.9831
7 1.2 1.7377
6 1.1925 1.3396
4 2.4825 2.6421
5 0.7575 0.8052
6 1.3575 1.1481
4 1.3425 1.117
5 2.3025 2.2822
5 2.7525 2.888
6 1.17 1.2441
7 0.135 0.1264
7 0.21 0.1791
6 1.9725 1.792
7 2.1375 2.1546
7 0.075 0.0658
6 2.925 2.9081
5 1.6425 1.3587
6 0.555 0.731
7 0.06 0.0332
5 1.1475 1.5108
7 0.5025 0.4664
7 2.745 2.6765
6 0.435 0.4979
6 2.0775 1.5183
5 1.32 1.2362
7 2.775 2.7724
7 1.4475 1.4758
4 1.9425 2.3607
6 2.97 2.9773
5 1.1025 0.8438
7 1.5825 1.4345
6 1.3725 1.3893
6 2.2125 1.9434
7 0.7425 0.7946
6 0.2775 0.1435
5 2.3175 2.6026
7 1.83 1.7219
6 1.41 1.1919
4 1.335 0.3889
7 2.58 2.5585
4 0.9225 1.5113
7 0.8175 0.8196
5 2.5275 2.5014
7 0.93 0.9889
4 2.4825 2.4926
5 0.165 0.0809
4 0.9675 0.6481
5 0.9225 1.3949
5 2.535 2.4243
6 1.3275 1.339
4 2.985 2.9319
6 2.2875 2.2777
6 2.085 1.8743
5 1.035 0.7602
6 1.6125 1.6291
7 1.68 1.3879
4 1.365 1.3934
4 0.33 0.167
6 0.96 0.8411
6 1.5225 1.5195
7 0.87 0.943
6 1.6875 1.5601
7 0.84 0.7954
5 2.49 2.5868
4 0.5775 0.149
6 2.1225 2.152
4 2.2425 2.3059
4 2.865 2.7166
5 2.3625 2.3888
4 1.56 2.1328
5 0.615 0.9025
4 0.135 0.2343
7 1.71 1.5232
6 2.5125 2.4478
4 1.9275 2.0111
6 1.7325 1.7731
6 2.745 2.7768
7 2.1675 2.2063
5 1.965 2.0187
5 2.64 2.5608
6 1.845 2.0066
6 2.8125 2.8049
6 0.03 0.0407
4 2.2725 1.9647
4 0.81 0.7774
4 2.9325 2.9422
6 2.6775 2.6825
7 2.445 2.4387
5 2.4975 2.6592
6 0.2775 0.3824
6 0.015 0.0604
7 1.1925 0.984
6 0.075 0.04
7 2.9175 2.9859
4 0.255 0.3574
4 0.9975 1.2653
4 0.825 1.5982
7 1.605 1.5131
6 2.4525 2.5637
7 0.2025 0.1447
7 1.2525 0.8971
4 0.3675 0.3666
6 1.815 1.9726
5 1.6125 1.9366
7 0.3975 0.444
4 2.0775 1.6443
5 0.51 0.3084
5 0.4725 0.2878
5 2.3325 2.4251
4 0.3975 0.371
5 1.8225 1.6415
7 2.1675 1.9979
5 0.3225 0.3418
6 2.595 2.3894
6 0.9225 0.9602
5 1.7325 1.6901
4 1.14 1.6495
6 2.955 2.8611
5 2.685 2.7038
7 1.095 1.0432
6 0.9675 0.9316
4 2.7375 2.6829
5 2.6325 2.5088
6 2.46 2.5358
7 2.7375 2.774
7 2.97 2.9751
5 0.7275 1.2425
4 2.8275 2.8417
7 1.7175 1.8648
7 1.56 1.6378
7 1.08 1.3677
5 2.415 2.5612
4 2.0775 1.9585
4 0.0375 0.2133
7 2.7225 2.7551
5 1.5 1.4785
7 0.72 0.6656
4 1.815 0.8145
4 1.2825 1.3804
6 1.0425 1.725
5 1.1475 1.2773
6 2.8575 2.8173
7 0.585 0.5598
5 1.5675 1.42
4 1.3725 0.9283
6 0.1725 0.1832
5 1.6275 1.4883
7 1.6875 1.3694
4 2.07 1.5817
4 1.7475 1.4451
7 0.75 0.657
5 0.315 0.1527
7 2.37 2.3704
7 2.5575 2.53
5 0.8775 1.3805
7 1.14 1.3364
4 2.3325 2.0308
7 1.4475 1.2072
7 2.295 2.3006
7 2.7225 2.7965
7 1.2825 1.2254
5 2.8725 2.8421
4 0.8175 0.6304
5 0.5175 0.7046
4 0.7275 0.8968
7 0.3675 0.2078
4 1.7925 0.8901
6 2.3925 2.4264
6 2.9625 2.8577
7 1.335 1.5731
7 2.4675 2.3829
4 2.04 2.1757
6 1.3275 1.1098
4 0.93 1.3438
4 1.2075 0.7308
6 2.445 2.3464
4 0.8775 0.8326
6 0.6975 0.5957
4 0.6075 1.2218
7 1.0575 0.8439
6 0.4875 0.5245
4 0.8025 1.2253
7 0.045 0.0441
5 2.37 2.3513
7 0.96 0.9467
4 0.99 0.5527
5 0.8325 0.7836
4 0.3075 0.8116
5 0.9675 1.1609
6 1.395 1.536
7 2.88 2.9704
4 0.9675 0.4466
4 1.245 1.5969
6 1.2 1.4578
5 1.395 0.7854
4 1.8525 2.0511
5 2.0025 1.6282
6 0.93 0.9433
4 1.185 1.3594
4 1.9575 2.4754
4 2.295 1.8298
5 0.87 0.8809
4 0.0825 0.123
6 2.9475 3.0145
4 1.785 1.2072
4 1.5675 2.1924
6 1.125 1.177
6 2.2725 2.3172
6 1.1475 1.5777
4 2.9325 2.9069
4 1.08 0.487
4 2.8275 2.7235
4 0.105 0.0201
5 1.1475 1.8813
4 1.35 0.846
5 1.5 1.6205
7 0.48 0.4881
5 2.16 2.0441
7 0.45 0.4459
6 0.4275 0.5869
7 2.7 2.6906
4 1.3125 1.5513
6 2.625 2.6268
5 1.0725 1.5291
5 2.6775 2.6761
7 0.255 0.1947
6 2.7525 2.841
4 2.91 2.8903
7 1.9725 2.0993
6 0.5925 0.4322
6 2.8875 2.8385
5 0.81 1.0837
6 1.7175 1.4203
5 1.41 0.7943
6 2.865 2.8309
4 1.89 1.9675
4 2.4225 2.3452
5 1.23 1.3636
5 0.795 0.895
5 1.005 1.8318
5 1.7325 1.6914
5 2.2875 2.2925
7 2.2575 2.2608
7 2.6175 2.6742
7 1.725 1.7785
6 1.6575 1.2732
7 1.2825 1.2716
5 0.885 1.5811
7 2.235 2.0629
6 0.24 0.3125
6 1.9425 1.9508
4 0.5175 0.5405
4 0.15 0.1453
5 1.53 1.7773
7 2.1975 2.2782
5 1.53 1.1874
6 2.7075 2.6767
4 2.475 1.477
6 2.145 2.1263
7 2.1525 1.9554
7 2.4825 2.5147
6 1.0725 1.2849
5 2.355 2.0112
5 0.0825 0.2326
6 2.985 3.0219
5 0.525 0.6571
4 1.215 1.3766
6 1.095 1.099
6 0.885 1.1868
7 0.27 0.1509
6 2.82 2.7608
7 2.82 2.886
7 2.7825 2.8366
7 1.83 1.733
6 0.51 0.4
4 1.8975 1.3156
5 2.7075 2.5444
4 0.9975 0.7609
4 0.2475 0.3977
6 2.0775 2.2195
4 2.355 2.3676
5 1.2675 1.1822
6 1.71 1.5493
6 2.0775 1.8581
5 1.5675 1.3543
4 2.655 2.8456
4 0.78 1.4619
6 0.555 0.6602
7 2.1825 2.1679
7 2.6775 2.7433
6 2.88 2.7799
7 0.42 0.5352
5 1.1175 1.6943
6 0.69 0.5091
5 1.6425 1.1297
6 0.8325 1.1103
5 2.0925 1.7501
5 1.4325 1.2368
5 2.2725 2.3078
5 1.905 2.1724
7 2.79 2.8309
5 1.035 1.5377
6 2.16 2.1675
6 1.71 1.6264
7 1.4775 1.5604
6 0.825 0.7737
7 1.155 1.3101
7 2.4225 2.3332
5 2.025 1.6787
7 2.0025 1.9374
5 1.9725 1.4562
7 1.2075 1.2246
5 2.3625 2.1866
7 2.2125 2.0554
6 2.61 2.6353
5 2.3475 2.4306
6 1.755 1.6234
6 2.235 2.0686
5 0.225 0.4471
5 2.85 2.8436
5 1.1475 1.4998
5 0.51 2.5435
7 0.15 0.1415
7 2.0175 1.8907
7 0.6075 0.6839
5 2.22 1.7851
4 0.9825 1.2339
5 1.1925 1.4245
5 1.0875 1.6842
4 2.3025 2.3373
5 2.9925 3.0093
7 2.745 2.6928
6 0.225 0.3925
6 0.36 0.4199
5 1.7475 1.1449
7 2.4825 2.3809
4 2.4675 2.3385
4 1.965 2.3231
6 2.5575 2.4971
6 1.785 1.5994
5 1.5225 1.9362
5 0.06 0.1077
5 2.475 2.2335
6 0.555 0.516
6 1.005 1.2315
7 1.74 1.3794
7 0.8775 1.319
7 2.85 2.9206
5 2.9625 2.7694
4 0.315 0.1668
5 2.4675 2.2779
7 1.0875 1.3888
6 1.0725 1.2249
7 1.095 1.3823
5 2.6475 2.632
6 0.7875 0.6145
7 2.7 2.7313
6 2.1375 2.0341
5 0.645 0.8574
6 0.045 0.1178
4 1.9425 1.4126
5 1.77 1.4027
5 0.5175 0.6632
7 0.315 0.302
5 2.865 2.7152
5 1.3425 1.6398
6 2.31 2.4114
5 0.06 0.1624
5 0.81 1.4068
6 1.2975 1.6724
5 1.08 1.2905
6 1.845 1.5056
7 2.82 2.6614
6 1.5525 1.3454
7 2.7675 2.8417
7 1.6425 1.4082
6 2.355 2.4575
5 0.6375 1.6509
4 1.245 0.6635
6 1.665 1.5404
5 0.2175 0.2456
6 2.3625 2.4316
7 0.615 0.5444
6 2.8875 2.9194
5 0.4575 0.3617
4 1.68 2.1081
7 2.82 2.7602
6 1.7475 2.039
6 1.395 1.4235
7 2.4375 2.434
5 1.4025 1.0615
5 1.65 1.768
7 2.4525 2.3499
5 0.42 0.4591
5 0.6675 1.205
5 0.06 0.0655
6 1.905 1.8987
4 2.4825 2.349
4 1.8375 1.6402
7 1.5675 1.8115
6 2.1525 2.1408
5 0.0 0.1138
6 0.21 0.1871
5 0.765 0.6823
5 0.735 0.731
7 0.3525 0.3347
5 2.9925 2.8561
5 1.995 1.8538
5 2.1225 2.2674
4 2.31 2.2377
5 0.06 0.0956
5 0.3225 0.5032
6 0.1425 0.189
5 2.7975 2.776
7 2.52 2.5281
4 2.2875 2.3514
5 1.5675 1.0212
5 2.88 2.9452
6 2.0475 2.0925
5 0.1575 0.2658
6 1.515 1.2444
7 1.1775 1.3154
5 0.6675 0.9457
4 2.9475 2.9276
5 1.3875 1.8314
7 2.31 2.2943
6 0.2775 0.3025
5 0.78 0.7284
5 0.1125 0.1956
7 2.1075 2.1671
6 2.3475 2.4714
5 1.095 1.6859
5 2.67 2.5245
4 1.4625 1.6922
4 1.8375 1.8968
4 0.585 0.893
4 0.2325 0.1573
5 2.6325 2.4636
4 2.835 2.5308
6 0.4425 0.4426
7 0.465 0.4632
6 1.2225 1.2413
7 2.28 2.1781
6 1.4775 1.6983
5 2.8425 2.9569
4 1.9575 1.9059
6 1.395 1.1238
6 0.075 0.1224
4 2.265 1.7165
4 1.605 1.5664
5 2.7825 2.6284
5 0.5475 0.531
5 0.6825 0.6287
6 1.815 1.3687
4 1.395 1.7886
4 2.2875 1.6055
7 0.5925 0.4932
7 1.08 1.137
7 2.1825 2.1253
5 2.5875 2.7887
4 1.605 1.5971
5 2.0625 2.1769
7 0.39 0.2618
4 1.485 1.3485
7 0.075 0.0908
6 0.645 0.4347
6 2.4225 2.4578
4 1.2525 1.0897
6 0.5025 0.352
5 1.26 1.9118
5 1.2075 1.9008
5 2.4825 2.5281
6 0.5925 0.6462
4 1.4025 1.8734
5 2.745 2.9065
7 1.5075 1.4525
6 1.53 1.2184
6 1.38 0.9455
5 0.525 0.6306
4 0.3075 0.4303
4 2.175 2.3095
6 0.6075 0.6645
4 2.7975 2.6152
7 2.73 2.6587
7 1.6125 1.7565
4 0.8025 0.8313
6 2.4225 2.3075
4 2.82 2.8677
4 2.775 2.3613
6 1.5675 1.7373
5 1.8525 1.9874
7 1.0575 1.3963
4 0.3375 0.2251
7 0.4725 0.5381
5 0.15 0.221
7 1.8075 1.7997
6 0.42 0.3383
6 2.505 2.4246
7 1.53 1.8859
4 0.675 1.5499
7 1.1775 1.2035
4 1.245 0.9389
5 1.8375 1.8182
5 2.0775 1.9102
4 0.42 0.7567
6 1.4775 1.6362
7 2.025 2.1328
7 2.7525 2.6121
6 2.4375 2.4209
4 0.0075 0.2401
5 1.815 1.3
4 0.36 0.4624
7 1.6725 1.7342
4 2.91 2.7728
7 0.675 0.7753
5 1.14 1.0126
7 0.8775 1.1215
5 1.2675 1.4965
7 0.3525 1.7459
5 0.9375 1.1007
4 0.705 0.6179
5 0.24 0.3063
4 0.18 0.1897
5 0.81 1.3371
6 2.145 2.1659
5 0.03 0.1548
7 2.4975 2.5178
6 1.32 1.1016
4 2.355 2.485
4 0.6075 0.8688
7 2.1675 2.2129
4 0.03 0.1544
5 0.555 0.4747
5 2.7975 2.8924
4 1.515 1.41
6 1.62 1.9115
7 0.825 0.8427
7 0.2025 0.1552
6 0.1725 0.1869
5 0.0225 0.1289
5 2.19 2.3216
4 1.4925 1.5519
4 1.14 0.8164
6 0.825 0.7347
7 2.985 3.0579
4 0.2025 0.1311
6 0.6225 0.6337
5 1.1775 1.579
4 2.025 2.3321
6 2.1375 2.2388
4 2.9175 2.7279
7 1.7175 1.0254
6 1.0575 1.3075
5 2.07 1.7148
4 1.1475 1.1783
7 1.335 1.7948
6 2.355 2.2955
4 2.55 2.7713
6 1.815 1.7624
4 0.375 0.4423
6 1.92 1.5459
7 2.4 2.3357
6 2.4225 2.2553
4 1.3125 1.2615
4 1.56 1.653
7 1.1175 0.9661
5 0.0 0.017
7 1.44 1.258
4 1.2375 1.0224
7 0.765 0.7535
5 2.1075 1.5639
5 0.645 0.5623
6 1.95 1.8945
4 0.15 0.2333
6 1.59 1.4025
5 0.915 1.178
5 2.865 2.9021
4 1.0275 1.0963
5 1.38 1.3365
4 0.375 0.6918
6 2.61 2.6329
7 1.17 1.4417
6 1.8075 1.4566
7 2.34 2.2714
4 1.1925 1.4987
5 0.0375 0.0966
5 2.5275 2.4705
7 0.6225 0.6397
7 2.9625 2.893
6 0.51 0.5208
7 0.3075 0.2094
4 1.9125 1.6091
7 0.225 0.182
6 1.5 1.2232
7 2.61 2.6588
7 2.955 3.0042
7 0.6 0.5689
7 2.6325 2.6152
5 2.8725 2.793
5 1.3725 1.8765
6 1.32 1.6722
6 0.5325 0.7886
6 0.8325 0.9029
4 1.8225 2.3041
4 1.215 1.3021
5 2.865 2.8151
6 1.17 0.8568
6 0.4875 0.5405
4 0.8475 1.3248
7 2.91 2.8852
6 0.315 0.3466
7 0.7275 0.9699
7 1.98 1.9324
5 2.4525 2.3025
5 0.705 0.8723
7 0.4725 0.5216
4 1.3275 1.274
6 0.9825 0.9682
4 1.2225 1.6737
5 0.9225 0.983
7 1.725 1.3679
7 1.35 1.5383
5 0.42 0.3187
7 1.0875 1.5502
7 1.7175 1.5401
5 1.3275 1.6052
7 1.4625 1.4707
7 1.98 1.781
4 2.8125 2.6941
5 2.205 2.0057
7 0.8775 0.7972
5 1.8225 1.7964
6 1.8675 1.607
4 0.4425 0.3154
4 2.205 1.2605
4 2.67 2.7814
7 2.6325 2.6438
5 2.2275 2.0584
7 2.0775 2.0406
5 1.7925 1.8021
6 0.495 0.4693
7 1.98 1.7983
4 0.12 0.3447
7 0.4125 0.5077
6 0.225 0.1767
4 0.915 0.9405
4 0.5925 0.8436
5 2.4825 2.4596
6 1.6725 1.4126
4 0.7125 0.6953
5 1.215 1.4611
5 2.5125 2.3222
7 2.6325 2.6031
7 2.2875 2.2463
6 1.3425 1.3445
7 0.99 1.2097
4 2.73 2.8891
5 2.8575 2.8699
6 2.25 2.3417
6 1.3725 1.5216
4 2.16 1.7496
5 1.0275 0.6285
6 0.5325 0.3958
6 0.5475 0.6519
7 1.3575 1.1652
5 2.9625 2.8634
5 1.7025 1.8355
4 2.3925 1.8834
7 2.52 2.5632
5 2.9475 2.9701
7 2.8125 2.8481
7 0.4575 0.4385
4 0.9225 2.0894
4 0.405 0.511
7 1.86 1.5792
4 2.775 2.5496
5 1.2825 1.8015
6 2.985 2.9771
7 0.8175 0.8656
7 2.01 1.7944
4 1.1625 1.3525
5 1.59 1.0638
7 2.6925 2.7297
4 2.2875 1.8899
7 0.21 0.2319
4 2.34 2.2063
7 2.7225 2.6923
7 2.2125 2.2808
6 2.19 2.3538
7 2.79 2.83
4 1.815 1.9604
5 2.58 2.7327
4 0.315 0.5634
4 0.285 0.181
5 0.5775 0.4781
6 0.5475 0.4719
7 2.595 2.5191
4 2.445 2.4002
6 0.2025 0.1617
4 2.8125 2.6976
4 2.1375 2.5134
4 0.975 1.242
6 2.535 2.493
4 1.68 0.8034
5 0.6675 0.6678
6 1.02 0.7989
5 1.515 2.1084
5 1.02 1.3538
7 2.3175 2.2308
6 1.905 1.2874
7 0.825 0.9605
7 2.985 3.0146
6 0.825 0.8617
5 1.1025 1.1591
6 1.5075 2.0193
6 2.5275 2.614
7 2.3325 2.3993
7 2.1075 2.027
4 1.605 1.4196
6 1.0725 1.0388
7 0.705 0.7343
6 0.9 0.6928
4 1.6425 1.0566
6 0.12 0.1725
6 2.295 2.1839
7 2.4225 2.3058
7 0.7875 0.7779
5 1.3725 1.594
7 2.8875 2.9108
5 0.525 0.609
6 1.215 1.377
6 1.0875 1.1467
6 1.74 1.6428
5 2.8725 2.7757
5 0.6825 0.6796
4 1.5075 2.2021
5 2.775 2.8312
6 1.86 1.6558
4 1.14 0.9675
6 0.4575 0.3547
5 0.69 0.7358
5 1.935 1.2508
7 2.0925 2.1281
6 1.71 1.1417
6 2.2875 2.2995
4 0.0675 0.265
4 2.1525 1.8936
6 2.76 2.8231
4 1.74 2.1027
7 1.275 1.1107
7 0.0375 0.0469
4 0.66 0.9302
7 0.9975 1.0164
7 0.48 0.3854
4 2.6475 2.7997
5 2.82 2.7794
5 0.585 0.4148
4 2.6025 2.6761
6 0.15 0.1079
6 2.295 2.0607
5 2.4825 2.1523
6 1.2375 1.459
4 2.3175 2.3039
4 0.975 1.797
4 1.3875 1.6619
5 1.1025 1.3735
5 2.6325 2.5573
7 1.9575 1.933
6 2.4675 2.2974
7 2.9925 2.8893
7 1.17 1.4183
5 1.7925 1.6429
6 2.0775 1.9681
5 2.2275 1.4634
4 0.5625 0.5613
6 0.3375 0.409
5 1.545 1.3658
4 1.455 2.3784
7 2.0475 2.1658
4 0.69 0.7053
7 2.265 2.2629
4 1.2075 1.5031
5 0.06 0.0018
4 1.59 2.5022
7 0.93 1.0962
4 0.2475 0.192
7 2.1075 1.9973
4 2.7825 2.8802
5 0.4725 0.4801
7 1.4325 1.3933
5 0.18 0.1044
4 1.41 1.3565
7 0.1275 0.1717
4 1.455 1.6393
4 0.585 0.5748
5 0.84 1.5666
5 0.5775 0.7076
6 2.6775 2.5466
4 1.5225 1.5329
4 1.44 1.2039
5 1.5 1.7146
7 2.6925 2.6946
4 0.6675 0.352
4 0.6075 0.8091
5 0.5625 0.4865
6 2.505 2.3768
6 1.71 1.9185
5 0.495 0.4187
6 0.1275 0.0901
5 0.225 0.1767
5 2.0325 1.7604
4 2.52 2.2171
5 0.825 0.8975
4 0.7875 0.9474
6 2.22 2.1399
7 1.6275 1.1607
7 2.355 2.3798
4 0.9975 1.6271
6 2.4 2.3034
4 0.6075 0.613
5 1.5375 1.4984
5 2.745 2.6731
7 1.725 1.8935
4 1.185 1.0053
5 1.485 1.6151
6 2.805 2.9195
7 0.7125 0.7604
5 2.9775 2.9436
4 1.9575 1.6379
4 0.405 0.2222
5 0.7275 0.7324
7 0.81 0.8017
7 0.4425 0.3671
5 0.2325 0.418
4 0.3225 0.5884
6 1.2 1.0035
6 1.05 1.4328
6 1.2375 1.5134
5 0.1875 0.2248
7 2.22 2.2122
6 1.4025 1.6434
5 0.0375 0.1504
6 1.26 1.2722
5 1.725 1.5365
6 0.5025 0.5156
4 2.805 2.7978
5 0.135 0.0904
5 0.735 0.798
7 0.69 0.6793
6 1.5225 1.4035
4 0.0675 0.6094
7 0.345 0.1981
5 0.6225 0.5917
4 0.6225 0.4242
4 1.7175 0.9812
7 2.7075 2.6988
5 0.6675 0.9826
6 1.5375 1.829
5 2.34 2.0989
4 2.0625 2.1677
4 1.3275 1.9987
6 0.8025 0.7467
5 0.795 1.1284
7 2.745 2.7611
4 1.6425 2.0314
6 0.6375 0.6183
5 2.19 1.8058
6 1.0275 1.7264
5 0.24 0.2425
6 0.4425 0.5146
5 1.6125 1.5463
4 0.5325 0.8708
6 2.4825 2.3919
7 1.0575 1.4057
4 1.23 1.8674
5 0.615 0.6386
6 2.9925 3.0521
7 0.9075 2.0318
7 2.0325 2.005
4 2.595 2.4113
6 1.455 1.1078
5 1.3275 1.3317
6 0.255 0.3103
6 1.41 1.5903
4 2.2875 2.466
5 0.42 0.5364
7 0.615 0.6401
4 2.7525 2.9169
7 2.25 2.3035
6 0.705 0.677
4 1.6575 1.2837
4 2.4075 2.4987
7 2.9625 2.9197
4 1.86 2.0712
5 2.6475 2.7333
6 2.265 2.2575
6 1.9875 1.7723
4 1.89 1.8066
6 1.89 1.8462
6 0.7725 0.698
6 1.08 1.6088
6 0.39 0.4207
6 1.395 1.6439
7 2.9025 2.8674
7 0.9975 1.1636
6 2.055 1.7698
5 0.3225 0.3146
5 1.9275 1.4744
4 0.795 0.7635
5 1.275 1.2368
5 2.085 2.2673
4 1.5975 1.6755
5 0.72 1.0044
6 0.5175 0.5576
7 1.0425 1.2679
7 0.3825 0.5416
7 1.77 1.8163
6 0.3825 0.1965
5 2.6025 2.5132
4 0.225 0.1938
6 0.12 0.1688
7 2.835 2.9374
6 1.77 1.4473
4 2.6925 2.4953
4 2.775 2.6842
4 1.0875 1.5481
5 0.9675 1.3597
7 0.945 0.8659
6 2.16 1.8927
6 0.0675 0.0878
6 0.765 0.7229
7 1.2825 1.4614
6 2.52 2.5214
5 1.4625 1.2618
7 0.5775 0.552
7 1.7925 1.299
5 2.055 0.927
5 0.1125 0.1149
4 2.88 2.5575
4 2.3325 2.434
4 2.7225 2.5283
4 0.3225 0.3893
4 1.665 1.0148
7 1.2225 0.9194
5 1.695 1.2561
5 1.0125 1.0331
5 1.905 1.7344
7 1.935 1.6687
7 0.015 0.0112
4 1.9125 1.4277
7 2.76 2.7222
7 2.82 2.7971
6 1.29 1.4322
5 2.55 2.3978
6 1.1025 1.8059
7 2.0025 1.8567
6 2.0025 2.0478
6 2.415 2.2441
6 2.6775 2.795
5 2.9625 2.7943
6 0.36 0.2533
5 2.3775 2.4195
4 2.5125 2.4313
6 2.3025 2.3392
7 1.425 1.5562
6 0.0975 0.1135
5 1.395 1.512
6 1.4175 1.2306
7 1.4925 1.8294
5 1.7625 2.2548
7 0.855 1.0004
7 0.135 0.122
5 0.465 0.8364
6 2.9775 2.9211
5 1.62 1.0177
5 2.7 2.6663
4 2.0325 2.45
5 0.8775 0.8015
4 0.03 0.1179
7 2.9175 2.9584
4 2.88 2.691
4 1.26 0.7677
6 1.8 1.7089
7 2.0175 2.1303
7 2.1225 1.9797
4 1.6575 0.7934
7 2.5425 2.5348
7 0.09 0.0207
7 0.6225 0.7175
6 1.47 1.9312
7 0.45 0.4229
4 1.3275 1.2206
7 0.915 1.0763
6 0.9 1.202
7 1.5675 1.6134
7 2.55 2.4868
5 0.8925 1.5572
5 1.26 1.7794
4 0.81 1.1675
6 0.555 0.6583
4 2.3025 2.285
7 2.7225 2.6917
6 0.7725 0.8275
6 0.9225 1.0916
7 0.3075 0.4329
5 1.665 2.0928
6 2.1675 2.1502
4 0.6975 0.8747
4 1.605 1.5096
4 0.15 0.399
6 0.9525 1.1077
6 0.135 0.1465
4 2.91 2.9381
6 2.55 2.3678
7 2.25 2.2073
6 2.0175 2.2232
6 0.8025 0.8863
7 0.4875 0.6123
6 1.92 2.0802
4 1.0725 1.0613
4 2.295 2.4929
7 1.83 1.7182
4 0.8925 1.6566
5 0.84 1.0813
4 0.42 0.5801
4 2.7825 2.8646
7 2.1675 2.1326
4 0.3975 0.41
4 1.0875 1.1919
7 1.53 1.7119
6 2.7675 2.8822
4 0.12 0.262
6 2.4975 2.4919
4 2.2575 2.0997
5 2.49 2.1242
7 2.0625 2.0737
6 1.635 1.0633
4 0.3975 0.3312
4 0.165 0.0889
6 1.845 1.6237
7 0.9 1.0635
6 1.98 1.2745
6 0.6375 0.6001
6 1.3125 1.4478
7 1.3125 1.4608
7 0.2625 0.2693
7 0.795 0.9578
5 0.765 0.881
6 2.28 2.2928
7 2.28 2.1836
4 1.65 1.6468
5 2.985 2.9514
4 2.5275 2.5188
6 1.245 1.8905
6 0.81 0.7727
4 0.555 0.487
7 1.8975 1.8403
6 0.4125 0.4998
6 1.245 1.5975
5 0.6975 0.4879
6 1.1325 1.5985
6 1.8825 1.9697
7 1.2375 1.5435
7 2.0325 2.0348
5 0.63 0.3526
5 1.1025 0.7536
5 1.3875 1.8691
5 2.2425 2.4109
4 1.485 0.8863
4 1.455 1.2973
4 1.6875 1.3163
5 2.1975 1.9245
6 0.6675 0.595
7 0.57 0.707
5 1.29 1.2861
5 1.9425 2.4254
5 0.7725 0.7454
6 0.8625 0.7249
5 2.9775 2.8515
6 2.4 2.499
7 1.785 1.7532
7 0.5025 0.508
6 2.1 2.1391
4 0.63 0.5631
4 1.0425 1.8916
4 2.505 2.4619
5 0.3675 0.292
7 2.52 2.597
7 2.4075 2.2745
7 1.89 2.1521
6 2.685 2.6139
5 1.305 1.5631
4 2.6925 2.762
7 2.01 1.878
5 2.565 2.4587
7 1.59 1.5934
6 1.035 1.3293
4 2.8275 2.8252
7 0.5025 0.4773
5 0.5925 0.6266
7 0.42 0.3792
6 1.9275 1.7215
5 1.7175 1.7484
4 2.6025 2.3715
6 2.925 2.7544
7 0.3675 0.3312
6 2.0775 1.4113
5 1.6575 1.5666
7 0.8775 0.7117
7 1.4025 1.5004
6 1.7025 1.5404
4 1.515 1.0869
6 1.53 1.0837
6 0.7725 0.8626
7 1.785 1.5912
4 0.93 0.9508
7 0.2925 0.2323
4 0.7725 1.0305
7 1.17 1.5049
6 0.1725 0.128
5 1.74 1.5519
5 1.8525 1.6949
5 0.1875 0.2413
4 0.4275 0.4277
4 2.235 2.1658
7 1.0425 0.7212
7 1.965 1.6989
4 2.625 2.6706
5 1.0275 1.3802
4 0.54 0.5071
7 2.97 2.8921
6 1.0125 1.1314
6 0.15 0.2545
5 0.45 0.4971
6 2.6175 2.5871
4 0.7725 0.5897
6 0.87 1.0832
6 1.785 1.8409
6 0.6975 0.9052
7 0.9675 0.9399
7 1.89 2.0266
4 0.2325 0.1226
5 0.615 1.0963
6 1.8075 1.3952
5 0.105 0.0325
5 1.0275 1.2295
6 1.425 1.7533
4 1.365 1.7863
6 1.3125 1.4754
7 1.8225 1.8126
5 2.0025 2.0744
6 2.1 2.1056
5 2.6775 2.632
4 0.57 0.5717
7 2.94 2.8933
6 2.16 2.0622
7 2.5425 2.5321
7 0.4575 0.4151
7 0.705 0.7817
4 0.5625 0.6629
6 1.26 1.2263
5 2.4675 2.2921
5 2.07 2.1408
6 1.4175 1.5131
4 0.54 0.959
4 1.9875 1.1977
5 0.2475 0.0723
6 1.0875 1.4362
5 0.2775 0.4348
6 2.9925 2.9707
7 0.39 0.4123
7 1.7025 1.837
4 1.5 1.7741
7 2.625 2.6508
6 2.34 2.0598
7 1.875 1.6647
7 0.1575 0.168
7 0.5025 0.4049
4 2.385 1.4286
7 0.2775 0.2379
4 1.005 0.8312
5 1.08 1.4354
4 1.1625 1.5574
4 1.3575 2.0124
4 1.905 2.2303
6 0.06 0.0866
6 0.12 0.1603
7 1.68 1.3867
4 2.415 2.2054
7 1.7175 1.7471
5 0.99 0.9142
4 1.2375 1.9209
4 1.455 2.1109
4 0.0375 0.6731
5 0.36 0.6041
5 1.05 1.1314
4 0.4275 0.3818
6 1.5675 1.4096
6 1.2 0.9472
7 2.7675 2.6386
6 2.2725 2.2562
4 1.875 1.3152
4 2.9925 2.9013
5 1.5225 1.7309
7 1.44 1.3664
6 2.445 2.3692
7 0.1725 0.1798
6 0.915 1.0038
4 0.78 0.5678
6 0.99 1.2426
6 0.39 0.4357
5 2.4675 2.4806
5 1.2525 0.8706
4 0.885 0.729
4 1.7325 1.6738
4 2.3775 1.0966
5 2.2425 2.152
5 1.5375 1.8748
4 2.58 2.5765
6 2.925 2.9309
7 2.0475 2.0562
5 1.2 1.7548
7 0.15 0.2029
5 2.2125 1.8368
7 2.265 2.0942
7 2.31 2.4006
7 2.4525 2.404
4 1.3875 1.6205
6 1.95 1.5575
6 2.0325 1.995
4 0.5925 0.6745
4 2.1675 1.853
5 0.27 0.0418
6 2.835 2.6982
6 1.9275 1.5688
5 2.97 2.9997
4 0.3825 0.6303
4 2.5875 2.5258
5 0.2775 0.3888
4 1.8375 1.5221
5 2.2425 2.188
7 1.3875 1.754
5 2.6625 2.5468
4 0.495 0.4442
4 1.62 1.5976
5 1.4325 1.4903
7 0.8025 0.776
7 0.525 0.5291
6 2.4225 2.478
6 2.25 2.2709
6 1.7775 1.0484
4 1.155 1.4511
6 0.435 0.4532
7 1.875 1.8281
6 0.195 0.2369
4 2.145 1.8269
5 1.29 1.3999
5 1.605 1.704
6 0.3525 0.3897
4 1.23 1.6145
6 0.2625 0.2933
7 0.975 1.0237
4 0.3975 0.8178
5 2.0025 1.928
4 0.72 1.2747
5 2.6775 2.6209
6 0.495 0.5308
4 0.0975 0.0615
7 1.2975 1.5114
6 2.34 2.4388
6 2.13 2.035
7 1.6125 1.5391
7 0.0375 -0.0006
4 0.5325 0.5715
5 1.125 1.4657
7 0.2775 0.27
6 1.53 1.5863
4 1.905 0.8351
6 1.62 1.8302
5 2.82 2.8012
7 0.315 0.3632
4 0.15 0.0615
4 1.7025 1.3321
7 0.9525 1.498
4 0.405 0.2908
5 1.785 2.0806
5 0.9825 1.4512
4 2.2425 2.0516
7 1.515 1.7459
6 1.77 1.7815
6 1.5675 1.2391
4 1.785 0.6136
4 0.075 0.1072
4 2.34 2.3455
7 1.4925 1.7212
7 1.155 1.0378
6 0.93 1.0694
6 0.5025 0.5209
5 2.4975 2.4388
7 1.68 1.574
4 0.555 1.1479
4 2.8575 2.8363
4 0.045 0.2827
7 2.055 1.8298
6 1.0125 0.9014
6 0.9975 1.3545
4 0.8475 1.5306
5 2.565 2.5557
7 1.5075 1.3957
5 0.5625 0.9377
4 1.9725 2.2822
6 0.1725 0.1953
6 0.375 0.303
4 2.67 2.6931
6 2.34 2.4918
6 2.7525 2.767
4 2.655 2.3248
5 0.39 0.3312
5 2.925 2.9367
6 0.3975 0.3427
6 0.5775 0.5775
5 0.45 0.3921
7 2.55 2.5311
7 1.0575 1.2306
5 0.2625 0.206
4 2.22 2.3269
7 2.6775 2.7074
5 1.3425 1.7891
4 2.685 2.7237
7 0.5025 0.4973
5 0.3225 0.458
6 0.8175 0.766
4 2.28 1.3985
4 1.7775 1.0295
6 1.7325 1.5999
4 1.635 2.2666
7 2.2425 2.2587
4 0.5025 0.9657
6 2.6475 2.69
7 2.91 2.9107
4 0.9225 1.7317
7 2.9925 3.0039
5 1.2 1.5079
7 2.1525 2.0206
5 0.3675 0.4054
7 1.14 1.6063
4 1.53 1.5428
6 2.5275 2.5619
4 2.4525 2.2811
7 2.3475 2.2357
5 2.085 2.0145
6 0.105 1.3799
7 2.2425 2.2811
6 0.675 0.738
4 2.9175 2.7793
4 2.685 2.6406
5 1.3425 1.7672
4 1.8825 1.7065
6 2.565 2.6253
6 0.8325 0.5811
5 1.845 1.7511
4 1.38 1.864
7 1.7625 1.3239
6 2.9475 2.8692
7 0.7875 0.8966
7 1.0125 1.0968
6 1.095 1.4005
6 2.085 2.1704
6 2.0925 2.1391
5 0.2775 0.2756
7 0.4125 0.3236
7 0.555 0.6764
7 0.6075 0.6248
6 1.95 1.6418
6 2.5575 2.5164
4 2.97 2.8321
7 0.9525 1.1126
4 2.3025 2.2199
5 0.0375 0.043
4 0.9225 1.1817
6 2.235 2.2487
4 2.175 1.936
4 2.8875 2.8989
5 2.895 2.7456
4 2.355 1.911
4 2.55 2.6002
5 0.7275 1.18
7 1.875 1.6446
5 2.865 2.8116
7 2.2275 2.1861
4 2.9025 2.7522
5 0.6675 0.5315
5 1.4925 0.9759
4 1.2975 1.5952
7 1.2075 1.0774
7 2.1675 2.1779
6 0.96 1.2648
5 0.63 1.5121
4 2.8125 2.664
7 0.48 0.4421
6 0.7425 0.805
5 0.315 0.3495
5 1.4025 1.3295
5 2.31 2.1255
7 0.7575 0.6809
4 0.6825 0.8163
6 1.9575 1.5945
4 2.775 2.8413
4 1.365 1.6606
5 0.57 0.5659
7 2.2725 2.2695
4 1.62 1.9698
5 0.915 1.084
5 2.5875 2.6063
4 0.6 0.6178
4 1.3875 1.3933
4 2.025 2.4118
4 1.8975 1.8052
5 1.0875 0.9293
5 1.2525 1.4263
4 2.3175 1.7324
5 2.535 2.4323
4 2.1225 1.7135
6 2.055 1.6231
5 0.0075 0.1026
6 0.8775 0.8985
4 1.9125 1.0557
7 1.9275 1.7906
5 2.3175 2.1785
7 0.9 1.3402
5 0.495 0.5126
7 2.1375 2.2499
5 1.9725 1.7884
5 2.055 2.1872
4 2.6625 2.5477
6 2.19 2.1104
7 1.23 1.4038
5 2.865 2.9127
7 2.85 2.8927
7 1.3725 1.5587
7 2.8725 2.8184
7 2.8425 2.8812
4 1.05 0.5893
4 2.49 2.6425
6 2.07 2.1653
5 0.795 0.8652
4 2.04 1.7521
7 0.2025 0.2741
7 2.145 2.1417
4 1.4175 1.4049
6 0.5175 0.4941
5 0.42 0.4525
7 2.3175 2.3563
4 2.6925 2.892
7 0.2775 0.2459
6 1.065 1.6071
4 1.515 1.6227
6 0.9075 1.3654
7 1.6125 1.4254
7 1.095 1.2615
4 2.745 2.3648
5 1.8075 1.7065
5 1.8075 1.8073
5 2.895 2.9484
4 1.755 1.1767
6 1.1025 1.0264
5 2.0175 2.3878
5 0.9525 0.893
5 1.1025 1.3409
5 1.4475 1.2721
6 1.9125 1.591
7 2.1675 2.1773
7 1.5525 1.5526
4 1.4175 1.0726
7 0.855 0.8846
7 1.425 1.2885
7 0.7575 0.5935
7 0.8775 0.9191
5 2.955 3.0492
4 2.3175 1.4802
6 0.36 0.3444
6 1.95 2.039
7 0.8625 0.9174
5 1.455 1.4475
4 0.0225 0.1773
5 1.7025 2.3454
6 1.0275 1.1854
5 0.84 0.6803
5 2.55 2.2371
7 2.3625 2.3791
6 1.965 2.0409
5 2.16 2.1669
5 0.9225 1.0731
6 0.8025 0.9857
4 0.4875 1.3563
6 1.635 1.4544
6 1.755 1.5509
7 1.1175 1.3338
7 1.605 1.5541
6 2.64 2.6653
4 1.3875 1.7443
5 1.8075 1.4821
7 0.7425 0.7888
7 2.91 2.9651
4 2.595 2.479
6 2.9325 3.0157
4 2.5875 2.4853
4 2.31 1.3079
7 1.2525 1.1797
5 0.9525 0.9197
7 2.1075 1.7393
4 0.9525 1.302
6 0.255 0.1922
4 0.585 0.5598
6 2.1375 2.2394
5 2.1525 2.1785
5 2.145 2.1762
7 1.245 1.405
7 0.2775 0.2499
7 0.855 0.9138
7 0.0975 0.1398
5 1.3125 1.6529
4 1.755 1.4692
6 2.28 2.1041
7 0.675 0.7046
7 2.595 2.6296
5 2.3175 2.1447
7 1.7325 2.0311
5 1.3875 1.2335
7 2.2575 2.2108
6 0.93 1.0181
5 1.8 1.7649
5 1.7775 2.0753
5 1.7325 1.4747
7 1.395 1.3391
4 1.4175 1.8791
7 0.78 0.8423
4 0.6675 1.0246
7 1.665 1.6442
6 0.7425 0.6656
5 2.535 2.5584
6 1.71 1.2311
4 1.3575 1.2376
7 0.7725 0.6927
5 0.0525 0.0009
6 0.8625 0.7136
4 2.5125 2.5602
5 1.6425 1.3412
7 2.745 2.6777
6 2.4375 2.5681
5 1.4175 1.4263
6 2.8425 3.0123
5 2.91 2.9796
7 0.3 0.2852
4 0.9375 1.4803
7 0.42 0.3571
4 1.0125 0.9349
4 2.0775 2.3113
6 1.125 1.8607
6 0.5325 0.5901
6 0.1425 0.1919
4 2.205 1.7565
4 2.595 2.5856
6 1.0575 1.5715
5 1.8075 1.9043
5 0.93 1.7838
6 0.15 0.114
5 2.16 1.9873
6 2.5425 2.5782
4 1.8825 2.0781
7 2.6625 2.6381
7 1.4325 1.3553
6 2.76 2.7559
6 2.1 1.6688
6 2.6775 2.7742
4 2.3475 2.1036
4 2.8875 2.5668
5 0.0975 0.2555
6 2.655 2.5281
5 0.9225 1.0567
4 1.02 0.9468
6 2.4825 2.4623
7 0.195 0.1873
4 1.35 1.7336
7 1.17 1.2101
6 1.785 1.3266
6 1.59 1.5277
6 2.6925 2.5444
4 1.815 1.5363
5 2.895 3.0446
7 1.6425 1.2594
6 1.6575 1.3233
6 0.8025 0.8569
5 1.77 1.9334
6 0.5625 0.5894
4 0.7425 0.6648
7 0.03 -0.0041
7 0.465 0.489
5 2.5725 2.5017
7 2.28 2.2895
5 2.745 2.6685
5 2.22 2.2673
4 1.83 1.2741
7 1.2375 1.2075
6 2.7525 2.7335
6 1.425 1.9091
7 1.1025 1.1746
4 1.035 1.1165
5 0.6525 0.6959
6 1.635 1.9809
4 1.89 2.2753
6 2.7825 2.8017
7 2.1975 2.1883
4 0.3675 0.3634
5 0.285 0.2584
6 0.3075 0.3606
4 1.6725 1.8322
7 1.575 1.5047
4 0.9375 2.1467
5 0.405 0.3369
7 2.385 2.3267
5 1.68 1.3125
7 0.555 0.6583
7 0.435 0.4262
4 1.5525 2.3106
4 1.065 2.1286
6 2.595 2.596
6 0.4125 0.4463
5 0.36 0.5085
4 1.5825 1.1675
5 2.88 2.7766
5 0.3525 0.4196
5 1.5825 2.079
5 1.5825 1.6919
4 1.2225 1.9102
4 1.6275 2.1735
7 2.895 2.6809
4 0.69 1.5054
6 2.3325 2.0639
5 1.815 1.9267
6 2.4 2.3996
5 0.1125 0.2445
7 0.1125 0.0614
7 2.6325 2.6305
6 2.4525 2.349
7 0.645 0.6367
7 1.35 1.3485
4 2.3325 1.8408
5 2.025 1.1699
7 1.26 1.5147
7 1.695 1.8217
5 0.99 1.3931
5 2.16 1.9999
6 2.7 2.5992
5 1.3425 1.4009
6 1.785 1.4613
4 0.0825 0.2934
4 1.56 1.7088
7 0.84 0.8854
7 1.7325 1.7488
7 1.9425 1.7165
4 2.8425 2.5078
6 2.9625 2.9398
4 1.5675 1.3579
4 1.2825 1.6593
6 2.8425 2.8288
4 2.745 2.6176
4 1.4475 1.704
7 0.5175 0.5779
6 0.6675 0.6491
5 2.34 2.3888
6 0.255 0.3962
7 2.1525 2.2281
7 2.22 2.2322
4 0.6375 0.3594
6 0.1725 0.2376
5 1.1325 1.9464
5 2.3925 2.5793
6 0.03 0.0109
6 2.6775 2.5144
4 1.14 1.7049
5 1.98 1.9613
4 2.1075 1.9979
6 2.535 2.5517
4 0.0675 0.1635
5 0.24 0.287
6 1.5225 2.0242
6 1.3425 1.6401
4 1.155 1.5532
7 0.7275 0.8861
7 0.5925 0.599
5 2.805 2.8325
6 0.84 0.7778
6 0.51 0.4865
6 0.315 0.4356
5 1.2525 1.5678
4 0.99 0.6687
4 2.16 2.4147
5 1.545 1.3167
4 2.1975 1.9825
7 1.0275 1.2507
6 0.78 0.765
4 2.94 2.8256
4 0.405 0.3909
4 2.805 2.848
6 2.565 2.6525
5 0.9675 1.6572
5 2.0325 1.4438
7 0.3825 0.3963
5 1.44 1.3831
4 2.5425 2.6333
7 1.4475 1.3826
5 1.215 1.3994
4 1.7925 1.8147
7 1.305 1.2035
7 0.09 0.0677
4 1.8 1.7964
7 1.155 1.1102
6 0.9825 1.0562
7 0.9075 0.9482
5 2.2425 2.1379
7 1.0425 1.1401
4 1.305 1.8449
5 2.3325 2.4083
5 2.16 2.2746
7 0.225 0.2465
4 0.5925 1.1212
6 1.035 1.0264
6 1.605 1.464
7 0.495 0.504
5 2.355 2.3028
7 2.6775 2.6682
5 2.07 1.8533
6 2.5275 2.5406
5 2.88 2.9509
4 1.32 1.3458
4 1.3725 2.0162
4 0.5325 0.5769
7 0.8925 0.7869
7 0.3525 0.4103
6 0.0 0.1311
5 1.05 1.0765
6 0.9075 0.8774
6 2.985 2.8838
4 0.3075 0.1447
7 1.305 1.4569
6 2.2725 2.1488
6 1.8825 1.5716
6 2.0925 1.7738
5 0.465 0.5415
7 2.4975 2.6787
4 1.785 1.6995
5 1.4325 1.4474
5 0.33 0.4487
5 0.825 1.1541
6 2.2125 1.9823
5 0.5175 0.4611
6 2.82 2.8527
4 1.305 0.6364
7 0.6825 0.7637
5 2.3475 1.9035
4 1.47 2.4176
4 0.735 1.987
5 2.43 2.2162
5 2.1 1.9688
5 2.3475 2.2862
7 2.2125 2.1707
4 1.9725 1.9846
5 0.5175 0.4123
4 0.66 1.1279
7 2.9475 2.9228
7 2.9175 2.913
6 1.035 1.2788
6 2.7975 2.7913
4 0.1425 0.0952
7 0.1875 0.1968
7 2.7675 2.7072
4 1.245 2.0272
7 1.515 1.5623
5 1.3875 1.1165
6 2.1825 2.0071
7 1.3875 1.4064
7 1.5375 1.6117
5 1.6425 0.8308
4 2.655 2.7878
4 2.9025 2.8522
4 2.5875 2.7383
5 0.885 0.6534
5 2.0625 1.9183
4 2.6625 2.4558
4 1.98 1.7916
7 0.5775 0.5577
4 1.245 1.4826
4 0.3825 0.343
7 0.4875 0.6054
4 0.645 1.205
6 0.36 0.3823
4 2.955 2.7587
7 1.71 1.6759
4 0.3225 0.1241
7 1.11 1.21
7 2.655 2.66
5 0.66 0.6231
4 0.435 0.7321
6 2.64 2.7058
6 0.3375 0.3084
5 2.01 1.0583
7 1.455 0.998
6 0.69 0.6293
7 2.8875 2.8213
6 2.5425 2.5757
6 0.8325 1.0145
6 1.155 1.3709
6 1.455 1.5483
6 2.355 2.1155
5 2.7975 2.9102
7 2.85 2.8794
6 1.0575 1.1256
6 2.9175 2.8386
4 1.9125 1.3769
4 1.41 1.9827
5 1.5 1.3173
4 1.9725 1.6261
6 1.875 1.6647
7 0.975 0.9526
6 0.825 0.8803
4 0.1575 0.2023
7 2.04 2.1304
4 0.855 1.4018
5 2.37 2.3318
5 1.9875 1.7262
7 1.815 1.858
6 2.7525 2.6689
7 0.1125 -0.0827
6 2.775 2.753
7 0.975 1.0521
6 2.8425 2.8718
6 0.1275 0.1617
5 1.0125 1.0407
4 1.2525 1.9244
7 2.0925 2.0328
5 1.8375 2.0163
4 0.78 1.0593
6 1.185 1.1086
6 0.5625 0.5594
7 0.0375 0.1501
7 0.6525 0.7215
5 0.885 0.9765
6 2.55 2.6503
5 0.8475 1.0233
6 1.1625 1.4084
5 2.49 2.4446
6 2.355 2.1997
5 2.9775 2.7922
6 0.045 0.1639
5 2.6475 2.6242
7 2.0475 2.0509
5 2.2725 2.3981
4 2.61 2.3973
6 0.27 0.1348
5 1.935 1.2668
5 2.73 2.753
5 1.0875 1.1465
4 1.035 1.9976
6 2.76 2.6257
6 1.185 1.5628
7 1.8675 1.8858
6 2.3175 2.3151
6 0.6375 0.7524
7 1.41 1.5138
4 2.2275 1.7244
7 2.445 2.4481
7 0.6525 0.7134
6 0.6375 0.7329
7 1.9875 1.7231
5 2.385 2.2754
5 1.44 1.5788
5 2.145 1.8702
5 1.3875 1.1145
7 2.0025 1.9481
4 0.705 1.6702
5 0.765 0.7031
6 1.8675 1.4896
6 0.21 0.2798
4 1.845 1.9279
7 0.87 0.9591
4 0.7725 0.8658
4 1.4775 1.8367
7 0.225 0.2125
4 1.5975 1.5509
4 1.59 1.4175
6 1.3275 1.5093
5 1.5075 1.7728
6 1.905 1.6909
5 0.855 1.5636
6 2.085 1.7858
4 0.7875 1.1373
6 1.32 1.0419
4 1.845 1.792
6 2.9625 2.8911
7 2.4675 1.9401
6 0.8175 0.8031
6 0.2475 0.2938
7 2.145 2.2297
5 1.3875 1.2431
5 1.8375 1.5217
4 0.795 1.4902
4 2.0925 1.5956
7 2.325 2.2669
4 2.5575 2.6847
6 1.455 1.5309
6 2.91 2.9589
4 0.1275 0.2078
4 1.845 2.0675
5 1.59 0.9963
5 2.73 2.7457
4 0.6975 0.742
4 0.8925 1.4523
5 1.5075 1.492
5 2.8725 2.977
5 2.07 2.001
5 1.0875 1.6173
7 2.0925 2.1588
4 2.055 2.0006
5 2.1075 1.9728
6 0.36 0.3162
5 1.08 1.9244
7 2.8575 2.8886
7 2.76 2.7122
4 0.4575 0.516
5 0.87 1.0383
6 0.5925 0.6924
4 2.1 1.7897
6 2.0175 2.1691
5 2.01 1.8684
5 0.7425 0.9392
7 0.87 0.9272
5 2.9475 2.7627
5 1.245 1.3332
5 1.2 1.208
5 2.6925 2.5401
7 0.9225 1.0406
6 0.6225 0.57
5 2.0325 1.5403
4 0.3075 0.1726
4 2.9775 2.8021
6 1.05 1.0529
5 1.5225 1.5188
5 2.295 2.2311
6 1.635 1.6363
6 0.735 0.5826
5 2.805 2.8749
7 1.485 1.6395
4 2.28 2.1106
5 0.03 0.129
7 1.875 1.9823
6 0.525 0.5519
4 0.0 0.0075
6 1.41 1.5665
4 1.305 0.9559
7 1.44 1.724
4 0.0825 0.1157
6 0.78 0.838
7 0.66 0.56
4 2.28 1.4652
5 1.1775 1.5914
4 2.1825 2.419
7 2.595 2.6851
7 0.555 0.5726
5 0.3 0.3032
6 2.535 2.5883
4 1.905 1.5615
6 2.5125 2.512
6 2.4375 2.4302
7 1.65 1.7745
4 1.755 2.083
5 2.9925 2.9943
7 1.515 1.1009
5 0.525 0.6
7 2.5275 2.4769
5 1.1175 1.0205
5 2.0475 1.793
5 0.435 0.7838
4 2.6925 2.4203
4 0.9075 1.8733
6 1.8825 1.3945
6 0.0675 0.0525
7 2.6775 2.5907
7 0.0225 0.0642
7 0.795 0.7789
7 2.985 2.9369
7 2.19 2.2159
7 1.245 0.9487
5 1.5975 1.5623
5 2.9925 3.0172
4 1.245 1.5213
5 1.0125 1.5316
4 1.7175 1.2274
4 1.0575 1.3295
4 2.0625 2.0727
7 0.675 0.7703
5 1.125 1.4904
7 1.2225 1.4958
6 2.3025 1.8434
4 2.0475 1.0662
5 2.745 2.7535
6 0.42 0.4766
7 1.965 1.4406
4 1.0575 1.2669
4 2.8125 2.7781
7 2.8425 2.8574
7 2.2875 2.2931
7 1.5 1.5401
4 0.765 1.529
5 1.7325 1.8346
4 1.275 1.7536
7 0.1875 0.1561
7 0.525 0.5833
6 1.08 1.0119
7 1.6275 1.4228
7 1.0725 1.5129
7 0.03 0.0806
5 2.0775 1.9347
5 1.455 1.1693
6 1.7925 1.7207
4 0.0675 0.099
5 1.935 1.968
5 1.755 1.6021
4 0.255 0.3323
6 2.3325 2.3211
5 2.58 2.7039
5 2.415 2.6285
6 1.0425 1.5305
6 2.1675 2.1024
5 1.7775 1.6123
6 0.6375 0.5561
7 0.4425 0.4249
4 0.6 1.1075
5 2.34 2.3025
6 1.275 1.4718
4 2.5125 2.8204
6 1.2675 1.4468
6 2.43 2.3489
4 0.015 0.1613
7 2.04 1.7787
4 2.655 2.7761
7 2.19 2.2462
6 0.42 0.3993
5 2.895 2.7216
6 0.0075 0.0795
4 0.9375 1.437
4 2.64 2.6074
4 0.6375 0.6816
5 2.985 2.8577
4 0.0375 0.2329
4 0.8175 0.7171
7 1.2075 1.0662
5 2.805 2.8629
7 0.12 0.1529
6 1.65 1.5074
7 0.9375 1.0327
6 1.26 1.4513
6 1.4625 1.4449
4 0.8775 1.6535
5 0.5175 0.4568
6 1.5375 1.6526
5 1.5 1.8855
7 0.435 0.4688
7 2.3925 2.2117
6 0.4425 0.3736
5 1.365 1.5403
4 0.3675 0.539
4 0.2475 0.2975
5 0.4275 0.4847
5 0.7725 0.7184
5 1.3575 1.6004
5 2.1375 2.1189
7 2.07 1.9426
5 2.235 1.9815
4 2.6025 2.709
7 2.7075 2.7923
6 0.1725 0.0329
4 2.46 2.6511
6 0.8625 0.9905
6 0.2475 0.2492
5 2.19 1.6327
5 0.645 0.9266
4 1.9425 2.0372
7 1.425 1.1998
6 0.7425 0.6094
6 1.0725 0.9159
7 2.3475 2.4264
7 0.2475 0.2336
7 0.18 0.1975
7 0.5325 0.6847
6 0.3225 0.366
4 0.75 0.384
5 2.6775 2.5573
7 0.6975 0.6891
4 0.7575 0.873
6 1.965 1.9731
6 0.405 0.2828
7 2.3025 2.1565
6 2.43 2.4383
6 2.3925 2.4505
5 0.3675 0.4144
7 2.295 2.4617
6 2.7525 2.7794
7 0.54 0.4971
5 2.25 2.1557
6 2.7675 2.7236
4 2.49 2.4842
5 1.89 1.533
4 2.655 2.5225
6 1.065 1.4487
6 0.42 0.4488
5 2.0925 2.0174
4 1.485 1.315
7 2.685 2.7297
5 2.745 2.7114
4 1.89 1.5097
6 1.7325 1.4797
4 2.22 2.1629
5 2.13 2.1448
4 1.05 1.5834
7 1.71 1.8008
5 1.035 0.97
5 0.9075 1.3437
6 2.5275 2.4838
6 1.11 0.9641
5 0.9 1.0557
7 0.39 0.4138
5 2.685 2.7227
7 1.3125 1.0986
7 2.145 1.8058
5 0.36 0.3671
5 0.1575 0.3362
4 0.375 0.3166
5 0.45 0.5226
7 2.3925 2.3841
5 0.1575 -0.0182
6 1.095 1.5973
6 0.0525 0.0714
4 2.715 2.7656
5 2.4375 2.5509
4 2.0625 2.0152
4 2.9025 2.9239
6 2.7075 2.8151
7 1.47 1.6998
6 1.215 1.8103
4 1.7175 1.3311
6 1.9425 1.2088
4 1.77 1.9922
7 0.225 0.2534
6 1.7175 1.9272
7 1.32 1.2391
5 0.9975 1.0606
6 0.045 0.091
7 1.035 1.2079
4 0.8475 0.6829
4 1.2 1.7953
5 1.98 1.5963
5 0.7125 1.3853
6 0.5175 0.5404
4 0.315 0.2781
5 2.22 1.5056
5 0.2325 0.3654
7 2.2725 2.3182
5 0.795 1.3159
6 1.86 1.5003
6 1.2225 1.601
5 1.4475 1.5978
7 0.9675 0.8315
7 1.9425 1.6924
5 0.6825 0.3996
5 1.9575 1.6293
5 0.5925 0.9622
6 1.695 1.8165
4 2.4075 1.7644
7 1.6425 1.458
7 0.72 0.7286
7 2.2275 2.161
5 1.17 1.0413
7 2.13 2.0046
5 2.4675 2.4621
7 2.82 2.8955
7 2.5275 2.6121
5 2.415 2.5591
4 0.1575 0.2848
5 0.1875 0.1308
5 0.6375 0.5074
4 1.065 0.7665
4 2.76 2.7008
5 0.015 0.1497
7 2.655 2.6557
4 0.12 0.3573
4 0.5475 0.8457
6 2.88 2.8512
7 2.1975 2.1472
5 1.7175 1.5034
7 2.955 2.9098
4 2.715 2.693
7 2.0175 2.1805
7 1.245 1.5319
6 0.9375 0.8903
7 0.2025 0.2156
6 1.2075 1.505
7 0.33 0.3713
6 2.8725 2.9338
6 1.4325 1.9893
7 0.675 0.6401
7 1.08 1.046
4 1.3275 1.6808
5 0.24 0.2222
5 0.3 0.2786
4 2.13 2.0231
6 0.5625 0.6528
6 0.99 0.8538
6 1.3575 1.4164
6 0.555 0.7224
7 0.975 1.0258
4 2.0175 1.5416
4 2.925 2.8802
5 2.22 1.7937
7 2.1525 2.1416
7 2.1375 2.1684
6 2.8575 2.8477
4 0.1125 0.1017
7 2.535 2.632
7 1.3425 1.506
4 1.3575 2.0501
5 2.0775 1.3173
5 2.9625 2.9724
6 2.835 2.8301
5 1.7625 1.5506
6 0.8625 0.8646
7 2.4075 2.3564
7 2.9175 2.9351
4 0.81 1.1938
4 1.3575 1.3272
4 2.4375 2.4844
6 2.4675 2.4667
4 2.085 1.564
6 1.485 1.8437
4 1.3875 1.263
5 2.4075 2.3017
4 2.7525 2.724
5 1.0275 0.9679
4 1.08 1.2862
4 2.2125 1.6945
4 0.4575 0.4254
7 2.7525 2.7553
4 1.0875 0.8819
5 2.07 1.9058
7 0.2925 0.3214
6 0.09 0.1409
4 2.9025 2.9198
5 0.78 0.8096
5 1.29 1.8017
6 2.835 2.7702
4 1.1775 1.7433
5 0.42 0.467
5 0.8775 1.4374
5 1.4925 1.2451
5 0.885 0.9877
5 1.9575 2.2349
4 2.9925 2.9114
5 0.855 0.8862
6 0.375 0.4048
7 2.7375 2.8663
4 0.7425 0.7871
5 2.715 2.5099
4 0.2025 0.7513
5 0.8775 0.9686
5 0.645 0.6566
7 1.635 1.3263
6 2.1225 2.2082
5 0.5475 0.6536
5 0.9825 1.0225
4 2.43 2.5824
5 2.61 2.4061
6 2.16 2.2618
5 2.085 1.4016
7 2.9025 2.8631
5 0.9375 0.7899
5 0.45 0.5468
7 0.8625 0.8762
7 1.89 1.7325
6 2.355 2.2477
6 1.3425 1.6059
5 1.1475 1.0994
6 1.665 1.5843
6 1.65 2.0005
4 1.68 2.0572
6 1.5375 1.6642
4 1.29 0.9957
7 1.845 1.7853
5 0.87 1.4543
7 1.0875 0.9636
4 2.37 2.3526
4 2.505 2.5005
6 0.99 1.4444
5 0.6375 0.5379
5 1.5525 1.5078
7 1.0425 1.4138
6 0.8925 0.8714
5 0.345 0.3427
6 1.395 1.4593
6 1.1775 1.4475
4 1.005 1.6531
5 2.13 2.2809
7 0.81 0.7738
5 1.02 0.8389
6 2.1075 1.8587
6 0.3375 0.4934
5 1.1025 0.9225
4 0.1875 0.113
6 1.365 1.4471
4 1.5975 1.7197
7 2.7 2.5982
7 0.99 0.9517
7 0.7425 0.8359
5 1.455 1.6198
4 0.8925 1.062
7 1.2375 0.9337
5 0.945 1.2663
7 2.91 2.8865
7 0.7575 0.8422
6 0.0825 0.0394
6 1.3875 1.6861
4 0.165 0.1912
5 2.19 2.1128
7 0.4425 0.4848
6 2.7375 2.6328
6 2.025 1.9439
4 1.89 1.4589
7 1.8375 1.4736
6 1.95 1.8936
4 0.4275 0.4389
5 1.14 1.5423
5 0.72 1.0778
6 2.9925 2.986
6 1.4925 1.7949
4 1.7175 0.8903
7 0.66 0.6675
4 0.09 0.3435
7 1.845 1.5545
7 0.3 0.2509
6 0.12 0.183
4 1.0875 0.8853
5 1.2975 0.9755
4 1.41 1.7877
7 2.775 2.7778
4 1.83 1.2778
7 2.715 2.8135
4 1.3125 0.7533
4 0.0225 0.0866
4 0.495 0.451
7 2.73 2.6803
7 2.07 2.042
5 1.7775 1.4761
5 0.03 0.0831
7 0.45 0.5555
6 2.3925 2.4076
6 2.5425 2.4872
7 1.1025 1.2162
5 2.01 1.9681
5 2.3775 2.1772
5 0.135 0.2458
6 1.11 1.2234
4 0.585 0.8154
4 0.24 0.4048
6 0.5925 0.6357
7 1.335 1.5661
7 2.1675 1.7527
7 1.5225 1.1597
5 2.565 2.5867
6 0.9225 1.1293
4 0.075 0.0854
4 1.965 2.2628
6 2.3925 2.3545
5 2.3475 2.4639
6 0.045 0.0673
7 2.7975 2.7269
5 0.3675 0.3077
6 2.49 2.543
7 1.125 1.1191
4 1.17 2.2099
7 1.08 1.2877
5 0.315 0.4163
5 2.34 2.2863
4 1.5375 1.7543
4 1.8975 1.3141
7 2.355 2.4018
4 0.4875 0.6214
7 1.8225 1.6121
6 1.215 1.3819
4 0.165 0.1718
6 0.6975 0.739
6 0.21 0.1836
6 2.7675 2.5804
4 0.8625 0.5794
6 0.18 0.0615
4 0.7425 0.5842
7 2.055 1.9966
5 1.155 1.3759
5 0.2475 0.1948
6 1.6275 1.7081
7 0.765 0.7303
4 0.5925 0.7551
4 0.135 0.4755
6 1.1925 1.4695
5 2.2725 2.2874
5 1.7775 0.6781
5 0.5625 0.5561
4 2.205 2.2223
7 1.5675 1.7567
4 1.6575 1.9732
7 2.07 2.1567
4 0.615 1.1032
6 2.1375 2.027
6 0.555 0.773
7 2.4225 2.3683
7 0.4575 0.4648
7 0.135 0.2013
5 2.8875 2.9015
7 0.3675 0.407
4 0.195 0.1916
7 2.79 2.7832
4 1.725 2.1486
5 1.605 0.8935
5 0.1575 0.0503
6 2.67 2.7558
5 0.9375 0.9776
4 1.0425 0.9587
6 0.33 0.3859
4 2.5425 2.3885
7 1.485 1.7354
6 0.5925 0.7143
4 2.04 1.6605
5 2.76 2.834
7 0.7875 0.7886
7 1.4625 1.3512
6 1.605 1.6104
6 0.3675 0.4717
6 0.405 0.4894
6 2.5125 2.6499
6 2.145 2.2138
4 2.715 2.6915
7 2.37 2.4638
4 2.85 2.7144
6 0.345 0.3689
7 1.4325 1.4281
6 0.45 0.3692
5 1.005 0.9118
4 2.0175 1.5219
4 1.56 2.0019
7 1.86 2.0
7 1.6725 1.4398
6 1.95 1.9228
7 0.6075 0.5821
6 0.7125 0.7754
5 0.5925 0.8222
7 0.72 0.5904
6 2.28 2.1099
4 0.8775 0.7334
5 2.505 2.4387
7 0.54 0.6329
7 1.1025 1.0026
7 2.8575 2.8602
7 0.5925 0.6717
7 0.1425 0.1666
4 1.9275 1.4898
5 0.63 0.5846
7 1.725 1.9567
4 0.6975 1.1512
4 1.38 0.8845
4 2.49 2.3484
5 1.425 1.718
5 1.38 0.7986
5 1.35 1.144
6 1.1025 1.4085
5 2.19 2.5596
6 2.955 2.9169
4 0.5475 0.4689
7 0.3975 0.4504
4 1.7625 0.709
4 1.9575 1.8603
4 1.3875 1.8568
7 0.6 0.588
5 1.4025 1.854
4 1.5675 2.426
4 0.0375 0.0621
7 1.155 1.562
4 1.695 1.6028
6 0.3375 0.4103
7 2.37 2.2715
4 2.325 1.6408
5 2.2275 2.5092
7 1.9275 1.803
5 0.225 0.1694
6 0.2775 0.2093
7 0.0525 0.1502
7 0.8775 0.9116
4 1.8075 2.0149
7 0.36 0.4022
4 2.235 2.18
5 2.34 1.9605
7 0.9375 1.0575
7 1.545 1.5556
4 0.3075 0.1278
6 2.5125 2.6662
7 1.89 1.9712
6 0.9975 0.8781
5 2.625 2.5553
5 1.05 1.0721
5 2.2425 1.3451
7 2.295 2.16
7 0.42 0.3385
6 2.265 2.2156
7 2.4 2.3341
5 1.245 1.5171
6 2.715 2.7148
6 0.3 0.247
7 0.915 1.0307
7 2.1375 2.202
6 0.225 0.2584
7 1.89 1.7174
7 2.9475 2.938
6 2.025 2.0462
6 1.2525 1.5021
6 0.3 0.2646
5 2.94 2.85
7 1.56 1.4014
6 1.9575 2.1896
5 0.1725 0.2446
4 2.115 2.5443
6 1.44 1.209
6 1.4175 1.8315
7 2.2725 2.2291
5 0.2775 1.4903
6 2.0625 1.9861
5 2.1675 2.2451
4 2.535 2.4874
6 0.09 0.1137
7 1.515 1.853
5 1.0725 1.929
5 1.11 1.275
4 1.4025 1.6011
5 2.4975 2.537
6 1.515 1.1893
6 2.0625 1.9233
7 2.1525 2.003
5 1.3425 1.9199
4 2.5275 2.266
5 1.125 0.5636
4 1.485 1.8163
5 0.06 0.0853
4 0.63 0.6896
4 1.23 1.6358
7 1.4025 1.5438
5 0.315 0.2317
4 1.725 1.1697
6 1.0575 1.0764
6 1.365 1.5422
4 2.1675 2.1998
6 0.15 0.0904
6 0.78 0.8002
6 2.295 2.268
6 1.0875 1.2661
6 1.935 2.0354
4 0.105 0.0415
7 2.46 2.4495
4 0.21 0.1749
4 0.6 1.0519
6 2.28 1.9389
7 1.77 1.8114
7 2.7375 2.76
4 1.83 1.0867
5 1.1325 1.733
4 1.905 1.6459
4 2.115 1.7758
5 2.85 2.8101
7 2.94 2.8978
7 2.7375 2.7211
5 0.525 0.8091
7 2.4975 2.4482
4 1.365 1.3553
6 2.7825 2.7288
5 0.4575 0.4102
4 2.94 2.816
6 1.14 1.3303
4 2.5875 1.6044
7 2.805 2.8436
7 1.5225 1.5711
6 1.6125 1.4233
6 2.145 2.3055
4 1.89 1.3815
4 0.675 0.616
6 1.995 1.6829
5 0.0225 0.0917
4 2.715 2.6529
4 2.7975 2.6208
4 0.36 0.8474
5 0.105 0.0804
5 1.125 0.9983
7 0.27 0.1636
4 1.185 2.1657
6 2.295 2.3119
5 1.7625 2.0359
7 1.635 1.8983
5 0.9375 0.9955
7 2.37 2.4004
7 1.68 1.4918
6 1.7625 1.447
6 1.9125 1.9455
5 1.6575 0.8929
7 0.8775 1.0269
5 0.2625 0.461
7 1.155 1.2091
6 0.99 1.2969
4 2.0625 2.155
6 1.155 1.5949
4 0.7125 0.7403
6 1.2975 1.7212
5 1.65 1.6425
7 2.6475 2.7632
7 0.6975 0.8147
5 0.42 0.3021
6 1.65 1.6761
6 1.125 1.2705
6 0.8325 0.9748
7 1.5825 1.328
4 1.695 1.4008
7 2.625 2.6458
4 0.5775 0.7131
5 2.3775 2.442
5 0.975 1.3303
7 2.8575 2.8688
6 2.31 2.3202
5 2.895 2.8911
7 2.16 2.0766
5 0.9825 1.7246
5 0.1425 0.0534
6 1.7175 1.2002
7 1.155 1.1844
7 2.235 2.3047
6 0.585 0.5817
7 0.3975 0.3542
6 2.76 2.8755
5 1.005 0.6874
5 0.87 1.2379
7 2.9025 2.9414
6 1.86 1.8881
7 1.4025 1.4655
7 0.1425 0.0586
6 2.835 2.846
6 0.255 0.3876
4 2.5725 2.5822
4 0.12 0.2722
7 2.0475 1.9328
7 1.545 1.82
7 0.5625 0.5067
5 1.3425 1.0534
6 1.9125 1.965
7 0.9 0.9181
5 2.55 2.5802
4 0.99 1.1161
7 2.7825 2.8386
7 0.075 0.0813
5 2.1075 1.9853
7 2.6025 2.7206
6 0.54 0.7325
5 2.6775 2.623
7 0.0225 -0.059
5 0.435 0.3043
6 1.05 1.1377
4 1.6425 1.6843
4 2.6325 2.6485
7 0.33 0.312
4 1.92 2.061
5 2.4225 2.3743
7 0.1575 0.1953
4 0.4725 1.0546
6 1.71 1.3667
5 2.85 2.791
4 1.545 1.4944
6 0.78 0.9525
6 0.54 0.5593
6 1.155 1.1013
6 2.3925 2.4191
4 0.0075 0.139
7 0.0675 0.1231
6 2.9025 3.0312
7 0.8175 0.7861
7 2.3775 2.3819
5 2.9925 2.9013
5 0.84 1.8752
5 1.6575 1.7529
7 1.53 1.4736
6 2.565 2.5763
7 0.765 0.8428
5 1.0575 1.2609
5 0.1875 0.2098
5 1.7025 1.6905
5 2.9475 2.8506
4 1.545 2.2257
7 2.2425 2.2427
7 0.5475 0.4983
6 0.8625 1.0965
6 1.455 1.3786
6 0.525 0.6144
6 0.24 0.3051
5 0.7425 1.1617
5 1.5975 1.3913
5 1.9725 2.0027
6 2.8725 2.9619
7 0.54 0.573
5 2.9025 2.8133
4 2.28 2.4922
5 1.0875 1.4096
7 2.1 1.8338
6 2.9625 2.9286
6 2.8575 2.8667
6 1.6275 1.4954
5 2.5575 2.4595
4 0.2625 0.2511
7 2.1525 2.142
6 1.095 1.1744
6 1.515 1.2696
5 1.4775 2.0325
5 2.6475 2.665
4 1.035 0.9784
5 1.65 0.9742
7 0.675 0.8527
5 0.375 0.552
7 2.82 2.8259
7 1.74 1.7409
4 2.7075 2.747
5 1.0125 0.7537
5 0.315 0.3341
6 0.735 0.6948
5 2.5425 2.3698
4 1.5825 1.5994
4 0.015 0.1074
4 1.1325 0.7377
7 0.4425 0.4148
5 1.2 1.1587
7 1.5525 1.9219
4 0.3375 0.2562
7 0.9 0.8847
5 1.2675 1.3193
7 2.6625 2.7055
5 2.235 1.8071
4 2.3775 2.5077
7 1.3125 2.696
6 2.28 2.2127
4 2.895 2.5558
4 0.105 0.2277
4 0.3375 0.2164
5 2.1525 1.9317
4 1.4925 1.9668
6 2.88 2.8725
7 0.81 0.8116
7 0.81 0.8941
6 2.955 3.0075
6 2.3025 2.2336
4 0.9075 0.7982
6 0.4875 0.5723
6 0.24 0.2719
5 1.5975 1.532
6 1.68 1.2193
5 2.79 2.7549
4 1.1775 1.7802
4 0.495 0.6008
4 0.4875 0.3811
4 0.4725 1.3945
4 2.6025 2.0172
5 0.6525 0.7572
5 1.9275 1.6956
4 2.22 2.3724
7 1.4775 1.4012
7 0.1425 0.1012
6 1.425 1.395
5 1.545 1.7359
5 2.8275 2.7297
7 0.1125 0.1619
6 2.34 2.1887
6 2.955 2.8652
5 1.875 1.8845
5 1.8675 2.4202
4 1.2075 2.2593
7 1.0725 1.0404
5 2.8275 2.915
7 0.09 0.1143
7 0.975 1.1217
4 2.8875 3.0153
7 2.7975 2.8027
7 1.425 1.8319
6 2.7825 2.8805
6 0.48 0.5884
5 0.7125 1.1057
6 0.3075 0.3509
6 1.3125 1.5024
5 2.1675 2.2122
4 0.675 1.7298
4 1.755 1.9763
7 0.15 0.1033
5 1.335 1.1585
7 0.51 0.5692
5 1.785 1.797
6 2.505 2.5889
4 1.2975 0.9411
6 0.36 0.4027
4 1.7025 0.7273
5 2.205 2.3474
5 1.5225 1.1809
5 0.975 1.0471
7 1.875 1.7246
6 2.16 2.3645
6 2.775 2.8671
4 0.8175 0.7741
7 0.1425 0.2836
6 2.595 2.6428
7 2.175 2.1986
7 0.7875 0.8357
6 2.22 2.2439
7 1.5075 1.8308
7 0.39 0.3859
4 1.1625 1.5624
5 0.9225 1.3321
7 1.8675 1.6714
7 1.875 1.8366
4 0.405 0.5663
4 2.28 2.6635
4 2.4975 2.4029
5 0.7725 1.1166
7 2.5575 2.5195
5 1.035 1.0092
7 0.4575 0.4353
6 2.1675 2.0701
4 0.06 0.1634
4 0.69 0.8363
7 1.35 1.2582
4 1.035 1.3437
5 0.5175 0.5425
7 2.955 2.9774
4 1.7175 1.5079
7 2.4825 2.414
6 0.4575 0.5036
4 0.3675 0.6122
4 1.6725 0.8237
7 0.0975 0.1962
5 2.97 2.9344
4 1.095 1.0777
5 1.2525 1.0764
6 2.4 2.4004
6 0.585 0.6026
7 0.735 0.8988
6 0.36 0.3478
6 0.825 0.912
6 1.065 1.256
7 1.0575 1.1332
5 2.325 2.1101
5 1.755 2.0913
5 0.2775 0.3007
4 2.4825 2.5489
5 0.54 0.4622
6 1.8 1.9261
6 0.06 0.103
6 2.01 2.028
6 1.53 1.3034
7 2.6025 2.5793
6 1.53 1.7118
4 0.7575 0.6545
6 0.2025 0.151
5 0.8775 1.0245
4 2.7825 2.7366
7 2.49 2.5289
4 1.035 1.1767
5 0.7575 1.5157
6 1.5075 1.4402
4 2.94 2.8081
6 1.89 1.7167
6 2.13 2.0195
4 0.3375 0.5935
6 2.715 2.7451
5 1.1025 1.1886
6 0.645 0.6836
5 1.6275 1.8291
4 0.6825 0.5209
4 2.37 1.6227
5 1.56 2.091
6 1.665 1.5076
6 2.745 2.6729
6 1.3875 1.8061
7 2.07 2.0713
7 1.35 1.0118
7 1.485 1.5124
7 1.08 1.1059
4 1.845 1.9759
6 0.525 0.7457
5 2.37 2.1583
5 0.78 0.9458
5 0.975 0.7418
7 1.8 1.697
7 2.1675 2.399
6 0.7125 0.8427
4 1.6125 1.0613
5 1.8975 1.969
4 1.5675 1.8158
6 2.61 2.6269
4 1.2375 1.6303
5 2.835 2.8877
7 0.6375 0.7381
5 0.6 0.7279
5 2.6475 2.6631
4 0.39 0.4681
7 2.2425 2.3157
7 2.385 2.3928
6 2.325 2.1427
5 2.415 2.0659
5 1.29 1.1351
4 2.055 1.4855
4 1.89 0.9452
5 0.0525 0.1982
6 1.5525 1.3936
5 1.29 1.6393
7 2.0025 2.1047
6 0.255 0.2756
4 0.3525 0.0729
5 2.1525 1.3732
6 0.195 0.1302
5 1.5675 1.5921
5 1.605 1.5181
4 2.4375 2.2591
6 1.32 1.2568
4 0.615 0.5283
6 0.9825 1.0374
6 0.27 0.2728
5 2.22 1.8375
5 0.21 0.0628
5 1.8975 2.1323
4 1.3425 1.9669
6 1.9275 1.8017
7 0.45 0.3916
7 2.3925 2.3173
6 1.7175 1.4597
6 2.1675 2.2149
4 0.8925 1.3271
4 0.8175 1.3862
7 1.065 1.2283
4 1.23 2.2653
5 0.24 0.1789
6 0.75 0.7424
6 1.665 1.4278
6 1.9575 1.5973
5 2.9475 2.9062
5 1.5075 1.9504
5 0.615 0.6839
4 0.57 0.5849
6 0.885 1.2145
4 2.6175 1.8996
4 0.765 0.7453
6 1.095 1.5407
4 1.6275 1.6426
7 1.605 1.742
5 2.6325 2.6747
5 0.585 0.556
6 1.5 1.5386
4 0.765 1.1823
6 1.9125 1.5832
6 2.52 2.4767
7 1.7925 1.3426
6 0.495 0.4229
5 1.455 0.9466
7 0.5925 0.5539
4 1.6425 2.2337
4 0.03 0.044
5 0.8325 1.0027
5 1.1625 1.6251
7 0.435 0.5667
5 2.07 1.4134
4 0.06 0.3277
4 2.985 2.8594
4 2.475 1.8444
7 0.7425 0.7376
5 1.6275 1.6309
7 1.02 1.022
7 1.3425 2.0078
7 0.57 0.5679
5 0.705 0.7061
5 2.1375 2.2408
5 0.345 0.3324
5 1.4025 1.3279
4 2.415 2.3154
7 2.205 2.1138
5 2.475 2.4122
6 0.4725 0.4012
6 2.2575 2.1078
5 1.7175 2.409
4 0.6075 0.6401
5 1.245 1.5081
7 1.4325 1.5523
6 1.095 1.6222
5 1.5675 1.6934
7 2.6625 2.5355
4 2.9625 2.8982
6 1.5975 1.8419
6 1.23 1.7647
7 1.02 1.2129
5 2.9625 2.9224
5 2.0775 1.7954
7 1.5 1.9128
6 2.01 1.8432
5 0.2475 0.1538
6 0.8925 1.0865
6 0.3 0.2157
4 2.205 1.7759
4 2.1375 2.4236
6 2.97 2.9887
7 1.17 1.7059
4 2.9925 2.7723
4 2.055 1.1348
5 2.3025 2.148
7 1.245 1.6513
6 2.73 2.7575
5 2.1375 1.6547
6 0.9975 1.0235
5 0.345 0.308
6 1.605 1.5151
5 2.0475 2.1568
7 1.17 1.2928
6 0.6225 0.8327
6 1.575 1.6778
4 0.3825 0.2479
5 1.23 1.4804
5 0.315 0.4444
7 2.385 2.481
5 1.575 1.8261
4 2.3625 2.218
4 1.2225 1.0216
6 1.5825 1.0853
6 1.965 1.5565
7 2.04 1.9088
5 1.17 1.2161
7 2.8425 2.8951
7 0.7125 0.7531
7 0.495 0.5965
7 1.23 1.4804
7 0.84 0.9451
4 2.2875 1.1506
4 1.575 1.9881
5 1.755 2.2232
6 1.92 1.5155
4 0.9375 1.2147
4 2.1525 1.2623
7 1.425 1.6129
5 0.975 1.2939
5 2.4825 2.5769
7 1.275 1.4474
6 2.5875 2.6048
4 1.7775 1.2807
4 2.2275 2.5581
4 0.915 1.4125
7 2.5275 2.4625
4 1.5675 1.7049
4 2.7825 2.8864
7 1.38 1.5539
5 2.6775 2.6923
5 0.1125 0.086
5 1.53 1.6642
4 2.7225 2.6489
5 2.175 1.7003
4 1.4475 2.9432
5 0.45 0.3366
7 2.2575 2.3326
5 1.8225 1.6135
5 2.115 2.2662
7 0.69 0.7597
5 2.85 2.8847
4 0.375 0.554
7 1.2675 1.1572
4 2.76 2.8095
4 1.995 1.0214
4 1.515 0.86
6 0.765 0.8697
5 1.38 1.7471
4 1.425 1.06
4 1.83 2.0743
4 1.8375 2.0219
4 0.12 0.217
4 0.27 0.343
6 2.6175 2.6348
5 2.115 1.6036
7 1.2975 1.2245
6 0.1725 0.1554
4 1.755 1.2974
4 1.7925 2.1177
7 1.4475 1.57
4 0.78 0.7661
5 2.46 2.5245
7 1.515 1.5391
4 1.7925 1.7015
7 2.1225 2.0547
7 0.075 0.0456
5 2.655 2.7137
7 1.5 1.5568
6 1.44 1.797
4 1.815 0.9772
4 1.9275 1.4881
7 0.0375 0.0593
4 2.325 2.524
6 1.1475 1.2595
4 2.7375 2.6731
6 1.905 1.5654
5 2.175 2.1036
4 2.8425 2.6732
4 1.215 0.9344
5 1.905 2.1675
5 1.05 0.9532
6 1.68 1.4356
4 0.3675 0.5985
5 0.0525 0.143
4 2.82 2.898
5 2.6325 2.4791
6 2.535 2.604
5 0.45 0.3657
6 2.37 2.4365
6 0.4425 0.4887
7 0.6 0.5157
5 0.135 0.1127
7 1.53 1.6786
4 1.5 1.0911
5 2.7525 2.6616
5 2.835 2.8195
6 2.16 2.0628
7 0.4275 0.4618
4 1.0275 1.4237
5 1.485 1.2155
7 1.4775 1.4419
5 1.2375 0.9558
6 1.7325 1.6843
7 2.5725 2.4556
5 1.17 1.1828
4 0.285 0.505
6 2.685 2.7674
5 1.17 0.8898
7 2.13 1.9821
4 2.1375 1.7818
7 2.37 2.3315
6 2.9475 2.9363
4 1.0575 0.5331
6 2.805 2.8405
7 2.4975 2.4901
4 1.845 2.028
5 1.2825 1.1901
4 1.7325 1.6263
6 1.995 2.126
7 2.2275 2.2362
5 0.21 0.2623
4 1.98 1.0078
6 1.425 1.5544
5 0.8625 1.0686
7 1.47 1.5181
6 2.205 2.1837
4 0.225 0.1664
5 2.94 2.2008
4 0.9825 1.2742
6 2.295 2.2363
4 2.46 2.2908
5 1.8075 1.8002
4 1.8225 0.4327
4 1.0275 0.6941
5 1.545 0.9994
5 2.0775 2.1456
6 2.52 2.6621
7 1.8825 1.7059
4 1.2975 1.2033
7 2.055 1.8189
7 1.335 1.4866
7 0.0075 0.1464
5 1.455 1.9359
4 2.0025 1.2338
5 1.62 1.9387
6 1.2375 1.1383
7 0.57 0.5853
5 1.8525 1.9866
6 1.995 1.5532
7 2.01 2.0893
4 0.315 0.4124
5 2.7225 2.6539
4 2.985 2.9129
6 2.2125 1.7579
4 1.3275 1.3096
7 2.8575 2.84
6 0.3975 0.4034
4 2.67 2.7328
6 0.63 0.5533
7 2.82 2.8983
5 1.62 2.1635
6 2.4375 2.4038
5 1.4625 1.6913
4 2.49 2.4201
6 0.84 1.2663
7 0.6 0.6647
7 1.185 0.9648
4 1.9725 1.5517
5 0.915 1.6817
7 1.905 1.7815
5 0.87 0.8101
4 0.9075 1.1777
7 1.6575 1.4072
6 0.6675 0.698
5 2.1675 2.1151
6 2.4075 2.3699
4 2.0625 2.3434
6 1.6425 1.9054
4 1.815 2.0492
4 2.925 2.917
4 2.9175 2.8506
7 1.1175 1.0923
6 1.9125 2.0493
4 1.6725 1.8224
4 1.6275 1.953
6 1.455 1.3808
6 0.03 0.0052
7 0.825 0.7818
4 1.065 1.8763
7 2.43 2.4038
5 0.33 0.3034
4 2.7975 2.7104
7 0.3 0.3126
6 1.32 1.2033
7 0.675 0.7565
4 0.6225 0.5607
4 1.5 1.5106
4 2.6625 2.2953
5 0.6975 0.6048
7 2.1 2.0572
6 1.98 1.8995
7 2.5875 2.4963
6 0.735 0.8148
4 2.715 2.7946
6 1.2525 1.9601
7 1.6875 1.8637
7 1.71 1.4184
6 2.685 2.6246
7 0.36 0.3116
4 1.65 0.9053
6 0.765 0.6505
5 1.2525 1.5323
5 1.7625 1.9797
7 2.25 2.3283
5 0.495 0.4435
6 0.765 1.1139
7 0.975 1.1212
6 1.41 1.3397
6 0.8325 0.9602
4 2.88 2.8414
5 1.6575 1.7065
6 1.62 1.0885
4 0.945 0.6294
4 2.1375 1.7559
5 2.16 1.6242
4 2.8575 2.8511
4 2.565 2.6865
6 0.3975 0.5198
7 1.9725 2.1519
6 2.745 2.7093
4 1.4025 1.7591
7 1.845 1.5838
7 2.49 2.5162
7 2.8875 2.8768
6 1.0725 1.5721
4 1.605 2.1231
6 1.8675 1.9384
5 0.045 0.144
4 1.4925 0.9212
7 1.17 1.5142
6 2.67 2.7958
7 1.0425 0.9284
7 2.1075 2.0625
6 1.8375 1.4981
6 1.26 1.3051
7 0.6525 0.725
6 1.3425 1.2398
4 0.57 0.7151
7 1.9425 1.8804
4 1.98 1.9973
4 1.0425 0.8947
6 0.2475 0.1595
5 0.03 0.085
4 0.2925 0.2631
4 2.8275 2.6572
7 1.5975 1.6561
4 0.9975 1.5655
4 1.68 1.0901
5 2.6775 2.6597
4 0.105 0.2203
7 0.4575 0.5512
7 0.8925 1.0429
7 1.1775 1.2387
6 2.4375 2.3553
5 2.9625 2.8545
7 1.1025 1.1705
6 2.19 2.2111
7 0.0225 0.0993
6 2.475 2.3326
6 1.665 1.714
6 0.8025 1.2821
5 1.68 1.33
7 0.78 0.817
6 0.9675 1.3644
7 2.925 2.9228
5 0.345 0.3598
5 2.94 2.9976
6 2.5575 2.4604
7 0.8775 1.1031
4 0.4725 0.1926
6 0.1425 0.093
5 0.195 0.111
6 1.8 1.2953
7 0.945 1.1912
7 0.255 0.2308
5 1.545 1.8674
6 0.195 0.1366
7 0.795 0.8359
7 1.8375 1.6573
4 1.3725 1.0145
6 1.7925 1.4869
7 1.5075 1.3428
4 2.5275 2.8219
4 1.0875 1.6941
7 2.1 2.0204
7 2.685 2.6444
4 2.8125 2.7007
4 2.9175 2.7698
7 2.145 2.1916
4 2.9925 2.9045
7 2.7975 2.8699
4 2.16 1.9932
7 2.94 2.9128
6 1.605 1.4124
4 0.2175 0.2457
6 1.725 1.1902
7 2.805 2.7823
5 0.5175 0.4138
5 1.59 2.2266
7 1.0425 0.8948
4 1.575 1.1904
4 0.945 1.2691
6 2.4825 2.58
4 0.7125 0.8013
6 2.7675 2.7382
4 0.7275 0.3721
5 2.9025 2.8354
6 2.8275 2.9059
7 1.5975 1.3862
7 0.7875 0.752
6 1.56 1.4897
4 2.7675 2.6301
7 1.9425 2.0093
4 2.7225 2.8847
5 2.2125 1.9208
6 2.1675 1.9967
7 1.965 1.8079
7 1.8075 1.7019
6 0.015 0.1318
5 2.8425 2.9222
4 1.14 1.0712
6 0.945 0.9279
4 1.305 1.5237
6 0.09 0.0644
5 2.475 2.5305
4 2.4225 2.2836
6 1.1475 1.3403
4 2.22 1.9072
7 1.515 1.2713
4 1.9875 1.3632
4 0.585 0.8808
4 1.7325 1.167
6 2.205 2.3319
5 1.7625 0.8957
7 2.5875 2.5426
6 1.635 1.5433
4 2.3625 1.9583
5 2.5125 2.4721
6 2.205 2.1427
4 0.8775 1.0456
5 0.495 0.5256
7 1.5975 1.8133
4 2.49 2.4587
6 0.525 0.5611
7 1.575 1.3124
6 2.415 2.2518
7 0.255 0.3157
4 2.49 2.7821
4 2.7825 2.8292
5 1.9125 2.1808
6 1.3725 1.7173
7 2.5125 2.5325
5 1.4925 1.5721
4 2.0775 1.9668
6 2.1675 2.1483
4 1.86 2.1175
4 0.7875 1.2456
7 2.1075 1.8952
4 0.855 0.9616
6 1.2675 1.1537
6 1.0125 1.3459
7 0.225 0.1451
7 1.9875 2.1262
4 0.1575 0.2489
5 2.19 1.7885
6 1.0875 1.3476
4 2.4825 2.7353
5 0.7275 0.908
6 0.39 0.4256
6 2.61 2.5954
7 1.5075 1.4973
6 2.325 2.3023
5 2.6325 2.5489
5 0.105 0.195
6 1.425 1.3595
4 0.81 1.5486
7 2.34 2.4706
5 1.5525 1.085
7 2.6625 2.7206
6 2.745 2.7655
7 1.2 1.0269
7 0.7875 0.7814
5 0.15 0.1707
5 0.1875 0.1929
4 0.66 0.8792
4 2.0175 2.5174
7 0.735 0.6787
5 2.7525 2.6736
6 0.3075 0.41
6 1.935 2.0817
4 1.2075 1.9433
6 2.235 2.2199
7 1.4625 1.2962
6 2.0925 1.909
6 1.08 1.5604
6 2.7975 2.691
5 0.4275 0.4348
7 2.2275 2.1831
6 0.945 1.004
7 1.5225 1.496
7 0.5925 0.6052
4 2.8575 2.8162
4 1.1175 1.9913
6 1.7925 1.8348
7 1.02 1.2456
6 2.745 2.8341
7 0.21 0.2696
4 0.51 0.8541
6 1.0275 1.0691
5 2.01 1.8971
7 0.4875 0.5088
6 2.865 2.8474
4 2.1975 0.8507
5 1.605 1.5294
5 1.605 0.9929
7 1.4625 2.0703
6 0.6825 0.6755
5 2.55 2.4874
4 0.7125 1.9694
4 1.9425 2.136
4 0.435 0.535
4 2.34 1.6319
6 0.6225 0.6901
6 0.165 0.1641
4 1.215 1.5656
6 0.3375 0.2938
6 1.5675 1.4169
5 2.91 2.8714
5 0.945 0.8511
6 1.2675 1.3937
5 2.925 2.9608
5 0.4725 0.4539
6 0.1575 0.1921
7 2.3325 2.0978
4 1.6125 1.7921
6 0.1575 0.1667
7 2.775 2.7299
5 0.81 1.0262
4 1.2825 1.2959
7 1.7775 1.832
4 0.7875 1.4717
4 0.2625 0.2677
4 1.6875 0.9714
4 0.6 0.6451
7 0.5325 0.3995
4 0.825 1.0726
4 0.9375 1.1166
7 2.9925 2.9851
6 1.4925 1.327
4 2.775 2.8836
7 1.77 1.7873
5 1.575 1.5476
6 2.31 2.0036
6 0.03 -0.0122
6 2.6175 2.647
6 1.515 1.3051
4 2.3775 1.5873
6 0.8175 0.6826
5 0.795 0.5389
4 2.4075 2.5422
7 1.9725 2.0889
6 1.3125 1.5519
7 0.9375 1.0481
6 1.9425 1.8863
7 2.4525 2.3111
4 0.135 0.1336
7 0.72 0.8644
4 0.6975 0.578
7 2.6775 2.6654
4 2.3925 2.0465
4 2.6325 2.5024
5 2.925 2.9064
5 2.805 2.8083
7 0.75 0.7101
6 2.1075 1.7407
6 1.815 1.6854
6 1.4775 1.2191
5 0.9225 1.4321
5 0.9 1.0616
7 1.035 0.982
5 1.26 1.1121
5 2.2425 1.3632
7 2.4825 2.4251
7 2.565 2.5284
7 0.8025 0.8698
6 2.91 2.8539
6 2.46 2.4173
7 0.735 0.5908
5 0.5925 0.8784
6 1.0875 1.1064
4 2.4375 2.5917
7 2.6925 2.8193
7 0.8475 0.7575
4 1.245 1.1908
5 2.685 2.7264
7 0.72 0.5826
4 0.5325 0.4316
4 0.9 0.9914
5 2.805 2.7024
7 0.09 0.1018
5 1.92 1.5236
7 1.515 1.4036
7 0.81 0.7402
7 0.4575 0.4766
4 0.12 0.172
6 1.875 1.7779
5 0.39 0.414
6 0.7875 1.0771
7 2.9925 2.8602
4 2.52 2.3632
5 1.3725 1.9019
7 0.96 1.2149
6 0.42 0.4803
4 1.2675 1.956
4 1.68 1.3363
6 0.975 1.4998
4 0.1725 0.2127
5 0.8475 1.4948
6 2.0025 1.6732
6 2.055 2.0873
5 1.425 1.2976
7 2.325 2.2348
6 2.67 2.7279
4 1.3575 1.4503
5 1.125 1.5221
6 1.695 1.5245
7 0.8325 0.7069
4 2.9775 2.8659
5 0.2925 0.2727
4 2.34 1.8619
7 2.9925 3.0162
6 0.81 1.028
4 1.77 1.3374
6 1.0425 1.0075
4 2.6025 2.8033
4 1.38 2.4764
7 0.9 0.8466
4 2.6475 2.6493
7 1.65 1.3315
4 2.655 2.4872
7 1.035 1.0568
5 0.225 0.247
6 1.23 1.2455
6 2.3625 2.2575
4 0.165 0.1048
7 0.9 0.8565
6 2.1675 2.3489
7 1.7325 1.6491
6 1.5525 1.7951
6 2.1675 1.9681
5 0.6075 0.5207
7 1.65 1.6117
4 2.25 2.2425
4 1.62 1.2927
7 1.4475 1.5575
7 2.595 2.518
7 0.1875 0.1453
5 0.6225 0.6797
4 2.4525 2.4309
6 1.38 1.1389
7 0.15 0.1603
4 1.3875 1.3593
7 2.7675 2.744
7 0.57 0.5283
5 2.76 2.9271
6 0.4875 0.4976
5 2.8425 2.7706
7 1.8975 2.0518
5 2.43 2.2174
4 2.4675 2.0636
7 2.5875 2.5491
5 0.9975 0.9964
5 2.7075 2.7984
4 1.155 0.8619
6 1.44 1.3948
7 0.555 0.5015
6 1.2825 1.1645
7 1.1925 1.0523
5 1.935 1.9144
7 0.1725 0.1633
5 2.4 2.5276
6 2.5125 2.5932
5 0.1875 0.1488
6 2.3475 2.3054
7 2.2425 2.1721
4 1.26 0.7936
7 0.0225 0.0061
5 0.4575 0.3997
6 0.5625 0.5419
7 0.3525 0.3657
6 1.815 1.976
6 0.27 0.3071
5 0.1725 -0.0355
6 0.12 0.0452
5 2.8725 2.9431
5 1.6725 2.0669
6 2.4225 2.4842
4 2.475 2.0641
6 0.45 0.521
4 0.885 1.0926
4 2.8575 2.6708
5 0.39 0.2498
5 0.015 0.0846
7 1.1325 1.4251
6 1.9125 1.5693
4 1.065 1.0546
5 0.405 0.4899
7 0.42 0.5291
6 1.0125 1.3408
5 1.86 1.655
5 1.125 1.5849
6 2.2425 2.1769
5 2.4525 2.3822
7 0.285 0.2804
6 2.7 2.7685
7 0.045 0.13
4 0.2775 0.4162
7 1.1475 1.0651
4 2.9475 2.8808
5 2.5425 2.8641
6 2.7075 2.759
4 1.725 1.5188
7 1.4775 1.5701
4 0.225 0.0616
6 1.365 1.4602
7 1.02 1.0599
5 1.59 1.4935
5 1.0725 0.7553
7 0.015 0.0137
4 2.1975 1.9759
7 0.8775 0.8212
6 2.1 1.9818
4 0.3675 2.0444
5 2.265 2.3918
7 0.795 0.8769
6 1.2675 0.9816
7 0.45 0.4078
5 1.785 1.8434
5 2.61 2.6884
7 1.2675 0.9273
4 0.8325 2.0012
5 1.1325 1.1769
4 2.5725 2.3925
5 1.2075 1.8477
7 1.5825 1.3676
4 0.7125 0.5279
4 1.245 1.5722
6 1.245 1.2743
7 0.9075 0.9845
5 0.795 0.8227
5 0.8325 0.9634
6 2.5725 2.4827
6 2.955 2.9785
7 2.8275 2.8683
7 2.505 2.3338
7 2.6175 2.638
7 1.0125 1.0377
5 1.965 1.5446
4 0.0825 0.3569
6 1.8225 1.8152
5 2.5425 2.6303
4 0.78 2.1399
7 1.8975 2.0498
6 2.0175 1.5247
6 2.2425 2.2989
7 0.945 0.9671
4 1.395 1.3202
7 0.3 0.3107
7 0.84 0.9365
6 1.305 1.3387
6 0.735 0.6358
7 1.8525 1.6367
5 1.29 1.6208
6 0.39 0.4728
7 2.64 2.611
7 2.2275 2.231
6 2.025 1.7267
4 2.355 1.9163
6 1.62 1.042
4 1.9575 2.0676
4 2.5275 2.5866
5 2.295 2.4448
4 2.7825 2.8277
6 0.195 0.1713
5 0.36 0.5527
5 0.4425 0.4933
4 2.5125 1.4806
7 1.575 1.3386
5 2.4525 2.4031
5 1.8 1.9247
5 0.4275 0.6392
7 1.8975 1.476
6 0.435 0.434
4 1.215 2.0378
7 0.6225 0.6308
7 1.9275 1.5899
4 1.4625 1.1555
7 1.4925 1.6176
4 2.025 1.8658
4 2.3775 2.5466
7 0.2175 0.3287
7 2.3625 2.4923
6 0.8025 0.7359
7 2.955 2.9936
4 2.475 2.2423
6 0.495 0.5556
7 0.8025 0.9062
4 1.5 2.5741
4 2.355 2.4547
7 2.94 2.842
7 2.4375 2.3338
5 1.5075 1.4496
6 1.7775 1.6117
7 0.9675 1.1349
6 1.7775 1.568
6 2.07 1.6021
5 0.825 0.6516
5 0.2625 0.4147
6 2.0775 1.4933
5 1.695 1.8371
5 2.7675 2.7666
5 2.7675 2.8775
7 0.1425 0.1094
4 1.5375 1.4381
6 2.2725 2.1795
5 2.7375 2.6566
7 1.7775 1.4938
4 1.2 2.2332
7 1.5225 1.223
7 2.985 2.9892
5 1.3275 1.5679
6 2.19 1.5507
6 1.875 1.9601
6 0.8325 0.7712
6 2.1825 2.0203
7 2.3175 2.4164
7 2.43 2.4661
7 1.9725 1.9265
5 2.3775 2.0113
7 1.275 1.6226
4 1.185 1.0591
6 0.3675 0.4661
4 1.53 0.86
5 1.5 1.3636
6 1.8675 1.9343
6 2.6775 2.6217
4 0.0225 0.1378
5 1.0575 2.0674
4 2.61 2.65
6 2.775 2.8119
7 0.2325 0.2684
4 0.855 1.2227
6 0.6675 0.6559
6 0.0825 0.0936
7 2.6775 2.6587
5 0.45 0.7535
4 0.6825 0.9061
4 2.6175 2.7333
4 2.37 2.3821
6 0.2175 0.3346
7 1.4775 1.5053
7 1.815 1.5741
6 0.7575 0.6676
6 1.5 2.0186
5 0.4425 0.2988
4 1.68 0.7996
7 1.125 1.0708
5 1.08 1.535
7 1.6275 1.6028
6 2.91 2.9853
5 2.505 2.4273
5 2.5725 2.591
6 0.36 0.3085
4 2.3025 2.0565
4 1.1625 1.2248
7 0.045 0.1244
5 2.37 2.2746
6 1.4775 1.0235
7 0.165 0.1477
4 2.19 1.9142
4 2.835 2.8371
6 2.7225 2.7388
7 2.67 2.7011
4 0.5775 0.6049
6 2.94 2.9488
6 1.095 1.3657
7 0.5925 0.6634
5 0.105 0.1907
7 0.8175 0.7586
6 1.6425 1.3604
7 0.345 0.4441
6 2.7 2.6614
5 2.2725 2.1145
7 1.65 1.5835
4 1.635 1.6586
5 0.915 1.0429
6 1.7925 1.8012
4 0.51 0.5696
6 0.7425 0.8552
4 0.6675 0.2832
6 1.425 1.5156
5 0.5625 0.4216
7 2.175 2.1363
6 1.965 1.8484
5 0.4575 0.52
4 2.355 2.1116
4 0.525 0.6535
5 2.37 2.2675
5 1.0725 0.8797
6 0.0525 0.154
7 2.31 2.3342
4 1.7175 1.3782
7 0.39 0.4326
6 1.26 1.787
5 2.7075 2.7951
4 0.2775 1.9028
4 0.66 0.4738
4 1.8675 2.0872
6 0.0375 0.1082
6 1.1775 1.3022
6 2.2725 1.9444
5 0.4725 0.4914
7 2.1075 2.0912
4 1.8 1.6115
4 0.9525 1.4512
4 1.5675 2.4029
7 0.4725 0.4067
6 1.7325 1.4775
7 0.9525 1.1616
4 0.105 0.0654
7 0.3825 0.4407
7 1.53 1.3691
4 2.2575 2.2777
5 1.8 1.6448
6 0.2925 0.2071
6 2.715 2.6701
6 1.845 1.6379
5 2.7225 2.6472
6 2.64 2.5132
5 1.2675 1.4622
5 2.5575 2.626
5 1.065 1.2676
4 2.5575 2.4689
7 0.0525 0.0684
7 2.5425 2.5922
6 2.31 2.4056
7 0.51 0.5925
7 2.46 2.4417
5 0.8625 1.4192
7 2.205 2.21
7 0.0975 0.124
6 1.6275 1.8193
4 0.72 0.5471
4 1.56 1.176
7 2.25 2.0836
6 1.3875 1.6563
6 0.6825 0.7193
5 2.175 1.9827
5 2.775 2.8447
5 1.965 1.487
6 0.3 0.285
4 0.2925 0.2959
4 0.3975 0.6715
4 2.76 2.6107
6 2.4375 2.4211
7 2.805 2.9068
4 0.3675 0.4369
5 2.715 2.6693
4 0.93 1.7071
6 0.585 0.5978
5 0.3075 0.2722
6 0.7125 0.7942
5 1.545 1.8003
4 1.4925 1.0626
7 0.135 0.0406
5 0.81 1.5338
7 2.76 2.7311
6 1.1025 1.2598
4 1.215 1.6677
4 2.85 2.734
6 2.325 2.2814
5 2.7525 2.6253
4 2.145 2.1714
5 1.5075 0.8692
7 2.8875 2.8466
5 2.175 1.9208
7 1.4025 1.2647
6 2.1975 1.9808
5 0.1425 0.1984
7 1.5525 1.4956
4 1.245 1.3005
4 1.035 1.4148
4 0.315 0.4843
5 0.465 0.4429
5 1.725 1.1297
5 2.5425 2.5246
5 2.2875 1.8691
7 2.895 2.9372
5 2.9025 2.9427
4 1.8 1.5859
4 0.2775 0.2168
5 0.225 0.2478
4 1.2375 1.8775
6 0.1875 0.2336
4 2.58 2.3709
5 0.9675 1.0239
5 0.165 0.2715
6 2.355 2.2086
4 1.3425 1.7696
5 1.32 1.5794
4 1.0425 1.2188
4 2.445 2.7897
5 1.38 1.4554
4 1.4925 2.1789
5 2.2275 2.2797
4 2.6025 2.5606
4 0.585 0.7782
4 2.7075 2.5379
7 1.8075 1.6738
4 1.005 1.9016
4 0.6525 0.976
4 0.9825 0.9997
4 2.5725 2.5373
7 2.655 2.5927
6 0.705 0.9929
6 1.9575 1.8998
6 1.3275 1.4039
5 2.505 2.477
4 2.3175 2.0068
5 2.9925 2.9529
4 0.9675 1.4266
7 2.475 2.3273
4 0.36 0.4502
6 2.325 2.281
5 1.35 1.8127
7 1.1325 1.4428
4 2.8275 2.7298
4 2.3925 1.4355
7 2.4 2.3187
6 0.9975 0.9872
7 1.5 1.7031
6 1.3275 1.5659
5 2.325 2.5505
6 2.04 1.4896
6 2.565 2.5105
4 2.3625 2.3182
4 1.2525 1.1711
7 2.3325 2.3206
7 1.9575 2.0853
5 0.285 0.4549
5 1.77 1.6899
6 0.9075 0.9588
5 1.11 1.0221
4 0.525 0.755
4 2.835 2.8957
4 0.5475 0.4793
6 2.5875 2.483
7 1.2525 1.2952
4 1.395 1.3481
7 1.0875 1.2132
4 0.4725 0.6409
7 1.32 1.0915
4 1.5 0.6551
6 1.17 1.4984
4 1.2975 0.6833
4 1.4475 1.1657
5 1.005 0.9681
6 2.31 2.1578
4 0.3 0.1772
5 2.5575 2.6458
4 2.7825 2.88
7 2.4975 2.5499
4 0.8625 1.5991
7 2.625 2.7349
4 1.2525 1.9945
6 2.8275 2.8089
7 0.225 0.1536
5 0.9825 1.3202
4 0.99 2.2292
5 2.5125 2.5373
5 2.115 1.9187
6 1.9725 1.4206
4 2.31 2.1596
4 2.2725 2.3154
5 2.4 2.4261
6 2.7975 2.8206
4 1.5675 1.472
6 0.1125 0.1977
5 2.43 2.433
6 2.355 2.5024
5 1.89 1.2743
4 2.58 2.5859
7 1.32 1.2592
7 1.455 1.4901
4 2.6775 2.7565
7 2.85 2.8392
6 0.735 0.8493
6 1.5675 1.1585
6 2.955 2.8835
7 1.53 1.1087
6 0.8775 0.9941
7 2.8125 2.8206
4 1.59 2.3202
7 0.93 0.9048
6 0.5025 0.4681
6 1.2675 1.2814
4 2.01 2.1759
5 2.1525 1.7164
4 2.445 2.0105
4 2.4375 1.73
6 2.1225 2.2421
7 0.4575 0.4193
4 0.06 0.0495
7 1.1925 1.4314
7 0.45 0.399
4 0.525 0.3993
4 1.1775 0.4313
6 1.665 1.7089
4 2.625 2.8316
5 2.1975 2.2101
5 0.1875 0.0739
7 2.6025 2.6405
6 1.155 0.96
4 1.695 1.1
4 0.24 0.2995
7 1.98 1.8298
4 2.625 2.4072
4 1.59 0.5893
4 1.065 0.9024
7 2.3925 2.2092
5 1.29 1.6475
6 2.4825 2.3279
6 1.1625 1.7496
5 1.68 1.6632
7 2.46 2.4811
5 2.5125 2.47
4 0.2175 0.149
5 0.0375 0.0737
6 2.6925 2.7681
7 1.95 2.002
5 1.35 1.7674
5 2.4975 2.441
4 2.2275 1.8495
4 2.685 2.3732
4 1.9275 2.1145
5 2.94 2.9374
6 2.2725 2.0199
6 0.57 0.4792
4 0.9375 1.2801
4 2.2575 1.3228
4 2.04 1.5712
7 0.57 0.5948
6 0.21 0.2486
5 0.42 0.4453
5 2.64 2.5747
5 1.8375 1.5519
6 0.8325 0.6376
4 2.91 2.8027
6 0.72 0.8331
5 1.425 1.2287
4 1.065 1.396
7 2.4675 2.4199
6 1.65 1.5026
4 1.515 2.0816
7 0.525 0.4599
5 0.3 0.2593
6 1.0275 1.358
4 1.395 2.1395
5 0.78 0.5301
7 0.5775 0.4441
4 1.2675 2.0935
7 0.3825 0.3786
5 0.6 1.35
5 1.2975 2.0699
6 2.3625 2.2829
4 1.4325 1.5463
5 0.1125 0.0842
5 1.56 1.4546
4 1.9575 0.6758
7 2.415 2.407
5 0.51 0.4487
7 1.1775 0.972
5 1.0725 1.6392
6 2.5875 2.6383
5 2.73 2.879
4 1.71 1.602
7 0.42 0.3223
5 2.1675 2.2089
5 0.975 1.3541
6 1.905 2.1458
5 2.025 1.9388
5 1.605 1.542
4 0.87 1.2995
6 0.39 0.396
4 2.01 1.7397
7 1.935 1.9247
7 2.0325 2.0885
6 2.1975 1.9516
4 0.6675 1.3772
4 1.14 1.5936
6 1.77 1.6952
4 1.32 1.8947
4 0.8625 1.3632
4 0.6 0.5303
5 0.3975 0.502
7 2.2725 2.1465
5 2.79 2.8232
5 1.875 1.4344
5 0.855 1.2035
4 0.6525 0.5715
6 2.22 2.0781
5 1.425 1.3596
4 0.66 0.6342
5 1.14 1.2881
4 2.2875 1.8985
4 2.0775 1.4014
4 0.6525 0.8733
6 1.2675 1.5236
4 1.9575 1.7055
5 2.34 2.374
5 1.4325 1.8751
4 1.215 0.6704
4 1.98 2.3095
7 2.7075 2.6844
6 2.6775 2.5577
4 2.175 2.0604
4 0.81 1.9847
7 0.6075 0.6079
7 0.7875 0.9516
7 1.2525 1.5073
5 1.725 1.9068
6 1.665 1.9139
5 0.3 0.3922
4 0.6375 0.6271
6 0.48 0.6638
4 1.3275 2.4334
6 1.845 1.9473
7 0.1125 0.0831
5 1.6425 1.0732
7 0.12 0.1539
5 1.7025 1.8751
5 0.0675 -0.1693
7 1.56 1.3921
4 2.37 2.426
4 0.5925 0.7431
5 0.5775 0.5993
5 2.505 2.4983
4 1.1625 1.1421
4 2.115 1.6567
4 0.675 0.852
6 2.4525 2.4544
6 2.55 2.5209
7 1.7475 1.6761
5 2.475 2.5902
6 0.9975 0.868
7 1.0875 0.9497
6 1.44 1.8797
6 1.0425 1.4834
6 1.905 1.7101
4 0.135 0.3326
6 1.59 1.9719
7 1.725 1.3173
4 1.6875 1.473
5 1.8 1.0149
5 0.72 0.8738
6 0.285 0.3636
4 0.48 0.5308
4 1.005 1.1679
4 1.5225 1.5791
6 1.17 1.3845
7 2.34 2.27
5 0.495 0.4832
6 0.705 0.6186
4 0.705 0.7054
4 1.32 0.6312
6 0.9225 0.933
5 1.155 1.3879
5 1.29 1.1338
6 1.98 2.0882
7 0.015 -0.0298
6 1.125 1.641
6 0.4125 0.4138
7 0.405 0.4253
6 2.205 2.1072
7 0.42 0.4437
7 0.3075 0.3494
6 0.4425 0.5226
5 0.435 0.2862
5 1.185 1.4536
7 0.33 0.3489
4 1.8375 1.2369
6 0.99 1.0409
6 0.48 0.4939
5 2.43 2.2583
5 0.0225 0.2239
4 0.6825 0.3947
6 1.8 1.9888
7 1.5375 1.6273
6 2.6025 2.7166
7 1.1175 1.4086
4 0.2325 0.2342
7 0.855 0.8061
5 0.6225 2.1871
5 2.6775 2.7012
5 1.5075 1.7793
7 1.1175 1.3399
7 2.52 2.5601
6 1.8825 1.7606
5 1.44 1.5531
6 1.3875 1.4332
5 0.09 0.0437
4 1.9425 2.0475
5 0.9 0.9932
5 2.01 1.7673
5 2.025 1.717
7 0.1575 0.221
6 2.46 2.4188
5 2.3625 2.29
4 0.33 0.6543
4 2.0625 2.2096
7 1.6425 1.7866
7 2.205 2.1077
6 2.775 2.6518
4 1.4325 2.2677
5 0.42 0.418
6 2.445 2.3128
6 0.21 0.2521
6 1.785 1.5132
6 0.885 0.7361
4 0.375 0.3622
7 0.375 0.4615
6 0.3675 0.4616
6 0.045 0.0956
6 1.875 1.9545
4 0.27 0.5304
6 0.21 0.2511
7 2.3775 2.2868
6 0.3675 0.3089
6 1.395 2.17
4 0.2475 0.2976
4 2.2125 1.5368
5 1.305 1.8577
5 2.8425 2.8583
5 1.395 1.6053
6 0.1425 0.0678
7 2.6775 2.6985
4 1.74 2.2519
4 2.4975 2.4704
4 0.0375 0.1962
6 1.4925 1.3581
7 1.7775 1.9849
6 1.6275 1.5243
5 0.84 1.0818
6 1.035 1.0811
5 2.9325 2.7751
7 1.725 1.7196
4 1.74 1.5565
7 1.2675 1.5508
6 2.4375 2.2951
5 1.2 1.4391
5 1.2825 0.8164
5 1.065 1.9031
6 0.465 0.5124
7 2.8725 2.9019
5 1.38 1.8792
7 0.615 0.5978
4 1.4475 0.9851
4 0.6675 1.1504
7 2.565 2.5654
7 1.0575 1.2261
5 2.67 2.6671
4 1.26 2.1866
4 2.2575 2.441
5 0.69 1.3007
6 1.3275 1.6279
4 2.1675 1.7565
5 0.8175 1.1567
7 0.765 0.7555
4 1.4925 1.6548
4 1.6725 1.6778
6 1.2675 1.0254
7 1.98 1.9637
4 2.34 2.052
6 0.6675 0.5727
5 2.4075 2.4359
5 2.6925 2.5727
5 0.075 0.14
5 2.8275 2.8478
6 2.0025 1.2419
6 0.0375 0.1066
6 0.1725 0.093
4 1.53 1.7575
5 2.565 2.5857
6 1.3875 1.2737
7 2.4675 2.5709
7 1.155 1.4259
4 0.4725 0.3895
4 2.6025 2.5685
4 0.2325 0.2324
6 1.9575 1.7282
4 1.275 0.9247
7 1.7175 1.7967
6 0.51 0.5702
7 1.74 1.6538
5 2.3925 2.1304
6 2.3625 2.4079
5 2.46 2.4943
5 0.72 0.6336
6 1.4025 1.6232
4 0.615 0.4223
7 0.2175 0.1344
5 2.7075 2.5122
4 0.5025 0.4615
4 1.0425 1.4221
5 1.245 2.1194
6 1.1475 1.1287
7 2.1975 2.19
7 2.43 2.3793
7 0.48 0.6243
7 1.1025 1.1715
4 0.96 1.0248
6 0.8775 1.2055
7 2.25 2.2381
4 0.3825 0.326
4 2.22 1.8818
6 2.4075 2.2527
7 2.25 2.1922
4 2.64 2.4605
5 1.05 0.9844
6 2.46 2.3589
4 1.605 1.2623
4 0.3825 0.2641
5 2.925 3.0066
4 1.41 1.3299
6 0.435 0.5739
6 0.15 0.2639
6 0.72 1.0135
5 2.4525 2.499
4 2.1225 1.2038
4 0.6225 0.458
5 2.265 1.8655
7 1.2525 1.3374
6 0.54 0.3833
4 2.3775 1.8558
7 2.0025 1.8032
5 2.58 2.6154
6 2.0175 1.682
5 1.5375 1.8715
6 0.735 0.7501
5 2.0475 1.5276
7 0.585 0.541
7 1.6425 1.5651
4 2.0775 1.5724
4 2.445 2.1751
7 1.44 1.5248
5 1.6725 2.0993
6 1.7325 1.0751
5 2.19 2.2503
4 1.245 1.2529
7 0.8775 0.5769
5 2.235 1.4893
4 0.675 0.4896
7 2.4 2.2793
7 0.99 0.8442
6 2.1675 2.224
4 1.845 0.8126
4 1.05 1.6111
5 1.4025 1.8195
6 2.9025 2.8985
4 2.8875 2.7438
5 2.085 1.7497
5 0.12 0.3389
7 2.4375 2.3328
4 2.2275 2.4437
6 2.1375 1.8345
4 0.87 0.3946
6 1.815 1.6341
5 2.97 2.9582
5 2.46 2.4157
6 2.4225 2.3386
5 2.0775 1.9138
4 1.29 1.3742
5 0.81 0.761
5 1.245 2.0511
5 0.4725 0.5808
5 0.645 0.5466
4 0.345 0.1765
6 2.3325 2.4657
4 0.135 0.086
6 1.4025 1.7061
5 2.1375 2.0715
4 1.7325 1.3324
4 0.21 0.3418
4 1.9425 2.0616
7 1.335 1.3345
5 2.91 2.8026
5 2.6175 2.6687
6 2.6475 2.6675
6 0.0675 0.0667
4 2.8725 2.9715
4 2.7825 2.8767
7 2.565 2.612
7 2.4825 2.4445
4 2.3475 2.5383
7 0.24 0.2629
6 0.315 0.2747
5 2.745 2.6931
4 0.5325 0.366
6 0.6825 0.8896
6 2.745 2.7543
4 0.3675 0.2533
4 1.875 2.2004
4 1.395 1.6792
5 1.17 1.576
4 2.5725 2.6807
5 1.125 1.4832
6 0.2625 0.2137
5 1.23 1.5586
6 0.0825 0.1157
7 0.945 0.9822
4 0.2625 0.43
5 0.87 1.1473
4 1.6875 1.5254
5 2.625 2.4751
6 1.9575 1.6463
4 2.625 2.6814
7 0.645 0.6091
4 2.2575 1.9209
4 1.71 2.3642
5 2.2575 2.1176
6 1.5675 1.6799
5 0.93 0.9402
7 0.7275 0.7215
5 1.77 1.5791
7 2.19 2.3515
6 1.095 1.6037
5 1.2975 1.4461
7 2.625 2.671
7 0.5325 0.5693
6 1.65 1.4275
7 1.6425 1.5324
6 2.535 2.581
4 0.8625 1.6087
7 2.6475 2.6909
4 0.96 2.2003
5 2.835 2.7457
4 1.305 1.0254
5 2.25 1.7932
7 2.895 2.8374
4 2.25 1.5436
6 1.8225 1.4081
7 1.605 1.437
4 1.8 2.0783
4 0.5475 0.4496
5 2.16 1.8057
7 2.775 2.8282
6 2.91 2.9346
4 1.8075 2.1717
5 2.8275 2.7797
5 0.165 0.1258
6 2.6925 2.6606
5 2.4 2.3712
7 0.9375 1.1713
5 2.7375 2.6761
4 1.9275 1.1141
4 2.115 1.7181
5 0.6825 0.4869
6 2.865 2.8846
6 0.435 0.5158
7 0.96 1.2322
4 1.95 1.8371
4 0.0075 0.1511
4 0.5175 0.2975
6 1.4775 2.1379
6 1.92 1.5623
4 1.4625 1.944
6 0.4875 0.5763
7 0.435 0.3785
5 1.2075 1.4108
6 1.155 1.0781
4 2.8425 2.6716
6 1.7925 1.9464
4 2.0625 2.2611
5 1.26 0.873
6 1.0125 1.0024
5 1.635 0.8604
6 0.03 -0.0318
6 2.3325 2.2439
5 0.8475 1.283
4 1.05 1.5253
4 0.4425 0.6255
4 1.5675 1.5753
7 1.4775 1.5125
6 0.735 0.5934
7 2.295 2.2487
5 1.3275 1.2427
4 2.355 2.2529
5 1.0425 1.2563
6 0.405 0.4866
5 2.94 2.9616
5 0.435 0.4328
7 2.4825 2.4496
4 1.0725 0.5569
5 2.49 2.5553
5 0.3075 0.238
5 2.46 2.264
6 1.9125 1.9597
6 0.555 0.4926
7 0.435 0.4569
5 2.76 2.752
4 2.7675 2.7905
7 1.0875 1.469
6 2.655 2.4993
6 1.245 1.623
4 2.73 2.8523
6 1.4325 1.5383
6 0.03 0.0326
7 1.275 1.5121
4 1.35 1.5038
6 0.5175 0.4911
5 2.9325 2.9896
7 1.815 2.0186
5 2.1 1.8824
5 0.3525 0.5684
5 1.2225 1.0387
6 1.7175 1.9338
4 1.2375 0.5622
5 2.805 2.717
4 2.3925 2.3389
6 0.3525 0.2968
6 1.305 1.3663
7 1.5075 1.4915
7 1.635 1.1996
4 2.52 2.3538
6 1.1175 1.2718
6 0.9075 1.306
5 1.125 1.0228
7 0.345 0.3597
7 0.7125 0.7993
6 0.5175 0.5696
7 0.6 0.5426
4 0.0 0.206
7 2.4375 2.4239
4 1.635 0.8912
5 1.425 1.7469
7 2.7975 2.7073
7 2.9925 2.9787
7 0.54 0.599
5 2.055 1.7679
7 2.145 2.0659
7 0.5025 0.352
6 2.9925 2.9079
5 1.155 1.7474
5 1.53 1.3925
4 0.105 0.2121
7 0.9 0.9619
4 1.6725 1.6793
7 0.885 1.0606
7 2.0775 1.897
6 0.1725 0.0976
7 1.05 1.164
4 0.1125 0.4147
7 2.07 2.1295
4 0.0075 0.1381
4 2.745 2.7643
7 1.2825 1.3469
7 1.245 1.2572
4 1.29 1.5387
7 0.3 0.3083
4 1.65 1.5211
6 0.0375 0.0218
6 1.2525 1.1285
6 2.325 2.2986
4 0.225 0.5641
4 2.2275 1.7738
6 1.47 1.6975
4 1.395 1.2269
4 0.7125 0.6104
4 0.06 0.1127
5 2.235 2.051
4 0.435 0.6242
4 1.875 1.9125
6 2.6925 2.7607
6 2.07 2.2693
7 2.07 1.7424
6 0.21 0.3234
7 1.815 1.8061
7 0.69 0.649
5 1.455 1.0466
5 0.2625 0.3323
6 1.08 1.1836
4 0.225 0.1042
4 1.5525 1.5071
6 0.42 0.2443
4 1.08 0.8519
6 1.95 2.0944
4 0.285 0.347
7 0.0075 -0.0444
7 0.33 0.3293
5 1.335 1.862
7 0.2175 0.1997
7 1.02 0.9045
4 2.25 2.2764
7 2.115 2.146
7 1.47 1.332
4 1.905 2.3846
6 2.295 2.1313
7 2.0775 1.9107
6 0.1125 0.471
7 2.5575 2.5969
5 2.8425 2.813
7 0.8775 0.9341
7 1.965 1.6943
4 2.13 0.6266
4 2.0025 1.8072
7 1.1475 1.0516
7 1.905 1.9813
5 2.565 2.5633
6 2.325 2.2767
7 1.0125 1.1341
6 1.9275 1.774
7 0.705 0.723
4 0.4725 1.1606
7 0.225 0.1765
7 2.475 2.5486
7 0.1875 0.1698
6 2.7375 2.7087
7 2.1825 2.0272
5 1.485 2.0995
4 2.3175 1.9434
6 1.5075 1.7896
4 1.4475 1.8921
7 0.12 0.1228
6 0.69 1.0385
5 2.97 2.9894
5 1.98 2.0175
4 2.82 2.7589
5 0.255 0.1806
5 2.5875 2.7484
6 2.0325 1.9109
4 1.2825 2.4079
4 1.605 0.6812
4 1.44 1.2147
5 2.28 2.1643
5 0.0525 -0.0115
5 2.16 1.6709
5 2.8875 2.8557
6 1.7625 1.7015
4 1.9725 2.0132
5 2.2425 2.2528
4 0.105 0.0652
4 1.1325 1.7388
6 1.0275 1.3701
7 1.395 1.5322
7 0.9825 0.9371
7 2.925 2.9295
4 2.8425 2.6535
6 1.4775 1.2667
4 2.1075 1.9916
7 1.2375 1.3479
7 2.7825 2.6896
6 2.46 2.5937
4 1.56 1.4388
5 1.7175 1.5526
5 0.42 0.3402
7 2.235 2.1169
6 2.7825 2.7582
4 1.0875 0.898
7 0.21 0.2114
6 1.2225 1.6057
5 2.4075 2.3031
4 0.645 1.3429
4 0.975 0.404
6 0.7575 0.8512
6 1.995 1.6038
7 1.665 1.7271
7 1.05 0.9376
6 0.45 0.4489
7 0.195 0.2571
6 2.985 2.9996
4 1.5375 1.267
4 2.415 2.0874
5 0.18 0.1291
5 0.1425 0.0996
4 0.1575 0.1306
6 0.72 0.6104
6 0.81 0.6174
7 1.1025 1.5725
6 0.5925 0.6335
7 2.7675 2.7528
4 0.6 1.1521
7 1.11 0.8491
4 2.1825 2.2071
7 2.4225 2.4273
4 1.38 2.2713
7 2.7375 2.7186
5 2.4975 2.6359
5 2.8575 2.8526
5 2.1225 1.6369
7 0.9675 0.9858
4 0.585 0.5484
5 2.175 1.9755
4 1.7775 2.1418
5 0.0 0.1207
4 1.1625 1.2976
5 1.6425 1.4737
7 2.685 2.8109
4 0.555 0.7685
5 2.925 2.9134
5 0.69 1.1228
5 2.085 2.0411
5 2.6175 2.7969
7 0.24 0.3609
4 2.9925 2.8393
6 1.785 1.2354
5 2.9925 2.9176
6 1.8825 1.9448
5 0.855 0.9063
6 2.19 1.8851
7 2.1225 2.2276
4 2.415 2.1038
5 1.86 2.055
4 0.4875 1.3861
4 2.0775 1.8393
5 1.0425 1.1605
5 2.0175 2.2807
5 0.1875 0.193
6 1.8 1.498
7 2.7675 2.7843
6 2.145 1.8184
5 2.0325 1.0215
7 2.3775 2.3341
6 1.6125 1.3382
6 0.6 0.6968
6 0.0 0.0592
4 2.5275 2.5372
6 2.295 2.2804
7 2.64 2.6127
6 0.915 1.119
5 0.2775 0.1325
4 0.7875 0.9373
5 0.15 0.2006
5 2.3175 1.9023
4 0.7575 0.6719
5 1.02 1.5655
5 1.845 1.1838
6 1.1325 1.1133
7 0.5775 0.7245
7 0.555 0.4603
4 1.545 1.4581
5 0.1875 0.2306
4 1.4775 1.1361
6 2.775 2.7463
7 1.095 1.534
4 0.6525 0.5886
7 2.8875 2.8273
6 0.195 0.2274
7 1.2525 1.4005
6 1.38 1.1693
7 1.755 1.9896
7 0.8925 1.0523
7 0.435 0.5138
6 0.6225 0.5029
4 0.96 1.2642
5 1.14 1.3844
7 2.13 1.9497
7 0.8625 0.8726
5 2.685 2.7772
4 2.79 2.7465
6 0.735 0.8268
5 2.7375 2.7679
5 2.595 2.7428
4 1.5975 1.0639
6 2.1075 2.0472
6 2.0925 2.2004
7 2.6325 2.6203
6 2.0625 1.6758
5 0.165 0.1074
5 2.505 2.6189
6 0.165 0.1605
7 0.945 1.1385
5 0.4425 0.5846
4 1.0125 2.1701
6 2.4225 2.5066
5 2.9475 2.9451
6 2.6775 2.611
6 0.8175 0.801
4 2.01 1.7929
6 2.3175 2.1603
7 0.6675 0.6397
5 0.8025 0.9753
6 1.2 1.0327
6 0.0225 0.0316
7 0.2625 0.3387
5 0.81 1.0746
7 1.485 1.3517
6 0.225 0.2772
6 2.4 2.4756
7 1.8825 2.0297
4 2.805 2.7454
5 1.3125 0.8764
5 2.67 2.9065
5 2.1075 2.016
4 2.8875 2.8486
7 0.8925 0.8629
4 1.035 1.838
7 0.63 0.5701
5 0.435 0.56
4 1.7325 1.5051
4 0.945 1.5409
4 1.725 1.5533
5 2.295 2.1902
5 2.5725 2.6441
7 0.8175 0.8085
7 2.49 2.5482
6 1.7175 1.6767
5 0.3975 0.8004
4 2.445 2.2678
5 1.2 1.4004
4 0.99 1.0235
7 0.375 0.3371
5 1.1025 1.467
6 2.9025 2.9284
4 1.5675 1.0317
4 0.72 1.4944
5 0.855 0.5734
4 1.5075 1.6074
7 0.1725 0.1286
7 1.095 1.1766
6 0.405 0.3851
7 2.805 2.8711
7 1.11 1.0359
6 2.9775 2.9764
6 0.045 0.0626
6 2.2725 2.1498
5 2.0775 1.6027
7 2.265 2.33
7 2.43 2.4536
5 2.7075 2.7715
4 0.75 0.6671
7 0.15 0.1493
7 2.01 1.9315
4 0.75 1.1839
6 0.8775 1.1164
5 1.155 1.5511
6 2.07 1.9364
6 1.29 1.6725
5 0.18 0.1196
4 1.74 0.9959
5 0.1275 0.0393
6 2.1375 2.2382
7 2.8125 2.783
6 0.7425 0.7571
6 1.2075 1.1745
5 1.7025 2.1801
4 2.835 2.9258
7 2.9925 3.0076
4 0.255 0.2863
4 2.28 2.4774
7 0.1125 0.1047
4 2.49 2.5673
7 0.2175 0.2512
6 2.2575 1.988
6 0.8325 0.9353
4 2.5125 2.9538
6 2.6625 2.4908
4 1.35 1.4065
7 0.6 0.5485
6 1.5675 1.1563
6 2.94 2.8329
7 1.1625 1.485
5 2.655 2.8165
4 0.45 0.2641
6 2.655 2.5492
6 2.4675 2.4819
6 1.3575 1.8142
7 0.5025 0.5807
4 0.525 0.1316
4 0.0825 0.064
6 1.0725 1.1608
4 2.0625 1.024
5 0.5025 0.6371
6 2.91 3.0028
4 0.0825 0.0558
6 0.3525 0.3289
5 2.88 2.9269
5 0.7275 0.8017
7 1.3425 1.6172
4 2.6325 2.2043
5 0.555 0.6061
7 1.59 1.5925
5 1.755 2.0135
7 1.665 1.5227
6 2.4 2.3549
7 2.1 1.8602
5 2.94 2.8809
7 0.93 0.9231
7 2.115 2.2373
4 0.105 0.0807
5 0.8775 1.623
5 2.235 2.3269
4 1.8075 1.1541
7 2.205 2.0261
5 1.095 1.2728
5 1.665 1.6182
6 0.7575 0.7698
7 0.795 0.6949
4 2.0175 1.9262
4 0.24 0.573
7 0.2025 0.1709
6 2.2125 2.059
6 2.895 2.9575
7 2.43 2.4094
6 1.2525 1.4992
7 1.3725 1.1225
5 0.2025 0.4369
7 2.8275 2.7938
5 2.985 2.9344
6 2.6475 2.7093
5 2.4675 2.4508
7 1.05 1.5603
7 0.18 0.228
6 1.2375 1.1202
6 1.125 1.676
6 0.255 0.142
4 1.0575 0.9795
4 1.395 1.3424
7 1.365 1.4555
7 0.48 0.4057
4 1.0125 1.5788
6 2.1975 2.3547
7 1.815 1.528
7 2.2575 2.1584
6 2.49 2.5228
6 1.5675 1.3359
7 2.88 2.8681
4 0.1575 0.0152
7 2.205 2.0864
7 2.8275 2.9128
7 2.655 2.5988
7 2.7 2.7353
5 0.0825 0.1158
6 0.6 0.574
4 2.505 2.4428
4 0.3675 0.8717
7 1.4625 1.3788
4 2.16 1.0946
6 0.3375 0.3464
5 0.7275 0.9587
4 1.785 0.7824
6 2.55 2.5595
4 0.975 0.6833
7 1.8 1.684
4 2.73 2.6188
7 1.9875 2.205
4 0.8325 1.8462
4 1.6275 0.9314
4 1.5825 2.1229
6 1.6425 1.9474
7 0.69 0.6404
4 0.885 2.0412
5 0.135 0.0622
5 1.6875 1.6933
7 2.31 2.3784
5 2.2875 2.3209
6 0.8025 0.8014
5 2.1075 2.4718
7 2.3475 2.3444
6 1.6725 1.2903
5 2.865 2.86
7 0.66 0.6573
5 2.8875 2.8223
6 1.5225 1.6315
6 0.12 0.1613
6 0.675 0.8093
5 2.685 2.7613
7 0.855 1.2797
6 0.315 0.2715
7 2.8275 2.7259
5 1.5675 2.143
5 0.87 0.6793
6 1.4625 1.525
4 0.2775 0.2805
5 0.12 0.1967
6 2.9175 3.0064
6 0.24 0.2192
5 2.4975 2.5906
5 2.0175 1.1838
5 2.49 2.4997
7 1.08 1.2071
5 0.4725 0.4301
4 1.6425 2.1179
6 2.85 2.7574
5 2.565 2.6994
6 2.355 2.352
7 0.1725 0.1473
5 1.71 1.5671
7 1.755 1.7243
4 2.8425 2.8934
6 1.7175 1.5572
5 0.3375 0.279
6 2.5575 2.4376
6 1.1925 1.0481
7 0.4275 0.5263
5 0.075 0.0755
5 2.2275 2.1821
6 2.925 2.8134
5 0.39 0.5525
4 1.365 2.4994
7 1.0425 1.0632
7 0.36 0.3801
6 2.0325 1.9843
6 2.85 2.8174
5 0.9825 1.4176
6 1.17 1.0302
4 0.2475 0.3303
6 0.6825 0.8052
7 2.1825 2.1226
5 2.2575 2.134
5 0.0675 0.2316
6 2.3925 2.4142
6 2.5425 2.6172
6 1.965 2.1641
5 0.0375 0.1233
5 0.8775 1.6483
5 1.695 1.713
7 0.345 0.4057
6 2.085 1.6562
6 0.3825 0.4643
5 1.35 1.6436
5 2.595 2.5996
6 0.435 0.4279
4 0.9375 0.7004
7 2.1675 2.2763
5 2.4 2.3824
6 0.5925 0.5621
6 2.1975 1.7816
6 2.82 2.761
6 1.2525 1.4767
4 2.3775 1.9184
4 0.72 1.2132
4 1.4175 1.2241
7 0.1725 0.1811
7 2.175 2.2663
6 1.335 1.756
7 1.5675 1.3904
5 1.2 1.5184
5 2.34 2.2289
5 2.37 2.2329
6 2.4225 2.3677
7 1.0275 1.063
6 2.07 2.1236
7 0.225 0.2453
7 0.57 0.6078
4 2.82 2.7406
7 1.665 1.9085
6 0.7275 0.7285
4 1.065 1.8959
6 0.99 1.3715
5 0.945 1.4131
7 1.0575 1.052
5 2.91 2.8735
7 2.4825 2.4736
5 2.7225 2.7276
5 0.075 0.1001
5 2.7525 2.7009
5 1.05 0.9532
6 0.06 0.003
5 0.8025 1.2133
7 2.6025 2.6078
5 2.925 2.9963
6 2.2875 2.2435
7 1.3575 1.4375
6 0.03 -0.0121
6 1.4025 1.1293
4 2.805 2.8666
5 0.7725 0.5415
7 0.0525 0.0642
7 0.21 0.2011
7 2.1375 2.0873
4 1.62 2.1143
7 1.26 1.3887
5 2.34 1.9257
5 2.7525 2.694
6 1.7625 1.5723
5 1.0275 0.9873
5 2.8725 2.8247
4 1.4325 1.0353
7 2.5425 2.509
6 0.7575 0.7474
7 1.185 0.944
4 2.5275 2.5908
4 0.18 0.3603
6 1.2825 1.2274
7 2.9925 2.919
5 1.8675 2.0827
4 0.66 0.4595
4 2.025 2.2935
4 2.5875 2.6293
7 2.8425 2.8366
4 1.86 1.6083
7 0.795 0.8326
7 0.705 0.8146
5 1.7325 1.5577
6 1.02 1.2271
6 1.485 1.7287
7 0.7125 0.6617
6 1.62 1.7397
7 2.1 1.8323
4 1.7325 1.5356
7 1.635 1.4244
5 0.1875 0.1732
7 1.965 1.9672
7 2.25 2.22
5 2.6175 2.6609
4 2.865 2.9411
7 0.165 0.2354
4 2.5575 2.7801
7 0.8925 0.888
6 0.6225 0.9891
5 2.0025 2.3433
5 0.1575 0.2008
7 2.46 2.4971
7 1.5225 1.3631
7 1.635 1.6556
7 1.155 1.2046
7 1.9125 1.7223
6 2.0175 1.366
7 1.545 1.5826
7 0.2325 0.3207
6 2.1525 1.7987
4 1.6575 0.8832
5 2.595 2.4337
6 0.825 0.9982
7 0.705 0.5942
5 2.46 2.385
7 2.7825 2.8151
7 0.5475 0.5525
7 2.2425 2.2878
5 1.92 1.8075
7 2.0475 2.0606
4 2.055 1.4802
7 0.0375 0.0586
4 0.6525 0.9668
7 2.0925 2.0633
7 1.3875 1.2258
5 0.2475 0.312
6 0.0075 0.1388
5 0.4575 0.4723
7 2.64 2.7416
4 0.2025 0.1632
7 2.865 2.8961
7 0.7575 0.7524
4 0.0375 0.0676
6 1.695 1.0214
7 2.5575 2.582
5 2.9325 2.9271
7 0.69 0.7311
4 2.805 2.7644
5 1.8375 1.6005
6 1.3425 1.1032
4 0.6 0.6582
5 0.9825 1.0665
7 2.085 1.8185
5 2.415 2.3581
4 1.83 1.939
6 2.1975 2.2797
5 2.025 1.8593
6 1.905 1.1596
5 2.1675 2.1899
4 2.1375 1.8556
4 0.5925 0.4641
5 2.8275 2.8283
6 2.61 2.6006
6 0.5925 0.7225
6 2.43 2.5997
5 0.3075 0.3872
4 2.5575 2.491
5 0.3825 0.3968
4 0.405 0.3122
7 1.2975 1.1473
7 1.1175 1.1517
6 2.2725 2.1659
4 0.705 1.2959
6 0.5625 0.4832
7 0.1575 0.0998
4 1.4175 1.3988
7 1.0725 1.1873
7 1.62 1.5694
5 2.0925 1.5981
5 2.865 2.8878
6 0.8325 0.9372
5 0.9825 1.3469
6 2.145 2.1427
7 1.7925 2.0278
4 2.1 1.65
5 2.49 2.5888
6 2.0175 2.1542
4 0.9825 0.8447
7 1.26 1.2328
4 1.1925 1.3481
7 1.935 1.7703
7 0.4425 0.3877
6 1.6875 1.9188
7 1.2975 1.2478
5 1.47 1.0254
6 0.7575 0.6019
7 2.07 2.1194
4 0.2025 0.1544
7 1.5 1.771
4 0.0975 0.1166
4 1.1175 1.1366
6 1.7625 1.7839
5 0.8325 0.8584
5 0.2175 0.2254
4 1.0875 1.7091
6 0.6 0.4709
6 0.15 0.1864
4 1.0125 1.0475
4 1.065 1.8811
4 0.465 1.0021
7 2.01 1.8592
4 2.7375 2.6105
4 2.835 2.936
7 1.0875 1.1461
6 0.0675 0.1431
6 2.2425 2.1345
6 2.025 2.1475
5 0.0825 0.0087
7 1.23 1.4207
4 1.71 1.9694
6 2.4975 2.5101
7 1.515 1.679
5 1.5225 2.2752
7 0.045 0.0284
5 0.1125 0.18
4 1.755 1.4996
6 0.3225 0.3757
5 2.4 2.3639
6 1.7775 1.7062
4 2.5425 2.5687
5 2.8425 2.8152
5 2.67 2.5732
5 1.77 1.3034
5 1.56 1.8841
4 0.465 0.52
7 1.905 1.9946
6 2.61 2.5529
4 2.67 2.4624
6 1.5675 1.5984
4 0.5175 0.7063
7 2.8125 2.8025
4 2.295 2.452
7 0.9825 1.0326
5 2.94 2.8348
7 2.145 1.8858
4 1.74 2.3
5 0.4275 0.5498
5 1.7025 0.7789
4 1.6575 2.2246
5 2.6775 2.8694
6 2.91 2.8242
5 2.1075 2.2544
7 0.9525 0.899
6 0.9 1.0399
7 0.8925 0.9817
6 0.4575 0.3264
7 0.06 -0.0033
7 0.0375 0.1676
5 0.885 1.0789
6 0.9525 0.9384
4 1.0275 0.617
6 0.0675 0.0672
4 2.805 2.7208
4 0.2925 0.3982
4 1.02 0.7469
5 2.0775 1.9659
4 1.7175 1.0315
6 1.6275 1.6061
4 2.565 1.9594
7 0.2475 0.3791
7 2.2575 2.3278
4 2.7225 2.7231
4 2.055 2.3181
5 2.715 2.7779
5 2.8425 2.7706
6 1.845 1.6155
4 2.5425 2.4527
4 0.7575 1.1018
5 0.06 0.1651
5 2.0475 1.7069
7 2.46 2.3727
5 0.6975 0.6101
4 0.225 0.3899
7 0.495 0.5065
6 0.615 0.5481
6 0.135 0.1091
4 1.605 1.7907
6 0.5625 0.6168
4 0.78 1.0568
5 1.515 0.9959
7 1.245 1.1423
6 2.1525 2.9909
7 0.7425 0.7705
7 1.635 1.5133
7 1.0275 1.3102
5 0.3825 0.3177
7 2.7375 2.7501
5 0.2925 0.2897
6 0.1425 0.2125
6 2.475 2.5179
5 2.6475 2.5882
6 0.6375 0.7007
6 1.965 1.9954
6 0.3075 0.337
7 0.375 0.4736
6 1.23 1.227
6 0.12 0.1776
5 2.775 2.7964
4 0.465 0.3583
7 2.3175 2.2465
6 1.6725 1.7902
7 1.68 1.9013
7 1.365 1.2067
7 1.1775 1.4001
6 0.8925 1.1428
4 2.07 2.2203
6 0.39 0.3829
5 1.215 1.2269
7 2.43 2.4579
5 1.6725 2.2096
6 1.02 0.8871
6 1.0725 1.4139
6 2.3175 2.3737
4 1.185 1.0764
5 0.075 0.0541
7 1.335 1.4751
4 1.365 0.889
4 1.215 1.6491
5 2.2125 1.686
6 1.9875 1.7308
4 2.5425 2.5539
6 1.575 1.7739
7 1.3575 1.2893
7 1.725 1.6849
6 0.4575 0.4463
7 1.8 1.9526
7 2.7075 2.7947
5 0.21 0.1721
7 2.4525 2.384
7 1.005 0.9972
6 1.2375 1.7223
5 2.34 2.2123
7 1.965 2.0616
6 0.7875 0.8451
5 2.805 2.5254
6 0.3225 0.3298
5 0.9075 1.0318
5 2.67 2.9305
6 2.46 2.4277
4 1.455 1.9374
5 1.5525 1.0056
7 1.4325 1.6364
5 1.3425 1.5313
5 2.3775 2.2327
4 0.315 0.847
6 2.9175 2.8521
4 2.79 2.9788
6 1.4025 1.5535
5 1.9125 2.0064
7 0.105 0.1107
5 1.6275 1.2154
5 2.5725 2.7551
6 2.655 2.5661
7 2.9475 2.9627
6 1.98 2.1025
4 0.915 1.1585
7 0.0525 0.0621
5 1.665 1.9035
7 0.15 0.0319
7 2.895 2.8637
7 2.4675 2.4856
6 1.38 1.5085
4 0.645 0.7134
5 2.4 2.1956
7 2.52 2.5532
6 0.3075 0.2444
5 0.6675 0.5984
6 1.575 1.3578
5 1.38 1.6016
7 0.66 0.5832
5 0.1725 0.2621
6 0.645 0.8593
5 1.1025 1.6199
7 0.2475 0.2078
4 1.3575 0.6132
5 2.1975 1.9682
6 2.5725 2.6535
6 2.415 2.3081
6 1.305 0.9706
4 1.3875 1.7576
4 0.9075 1.0374
7 0.96 1.2333
5 2.265 2.1808
4 2.5875 2.6374
6 1.635 1.8733
5 2.6925 2.7318
6 0.525 0.4613
4 0.9825 1.6519
5 1.2825 1.5471
6 2.145 1.8448
6 0.5925 0.6633
5 1.1475 0.8205
5 2.97 2.8772
7 2.6025 2.5249
4 2.505 2.169
4 2.6775 2.7222
4 0.8775 1.255
6 1.005 1.6738
7 2.2725 2.2146
4 2.2275 1.1727
7 0.72 0.91
7 0.1575 0.0657
7 1.695 1.5895
5 2.865 2.797
4 1.5225 1.9341
6 2.0475 2.1875
4 2.5425 2.7945
4 0.9075 1.3749
6 0.06 -0.006
5 1.98 2.27
6 0.4125 0.4426
7 1.4325 1.034
6 1.7025 1.1626
6 1.2825 1.4178
6 1.95 2.0245
5 2.37 2.2454
4 0.1875 0.182
4 1.3575 1.619
7 0.03 0.0396
6 0.33 0.319
4 1.38 1.5099
7 0.465 0.535
7 2.16 2.0519
6 0.36 0.2982
4 1.17 1.765
6 0.1725 0.2095
7 1.65 1.5132
6 1.7175 1.9945
7 1.695 1.3711
4 0.855 1.1015
6 0.3 0.3715
5 0.195 0.3807
6 1.6275 1.321
6 2.25 2.3008
5 1.785 1.7441
6 2.7075 2.6697
6 1.395 1.7486
4 0.3825 0.3277
6 2.7975 2.6973
5 1.8975 1.328
7 0.495 0.5874
4 0.09 0.0972
4 1.965 1.7485
7 2.5125 2.4727
5 2.895 2.8433
4 0.0225 0.0598
4 0.7575 0.6408
4 1.335 0.8589
5 2.7375 2.7678
5 2.2725 2.6143
4 0.5475 0.7152
7 1.77 1.9798
5 1.02 1.4607
5 1.2 1.3072
6 0.135 0.1484
7 0.6225 0.6604
6 1.0275 1.0083
4 0.15 0.2662
4 2.61 2.6429
7 2.4525 2.5079
7 1.635 1.4981
4 1.83 2.4534
5 2.4975 2.4244
4 2.8125 2.867
6 1.065 1.3821
6 1.05 1.2873
5 0.8175 1.1187
4 1.2525 1.5625
6 2.5275 2.6273
4 0.165 0.1683
5 1.1325 1.4692
7 0.4425 0.4179
7 2.835 2.8072
6 2.67 2.5502
7 0.0075 0.0137
6 0.555 0.4963
7 1.83 2.0807
6 1.65 1.034
6 2.5875 2.6883
4 2.1825 2.1656
7 0.0975 0.0739
6 1.4625 1.3232
6 2.6025 2.6654
5 0.9675 1.8575
4 1.7175 1.5518
7 1.9875 1.3926
4 2.1375 2.1982
5 1.95 1.9848
5 0.6675 0.6699
5 2.7675 2.7403
6 2.7075 2.623
4 2.1675 1.1043
4 1.6725 1.5492
6 1.6725 1.5755
4 1.92 1.2443
6 0.705 0.8069
5 1.9125 2.1933
5 2.9475 2.8853
4 0.375 0.2231
4 2.325 2.1589
7 1.005 1.0759
5 2.7525 2.6278
5 1.875 2.1678
5 0.105 0.1031
4 2.8575 2.6253
6 1.2675 1.2325
4 0.525 0.6011
7 1.38 1.3005
4 1.1775 1.3309
4 2.73 2.7277
4 1.5975 1.0173
4 0.975 2.0042
4 0.96 2.2101
4 1.215 1.7191
4 2.1 1.746
7 0.3075 0.3964
6 2.31 2.2115
7 0.945 1.1748
7 0.1875 0.2578
7 1.6575 1.5314
7 0.075 -0.0397
5 2.9775 2.7701
4 0.0 0.1221
5 1.7325 1.7102
7 0.57 0.5683
4 2.265 1.752
5 2.265 2.164
6 0.78 0.8346
5 1.9125 1.5156
5 1.53 1.5819
5 0.555 0.3948
6 2.0925 1.8971
5 2.46 2.4605
6 2.1825 2.0647
7 2.865 2.8161
4 1.2675 1.0
4 1.845 2.6581
7 0.4125 0.4968
5 1.9125 1.5617
7 1.845 1.6679
5 0.4275 0.2821
6 1.155 1.5213
5 0.5775 0.6851
5 0.615 0.5716
7 0.6075 0.6888
4 1.0875 1.4849
4 1.0125 1.385
4 2.34 1.7368
6 1.38 1.4308
7 2.955 2.9885
4 2.8125 2.8398
7 0.015 0.077
7 0.3675 0.3325
5 1.2 1.8317
7 2.2725 2.2457
6 1.4925 1.5448
5 1.1025 1.5491
5 2.4 2.4209
5 2.9325 2.9433
4 1.23 1.5096
6 0.105 0.1318
5 1.5825 1.0615
4 2.415 1.9725
7 0.2025 0.2906
6 0.9525 1.0694
4 0.1575 0.1504
6 0.12 0.047
7 0.57 0.5869
6 1.5675 1.5091
4 2.0475 1.6721
5 1.08 1.2544
5 1.56 0.8087
5 0.5475 0.5567
4 2.16 2.3525
7 2.4975 2.6105
6 0.915 0.8903
7 1.1325 1.4976
4 0.1725 0.2334
6 0.5625 0.6277
6 1.47 1.292
5 2.1 1.1644
7 2.2425 2.1515
5 2.13 1.858
5 1.2225 1.7392
7 2.385 2.4107
6 1.3125 1.8006
5 0.075 0.0552
5 2.28 2.46
6 2.1075 1.7939
5 1.4475 1.9968
4 2.0325 1.0093
4 0.21 0.149
4 2.52 2.6185
7 1.6575 1.7757
6 2.4075 2.3644
7 2.985 3.0484
6 2.1825 2.7439
4 0.1875 0.0706
5 1.905 1.6992
5 0.135 0.168
6 0.9 0.8696
4 0.1575 -0.0184
7 0.51 0.5204
4 2.415 2.248
4 0.48 0.933
4 2.73 2.7448
5 0.69 0.6024
5 1.4775 0.8335
4 1.8 1.5608
5 1.9125 1.6533
5 1.5375 1.4911
5 1.8075 1.426
4 1.74 2.333
4 0.1275 0.2477
5 1.47 1.8089
7 1.935 1.7337
5 2.3775 2.2299
7 0.8325 0.9181
4 0.24 -0.0171
6 1.725 1.7117
4 0.2175 0.5055
4 0.225 0.2186
5 1.0125 1.0074
7 1.9725 0.8681
4 2.6625 2.6137
5 0.3225 0.3901
7 0.765 0.8654
4 2.28 1.9679
7 1.2225 1.0765
6 1.4625 1.4785
6 2.2425 2.3061
6 0.2625 0.2719
5 2.13 1.5811
6 2.3175 2.2315
5 2.385 2.5934
4 2.7075 2.5141
5 0.3075 0.2531
5 0.165 0.2046
6 0.0975 0.0745
4 1.9425 1.4106
5 2.0925 1.3113
6 2.8125 2.7706
4 1.4925 0.6003
4 1.6725 1.3282
6 0.99 1.0132
7 0.0 -0.0315
4 0.015 0.0898
7 0.3525 0.3397
5 0.2475 0.2274
7 1.095 1.2484
7 1.65 1.3556
6 0.4425 0.2627
7 1.935 1.7288
6 1.275 1.8034
4 2.0625 1.4292
7 1.335 1.3102
6 2.88 2.9442
6 1.905 1.2259
5 0.39 0.4758
4 2.295 2.0944
4 2.37 1.9628
6 1.74 1.647
4 2.1975 2.4143
5 2.6025 2.5536
6 0.4425 0.4192
7 2.655 2.6348
7 2.94 2.9628
5 0.375 0.3474
6 1.98 1.775
7 1.575 1.3709
7 0.42 0.4595
7 0.885 0.7323
4 2.4525 2.0493
7 2.025 1.7079
5 2.175 2.2456
7 1.3425 1.495
4 1.095 1.7278
5 1.4025 1.4328
4 2.805 2.8261
4 2.3625 2.1705
7 0.015 0.0866
5 2.9025 2.8052
5 2.73 2.5371
5 1.7475 1.8645
5 2.7075 2.8577
7 1.65 1.6388
6 0.1125 0.0071
4 0.4275 0.4248
4 1.3575 1.9128
4 1.005 0.753
4 1.1175 1.0046
4 2.7675 2.7744
6 1.02 1.2328
6 1.605 1.7493
7 2.52 2.6511
5 1.92 0.804
7 1.08 1.463
5 2.1525 2.0401
4 2.715 2.6991
6 1.1775 1.2066
4 1.245 1.0878
7 1.605 1.8128
6 2.9175 2.9616
5 1.5525 1.1748
7 0.3225 0.2717
6 2.9625 2.9746
4 2.2875 2.2205
4 0.7575 0.8626
5 1.98 2.0475
7 1.275 1.2571
4 1.6575 1.4024
5 0.9825 0.9166
6 0.435 0.3645
4 0.825 0.8899
7 0.555 0.494
6 1.905 1.781
4 1.05 1.7323
6 1.455 2.1521
6 2.3175 2.2778
4 1.095 2.0638
7 2.58 2.5558
5 0.5175 0.5135
5 1.83 1.3609
6 0.4875 0.4866
4 2.7975 2.7299
4 0.405 0.8913
7 0.495 0.6744
6 0.0225 -0.014
6 1.845 1.9292
7 1.92 1.9024
6 1.5525 1.2642
4 1.395 0.5936
4 1.41 1.8235
7 0.2775 0.3849
6 1.4775 1.5761
4 2.3625 2.2142
4 1.965 2.1062
6 1.92 1.7731
7 1.23 1.4586
5 2.6625 2.6658
4 0.8175 1.2524
6 1.785 1.0896
6 1.6875 1.3437
6 0.4875 0.4145
7 1.35 1.122
5 1.7775 1.929
6 1.4475 1.8367
4 1.6875 1.9007
7 1.125 1.0116
7 0.2475 0.3358
6 2.085 1.9378
4 1.47 2.1022
5 1.5075 0.7518
5 0.03 0.1125
7 2.835 2.8378
5 0.48 0.4887
4 0.39 0.4027
6 0.8625 0.9518
4 2.67 2.1504
6 1.1475 1.3353
7 1.38 1.3206
6 1.9275 1.305
4 2.6925 2.7875
5 2.9175 2.9807
6 1.665 1.8435
6 1.2375 1.3588
4 1.5225 0.9849
4 0.63 0.8552
7 2.49 2.4637
6 0.0525 0.0938
6 0.7875 1.0955
5 0.9675 1.5737
7 2.325 2.4714
7 1.425 1.3893
4 0.78 0.4229
7 1.5075 1.4858
4 1.1475 2.2589
6 0.09 0.0504
5 2.3175 2.3522
6 0.5325 0.6767
7 0.5175 0.442
5 2.2725 2.2199
6 1.8075 1.1185
6 2.6475 2.6715
7 1.05 1.0209
6 0.4575 0.4517
6 0.885 0.8674
7 2.5425 2.4917
6 2.2125 2.2008
4 0.5475 0.268
7 0.9825 1.1696
6 0.045 0.1017
7 1.62 1.3331
5 0.2025 0.1625
7 0.5775 0.5755
6 1.2975 1.3376
4 2.325 2.2682
5 2.58 2.5459
4 2.205 1.3899
5 0.51 0.8445
6 0.135 0.0312
5 2.2575 2.9345
4 0.6 0.3642
7 1.6125 1.8093
4 0.495 0.7877
7 1.8675 2.2137
7 1.8675 1.7732
7 1.365 0.9028
6 0.9075 1.1606
5 0.99 1.4106
6 0.0225 -0.0299
6 1.9725 1.8115
7 0.0525 0.0967
7 2.5575 2.5673
6 1.8825 1.4552
7 1.9275 1.7042
7 2.505 2.575
6 1.0725 1.1475
7 1.68 1.8882
7 0.1875 0.1116
6 1.29 0.9956
6 0.525 0.5847
6 1.8825 2.0479
7 1.4025 1.4613
6 0.4425 0.3221
7 2.3025 2.2941
5 2.745 2.9033
6 1.605 1.6949
7 2.1075 1.9457
7 1.4175 1.4869
4 0.6525 0.3851
4 1.8375 1.4334
4 1.53 0.9074
6 2.475 2.5133
4 2.655 2.5851
7 2.895 2.8316
7 0.3075 0.2983
7 2.055 1.8145
4 0.5625 0.6319
7 2.6625 2.6042
6 1.4625 1.3737
4 2.685 2.3588
6 0.765 0.5864
7 0.7575 0.8173
5 2.325 2.0789
7 1.1025 1.0991
4 1.425 1.6609
4 0.1275 0.4202
5 0.7575 0.7585
4 2.1 2.3082
6 2.3175 2.4507
4 1.65 1.7779
4 1.1325 0.6823
5 1.47 1.7391
6 1.59 1.3803
6 2.3775 2.2247
5 1.9275 1.4121
6 0.1575 0.2002
7 1.5075 1.5817
4 0.15 0.1303
6 0.6825 0.6913
7 0.345 0.309
4 0.225 0.1846
5 1.77 2.2112
5 2.6775 2.7599
4 0.795 1.007
5 1.7325 1.9148
6 1.59 1.6094
4 0.33 0.4313
6 2.34 2.3168
7 1.9125 1.411
7 1.725 1.6333
5 2.5125 2.2713
7 1.0875 1.3704
4 2.325 1.8056
6 2.5575 2.5083
7 1.6425 1.1686
5 1.89 1.9962
5 1.1925 1.0027
7 0.5175 0.5232
4 0.9075 1.6914
7 1.02 1.0815
7 1.77 1.4575
6 2.6175 2.8245
5 1.2675 0.9372
7 0.6075 0.5346
7 2.265 2.1975
6 2.46 2.5421
4 1.0125 1.4202
7 2.1975 2.2071
5 0.2925 0.1678
6 2.7375 2.7378
5 1.7175 1.4644
4 2.8575 2.8172
7 1.8 1.6029
5 1.2525 1.8292
7 1.59 1.5141
6 2.52 2.4357
6 2.4 2.3261
6 0.1875 0.1933
4 1.6425 2.0759
7 2.52 2.5708
6 2.7075 2.6267
7 2.22 2.1516
4 2.3325 2.4149
4 0.12 0.1449
5 0.3975 0.5898
6 2.055 1.9129
4 1.26 0.7903
5 1.485 1.5559
5 0.45 0.4356
7 1.38 1.6329
5 0.405 0.2905
5 2.91 2.8968
5 1.4175 1.1847
6 1.305 0.8415
7 0.3975 0.48
7 2.8875 2.8457
7 0.0075 0.0408
7 0.8025 0.7658
4 1.2975 1.2972
4 0.2475 0.4041
5 0.0825 0.2674
7 0.8925 1.1633
5 2.91 2.8715
6 2.8725 2.9302
4 0.585 0.4889
5 2.145 2.2238
6 0.66 0.63
4 1.32 1.6617
7 2.355 2.3105
4 1.0275 1.0133
5 1.65 1.7402
5 0.9975 0.942
7 1.0875 1.1957
6 0.6225 0.5159
5 0.9825 1.5542
5 1.7625 1.7703
4 0.2775 0.2352
4 1.7775 1.1221
7 1.11 1.5451
4 2.715 2.7272
5 1.425 1.4625
7 2.3925 2.3461
5 2.9925 2.8429
4 0.8625 1.5175
5 1.3725 1.5632
6 1.9575 1.7839
4 1.365 1.1894
7 2.04 1.9594
4 1.275 1.4959
5 2.0925 1.8909
7 2.895 3.0211
6 1.59 1.7053
7 2.5125 2.4406
6 2.5425 2.5358
6 0.0675 0.0693
4 1.9275 0.9692
6 0.5625 0.4459
7 2.0925 2.1125
5 0.7575 0.7609
7 2.9925 2.987
5 0.8925 1.211
4 1.26 2.067
4 1.5375 1.2561
7 1.905 1.7109
7 2.7825 2.8333
6 1.1025 1.055
4 0.1875 0.0437
7 2.2125 2.0711
5 2.58 2.5946
5 1.4325 1.0266
6 1.74 1.8376
6 0.405 0.5201
5 0.9225 0.9593
4 0.465 0.4138
7 1.065 0.9758
7 2.5725 2.5818
7 0.105 0.0955
6 2.2725 2.2859
5 1.1775 1.1311
6 0.69 0.6823
4 2.6025 2.6469
5 0.96 1.5057
5 2.7975 2.8733
4 2.595 2.4673
6 1.845 1.9116
5 2.9625 2.9206
5 2.895 2.7979
6 1.185 1.1166
4 1.56 1.9945
5 1.4925 1.4873
5 1.71 1.7266
5 2.91 2.882
4 2.0325 1.7443
5 1.1025 1.6274
5 2.8425 2.7754
6 2.685 2.7961
5 0.8325 1.8195
7 2.355 2.3215
6 1.8075 1.8177
7 0.5775 0.7784
7 1.3425 1.1502
7 2.07 1.8149
4 1.68 1.4448
6 2.1975 2.0581
6 2.5275 2.4609
6 1.605 1.5252
4 0.75 0.9841
6 2.6325 2.5163
5 1.365 1.4793
5 2.025 2.1559
7 2.3775 2.3448
5 0.7875 0.9299
4 1.32 0.6129
5 1.7325 2.2578
6 1.1925 0.9885
4 0.975 1.5497
5 1.1175 0.7985
4 1.53 1.5996
6 1.845 1.8072
4 0.0525 0.1348
5 2.3175 1.9563
5 2.76 2.6657
5 1.98 2.3892
6 0.3825 0.2504
4 2.55 2.3445
4 0.24 -0.0485
6 0.4125 0.4996
6 2.8875 2.8489
6 0.4425 0.4953
6 1.95 1.2572
4 2.2125 2.0659
5 0.3525 0.4383
7 1.6275 1.7521
7 1.3125 1.4964
6 1.0725 1.3561
5 0.195 0.2173
6 2.355 2.436
4 2.5575 2.4089
6 2.4075 2.3124
6 2.505 2.5602
6 0.0675 0.1185
5 0.7425 1.0213
5 0.3825 0.4488
7 2.34 2.3531
4 1.56 1.3692
5 2.0925 1.8529
4 2.97 2.9412
5 2.505 2.6278
4 1.7475 0.9013
7 2.025 1.5911
4 0.315 0.7078
5 2.7975 2.7632
7 2.37 2.3509
5 1.8975 1.4065
6 1.95 1.4836
5 2.2725 2.1558
5 1.11 1.6661
4 1.2975 1.8051
7 2.46 2.3555
6 1.5825 1.2716
7 1.6575 1.6919
7 0.375 0.4502
4 2.9775 2.8551
7 0.375 0.452
4 1.005 0.8151
6 0.465 0.2788
6 0.3225 0.2965
4 0.8325 1.5896
4 1.845 1.6589
4 2.6325 2.4379
7 2.49 2.5429
7 0.7125 0.8114
6 0.21 0.1553
6 1.8075 2.0451
7 1.3875 1.3105
5 0.1275 0.1062
7 2.055 2.0365
6 2.8275 2.7978
5 0.2175 0.336
6 2.355 2.3781
6 0.8625 1.1636
4 1.8975 2.2971
4 0.6075 0.3716
5 0.8775 0.7716
7 0.81 0.7018
4 0.54 0.4298
6 1.335 1.4571
5 1.9875 1.3473
6 2.64 2.6756
7 1.71 1.4439
7 1.7925 1.3313
6 2.505 2.5093
7 0.8625 0.8359
7 1.86 1.9253
5 0.315 0.1669
4 0.21 0.2947
7 1.6875 1.9281
6 2.865 2.8632
7 1.3425 1.2518
6 2.82 2.8133
4 2.0475 1.4194
6 2.0775 2.0414
7 0.945 1.2743
6 2.1075 1.4735
4 0.975 1.8685
4 1.83 2.0544
6 2.325 2.3421
5 1.26 0.8474
5 0.4125 0.4977
6 1.755 1.3792
5 0.9375 0.8646
5 0.4125 0.4811
4 1.7475 0.561
7 0.855 0.9892
6 0.6975 0.8762
7 0.3525 0.3336
7 2.4 2.4546
4 1.1025 1.2883
6 0.345 0.3398
7 2.2425 2.2303
5 0.9375 1.2902
5 1.2075 1.7019
4 2.8575 2.899
4 2.4825 2.4747
5 2.715 2.6619
7 2.445 2.4732
6 0.54 0.5698
5 0.465 0.5099
7 0.435 0.4447
4 0.27 0.0805
4 1.2675 1.4384
4 1.2075 1.8849
6 0.06 0.026
4 2.4825 2.1058
4 2.1375 2.0365
7 2.4525 2.395
5 0.4425 0.3689
6 1.395 1.5539
6 2.0175 1.8554
4 1.1775 1.1411
4 0.8925 1.2533
4 0.4275 0.3983
4 2.4825 2.6298
7 2.745 2.74
7 0.045 -0.0029
6 2.28 2.1575
5 0.7125 0.9833
6 2.5125 2.4447
5 0.4725 0.4651
5 1.3725 1.4451
4 0.6525 1.4873
7 0.9975 1.2039
5 0.5925 0.339
7 0.435 0.4324
6 0.7275 0.9653
6 1.2675 1.1006
5 1.62 1.5089
7 2.175 2.1233
5 1.545 1.123
6 1.0875 1.2697
5 1.4025 1.6637
7 1.4625 1.9989
7 2.9025 2.8312
4 2.235 2.211
6 1.5975 1.806
4 0.555 0.639
5 0.195 0.0645
4 1.635 1.2796
5 0.4125 0.2732
5 1.965 1.3504
5 2.6025 2.6967
6 2.5875 2.4199
7 2.055 1.82
5 1.8825 1.1273
5 1.905 2.4525
7 1.2375 1.3677
5 0.465 0.7028
4 0.225 0.2914
5 0.315 0.466
4 1.9725 2.1279
5 2.805 2.8078
7 0.6525 0.7735
6 0.2625 0.3104
4 2.3925 2.1072
7 0.4125 0.3966
5 2.8575 2.8527
7 0.96 0.9782
7 1.62 1.6503
4 0.63 1.3304
5 1.2075 1.5017
4 2.2575 1.8876
4 0.69 1.4962
7 0.135 0.1348
4 1.8825 1.3039
5 0.5475 0.4589
6 0.105 0.092
6 2.52 2.5023
7 1.8075 1.6598
5 2.775 2.6788
5 2.9925 2.9263
7 0.7875 0.7774
5 0.9375 0.9656
7 0.5175 0.5822
6 2.3475 2.4458
5 1.995 1.1894
7 0.2925 0.2781
5 1.125 1.0463
4 0.0675 0.2086
4 1.08 1.3368
5 1.095 0.7592
6 0.42 0.4805
4 2.0025 1.4701
7 0.51 0.6103
6 0.7425 0.8618
7 2.0925 2.1082
5 2.04 1.6459
7 1.9425 1.4236
4 0.8475 1.1235
4 2.415 2.474
7 2.775 2.7611
5 1.8825 1.5826
5 0.36 0.4907
4 0.75 0.761
6 1.7775 1.3245
4 0.105 0.0644
5 2.715 2.6894
5 1.44 1.0339
5 1.3275 1.653
5 0.66 0.8737
6 2.9625 2.9741
6 2.7 2.7305
4 0.3525 0.3132
5 0.3825 0.4155
7 1.4775 1.0848
4 1.1475 2.119
4 1.08 0.9213
7 1.35 1.4275
4 1.995 1.0589
7 0.1425 0.1149
7 1.125 1.4745
4 1.74 2.092
7 0.6225 0.8011
5 1.695 1.742
4 2.49 2.4801
4 1.4175 2.2561
7 0.6075 0.6349
4 1.605 1.516
7 2.3475 2.4
7 2.895 2.8228
6 1.725 1.7234
4 2.49 2.348
5 1.7325 1.0083
7 1.065 0.8625
5 0.5175 0.5783
6 0.5625 0.6448
4 0.36 0.8979
5 1.905 2.0092
6 1.905 1.8213
5 2.4375 2.2705
6 2.8425 2.7112
4 2.415 2.1103
7 0.6525 0.6796
5 1.7925 1.9527
7 2.205 2.2557
7 0.9675 1.1138
7 1.5525 1.892
4 2.775 2.8524
5 0.6 0.7339
4 1.14 0.7446
4 0.1575 0.2334
6 2.6025 2.585
4 0.3375 0.7757
7 0.465 0.5243
6 0.99 1.5451
4 0.18 0.1894
5 1.7775 1.9881
5 2.6625 2.6289
6 1.92 1.5708
6 0.5775 0.5332
6 2.3325 2.2909
7 2.04 2.1456
5 0.4275 0.4172
6 1.7475 1.3488
4 1.89 2.0611
7 0.105 0.0702
6 1.2 1.1592
7 2.5425 2.5974
7 1.125 0.9865
5 2.1 1.2971
4 2.7225 2.8156
6 2.2875 2.2293
7 2.535 2.6236
5 1.89 1.0206
7 2.5575 2.5444
4 0.6375 0.4943
5 0.3525 0.4079
7 1.3575 1.0105
4 0.21 0.1201
5 1.3425 1.7058
6 1.5 1.4653
5 0.27 0.386
4 2.595 2.7783
7 2.3625 2.55
4 2.355 1.8723
5 0.375 0.434
5 1.3425 1.3128
5 0.2925 0.3202
5 0.4425 0.8059
5 1.5225 1.4916
6 0.9375 1.3498
5 1.7475 2.0982
4 2.43 2.5623
5 1.17 0.8513
4 2.79 2.7563
5 0.825 0.8388
7 2.25 2.1648
4 1.53 1.34
6 1.455 1.8303
4 0.6525 1.3892
5 1.1325 1.3894
7 2.7075 2.698
4 1.1025 1.8848
5 0.0975 0.1272
5 2.4375 2.5567
5 1.095 0.9187
4 2.7675 2.8482
4 0.4275 0.8615
6 1.005 0.7602
4 1.9275 1.0469
6 0.84 0.8684
6 1.2075 1.3788
6 0.84 1.1072
7 0.765 0.7727
6 1.0725 1.2685
6 0.18 0.101
6 1.725 1.7083
5 2.0325 1.1658
4 2.6025 2.2243
5 0.4125 0.4892
5 2.4375 2.3132
6 1.4775 1.0984
6 0.63 0.4621
7 2.28 2.3623
6 2.4525 2.4402
6 2.2875 2.374
7 1.65 1.4291
5 0.915 1.7051
7 1.9425 1.7815
7 2.3025 2.2528
6 1.815 1.1873
6 1.4175 0.918
4 1.515 1.229
4 0.18 0.1653
6 2.385 2.4184
6 2.835 2.8143
5 2.6625 2.7395
5 1.995 1.5078
7 1.1325 1.1515
4 1.845 0.988
4 1.38 1.3155
7 0.8625 0.9692
6 0.2025 0.2881
6 0.1575 0.2109
7 2.37 2.3054
4 2.4675 2.4413
7 1.365 1.4309
4 2.9325 2.8589
6 2.5425 2.5418
4 0.2925 0.2596
5 2.5125 2.4991
4 0.81 1.8614
6 2.8725 2.8923
4 1.4025 1.543
4 0.15 0.192
7 2.4075 2.4871
4 1.3575 1.398
6 0.225 0.108
4 1.8375 1.6969
6 0.06 0.0626
6 0.1575 0.1793
5 0.405 0.4204
4 0.06 0.2956
6 1.23 1.0435
4 1.53 1.5354
6 2.6475 2.5254
7 1.2975 1.7018
5 1.185 1.575
5 1.23 2.122
6 0.9075 1.0462
5 2.76 2.8914
6 2.85 2.9425
7 2.16 2.2217
6 2.4225 2.3531
7 1.5525 1.7562
4 1.74 1.3331
6 1.89 2.06
7 2.9775 3.0031
7 0.6825 0.6382
7 1.05 0.9979
7 1.275 1.3256
7 0.21 0.2817
7 2.7075 2.7546
6 0.045 0.0241
6 0.36 0.3581
5 2.5125 2.5191
7 1.605 1.4329
4 1.1175 1.2151
7 0.1425 0.1258
7 1.455 1.3482
5 0.4275 0.5393
5 2.04 1.7624
5 2.52 2.6055
5 2.97 2.8173
6 0.6825 0.638
7 0.9375 1.5538
6 0.435 2.4164
5 0.8175 0.7281
4 2.955 2.8167
4 2.2275 2.1232
4 0.795 0.7332
4 2.07 1.3104
7 2.07 2.052
4 2.5575 1.6692
6 2.1075 2.0148
7 0.645 0.8844
5 0.0675 0.1928
5 1.95 1.9814
6 0.2775 0.2569
6 0.0675 0.0514
4 2.58 2.8428
7 2.025 2.0655
5 0.7125 0.7661
4 1.8075 0.7225
6 0.7575 0.85
6 1.935 1.649
5 0.06 0.055
6 0.075 0.0658
6 2.4375 2.4668
4 1.6875 1.2271
4 1.8825 2.4027
6 2.085 1.7933
6 1.17 1.5219
4 2.8125 2.9024
4 0.63 0.6475
7 2.175 2.1061
6 2.16 2.1137
7 2.37 2.25
7 1.005 1.0431
7 2.895 2.8868
5 1.8375 1.7086
6 1.77 1.7749
6 0.48 0.4293
4 2.5125 2.0733
6 1.5075 1.5092
6 2.58 2.5122
6 1.6425 1.4941
4 1.9425 2.3551
4 1.3575 2.4129
7 0.6375 0.6637
6 2.8575 2.8736
4 1.74 1.1343
5 2.835 2.8747
5 0.1875 0.1451
5 1.29 1.6734
6 2.7975 2.7513
7 0.8325 1.0592
7 2.0475 1.9794
4 0.9075 1.1697
6 0.7875 1.2934
6 2.8125 2.9134
4 0.9525 0.9104
5 1.785 2.0682
7 1.695 1.4754
5 2.0175 1.3694
7 2.6325 2.6749
4 0.0375 0.117
4 1.44 1.3732
6 1.4325 1.3725
5 2.43 2.1687
6 1.53 1.7005
5 1.5075 1.7396
5 2.97 2.864
7 2.8125 2.9136
5 0.375 0.52
5 0.15 0.1818
5 0.81 1.1049
4 2.655 2.5401
4 1.005 1.4519
5 0.2625 0.1464
5 0.8625 0.7717
5 0.0075 0.0048
5 0.66 0.5492
5 1.575 1.5804
4 1.9425 1.6158
4 0.5625 1.0609
5 1.83 1.5308
7 1.7175 1.7679
7 1.2675 1.4349
6 2.61 2.6008
4 1.7175 1.2052
5 2.9025 2.8169
5 1.695 1.1296
5 0.1275 0.0804
6 1.6575 1.0302
4 2.5725 2.7353
5 0.0975 0.0684
7 2.3025 2.332
5 2.775 2.6279
6 0.375 0.2438
7 0.5175 0.5355
4 1.9875 1.2111
7 2.0775 1.8325
6 0.42 0.4574
7 1.4175 1.1529
4 1.6725 1.3353
4 2.1825 2.2446
4 2.535 1.937
5 1.515 1.5453
5 1.23 1.4245
4 2.5125 2.2225
6 0.9225 1.0512
5 1.95 1.875
5 2.385 2.3547
6 2.19 2.4703
5 2.6325 2.3896
6 0.5325 0.699
7 0.6825 0.6077
4 1.4625 1.6284
4 0.2775 0.2567
6 1.245 1.1676
7 2.535 2.5874
7 0.57 0.6931
5 0.075 0.181
4 0.4725 0.5169
5 1.3575 1.4752
6 1.71 1.4182
5 1.155 1.3133
7 2.1525 1.9498
7 0.225 0.3046
7 0.93 0.9287
5 1.14 1.3281
7 2.2125 2.1379
6 2.2725 2.3067
6 1.08 1.3788
5 1.59 1.8939
6 0.6675 0.6763
4 1.5825 1.7873
6 1.3575 1.3107
4 0.795 1.3552
5 2.7675 2.8552
5 1.6725 1.351
7 1.395 1.307
5 0.0075 0.12
6 1.7475 1.456
5 2.1375 1.5961
4 0.4425 0.4197
5 1.2975 1.4761
4 0.195 0.3218
6 2.5275 2.5376
5 2.475 2.3627
6 0.225 0.243
6 2.8425 2.8908
7 2.205 2.1913
4 1.5675 0.9247
7 2.3325 2.3325
5 0.855 1.2022
6 2.565 2.53
6 1.4625 1.5628
4 2.0775 1.4494
6 2.1375 2.177
6 0.27 0.1427
5 1.4025 1.5964
5 1.575 1.1211
5 1.29 1.7047
7 0.8625 0.9853
4 1.005 0.9161
6 2.055 2.1516
5 0.54 0.6435
4 1.2375 1.9967
6 2.94 3.0266
5 1.1325 1.2013
5 2.7825 2.6975
6 2.865 2.7754
7 0.8175 0.7622
4 2.58 2.574
4 1.41 0.6449
4 0.195 0.1184
6 0.045 0.1025
5 2.1375 1.9689
7 2.475 2.5639
6 2.67 2.5814
4 1.6425 2.2072
7 1.8975 1.8565
7 2.565 2.6122
4 1.545 1.2301
7 1.6275 1.1809
4 2.0025 0.527
4 1.5675 1.0083
5 2.8875 3.0463
5 1.5675 1.6926
5 1.095 1.0295
6 2.625 2.643
4 1.6425 1.5276
5 2.31 2.1236
5 0.0525 -0.0363
6 2.895 2.9008
6 0.9975 1.1905
7 2.82 2.8321
5 0.2025 0.0818
7 2.9925 2.9191
5 0.9825 0.8869
7 2.9625 3.0145
5 2.775 2.8326
7 0.9825 1.2455
5 0.465 0.3688
5 2.9775 2.9477
6 2.235 2.1308
6 1.155 1.7137
6 0.9675 1.3742
5 0.18 0.1703
5 2.415 2.4737
5 0.495 0.3846
6 0.3075 0.3768
7 1.2 1.7386
7 2.385 2.2636
4 1.305 0.7395
5 0.6675 0.6968
4 0.2025 0.18
7 2.4 2.3829
7 2.8425 2.9319
6 2.5725 2.4609
7 0.6975 0.6982
5 2.4075 2.4498
4 2.31 1.7546
5 1.305 1.3813
5 2.9475 2.9334
5 0.78 0.6017
7 1.665 1.4602
5 2.745 2.835
4 2.1975 2.1952
4 2.865 2.7699
6 0.6225 0.7056
5 0.0 0.037
7 2.115 2.1611
4 0.465 1.1224
5 1.68 1.0344
7 1.6125 1.765
5 0.0375 0.062
7 1.68 1.6566
5 2.2575 2.1287
5 1.8225 1.0235
4 2.985 2.8781
7 2.4 2.3665
7 1.68 1.6664
7 2.7975 2.8277
4 1.8675 1.9888
7 0.8625 0.8072
6 0.6975 1.0301
6 0.975 1.0773
7 0.405 0.5077
7 1.2975 1.4485
6 0.525 0.557
4 0.7275 1.1578
6 0.9375 1.418
5 1.8 1.7123
7 2.3175 2.338
6 0.81 0.7832
5 0.06 0.1735
5 1.6275 1.839
7 1.7175 1.7951
6 0.435 0.3426
5 0.66 0.6114
4 0.54 0.7615
4 1.365 1.3204
6 0.72 0.8218
5 2.595 2.444
4 1.2225 1.4746
7 0.3 0.3158
6 2.685 2.7117
7 0.9975 0.8301
4 0.615 0.8468
7 1.425 1.827
6 0.675 0.8271
7 1.47 1.5568
7 0.39 0.4106
5 1.6575 1.8284
4 1.7475 1.1637
5 1.89 1.2882
5 0.225 0.1777
7 1.0725 1.1668
5 1.2075 1.7638
5 1.3575 1.129
7 0.6675 0.7755
4 0.6375 0.5228
5 0.42 0.4291
7 0.0975 0.1696
5 2.7825 2.7715
7 0.6675 0.5881
7 0.21 0.1818
4 2.6625 2.7644
6 1.4325 1.9063
7 2.1075 2.0275
4 2.175 1.6729
6 2.4375 2.3148
6 0.9 0.9686
7 2.1 2.0757
7 2.16 2.0883
6 2.0175 1.9633
6 1.545 1.2898
6 0.375 0.4368
7 0.2475 0.2134
5 1.98 1.803
7 0.0525 0.0922
5 1.9125 1.3544
6 1.935 1.7934
7 1.545 1.6887
6 2.3625 2.519
5 1.71 1.5002
7 2.7675 2.7542
6 1.05 1.31
5 1.4775 1.3253
7 1.26 1.589
5 0.9075 1.144
6 1.4625 1.5428
6 0.8925 1.1766
4 1.035 0.9818
6 1.4775 1.2342
7 0.855 0.879
6 1.0725 1.1834
5 1.02 1.3259
7 0.0825 0.1133
5 2.88 2.7526
7 1.68 1.5633
5 2.34 2.4829
6 2.58 2.6334
5 2.5875 2.5328
5 2.7225 2.5788
4 0.93 0.9168
5 0.5325 0.4336
5 0.8475 1.1898
6 1.77 1.2796
4 1.0725 2.1759
4 1.02 1.8902
7 0.8175 0.9576
6 1.1025 1.2837
5 0.975 1.2784
7 1.4625 1.5405
7 2.0025 1.9229
4 0.5175 0.6159
6 1.4025 1.3808
6 2.3625 2.3001
4 1.92 2.0673
4 2.7225 2.4682
5 2.8875 2.7363
5 0.03 0.0611
6 0.1575 0.1415
6 0.285 0.4106
7 0.2025 0.202
5 2.985 2.9188
4 2.9025 2.6717
7 2.91 2.8838
4 1.125 1.601
4 0.0 0.0589
7 2.1675 2.1737
7 1.485 1.518
5 1.29 2.0102
4 2.8275 2.8602
6 1.545 1.5054
7 1.9875 1.8156
6 1.485 1.3182
7 1.5375 1.5112
7 2.46 2.5239
4 0.4425 0.2644
5 1.3425 1.8084
4 2.43 2.0446
7 0.405 0.3372
6 2.7525 1.471
5 2.865 2.8273
5 0.255 0.2034
5 0.7875 0.6658
6 2.04 1.8609
6 1.605 1.6872
7 2.1 1.9999
4 2.1 1.7864
5 1.7475 1.1608
6 0.6525 0.4804
6 2.6775 2.7549
7 2.145 1.9974
4 0.2925 0.189
7 0.045 0.044
4 2.6625 2.5675
7 0.105 0.0145
7 1.0275 1.1703
7 0.6525 0.7542
6 0.5925 0.4901
6 1.2 1.0751
4 0.2475 0.2209
7 1.05 1.407
4 1.5375 1.1498
7 0.5325 0.5837
7 1.32 1.3317
7 0.18 0.232
7 2.46 2.4638
7 1.6875 1.6636
4 2.07 1.8183
4 0.09 0.1015
4 1.935 1.6418
7 0.03 0.0007
7 1.755 1.8555
6 2.1525 2.189
5 1.1625 1.1339
6 2.445 2.5505
5 1.29 1.3038
4 1.5075 1.0647
4 0.99 1.9382
6 1.215 1.0513
7 0.96 1.1191
4 0.5625 0.5397
7 0.1275 0.0725
6 1.3575 1.4421
6 1.095 1.6802
5 2.49 2.5356
6 0.525 0.7025
4 2.76 2.7412
7 1.1925 1.3309
7 1.47 1.6465
5 0.255 0.2611
7 0.225 0.194
7 1.35 1.3691
6 0.495 0.6422
7 0.8625 0.8031
7 0.8625 0.8925
4 0.2325 0.1634
7 1.575 1.1551
4 1.8225 1.5331
5 2.6475 2.5795
5 1.5075 1.4271
5 0.0525 -0.0015
4 0.315 0.2274
7 1.7625 1.6462
5 2.9475 2.8491
7 1.875 1.6562
5 2.5875 2.3005
4 1.5 0.738
4 0.3225 0.6607
5 0.4425 0.4955
4 0.72 0.5575
4 2.625 2.6564
5 1.71 1.5941
5 1.6875 1.4408
5 2.3175 1.935
7 0.855 0.944
5 0.1275 0.0826
4 0.63 0.634
6 1.86 1.1775
7 2.85 2.8418
7 1.95 1.8111
4 0.525 1.0262
5 1.5525 1.3886
4 1.7475 1.4958
4 0.0075 0.0981
6 2.625 2.5692
4 0.585 1.0334
6 0.42 0.2756
7 0.45 0.42
7 1.035 0.9208
5 0.7275 1.4112
7 0.465 0.5137
4 0.9525 0.5993
5 0.57 0.7123
4 1.65 1.1817
5 1.5525 1.6357
4 0.39 0.5748
7 1.56 1.7534
5 0.675 0.6187
5 1.3125 1.5985
7 1.6725 1.6158
5 1.9425 1.6988
7 0.3675 0.4108
5 0.3525 0.4267
5 1.185 1.2468
6 0.855 1.167
4 0.1575 0.214
5 1.785 1.8814
6 2.025 2.1941
5 2.475 2.007
6 0.75 1.1464
7 0.435 0.556
6 2.655 2.6535
6 2.9775 2.9775
6 1.11 1.2661
4 1.275 1.4703
4 0.8175 1.4414
7 0.0825 0.0573
6 2.2275 2.2454
7 1.9725 1.8803
6 2.6175 2.5594
7 0.18 0.1689
6 0.0525 0.0574
5 2.7075 2.5432
6 1.9125 1.4065
4 1.4325 1.5871
7 2.745 2.7933
7 0.7575 0.7171
6 2.5275 2.4269
7 1.9575 2.0066
4 0.96 1.1522
6 1.6575 1.4358
6 0.84 0.807
7 2.8725 2.8226
6 2.0775 1.7916
7 2.4825 2.6639
5 0.06 0.1254
7 1.32 0.9482
6 0.51 0.6472
7 0.7875 0.6818
6 1.755 1.9209
4 0.9675 0.6756
6 0.465 0.3899
7 2.4 2.3459
5 2.3025 2.1194
6 2.5575 2.5009
5 2.715 2.6559
5 0.2625 0.2095
5 2.7975 2.8351
7 1.575 1.4603
4 2.79 2.8408
4 0.99 1.1166
6 2.625 2.663
5 2.37 2.3377
4 2.565 2.6003
6 0.3 0.1694
4 2.325 2.4124
7 2.28 2.2058
6 2.9775 3.0018
7 1.575 1.675
6 1.6575 1.4287
4 2.7675 2.9124
4 0.8475 0.8851
7 0.945 0.8524
5 2.6625 2.5937
6 1.7775 1.2462
4 1.29 1.6252
5 0.675 0.7201
5 0.3825 0.2077
4 2.625 2.4452
4 2.5725 2.6449
4 0.3825 0.2452
7 2.9625 2.9136
4 0.9675 1.4273
4 2.5275 2.4043
5 1.845 1.2096
4 1.26 1.8697
5 0.5475 0.6424
7 0.675 0.7275
7 1.0875 1.4649
4 1.8675 1.3823
4 1.9275 1.8953
6 2.7825 2.4729
6 1.47 1.7312
5 0.18 0.1748
6 0.7725 0.817
4 1.71 1.724
4 0.795 0.6116
5 0.8175 1.1324
6 0.8625 0.7141
7 1.5 1.4608
5 1.17 1.1876
6 0.195 0.1837
7 1.8225 1.678
5 2.415 2.6942
4 1.755 1.518
7 1.155 1.2874
5 2.8575 2.8532
7 0.1425 0.2126
4 0.3825 0.495
6 1.59 1.6382
7 1.755 1.721
7 2.565 2.5644
7 0.645 0.6537
4 2.67 2.5798
7 2.265 2.2583
6 0.585 0.5643
6 1.845 1.807
5 0.5025 0.4169
6 0.3075 0.2238
4 0.2475 0.1381
4 2.7825 2.8322
7 0.8325 0.8774
5 2.4975 2.3307
5 2.895 2.8922
4 0.2775 0.2556
5 1.365 1.6357
6 2.8275 2.9661
4 2.0475 2.0586
7 0.3375 0.3237
6 1.545 1.4588
4 0.6075 0.804
6 1.77 2.038
4 1.2 2.1353
6 1.0875 0.8933
7 2.895 2.8047
5 2.8725 2.9547
7 1.545 1.319
5 1.2525 1.3079
4 0.93 0.9316
7 0.33 0.3489
4 2.1225 1.1929
5 2.835 2.908
5 0.0675 0.145
5 0.4875 0.4009
4 0.3525 2.4574
4 1.515 1.4423
7 0.7575 0.8138
4 0.6975 1.0299
6 1.2825 0.8381
7 0.03 0.0828
4 1.1325 1.3111
5 2.16 2.4589
4 0.825 1.4799
6 2.73 2.7036
5 2.4075 2.1888
6 2.04 1.4846
4 1.6125 0.9819
6 1.32 1.5589
4 1.425 1.7159
7 1.215 1.8083
7 2.64 2.5697
4 2.9025 2.7802
4 2.61 2.6554
6 0.5325 0.448
7 0.4725 0.497
4 2.445 2.2974
4 1.9875 1.4888
5 2.535 2.6628
6 1.845 1.8467
7 0.12 0.1088
7 2.775 2.8327
5 1.26 1.0747
5 2.5725 2.6683
4 1.8525 1.5268
4 1.0425 1.9945
5 0.6225 0.4394
5 2.97 2.9169
5 1.7025 1.7244
6 2.145 2.1428
4 1.26 0.9761
5 2.6775 2.7467
4 0.255 0.5006
5 2.535 2.4072
5 1.665 1.935
7 1.4175 1.3215
6 1.995 1.88
4 2.7975 2.9996
6 2.7375 2.8678
5 0.885 0.7042
5 2.2575 2.2799
7 0.585 0.6779
7 1.1775 1.4546
5 0.3225 0.3499
5 2.8875 2.76
6 2.625 2.63
4 0.3675 0.849
4 2.9325 2.8798
7 2.9925 3.1153
5 0.075 0.046
4 0.7125 1.4322
7 1.7925 1.839
6 1.7475 1.2774
4 2.355 2.7228
5 0.0375 -0.0007
4 0.3525 0.7769
5 2.2125 2.074
4 2.9925 2.6529
5 2.6625 2.7003
7 0.72 0.7778
5 0.2925 0.2415
7 1.14 1.3161
7 2.8275 2.7326
5 2.9925 2.756
5 0.36 0.4049
6 1.305 1.7492
6 1.83 1.7908
7 1.5525 1.6879
5 2.865 2.7973
5 2.0775 1.6596
4 2.91 2.8548
5 2.79 2.8368
5 0.9 0.8389
7 2.6475 2.5685
4 1.0725 1.3315
7 1.3275 1.7178
6 2.9475 2.9793
5 0.345 0.4074
7 2.775 2.7988
4 0.3075 0.4677
4 2.88 2.921
7 2.1975 2.3367
6 0.6375 0.5015
4 0.195 0.2397
5 2.0925 1.9186
5 2.265 2.0885
6 1.8225 1.9913
4 2.1375 1.4492
5 1.23 1.172
6 2.0475 2.0556
4 2.835 2.8291
6 0.735 1.021
7 0.975 0.8793
7 1.3725 1.6512
6 2.64 2.7271
7 0.8175 0.8785
4 1.4325 1.6292
6 1.275 0.9781
6 0.705 0.7344
6 1.365 1.1972
4 0.6 1.4837
6 0.8175 0.7251
4 2.205 1.983
6 1.1175 1.2369
7 0.2925 0.4131
7 2.7 2.7266
5 0.105 0.1068
6 2.355 2.5188
6 0.87 0.9976
6 1.77 1.1959
4 1.275 1.6533
7 0.2025 0.3451
5 1.95 1.0992
5 1.0125 0.8006
5 0.96 0.7753
7 2.49 2.4756
5 0.27 0.0796
5 1.1625 0.7074
4 2.0325 1.2596
7 2.3775 2.3738
6 0.8475 0.9988
4 1.4325 0.9741
6 1.845 1.3039
4 0.7275 0.6977
6 0.69 0.6877
4 1.9425 2.0111
5 2.0475 1.8055
5 1.17 1.5778
5 1.38 1.5854
6 2.9025 2.8856
7 1.6725 1.6628
5 0.7425 1.0524
7 2.4975 2.3678
6 2.1975 2.3252
4 1.2975 0.8551
6 2.025 2.0179
5 1.1325 0.7694
4 1.5225 1.3746
7 1.5075 1.8075
6 1.5525 1.9944
6 1.3275 1.385
6 1.6725 1.5587
4 0.165 0.298
5 1.56 1.1667
7 1.9875 1.6496
7 1.89 1.8521
4 0.195 0.2274
7 0.255 0.2491
6 0.21 0.1892
4 1.7775 1.1081
5 2.1825 2.2258
6 1.4625 1.3642
5 1.0575 0.9534
4 2.13 1.8489
4 2.1075 2.6113
5 1.74 1.0833
7 2.8275 2.7537
6 2.265 2.355
5 0.4875 0.6689
6 2.88 2.8924
6 2.355 2.4151
6 1.455 1.1131
7 1.7025 1.4345
5 1.395 1.7465
7 2.025 1.9973
6 1.0425 1.5109
5 0.99 1.5572
6 0.84 0.8478
6 2.265 2.0779
6 0.3975 0.3964
5 1.6425 2.1179
5 0.6375 0.8141
6 0.51 0.6675
5 0.525 0.5606
6 1.05 1.1212
6 0.495 0.6153
5 1.8675 1.5218
6 2.6625 2.6915
4 0.03 0.152
7 2.6775 2.793
5 0.1875 0.261
5 1.4625 1.1969
4 1.1625 1.813
7 0.8025 0.847
6 1.9725 1.4313
4 2.9925 2.9126
7 0.21 0.1628
6 1.4325 1.3967
7 1.4175 1.348
4 2.055 1.6748
5 2.685 2.7059
7 2.6175 2.6037
6 1.05 1.1155
4 0.525 1.3131
6 2.01 1.8473
7 1.9125 2.0224
7 0.2325 0.2322
4 1.4625 1.1389
7 2.4075 2.4541
4 0.9675 1.6924
7 1.9575 1.7425
6 0.5925 0.5686
5 2.64 2.5505
5 1.05 0.7985
6 0.8325 0.5979
6 2.4825 2.5109
4 0.18 0.3275
4 0.0375 0.1152
6 1.32 1.3581
7 2.2125 2.3446
7 0.21 0.173
7 0.39 0.3468
7 1.8825 1.9516
5 1.32 2.1174
5 2.9925 2.9376
5 2.385 2.4835
4 1.0725 0.9664
4 1.3275 1.5285
6 1.035 1.0893
5 1.83 1.7288
5 0.8775 0.8073
7 0.3675 0.4128
7 0.03 -0.0425
4 0.2775 0.487
4 2.1 2.2139
7 0.8175 0.9533
7 2.445 2.4312
6 1.3575 1.197
4 1.6875 1.8064
6 0.3 1.3702
5 2.1975 1.7993
5 1.4025 1.6781
6 2.19 1.9486
5 2.97 2.9558
6 0.1275 0.1596
6 2.595 2.6024
6 1.7025 1.2194
5 0.18 0.1099
7 1.215 1.3523
7 2.0175 1.9352
6 1.4925 1.875
6 0.2775 0.3047
5 2.8575 2.9009
6 1.2675 1.963
7 0.045 0.0191
6 2.295 2.3735
6 2.7825 2.7827
6 0.5475 0.6871
6 1.365 1.4903
6 0.99 0.9801
4 1.8975 1.3954
6 1.575 1.6531
4 1.8225 2.0192
6 1.7325 0.8494
5 2.91 2.9432
6 1.17 1.3596
6 2.325 2.3076
7 2.64 2.7388
6 1.635 1.6232
6 1.4925 0.9683
5 2.0475 2.0173
5 0.375 0.361
4 0.5175 0.3362
5 1.1025 1.3279
7 2.58 2.469
6 2.37 2.4463
5 1.8525 1.5271
6 2.7975 2.6745
5 0.2625 0.2727
7 2.97 2.9865
7 0.4125 0.4633
4 1.4175 1.3582
6 2.25 2.3244
5 2.94 2.8894
5 2.28 2.2656
5 1.4625 1.9779
7 0.225 0.3037
7 0.1875 0.289
7 1.935 2.0585
7 1.83 1.718
7 0.9225 0.8687
7 2.7675 2.6394
6 2.6325 2.5071
4 0.405 0.4495
6 2.4675 2.3024
7 0.825 0.9162
5 1.83 1.6169
5 2.0775 1.4924
5 2.61 2.6404
6 0.9975 1.0616
5 1.3125 1.0706
5 0.5625 0.4673
7 0.3975 0.386
6 1.1625 1.4224
7 1.02 1.0925
4 2.475 2.3128
7 1.845 1.7192
4 2.4675 2.3091
5 0.96 0.8269
4 1.8375 1.7009
7 0.6 0.5892
5 1.0725 1.4534
5 2.865 2.6435
7 0.8475 0.9865
5 2.325 2.0117
5 1.5825 2.1396
4 0.3525 0.3312
4 1.7325 1.7847
7 0.3525 0.3327
7 0.6 0.676
6 1.8375 1.6335
4 1.7025 1.353
5 1.2225 1.6559
4 0.18 0.2952
6 0.9675 1.1259
4 2.88 2.7327
7 2.01 1.9009
6 1.14 1.2613
4 2.475 2.5386
5 0.69 0.7554
7 2.685 2.6719
5 1.5 1.1921
6 0.615 0.712
5 0.12 0.1828
4 2.85 2.8431
4 1.98 1.7563
6 0.87 0.9725
6 0.09 0.0789
6 1.35 1.5548
6 1.1625 1.2271
5 1.6875 1.7688
5 2.8725 2.9047
4 2.7675 2.5461
7 1.8375 1.6718
6 0.7575 0.9227
5 0.4275 0.4678
5 1.0125 1.2751
7 2.76 2.8742
7 1.2375 1.1305
7 2.475 2.4689
4 1.0275 1.0716
6 0.51 0.6107
6 0.2025 0.3711
7 1.8675 1.6245
4 1.44 1.313
4 0.4875 0.4011
7 2.49 2.3639
4 1.8 2.128
4 1.635 1.0328
6 1.7625 2.4255
7 0.96 1.0373
7 0.9525 0.8397
5 0.135 0.0981
6 1.305 1.0411
7 2.775 2.7676
4 1.53 1.5728
4 1.02 0.9869
6 1.5375 1.6865
5 2.3625 2.387
7 2.1075 1.9798
5 2.9325 2.8276
6 0.9675 0.9859
6 2.115 2.201
7 0.345 0.256
4 0.4875 0.7651
6 0.0375 -0.0061
5 2.2125 1.7631
7 0.0525 0.1022
7 0.1575 0.1592
4 2.625 2.5604
7 0.45 0.4874
6 2.25 1.9283
4 0.195 0.06
6 0.7575 0.6369
5 1.05 1.4764
6 0.9225 1.5808
4 1.4475 0.936
5 2.07 2.1292
5 2.1975 1.7988
4 1.8825 1.6374
6 2.9775 2.9379
6 0.0975 0.1712
7 1.44 1.3433
7 2.4525 2.4825
4 2.925 2.812
7 1.89 1.5131
6 1.815 1.8852
4 2.985 2.8266
4 1.6725 2.1452
6 2.6475 2.7009
4 1.065 0.4977
7 0.8325 0.699
7 1.6575 1.514
7 2.1675 2.3135
7 1.74 1.3321
4 2.955 2.7569
6 0.8175 0.6725
5 2.595 2.5354
4 2.37 2.0065
5 2.145 2.2502
4 1.065 0.78
4 1.335 1.7969
6 0.36 0.3462
5 0.795 0.5855
4 0.09 0.1667
5 1.995 1.9038
6 1.455 1.101
7 1.4475 1.5986
4 0.285 0.2072
5 0.8625 1.1542
5 1.605 1.4027
6 0.1425 0.1334
4 1.77 1.4439
7 1.5825 1.3224
4 2.775 2.6474
6 2.5725 2.5268
6 1.9875 1.657
7 0.525 0.5891
5 1.335 0.9894
7 0.6375 0.7243
6 0.375 0.5131
5 1.2825 1.2831
6 2.3475 2.247
4 1.0875 1.598
6 1.8825 1.3931
7 0.09 0.0093
7 0.675 0.7206
5 2.5725 2.4572
7 1.77 1.7864
4 0.0225 0.1305
6 0.1875 0.071
6 2.58 2.5782
6 2.805 2.8151
7 0.375 0.2605
6 2.1 2.2667
7 2.7 2.6903
5 1.755 1.4907
4 0.585 0.8528
7 2.6625 2.6236
6 1.815 1.8343
6 1.545 1.666
5 2.6925 2.5818
4 2.01 1.4572
7 1.275 1.4821
5 0.255 0.5368
7 0.48 0.5797
5 2.355 2.3556
5 1.29 1.7829
4 1.6425 1.6025
6 0.915 0.9651
7 2.8725 2.9782
6 1.4775 1.409
5 1.5075 1.4041
5 2.19 1.9856
6 0.75 0.7883
5 1.8975 1.6729
4 0.51 1.1819
7 0.4875 0.4961
5 2.8425 2.8121
6 1.3575 1.506
7 0.06 0.027
7 2.7075 2.834
7 0.9075 0.9875
4 0.645 0.625
5 0.87 0.9486
5 0.765 0.521
5 2.3775 2.4673
5 0.9525 0.9622
7 2.085 2.1205
7 2.07 2.1773
4 0.615 0.811
5 1.53 1.7864
6 2.0925 1.928
4 1.86 1.1432
7 1.3425 1.4954
7 1.02 0.8651
5 0.915 1.0872
6 0.435 0.412
7 2.4075 2.4289
4 0.375 0.4764
6 0.735 0.5577
4 0.2925 0.284
4 0.15 0.2314
6 0.3375 0.3329
5 2.7525 2.9235
4 2.73 2.8129
6 1.53 1.3461
4 2.295 1.9066
6 1.74 1.6775
7 0.15 0.1686
7 1.635 1.6297
6 0.57 0.5443
4 2.9475 2.7497
4 1.6725 1.6951
6 0.3525 0.3531
7 2.4 2.2625
4 0.405 0.4332
6 2.835 2.8251
5 2.43 2.0014
4 1.08 1.6775
6 0.315 0.3105
6 2.64 2.6173
6 1.575 1.4544
5 1.2075 1.3446
7 1.7925 1.8408
5 1.08 1.7744
4 2.01 0.8564
7 2.025 1.4837
7 0.42 0.3446
5 0.3825 0.4539
4 2.73 2.804
7 1.8675 1.9726
5 1.0575 1.5614
4 0.8025 0.5874
5 0.36 0.4328
7 1.6425 1.6708
7 2.6625 2.6799
4 2.505 2.1661
4 1.8075 1.2669
4 0.99 1.3974
7 1.2675 1.3014
6 2.13 1.6919
5 2.445 2.4031
7 2.8425 2.8098
5 2.13 1.2381
6 1.2 0.9189
7 0.5175 0.4884
5 2.4675 2.5122
7 0.0825 0.116
6 2.085 2.0448
4 2.34 2.6414
6 2.2275 2.2601
4 0.6975 1.0159
7 0.1575 0.0343
7 1.6125 1.3753
5 0.525 0.5331
5 1.875 1.8113
6 0.54 0.4853
6 2.0625 1.9236
4 1.815 2.0717
7 1.4775 1.4551
5 1.0125 1.7409
6 1.065 0.97
5 2.3325 2.2931
5 1.9425 1.797
6 2.1225 1.7422
7 0.3675 0.4202
7 1.635 1.6113
5 1.86 1.2855
5 2.085 2.0386
6 0.825 0.7509
6 1.905 2.1487
4 1.515 2.1267
4 1.29 1.1398
7 1.7025 1.7042
5 1.5375 2.148
4 0.15 0.0526
4 0.465 0.2542
4 1.5075 2.0825
7 2.2725 2.2686
6 2.1975 2.0652
4 1.41 1.4437
7 1.155 1.127
6 2.22 2.2629
4 2.5125 2.3637
6 2.58 2.6859
7 0.75 0.7737
6 0.765 0.7261
7 1.89 1.9107
4 0.5925 1.8865
4 2.4075 2.0096
4 2.6175 2.609
5 0.18 0.2688
5 0.2325 0.4363
6 2.1825 2.0238
5 2.8575 2.735
4 1.8675 1.787
7 0.255 0.3015
6 0.555 0.5766
4 2.8425 2.8525
6 2.9475 2.871
7 1.59 1.3992
6 2.835 2.7621
7 1.1925 1.3841
6 2.0775 1.8541
7 0.6675 0.7266
5 1.0575 1.8154
7 2.1825 2.2073
4 2.73 2.789
5 2.2875 2.3369
4 1.14 1.1253
4 0.69 0.7651
6 1.965 2.1257
5 0.12 0.1377
7 1.1175 1.4117
7 2.715 2.768
6 2.535 2.4858
7 0.51 0.6155
6 1.0875 1.1231
7 1.71 1.8457
5 1.8975 1.4467
4 2.55 2.4033
4 0.795 1.5459
4 1.845 2.309
4 1.3275 1.0252
4 0.315 0.3206
7 2.3175 2.1871
7 2.265 2.2907
5 2.52 2.4991
5 0.105 -0.0183
6 1.4025 1.069
4 0.195 0.3691
4 0.6075 1.1613
4 1.71 1.1634
6 2.34 2.2385
4 2.97 2.8764
4 2.49 2.0818
6 1.26 0.82
4 1.5375 0.7642
4 0.975 1.2761
5 0.075 0.1553
7 1.38 1.0689
5 1.56 1.4133
4 0.5775 0.8932
5 0.4725 0.5187
7 0.3075 0.3467
7 0.1275 0.1206
6 0.165 0.0774
5 0.7275 0.8742
6 0.63 0.5697
7 2.9625 2.9366
5 1.1325 1.0275
4 1.3875 1.5313
7 1.215 1.4329
7 0.6375 0.6389
4 1.875 2.0663
4 2.4075 2.5613
4 0.975 0.7706
6 0.42 0.2764
5 0.6525 0.5235
5 2.4975 2.3926
7 1.38 1.6887
6 2.9175 2.9625
4 2.1075 1.3553
4 0.735 0.5335
6 1.335 1.9907
7 0.0225 0.1002
4 1.4025 1.8743
6 2.0475 1.8733
5 2.9475 2.9219
7 0.9825 1.0012
5 0.015 0.0816
6 1.3275 1.1572
5 2.445 2.3963
4 1.8075 0.6027
5 0.2775 0.4807
5 2.6025 2.4086
4 2.97 2.8044
4 1.6725 1.8198
6 2.805 2.7906
5 0.615 0.5378
5 0.96 1.6293
7 0.315 0.3978
4 0.945 1.6964
7 1.545 1.4072
6 0.7125 0.6654
7 0.4875 0.4562
4 1.2825 1.7499
4 2.7975 2.865
7 0.915 0.9649
7 2.6475 2.6375
6 2.7825 2.7713
4 1.7925 1.7599
5 2.34 2.4122
6 2.8125 2.8047
6 0.54 0.6965
6 2.5425 2.7104
4 1.4475 1.9485
5 1.5975 1.5692
5 1.7025 1.0389
7 1.3575 1.6428
4 2.8275 2.6658
7 1.71 1.6368
4 1.2525 2.2604
5 1.3275 1.8453
6 1.3275 1.4396
7 1.1625 1.5025
6 2.85 2.8265
7 2.4675 2.4633
7 0.585 0.5533
4 0.465 0.2772
7 2.2875 2.2846
7 2.145 1.9067
5 2.9175 2.8933
5 1.8075 2.2508
6 0.5025 0.4679
6 1.2525 1.664
6 0.6975 0.8256
7 2.67 2.6612
5 1.545 1.8064
6 2.85 2.8669
5 2.3025 2.4525
7 1.68 1.6611
5 2.9475 2.8352
7 0.705 0.7041
4 0.4575 0.5003
6 0.4275 0.3496
7 0.9675 0.7341
5 1.935 2.1319
7 0.03 0.0356
5 0.9 0.7915
7 0.0675 0.0251
5 2.535 2.5445
7 0.0825 0.1657
7 1.5225 1.5787
7 2.8425 2.8518
7 2.625 2.5955
6 0.465 0.3602
6 0.3 0.3134
5 1.8825 1.8779
7 1.41 1.1422
6 1.98 2.1809
7 1.92 1.8154
4 1.11 0.9173
5 1.38 1.6449
4 2.8875 2.8151
4 2.0775 1.3512
7 0.18 0.0632
5 2.565 2.7047
5 0.42 0.388
5 0.5625 0.6806
5 1.0125 0.9897
5 0.6825 0.56
4 2.07 1.681
7 1.905 2.0555
7 1.785 1.6252
5 1.635 1.4486
6 2.7 2.7108
4 1.98 1.5776
4 0.135 0.1645
6 0.0525 0.071
4 0.5925 0.7487
5 1.1625 1.544
7 0.2625 0.1947
6 2.6625 2.7091
5 1.2825 1.7361
5 0.2475 0.4775
4 0.54 0.3691
5 2.925 2.9157
7 0.0375 0.1167
5 2.385 2.3973
7 0.9675 0.9552
4 0.0 0.1523
5 2.2575 2.383
4 1.545 1.0007
6 0.0675 0.0073
6 1.5225 1.6429
4 0.2775 -0.0041
5 0.7425 0.8245
7 2.3175 2.1842
6 2.2725 2.2826
4 2.445 2.1744
6 0.93 1.4032
6 0.435 0.4984
4 1.0875 0.7882
7 0.3075 0.3978
4 2.985 2.8652
7 0.1425 0.2748
6 1.0275 0.8923
4 0.03 0.1635
4 1.5675 1.5068
7 2.07 2.0528
7 1.2375 1.5482
4 1.0275 1.3714
5 0.075 0.1392
7 2.2725 2.3918
7 2.7 2.6308
6 1.7175 1.6046
4 0.6 1.7221
6 2.8425 2.7582
7 0.525 0.6843
7 2.7975 2.853
6 0.135 0.047
5 0.9525 1.3021
4 0.765 1.0908
6 1.8 1.7892
5 0.8175 0.6582
5 0.0375 0.0485
7 2.16 2.2458
5 2.0625 2.179
5 0.51 0.5415
6 1.8675 1.9986
5 0.69 0.9028
6 0.7425 0.6967
7 2.1525 2.02
4 0.9225 1.1871
4 0.8175 1.0178
6 0.3225 0.3399
5 2.805 2.8044
6 2.8575 2.8985
7 2.295 2.2192
7 0.735 0.6126
5 1.89 1.3879
7 0.4425 0.5169
5 2.3775 2.3646
7 2.13 2.1469
5 0.045 0.094
7 1.5525 1.7779
4 1.665 1.6525
7 1.8675 1.5563
7 1.2225 1.3622
6 1.17 1.4428
4 0.6675 0.5515
7 0.8625 0.8569
5 0.915 0.9255
7 0.8175 0.7852
7 0.2325 0.2818
7 1.635 1.7143
5 1.4475 1.567
6 2.88 2.9364
7 0.7875 0.898
7 2.2275 2.2906
5 2.55 2.6756
5 2.2275 1.9617
4 2.67 2.7237
4 0.975 0.902
6 2.43 2.4784
4 1.335 2.3363
7 0.6075 0.5862
5 1.5225 1.6273
5 2.9325 2.9028
4 1.0275 1.4709
7 0.87 0.9434
4 0.5325 0.5841
4 0.9675 1.3169
7 0.6975 0.8223
4 0.09 0.1354
6 1.3725 1.3288
5 1.08 2.1451
6 0.63 0.709
7 1.5525 1.7383
5 2.3925 2.3934
7 0.15 0.0563
5 1.56 1.8064
5 2.715 2.7131
7 0.8925 0.8511
4 1.4475 1.1174
6 0.18 0.1028
7 1.11 1.3149
4 0.855 1.3573
6 2.28 2.1892
5 1.3425 2.1985
7 0.495 0.4217
5 1.4025 1.5765
6 1.05 1.3961
7 2.04 1.9822
4 2.58 2.7953
5 0.78 0.9276
4 0.33 0.3028
6 1.9275 1.9784
7 1.3725 1.7941
6 1.6875 1.5656
7 0.7425 0.6981
7 2.565 2.522
7 1.7025 1.7249
6 2.2575 1.6733
5 2.6775 2.6447
5 1.815 1.8114
6 0.15 0.1453
5 2.7525 2.6188
6 1.3425 1.3667
6 1.965 1.987
6 0.405 0.3884
4 2.3175 2.466
6 0.1575 0.1656
5 2.4525 2.5769
5 0.5175 0.4617
4 2.8575 2.8159
4 0.2025 0.1965
7 1.7775 2.008
7 0.0825 0.0346
6 1.5975 1.4942
4 2.9475 2.8448
6 1.9275 1.4794
7 2.73 2.8082
5 1.17 1.5018
6 0.1875 0.2084
4 0.9975 1.3705
4 2.28 1.7669
4 0.375 0.1878
6 1.2825 1.0788
6 0.7725 0.8648
6 2.5275 2.5021
7 2.685 2.7217
7 1.5075 1.2944
4 0.9825 1.0476
6 0.0825 0.0929
7 0.21 0.1451
5 0.5775 0.6426
5 2.4975 2.3026
6 1.0575 1.0735
6 2.4525 2.4493
6 0.0 0.0963
6 1.86 1.5134
7 2.1225 2.152
4 2.07 1.7684
4 0.795 0.8877
4 0.5625 0.6506
7 0.795 0.6578
4 1.17 0.8255
4 1.5825 1.423
7 1.2375 1.251
7 0.3825 0.2902
5 0.78 0.4831
5 0.99 1.3122
4 1.47 1.5835
5 2.4075 2.4601
6 2.5125 2.6075
6 2.1075 2.0208
7 1.4475 1.575
7 2.3175 2.3573
7 2.715 2.6181
4 2.085 2.1871
4 0.045 0.1351
5 2.595 2.4373
7 0.3975 0.4249
7 1.5525 1.4356
7 0.0675 0.1488
5 1.74 1.0507
6 0.165 0.0702
6 0.9825 1.0415
5 1.74 1.577
4 2.6625 2.5132
4 0.7425 1.5225
4 2.31 1.6688
5 1.59 1.3396
4 0.15 0.2093
7 1.7325 1.5247
4 2.3625 2.305
7 2.7525 2.8454
6 0.75 0.7248
4 1.7625 2.2642
6 0.3375 0.3713
5 2.5575 2.4413
7 1.5075 1.1186
7 2.6775 2.628
7 0.855 0.959
6 0.735 0.5752
4 2.4975 1.8679
4 0.72 0.5933
7 1.635 1.2273
5 2.1375 1.9622
4 2.3175 2.269
4 2.955 2.8152
4 1.14 1.952
6 2.1 2.1804
6 0.2175 0.2419
4 0.84 0.6449
4 1.83 0.9502
4 0.6225 0.7045
5 0.06 0.1263
7 0.2625 0.2893
4 2.22 2.038
6 1.0425 1.4985
5 2.0775 2.0269
4 2.9175 2.8511
6 1.005 1.0089
4 0.855 1.352
4 2.4825 2.1818
4 2.5425 2.5206
6 0.5175 0.5152
6 1.83 1.4783
7 1.3575 1.0407
6 1.0875 1.5517
5 1.9125 1.2239
7 2.01 1.5461
4 1.9575 1.9172
6 2.9175 2.9393
5 1.9125 2.1952
6 1.665 1.334
4 2.88 2.7259
6 1.335 1.6649
6 0.2775 0.2608
4 2.49 2.6465
4 0.96 1.575
7 0.0675 0.102
5 0.1875 0.1697
7 2.1225 2.1023
6 2.0625 1.8079
4 1.845 1.486
7 2.0625 1.9552
4 1.5375 1.3513
4 0.7575 0.9395
7 1.0275 1.3988
7 2.715 2.7169
4 1.0275 0.9588
4 2.61 2.4994
6 1.32 1.4364
4 1.3575 1.7901
4 1.68 1.3277
7 0.8775 1.004
5 1.755 1.7349
7 0.7425 0.8799
4 0.42 0.5896
4 1.365 1.5081
4 1.8075 1.7132
6 1.9275 1.9342
4 1.875 0.5848
4 1.665 2.0027
7 0.1125 0.1206
6 2.13 1.5636
5 2.445 2.3617
7 2.7675 2.8483
4 2.8275 2.9497
4 2.565 2.3689
6 2.115 1.8202
5 0.855 1.2563
4 0.885 1.0734
4 2.1825 2.0178
6 0.3375 0.2974
6 2.5575 2.5297
7 0.4125 0.3851
7 1.95 1.9649
4 2.985 2.895
6 1.8375 2.0009
7 1.935 1.5376
5 1.17 1.0772
5 1.35 1.6727
5 1.7175 2.132
5 0.9225 1.0183
4 0.105 0.1735
7 1.2225 1.2746
7 1.365 1.3705
7 2.34 2.2957
5 2.535 2.5965
4 2.865 2.983
5 0.855 1.3618
4 2.3325 1.1623
7 0.27 0.2935
4 1.83 1.7053
5 2.7375 2.8553
5 2.3625 2.3592
5 0.4575 0.3524
5 1.2075 1.3947
4 1.4325 1.5213
7 0.195 0.2221
6 2.7075 2.6258
6 1.5975 1.3184
4 1.8 1.017
7 1.2825 1.2104
6 2.1525 1.7868
4 1.515 1.8684
4 0.81 1.5679
7 2.7225 2.6685
4 1.635 2.3223
7 0.795 0.7005
7 1.9275 1.6205
6 1.4325 1.9856
6 1.68 1.5915
6 2.835 2.7991
5 2.445 2.5244
5 2.7675 2.829
6 1.0725 1.6537
6 2.2875 2.2096
4 1.74 1.8568
7 0.255 0.2412
4 0.3825 0.4818
6 1.5975 1.8821
7 2.445 2.4358
7 0.06 0.0852
7 2.865 2.8787
7 2.5575 2.5395
4 1.755 2.139
5 0.54 0.5347
4 2.1225 2.4888
5 1.14 1.7808
4 1.2225 1.9765
4 2.6325 2.6111
6 0.8025 1.2802
6 0.6525 0.8106
7 1.56 1.5641
5 2.2275 2.1984
4 1.0275 0.7884
5 1.95 1.6632
6 0.3225 0.2397
5 0.225 0.1651
7 1.905 1.8796
5 1.7325 1.5069
7 2.2575 2.1722
5 2.0175 1.9842
4 0.9375 1.0962
5 2.37 2.1467
4 0.1725 0.2616
5 1.8225 2.2366
6 0.93 1.1006
7 0.03 -0.0091
5 0.135 0.1506
7 0.3225 0.3129
6 1.0725 1.0435
7 2.8725 2.9387
4 1.7175 1.7996
4 1.32 1.1714
6 2.595 2.7052
6 2.0025 1.6354
5 0.585 0.5471
5 0.45 0.6303
6 2.025 1.7281
5 0.3825 0.4546
5 2.7225 2.6896
5 2.595 2.4604
5 0.0675 0.2011
4 1.1175 0.3929
7 0.6075 0.564
5 2.235 1.3493
5 2.9625 3.0197
4 2.355 2.1826
5 1.3725 1.1186
6 1.83 1.4826
6 2.8125 2.7994
5 1.59 1.6734
4 1.5825 0.4755
4 1.395 0.5018
7 1.8675 2.0632
4 1.1025 1.0649
7 1.44 1.3576
4 2.2425 1.4121
4 1.56 1.2305
7 2.5725 2.5043
5 1.02 0.8459
6 1.6425 1.7904
7 0.4575 0.4542
4 1.185 1.6789
4 0.54 0.5413
6 2.4 2.3533
7 1.83 2.0708
7 1.1175 1.567
4 0.855 0.7651
4 0.2925 0.5594
6 1.9125 1.425
7 2.565 2.5564
7 0.315 0.2107
5 1.5 2.2845
4 1.35 1.6139
7 2.8425 2.8648
4 2.8425 2.946
5 2.4975 2.5692
7 0.2175 0.2865
4 1.485 0.9691
7 1.815 1.6264
6 0.4875 0.3158
6 0.285 0.3083
5 0.21 0.1529
4 1.3275 1.6519
5 1.2975 1.8875
4 0.105 0.3171
6 0.3075 0.1849
5 1.71 1.3354
5 0.975 0.5685
6 2.37 2.3143
7 2.1675 1.9731
6 1.6725 1.334
6 0.9675 0.994
4 0.555 0.7906
4 2.7975 2.6537
6 1.6725 1.7208
7 0.555 0.5981
7 1.6575 1.4116
5 0.045 0.0498
4 1.41 1.8975
5 1.725 1.2102
6 0.345 0.3276
4 1.9725 1.9268
7 0.4275 0.4295
5 1.62 1.6449
6 2.76 2.7352
4 2.265 1.5238
7 2.175 2.2444
6 1.3125 0.9828
7 2.7375 2.7729
5 1.635 1.3139
6 0.06 0.0695
7 1.3875 1.483
7 2.5275 2.5456
5 2.685 2.7876
6 1.155 0.9296
5 1.755 1.4541
5 1.0125 0.9774
4 0.285 0.061
4 1.995 2.3773
6 0.2475 0.3014
4 1.9125 1.8462
5 1.4625 1.4445
5 1.9425 1.4549
4 0.5325 0.3842
7 0.69 0.6378
6 1.1925 1.1471
7 2.5125 2.5198
6 2.3775 2.3617
6 2.625 2.7051
7 1.305 1.0927
5 1.53 1.2403
5 0.0375 0.1331
6 2.7525 2.7922
4 0.18 0.3966
4 1.755 2.1745
4 0.2775 0.3964
6 0.6225 0.6971
7 1.8975 1.686
7 1.9725 1.7285
5 2.2875 2.1651
7 0.3075 0.2296
4 1.8525 2.212
5 1.8375 2.0745
4 1.4775 0.9063
4 2.595 2.7317
6 2.235 2.0581
5 0.975 1.0154
6 2.4225 2.2802
5 1.5675 0.9815
7 2.1975 2.1705
4 0.3225 0.3888
4 0.69 0.6169
4 2.07 1.3574
7 1.5 1.5204
5 2.685 2.7786
6 1.83 1.1002
4 1.4325 0.8472
5 0.72 0.8709
4 2.2425 2.0342
4 2.1525 1.7719
4 0.2775 0.2396
7 1.275 1.1432
5 2.4975 2.5125
7 2.355 2.3121
6 1.095 1.2722
5 2.3925 2.1115
6 1.545 1.957
7 0.51 0.536
7 1.0125 1.2528
7 1.47 1.2609
4 2.1525 2.0539
4 1.065 1.2138
5 2.3175 2.2165
4 0.6375 0.8896
7 2.1375 1.868
7 2.7525 2.8024
6 2.6025 2.5761
5 2.115 1.6787
6 1.02 1.503
4 0.69 1.1375
4 2.04 1.22
5 2.1975 2.1307
5 2.37 1.9839
5 2.715 2.822
4 2.7375 2.9939
7 0.72 0.6662
6 1.05 1.4098
6 1.815 1.2753
6 0.4575 0.6373
6 1.5825 1.4299
5 2.295 2.4938
5 1.47 2.1323
7 0.945 1.0452
5 0.6525 0.7067
4 2.1375 2.4426
6 0.135 0.0155
7 2.1075 2.0407
6 1.02 1.2582
5 0.6525 0.6507
7 1.71 1.817
7 0.48 0.4814
5 1.8975 1.7076
5 0.0675 0.0057
6 0.54 0.5411
5 0.42 0.3902
5 2.745 2.8293
7 0.4125 0.4434
4 0.84 1.0462
6 1.4325 1.0337
5 2.2875 2.237
4 0.75 1.42
7 1.9575 1.637
7 0.36 0.3125
4 0.5925 1.3099
4 0.795 0.5603
4 1.905 2.3251
7 0.045 -0.1007
4 0.8025 0.7996
7 1.4025 1.4617
5 1.7775 1.3222
4 2.175 2.5159
7 2.8875 2.9426
6 2.88 2.7971
4 1.62 1.6692
7 2.1975 2.3219
7 1.6725 1.511
7 2.1225 1.9536
7 0.7875 0.7982
5 1.3425 1.1358
7 1.575 1.4914
7 1.41 1.5011
4 1.3575 1.3162
7 2.685 2.8074
7 2.925 2.9284
6 2.8575 2.7933
6 0.3825 0.4592
4 1.305 1.9195
6 1.7475 1.4546
4 2.3925 1.4852
4 1.3425 0.788
5 0.57 0.6003
5 2.31 2.3802
5 2.7075 2.633
4 0.2625 0.5159
5 2.5875 2.6111
5 2.5875 2.6974
4 0.0975 0.1533
4 2.9925 2.8323
5 0.81 0.8896
4 1.2375 0.8977
4 2.1825 1.7795
4 1.1775 1.8474
4 1.905 2.0988
5 1.035 1.4993
6 0.015 0.0658
7 0.7875 0.6858
5 1.455 1.5755
5 1.5225 2.1892
4 2.91 2.9445
4 0.0225 0.2547
5 1.9725 1.9221
5 0.03 0.117
6 0.1275 0.005
7 1.26 1.2078
6 0.0075 0.0327
6 2.835 2.7878
4 2.76 2.7364
7 1.4025 1.4884
7 1.4325 1.3586
5 0.9375 1.2721
6 0.9375 1.0691
6 0.855 0.7638
6 1.9875 1.7176
4 1.3575 1.4003
5 0.87 0.8151
4 0.3375 0.4636
6 1.905 1.9982
6 2.595 2.5489
6 1.9575 1.3784
4 2.55 2.7505
4 2.49 2.5724
5 1.365 1.6081
6 2.3475 2.3008
5 2.025 1.7616
5 1.2375 1.3627
5 0.0975 0.207
6 0.0 0.0331
4 0.2775 0.4461
7 0.1275 0.0827
4 1.485 1.736
6 0.255 0.2529
6 0.6375 0.9726
4 1.7775 1.0637
7 0.06 0.0535
6 0.75 0.756
6 0.1725 0.1877
4 0.06 0.3311
7 2.4075 2.4391
5 2.61 2.5757
4 1.725 1.4194
5 2.8725 2.8809
7 0.585 0.6672
6 0.7875 0.8574
4 2.7375 2.526
7 0.8475 0.8857
7 1.0425 1.1325
5 1.7025 1.4322
7 2.3775 2.4076
5 0.705 0.7127
6 2.1225 2.1088
7 1.4925 1.4316
6 0.3225 0.3855
6 0.285 0.1829
7 1.3125 1.4434
7 1.2375 1.0312
5 0.1875 0.1807
6 1.8375 1.4327
7 0.3825 0.2609
4 0.24 0.2147
4 1.6125 1.2391
7 1.0125 1.1031
4 0.105 0.1869
5 2.4825 2.5712
6 2.445 2.422
6 0.6525 0.5778
6 0.9 1.0412
4 0.7425 1.0669
7 2.115 2.0427
6 1.815 1.8508
4 1.4925 0.7833
6 2.3475 2.3412
6 1.3875 1.1078
5 0.4425 0.3612
5 2.76 2.8448
7 1.2675 1.5253
4 2.67 2.5251
4 2.925 2.7677
4 2.775 1.7717
4 0.645 0.5785
4 2.9925 2.7817
6 2.01 2.1578
4 0.36 0.6565
4 0.795 1.4008
6 2.1375 2.2243
4 1.7325 2.5916
4 1.3275 1.1838
5 1.2225 1.6129
7 1.395 1.3508
7 1.47 1.5812
7 2.7375 2.7452
6 2.2125 2.3349
7 0.39 0.3301
4 0.5175 0.7166
5 0.0225 0.0124
4 1.26 1.6536
4 2.1225 2.121
4 2.5275 1.8904
5 1.1775 1.299
7 1.14 1.1409
5 0.585 0.6952
5 2.52 2.4271
7 2.6475 2.6888
6 0.99 0.9343
6 1.605 1.3915
4 1.53 1.4674
6 1.2675 1.1857
6 2.2275 2.3572
6 0.09 0.1229
6 0.7725 0.9124
5 1.005 1.8206
7 2.9775 2.8414
6 1.4775 1.5917
5 2.745 2.7437
6 1.6575 1.5961
6 0.645 0.5967
5 1.245 1.1399
7 1.425 1.4717
6 1.7325 1.7294
7 2.0325 1.8703
4 1.2825 1.6648
5 0.3675 0.4751
4 1.4025 1.6508
4 1.1625 1.0263
6 1.8375 1.8938
4 0.7575 1.634
4 1.32 1.8182
5 0.8475 0.5491
6 2.115 2.0169
6 1.8075 1.5382
6 2.3925 2.299
5 1.1175 1.3172
7 0.8925 1.2352
6 1.545 1.3793
5 2.7675 2.8464
6 0.2775 0.2564
4 1.185 2.353
6 0.0375 0.1927
4 0.7125 0.7406
4 0.9 1.22
6 1.965 2.09
4 0.75 0.7025
4 0.6225 0.6363
4 2.7075 2.3387
5 0.7425 0.9191
4 0.3975 0.2568
6 2.97 2.9852
6 1.3875 1.1004
7 2.97 2.984
7 1.4325 1.3709
5 2.8575 2.8611
4 2.3925 2.3563
4 1.275 0.9408
7 1.935 1.9374
7 2.49 2.4819
6 0.3 0.2597
6 2.34 2.1883
7 1.26 1.0844
6 2.85 2.8623
7 0.06 0.0519
6 0.3825 0.2931
6 2.7975 2.886
7 1.6275 1.791
4 2.175 1.7255
6 1.9275 1.9899
6 0.7125 0.871
5 2.865 2.918
7 2.28 2.2269
7 1.3875 1.3453
6 2.475 2.4791
6 2.055 1.7129
6 2.1975 2.0601
4 0.09 0.3177
6 0.6 0.7336
5 2.1825 2.0916
4 2.2275 2.3533
5 1.335 1.3221
6 0.12 0.1216
5 1.26 1.791
4 1.6425 2.0898
5 2.0625 1.9266
6 2.805 3.0117
4 0.48 0.6571
7 0.18 0.214
6 1.92 1.6463
5 1.395 1.5469
7 2.7675 2.7279
6 0.4875 0.4219
6 0.9825 1.2682
5 1.4475 1.565
6 0.255 0.2377
7 0.63 0.6798
5 2.775 2.8737
6 2.79 2.9037
5 1.3125 1.6616
6 1.4025 1.7411
4 2.0925 1.5854
7 0.525 0.4396
7 0.975 0.8234
6 2.175 1.6932
6 2.91 2.9094
5 0.6 0.7234
5 2.565 2.5888
