sigma2_stimulus 	 [inf, 2.0, 3.0, 4.0, 5.0, 6.0, 7.0, 8.0, 9.0, 10.0]
log_motor_var 	 [8.12501049041748]
sigma_logit 	 [-1.0, -2.0, -3.0, -4.0, -5.0, -6.0, -7.0, -8.0, -9.0, -10.0]
mixture_logit 	 [-5.160216331481934]
prior 	 [0.0024999999441206455, 0.0024999999441206455, 0.0024999999441206455, 0.0024999999441206455, 0.0024999999441206455, 0.0024999999441206455, 0.0024999999441206455, 0.0024999999441206455, 0.0024999999441206455, 0.0024999999441206455, 0.0024999999441206455, 0.0024999999441206455, 0.0024999999441206455, 0.0024999999441206455, 0.0024999999441206455, 0.0024999999441206455, 0.0024999999441206455, 0.0024999999441206455, 0.0024999999441206455, 0.0024999999441206455, 0.0024999999441206455, 0.0024999999441206455, 0.0024999999441206455, 0.0024999999441206455, 0.0024999999441206455, 0.0024999999441206455, 0.0024999999441206455, 0.0024999999441206455, 0.0024999999441206455, 0.0024999999441206455, 0.0024999999441206455, 0.0024999999441206455, 0.0024999999441206455, 0.0024999999441206455, 0.0024999999441206455, 0.0024999999441206455, 0.0024999999441206455, 0.0024999999441206455, 0.0024999999441206455, 0.0024999999441206455, 0.0024999999441206455, 0.0024999999441206455, 0.0024999999441206455, 0.0024999999441206455, 0.0024999999441206455, 0.0024999999441206455, 0.0024999999441206455, 0.0024999999441206455, 0.0024999999441206455, 0.0024999999441206455, 0.0024999999441206455, 0.0024999999441206455, 0.0024999999441206455, 0.0024999999441206455, 0.0024999999441206455, 0.0024999999441206455, 0.0024999999441206455, 0.0024999999441206455, 0.0024999999441206455, 0.0024999999441206455, 0.0024999999441206455, 0.0024999999441206455, 0.0024999999441206455, 0.0024999999441206455, 0.0024999999441206455, 0.0024999999441206455, 0.0024999999441206455, 0.0024999999441206455, 0.0024999999441206455, 0.0024999999441206455, 0.0024999999441206455, 0.0024999999441206455, 0.0024999999441206455, 0.0024999999441206455, 0.0024999999441206455, 0.0024999999441206455, 0.0024999999441206455, 0.0024999999441206455, 0.0024999999441206455, 0.0024999999441206455, 0.0024999999441206455, 0.0024999999441206455, 0.0024999999441206455, 0.0024999999441206455, 0.0024999999441206455, 0.0024999999441206455, 0.0024999999441206455, 0.0024999999441206455, 0.0024999999441206455, 0.0024999999441206455, 0.0024999999441206455, 0.0024999999441206455, 0.0024999999441206455, 0.0024999999441206455, 0.0024999999441206455, 0.0024999999441206455, 0.0024999999441206455, 0.0024999999441206455, 0.0024999999441206455, 0.0024999999441206455, 0.0024999999441206455, 0.0024999999441206455, 0.0024999999441206455, 0.0024999999441206455, 0.0024999999441206455, 0.0024999999441206455, 0.0024999999441206455, 0.0024999999441206455, 0.0024999999441206455, 0.0024999999441206455, 0.0024999999441206455, 0.0024999999441206455, 0.0024999999441206455, 0.0024999999441206455, 0.0024999999441206455, 0.0024999999441206455, 0.0024999999441206455, 0.0024999999441206455, 0.0024999999441206455, 0.0024999999441206455, 0.0024999999441206455, 0.0024999999441206455, 0.0024999999441206455, 0.0024999999441206455, 0.0024999999441206455, 0.0024999999441206455, 0.0024999999441206455, 0.0024999999441206455, 0.0024999999441206455, 0.0024999999441206455, 0.0024999999441206455, 0.0024999999441206455, 0.0024999999441206455, 0.0024999999441206455, 0.0024999999441206455, 0.0024999999441206455, 0.0024999999441206455, 0.0024999999441206455, 0.0024999999441206455, 0.0024999999441206455, 0.0024999999441206455, 0.0024999999441206455, 0.0024999999441206455, 0.0024999999441206455, 0.0024999999441206455, 0.0024999999441206455, 0.0024999999441206455, 0.0024999999441206455, 0.0024999999441206455, 0.0024999999441206455, 0.0024999999441206455, 0.0024999999441206455, 0.0024999999441206455, 0.0024999999441206455, 0.0024999999441206455, 0.0024999999441206455, 0.0024999999441206455, 0.0024999999441206455, 0.0024999999441206455, 0.0024999999441206455, 0.0024999999441206455, 0.0024999999441206455, 0.0024999999441206455, 0.0024999999441206455, 0.0024999999441206455, 0.0024999999441206455, 0.0024999999441206455, 0.0024999999441206455, 0.0024999999441206455, 0.0024999999441206455, 0.0024999999441206455, 0.0024999999441206455, 0.0024999999441206455, 0.0024999999441206455, 0.0024999999441206455, 0.0024999999441206455, 0.0024999999441206455, 0.0024999999441206455, 0.0024999999441206455, 0.0024999999441206455, 0.0024999999441206455, 0.0024999999441206455, 0.0024999999441206455, 0.0024999999441206455, 0.0024999999441206455, 0.0024999999441206455, 0.0024999999441206455, 0.0024999999441206455, 0.0024999999441206455, 0.0024999999441206455, 0.0024999999441206455, 0.0024999999441206455, 0.0024999999441206455, 0.0024999999441206455, 0.0024999999441206455, 0.0024999999441206455, 0.0024999999441206455, 0.0024999999441206455, 0.0024999999441206455, 0.0024999999441206455, 0.0024999999441206455, 0.0024999999441206455, 0.0024999999441206455, 0.0024999999441206455, 0.0024999999441206455, 0.0024999999441206455, 0.0024999999441206455, 0.0024999999441206455, 0.0024999999441206455, 0.0024999999441206455, 0.0024999999441206455, 0.0024999999441206455, 0.0024999999441206455, 0.0024999999441206455, 0.0024999999441206455, 0.0024999999441206455, 0.0024999999441206455, 0.0024999999441206455, 0.0024999999441206455, 0.0024999999441206455, 0.0024999999441206455, 0.0024999999441206455, 0.0024999999441206455, 0.0024999999441206455, 0.0024999999441206455, 0.0024999999441206455, 0.0024999999441206455, 0.0024999999441206455, 0.0024999999441206455, 0.0024999999441206455, 0.0024999999441206455, 0.0024999999441206455, 0.0024999999441206455, 0.0024999999441206455, 0.0024999999441206455, 0.0024999999441206455, 0.0024999999441206455, 0.0024999999441206455, 0.0024999999441206455, 0.0024999999441206455, 0.0024999999441206455, 0.0024999999441206455, 0.0024999999441206455, 0.0024999999441206455, 0.0024999999441206455, 0.0024999999441206455, 0.0024999999441206455, 0.0024999999441206455, 0.0024999999441206455, 0.0024999999441206455, 0.0024999999441206455, 0.0024999999441206455, 0.0024999999441206455, 0.0024999999441206455, 0.0024999999441206455, 0.0024999999441206455, 0.0024999999441206455, 0.0024999999441206455, 0.0024999999441206455, 0.0024999999441206455, 0.0024999999441206455, 0.0024999999441206455, 0.0024999999441206455, 0.0024999999441206455, 0.0024999999441206455, 0.0024999999441206455, 0.0024999999441206455, 0.0024999999441206455, 0.0024999999441206455, 0.0024999999441206455, 0.0024999999441206455, 0.0024999999441206455, 0.0024999999441206455, 0.0024999999441206455, 0.0024999999441206455, 0.0024999999441206455, 0.0024999999441206455, 0.0024999999441206455, 0.0024999999441206455, 0.0024999999441206455, 0.0024999999441206455, 0.0024999999441206455, 0.0024999999441206455, 0.0024999999441206455, 0.0024999999441206455, 0.0024999999441206455, 0.0024999999441206455, 0.0024999999441206455, 0.0024999999441206455, 0.0024999999441206455, 0.0024999999441206455, 0.0024999999441206455, 0.0024999999441206455, 0.0024999999441206455, 0.0024999999441206455, 0.0024999999441206455, 0.0024999999441206455, 0.0024999999441206455, 0.0024999999441206455, 0.0024999999441206455, 0.0024999999441206455, 0.0024999999441206455, 0.0024999999441206455, 0.0024999999441206455, 0.0024999999441206455, 0.0024999999441206455, 0.0024999999441206455, 0.0024999999441206455, 0.0024999999441206455, 0.0024999999441206455, 0.0024999999441206455, 0.0024999999441206455, 0.0024999999441206455, 0.0024999999441206455, 0.0024999999441206455, 0.0024999999441206455, 0.0024999999441206455, 0.0024999999441206455, 0.0024999999441206455, 0.0024999999441206455, 0.0024999999441206455, 0.0024999999441206455, 0.0024999999441206455, 0.0024999999441206455, 0.0024999999441206455, 0.0024999999441206455, 0.0024999999441206455, 0.0024999999441206455, 0.0024999999441206455, 0.0024999999441206455, 0.0024999999441206455, 0.0024999999441206455, 0.0024999999441206455, 0.0024999999441206455, 0.0024999999441206455, 0.0024999999441206455, 0.0024999999441206455, 0.0024999999441206455, 0.0024999999441206455, 0.0024999999441206455, 0.0024999999441206455, 0.0024999999441206455, 0.0024999999441206455, 0.0024999999441206455, 0.0024999999441206455, 0.0024999999441206455, 0.0024999999441206455, 0.0024999999441206455, 0.0024999999441206455, 0.0024999999441206455, 0.0024999999441206455, 0.0024999999441206455, 0.0024999999441206455, 0.0024999999441206455, 0.0024999999441206455, 0.0024999999441206455, 0.0024999999441206455, 0.0024999999441206455, 0.0024999999441206455, 0.0024999999441206455, 0.0024999999441206455, 0.0024999999441206455, 0.0024999999441206455, 0.0024999999441206455, 0.0024999999441206455, 0.0024999999441206455, 0.0024999999441206455, 0.0024999999441206455, 0.0024999999441206455, 0.0024999999441206455, 0.0024999999441206455, 0.0024999999441206455, 0.0024999999441206455, 0.0024999999441206455, 0.0024999999441206455, 0.0024999999441206455, 0.0024999999441206455, 0.0024999999441206455, 0.0024999999441206455, 0.0024999999441206455, 0.0024999999441206455, 0.0024999999441206455, 0.0024999999441206455, 0.0024999999441206455, 0.0024999999441206455, 0.0024999999441206455, 0.0024999999441206455, 0.0024999999441206455, 0.0024999999441206455, 0.0024999999441206455, 0.0024999999441206455, 0.0024999999441206455, 0.0024999999441206455, 0.0024999999441206455, 0.0024999999441206455, 0.0024999999441206455, 0.0024999999441206455, 0.0024999999441206455, 0.0024999999441206455, 0.0024999999441206455]
volume 	 [-8.611212730407715, -8.577630996704102, -8.544219017028809, -8.510974884033203, -8.477900505065918, -8.44499397277832, -8.412256240844727, -8.379687309265137, -8.347288131713867, -8.315056800842285, -8.28299331665039, -8.251100540161133, -8.219374656677246, -8.18781852722168, -8.156431198120117, -8.125212669372559, -8.094162940979004, -8.063282012939453, -8.03256893157959, -8.00202465057373, -7.971650123596191, -7.941443920135498, -7.911406517028809, -7.881537437438965, -7.851837635040283, -7.822306156158447, -7.792943477630615, -7.763750076293945, -7.734724998474121, -7.705869197845459, -7.677181243896484, -7.64866304397583, -7.620312690734863, -7.5921311378479, -7.564118385314941, -7.5362749099731445, -7.508600234985352, -7.481093406677246, -7.453756332397461, -7.4265875816345215, -7.399587154388428, -7.372756481170654, -7.346094131469727, -7.319599628448486, -7.293274879455566, -7.26711893081665, -7.24113130569458, -7.215312480926514, -7.189662456512451, -7.164181232452393, -7.138868808746338, -7.113724708557129, -7.088749885559082, -7.063943386077881, -7.039306163787842, -7.014837265014648, -6.990537643432617, -6.966405868530273, -6.942443370819092, -6.918649673461914, -6.895025253295898, -6.87156867980957, -6.848280906677246, -6.825162410736084, -6.802212238311768, -6.779430866241455, -6.756818771362305, -6.734375, -6.712100028991699, -6.689993858337402, -6.668056011199951, -6.646287441253662, -6.624687194824219, -6.6032562255859375, -6.581993579864502, -6.56089973449707, -6.539974689483643, -6.519218921661377, -6.498631000518799, -6.478212356567383, -6.4579620361328125, -6.437880992889404, -6.41796875, -6.398224830627441, -6.378649711608887, -6.359243869781494, -6.340006351470947, -6.320937633514404, -6.302037239074707, -6.283306121826172, -6.264743804931641, -6.246349811553955, -6.228124618530273, -6.210068702697754, -6.19218111038208, -6.17446231842041, -6.156912326812744, -6.139531135559082, -6.122318267822266, -6.105274677276611, -6.088399887084961, -6.071693420410156, -6.055156230926514, -6.038787364959717, -6.022587299346924, -6.006556034088135, -5.99069356918335, -5.974999904632568, -5.959475040435791, -5.944118499755859, -5.92893123626709, -5.913912296295166, -5.899062156677246, -5.884381294250488, -5.869868278503418, -5.855525016784668, -5.841350078582764, -5.827343463897705, -5.813506126403809, -5.799837112426758, -5.786337375640869, -5.773005962371826, -5.759843826293945, -5.74685001373291, -5.734025001525879, -5.721368312835693, -5.708881378173828, -5.69656229019165, -5.684412479400635, -5.672430992126465, -5.660618782043457, -5.648974895477295, -5.637499809265137, -5.626193523406982, -5.615056037902832, -5.6040873527526855, -5.593287467956543, -5.582655906677246, -5.572193622589111, -5.561899662017822, -5.551774978637695, -5.541818618774414, -5.532031059265137, -5.522412300109863, -5.512962341308594, -5.503681182861328, -5.494568347930908, -5.48562479019165, -5.4768500328063965, -5.468243598937988, -5.459805965423584, -5.451537132263184, -5.443437099456787, -5.4355058670043945, -5.427743434906006, -5.420149803161621, -5.41272497177124, -5.405468463897705, -5.398381233215332, -5.391462326049805, -5.384712219238281, -5.378130912780762, -5.371718406677246, -5.365474700927734, -5.359399795532227, -5.353493690490723, -5.3477559089660645, -5.342187404632568, -5.336787223815918, -5.3315558433532715, -5.326493740081787, -5.321599960327148, -5.316874980926514, -5.312318801879883, -5.307930946350098, -5.303712368011475, -5.299662113189697, -5.295781135559082, -5.2920684814453125, -5.288524627685547, -5.285149574279785, -5.281943321228027, -5.278905868530273, -5.276037216186523, -5.273337364196777, -5.270805835723877, -5.268443584442139, -5.266249656677246, -5.264225006103516, -5.262368679046631, -5.26068115234375, -5.259162425994873, -5.257812023162842, -5.256630897521973, -5.255618572235107, -5.254775047302246, -5.2540998458862305, -5.253593444824219, -5.253255844116211, -5.253087520599365, -5.253087520599365, -5.253255844116211, -5.253593444824219, -5.2540998458862305, -5.254775047302246, -5.255618572235107, -5.256630897521973, -5.257812023162842, -5.259162425994873, -5.26068115234375, -5.262368679046631, -5.264225006103516, -5.266249656677246, -5.268443584442139, -5.270805835723877, -5.273337364196777, -5.276037216186523, -5.278905868530273, -5.281943321228027, -5.285149574279785, -5.288524627685547, -5.2920684814453125, -5.295781135559082, -5.299662113189697, -5.303712368011475, -5.307930946350098, -5.312318801879883, -5.3168745040893555, -5.321599960327148, -5.326493263244629, -5.3315558433532715, -5.336787223815918, -5.342187404632568, -5.3477559089660645, -5.353493690490723, -5.359399795532227, -5.365474700927734, -5.371718406677246, -5.378130912780762, -5.384712219238281, -5.391462326049805, -5.398380756378174, -5.405468463897705, -5.41272497177124, -5.420149803161621, -5.427743434906006, -5.4355058670043945, -5.443437099456787, -5.451537132263184, -5.459805965423584, -5.468243598937988, -5.4768500328063965, -5.48562479019165, -5.494568347930908, -5.503681182861328, -5.512962341308594, -5.522412300109863, -5.532031059265137, -5.541818618774414, -5.551774501800537, -5.561899662017822, -5.572193622589111, -5.582655906677246, -5.593286991119385, -5.6040873527526855, -5.615056037902832, -5.626193523406982, -5.637499809265137, -5.648974895477295, -5.660618305206299, -5.672430992126465, -5.684412479400635, -5.69656229019165, -5.70888090133667, -5.721368312835693, -5.734024524688721, -5.746849536895752, -5.759843826293945, -5.773005962371826, -5.786337375640869, -5.799837112426758, -5.813506126403809, -5.827343463897705, -5.8413496017456055, -5.855525016784668, -5.869868278503418, -5.88438081741333, -5.899062156677246, -5.913912296295166, -5.92893123626709, -5.944118499755859, -5.959474563598633, -5.974999904632568, -5.99069356918335, -6.006555557250977, -6.022587299346924, -6.038787364959717, -6.0551557540893555, -6.071693420410156, -6.088399887084961, -6.105274677276611, -6.122318267822266, -6.139531135559082, -6.156912326812744, -6.17446231842041, -6.192180633544922, -6.210068702697754, -6.228124618530273, -6.246349334716797, -6.264743804931641, -6.283306121826172, -6.302037239074707, -6.320937156677246, -6.340006351470947, -6.359243392944336, -6.378649711608887, -6.398224353790283, -6.41796875, -6.437880992889404, -6.4579620361328125, -6.478212356567383, -6.498631000518799, -6.519218444824219, -6.539974689483643, -6.56089973449707, -6.581993579864502, -6.603255748748779, -6.624687671661377, -6.646287441253662, -6.668056011199951, -6.689992904663086, -6.712100028991699, -6.734374523162842, -6.7568182945251465, -6.779431343078613, -6.802212238311768, -6.825162410736084, -6.848280429840088, -6.87156867980957, -6.89502477645874, -6.918649673461914, -6.942442893981934, -6.966405868530273, -6.990537166595459, -7.01483678817749, -7.039306163787842, -7.063943386077881, -7.088749408721924, -7.113724231719971, -7.138868808746338, -7.164180755615234, -7.189661979675293, -7.215312480926514, -7.24113130569458, -7.267118453979492, -7.293274402618408, -7.319599628448486, -7.346093654632568, -7.372756004333496, -7.399588108062744, -7.4265875816345215, -7.453756332397461, -7.481093406677246, -7.508600234985352, -7.5362749099731445, -7.564118385314941, -7.592130661010742, -7.620312690734863, -7.648662090301514, -7.677180767059326, -7.705869197845459, -7.734724998474121, -7.763749599456787, -7.792943000793457, -7.822306156158447, -7.851837635040283, -7.881536960601807, -7.911406517028809, -7.941443920135498, -7.971649646759033, -8.00202465057373, -8.03256893157959, -8.063281059265137, -8.094161987304688, -8.125212669372559, -8.156431198120117, -8.18781852722168, -8.219374656677246, -8.251100540161133, -8.28299331665039, -8.315055847167969, -8.347286224365234, -8.379687309265137, -8.412256240844727, -8.444993019104004, -8.477900505065918, -8.510974884033203, -8.544218063354492, -8.577630043029785, -8.611212730407715]
loss_function_weights_cosine 	 [-1.0, 0.0, 0.0, 0.0, 0.0, 0.0, 0.0, 0.0, 0.0, 0.0]
loss_function_weights_sine 	 [0.0, 0.4000000059604645, -0.25999999046325684, 0.0, 0.0, 0.0, 0.0, 0.0, 0.0, 0.0]
=======
4 1.7175 1.6504
6 1.29 1.262
6 1.7325 1.7213
4 0.615 0.3655
5 2.4375 2.4935
6 2.4675 2.3099
7 1.9575 1.9263
7 0.48 0.6418
5 1.56 1.7753
5 0.9825 1.113
5 0.75 0.447
4 2.8575 2.7383
6 2.9925 2.7553
7 0.135 0.2487
7 2.58 2.4406
5 1.8075 1.7967
4 1.1475 1.0456
7 0.8475 0.8522
4 2.025 2.0667
5 1.3725 1.3154
7 2.055 2.1074
7 1.9875 1.8969
6 0.3975 0.4751
5 2.3025 2.6116
6 2.9475 2.7536
6 2.91 2.6992
4 1.8375 1.7656
5 0.135 0.4526
7 0.015 0.2349
6 0.405 0.4392
7 2.82 2.8093
4 0.9075 0.5717
5 1.095 1.0222
5 2.6925 2.6126
7 0.945 0.9194
4 1.65 1.7025
5 1.305 1.206
4 0.195 0.5358
6 1.755 1.7773
4 2.535 2.4536
4 0.4725 0.3176
4 0.675 0.695
5 1.2375 1.3304
4 0.1125 0.4508
7 1.4925 1.4462
5 2.4525 2.3784
7 1.9725 1.893
7 1.5975 1.6558
5 2.565 2.5855
5 0.45 0.3257
4 1.7025 1.9335
4 1.125 1.2016
6 1.8075 1.7784
7 0.3375 0.3031
5 2.325 2.6979
5 0.2925 0.2149
6 0.5025 0.4926
4 2.4225 2.6497
6 2.8425 2.7938
5 1.2975 1.3038
6 1.245 1.2123
6 0.735 0.4279
7 0.825 0.7338
4 1.8525 1.9722
5 0.5325 0.3019
7 0.36 0.2463
6 1.365 1.5391
5 0.495 0.3639
6 1.9425 1.9638
4 2.46 2.5398
5 2.3325 2.1407
4 1.44 1.5338
4 1.0425 1.0207
4 1.305 1.1742
6 0.015 0.1382
7 2.1375 2.1345
7 0.9975 0.9684
5 0.96 0.8893
4 0.24 0.3426
7 1.3425 1.2668
7 1.7475 1.8152
4 1.17 1.0081
7 2.61 2.6115
7 2.0175 2.2218
7 0.7275 0.6002
5 1.575 1.6047
6 2.73 2.803
6 1.56 1.4463
6 1.8075 1.8668
6 0.1875 0.2809
7 1.47 1.4672
6 1.3875 1.4824
5 1.2 1.2541
4 1.26 1.3869
4 1.755 1.9077
5 1.6125 1.553
4 1.47 1.4718
4 0.495 0.2735
4 1.3275 1.3287
5 2.9025 2.4757
6 1.245 1.2961
4 0.105 0.914
6 0.0075 0.3098
4 1.605 1.6506
5 0.15 0.3992
4 0.2775 0.7735
4 0.33 0.629
7 1.365 1.3782
7 2.9775 2.6038
5 1.455 1.4798
5 1.3725 1.3947
4 1.3125 1.4293
6 1.5 1.5076
5 1.3425 1.4158
6 2.175 2.082
7 2.6925 2.5646
6 2.0925 2.1025
7 1.2675 1.2865
5 1.95 1.9622
6 2.73 2.5963
6 0.4575 0.1576
5 0.7125 0.3071
4 1.86 1.7412
4 2.0625 1.9722
6 1.9275 1.8576
7 1.7625 1.7659
6 2.49 2.4828
5 1.44 1.4366
6 2.4225 2.3791
5 2.8875 2.12
5 1.305 1.4394
4 2.58 1.9217
5 2.1525 2.4952
7 2.6625 2.4759
4 0.135 0.4625
6 2.7375 2.6135
4 2.3025 2.6589
5 2.8875 2.6628
7 2.9475 2.6612
7 0.855 0.8809
4 2.01 1.9377
4 0.4275 0.3173
7 1.785 1.7277
7 2.76 2.8013
4 0.5775 0.2946
7 1.05 1.0459
6 0.24 0.3598
6 0.585 0.386
5 0.6225 0.2049
4 0.285 0.8567
6 2.9925 2.7946
5 2.6625 2.7126
7 1.395 1.3544
6 2.2275 2.498
5 2.085 2.1075
5 1.5675 1.6263
4 1.2675 1.028
7 1.995 2.029
6 1.665 1.6243
5 0.795 0.7576
6 1.095 1.0669
6 1.8825 1.9477
5 1.8825 1.9072
5 0.63 0.624
5 1.83 1.8014
5 2.625 2.6471
4 2.6175 2.5691
4 1.9575 2.0109
7 0.21 0.52
5 1.2675 0.7279
5 0.27 0.3136
5 0.165 0.7633
5 0.765 0.6386
7 1.3725 1.3131
5 2.28 2.6321
4 1.89 2.4955
5 0.8475 0.3703
5 2.085 2.2821
6 1.5225 1.5172
6 1.5225 1.5803
4 0.7875 0.4901
6 1.3275 1.3181
5 1.0275 1.0522
6 2.1825 2.333
5 1.4475 1.4298
7 1.3425 1.3522
5 1.4325 1.436
6 1.44 1.4593
4 2.07 2.2561
6 2.16 2.2002
7 2.4 2.4855
5 1.215 1.0456
5 2.3775 2.596
5 2.895 2.7994
5 2.9775 2.4842
5 2.16 2.3441
5 0.195 0.3123
5 2.5425 2.5144
5 2.5125 2.2132
4 0.0525 0.8278
4 0.9825 0.9989
4 0.9675 1.2358
7 2.22 2.1724
7 1.83 1.7598
6 0.8475 0.7679
5 0.5625 0.9358
6 0.5025 0.3091
5 0.285 0.2583
7 2.37 2.4955
5 2.805 2.5394
5 0.66 0.7828
6 2.235 2.3722
5 2.85 2.6093
6 0.5775 0.2329
7 1.7175 1.7487
5 1.32 1.288
5 2.925 2.5905
7 2.61 2.7109
7 0.045 0.2349
4 0.6075 0.5716
4 2.5425 2.6899
7 1.725 1.8675
7 1.5675 1.6439
5 2.43 2.5619
4 2.295 2.4452
5 2.865 2.697
5 0.9825 0.9462
6 0.1425 0.6763
6 2.0775 2.011
7 0.15 0.151
6 1.695 1.63
7 2.58 2.7941
4 1.1925 1.1903
5 1.8 1.8988
4 0.5175 0.57
5 0.4725 0.2696
5 1.815 1.8856
4 2.595 2.5963
5 2.9925 2.625
5 0.09 0.2685
7 2.76 2.4503
6 1.53 1.6048
4 1.05 1.0351
7 1.1925 1.1209
6 1.7325 1.7824
5 1.0425 1.0639
4 0.435 0.4018
4 2.595 2.6983
4 2.1225 2.3604
5 1.83 1.8729
6 2.1675 2.141
6 2.955 2.7399
7 0.525 0.3928
4 2.475 2.7135
5 2.4675 2.5583
4 1.0275 0.529
7 1.68 1.7111
7 1.3725 1.373
4 0.585 0.308
6 1.2975 1.2031
5 0.4575 0.3714
4 2.7975 2.709
5 0.5625 0.314
6 1.905 1.8979
4 1.71 1.6859
7 2.925 2.8107
5 2.3775 2.2998
5 1.08 1.1179
6 1.125 1.0581
5 0.15 0.2984
4 0.1575 0.4093
4 0.93 0.2954
6 2.85 2.38
6 0.15 0.3147
6 0.5325 0.3962
6 1.905 1.8652
4 1.08 0.7255
5 0.555 0.572
4 2.8425 2.6411
7 0.1275 0.3271
5 1.7925 2.0951
6 1.29 1.351
5 1.035 1.1026
5 0.585 0.7469
6 0.4875 0.2136
7 1.215 1.2314
7 2.2575 2.2727
4 1.4025 1.2403
5 2.3325 2.608
4 2.6325 2.6295
4 0.5175 0.4381
7 2.64 2.539
5 1.7475 1.9109
7 1.26 1.2303
7 1.5375 1.5545
5 2.67 2.7365
4 1.1775 1.2256
6 0.285 0.5889
7 2.88 2.7704
4 0.3525 0.2989
7 0.3225 0.1707
4 2.1675 2.1604
5 0.93 0.799
5 0.87 0.8828
6 1.95 1.9351
5 2.6775 2.5192
4 1.035 1.0943
4 2.7225 2.7648
4 1.86 1.8806
5 1.8225 1.7857
6 1.5975 1.5622
5 0.0375 0.5119
7 0.4725 0.6974
5 2.0325 2.3518
6 2.0775 2.178
7 0.2925 0.2641
6 1.9125 1.941
7 1.425 1.4577
7 1.7325 1.7491
6 1.2 1.1801
6 0.6525 0.4639
5 1.065 1.1315
5 2.91 2.7545
6 0.5625 0.3512
6 2.5875 2.7119
5 1.59 1.5995
5 0.225 0.3082
6 2.43 2.5408
6 0.0525 0.3342
5 2.5125 2.6636
5 1.0125 0.8162
7 2.7525 2.7701
6 2.1825 2.3322
4 1.0725 0.4971
6 1.875 1.9966
6 2.9625 2.6337
7 0.51 0.367
5 0.615 0.6594
4 0.87 0.9321
7 2.46 2.6074
4 0.7425 0.9446
6 0.7425 0.7483
5 1.845 1.854
7 1.755 1.7234
7 1.2525 1.2933
7 1.65 1.6675
4 0.09 0.8053
6 0.015 0.2245
5 0.0825 0.2553
6 0.165 0.3201
6 2.31 2.1672
7 2.94 2.8767
7 0.375 0.2968
7 1.155 1.1311
4 0.045 0.4088
7 1.305 1.3234
6 1.9875 2.0377
5 1.875 2.058
6 2.7075 2.8211
7 1.6575 1.6555
4 0.1575 0.3058
6 1.1325 1.2005
6 1.38 1.3635
7 1.005 1.1264
4 0.105 0.5887
4 1.8825 2.0271
6 1.47 1.3883
4 2.13 1.7625
5 1.095 1.1147
5 0.21 0.3681
7 0.795 0.7482
7 0.525 0.5777
7 1.38 1.2861
4 0.4575 0.3842
7 0.2325 0.2917
5 1.575 1.4738
4 0.42 0.4053
6 0.315 0.1597
6 0.36 0.2637
7 2.115 2.2024
4 2.4225 2.6712
7 2.43 2.3659
6 1.725 1.7618
7 1.905 2.0189
6 2.2575 2.2564
6 1.2825 1.1441
7 1.53 1.4694
4 2.1375 2.529
7 1.905 1.8833
5 1.83 1.6883
6 1.9425 2.0033
5 1.605 1.5395
7 0.645 0.6649
7 0.915 0.8633
4 2.0775 2.3675
4 1.26 1.2384
6 2.5725 2.6677
6 1.125 1.1315
4 2.01 2.0227
4 0.345 0.6069
5 0.9 0.8816
4 2.55 2.4296
6 0.525 0.5727
6 1.875 1.8557
5 0.0825 0.2467
6 1.83 1.9099
4 1.3575 1.4178
7 2.7 2.7143
5 2.475 2.7379
6 2.3175 2.187
6 1.0125 0.9034
7 2.01 2.1071
6 0.465 0.345
6 1.47 1.43
5 1.17 1.2071
6 1.41 1.4327
6 0.825 0.6867
5 0.6375 0.5072
7 1.56 1.6482
7 1.9575 2.0181
6 1.6875 1.6399
6 2.8575 2.8071
5 1.6725 1.656
6 0.45 0.5228
7 1.9275 1.9284
5 0.9525 0.9905
5 2.8125 2.7233
5 0.39 0.2401
7 1.3725 1.305
4 2.0175 1.9551
6 2.91 2.5736
7 1.5675 1.6436
6 1.14 1.1852
4 2.3325 2.5431
6 2.3625 2.6604
6 2.7375 2.8057
5 2.1675 2.233
7 0.3825 0.4266
4 2.9775 2.5512
6 2.79 2.7602
4 1.305 1.3403
6 1.98 2.058
5 2.505 2.6881
6 2.7525 2.5281
4 2.1675 2.6124
5 0.27 0.2765
5 0.2025 0.4174
5 1.1025 0.9055
6 1.365 1.3061
7 0.9375 0.8316
6 2.25 2.3285
4 2.2875 2.5627
5 1.2 1.2061
5 2.0925 2.41
6 0.5775 0.2641
4 2.8575 2.6122
4 0.7275 0.4484
5 0.465 0.2981
7 1.1475 1.2499
4 2.5875 2.5189
4 1.7925 1.9523
5 2.055 2.1373
4 2.4525 2.1891
7 1.155 1.1764
4 2.88 2.6309
7 2.9625 2.8001
6 1.605 1.562
7 2.25 2.2829
4 2.565 2.6616
7 1.7775 1.8
5 0.39 0.2992
7 1.9725 1.963
4 1.365 1.5597
7 2.565 2.6242
6 0.63 0.6568
7 0.0375 0.1299
5 0.54 0.3453
4 0.51 0.8361
6 1.155 1.2518
7 0.6225 0.4176
6 1.005 0.9248
6 1.77 1.7496
5 0.465 0.8434
4 1.455 1.3441
7 1.065 1.0521
5 0.015 0.3746
4 2.025 2.2528
7 1.5075 1.4618
5 2.325 2.2134
6 2.6325 2.6532
7 0.1425 0.2056
5 2.145 2.3221
4 1.38 1.5312
7 2.625 2.8109
7 0.345 0.3828
7 2.52 2.7489
4 1.29 1.1408
4 0.2775 0.4345
5 1.3875 1.2895
5 2.6325 2.7179
4 0.2175 0.395
6 1.1325 1.15
7 0.24 0.3051
5 0.0225 0.4191
5 2.4825 2.7574
7 1.65 1.5386
5 1.71 1.6368
6 2.7 2.7366
6 0.255 0.2591
5 2.835 2.5518
5 2.2575 2.0758
4 2.55 2.5189
5 2.445 2.5223
4 1.185 1.0549
7 0.0675 0.203
5 2.9925 2.6414
7 1.8975 1.857
5 2.1375 2.038
6 2.085 2.2452
5 0.9 0.9788
7 1.9725 1.8414
7 1.35 1.3933
5 0.6825 0.3371
5 1.5 1.6003
4 1.4025 1.5734
5 0.9075 0.8074
7 2.25 2.3269
5 2.73 2.7362
7 1.7925 1.8342
6 0.0675 0.4142
6 1.635 1.569
5 1.89 1.7926
7 2.445 2.2718
7 0.9075 0.9004
5 0.705 0.5837
6 1.1175 1.1766
7 0.48 0.5657
4 2.34 2.6458
5 0.0825 0.5533
7 1.695 1.677
4 2.4975 2.7249
6 0.0975 0.5449
5 0.495 0.4359
4 2.9775 2.5509
6 0.9225 0.8065
4 2.3025 2.6818
4 0.0825 0.3821
5 1.4025 1.3875
4 0.1275 0.3524
7 0.735 0.6785
6 0.0525 0.3184
5 2.04 2.3632
4 1.365 1.5095
5 1.0575 1.0438
6 1.26 1.2816
7 2.04 2.0653
4 0.78 0.2499
4 0.465 0.342
6 0.1275 0.2073
7 1.965 1.8897
4 1.995 2.0617
6 0.72 0.7444
7 1.545 1.5199
5 2.91 2.4935
6 1.4175 1.4272
5 2.295 2.6302
4 1.05 1.0046
7 1.6575 1.6775
7 2.3325 2.4331
5 2.0925 1.9985
5 1.7925 1.8225
5 0.885 0.9175
5 0.1725 0.3986
5 1.4475 1.479
4 2.1675 2.0946
4 1.08 0.9075
5 2.1825 2.5095
5 1.41 1.4624
4 0.21 0.4158
5 1.74 1.6907
7 1.65 1.689
4 0.9675 1.0077
4 0.6 0.6239
7 2.955 2.7462
6 1.755 1.7442
7 2.175 2.1881
4 0.1275 0.3558
7 2.1975 2.1964
7 0.4875 0.1933
4 1.4475 1.4093
5 1.1775 1.2478
7 1.17 1.1243
7 2.37 2.4099
6 0.6075 0.2995
6 2.835 2.7557
7 2.55 2.4881
5 1.4775 1.4861
5 2.625 2.6879
6 1.65 1.7438
7 2.7525 2.5174
4 1.4625 1.247
5 2.9325 2.7189
6 2.235 2.156
7 1.9725 2.0335
6 2.985 2.636
4 2.085 2.6198
5 0.735 0.8614
5 1.9425 1.8875
7 0.51 0.4405
4 1.215 1.1309
7 2.1075 2.0975
6 0.57 0.3277
7 1.2675 1.3064
6 0.69 0.5862
6 1.245 1.2667
6 0.6975 0.6155
4 2.1075 2.3253
4 2.505 2.4403
6 1.44 1.405
4 2.1375 2.4847
5 2.265 2.2088
4 2.4225 2.5748
6 2.4075 2.6586
7 1.9725 1.9805
5 2.2125 2.1911
6 2.19 2.1775
6 1.5675 1.5464
6 2.385 2.2431
4 0.57 0.7153
4 2.16 2.1766
6 1.9125 1.8457
7 1.62 1.5101
6 1.815 1.7833
6 2.7525 2.6988
4 2.37 2.295
5 2.07 2.0143
7 2.7 2.5202
7 2.6175 2.5866
5 0.9825 1.0375
6 2.58 2.7172
5 2.655 2.7407
7 1.7475 1.6801
6 2.775 2.7574
7 0.525 0.5468
4 2.4075 2.6388
7 0.7275 0.7627
4 1.2 1.0334
4 1.5225 1.5887
6 1.2675 1.3902
7 1.5525 1.564
4 0.2775 0.3305
5 0.18 0.2891
5 2.175 2.2985
6 0.81 0.6806
6 0.8325 0.8622
7 2.1 2.1292
5 2.2725 2.2917
7 1.605 1.7029
6 2.4525 2.6573
4 1.05 1.0363
7 2.67 2.7332
5 1.9125 1.8589
6 2.5425 2.6954
6 2.445 2.3482
5 2.1 2.0367
4 2.775 2.5603
5 2.265 2.679
4 1.35 1.3452
4 0.3525 0.6349
7 1.2075 1.324
4 1.845 2.1467
4 0.0675 0.6393
5 1.7925 1.6871
5 1.2225 1.146
4 1.425 1.6043
4 0.195 0.4371
4 0.2325 0.4061
7 1.9425 1.9851
6 0.81 0.7096
7 0.465 0.5095
5 2.6025 2.6398
6 0.1725 0.5102
7 2.1075 2.2184
5 2.4675 2.7162
6 2.6925 2.6731
7 1.98 1.9769
6 0.1575 0.2202
6 1.3125 1.3747
4 2.625 2.4971
7 1.23 1.1724
6 1.605 1.6025
6 2.2275 2.1811
6 1.7325 1.824
4 1.08 0.8595
4 1.7775 1.5976
6 1.395 1.4986
6 0.9975 1.0273
6 0.21 0.2477
6 0.78 0.8409
7 2.985 2.7905
7 0.8775 0.8343
5 1.0425 1.0876
5 2.94 2.2904
4 0.3075 0.4294
5 0.7575 0.3249
4 1.1325 1.1268
4 1.395 1.5762
5 1.215 1.0711
4 0.825 0.8789
4 0.45 0.6899
4 1.665 1.372
5 0.51 0.2697
5 0.0075 0.2487
6 2.28 2.5904
6 2.2875 2.2458
5 1.08 0.8469
4 2.6475 2.5171
5 0.48 0.257
4 2.7 1.9733
4 2.0475 2.2784
5 2.01 2.0383
5 0.15 0.5237
7 2.2875 2.3787
6 0.51 0.4378
6 1.605 1.6259
6 1.65 1.5137
6 0.18 0.5616
4 0.885 0.6725
6 2.76 2.7702
7 2.28 2.4554
5 0.9225 0.8683
6 2.9325 2.4884
5 0.2175 0.6002
7 1.9575 1.8066
4 2.4075 2.5806
5 2.5425 2.574
6 1.9425 2.046
5 2.22 2.5727
5 0.7425 0.6043
7 2.3475 2.2454
6 2.04 2.0258
6 1.725 1.5768
7 0.8025 0.8155
6 2.0175 2.0192
7 0.15 0.2438
6 1.5075 1.4786
5 1.9725 2.0314
4 1.0125 1.0847
6 1.8 1.8748
5 0.165 0.7922
7 1.005 1.0623
5 1.47 1.4158
7 2.4825 2.5951
6 1.6125 1.7826
7 2.79 2.6879
5 1.1175 1.1353
6 2.6775 2.7761
7 1.7475 1.717
5 1.41 1.5192
5 0.5475 0.3774
7 2.4825 2.5964
7 2.385 2.324
4 1.1625 1.2115
4 0.9675 0.9697
4 0.825 1.0117
6 1.02 0.927
7 0.27 0.2319
6 2.565 2.5395
4 1.305 1.4971
7 0.5325 0.4715
6 2.0475 1.9611
7 0.525 0.5879
5 2.64 2.5739
4 0.015 0.6257
5 1.6575 1.7292
5 1.92 2.0078
7 1.0275 1.0867
6 0.5775 0.3957
4 2.7 2.6025
6 1.7775 1.7441
4 2.085 2.1826
4 0.495 0.4341
7 0.03 0.4499
7 2.7225 2.4356
7 0.5625 0.5648
7 0.165 0.2451
7 2.3325 2.2794
6 1.7025 1.6149
5 0.0525 0.4121
5 1.6725 1.6793
6 1.53 1.5415
7 2.7675 2.7907
5 1.77 1.7479
6 0.45 0.3462
6 1.875 1.8536
6 2.4 2.4387
7 2.9025 2.8694
4 0.93 0.5641
6 1.7325 1.5553
7 0.1425 0.2189
5 2.865 2.5245
7 0.4275 0.1917
4 1.9575 1.9645
5 2.565 2.6776
4 1.44 1.4761
6 2.9325 2.6825
7 1.2225 1.3377
7 1.7025 1.6715
6 2.5575 2.6101
6 0.0525 0.2578
5 2.5875 2.4332
4 2.535 2.4009
4 0.495 0.4385
6 2.0925 2.0921
6 0.825 0.7915
7 0.5775 0.5837
6 1.53 1.5278
5 2.1375 2.2073
5 1.14 1.1622
4 1.02 0.5875
6 0.675 0.7398
4 1.725 1.8307
6 1.7475 1.7722
5 2.6025 2.6965
5 2.505 2.3797
5 0.0225 0.3225
7 0.4425 0.2012
7 0.3975 0.2731
7 0.8175 0.8533
6 2.2275 2.2482
5 1.47 1.3331
4 2.19 2.5582
4 2.5275 2.4893
7 1.11 1.016
5 0.0075 0.7508
7 0.6375 0.8429
6 1.8525 1.9484
6 1.7175 1.8291
7 0.615 0.4571
5 2.265 2.3153
6 0.09 0.5646
7 0.465 0.6488
5 1.5525 1.5496
7 1.815 1.915
7 2.7525 2.7817
5 1.155 1.1214
5 2.4375 2.5732
6 1.4175 1.4708
4 0.9075 1.098
7 2.8575 2.6655
7 1.485 1.5423
5 2.1225 2.1901
5 0.8775 0.6371
7 2.655 2.7097
4 1.4325 1.3316
5 0.1425 0.2963
5 0.2025 0.4099
5 1.0575 1.0122
5 1.2825 1.1879
5 0.33 0.4057
7 2.55 2.833
5 1.6725 1.717
6 2.8425 2.5609
4 1.95 2.0235
4 2.4 2.3712
5 0.51 0.3299
4 0.135 0.392
4 0.6825 1.0562
6 1.26 1.3018
4 0.15 0.6339
7 2.7825 2.5592
5 0.9 0.5213
5 2.3775 2.1665
6 0.135 0.2985
6 2.55 2.7464
6 0.9975 1.0333
5 1.545 1.6134
6 1.83 1.7717
7 1.83 1.8419
7 0.885 0.9937
4 0.765 0.2953
7 1.1625 1.2189
5 1.665 1.6971
7 0.0 0.1085
4 0.6825 0.4474
7 0.21 0.2569
7 2.4975 2.5425
6 2.1 2.1872
6 2.4975 2.7743
5 2.01 1.9467
5 0.105 0.3017
7 0.9825 1.0412
5 2.6475 2.338
7 1.4025 1.4598
7 0.9675 1.0313
5 0.4725 0.2097
7 2.7375 2.7216
5 0.285 0.2793
4 1.08 0.5199
6 0.945 0.8255
5 1.9125 1.8539
6 2.7375 2.6914
5 2.22 2.5782
7 2.895 2.7558
4 0.855 0.4829
5 2.235 2.2228
4 2.1375 2.1957
6 0.1575 0.4756
4 1.725 1.7641
5 2.6325 2.4274
5 0.09 0.2299
4 0.6825 0.8136
5 1.605 1.638
6 1.8225 1.7577
7 1.635 1.6989
4 2.6475 2.2458
5 1.14 1.214
7 1.9725 2.0301
5 1.635 1.6977
7 2.4675 2.5273
6 1.17 1.2015
4 2.76 2.0535
6 2.5425 2.7632
4 2.1675 2.6572
4 2.745 2.5806
6 1.9875 2.017
5 0.885 0.6485
7 2.88 2.7957
7 1.0575 0.873
6 1.0425 1.0701
7 1.8825 1.8581
6 1.5 1.5266
4 2.9925 2.7744
5 1.245 1.1723
5 2.7975 2.5689
6 1.35 1.2956
6 0.675 0.6377
4 1.605 1.6653
4 2.0175 2.2937
5 0.9 1.0406
5 1.7625 1.8693
6 1.3125 1.2815
4 0.0675 0.4807
6 0.195 0.3135
5 1.14 1.2143
6 2.1 2.2401
7 0.4725 0.3453
6 2.8875 2.64
7 1.0875 1.1512
6 0.3225 0.2469
7 0.5625 0.6709
6 2.76 2.8458
5 2.535 2.5532
6 1.9875 1.9349
4 0.1725 0.3667
5 1.9275 1.8601
4 0.0675 0.6752
5 0.705 0.518
7 0.2025 0.2087
6 2.01 2.0314
7 2.46 2.3986
4 0.7875 0.6005
5 2.985 2.6256
5 1.6275 1.7208
7 2.55 1.6884
4 0.5925 0.7504
6 2.3925 2.6776
5 1.89 1.8209
5 0.2325 0.3431
7 2.295 2.1557
5 2.295 2.5508
7 1.1325 1.144
7 0.795 0.8121
5 0.225 0.4485
5 1.8075 1.8743
4 0.9 0.764
4 0.6975 0.6339
4 1.35 1.5549
5 0.3825 0.3709
7 1.98 1.8814
4 0.975 1.0551
7 0.885 0.7327
7 1.2975 1.3488
5 1.305 1.2931
4 1.305 1.2529
5 0.765 0.4618
4 2.2575 2.2041
6 2.685 2.7056
4 1.695 1.4781
5 2.1675 2.5788
4 2.43 1.9904
7 0.855 1.0108
6 2.61 2.6234
5 1.71 1.8465
4 1.905 1.8964
7 1.6575 1.6437
5 2.655 2.611
6 1.4775 1.5869
4 2.13 2.4926
7 0.78 0.7551
5 0.48 0.7464
4 1.62 1.4968
4 2.475 2.5943
4 0.435 0.6256
6 2.175 2.1638
4 0.825 0.6037
7 0.3375 0.5688
5 2.43 2.5635
4 0.1725 0.6749
4 1.26 1.1869
5 1.965 1.7727
6 2.1075 2.1616
5 2.295 2.7382
5 0.3 0.2226
4 0.39 0.3536
6 0.915 0.947
6 2.5275 2.6486
7 2.685 2.7688
4 1.2675 1.2968
7 0.8475 0.792
7 1.845 1.8912
5 1.29 1.3994
7 0.06 0.3367
5 1.8225 1.8441
6 2.7825 2.6668
7 1.995 1.9464
6 2.175 2.1749
7 0.21 0.3008
7 1.8375 1.8837
4 2.82 2.7577
5 0.8175 0.8778
7 0.96 0.9141
5 0.75 0.2322
5 1.7925 1.8538
6 1.035 1.0369
7 2.55 2.6438
7 2.0325 1.9703
7 1.635 1.5604
4 2.2875 2.7236
6 0.6225 0.637
6 0.75 0.8756
4 1.2675 1.5175
5 1.185 1.1197
5 1.32 1.275
5 2.9625 2.7085
4 0.975 0.4113
6 2.5425 2.5278
4 2.4975 2.4846
4 0.9525 0.9825
5 1.1775 0.934
6 0.0675 0.5041
6 2.085 2.006
6 1.455 1.3924
6 0.51 0.3879
6 2.7075 2.7356
6 1.3425 1.2601
7 0.7275 0.579
4 1.425 1.4325
6 0.51 0.5639
6 0.72 0.7452
6 1.935 1.841
7 1.965 1.9336
6 0.315 0.5695
4 2.205 2.3834
4 2.3175 2.0743
6 1.6125 1.5849
5 1.83 1.7064
4 1.83 1.7107
4 2.325 2.6414
5 2.1375 2.3089
4 2.355 2.3527
7 1.5525 1.5922
5 1.4025 1.4872
7 0.42 0.4211
7 2.0175 2.0354
4 1.9275 2.2428
5 2.31 2.6716
7 1.9425 1.9311
5 1.485 1.4692
7 0.1725 0.1744
5 1.95 2.0505
7 2.025 2.0597
6 0.405 0.2574
7 0.705 0.7772
6 1.3875 1.5741
5 0.3525 0.3369
5 2.985 2.7909
5 0.2175 0.4072
6 2.1 2.0603
7 2.6175 2.574
5 0.18 0.331
4 1.44 1.3125
4 1.32 1.0876
7 2.9325 2.7045
7 2.88 2.7351
5 1.7475 1.8276
4 2.25 2.5205
4 2.6025 2.6071
4 0.3225 0.3103
7 0.33 0.2728
6 1.92 1.8544
7 2.7225 2.726
6 2.13 2.1514
5 2.7375 2.4784
7 0.495 0.6357
5 0.825 0.9023
6 0.57 0.4441
7 1.62 1.6118
7 2.8725 2.7079
4 0.6 0.7576
4 1.335 1.4889
7 1.4025 1.43
6 1.6425 1.7148
6 0.9 0.9897
7 1.3425 1.3775
6 0.0 0.3242
6 0.0075 0.2009
6 1.575 1.4249
5 0.315 0.549
6 1.83 1.7632
6 1.23 1.1397
5 1.2975 1.1655
7 0.8925 0.7915
4 2.5875 2.5196
7 1.035 1.0279
4 2.595 2.7294
7 0.195 0.5269
7 1.8975 1.8367
4 0.555 0.3486
5 2.775 2.5997
7 0.135 0.2137
4 2.4975 2.6343
6 2.3025 2.1415
6 1.1925 1.1557
4 0.195 0.5748
5 2.1225 2.0176
6 2.175 2.2929
7 2.3775 2.3517
5 2.04 1.9067
6 2.4675 2.5903
7 1.1925 1.15
6 1.9425 1.8777
6 2.7075 2.8249
5 0.8775 0.8432
7 0.6825 0.4247
6 0.9075 0.6957
6 0.0525 0.507
5 2.5275 2.538
7 0.525 0.6242
5 0.0225 0.3657
7 0.7875 0.7054
5 1.41 1.3553
6 2.7075 2.7345
7 1.05 1.0305
4 2.595 2.274
5 2.79 2.6451
6 2.9625 2.6668
7 1.755 1.7752
7 1.9725 1.9397
7 1.6575 1.6125
6 2.3625 2.3798
7 2.0625 2.063
5 0.3075 0.3253
7 1.23 1.3036
7 2.5575 2.6809
4 1.2675 1.0964
5 2.3625 2.5741
4 2.535 2.6122
7 2.3175 2.2404
7 2.1825 2.1972
6 0.9975 0.8916
5 1.5075 1.6329
5 2.5125 2.6675
5 1.305 1.3919
4 1.725 1.8041
5 0.15 0.4875
6 1.3125 1.2613
6 1.5 1.5192
5 0.4725 0.2667
7 1.1625 1.0646
4 0.2325 0.3865
4 2.9025 2.7029
6 0.42 0.5125
5 2.1525 2.3961
7 0.8025 0.8263
5 2.94 0.3139
4 2.58 2.4792
4 1.5975 1.758
5 0.7275 0.3993
7 0.285 0.4482
4 1.2825 1.15
4 1.005 1.2097
5 0.6375 0.7121
5 2.775 2.5413
6 1.8525 1.8849
7 0.3525 0.136
6 1.395 1.4495
6 0.9825 0.9117
4 2.3775 2.642
4 1.7175 1.4746
7 0.0525 0.3068
5 1.59 1.7793
6 1.44 1.3462
5 0.78 0.5781
7 1.3125 1.3503
7 0.78 0.8364
5 0.3975 0.2993
6 0.8925 0.8998
7 2.985 2.8883
7 0.18 0.4778
5 1.7175 1.6118
5 2.46 2.2162
7 2.595 2.6162
6 1.38 1.3275
7 2.1375 2.0731
5 1.425 1.3733
5 1.7025 1.5281
4 0.4575 0.5212
4 2.46 2.6934
7 2.4075 2.5162
5 0.8025 0.5222
4 1.8225 1.6591
4 0.6075 0.4746
6 2.37 2.3278
4 0.3975 0.603
7 0.5925 0.619
4 1.41 1.3956
4 0.9675 0.8859
5 1.32 1.5008
4 0.3675 0.4023
6 2.115 2.0959
7 0.48 0.6391
7 0.285 0.1345
4 1.62 1.9546
5 2.4825 2.6211
7 1.98 2.047
7 2.19 2.2843
4 0.78 0.9487
4 1.0875 0.9678
7 1.8 1.8581
7 0.9225 0.8971
4 1.1025 0.8263
5 2.3175 2.127
5 0.255 0.4273
6 1.9425 1.9593
4 0.885 0.8593
4 0.795 0.4519
4 2.43 2.2848
5 2.4675 2.5574
5 0.195 0.3279
6 0.2775 0.4009
5 1.08 1.0315
6 1.3275 1.3099
4 1.215 1.1783
5 1.935 1.9598
6 1.1175 1.0312
6 0.69 0.3592
7 2.925 2.7737
4 2.985 2.0
4 2.445 2.1726
5 2.535 2.5834
4 2.94 2.6091
6 2.355 2.6619
7 1.695 1.6459
5 0.15 0.3501
7 0.615 0.5648
6 1.7775 1.7796
6 1.4775 1.4497
6 2.5425 2.7173
4 0.0375 0.4028
4 1.2675 1.2978
4 0.2325 0.2705
5 0.84 0.9028
5 1.1325 1.1018
6 2.205 2.2179
6 2.265 2.2781
4 2.0925 2.0828
6 1.305 1.3099
6 1.5675 1.6088
5 2.2425 2.1963
4 2.085 2.5891
5 0.57 0.6777
6 2.5875 2.7827
4 2.4375 2.6779
7 2.175 2.3071
7 1.9425 2.0535
4 1.6275 1.4789
5 0.5475 0.539
6 0.225 0.3338
6 0.2625 0.348
7 0.12 0.2216
4 0.675 0.2992
7 2.985 2.8448
5 1.7325 1.6131
7 0.0 0.223
6 2.5125 2.6255
5 0.165 0.3696
7 1.2375 1.118
4 1.71 1.5438
7 0.825 0.8331
6 2.595 2.6845
7 1.38 1.3454
5 1.845 1.9598
6 2.685 2.787
7 0.9975 1.0891
5 2.3325 2.2212
6 2.265 2.2204
5 1.605 1.6619
6 0.9525 0.97
6 2.9775 2.8217
5 1.35 1.428
5 1.275 1.4073
6 1.8525 1.8169
5 0.705 0.6502
7 1.3875 1.3689
4 0.8325 0.3187
6 1.665 1.5279
5 0.42 0.3913
7 0.09 0.2146
6 2.085 1.9872
5 0.735 0.3586
6 0.0375 0.2459
6 0.4575 0.4129
6 2.385 2.3692
6 2.775 2.7337
6 2.88 2.826
7 1.2 1.2128
4 1.3575 1.3034
4 1.7925 2.0595
6 2.79 2.6992
7 2.235 2.3106
7 2.4975 2.4894
7 0.285 0.3029
4 1.635 1.7597
7 2.01 1.9567
7 0.735 0.7435
7 1.155 1.1397
6 0.225 0.3144
7 2.2725 2.2134
6 1.6425 1.6171
7 0.36 0.4862
7 2.265 2.3621
6 2.8425 2.3568
4 1.4325 1.5957
5 2.7075 2.5979
4 1.8075 1.9468
6 1.065 0.7939
7 1.395 1.4229
7 2.895 2.7993
5 2.61 2.4724
6 1.2975 1.3667
4 1.77 2.0004
7 1.005 1.0061
5 2.5425 2.7299
6 2.4825 2.5821
7 1.0125 0.9568
4 1.05 0.689
4 2.8425 2.428
5 1.635 1.5927
5 0.195 0.2904
6 0.42 0.3969
5 2.5875 2.5544
7 2.79 2.7197
6 0.3975 0.1575
6 2.5275 2.7393
7 0.2325 0.4133
7 0.9825 0.9152
6 1.3125 1.4525
7 2.67 2.7613
5 1.3575 1.382
6 1.14 1.0788
7 1.5525 1.5579
6 0.1875 0.3428
5 1.47 1.3989
5 0.705 0.2879
6 0.4725 0.252
4 0.1725 0.953
6 2.6775 2.3026
6 0.705 0.3552
7 2.025 2.0618
7 1.2 1.1829
6 1.1925 1.2013
4 2.4825 2.5598
5 0.7575 0.8232
6 1.3575 1.3682
4 1.3425 1.3096
5 2.3025 1.9355
5 2.7525 2.7456
6 1.17 1.0698
7 0.135 0.2596
7 0.21 0.2202
6 1.9725 2.0248
7 2.1375 2.2202
7 0.075 0.1814
6 2.925 2.8114
5 1.6425 1.5825
6 0.555 0.5586
7 0.06 0.208
5 1.1475 1.0058
7 0.5025 0.6151
7 2.745 2.7249
6 0.435 0.3799
6 2.0775 1.9486
5 1.32 1.462
7 2.775 2.8081
7 1.4475 1.5424
4 1.9425 1.8456
6 2.97 2.6082
5 1.1025 1.0143
7 1.5825 1.5129
6 1.3725 1.3804
6 2.2125 2.3672
7 0.7425 0.8331
6 0.2775 0.3343
5 2.3175 2.6583
7 1.83 1.7244
6 1.41 1.4556
4 1.335 1.4872
7 2.58 2.6488
4 0.9225 1.059
7 0.8175 0.7559
5 2.5275 2.7978
7 0.93 0.9368
4 2.4825 2.6431
5 0.165 0.445
4 0.9675 1.0776
5 0.9225 0.6083
5 2.535 2.6756
6 1.3275 1.2823
4 2.985 2.6617
6 2.2875 2.204
6 2.085 2.3313
5 1.035 0.5774
6 1.6125 1.658
7 1.68 1.6737
4 1.365 1.1767
4 0.33 0.3957
6 0.96 0.6952
6 1.5225 1.436
7 0.87 0.936
6 1.6875 1.6286
7 0.84 0.8501
5 2.49 2.6209
4 0.5775 0.3669
6 2.1225 2.1185
4 2.2425 2.6161
4 2.865 2.6467
5 2.3625 2.6139
4 1.56 1.4554
5 0.615 0.3802
4 0.135 0.5272
7 1.71 1.6754
6 2.5125 2.3063
4 1.9275 2.0929
6 1.7325 1.7287
6 2.745 2.4887
7 2.1675 2.2813
5 1.965 1.9029
5 2.64 2.5507
6 1.845 1.7623
6 2.8125 2.9006
6 0.03 0.3291
4 2.2725 2.3562
4 0.81 0.4231
4 2.9325 2.6537
6 2.6775 2.6812
7 2.445 2.7545
5 2.4975 2.6674
6 0.2775 0.2729
6 0.015 0.2571
7 1.1925 1.229
6 0.075 0.3264
7 2.9175 2.8941
4 0.255 0.677
4 0.9975 0.8955
4 0.825 0.802
7 1.605 1.6216
6 2.4525 2.7576
7 0.2025 0.2086
7 1.2525 1.2793
4 0.3675 0.5448
6 1.815 1.9728
5 1.6125 1.7148
7 0.3975 0.6378
4 2.0775 2.1792
5 0.51 0.328
5 0.4725 0.353
5 2.3325 2.5834
4 0.3975 0.5588
5 1.8225 1.8006
7 2.1675 2.1967
5 0.3225 0.2332
6 2.595 2.5538
6 0.9225 0.8734
5 1.7325 1.7853
4 1.14 1.1677
6 2.955 2.6648
5 2.685 2.7058
7 1.095 0.9676
6 0.9675 0.9516
4 2.7375 2.6506
5 2.6325 2.7011
6 2.46 2.7674
7 2.7375 2.7804
7 2.97 2.8327
5 0.7275 0.8486
4 2.8275 2.6206
7 1.7175 1.7088
7 1.56 1.5837
7 1.08 1.0906
5 2.415 2.0223
4 2.0775 2.4202
4 0.0375 0.4633
7 2.7225 2.8477
5 1.5 1.5478
7 0.72 0.4579
4 1.815 1.7641
4 1.2825 1.3671
6 1.0425 1.0596
5 1.1475 1.0959
6 2.8575 2.7186
7 0.585 0.5335
5 1.5675 1.463
4 1.3725 1.466
6 0.1725 0.3337
5 1.6275 1.648
7 1.6875 1.6613
4 2.07 2.1174
4 1.7475 1.8496
7 0.75 0.6741
5 0.315 0.3481
7 2.37 2.4111
7 2.5575 2.8221
5 0.8775 0.9211
7 1.14 1.1667
4 2.3325 2.6727
7 1.4475 1.4057
7 2.295 2.2865
7 2.7225 2.5409
7 1.2825 1.1748
5 2.8725 2.7447
4 0.8175 0.4739
5 0.5175 0.622
4 0.7275 0.4097
7 0.3675 0.5068
4 1.7925 1.7294
6 2.3925 2.3982
6 2.9625 2.6571
7 1.335 1.3719
7 2.4675 2.685
4 2.04 2.003
6 1.3275 1.3509
4 0.93 0.6278
4 1.2075 1.1157
6 2.445 2.4713
4 0.8775 0.6693
6 0.6975 0.5398
4 0.6075 0.3243
7 1.0575 0.9664
6 0.4875 0.5831
4 0.8025 0.4701
7 0.045 0.218
5 2.37 2.4226
7 0.96 0.8801
4 0.99 0.8127
5 0.8325 0.4889
4 0.3075 0.4692
5 0.9675 0.989
6 1.395 1.3346
7 2.88 2.7923
4 0.9675 0.7176
4 1.245 1.1027
6 1.2 1.1514
5 1.395 1.4342
4 1.8525 1.8872
5 2.0025 2.0166
6 0.93 0.8559
4 1.185 1.196
4 1.9575 2.0316
4 2.295 2.3915
5 0.87 0.7935
4 0.0825 0.6804
6 2.9475 2.6316
4 1.785 1.8195
4 1.5675 1.4669
6 1.125 1.0632
6 2.2725 2.2826
6 1.1475 1.023
4 2.9325 2.4821
4 1.08 1.2507
4 2.8275 2.5704
4 0.105 0.3447
5 1.1475 1.1512
4 1.35 1.1216
5 1.5 1.5325
7 0.48 0.2286
5 2.16 2.55
7 0.45 0.3788
6 0.4275 0.2934
7 2.7 2.7455
4 1.3125 1.4124
6 2.625 2.6634
5 1.0725 0.9748
5 2.6775 2.4419
7 0.255 0.2215
6 2.7525 2.4209
4 2.91 2.3729
7 1.9725 2.0605
6 0.5925 0.421
6 2.8875 2.681
5 0.81 0.7783
6 1.7175 1.6011
5 1.41 1.5553
6 2.865 2.7799
4 1.89 1.7237
4 2.4225 2.3637
5 1.23 1.3181
5 0.795 0.7911
5 1.005 1.461
5 1.7325 1.7362
5 2.2875 2.4581
7 2.2575 2.3144
7 2.6175 2.7925
7 1.725 1.6722
6 1.6575 1.5853
7 1.2825 1.3623
5 0.885 0.8162
7 2.235 2.3038
6 0.24 0.2863
6 1.9425 1.945
4 0.5175 0.8036
4 0.15 0.4172
5 1.53 1.5054
7 2.1975 2.2144
5 1.53 1.3914
6 2.7075 2.7373
4 2.475 2.5965
6 2.145 2.2446
7 2.1525 2.0616
7 2.4825 2.4255
6 1.0725 1.1919
5 2.355 2.2684
5 0.0825 0.6079
6 2.985 2.7112
5 0.525 0.8203
4 1.215 1.2446
6 1.095 1.0921
6 0.885 0.9433
7 0.27 0.1806
6 2.82 2.3112
7 2.82 2.7267
7 2.7825 2.5799
7 1.83 1.8779
6 0.51 0.4151
4 1.8975 1.9864
5 2.7075 2.4608
4 0.9975 1.0062
4 0.2475 0.3158
6 2.0775 1.8958
4 2.355 2.6046
5 1.2675 1.1657
6 1.71 1.577
6 2.0775 2.3836
5 1.5675 1.4959
4 2.655 2.6481
4 0.78 0.7201
6 0.555 0.461
7 2.1825 2.1122
7 2.6775 2.6766
6 2.88 2.752
7 0.42 0.2221
5 1.1175 1.0843
6 0.69 0.3202
5 1.6425 1.642
6 0.8325 0.7463
5 2.0925 2.132
5 1.4325 2.4795
5 2.2725 2.296
5 1.905 2.1124
7 2.79 2.8249
5 1.035 1.0377
6 2.16 0.7126
6 1.71 1.7583
7 1.4775 1.5794
6 0.825 0.6805
7 1.155 1.1599
7 2.4225 2.3702
5 2.025 1.9951
7 2.0025 1.9732
5 1.9725 1.9647
7 1.2075 1.2684
5 2.3625 2.5419
7 2.2125 2.1321
6 2.61 2.7689
5 2.3475 2.7503
6 1.755 1.8106
6 2.235 2.431
5 0.225 0.2935
5 2.85 2.6746
5 1.1475 1.0581
5 0.51 0.2763
7 0.15 0.3766
7 2.0175 2.0991
7 0.6075 0.625
5 2.22 2.2419
4 0.9825 0.8251
5 1.1925 1.12
5 1.0875 1.0829
4 2.3025 2.6402
5 2.9925 2.7039
7 2.745 2.6782
6 0.225 0.4742
6 0.36 0.5114
5 1.7475 1.6747
7 2.4825 2.6259
4 2.4675 2.4587
4 1.965 2.6161
6 2.5575 2.4485
6 1.785 1.8125
5 1.5225 1.6164
5 0.06 0.2665
5 2.475 2.6984
6 0.555 0.3158
6 1.005 0.8706
7 1.74 1.6986
7 0.8775 0.8038
7 2.85 2.73
5 2.9625 2.6035
4 0.315 0.3334
5 2.4675 2.3257
7 1.0875 1.0409
6 1.0725 1.0924
7 1.095 1.0384
5 2.6475 2.4497
6 0.7875 0.4523
7 2.7 2.5777
6 2.1375 2.2687
5 0.645 0.4813
6 0.045 0.3698
4 1.9425 1.938
5 1.77 1.7684
5 0.5175 0.3936
7 0.315 0.354
5 2.865 2.7536
5 1.3425 1.2777
6 2.31 2.3353
5 0.06 0.457
5 0.81 0.3815
6 1.2975 1.2521
5 1.08 1.1431
6 1.845 1.8701
7 2.82 2.7023
6 1.5525 1.4632
7 2.7675 2.8478
7 1.6425 1.5784
6 2.355 2.5415
5 0.6375 0.7517
4 1.245 1.3088
6 1.665 1.6748
5 0.2175 0.4003
6 2.3625 2.6183
7 0.615 0.272
6 2.8875 2.7524
5 0.4575 0.577
4 1.68 1.6017
7 2.82 2.8163
6 1.7475 1.7163
6 1.395 1.2827
7 2.4375 2.4066
5 1.4025 1.3171
5 1.65 1.6966
7 2.4525 2.6134
5 0.42 0.3616
5 0.6675 0.5502
5 0.06 0.3138
6 1.905 1.9279
4 2.4825 2.1359
4 1.8375 2.0501
7 1.5675 1.5251
6 2.1525 2.0548
5 0.0 0.3899
6 0.21 0.4004
5 0.765 0.4337
5 0.735 0.7926
7 0.3525 0.2916
5 2.9925 2.7134
5 1.995 2.1386
5 2.1225 2.2059
4 2.31 1.9383
5 0.06 0.5512
5 0.3225 0.273
6 0.1425 0.438
5 2.7975 2.6907
7 2.52 2.7611
4 2.2875 2.5137
5 1.5675 1.5368
5 2.88 2.6524
6 2.0475 1.9863
5 0.1575 0.3386
6 1.515 1.4577
7 1.1775 1.2175
5 0.6675 0.6965
4 2.9475 1.9148
5 1.3875 1.317
7 2.31 2.4414
6 0.2775 0.7049
5 0.78 0.5976
5 0.1125 0.2915
7 2.1075 1.9525
6 2.3475 2.2464
5 1.095 1.0038
5 2.67 2.4755
4 1.4625 1.5698
4 1.8375 1.9847
4 0.585 0.4379
4 0.2325 0.5538
5 2.6325 2.6925
4 2.835 2.699
6 0.4425 0.2415
7 0.465 0.1479
6 1.2225 1.1544
7 2.28 2.2989
6 1.4775 1.522
5 2.8425 2.5724
4 1.9575 2.0871
6 1.395 1.2077
6 0.075 0.2297
4 2.265 2.5528
4 1.605 1.8221
5 2.7825 2.7046
5 0.5475 0.5999
5 0.6825 0.482
6 1.815 1.9235
4 1.395 1.3895
4 2.2875 2.3529
7 0.5925 0.543
7 1.08 1.0025
7 2.1825 2.2987
5 2.5875 2.5886
4 1.605 1.5306
5 2.0625 1.8517
7 0.39 0.2351
4 1.485 1.6385
7 0.075 0.3402
6 0.645 0.4872
6 2.4225 2.4842
4 1.2525 1.1492
6 0.5025 0.4769
5 1.26 1.0785
5 1.2075 1.0369
5 2.4825 2.5581
6 0.5925 0.8434
4 1.4025 1.3691
5 2.745 2.5776
7 1.5075 1.6475
6 1.53 1.6409
6 1.38 1.3437
5 0.525 0.6947
4 0.3075 0.295
4 2.175 1.7919
6 0.6075 0.8897
4 2.7975 2.5875
7 2.73 2.888
7 1.6125 1.6715
4 0.8025 0.5655
6 2.4225 2.4133
4 2.82 2.5612
4 2.775 2.5753
6 1.5675 1.6391
5 1.8525 1.8079
7 1.0575 1.1225
4 0.3375 0.3445
7 0.4725 0.1785
5 0.15 0.3876
7 1.8075 1.8175
6 0.42 0.2457
6 2.505 2.6915
7 1.53 1.5025
4 0.675 0.3554
7 1.1775 1.2092
4 1.245 1.2688
5 1.8375 1.8254
5 2.0775 2.2225
4 0.42 0.4269
6 1.4775 1.4328
7 2.025 2.0809
7 2.7525 2.6051
6 2.4375 2.716
4 0.0075 0.4023
5 1.815 1.929
4 0.36 0.4519
7 1.6725 1.5864
4 2.91 2.6299
7 0.675 0.7236
5 1.14 1.0458
7 0.8775 0.8502
5 1.2675 1.1274
7 0.3525 0.4195
5 0.9375 0.7319
4 0.705 0.8649
5 0.24 0.3247
4 0.18 0.3962
5 0.81 0.5167
6 2.145 2.0149
5 0.03 0.5529
7 2.4975 2.5898
6 1.32 1.4251
4 2.355 2.3322
4 0.6075 0.4226
7 2.1675 2.0665
4 0.03 0.7663
5 0.555 0.3297
5 2.7975 2.5269
4 1.515 1.3962
6 1.62 1.5666
7 0.825 0.7616
7 0.2025 0.0733
6 0.1725 0.5501
5 0.0225 0.2665
5 2.19 2.0682
4 1.4925 1.5022
4 1.14 1.3117
6 0.825 0.9747
7 2.985 2.7887
4 0.2025 0.3322
6 0.6225 0.3417
5 1.1775 1.09
4 2.025 2.1799
6 2.1375 2.0015
4 2.9175 2.3802
7 1.7175 1.7628
6 1.0575 1.0153
5 2.07 1.9727
4 1.1475 1.0798
7 1.335 1.2969
6 2.355 2.4069
4 2.55 2.1875
6 1.815 1.7986
4 0.375 0.6628
6 1.92 1.8643
7 2.4 2.4072
6 2.4225 2.3639
4 1.3125 1.1851
4 1.56 1.6718
7 1.1175 1.1114
5 0.0 0.3545
7 1.44 1.4499
4 1.2375 1.1042
7 0.765 0.7689
5 2.1075 2.3389
5 0.645 0.4638
6 1.95 1.9906
4 0.15 0.5325
6 1.59 1.6011
5 0.915 0.8816
5 2.865 2.629
4 1.0275 1.0499
5 1.38 1.2841
4 0.375 0.3515
6 2.61 2.6806
7 1.17 1.1787
6 1.8075 1.7979
7 2.34 2.3986
4 1.1925 1.2822
5 0.0375 0.3302
5 2.5275 2.5631
7 0.6225 0.5668
7 2.9625 2.7125
6 0.51 0.4068
7 0.3075 0.2639
4 1.9125 2.2966
7 0.225 0.268
6 1.5 1.487
7 2.61 2.828
7 2.955 2.7002
7 0.6 0.3397
7 2.6325 2.5929
5 2.8725 2.688
5 1.3725 1.4413
6 1.32 1.4436
6 0.5325 0.5377
6 0.8325 0.8608
4 1.8225 1.8583
4 1.215 1.3742
5 2.865 2.698
6 1.17 1.1436
6 0.4875 0.6352
4 0.8475 0.5575
7 2.91 2.6294
6 0.315 0.4702
7 0.7275 0.704
7 1.98 1.8627
5 2.4525 2.5377
5 0.705 0.8016
7 0.4725 0.1664
4 1.3275 1.631
6 0.9825 0.9185
4 1.2225 0.979
5 0.9225 0.847
7 1.725 1.7759
7 1.35 1.3798
5 0.42 0.4526
7 1.0875 1.0163
7 1.7175 1.6414
5 1.3275 1.4039
7 1.4625 1.4406
7 1.98 2.0749
4 2.8125 2.504
5 2.205 2.3031
7 0.8775 0.8339
5 1.8225 1.8423
6 1.8675 1.8581
4 0.4425 0.4206
4 2.205 2.6313
4 2.67 2.5515
7 2.6325 2.6999
5 2.2275 2.6405
7 2.0775 2.0466
5 1.7925 1.8147
6 0.495 0.6928
7 1.98 1.8429
4 0.12 0.3706
7 0.4125 0.2896
6 0.225 0.2588
4 0.915 0.725
4 0.5925 0.4404
5 2.4825 2.7136
6 1.6725 1.7306
4 0.7125 0.3736
5 1.215 1.2025
5 2.5125 2.5846
7 2.6325 2.8185
7 2.2875 2.4117
6 1.3425 1.3923
7 0.99 1.0804
4 2.73 2.3271
5 2.8575 2.6672
6 2.25 2.4253
6 1.3725 1.2813
4 2.16 2.401
5 1.0275 0.9226
6 0.5325 0.4226
6 0.5475 0.4862
7 1.3575 1.4041
5 2.9625 2.5827
5 1.7025 1.7436
4 2.3925 2.2102
7 2.52 2.7287
5 2.9475 2.5319
7 2.8125 2.7161
7 0.4575 0.4574
4 0.9225 0.6314
4 0.405 0.3809
7 1.86 1.7875
4 2.775 2.6212
5 1.2825 1.324
6 2.985 2.6528
7 0.8175 0.7033
7 2.01 1.9401
4 1.1625 1.1578
5 1.59 1.6229
7 2.6925 2.8106
4 2.2875 2.6264
7 0.21 0.231
4 2.34 2.5571
7 2.7225 2.8815
7 2.2125 2.2975
6 2.19 2.1507
7 2.79 1.2135
4 1.815 1.8663
5 2.58 2.4756
4 0.315 0.4402
4 0.285 0.2889
5 0.5775 0.8738
6 0.5475 0.3
7 2.595 2.8276
4 2.445 2.208
6 0.2025 0.3706
4 2.8125 2.5652
4 2.1375 2.0699
4 0.975 0.8449
6 2.535 2.6285
4 1.68 1.7485
5 0.6675 0.5548
6 1.02 1.1046
5 1.515 1.4899
5 1.02 0.8644
7 2.3175 2.4529
6 1.905 1.8579
7 0.825 0.8264
7 2.985 2.5889
6 0.825 0.7571
5 1.1025 0.9872
6 1.5075 1.4188
6 2.5275 2.7589
7 2.3325 2.5143
7 2.1075 2.0538
4 1.605 1.5764
6 1.0725 1.1327
7 0.705 0.5381
6 0.9 0.9194
4 1.6425 1.6664
6 0.12 0.3717
6 2.295 2.1764
7 2.4225 2.4872
7 0.7875 0.8448
5 1.3725 1.3541
7 2.8875 2.72
5 0.525 0.6866
6 1.215 1.1766
6 1.0875 1.0196
6 1.74 1.6333
5 2.8725 2.7501
5 0.6825 0.5148
4 1.5075 1.3229
5 2.775 2.3303
6 1.86 1.8977
4 1.14 1.1636
6 0.4575 0.4535
5 0.69 0.3511
5 1.935 2.0707
7 2.0925 2.051
6 1.71 1.718
6 2.2875 2.0831
4 0.0675 0.8804
4 2.1525 2.611
6 2.76 2.7817
4 1.74 1.6823
7 1.275 1.3168
7 0.0375 0.2312
4 0.66 0.6338
7 0.9975 1.1624
7 0.48 0.3506
4 2.6475 2.6192
5 2.82 2.7691
5 0.585 0.394
4 2.6025 2.6494
6 0.15 0.4285
6 2.295 2.2006
5 2.4825 2.7159
6 1.2375 1.2699
4 2.3175 2.5509
4 0.975 0.6691
4 1.3875 1.3916
5 1.1025 0.8732
5 2.6325 2.5603
7 1.9575 1.9482
6 2.4675 2.3627
7 2.9925 2.7403
7 1.17 1.1483
5 1.7925 1.7345
6 2.0775 2.3186
5 2.2275 2.1079
4 0.5625 0.3555
6 0.3375 0.2442
5 1.545 1.6128
4 1.455 1.3843
7 2.0475 2.004
4 0.69 0.3679
7 2.265 2.3276
4 1.2075 1.2246
5 0.06 0.4992
4 1.59 1.5542
7 0.93 0.9829
4 0.2475 0.2635
7 2.1075 2.1244
4 2.7825 2.5531
5 0.4725 0.6138
7 1.4325 1.366
5 0.18 0.3256
4 1.41 1.3024
7 0.1275 0.1637
4 1.455 1.5101
4 0.585 0.4118
5 0.84 0.5721
5 0.5775 0.4029
6 2.6775 2.752
4 1.5225 1.4781
4 1.44 1.7059
5 1.5 1.6215
7 2.6925 2.7531
4 0.6675 1.0218
4 0.6075 0.4347
5 0.5625 0.4036
6 2.505 2.4009
6 1.71 1.7394
5 0.495 0.4315
6 0.1275 0.3769
5 0.225 0.3777
5 2.0325 2.4661
4 2.52 2.3637
5 0.825 0.791
4 0.7875 0.2799
6 2.22 2.3527
7 1.6275 1.5111
7 2.355 2.5267
4 0.9975 1.19
6 2.4 2.2674
4 0.6075 0.3461
5 1.5375 1.4966
5 2.745 2.5764
7 1.725 1.712
4 1.185 1.3858
5 1.485 1.4895
6 2.805 2.6923
7 0.7125 0.6606
5 2.9775 2.6359
4 1.9575 2.14
4 0.405 0.7778
5 0.7275 0.772
7 0.81 0.84
7 0.4425 0.365
5 0.2325 0.3465
4 0.3225 0.311
6 1.2 1.0841
6 1.05 1.2408
6 1.2375 1.1635
5 0.1875 0.3462
7 2.22 2.2386
6 1.4025 1.3391
5 0.0375 0.3663
6 1.26 1.2171
5 1.725 1.6898
6 0.5025 0.6262
4 2.805 2.4014
5 0.135 0.4728
5 0.735 0.8303
7 0.69 0.4552
6 1.5225 1.5439
4 0.0675 0.3402
7 0.345 0.2801
5 0.6225 0.5699
4 0.6225 0.501
4 1.7175 1.7191
7 2.7075 2.4237
5 0.6675 0.6896
6 1.5375 1.5754
5 2.34 2.2429
4 2.0625 2.5212
4 1.3275 1.3129
6 0.8025 0.784
5 0.795 0.5296
7 2.745 2.8486
4 1.6425 1.6011
6 0.6375 0.5959
5 2.19 2.1758
6 1.0275 0.9693
5 0.24 0.4739
6 0.4425 0.3482
5 1.6125 1.6025
4 0.5325 0.4189
6 2.4825 2.6576
7 1.0575 0.9979
4 1.23 1.3042
5 0.615 0.6875
6 2.9925 2.6747
7 0.9075 0.8754
7 2.0325 1.9347
4 2.595 2.554
6 1.455 1.4282
5 1.3275 1.3165
6 0.255 0.3081
6 1.41 1.3796
4 2.2875 2.2815
5 0.42 0.6452
7 0.615 0.4567
4 2.7525 2.6041
7 2.25 2.3454
6 0.705 0.342
4 1.6575 1.6842
4 2.4075 2.4826
7 2.9625 2.8802
4 1.86 2.0281
5 2.6475 2.5345
6 2.265 2.3944
6 1.9875 1.939
4 1.89 1.8251
6 1.89 1.9382
6 0.7725 0.7515
6 1.08 1.018
6 0.39 0.2613
6 1.395 1.4448
7 2.9025 2.6244
7 0.9975 0.9868
6 2.055 2.1387
5 0.3225 0.3809
5 1.9275 2.0679
4 0.795 0.4378
5 1.275 1.3807
5 2.085 2.3591
4 1.5975 1.5882
5 0.72 0.7325
6 0.5175 0.2581
7 1.0425 1.0559
7 0.3825 0.1415
7 1.77 1.789
6 0.3825 0.6393
5 2.6025 2.7454
4 0.225 0.4084
6 0.12 0.309
7 2.835 2.8167
6 1.77 1.7208
4 2.6925 1.9194
4 2.775 2.3976
4 1.0875 1.0815
5 0.9675 0.7892
7 0.945 0.8629
6 2.16 2.1591
6 0.0675 0.1758
6 0.765 0.763
7 1.2825 1.2607
6 2.52 2.409
5 1.4625 1.3312
7 0.5775 0.3747
7 1.7925 1.7606
5 2.055 2.2238
5 0.1125 0.4373
4 2.88 2.6158
4 2.3325 2.2248
4 2.7225 2.405
4 0.3225 0.3549
4 1.665 1.6135
7 1.2225 1.1636
5 1.695 1.9271
5 1.0125 1.072
5 1.905 1.9928
7 1.935 1.9931
7 0.015 0.1733
4 1.9125 2.2265
7 2.76 2.776
7 2.82 2.7681
6 1.29 1.2879
5 2.55 2.6419
6 1.1025 1.0752
7 2.0025 2.0595
6 2.0025 1.9126
6 2.415 2.5804
6 2.6775 2.6623
5 2.9625 2.6651
6 0.36 0.2562
5 2.3775 2.7825
4 2.5125 2.6827
6 2.3025 2.3636
7 1.425 1.4226
6 0.0975 0.3462
5 1.395 1.3039
6 1.4175 1.3971
7 1.4925 1.4376
5 1.7625 1.7608
7 0.855 0.8046
7 0.135 0.1161
5 0.465 0.3534
6 2.9775 2.7558
5 1.62 1.6489
5 2.7 2.6018
4 2.0325 2.4729
5 0.8775 0.75
4 0.03 0.3856
7 2.9175 2.8393
4 2.88 2.567
4 1.26 0.9399
6 1.8 1.7824
7 2.0175 2.1388
7 2.1225 2.1102
4 1.6575 1.4941
7 2.5425 2.6816
7 0.09 0.6016
7 0.6225 0.5379
6 1.47 1.4583
7 0.45 0.6203
4 1.3275 1.3382
7 0.915 0.9302
6 0.9 0.796
7 1.5675 1.4352
7 2.55 2.7617
5 0.8925 0.7851
5 1.26 1.2757
4 0.81 0.5934
6 0.555 0.5254
4 2.3025 2.6286
7 2.7225 2.6816
6 0.7725 0.7157
6 0.9225 0.7992
7 0.3075 0.3133
5 1.665 1.5454
6 2.1675 2.3311
4 0.6975 0.3975
4 1.605 1.7233
4 0.15 0.711
6 0.9525 0.8474
6 0.135 0.4673
4 2.91 2.7806
6 2.55 2.7269
7 2.25 2.2044
6 2.0175 2.1123
6 0.8025 0.9121
7 0.4875 0.4437
6 1.92 1.9285
4 1.0725 1.1794
4 2.295 2.6562
7 1.83 1.8883
4 0.8925 1.0859
5 0.84 0.9587
4 0.42 0.3886
4 2.7825 2.5469
7 2.1675 2.1546
4 0.3975 0.295
4 1.0875 0.6665
7 1.53 1.5464
6 2.7675 2.4343
4 0.12 0.2944
6 2.4975 2.5852
4 2.2575 2.0141
5 2.49 2.7077
7 2.0625 2.0272
6 1.635 1.5912
4 0.3975 0.3777
4 0.165 0.3861
6 1.845 1.8442
7 0.9 0.8175
6 1.98 2.1388
6 0.6375 0.4144
6 1.3125 1.2743
7 1.3125 1.3001
7 0.2625 0.2966
7 0.795 0.7275
5 0.765 0.7747
6 2.28 2.3595
7 2.28 2.3826
4 1.65 1.7151
5 2.985 2.7167
4 2.5275 2.6957
6 1.245 1.1776
6 0.81 0.8182
4 0.555 0.6512
7 1.8975 1.9214
6 0.4125 0.2336
6 1.245 1.2096
5 0.6975 0.7756
6 1.1325 1.1007
6 1.8825 1.8383
7 1.2375 1.2324
7 2.0325 2.0014
5 0.63 0.4894
5 1.1025 0.952
5 1.3875 1.3665
5 2.2425 2.3962
4 1.485 1.595
4 1.455 1.2873
4 1.6875 1.7742
5 2.1975 2.7775
6 0.6675 0.5306
7 0.57 0.5278
5 1.29 1.2236
5 1.9425 1.8594
5 0.7725 1.0514
6 0.8625 0.9063
5 2.9775 2.5929
6 2.4 2.4716
7 1.785 1.786
7 0.5025 0.4042
6 2.1 2.0717
4 0.63 0.3229
4 1.0425 0.9559
4 2.505 2.2922
5 0.3675 0.5338
7 2.52 2.7067
7 2.4075 2.5639
7 1.89 2.0212
6 2.685 2.8351
5 1.305 1.4225
4 2.6925 2.6742
7 2.01 2.0961
5 2.565 2.6309
7 1.59 1.5292
6 1.035 0.9795
4 2.8275 2.5254
7 0.5025 0.4541
5 0.5925 0.3452
7 0.42 0.5006
6 1.9275 1.9262
5 1.7175 1.7313
4 2.6025 2.5726
6 2.925 2.7435
7 0.3675 0.6211
6 2.0775 2.0495
5 1.6575 1.6676
7 0.8775 1.0078
7 1.4025 1.3624
6 1.7025 1.7074
4 1.515 1.4953
6 1.53 1.4349
6 0.7725 0.5559
7 1.785 1.7527
4 0.93 0.6145
7 0.2925 0.2942
4 0.7725 0.4159
7 1.17 1.1538
6 0.1725 0.1506
5 1.74 1.8042
5 1.8525 2.1086
5 0.1875 0.3571
4 0.4275 0.9067
4 2.235 2.6531
7 1.0425 0.9557
7 1.965 1.9911
4 2.625 2.6329
5 1.0275 1.3353
4 0.54 0.6414
7 2.97 2.5451
6 1.0125 1.0578
6 0.15 0.2547
5 0.45 0.6249
6 2.6175 2.6377
4 0.7725 0.3628
6 0.87 0.8987
6 1.785 1.7203
6 0.6975 0.3888
7 0.9675 0.8506
7 1.89 1.8753
4 0.2325 0.4797
5 0.615 0.267
6 1.8075 1.8076
5 0.105 0.3674
5 1.0275 1.1324
6 1.425 1.3565
4 1.365 1.1245
6 1.3125 1.2935
7 1.8225 1.8331
5 2.0025 2.2099
6 2.1 2.1053
5 2.6775 2.7535
4 0.57 0.4809
7 2.94 2.6368
6 2.16 2.2292
7 2.5425 2.7973
7 0.4575 0.6263
7 0.705 0.4396
4 0.5625 0.439
6 1.26 1.2622
5 2.4675 2.3326
5 2.07 1.9199
6 1.4175 1.4128
4 0.54 0.3256
4 1.9875 2.665
5 0.2475 0.3108
6 1.0875 0.9891
5 0.2775 0.2993
6 2.9925 1.3757
7 0.39 0.2274
7 1.7025 1.6804
4 1.5 1.5171
7 2.625 2.638
6 2.34 2.6151
7 1.875 1.9642
7 0.1575 0.2917
7 0.5025 0.5713
4 2.385 2.2893
7 0.2775 0.3261
4 1.005 0.9189
5 1.08 1.1629
4 1.1625 1.0099
4 1.3575 1.3344
4 1.905 1.9272
6 0.06 0.2372
6 0.12 0.3369
7 1.68 1.6893
4 2.415 2.4812
7 1.7175 1.6891
5 0.99 1.1177
4 1.2375 1.3044
4 1.455 1.3698
4 0.0375 0.4211
5 0.36 0.7493
5 1.05 1.2048
4 0.4275 0.3016
6 1.5675 1.5345
6 1.2 1.2077
7 2.7675 2.7444
6 2.2725 2.4654
4 1.875 1.8623
4 2.9925 2.6996
5 1.5225 1.5072
7 1.44 1.512
6 2.445 2.3293
7 0.1725 0.4478
6 0.915 0.6174
4 0.78 0.4036
6 0.99 1.0746
6 0.39 0.3804
5 2.4675 2.6222
5 1.2525 1.1308
4 0.885 0.8118
4 1.7325 1.9701
4 2.3775 2.5809
5 2.2425 2.5276
5 1.5375 1.669
4 2.58 2.4198
6 2.925 2.7395
7 2.0475 2.0288
5 1.2 1.0962
7 0.15 0.3443
5 2.2125 2.1928
7 2.265 2.0183
7 2.31 2.2942
7 2.4525 2.6549
4 1.3875 1.3951
6 1.95 1.9529
6 2.0325 2.1537
4 0.5925 0.3997
4 2.1675 2.4173
5 0.27 0.3181
6 2.835 2.5238
6 1.9275 1.9398
5 2.97 2.4866
4 0.3825 0.5779
4 2.5875 2.4289
5 0.2775 0.5001
4 1.8375 1.7898
5 2.2425 2.2492
7 1.3875 1.3233
5 2.6625 2.5809
4 0.495 0.4123
4 1.62 1.4868
5 1.4325 1.3741
7 0.8025 0.7884
7 0.525 0.4084
6 2.4225 2.3814
6 2.25 2.1734
6 1.7775 1.7484
4 1.155 1.4648
6 0.435 0.6158
7 1.875 1.8677
6 0.195 0.7018
4 2.145 2.6548
5 1.29 1.3288
5 1.605 1.7286
6 0.3525 0.391
4 1.23 1.2591
6 0.2625 0.2384
7 0.975 0.981
4 0.3975 0.8013
5 2.0025 2.0546
4 0.72 0.4113
5 2.6775 2.7346
6 0.495 0.5217
4 0.0975 0.4257
7 1.2975 1.1532
6 2.34 2.4217
6 2.13 2.1668
7 1.6125 1.5683
7 0.0375 0.3026
4 0.5325 0.5965
5 1.125 1.145
7 0.2775 0.3915
6 1.53 1.573
4 1.905 1.9409
6 1.62 1.6482
5 2.82 2.675
7 0.315 0.2045
4 0.15 0.4524
4 1.7025 1.7169
7 0.9525 0.9148
4 0.405 0.3825
5 1.785 1.5973
5 0.9825 0.9344
4 2.2425 2.4174
7 1.515 1.4362
6 1.77 1.7621
6 1.5675 1.5472
4 1.785 1.6156
4 0.075 0.3406
4 2.34 2.1241
7 1.4925 1.4474
7 1.155 1.1093
6 0.93 0.9629
6 0.5025 0.3335
5 2.4975 2.648
7 1.68 1.6237
4 0.555 0.3612
4 2.8575 2.5566
4 0.045 0.4517
7 2.055 2.016
6 1.0125 0.8673
6 0.9975 0.8235
4 0.8475 0.5852
5 2.565 2.5152
7 1.5075 1.5016
5 0.5625 0.4162
4 1.9725 1.8011
6 0.1725 0.2745
6 0.375 0.2581
4 2.67 2.6148
6 2.34 2.4781
6 2.7525 2.7957
4 2.655 2.533
5 0.39 0.2644
5 2.925 2.671
6 0.3975 0.1576
6 0.5775 0.3441
5 0.45 0.5161
7 2.55 2.8684
7 1.0575 1.0061
5 0.2625 0.5807
4 2.22 2.5692
7 2.6775 2.7832
5 1.3425 1.4953
4 2.685 2.2937
7 0.5025 0.6338
5 0.3225 0.3475
6 0.8175 0.9056
4 2.28 2.4018
4 1.7775 1.8303
6 1.7325 1.8606
4 1.635 1.4201
7 2.2425 2.2637
4 0.5025 0.3756
6 2.6475 2.7314
7 2.91 2.7532
4 0.9225 0.7663
7 2.9925 2.7314
5 1.2 1.1825
7 2.1525 2.1427
5 0.3675 0.3996
7 1.14 1.1336
4 1.53 1.6885
6 2.5275 2.5984
4 2.4525 2.4332
7 2.3475 2.6423
5 2.085 2.3427
6 0.105 0.3384
7 2.2425 2.288
6 0.675 0.8107
4 2.9175 2.5447
4 2.685 2.536
5 1.3425 1.3172
4 1.8825 1.878
6 2.565 2.7404
6 0.8325 0.8739
5 1.845 1.9523
4 1.38 1.2288
7 1.7625 1.8196
6 2.9475 2.3398
7 0.7875 0.7004
7 1.0125 1.074
6 1.095 0.9071
6 2.085 2.0748
6 2.0925 2.0718
5 0.2775 0.4583
7 0.4125 0.3792
7 0.555 0.3863
7 0.6075 0.3859
6 1.95 1.9596
6 2.5575 2.6777
4 2.97 2.625
7 0.9525 1.0264
4 2.3025 2.0261
5 0.0375 0.2911
4 0.9225 0.7614
6 2.235 2.0888
4 2.175 2.6674
4 2.8875 2.6307
5 2.895 2.7605
4 2.355 2.3318
4 2.55 2.6674
5 0.7275 0.5779
7 1.875 1.9448
5 2.865 2.573
7 2.2275 2.2567
4 2.9025 2.6352
5 0.6675 0.2954
5 1.4925 1.4258
4 1.2975 1.5661
7 1.2075 1.1638
7 2.1675 2.131
6 0.96 0.97
5 0.63 0.5441
4 2.8125 2.5838
7 0.48 0.3888
6 0.7425 0.6013
5 0.315 0.388
5 1.4025 1.3237
5 2.31 2.2568
7 0.7575 0.873
4 0.6825 0.3466
6 1.9575 1.9944
4 2.775 2.5706
4 1.365 1.492
5 0.57 0.3412
7 2.2725 2.2487
4 1.62 1.7509
5 0.915 0.9513
5 2.5875 2.5586
4 0.6 0.289
4 1.3875 1.4636
4 2.025 2.1095
4 1.8975 2.175
5 1.0875 1.1531
5 1.2525 1.1638
4 2.3175 2.6544
5 2.535 2.4403
4 2.1225 2.7199
6 2.055 2.2092
5 0.0075 0.1585
6 0.8775 0.9356
4 1.9125 1.9891
7 1.9275 1.9938
5 2.3175 2.432
7 0.9 0.9409
5 0.495 0.371
7 2.1375 2.1849
5 1.9725 2.0527
5 2.055 2.5933
4 2.6625 2.4357
6 2.19 2.1755
7 1.23 1.1683
5 2.865 2.7415
7 2.85 2.7571
7 1.3725 1.3622
7 2.8725 2.5486
7 2.8425 2.5351
4 1.05 0.4571
4 2.49 2.5373
6 2.07 2.0125
5 0.795 0.4888
4 2.04 2.0605
7 0.2025 0.477
7 2.145 2.217
4 1.4175 1.2798
6 0.5175 0.3757
5 0.42 0.408
7 2.3175 2.3608
4 2.6925 2.5386
7 0.2775 0.1931
6 1.065 1.1173
4 1.515 1.831
6 0.9075 0.9389
7 1.6125 1.6393
7 1.095 1.1317
4 2.745 2.5823
5 1.8075 1.8323
5 1.8075 1.9139
5 2.895 2.7272
4 1.755 2.0424
6 1.1025 1.0432
5 2.0175 2.2703
5 0.9525 0.8573
5 1.1025 1.0885
5 1.4475 1.5417
6 1.9125 1.8539
7 2.1675 2.1389
7 1.5525 1.5643
4 1.4175 1.5455
7 0.855 0.8219
7 1.425 1.4242
7 0.7575 0.6512
7 0.8775 0.9248
5 2.955 2.7399
4 2.3175 2.5885
6 0.36 0.3574
6 1.95 2.2214
7 0.8625 0.7597
5 1.455 1.381
4 0.0225 0.7052
5 1.7025 1.8227
6 1.0275 0.9168
5 0.84 0.6663
5 2.55 2.5744
7 2.3625 2.2847
6 1.965 1.9984
5 2.16 2.4843
5 0.9225 0.6321
6 0.8025 0.6444
4 0.4875 0.3378
6 1.635 1.7268
6 1.755 1.7699
7 1.1175 1.1828
7 1.605 1.6939
6 2.64 2.7469
4 1.3875 1.5017
5 1.8075 1.7054
7 0.7425 0.8425
7 2.91 2.8785
4 2.595 2.439
6 2.9325 2.6344
4 2.5875 2.594
4 2.31 2.6494
7 1.2525 1.23
5 0.9525 0.5462
7 2.1075 2.1029
4 0.9525 0.8625
6 0.255 0.2031
4 0.585 0.4408
6 2.1375 2.0882
5 2.1525 2.1289
5 2.145 2.4234
7 1.245 1.3054
7 0.2775 0.1127
7 0.855 0.7381
7 0.0975 0.2109
5 1.3125 1.1599
4 1.755 1.6869
6 2.28 2.715
7 0.675 0.5763
7 2.595 2.7023
5 2.3175 2.6163
7 1.7325 1.7527
5 1.3875 1.2452
7 2.2575 2.2201
6 0.93 0.9777
5 1.8 1.8138
5 1.7775 1.8942
5 1.7325 1.6936
7 1.395 1.4024
4 1.4175 1.5142
7 0.78 0.7708
4 0.6675 0.8985
7 1.665 1.7058
6 0.7425 0.7
5 2.535 2.5511
6 1.71 1.7675
4 1.3575 1.2801
7 0.7725 0.689
5 0.0525 0.3047
6 0.8625 0.8301
4 2.5125 2.3027
5 1.6425 1.7523
7 2.745 2.7004
6 2.4375 2.4979
5 1.4175 1.3171
6 2.8425 2.7188
5 2.91 2.5199
7 0.3 0.3733
4 0.9375 0.7325
7 0.42 0.5001
4 1.0125 0.7384
4 2.0775 1.7695
6 1.125 1.0643
6 0.5325 0.6887
6 0.1425 0.3354
4 2.205 1.0798
4 2.595 2.5863
6 1.0575 1.1929
5 1.8075 1.9531
5 0.93 1.0328
6 0.15 0.1246
5 2.16 2.1586
6 2.5425 2.4149
4 1.8825 1.7197
7 2.6625 2.6103
7 1.4325 1.3767
6 2.76 2.7556
6 2.1 2.1968
6 2.6775 2.6202
4 2.3475 2.4354
4 2.8875 2.5773
5 0.0975 0.616
6 2.655 2.8171
5 0.9225 0.8582
4 1.02 0.8726
6 2.4825 2.5305
7 0.195 0.1845
4 1.35 0.5432
7 1.17 1.1494
6 1.785 1.7648
6 1.59 1.6505
6 2.6925 2.6592
4 1.815 1.7776
5 2.895 2.6005
7 1.6425 1.6206
6 1.6575 1.677
6 0.8025 0.8843
5 1.77 1.9356
6 0.5625 0.247
4 0.7425 0.727
7 0.03 0.1852
7 0.465 0.2855
5 2.5725 2.5975
7 2.28 2.4134
5 2.745 2.629
5 2.22 2.2561
4 1.83 2.148
7 1.2375 1.2504
6 2.7525 2.6183
6 1.425 1.3462
7 1.1025 1.03
4 1.035 2.0777
5 0.6525 0.2697
6 1.635 1.6284
4 1.89 1.9683
6 2.7825 2.6568
7 2.1975 1.9754
4 0.3675 0.3429
5 0.285 0.3958
6 0.3075 0.1754
4 1.6725 1.7109
7 1.575 1.5578
4 0.9375 0.8859
5 0.405 0.3075
7 2.385 2.1957
5 1.68 1.6888
7 0.555 0.3505
7 0.435 0.6438
4 1.5525 1.8731
4 1.065 1.0478
6 2.595 2.7547
6 0.4125 0.2645
5 0.36 0.3211
4 1.5825 1.9497
5 2.88 2.4789
5 0.3525 0.4292
5 1.5825 1.5694
5 1.5825 1.728
4 1.2225 1.0947
4 1.6275 1.5715
7 2.895 2.8115
4 0.69 0.4696
6 2.3325 2.2986
5 1.815 1.7717
6 2.4 2.6918
5 0.1125 0.4926
7 0.1125 0.3358
7 2.6325 2.7495
6 2.4525 2.6466
7 0.645 0.7212
7 1.35 1.4017
4 2.3325 2.6739
5 2.025 1.9303
7 1.26 1.2059
7 1.695 1.7075
5 0.99 1.1758
5 2.16 2.0554
6 2.7 2.8028
5 1.3425 1.3646
6 1.785 1.7133
4 0.0825 0.2688
4 1.56 1.7404
7 0.84 0.8793
7 1.7325 1.7465
7 1.9425 1.878
4 2.8425 2.5784
6 2.9625 2.5529
4 1.5675 1.4575
4 1.2825 1.4038
6 2.8425 2.6191
4 2.745 2.6236
4 1.4475 1.444
7 0.5175 0.2751
6 0.6675 0.3657
5 2.34 2.6904
6 0.255 0.2712
7 2.1525 2.2854
7 2.22 2.2451
4 0.6375 0.4608
6 0.1725 0.1861
5 1.1325 1.189
5 2.3925 2.7236
6 0.03 0.246
6 2.6775 2.6151
4 1.14 0.6272
5 1.98 2.3208
4 2.1075 1.9351
6 2.535 2.4884
4 0.0675 0.4681
5 0.24 0.3476
6 1.5225 1.5292
6 1.3425 1.4701
4 1.155 1.4853
7 0.7275 0.803
7 0.5925 0.6883
5 2.805 2.6429
6 0.84 0.8688
6 0.51 0.4536
6 0.315 0.2555
5 1.2525 1.3954
4 0.99 0.4414
4 2.16 2.2237
5 1.545 1.6673
4 2.1975 2.3654
7 1.0275 0.9435
6 0.78 0.8648
4 2.94 2.6154
4 0.405 0.4029
4 2.805 2.0795
6 2.565 2.8053
5 0.9675 0.8746
5 2.0325 2.1679
7 0.3825 0.2922
5 1.44 1.3539
4 2.5425 2.6638
7 1.4475 1.4472
5 1.215 1.2601
4 1.7925 2.125
7 1.305 1.3492
7 0.09 0.2177
4 1.8 1.9281
7 1.155 1.1288
6 0.9825 0.949
7 0.9075 0.7007
5 2.2425 2.0412
7 1.0425 1.0374
4 1.305 1.0447
5 2.3325 2.5049
5 2.16 2.0084
7 0.225 0.2565
4 0.5925 0.8076
6 1.035 0.9658
6 1.605 1.6669
7 0.495 0.2904
5 2.355 2.6584
7 2.6775 2.825
5 2.07 1.9397
6 2.5275 2.6421
5 2.88 2.6882
4 1.32 1.1838
4 1.3725 1.5458
4 0.5325 0.5943
7 0.8925 0.9826
7 0.3525 0.2222
6 0.0 0.2562
5 1.05 0.6919
6 0.9075 0.8447
6 2.985 2.7981
4 0.3075 0.4986
7 1.305 1.3546
6 2.2725 2.2661
6 1.8825 1.8518
6 2.0925 2.287
5 0.465 0.4035
7 2.4975 2.6572
4 1.785 1.7585
5 1.4325 1.4993
5 0.33 0.654
5 0.825 0.6844
6 2.2125 2.2931
5 0.5175 0.6101
6 2.82 2.7418
4 1.305 0.9834
7 0.6825 0.6411
5 2.3475 2.4135
4 1.47 1.3216
4 0.735 0.7955
5 2.43 2.6585
5 2.1 2.0965
5 2.3475 2.7177
7 2.2125 2.1786
4 1.9725 2.1896
5 0.5175 0.2216
4 0.66 0.4
7 2.9475 2.8631
7 2.9175 2.6804
6 1.035 1.153
6 2.7975 2.7491
4 0.1425 0.2291
7 0.1875 0.1457
7 2.7675 2.6371
4 1.245 0.9355
7 1.515 1.5888
5 1.3875 1.4093
6 2.1825 2.7249
7 1.3875 1.4231
7 1.5375 1.4872
5 1.6425 1.6048
4 2.655 2.6175
4 2.9025 2.2578
4 2.5875 2.6473
5 0.885 0.9884
5 2.0625 2.1965
4 2.6625 2.1924
4 1.98 2.0532
7 0.5775 0.4858
4 1.245 1.4097
4 0.3825 0.4475
7 0.4875 0.3001
4 0.645 0.8231
6 0.36 0.4408
4 2.955 2.6756
7 1.71 1.6764
4 0.3225 0.3415
7 1.11 1.1348
7 2.655 2.7644
5 0.66 0.9477
4 0.435 0.2496
6 2.64 2.2862
6 0.3375 0.6571
5 2.01 1.9914
7 1.455 1.3826
6 0.69 0.2168
7 2.8875 2.8597
6 2.5425 2.6586
6 0.8325 0.9018
6 1.155 1.0772
6 1.455 1.5624
6 2.355 2.4824
5 2.7975 2.5449
7 2.85 2.8013
6 1.0575 0.9955
6 2.9175 2.7244
4 1.9125 2.1394
4 1.41 1.476
5 1.5 1.51
4 1.9725 2.4701
6 1.875 2.021
7 0.975 0.9266
6 0.825 0.6245
4 0.1575 0.4881
7 2.04 2.1462
4 0.855 0.4799
5 2.37 2.6159
5 1.9875 1.8612
7 1.815 1.8183
6 2.7525 2.5875
7 0.1125 0.303
6 2.775 2.7352
7 0.975 0.9133
6 2.8425 2.625
6 0.1275 0.3013
5 1.0125 0.6443
4 1.2525 1.2162
7 2.0925 2.031
5 1.8375 1.9124
4 0.78 0.8527
6 1.185 1.2167
6 0.5625 0.6213
7 0.0375 0.3267
7 0.6525 0.6341
5 0.885 0.7848
6 2.55 2.5322
5 0.8475 0.9364
6 1.1625 1.2743
5 2.49 2.705
6 2.355 2.5576
5 2.9775 2.5288
6 0.045 0.2167
5 2.6475 2.4859
7 2.0475 2.1329
5 2.2725 2.1345
4 2.61 2.6464
6 0.27 0.2435
5 1.935 1.788
5 2.73 2.6846
5 1.0875 0.9566
4 1.035 1.2826
6 2.76 2.7521
6 1.185 1.2448
7 1.8675 1.8258
6 2.3175 2.5879
6 0.6375 0.6637
7 1.41 1.4148
4 2.2275 2.3467
7 2.445 2.7643
7 0.6525 0.8057
6 0.6375 0.8729
7 1.9875 2.042
5 2.385 2.6937
5 1.44 1.4194
5 2.145 2.5888
5 1.3875 1.4059
7 2.0025 1.9892
4 0.705 0.3301
5 0.765 0.8743
6 1.8675 1.9583
6 0.21 0.177
4 1.845 2.0773
7 0.87 0.8372
4 0.7725 0.3642
4 1.4775 1.4714
7 0.225 0.1792
4 1.5975 1.5221
4 1.59 1.4868
6 1.3275 1.3679
5 1.5075 1.4649
6 1.905 1.9236
5 0.855 0.8763
6 2.085 2.0838
4 0.7875 1.1493
6 1.32 1.3821
4 1.845 1.8429
6 2.9625 2.3937
7 2.4675 2.8487
6 0.8175 0.5977
6 0.2475 0.1957
7 2.145 2.1237
5 1.3875 1.482
5 1.8375 1.9008
4 0.795 0.3308
4 2.0925 2.0581
7 2.325 2.3045
4 2.5575 2.5405
6 1.455 1.511
6 2.91 2.7448
4 0.1275 0.7434
4 1.845 1.8321
5 1.59 1.6711
5 2.73 2.6943
4 0.6975 0.5681
4 0.8925 0.6921
5 1.5075 1.333
5 2.8725 2.2593
5 2.07 1.9148
5 1.0875 0.9011
7 2.0925 2.1088
4 2.055 1.9422
5 2.1075 2.1047
6 0.36 0.2987
5 1.08 0.8184
7 2.8575 2.9222
7 2.76 2.8174
4 0.4575 0.8186
5 0.87 0.6963
6 0.5925 0.2231
4 2.1 2.0997
6 2.0175 2.2559
5 2.01 1.9243
5 0.7425 0.2066
7 0.87 0.8921
5 2.9475 2.672
5 1.245 1.2655
5 1.2 1.243
5 2.6925 2.6341
7 0.9225 0.8705
6 0.6225 0.687
5 2.0325 2.0033
4 0.3075 0.4383
4 2.9775 2.2943
6 1.05 1.1332
5 1.5225 1.5766
5 2.295 2.6029
6 1.635 1.7268
6 0.735 0.6152
5 2.805 2.6218
7 1.485 1.4862
4 2.28 2.6462
5 0.03 0.313
7 1.875 1.8123
6 0.525 0.3837
4 0.0 0.5525
6 1.41 1.4475
4 1.305 1.4094
7 1.44 1.5
4 0.0825 0.4367
6 0.78 0.827
7 0.66 0.7978
4 2.28 2.4654
5 1.1775 1.1825
4 2.1825 2.3957
7 2.595 2.7959
7 0.555 0.4768
5 0.3 0.2506
6 2.535 2.7422
4 1.905 1.7666
6 2.5125 2.6986
6 2.4375 2.5859
7 1.65 1.6532
4 1.755 1.8407
5 2.9925 2.522
7 1.515 1.6047
5 0.525 0.7562
7 2.5275 2.703
5 1.1175 1.1152
5 2.0475 2.1688
5 0.435 0.6
4 2.6925 2.3852
4 0.9075 1.2368
6 1.8825 1.8341
6 0.0675 0.2683
7 2.6775 2.6874
7 0.0225 0.1581
7 0.795 0.8971
7 2.985 2.8543
7 2.19 2.0807
7 1.245 1.0926
5 1.5975 1.6139
5 2.9925 2.6999
4 1.245 0.8139
5 1.0125 1.02
4 1.7175 2.0896
4 1.0575 0.9854
4 2.0625 2.1401
7 0.675 0.6049
5 1.125 1.0741
7 1.2225 1.1533
6 2.3025 2.3304
4 2.0475 2.2509
5 2.745 2.3991
6 0.42 0.2668
7 1.965 2.0068
4 1.0575 1.1197
4 2.8125 2.6746
7 2.8425 2.8582
7 2.2875 2.4008
7 1.5 1.4791
4 0.765 1.1987
5 1.7325 1.5047
4 1.275 1.0716
7 0.1875 0.2527
7 0.525 0.4041
6 1.08 1.1145
7 1.6275 1.5644
7 1.0725 1.1299
7 0.03 0.1823
5 2.0775 2.1124
5 1.455 1.4464
6 1.7925 1.6008
4 0.0675 0.4499
5 1.935 1.8469
5 1.755 1.7868
4 0.255 0.3252
6 2.3325 2.269
5 2.58 2.3402
5 2.415 2.6015
6 1.0425 1.0544
6 2.1675 2.1209
5 1.7775 1.6803
6 0.6375 0.4665
7 0.4425 0.2357
4 0.6 0.9995
5 2.34 2.3462
6 1.275 1.2306
4 2.5125 2.1361
6 1.2675 1.2751
6 2.43 2.3865
4 0.015 0.4881
7 2.04 2.1027
4 2.655 2.53
7 2.19 2.1515
6 0.42 0.3965
5 2.895 2.5015
6 0.0075 0.1709
4 0.9375 1.0561
4 2.64 1.8646
4 0.6375 0.7647
5 2.985 2.5829
4 0.0375 0.3922
4 0.8175 0.8851
7 1.2075 1.2196
5 2.805 2.7145
7 0.12 0.3301
6 1.65 1.7112
7 0.9375 0.9277
6 1.26 1.3077
6 1.4625 1.5118
4 0.8775 0.4245
5 0.5175 0.4387
6 1.5375 1.554
5 1.5 1.3536
7 0.435 0.3827
7 2.3925 2.3873
6 0.4425 0.1958
5 1.365 1.317
4 0.3675 0.3482
4 0.2475 0.4705
5 0.4275 0.5569
5 0.7725 0.8309
5 1.3575 1.5074
5 2.1375 2.1548
7 2.07 2.0938
5 2.235 2.4289
4 2.6025 2.7154
7 2.7075 2.8382
6 0.1725 0.3742
4 2.46 2.1402
6 0.8625 0.5352
6 0.2475 0.3621
5 2.19 2.3244
5 0.645 0.5417
4 1.9425 1.8781
7 1.425 1.2825
6 0.7425 0.3679
6 1.0725 1.142
7 2.3475 2.3646
7 0.2475 0.343
7 0.18 0.2777
7 0.5325 0.3402
6 0.3225 0.1745
4 0.75 1.0336
5 2.6775 2.7507
7 0.6975 0.6078
4 0.7575 0.232
6 1.965 2.0831
6 0.405 0.3419
7 2.3025 2.2886
6 2.43 2.7164
6 2.3925 2.5479
5 0.3675 0.2166
7 2.295 2.3667
6 2.7525 2.7548
7 0.54 0.4539
5 2.25 2.3553
6 2.7675 2.7919
4 2.49 2.7385
5 1.89 2.3687
4 2.655 2.3588
6 1.065 1.0663
6 0.42 0.2618
5 2.0925 2.2164
4 1.485 1.5779
7 2.685 2.8787
5 2.745 2.6775
4 1.89 1.8951
6 1.7325 1.8636
4 2.22 2.5044
5 2.13 2.3991
4 1.05 1.0221
7 1.71 1.707
5 1.035 0.7455
5 0.9075 0.8099
6 2.5275 2.6119
6 1.11 1.1334
5 0.9 0.5182
7 0.39 0.2468
5 2.685 2.6375
7 1.3125 1.3758
7 2.145 2.2376
5 0.36 0.2607
5 0.1575 0.4199
4 0.375 0.3005
5 0.45 0.4692
7 2.3925 2.3896
5 0.1575 0.3143
6 1.095 1.1568
6 0.0525 0.1597
4 2.715 2.6155
5 2.4375 2.7026
4 2.0625 2.6386
4 2.9025 2.515
6 2.7075 2.5306
7 1.47 1.346
6 1.215 1.3233
4 1.7175 1.7198
6 1.9425 1.9934
4 1.77 1.6584
7 0.225 0.2998
6 1.7175 1.7273
7 1.32 1.3183
5 0.9975 0.8994
6 0.045 0.2119
7 1.035 1.1829
4 0.8475 0.3659
4 1.2 1.0627
5 1.98 2.0549
5 0.7125 0.4986
6 0.5175 0.1171
4 0.315 0.4178
5 2.22 2.1661
5 0.2325 0.3054
7 2.2725 2.1591
5 0.795 0.4459
6 1.86 1.8071
6 1.2225 1.0935
5 1.4475 1.512
7 0.9675 0.9905
7 1.9425 1.9543
5 0.6825 0.6852
5 1.9575 1.9519
5 0.5925 0.2328
6 1.695 1.7735
4 2.4075 1.9049
7 1.6425 1.6458
7 0.72 0.7873
7 2.2275 2.2161
5 1.17 1.2513
7 2.13 2.2551
5 2.4675 2.6605
7 2.82 2.6792
7 2.5275 2.8783
5 2.415 2.3829
4 0.1575 0.3545
5 0.1875 0.2947
5 0.6375 0.6425
4 1.065 0.9139
4 2.76 2.6642
5 0.015 0.2879
7 2.655 2.6304
4 0.12 0.3114
4 0.5475 0.356
6 2.88 2.7009
7 2.1975 2.2989
5 1.7175 1.6402
7 2.955 2.6226
4 2.715 2.4487
7 2.0175 2.0791
7 1.245 1.1774
6 0.9375 0.8576
7 0.2025 0.2258
6 1.2075 1.229
7 0.33 0.4669
6 2.8725 2.7083
6 1.4325 1.4108
7 0.675 0.6992
7 1.08 1.1337
4 1.3275 1.4841
5 0.24 0.3141
5 0.3 0.7106
4 2.13 2.6794
6 0.5625 0.4277
6 0.99 1.0876
6 1.3575 1.3177
6 0.555 0.3869
7 0.975 0.9524
4 2.0175 2.338
4 2.925 2.6268
5 2.22 2.0747
7 2.1525 2.0679
7 2.1375 2.2222
6 2.8575 2.6775
4 0.1125 0.5068
7 2.535 2.6044
7 1.3425 1.3833
4 1.3575 1.1541
5 2.0775 2.1862
5 2.9625 2.4096
6 2.835 2.5749
5 1.7625 1.7572
6 0.8625 0.9629
7 2.4075 2.4461
7 2.9175 2.6869
4 0.81 0.5278
4 1.3575 1.2504
4 2.4375 2.4769
6 2.4675 2.5996
4 2.085 1.9464
6 1.485 1.5014
4 1.3875 1.1727
5 2.4075 2.611
4 2.7525 2.5164
5 1.0275 0.7999
4 1.08 0.3648
4 2.2125 2.0508
4 0.4575 0.3962
7 2.7525 2.7601
4 1.0875 0.9305
5 2.07 2.0962
7 0.2925 0.735
6 0.09 0.5234
4 2.9025 2.3725
5 0.78 0.7628
5 1.29 1.3748
6 2.835 2.6476
4 1.1775 1.1393
5 0.42 0.4519
5 0.8775 0.7111
5 1.4925 1.5415
5 0.885 0.9551
5 1.9575 2.0412
4 2.9925 2.661
5 0.855 0.8774
6 0.375 0.7107
7 2.7375 2.7814
4 0.7425 0.4651
5 2.715 2.6525
4 0.2025 0.6305
5 0.8775 0.4897
5 0.645 0.7965
7 1.635 1.5883
6 2.1225 2.2536
5 0.5475 0.4367
5 0.9825 0.816
4 2.43 2.0857
5 2.61 2.489
6 2.16 2.0425
5 2.085 2.0191
7 2.9025 2.7785
5 0.9375 0.4067
5 0.45 0.2686
7 0.8625 1.0218
7 1.89 1.7789
6 2.355 2.3306
6 1.3425 1.357
5 1.1475 1.1833
6 1.665 1.6842
6 1.65 1.6259
4 1.68 1.843
6 1.5375 1.6532
4 1.29 1.2707
7 1.845 1.8138
5 0.87 1.1128
7 1.0875 1.141
4 2.37 2.5644
4 2.505 2.6366
6 0.99 0.6538
5 0.6375 0.4993
5 1.5525 1.4144
7 1.0425 1.0242
6 0.8925 0.9529
5 0.345 0.2515
6 1.395 1.4809
6 1.1775 1.2359
4 1.005 0.7575
5 2.13 2.5263
7 0.81 0.7787
5 1.02 1.1568
6 2.1075 2.1214
6 0.3375 0.3896
5 1.1025 0.9377
4 0.1875 0.4261
6 1.365 1.3928
4 1.5975 1.5752
7 2.7 2.5832
7 0.99 0.923
7 0.7425 0.8085
5 1.455 1.5796
4 0.8925 0.648
7 1.2375 1.2759
5 0.945 0.9722
7 2.91 2.6888
7 0.7575 0.8347
6 0.0825 0.1602
6 1.3875 1.5129
4 0.165 0.3202
5 2.19 2.1842
7 0.4425 0.554
6 2.7375 2.7272
6 2.025 2.0909
4 1.89 1.5977
7 1.8375 1.9497
6 1.95 1.8843
4 0.4275 0.2788
5 1.14 1.1694
5 0.72 0.6472
6 2.9925 2.824
6 1.4925 1.441
4 1.7175 1.7233
7 0.66 0.7021
4 0.09 0.5213
7 1.845 1.8865
7 0.3 0.1899
6 0.12 0.154
4 1.0875 1.2783
5 1.2975 1.1688
4 1.41 1.5471
7 2.775 2.6766
4 1.83 1.8374
7 2.715 2.7843
4 1.3125 1.5873
4 0.0225 0.6302
4 0.495 0.4854
7 2.73 2.522
7 2.07 2.1041
5 1.7775 1.7296
5 0.03 0.6562
7 0.45 0.2371
6 2.3925 2.4225
6 2.5425 2.5793
7 1.1025 1.0155
5 2.01 2.2258
5 2.3775 2.6036
5 0.135 0.3791
6 1.11 1.1424
4 0.585 0.9496
4 0.24 0.3636
6 0.5925 0.4921
7 1.335 1.3447
7 2.1675 2.0926
7 1.5225 1.5174
5 2.565 2.3569
6 0.9225 0.8897
4 0.075 0.3177
4 1.965 2.5131
6 2.3925 2.1546
5 2.3475 2.572
6 0.045 0.2417
7 2.7975 2.6505
5 0.3675 0.3321
6 2.49 2.757
7 1.125 1.0529
4 1.17 1.2015
7 1.08 1.0801
5 0.315 0.3021
5 2.34 2.605
4 1.5375 1.4615
4 1.8975 1.834
7 2.355 2.467
4 0.4875 0.3196
7 1.8225 1.9421
6 1.215 1.2401
4 0.165 0.4468
6 0.6975 0.39
6 0.21 0.6058
6 2.7675 2.7932
4 0.8625 1.0819
6 0.18 0.1869
4 0.7425 0.667
7 2.055 2.0282
5 1.155 1.096
5 0.2475 0.3302
6 1.6275 1.6007
7 0.765 0.7743
4 0.5925 0.5669
4 0.135 0.4217
6 1.1925 1.2366
5 2.2725 2.6618
5 1.7775 1.9408
5 0.5625 0.6565
4 2.205 2.265
7 1.5675 1.6192
4 1.6575 1.7979
7 2.07 2.0748
4 0.615 0.8982
6 2.1375 2.2733
6 0.555 0.5437
7 2.4225 2.3614
7 0.4575 0.5641
7 0.135 0.2074
5 2.8875 2.617
7 0.3675 0.2139
4 0.195 0.7244
7 2.79 2.8052
4 1.725 1.8081
5 1.605 1.5059
5 0.1575 0.3542
6 2.67 2.5816
5 0.9375 1.0313
4 1.0425 0.6965
6 0.33 0.3165
4 2.5425 2.5089
7 1.485 1.5346
6 0.5925 0.493
4 2.04 2.0037
5 2.76 2.2862
7 0.7875 0.8003
7 1.4625 1.4332
6 1.605 1.6165
6 0.3675 0.3049
6 0.405 0.2885
6 2.5125 2.6468
6 2.145 2.041
4 2.715 2.4363
7 2.37 2.3513
4 2.85 2.5458
6 0.345 0.247
7 1.4325 1.3747
6 0.45 0.2916
5 1.005 0.7874
4 2.0175 1.6955
4 1.56 1.2101
7 1.86 1.9086
7 1.6725 1.6382
6 1.95 1.997
7 0.6075 0.6377
6 0.7125 0.636
5 0.5925 0.5382
7 0.72 0.7808
6 2.28 2.5376
4 0.8775 0.5763
5 2.505 2.6979
7 0.54 0.2748
7 1.1025 1.1354
7 2.8575 2.8856
7 0.5925 0.566
7 0.1425 0.2582
4 1.9275 1.6036
5 0.63 0.3985
7 1.725 1.712
4 0.6975 0.5419
4 1.38 1.4586
4 2.49 2.0818
5 1.425 1.5682
5 1.38 1.2982
5 1.35 1.2663
6 1.1025 1.1873
5 2.19 2.5684
6 2.955 2.84
4 0.5475 0.4935
7 0.3975 0.2505
4 1.7625 1.9171
4 1.9575 1.8621
4 1.3875 1.5452
7 0.6 0.6287
5 1.4025 1.3072
4 1.5675 1.3432
4 0.0375 0.5202
7 1.155 1.0937
4 1.695 1.5548
6 0.3375 0.4433
7 2.37 2.469
4 2.325 2.6563
5 2.2275 2.501
7 1.9275 1.9078
5 0.225 0.6367
6 0.2775 0.5093
7 0.0525 0.3087
7 0.8775 0.8214
4 1.8075 1.6337
7 0.36 0.5655
4 2.235 2.6595
5 2.34 2.7617
7 0.9375 1.0355
7 1.545 1.5664
4 0.3075 0.5249
6 2.5125 2.5166
7 1.89 1.8724
6 0.9975 1.0046
5 2.625 2.7512
5 1.05 1.1346
5 2.2425 2.0557
7 2.295 2.3459
7 0.42 0.3116
6 2.265 2.6979
7 2.4 2.5924
5 1.245 1.1544
6 2.715 2.6376
6 0.3 0.443
7 0.915 0.9617
7 2.1375 2.2297
6 0.225 0.6746
7 1.89 1.8752
7 2.9475 2.7555
6 2.025 2.0258
6 1.2525 1.2414
6 0.3 2.5358
5 2.94 2.6461
7 1.56 1.5251
6 1.9575 2.0738
5 0.1725 0.2812
4 2.115 2.1293
6 1.44 1.3976
6 1.4175 1.3929
7 2.2725 2.3022
5 0.2775 0.3168
6 2.0625 1.9871
5 2.1675 2.0891
4 2.535 2.4946
6 0.09 0.2408
7 1.515 1.4667
5 1.0725 0.8185
5 1.11 1.1191
4 1.4025 1.4026
5 2.4975 2.4246
6 1.515 1.5686
6 2.0625 2.1115
7 2.1525 2.1829
5 1.3425 1.3624
4 2.5275 2.4925
5 1.125 1.0491
4 1.485 1.681
5 0.06 0.3209
4 0.63 0.3001
4 1.23 1.3345
7 1.4025 1.3746
5 0.315 0.3907
4 1.725 1.7711
6 1.0575 1.0048
6 1.365 1.4128
4 2.1675 2.4551
6 0.15 0.1819
6 0.78 0.7849
6 2.295 2.2836
6 1.0875 1.7766
6 1.935 2.1718
4 0.105 0.4603
7 2.46 2.7647
4 0.21 0.3936
4 0.6 0.3918
6 2.28 2.4978
7 1.77 1.7057
7 2.7375 2.9142
4 1.83 1.7239
5 1.1325 1.0917
4 1.905 1.8829
4 2.115 1.9886
5 2.85 2.7144
7 2.94 2.7372
7 2.7375 2.7047
5 0.525 0.3734
7 2.4975 2.6059
4 1.365 1.2421
6 2.7825 2.676
5 0.4575 0.8184
4 2.94 2.5655
6 1.14 1.1814
4 2.5875 2.6357
7 2.805 2.695
7 1.5225 1.5496
6 1.6125 1.7458
6 2.145 2.5197
4 1.89 2.0261
4 0.675 0.8067
6 1.995 1.9904
5 0.0225 0.508
4 2.715 2.4115
4 2.7975 2.6907
4 0.36 0.4515
5 0.105 0.3233
5 1.125 0.8804
7 0.27 0.3864
4 1.185 1.2745
6 2.295 2.5294
5 1.7625 1.746
7 1.635 1.7109
5 0.9375 1.0042
7 2.37 2.5005
7 1.68 1.705
6 1.7625 1.7399
6 1.9125 1.9056
5 1.6575 1.6014
7 0.8775 1.0053
5 0.2625 0.9091
7 1.155 1.0608
6 0.99 0.9537
4 2.0625 2.0018
6 1.155 1.0818
4 0.7125 0.4073
6 1.2975 1.2787
5 1.65 1.6655
7 2.6475 2.7903
7 0.6975 0.5276
5 0.42 0.2642
6 1.65 1.5817
6 1.125 0.9695
6 0.8325 0.6409
7 1.5825 1.6035
4 1.695 1.674
7 2.625 2.6781
4 0.5775 0.5561
5 2.3775 2.5176
5 0.975 0.9237
7 2.8575 2.6923
6 2.31 2.4403
5 2.895 2.5788
7 2.16 2.0378
5 0.9825 0.7247
5 0.1425 0.6133
6 1.7175 1.6936
7 1.155 1.2752
7 2.235 2.1495
6 0.585 0.3196
7 0.3975 0.1631
6 2.76 2.6119
5 1.005 0.8744
5 0.87 0.904
7 2.9025 2.7743
6 1.86 1.7994
7 1.4025 1.4875
7 0.1425 0.3418
6 2.835 2.881
6 0.255 0.2075
4 2.5725 2.3701
4 0.12 0.6527
7 2.0475 1.9559
7 1.545 1.5846
7 0.5625 0.2665
5 1.3425 1.3864
6 1.9125 1.7668
7 0.9 0.7281
5 2.55 2.4479
4 0.99 0.6282
7 2.7825 2.6548
7 0.075 0.2384
5 2.1075 2.0568
7 2.6025 2.7477
6 0.54 0.2933
5 2.6775 2.6948
7 0.0225 0.3045
5 0.435 0.4739
6 1.05 0.9566
4 1.6425 1.7424
4 2.6325 2.7044
7 0.33 0.3721
4 1.92 1.8689
5 2.4225 2.2994
7 0.1575 0.2049
4 0.4725 0.4505
6 1.71 1.7312
5 2.85 2.7543
4 1.545 1.9018
6 0.78 0.8666
6 0.54 0.6004
6 1.155 1.236
6 2.3925 2.3391
4 0.0075 0.5173
7 0.0675 0.1945
6 2.9025 2.7543
7 0.8175 0.8803
7 2.3775 2.5313
5 2.9925 2.7191
5 0.84 0.9423
5 1.6575 1.542
7 1.53 1.5541
6 2.565 2.5419
7 0.765 0.7601
5 1.0575 1.0135
5 0.1875 0.4663
5 1.7025 1.9265
5 2.9475 2.677
4 1.545 1.6023
7 2.2425 2.2958
7 0.5475 0.2156
6 0.8625 0.6864
6 1.455 1.447
6 0.525 0.1866
6 0.24 0.2103
5 0.7425 0.6309
5 1.5975 1.5074
5 1.9725 1.8851
6 2.8725 2.6676
7 0.54 0.461
5 2.9025 2.7758
4 2.28 2.3352
5 1.0875 1.0733
7 2.1 2.1262
6 2.9625 2.777
6 2.8575 2.7898
6 1.6275 1.6207
5 2.5575 2.356
4 0.2625 0.2496
7 2.1525 2.1779
6 1.095 0.9999
6 1.515 1.3466
5 1.4775 1.5016
5 2.6475 2.7505
4 1.035 0.8325
5 1.65 1.5414
7 0.675 0.5703
5 0.375 0.3362
7 2.82 2.6367
7 1.74 1.6713
4 2.7075 2.4305
5 1.0125 0.7898
5 0.315 1.2886
6 0.735 0.513
5 2.5425 2.4387
4 1.5825 1.4944
4 0.015 0.317
4 1.1325 1.3402
7 0.4425 0.2914
5 1.2 1.1815
7 1.5525 1.5833
4 0.3375 0.4316
7 0.9 0.9371
5 1.2675 1.0056
7 2.6625 2.7329
5 2.235 2.2236
4 2.3775 2.6895
7 1.3125 1.2589
6 2.28 2.2941
4 2.895 2.581
4 0.105 0.4104
4 0.3375 0.3934
5 2.1525 2.0994
4 1.4925 1.4577
6 2.88 2.575
7 0.81 0.8114
7 0.81 0.7371
6 2.955 2.6707
6 2.3025 2.266
4 0.9075 0.9096
6 0.4875 0.4619
6 0.24 0.3173
5 1.5975 1.7278
6 1.68 1.7232
5 2.79 2.6882
4 1.1775 1.3161
4 0.495 0.3657
4 0.4875 0.5597
4 0.4725 0.6992
4 2.6025 2.6732
5 0.6525 0.8377
5 1.9275 1.8111
4 2.22 2.6554
7 1.4775 1.4591
7 0.1425 0.2041
6 1.425 1.4661
5 1.545 1.6574
5 2.8275 2.6728
7 0.1125 0.4203
6 2.34 2.4989
6 2.955 2.734
5 1.875 1.9242
5 1.8675 2.0365
4 1.2075 1.3925
7 1.0725 1.1003
5 2.8275 2.519
7 0.09 0.1243
7 0.975 0.9807
4 2.8875 2.7738
7 2.7975 2.8133
7 1.425 1.3812
6 2.7825 2.4426
6 0.48 0.5333
5 0.7125 0.3806
6 0.3075 0.443
6 1.3125 1.3389
5 2.1675 2.2107
4 0.675 0.4534
4 1.755 1.4857
7 0.15 0.3552
5 1.335 1.2312
7 0.51 0.1604
5 1.785 1.8422
6 2.505 2.749
4 1.2975 1.4227
6 0.36 0.1853
4 1.7025 1.475
5 2.205 2.3604
5 1.5225 1.5144
5 0.975 1.0668
7 1.875 1.9306
6 2.16 2.1945
6 2.775 2.7498
4 0.8175 0.8985
7 0.1425 0.2889
6 2.595 2.4637
7 2.175 2.1745
7 0.7875 0.8502
6 2.22 2.2833
7 1.5075 1.5515
7 0.39 0.4319
4 1.1625 0.9546
5 0.9225 0.9508
7 1.8675 1.9356
7 1.875 1.8868
4 0.405 0.3642
4 2.28 2.6445
4 2.4975 2.6347
5 0.7725 0.7653
7 2.5575 2.5873
5 1.035 0.8973
7 0.4575 0.2977
6 2.1675 2.1261
4 0.06 0.3208
4 0.69 0.497
7 1.35 1.299
4 1.035 1.0849
5 0.5175 0.423
7 2.955 2.8643
4 1.7175 1.5397
7 2.4825 2.6923
6 0.4575 0.4009
4 0.3675 0.4193
4 1.6725 1.6207
7 0.0975 0.2543
5 2.97 2.2142
4 1.095 0.9399
5 1.2525 1.3346
6 2.4 2.6052
6 0.585 0.3171
7 0.735 0.8443
6 0.36 0.2201
6 0.825 0.8473
6 1.065 1.0446
7 1.0575 1.0721
5 2.325 2.0428
5 1.755 1.6789
5 0.2775 0.5186
4 2.4825 2.6098
5 0.54 0.3025
6 1.8 1.7789
6 0.06 0.2538
6 2.01 2.0416
6 1.53 1.5309
7 2.6025 2.7902
6 1.53 1.5487
4 0.7575 0.3475
6 0.2025 0.31
5 0.8775 0.7576
4 2.7825 2.5775
7 2.49 2.558
4 1.035 0.9862
5 0.7575 0.87
6 1.5075 1.4893
4 2.94 2.5745
6 1.89 0.0241
6 2.13 2.2394
4 0.3375 0.5769
6 2.715 2.7278
5 1.1025 0.8751
6 0.645 0.5275
5 1.6275 1.7496
4 0.6825 0.4273
4 2.37 2.3255
5 1.56 1.7199
6 1.665 1.6532
6 2.745 2.7605
6 1.3875 1.312
7 2.07 2.1206
7 1.35 1.3186
7 1.485 1.4813
7 1.08 1.2
4 1.845 1.8486
6 0.525 0.2575
5 2.37 2.262
5 0.78 0.9144
5 0.975 1.0236
7 1.8 1.8605
7 2.1675 2.0584
6 0.7125 0.4576
4 1.6125 1.6982
5 1.8975 1.8757
4 1.5675 1.6737
6 2.61 2.5116
4 1.2375 1.4169
5 2.835 2.5309
7 0.6375 0.5747
5 0.6 0.6258
5 2.6475 2.5569
4 0.39 0.3625
7 2.2425 2.1068
7 2.385 2.2559
6 2.325 2.4197
5 2.415 2.3898
5 1.29 0.8147
4 2.055 2.5057
4 1.89 1.8051
5 0.0525 0.3022
6 1.5525 1.5462
5 1.29 1.2339
7 2.0025 1.9697
6 0.255 0.6999
4 0.3525 0.27
5 2.1525 2.4654
6 0.195 0.1747
5 1.5675 1.4481
5 1.605 1.5041
4 2.4375 2.0802
6 1.32 1.2216
4 0.615 0.3946
6 0.9825 0.9337
6 0.27 0.2252
5 2.22 2.4644
5 0.21 0.2579
5 1.8975 1.9431
4 1.3425 1.2568
6 1.9275 1.915
7 0.45 0.17
7 2.3925 2.3799
6 1.7175 1.7476
6 2.1675 2.0525
4 0.8925 0.6537
4 0.8175 0.8665
7 1.065 1.1415
4 1.23 0.9446
5 0.24 0.2843
6 0.75 0.7141
6 1.665 1.7401
6 1.9575 1.9359
5 2.9475 2.4484
5 1.5075 1.6296
5 0.615 0.3686
4 0.57 1.107
6 0.885 0.8991
4 2.6175 2.6669
4 0.765 0.9225
6 1.095 1.152
4 1.6275 1.7441
7 1.605 1.5082
5 2.6325 2.7585
5 0.585 0.2725
6 1.5 1.5239
4 0.765 0.4098
6 1.9125 1.8052
6 2.52 2.3299
7 1.7925 1.8724
6 0.495 0.5541
5 1.455 1.3735
7 0.5925 0.5374
4 1.6425 1.6977
4 0.03 0.3942
5 0.8325 0.3981
5 1.1625 0.9528
7 0.435 0.2585
5 2.07 2.3037
4 0.06 0.4508
4 2.985 2.6234
4 2.475 2.6126
7 0.7425 0.8739
5 1.6275 1.7173
7 1.02 1.0549
7 1.3425 1.4048
7 0.57 0.4652
5 0.705 0.5018
5 2.1375 2.0878
5 0.345 0.463
5 1.4025 1.3901
4 2.415 2.6114
7 2.205 2.2433
5 2.475 2.635
6 0.4725 0.432
6 2.2575 2.3715
5 1.7175 1.8137
4 0.6075 0.7984
5 1.245 1.039
7 1.4325 1.456
6 1.095 1.0751
5 1.5675 1.5792
7 2.6625 2.6965
4 2.9625 2.4316
6 1.5975 1.5258
6 1.23 1.2675
7 1.02 1.0849
5 2.9625 2.7167
5 2.0775 2.1403
7 1.5 1.4149
6 2.01 2.1517
5 0.2475 0.2901
6 0.8925 0.8372
6 0.3 0.4461
4 2.205 2.66
4 2.1375 1.9901
6 2.97 2.5711
7 1.17 1.1363
4 2.9925 2.5335
4 2.055 2.1348
5 2.3025 2.539
7 1.245 1.2903
6 2.73 2.8324
5 2.1375 2.2614
6 0.9975 0.9927
5 0.345 0.8767
6 1.605 1.4749
5 2.0475 2.0824
7 1.17 1.0914
6 0.6225 0.7581
6 1.575 1.6549
4 0.3825 0.3552
5 1.23 1.1114
5 0.315 0.2692
7 2.385 2.5232
5 1.575 1.5302
4 2.3625 2.5268
4 1.2225 0.9171
6 1.5825 1.5851
6 1.965 2.0184
7 2.04 2.0716
5 1.17 0.9724
7 2.8425 2.524
7 0.7125 0.5896
7 0.495 0.2196
7 1.23 1.2227
7 0.84 0.8067
4 2.2875 2.4634
4 1.575 1.7274
5 1.755 1.7876
6 1.92 1.9023
4 0.9375 0.8953
4 2.1525 2.1274
7 1.425 1.4473
5 0.975 1.0638
5 2.4825 2.7489
7 1.275 1.2496
6 2.5875 2.6255
4 1.7775 1.7865
4 2.2275 2.0377
4 0.915 1.0516
7 2.5275 2.8722
4 1.5675 1.6191
4 2.7825 2.5235
7 1.38 1.3457
5 2.6775 2.6812
5 0.1125 0.346
5 1.53 1.4774
4 2.7225 2.5898
5 2.175 2.5932
4 1.4475 1.4012
5 0.45 0.7089
7 2.2575 2.2744
5 1.8225 1.7455
5 2.115 2.4605
7 0.69 0.7039
5 2.85 2.6004
4 0.375 0.3737
7 1.2675 1.18
4 2.76 2.6109
4 1.995 2.0853
4 1.515 1.6842
6 0.765 0.5015
5 1.38 1.3205
4 1.425 1.3914
4 1.83 1.6532
4 1.8375 1.7696
4 0.12 0.2943
4 0.27 0.4567
6 2.6175 2.7785
5 2.115 2.1844
7 1.2975 1.2768
6 0.1725 0.3084
4 1.755 1.9813
4 1.7925 2.0611
7 1.4475 1.4723
4 0.78 0.8516
5 2.46 2.242
7 1.515 1.4343
4 1.7925 1.7764
7 2.1225 2.1402
7 0.075 0.1587
5 2.655 2.5809
7 1.5 1.5219
6 1.44 1.4232
4 1.815 1.85
4 1.9275 1.7299
7 0.0375 0.2574
4 2.325 2.2928
6 1.1475 1.0216
4 2.7375 2.1968
6 1.905 1.9953
5 2.175 2.5224
4 2.8425 2.6783
4 1.215 1.3359
5 1.905 2.043
5 1.05 0.8188
6 1.68 1.6533
4 0.3675 0.3944
5 0.0525 0.2461
4 2.82 2.3644
5 2.6325 2.7216
6 2.535 2.7904
5 0.45 0.2702
6 2.37 2.1852
6 0.4425 0.2406
7 0.6 0.4304
5 0.135 0.3439
7 1.53 1.505
4 1.5 1.3208
5 2.7525 2.7299
5 2.835 2.6872
6 2.16 2.0507
7 0.4275 0.5449
4 1.0275 0.6866
5 1.485 1.5774
7 1.4775 1.4775
5 1.2375 1.1398
6 1.7325 1.7199
7 2.5725 2.5264
5 1.17 0.8931
4 0.285 0.3363
6 2.685 2.4942
5 1.17 1.1322
7 2.13 2.1788
4 2.1375 2.2638
7 2.37 2.3363
6 2.9475 2.5349
4 1.0575 0.5138
6 2.805 2.7304
7 2.4975 2.4651
4 1.845 1.9242
5 1.2825 1.2188
4 1.7325 1.4494
6 1.995 1.9974
7 2.2275 2.2746
5 0.21 0.3199
4 1.98 1.9777
6 1.425 1.4996
5 0.8625 0.2354
7 1.47 1.4713
6 2.205 2.3201
4 0.225 0.3606
5 2.94 2.4905
4 0.9825 0.6794
6 2.295 2.4235
4 2.46 2.3845
5 1.8075 1.9403
4 1.8225 1.7489
4 1.0275 1.136
5 1.545 1.6574
5 2.0775 2.5888
6 2.52 2.6592
7 1.8825 1.8134
4 1.2975 1.4501
7 2.055 1.9919
7 1.335 1.3606
7 0.0075 0.271
5 1.455 1.3976
4 2.0025 2.0817
5 1.62 1.7091
6 1.2375 1.1342
7 0.57 0.4295
5 1.8525 1.7949
6 1.995 2.0586
7 2.01 1.9737
4 0.315 0.3659
5 2.7225 2.706
4 2.985 2.6056
6 2.2125 2.4536
4 1.3275 1.4665
7 2.8575 2.7356
6 0.3975 0.2632
4 2.67 2.6608
6 0.63 0.6735
7 2.82 2.8095
5 1.62 1.5759
6 2.4375 2.7539
5 1.4625 1.5418
4 2.49 2.562
6 0.84 0.8658
7 0.6 0.7142
7 1.185 1.2269
4 1.9725 1.7073
5 0.915 1.1436
7 1.905 1.8766
5 0.87 0.8511
4 0.9075 1.0704
7 1.6575 1.7025
6 0.6675 0.5581
5 2.1675 2.1098
6 2.4075 2.6487
4 2.0625 2.3917
6 1.6425 1.6955
4 1.815 1.8828
4 2.925 2.2522
4 2.9175 2.6994
7 1.1175 1.1143
6 1.9125 2.0802
4 1.6725 1.6675
4 1.6275 1.3321
6 1.455 1.4651
6 0.03 0.2038
7 0.825 0.7564
4 1.065 1.0545
7 2.43 2.6543
5 0.33 0.4388
4 2.7975 2.1444
7 0.3 0.3513
6 1.32 1.3821
7 0.675 0.49
4 0.6225 0.5667
4 1.5 1.4796
4 2.6625 2.5584
5 0.6975 0.7188
7 2.1 2.1789
6 1.98 2.0034
7 2.5875 2.7476
6 0.735 0.8001
4 2.715 2.5225
6 1.2525 1.2869
7 1.6875 1.8161
7 1.71 1.8124
6 2.685 2.4377
7 0.36 0.4081
4 1.65 1.5183
6 0.765 0.6031
5 1.2525 1.3886
5 1.7625 1.6265
7 2.25 2.1976
5 0.495 0.363
6 0.765 0.4718
7 0.975 1.0957
6 1.41 1.4294
6 0.8325 0.7007
4 2.88 2.7158
5 1.6575 1.7383
6 1.62 1.5251
4 0.945 1.1301
4 2.1375 1.9857
5 2.16 2.0468
4 2.8575 2.6052
4 2.565 2.5571
6 0.3975 0.2783
7 1.9725 2.025
6 2.745 2.6419
4 1.4025 1.2684
7 1.845 1.8187
7 2.49 2.6581
7 2.8875 2.8369
6 1.0725 1.1234
4 1.605 1.7155
6 1.8675 1.8644
5 0.045 0.3421
4 1.4925 1.6153
7 1.17 1.1998
6 2.67 2.8449
7 1.0425 1.1056
7 2.1075 2.0979
6 1.8375 1.7961
6 1.26 1.2234
7 0.6525 0.478
6 1.3425 1.3992
4 0.57 0.4253
7 1.9425 1.9347
4 1.98 1.6457
4 1.0425 1.1708
6 0.2475 0.5449
5 0.03 0.3276
4 0.2925 0.3969
4 2.8275 2.7038
7 1.5975 1.5639
4 0.9975 0.9377
4 1.68 1.3851
5 2.6775 2.5203
4 0.105 0.2904
7 0.4575 0.552
7 0.8925 0.9351
7 1.1775 1.1791
6 2.4375 2.6103
5 2.9625 2.7646
7 1.1025 1.1979
6 2.19 2.3512
7 0.0225 0.2829
6 2.475 2.3001
6 1.665 1.6431
6 0.8025 0.6812
5 1.68 1.6825
7 0.78 0.7908
6 0.9675 0.9458
7 2.925 2.813
5 0.345 0.3224
5 2.94 2.6999
6 2.5575 2.6632
7 0.8775 0.8168
4 0.4725 0.6228
6 0.1425 0.2872
5 0.195 0.1793
6 1.8 1.8037
7 0.945 0.9587
7 0.255 0.1525
5 1.545 1.3466
6 0.195 0.3447
7 0.795 0.8439
7 1.8375 1.8648
4 1.3725 1.1564
6 1.7925 1.7606
7 1.5075 1.4515
4 2.5275 2.7167
4 1.0875 1.0616
7 2.1 2.1403
7 2.685 2.737
4 2.8125 2.5957
4 2.9175 2.3977
7 2.145 2.1355
4 2.9925 2.6343
7 2.7975 2.7478
4 2.16 2.5137
7 2.94 2.7481
6 1.605 1.6305
4 0.2175 0.407
6 1.725 1.7509
7 2.805 2.6419
5 0.5175 0.4627
5 1.59 1.621
7 1.0425 1.1434
4 1.575 1.4495
4 0.945 1.2891
6 2.4825 2.6937
4 0.7125 0.3104
6 2.7675 2.639
4 0.7275 0.3795
5 2.9025 2.7802
6 2.8275 2.6114
7 1.5975 1.5624
7 0.7875 0.6721
6 1.56 1.5433
4 2.7675 2.6097
7 1.9425 2.0072
4 2.7225 2.3821
5 2.2125 2.3947
6 2.1675 2.2823
7 1.965 1.937
7 1.8075 1.8396
6 0.015 0.3399
5 2.8425 2.6164
4 1.14 1.2234
6 0.945 0.9981
4 1.305 1.509
6 0.09 0.2648
5 2.475 2.4016
4 2.4225 2.6048
6 1.1475 1.1277
4 2.22 2.3915
7 1.515 1.488
4 1.9875 2.4124
4 0.585 0.3031
4 1.7325 2.0175
6 2.205 2.1881
5 1.7625 1.7968
7 2.5875 2.4545
6 1.635 1.6336
4 2.3625 2.5608
5 2.5125 2.2132
6 2.205 2.2987
4 0.8775 1.0252
5 0.495 0.5229
7 1.5975 1.6225
4 2.49 2.4038
6 0.525 0.4009
7 1.575 1.5371
6 2.415 2.6501
7 0.255 0.2485
4 2.49 2.331
4 2.7825 2.1854
5 1.9125 2.0829
6 1.3725 1.3998
7 2.5125 2.707
5 1.4925 1.6217
4 2.0775 2.1274
6 2.1675 2.0655
4 1.86 1.8847
4 0.7875 0.5921
7 2.1075 2.1773
4 0.855 0.3005
6 1.2675 1.3404
6 1.0125 0.8874
7 0.225 0.2655
7 1.9875 2.023
4 0.1575 0.3791
5 2.19 2.1485
6 1.0875 1.1649
4 2.4825 2.7465
5 0.7275 0.4281
6 0.39 0.4984
6 2.61 2.7328
7 1.5075 1.5229
6 2.325 2.4521
5 2.6325 2.5796
5 0.105 0.3498
6 1.425 1.4801
4 0.81 1.0417
7 2.34 2.4314
5 1.5525 1.6431
7 2.6625 2.4143
6 2.745 2.5038
7 1.2 1.2425
7 0.7875 0.7674
5 0.15 0.5283
5 0.1875 0.2557
4 0.66 0.9067
4 2.0175 2.0939
7 0.735 0.7696
5 2.7525 2.5911
6 0.3075 0.2994
6 1.935 1.9388
4 1.2075 1.4173
6 2.235 2.3014
7 1.4625 1.4085
6 2.0925 2.2159
6 1.08 0.9753
6 2.7975 2.679
5 0.4275 0.4378
7 2.2275 2.2733
6 0.945 0.9039
7 1.5225 1.5617
7 0.5925 0.5561
4 2.8575 2.2505
4 1.1175 0.6243
6 1.7925 1.7947
7 1.02 1.1027
6 2.745 2.8055
7 0.21 0.2381
4 0.51 1.0297
6 1.0275 1.2053
5 2.01 2.0938
7 0.4875 0.4812
6 2.865 2.7572
4 2.1975 2.4827
5 1.605 1.7544
5 1.605 1.5888
7 1.4625 1.5345
6 0.6825 0.6052
5 2.55 2.3408
4 0.7125 0.6219
4 1.9425 2.1244
4 0.435 0.4386
4 2.34 2.0511
6 0.6225 0.3783
6 0.165 0.1194
4 1.215 0.9414
6 0.3375 0.7394
6 1.5675 1.6001
5 2.91 2.6432
5 0.945 1.0745
6 1.2675 1.2053
5 2.925 2.5789
5 0.4725 0.3056
6 0.1575 0.1763
7 2.3325 2.3502
4 1.6125 1.6433
6 0.1575 0.4858
7 2.775 2.7015
5 0.81 0.3389
4 1.2825 1.3392
7 1.7775 1.8052
4 0.7875 0.2614
4 0.2625 0.4292
4 1.6875 2.0265
4 0.6 0.3986
7 0.5325 0.688
4 0.825 0.7166
4 0.9375 0.6825
7 2.9925 2.8653
6 1.4925 1.4669
4 2.775 1.5635
7 1.77 1.8198
5 1.575 1.5265
6 2.31 2.4061
6 0.03 0.3311
6 2.6175 2.6876
6 1.515 1.5931
4 2.3775 2.5182
6 0.8175 0.7014
5 0.795 0.5129
4 2.4075 2.6494
7 1.9725 1.9799
6 1.3125 1.2378
7 0.9375 0.9528
6 1.9425 1.9873
7 2.4525 2.5161
4 0.135 0.2858
7 0.72 0.5195
4 0.6975 0.3657
7 2.6775 2.8009
4 2.3925 2.6866
4 2.6325 2.7946
5 2.925 2.6631
5 2.805 2.5262
7 0.75 0.5552
6 2.1075 2.1354
6 1.815 1.8423
6 1.4775 1.5233
5 0.9225 0.8758
5 0.9 0.9199
7 1.035 1.0431
5 1.26 1.2135
5 2.2425 2.5973
7 2.4825 2.4726
7 2.565 2.7102
7 0.8025 0.6737
6 2.91 2.7886
6 2.46 2.5936
7 0.735 0.3941
5 0.5925 0.8428
6 1.0875 1.0511
4 2.4375 2.4818
7 2.6925 2.5019
7 0.8475 0.8307
4 1.245 0.785
5 2.685 2.5867
7 0.72 0.6305
4 0.5325 0.427
4 0.9 0.7085
5 2.805 2.522
7 0.09 0.399
5 1.92 1.9284
7 1.515 1.4139
7 0.81 0.9312
7 0.4575 0.3995
4 0.12 0.4127
6 1.875 1.8713
5 0.39 0.3782
6 0.7875 0.7961
7 2.9925 2.852
4 2.52 2.7098
5 1.3725 1.228
7 0.96 0.9294
6 0.42 0.2034
4 1.2675 1.1287
4 1.68 1.5289
6 0.975 0.9771
4 0.1725 0.709
5 0.8475 0.6467
6 2.0025 2.2076
6 2.055 2.1588
5 1.425 1.4442
7 2.325 2.3343
6 2.67 2.6688
4 1.3575 1.2091
5 1.125 1.3723
6 1.695 1.7136
7 0.8325 0.7997
4 2.9775 2.5161
5 0.2925 0.5603
4 2.34 2.7014
7 2.9925 2.7813
6 0.81 0.7366
4 1.77 1.7071
6 1.0425 0.8992
4 2.6025 2.6357
4 1.38 1.5327
7 0.9 0.872
4 2.6475 2.1358
7 1.65 1.6702
4 2.655 2.6348
7 1.035 0.9524
5 0.225 0.3656
6 1.23 1.2382
6 2.3625 2.4477
4 0.165 0.6606
7 0.9 0.9097
6 2.1675 2.3091
7 1.7325 1.6217
6 1.5525 1.5934
6 2.1675 2.0983
5 0.6075 0.2529
7 1.65 1.6421
4 2.25 2.1587
4 1.62 1.6934
7 1.4475 1.5043
7 2.595 2.7901
7 0.1875 0.3468
5 0.6225 0.4471
4 2.4525 2.6259
6 1.38 1.3446
7 0.15 0.2889
4 1.3875 1.5843
7 2.7675 2.8435
7 0.57 0.5831
5 2.76 2.7356
6 0.4875 0.7724
5 2.8425 2.6145
7 1.8975 1.9612
5 2.43 2.4912
4 2.4675 2.7202
7 2.5875 2.5395
5 0.9975 0.7407
5 2.7075 2.6253
4 1.155 1.171
6 1.44 1.509
7 0.555 0.2495
6 1.2825 1.3118
7 1.1925 1.1779
5 1.935 1.8995
7 0.1725 0.2742
5 2.4 2.7278
6 2.5125 2.5564
5 0.1875 0.3745
6 2.3475 2.5013
7 2.2425 2.2154
4 1.26 1.1533
7 0.0225 0.2326
5 0.4575 0.5019
6 0.5625 0.4383
7 0.3525 0.1726
6 1.815 1.8396
6 0.27 0.289
5 0.1725 0.5051
6 0.12 0.177
5 2.8725 2.7032
5 1.6725 1.7674
6 2.4225 2.5894
4 2.475 2.6701
6 0.45 0.2433
4 0.885 0.6381
4 2.8575 2.5381
5 0.39 0.169
5 0.015 0.5522
7 1.1325 1.1528
6 1.9125 2.0919
4 1.065 1.0582
5 0.405 0.3395
7 0.42 0.3638
6 1.0125 1.0403
5 1.86 1.8853
5 1.125 1.1246
6 2.2425 2.4142
5 2.4525 2.6946
7 0.285 0.2348
6 2.7 2.7263
7 0.045 0.2057
4 0.2775 0.3997
7 1.1475 1.0377
4 2.9475 2.5768
5 2.5425 2.6226
6 2.7075 2.5825
4 1.725 1.8223
7 1.4775 1.4403
4 0.225 0.3911
6 1.365 1.4584
7 1.02 1.1448
5 1.59 1.6094
5 1.0725 1.1794
7 0.015 0.3531
4 2.1975 2.3956
7 0.8775 0.9214
6 2.1 2.2135
4 0.3675 0.3391
5 2.265 2.1893
7 0.795 0.7848
6 1.2675 1.2658
7 0.45 0.2966
5 1.785 1.7178
5 2.61 2.5195
7 1.2675 1.2538
4 0.8325 0.3281
5 1.1325 1.0274
4 2.5725 2.2708
5 1.2075 1.1266
7 1.5825 1.5934
4 0.7125 0.7739
4 1.245 1.2648
6 1.245 1.2329
7 0.9075 0.7795
5 0.795 0.8099
5 0.8325 0.7783
6 2.5725 2.644
6 2.955 2.6397
7 2.8275 2.7217
7 2.505 2.8107
7 2.6175 2.7878
7 1.0125 1.0424
5 1.965 2.0021
4 0.0825 0.4411
6 1.8225 1.8856
5 2.5425 2.5617
4 0.78 0.6401
7 1.8975 1.8217
6 2.0175 2.0953
6 2.2425 2.145
7 0.945 1.0361
4 1.395 1.5004
7 0.3 0.2137
7 0.84 0.8741
6 1.305 1.3644
6 0.735 0.8049
7 1.8525 1.9199
5 1.29 1.3654
6 0.39 0.3697
7 2.64 2.7515
7 2.2275 2.3497
6 2.025 2.1249
4 2.355 2.592
6 1.62 1.7079
4 1.9575 1.4137
4 2.5275 2.6383
5 2.295 2.674
4 2.7825 2.5308
6 0.195 0.4
5 0.36 0.3942
5 0.4425 0.5815
4 2.5125 2.3175
7 1.575 1.5454
5 2.4525 2.5874
5 1.8 1.8373
5 0.4275 0.5371
7 1.8975 1.8856
6 0.435 0.4421
4 1.215 1.0833
7 0.6225 0.6732
7 1.9275 1.8961
4 1.4625 1.5942
7 1.4925 2.9147
4 2.025 2.3557
4 2.3775 2.4296
7 0.2175 0.2534
7 2.3625 2.2741
6 0.8025 0.7253
7 2.955 2.8512
4 2.475 2.5861
6 0.495 0.6682
7 0.8025 0.8438
4 1.5 1.329
4 2.355 2.6473
7 2.94 2.8889
7 2.4375 2.5587
5 1.5075 1.5453
6 1.7775 1.748
7 0.9675 1.0454
6 1.7775 1.6751
6 2.07 2.1649
5 0.825 0.4277
5 0.2625 0.2934
6 2.0775 2.2652
5 1.695 1.735
5 2.7675 2.6651
5 2.7675 2.7153
7 0.1425 0.2715
4 1.5375 1.5745
6 2.2725 2.2283
5 2.7375 2.7196
7 1.7775 1.8463
4 1.2 1.296
7 1.5225 1.4956
7 2.985 2.7069
5 1.3275 1.3743
6 2.19 2.4506
6 1.875 1.8605
6 0.8325 0.8283
6 2.1825 2.2834
7 2.3175 2.364
7 2.43 2.7172
7 1.9725 2.0349
5 2.3775 2.5937
7 1.275 1.3271
4 1.185 1.1471
6 0.3675 0.4213
4 1.53 1.6546
5 1.5 1.3893
6 1.8675 1.9191
6 2.6775 2.6994
4 0.0225 0.3679
5 1.0575 0.9069
4 2.61 2.6338
6 2.775 2.6789
7 0.2325 0.2804
4 0.855 1.1534
6 0.6675 0.7741
6 0.0825 0.2895
7 2.6775 2.6761
5 0.45 0.5046
4 0.6825 0.5547
4 2.6175 2.6816
4 2.37 2.7341
6 0.2175 0.3907
7 1.4775 1.4992
7 1.815 1.8447
6 0.7575 0.8726
6 1.5 1.4336
5 0.4425 0.6771
4 1.68 1.8419
7 1.125 1.1868
5 1.08 1.0244
7 1.6275 1.6645
6 2.91 2.5745
5 2.505 2.5899
5 2.5725 2.6452
6 0.36 0.2903
4 2.3025 2.4085
4 1.1625 1.2099
7 0.045 0.4489
5 2.37 2.5261
6 1.4775 1.5161
7 0.165 0.2887
4 2.19 2.6146
4 2.835 2.2949
6 2.7225 2.6472
7 2.67 2.6115
4 0.5775 1.1803
6 2.94 2.2457
6 1.095 1.2282
7 0.5925 0.2119
5 0.105 0.3119
7 0.8175 0.7996
6 1.6425 1.4608
7 0.345 0.3756
6 2.7 2.589
5 2.2725 2.6103
7 1.65 1.6396
4 1.635 1.5662
5 0.915 0.8524
6 1.7925 1.765
4 0.51 0.332
6 0.7425 0.6645
4 0.6675 0.4307
6 1.425 1.3896
5 0.5625 0.2973
7 2.175 2.2319
6 1.965 1.9456
5 0.4575 0.4686
4 2.355 2.6051
4 0.525 0.7251
5 2.37 2.3956
5 1.0725 0.9344
6 0.0525 0.2143
7 2.31 2.2775
4 1.7175 1.9012
7 0.39 0.2274
6 1.26 1.415
5 2.7075 2.7468
4 0.2775 0.2396
4 0.66 0.9323
4 1.8675 2.2128
6 0.0375 0.1849
6 1.1775 1.0375
6 2.2725 2.1674
5 0.4725 0.464
7 2.1075 2.1091
4 1.8 1.7679
4 0.9525 1.303
4 1.5675 1.3883
7 0.4725 0.4884
6 1.7325 1.676
7 0.9525 0.8814
4 0.105 0.5706
7 0.3825 0.2307
7 1.53 1.4592
4 2.2575 2.619
5 1.8 1.7971
6 0.2925 0.7476
6 2.715 2.7678
6 1.845 1.788
5 2.7225 2.6977
6 2.64 2.6835
5 1.2675 1.2117
5 2.5575 2.6117
5 1.065 1.2161
4 2.5575 2.5694
7 0.0525 0.2379
7 2.5425 2.5859
6 2.31 2.3881
7 0.51 0.2921
7 2.46 2.6537
5 0.8625 0.2914
7 2.205 2.173
7 0.0975 0.1991
6 1.6275 1.6616
4 0.72 0.4091
4 1.56 1.676
7 2.25 2.264
6 1.3875 1.2867
6 0.6825 0.4388
5 2.175 2.6238
5 2.775 2.7006
5 1.965 1.9833
6 0.3 0.4201
4 0.2925 0.4059
4 0.3975 0.7016
4 2.76 2.5802
6 2.4375 2.4791
7 2.805 2.7613
4 0.3675 0.4193
5 2.715 2.6732
4 0.93 0.9239
6 0.585 0.5429
5 0.3075 0.556
6 0.7125 0.7741
5 1.545 0.4177
4 1.4925 1.1759
7 0.135 0.164
5 0.81 0.748
7 2.76 2.7452
6 1.1025 1.0684
4 1.215 1.0396
4 2.85 2.6418
6 2.325 2.587
5 2.7525 2.6404
4 2.145 2.5393
5 1.5075 1.3921
7 2.8875 2.7502
5 2.175 2.2932
7 1.4025 1.3791
6 2.1975 2.2806
5 0.1425 0.3698
7 1.5525 1.561
4 1.245 1.1911
4 1.035 1.0123
4 0.315 0.3837
5 0.465 0.2239
5 1.725 1.8591
5 2.5425 2.4045
5 2.2875 2.2795
7 2.895 2.5361
5 2.9025 2.5674
4 1.8 1.9926
4 0.2775 0.5064
5 0.225 0.3635
4 1.2375 1.1541
6 0.1875 0.2333
4 2.58 2.4746
5 0.9675 0.9255
5 0.165 0.3836
6 2.355 2.3893
4 1.3425 1.4168
5 1.32 1.1939
4 1.0425 0.788
4 2.445 2.575
5 1.38 1.3775
4 1.4925 1.4374
5 2.2275 2.6856
4 2.6025 2.712
4 0.585 0.3676
4 2.7075 2.6823
7 1.8075 1.7722
4 1.005 0.7608
4 0.6525 0.444
4 0.9825 0.905
4 2.5725 2.6027
7 2.655 2.7174
6 0.705 0.3024
6 1.9575 1.8494
6 1.3275 1.4037
5 2.505 2.6718
4 2.3175 2.4806
5 2.9925 2.7342
4 0.9675 0.9517
7 2.475 2.5783
4 0.36 0.4355
6 2.325 2.327
5 1.35 1.3359
7 1.1325 1.228
4 2.8275 2.6497
4 2.3925 2.5133
7 2.4 2.4964
6 0.9975 0.9951
7 1.5 1.5698
6 1.3275 1.3081
5 2.325 2.0476
6 2.04 2.0107
6 2.565 2.7044
4 2.3625 2.4074
4 1.2525 1.1679
7 2.3325 2.2085
7 1.9575 2.059
5 0.285 0.3622
5 1.77 1.8832
6 0.9075 0.548
5 1.11 1.1084
4 0.525 0.3736
4 2.835 2.5925
4 0.5475 0.3479
6 2.5875 2.4674
7 1.2525 1.2616
4 1.395 1.3597
7 1.0875 1.0074
4 0.4725 1.0147
7 1.32 1.2223
4 1.5 1.5852
6 1.17 1.1398
4 1.2975 1.4635
4 1.4475 1.5577
5 1.005 0.9388
6 2.31 2.2111
4 0.3 0.4276
5 2.5575 2.7875
4 2.7825 2.5801
7 2.4975 2.5109
4 0.8625 0.5088
7 2.625 2.4136
4 1.2525 1.438
6 2.8275 2.7284
7 0.225 0.3317
5 0.9825 0.9452
4 0.99 1.1777
5 2.5125 2.2495
5 2.115 2.0029
6 1.9725 1.9522
4 2.31 2.5177
4 2.2725 2.6417
5 2.4 2.2622
6 2.7975 2.6894
4 1.5675 1.7332
6 0.1125 0.2947
5 2.43 2.3238
6 2.355 2.2811
5 1.89 1.8624
4 2.58 2.708
7 1.32 1.3197
7 1.455 1.4071
4 2.6775 2.5458
7 2.85 2.7783
6 0.735 0.907
6 1.5675 1.6054
6 2.955 2.5645
7 1.53 1.5648
6 0.8775 0.9296
7 2.8125 2.8374
4 1.59 1.5812
7 0.93 1.0041
6 0.5025 0.2263
6 1.2675 1.2999
4 2.01 2.3177
5 2.1525 2.1941
4 2.445 1.9741
4 2.4375 2.5213
6 2.1225 2.11
7 0.4575 0.4802
4 0.06 0.609
7 1.1925 1.2638
7 0.45 0.3198
4 0.525 0.3695
4 1.1775 1.1991
6 1.665 1.5924
4 2.625 2.3813
5 2.1975 2.5161
5 0.1875 0.2171
7 2.6025 2.4867
6 1.155 1.0482
4 1.695 1.8969
4 0.24 0.3712
7 1.98 1.9196
4 2.625 2.5967
4 1.59 1.894
4 1.065 1.2714
7 2.3925 2.4817
5 1.29 1.1238
6 2.4825 2.6444
6 1.1625 1.0125
5 1.68 1.6609
7 2.46 2.5874
5 2.5125 2.0766
4 0.2175 0.3078
5 0.0375 0.3217
6 2.6925 2.7521
7 1.95 1.8778
5 1.35 1.3659
5 2.4975 2.3444
4 2.2275 2.5514
4 2.685 2.3439
4 1.9275 2.5207
5 2.94 2.6793
6 2.2725 2.386
6 0.57 0.1905
4 0.9375 1.0093
4 2.2575 2.5139
4 2.04 2.3529
7 0.57 0.4747
6 0.21 0.7539
5 0.42 0.3599
5 2.64 2.3967
5 1.8375 1.9008
6 0.8325 0.9198
4 2.91 2.4036
6 0.72 0.4307
5 1.425 1.5207
4 1.065 1.241
7 2.4675 2.5448
6 1.65 1.6262
4 1.515 1.9643
7 0.525 0.2261
5 0.3 0.8094
6 1.0275 1.0738
4 1.395 1.356
5 0.78 0.5538
7 0.5775 0.4283
4 1.2675 1.175
7 0.3825 0.5088
5 0.6 0.8575
5 1.2975 1.2773
6 2.3625 2.6252
4 1.4325 1.5647
5 0.1125 0.3329
5 1.56 1.7246
4 1.9575 1.7785
7 2.415 2.3821
5 0.51 0.3511
7 1.1775 1.1858
5 1.0725 0.9714
6 2.5875 2.7691
5 2.73 2.6433
4 1.71 1.8861
7 0.42 0.2062
5 2.1675 2.0172
5 0.975 0.9528
6 1.905 1.8951
5 2.025 2.0469
5 1.605 1.624
4 0.87 0.5912
6 0.39 0.6216
4 2.01 1.9033
7 1.935 1.9014
7 2.0325 2.0369
6 2.1975 2.1299
4 0.6675 0.4983
4 1.14 0.9141
6 1.77 1.7923
4 1.32 1.5285
4 0.8625 0.5152
4 0.6 0.448
5 0.3975 0.7049
7 2.2725 2.253
5 2.79 2.6051
5 1.875 1.6806
5 0.855 0.4023
4 0.6525 0.5321
6 2.22 2.5215
5 1.425 1.4409
4 0.66 0.4934
5 1.14 1.1257
4 2.2875 2.0883
4 2.0775 2.0495
4 0.6525 0.3433
6 1.2675 1.2807
4 1.9575 1.6926
5 2.34 2.5416
5 1.4325 1.5021
4 1.215 1.4957
4 1.98 2.2019
7 2.7075 2.7755
6 2.6775 2.7726
4 2.175 2.4157
4 0.81 0.829
7 0.6075 0.5029
7 0.7875 0.9482
7 1.2525 1.1584
5 1.725 1.7537
6 1.665 1.6473
5 0.3 0.7674
4 0.6375 0.4764
6 0.48 0.2382
4 1.3275 1.4773
6 1.845 1.8883
7 0.1125 0.1506
5 1.6425 1.6721
7 0.12 0.2353
5 1.7025 1.7268
5 0.0675 0.2961
7 1.56 1.5641
4 2.37 2.5732
4 0.5925 0.2496
5 0.5775 0.6328
5 2.505 2.6755
4 1.1625 1.1533
4 2.115 2.4595
4 0.675 0.363
6 2.4525 2.6733
6 2.55 2.6341
7 1.7475 1.8376
5 2.475 2.5622
6 0.9975 0.8999
7 1.0875 1.079
6 1.44 1.466
6 1.0425 0.9802
6 1.905 1.9423
4 0.135 0.3492
6 1.59 1.5311
7 1.725 1.6866
4 1.6875 2.0287
5 1.8 1.7805
5 0.72 0.386
6 0.285 0.475
4 0.48 0.8365
4 1.005 1.1808
4 1.5225 1.603
6 1.17 1.1797
7 2.34 2.3934
5 0.495 0.458
6 0.705 0.8292
4 0.705 0.7692
4 1.32 1.3198
6 0.9225 0.8037
5 1.155 1.2252
5 1.29 1.2472
6 1.98 2.0504
7 0.015 0.2856
6 1.125 1.1676
6 0.4125 0.3565
7 0.405 0.3377
6 2.205 2.1144
7 0.42 0.2235
7 0.3075 0.5119
6 0.4425 0.3024
5 0.435 0.2908
5 1.185 1.1745
7 0.33 0.1993
4 1.8375 1.8638
6 0.99 1.1009
6 0.48 0.2595
5 2.43 2.7734
5 0.0225 0.2387
4 0.6825 0.4516
6 1.8 1.7629
7 1.5375 1.5627
6 2.6025 2.722
7 1.1175 1.1111
4 0.2325 0.4581
7 0.855 0.905
5 0.6225 0.2665
5 2.6775 2.7727
5 1.5075 1.5201
7 1.1175 1.1071
7 2.52 2.4156
6 1.8825 1.8149
5 1.44 1.3562
6 1.3875 1.3348
5 0.09 0.2925
4 1.9425 2.4583
5 0.9 0.946
5 2.01 2.1304
5 2.025 2.1984
7 0.1575 0.2389
6 2.46 2.487
5 2.3625 2.2637
4 0.33 0.3444
4 2.0625 1.9478
7 1.6425 1.7497
7 2.205 2.1448
6 2.775 2.8318
4 1.4325 1.6614
5 0.42 0.3366
6 2.445 2.4936
6 0.21 0.1878
6 1.785 1.7699
6 0.885 0.7857
4 0.375 0.6029
7 0.375 0.2739
6 0.3675 0.3297
6 0.045 0.1857
6 1.875 1.8543
4 0.27 0.3513
6 0.21 0.2592
7 2.3775 2.5327
6 0.3675 0.2618
6 1.395 1.4541
4 0.2475 0.3228
4 2.2125 2.6382
5 1.305 1.3397
5 2.8425 2.7356
5 1.395 1.2394
6 0.1425 0.3445
7 2.6775 2.6315
4 1.74 1.6605
4 2.4975 2.3915
4 0.0375 0.5103
6 1.4925 1.5006
7 1.7775 1.7647
6 1.6275 1.5513
5 0.84 0.3626
6 1.035 1.0574
5 2.9325 2.7603
7 1.725 1.6747
4 1.74 1.804
7 1.2675 1.3181
6 2.4375 2.3727
5 1.2 1.194
5 1.2825 1.2421
5 1.065 1.0194
6 0.465 0.1705
7 2.8725 2.725
5 1.38 1.3315
7 0.615 0.4773
4 1.4475 1.3421
4 0.6675 0.5411
7 2.565 2.6982
7 1.0575 1.0701
5 2.67 2.2003
4 1.26 1.2656
4 2.2575 2.5028
5 0.69 0.801
6 1.3275 1.4729
4 2.1675 2.0902
5 0.8175 0.7114
7 0.765 0.6038
4 1.4925 1.5676
4 1.6725 1.7578
6 1.2675 1.3712
7 1.98 2.044
4 2.34 2.1688
6 0.6675 0.8157
5 2.4075 2.5073
5 2.6925 2.6766
5 0.075 0.5757
5 2.8275 2.6795
6 2.0025 1.8096
6 0.0375 0.1782
6 0.1725 0.2652
4 1.53 1.3583
5 2.565 2.619
6 1.3875 1.3012
7 2.4675 2.4699
7 1.155 1.1694
4 0.4725 0.9213
4 2.6025 2.638
4 0.2325 0.3143
6 1.9575 1.9978
4 1.275 1.4197
7 1.7175 1.7863
6 0.51 0.4594
7 1.74 1.78
5 2.3925 2.492
6 2.3625 2.5271
5 2.46 2.548
5 0.72 0.7277
6 1.4025 1.366
4 0.615 0.5056
7 0.2175 0.3307
5 2.7075 2.6459
4 0.5025 0.5083
4 1.0425 0.893
5 1.245 1.3318
6 1.1475 1.2118
7 2.1975 2.3034
7 2.43 2.4576
7 0.48 0.6759
7 1.1025 1.1171
4 0.96 0.7136
6 0.8775 0.8896
7 2.25 2.2494
4 0.3825 0.5407
4 2.22 2.5915
6 2.4075 2.588
7 2.25 2.3315
4 2.64 2.7072
5 1.05 0.9306
6 2.46 2.5248
4 1.605 1.3506
4 0.3825 0.4281
5 2.925 2.6789
4 1.41 1.5349
6 0.435 0.2122
6 0.15 0.2931
6 0.72 0.8644
5 2.4525 2.2027
4 2.1225 2.0308
4 0.6225 0.359
5 2.265 2.2566
7 1.2525 1.2613
6 0.54 1.1114
4 2.3775 2.1473
7 2.0025 1.9353
5 2.58 2.6514
6 2.0175 2.0128
5 1.5375 1.5957
6 0.735 0.3699
5 2.0475 2.0207
7 0.585 0.6448
7 1.6425 1.6019
4 2.0775 2.3274
4 2.445 2.5894
7 1.44 1.4149
5 1.6725 1.6448
6 1.7325 1.7768
5 2.19 2.1826
4 1.245 1.3901
7 0.8775 0.8213
5 2.235 2.6089
4 0.675 0.7577
7 2.4 2.2111
7 0.99 1.0911
6 2.1675 2.0237
4 1.845 1.8978
4 1.05 1.0108
5 1.4025 1.3577
6 2.9025 2.773
4 2.8875 2.5634
5 2.085 2.1517
5 0.12 0.4361
7 2.4375 2.5639
4 2.2275 0.3595
6 2.1375 2.0733
4 0.87 0.8966
6 1.815 1.986
5 2.97 2.7487
5 2.46 2.5554
6 2.4225 2.7424
5 2.0775 2.2472
4 1.29 1.224
5 0.81 0.4074
5 1.245 1.323
5 0.4725 0.3745
5 0.645 0.4425
4 0.345 0.4006
6 2.3325 2.583
4 0.135 0.5162
6 1.4025 1.4202
5 2.1375 2.4978
4 1.7325 1.6688
4 0.21 0.4611
4 1.9425 2.1747
7 1.335 1.3209
5 2.91 2.572
5 2.6175 2.6234
6 2.6475 2.7339
6 0.0675 0.2614
4 2.8725 2.6479
4 2.7825 2.6794
7 2.565 2.4674
7 2.4825 2.386
4 2.3475 2.5747
7 0.24 0.3915
6 0.315 0.304
5 2.745 2.4644
4 0.5325 0.3179
6 0.6825 0.635
6 2.745 2.6052
4 0.3675 0.5364
4 1.875 2.127
4 1.395 1.3079
5 1.17 1.1688
4 2.5725 2.6025
5 1.125 0.9527
6 0.2625 0.2037
5 1.23 1.3114
6 0.0825 0.2107
7 0.945 0.9124
4 0.2625 0.4949
5 0.87 0.4585
4 1.6875 1.5984
5 2.625 2.6726
6 1.9575 1.8694
4 2.625 2.498
7 0.645 0.5842
4 2.2575 2.5047
4 1.71 1.9208
5 2.2575 2.1633
6 1.5675 1.5528
5 0.93 0.8987
7 0.7275 0.7544
5 1.77 1.8208
7 2.19 2.2186
6 1.095 1.0793
5 1.2975 1.2378
7 2.625 2.9101
7 0.5325 0.5105
6 1.65 1.6459
7 1.6425 1.6421
6 2.535 2.4597
4 0.8625 0.4058
7 2.6475 2.7586
4 0.96 0.9655
5 2.835 2.592
4 1.305 1.244
5 2.25 2.1061
7 2.895 2.6869
4 2.25 2.5901
6 1.8225 1.9043
7 1.605 1.5749
4 1.8 1.6751
4 0.5475 0.471
5 2.16 2.1564
7 2.775 2.7358
6 2.91 2.5241
4 1.8075 1.9251
5 2.8275 2.7392
5 0.165 0.2794
6 2.6925 2.647
5 2.4 2.508
7 0.9375 0.9028
5 2.7375 2.7368
4 1.9275 1.9329
4 2.115 2.2141
5 0.6825 0.5111
6 2.865 2.7806
6 0.435 0.2316
7 0.96 1.0513
4 1.95 1.8241
4 0.0075 0.4884
4 0.5175 1.009
6 1.4775 1.5707
6 1.92 1.9289
4 1.4625 1.4145
6 0.4875 0.5119
7 0.435 0.3246
5 1.2075 1.2102
6 1.155 1.169
4 2.8425 2.6348
6 1.7925 1.796
4 2.0625 1.8184
5 1.26 1.147
6 1.0125 0.9476
5 1.635 1.5317
6 0.03 0.2301
6 2.3325 2.4459
5 0.8475 0.3412
4 1.05 1.0617
4 0.4425 0.3274
4 1.5675 1.5757
7 1.4775 1.4409
6 0.735 0.6139
7 2.295 2.1492
5 1.3275 1.3728
4 2.355 2.5691
5 1.0425 0.8268
6 0.405 0.7052
5 2.94 2.7428
5 0.435 0.4196
7 2.4825 2.6123
4 1.0725 1.251
5 2.49 2.5077
5 0.3075 0.3182
5 2.46 2.6729
6 1.9125 1.8674
6 0.555 0.5995
7 0.435 0.496
5 2.76 2.4794
4 2.7675 2.5359
7 1.0875 1.1412
6 2.655 2.7306
6 1.245 1.2508
4 2.73 2.5976
6 1.4325 1.5087
6 0.03 0.4492
7 1.275 1.282
4 1.35 1.3835
6 0.5175 0.2962
5 2.9325 2.7275
7 1.815 1.6939
5 2.1 2.6127
5 0.3525 0.5651
5 1.2225 1.2901
6 1.7175 1.731
4 1.2375 1.0639
5 2.805 2.5925
4 2.3925 2.4765
6 0.3525 0.2905
6 1.305 1.2413
7 1.5075 1.454
7 1.635 1.6428
4 2.52 2.7017
6 1.1175 1.068
6 0.9075 0.7812
5 1.125 1.1585
7 0.345 0.2115
7 0.7125 0.6167
6 0.5175 0.6444
7 0.6 0.5418
4 0.0 0.3267
7 2.4375 2.7638
4 1.635 1.678
5 1.425 1.519
7 2.7975 2.8205
7 2.9925 2.8301
7 0.54 0.598
5 2.055 2.1779
7 2.145 2.2057
7 0.5025 0.4506
6 2.9925 2.7195
5 1.155 1.2451
5 1.53 1.7263
4 0.105 0.3999
7 0.9 0.824
4 1.6725 1.6448
7 0.885 0.8159
7 2.0775 1.0829
6 0.1725 0.2275
7 1.05 1.1444
4 0.1125 0.4503
7 2.07 2.036
4 0.0075 0.3694
4 2.745 2.6545
7 1.2825 1.2066
7 1.245 1.1963
4 1.29 1.2597
7 0.3 0.2121
4 1.65 1.791
6 0.0375 0.1797
6 1.2525 1.2835
6 2.325 2.7509
4 0.225 0.4331
4 2.2275 2.6819
6 1.47 1.4453
4 1.395 1.4513
4 0.7125 0.394
4 0.06 0.3928
5 2.235 2.5726
4 0.435 0.5459
4 1.875 2.1395
6 2.6925 2.4477
6 2.07 2.0278
7 2.07 2.0438
6 0.21 0.4135
7 1.815 1.8664
7 0.69 0.3747
5 1.455 1.7306
5 0.2625 0.2212
6 1.08 1.1131
4 0.225 0.4536
4 1.5525 1.4866
6 0.42 0.7963
4 1.08 1.1464
6 1.95 1.9131
4 0.285 0.7165
7 0.0075 0.4059
7 0.33 0.1813
5 1.335 1.2762
7 0.2175 0.1942
7 1.02 1.0546
4 2.25 2.5519
7 2.115 2.1312
7 1.47 1.5168
4 1.905 2.6233
6 2.295 2.3236
7 2.0775 2.1264
6 0.1125 0.2677
7 2.5575 2.6563
5 2.8425 2.5679
7 0.8775 0.8463
7 1.965 1.9144
4 2.13 1.938
4 2.0025 2.1824
7 1.1475 1.0316
7 1.905 1.9435
5 2.565 2.5621
6 2.325 2.2686
7 1.0125 0.9319
6 1.9275 1.8337
7 0.705 0.7009
4 0.4725 0.3376
7 0.225 0.463
7 2.475 2.4085
7 0.1875 0.2602
6 2.7375 2.7212
7 2.1825 2.2061
5 1.485 1.5961
4 2.3175 2.211
6 1.5075 1.449
4 1.4475 1.5359
7 0.12 0.4623
6 0.69 0.7558
5 2.97 2.5878
5 1.98 2.1508
4 2.82 2.4286
5 0.255 0.4061
5 2.5875 2.4834
6 2.0325 2.0177
4 1.2825 1.1716
4 1.605 1.5962
4 1.44 1.3155
5 2.28 2.5227
5 0.0525 0.3253
5 2.16 2.1189
5 2.8875 2.4248
6 1.7625 1.7608
4 1.9725 2.445
5 2.2425 2.6411
4 0.105 0.4348
4 1.1325 1.1933
6 1.0275 1.0331
7 1.395 1.3734
7 0.9825 1.069
7 2.925 2.775
4 2.8425 0.9909
6 1.4775 1.3924
4 2.1075 2.5773
7 1.2375 1.2561
7 2.7825 2.8124
6 2.46 2.7365
4 1.56 1.61
5 1.7175 1.7668
5 0.42 0.3987
7 2.235 2.3464
6 2.7825 2.7732
4 1.0875 0.973
7 0.21 0.2728
6 1.2225 1.1809
5 2.4075 2.2596
4 0.645 0.9223
4 0.975 0.9544
6 0.7575 0.7904
6 1.995 1.9135
7 1.665 1.6343
7 1.05 1.1487
6 0.45 0.4279
7 0.195 0.2343
6 2.985 2.7053
4 1.5375 1.5077
4 2.415 2.6144
5 0.18 0.3751
5 0.1425 0.3509
4 0.1575 0.9927
6 0.72 0.6998
6 0.81 0.9802
7 1.1025 1.1153
6 0.5925 0.3282
7 2.7675 2.3657
4 0.6 0.5522
7 1.11 1.075
4 2.1825 2.6031
7 2.4225 2.6101
4 1.38 1.2761
7 2.7375 2.7408
5 2.4975 2.399
5 2.8575 2.6605
5 2.1225 2.1657
7 0.9675 0.9409
4 0.585 0.5033
5 2.175 2.291
4 1.7775 1.6145
5 0.0 0.2824
4 1.1625 1.4442
5 1.6425 1.6089
7 2.685 2.78
4 0.555 0.4355
5 2.925 2.6717
5 0.69 0.4597
5 2.085 2.0951
5 2.6175 2.7774
7 0.24 0.2436
4 2.9925 2.6995
6 1.785 1.7505
5 2.9925 2.6711
6 1.8825 1.8669
5 0.855 0.8667
6 2.19 2.2102
7 2.1225 2.1798
4 2.415 2.4519
5 1.86 1.8256
4 0.4875 0.4826
4 2.0775 2.1248
5 1.0425 1.0219
5 2.0175 1.9144
5 0.1875 0.3299
6 1.8 1.7688
7 2.7675 2.7823
6 2.145 2.118
5 2.0325 2.0037
7 2.3775 2.4135
6 1.6125 1.6155
6 0.6 0.6448
6 0.0 0.3368
4 2.5275 2.3741
6 2.295 2.5378
7 2.64 2.5081
6 0.915 0.8319
5 0.2775 0.4131
4 0.7875 0.9014
5 0.15 0.4222
5 2.3175 2.5528
4 0.7575 0.5473
5 1.02 0.9625
5 1.845 2.0318
6 1.1325 0.9777
7 0.5775 0.5396
7 0.555 0.3947
4 1.545 1.6725
5 0.1875 0.5645
4 1.4775 1.4989
6 2.775 2.7203
7 1.095 1.1233
4 0.6525 0.6671
7 2.8875 2.5903
6 0.195 0.3827
7 1.2525 1.2668
6 1.38 1.2148
7 1.755 1.7781
7 0.8925 0.8919
7 0.435 0.1776
6 0.6225 0.3942
4 0.96 1.0905
5 1.14 1.0721
7 2.13 2.064
7 0.8625 0.8989
5 2.685 2.7777
4 2.79 2.5146
6 0.735 0.4009
5 2.7375 2.5417
5 2.595 2.5729
4 1.5975 1.5571
6 2.1075 2.1746
6 2.0925 2.133
7 2.6325 2.7887
6 2.0625 1.7941
5 0.165 0.6045
5 2.505 2.5627
6 0.165 0.2855
7 0.945 0.9659
5 0.4425 0.5838
4 1.0125 0.6289
6 2.4225 2.3719
5 2.9475 2.6763
6 2.6775 2.6484
6 0.8175 0.808
4 2.01 1.778
6 2.3175 2.6213
7 0.6675 0.7665
5 0.8025 0.3209
6 1.2 1.1356
6 0.0225 0.2212
7 0.2625 0.245
5 0.81 1.002
7 1.485 1.6095
6 0.225 0.3205
6 2.4 2.7983
7 1.8825 1.8698
4 2.805 2.6581
5 1.3125 1.3382
5 2.67 2.6041
5 2.1075 2.2478
4 2.8875 2.7712
7 0.8925 0.8145
4 1.035 1.0095
7 0.63 0.3623
5 0.435 0.4294
4 1.7325 2.0898
4 0.945 0.7889
4 1.725 1.717
5 2.295 2.554
5 2.5725 2.2503
7 0.8175 0.8247
7 2.49 2.7337
6 1.7175 1.6963
5 0.3975 0.7713
4 2.445 2.5714
5 1.2 0.9328
4 0.99 0.9529
7 0.375 0.2775
5 1.1025 0.7533
6 2.9025 2.4209
4 1.5675 1.5704
4 0.72 0.2732
5 0.855 0.8067
4 1.5075 1.3991
7 0.1725 0.3481
7 1.095 1.1404
6 0.405 0.4433
7 2.805 2.7278
7 1.11 0.9757
6 2.9775 2.8642
6 0.045 0.3582
6 2.2725 2.1283
5 2.0775 2.1042
7 2.265 2.321
7 2.43 2.3953
5 2.7075 2.7853
4 0.75 0.5478
7 0.15 0.1729
7 2.01 2.0615
4 0.75 0.4093
6 0.8775 0.9518
5 1.155 1.2078
6 2.07 2.0775
6 1.29 1.2391
5 0.18 0.5173
4 1.74 1.5388
5 0.1275 0.4008
6 2.1375 2.1215
7 2.8125 2.6389
6 0.7425 0.7005
6 1.2075 1.1224
5 1.7025 1.7827
4 2.835 2.6979
7 2.9925 2.7435
4 0.255 0.3284
4 2.28 2.5228
7 0.1125 0.2855
4 2.49 2.7131
7 0.2175 0.1963
6 2.2575 2.3605
6 0.8325 0.9089
4 2.5125 2.495
6 2.6625 2.5655
4 1.35 1.2675
7 0.6 0.6398
6 1.5675 1.6
6 2.94 2.7785
7 1.1625 1.1122
5 2.655 2.2607
4 0.45 0.4636
6 2.655 2.7412
6 2.4675 2.7525
6 1.3575 1.353
7 0.5025 0.5596
4 0.525 0.3349
4 0.0825 0.3982
6 1.0725 0.9575
4 2.0625 2.455
5 0.5025 0.2725
6 2.91 2.8037
4 0.0825 0.3945
6 0.3525 0.2865
5 2.88 2.578
5 0.7275 0.7596
7 1.3425 1.4572
4 2.6325 2.5786
5 0.555 0.4152
7 1.59 1.5376
5 1.755 1.7704
7 1.665 1.6714
6 2.4 2.5475
7 2.1 2.0298
5 2.94 2.4888
7 0.93 0.9102
7 2.115 2.0903
4 0.105 0.6278
5 0.8775 0.8004
5 2.235 2.7151
4 1.8075 1.8238
7 2.205 2.2085
5 1.095 1.1698
5 1.665 1.5679
6 0.7575 0.7905
7 0.795 0.648
4 2.0175 2.0713
4 0.24 0.4248
7 0.2025 0.3027
6 2.2125 2.2349
6 2.895 2.7644
7 2.43 2.5254
6 1.2525 1.3211
7 1.3725 1.4244
5 0.2025 0.2501
7 2.8275 2.7442
5 2.985 2.7132
6 2.6475 2.6503
5 2.4675 2.6189
7 1.05 0.9895
7 0.18 0.2242
6 1.2375 1.2478
6 1.125 1.1279
6 0.255 0.3368
4 1.0575 0.7967
4 1.395 1.2718
7 1.365 1.3092
7 0.48 0.0944
4 1.0125 0.6383
6 2.1975 2.1177
7 1.815 1.8034
7 2.2575 2.343
6 2.49 2.5572
6 1.5675 1.5739
7 2.88 2.8043
4 0.1575 0.2847
7 2.205 2.2399
7 2.8275 2.6217
7 2.655 2.818
7 2.7 2.8273
5 0.0825 0.3517
6 0.6 0.2798
4 2.505 2.1732
4 0.3675 0.697
7 1.4625 1.5497
4 2.16 2.6548
6 0.3375 0.3621
5 0.7275 0.3043
4 1.785 1.9383
6 2.55 2.6737
4 0.975 0.8993
7 1.8 1.7468
4 2.73 2.6678
7 1.9875 1.928
4 0.8325 0.6906
4 1.6275 1.5421
4 1.5825 1.425
6 1.6425 1.6844
7 0.69 0.5625
4 0.885 1.0083
5 0.135 0.4985
5 1.6875 1.7818
7 2.31 2.4571
5 2.2875 2.4053
6 0.8025 0.7429
5 2.1075 2.0751
7 2.3475 2.4613
6 1.6725 1.7747
5 2.865 2.7716
7 0.66 0.5131
5 2.8875 2.6722
6 1.5225 1.5322
6 0.12 0.3732
6 0.675 0.3384
5 2.685 2.7347
7 0.855 0.9133
6 0.315 0.2188
7 2.8275 2.7663
5 1.5675 1.6127
5 0.87 1.1887
6 1.4625 1.5422
4 0.2775 0.3699
5 0.12 0.3322
6 2.9175 2.7912
6 0.24 0.2272
5 2.4975 2.6388
5 2.0175 2.0256
5 2.49 2.5203
7 1.08 1.0653
5 0.4725 0.3453
4 1.6425 2.0401
6 2.85 2.7172
5 2.565 2.8281
6 2.355 2.4468
7 0.1725 0.2418
5 1.71 1.7735
7 1.755 1.7067
4 2.8425 2.7268
6 1.7175 1.7157
5 0.3375 0.4161
6 2.5575 2.5851
6 1.1925 1.2173
7 0.4275 0.1989
5 0.075 0.3598
5 2.2275 2.0077
6 2.925 2.7088
5 0.39 0.8882
4 1.365 1.3836
7 1.0425 1.1224
7 0.36 0.2693
6 2.0325 2.1735
6 2.85 2.2942
5 0.9825 0.8848
6 1.17 1.1845
4 0.2475 0.4853
6 0.6825 0.4898
7 2.1825 2.4426
5 2.2575 2.1577
5 0.0675 0.3159
6 2.3925 2.2987
6 2.5425 2.223
6 1.965 1.9027
5 0.0375 0.332
5 0.8775 0.6098
5 1.695 1.6366
7 0.345 0.1912
6 2.085 2.1488
6 0.3825 0.2693
5 1.35 1.5293
5 2.595 2.6529
6 0.435 0.6977
4 0.9375 0.8612
7 2.1675 2.2752
5 2.4 2.6267
6 0.5925 0.6751
6 2.1975 2.1311
6 2.82 2.5594
6 1.2525 1.3092
4 2.3775 2.5145
4 0.72 0.3044
4 1.4175 1.6445
7 0.1725 0.3107
7 2.175 2.2051
6 1.335 1.2862
7 1.5675 1.5636
5 1.2 1.2314
5 2.34 2.5945
5 2.37 2.6331
6 2.4225 2.5529
7 1.0275 1.0921
6 2.07 1.9996
7 0.225 0.3404
7 0.57 0.5828
4 2.82 2.7336
7 1.665 1.7042
6 0.7275 0.889
4 1.065 1.0318
6 0.99 0.9902
5 0.945 0.7522
7 1.0575 1.1376
5 2.91 2.6191
7 2.4825 2.4064
5 2.7225 2.5758
5 0.075 0.4018
5 2.7525 2.4606
5 1.05 0.9149
6 0.06 0.2908
5 0.8025 1.1022
7 2.6025 2.5471
5 2.925 2.1889
6 2.2875 2.1718
7 1.3575 1.3623
6 0.03 0.3749
6 1.4025 1.3394
4 2.805 2.4829
5 0.7725 0.4327
7 0.0525 0.2612
7 0.21 0.2648
7 2.1375 2.0968
4 1.62 1.4932
7 1.26 1.2729
5 2.34 2.6187
5 2.7525 2.7749
6 1.7625 1.7668
5 1.0275 1.0553
5 2.8725 2.6656
4 1.4325 1.3297
7 2.5425 2.6055
6 0.7575 0.4783
7 1.185 1.2404
4 2.5275 2.6328
4 0.18 0.4015
6 1.2825 1.2216
7 2.9925 2.7561
5 1.8675 1.9724
4 0.66 0.7081
4 2.025 1.6755
4 2.5875 2.6343
7 2.8425 2.8462
4 1.86 1.7861
7 0.795 0.7375
7 0.705 0.451
5 1.7325 1.5355
6 1.02 0.8082
6 1.485 1.5764
7 0.7125 0.3846
6 1.62 1.6236
7 2.1 2.2155
4 1.7325 1.6442
7 1.635 1.7123
5 0.1875 0.2827
7 1.965 1.1777
7 2.25 2.2035
5 2.6175 2.7806
4 2.865 2.1412
7 0.165 0.2023
4 2.5575 2.6737
7 0.8925 0.8298
6 0.6225 0.4507
5 2.0025 2.0199
5 0.1575 0.5146
7 2.46 2.6704
7 1.5225 1.6723
7 1.635 1.5782
7 1.155 1.1641
7 1.9125 1.8598
6 2.0175 2.0942
7 1.545 1.5322
7 0.2325 0.0376
6 2.1525 2.2513
4 1.6575 1.8203
5 2.595 2.4029
6 0.825 0.6244
7 0.705 0.5691
5 2.46 2.2134
7 2.7825 2.7344
7 0.5475 0.3371
7 2.2425 2.2607
5 1.92 2.0723
7 2.0475 2.0318
4 2.055 2.0546
7 0.0375 0.2952
4 0.6525 0.288
7 2.0925 2.0675
7 1.3875 1.3955
5 0.2475 0.2275
6 0.0075 0.1623
5 0.4575 0.3319
7 2.64 2.7841
4 0.2025 0.3355
7 2.865 2.6653
7 0.7575 0.7891
4 0.0375 0.3694
6 1.695 1.6496
7 2.5575 2.6325
5 2.9325 2.3293
7 0.69 0.6852
4 2.805 2.6109
5 1.8375 1.923
6 1.3425 1.2877
4 0.6 0.361
5 0.9825 0.8953
7 2.085 2.0772
5 2.415 2.652
4 1.83 1.4373
6 2.1975 2.0939
5 2.025 2.1841
6 1.905 1.9235
5 2.1675 2.5714
4 2.1375 1.9345
4 0.5925 0.5035
5 2.8275 2.5445
6 2.61 2.5251
6 0.5925 0.3681
6 2.43 2.6341
5 0.3075 0.2032
4 2.5575 2.5242
5 0.3825 0.7436
4 0.405 0.407
7 1.2975 1.2751
7 1.1175 1.0643
6 2.2725 2.4434
4 0.705 0.4201
6 0.5625 0.6231
7 0.1575 0.2117
4 1.4175 1.4805
7 1.0725 1.0059
7 1.62 1.6143
5 2.0925 2.0275
5 2.865 2.6802
6 0.8325 0.8497
5 0.9825 0.7899
6 2.145 2.3047
7 1.7925 1.7504
4 2.1 2.1588
5 2.49 2.7369
6 2.0175 2.2039
4 0.9825 0.9153
7 1.26 1.2824
4 1.1925 1.0695
7 1.935 1.9075
7 0.4425 0.491
6 1.6875 1.647
7 1.2975 1.2619
5 1.47 1.499
6 0.7575 0.6504
7 2.07 2.0368
4 0.2025 0.3799
7 1.5 1.4657
4 0.0975 0.3701
4 1.1175 0.8417
6 1.7625 1.7739
5 0.8325 0.9193
5 0.2175 0.3313
4 1.0875 0.9613
6 0.6 0.5184
6 0.15 0.2754
4 1.0125 0.6314
4 1.065 0.7314
4 0.465 0.335
7 2.01 1.9358
4 2.7375 2.4682
4 2.835 2.2117
7 1.0875 0.9999
6 0.0675 0.4246
6 2.2425 2.493
6 2.025 2.0649
5 0.0825 0.3516
7 1.23 1.2511
4 1.71 1.9067
6 2.4975 2.5104
7 1.515 1.3773
5 1.5225 1.5141
7 0.045 0.1601
5 0.1125 0.2738
4 1.755 1.6268
6 0.3225 0.2352
5 2.4 2.4521
6 1.7775 1.7964
4 2.5425 2.4745
5 2.8425 2.5942
5 2.67 2.563
5 1.77 1.6659
5 1.56 1.6411
4 0.465 0.3841
7 1.905 1.9325
6 2.61 2.7615
4 2.67 2.7393
6 1.5675 1.4682
4 0.5175 0.2578
7 2.8125 2.6459
4 2.295 2.0825
7 0.9825 1.0263
5 2.94 2.6684
7 2.145 2.1901
4 1.74 1.6323
5 0.4275 0.287
5 1.7025 1.7353
4 1.6575 1.3978
5 2.6775 2.6077
6 2.91 2.6554
5 2.1075 2.5635
7 0.9525 1.0294
6 0.9 0.8683
7 0.8925 0.9101
6 0.4575 0.2746
7 0.06 0.2724
7 0.0375 0.3072
5 0.885 0.4661
6 0.9525 1.058
4 1.0275 0.8522
6 0.0675 0.4416
4 2.805 2.6781
4 0.2925 0.478
4 1.02 0.7188
5 2.0775 1.92
4 1.7175 1.7367
6 1.6275 1.6581
4 2.565 2.7449
7 0.2475 0.2306
7 2.2575 2.1392
4 2.7225 2.476
4 2.055 2.3555
5 2.715 2.5286
5 2.8425 2.717
6 1.845 1.8565
4 2.5425 2.7419
4 0.7575 0.6457
5 0.06 0.5274
5 2.0475 2.2618
7 2.46 2.7247
5 0.6975 0.8347
4 0.225 0.4678
7 0.495 0.4836
6 0.615 0.697
6 0.135 0.258
4 1.605 1.7283
6 0.5625 0.703
4 0.78 0.4274
5 1.515 1.4365
7 1.245 1.2396
6 2.1525 2.1101
7 0.7425 0.8776
7 1.635 1.6554
7 1.0275 0.9821
5 0.3825 0.3489
7 2.7375 2.7009
5 0.2925 0.5205
6 0.1425 0.1788
6 2.475 2.5453
5 2.6475 2.7287
6 0.6375 0.7158
6 1.965 1.9456
6 0.3075 0.2505
7 0.375 0.2627
6 1.23 1.1425
6 0.12 0.4042
5 2.775 2.8743
4 0.465 0.9041
7 2.3175 2.2959
6 1.6725 1.6608
7 1.68 1.653
7 1.365 1.3428
7 1.1775 1.1605
6 0.8925 0.9001
4 2.07 2.5326
6 0.39 0.3119
5 1.215 1.236
7 2.43 2.4655
5 1.6725 1.6555
6 1.02 1.0595
6 1.0725 1.0401
6 2.3175 2.7292
4 1.185 1.3997
5 0.075 0.4041
7 1.335 1.3263
4 1.365 1.4153
4 1.215 1.1219
5 2.2125 2.2048
6 1.9875 2.0163
4 2.5425 2.1973
6 1.575 1.6165
7 1.3575 1.3597
7 1.725 1.6883
6 0.4575 0.3742
7 1.8 1.7639
7 2.7075 2.7263
5 0.21 0.3421
7 2.4525 2.7009
7 1.005 1.0849
6 1.2375 1.217
5 2.34 2.2106
7 1.965 1.8908
6 0.7875 0.742
5 2.805 2.5398
6 0.3225 0.2173
5 0.9075 0.8326
5 2.67 2.5962
6 2.46 2.7047
4 1.455 1.443
5 1.5525 1.4411
7 1.4325 1.3834
5 1.3425 1.3337
5 2.3775 2.5792
4 0.315 0.5134
6 2.9175 2.359
4 2.79 2.5872
6 1.4025 1.3646
5 1.9125 1.8683
7 0.105 0.2117
5 1.6275 1.5542
5 2.5725 2.2633
6 2.655 2.8075
7 2.9475 2.7955
6 1.98 2.0182
4 0.915 0.9421
7 0.0525 0.3127
5 1.665 1.6223
7 0.15 0.1554
7 2.895 2.7614
7 2.4675 2.6566
6 1.38 1.3554
4 0.645 0.7811
5 2.4 2.3837
7 2.52 2.5751
6 0.3075 0.4119
5 0.6675 0.7539
6 1.575 1.5696
5 1.38 1.4502
7 0.66 0.7021
5 0.1725 0.47
6 0.645 0.2145
5 1.1025 0.9709
7 0.2475 0.2114
4 1.3575 1.4616
5 2.1975 2.6537
6 2.5725 2.511
6 2.415 2.5273
6 1.305 1.2054
4 1.3875 1.3917
4 0.9075 0.8658
7 0.96 1.0372
5 2.265 2.6979
4 2.5875 2.6473
6 1.635 1.6285
5 2.6925 2.787
6 0.525 0.3204
4 0.9825 1.1755
5 1.2825 1.1756
6 2.145 2.2905
6 0.5925 0.7721
5 1.1475 1.2319
5 2.97 2.5511
7 2.6025 2.6296
4 2.505 2.6905
4 2.6775 2.4516
4 0.8775 0.8048
6 1.005 0.8743
7 2.2725 2.2056
4 2.2275 2.5538
7 0.72 0.7523
7 0.1575 0.2408
7 1.695 1.6596
5 2.865 2.5499
4 1.5225 1.6615
6 2.0475 2.0952
4 2.5425 2.3748
4 0.9075 0.9702
6 0.06 0.2855
5 1.98 2.2182
6 0.4125 0.5586
7 1.4325 1.3929
6 1.7025 1.6546
6 1.2825 1.1419
6 1.95 1.8978
5 2.37 2.2751
4 0.1875 0.6527
4 1.3575 1.3145
7 0.03 0.1446
6 0.33 0.3973
4 1.38 1.2655
7 0.465 0.6201
7 2.16 2.0731
6 0.36 0.4762
4 1.17 0.8906
6 0.1725 0.4546
7 1.65 1.6051
6 1.7175 1.7271
7 1.695 1.5666
4 0.855 0.668
6 0.3 0.3466
5 0.195 0.2303
6 1.6275 1.7363
6 2.25 2.2214
5 1.785 1.7769
6 2.7075 2.5172
6 1.395 1.3758
4 0.3825 0.5762
6 2.7975 2.5823
5 1.8975 1.9469
7 0.495 0.2628
4 0.09 0.5551
4 1.965 1.7847
7 2.5125 2.5509
5 2.895 2.7106
4 0.0225 0.1983
4 0.7575 0.919
4 1.335 1.2413
5 2.7375 2.737
5 2.2725 2.376
4 0.5475 0.4031
7 1.77 1.8572
5 1.02 0.8129
5 1.2 1.297
6 0.135 0.3944
7 0.6225 0.7153
6 1.0275 1.0578
4 0.15 0.5308
4 2.61 2.6048
7 2.4525 2.3464
7 1.635 1.6752
4 1.83 1.8778
5 2.4975 2.7032
4 2.8125 2.5218
6 1.065 1.0326
6 1.05 1.1
5 0.8175 0.7944
4 1.2525 1.3359
6 2.5275 2.4176
4 0.165 0.2905
5 1.1325 1.2481
7 0.4425 0.7314
7 2.835 2.6348
6 2.67 2.5271
7 0.0075 0.1963
6 0.555 0.5559
7 1.83 1.8422
6 1.65 1.6224
6 2.5875 2.8354
4 2.1825 2.593
7 0.0975 0.53
6 1.4625 1.4207
6 2.6025 2.6985
5 0.9675 0.9598
4 1.7175 1.8352
7 1.9875 1.9683
4 2.1375 2.0397
5 1.95 2.0616
5 0.6675 0.408
5 2.7675 0.8055
6 2.7075 2.6175
4 2.1675 2.5776
4 1.6725 1.6749
6 1.6725 1.6029
4 1.92 1.8961
6 0.705 0.5553
5 1.9125 1.8476
5 2.9475 2.6531
4 0.375 0.3973
4 2.325 2.3833
7 1.005 1.1026
5 2.7525 2.6401
5 1.875 1.9611
5 0.105 0.2611
4 2.8575 2.6133
6 1.2675 1.1873
4 0.525 0.3792
7 1.38 1.4299
4 1.1775 1.0302
4 2.73 2.7284
4 1.5975 1.4252
4 0.975 0.773
4 0.96 0.7419
4 1.215 1.1753
4 2.1 2.2172
7 0.3075 0.3862
6 2.31 2.0846
7 0.945 0.9287
7 0.1875 0.1131
7 1.6575 1.623
7 0.075 0.332
5 2.9775 2.6891
4 0.0 0.3029
5 1.7325 1.8019
7 0.57 0.5822
4 2.265 2.5638
5 2.265 2.5689
6 0.78 0.6278
5 1.9125 1.9556
5 1.53 1.4453
5 0.555 0.7573
6 2.0925 2.31
5 2.46 2.4793
6 2.1825 2.0323
7 2.865 2.8
4 1.2675 1.1584
4 1.845 1.8008
7 0.4125 0.2537
5 1.9125 1.8269
7 1.845 1.8844
5 0.4275 0.321
6 1.155 1.2857
5 0.5775 0.3712
5 0.615 0.5473
7 0.6075 0.5459
4 1.0875 0.923
4 1.0125 1.4036
4 2.34 2.4464
6 1.38 1.3692
7 2.955 2.8642
4 2.8125 2.6146
7 0.015 0.3312
7 0.3675 0.2233
5 1.2 1.1354
7 2.2725 2.1715
6 1.4925 1.3483
5 1.1025 1.0952
5 2.4 2.3005
5 2.9325 2.4019
4 1.23 0.5391
6 0.105 0.2534
5 1.5825 1.443
4 2.415 2.2937
7 0.2025 0.2602
6 0.9525 0.9211
4 0.1575 0.3331
6 0.12 0.3586
7 0.57 0.6655
6 1.5675 1.68
4 2.0475 2.6539
5 1.08 1.2051
5 1.56 1.3844
5 0.5475 0.9113
4 2.16 2.2765
7 2.4975 2.6012
6 0.915 0.9598
7 1.1325 1.1797
4 0.1725 0.6581
6 0.5625 0.4119
6 1.47 1.4808
5 2.1 2.0432
7 2.2425 2.3249
5 2.13 2.3478
5 1.2225 1.0551
7 2.385 2.2798
6 1.3125 1.3296
5 0.075 0.3398
5 2.28 2.6297
6 2.1075 2.2649
5 1.4475 1.5636
4 2.0325 2.4972
4 0.21 0.5537
4 2.52 2.6355
7 1.6575 1.6713
6 2.4075 2.3421
7 2.985 2.6491
6 2.1825 2.199
4 0.1875 0.3485
5 1.905 1.8798
5 0.135 0.2307
6 0.9 0.7807
4 0.1575 0.3076
7 0.51 0.2982
4 2.415 2.1544
4 0.48 0.7563
4 2.73 2.4819
5 0.69 0.3713
5 1.4775 1.482
4 1.8 1.7759
5 1.9125 1.9034
5 1.5375 1.5282
5 1.8075 1.7169
4 1.74 1.66
4 0.1275 0.2325
5 1.47 1.3779
7 1.935 1.8474
5 2.3775 2.6847
7 0.8325 0.7651
4 0.24 0.4787
6 1.725 1.6458
4 0.2175 0.5245
4 0.225 0.4744
5 1.0125 0.7976
7 1.9725 1.9032
4 2.6625 2.4449
5 0.3225 0.6524
7 0.765 0.6502
4 2.28 2.6058
7 1.2225 1.1732
6 1.4625 1.3586
6 2.2425 2.3797
6 0.2625 0.4671
5 2.13 2.2867
6 2.3175 2.6745
5 2.385 2.5725
4 2.7075 2.6388
5 0.3075 0.7677
5 0.165 0.2426
6 0.0975 0.3741
4 1.9425 2.1406
5 2.0925 2.2722
6 2.8125 2.779
4 1.4925 1.3554
4 1.6725 1.5165
6 0.99 0.9132
7 0.0 0.427
4 0.015 0.6992
7 0.3525 0.1106
5 0.2475 0.2393
7 1.095 1.1282
7 1.65 1.6492
6 0.4425 1.305
7 1.935 1.8536
6 1.275 1.245
4 2.0625 2.275
7 1.335 1.302
6 2.88 2.6577
6 1.905 1.886
5 0.39 0.4637
4 2.295 2.7364
4 2.37 2.5939
6 1.74 1.5833
4 2.1975 2.5925
5 2.6025 2.7354
6 0.4425 0.2113
7 2.655 2.6498
7 2.94 2.9168
5 0.375 0.5628
6 1.98 2.0704
7 1.575 1.5496
7 0.42 0.3007
7 0.885 0.9488
4 2.4525 2.6509
7 2.025 2.0154
5 2.175 2.4433
7 1.3425 1.2815
4 1.095 1.2103
5 1.4025 1.5241
4 2.805 2.7123
4 2.3625 2.2882
7 0.015 0.2127
5 2.9025 2.6823
5 2.73 2.7197
5 1.7475 1.6997
5 2.7075 2.7334
7 1.65 1.6436
6 0.1125 0.4849
4 0.4275 0.3878
4 1.3575 1.2719
4 1.005 1.3115
4 1.1175 1.2352
4 2.7675 2.4927
6 1.02 0.9522
6 1.605 1.6032
7 2.52 2.447
5 1.92 1.997
7 1.08 1.0213
5 2.1525 2.068
4 2.715 2.5113
6 1.1775 1.1281
4 1.245 1.2456
7 1.605 1.5269
6 2.9175 2.7717
5 1.5525 1.746
7 0.3225 0.1531
6 2.9625 2.3236
4 2.2875 2.0322
4 0.7575 0.6626
5 1.98 2.1089
7 1.275 1.3105
4 1.6575 1.5024
5 0.9825 0.7941
6 0.435 0.2117
4 0.825 0.3361
7 0.555 0.4495
6 1.905 1.8994
4 1.05 1.1006
6 1.455 1.5503
6 2.3175 2.3532
4 1.095 0.9662
7 2.58 2.6625
5 0.5175 0.7209
5 1.83 1.6606
6 0.4875 0.355
4 2.7975 2.466
4 0.405 0.2465
7 0.495 0.4258
6 0.0225 0.4221
6 1.845 1.7515
7 1.92 1.9127
6 1.5525 1.5643
4 1.395 1.5623
4 1.41 1.5431
7 0.2775 0.3682
6 1.4775 1.3964
4 2.3625 2.0696
4 1.965 2.1826
6 1.92 1.8699
7 1.23 1.3027
5 2.6625 2.6983
4 0.8175 0.7897
6 1.785 1.809
6 1.6875 1.7397
6 0.4875 0.2458
7 1.35 1.341
5 1.7775 1.8189
6 1.4475 1.3434
4 1.6875 1.6319
7 1.125 1.1657
7 0.2475 0.3991
6 2.085 1.9981
4 1.47 1.5516
5 1.5075 1.469
5 0.03 0.2267
7 2.835 2.7608
5 0.48 0.3069
4 0.39 0.3476
6 0.8625 0.8918
4 2.67 2.4929
6 1.1475 1.1791
7 1.38 1.3823
6 1.9275 1.9248
4 2.6925 2.5421
5 2.9175 2.6635
6 1.665 1.7037
6 1.2375 1.24
4 1.5225 1.459
4 0.63 0.9259
7 2.49 2.6332
6 0.0525 0.3818
6 0.7875 0.6328
5 0.9675 0.9405
7 2.325 2.3339
7 1.425 1.4776
4 0.78 0.5575
7 1.5075 1.5344
4 1.1475 0.9318
6 0.09 0.2024
5 2.3175 2.3946
6 0.5325 0.3909
7 0.5175 0.3021
5 2.2725 2.6315
6 1.8075 1.8274
6 2.6475 2.7509
7 1.05 1.1873
6 0.4575 0.3108
6 0.885 0.8178
7 2.5425 2.6684
6 2.2125 2.3896
4 0.5475 0.4838
7 0.9825 0.9829
6 0.045 0.2231
7 1.62 1.5132
5 0.2025 0.3989
7 0.5775 0.4437
6 1.2975 1.2839
4 2.325 2.4927
5 2.58 2.7017
4 2.205 2.4014
5 0.51 0.291
6 0.135 0.3759
5 2.2575 2.2202
4 0.6 0.5139
7 1.6125 1.5811
4 0.495 0.3902
7 1.8675 1.9473
7 1.8675 1.9603
7 1.365 1.3772
6 0.9075 1.1245
5 0.99 1.0322
6 0.0225 0.2989
6 1.9725 2.1152
7 0.0525 0.2491
7 2.5575 2.7782
6 1.8825 1.8792
7 1.9275 2.0128
7 2.505 2.421
6 1.0725 1.0685
7 1.68 1.634
7 0.1875 0.3331
6 1.29 1.2789
6 0.525 0.4626
6 1.8825 1.7851
7 1.4025 1.3597
6 0.4425 0.1393
7 2.3025 2.3984
5 2.745 2.6905
6 1.605 1.6791
7 2.1075 2.176
7 1.4175 1.3617
4 0.6525 0.7496
4 1.8375 2.4079
4 1.53 1.4375
6 2.475 2.3491
4 2.655 2.7294
7 2.895 2.8824
7 0.3075 0.1591
7 2.055 2.1494
4 0.5625 0.9313
7 2.6625 2.7631
6 1.4625 1.4569
4 2.685 2.6522
6 0.765 0.4955
7 0.7575 0.8091
5 2.325 2.117
7 1.1025 1.1507
4 1.425 1.571
4 0.1275 0.4241
5 0.7575 0.4695
4 2.1 2.0677
6 2.3175 2.6127
4 1.65 1.9443
4 1.1325 1.1659
5 1.47 1.5835
6 1.59 1.7444
6 2.3775 2.6745
5 1.9275 1.8978
6 0.1575 0.3268
7 1.5075 1.5504
4 0.15 0.3612
6 0.6825 0.7215
7 0.345 0.4615
4 0.225 0.3956
5 1.77 1.8042
5 2.6775 2.5264
4 0.795 0.7697
5 1.7325 1.7998
6 1.59 1.5586
4 0.33 0.4117
6 2.34 2.3032
7 1.9125 1.9646
7 1.725 1.7256
5 2.5125 2.6882
7 1.0875 1.0729
4 2.325 2.5995
6 2.5575 2.8636
7 1.6425 1.7653
5 1.89 1.9776
5 1.1925 1.2721
7 0.5175 0.2315
4 0.9075 0.8051
7 1.02 0.9752
7 1.77 1.8176
6 2.6175 2.538
5 1.2675 1.3273
7 0.6075 0.7433
7 2.265 2.37
6 2.46 2.7301
4 1.0125 0.9918
7 2.1975 2.3442
5 0.2925 0.3177
6 2.7375 2.674
5 1.7175 1.7882
4 2.8575 2.5209
7 1.8 1.8662
5 1.2525 1.2242
7 1.59 1.5853
6 2.52 2.6934
6 2.4 2.7308
6 0.1875 0.1858
4 1.6425 1.639
7 2.52 2.6322
6 2.7075 2.5784
7 2.22 2.1389
4 2.3325 2.6515
4 0.12 0.384
5 0.3975 0.6931
6 2.055 2.0496
4 1.26 2.6324
5 1.485 1.4753
5 0.45 0.3196
7 1.38 1.3852
5 0.405 0.1969
5 2.91 2.7454
5 1.4175 1.4006
6 1.305 1.3016
7 0.3975 0.5429
7 2.8875 2.4689
7 0.0075 0.2787
7 0.8025 0.7852
4 1.2975 1.2788
4 0.2475 0.4129
5 0.0825 0.3057
7 0.8925 0.8235
5 2.91 2.6417
6 2.8725 2.6099
4 0.585 1.0093
5 2.145 2.2333
6 0.66 0.7172
4 1.32 1.2133
7 2.355 2.4289
4 1.0275 0.8259
5 1.65 1.6976
5 0.9975 0.9867
7 1.0875 1.0029
6 0.6225 0.6208
5 0.9825 0.9295
5 1.7625 1.6787
4 0.2775 0.4387
4 1.7775 1.963
7 1.11 1.0329
4 2.715 2.4597
5 1.425 1.2879
7 2.3925 2.4189
5 2.9925 2.7012
4 0.8625 0.3117
5 1.3725 1.2129
6 1.9575 1.9852
4 1.365 1.2458
7 2.04 2.1118
4 1.275 1.4317
5 2.0925 2.5773
7 2.895 2.8329
6 1.59 1.5608
7 2.5125 2.634
6 2.5425 2.682
6 0.0675 0.3005
4 1.9275 2.4584
6 0.5625 0.4839
7 2.0925 2.1524
5 0.7575 0.8609
7 2.9925 2.8096
5 0.8925 0.9587
4 1.26 1.104
4 1.5375 0.1317
7 1.905 1.9333
7 2.7825 2.8376
6 1.1025 1.0442
4 0.1875 0.7308
7 2.2125 2.21
5 2.58 2.4239
5 1.4325 1.6074
6 1.74 1.593
6 0.405 0.4118
5 0.9225 1.1004
4 0.465 0.6085
7 1.065 1.1667
7 2.5725 2.6989
7 0.105 0.1396
6 2.2725 2.3392
5 1.1775 1.1286
6 0.69 0.9004
4 2.6025 2.704
5 0.96 0.7881
5 2.7975 2.762
4 2.595 2.655
6 1.845 1.938
5 2.9625 2.8008
5 2.895 2.4964
6 1.185 1.0492
4 1.56 1.5308
5 1.4925 1.5386
5 1.71 1.7644
5 2.91 2.7049
4 2.0325 2.0721
5 1.1025 0.9831
5 2.8425 2.3262
6 2.685 2.522
5 0.8325 1.0848
7 2.355 2.3222
6 1.8075 1.7921
7 0.5775 0.4375
7 1.3425 1.3662
7 2.07 2.0909
4 1.68 1.7709
6 2.1975 2.2307
6 2.5275 2.5712
6 1.605 1.7402
4 0.75 0.3772
6 2.6325 2.704
5 1.365 1.3586
5 2.025 1.9025
7 2.3775 2.4284
5 0.7875 0.3979
4 1.32 1.2744
5 1.7325 1.7158
6 1.1925 1.1346
4 0.975 0.4434
5 1.1175 1.3349
4 1.53 1.4724
6 1.845 1.9013
4 0.0525 0.4623
5 2.3175 2.436
5 2.76 2.6619
5 1.98 2.3273
6 0.3825 0.316
4 2.55 2.6702
4 0.24 0.3871
6 0.4125 0.2105
6 2.8875 2.852
6 0.4425 0.3572
6 1.95 2.0173
4 2.2125 2.5962
5 0.3525 0.2562
7 1.6275 1.5923
7 1.3125 1.3555
6 1.0725 0.8997
5 0.195 0.6217
6 2.355 2.5435
4 2.5575 2.7319
6 2.4075 2.506
6 2.505 2.5707
6 0.0675 0.1693
5 0.7425 0.821
5 0.3825 0.4163
7 2.34 2.2772
4 1.56 1.7731
5 2.0925 2.1768
4 2.97 2.6162
5 2.505 2.6514
4 1.7475 1.7257
7 2.025 1.9685
4 0.315 0.3774
5 2.7975 2.4074
7 2.37 2.2359
5 1.8975 1.7417
6 1.95 1.9348
5 2.2725 2.1671
5 1.11 0.9367
4 1.2975 0.9476
7 2.46 2.4329
6 1.5825 1.625
7 1.6575 1.6712
7 0.375 0.2895
4 2.9775 2.6251
7 0.375 0.2681
4 1.005 0.8054
6 0.465 0.2512
6 0.3225 0.4704
4 0.8325 1.0485
4 1.845 1.7807
4 2.6325 2.0189
7 2.49 2.499
7 0.7125 0.8635
6 0.21 0.2818
6 1.8075 1.7496
7 1.3875 1.4796
5 0.1275 0.3398
7 2.055 2.1045
6 2.8275 2.7189
5 0.2175 0.5394
6 2.355 2.1091
6 0.8625 0.8958
4 1.8975 2.1993
4 0.6075 0.2368
5 0.8775 0.8064
7 0.81 0.8231
4 0.54 0.5373
6 1.335 1.4102
5 1.9875 2.0658
6 2.64 2.7915
7 1.71 1.6498
7 1.7925 1.8522
6 2.505 2.7013
7 0.8625 0.821
7 1.86 1.89
5 0.315 0.4814
4 0.21 0.8384
7 1.6875 1.7792
6 2.865 2.5432
7 1.3425 1.3228
6 2.82 2.5867
4 2.0475 2.1614
6 2.0775 1.9662
7 0.945 0.922
6 2.1075 2.2492
4 0.975 0.9238
4 1.83 1.7609
6 2.325 2.2682
5 1.26 1.5204
5 0.4125 0.305
6 1.755 1.7936
5 0.9375 0.6695
5 0.4125 0.2317
4 1.7475 1.643
7 0.855 0.835
6 0.6975 0.7477
7 0.3525 0.0781
7 2.4 2.4332
4 1.1025 1.0134
6 0.345 0.213
7 2.2425 2.2496
5 0.9375 0.3625
5 1.2075 1.1651
4 2.8575 2.6158
4 2.4825 2.5011
5 2.715 2.8245
7 2.445 2.482
6 0.54 0.8274
5 0.465 0.5378
7 0.435 0.3085
4 0.27 0.2689
4 1.2675 1.3093
4 1.2075 1.1049
6 0.06 0.2977
4 2.4825 2.0905
4 2.1375 2.0234
7 2.4525 0.0423
5 0.4425 0.2946
6 1.395 1.3202
6 2.0175 2.0234
4 1.1775 0.8611
4 0.8925 1.2865
4 0.4275 0.49
4 2.4825 2.5013
7 2.745 2.8034
7 0.045 0.3463
6 2.28 2.4929
5 0.7125 0.3476
6 2.5125 2.7338
5 0.4725 0.2846
5 1.3725 1.4347
4 0.6525 0.6169
7 0.9975 0.938
5 0.5925 0.2554
7 0.435 0.3508
6 0.7275 0.656
6 1.2675 1.1917
5 1.62 1.5476
7 2.175 2.2168
5 1.545 1.3294
6 1.0875 1.0117
5 1.4025 1.4633
7 1.4625 1.1334
7 2.9025 2.6361
4 2.235 2.3586
6 1.5975 1.54
4 0.555 0.33
5 0.195 0.4694
4 1.635 1.2558
5 0.4125 0.2751
5 1.965 1.8437
5 2.6025 2.7122
6 2.5875 2.4651
7 2.055 2.1018
5 1.8825 1.9546
5 1.905 0.7567
7 1.2375 1.216
5 0.465 0.5846
4 0.225 0.3609
5 0.315 0.2524
4 1.9725 2.1206
5 2.805 2.5732
7 0.6525 0.43
6 0.2625 0.3515
4 2.3925 2.1503
7 0.4125 0.3
5 2.8575 2.6284
7 0.96 0.9427
7 1.62 1.6161
4 0.63 1.0077
5 1.2075 1.3831
4 2.2575 2.6097
4 0.69 0.3754
7 0.135 0.3054
4 1.8825 2.0425
5 0.5475 0.5116
6 0.105 0.2148
6 2.52 2.7036
7 1.8075 1.7527
5 2.775 2.6948
5 2.9925 2.3814
7 0.7875 0.8058
5 0.9375 0.7822
7 0.5175 0.5045
6 2.3475 2.2686
5 1.995 1.8366
7 0.2925 0.2734
5 1.125 1.1814
4 0.0675 0.3668
4 1.08 1.1343
5 1.095 1.0909
6 0.42 0.3527
4 2.0025 2.0879
7 0.51 0.4243
6 0.7425 0.3269
7 2.0925 2.111
5 2.04 1.9901
7 1.9425 2.0291
4 0.8475 0.2984
4 2.415 2.5303
7 2.775 2.821
5 1.8825 1.9524
5 0.36 0.4264
4 0.75 0.4446
6 1.7775 1.7689
4 0.105 0.3198
5 2.715 2.4433
5 1.44 1.2677
5 1.3275 1.3404
5 0.66 0.4091
6 2.9625 2.7399
6 2.7 2.7949
4 0.3525 1.0104
5 0.3825 0.4308
7 1.4775 1.5488
4 1.1475 0.3741
4 1.08 0.7611
7 1.35 1.3189
4 1.995 2.6519
7 0.1425 0.293
7 1.125 1.1613
4 1.74 1.7568
7 0.6225 0.7205
5 1.695 1.4519
4 2.49 2.6445
4 1.4175 1.2441
7 0.6075 0.6506
4 1.605 1.9251
7 2.3475 2.3233
7 2.895 2.8172
6 1.725 1.6654
4 2.49 2.673
5 1.7325 1.7307
7 1.065 1.0076
5 0.5175 0.3454
6 0.5625 0.5102
4 0.36 0.0959
5 1.905 1.8624
6 1.905 1.8253
5 2.4375 2.3695
6 2.8425 2.5572
4 2.415 2.5824
7 0.6525 0.7774
5 1.7925 1.893
7 2.205 2.1277
7 0.9675 0.9605
7 1.5525 1.5688
4 2.775 2.8112
5 0.6 0.2404
4 1.14 0.8012
4 0.1575 0.3349
6 2.6025 2.6973
4 0.3375 0.4322
7 0.465 0.4964
6 0.99 0.9176
4 0.18 0.4115
5 1.7775 1.7015
5 2.6625 2.6711
6 1.92 1.8951
6 0.5775 0.3037
6 2.3325 2.6482
7 2.04 2.0856
5 0.4275 0.1721
6 1.7475 1.8007
4 1.89 1.8665
7 0.105 0.2511
6 1.2 1.3006
7 2.5425 2.5907
7 1.125 1.1894
5 2.1 2.04
4 2.7225 2.5741
6 2.2875 2.4799
7 2.535 2.4865
5 1.89 1.9439
7 2.5575 2.7466
4 0.6375 0.8896
5 0.3525 0.7092
7 1.3575 1.4181
4 0.21 0.8319
5 1.3425 1.2768
6 1.5 1.5684
5 0.27 0.4563
4 2.595 2.7261
7 2.3625 2.2382
4 2.355 2.7225
5 0.375 0.7825
5 1.3425 1.3426
5 0.2925 0.3438
5 0.4425 0.3791
5 1.5225 1.3945
6 0.9375 0.9525
5 1.7475 1.7119
4 2.43 2.5845
5 1.17 1.2824
4 2.79 2.3394
5 0.825 0.4455
7 2.25 2.3153
4 1.53 1.5136
6 1.455 1.402
4 0.6525 0.3482
5 1.1325 1.1429
7 2.7075 2.6083
4 1.1025 1.2028
5 0.0975 0.4996
5 2.4375 2.4974
5 1.095 1.2536
4 2.7675 2.2305
4 0.4275 0.2432
6 1.005 1.1579
4 1.9275 2.3638
6 0.84 0.8874
6 1.2075 1.2038
6 0.84 1.005
7 0.765 0.5693
6 1.0725 0.98
6 0.18 0.3138
6 1.725 1.7392
5 2.0325 2.0932
4 2.6025 2.1494
5 0.4125 0.6175
5 2.4375 2.5065
6 1.4775 1.4645
6 0.63 0.4696
7 2.28 2.225
6 2.4525 2.3468
6 2.2875 2.1536
7 1.65 1.5888
5 0.915 1.0473
7 1.9425 1.9611
7 2.3025 2.3994
6 1.815 1.7372
6 1.4175 1.3022
4 1.515 1.6687
4 0.18 0.4746
6 2.385 2.6354
6 2.835 2.7712
5 2.6625 2.6761
5 1.995 2.152
7 1.1325 1.1265
4 1.845 1.8872
4 1.38 1.3327
7 0.8625 0.8109
6 0.2025 0.3801
6 0.1575 0.2204
7 2.37 2.3151
4 2.4675 2.6941
7 1.365 1.4247
4 2.9325 2.7225
6 2.5425 2.6509
4 0.2925 0.5458
5 2.5125 2.4146
4 0.81 0.547
6 2.8725 2.6053
4 1.4025 1.3496
4 0.15 0.2805
7 2.4075 2.4438
4 1.3575 1.3999
6 0.225 0.4907
4 1.8375 1.9728
6 0.06 0.3058
6 0.1575 0.5489
5 0.405 0.2811
4 0.06 0.7247
6 1.23 1.2202
4 1.53 1.6251
6 2.6475 2.7687
7 1.2975 1.2609
5 1.185 1.1659
5 1.23 1.215
6 0.9075 0.968
5 2.76 2.6927
6 2.85 2.6525
7 2.16 2.2665
6 2.4225 2.3882
7 1.5525 1.6406
4 1.74 1.8112
6 1.89 1.9724
7 2.9775 2.7937
7 0.6825 0.6501
7 1.05 1.1084
7 1.275 1.3026
7 0.21 0.156
7 2.7075 2.7721
6 0.045 0.3069
6 0.36 0.2913
5 2.5125 2.5346
7 1.605 1.5532
4 1.1175 1.2353
7 0.1425 0.1501
7 1.455 1.4977
5 0.4275 0.4363
5 2.04 2.1865
5 2.52 2.7257
5 2.97 2.5552
6 0.6825 0.1936
7 0.9375 0.8971
6 0.435 0.1977
5 0.8175 0.6598
4 2.955 2.5929
4 2.2275 2.6787
4 0.795 0.5588
4 2.07 2.6872
7 2.07 2.1229
4 2.5575 2.5506
6 2.1075 2.1104
7 0.645 0.698
5 0.0675 0.3516
5 1.95 2.0184
6 0.2775 0.2884
6 0.0675 0.2299
4 2.58 2.4775
7 2.025 1.9489
5 0.7125 0.7094
4 1.8075 1.8866
6 0.7575 0.5232
6 1.935 1.959
5 0.06 0.3509
6 0.075 0.251
6 2.4375 2.5787
4 1.6875 1.5017
4 1.8825 1.5924
6 2.085 2.2322
6 1.17 1.1776
4 2.8125 2.4365
4 0.63 0.9506
7 2.175 2.2538
6 2.16 2.3513
7 2.37 2.423
7 1.005 0.9904
7 2.895 2.9156
5 1.8375 1.7428
6 1.77 1.8188
6 0.48 0.2296
4 2.5125 2.7185
6 1.5075 1.425
6 2.58 2.4359
6 1.6425 1.6591
4 1.9425 1.9321
4 1.3575 1.2492
7 0.6375 0.6101
6 2.8575 2.7195
4 1.74 1.8534
5 2.835 2.5796
5 0.1875 0.4707
5 1.29 1.3444
6 2.7975 2.7575
7 0.8325 0.6919
7 2.0475 1.9662
4 0.9075 0.52
6 0.7875 0.7224
6 2.8125 2.6018
4 0.9525 1.0656
5 1.785 1.9591
7 1.695 1.7306
5 2.0175 2.1371
7 2.6325 2.6739
4 0.0375 0.448
4 1.44 1.1586
6 1.4325 1.4795
5 2.43 2.6798
6 1.53 1.4656
5 1.5075 1.6736
5 2.97 2.6253
7 2.8125 2.6401
5 0.375 0.2954
5 0.15 0.4412
5 0.81 0.7146
4 2.655 2.2746
4 1.005 0.9919
5 0.2625 0.5116
5 0.8625 0.8318
5 0.0075 0.8127
5 0.66 0.4442
5 1.575 1.452
4 1.9425 1.9097
4 0.5625 0.5734
5 1.83 1.8491
7 1.7175 1.7222
7 1.2675 1.2929
6 2.61 2.6067
4 1.7175 1.9924
5 2.9025 2.6045
5 1.695 1.6642
5 0.1275 0.2522
6 1.6575 1.5595
4 2.5725 2.6722
5 0.0975 0.3314
7 2.3025 2.2576
5 2.775 2.6402
6 0.375 0.2248
7 0.5175 0.6405
4 1.9875 1.8127
7 2.0775 2.0066
6 0.42 0.3366
7 1.4175 1.4331
4 1.6725 1.7933
4 2.1825 2.3964
4 2.535 2.6757
5 1.515 1.4253
5 1.23 1.285
4 2.5125 2.6447
6 0.9225 0.8924
5 1.95 2.1089
5 2.385 2.6473
6 2.19 2.2293
5 2.6325 2.5861
6 0.5325 0.2901
7 0.6825 0.6567
4 1.4625 1.3106
4 0.2775 0.4121
6 1.245 1.2459
7 2.535 2.7511
7 0.57 0.745
5 0.075 0.3515
4 0.4725 0.5778
5 1.3575 1.3884
6 1.71 1.6267
5 1.155 0.9606
7 2.1525 2.2689
7 0.225 0.466
7 0.93 0.8867
5 1.14 1.1411
7 2.2125 2.3527
6 2.2725 2.3204
6 1.08 1.097
5 1.59 1.6068
6 0.6675 0.6663
4 1.5825 1.2934
6 1.3575 1.1897
4 0.795 0.8128
5 2.7675 2.3852
5 1.6725 1.6165
7 1.395 1.4951
5 0.0075 0.4487
6 1.7475 1.8361
5 2.1375 2.2796
4 0.4425 0.7802
5 1.2975 1.2876
4 0.195 0.3394
6 2.5275 2.5919
5 2.475 2.708
6 0.225 0.4218
6 2.8425 2.658
7 2.205 2.1504
4 1.5675 1.4885
7 2.3325 2.5492
5 0.855 0.6239
6 2.565 2.7227
6 1.4625 1.4235
4 2.0775 2.247
6 2.1375 2.1819
6 0.27 0.363
5 1.4025 1.3479
5 1.575 1.6243
5 1.29 1.19
7 0.8625 0.8193
4 1.005 0.6473
6 2.055 2.2044
5 0.54 0.4961
4 1.2375 1.2456
6 2.94 2.7037
5 1.1325 0.9498
5 2.7825 2.629
6 2.865 2.5411
7 0.8175 0.7057
4 2.58 2.5052
4 1.41 1.2471
4 0.195 0.4798
6 0.045 0.2022
5 2.1375 2.2087
7 2.475 2.3221
6 2.67 2.7801
4 1.6425 1.6977
7 1.8975 1.9636
7 2.565 2.4192
4 1.545 1.5081
7 1.6275 1.6717
4 2.0025 2.1064
4 1.5675 1.6201
5 2.8875 2.7488
5 1.5675 1.6516
5 1.095 0.9789
6 2.625 2.5124
4 1.6425 1.6196
5 2.31 2.3084
5 0.0525 0.3356
6 2.895 2.4125
6 0.9975 1.0213
7 2.82 2.5779
5 0.2025 0.3964
7 2.9925 2.7412
5 0.9825 0.9314
7 2.9625 2.7028
5 2.775 2.7468
7 0.9825 1.0197
5 0.465 0.5856
5 2.9775 2.6756
6 2.235 2.0924
6 1.155 1.181
6 0.9675 0.9088
5 0.18 0.3826
5 2.415 2.2448
5 0.495 0.4671
6 0.3075 0.2134
7 1.2 1.1952
7 2.385 2.3557
4 1.305 1.3291
5 0.6675 0.7118
4 0.2025 0.5646
7 2.4 2.4916
7 2.8425 2.5425
6 2.5725 2.7212
7 0.6975 0.641
5 2.4075 2.307
4 2.31 2.0451
5 1.305 1.2746
5 2.9475 2.2105
5 0.78 0.412
7 1.665 1.6858
5 2.745 2.666
4 2.1975 2.6286
4 2.865 2.6375
6 0.6225 0.4712
5 0.0 0.2612
7 2.115 2.0452
4 0.465 0.7548
5 1.68 1.6129
7 1.6125 1.5614
5 0.0375 0.302
7 1.68 1.6386
5 2.2575 2.1325
5 1.8225 1.7109
4 2.985 2.5043
7 2.4 2.3254
7 1.68 1.6393
7 2.7975 2.6608
4 1.8675 1.945
7 0.8625 0.7892
6 0.6975 0.7207
6 0.975 0.9324
7 0.405 0.2737
7 1.2975 1.2952
6 0.525 0.145
4 0.7275 0.9072
6 0.9375 0.9698
5 1.8 1.8515
7 2.3175 2.4018
6 0.81 0.749
5 0.06 0.6506
5 1.6275 1.7201
7 1.7175 1.7621
6 0.435 0.3749
5 0.66 0.3001
4 0.54 0.6046
4 1.365 1.3113
6 0.72 0.3585
5 2.595 2.5925
4 1.2225 1.1805
7 0.3 0.2164
6 2.685 2.2168
7 0.9975 0.9711
4 0.615 0.7174
7 1.425 1.4891
6 0.675 0.3496
7 1.47 1.3569
7 0.39 0.3703
5 1.6575 1.662
4 1.7475 1.7447
5 1.89 1.7677
5 0.225 1.3872
7 1.0725 0.9677
5 1.2075 1.2776
5 1.3575 1.3207
7 0.6675 0.491
4 0.6375 0.3942
5 0.42 0.632
7 0.0975 0.1901
5 2.7825 2.5106
7 0.6675 0.4912
7 0.21 0.2031
4 2.6625 2.6579
6 1.4325 1.5204
7 2.1075 2.2664
4 2.175 1.9957
6 2.4375 2.3268
6 0.9 0.9849
7 2.1 2.0341
7 2.16 2.2532
6 2.0175 1.9801
6 1.545 1.5376
6 0.375 0.513
7 0.2475 0.2212
5 1.98 2.012
7 0.0525 0.4606
5 1.9125 1.9027
6 1.935 1.89
7 1.545 1.6668
6 2.3625 2.33
5 1.71 1.5932
7 2.7675 2.8338
6 1.05 0.9813
5 1.4775 1.3547
7 1.26 1.2906
5 0.9075 0.7548
6 1.4625 1.4284
6 0.8925 0.8175
4 1.035 1.2456
6 1.4775 1.5443
7 0.855 0.9328
6 1.0725 1.095
5 1.02 1.0349
7 0.0825 0.3548
5 2.88 2.6321
7 1.68 1.704
5 2.34 2.3271
6 2.58 2.4178
5 2.5875 2.5207
5 2.7225 2.5555
4 0.93 0.7706
5 0.5325 0.7682
5 0.8475 1.035
6 1.77 1.8534
4 1.0725 1.315
4 1.02 0.8676
7 0.8175 0.9472
6 1.1025 1.1103
5 0.975 0.8483
7 1.4625 1.4249
7 2.0025 2.0882
4 0.5175 0.2081
6 1.4025 1.4551
6 2.3625 2.7507
4 1.92 1.6777
4 2.7225 2.3664
5 2.8875 2.6037
5 0.03 0.2865
6 0.1575 0.2432
6 0.285 0.2274
7 0.2025 0.1655
5 2.985 2.6697
4 2.9025 2.5959
7 2.91 2.8356
4 1.125 0.7008
4 0.0 0.4199
7 2.1675 2.1974
7 1.485 1.4085
5 1.29 1.3368
4 2.8275 2.6081
6 1.545 1.5601
7 1.9875 2.0448
6 1.485 1.4639
7 1.5375 1.5286
7 2.46 2.4677
4 0.4425 0.4625
5 1.3425 1.5215
4 2.43 2.4727
7 0.405 0.3829
6 2.7525 2.5492
5 2.865 2.596
5 0.255 0.4619
5 0.7875 0.8965
6 2.04 2.2496
6 1.605 1.552
7 2.1 2.1698
4 2.1 1.9085
5 1.7475 1.7991
6 0.6525 0.6178
6 2.6775 2.6687
7 2.145 2.2484
4 0.2925 0.4725
7 0.045 0.336
4 2.6625 2.7916
7 0.105 0.1467
7 1.0275 1.0264
7 0.6525 0.5418
6 0.5925 0.261
6 1.2 1.178
4 0.2475 0.8285
7 1.05 1.167
4 1.5375 1.715
7 0.5325 0.6086
7 1.32 1.3882
7 0.18 0.2803
7 2.46 2.6521
7 1.6875 1.6761
4 2.07 2.654
4 0.09 0.3397
4 1.935 1.6834
7 0.03 0.2231
7 1.755 1.6994
6 2.1525 2.2126
5 1.1625 1.1597
6 2.445 2.7747
5 1.29 1.2125
4 1.5075 1.5692
4 0.99 1.1283
6 1.215 1.289
7 0.96 0.8341
4 0.5625 0.278
7 0.1275 0.3395
6 1.3575 1.3543
6 1.095 1.0378
5 2.49 2.0739
6 0.525 0.3245
4 2.76 2.557
7 1.1925 1.2718
7 1.47 1.6287
5 0.255 0.3368
7 0.225 0.1442
7 1.35 1.2735
6 0.495 0.3942
7 0.8625 0.9623
7 0.8625 0.883
4 0.2325 0.4715
7 1.575 1.5408
4 1.8225 2.5012
5 2.6475 2.6874
5 1.5075 1.5863
5 0.0525 0.4276
4 0.315 0.3358
7 1.7625 1.7912
5 2.9475 2.6616
7 1.875 1.9334
5 2.5875 2.5963
4 1.5 1.5403
4 0.3225 0.2593
5 0.4425 0.397
4 0.72 0.5721
4 2.625 2.7037
5 1.71 1.7237
5 1.6875 1.5098
5 2.3175 2.4558
7 0.855 0.8551
5 0.1275 0.2844
4 0.63 0.339
6 1.86 1.8032
7 2.85 2.7749
7 1.95 1.9215
4 0.525 0.5415
5 1.5525 1.599
4 1.7475 1.9817
4 0.0075 0.4281
6 2.625 2.4785
4 0.585 0.5292
6 0.42 0.4549
7 0.45 0.2887
7 1.035 1.0514
5 0.7275 0.5382
7 0.465 0.129
4 0.9525 0.7404
5 0.57 0.5147
4 1.65 1.7945
5 1.5525 1.6302
4 0.39 0.3484
7 1.56 1.5856
5 0.675 0.9261
5 1.3125 1.1814
7 1.6725 1.6564
5 1.9425 1.9701
7 0.3675 0.2133
5 0.3525 0.305
5 1.185 0.9837
6 0.855 0.8491
4 0.1575 0.402
5 1.785 1.9976
6 2.025 2.1048
5 2.475 2.3673
6 0.75 0.3031
7 0.435 0.1769
6 2.655 2.6601
6 2.9775 2.7365
6 1.11 1.1259
4 1.275 1.087
4 0.8175 0.5395
7 0.0825 0.1838
6 2.2275 2.3323
7 1.9725 2.0187
6 2.6175 2.6511
7 0.18 0.2586
6 0.0525 0.4623
5 2.7075 2.5957
6 1.9125 1.8782
4 1.4325 1.1463
7 2.745 2.6027
7 0.7575 0.6571
6 2.5275 2.3879
7 1.9575 1.8751
4 0.96 0.9456
6 1.6575 1.6067
6 0.84 0.71
7 2.8725 2.4734
6 2.0775 2.3249
7 2.4825 2.4188
5 0.06 0.3249
7 1.32 1.3079
6 0.51 0.6477
7 0.7875 0.8908
6 1.755 1.6941
4 0.9675 0.8242
6 0.465 0.5082
7 2.4 2.4894
5 2.3025 2.2703
6 2.5575 2.4867
5 2.715 2.6246
5 0.2625 0.2682
5 2.7975 2.7059
7 1.575 1.638
4 2.79 2.5374
4 0.99 0.4395
6 2.625 2.7544
5 2.37 2.5202
4 2.565 2.6418
6 0.3 0.2228
4 2.325 2.6632
7 2.28 2.289
6 2.9775 2.8134
7 1.575 1.6455
6 1.6575 1.739
4 2.7675 2.6002
4 0.8475 0.961
7 0.945 0.996
5 2.6625 2.5569
6 1.7775 1.7537
4 1.29 1.2024
5 0.675 0.3767
5 0.3825 0.2235
4 2.625 2.7137
4 2.5725 2.656
4 0.3825 0.4817
7 2.9625 2.6298
4 0.9675 0.8022
4 2.5275 2.0493
5 1.845 1.7978
4 1.26 1.2686
5 0.5475 0.3765
7 0.675 0.5081
7 1.0875 1.0249
4 1.8675 2.2887
4 1.9275 1.9871
6 2.7825 2.7953
6 1.47 1.5679
5 0.18 0.3303
6 0.7725 0.6427
4 1.71 1.9047
4 0.795 1.1688
5 0.8175 0.9481
6 0.8625 0.7047
7 1.5 1.5588
5 1.17 1.3431
6 0.195 0.1467
7 1.8225 1.764
5 2.415 2.0732
4 1.755 1.7537
7 1.155 1.0817
5 2.8575 2.7242
7 0.1425 0.2654
4 0.3825 0.4034
6 1.59 1.5092
7 1.755 1.8689
7 2.565 2.7717
7 0.645 0.6584
4 2.67 2.7272
7 2.265 2.29
6 0.585 0.7065
6 1.845 1.9935
5 0.5025 0.3689
6 0.3075 0.3031
4 0.2475 0.4327
4 2.7825 2.4834
7 0.8325 0.846
5 2.4975 2.7169
5 2.895 2.7055
4 0.2775 0.5131
5 1.365 1.3935
6 2.8275 2.7971
4 2.0475 2.1162
7 0.3375 0.2294
6 1.545 1.5791
4 0.6075 0.3724
6 1.77 1.7008
4 1.2 1.3214
6 1.0875 1.0686
7 2.895 2.8141
5 2.8725 2.4885
7 1.545 1.6182
5 1.2525 1.2311
4 0.93 0.556
7 0.33 0.2681
4 2.1225 1.989
5 2.835 2.7572
5 0.0675 0.2456
5 0.4875 0.3886
4 0.3525 0.5012
4 1.515 1.5688
7 0.7575 0.7598
4 0.6975 0.9503
6 1.2825 1.2103
7 0.03 0.3377
4 1.1325 1.3077
5 2.16 2.3562
4 0.825 0.7036
6 2.73 2.6175
5 2.4075 2.5431
6 2.04 2.0184
4 1.6125 1.5338
6 1.32 1.2558
4 1.425 1.405
7 1.215 1.3038
7 2.64 2.6508
4 2.9025 2.6222
4 2.61 2.6507
6 0.5325 0.5768
7 0.4725 0.3642
4 2.445 2.191
4 1.9875 2.0358
5 2.535 2.6917
6 1.845 1.8072
7 0.12 0.2159
7 2.775 2.7114
5 1.26 1.4549
5 2.5725 2.6558
4 1.8525 1.9836
4 1.0425 1.2687
5 0.6225 0.3301
5 2.97 2.6667
5 1.7025 1.7602
6 2.145 2.0984
4 1.26 1.1372
5 2.6775 2.6707
4 0.255 0.3843
5 2.535 2.6629
5 1.665 1.6631
7 1.4175 1.4473
6 1.995 2.0931
4 2.7975 2.4386
6 2.7375 2.6417
5 0.885 0.4207
5 2.2575 2.384
7 0.585 0.64
7 1.1775 1.2681
5 0.3225 0.2872
5 2.8875 2.7535
6 2.625 2.76
4 0.3675 0.3816
4 2.9325 2.5137
7 2.9925 2.8746
5 0.075 0.3958
4 0.7125 0.5784
7 1.7925 1.8345
6 1.7475 1.7134
4 2.355 2.2539
5 0.0375 0.3406
4 0.3525 0.3942
5 2.2125 2.1979
4 2.9925 2.4636
5 2.6625 2.6015
7 0.72 0.7472
5 0.2925 0.2698
7 1.14 1.1283
7 2.8275 2.793
5 2.9925 2.518
5 0.36 0.3883
6 1.305 1.3549
6 1.83 1.8237
7 1.5525 1.6338
5 2.865 2.7494
5 2.0775 2.0354
4 2.91 2.5767
5 2.79 2.393
5 0.9 1.0242
7 2.6475 2.7718
4 1.0725 1.2666
7 1.3275 1.3075
6 2.9475 2.593
5 0.345 0.1995
7 2.775 2.7371
4 0.3075 0.3394
4 2.88 2.6322
7 2.1975 2.3123
6 0.6375 0.4146
4 0.195 0.3045
5 2.0925 2.2656
5 2.265 2.6289
6 1.8225 1.8384
4 2.1375 2.2789
5 1.23 1.1999
6 2.0475 2.0221
4 2.835 2.6256
6 0.735 0.7546
7 0.975 0.8664
7 1.3725 1.3105
6 2.64 2.6267
7 0.8175 0.7757
4 1.4325 1.5454
6 1.275 1.2514
6 0.705 0.6135
6 1.365 1.3254
4 0.6 0.2697
6 0.8175 0.8809
4 2.205 2.5417
6 1.1175 0.8946
7 0.2925 0.1775
7 2.7 2.6129
5 0.105 0.2467
6 2.355 2.5445
6 0.87 0.7011
6 1.77 1.9174
4 1.275 1.4017
7 0.2025 0.2864
5 1.95 1.9891
5 1.0125 0.6555
5 0.96 0.7482
7 2.49 2.7371
5 0.27 0.3702
5 1.1625 0.9181
4 2.0325 1.8392
7 2.3775 2.4427
6 0.8475 0.7709
4 1.4325 1.6106
6 1.845 1.7857
4 0.7275 0.7152
6 0.69 0.5032
4 1.9425 2.175
5 2.0475 2.2233
5 1.17 1.0951
5 1.38 1.3897
6 2.9025 2.6816
7 1.6725 1.7465
5 0.7425 0.4739
7 2.4975 2.4828
6 2.1975 2.1965
4 1.2975 1.4456
6 2.025 1.9836
5 1.1325 1.2656
4 1.5225 1.5428
7 1.5075 1.5082
6 1.5525 1.5357
6 1.3275 1.2692
6 1.6725 1.6136
4 0.165 0.4364
5 1.56 1.5985
7 1.9875 1.9963
7 1.89 1.8713
4 0.195 0.5494
7 0.255 0.1877
6 0.21 0.2418
4 1.7775 2.1219
5 2.1825 2.022
6 1.4625 1.4726
5 1.0575 0.9756
4 2.13 2.4756
4 2.1075 2.5936
5 1.74 1.8265
7 2.8275 2.9205
6 2.265 2.4206
5 0.4875 0.5122
6 2.88 2.6884
6 2.355 2.4148
6 1.455 1.432
7 1.7025 1.6647
5 1.395 1.2998
7 2.025 2.0242
6 1.0425 1.2183
5 0.99 1.1266
6 0.84 0.9142
6 2.265 2.0983
6 0.3975 0.599
5 1.6425 1.6806
5 0.6375 0.6858
6 0.51 0.6249
5 0.525 0.6594
6 1.05 0.9875
6 0.495 0.4174
5 1.8675 1.9059
6 2.6625 2.5198
4 0.03 0.8691
7 2.6775 2.9233
5 0.1875 0.3414
5 1.4625 1.2795
4 1.1625 1.0341
7 0.8025 0.7933
6 1.9725 2.0547
4 2.9925 2.6857
7 0.21 0.2315
6 1.4325 1.4034
7 1.4175 1.4015
4 2.055 1.9704
5 2.685 2.4851
7 2.6175 2.7598
6 1.05 1.071
4 0.525 0.3909
6 2.01 1.9096
7 1.9125 1.9368
7 0.2325 0.1564
4 1.4625 1.2177
7 2.4075 2.5992
4 0.9675 0.9838
7 1.9575 1.9085
6 0.5925 0.7228
5 2.64 2.5881
5 1.05 0.5299
6 0.8325 0.6966
6 2.4825 2.4207
4 0.18 0.4713
4 0.0375 0.5991
6 1.32 1.3203
7 2.2125 2.2312
7 0.21 0.3114
7 0.39 0.1488
7 1.8825 1.781
5 1.32 1.3276
5 2.9925 2.5183
5 2.385 2.5616
4 1.0725 0.801
4 1.3275 1.2719
6 1.035 1.1035
5 1.83 1.8365
5 0.8775 0.8324
7 0.3675 0.3028
7 0.03 0.3379
4 0.2775 0.4347
4 2.1 1.7983
7 0.8175 0.7587
7 2.445 2.6974
6 1.3575 1.3894
4 1.6875 1.8702
6 0.3 0.2231
5 2.1975 2.61
5 1.4025 1.3588
6 2.19 2.3316
5 2.97 2.1894
6 0.1275 0.4062
6 2.595 2.4186
6 1.7025 1.7501
5 0.18 0.6074
7 1.215 1.1996
7 2.0175 2.0526
6 1.4925 1.3393
6 0.2775 0.3196
5 2.8575 2.6419
6 1.2675 1.3143
7 0.045 0.2732
6 2.295 2.4266
6 2.7825 2.5729
6 0.5475 0.3498
6 1.365 1.374
6 0.99 1.006
4 1.8975 2.1713
6 1.575 1.5969
4 1.8225 1.8003
6 1.7325 1.7289
5 2.91 2.7144
6 1.17 1.1416
6 2.325 2.4153
7 2.64 2.3817
6 1.635 1.6529
6 1.4925 1.5791
5 2.0475 2.615
5 0.375 0.4138
4 0.5175 0.3747
5 1.1025 2.8905
7 2.58 2.5911
6 2.37 2.5818
5 1.8525 1.9241
6 2.7975 2.6539
5 0.2625 0.5565
7 2.97 2.7542
7 0.4125 0.2701
4 1.4175 1.0638
6 2.25 2.6611
5 2.94 2.7398
5 2.28 1.9396
5 1.4625 1.392
7 0.225 0.1978
7 0.1875 0.3218
7 1.935 1.9624
7 1.83 1.8287
7 0.9225 0.8508
7 2.7675 2.7312
6 2.6325 2.4973
4 0.405 0.8316
6 2.4675 2.4781
7 0.825 0.8944
5 1.83 1.6865
5 2.0775 2.0812
5 2.61 2.747
6 0.9975 1.1628
5 1.3125 1.3288
5 0.5625 0.3689
7 0.3975 0.2995
6 1.1625 1.2669
7 1.02 1.0663
4 2.475 0.0529
7 1.845 1.9372
4 2.4675 2.6599
5 0.96 0.8741
4 1.8375 1.7974
7 0.6 0.4872
5 1.0725 0.9921
5 2.865 2.6761
7 0.8475 0.9038
5 2.325 2.5117
5 1.5825 1.6407
4 0.3525 0.347
4 1.7325 2.1979
7 0.3525 0.5184
7 0.6 0.5247
6 1.8375 1.8967
4 1.7025 1.5811
5 1.2225 1.3348
4 0.18 0.5221
6 0.9675 0.9023
4 2.88 2.6273
7 2.01 2.0405
6 1.14 1.0881
4 2.475 2.3287
5 0.69 0.5908
7 2.685 2.8169
5 1.5 1.5004
6 0.615 0.6327
5 0.12 0.625
4 2.85 2.1804
4 1.98 2.1749
6 0.87 0.8649
6 0.09 0.4
6 1.35 1.4384
6 1.1625 1.268
5 1.6875 1.8021
5 2.8725 2.6763
4 2.7675 2.5063
7 1.8375 1.7377
6 0.7575 0.6247
5 0.4275 0.3448
5 1.0125 1.1688
7 2.76 2.6205
7 1.2375 1.2691
7 2.475 2.6209
4 1.0275 0.9236
6 0.51 0.5822
6 0.2025 0.2976
7 1.8675 1.8661
4 1.44 1.6619
4 0.4875 0.6953
7 2.49 2.4611
4 1.8 1.9491
4 1.635 1.6108
6 1.7625 1.8116
7 0.96 0.9492
7 0.9525 0.9588
5 0.135 0.349
6 1.305 1.2329
7 2.775 2.7501
4 1.53 1.4539
4 1.02 0.8722
6 1.5375 1.5339
5 2.3625 2.0573
7 2.1075 2.0295
5 2.9325 2.7399
6 0.9675 0.8797
6 2.115 2.2933
7 0.345 0.1643
4 0.4875 0.3881
6 0.0375 0.5249
5 2.2125 2.4333
7 0.0525 0.246
7 0.1575 0.2202
4 2.625 2.7626
7 0.45 0.1854
6 2.25 2.5325
4 0.195 0.9881
6 0.7575 0.6932
5 1.05 1.0203
6 0.9225 0.9383
4 1.4475 1.4586
5 2.07 2.5239
5 2.1975 2.2191
4 1.8825 2.2092
6 2.9775 2.5889
6 0.0975 0.2896
7 1.44 1.4256
7 2.4525 2.6508
4 2.925 2.609
7 1.89 1.8933
6 1.815 1.7722
4 2.985 2.7147
4 1.6725 1.7717
6 2.6475 2.7602
4 1.065 1.3346
7 0.8325 0.8706
7 1.6575 1.6823
7 2.1675 2.2774
7 1.74 1.7433
4 2.955 2.6177
6 0.8175 0.7385
5 2.595 2.6127
4 2.37 2.3991
5 2.145 2.1237
4 1.065 1.2603
4 1.335 1.3952
6 0.36 0.223
5 0.795 0.6928
4 0.09 0.3697
5 1.995 2.0784
6 1.455 1.439
7 1.4475 1.5433
4 0.285 0.3368
5 0.8625 0.9132
5 1.605 1.6771
6 0.1425 0.237
4 1.77 1.944
7 1.5825 1.5763
4 2.775 2.6627
6 2.5725 2.7267
6 1.9875 1.9355
7 0.525 0.4137
5 1.335 1.1918
7 0.6375 0.4371
6 0.375 0.7148
5 1.2825 1.3086
6 2.3475 2.6664
4 1.0875 1.2986
6 1.8825 1.9327
7 0.09 0.1912
7 0.675 0.7083
5 2.5725 2.6492
7 1.77 1.7406
4 0.0225 0.3421
6 0.1875 0.222
6 2.58 2.6018
6 2.805 2.7995
7 0.375 0.2131
6 2.1 2.2508
7 2.7 2.6071
5 1.755 1.6615
4 0.585 0.6025
7 2.6625 2.6983
6 1.815 1.9083
6 1.545 1.5465
5 2.6925 2.6816
4 2.01 2.0591
7 1.275 1.33
5 0.255 0.388
7 0.48 0.2362
5 2.355 2.6314
5 1.29 1.2064
4 1.6425 1.773
6 0.915 0.9906
7 2.8725 2.6527
6 1.4775 1.4442
5 1.5075 1.6404
5 2.19 2.141
6 0.75 0.6387
5 1.8975 1.9515
4 0.51 0.5331
7 0.4875 0.3629
5 2.8425 2.6763
6 1.3575 1.3238
7 0.06 0.3996
7 2.7075 2.8115
7 0.9075 0.8244
4 0.645 0.3076
5 0.87 0.4067
5 0.765 0.673
5 2.3775 2.7539
5 0.9525 0.9393
7 2.085 2.1743
7 2.07 2.0374
4 0.615 0.7121
5 1.53 1.5787
6 2.0925 2.1439
4 1.86 1.9795
7 1.3425 1.3715
7 1.02 1.0629
5 0.915 1.0299
6 0.435 0.5273
7 2.4075 2.3995
4 0.375 0.2842
6 0.735 0.6949
4 0.2925 0.4538
4 0.15 0.4366
6 0.3375 0.1209
5 2.7525 2.7089
4 2.73 2.685
6 1.53 1.5786
4 2.295 2.6085
6 1.74 1.7763
7 0.15 0.2865
7 1.635 1.5423
6 0.57 0.2384
4 2.9475 2.5781
4 1.6725 1.7518
6 0.3525 0.4177
7 2.4 2.5543
4 0.405 0.3637
6 2.835 2.7222
5 2.43 2.7359
4 1.08 0.7371
6 0.315 0.4283
6 2.64 2.6901
6 1.575 1.6003
5 1.2075 1.2242
7 1.7925 1.6933
5 1.08 1.1474
4 2.01 2.335
7 2.025 1.9608
7 0.42 0.336
5 0.3825 0.4326
4 2.73 2.6598
7 1.8675 1.8666
5 1.0575 1.117
4 0.8025 0.8454
5 0.36 0.2567
7 1.6425 1.6111
7 2.6625 2.6312
4 2.505 2.4348
4 1.8075 1.9
4 0.99 1.1286
7 1.2675 1.3053
6 2.13 2.3338
5 2.445 2.6983
7 2.8425 2.6232
5 2.13 2.2933
6 1.2 1.0517
7 0.5175 0.3885
5 2.4675 2.4644
7 0.0825 0.3373
6 2.085 2.0883
4 2.34 1.9601
6 2.2275 2.3887
4 0.6975 0.6957
7 0.1575 0.1894
7 1.6125 1.6549
5 0.525 0.3423
5 1.875 1.7806
6 0.54 0.3229
6 2.0625 2.0755
4 1.815 1.7528
7 1.4775 1.5223
5 1.0125 1.0668
6 1.065 1.108
5 2.3325 2.3044
5 1.9425 1.8252
6 2.1225 2.0759
7 0.3675 0.479
7 1.635 1.6449
5 1.86 1.9259
5 2.085 2.533
6 0.825 0.6904
6 1.905 2.0519
4 1.515 1.6217
4 1.29 1.3315
7 1.7025 1.6732
5 1.5375 1.6657
4 0.15 0.3199
4 0.465 0.6666
4 1.5075 1.3576
7 2.2725 2.28
6 2.1975 2.2874
4 1.41 1.452
7 1.155 1.1092
6 2.22 2.246
4 2.5125 2.7175
6 2.58 2.719
7 0.75 0.4784
6 0.765 0.6815
7 1.89 1.9445
4 0.5925 0.6557
4 2.4075 2.6216
4 2.6175 2.7065
5 0.18 0.506
5 0.2325 0.2572
6 2.1825 2.3066
5 2.8575 2.6654
4 1.8675 1.7052
7 0.255 0.7916
6 0.555 0.4752
4 2.8425 2.6647
6 2.9475 2.8581
7 1.59 1.4879
6 2.835 2.662
7 1.1925 1.2709
6 2.0775 2.2001
7 0.6675 0.7735
5 1.0575 1.1121
7 2.1825 2.1539
4 2.73 2.0039
5 2.2875 2.5244
4 1.14 0.9182
4 0.69 0.396
6 1.965 2.0753
5 0.12 0.3634
7 1.1175 1.1017
7 2.715 2.7975
6 2.535 2.6726
7 0.51 0.4094
6 1.0875 1.0545
7 1.71 1.6888
5 1.8975 1.8425
4 2.55 2.4982
4 0.795 0.3536
4 1.845 2.0364
4 1.3275 1.2452
4 0.315 0.3971
7 2.3175 2.3091
7 2.265 2.337
5 2.52 2.642
5 0.105 0.4165
6 1.4025 1.4609
4 0.195 0.3684
4 0.6075 0.6483
4 1.71 1.9146
6 2.34 2.2848
4 2.97 2.5253
4 2.49 2.6281
6 1.26 1.2623
4 1.5375 1.6242
4 0.975 0.8383
5 0.075 0.2253
7 1.38 1.4276
5 1.56 1.5412
4 0.5775 0.3719
5 0.4725 0.3749
7 0.3075 0.1635
7 0.1275 0.3245
6 0.165 0.1871
5 0.7275 0.6656
6 0.63 0.6903
7 2.9625 2.7189
5 1.1325 1.2079
4 1.3875 1.2654
7 1.215 1.299
7 0.6375 0.637
4 1.875 2.3623
4 2.4075 2.4209
4 0.975 0.9856
6 0.42 0.2567
5 0.6525 0.3487
5 2.4975 2.6169
7 1.38 1.4253
6 2.9175 2.8461
4 2.1075 1.8973
4 0.735 1.2292
6 1.335 1.3224
7 0.0225 0.1709
4 1.4025 1.4187
6 2.0475 1.9716
5 2.9475 2.6675
7 0.9825 0.9177
5 0.015 0.4232
6 1.3275 1.3166
5 2.445 2.6797
4 1.8075 2.0725
5 0.2775 0.2905
5 2.6025 2.7567
4 2.97 2.6172
4 1.6725 1.758
6 2.805 2.3487
5 0.615 0.9659
5 0.96 0.7603
7 0.315 0.373
4 0.945 0.4647
7 1.545 1.4994
6 0.7125 0.6868
7 0.4875 0.2921
4 1.2825 1.072
4 2.7975 2.639
7 0.915 0.9524
7 2.6475 2.7876
6 2.7825 2.762
4 1.7925 1.8643
5 2.34 2.5213
6 2.8125 2.7675
6 0.54 0.3716
6 2.5425 2.6085
4 1.4475 1.4674
5 1.5975 1.5901
5 1.7025 1.808
7 1.3575 1.3645
4 2.8275 2.7183
7 1.71 1.7141
4 1.2525 1.1067
5 1.3275 1.2351
6 1.3275 1.2604
7 1.1625 1.2926
6 2.85 2.5542
7 2.4675 2.688
7 0.585 0.1861
4 0.465 0.4173
7 2.2875 2.3061
7 2.145 2.1412
5 2.9175 2.7632
5 1.8075 1.7385
6 0.5025 0.1492
6 1.2525 1.2054
6 0.6975 0.6894
7 2.67 2.4671
5 1.545 1.6496
6 2.85 2.7072
5 2.3025 2.7351
7 1.68 1.5655
5 2.9475 2.6534
7 0.705 0.688
4 0.4575 0.4096
6 0.4275 0.327
7 0.9675 0.8677
5 1.935 2.0286
7 0.03 0.1674
5 0.9 0.9717
7 0.0675 0.1868
5 2.535 2.7298
7 0.0825 0.2664
7 1.5225 1.5549
7 2.8425 2.8004
7 2.625 2.7917
6 0.465 0.3223
6 0.3 0.3769
5 1.8825 1.8041
7 1.41 1.4585
6 1.98 1.9197
7 1.92 1.9012
4 1.11 1.208
5 1.38 1.5089
4 2.8875 2.7529
4 2.0775 1.8156
7 0.18 0.1897
5 2.565 2.6167
5 0.42 0.2994
5 0.5625 0.7127
5 1.0125 1.1839
5 0.6825 0.806
4 2.07 2.2363
7 1.905 1.9355
7 1.785 1.8498
5 1.635 1.8185
6 2.7 2.5601
4 1.98 2.4961
4 0.135 0.3235
6 0.0525 0.3086
4 0.5925 0.479
5 1.1625 1.2177
7 0.2625 0.2407
6 2.6625 2.502
5 1.2825 1.3722
5 0.2475 0.282
4 0.54 0.6585
5 2.925 2.4569
7 0.0375 0.311
5 2.385 2.8017
7 0.9675 0.9257
4 0.0 0.3275
5 2.2575 2.19
4 1.545 1.6763
6 0.0675 0.2277
6 1.5225 1.5662
4 0.2775 0.2878
5 0.7425 0.6281
7 2.3175 2.2771
6 2.2725 2.7028
4 2.445 2.5815
6 0.93 0.8684
6 0.435 0.4126
4 1.0875 1.0423
7 0.3075 0.4639
4 2.985 2.5159
7 0.1425 0.2797
6 1.0275 0.9243
4 0.03 0.5142
4 1.5675 1.606
7 2.07 2.0376
7 1.2375 1.3034
4 1.0275 1.2907
5 0.075 0.3203
7 2.2725 2.1606
7 2.7 2.7006
6 1.7175 1.7851
4 0.6 0.2765
6 2.8425 2.5514
7 0.525 0.3941
7 2.7975 2.6996
6 0.135 0.3386
5 0.9525 0.9799
4 0.765 1.0509
6 1.8 1.9025
5 0.8175 0.9794
5 0.0375 0.338
7 2.16 2.1513
5 2.0625 2.0393
5 0.51 0.3259
6 1.8675 1.8708
5 0.69 0.301
6 0.7425 0.2024
7 2.1525 2.1881
4 0.9225 1.0471
4 0.8175 0.9314
6 0.3225 0.1951
5 2.805 2.6836
6 2.8575 2.6302
7 2.295 2.3697
7 0.735 0.8105
5 1.89 1.9616
7 0.4425 0.5276
5 2.3775 2.237
7 2.13 1.9985
5 0.045 0.1612
7 1.5525 1.5171
4 1.665 1.4462
7 1.8675 1.8347
7 1.2225 1.3031
6 1.17 1.1511
4 0.6675 0.4668
7 0.8625 0.9293
5 0.915 0.7843
7 0.8175 0.8107
7 0.2325 0.4796
7 1.635 1.6643
5 1.4475 1.4425
6 2.88 2.7538
7 0.7875 0.6586
7 2.2275 2.2675
5 2.55 2.6179
5 2.2275 2.083
4 2.67 2.6613
4 0.975 0.7676
6 2.43 2.3895
4 1.335 1.2889
7 0.6075 0.7985
5 1.5225 1.5863
5 2.9325 2.6599
4 1.0275 0.7452
7 0.87 0.9172
4 0.5325 0.3343
4 0.9675 0.9262
7 0.6975 0.6561
4 0.09 0.5127
6 1.3725 1.3763
5 1.08 0.9484
6 0.63 0.5195
7 1.5525 1.5086
5 2.3925 2.4408
7 0.15 0.2496
5 1.56 1.7053
5 2.715 2.7566
7 0.8925 0.9337
4 1.4475 1.351
6 0.18 0.239
7 1.11 1.0852
4 0.855 0.6762
6 2.28 2.2659
5 1.3425 1.4806
7 0.495 0.237
5 1.4025 1.3048
6 1.05 1.0513
7 2.04 2.0024
4 2.58 2.665
5 0.78 0.5127
4 0.33 0.6006
6 1.9275 1.9598
7 1.3725 1.4256
6 1.6875 1.6159
7 0.7425 0.7525
7 2.565 2.6541
7 1.7025 1.756
6 2.2575 2.239
5 2.6775 2.6725
5 1.815 1.8114
6 0.15 0.1975
5 2.7525 2.6776
6 1.3425 1.3951
6 1.965 2.1676
6 0.405 0.1724
4 2.3175 2.6358
6 0.1575 0.2668
5 2.4525 2.6628
5 0.5175 0.2596
4 2.8575 2.6244
4 0.2025 0.4776
7 1.7775 1.7344
7 0.0825 0.2026
6 1.5975 1.4909
4 2.9475 2.1691
6 1.9275 1.9936
7 2.73 2.5075
5 1.17 1.3082
6 0.1875 0.1973
4 0.9975 1.1664
4 2.28 2.4681
4 0.375 0.3982
6 1.2825 1.2467
6 0.7725 0.38
6 2.5275 2.327
7 2.685 2.7109
7 1.5075 1.5073
4 0.9825 0.4405
6 0.0825 0.242
7 0.21 0.2834
5 0.5775 0.6334
5 2.4975 2.6355
6 1.0575 0.9588
6 2.4525 2.462
6 0.0 0.4029
6 1.86 1.747
7 2.1225 2.1726
4 2.07 2.5601
4 0.795 0.487
4 0.5625 0.4742
7 0.795 0.6472
4 1.17 0.502
4 1.5825 1.5106
7 1.2375 1.1228
7 0.3825 0.2151
5 0.78 0.4134
5 0.99 0.5796
4 1.47 1.4587
5 2.4075 2.5377
6 2.5125 2.6438
6 2.1075 2.1321
7 1.4475 1.3029
7 2.3175 2.5532
7 2.715 2.583
4 2.085 2.1066
4 0.045 0.3705
5 2.595 2.5329
7 0.3975 0.5152
7 1.5525 1.5545
7 0.0675 0.2024
5 1.74 1.785
6 0.165 0.1631
6 0.9825 1.0342
5 1.74 1.9111
4 2.6625 2.3649
4 0.7425 0.7023
4 2.31 2.4331
5 1.59 1.625
4 0.15 0.3371
7 1.7325 2.8769
4 2.3625 2.4745
7 2.7525 2.6534
6 0.75 0.4551
4 1.7625 1.7468
6 0.3375 0.5242
5 2.5575 2.4811
7 1.5075 1.4239
7 2.6775 2.5078
7 0.855 0.8575
6 0.735 0.5795
4 2.4975 2.6373
4 0.72 0.554
7 1.635 1.6899
5 2.1375 2.6313
4 2.3175 2.0717
4 2.955 2.7052
4 1.14 0.3958
6 2.1 2.2869
6 0.2175 0.2564
4 0.84 0.5017
4 1.83 1.9291
4 0.6225 0.524
5 0.06 0.2721
7 0.2625 0.3836
4 2.22 2.0914
6 1.0425 1.0608
5 2.0775 2.5371
4 2.9175 2.1887
6 1.005 0.8113
4 0.855 1.1827
4 2.4825 2.4665
4 2.5425 2.3842
6 0.5175 0.3834
6 1.83 1.7896
7 1.3575 1.4318
6 1.0875 1.0373
5 1.9125 1.8781
7 2.01 1.9318
4 1.9575 2.6215
6 2.9175 2.7114
5 1.9125 1.7678
6 1.665 1.6291
4 2.88 2.5661
6 1.335 1.2986
6 0.2775 0.1966
4 2.49 2.7265
4 0.96 1.1468
7 0.0675 0.1621
5 0.1875 0.2541
7 2.1225 2.1527
6 2.0625 2.1161
4 1.845 1.7425
7 2.0625 1.9851
4 1.5375 1.6543
4 0.7575 0.7781
7 1.0275 0.9542
7 2.715 2.7455
4 1.0275 0.3264
4 2.61 2.5744
6 1.32 1.2455
4 1.3575 1.1094
4 1.68 1.7844
7 0.8775 0.8588
5 1.755 1.7194
7 0.7425 0.757
4 0.42 0.4815
4 1.365 1.2164
4 1.8075 1.7735
6 1.9275 2.0115
4 1.875 2.1465
4 1.665 1.9638
7 0.1125 0.3335
6 2.13 1.897
5 2.445 2.291
7 2.7675 2.7558
4 2.8275 2.0899
4 2.565 2.2748
6 2.115 2.2008
5 0.855 0.5107
4 0.885 0.82
4 2.1825 2.5806
6 0.3375 0.4098
6 2.5575 2.465
7 0.4125 0.5612
7 1.95 1.902
4 2.985 2.6845
6 1.8375 1.9367
7 1.935 1.9848
5 1.17 1.143
5 1.35 1.3837
5 1.7175 1.9143
5 0.9225 0.9209
4 0.105 0.2731
7 1.2225 1.1592
7 1.365 1.3302
7 2.34 2.2632
5 2.535 2.6181
4 2.865 2.6091
5 0.855 0.4247
4 2.3325 2.1162
7 0.27 0.2542
4 1.83 2.3567
5 2.7375 2.6995
5 2.3625 2.5556
5 0.4575 0.2688
5 1.2075 1.167
4 1.4325 0.141
7 0.195 0.1867
6 2.7075 2.5684
6 1.5975 1.5631
4 1.8 1.9177
7 1.2825 1.232
6 2.1525 2.1968
4 1.515 1.7001
4 0.81 1.0163
7 2.7225 2.6802
4 1.635 1.5301
7 0.795 0.8026
7 1.9275 1.878
6 1.4325 1.416
6 1.68 1.5666
6 2.835 2.5415
5 2.445 2.7072
5 2.7675 2.7637
6 1.0725 1.033
6 2.2875 2.1193
4 1.74 1.7633
7 0.255 0.3099
4 0.3825 0.25
6 1.5975 1.5959
7 2.445 2.7154
7 0.06 0.1523
7 2.865 2.7847
7 2.5575 2.7649
4 1.755 2.0253
5 0.54 0.4468
4 2.1225 1.9176
5 1.14 1.0515
4 1.2225 1.1133
4 2.6325 1.8359
6 0.8025 0.8756
6 0.6525 0.3878
7 1.56 1.5684
5 2.2275 2.2382
4 1.0275 0.7223
5 1.95 2.0193
6 0.3225 0.3057
5 0.225 0.3863
7 1.905 1.9109
5 1.7325 1.8148
7 2.2575 2.2896
5 2.0175 2.0402
4 0.9375 1.1397
5 2.37 2.2288
4 0.1725 0.3258
5 1.8225 1.8433
6 0.93 0.9532
7 0.03 0.2329
5 0.135 0.2731
7 0.3225 0.2435
6 1.0725 1.121
7 2.8725 2.6193
4 1.7175 1.4726
4 1.32 1.2908
6 2.595 2.7996
6 2.0025 1.9894
5 0.585 0.7871
5 0.45 0.9266
6 2.025 2.0471
5 0.3825 0.3523
5 2.7225 2.6859
5 2.595 2.5694
5 0.0675 0.2909
4 1.1175 1.1172
7 0.6075 0.7009
5 2.235 1.8959
5 2.9625 2.3221
4 2.355 2.1899
5 1.3725 1.3458
6 1.83 1.7434
6 2.8125 2.6764
5 1.59 1.5954
4 1.5825 1.6011
4 1.395 1.4162
7 1.8675 1.8428
4 1.1025 1.2264
7 1.44 1.4272
4 2.2425 2.6426
4 1.56 1.504
7 2.5725 2.5166
5 1.02 1.1125
6 1.6425 1.62
7 0.4575 0.4305
4 1.185 1.2361
4 0.54 1.4651
6 2.4 2.6747
7 1.83 1.8837
7 1.1175 1.0957
4 0.855 0.4256
4 0.2925 0.7246
6 1.9125 1.9679
7 2.565 2.8321
7 0.315 0.1456
5 1.5 1.4638
4 1.35 1.2957
7 2.8425 2.8449
4 2.8425 2.6112
5 2.4975 2.6558
7 0.2175 0.1896
4 1.485 1.5455
7 1.815 1.8456
6 0.4875 0.0927
6 0.285 0.4347
5 0.21 0.2736
4 1.3275 1.154
5 1.2975 1.2042
4 0.105 0.3343
6 0.3075 0.3085
5 1.71 1.607
5 0.975 0.8625
6 2.37 2.3632
7 2.1675 2.2434
6 1.6725 1.6279
6 0.9675 0.9687
4 0.555 0.5499
4 2.7975 2.4304
6 1.6725 1.7021
7 0.555 0.5723
7 1.6575 1.7092
5 0.045 0.2261
4 1.41 1.804
5 1.725 1.8472
6 0.345 0.3667
4 1.9725 2.0367
7 0.4275 0.2815
5 1.62 1.5451
6 2.76 2.6151
4 2.265 2.1949
7 2.175 2.3512
6 1.3125 1.2576
7 2.7375 2.8802
5 1.635 1.4859
6 0.06 0.7059
7 1.3875 1.3628
7 2.5275 0.762
5 2.685 2.696
6 1.155 1.0666
5 1.755 1.8252
5 1.0125 1.146
4 0.285 0.3754
4 1.995 1.9681
6 0.2475 0.615
4 1.9125 2.0058
5 1.4625 1.4103
5 1.9425 1.863
4 0.5325 0.3162
7 0.69 0.7351
6 1.1925 1.0281
7 2.5125 2.8131
6 2.3775 2.5577
6 2.625 2.7063
7 1.305 1.2892
5 1.53 1.4829
5 0.0375 0.2619
6 2.7525 2.6369
4 0.18 0.6368
4 1.755 1.6768
4 0.2775 0.5351
6 0.6225 0.5726
7 1.8975 1.8093
7 1.9725 1.9945
5 2.2875 2.7471
7 0.3075 0.382
4 1.8525 1.698
5 1.8375 1.8051
4 1.4775 1.2535
4 2.595 2.7128
6 2.235 2.2707
5 0.975 0.7593
6 2.4225 2.4982
5 1.5675 1.4239
7 2.1975 2.2103
4 0.3225 0.7633
4 0.69 0.6019
4 2.07 1.9169
7 1.5 1.5278
5 2.685 2.7018
6 1.83 1.8564
4 1.4325 1.2684
5 0.72 0.2016
4 2.2425 2.5077
4 2.1525 2.4719
4 0.2775 0.3148
7 1.275 1.2652
5 2.4975 2.6332
7 2.355 2.5817
6 1.095 1.2119
5 2.3925 2.3099
6 1.545 1.4762
7 0.51 0.6847
7 1.0125 1.1137
7 1.47 1.4677
4 2.1525 2.4647
4 1.065 0.8431
5 2.3175 2.2741
4 0.6375 0.3989
7 2.1375 2.2048
7 2.7525 2.8346
6 2.6025 2.7116
5 2.115 2.0767
6 1.02 0.8652
4 0.69 0.4236
4 2.04 2.046
5 2.1975 2.045
5 2.37 2.429
5 2.715 2.6527
4 2.7375 2.5296
7 0.72 0.6648
6 1.05 1.0423
6 1.815 1.7019
6 0.4575 0.5594
6 1.5825 1.6016
5 2.295 2.7062
5 1.47 1.5017
7 0.945 0.9483
5 0.6525 0.2687
4 2.1375 2.1518
6 0.135 0.2634
7 2.1075 2.1307
6 1.02 1.1463
5 0.6525 0.3954
7 1.71 1.6301
7 0.48 0.3511
5 1.8975 1.7871
5 0.0675 0.4001
6 0.54 0.5031
5 0.42 0.4087
5 2.745 2.7298
7 0.4125 0.307
4 0.84 0.3792
6 1.4325 1.3881
5 2.2875 2.5824
4 0.75 0.5353
7 1.9575 1.914
7 0.36 0.5124
4 0.5925 0.3932
4 0.795 0.3714
4 1.905 2.5706
7 0.045 0.222
4 0.8025 0.4465
7 1.4025 1.4901
5 1.7775 1.7774
4 2.175 1.9892
7 2.8875 2.7268
6 2.88 2.7309
4 1.62 1.51
7 2.1975 2.2688
7 1.6725 1.696
7 2.1225 2.1234
7 0.7875 0.8529
5 1.3425 1.2861
7 1.575 1.6136
7 1.41 1.3834
4 1.3575 1.4751
7 2.685 2.7938
7 2.925 2.7723
6 2.8575 2.6442
6 0.3825 0.3117
4 1.305 1.1234
6 1.7475 1.8006
4 2.3925 2.6317
4 1.3425 1.4214
5 0.57 0.3344
5 2.31 1.9751
5 2.7075 2.6902
4 0.2625 0.6569
5 2.5875 2.7327
5 2.5875 2.7633
4 0.0975 0.3565
4 2.9925 1.8905
5 0.81 0.5688
4 1.2375 1.1473
4 2.1825 2.0545
4 1.1775 1.0792
4 1.905 1.7986
5 1.035 1.0439
6 0.015 0.2122
7 0.7875 0.7593
5 1.455 1.4229
5 1.5225 1.5042
4 2.91 2.3397
4 0.0225 0.6162
5 1.9725 2.0382
5 0.03 0.3294
6 0.1275 0.346
7 1.26 1.3252
6 0.0075 0.2965
6 2.835 2.7538
4 2.76 2.4697
7 1.4025 1.447
7 1.4325 1.4527
5 0.9375 0.8502
6 0.9375 0.9209
6 0.855 0.8957
6 1.9875 1.9361
4 1.3575 1.5125
5 0.87 0.8554
4 0.3375 0.2389
6 1.905 1.9428
6 2.595 2.6984
6 1.9575 1.9716
4 2.55 2.3494
4 2.49 2.4906
5 1.365 1.2938
6 2.3475 2.3298
5 2.025 2.3574
5 1.2375 1.3239
5 0.0975 0.4254
6 0.0 0.2772
4 0.2775 0.4778
7 0.1275 0.2502
4 1.485 1.3322
6 0.255 0.4534
6 0.6375 0.3168
4 1.7775 1.8188
7 0.06 0.188
6 0.75 0.7153
6 0.1725 0.1464
4 0.06 0.3012
7 2.4075 2.3909
5 2.61 2.6772
4 1.725 1.7705
5 2.8725 2.5216
7 0.585 0.6113
6 0.7875 0.4544
4 2.7375 2.5821
7 0.8475 0.8158
7 1.0425 1.089
5 1.7025 1.7039
7 2.3775 2.4164
5 0.705 0.6979
6 2.1225 2.1701
7 1.4925 1.5521
6 0.3225 0.1728
6 0.285 0.3318
7 1.3125 1.3009
7 1.2375 1.2359
5 0.1875 0.6101
6 1.8375 1.8603
7 0.3825 0.4781
4 0.24 0.365
4 1.6125 1.8684
7 1.0125 0.8625
4 0.105 0.323
5 2.4825 2.3355
6 2.445 2.6427
6 0.6525 0.4466
6 0.9 0.957
4 0.7425 0.5448
7 2.115 2.119
6 1.815 1.7009
4 1.4925 1.5209
6 2.3475 2.1311
6 1.3875 1.4583
5 0.4425 0.5994
5 2.76 2.6039
7 1.2675 1.2869
4 2.67 2.7372
4 2.925 2.6338
4 2.775 2.2976
4 0.645 0.8139
4 2.9925 2.6827
6 2.01 1.9143
4 0.36 0.4877
4 0.795 0.7311
6 2.1375 2.2418
4 1.7325 1.7783
4 1.3275 0.7052
5 1.2225 1.3428
7 1.395 1.3942
7 1.47 1.5005
7 2.7375 2.8503
6 2.2125 2.2646
7 0.39 0.44
4 0.5175 0.4637
5 0.0225 0.4042
4 1.26 1.298
4 2.1225 2.7294
4 2.5275 2.5874
5 1.1775 1.1588
7 1.14 1.1974
5 0.585 0.5112
5 2.52 2.5523
7 2.6475 2.904
6 0.99 0.9884
6 1.605 1.6545
4 1.53 1.499
6 1.2675 1.2618
6 2.2275 2.5364
6 0.09 0.2241
6 0.7725 0.7669
5 1.005 0.9018
7 2.9775 2.7491
6 1.4775 1.5091
5 2.745 2.5711
6 1.6575 1.5339
6 0.645 0.7692
5 1.245 1.2447
7 1.425 1.3645
6 1.7325 1.6355
7 2.0325 2.0173
4 1.2825 1.377
5 0.3675 0.3723
4 1.4025 1.3337
4 1.1625 1.0235
6 1.8375 1.8378
4 0.7575 0.9291
4 1.32 1.2354
5 0.8475 0.6145
6 2.115 1.951
6 1.8075 1.8307
6 2.3925 2.7811
5 1.1175 1.0063
7 0.8925 0.7682
6 1.545 1.6245
5 2.7675 2.6088
6 0.2775 0.3029
4 1.185 1.4558
6 0.0375 0.2672
4 0.7125 0.559
4 0.9 0.5091
6 1.965 2.0641
4 0.75 0.588
4 0.6225 0.326
4 2.7075 2.6899
5 0.7425 0.9093
4 0.3975 0.4
6 2.97 2.7062
6 1.3875 1.3732
7 2.97 2.5427
7 1.4325 1.4589
5 2.8575 2.6816
4 2.3925 2.6503
4 1.275 1.2674
7 1.935 1.9649
7 2.49 2.765
6 0.3 0.2772
6 2.34 2.6424
7 1.26 1.2408
6 2.85 2.7362
7 0.06 0.2815
6 0.3825 0.3102
6 2.7975 2.7749
7 1.6275 1.6236
4 2.175 2.5897
6 1.9275 1.887
6 0.7125 0.654
5 2.865 2.6699
7 2.28 2.1032
7 1.3875 1.3137
6 2.475 2.5598
6 2.055 2.0473
6 2.1975 2.3844
4 0.09 0.2888
6 0.6 0.5604
5 2.1825 2.5715
4 2.2275 2.5923
5 1.335 1.3642
6 0.12 0.4554
5 1.26 1.1945
4 1.6425 1.7324
5 2.0625 2.0422
6 2.805 2.8473
4 0.48 0.3713
7 0.18 0.2008
6 1.92 1.7456
5 1.395 1.4234
7 2.7675 2.706
6 0.4875 0.6353
6 0.9825 0.9407
5 1.4475 1.4182
6 0.255 0.4615
7 0.63 0.6202
5 2.775 2.7094
6 2.79 2.7878
5 1.3125 1.2622
6 1.4025 1.3996
4 2.0925 2.4388
7 0.525 0.4501
7 0.975 1.0017
6 2.175 2.0827
6 2.91 2.3585
5 0.6 0.2235
5 2.565 2.5283
