sigma2_stimulus 	 [0.0]
log_motor_var 	 [6.49498987197876]
sigma_logit 	 [-3.0, 0.8610827922821045, -1.4008985757827759, -3.219881057739258, -3.7730233669281006, -4.337666988372803, -4.800000190734863, -5.300000190734863, -5.800000190734863, -6.300000190734863]
mixture_logit 	 [-3.1963789463043213]
prior 	 [0.5171023011207581, 0.5712746381759644, 0.6229034662246704, 0.6712584495544434, 0.7156386375427246, 0.7553845047950745, 0.7898880839347839, 0.8186027407646179, 0.8410524129867554, 0.856840193271637, 0.8656548857688904, 0.8672778606414795, 0.8615869283676147, 0.8485602140426636, 0.8282777667045593, 0.8009216785430908, 0.7667750120162964, 0.7262191772460938, 0.6797286868095398, 0.6278663277626038, 0.5712753534317017, 0.5106704831123352, 0.44682902097702026, 0.3805789649486542, 0.3127877712249756, 0.24435020983219147, 0.17617450654506683, 0.10916958749294281, 0.0442313477396965, -0.017770439386367798, -0.07600532472133636, -0.12969501316547394, -0.17812496423721313, -0.22065520286560059, -0.2567305564880371, -0.28588882088661194, -0.3077685534954071, -0.32211464643478394, -0.3287821412086487, -0.327739417552948, -0.31906837224960327, -0.30296415090560913, -0.27973175048828125, -0.2497827559709549, -0.21362854540348053, -0.1718735694885254, -0.12520620226860046, -0.07438862323760986, -0.020246796309947968, 0.03634338080883026, 0.09446685016155243, 0.15318447351455688, 0.2115454226732254, 0.2686014473438263, 0.32342034578323364, 0.3750995099544525, 0.4227776825428009, 0.465648889541626, 0.502972424030304, 0.5340823531150818, 0.5583991408348083, 0.5754342079162598, 0.5847975015640259, 0.5862035751342773, 0.5794724822044373, 0.5645322799682617, 0.5414195656776428, 0.5102778077125549, 0.4713536202907562, 0.42499321699142456, 0.37163475155830383, 0.31180495023727417, 0.24610596895217896, 0.17521041631698608, 0.09984929114580154, 0.020802482962608337, -0.06111365556716919, -0.14505630731582642, -0.2301681935787201, -0.3155883252620697, -0.400463342666626, -0.48395952582359314, -0.5652704238891602, -0.6436285972595215, -0.7183125019073486, -0.7886539101600647, -0.8540480136871338, -0.913953423500061, -0.9679020643234253, -1.0154979228973389, -1.0564229488372803, -1.0904351472854614, -1.1173697710037231, -1.1371387243270874, -1.1497265100479126, -1.155189037322998, -1.1536486148834229, -1.1452901363372803, -1.1303545236587524, -1.1091350317001343, -1.081968903541565, -1.0492336750030518, -1.0113378763198853, -0.9687179327011108, -0.9218284487724304, -0.8711395263671875, -0.8171278834342957, -0.7602736949920654, -0.701055645942688, -0.6399441361427307, -0.5774004459381104, -0.5138721466064453, -0.44978898763656616, -0.38556337356567383, -0.3215871751308441, -0.2582298815250397, -0.19583994150161743, -0.13474345207214355, -0.07524523138999939, -0.01762564852833748, 0.03785258159041405, 0.09094816446304321, 0.141438826918602, 0.18911923468112946, 0.23380379378795624, 0.27532055974006653, 0.3135148584842682, 0.34824615716934204, 0.37939026951789856, 0.40683791041374207, 0.4304943084716797, 0.450282484292984, 0.4661424458026886, 0.478031724691391, 0.48592808842658997, 0.4898316264152527, 0.48976612091064453, 0.48577961325645447, 0.47794654965400696, 0.4663725793361664, 0.45119184255599976, 0.4325713813304901, 0.410710871219635, 0.3858441710472107, 0.35823848843574524, 0.32819604873657227, 0.29605257511138916, 0.26217329502105713, 0.2269551157951355, 0.1908217966556549, 0.15422192215919495, 0.11762087047100067, 0.08150241523981094, 0.04635939747095108, 0.012689471244812012, -0.019011959433555603, -0.048257797956466675, -0.074574775993824, -0.09751242399215698, -0.11664901673793793, -0.1315995752811432, -0.1420203149318695, -0.1476176381111145, -0.1481536626815796, -0.14345073699951172, -0.13339614868164062, -0.11794617772102356, -0.09713247418403625, -0.07105714082717896, -0.03990253806114197, -0.003922462463378906, 0.0365525484085083, 0.08112245798110962, 0.12931537628173828, 0.18059968948364258, 0.2343858778476715, 0.2900311052799225, 0.3468540906906128, 0.4041351079940796, 0.46113696694374084]
volume 	 [0.5171023011207581, 0.5712746381759644, 0.6229034662246704, 0.6712584495544434, 0.7156386375427246, 0.7553845047950745, 0.7898880839347839, 0.8186027407646179, 0.8410524129867554, 0.856840193271637, 0.8656548857688904, 0.8672778606414795, 0.8615869283676147, 0.8485602140426636, 0.8282777667045593, 0.8009216785430908, 0.7667750120162964, 0.7262191772460938, 0.6797286868095398, 0.6278663277626038, 0.5712753534317017, 0.5106704831123352, 0.44682902097702026, 0.3805789649486542, 0.3127877712249756, 0.24435020983219147, 0.17617450654506683, 0.10916958749294281, 0.0442313477396965, -0.017770439386367798, -0.07600532472133636, -0.12969501316547394, -0.17812496423721313, -0.22065520286560059, -0.2567305564880371, -0.28588882088661194, -0.3077685534954071, -0.32211464643478394, -0.3287821412086487, -0.327739417552948, -0.31906837224960327, -0.30296415090560913, -0.27973175048828125, -0.2497827559709549, -0.21362854540348053, -0.1718735694885254, -0.12520620226860046, -0.07438862323760986, -0.020246796309947968, 0.03634338080883026, 0.09446685016155243, 0.15318447351455688, 0.2115454226732254, 0.2686014473438263, 0.32342034578323364, 0.3750995099544525, 0.4227776825428009, 0.465648889541626, 0.502972424030304, 0.5340823531150818, 0.5583991408348083, 0.5754342079162598, 0.5847975015640259, 0.5862035751342773, 0.5794724822044373, 0.5645322799682617, 0.5414195656776428, 0.5102778077125549, 0.4713536202907562, 0.42499321699142456, 0.37163475155830383, 0.31180495023727417, 0.24610596895217896, 0.17521041631698608, 0.09984929114580154, 0.020802482962608337, -0.06111365556716919, -0.14505630731582642, -0.2301681935787201, -0.3155883252620697, -0.400463342666626, -0.48395952582359314, -0.5652704238891602, -0.6436285972595215, -0.7183125019073486, -0.7886539101600647, -0.8540480136871338, -0.913953423500061, -0.9679020643234253, -1.0154979228973389, -1.0564229488372803, -1.0904351472854614, -1.1173697710037231, -1.1371387243270874, -1.1497265100479126, -1.155189037322998, -1.1536486148834229, -1.1452901363372803, -1.1303545236587524, -1.1091350317001343, -1.081968903541565, -1.0492336750030518, -1.0113378763198853, -0.9687179327011108, -0.9218284487724304, -0.8711395263671875, -0.8171278834342957, -0.7602736949920654, -0.701055645942688, -0.6399441361427307, -0.5774004459381104, -0.5138721466064453, -0.44978898763656616, -0.38556337356567383, -0.3215871751308441, -0.2582298815250397, -0.19583994150161743, -0.13474345207214355, -0.07524523138999939, -0.01762564852833748, 0.03785258159041405, 0.09094816446304321, 0.141438826918602, 0.18911923468112946, 0.23380379378795624, 0.27532055974006653, 0.3135148584842682, 0.34824615716934204, 0.37939026951789856, 0.40683791041374207, 0.4304943084716797, 0.450282484292984, 0.4661424458026886, 0.478031724691391, 0.48592808842658997, 0.4898316264152527, 0.48976612091064453, 0.48577961325645447, 0.47794654965400696, 0.4663725793361664, 0.45119184255599976, 0.4325713813304901, 0.410710871219635, 0.3858441710472107, 0.35823848843574524, 0.32819604873657227, 0.29605257511138916, 0.26217329502105713, 0.2269551157951355, 0.1908217966556549, 0.15422192215919495, 0.11762087047100067, 0.08150241523981094, 0.04635939747095108, 0.012689471244812012, -0.019011959433555603, -0.048257797956466675, -0.074574775993824, -0.09751242399215698, -0.11664901673793793, -0.1315995752811432, -0.1420203149318695, -0.1476176381111145, -0.1481536626815796, -0.14345073699951172, -0.13339614868164062, -0.11794617772102356, -0.09713247418403625, -0.07105714082717896, -0.03990253806114197, -0.003922462463378906, 0.0365525484085083, 0.08112245798110962, 0.12931537628173828, 0.18059968948364258, 0.2343858778476715, 0.2900311052799225, 0.3468540906906128, 0.4041351079940796, 0.46113696694374084]
=======
4 110.0 110.6
5 276.0 264.2
3 118.0 136.0
3 86.0 85.7
5 240.0 233.6
2 238.0 240.4
3 198.0 183.3
4 78.0 96.5
5 166.0 176.4
2 236.0 127.3
2 260.0 97.0
3 332.0 335.0
4 104.0 72.2
5 338.0 329.2
5 238.0 205.5
3 272.0 281.1
3 242.0 242.0
3 312.0 294.0
4 326.0 331.6
2 100.0 19.6
3 104.0 111.8
4 118.0 120.7
2 208.0 196.1
5 78.0 100.0
3 76.0 69.5
5 44.0 43.4
5 128.0 136.9
4 32.0 33.6
3 68.0 103.3
5 56.0 46.0
3 354.0 303.5
3 272.0 284.4
2 284.0 270.4
5 202.0 237.9
4 138.0 162.1
5 46.0 43.7
4 228.0 209.8
5 190.0 170.1
2 298.0 355.7
4 328.0 1.1
4 184.0 194.0
3 140.0 166.7
5 86.0 87.4
5 120.0 103.8
5 222.0 234.9
3 146.0 135.6
4 354.0 333.6
5 268.0 260.0
4 170.0 163.1
5 28.0 33.0
3 182.0 134.9
4 80.0 64.0
2 340.0 277.9
3 196.0 234.9
5 16.0 11.5
5 108.0 109.5
3 104.0 124.1
5 26.0 26.8
4 4.0 352.6
2 12.0 45.5
3 104.0 68.2
5 60.0 68.4
3 344.0 26.8
2 284.0 252.1
3 172.0 130.2
5 248.0 251.7
5 106.0 108.2
2 242.0 249.3
5 352.0 337.2
5 68.0 49.4
3 144.0 169.4
4 150.0 144.1
5 314.0 312.0
4 120.0 115.2
4 354.0 3.4
4 324.0 337.9
5 186.0 177.9
5 94.0 101.4
3 158.0 148.8
3 306.0 340.1
5 52.0 47.7
2 22.0 51.9
2 266.0 125.7
2 262.0 177.4
4 82.0 314.6
2 172.0 87.6
4 274.0 299.5
4 86.0 122.5
4 178.0 263.6
4 294.0 298.2
3 320.0 358.1
2 238.0 280.0
2 16.0 39.2
4 74.0 99.4
3 298.0 307.9
3 122.0 134.0
3 182.0 236.7
4 46.0 40.2
5 104.0 108.2
5 226.0 235.7
5 314.0 315.2
2 232.0 318.6
4 224.0 184.7
4 248.0 244.8
5 234.0 205.4
2 280.0 28.0
5 302.0 301.8
5 152.0 142.6
4 124.0 100.1
4 190.0 162.8
5 166.0 190.2
2 296.0 300.4
3 280.0 272.2
5 72.0 49.2
2 104.0 44.5
2 196.0 251.2
4 226.0 145.0
5 330.0 318.8
4 232.0 245.0
4 116.0 60.0
4 2.0 0.0
3 164.0 124.1
2 348.0 8.6
2 356.0 196.7
5 52.0 42.3
3 120.0 100.5
3 158.0 173.0
2 332.0 309.8
2 78.0 145.1
2 170.0 254.1
5 288.0 261.5
5 178.0 150.3
2 150.0 158.9
3 168.0 172.4
4 264.0 243.9
2 14.0 325.4
3 20.0 34.6
5 206.0 202.0
3 358.0 32.3
5 324.0 353.8
3 54.0 52.5
3 14.0 8.1
5 10.0 0.9
2 132.0 44.2
5 254.0 246.0
3 300.0 309.6
4 38.0 34.7
2 274.0 291.1
5 0.0 6.2
4 184.0 186.6
4 266.0 251.5
3 174.0 198.2
2 106.0 97.8
5 202.0 194.1
4 12.0 21.7
5 140.0 163.0
4 316.0 329.0
3 38.0 41.2
2 88.0 79.2
5 282.0 289.6
5 314.0 330.6
5 236.0 242.6
2 240.0 78.2
3 190.0 168.7
4 346.0 313.8
4 114.0 107.5
4 154.0 144.0
5 280.0 280.9
4 328.0 313.5
3 212.0 205.6
3 70.0 70.1
5 358.0 355.6
2 190.0 126.1
4 148.0 151.6
3 280.0 300.4
2 260.0 234.1
3 14.0 7.9
2 204.0 228.8
2 92.0 67.6
4 48.0 34.7
2 184.0 242.2
2 102.0 150.7
3 354.0 316.5
3 32.0 18.2
5 142.0 134.9
3 320.0 272.7
2 24.0 26.8
3 130.0 128.9
2 190.0 103.2
2 30.0 21.1
2 108.0 134.7
3 184.0 176.4
5 74.0 64.5
4 310.0 356.3
4 8.0 14.6
5 106.0 101.0
5 62.0 74.0
4 220.0 253.1
2 172.0 212.8
2 266.0 247.6
3 258.0 305.3
2 126.0 130.1
3 304.0 315.0
4 200.0 149.1
5 176.0 197.6
2 12.0 69.0
2 300.0 300.4
4 128.0 127.4
3 168.0 116.6
2 58.0 105.5
2 24.0 22.6
4 210.0 199.7
3 64.0 65.0
2 138.0 95.2
5 100.0 82.5
2 100.0 65.8
3 248.0 228.5
5 106.0 102.3
3 232.0 230.4
4 336.0 350.8
3 12.0 14.2
5 164.0 191.0
3 22.0 28.0
4 154.0 133.5
5 196.0 196.7
2 124.0 81.9
5 308.0 318.4
3 174.0 162.7
3 206.0 197.0
4 58.0 99.7
2 82.0 35.6
2 244.0 151.8
2 164.0 127.1
5 248.0 258.9
2 90.0 70.1
5 10.0 18.3
5 58.0 75.8
3 102.0 50.8
5 52.0 61.5
5 106.0 110.0
3 216.0 195.9
3 54.0 71.7
4 150.0 139.5
3 116.0 108.4
4 90.0 65.6
3 336.0 351.6
4 72.0 100.8
5 326.0 326.3
2 126.0 15.5
4 280.0 293.8
4 94.0 83.8
3 122.0 102.8
5 138.0 143.9
4 14.0 14.2
3 246.0 247.8
3 230.0 253.4
2 10.0 19.7
3 292.0 296.5
5 100.0 116.6
3 234.0 240.5
3 262.0 258.2
2 224.0 278.2
2 4.0 36.2
4 236.0 204.1
2 310.0 84.7
5 14.0 21.9
5 122.0 132.6
3 224.0 182.7
2 356.0 353.3
2 110.0 72.8
4 196.0 147.4
3 22.0 32.8
5 12.0 9.9
5 132.0 138.3
4 240.0 247.5
4 308.0 297.9
3 354.0 347.0
4 34.0 35.5
3 144.0 196.7
3 148.0 231.1
5 252.0 213.8
2 260.0 250.4
5 112.0 95.2
3 178.0 189.6
4 6.0 21.4
3 294.0 85.0
3 286.0 260.1
3 54.0 54.6
2 162.0 151.8
2 326.0 27.7
4 326.0 347.3
5 152.0 134.0
5 250.0 244.6
4 28.0 22.5
4 304.0 290.3
2 188.0 247.9
3 306.0 310.4
2 166.0 208.3
2 146.0 159.7
5 144.0 189.3
5 230.0 223.0
5 120.0 113.8
5 260.0 255.7
5 2.0 1.9
3 28.0 48.1
4 154.0 204.2
3 324.0 347.8
3 294.0 263.0
5 202.0 196.0
5 34.0 33.9
4 84.0 63.0
5 236.0 215.3
5 66.0 83.3
5 312.0 332.1
5 54.0 75.3
2 164.0 159.7
2 54.0 345.0
2 262.0 263.0
5 22.0 9.0
4 264.0 259.5
4 338.0 345.7
5 78.0 75.7
2 172.0 248.7
4 124.0 120.9
4 98.0 112.2
4 134.0 122.9
5 44.0 54.0
4 270.0 289.2
5 200.0 167.6
2 190.0 92.5
5 316.0 295.0
4 196.0 202.9
5 284.0 286.6
5 304.0 314.7
2 10.0 47.6
5 276.0 278.5
5 80.0 292.9
3 218.0 206.4
2 242.0 260.4
4 40.0 91.9
2 136.0 205.2
3 116.0 137.7
3 76.0 124.8
2 228.0 236.4
4 80.0 68.1
3 244.0 253.1
2 164.0 71.5
5 70.0 49.2
4 100.0 101.4
3 178.0 190.5
4 112.0 131.0
3 72.0 48.6
4 340.0 303.5
3 266.0 276.4
5 92.0 86.6
3 228.0 255.5
2 64.0 339.5
3 16.0 340.1
3 4.0 353.9
4 266.0 239.2
2 14.0 80.6
2 72.0 51.1
4 214.0 154.2
3 240.0 236.9
4 0.0 10.0
3 300.0 321.8
3 346.0 357.5
3 302.0 281.9
5 144.0 159.1
4 54.0 88.4
4 40.0 29.5
4 262.0 179.2
3 8.0 12.0
5 244.0 12.7
4 156.0 136.7
4 52.0 59.5
3 180.0 222.3
3 82.0 84.9
2 14.0 196.9
2 156.0 200.1
2 14.0 303.3
3 22.0 15.1
5 218.0 177.7
4 316.0 318.3
4 110.0 121.5
3 220.0 195.4
3 12.0 2.5
4 8.0 7.2
4 276.0 252.3
5 140.0 141.1
4 16.0 17.1
2 236.0 242.1
2 14.0 185.6
2 132.0 153.0
3 152.0 150.5
2 160.0 172.1
3 164.0 161.0
4 278.0 275.4
3 94.0 119.8
2 94.0 27.3
5 20.0 21.0
5 336.0 331.0
2 38.0 109.7
2 196.0 102.9
5 280.0 278.9
2 126.0 92.4
2 94.0 79.8
5 14.0 9.6
2 24.0 0.2
5 208.0 233.8
4 138.0 26.6
5 262.0 266.8
2 154.0 176.5
5 324.0 337.1
3 282.0 245.1
4 82.0 85.9
3 198.0 157.1
2 184.0 163.8
4 30.0 29.3
4 8.0 343.5
3 116.0 123.0
3 234.0 154.2
2 300.0 192.4
2 36.0 1.5
5 30.0 29.3
5 82.0 60.8
5 28.0 43.5
4 100.0 83.0
2 120.0 101.3
5 96.0 104.9
4 130.0 142.7
4 52.0 54.2
5 50.0 52.9
2 114.0 83.5
5 258.0 255.2
4 176.0 160.8
2 172.0 190.1
3 278.0 262.9
5 292.0 337.4
2 318.0 2.9
4 96.0 104.1
3 184.0 138.2
2 316.0 344.2
5 208.0 246.7
3 222.0 262.5
4 2.0 351.3
3 58.0 64.5
2 176.0 269.3
5 46.0 47.1
4 184.0 161.4
5 18.0 9.2
4 316.0 323.3
5 144.0 133.2
4 52.0 48.6
2 62.0 55.5
4 138.0 129.6
3 196.0 142.1
3 234.0 189.1
2 56.0 38.4
5 254.0 213.4
4 346.0 350.1
3 20.0 23.3
5 154.0 157.8
3 264.0 286.7
2 146.0 242.2
4 330.0 346.7
3 166.0 216.9
2 172.0 184.4
2 254.0 202.2
4 22.0 21.8
2 44.0 81.3
2 264.0 212.5
4 80.0 77.5
5 38.0 39.7
4 126.0 137.6
2 166.0 230.7
3 324.0 337.6
4 154.0 148.5
4 272.0 262.5
5 58.0 67.5
2 78.0 44.0
3 2.0 3.7
2 210.0 88.3
3 228.0 199.6
2 216.0 101.0
5 338.0 335.6
4 284.0 277.9
4 62.0 103.6
3 172.0 182.4
5 194.0 173.9
3 264.0 291.3
3 312.0 321.8
3 222.0 201.0
2 298.0 188.3
5 204.0 186.4
2 210.0 100.4
4 262.0 277.9
2 144.0 37.9
5 312.0 320.8
4 30.0 26.1
4 192.0 163.1
3 76.0 49.1
4 264.0 263.1
5 236.0 238.8
5 358.0 66.5
4 158.0 218.1
3 96.0 108.9
5 274.0 270.0
3 110.0 85.1
5 94.0 86.6
4 178.0 219.7
2 30.0 286.7
3 246.0 170.9
5 298.0 288.2
4 130.0 93.9
3 88.0 61.8
5 260.0 261.3
4 66.0 104.9
4 276.0 271.5
2 26.0 77.3
2 144.0 233.0
4 160.0 164.2
2 210.0 115.9
3 54.0 57.4
3 292.0 320.1
3 0.0 25.8
5 216.0 178.5
3 248.0 219.6
4 200.0 208.8
5 150.0 193.4
4 8.0 11.2
5 188.0 202.7
5 206.0 239.2
2 70.0 2.1
5 94.0 91.4
3 2.0 11.3
2 328.0 21.8
4 250.0 271.1
4 114.0 127.0
4 276.0 272.8
2 26.0 220.4
3 190.0 221.1
4 196.0 226.9
5 140.0 114.5
2 286.0 307.9
2 108.0 121.9
5 342.0 311.3
5 40.0 35.2
5 322.0 343.5
4 342.0 342.3
2 68.0 82.4
3 236.0 265.1
5 12.0 17.6
4 90.0 42.5
3 46.0 62.1
3 26.0 21.1
2 178.0 177.9
2 48.0 50.4
5 118.0 103.9
2 60.0 80.3
4 280.0 268.6
4 166.0 152.8
2 326.0 26.0
4 132.0 154.6
5 84.0 63.9
4 326.0 310.8
5 136.0 133.9
3 82.0 92.0
2 10.0 14.9
4 344.0 346.7
4 24.0 95.8
3 138.0 135.4
4 136.0 136.7
5 238.0 231.8
4 164.0 152.3
4 22.0 18.0
4 308.0 306.7
5 166.0 177.1
5 78.0 73.7
3 112.0 100.9
2 84.0 91.6
4 306.0 286.0
5 190.0 174.0
4 316.0 324.1
3 220.0 204.9
5 350.0 350.9
2 66.0 50.4
2 70.0 276.4
2 202.0 174.9
3 60.0 59.8
3 50.0 45.1
5 242.0 245.7
3 164.0 184.6
3 150.0 193.7
3 212.0 236.1
5 24.0 25.0
2 232.0 159.8
3 214.0 241.6
2 158.0 133.5
3 340.0 21.4
3 96.0 130.2
5 286.0 293.8
3 314.0 309.7
5 148.0 149.8
4 146.0 159.9
5 24.0 14.7
3 178.0 120.5
3 344.0 328.5
4 174.0 358.2
4 4.0 0.9
3 98.0 101.0
3 322.0 343.6
5 8.0 1.2
2 204.0 194.9
4 100.0 106.2
3 152.0 218.2
4 210.0 172.2
3 270.0 229.4
2 88.0 357.1
5 66.0 78.7
5 282.0 272.5
5 304.0 295.7
3 36.0 72.1
4 242.0 145.6
2 264.0 273.3
5 332.0 341.4
3 76.0 52.5
3 236.0 238.7
3 190.0 156.4
5 106.0 111.1
3 84.0 76.9
3 194.0 195.2
2 188.0 274.1
4 326.0 331.4
5 162.0 212.5
5 34.0 39.9
3 64.0 83.2
4 130.0 173.8
4 208.0 186.8
2 302.0 244.2
5 248.0 274.3
4 156.0 134.1
2 88.0 79.7
2 66.0 58.8
4 60.0 52.2
5 186.0 200.2
2 282.0 359.3
2 64.0 331.3
2 166.0 256.0
4 164.0 219.3
4 354.0 240.4
2 320.0 310.7
4 324.0 329.5
3 306.0 275.7
3 24.0 4.0
3 294.0 332.5
2 24.0 76.9
4 86.0 66.3
5 222.0 248.6
4 154.0 140.1
2 68.0 9.0
2 166.0 141.2
3 54.0 64.2
4 140.0 164.4
2 348.0 27.9
2 300.0 345.6
2 238.0 70.5
4 32.0 18.9
3 226.0 320.5
4 20.0 17.5
2 358.0 330.8
3 192.0 176.8
5 124.0 206.6
3 216.0 160.1
3 200.0 155.4
2 134.0 119.0
2 58.0 90.8
4 50.0 81.3
3 48.0 46.9
2 310.0 306.0
3 288.0 278.4
2 140.0 203.7
4 324.0 319.3
2 10.0 341.5
3 92.0 86.1
4 338.0 326.7
5 18.0 15.3
3 286.0 295.7
5 38.0 30.4
5 140.0 198.8
5 346.0 325.7
4 308.0 322.9
2 330.0 321.1
4 112.0 128.6
3 232.0 211.3
3 54.0 55.8
4 228.0 213.9
2 156.0 179.5
5 236.0 207.5
4 70.0 80.1
4 192.0 179.4
4 242.0 217.0
3 34.0 14.6
4 178.0 217.2
5 170.0 174.3
2 220.0 272.2
2 118.0 171.4
3 202.0 246.3
3 142.0 212.6
2 206.0 154.5
4 158.0 175.6
4 232.0 265.8
2 98.0 118.2
5 208.0 167.9
2 138.0 73.1
5 304.0 297.9
5 118.0 117.4
2 60.0 91.3
3 250.0 205.8
2 154.0 275.8
3 222.0 174.9
5 316.0 296.5
5 36.0 46.1
5 296.0 306.3
2 4.0 67.1
4 190.0 158.9
3 208.0 239.4
4 302.0 298.7
2 256.0 156.7
3 188.0 237.8
4 2.0 347.9
5 142.0 130.1
3 8.0 22.4
4 346.0 348.0
3 280.0 269.7
4 76.0 78.2
4 128.0 118.6
5 258.0 270.0
2 208.0 149.7
3 48.0 75.6
3 80.0 52.7
2 114.0 98.4
2 88.0 195.8
3 296.0 272.6
3 44.0 57.9
3 256.0 224.0
2 50.0 59.7
4 290.0 323.0
5 216.0 255.1
4 118.0 127.2
5 222.0 239.5
2 26.0 35.3
2 212.0 248.0
2 210.0 315.5
5 344.0 352.6
4 304.0 305.3
5 72.0 96.6
3 64.0 75.4
4 302.0 321.2
3 324.0 291.0
3 60.0 52.6
5 204.0 230.6
5 252.0 260.3
4 308.0 305.6
5 234.0 247.3
4 264.0 277.5
2 82.0 73.1
5 232.0 266.5
4 6.0 1.0
3 352.0 349.9
2 324.0 34.8
2 128.0 212.0
5 140.0 147.9
5 56.0 164.4
4 58.0 77.9
4 324.0 290.4
3 246.0 247.3
3 328.0 332.9
2 98.0 99.3
3 70.0 67.2
4 78.0 115.1
3 218.0 215.3
2 148.0 355.1
3 180.0 174.8
4 332.0 343.4
3 40.0 26.6
2 2.0 342.7
5 282.0 294.7
5 94.0 79.2
4 132.0 134.8
5 298.0 307.3
2 248.0 261.5
3 318.0 309.5
3 222.0 220.4
4 306.0 334.0
3 288.0 293.4
3 286.0 278.7
4 204.0 242.1
5 6.0 328.4
4 2.0 339.2
4 304.0 297.4
3 274.0 265.1
4 98.0 93.5
2 190.0 129.2
3 112.0 85.8
3 162.0 131.1
3 348.0 291.9
4 310.0 93.0
2 98.0 199.9
3 24.0 41.4
4 308.0 293.5
3 322.0 305.6
4 174.0 160.6
2 160.0 238.4
4 38.0 35.5
5 132.0 157.4
3 356.0 358.3
3 116.0 112.1
3 132.0 153.2
3 230.0 232.0
5 356.0 1.6
3 200.0 165.0
3 350.0 350.4
5 124.0 123.9
4 314.0 302.0
5 180.0 184.1
5 348.0 320.6
3 208.0 167.9
5 164.0 171.2
4 350.0 349.9
3 242.0 253.1
4 262.0 248.1
5 142.0 131.1
2 324.0 68.5
3 2.0 5.1
2 110.0 140.8
5 218.0 191.5
2 10.0 33.2
5 34.0 54.6
4 288.0 357.1
3 198.0 152.7
3 294.0 294.9
3 354.0 333.9
4 82.0 90.4
5 226.0 185.5
3 62.0 92.5
3 194.0 195.2
3 174.0 240.9
3 84.0 78.1
3 324.0 319.4
3 252.0 237.4
2 312.0 352.5
5 306.0 300.0
4 262.0 240.9
4 146.0 147.8
2 46.0 93.5
3 212.0 208.3
4 164.0 167.3
2 224.0 116.1
3 74.0 52.9
5 124.0 113.7
4 198.0 196.3
2 232.0 72.3
3 82.0 112.1
5 60.0 60.2
3 16.0 37.6
4 50.0 43.1
5 70.0 57.0
4 272.0 259.5
5 38.0 46.3
2 30.0 72.1
3 284.0 276.0
3 214.0 142.5
2 238.0 109.1
2 290.0 265.6
3 214.0 211.9
2 178.0 5.5
4 152.0 134.5
2 212.0 281.3
2 80.0 253.6
5 56.0 75.1
4 94.0 121.5
4 190.0 183.7
2 148.0 151.4
3 184.0 219.9
5 180.0 202.4
4 66.0 42.4
4 358.0 350.1
4 268.0 277.4
4 322.0 332.3
4 182.0 163.6
4 254.0 194.5
5 214.0 230.3
5 74.0 81.0
4 174.0 241.4
2 202.0 266.6
4 336.0 321.0
3 30.0 26.8
3 342.0 13.0
2 92.0 15.4
5 266.0 281.5
4 310.0 314.0
2 6.0 356.7
2 270.0 233.8
2 88.0 97.2
2 286.0 103.8
2 170.0 164.5
3 22.0 14.6
2 278.0 227.1
2 276.0 340.4
2 134.0 104.6
4 26.0 28.0
2 128.0 163.8
5 198.0 173.7
4 242.0 173.2
3 82.0 85.2
4 262.0 257.8
4 66.0 55.6
5 318.0 307.7
3 78.0 28.1
5 88.0 76.1
5 324.0 336.6
4 96.0 80.4
5 162.0 161.9
5 80.0 102.2
2 282.0 155.0
3 190.0 193.1
2 322.0 346.5
4 268.0 283.5
5 176.0 194.9
2 36.0 343.5
3 102.0 81.2
4 18.0 6.2
2 146.0 212.1
4 268.0 293.2
3 286.0 288.1
4 78.0 78.5
5 80.0 70.1
5 320.0 291.0
2 30.0 187.5
5 278.0 277.9
5 350.0 336.7
2 92.0 159.7
4 254.0 261.8
2 226.0 113.5
4 318.0 302.8
5 68.0 72.2
4 158.0 185.1
4 290.0 302.2
2 76.0 20.6
2 274.0 237.8
2 300.0 80.8
4 344.0 354.4
4 104.0 109.9
2 142.0 221.5
2 28.0 23.6
4 108.0 109.1
3 332.0 321.6
5 132.0 136.7
3 326.0 321.0
2 138.0 53.8
3 40.0 27.7
5 326.0 292.3
3 150.0 156.6
3 48.0 60.5
5 34.0 30.5
3 322.0 313.7
3 242.0 252.2
2 64.0 120.0
5 16.0 8.8
4 16.0 268.4
4 302.0 305.2
3 136.0 151.1
5 118.0 29.9
4 266.0 263.3
3 264.0 298.7
5 304.0 308.0
2 40.0 68.8
5 114.0 121.3
3 170.0 254.5
4 180.0 162.3
4 40.0 45.8
5 340.0 352.9
3 180.0 155.7
4 172.0 140.2
3 198.0 190.6
3 256.0 269.6
2 306.0 35.5
5 224.0 228.1
5 290.0 317.5
4 186.0 154.1
3 180.0 164.9
2 328.0 354.0
2 170.0 160.0
2 172.0 127.7
3 138.0 144.0
3 202.0 233.4
5 86.0 91.1
5 234.0 219.5
2 208.0 220.0
2 242.0 149.7
5 100.0 98.0
4 304.0 290.6
2 118.0 232.7
2 142.0 280.2
4 112.0 92.1
3 328.0 4.6
4 46.0 35.8
2 292.0 295.4
2 56.0 180.7
4 260.0 279.5
5 120.0 127.5
3 102.0 90.0
5 188.0 218.6
3 142.0 6.0
5 262.0 238.6
5 40.0 38.2
4 112.0 115.7
2 40.0 49.4
2 26.0 2.7
2 36.0 43.7
2 88.0 303.9
2 238.0 235.6
5 288.0 282.7
3 58.0 91.1
3 300.0 283.2
4 138.0 171.4
2 252.0 317.7
4 252.0 210.3
2 78.0 306.6
2 50.0 99.0
2 114.0 26.5
5 14.0 18.5
3 68.0 65.8
2 242.0 194.8
3 332.0 315.8
5 254.0 258.4
5 48.0 53.4
2 180.0 268.2
2 108.0 58.6
2 222.0 211.6
3 6.0 326.2
2 18.0 24.1
2 50.0 51.3
3 122.0 142.8
3 184.0 146.9
5 208.0 218.5
3 24.0 1.8
3 188.0 222.0
5 258.0 244.2
3 12.0 7.9
5 80.0 76.5
5 50.0 61.4
3 324.0 289.5
3 82.0 107.4
3 62.0 97.1
2 74.0 18.1
5 56.0 72.1
3 212.0 187.0
5 302.0 299.1
3 330.0 104.9
3 212.0 146.5
5 158.0 181.1
3 354.0 357.9
3 162.0 144.6
2 18.0 191.1
4 216.0 216.4
2 74.0 65.9
2 178.0 246.1
4 174.0 202.9
4 316.0 326.1
2 112.0 90.8
3 152.0 163.5
2 312.0 355.6
3 76.0 66.5
2 30.0 38.0
2 100.0 29.6
4 80.0 72.9
3 214.0 215.4
5 136.0 124.2
2 92.0 102.7
4 352.0 6.1
4 26.0 51.6
2 114.0 99.9
4 100.0 60.6
3 40.0 78.8
2 254.0 258.4
4 240.0 245.9
5 174.0 205.7
4 356.0 2.0
4 102.0 36.4
4 150.0 123.1
4 166.0 167.1
4 224.0 196.1
4 220.0 230.8
2 164.0 353.0
5 76.0 86.8
4 102.0 109.9
4 74.0 69.5
5 16.0 12.0
4 270.0 273.1
2 220.0 203.0
5 214.0 238.8
5 350.0 3.0
5 250.0 246.7
3 72.0 90.0
4 208.0 215.5
4 238.0 239.4
2 358.0 345.0
5 332.0 324.6
2 86.0 53.1
3 330.0 342.8
5 276.0 271.4
4 42.0 48.2
5 316.0 309.6
4 80.0 76.9
2 64.0 96.8
3 186.0 124.3
5 34.0 43.7
4 56.0 65.6
5 308.0 316.2
2 344.0 326.5
4 274.0 263.6
3 64.0 41.5
2 232.0 8.3
4 334.0 302.5
5 112.0 110.0
3 264.0 249.5
5 96.0 97.6
3 122.0 127.2
4 28.0 29.4
5 328.0 81.6
4 300.0 289.1
5 302.0 287.1
2 62.0 102.3
4 120.0 145.4
2 188.0 133.0
3 144.0 156.1
3 346.0 2.8
4 320.0 333.7
2 208.0 91.9
3 316.0 311.6
4 36.0 31.8
3 108.0 98.1
4 212.0 139.8
3 170.0 198.3
4 80.0 128.3
2 98.0 19.6
4 104.0 106.2
4 194.0 214.3
2 336.0 139.9
5 214.0 173.8
4 202.0 245.9
2 10.0 3.2
3 100.0 120.2
3 164.0 163.1
4 68.0 104.1
2 248.0 348.7
3 352.0 354.7
3 244.0 256.0
3 262.0 259.6
4 258.0 251.4
2 152.0 36.2
5 184.0 154.9
5 346.0 346.9
5 28.0 270.9
4 250.0 250.5
5 156.0 182.9
4 178.0 179.1
2 320.0 223.7
5 148.0 161.3
4 98.0 87.9
4 226.0 250.4
3 346.0 323.1
3 354.0 11.3
5 310.0 330.7
2 44.0 89.5
2 116.0 129.8
4 204.0 183.6
2 24.0 296.6
3 326.0 338.9
5 262.0 254.3
3 196.0 148.5
2 340.0 38.3
5 56.0 75.1
5 18.0 19.2
3 134.0 114.7
2 198.0 127.3
2 256.0 67.4
3 258.0 226.1
4 356.0 64.9
4 258.0 271.7
3 142.0 139.3
2 304.0 217.4
5 48.0 51.1
5 26.0 16.6
5 312.0 320.6
4 304.0 314.8
4 78.0 97.3
4 88.0 88.1
3 124.0 138.5
4 356.0 320.6
4 230.0 177.8
5 268.0 263.1
5 234.0 198.1
4 336.0 341.3
2 124.0 24.8
5 282.0 277.6
3 338.0 333.2
4 134.0 134.3
2 22.0 97.4
4 260.0 246.1
4 272.0 294.0
2 58.0 34.8
3 278.0 270.6
4 42.0 62.2
2 148.0 124.3
5 354.0 7.6
4 98.0 103.6
3 82.0 81.9
2 10.0 240.6
3 286.0 283.8
2 60.0 107.2
5 348.0 341.5
5 320.0 354.0
2 50.0 336.7
2 320.0 206.0
3 344.0 311.6
3 184.0 165.6
5 188.0 197.0
3 226.0 224.7
2 98.0 330.4
4 140.0 177.9
5 50.0 32.9
5 130.0 136.5
4 70.0 13.3
2 190.0 127.6
2 94.0 123.0
4 324.0 288.2
5 340.0 358.3
4 234.0 228.2
2 90.0 71.3
4 90.0 51.6
3 340.0 316.9
4 192.0 243.3
2 280.0 259.1
2 40.0 26.0
5 272.0 258.6
5 354.0 355.8
5 338.0 351.3
4 234.0 84.3
4 208.0 193.9
2 332.0 28.1
2 100.0 54.3
3 108.0 107.9
5 86.0 88.9
4 264.0 252.3
5 346.0 314.3
3 12.0 14.8
4 250.0 205.4
4 214.0 149.6
4 278.0 298.4
4 320.0 334.8
3 42.0 48.7
2 208.0 7.1
2 242.0 273.4
3 242.0 251.8
2 300.0 291.3
4 134.0 128.2
4 146.0 156.4
4 118.0 100.6
2 72.0 71.6
4 280.0 257.5
2 166.0 141.2
3 240.0 196.2
2 248.0 4.3
2 214.0 278.2
5 242.0 209.0
5 268.0 279.4
5 164.0 346.7
5 44.0 28.7
3 130.0 146.2
4 254.0 237.2
2 234.0 210.0
4 112.0 108.7
4 334.0 325.7
4 236.0 240.9
2 68.0 80.7
2 36.0 10.6
3 130.0 109.1
4 142.0 148.0
3 68.0 68.7
3 174.0 196.9
5 266.0 257.5
3 236.0 263.3
5 324.0 334.4
4 242.0 182.7
4 206.0 245.8
5 134.0 151.7
4 250.0 144.1
3 114.0 110.9
2 52.0 356.2
2 210.0 123.5
5 122.0 122.7
2 174.0 101.1
2 18.0 298.5
2 346.0 313.8
4 306.0 324.1
4 170.0 149.7
4 146.0 217.8
2 96.0 133.3
2 144.0 97.8
4 320.0 309.2
4 124.0 149.1
4 92.0 93.4
5 158.0 168.6
3 250.0 258.7
5 208.0 239.3
4 210.0 183.8
4 64.0 62.3
4 94.0 68.8
3 296.0 305.3
5 78.0 92.1
4 248.0 231.4
2 156.0 117.2
3 210.0 172.2
2 16.0 353.6
5 336.0 331.0
5 282.0 282.9
5 330.0 340.6
3 104.0 110.6
2 26.0 16.5
2 322.0 318.3
4 22.0 21.3
3 324.0 2.4
2 68.0 38.1
3 248.0 259.3
2 48.0 70.8
3 178.0 251.3
2 234.0 264.4
4 72.0 45.4
5 344.0 357.0
4 312.0 308.1
4 226.0 245.2
4 336.0 353.4
5 74.0 80.1
3 128.0 256.5
5 342.0 339.3
3 180.0 183.4
3 272.0 287.6
3 96.0 60.6
5 216.0 192.9
5 170.0 190.5
3 230.0 187.1
2 86.0 89.3
4 186.0 191.9
4 78.0 88.6
5 308.0 308.7
5 146.0 154.9
3 250.0 245.0
5 320.0 314.9
2 322.0 320.7
5 64.0 79.4
3 22.0 41.2
3 158.0 120.6
3 222.0 141.9
4 352.0 340.2
5 350.0 342.8
4 128.0 122.3
2 330.0 30.3
5 288.0 299.9
4 324.0 296.6
4 68.0 46.3
3 118.0 276.2
4 300.0 307.5
3 98.0 57.2
4 78.0 71.1
4 284.0 277.9
2 22.0 29.2
2 252.0 108.1
3 256.0 249.8
5 154.0 155.2
4 314.0 312.4
4 346.0 345.1
3 156.0 119.9
2 42.0 52.4
4 234.0 191.3
4 118.0 127.6
2 124.0 85.6
5 192.0 347.3
3 236.0 218.8
3 28.0 25.7
2 328.0 75.9
2 172.0 151.4
4 248.0 250.9
2 260.0 310.1
2 80.0 188.2
4 326.0 344.7
4 210.0 199.2
4 208.0 223.6
5 120.0 126.7
5 212.0 216.4
3 276.0 266.1
2 160.0 111.0
5 90.0 87.7
5 40.0 50.2
2 332.0 317.4
5 154.0 201.5
3 210.0 164.6
5 88.0 94.7
5 194.0 23.0
3 190.0 214.6
5 320.0 318.6
4 34.0 22.7
3 20.0 29.7
2 82.0 131.7
2 222.0 215.9
3 198.0 68.2
4 78.0 70.6
5 192.0 187.6
3 210.0 228.0
2 140.0 181.6
2 32.0 35.0
3 80.0 98.7
5 134.0 130.5
5 38.0 41.6
3 324.0 342.8
5 318.0 327.4
4 98.0 111.3
5 320.0 328.9
5 106.0 97.7
3 50.0 48.4
2 298.0 231.2
4 8.0 25.9
5 220.0 203.0
5 288.0 256.6
4 16.0 350.0
2 288.0 357.4
4 220.0 108.5
5 60.0 49.2
4 160.0 158.9
5 270.0 114.8
4 128.0 132.4
3 94.0 73.0
4 308.0 310.1
3 108.0 94.4
3 72.0 62.8
5 232.0 252.5
5 98.0 116.8
4 240.0 178.5
4 304.0 314.0
5 326.0 330.1
2 174.0 264.3
4 224.0 253.2
3 348.0 334.9
5 180.0 158.2
3 230.0 160.1
5 46.0 49.9
4 56.0 46.2
5 288.0 288.6
3 250.0 255.3
5 294.0 287.8
2 280.0 257.3
4 352.0 359.6
3 282.0 281.6
5 108.0 130.2
2 328.0 5.8
5 186.0 241.8
2 30.0 49.0
4 270.0 194.8
3 316.0 294.7
5 156.0 137.3
2 140.0 99.8
4 262.0 267.1
5 94.0 61.7
2 194.0 165.2
5 54.0 81.1
4 206.0 224.3
2 56.0 41.3
4 182.0 211.2
3 232.0 242.9
5 264.0 257.0
3 342.0 320.0
2 254.0 17.3
4 250.0 240.6
5 104.0 107.9
5 310.0 283.1
2 306.0 16.0
2 16.0 1.6
2 288.0 306.9
2 350.0 305.4
2 250.0 308.4
3 332.0 325.4
5 324.0 317.8
2 122.0 97.5
5 112.0 100.2
5 88.0 77.6
3 22.0 30.2
3 24.0 34.5
5 308.0 318.0
2 12.0 45.3
3 318.0 284.6
5 314.0 98.5
4 332.0 335.2
4 326.0 333.1
2 326.0 163.9
4 126.0 127.0
5 270.0 278.6
2 138.0 203.5
2 196.0 176.2
5 278.0 276.5
3 214.0 248.6
3 300.0 308.6
2 38.0 53.9
3 18.0 341.5
2 268.0 237.3
2 242.0 243.5
3 216.0 155.8
5 352.0 353.1
2 238.0 159.3
5 120.0 127.9
3 358.0 9.0
4 230.0 235.5
4 96.0 87.7
5 108.0 101.2
4 196.0 206.8
2 262.0 160.5
3 168.0 223.6
3 264.0 241.8
5 358.0 350.4
3 340.0 303.2
3 8.0 20.2
4 262.0 266.1
2 32.0 22.2
5 98.0 95.3
2 166.0 150.7
5 102.0 105.0
5 182.0 227.4
5 6.0 6.3
3 352.0 349.5
2 160.0 196.1
2 88.0 225.6
3 354.0 322.6
3 304.0 263.0
3 268.0 252.4
3 74.0 81.3
2 160.0 194.3
4 256.0 251.1
2 32.0 334.9
3 12.0 5.6
3 56.0 84.3
2 268.0 134.5
2 102.0 303.6
3 32.0 28.6
2 156.0 267.7
4 274.0 266.6
2 76.0 93.3
3 256.0 256.1
4 320.0 305.8
3 176.0 252.9
5 58.0 70.6
5 118.0 122.9
2 114.0 86.6
4 280.0 258.4
5 26.0 29.4
3 196.0 210.5
5 136.0 141.7
3 182.0 180.1
3 10.0 3.3
4 234.0 266.5
4 58.0 39.1
2 106.0 58.8
2 290.0 316.5
2 14.0 16.0
5 266.0 245.9
2 128.0 78.3
4 8.0 17.2
5 266.0 259.1
5 358.0 3.0
3 158.0 180.6
2 130.0 113.2
5 134.0 133.5
4 14.0 5.6
5 132.0 133.9
2 46.0 79.5
2 90.0 155.3
3 24.0 20.0
3 90.0 131.0
2 296.0 241.7
5 8.0 3.0
2 254.0 207.8
2 106.0 168.8
4 328.0 325.6
5 248.0 245.1
3 258.0 218.5
5 244.0 214.9
4 352.0 318.1
5 286.0 289.3
3 242.0 262.9
3 210.0 227.4
3 120.0 79.8
5 346.0 328.2
5 270.0 271.4
2 254.0 291.3
3 174.0 234.0
4 292.0 273.9
5 70.0 91.7
5 344.0 332.1
2 252.0 144.1
4 54.0 53.8
2 300.0 318.8
5 50.0 59.4
2 154.0 85.4
5 268.0 259.7
2 228.0 244.7
3 62.0 43.2
2 306.0 332.8
2 108.0 110.7
2 118.0 115.9
4 334.0 334.8
4 170.0 138.5
2 292.0 328.6
5 188.0 181.1
5 222.0 185.9
2 318.0 342.4
2 112.0 16.1
4 176.0 141.6
5 258.0 233.0
3 296.0 280.2
5 224.0 181.7
3 246.0 223.7
5 222.0 227.8
5 16.0 17.3
5 74.0 89.8
4 110.0 74.2
5 210.0 220.4
4 28.0 18.4
5 218.0 214.9
4 32.0 26.7
4 242.0 238.8
5 78.0 89.6
4 130.0 131.9
4 328.0 335.8
5 252.0 254.2
4 282.0 292.0
4 200.0 147.7
4 42.0 45.8
5 180.0 149.7
3 160.0 211.6
4 26.0 14.2
5 322.0 315.6
2 140.0 130.6
3 214.0 217.9
4 256.0 227.4
5 154.0 168.0
3 110.0 102.7
3 78.0 158.1
5 214.0 193.9
3 2.0 350.4
4 170.0 186.4
2 280.0 241.1
2 186.0 280.5
3 180.0 172.6
3 216.0 243.9
4 36.0 23.3
2 216.0 28.4
5 316.0 332.8
2 306.0 261.1
5 332.0 337.5
2 116.0 120.8
4 336.0 36.1
2 266.0 130.7
5 146.0 155.5
3 118.0 141.6
4 320.0 334.2
2 308.0 253.8
4 290.0 274.4
5 230.0 215.6
4 242.0 222.4
4 336.0 301.3
3 272.0 337.0
4 50.0 102.6
4 10.0 2.8
5 164.0 188.8
3 314.0 309.0
2 346.0 319.8
4 246.0 250.6
4 152.0 144.2
4 114.0 103.3
4 280.0 276.2
4 236.0 217.2
4 260.0 257.8
4 206.0 196.1
5 268.0 268.3
4 62.0 96.7
3 230.0 239.9
4 240.0 207.3
2 210.0 275.5
5 358.0 348.8
2 334.0 4.8
4 176.0 210.6
2 38.0 34.7
2 306.0 255.1
4 250.0 217.2
5 236.0 239.2
5 70.0 65.0
2 178.0 127.4
4 226.0 229.0
5 330.0 320.9
3 164.0 224.4
2 120.0 24.9
3 56.0 66.0
5 322.0 344.1
2 260.0 269.0
2 320.0 291.3
4 254.0 243.5
2 250.0 54.5
2 156.0 117.6
2 74.0 52.7
5 28.0 36.0
4 144.0 166.0
3 248.0 215.0
2 304.0 10.5
3 174.0 226.6
5 202.0 159.8
3 202.0 165.9
2 64.0 140.5
4 358.0 359.0
2 304.0 27.9
5 248.0 255.3
2 322.0 340.2
5 200.0 185.1
2 26.0 338.8
4 212.0 195.4
4 166.0 147.9
4 6.0 13.8
4 356.0 353.2
5 56.0 44.5
4 104.0 70.4
2 272.0 224.4
5 234.0 228.5
4 276.0 276.7
5 104.0 98.9
2 256.0 26.4
2 70.0 90.5
4 308.0 314.1
2 16.0 17.2
3 218.0 219.5
2 74.0 116.5
3 236.0 273.3
2 58.0 208.7
2 160.0 141.7
3 258.0 280.0
5 276.0 290.9
5 354.0 340.6
4 176.0 187.2
4 134.0 147.1
5 164.0 168.2
5 88.0 99.5
5 24.0 17.5
2 214.0 285.4
5 14.0 6.8
5 244.0 237.8
4 86.0 93.6
2 312.0 223.5
4 212.0 156.4
4 206.0 225.3
4 50.0 29.8
2 264.0 178.7
3 10.0 353.5
3 166.0 158.4
5 214.0 190.6
5 8.0 5.5
3 214.0 196.5
5 102.0 94.9
2 2.0 7.9
3 64.0 87.5
4 300.0 316.0
4 8.0 345.6
4 332.0 294.2
5 130.0 124.5
4 20.0 21.7
5 184.0 177.8
5 194.0 218.9
5 122.0 138.2
2 346.0 10.5
4 212.0 217.5
4 230.0 222.9
3 310.0 305.8
5 38.0 34.2
2 202.0 339.0
5 40.0 36.0
2 28.0 34.5
2 158.0 123.5
4 350.0 341.8
3 190.0 252.4
5 74.0 74.6
2 144.0 78.2
2 176.0 230.9
5 114.0 116.1
2 328.0 39.2
5 282.0 268.1
5 256.0 263.9
2 244.0 275.2
5 38.0 56.3
4 90.0 95.4
3 230.0 242.8
5 198.0 160.4
2 214.0 120.4
3 194.0 199.3
2 36.0 6.6
2 22.0 125.0
2 344.0 3.9
2 176.0 224.8
4 92.0 66.3
5 126.0 105.0
3 306.0 293.9
5 118.0 83.6
3 28.0 50.4
2 172.0 161.7
3 64.0 68.7
5 282.0 277.1
2 56.0 322.8
2 188.0 357.6
2 278.0 293.4
4 304.0 321.9
4 296.0 289.1
5 154.0 159.0
4 276.0 277.4
5 282.0 285.0
5 262.0 261.5
5 70.0 82.5
2 144.0 236.5
5 28.0 43.6
2 336.0 276.4
2 92.0 39.7
3 342.0 355.6
3 300.0 192.8
4 220.0 185.7
5 274.0 291.0
2 322.0 355.1
5 264.0 275.7
2 92.0 96.7
2 56.0 46.0
5 42.0 44.4
3 356.0 360.0
5 98.0 243.0
5 174.0 224.1
3 164.0 145.3
2 230.0 6.2
3 138.0 149.3
2 100.0 24.1
4 314.0 320.6
3 34.0 41.9
3 24.0 47.1
4 240.0 245.8
3 128.0 144.7
2 356.0 344.3
3 94.0 79.6
2 302.0 358.8
3 250.0 278.0
3 26.0 32.2
3 352.0 354.0
4 142.0 168.0
2 312.0 272.0
3 352.0 343.4
4 100.0 133.3
2 258.0 193.1
3 14.0 30.2
4 208.0 161.7
2 94.0 13.8
3 30.0 29.9
2 172.0 262.7
3 172.0 155.1
5 256.0 252.0
3 260.0 281.8
3 312.0 331.2
3 140.0 73.5
5 20.0 18.6
4 78.0 44.9
5 154.0 139.4
4 106.0 117.7
3 96.0 52.6
5 352.0 341.9
5 52.0 30.1
4 254.0 237.1
2 82.0 10.6
3 16.0 14.4
4 170.0 179.9
3 276.0 274.2
4 330.0 331.9
3 236.0 200.6
4 148.0 115.9
3 70.0 108.2
5 174.0 171.4
4 56.0 76.6
5 346.0 349.5
3 312.0 312.5
3 68.0 92.6
5 214.0 236.0
5 256.0 261.4
3 78.0 28.2
3 130.0 104.5
2 354.0 39.6
5 330.0 327.9
2 128.0 212.4
3 162.0 291.8
4 270.0 297.7
3 254.0 279.8
3 238.0 153.9
5 232.0 206.1
2 192.0 133.3
4 46.0 54.7
5 306.0 321.4
3 284.0 289.1
5 76.0 67.5
5 272.0 295.5
3 298.0 281.6
5 336.0 321.7
2 24.0 325.1
2 88.0 132.4
5 164.0 199.8
3 248.0 234.9
2 170.0 279.9
5 322.0 338.6
2 236.0 290.5
2 268.0 238.8
4 240.0 223.3
2 222.0 258.4
2 130.0 61.4
5 118.0 113.5
4 136.0 146.4
4 192.0 255.8
2 54.0 51.7
2 4.0 49.1
2 242.0 192.2
2 342.0 340.7
5 144.0 141.1
4 246.0 262.0
2 220.0 232.2
3 14.0 16.9
3 40.0 31.5
4 310.0 283.1
2 64.0 34.9
4 58.0 40.7
2 170.0 71.1
3 208.0 163.7
4 346.0 348.6
4 250.0 238.5
5 42.0 37.6
4 298.0 282.0
5 196.0 175.0
2 62.0 30.1
4 268.0 275.7
4 276.0 282.3
5 224.0 227.0
2 348.0 307.5
4 300.0 284.4
4 202.0 236.8
2 154.0 283.6
4 234.0 166.1
5 4.0 4.4
4 326.0 175.0
5 274.0 257.6
3 174.0 217.6
4 106.0 58.9
2 310.0 306.1
2 174.0 248.8
4 240.0 254.3
2 94.0 27.2
3 354.0 321.3
4 150.0 138.1
5 292.0 288.7
2 320.0 319.6
5 4.0 10.6
2 18.0 18.1
4 80.0 98.6
2 186.0 203.6
2 38.0 69.2
2 60.0 91.9
4 160.0 156.8
4 72.0 83.7
5 66.0 60.9
4 36.0 35.4
2 14.0 9.5
2 270.0 338.4
5 146.0 131.5
3 352.0 345.6
3 276.0 265.1
3 28.0 341.6
2 112.0 171.7
4 30.0 33.1
3 334.0 335.1
3 242.0 199.5
3 8.0 315.5
2 136.0 299.3
5 102.0 114.8
2 144.0 81.5
5 238.0 236.1
4 18.0 7.4
3 298.0 296.6
5 80.0 60.4
4 62.0 54.2
2 334.0 286.0
4 70.0 82.0
3 58.0 47.1
5 314.0 310.9
3 178.0 233.4
4 24.0 25.0
2 176.0 287.7
3 94.0 103.7
3 198.0 163.4
3 54.0 36.6
2 294.0 293.7
4 22.0 41.7
4 16.0 13.3
5 82.0 96.6
5 76.0 86.1
5 98.0 55.4
3 240.0 213.9
4 124.0 127.6
2 260.0 311.5
4 236.0 252.9
2 288.0 359.2
5 258.0 263.9
2 6.0 349.9
2 324.0 17.0
4 204.0 175.7
5 308.0 312.6
5 10.0 11.5
3 278.0 226.7
4 182.0 139.4
4 80.0 61.3
3 262.0 254.7
2 150.0 272.2
2 316.0 327.1
3 256.0 257.0
2 276.0 306.9
2 332.0 271.4
5 294.0 295.0
4 226.0 220.7
3 78.0 93.6
3 344.0 345.6
4 250.0 267.5
4 284.0 322.9
5 166.0 156.8
4 202.0 237.8
4 186.0 154.6
2 4.0 354.2
3 58.0 50.4
2 14.0 155.7
2 72.0 70.3
2 4.0 18.6
2 106.0 70.2
3 132.0 120.5
5 356.0 2.3
2 346.0 29.3
5 38.0 68.8
4 72.0 100.7
4 192.0 156.8
5 272.0 278.0
4 0.0 331.0
2 234.0 111.4
3 298.0 337.3
2 76.0 16.7
4 212.0 212.1
4 242.0 271.9
4 246.0 237.9
3 174.0 167.1
5 346.0 352.8
3 336.0 356.7
3 62.0 53.3
5 318.0 315.5
5 82.0 93.7
3 186.0 187.8
5 288.0 279.9
5 62.0 54.1
5 4.0 6.1
2 122.0 156.0
2 284.0 50.4
2 228.0 213.8
3 226.0 223.2
3 152.0 198.3
4 346.0 2.1
5 6.0 17.4
4 294.0 295.5
5 34.0 25.8
4 354.0 350.9
3 290.0 269.9
2 126.0 169.3
4 58.0 82.7
5 78.0 75.8
4 76.0 52.0
2 162.0 92.0
2 248.0 188.5
5 346.0 357.0
5 204.0 200.0
4 8.0 15.5
3 348.0 336.1
4 170.0 198.2
5 180.0 216.6
2 318.0 290.7
2 312.0 323.7
2 344.0 324.8
4 166.0 154.4
4 204.0 164.8
3 356.0 6.4
2 142.0 127.1
3 294.0 314.2
5 200.0 143.8
2 32.0 350.5
2 80.0 7.1
4 18.0 32.6
5 28.0 26.6
2 150.0 285.2
4 68.0 64.4
4 292.0 274.7
5 104.0 116.6
4 104.0 98.3
4 56.0 69.9
2 98.0 242.8
4 64.0 56.7
4 280.0 268.2
2 344.0 337.8
3 354.0 312.7
4 208.0 188.8
2 272.0 261.2
2 232.0 267.5
5 172.0 282.6
2 308.0 241.0
4 244.0 232.1
3 278.0 274.5
3 132.0 118.8
2 322.0 47.5
3 324.0 349.6
5 274.0 280.7
5 318.0 317.6
3 50.0 27.3
4 342.0 292.0
4 324.0 297.7
5 152.0 145.3
5 352.0 348.2
5 152.0 150.5
4 304.0 334.8
3 104.0 99.6
2 214.0 58.0
2 112.0 80.6
3 182.0 148.2
3 224.0 227.8
5 296.0 293.6
3 322.0 337.0
3 200.0 194.7
4 320.0 296.0
4 284.0 74.3
5 90.0 73.7
2 262.0 153.0
3 246.0 173.5
3 164.0 253.1
3 114.0 135.9
3 188.0 188.7
3 326.0 344.5
3 314.0 332.6
2 348.0 277.9
3 196.0 238.5
5 264.0 260.5
2 230.0 261.7
2 42.0 69.7
5 64.0 95.6
3 320.0 318.3
3 38.0 55.2
5 164.0 156.4
5 16.0 18.7
4 300.0 334.3
2 286.0 214.4
5 274.0 298.7
2 304.0 324.3
5 278.0 294.9
4 22.0 21.7
3 244.0 242.4
3 266.0 310.9
2 4.0 293.6
3 206.0 244.9
3 198.0 177.7
5 34.0 30.6
4 194.0 166.0
4 40.0 45.5
4 62.0 70.1
2 108.0 13.3
5 328.0 325.4
4 172.0 202.2
5 64.0 63.0
4 62.0 95.3
2 308.0 320.8
4 76.0 83.3
2 328.0 340.8
4 128.0 133.6
3 344.0 341.6
3 346.0 337.6
2 230.0 340.2
2 234.0 252.4
4 74.0 73.3
3 164.0 157.3
3 214.0 230.2
5 126.0 120.3
4 192.0 227.5
5 306.0 289.1
3 260.0 221.1
2 20.0 9.1
3 258.0 255.2
2 200.0 242.9
5 76.0 90.5
3 172.0 157.7
4 10.0 325.5
5 86.0 118.3
3 264.0 295.3
5 220.0 229.3
4 134.0 127.7
4 292.0 280.3
2 106.0 105.7
4 236.0 235.7
2 224.0 297.3
3 72.0 51.0
4 260.0 258.7
5 34.0 50.4
5 266.0 39.5
4 228.0 255.3
5 308.0 293.3
4 336.0 350.3
5 122.0 129.7
3 176.0 216.6
3 96.0 65.0
5 174.0 213.7
3 330.0 318.7
2 158.0 284.2
4 276.0 274.1
2 38.0 44.0
2 16.0 258.3
5 116.0 116.4
3 194.0 161.9
5 334.0 319.1
4 52.0 52.8
4 246.0 250.3
3 98.0 90.9
3 188.0 211.7
2 86.0 62.1
3 110.0 149.9
4 106.0 119.9
2 158.0 181.9
5 38.0 323.4
4 154.0 222.5
3 26.0 10.5
4 64.0 57.0
4 52.0 54.6
5 268.0 273.3
5 204.0 188.1
4 168.0 174.4
4 234.0 256.5
4 114.0 120.7
3 146.0 111.3
5 158.0 148.7
3 296.0 299.7
5 2.0 356.8
3 106.0 131.8
2 6.0 235.6
3 214.0 262.8
3 264.0 276.2
4 38.0 28.1
4 208.0 203.7
4 14.0 26.7
5 170.0 177.2
5 44.0 62.9
5 14.0 13.8
5 242.0 217.5
5 2.0 337.3
3 158.0 228.0
5 320.0 306.0
5 322.0 332.3
2 230.0 341.3
2 232.0 120.3
2 40.0 145.9
5 132.0 116.2
5 156.0 67.7
5 36.0 34.9
4 52.0 68.4
3 20.0 31.8
3 116.0 117.9
5 322.0 325.6
3 206.0 181.4
5 68.0 82.2
5 52.0 43.1
5 282.0 289.0
2 6.0 307.0
5 354.0 358.0
5 258.0 247.7
5 342.0 319.0
4 154.0 182.6
5 270.0 267.7
3 120.0 107.2
3 256.0 209.5
4 358.0 5.4
5 194.0 153.6
2 96.0 49.0
3 278.0 252.4
2 172.0 203.1
3 288.0 247.6
2 178.0 318.2
2 74.0 53.7
2 292.0 255.6
4 4.0 7.0
4 214.0 205.0
5 168.0 191.7
3 30.0 41.8
5 52.0 76.8
2 28.0 43.3
5 114.0 104.7
3 124.0 163.9
3 154.0 198.6
5 148.0 169.3
2 350.0 346.8
2 330.0 318.8
5 28.0 37.4
5 110.0 93.6
4 6.0 11.3
3 330.0 327.5
3 232.0 248.9
3 8.0 4.0
2 34.0 47.7
4 8.0 344.4
3 224.0 127.1
5 112.0 116.1
3 192.0 163.6
4 230.0 245.4
2 86.0 182.9
4 136.0 152.5
5 32.0 35.6
4 248.0 228.0
2 312.0 84.7
2 24.0 59.4
5 78.0 76.3
3 234.0 168.8
3 32.0 38.3
2 280.0 328.5
4 202.0 203.8
2 356.0 314.5
5 302.0 293.8
3 88.0 72.8
2 96.0 96.1
3 296.0 348.4
2 204.0 140.8
3 44.0 101.3
2 104.0 172.6
4 30.0 37.1
3 350.0 19.0
4 16.0 8.1
4 246.0 228.4
2 348.0 323.9
4 310.0 310.1
5 4.0 1.5
4 296.0 295.8
5 314.0 325.7
4 168.0 193.5
3 320.0 318.9
5 74.0 85.2
2 310.0 4.6
2 12.0 116.3
5 322.0 323.9
5 250.0 271.5
5 260.0 254.4
4 246.0 249.1
3 162.0 147.3
4 96.0 92.9
4 170.0 186.5
5 212.0 217.6
3 194.0 225.7
3 194.0 251.8
4 68.0 53.5
5 160.0 144.7
3 50.0 52.0
2 344.0 44.4
3 342.0 328.2
2 294.0 273.0
4 246.0 266.0
3 90.0 138.0
2 236.0 306.0
2 66.0 6.7
3 38.0 42.6
2 124.0 127.6
5 174.0 141.5
2 260.0 70.3
4 36.0 31.4
5 42.0 33.9
2 76.0 46.9
4 308.0 333.3
4 196.0 224.7
4 274.0 268.4
4 304.0 320.0
2 240.0 150.3
2 130.0 342.5
5 270.0 271.1
3 300.0 293.5
2 190.0 177.4
5 296.0 296.4
2 110.0 283.6
5 42.0 45.8
5 92.0 99.0
5 204.0 219.4
4 58.0 65.5
4 298.0 288.7
3 130.0 185.7
3 76.0 63.6
3 246.0 328.2
2 74.0 314.3
4 286.0 302.4
5 276.0 252.2
4 116.0 103.2
3 178.0 206.6
5 16.0 10.0
3 110.0 83.8
4 186.0 174.6
4 182.0 201.6
2 310.0 111.7
2 310.0 275.7
3 140.0 155.5
3 16.0 21.5
3 8.0 336.6
5 262.0 269.0
5 6.0 6.1
3 6.0 342.7
3 114.0 111.5
5 200.0 210.2
2 282.0 235.3
5 280.0 290.7
2 264.0 354.9
4 146.0 138.3
2 210.0 51.0
3 140.0 133.1
3 64.0 33.3
3 352.0 338.8
3 112.0 88.0
4 134.0 141.4
5 52.0 71.4
2 4.0 48.2
2 230.0 216.6
5 178.0 249.5
2 2.0 58.7
5 72.0 90.6
3 284.0 268.1
5 162.0 188.1
3 138.0 73.3
2 126.0 88.8
2 34.0 13.1
5 4.0 9.5
3 316.0 315.6
2 284.0 350.6
3 180.0 132.3
5 88.0 81.1
3 276.0 291.3
4 198.0 0.9
4 74.0 70.0
5 186.0 195.5
3 162.0 140.6
2 338.0 231.9
2 106.0 8.8
3 284.0 271.9
2 262.0 325.1
5 338.0 356.8
4 58.0 86.4
2 262.0 223.4
3 224.0 244.0
4 320.0 298.8
4 0.0 354.7
3 266.0 231.7
4 296.0 310.9
4 196.0 173.3
5 172.0 205.0
3 122.0 99.2
5 152.0 172.2
3 348.0 334.7
2 36.0 41.2
2 274.0 141.0
3 98.0 132.0
5 46.0 75.1
2 32.0 2.9
3 114.0 124.6
4 338.0 151.1
3 22.0 21.5
2 126.0 111.2
2 58.0 30.3
4 208.0 234.0
3 28.0 50.8
5 214.0 211.8
2 356.0 7.2
5 32.0 18.6
2 28.0 26.4
5 4.0 346.5
3 306.0 268.2
2 220.0 137.8
3 102.0 108.8
2 196.0 204.9
4 276.0 271.1
5 122.0 120.1
2 14.0 20.5
4 220.0 238.5
5 358.0 345.7
4 358.0 5.6
2 128.0 250.6
2 320.0 25.1
4 180.0 194.1
2 226.0 231.7
4 34.0 38.4
3 240.0 237.2
2 36.0 233.3
3 308.0 283.2
2 100.0 83.5
5 192.0 201.7
3 0.0 307.6
2 350.0 308.2
2 128.0 174.0
2 192.0 144.7
3 274.0 296.6
3 358.0 12.1
2 200.0 144.0
2 148.0 299.6
4 94.0 182.9
4 282.0 287.1
2 184.0 152.7
5 254.0 251.9
2 276.0 355.1
4 74.0 66.3
2 140.0 165.3
2 144.0 125.1
5 354.0 310.7
5 86.0 104.5
2 184.0 152.4
5 10.0 3.0
4 144.0 139.0
5 14.0 24.2
3 298.0 352.8
4 120.0 138.3
5 344.0 53.7
4 152.0 24.3
3 204.0 145.3
2 172.0 299.3
4 80.0 103.3
5 226.0 234.0
5 116.0 97.9
5 42.0 42.3
2 102.0 352.2
4 310.0 333.5
5 318.0 300.2
5 116.0 103.5
5 168.0 169.8
4 66.0 56.2
4 352.0 358.8
5 336.0 344.9
2 12.0 276.8
2 346.0 170.4
3 306.0 314.2
5 64.0 57.6
3 178.0 209.1
4 158.0 183.5
2 262.0 286.5
4 84.0 69.7
4 162.0 205.7
3 12.0 33.5
4 24.0 12.6
5 286.0 288.3
3 292.0 302.5
2 254.0 167.5
4 222.0 216.2
5 146.0 153.8
3 252.0 242.5
3 278.0 303.8
2 146.0 106.9
2 322.0 320.9
4 60.0 56.7
4 298.0 303.6
4 250.0 262.1
4 82.0 83.4
3 40.0 32.0
3 164.0 169.2
4 68.0 86.9
4 344.0 320.4
3 178.0 204.2
3 218.0 132.7
3 150.0 167.8
3 50.0 64.8
2 36.0 102.0
3 226.0 223.3
2 148.0 169.9
5 52.0 63.6
5 358.0 2.2
3 116.0 92.2
4 292.0 283.3
5 270.0 278.8
5 228.0 217.4
3 254.0 257.4
4 4.0 5.5
3 188.0 213.5
5 310.0 328.0
2 346.0 311.9
3 222.0 133.7
2 146.0 261.7
4 94.0 86.5
2 138.0 186.6
5 234.0 227.9
5 310.0 307.0
2 336.0 344.7
2 150.0 102.1
2 158.0 201.1
5 58.0 66.0
5 156.0 171.2
4 320.0 308.4
5 218.0 203.8
2 228.0 124.4
5 278.0 275.8
3 156.0 199.5
3 156.0 200.3
2 258.0 222.9
3 70.0 87.3
5 246.0 249.1
4 40.0 36.9
5 20.0 25.7
4 238.0 183.0
4 228.0 225.1
2 350.0 354.0
2 154.0 209.0
4 340.0 324.2
2 42.0 3.6
5 170.0 156.8
4 20.0 13.8
5 194.0 244.1
3 82.0 52.2
2 48.0 150.1
3 336.0 335.5
4 126.0 130.5
2 186.0 249.6
5 36.0 34.5
3 98.0 112.2
4 280.0 292.4
3 356.0 341.9
4 108.0 106.2
3 108.0 101.9
2 70.0 71.4
2 46.0 54.1
5 208.0 227.2
3 28.0 35.3
4 46.0 81.2
3 274.0 253.6
3 104.0 134.1
4 256.0 240.7
2 338.0 348.1
3 344.0 294.2
3 16.0 18.5
4 144.0 220.2
5 170.0 195.3
2 6.0 349.1
5 104.0 111.5
5 272.0 267.8
4 20.0 21.5
3 264.0 269.5
5 284.0 288.4
2 24.0 83.0
2 10.0 196.4
3 138.0 138.7
4 28.0 33.3
2 284.0 60.5
2 86.0 69.1
2 160.0 110.7
3 218.0 219.1
4 132.0 155.0
3 340.0 307.9
2 60.0 44.3
5 156.0 143.9
4 36.0 28.5
5 224.0 231.9
4 296.0 290.9
4 166.0 184.6
4 112.0 113.0
4 18.0 18.5
5 354.0 344.5
4 88.0 88.1
3 52.0 69.3
2 210.0 324.1
4 172.0 265.9
3 354.0 289.7
5 280.0 272.5
3 56.0 66.2
5 8.0 10.9
5 284.0 302.8
4 204.0 245.2
2 32.0 25.5
5 130.0 115.1
4 84.0 91.0
4 328.0 2.4
5 132.0 138.2
3 314.0 297.3
3 24.0 43.4
3 238.0 274.5
5 352.0 353.8
3 230.0 281.5
5 216.0 192.2
4 76.0 58.7
4 48.0 60.1
4 136.0 154.6
3 64.0 221.9
4 234.0 200.6
2 264.0 185.4
2 242.0 309.9
4 72.0 46.5
5 144.0 148.7
5 308.0 312.8
2 254.0 251.5
3 56.0 55.3
4 170.0 216.6
4 50.0 67.1
3 58.0 57.1
5 340.0 323.1
4 218.0 245.0
4 84.0 84.1
3 74.0 132.6
4 352.0 342.5
3 86.0 93.1
3 18.0 6.3
5 312.0 305.3
2 134.0 158.6
5 108.0 113.1
5 4.0 349.2
3 204.0 182.6
5 150.0 176.8
3 134.0 135.7
3 132.0 173.8
2 192.0 211.8
4 194.0 193.3
5 346.0 2.6
2 192.0 164.6
4 154.0 147.2
5 174.0 178.7
3 6.0 344.8
4 222.0 206.2
5 326.0 310.0
2 210.0 267.8
4 286.0 290.1
5 50.0 46.8
2 230.0 150.4
4 216.0 208.4
3 228.0 256.9
3 284.0 285.4
4 264.0 276.5
2 238.0 229.9
2 234.0 179.7
4 230.0 166.0
2 304.0 291.8
5 146.0 143.6
5 162.0 153.3
5 186.0 200.7
4 228.0 65.8
5 62.0 91.1
3 160.0 147.1
2 164.0 139.4
3 160.0 141.1
4 212.0 166.3
2 280.0 294.4
4 124.0 126.2
2 296.0 314.2
4 100.0 89.0
4 292.0 258.0
2 186.0 102.3
3 8.0 3.5
3 204.0 161.7
4 162.0 150.5
2 244.0 246.5
4 68.0 79.5
4 140.0 113.7
5 128.0 129.3
5 80.0 48.1
4 302.0 294.1
4 16.0 0.5
5 256.0 260.4
5 74.0 76.1
5 60.0 92.2
2 0.0 318.3
4 150.0 210.9
2 248.0 298.0
5 172.0 171.7
2 210.0 249.2
5 338.0 320.2
4 270.0 112.4
3 40.0 49.7
3 152.0 237.7
3 232.0 190.7
4 276.0 279.5
2 302.0 5.7
5 116.0 105.6
3 144.0 88.6
5 154.0 153.2
4 142.0 129.6
5 66.0 65.3
4 88.0 122.8
4 180.0 178.9
2 358.0 333.6
4 278.0 291.0
4 216.0 229.0
3 258.0 259.2
2 278.0 279.2
5 328.0 312.8
3 232.0 244.1
3 208.0 209.4
3 86.0 96.6
5 300.0 298.0
3 178.0 138.3
5 236.0 253.8
4 210.0 231.4
5 182.0 206.9
4 338.0 307.9
2 244.0 301.6
3 312.0 315.2
5 164.0 163.2
4 342.0 317.3
2 296.0 308.1
3 276.0 253.7
2 344.0 23.9
5 90.0 99.2
4 42.0 32.0
5 92.0 70.8
4 24.0 41.0
2 134.0 172.8
2 148.0 160.2
5 56.0 59.9
5 184.0 187.8
4 220.0 201.8
2 92.0 33.8
3 288.0 279.2
4 166.0 208.4
3 12.0 314.4
4 188.0 178.7
4 316.0 319.1
4 286.0 284.4
2 74.0 88.1
4 174.0 181.7
2 108.0 28.4
5 88.0 84.0
3 74.0 105.5
5 216.0 119.1
2 94.0 80.0
4 196.0 179.1
4 220.0 228.0
4 6.0 3.5
2 170.0 170.7
3 332.0 6.1
5 334.0 157.6
5 336.0 335.2
3 152.0 179.9
3 132.0 128.3
2 222.0 232.8
3 308.0 349.3
3 128.0 181.1
2 152.0 113.0
2 22.0 248.2
4 4.0 5.4
5 64.0 60.4
2 180.0 188.5
5 100.0 81.2
2 338.0 155.9
3 108.0 136.2
4 160.0 148.7
4 58.0 69.3
5 322.0 326.6
5 62.0 57.1
5 40.0 49.4
2 228.0 308.3
2 40.0 326.0
2 62.0 114.2
2 42.0 282.7
2 150.0 300.0
4 82.0 82.3
3 136.0 162.3
4 36.0 31.1
3 212.0 255.3
2 272.0 119.5
5 26.0 23.0
2 62.0 41.8
3 242.0 240.2
3 66.0 102.8
2 158.0 180.6
5 228.0 215.9
5 352.0 349.6
4 80.0 62.1
4 44.0 63.7
4 42.0 30.6
3 66.0 101.1
4 184.0 207.6
5 80.0 353.2
4 218.0 212.9
4 110.0 101.9
4 138.0 169.9
5 178.0 173.5
4 250.0 241.7
3 344.0 285.9
2 198.0 262.3
4 282.0 268.6
5 54.0 39.0
2 346.0 301.2
4 332.0 357.6
5 230.0 189.9
2 256.0 101.2
2 240.0 309.7
4 58.0 55.4
4 98.0 64.7
2 64.0 82.7
3 108.0 100.9
5 304.0 316.3
5 256.0 254.7
2 44.0 13.1
2 252.0 226.6
3 134.0 139.2
5 206.0 233.9
2 132.0 27.5
5 264.0 275.7
2 68.0 144.0
3 28.0 26.7
4 204.0 196.1
3 182.0 152.9
5 342.0 339.1
5 312.0 328.8
2 130.0 311.6
2 290.0 244.5
5 324.0 316.4
4 62.0 50.2
5 146.0 125.7
3 164.0 240.8
3 330.0 332.6
4 116.0 86.6
2 236.0 275.2
5 118.0 114.5
3 30.0 42.6
5 82.0 96.3
5 34.0 27.1
4 228.0 210.8
3 148.0 153.4
4 320.0 324.3
2 300.0 330.5
5 112.0 104.5
5 306.0 352.6
5 320.0 336.4
5 42.0 33.7
4 116.0 66.9
4 40.0 50.9
4 244.0 223.3
2 70.0 3.8
4 102.0 110.5
5 92.0 103.4
2 312.0 281.7
4 282.0 310.2
4 260.0 257.3
3 2.0 5.0
5 118.0 131.4
5 228.0 189.2
2 226.0 304.9
2 210.0 257.1
3 182.0 139.2
3 132.0 115.6
3 260.0 290.6
3 144.0 160.3
4 276.0 296.0
5 268.0 264.4
4 150.0 190.2
5 158.0 154.4
2 350.0 37.5
2 46.0 4.4
2 58.0 72.0
4 140.0 155.8
3 82.0 109.6
3 234.0 193.4
4 258.0 207.5
5 210.0 188.8
4 78.0 62.4
5 48.0 80.4
4 30.0 9.0
3 302.0 271.0
5 16.0 10.3
3 50.0 29.5
5 194.0 169.4
5 36.0 42.6
2 256.0 178.2
2 96.0 173.4
5 222.0 223.4
5 278.0 283.7
2 178.0 162.4
4 332.0 327.8
2 354.0 206.5
2 42.0 119.4
2 16.0 327.8
4 324.0 327.0
2 354.0 13.2
2 30.0 71.5
3 108.0 127.4
2 178.0 122.6
5 236.0 245.0
3 238.0 262.8
2 228.0 233.7
4 54.0 197.4
5 150.0 138.6
5 136.0 149.2
2 178.0 159.6
3 88.0 68.3
3 178.0 198.3
4 286.0 301.1
4 206.0 242.1
4 128.0 153.1
3 116.0 123.0
2 46.0 31.6
5 110.0 81.9
4 354.0 336.4
2 240.0 93.2
3 12.0 47.1
5 168.0 200.0
3 104.0 85.5
4 278.0 280.1
3 288.0 283.0
4 340.0 335.2
3 104.0 90.6
2 218.0 94.3
4 216.0 230.1
3 314.0 327.0
3 182.0 150.1
5 154.0 167.2
2 100.0 107.7
5 114.0 104.5
4 182.0 163.2
4 252.0 257.1
5 18.0 7.3
4 176.0 239.0
5 290.0 281.5
3 14.0 14.4
3 254.0 256.6
2 132.0 271.0
3 250.0 279.9
3 76.0 65.2
3 298.0 316.0
5 336.0 352.7
2 232.0 283.0
2 288.0 247.0
5 128.0 145.5
3 176.0 220.8
5 270.0 279.0
4 350.0 338.2
4 120.0 119.7
3 104.0 119.2
5 290.0 320.4
4 230.0 252.1
4 198.0 218.0
3 218.0 149.5
2 110.0 68.8
4 192.0 208.0
4 150.0 173.2
5 164.0 148.9
2 330.0 324.7
5 302.0 309.8
2 260.0 292.5
5 164.0 137.1
2 218.0 85.9
5 316.0 312.2
2 260.0 264.6
3 16.0 35.2
4 74.0 57.5
4 10.0 9.8
2 292.0 248.4
5 226.0 245.7
5 90.0 89.0
4 140.0 139.5
4 60.0 85.4
4 54.0 32.0
2 36.0 60.4
3 290.0 315.1
2 94.0 322.5
3 10.0 14.4
3 218.0 159.1
3 246.0 161.6
5 230.0 225.4
2 314.0 308.5
5 254.0 270.0
2 154.0 175.9
2 292.0 338.5
2 38.0 114.1
3 164.0 218.1
3 98.0 106.3
3 164.0 181.5
5 86.0 93.9
5 260.0 242.5
3 272.0 293.1
3 206.0 150.1
3 264.0 221.4
3 322.0 342.0
3 118.0 117.6
5 330.0 343.9
4 278.0 289.5
4 102.0 145.2
3 84.0 100.8
4 54.0 69.8
4 138.0 106.5
3 124.0 137.1
5 42.0 48.6
2 350.0 299.5
3 108.0 55.4
2 122.0 93.4
3 244.0 252.9
3 234.0 254.4
4 210.0 210.8
4 166.0 159.5
4 176.0 223.2
2 344.0 324.6
5 268.0 257.3
5 90.0 100.4
4 278.0 292.2
5 252.0 240.9
2 222.0 284.2
2 150.0 129.1
4 234.0 257.8
5 18.0 26.6
5 320.0 311.2
5 302.0 303.5
2 58.0 8.5
4 250.0 253.8
4 38.0 26.4
5 224.0 183.8
5 232.0 255.9
4 254.0 277.9
5 254.0 251.1
4 192.0 114.1
2 134.0 111.2
2 78.0 55.8
2 22.0 356.1
3 132.0 132.9
3 102.0 101.6
2 102.0 118.2
4 332.0 346.0
4 242.0 238.0
2 332.0 344.6
5 78.0 89.7
3 354.0 1.1
3 40.0 70.1
4 186.0 154.8
3 16.0 5.6
3 138.0 144.9
4 296.0 347.9
3 26.0 31.6
2 120.0 130.8
3 312.0 299.1
5 264.0 269.0
4 212.0 201.7
3 244.0 237.7
3 310.0 350.3
5 314.0 309.5
2 62.0 89.7
5 318.0 334.0
5 188.0 181.2
3 162.0 178.2
4 330.0 355.3
4 232.0 265.8
5 234.0 223.7
4 172.0 257.9
5 274.0 209.2
3 36.0 44.2
4 176.0 163.1
4 92.0 83.1
4 212.0 206.1
2 2.0 298.6
5 106.0 107.4
5 150.0 154.0
3 160.0 252.0
5 40.0 44.6
2 110.0 253.0
3 182.0 164.8
5 208.0 110.0
3 294.0 287.0
4 270.0 274.9
5 136.0 122.1
2 162.0 290.9
3 92.0 67.2
4 280.0 277.1
4 334.0 322.9
4 154.0 138.3
4 234.0 224.2
4 46.0 38.6
3 118.0 130.9
5 24.0 17.9
5 344.0 338.6
2 266.0 152.6
2 180.0 148.0
5 298.0 287.9
5 314.0 305.1
4 348.0 356.9
3 14.0 9.3
5 94.0 107.2
4 178.0 164.0
2 288.0 320.2
3 180.0 206.7
3 292.0 305.7
2 342.0 300.2
4 22.0 8.9
4 198.0 144.1
2 196.0 244.4
5 44.0 42.1
5 134.0 126.4
3 24.0 35.9
5 90.0 123.7
2 96.0 90.8
3 48.0 24.1
5 212.0 187.8
4 320.0 308.2
2 136.0 122.5
5 186.0 200.4
2 284.0 24.5
3 40.0 43.3
3 124.0 121.1
5 252.0 280.7
4 42.0 45.3
4 334.0 286.7
4 276.0 257.7
3 164.0 182.1
5 104.0 111.6
2 188.0 273.5
3 192.0 179.9
2 162.0 149.6
4 80.0 97.0
3 2.0 359.2
4 256.0 256.0
5 18.0 15.5
2 216.0 61.0
4 30.0 21.6
2 68.0 83.6
5 172.0 207.9
4 46.0 67.7
2 294.0 304.7
3 146.0 166.9
4 176.0 180.0
4 208.0 251.9
2 192.0 177.8
3 232.0 238.1
5 336.0 327.6
2 176.0 108.7
2 166.0 42.5
3 114.0 97.4
2 112.0 116.9
5 92.0 64.9
4 296.0 303.7
5 294.0 293.8
5 120.0 121.3
3 298.0 274.2
4 268.0 267.8
4 120.0 100.2
2 178.0 146.2
5 236.0 230.8
5 42.0 47.3
3 220.0 288.7
3 144.0 153.3
4 338.0 284.3
3 78.0 92.7
4 14.0 12.7
3 120.0 125.2
4 332.0 295.7
2 278.0 289.5
3 160.0 170.6
2 252.0 43.3
5 202.0 215.4
2 180.0 106.4
5 186.0 165.1
5 150.0 134.1
5 60.0 85.6
2 170.0 231.7
2 230.0 281.9
2 258.0 156.6
5 52.0 56.6
5 124.0 111.1
5 52.0 60.9
3 358.0 355.2
3 328.0 324.4
4 280.0 291.3
3 16.0 24.6
5 258.0 261.9
3 14.0 9.5
4 302.0 298.8
4 108.0 103.6
4 262.0 261.0
3 162.0 126.8
3 244.0 285.9
5 268.0 261.8
3 310.0 285.5
5 282.0 302.0
3 272.0 279.0
3 250.0 254.9
3 178.0 188.3
5 292.0 296.1
5 292.0 298.2
4 72.0 80.2
4 238.0 218.0
4 64.0 67.4
2 266.0 255.2
2 186.0 21.0
2 82.0 67.5
4 272.0 309.3
2 316.0 318.4
3 224.0 195.6
2 38.0 105.4
2 160.0 290.1
4 178.0 143.9
2 248.0 301.7
2 190.0 187.6
3 234.0 149.8
4 82.0 68.2
5 294.0 294.4
4 106.0 46.7
2 180.0 124.2
2 204.0 122.9
5 202.0 207.9
5 96.0 98.1
3 342.0 328.2
4 346.0 328.7
4 256.0 304.9
4 356.0 323.1
4 18.0 22.6
5 314.0 288.8
3 336.0 6.8
5 130.0 129.0
2 194.0 144.0
5 56.0 78.3
4 234.0 241.7
5 172.0 195.0
3 102.0 121.9
3 112.0 116.7
4 236.0 225.3
3 86.0 79.1
5 10.0 10.0
5 66.0 50.2
2 278.0 15.8
4 34.0 39.8
5 288.0 298.1
5 304.0 304.5
3 126.0 114.3
5 352.0 349.2
4 348.0 340.5
5 92.0 74.6
3 312.0 296.9
3 356.0 18.0
5 160.0 179.6
4 176.0 202.3
3 240.0 250.9
5 320.0 328.4
3 104.0 63.0
5 254.0 249.6
3 174.0 152.7
2 46.0 78.1
4 188.0 203.7
5 242.0 250.6
2 68.0 67.5
2 156.0 90.3
5 62.0 78.5
3 74.0 106.0
3 66.0 84.1
5 258.0 262.1
4 342.0 339.4
3 36.0 15.2
2 144.0 148.6
4 208.0 200.7
5 94.0 95.5
5 218.0 200.7
4 40.0 48.9
3 98.0 88.1
5 180.0 191.4
2 92.0 30.4
5 210.0 178.4
5 254.0 248.9
2 110.0 121.1
2 118.0 43.0
3 88.0 82.1
4 146.0 137.7
2 118.0 40.5
3 290.0 258.5
4 340.0 2.6
4 172.0 224.3
5 4.0 5.8
4 340.0 326.6
5 80.0 71.7
5 272.0 290.8
2 316.0 15.4
3 84.0 99.8
4 24.0 25.6
3 152.0 229.7
5 230.0 252.8
2 332.0 340.4
3 30.0 23.5
5 342.0 249.0
2 38.0 246.8
3 52.0 34.7
3 74.0 85.6
4 356.0 5.6
5 170.0 152.3
5 128.0 106.9
3 118.0 130.5
2 178.0 49.9
2 212.0 277.2
2 134.0 257.6
4 330.0 351.0
4 8.0 343.3
3 58.0 36.2
2 202.0 142.3
2 224.0 122.6
3 16.0 23.4
2 64.0 103.0
3 42.0 19.2
4 260.0 261.1
5 334.0 338.9
2 128.0 127.9
2 342.0 286.4
4 244.0 207.6
3 332.0 356.3
2 196.0 108.0
2 102.0 118.3
3 12.0 17.2
4 210.0 220.5
2 140.0 130.3
5 62.0 78.1
5 202.0 171.1
5 274.0 280.1
5 224.0 257.8
4 112.0 93.3
3 270.0 237.5
3 308.0 323.8
4 304.0 298.1
3 26.0 26.4
5 270.0 282.7
3 276.0 251.7
5 68.0 43.2
3 78.0 94.5
3 2.0 352.9
3 104.0 123.3
4 320.0 350.7
2 164.0 115.5
2 26.0 23.0
5 244.0 246.0
5 60.0 161.3
3 32.0 69.2
2 260.0 316.4
5 112.0 79.5
5 90.0 80.1
4 28.0 26.7
2 150.0 134.2
5 240.0 244.7
5 272.0 271.7
5 46.0 39.3
5 264.0 283.0
2 12.0 22.3
2 126.0 158.8
3 152.0 129.4
3 290.0 301.4
3 138.0 141.5
4 242.0 250.8
2 328.0 320.7
5 68.0 116.4
5 154.0 130.1
5 222.0 208.8
4 172.0 172.9
2 346.0 301.2
5 310.0 309.0
5 296.0 280.2
3 74.0 109.8
5 250.0 191.4
2 22.0 21.3
3 2.0 334.9
3 278.0 308.6
3 116.0 201.9
4 276.0 269.1
4 160.0 186.2
3 8.0 359.8
3 200.0 166.4
3 182.0 248.3
4 254.0 262.2
4 4.0 15.5
2 92.0 186.4
3 80.0 68.0
4 248.0 248.3
2 64.0 46.8
3 30.0 21.3
2 232.0 163.2
5 270.0 246.0
5 200.0 160.6
5 40.0 39.8
5 84.0 100.2
4 10.0 10.2
4 48.0 47.9
2 336.0 164.6
4 336.0 348.0
4 190.0 150.5
3 132.0 126.4
4 226.0 209.8
2 118.0 58.4
3 240.0 226.4
4 246.0 232.5
4 48.0 73.2
4 90.0 82.2
3 258.0 264.5
3 166.0 136.7
4 72.0 114.6
5 312.0 7.3
4 358.0 5.1
2 248.0 287.5
4 194.0 211.1
3 110.0 129.9
4 140.0 115.8
2 90.0 63.9
5 302.0 314.5
5 238.0 243.5
5 4.0 14.3
5 274.0 272.4
3 190.0 260.7
4 46.0 54.7
2 162.0 73.6
5 170.0 256.7
2 254.0 305.2
3 312.0 331.8
5 140.0 137.9
4 270.0 280.3
5 88.0 82.9
5 88.0 82.6
2 68.0 32.4
2 76.0 267.7
4 172.0 194.8
2 280.0 214.7
5 238.0 228.3
2 152.0 155.4
2 184.0 34.2
3 166.0 205.8
2 28.0 346.8
2 46.0 33.1
5 308.0 311.1
2 254.0 274.2
2 156.0 192.1
3 258.0 254.7
3 26.0 12.3
2 244.0 220.7
4 298.0 270.1
5 174.0 176.2
4 326.0 337.1
4 298.0 319.7
5 200.0 195.7
5 154.0 180.1
4 320.0 311.9
4 266.0 267.6
3 356.0 293.2
2 126.0 44.0
4 8.0 350.3
4 128.0 142.4
4 228.0 175.5
4 96.0 62.7
4 258.0 260.3
4 76.0 73.4
5 132.0 133.3
4 70.0 66.7
3 52.0 59.9
4 58.0 69.5
2 14.0 135.5
4 332.0 326.8
3 100.0 128.8
3 300.0 293.1
2 112.0 88.0
4 310.0 333.6
2 124.0 144.5
5 108.0 91.2
3 58.0 59.6
3 114.0 84.1
2 186.0 111.3
3 300.0 282.7
2 80.0 153.6
3 94.0 103.2
3 304.0 332.0
4 94.0 103.2
5 140.0 185.4
5 186.0 204.4
5 254.0 251.2
4 336.0 319.7
3 136.0 127.6
4 24.0 17.9
2 206.0 125.6
2 220.0 202.4
4 62.0 55.8
4 154.0 155.8
4 220.0 172.4
2 14.0 20.3
2 78.0 164.6
5 166.0 153.9
3 232.0 229.4
3 72.0 51.7
4 220.0 235.5
4 50.0 39.7
5 228.0 208.2
4 80.0 79.1
3 308.0 325.2
4 20.0 331.6
5 12.0 5.2
5 180.0 207.5
3 74.0 67.2
5 312.0 299.4
4 12.0 1.1
2 234.0 300.9
4 288.0 299.3
4 358.0 356.3
3 142.0 175.4
4 130.0 118.2
2 274.0 181.5
3 202.0 199.0
2 76.0 68.8
3 302.0 317.6
4 114.0 145.0
4 338.0 315.6
4 290.0 276.5
4 112.0 84.7
3 278.0 269.3
4 276.0 260.1
3 12.0 1.1
4 148.0 208.2
5 332.0 350.0
3 216.0 256.5
4 268.0 268.5
2 98.0 131.3
5 204.0 207.8
3 230.0 177.9
2 196.0 271.7
4 8.0 18.5
3 56.0 43.6
5 216.0 176.6
5 50.0 49.7
5 70.0 67.0
4 236.0 214.8
5 264.0 260.1
3 32.0 32.5
2 12.0 318.6
3 288.0 296.5
3 274.0 287.9
2 254.0 237.1
5 326.0 316.7
4 4.0 0.3
4 144.0 125.0
3 358.0 8.4
3 160.0 160.5
2 276.0 340.7
5 326.0 322.2
4 316.0 279.9
3 114.0 95.5
4 188.0 206.7
5 186.0 211.2
3 280.0 280.9
2 318.0 347.8
3 304.0 302.2
4 252.0 221.2
4 306.0 221.9
3 194.0 163.5
3 82.0 120.8
5 214.0 164.0
5 56.0 32.5
2 280.0 297.2
2 226.0 189.5
2 98.0 191.0
2 218.0 351.3
2 140.0 91.8
2 154.0 197.0
3 4.0 353.9
5 266.0 261.9
5 64.0 46.0
3 290.0 260.7
2 24.0 23.8
3 182.0 140.7
2 102.0 128.9
4 164.0 173.0
2 264.0 217.4
2 330.0 12.8
3 80.0 36.5
2 122.0 234.3
4 8.0 9.3
5 306.0 309.1
2 20.0 38.3
5 254.0 257.5
3 206.0 207.4
3 264.0 255.8
4 60.0 75.1
3 256.0 233.8
2 32.0 63.0
3 52.0 47.9
5 86.0 313.9
3 240.0 245.4
4 62.0 59.8
2 26.0 349.3
3 292.0 271.1
4 358.0 340.8
4 198.0 223.5
3 186.0 199.8
3 154.0 119.6
5 62.0 58.6
5 170.0 167.0
2 210.0 198.5
4 20.0 11.3
3 284.0 309.2
2 298.0 223.5
2 32.0 64.1
3 168.0 215.5
5 102.0 109.7
5 96.0 64.3
2 144.0 105.7
3 224.0 229.9
4 174.0 214.1
5 112.0 104.8
3 210.0 252.1
2 110.0 79.8
2 76.0 71.3
3 84.0 91.1
5 120.0 120.1
5 230.0 225.7
3 214.0 244.1
3 16.0 15.9
2 60.0 118.1
4 338.0 341.4
3 24.0 57.8
3 308.0 343.0
4 332.0 339.9
3 54.0 65.6
3 324.0 315.0
3 236.0 261.9
5 60.0 57.4
5 358.0 8.2
4 316.0 311.3
3 234.0 178.6
2 306.0 278.1
3 266.0 282.3
5 270.0 273.4
3 338.0 338.5
5 144.0 160.1
5 352.0 6.8
4 222.0 244.9
3 18.0 37.7
2 140.0 54.0
5 72.0 83.2
3 154.0 153.9
5 190.0 188.4
4 354.0 332.8
4 358.0 230.4
2 68.0 90.3
4 238.0 234.3
4 180.0 229.5
3 52.0 62.3
3 204.0 132.3
5 270.0 283.5
5 102.0 101.5
2 102.0 33.4
2 156.0 77.3
2 316.0 293.2
5 310.0 296.0
2 246.0 265.0
5 160.0 164.3
3 264.0 281.4
4 216.0 197.5
4 200.0 238.6
3 70.0 87.0
3 286.0 300.5
5 288.0 273.3
4 210.0 194.3
4 214.0 195.1
2 32.0 357.1
2 200.0 138.0
4 62.0 58.6
2 196.0 300.5
2 242.0 183.4
3 56.0 103.4
5 56.0 61.2
2 172.0 157.3
4 336.0 348.2
2 12.0 352.4
3 236.0 243.3
5 146.0 142.3
5 202.0 174.0
2 334.0 337.4
2 322.0 33.6
5 122.0 120.6
4 294.0 291.5
5 146.0 138.9
3 280.0 232.7
3 170.0 210.2
4 234.0 256.8
5 266.0 271.2
2 82.0 51.5
4 314.0 294.1
3 90.0 48.8
5 358.0 359.4
2 0.0 328.5
5 148.0 133.1
3 78.0 54.5
3 304.0 272.0
3 310.0 338.6
3 262.0 314.5
5 232.0 236.2
2 80.0 273.3
2 178.0 90.4
4 224.0 208.3
2 122.0 123.9
2 256.0 45.4
4 256.0 247.5
3 68.0 63.9
5 62.0 189.7
2 248.0 247.8
3 134.0 154.6
3 328.0 314.2
4 14.0 43.1
5 280.0 283.0
3 278.0 264.6
2 238.0 6.2
5 246.0 241.3
4 132.0 142.5
2 154.0 126.3
4 236.0 249.0
3 154.0 252.9
4 256.0 267.6
2 62.0 64.0
4 84.0 114.8
4 174.0 188.1
3 358.0 12.3
5 304.0 300.0
5 180.0 162.9
4 182.0 202.5
2 250.0 147.3
5 200.0 240.0
2 324.0 117.6
5 192.0 201.3
3 168.0 175.2
4 96.0 78.8
4 80.0 114.2
5 154.0 148.1
5 20.0 27.8
5 128.0 126.1
4 100.0 92.3
2 192.0 67.8
4 60.0 83.2
5 242.0 229.7
2 252.0 51.7
4 198.0 212.8
2 278.0 280.7
5 222.0 230.7
2 308.0 333.9
5 62.0 44.3
3 340.0 303.4
4 74.0 68.5
5 108.0 111.8
4 160.0 226.7
4 102.0 85.9
5 224.0 221.9
3 130.0 107.4
5 8.0 350.9
5 320.0 313.7
5 58.0 58.1
5 358.0 11.1
3 334.0 328.4
2 164.0 259.5
4 224.0 179.6
4 24.0 37.9
4 10.0 19.1
3 222.0 251.5
5 236.0 242.8
3 10.0 351.3
3 234.0 211.4
5 118.0 122.2
2 100.0 15.6
5 108.0 107.4
5 228.0 233.5
4 90.0 100.6
4 156.0 210.3
4 302.0 276.1
4 294.0 293.7
3 210.0 201.5
4 68.0 71.6
5 46.0 50.5
3 32.0 30.0
4 208.0 228.2
5 200.0 197.9
2 294.0 288.7
4 96.0 51.1
5 256.0 283.3
2 166.0 107.4
3 216.0 211.4
5 64.0 274.2
4 236.0 236.5
5 156.0 155.3
3 174.0 222.4
2 184.0 313.8
3 30.0 33.0
2 164.0 331.5
3 244.0 179.0
3 300.0 297.9
2 348.0 93.6
5 42.0 36.7
2 280.0 180.3
2 78.0 278.5
3 130.0 97.1
5 278.0 274.2
3 306.0 271.0
2 216.0 271.3
5 352.0 2.9
3 92.0 90.5
2 264.0 156.6
2 294.0 321.6
4 110.0 106.8
5 244.0 253.5
3 144.0 161.3
4 10.0 14.6
3 308.0 353.8
4 236.0 188.1
4 70.0 82.4
5 210.0 180.9
5 66.0 99.3
3 100.0 104.1
3 248.0 233.5
2 64.0 88.4
5 244.0 237.7
2 166.0 228.9
4 112.0 84.8
2 284.0 113.8
2 294.0 325.4
5 298.0 305.6
4 316.0 323.8
5 232.0 228.2
5 298.0 318.2
2 182.0 223.9
5 8.0 1.0
5 22.0 26.3
4 100.0 92.3
5 290.0 296.2
5 152.0 148.6
5 204.0 188.9
4 266.0 279.7
2 188.0 201.2
4 358.0 4.0
2 78.0 108.5
2 122.0 88.8
4 240.0 213.9
4 120.0 114.4
2 220.0 308.6
5 14.0 23.0
4 2.0 8.1
4 216.0 167.0
3 212.0 261.6
5 296.0 321.2
5 46.0 52.5
3 298.0 302.0
4 94.0 110.3
5 40.0 44.3
2 330.0 117.2
4 230.0 163.2
3 52.0 34.5
5 338.0 341.8
3 64.0 48.5
2 136.0 224.6
2 100.0 333.2
3 50.0 58.8
4 84.0 122.8
2 260.0 179.4
5 330.0 330.9
2 272.0 234.9
3 310.0 306.8
2 162.0 295.3
2 166.0 291.3
5 142.0 170.7
3 166.0 132.8
2 128.0 85.4
2 340.0 350.2
2 102.0 214.4
3 14.0 22.3
5 68.0 67.2
5 36.0 38.6
3 358.0 17.3
2 336.0 346.9
5 304.0 125.5
5 12.0 12.3
3 344.0 342.6
2 346.0 264.9
2 324.0 261.8
5 150.0 212.6
4 216.0 178.1
5 32.0 30.9
3 76.0 77.7
2 188.0 314.6
2 144.0 56.3
4 82.0 71.9
2 240.0 210.7
2 138.0 123.0
5 308.0 293.8
3 258.0 257.5
4 214.0 236.2
4 154.0 106.3
5 140.0 126.4
2 204.0 109.1
4 22.0 21.5
3 280.0 257.6
4 160.0 121.6
2 70.0 104.0
3 244.0 240.4
2 74.0 132.8
3 30.0 14.6
3 272.0 271.5
5 340.0 324.0
2 100.0 121.1
3 164.0 129.9
3 188.0 205.7
3 48.0 42.9
4 54.0 37.2
3 34.0 25.5
5 42.0 44.8
3 6.0 355.8
2 6.0 265.7
4 142.0 128.2
3 102.0 96.3
3 76.0 74.5
2 52.0 343.8
3 256.0 278.7
4 40.0 37.0
2 86.0 24.8
5 278.0 285.7
4 106.0 93.6
5 178.0 226.6
2 76.0 117.5
2 262.0 284.2
5 166.0 208.2
2 40.0 305.3
4 136.0 161.9
4 2.0 5.1
5 204.0 235.3
5 72.0 78.2
4 166.0 163.4
5 168.0 183.8
2 208.0 150.9
3 328.0 305.3
4 28.0 24.2
2 242.0 216.6
5 138.0 133.0
2 270.0 356.4
4 210.0 244.6
5 228.0 257.1
3 132.0 94.4
5 316.0 297.2
2 102.0 320.4
2 318.0 201.0
3 40.0 16.1
4 154.0 146.4
5 30.0 36.1
3 128.0 106.8
3 10.0 42.7
2 174.0 126.6
3 236.0 245.9
2 316.0 89.2
5 164.0 220.3
5 184.0 163.9
2 132.0 129.0
3 246.0 204.7
4 12.0 5.4
4 142.0 151.4
4 180.0 136.0
5 222.0 232.7
5 268.0 259.5
3 22.0 13.4
4 188.0 144.1
4 320.0 327.7
5 156.0 188.2
3 242.0 190.4
3 200.0 167.4
4 354.0 344.9
5 114.0 112.6
2 352.0 1.1
5 246.0 260.9
2 278.0 12.3
4 70.0 77.5
3 26.0 28.4
5 202.0 144.7
3 348.0 332.7
5 166.0 186.9
5 84.0 58.0
4 336.0 354.2
4 334.0 342.3
5 142.0 131.1
3 312.0 340.3
4 154.0 203.5
4 194.0 190.6
4 350.0 327.8
5 46.0 44.7
4 176.0 191.3
2 2.0 327.7
4 66.0 61.2
2 284.0 331.8
3 52.0 52.7
2 88.0 132.7
4 284.0 265.1
5 102.0 110.3
4 134.0 94.6
3 354.0 3.2
3 182.0 140.3
2 292.0 348.3
3 276.0 269.6
4 276.0 289.4
2 298.0 346.8
4 242.0 189.0
2 330.0 44.2
4 276.0 263.0
2 142.0 134.1
3 334.0 343.5
5 312.0 337.7
5 348.0 352.8
4 208.0 209.8
3 294.0 269.5
2 134.0 219.5
5 274.0 284.5
4 64.0 80.8
3 10.0 351.7
2 126.0 357.9
2 48.0 76.0
4 108.0 130.6
4 42.0 30.1
2 28.0 19.4
3 302.0 359.6
5 28.0 34.1
2 54.0 355.2
4 166.0 184.0
3 46.0 36.2
4 206.0 213.6
3 222.0 198.4
4 166.0 133.6
5 224.0 239.5
3 92.0 106.9
4 186.0 175.6
5 192.0 159.3
4 2.0 0.3
3 290.0 278.1
3 108.0 116.1
2 188.0 121.8
4 352.0 353.7
5 246.0 255.0
2 2.0 346.4
3 342.0 288.8
2 50.0 75.0
3 38.0 42.1
5 346.0 350.6
2 198.0 164.5
2 98.0 110.5
3 338.0 10.1
4 304.0 281.7
2 90.0 67.1
5 142.0 187.3
2 2.0 345.7
5 48.0 43.5
4 120.0 120.4
2 134.0 102.9
2 64.0 50.1
2 88.0 59.7
4 298.0 303.7
4 126.0 121.3
4 60.0 81.6
3 226.0 157.2
4 112.0 90.4
2 156.0 129.6
2 268.0 151.6
4 336.0 303.3
2 126.0 243.3
3 158.0 214.4
2 98.0 94.7
2 90.0 7.5
3 60.0 83.0
2 54.0 54.0
5 76.0 69.2
3 148.0 33.7
2 314.0 22.7
4 150.0 155.5
3 146.0 184.2
5 86.0 96.1
4 298.0 307.3
2 198.0 203.6
3 246.0 203.4
4 62.0 69.3
5 264.0 276.7
3 158.0 120.0
4 288.0 292.7
5 26.0 32.4
5 138.0 124.5
4 60.0 64.0
3 100.0 112.1
4 280.0 291.2
2 356.0 330.8
4 52.0 76.3
2 214.0 241.5
3 40.0 74.0
4 36.0 33.5
5 118.0 127.4
5 212.0 243.7
5 68.0 91.4
2 180.0 123.0
2 72.0 61.1
4 66.0 88.2
5 2.0 7.9
2 34.0 9.8
4 334.0 337.4
3 254.0 255.9
5 162.0 11.2
4 106.0 113.9
4 234.0 219.3
5 18.0 19.1
3 58.0 79.8
2 152.0 263.1
5 14.0 9.1
3 172.0 181.7
2 100.0 153.7
3 128.0 159.5
2 214.0 237.4
3 350.0 344.4
3 236.0 238.4
4 174.0 173.1
2 116.0 358.1
2 112.0 168.4
2 16.0 59.9
4 132.0 149.6
4 142.0 167.1
5 242.0 249.7
3 164.0 155.0
4 20.0 354.9
2 130.0 252.7
4 14.0 18.5
2 136.0 97.5
5 136.0 124.0
2 58.0 243.0
4 64.0 94.7
3 16.0 348.6
2 54.0 33.0
2 206.0 201.9
5 328.0 308.6
5 24.0 171.5
3 250.0 208.0
4 340.0 340.4
5 106.0 94.5
3 334.0 351.5
5 62.0 93.2
2 26.0 28.4
2 136.0 180.2
3 148.0 99.2
5 244.0 254.5
3 110.0 131.0
3 350.0 339.2
5 250.0 243.4
2 50.0 62.2
3 266.0 251.3
4 352.0 350.1
2 124.0 118.9
3 288.0 295.8
3 122.0 120.0
5 84.0 102.0
2 24.0 54.0
5 140.0 147.4
4 130.0 98.6
3 112.0 105.6
5 228.0 173.6
4 192.0 198.9
5 186.0 197.2
4 110.0 111.1
3 328.0 2.5
3 114.0 107.2
5 238.0 231.8
4 12.0 19.3
5 150.0 180.9
3 94.0 77.1
2 46.0 41.3
2 50.0 18.1
4 290.0 292.6
5 46.0 105.0
3 216.0 179.8
4 176.0 225.1
3 296.0 285.9
2 244.0 281.2
4 288.0 198.1
3 216.0 231.4
4 332.0 297.8
5 86.0 83.2
3 350.0 324.6
2 60.0 52.4
2 232.0 243.8
5 74.0 61.9
4 288.0 304.2
4 202.0 208.2
5 222.0 219.5
2 242.0 296.5
5 54.0 48.4
4 310.0 282.2
2 334.0 314.2
4 304.0 323.4
5 108.0 107.6
2 220.0 233.7
5 356.0 359.3
2 168.0 196.8
5 128.0 106.8
3 270.0 228.2
5 118.0 126.4
2 12.0 333.4
5 46.0 37.1
5 220.0 243.7
5 308.0 319.7
3 170.0 35.3
4 190.0 241.9
2 60.0 25.4
4 290.0 280.6
5 88.0 94.5
5 112.0 86.1
2 294.0 328.5
2 194.0 180.6
5 248.0 246.4
2 80.0 57.5
5 134.0 131.6
4 156.0 220.0
2 264.0 96.7
2 216.0 325.3
4 268.0 267.3
5 282.0 273.1
5 124.0 111.6
3 354.0 82.6
3 304.0 231.2
2 92.0 345.4
4 356.0 353.4
2 76.0 96.8
5 62.0 55.0
5 226.0 173.8
4 64.0 71.9
2 130.0 137.8
2 320.0 216.1
3 286.0 276.4
3 2.0 3.5
2 354.0 347.1
2 122.0 4.7
2 130.0 106.7
2 196.0 187.2
5 304.0 298.2
3 76.0 79.7
5 26.0 25.2
5 296.0 304.1
3 334.0 350.1
4 148.0 105.4
2 26.0 258.6
5 178.0 205.8
5 302.0 302.4
2 4.0 3.7
2 78.0 134.4
3 18.0 23.7
2 106.0 107.7
4 202.0 157.4
5 38.0 41.7
5 88.0 74.5
5 188.0 220.5
2 244.0 334.9
5 38.0 25.2
5 264.0 267.4
2 236.0 303.2
4 348.0 338.8
4 46.0 66.2
4 88.0 126.2
3 124.0 142.4
3 78.0 92.9
5 182.0 224.4
4 340.0 346.0
2 282.0 298.9
5 140.0 140.2
5 80.0 57.9
3 280.0 254.9
3 276.0 289.8
2 50.0 57.1
3 16.0 323.5
5 28.0 295.7
2 18.0 280.4
2 314.0 279.7
3 340.0 317.2
4 164.0 155.4
5 284.0 290.2
4 296.0 314.8
2 8.0 28.9
4 260.0 262.4
2 256.0 273.4
5 2.0 359.2
4 324.0 314.5
2 128.0 118.6
3 26.0 26.0
5 116.0 112.3
2 254.0 220.9
4 314.0 297.3
4 264.0 234.4
5 40.0 28.4
3 218.0 220.6
4 156.0 183.4
4 266.0 286.7
2 138.0 328.9
2 88.0 136.3
5 196.0 204.7
3 226.0 247.8
3 26.0 34.8
5 324.0 308.4
5 288.0 296.1
3 348.0 8.1
3 114.0 102.7
2 108.0 214.9
3 58.0 70.3
4 262.0 251.4
4 244.0 217.6
2 114.0 90.8
3 170.0 210.4
5 304.0 319.6
4 162.0 146.4
3 172.0 183.6
4 232.0 249.7
4 100.0 91.0
3 188.0 249.3
5 208.0 239.8
3 124.0 101.6
5 330.0 340.1
4 306.0 284.8
2 34.0 10.0
5 162.0 170.4
5 280.0 275.6
3 250.0 244.8
5 258.0 270.2
4 84.0 105.8
5 226.0 192.4
3 36.0 11.3
3 16.0 19.2
5 96.0 87.8
4 134.0 132.1
3 236.0 249.1
5 260.0 253.6
3 326.0 323.4
4 90.0 87.0
2 156.0 173.4
3 78.0 105.7
2 302.0 19.6
4 288.0 308.6
5 48.0 52.3
2 160.0 83.9
3 198.0 156.8
3 274.0 199.5
5 270.0 267.6
4 138.0 194.1
2 32.0 110.4
4 164.0 200.7
5 28.0 39.9
3 116.0 124.8
3 314.0 310.4
2 190.0 270.5
5 312.0 307.6
4 178.0 193.9
4 338.0 339.5
2 228.0 169.4
5 90.0 104.2
3 70.0 62.1
3 344.0 327.1
4 262.0 256.8
3 320.0 342.6
5 124.0 135.8
3 14.0 31.8
5 164.0 184.0
4 314.0 113.2
5 84.0 65.7
4 144.0 211.8
4 94.0 85.2
5 10.0 24.7
2 16.0 354.3
3 264.0 236.1
4 244.0 259.1
4 8.0 10.8
4 184.0 233.4
5 260.0 267.6
3 140.0 120.2
3 154.0 116.6
2 294.0 283.1
3 210.0 191.7
2 226.0 46.1
2 214.0 109.7
5 216.0 216.4
5 222.0 206.5
4 214.0 142.3
5 60.0 72.5
3 244.0 225.7
3 38.0 36.7
5 292.0 286.8
3 130.0 57.2
5 144.0 148.1
3 62.0 57.4
3 304.0 306.7
3 146.0 130.1
2 170.0 100.9
5 236.0 183.0
5 334.0 297.7
3 60.0 80.6
2 354.0 147.3
3 62.0 40.5
5 312.0 37.5
4 60.0 84.4
2 222.0 304.8
5 40.0 38.8
2 154.0 187.0
2 154.0 102.3
2 44.0 60.1
2 46.0 141.7
5 158.0 195.4
5 106.0 92.5
4 352.0 1.4
5 292.0 291.8
2 332.0 21.8
5 134.0 242.9
3 10.0 326.1
2 86.0 16.3
4 16.0 1.7
3 32.0 29.6
3 108.0 92.1
2 358.0 9.1
5 190.0 175.8
2 106.0 44.4
4 114.0 113.7
5 336.0 349.6
5 312.0 300.9
4 32.0 30.2
2 358.0 305.8
2 338.0 186.3
2 64.0 61.3
5 100.0 99.1
3 152.0 172.8
3 122.0 98.4
5 170.0 185.6
3 26.0 22.3
4 128.0 135.7
4 304.0 310.7
2 90.0 29.0
2 334.0 48.6
4 68.0 90.8
3 154.0 72.6
4 12.0 12.3
3 226.0 185.3
5 134.0 127.1
5 296.0 278.2
4 84.0 62.2
4 62.0 38.0
3 96.0 114.5
2 332.0 50.8
3 280.0 283.8
5 214.0 181.8
4 306.0 326.5
3 30.0 47.6
2 46.0 37.2
3 164.0 142.8
4 160.0 171.5
5 348.0 337.9
3 252.0 264.4
2 40.0 32.0
3 88.0 107.7
4 42.0 24.3
3 282.0 278.1
3 74.0 99.7
3 292.0 340.5
4 108.0 106.2
5 246.0 254.6
2 94.0 102.6
3 300.0 346.5
2 140.0 169.1
5 18.0 20.8
2 244.0 163.0
4 148.0 165.9
4 130.0 144.8
2 166.0 96.5
5 288.0 307.6
3 302.0 285.9
4 146.0 132.6
5 178.0 191.3
4 24.0 26.5
4 206.0 146.9
4 94.0 70.3
3 8.0 22.5
4 348.0 357.8
5 280.0 278.0
3 286.0 313.6
2 244.0 158.7
4 242.0 215.0
4 160.0 173.5
5 104.0 82.6
2 46.0 41.7
3 72.0 37.6
2 256.0 335.5
4 256.0 274.6
4 36.0 25.6
5 148.0 187.9
2 312.0 334.9
4 324.0 287.5
3 220.0 213.5
2 92.0 35.0
4 322.0 327.6
2 24.0 52.3
4 242.0 252.4
4 188.0 247.4
2 62.0 31.5
2 338.0 15.4
4 250.0 259.7
5 204.0 202.4
4 88.0 74.8
4 196.0 182.5
2 226.0 257.9
5 226.0 200.3
5 274.0 51.7
2 152.0 316.2
3 176.0 117.2
5 288.0 297.9
3 100.0 128.3
2 320.0 290.2
5 134.0 133.7
5 202.0 246.9
4 216.0 234.4
5 304.0 307.3
4 262.0 253.2
2 0.0 313.1
2 118.0 107.3
3 306.0 337.1
4 188.0 181.4
5 210.0 217.3
5 354.0 352.3
4 76.0 100.8
5 106.0 92.7
3 278.0 285.3
3 332.0 292.6
5 80.0 83.1
5 64.0 87.2
5 338.0 353.5
3 338.0 6.0
2 68.0 120.8
5 354.0 346.7
3 132.0 122.6
3 180.0 220.6
5 338.0 339.8
4 8.0 9.7
3 56.0 278.7
3 172.0 134.8
2 266.0 317.8
5 344.0 332.5
4 136.0 123.6
3 184.0 144.9
5 60.0 55.4
5 232.0 264.6
3 332.0 317.3
5 282.0 282.6
2 132.0 71.6
3 2.0 7.8
4 40.0 48.4
2 244.0 235.6
2 52.0 67.1
3 320.0 302.7
4 126.0 139.8
2 220.0 74.5
5 76.0 100.9
2 34.0 41.2
3 8.0 19.6
2 330.0 241.1
4 226.0 245.0
3 18.0 9.6
5 162.0 180.1
4 274.0 283.1
4 154.0 170.7
3 62.0 57.4
4 250.0 232.1
3 348.0 351.0
5 294.0 275.5
5 256.0 250.3
3 292.0 284.5
2 194.0 201.6
2 302.0 355.9
4 108.0 83.4
4 68.0 81.3
3 68.0 48.0
4 274.0 284.2
5 212.0 237.9
4 62.0 98.5
2 208.0 100.9
3 206.0 169.5
5 248.0 215.1
3 150.0 239.2
3 280.0 275.8
4 202.0 235.0
5 48.0 51.9
4 184.0 192.4
5 142.0 155.7
5 210.0 202.3
5 44.0 63.4
5 280.0 269.1
4 296.0 305.5
3 284.0 252.8
5 256.0 233.1
2 298.0 253.5
5 234.0 230.0
5 164.0 152.9
2 90.0 68.5
3 266.0 232.9
3 190.0 212.1
5 26.0 24.2
4 334.0 8.1
4 318.0 314.9
5 284.0 291.8
4 134.0 151.8
2 92.0 233.5
3 314.0 4.4
5 338.0 349.7
4 88.0 54.6
4 330.0 327.8
2 156.0 314.2
4 58.0 51.4
2 102.0 41.7
2 54.0 130.3
2 250.0 230.2
3 350.0 350.5
3 182.0 232.9
5 68.0 55.3
2 58.0 51.1
5 200.0 231.4
3 352.0 12.5
4 10.0 5.5
5 126.0 123.6
3 296.0 305.0
3 168.0 225.9
4 28.0 29.7
3 160.0 229.2
2 202.0 130.3
3 38.0 85.2
3 272.0 270.1
5 350.0 358.0
5 56.0 75.4
2 270.0 173.4
3 236.0 237.0
2 126.0 315.0
5 104.0 104.8
3 190.0 232.2
4 166.0 211.2
2 324.0 17.3
4 46.0 31.6
3 72.0 54.9
4 98.0 46.2
4 86.0 62.9
2 6.0 150.2
3 18.0 12.3
4 2.0 359.3
5 356.0 6.7
5 30.0 20.4
2 188.0 176.1
2 52.0 60.6
3 48.0 61.1
2 24.0 239.5
5 160.0 210.7
5 358.0 10.1
5 74.0 62.6
4 316.0 298.2
2 36.0 87.2
4 324.0 315.8
5 174.0 173.0
4 352.0 330.2
3 184.0 230.5
4 276.0 93.7
2 196.0 287.7
4 108.0 57.7
5 38.0 35.9
4 248.0 191.0
3 218.0 178.3
4 246.0 256.7
4 338.0 307.0
4 270.0 264.7
3 268.0 267.1
2 46.0 42.2
3 204.0 234.9
4 66.0 83.6
3 332.0 337.9
3 272.0 261.5
3 44.0 41.4
3 146.0 195.2
3 108.0 131.2
2 172.0 113.7
2 38.0 47.7
5 126.0 119.3
2 152.0 66.7
5 88.0 76.5
3 318.0 323.2
3 282.0 277.2
4 294.0 274.6
2 354.0 289.0
5 86.0 97.2
3 244.0 253.3
2 88.0 101.5
5 184.0 149.0
3 214.0 218.3
3 254.0 254.8
2 152.0 138.3
5 228.0 228.2
4 214.0 194.9
2 234.0 289.5
4 172.0 203.9
5 82.0 106.7
5 102.0 96.5
5 256.0 256.1
3 54.0 40.8
5 356.0 344.7
4 50.0 51.1
3 10.0 16.7
2 34.0 282.2
4 260.0 267.6
3 174.0 158.8
5 268.0 260.8
2 54.0 39.7
4 4.0 13.6
3 134.0 117.8
4 246.0 191.6
4 148.0 170.3
3 254.0 251.8
3 24.0 34.6
3 280.0 293.3
4 312.0 323.2
4 184.0 160.1
2 20.0 20.0
3 90.0 65.4
2 4.0 293.0
3 330.0 311.4
3 250.0 221.9
4 264.0 299.4
5 22.0 6.9
4 58.0 72.8
5 306.0 320.7
3 258.0 255.1
4 328.0 346.0
5 180.0 194.9
5 98.0 99.7
4 138.0 146.5
2 246.0 125.1
4 84.0 93.8
3 208.0 235.4
5 132.0 162.7
2 34.0 121.5
4 214.0 217.6
4 108.0 120.7
5 182.0 200.5
5 80.0 94.3
3 258.0 234.3
5 246.0 208.9
3 36.0 96.4
3 24.0 27.8
5 318.0 311.6
4 96.0 94.6
5 214.0 228.2
4 298.0 307.9
4 14.0 10.1
5 24.0 36.2
2 320.0 333.1
4 300.0 272.6
2 190.0 211.0
3 204.0 247.9
3 358.0 343.5
4 72.0 73.8
5 84.0 96.8
4 252.0 215.1
5 240.0 225.0
4 122.0 112.3
2 292.0 314.9
2 12.0 342.2
4 20.0 20.6
2 8.0 82.8
3 324.0 337.6
2 174.0 268.4
5 284.0 291.6
3 252.0 241.5
4 14.0 149.0
4 316.0 295.6
4 34.0 70.7
2 84.0 51.0
5 164.0 160.1
3 126.0 139.2
2 244.0 212.8
2 134.0 128.5
4 4.0 247.2
5 306.0 308.2
2 208.0 93.5
2 308.0 309.5
4 352.0 317.4
2 338.0 313.2
5 54.0 59.5
4 244.0 221.3
4 78.0 111.5
3 326.0 322.1
2 32.0 54.2
2 354.0 346.4
3 262.0 279.5
3 10.0 8.4
4 194.0 232.7
4 338.0 327.7
5 4.0 6.0
3 304.0 278.4
3 70.0 82.1
2 194.0 266.3
4 138.0 140.8
3 306.0 356.1
2 260.0 204.6
5 270.0 260.2
2 164.0 231.0
2 302.0 305.0
5 202.0 148.2
3 116.0 110.3
3 180.0 179.2
2 322.0 332.9
5 130.0 126.6
3 262.0 286.1
5 262.0 257.0
5 130.0 134.8
4 344.0 342.8
2 338.0 322.6
4 258.0 252.6
3 44.0 13.0
5 316.0 308.4
4 336.0 343.5
3 186.0 172.0
3 94.0 110.5
3 174.0 193.6
3 106.0 109.5
5 20.0 22.6
4 320.0 299.8
2 324.0 320.4
4 174.0 223.9
4 276.0 220.1
5 58.0 94.0
2 50.0 139.3
2 104.0 106.4
2 110.0 121.6
3 26.0 354.3
5 94.0 93.3
5 190.0 160.6
5 22.0 18.9
4 94.0 305.6
2 42.0 37.8
4 142.0 147.9
4 66.0 84.2
2 264.0 199.4
3 24.0 38.1
5 200.0 287.3
5 28.0 30.3
3 290.0 289.8
2 250.0 152.6
2 208.0 257.8
4 22.0 19.0
5 98.0 113.5
2 68.0 52.4
4 260.0 263.8
4 276.0 263.9
2 134.0 108.9
5 94.0 67.1
5 344.0 319.0
4 332.0 306.8
2 104.0 63.8
5 268.0 278.2
3 108.0 101.0
3 20.0 6.0
2 104.0 80.0
3 250.0 250.7
3 142.0 149.6
5 74.0 81.5
4 298.0 332.1
5 326.0 330.5
3 176.0 233.0
4 320.0 320.7
4 310.0 342.8
3 312.0 331.0
2 286.0 28.8
5 186.0 190.9
2 22.0 80.4
2 322.0 339.4
4 64.0 58.3
2 248.0 322.7
4 16.0 349.8
4 82.0 64.1
3 176.0 214.1
5 130.0 130.4
2 164.0 98.3
5 48.0 73.0
3 52.0 106.3
4 144.0 147.7
2 246.0 178.3
4 196.0 172.3
3 132.0 132.2
2 326.0 318.2
2 250.0 285.3
2 138.0 229.7
5 28.0 28.3
3 160.0 153.5
2 58.0 77.9
5 106.0 104.8
2 286.0 296.7
2 78.0 79.7
3 188.0 181.1
3 176.0 205.2
3 58.0 56.3
5 46.0 48.3
4 316.0 321.0
5 22.0 9.7
5 312.0 319.9
5 236.0 250.0
3 62.0 66.8
5 348.0 330.5
2 92.0 67.1
2 260.0 258.2
2 302.0 237.4
2 200.0 244.1
2 78.0 102.3
3 322.0 196.5
2 170.0 287.5
2 38.0 49.6
4 38.0 44.0
4 300.0 291.6
4 104.0 76.3
5 78.0 86.9
4 222.0 223.8
4 236.0 237.9
4 308.0 311.5
4 106.0 109.7
5 4.0 9.0
2 174.0 194.7
5 6.0 6.6
5 42.0 48.4
3 212.0 164.2
4 170.0 189.4
5 350.0 330.1
3 186.0 215.5
2 38.0 301.4
5 350.0 6.6
3 132.0 129.3
4 112.0 69.3
3 234.0 256.7
4 188.0 175.7
2 136.0 192.8
5 126.0 137.6
3 24.0 22.9
3 32.0 58.8
3 350.0 0.9
2 326.0 201.2
4 350.0 332.1
4 340.0 353.1
3 72.0 46.8
2 158.0 139.5
3 104.0 66.1
4 74.0 294.3
5 274.0 279.4
5 78.0 69.9
3 82.0 62.0
5 232.0 236.3
4 296.0 285.0
2 282.0 271.9
2 146.0 210.4
5 334.0 328.2
5 22.0 24.5
4 144.0 173.2
4 208.0 230.8
5 94.0 98.4
2 242.0 302.6
5 40.0 58.3
3 136.0 167.5
3 286.0 323.1
2 180.0 218.8
5 214.0 234.6
2 232.0 269.3
2 268.0 156.5
4 12.0 3.7
4 134.0 135.7
4 352.0 11.1
5 272.0 271.6
2 264.0 155.0
5 140.0 148.7
3 112.0 91.1
4 220.0 177.9
4 22.0 76.1
5 320.0 329.9
2 228.0 85.6
3 352.0 177.5
3 46.0 78.8
3 16.0 41.0
3 28.0 49.8
2 96.0 127.7
3 272.0 324.1
4 354.0 342.9
5 74.0 62.8
5 152.0 121.2
4 74.0 98.9
2 184.0 193.8
4 316.0 339.2
3 150.0 151.3
4 204.0 175.7
2 222.0 284.4
4 254.0 268.3
2 230.0 300.5
5 26.0 20.7
2 322.0 333.0
5 44.0 17.8
3 320.0 340.4
4 42.0 66.0
5 56.0 69.5
5 218.0 234.7
5 358.0 332.9
4 122.0 124.9
5 10.0 1.6
3 256.0 235.5
3 130.0 131.9
5 198.0 236.0
2 324.0 329.4
3 270.0 255.7
3 288.0 290.3
4 164.0 162.6
3 296.0 309.0
2 320.0 14.8
2 180.0 146.9
2 268.0 293.4
4 146.0 204.8
4 92.0 89.7
4 44.0 70.5
3 142.0 183.2
2 166.0 21.9
3 208.0 234.8
3 180.0 159.2
3 2.0 353.9
3 234.0 225.3
4 36.0 26.2
5 16.0 8.9
2 288.0 293.2
2 88.0 124.0
2 270.0 300.2
4 66.0 74.7
3 22.0 35.4
3 336.0 337.7
4 190.0 213.0
5 128.0 127.4
2 242.0 208.5
3 180.0 189.9
4 58.0 86.2
3 74.0 104.7
5 54.0 85.1
5 8.0 21.1
4 298.0 262.6
4 164.0 172.1
3 56.0 80.9
2 294.0 316.8
3 14.0 288.9
3 178.0 80.8
2 58.0 28.4
2 342.0 13.9
2 34.0 83.2
4 72.0 76.1
4 342.0 330.3
2 324.0 353.1
5 176.0 220.6
4 336.0 325.3
3 116.0 115.2
5 64.0 89.3
4 190.0 147.6
3 134.0 142.5
4 194.0 182.3
3 352.0 308.3
3 210.0 217.0
5 44.0 33.5
4 184.0 207.3
4 108.0 118.9
3 116.0 114.2
3 330.0 7.6
3 46.0 61.0
5 92.0 100.2
2 280.0 355.5
2 300.0 305.5
4 224.0 163.5
5 90.0 95.3
3 250.0 247.2
4 188.0 227.1
5 316.0 323.3
5 184.0 141.3
2 98.0 105.4
4 214.0 215.5
2 330.0 340.4
2 30.0 324.1
3 42.0 52.1
5 34.0 103.6
2 266.0 255.4
4 128.0 99.0
2 350.0 52.2
3 222.0 261.7
2 246.0 226.9
2 102.0 107.6
5 232.0 253.3
4 18.0 9.5
2 350.0 337.8
3 170.0 199.4
2 70.0 164.0
3 338.0 336.8
3 106.0 92.2
5 352.0 352.4
3 156.0 168.1
3 208.0 211.8
2 144.0 302.8
2 136.0 184.7
4 58.0 48.1
2 146.0 167.3
5 46.0 52.6
3 256.0 215.0
3 24.0 350.6
4 36.0 20.8
4 200.0 161.0
5 294.0 289.9
2 172.0 115.9
2 354.0 312.4
4 246.0 250.1
5 220.0 220.6
3 284.0 307.2
4 138.0 135.0
5 58.0 82.3
3 150.0 261.7
4 2.0 321.1
2 202.0 140.2
3 72.0 102.6
5 218.0 244.4
5 118.0 115.7
2 52.0 58.7
2 316.0 72.2
4 34.0 48.6
5 342.0 338.5
4 236.0 211.8
4 192.0 224.2
4 302.0 289.7
2 222.0 180.1
4 102.0 78.9
3 92.0 120.2
3 182.0 188.6
5 110.0 103.4
5 88.0 74.2
5 34.0 47.2
2 304.0 238.9
4 18.0 13.9
5 70.0 75.2
5 334.0 316.2
3 350.0 334.4
4 92.0 75.2
3 126.0 112.1
4 170.0 138.4
4 238.0 247.5
5 206.0 221.7
2 326.0 336.2
2 314.0 327.4
4 358.0 359.5
4 306.0 309.8
3 288.0 277.9
3 134.0 129.1
3 186.0 209.8
3 180.0 141.3
3 322.0 336.4
3 200.0 159.2
5 292.0 297.3
3 2.0 355.6
3 48.0 106.5
2 122.0 44.7
2 10.0 31.4
5 72.0 116.6
5 294.0 280.0
4 284.0 280.9
3 220.0 188.6
2 274.0 139.9
5 138.0 158.0
5 56.0 54.1
2 272.0 324.5
5 122.0 113.3
5 270.0 258.4
5 190.0 210.0
4 94.0 81.6
2 176.0 132.9
2 216.0 188.3
5 342.0 5.7
4 296.0 290.3
2 224.0 322.8
3 338.0 15.2
3 102.0 4.3
2 46.0 66.7
2 304.0 323.7
4 274.0 297.8
5 294.0 284.8
3 40.0 66.3
2 298.0 128.6
3 346.0 329.9
3 274.0 293.1
5 330.0 341.0
3 116.0 117.8
3 260.0 256.8
2 32.0 74.9
5 348.0 340.9
5 272.0 286.8
4 14.0 87.7
3 34.0 29.3
4 150.0 234.6
2 226.0 289.2
4 232.0 235.7
2 34.0 80.4
5 114.0 106.3
2 86.0 104.6
2 152.0 184.0
2 118.0 49.1
3 50.0 34.6
3 34.0 11.5
4 304.0 289.8
3 358.0 356.5
3 110.0 123.2
3 34.0 27.9
5 272.0 285.0
3 156.0 136.9
5 64.0 57.9
4 116.0 90.3
2 90.0 84.5
3 358.0 32.8
4 214.0 136.4
2 214.0 151.9
5 302.0 297.0
5 150.0 165.9
2 44.0 13.2
5 86.0 62.0
4 132.0 141.8
3 110.0 101.6
4 24.0 28.9
5 44.0 39.3
2 304.0 324.1
3 250.0 207.8
4 218.0 188.4
2 154.0 169.2
5 178.0 234.9
4 162.0 167.2
3 64.0 63.2
5 340.0 5.6
5 164.0 184.4
5 44.0 43.2
3 220.0 247.6
2 326.0 352.8
2 110.0 354.8
2 148.0 216.5
4 342.0 344.4
2 236.0 271.5
2 8.0 12.3
5 246.0 256.6
3 92.0 119.5
2 8.0 329.3
2 146.0 180.0
4 182.0 218.3
4 190.0 249.7
5 284.0 299.9
3 210.0 148.4
4 90.0 72.6
3 56.0 59.2
4 276.0 278.8
2 12.0 23.4
4 226.0 237.6
2 200.0 268.1
4 246.0 275.0
5 180.0 173.7
4 268.0 266.9
4 278.0 277.8
5 192.0 202.5
5 182.0 181.8
3 176.0 212.6
5 312.0 302.3
5 228.0 218.1
2 4.0 296.4
4 294.0 299.0
5 206.0 164.0
4 350.0 337.1
4 224.0 251.8
4 234.0 275.2
5 346.0 337.3
3 240.0 277.4
2 260.0 258.2
2 0.0 99.0
2 72.0 138.5
5 212.0 167.1
5 116.0 119.1
5 204.0 166.9
2 114.0 174.7
3 318.0 328.2
2 94.0 99.5
3 234.0 188.1
2 178.0 138.8
5 98.0 108.5
5 290.0 298.1
5 72.0 96.7
2 98.0 94.9
4 116.0 126.9
4 70.0 109.2
5 146.0 149.5
4 250.0 246.8
4 224.0 217.3
5 92.0 76.3
4 120.0 80.1
2 16.0 18.3
3 50.0 66.1
3 64.0 110.4
4 262.0 249.2
5 334.0 337.5
5 100.0 113.2
4 228.0 264.9
2 230.0 77.2
3 302.0 311.0
2 176.0 200.5
5 184.0 162.3
3 38.0 35.9
4 318.0 298.9
2 206.0 303.3
2 202.0 324.5
5 132.0 128.6
3 138.0 196.6
4 246.0 207.5
2 154.0 133.3
5 152.0 144.4
2 52.0 130.1
3 172.0 187.4
4 6.0 355.3
4 208.0 217.3
5 264.0 260.9
5 78.0 48.6
5 274.0 272.8
4 156.0 185.7
5 128.0 144.5
4 70.0 65.8
3 164.0 202.8
5 322.0 296.4
2 162.0 106.1
4 86.0 32.7
5 148.0 172.4
5 254.0 250.2
5 38.0 27.3
2 80.0 95.1
3 70.0 51.0
4 328.0 352.4
2 356.0 274.1
2 266.0 317.4
4 246.0 257.7
2 28.0 20.2
3 70.0 67.0
3 124.0 19.6
2 196.0 153.6
4 98.0 90.9
4 42.0 81.7
2 190.0 267.1
5 350.0 340.4
5 180.0 188.5
2 30.0 269.7
4 336.0 328.8
3 18.0 30.5
3 338.0 335.2
5 158.0 142.5
2 332.0 16.4
2 140.0 226.1
2 10.0 28.7
4 358.0 357.0
2 64.0 228.9
2 134.0 172.7
4 336.0 328.2
3 18.0 31.2
2 196.0 177.5
2 52.0 276.8
5 188.0 189.4
2 180.0 79.4
4 274.0 252.9
3 20.0 15.1
4 70.0 68.3
2 246.0 275.9
5 284.0 45.8
5 4.0 15.6
2 42.0 86.6
5 160.0 164.9
4 56.0 57.8
2 204.0 259.1
4 184.0 196.6
5 274.0 277.8
5 214.0 174.3
3 62.0 96.7
5 250.0 245.2
4 186.0 220.3
5 224.0 259.5
4 60.0 53.2
2 338.0 354.6
2 4.0 19.5
3 232.0 260.7
2 246.0 202.6
3 244.0 218.6
4 122.0 121.0
2 54.0 247.2
3 190.0 261.1
2 68.0 308.3
2 160.0 41.1
4 244.0 220.3
2 216.0 271.0
4 162.0 218.2
5 100.0 93.5
5 260.0 247.7
3 200.0 175.0
5 114.0 117.6
4 46.0 33.4
5 78.0 75.4
2 216.0 153.8
4 82.0 87.3
4 42.0 35.6
2 50.0 83.0
4 120.0 128.8
3 138.0 132.9
4 196.0 193.9
3 250.0 300.4
5 232.0 237.2
2 232.0 131.0
4 92.0 95.9
3 48.0 60.9
5 286.0 281.1
5 228.0 166.8
4 234.0 199.0
3 38.0 33.9
3 326.0 297.5
3 78.0 95.2
3 50.0 16.9
3 310.0 312.7
3 120.0 119.0
2 50.0 135.5
3 206.0 164.4
5 318.0 319.0
4 34.0 88.3
4 32.0 25.6
3 286.0 275.1
4 314.0 322.1
2 52.0 84.1
4 200.0 215.0
2 294.0 296.9
3 266.0 234.7
3 324.0 328.3
5 46.0 39.5
4 304.0 355.3
4 188.0 171.0
5 266.0 255.5
3 208.0 182.4
4 120.0 120.5
2 150.0 206.7
3 324.0 290.0
5 268.0 254.0
5 76.0 93.5
3 192.0 198.0
5 358.0 337.2
4 304.0 294.3
2 96.0 82.0
5 112.0 104.4
5 172.0 193.5
5 74.0 76.4
4 144.0 273.5
5 358.0 12.0
5 210.0 240.5
2 278.0 295.3
5 168.0 192.2
5 100.0 108.0
2 126.0 124.9
4 238.0 230.1
5 102.0 104.7
2 134.0 111.8
4 226.0 226.9
5 140.0 147.7
2 282.0 104.2
5 260.0 254.8
4 144.0 137.2
5 38.0 236.5
4 98.0 70.8
4 282.0 263.5
2 162.0 48.5
5 96.0 102.3
4 312.0 311.3
4 154.0 125.9
5 334.0 327.4
5 168.0 155.3
4 120.0 124.3
3 332.0 287.7
2 350.0 32.7
5 136.0 145.3
5 88.0 106.8
5 102.0 122.4
5 180.0 141.3
4 282.0 270.0
4 78.0 98.7
3 252.0 260.8
4 12.0 15.6
5 248.0 234.4
5 196.0 142.7
3 280.0 255.5
2 350.0 20.3
3 336.0 313.2
4 276.0 264.6
5 284.0 265.7
4 218.0 213.8
3 96.0 108.1
4 354.0 2.9
3 128.0 82.2
5 110.0 115.1
4 250.0 235.6
3 154.0 209.0
4 262.0 256.8
2 164.0 273.4
2 354.0 69.4
5 140.0 144.2
2 106.0 54.6
2 32.0 58.5
2 4.0 340.4
3 248.0 276.0
5 68.0 56.7
2 16.0 39.0
4 218.0 195.0
4 304.0 289.8
4 294.0 296.0
5 76.0 54.0
4 290.0 289.6
3 56.0 84.6
2 98.0 60.7
5 304.0 299.2
3 270.0 266.8
5 70.0 57.9
3 194.0 250.4
5 114.0 112.0
2 280.0 248.1
4 68.0 46.6
5 264.0 269.2
5 212.0 229.8
4 230.0 221.2
4 200.0 152.2
3 224.0 257.4
3 72.0 69.3
5 302.0 300.0
2 204.0 271.8
5 68.0 54.2
5 88.0 111.2
4 62.0 67.8
2 214.0 187.5
2 266.0 301.1
5 294.0 304.9
2 164.0 226.8
5 140.0 162.8
5 20.0 22.8
3 88.0 96.3
5 320.0 332.3
3 204.0 231.5
3 132.0 105.9
4 126.0 117.9
4 180.0 179.3
4 30.0 39.6
5 68.0 57.3
4 290.0 283.4
4 234.0 173.9
4 30.0 26.8
3 148.0 213.5
4 2.0 1.6
2 94.0 273.9
4 66.0 74.6
5 266.0 281.3
4 234.0 221.1
4 108.0 98.3
3 70.0 63.4
3 320.0 323.7
2 232.0 298.0
3 348.0 12.0
2 50.0 115.7
2 160.0 58.5
2 206.0 264.0
2 196.0 81.6
5 114.0 104.2
4 70.0 104.3
4 294.0 304.9
2 308.0 353.2
5 80.0 68.3
2 122.0 54.0
4 24.0 22.9
4 304.0 352.1
5 264.0 268.3
3 132.0 107.3
5 40.0 40.7
4 230.0 254.6
5 242.0 225.0
2 342.0 312.9
4 344.0 342.5
2 232.0 0.8
4 212.0 242.0
5 212.0 220.5
3 286.0 295.3
3 316.0 294.8
3 58.0 56.9
3 356.0 20.4
2 294.0 252.3
5 116.0 201.4
4 104.0 79.4
2 256.0 260.0
3 280.0 260.9
5 356.0 3.6
2 238.0 15.7
4 310.0 309.4
5 154.0 128.4
4 192.0 192.2
3 22.0 28.9
3 242.0 209.1
5 312.0 307.1
2 192.0 132.1
3 158.0 185.3
3 284.0 285.6
4 144.0 152.2
2 142.0 261.2
2 110.0 80.6
2 288.0 285.6
3 66.0 38.1
4 188.0 218.9
3 262.0 285.7
3 260.0 301.0
5 286.0 286.6
2 248.0 347.3
3 82.0 107.2
2 90.0 18.1
2 56.0 75.4
3 246.0 204.6
5 240.0 187.6
3 288.0 269.4
4 146.0 140.3
2 352.0 5.4
3 200.0 145.0
5 34.0 18.1
5 234.0 235.5
2 268.0 173.4
3 132.0 162.6
4 62.0 60.7
3 286.0 297.1
5 134.0 125.0
3 196.0 186.0
3 0.0 313.9
4 176.0 215.7
5 322.0 332.2
2 336.0 327.1
5 116.0 118.1
3 36.0 46.1
4 260.0 274.1
2 212.0 223.7
5 262.0 263.9
5 12.0 9.4
2 106.0 55.4
2 154.0 76.0
3 80.0 48.6
2 332.0 57.6
3 78.0 41.0
5 178.0 8.4
2 124.0 139.3
4 318.0 291.9
5 292.0 305.9
4 192.0 197.0
4 32.0 25.4
4 302.0 292.9
4 14.0 30.6
4 206.0 206.0
3 240.0 242.7
3 314.0 304.3
5 92.0 116.2
5 126.0 136.6
3 186.0 159.1
2 212.0 83.3
3 190.0 203.7
5 120.0 123.7
2 70.0 29.2
2 294.0 322.3
5 284.0 284.9
5 138.0 141.2
2 60.0 30.8
2 328.0 317.2
5 48.0 54.2
5 150.0 156.3
3 70.0 94.6
3 206.0 229.2
3 12.0 350.5
3 60.0 64.0
4 306.0 295.3
4 262.0 249.8
2 156.0 306.0
3 258.0 258.9
4 28.0 15.2
2 122.0 261.2
4 226.0 248.1
5 246.0 244.2
3 14.0 348.3
5 296.0 304.5
2 184.0 162.8
3 358.0 5.6
2 112.0 16.2
3 54.0 65.9
4 156.0 193.0
2 188.0 247.3
2 98.0 72.5
5 314.0 311.1
2 250.0 244.0
5 64.0 52.2
2 314.0 42.3
3 258.0 229.0
3 294.0 310.8
5 318.0 334.9
2 52.0 99.0
4 324.0 303.7
2 134.0 156.9
4 26.0 33.2
5 290.0 294.2
3 310.0 316.9
5 206.0 234.5
2 12.0 27.0
3 122.0 109.2
2 22.0 337.9
5 206.0 197.2
2 32.0 21.5
3 142.0 133.9
3 226.0 233.9
3 246.0 293.5
2 230.0 255.0
4 18.0 7.5
4 298.0 302.6
5 118.0 112.3
2 152.0 184.2
5 260.0 250.4
2 246.0 226.8
2 168.0 188.0
4 256.0 290.9
2 98.0 32.0
4 138.0 129.3
5 346.0 329.7
5 70.0 71.0
3 214.0 255.5
5 244.0 244.0
3 100.0 139.8
5 216.0 237.1
4 308.0 316.0
2 144.0 294.1
4 44.0 53.9
4 328.0 353.6
2 40.0 79.7
2 138.0 211.0
5 72.0 80.1
3 322.0 303.6
3 204.0 245.5
2 96.0 159.4
4 186.0 185.2
2 66.0 94.8
5 156.0 157.4
5 210.0 242.8
2 282.0 291.2
4 32.0 48.3
4 204.0 200.7
3 352.0 335.9
4 26.0 27.6
4 348.0 334.9
2 26.0 30.0
2 30.0 96.3
4 182.0 183.5
3 144.0 162.6
5 104.0 110.0
4 266.0 281.5
5 356.0 355.6
2 216.0 276.2
3 74.0 97.1
5 158.0 172.9
2 46.0 22.9
2 358.0 327.8
5 280.0 291.9
4 268.0 262.3
4 36.0 49.7
3 156.0 224.3
3 192.0 129.9
3 186.0 139.8
4 332.0 356.2
2 94.0 94.6
2 302.0 279.4
2 108.0 278.6
5 78.0 55.8
4 36.0 29.3
3 266.0 260.8
3 196.0 257.3
2 236.0 193.3
3 260.0 223.3
2 134.0 86.0
4 132.0 133.9
2 178.0 218.7
5 288.0 293.5
2 314.0 253.7
4 350.0 339.8
5 350.0 329.2
4 8.0 352.5
4 314.0 323.2
5 296.0 320.7
2 158.0 58.1
2 290.0 148.6
5 346.0 340.3
5 66.0 83.9
2 282.0 359.0
5 330.0 333.5
4 216.0 234.8
3 276.0 307.5
3 342.0 10.1
4 262.0 268.7
4 328.0 335.5
4 208.0 224.0
2 342.0 278.7
4 2.0 347.5
2 116.0 219.5
4 90.0 304.1
3 170.0 136.1
4 162.0 152.8
3 260.0 247.5
4 138.0 134.9
2 156.0 319.1
2 60.0 45.2
2 222.0 245.1
2 256.0 89.8
4 290.0 285.4
3 50.0 139.1
3 86.0 87.3
5 144.0 160.5
4 280.0 273.3
3 268.0 244.7
2 112.0 81.1
3 106.0 87.0
5 80.0 79.0
2 120.0 1.3
4 54.0 52.2
3 292.0 271.2
2 348.0 74.9
4 152.0 276.4
3 162.0 163.0
4 244.0 259.8
3 304.0 312.2
3 182.0 203.4
3 22.0 9.5
3 196.0 150.9
2 282.0 265.3
4 136.0 99.2
3 80.0 89.3
3 210.0 251.2
3 236.0 150.2
4 278.0 280.5
5 314.0 301.7
3 268.0 301.5
4 46.0 45.6
4 190.0 229.4
5 272.0 287.1
3 278.0 260.8
5 276.0 282.8
4 340.0 10.2
5 156.0 206.1
5 36.0 26.3
2 244.0 248.9
2 344.0 248.2
3 158.0 125.6
2 74.0 24.1
3 312.0 339.0
3 306.0 293.8
2 182.0 250.9
4 54.0 34.6
2 222.0 113.9
5 252.0 271.2
2 322.0 341.1
4 296.0 277.2
4 78.0 72.0
2 208.0 156.0
4 66.0 78.4
4 196.0 152.1
4 202.0 197.0
4 32.0 26.1
2 110.0 7.5
5 306.0 306.6
3 324.0 312.8
3 92.0 94.9
2 28.0 2.7
4 142.0 145.8
2 52.0 36.5
3 328.0 337.7
3 206.0 254.4
3 98.0 116.9
3 240.0 218.7
3 278.0 311.2
3 18.0 24.0
5 128.0 125.9
4 164.0 172.3
4 332.0 313.3
5 236.0 164.4
3 120.0 134.5
2 222.0 183.0
3 50.0 26.9
4 254.0 270.7
3 298.0 312.9
5 262.0 269.0
5 330.0 297.6
2 44.0 69.8
2 12.0 32.4
2 112.0 254.1
5 68.0 73.8
2 142.0 333.3
3 338.0 351.6
3 352.0 349.5
3 0.0 339.8
5 308.0 330.8
3 250.0 255.7
3 184.0 185.0
3 134.0 263.8
4 286.0 280.4
3 108.0 113.3
5 200.0 165.5
4 344.0 354.3
3 310.0 311.9
5 280.0 245.3
5 244.0 254.7
5 336.0 342.8
5 102.0 97.0
2 16.0 300.6
3 190.0 184.6
5 68.0 49.5
2 292.0 143.6
3 10.0 3.4
5 288.0 287.0
3 278.0 297.4
3 108.0 95.6
5 196.0 227.8
4 122.0 121.9
4 76.0 65.1
4 288.0 307.5
3 60.0 80.1
4 244.0 266.1
5 290.0 279.4
5 302.0 329.5
5 312.0 315.1
2 20.0 72.0
2 42.0 41.7
3 228.0 226.5
5 6.0 359.8
4 46.0 45.5
2 82.0 50.2
4 56.0 57.0
5 292.0 269.5
4 114.0 117.9
4 348.0 335.0
4 144.0 214.4
2 356.0 19.5
4 210.0 204.9
2 162.0 92.5
5 316.0 337.1
5 332.0 313.6
3 240.0 257.5
5 214.0 240.4
3 58.0 57.5
4 106.0 107.7
5 346.0 349.6
2 306.0 285.7
3 326.0 331.1
5 354.0 355.2
2 198.0 245.8
3 2.0 10.1
5 260.0 258.9
4 156.0 156.4
3 172.0 170.2
2 0.0 344.4
3 354.0 0.2
2 152.0 56.0
4 136.0 142.2
4 262.0 253.4
3 258.0 267.4
4 298.0 306.5
3 170.0 218.3
3 158.0 192.3
2 4.0 341.9
2 238.0 356.7
3 42.0 30.5
5 166.0 156.8
4 114.0 133.9
4 10.0 27.0
4 300.0 301.4
2 184.0 231.1
2 344.0 43.1
5 66.0 67.1
2 106.0 30.4
5 318.0 312.2
5 138.0 176.8
3 88.0 99.2
2 174.0 207.9
5 234.0 231.3
5 26.0 23.6
3 358.0 1.2
2 202.0 132.9
2 356.0 289.3
2 292.0 330.6
2 242.0 299.2
5 140.0 145.2
3 82.0 106.8
2 122.0 100.8
3 14.0 2.4
2 190.0 61.9
5 138.0 148.5
2 278.0 276.6
3 118.0 100.9
3 356.0 334.4
3 166.0 184.8
2 240.0 198.0
3 306.0 344.9
2 248.0 257.5
2 86.0 69.2
5 168.0 193.4
5 254.0 240.7
5 108.0 96.5
5 256.0 269.5
4 198.0 218.0
5 304.0 308.7
2 236.0 11.7
4 104.0 99.2
5 64.0 73.1
3 270.0 271.9
3 310.0 293.6
4 312.0 323.2
3 188.0 141.9
5 272.0 277.9
3 296.0 315.8
5 60.0 61.8
5 340.0 355.4
5 34.0 37.3
2 242.0 181.3
5 28.0 18.7
2 282.0 244.6
4 260.0 250.9
4 224.0 236.7
2 294.0 296.6
4 132.0 137.9
4 22.0 16.0
2 78.0 103.2
4 80.0 77.6
3 230.0 271.9
5 174.0 227.6
5 334.0 336.8
3 328.0 354.3
4 74.0 63.3
4 322.0 315.7
4 170.0 176.6
4 88.0 72.0
2 60.0 29.6
3 248.0 293.6
4 290.0 277.0
2 300.0 272.6
4 290.0 272.0
4 344.0 301.0
3 236.0 194.4
4 212.0 163.7
4 274.0 268.4
4 212.0 199.4
5 80.0 74.1
3 40.0 101.6
3 164.0 139.0
2 132.0 243.8
5 60.0 64.1
3 338.0 312.4
4 192.0 149.2
5 298.0 307.0
5 62.0 67.8
4 228.0 227.3
3 196.0 184.2
2 318.0 317.5
4 68.0 83.0
3 152.0 149.3
3 68.0 22.6
5 128.0 143.4
3 78.0 85.7
5 338.0 311.7
2 82.0 63.1
2 256.0 341.0
2 140.0 127.6
4 244.0 244.0
4 54.0 53.4
4 10.0 342.9
4 290.0 282.2
4 24.0 200.8
4 316.0 298.5
5 188.0 205.1
3 296.0 304.0
3 132.0 162.9
4 302.0 318.9
2 38.0 73.3
5 32.0 20.8
2 196.0 178.4
4 120.0 109.7
2 232.0 202.4
3 248.0 216.4
4 18.0 11.2
4 168.0 159.5
5 84.0 62.9
2 14.0 321.0
2 356.0 356.4
3 340.0 344.4
5 188.0 187.3
5 212.0 230.6
3 244.0 243.8
4 22.0 27.2
4 356.0 350.8
2 114.0 77.8
5 340.0 348.3
5 20.0 318.4
3 70.0 86.9
5 318.0 310.7
5 192.0 201.3
3 180.0 185.5
2 72.0 91.9
5 306.0 289.4
2 260.0 255.0
4 114.0 97.5
5 138.0 141.2
4 254.0 258.3
3 228.0 168.3
5 332.0 335.5
2 54.0 22.8
5 114.0 110.6
3 306.0 277.3
5 10.0 13.9
2 328.0 359.3
4 104.0 139.0
3 156.0 98.8
5 344.0 336.0
4 28.0 26.7
5 166.0 158.0
2 46.0 27.0
5 128.0 120.4
3 114.0 87.1
3 118.0 124.4
3 130.0 136.2
4 258.0 212.5
2 114.0 202.9
4 30.0 42.3
2 108.0 71.6
5 280.0 280.0
2 88.0 90.2
5 188.0 150.6
4 228.0 207.6
5 14.0 5.3
3 358.0 350.4
5 294.0 308.0
3 262.0 277.6
5 70.0 56.9
3 78.0 158.0
4 352.0 358.2
4 356.0 345.4
4 346.0 4.0
3 60.0 71.4
2 188.0 267.0
3 204.0 192.2
4 156.0 171.9
5 342.0 333.6
3 160.0 202.5
3 354.0 356.0
4 188.0 247.3
5 286.0 284.5
4 218.0 213.6
2 244.0 263.7
2 268.0 270.5
4 296.0 302.7
4 34.0 71.9
5 36.0 24.4
3 296.0 266.0
3 2.0 10.0
2 240.0 1.2
2 340.0 340.4
3 348.0 5.6
4 222.0 206.5
4 154.0 149.3
3 198.0 143.2
3 168.0 161.2
5 272.0 273.0
5 10.0 11.3
3 358.0 11.0
4 170.0 192.8
2 304.0 240.9
2 278.0 218.7
5 96.0 81.1
2 162.0 205.0
2 250.0 347.0
2 126.0 106.9
5 214.0 199.7
3 64.0 78.7
3 68.0 122.9
2 158.0 100.1
4 258.0 271.1
2 298.0 230.3
3 202.0 183.9
4 220.0 217.4
2 160.0 168.3
3 174.0 226.2
5 64.0 73.1
5 4.0 346.5
2 48.0 212.1
4 210.0 227.4
2 318.0 280.6
2 144.0 106.5
5 50.0 44.5
3 252.0 258.4
3 228.0 185.5
5 222.0 231.0
2 60.0 276.5
5 286.0 296.7
4 90.0 99.8
5 112.0 107.5
4 142.0 156.6
4 98.0 96.2
5 52.0 55.3
5 130.0 119.5
3 46.0 64.5
3 332.0 280.9
5 232.0 219.7
4 42.0 48.7
3 234.0 258.5
2 270.0 147.5
3 86.0 76.5
4 138.0 135.5
2 76.0 0.3
2 162.0 137.7
2 14.0 311.2
2 180.0 131.9
2 170.0 213.4
5 314.0 300.5
4 144.0 85.9
5 358.0 356.0
3 192.0 237.1
2 6.0 330.8
4 28.0 27.4
5 282.0 280.5
2 74.0 6.7
2 256.0 155.7
2 254.0 289.6
4 88.0 95.3
3 90.0 80.6
5 196.0 191.0
3 264.0 251.2
2 358.0 340.0
4 114.0 112.2
4 298.0 317.5
5 316.0 307.4
2 72.0 156.9
3 190.0 151.0
2 294.0 286.0
3 60.0 78.0
5 268.0 261.4
5 60.0 37.7
2 270.0 173.5
3 132.0 104.4
4 238.0 162.2
2 64.0 68.4
4 72.0 62.0
5 238.0 248.5
5 214.0 209.5
3 138.0 141.9
5 124.0 126.9
4 154.0 112.2
3 294.0 309.6
2 338.0 195.7
5 64.0 143.7
3 224.0 263.3
4 240.0 180.3
4 194.0 207.6
3 266.0 229.4
3 24.0 25.3
4 212.0 253.7
5 256.0 260.2
2 48.0 101.2
2 260.0 292.2
2 4.0 354.6
4 332.0 346.2
3 242.0 186.3
2 98.0 65.1
3 196.0 187.0
5 218.0 211.4
2 70.0 69.7
3 86.0 78.6
2 262.0 29.8
2 40.0 45.2
3 314.0 32.8
2 92.0 39.1
2 6.0 288.4
5 210.0 220.3
2 358.0 309.9
4 78.0 47.7
5 162.0 215.5
5 10.0 9.2
3 170.0 228.3
3 40.0 62.5
2 206.0 3.2
2 4.0 340.5
3 246.0 242.6
5 204.0 171.1
3 314.0 312.5
4 242.0 261.3
2 340.0 25.6
5 356.0 357.4
2 58.0 109.7
3 144.0 131.4
2 342.0 229.1
4 102.0 89.2
4 92.0 104.6
2 228.0 295.4
3 126.0 129.8
3 270.0 239.4
2 284.0 340.4
4 84.0 96.3
3 296.0 299.3
5 110.0 108.2
3 112.0 120.0
4 216.0 237.8
4 280.0 270.5
2 92.0 20.7
4 68.0 74.8
3 130.0 126.7
4 266.0 287.1
5 58.0 43.8
3 12.0 7.2
4 170.0 142.8
2 186.0 214.3
3 66.0 92.4
4 310.0 328.1
5 52.0 57.9
2 350.0 55.1
4 268.0 263.7
5 170.0 185.7
5 22.0 18.5
3 2.0 18.6
2 248.0 309.1
3 326.0 278.5
2 162.0 16.5
5 102.0 249.4
2 192.0 275.2
4 12.0 15.1
4 174.0 183.3
5 54.0 25.8
3 310.0 325.5
2 250.0 260.8
4 256.0 258.4
4 104.0 95.7
4 302.0 307.8
5 142.0 138.3
3 138.0 107.1
3 222.0 250.9
3 66.0 73.9
3 132.0 138.5
3 6.0 24.8
5 62.0 51.2
4 292.0 291.3
4 268.0 272.6
4 26.0 39.3
3 150.0 180.3
3 86.0 45.4
4 220.0 167.1
4 230.0 255.9
5 234.0 219.2
2 68.0 64.4
2 288.0 288.1
2 198.0 251.5
3 154.0 155.0
4 226.0 265.9
3 92.0 91.8
5 124.0 140.5
2 70.0 32.3
2 252.0 221.4
4 202.0 137.7
2 118.0 122.2
3 26.0 8.6
4 150.0 163.6
2 222.0 235.3
4 122.0 125.1
3 258.0 260.6
5 52.0 68.2
2 220.0 223.5
4 332.0 283.8
3 312.0 301.1
5 156.0 152.1
3 120.0 67.1
4 114.0 139.9
2 306.0 75.2
2 94.0 3.3
3 46.0 48.2
3 342.0 349.0
2 62.0 81.7
2 258.0 195.0
2 12.0 31.8
2 64.0 62.7
2 102.0 116.3
5 98.0 104.9
3 276.0 268.5
3 174.0 254.0
3 74.0 57.7
3 90.0 99.2
4 54.0 154.4
4 180.0 219.4
2 32.0 33.1
5 318.0 314.8
4 274.0 270.7
4 310.0 293.3
2 28.0 51.1
2 88.0 64.4
5 334.0 340.8
5 104.0 114.4
2 258.0 28.7
3 236.0 213.8
2 182.0 157.9
2 328.0 81.8
4 78.0 96.2
3 80.0 83.7
2 222.0 171.8
3 310.0 305.3
4 352.0 358.0
3 30.0 43.0
2 84.0 75.7
3 354.0 11.5
5 358.0 17.0
5 144.0 129.7
4 216.0 166.0
4 286.0 296.2
4 104.0 92.6
4 134.0 140.5
5 192.0 221.6
2 192.0 118.7
5 222.0 243.7
3 10.0 11.8
4 34.0 28.4
4 244.0 238.2
3 28.0 39.0
5 178.0 203.2
4 330.0 345.1
3 262.0 270.4
4 180.0 183.3
5 348.0 1.5
3 26.0 22.7
5 98.0 73.9
4 24.0 24.9
4 124.0 124.2
5 90.0 79.9
4 238.0 229.7
2 14.0 319.2
4 356.0 325.0
3 324.0 347.4
4 292.0 310.7
2 254.0 241.7
2 132.0 181.7
2 230.0 253.4
2 136.0 84.4
3 264.0 282.1
5 22.0 21.5
2 120.0 120.9
2 266.0 227.3
3 328.0 332.3
3 188.0 209.8
2 150.0 24.3
3 102.0 69.8
3 62.0 32.1
3 294.0 281.1
3 110.0 96.6
3 162.0 157.7
4 264.0 249.2
2 36.0 69.9
5 86.0 85.3
3 56.0 35.8
4 136.0 157.1
5 254.0 243.1
4 344.0 346.3
4 58.0 62.4
3 336.0 357.9
5 230.0 259.7
5 164.0 146.3
3 260.0 255.0
3 314.0 342.1
5 16.0 18.5
5 108.0 101.4
3 228.0 248.1
5 334.0 317.2
3 294.0 307.3
3 154.0 143.6
3 188.0 220.1
3 220.0 241.2
2 276.0 324.8
4 320.0 324.8
3 164.0 168.3
5 104.0 111.4
4 312.0 295.1
5 74.0 98.2
4 212.0 150.4
2 112.0 63.3
5 126.0 117.6
2 84.0 42.5
3 324.0 326.9
5 54.0 86.0
5 330.0 345.8
4 232.0 233.5
3 302.0 300.1
3 138.0 120.1
5 330.0 323.0
5 42.0 20.3
4 228.0 177.1
5 326.0 323.0
3 308.0 343.2
5 282.0 300.6
5 128.0 124.2
5 56.0 75.9
2 330.0 9.6
3 204.0 207.6
2 222.0 81.2
4 24.0 25.5
4 24.0 23.5
2 154.0 357.1
2 50.0 119.8
4 94.0 89.9
4 130.0 110.3
2 290.0 272.4
2 106.0 109.4
2 88.0 60.4
5 212.0 187.8
2 130.0 65.4
3 244.0 242.9
5 328.0 327.8
3 6.0 340.1
4 44.0 45.6
2 58.0 204.0
2 42.0 40.8
2 58.0 52.2
3 210.0 212.9
2 148.0 56.5
4 134.0 104.5
5 224.0 159.7
3 134.0 201.3
3 140.0 111.2
4 226.0 223.3
2 176.0 286.1
2 84.0 283.8
2 40.0 13.5
4 74.0 101.0
4 316.0 300.8
5 214.0 173.4
5 260.0 258.9
5 174.0 207.9
5 210.0 224.9
2 160.0 270.9
3 268.0 268.4
4 204.0 230.2
4 182.0 192.1
5 4.0 7.7
3 188.0 211.3
5 164.0 192.0
2 246.0 36.8
4 310.0 303.8
4 34.0 14.2
5 16.0 21.7
3 318.0 329.2
5 42.0 28.0
4 278.0 268.4
2 164.0 257.3
3 54.0 48.1
2 204.0 146.1
3 356.0 3.6
3 142.0 143.4
2 2.0 8.9
3 270.0 254.1
2 332.0 12.0
3 70.0 45.3
3 136.0 200.4
2 352.0 335.2
3 86.0 83.1
2 296.0 251.8
4 350.0 348.1
3 278.0 286.7
4 60.0 53.9
2 328.0 326.8
3 68.0 67.3
3 18.0 17.4
4 110.0 83.7
4 258.0 222.1
5 274.0 285.1
2 278.0 336.7
4 356.0 348.6
2 154.0 171.1
3 26.0 10.8
5 288.0 325.9
4 324.0 319.1
3 10.0 12.4
3 60.0 29.7
5 112.0 107.2
2 34.0 9.1
2 190.0 222.4
5 18.0 13.7
2 220.0 142.4
3 172.0 219.2
5 344.0 274.4
3 34.0 40.8
4 242.0 235.0
5 358.0 329.2
5 154.0 151.6
5 266.0 152.9
2 48.0 295.9
4 332.0 350.7
2 130.0 124.5
3 300.0 311.3
4 204.0 154.7
3 238.0 143.9
5 146.0 192.7
2 260.0 313.5
4 198.0 184.5
4 256.0 249.2
2 18.0 310.1
5 322.0 318.5
3 322.0 290.5
4 154.0 157.1
2 210.0 309.7
4 294.0 324.4
2 214.0 130.7
5 184.0 159.2
4 208.0 256.5
3 72.0 91.1
2 320.0 321.4
3 356.0 0.2
2 32.0 39.9
4 254.0 229.3
3 6.0 358.7
3 68.0 59.1
4 164.0 151.8
5 114.0 116.7
5 154.0 150.7
2 156.0 41.4
3 34.0 43.1
4 268.0 276.8
2 256.0 291.0
4 144.0 118.7
5 42.0 34.1
5 314.0 317.3
2 246.0 263.5
2 2.0 351.4
2 84.0 74.9
2 308.0 280.7
4 194.0 140.6
4 194.0 177.1
2 104.0 101.9
3 250.0 207.3
3 216.0 146.7
4 316.0 316.3
5 86.0 90.4
3 348.0 4.8
3 154.0 147.9
2 302.0 294.9
5 214.0 240.0
2 336.0 261.9
4 66.0 38.9
5 180.0 155.8
5 358.0 335.5
3 88.0 46.0
2 124.0 85.4
4 178.0 224.1
5 42.0 47.5
5 186.0 158.4
2 330.0 325.9
4 338.0 352.9
3 38.0 16.6
2 314.0 47.4
3 128.0 120.3
4 280.0 272.3
2 332.0 251.9
2 64.0 137.2
4 328.0 342.5
5 218.0 180.7
5 348.0 334.4
5 352.0 335.4
5 358.0 5.8
4 66.0 58.0
3 190.0 248.5
4 244.0 191.8
3 196.0 212.4
3 128.0 118.2
2 166.0 70.9
3 202.0 175.1
2 222.0 237.9
3 60.0 73.6
3 156.0 200.5
2 186.0 210.0
2 218.0 312.2
4 338.0 341.1
3 200.0 160.6
3 340.0 15.7
2 168.0 49.3
5 198.0 213.3
2 128.0 72.7
5 250.0 263.8
5 244.0 253.1
5 306.0 345.5
5 244.0 227.0
4 288.0 279.6
4 144.0 135.4
3 36.0 41.4
2 24.0 65.7
3 168.0 161.8
5 176.0 221.4
3 310.0 304.8
2 298.0 132.6
4 212.0 154.3
3 108.0 110.2
5 330.0 316.3
2 116.0 131.9
5 310.0 296.4
4 334.0 339.3
5 32.0 27.2
4 358.0 332.4
4 114.0 107.9
5 258.0 255.1
3 144.0 214.5
4 208.0 218.2
2 358.0 348.8
2 328.0 160.6
5 330.0 322.9
2 174.0 150.2
2 118.0 60.5
3 334.0 4.8
4 144.0 168.8
4 124.0 137.8
2 176.0 30.9
5 144.0 139.4
3 210.0 225.2
4 298.0 283.1
2 96.0 198.7
5 276.0 270.4
2 12.0 307.1
3 220.0 237.4
2 10.0 350.7
2 124.0 332.7
3 48.0 91.8
2 120.0 42.1
5 74.0 75.1
2 160.0 38.6
3 194.0 215.9
4 4.0 2.7
4 66.0 71.3
5 256.0 273.7
5 58.0 40.4
4 288.0 277.7
4 234.0 258.3
2 56.0 145.4
5 280.0 283.0
4 276.0 279.5
4 144.0 169.3
5 26.0 41.2
5 288.0 287.3
5 32.0 14.1
4 164.0 145.2
3 104.0 134.9
3 278.0 275.3
4 182.0 232.6
2 202.0 249.2
4 206.0 137.6
2 204.0 212.9
2 182.0 183.3
2 98.0 106.4
4 186.0 186.5
2 76.0 101.7
2 4.0 21.2
2 154.0 82.4
4 202.0 205.1
4 238.0 223.7
5 288.0 289.5
5 114.0 125.4
4 62.0 54.7
5 28.0 25.9
2 316.0 184.6
4 36.0 30.3
2 96.0 75.6
4 114.0 118.6
5 190.0 173.7
5 110.0 157.5
2 80.0 132.4
5 34.0 39.8
2 0.0 353.5
2 54.0 7.2
4 156.0 139.7
4 348.0 356.7
2 144.0 174.0
3 86.0 330.9
5 336.0 336.1
4 156.0 158.7
4 46.0 60.9
3 348.0 311.9
4 168.0 176.3
5 224.0 236.3
5 358.0 335.7
4 150.0 154.0
3 358.0 343.6
2 6.0 22.9
2 90.0 108.5
4 314.0 336.9
2 238.0 259.9
3 152.0 168.5
5 298.0 297.9
3 86.0 74.6
4 78.0 68.8
3 284.0 244.8
2 68.0 74.1
5 200.0 204.1
5 90.0 99.2
2 314.0 15.0
2 160.0 228.1
2 50.0 51.9
2 82.0 28.1
2 60.0 206.9
5 338.0 304.5
4 150.0 184.7
2 194.0 103.4
4 80.0 98.7
3 22.0 16.9
2 54.0 36.5
3 158.0 144.8
3 126.0 103.0
2 126.0 256.1
5 72.0 108.9
3 38.0 175.2
5 254.0 257.3
3 354.0 320.6
5 248.0 225.3
2 336.0 288.6
4 234.0 257.8
5 56.0 90.2
5 122.0 118.7
4 252.0 230.9
5 352.0 354.4
3 88.0 93.4
3 120.0 117.5
3 200.0 213.8
5 266.0 269.0
2 212.0 191.4
3 148.0 178.6
4 322.0 353.0
3 72.0 96.3
5 158.0 130.8
4 254.0 245.7
2 162.0 200.9
2 176.0 134.3
4 134.0 100.0
3 198.0 221.5
5 174.0 190.1
5 220.0 212.1
4 126.0 126.9
5 188.0 225.0
4 250.0 101.4
2 186.0 177.6
5 96.0 93.0
4 224.0 257.3
3 142.0 144.6
5 242.0 249.1
4 20.0 10.6
2 278.0 151.8
5 134.0 141.6
4 126.0 114.8
2 2.0 289.2
3 168.0 151.4
3 166.0 89.7
3 128.0 136.2
5 102.0 88.7
2 84.0 10.5
4 298.0 287.0
5 44.0 42.1
3 322.0 340.3
4 124.0 116.6
3 272.0 253.4
5 34.0 22.3
3 294.0 118.4
2 156.0 221.1
5 164.0 46.4
2 148.0 95.8
4 264.0 287.1
4 202.0 160.1
3 20.0 5.7
4 72.0 73.1
5 302.0 242.8
2 246.0 119.0
4 284.0 309.1
2 358.0 304.2
3 206.0 240.1
3 288.0 304.6
3 342.0 294.8
4 212.0 219.4
2 26.0 208.0
5 262.0 242.5
3 272.0 258.8
5 316.0 318.4
5 148.0 152.4
5 348.0 335.6
5 178.0 179.4
4 100.0 89.5
4 142.0 133.2
3 230.0 224.2
5 132.0 129.7
4 154.0 203.1
3 132.0 147.5
2 42.0 2.9
5 334.0 327.7
2 26.0 131.6
3 158.0 135.9
2 290.0 340.4
3 234.0 268.6
3 268.0 253.0
2 92.0 43.1
3 202.0 264.7
4 250.0 213.9
4 116.0 112.3
2 262.0 294.9
3 248.0 258.1
2 88.0 49.3
3 260.0 258.3
5 218.0 180.1
4 52.0 67.3
3 334.0 336.2
5 126.0 137.2
4 224.0 210.2
4 202.0 212.4
4 64.0 66.6
3 302.0 316.8
4 108.0 115.7
5 20.0 29.7
2 62.0 93.4
5 276.0 244.2
5 330.0 315.2
2 320.0 50.9
2 68.0 153.7
2 48.0 40.5
2 194.0 167.1
2 60.0 54.3
4 354.0 0.8
4 252.0 253.1
5 256.0 256.2
4 148.0 153.8
5 24.0 24.0
2 224.0 167.0
2 328.0 145.1
4 122.0 114.8
3 346.0 8.5
4 314.0 334.9
5 40.0 41.3
4 178.0 186.8
5 78.0 85.1
2 118.0 19.5
3 278.0 286.0
4 322.0 343.5
4 38.0 45.0
4 160.0 131.9
3 202.0 182.1
5 148.0 203.2
4 80.0 82.6
2 294.0 152.9
4 0.0 11.7
4 196.0 206.5
4 144.0 153.4
3 274.0 282.0
4 118.0 123.7
5 88.0 87.8
4 212.0 234.9
5 168.0 202.1
5 206.0 243.6
3 332.0 359.8
2 184.0 159.4
4 342.0 298.4
4 16.0 353.4
2 326.0 304.8
2 30.0 128.6
3 188.0 159.7
2 56.0 356.5
3 50.0 66.5
4 78.0 93.7
4 254.0 250.9
5 236.0 235.4
5 288.0 286.9
2 350.0 264.9
4 66.0 38.5
5 132.0 121.1
2 256.0 127.5
4 114.0 93.9
5 108.0 110.9
3 242.0 263.3
5 60.0 79.8
3 202.0 155.1
2 270.0 218.7
2 136.0 213.0
2 316.0 234.5
2 352.0 34.0
3 236.0 257.8
2 268.0 37.3
2 250.0 207.1
3 92.0 112.3
2 244.0 137.9
4 140.0 149.8
2 252.0 96.4
5 322.0 333.1
5 66.0 67.5
3 224.0 184.8
3 306.0 310.9
3 308.0 25.2
3 342.0 286.9
2 38.0 35.3
2 170.0 175.1
3 34.0 1.8
3 42.0 40.0
4 80.0 87.2
5 226.0 232.5
2 158.0 247.8
2 172.0 168.0
2 260.0 341.8
5 78.0 100.5
2 206.0 254.2
2 296.0 6.0
5 270.0 269.1
2 234.0 252.6
3 320.0 283.7
3 90.0 90.6
2 288.0 301.8
3 302.0 307.7
3 20.0 20.2
2 114.0 95.3
3 122.0 206.0
5 52.0 66.3
2 238.0 99.0
2 186.0 152.3
5 326.0 317.0
5 122.0 114.7
3 242.0 259.6
3 88.0 42.6
5 180.0 151.0
4 196.0 192.8
3 326.0 335.8
3 312.0 300.7
3 256.0 300.6
3 76.0 310.4
3 26.0 57.5
2 84.0 62.7
5 20.0 8.6
2 154.0 233.6
5 122.0 122.7
3 150.0 135.1
2 258.0 282.4
5 256.0 240.0
2 270.0 287.0
3 140.0 109.3
5 264.0 259.8
2 88.0 80.8
4 98.0 101.7
4 306.0 322.3
5 356.0 353.6
3 24.0 20.7
3 84.0 90.0
3 196.0 228.8
2 122.0 209.2
5 236.0 228.5
5 302.0 283.8
3 110.0 117.2
2 280.0 287.0
5 92.0 39.7
3 98.0 196.9
5 196.0 231.3
5 222.0 246.7
4 170.0 135.8
4 296.0 280.9
2 138.0 132.0
5 310.0 309.0
3 220.0 134.7
3 142.0 41.8
3 50.0 52.3
5 80.0 78.0
3 94.0 108.8
3 134.0 157.7
5 110.0 98.7
5 286.0 293.5
4 110.0 102.6
3 212.0 163.0
3 306.0 345.7
2 294.0 282.2
2 20.0 112.1
2 328.0 8.7
4 50.0 37.2
4 118.0 110.2
3 288.0 300.5
5 90.0 97.0
4 350.0 356.1
3 356.0 12.8
2 44.0 261.9
3 328.0 340.8
4 12.0 7.2
4 34.0 23.4
3 338.0 327.4
2 226.0 321.5
4 94.0 102.7
3 336.0 0.9
3 50.0 65.6
2 180.0 1.4
4 284.0 312.7
3 200.0 171.0
2 22.0 23.5
2 302.0 44.1
2 282.0 296.6
3 214.0 175.8
3 16.0 22.4
3 64.0 69.8
5 176.0 224.2
2 290.0 254.9
2 326.0 13.3
3 36.0 41.8
4 168.0 155.4
5 148.0 144.0
3 356.0 328.0
2 342.0 7.0
2 328.0 259.2
3 316.0 332.6
3 50.0 58.5
5 82.0 99.5
2 212.0 310.8
2 96.0 51.0
5 194.0 226.0
3 174.0 179.8
4 232.0 192.9
5 292.0 300.7
2 42.0 279.9
4 44.0 31.5
3 286.0 279.9
2 320.0 10.1
2 300.0 211.0
3 72.0 103.0
4 254.0 222.2
2 34.0 62.7
2 18.0 58.1
2 216.0 120.3
3 152.0 145.8
4 336.0 330.6
5 314.0 275.0
4 8.0 1.0
3 48.0 47.7
5 162.0 182.1
4 348.0 0.6
4 96.0 60.4
4 96.0 61.9
2 146.0 260.5
2 170.0 67.8
2 208.0 238.2
3 10.0 13.4
5 34.0 33.5
5 322.0 303.2
5 208.0 216.9
2 296.0 16.5
3 24.0 33.6
4 204.0 186.7
5 68.0 76.2
4 262.0 154.4
5 72.0 79.1
5 158.0 145.3
2 214.0 239.6
4 320.0 334.2
5 258.0 241.9
5 30.0 31.1
3 156.0 156.5
2 128.0 168.0
5 334.0 338.9
4 238.0 235.8
5 182.0 233.7
2 188.0 146.5
2 60.0 142.7
4 240.0 258.9
5 200.0 196.9
3 6.0 352.4
3 170.0 232.4
5 174.0 195.0
4 142.0 199.5
4 190.0 213.8
5 162.0 154.4
5 176.0 189.2
3 96.0 112.4
3 274.0 255.5
5 58.0 44.7
3 186.0 148.2
3 226.0 197.4
4 264.0 219.3
2 226.0 200.9
5 324.0 324.9
3 2.0 15.6
4 136.0 165.9
5 190.0 223.2
3 152.0 193.0
2 154.0 190.5
4 186.0 179.5
3 352.0 348.7
3 6.0 346.8
5 280.0 303.9
3 98.0 87.9
4 98.0 93.8
2 240.0 146.6
3 242.0 315.2
2 52.0 143.0
2 300.0 254.6
4 140.0 121.3
3 114.0 101.6
3 304.0 306.4
4 164.0 222.4
4 288.0 278.4
4 98.0 98.4
4 24.0 17.2
5 176.0 159.7
2 196.0 210.4
2 186.0 213.9
3 336.0 36.2
2 354.0 349.1
2 356.0 2.4
5 236.0 204.1
5 262.0 250.8
3 258.0 240.1
3 176.0 195.4
2 236.0 228.9
3 218.0 149.8
5 206.0 229.9
5 214.0 221.9
4 164.0 147.9
4 42.0 45.6
4 20.0 29.7
3 164.0 249.2
3 280.0 269.4
5 30.0 40.2
5 264.0 261.6
3 12.0 19.2
2 32.0 78.7
2 112.0 102.0
2 356.0 189.9
4 30.0 24.1
5 82.0 70.7
5 208.0 223.8
3 110.0 85.0
5 314.0 337.0
2 2.0 338.1
5 58.0 68.4
3 134.0 131.1
5 120.0 111.0
3 334.0 341.5
5 2.0 6.0
3 88.0 63.3
5 260.0 266.0
4 292.0 320.3
4 210.0 216.0
3 136.0 150.9
5 298.0 286.4
5 226.0 230.9
4 318.0 333.5
4 306.0 330.6
3 136.0 163.9
3 198.0 179.1
4 94.0 79.5
4 316.0 325.0
5 52.0 35.0
2 194.0 252.8
3 290.0 305.7
5 138.0 134.7
3 344.0 357.7
5 28.0 32.3
5 100.0 106.4
4 224.0 190.8
4 192.0 237.4
3 288.0 275.4
4 82.0 91.1
3 314.0 302.4
2 258.0 325.6
3 252.0 227.6
5 350.0 356.1
3 68.0 106.6
5 24.0 10.9
2 74.0 88.4
3 28.0 22.8
3 124.0 120.4
4 110.0 115.0
3 154.0 225.2
5 256.0 257.1
4 262.0 256.6
2 182.0 233.6
2 306.0 313.8
3 332.0 343.2
4 64.0 64.2
3 218.0 199.6
2 344.0 357.7
5 146.0 164.0
4 36.0 31.5
3 144.0 141.1
2 58.0 23.1
5 210.0 226.0
4 322.0 321.3
5 322.0 311.9
4 106.0 107.0
4 312.0 294.7
2 164.0 169.4
5 186.0 218.6
2 180.0 283.6
3 238.0 237.1
5 0.0 352.9
3 216.0 237.1
5 50.0 46.3
3 286.0 341.3
5 124.0 129.2
2 300.0 298.1
3 206.0 235.2
2 86.0 118.6
4 12.0 23.6
2 92.0 49.8
2 72.0 29.7
2 160.0 189.7
2 252.0 305.8
4 114.0 115.1
5 232.0 211.2
3 90.0 72.5
2 212.0 231.8
5 196.0 209.8
3 70.0 81.5
5 356.0 354.4
4 148.0 182.9
2 142.0 127.9
5 186.0 198.0
4 244.0 86.9
4 290.0 309.9
4 302.0 315.3
2 276.0 224.8
2 114.0 81.1
5 180.0 159.1
4 152.0 159.1
3 80.0 71.7
2 354.0 357.9
2 140.0 122.6
4 20.0 17.9
4 52.0 65.9
2 82.0 113.6
3 124.0 80.3
5 220.0 180.2
3 108.0 100.5
3 296.0 281.9
3 326.0 12.9
4 152.0 130.1
4 106.0 55.7
5 296.0 293.1
4 140.0 118.1
3 196.0 138.1
5 344.0 346.6
4 162.0 134.7
4 118.0 126.6
3 112.0 97.8
4 68.0 99.9
2 194.0 248.8
3 0.0 355.5
5 332.0 316.0
2 358.0 359.1
5 88.0 110.4
3 328.0 325.0
3 292.0 260.1
4 22.0 2.9
5 254.0 235.5
2 192.0 223.9
4 96.0 93.2
4 346.0 354.7
3 274.0 229.0
5 292.0 293.6
2 230.0 225.9
5 82.0 98.3
5 164.0 184.3
3 50.0 31.4
3 334.0 310.2
4 330.0 353.9
4 176.0 216.5
5 190.0 169.5
3 18.0 16.7
2 276.0 358.4
2 280.0 173.9
4 108.0 94.3
3 310.0 332.2
5 2.0 355.6
2 142.0 176.0
5 334.0 326.1
5 306.0 322.1
2 138.0 238.3
4 6.0 16.8
2 232.0 224.3
5 136.0 155.8
3 356.0 71.8
2 76.0 36.1
4 186.0 248.3
4 274.0 291.6
5 164.0 174.9
5 38.0 35.4
5 30.0 32.1
2 128.0 56.2
5 130.0 126.6
3 266.0 236.3
2 178.0 157.7
2 228.0 311.8
3 312.0 322.5
5 224.0 230.9
3 56.0 58.2
4 90.0 69.3
4 348.0 351.4
3 256.0 236.9
5 138.0 131.2
5 278.0 46.5
4 54.0 36.9
2 4.0 47.4
3 164.0 246.7
4 2.0 228.5
4 192.0 196.5
4 170.0 192.1
3 148.0 150.6
2 46.0 25.7
2 212.0 252.0
2 80.0 85.5
5 254.0 252.6
2 230.0 148.5
3 354.0 10.1
3 278.0 311.5
4 62.0 61.0
3 194.0 148.2
4 174.0 203.8
2 196.0 336.6
5 34.0 23.8
5 356.0 349.7
4 276.0 304.1
4 284.0 295.6
4 334.0 341.9
5 268.0 275.3
3 320.0 305.3
3 82.0 111.7
4 280.0 293.6
2 122.0 98.3
3 138.0 126.5
5 166.0 167.7
5 246.0 214.0
5 46.0 55.5
5 292.0 276.4
4 340.0 338.8
3 160.0 221.9
3 336.0 341.5
3 50.0 34.7
2 116.0 288.2
2 184.0 356.2
2 4.0 181.5
2 118.0 222.1
3 230.0 227.0
5 126.0 128.5
2 110.0 133.1
4 204.0 211.6
3 130.0 135.0
5 98.0 108.8
4 310.0 284.7
3 170.0 170.2
3 110.0 91.6
3 312.0 316.2
2 58.0 69.2
2 358.0 285.2
4 34.0 14.7
5 166.0 154.3
2 24.0 358.4
5 176.0 232.9
4 30.0 23.7
3 216.0 169.1
5 264.0 225.1
3 206.0 140.8
3 16.0 21.2
3 32.0 34.8
5 150.0 188.4
3 42.0 39.7
3 66.0 105.7
3 256.0 236.8
2 114.0 100.4
2 334.0 355.8
2 358.0 339.2
5 126.0 125.2
5 162.0 153.4
4 130.0 124.0
5 244.0 231.4
3 44.0 32.4
3 110.0 93.7
2 4.0 19.8
2 348.0 240.7
5 166.0 138.9
4 82.0 80.4
4 190.0 245.0
3 308.0 287.2
3 334.0 311.4
5 342.0 333.7
3 200.0 180.8
4 66.0 83.9
3 172.0 223.0
3 328.0 354.2
3 154.0 165.9
2 354.0 81.8
4 54.0 73.1
4 146.0 135.7
5 298.0 278.4
3 106.0 94.0
4 40.0 59.2
2 208.0 180.7
3 356.0 358.5
3 86.0 37.3
2 28.0 38.6
3 108.0 104.5
3 134.0 114.7
4 50.0 42.9
2 320.0 285.7
3 256.0 233.9
5 96.0 115.3
4 66.0 115.2
5 236.0 256.0
4 352.0 343.5
5 234.0 202.5
4 278.0 257.0
3 320.0 192.7
2 124.0 134.0
5 124.0 129.4
3 352.0 349.9
4 74.0 78.3
5 208.0 225.5
3 324.0 311.7
2 104.0 122.2
4 0.0 3.6
2 354.0 337.3
3 214.0 187.6
5 194.0 163.1
5 202.0 185.4
2 298.0 189.7
5 112.0 114.6
5 328.0 333.6
2 342.0 303.7
3 92.0 108.0
2 240.0 289.4
5 210.0 179.1
3 126.0 91.9
5 324.0 358.1
5 302.0 291.5
3 262.0 322.2
3 226.0 264.4
4 156.0 163.5
5 62.0 72.2
5 268.0 285.1
5 204.0 228.4
2 120.0 85.9
2 238.0 205.4
4 122.0 106.1
3 218.0 142.0
3 316.0 330.5
3 84.0 77.5
2 190.0 122.3
2 156.0 154.4
3 186.0 160.5
2 314.0 304.8
4 286.0 273.7
5 86.0 100.9
3 4.0 316.9
5 324.0 337.0
5 222.0 246.4
4 176.0 200.7
5 236.0 232.9
3 16.0 19.8
3 142.0 130.8
5 56.0 66.8
4 294.0 275.1
3 292.0 293.3
4 242.0 248.0
2 86.0 54.1
3 326.0 5.6
5 232.0 220.9
2 68.0 29.9
3 240.0 240.0
2 86.0 17.9
5 184.0 238.9
5 348.0 354.8
5 178.0 227.2
5 122.0 140.6
2 146.0 254.4
4 58.0 63.2
4 340.0 342.5
5 140.0 167.3
2 290.0 353.6
5 346.0 332.8
4 338.0 319.8
3 252.0 251.3
4 242.0 255.8
2 144.0 32.7
5 70.0 65.3
5 354.0 349.3
2 236.0 200.8
4 102.0 95.5
2 104.0 192.8
2 236.0 204.1
4 54.0 87.5
2 210.0 147.6
3 292.0 311.0
5 6.0 350.5
5 294.0 303.5
2 344.0 335.9
3 326.0 356.9
4 54.0 54.0
4 246.0 229.0
2 304.0 275.0
4 156.0 140.0
2 102.0 268.7
2 116.0 88.9
4 124.0 131.3
4 184.0 214.1
3 348.0 351.2
4 320.0 323.4
3 322.0 293.8
3 336.0 317.3
2 270.0 344.6
4 90.0 101.8
5 260.0 262.4
5 290.0 281.8
4 202.0 213.6
2 180.0 61.8
4 90.0 98.5
2 150.0 233.7
2 16.0 109.5
4 302.0 289.5
2 42.0 19.1
2 4.0 30.1
5 358.0 340.8
3 248.0 255.5
4 220.0 208.4
3 190.0 162.9
4 302.0 287.1
5 136.0 141.2
5 348.0 340.5
2 262.0 306.9
3 76.0 61.1
4 216.0 205.5
2 8.0 17.0
2 40.0 14.1
4 204.0 170.7
5 252.0 257.5
4 144.0 126.1
4 236.0 207.0
5 150.0 142.5
4 262.0 208.1
4 304.0 305.6
3 330.0 282.2
2 170.0 226.3
5 20.0 16.8
2 50.0 22.1
2 210.0 272.8
3 320.0 319.3
3 108.0 102.0
3 264.0 286.3
5 322.0 332.9
4 294.0 304.8
4 300.0 291.9
5 122.0 130.5
4 34.0 54.2
4 190.0 169.8
3 92.0 115.3
5 250.0 252.1
2 12.0 274.7
3 144.0 182.1
4 6.0 1.6
3 352.0 352.6
2 242.0 322.6
3 170.0 178.0
2 82.0 42.5
3 322.0 313.0
2 222.0 179.6
5 40.0 43.5
5 52.0 47.8
2 62.0 154.2
5 6.0 356.8
4 296.0 322.3
5 254.0 240.2
5 68.0 256.5
4 66.0 70.3
3 128.0 284.1
5 358.0 338.1
4 334.0 328.2
3 242.0 196.4
2 74.0 21.0
5 210.0 237.7
4 330.0 328.5
3 256.0 272.3
5 116.0 127.7
3 118.0 111.1
4 62.0 86.8
4 208.0 137.2
5 340.0 329.6
5 142.0 153.4
2 90.0 41.4
4 130.0 125.9
2 258.0 231.2
5 338.0 341.2
3 252.0 270.1
2 168.0 140.0
4 232.0 228.4
2 48.0 51.6
2 234.0 279.6
5 102.0 116.6
2 28.0 29.8
2 134.0 130.6
5 210.0 231.1
5 42.0 65.3
2 346.0 329.8
5 260.0 256.9
4 10.0 18.1
3 20.0 24.5
5 216.0 210.2
2 208.0 173.0
2 342.0 313.4
4 122.0 117.8
2 212.0 215.6
5 92.0 104.3
4 206.0 219.0
5 224.0 200.1
4 26.0 46.8
2 180.0 245.2
3 312.0 315.3
5 220.0 166.9
5 120.0 327.6
5 22.0 19.4
5 62.0 73.3
2 220.0 253.9
4 32.0 26.0
2 90.0 212.2
2 326.0 14.5
4 12.0 23.7
2 72.0 103.5
5 188.0 224.5
4 220.0 211.1
3 70.0 76.6
5 284.0 283.5
4 272.0 279.9
5 300.0 297.6
5 188.0 218.8
3 2.0 304.6
3 6.0 6.5
3 356.0 3.8
2 268.0 286.7
4 202.0 215.3
2 154.0 68.1
3 10.0 12.5
5 250.0 244.9
3 172.0 131.4
2 138.0 126.3
4 94.0 95.6
5 278.0 276.3
4 146.0 154.0
4 92.0 92.8
5 294.0 285.6
5 48.0 64.0
2 328.0 350.4
4 320.0 315.3
3 6.0 20.6
5 0.0 345.8
5 206.0 231.1
2 226.0 236.4
5 172.0 187.9
2 256.0 163.1
5 338.0 315.3
4 30.0 27.9
5 10.0 17.3
4 6.0 358.5
2 238.0 203.6
4 264.0 262.0
3 62.0 52.7
4 248.0 242.1
3 346.0 30.2
2 348.0 19.8
3 48.0 37.9
3 90.0 99.2
3 260.0 185.0
5 132.0 120.3
3 190.0 172.7
5 22.0 21.9
5 260.0 251.9
5 126.0 348.8
5 128.0 108.1
4 220.0 224.8
4 66.0 84.9
5 184.0 164.3
5 92.0 76.0
2 88.0 110.7
5 156.0 134.9
4 154.0 198.4
3 284.0 273.1
2 24.0 296.7
2 216.0 209.5
3 62.0 54.2
3 34.0 41.5
5 214.0 189.4
3 118.0 40.4
5 42.0 48.8
3 176.0 183.5
5 280.0 264.0
2 68.0 82.5
3 330.0 265.2
3 112.0 140.0
4 176.0 164.7
4 102.0 60.6
2 232.0 190.4
3 154.0 127.7
5 200.0 167.9
5 336.0 345.2
5 312.0 299.5
4 184.0 236.8
5 276.0 281.7
2 226.0 105.8
2 358.0 26.6
4 44.0 40.2
3 38.0 57.2
5 338.0 333.7
3 178.0 192.7
4 94.0 81.1
5 314.0 313.0
2 300.0 342.8
4 288.0 292.0
3 32.0 37.6
4 110.0 94.7
5 156.0 191.5
5 12.0 17.5
5 20.0 16.0
5 62.0 50.4
4 132.0 137.7
3 68.0 81.3
3 62.0 81.8
4 212.0 188.9
2 44.0 54.1
2 262.0 159.4
5 176.0 210.0
3 68.0 58.3
4 56.0 43.5
2 70.0 342.4
4 202.0 183.0
4 116.0 106.7
5 118.0 98.1
3 276.0 300.7
4 30.0 28.6
3 286.0 136.9
5 84.0 77.1
5 52.0 47.9
3 14.0 0.5
2 304.0 299.9
4 82.0 100.0
2 226.0 183.5
2 102.0 110.2
2 230.0 13.5
2 336.0 319.3
2 222.0 30.5
2 142.0 116.4
3 304.0 304.6
3 292.0 308.2
4 266.0 269.8
3 284.0 299.4
5 204.0 211.8
3 320.0 337.3
3 122.0 126.1
3 324.0 321.0
3 116.0 105.4
4 320.0 302.1
3 322.0 348.5
5 90.0 92.6
5 122.0 125.2
3 284.0 289.7
5 84.0 88.8
2 252.0 312.6
5 30.0 26.2
2 194.0 167.0
5 192.0 168.3
4 162.0 153.1
2 108.0 43.5
3 322.0 308.3
2 162.0 124.0
5 154.0 200.9
2 280.0 271.6
5 152.0 180.9
5 324.0 328.8
4 58.0 58.7
4 260.0 262.8
3 126.0 106.5
2 336.0 337.0
5 164.0 166.9
5 324.0 325.2
2 284.0 322.1
2 254.0 259.9
2 152.0 125.5
3 112.0 110.6
5 96.0 84.9
2 154.0 133.8
4 188.0 212.4
2 12.0 343.1
2 190.0 249.1
2 46.0 204.5
3 84.0 103.8
3 356.0 3.0
4 140.0 153.9
5 60.0 99.1
2 46.0 63.9
3 78.0 52.0
3 32.0 23.2
5 282.0 283.3
4 204.0 195.8
5 126.0 132.1
4 90.0 108.3
5 152.0 177.0
2 188.0 255.5
5 90.0 121.2
4 132.0 134.4
4 80.0 68.0
4 326.0 300.8
2 124.0 70.9
4 134.0 122.9
3 72.0 44.6
5 66.0 87.7
2 96.0 69.5
4 312.0 303.5
2 330.0 305.0
3 188.0 201.4
2 2.0 64.5
2 198.0 74.1
4 330.0 310.3
4 282.0 261.2
4 44.0 38.2
4 46.0 33.0
3 170.0 222.1
4 202.0 161.2
2 66.0 100.7
4 288.0 280.5
3 264.0 266.0
2 204.0 159.4
4 318.0 325.2
3 64.0 56.9
3 108.0 108.4
5 162.0 148.8
5 38.0 53.1
3 80.0 73.0
2 12.0 33.5
2 24.0 355.6
3 216.0 219.5
4 116.0 122.3
3 310.0 341.3
3 184.0 195.8
5 280.0 265.9
4 198.0 202.2
5 108.0 96.8
2 126.0 125.5
4 90.0 88.5
4 132.0 136.7
3 44.0 33.5
4 98.0 104.7
4 150.0 147.4
3 36.0 52.9
4 348.0 356.1
3 106.0 119.6
5 210.0 227.8
4 240.0 217.9
2 198.0 151.1
5 228.0 217.1
5 38.0 34.0
3 204.0 222.0
3 40.0 46.0
4 274.0 273.6
5 252.0 257.7
5 242.0 236.5
3 354.0 333.5
5 212.0 226.5
4 214.0 261.5
3 124.0 145.4
3 182.0 185.9
5 342.0 294.4
3 64.0 47.3
5 206.0 185.7
5 354.0 358.6
5 24.0 41.1
3 272.0 260.0
3 118.0 136.9
3 276.0 275.7
2 88.0 86.0
5 236.0 231.3
4 324.0 303.1
2 156.0 178.5
2 166.0 106.2
5 170.0 160.8
5 218.0 198.5
4 174.0 186.5
4 206.0 153.2
2 206.0 264.8
5 214.0 221.9
2 340.0 3.5
2 198.0 274.3
5 90.0 98.8
5 342.0 322.9
5 232.0 220.7
2 348.0 312.5
2 42.0 95.1
5 356.0 20.6
2 316.0 335.7
3 28.0 17.4
2 110.0 126.7
5 288.0 284.7
2 20.0 6.5
2 54.0 87.5
5 126.0 131.4
3 24.0 23.9
5 170.0 200.8
5 56.0 30.2
4 156.0 166.0
3 264.0 238.2
5 144.0 143.4
2 138.0 247.0
4 148.0 194.9
5 306.0 312.1
2 142.0 141.3
4 8.0 20.6
5 48.0 54.5
2 106.0 181.9
4 86.0 85.8
2 170.0 174.9
5 96.0 105.3
3 28.0 13.3
3 140.0 184.3
3 46.0 67.1
5 326.0 318.4
2 182.0 288.6
5 186.0 232.0
4 66.0 92.0
2 328.0 359.7
3 28.0 351.5
3 28.0 12.8
3 114.0 119.2
4 112.0 114.5
4 90.0 247.7
3 348.0 340.0
5 130.0 110.2
5 58.0 47.1
3 254.0 276.6
3 226.0 49.3
4 102.0 79.9
3 198.0 210.7
3 72.0 34.0
4 170.0 188.0
4 326.0 323.1
4 284.0 302.7
2 154.0 78.0
5 112.0 104.8
5 84.0 95.8
5 158.0 155.0
5 146.0 145.2
5 32.0 36.2
3 230.0 180.6
4 162.0 149.2
2 46.0 80.2
2 220.0 219.4
2 278.0 340.6
5 318.0 330.9
2 196.0 293.0
2 140.0 337.6
4 48.0 80.5
5 130.0 128.6
3 70.0 58.0
4 286.0 312.4
3 172.0 199.1
5 30.0 38.9
3 16.0 52.2
3 86.0 80.4
3 318.0 319.2
5 18.0 13.5
3 84.0 40.6
3 294.0 307.3
2 100.0 65.8
4 50.0 50.3
4 346.0 331.5
3 176.0 243.5
4 76.0 83.7
2 358.0 19.0
4 258.0 249.8
3 252.0 281.9
2 220.0 58.5
2 308.0 282.6
5 152.0 130.0
3 312.0 301.8
2 350.0 330.2
2 88.0 164.3
5 46.0 37.4
3 196.0 173.0
4 300.0 295.1
3 104.0 77.6
3 246.0 238.9
5 274.0 276.4
3 242.0 250.2
3 174.0 261.3
3 266.0 244.3
4 180.0 199.4
4 282.0 266.6
3 92.0 71.2
3 114.0 88.0
4 274.0 295.9
4 326.0 312.6
4 250.0 268.8
4 130.0 136.6
2 28.0 47.4
4 236.0 246.4
4 44.0 72.3
5 178.0 156.1
3 110.0 103.2
5 148.0 135.9
2 46.0 88.0
3 240.0 274.0
2 126.0 51.8
5 46.0 55.4
4 76.0 79.5
2 358.0 57.2
3 32.0 34.0
4 280.0 283.7
5 224.0 203.6
4 52.0 94.0
5 234.0 237.8
5 250.0 232.3
4 38.0 44.6
4 250.0 262.3
5 190.0 216.5
2 212.0 182.0
2 202.0 196.8
5 356.0 358.3
2 314.0 216.4
4 332.0 337.2
2 314.0 310.2
3 154.0 140.5
3 358.0 11.3
3 22.0 33.6
5 96.0 94.0
2 20.0 92.9
2 114.0 17.4
2 260.0 175.8
5 204.0 180.3
3 344.0 324.0
4 180.0 177.8
2 202.0 316.3
4 86.0 74.0
5 322.0 349.7
3 260.0 202.6
2 250.0 217.1
2 302.0 316.5
4 170.0 175.9
4 358.0 353.4
4 296.0 295.8
4 110.0 138.5
3 128.0 127.0
2 296.0 345.3
3 268.0 287.4
3 36.0 48.0
2 38.0 23.9
5 10.0 3.5
2 202.0 128.1
5 280.0 270.9
3 68.0 102.9
2 312.0 359.3
5 230.0 257.8
3 138.0 115.1
2 140.0 343.1
4 332.0 357.9
4 176.0 182.7
3 44.0 81.2
2 304.0 251.7
3 4.0 134.1
2 348.0 58.4
3 128.0 117.4
4 146.0 126.7
3 6.0 8.1
2 154.0 90.7
2 192.0 89.9
2 94.0 67.6
4 202.0 207.7
2 222.0 167.5
5 0.0 7.3
2 220.0 237.9
3 254.0 242.3
4 190.0 196.4
3 326.0 341.7
5 270.0 270.2
2 84.0 65.8
3 112.0 87.8
5 114.0 105.3
2 30.0 9.5
3 250.0 263.4
3 112.0 91.5
4 140.0 131.2
5 58.0 61.0
4 144.0 143.9
2 160.0 54.6
2 54.0 73.7
2 90.0 31.5
5 84.0 77.4
4 220.0 241.8
5 92.0 108.2
2 212.0 239.3
3 358.0 355.3
4 112.0 121.5
5 302.0 320.0
2 240.0 242.4
5 24.0 29.9
4 82.0 94.7
5 70.0 68.2
3 122.0 157.5
2 330.0 54.0
2 312.0 332.8
3 202.0 148.6
3 342.0 331.7
5 160.0 220.4
4 2.0 350.0
3 96.0 114.8
4 76.0 65.3
4 34.0 39.9
5 134.0 125.8
2 50.0 3.5
2 154.0 143.7
5 262.0 237.9
4 292.0 297.9
5 346.0 326.8
4 222.0 229.4
5 78.0 78.4
5 202.0 197.3
3 226.0 167.3
3 250.0 233.5
5 176.0 171.1
4 296.0 286.3
2 214.0 249.4
3 62.0 98.7
3 208.0 254.9
5 148.0 143.8
5 160.0 149.6
4 186.0 147.3
2 0.0 3.5
2 196.0 273.2
3 358.0 357.1
5 214.0 186.0
5 274.0 251.0
4 214.0 176.9
5 12.0 27.1
4 122.0 125.0
2 264.0 280.1
3 102.0 99.5
5 80.0 74.1
5 52.0 55.7
2 302.0 299.3
3 352.0 1.3
5 26.0 19.6
5 48.0 64.4
2 168.0 156.6
3 336.0 336.7
2 138.0 182.2
5 322.0 309.0
4 6.0 4.3
4 158.0 156.7
4 334.0 334.3
4 320.0 334.2
5 36.0 24.4
2 356.0 318.0
3 110.0 101.5
5 126.0 129.8
3 276.0 300.0
5 246.0 227.9
4 86.0 115.1
5 286.0 292.5
4 162.0 229.1
4 6.0 22.5
3 56.0 59.1
2 178.0 124.2
3 94.0 93.0
2 242.0 250.3
2 106.0 142.7
4 238.0 234.7
2 4.0 229.8
3 304.0 337.9
3 20.0 18.9
4 144.0 125.0
5 262.0 271.7
2 312.0 283.7
4 102.0 99.6
5 54.0 73.0
4 342.0 327.5
2 346.0 280.6
2 66.0 80.6
4 44.0 23.6
2 176.0 188.8
4 324.0 303.4
5 234.0 208.3
5 262.0 278.4
4 42.0 31.7
3 182.0 220.2
4 116.0 63.6
5 290.0 301.3
4 258.0 253.6
2 56.0 30.8
5 352.0 342.6
5 266.0 281.0
4 26.0 17.1
3 138.0 181.4
3 128.0 145.5
5 280.0 274.9
4 124.0 128.3
3 280.0 301.9
3 324.0 336.4
5 210.0 202.4
3 162.0 153.4
3 6.0 358.4
5 300.0 273.6
3 328.0 323.2
4 4.0 4.5
2 176.0 160.6
4 294.0 311.2
4 52.0 81.3
4 152.0 161.7
5 152.0 153.3
3 30.0 36.5
2 98.0 39.2
5 8.0 18.6
2 220.0 330.0
3 284.0 314.1
2 252.0 296.5
5 340.0 331.2
2 132.0 138.7
4 38.0 44.5
2 236.0 74.6
3 164.0 137.9
3 246.0 248.3
3 80.0 55.1
5 86.0 93.7
2 222.0 242.5
3 304.0 305.9
4 124.0 106.8
2 126.0 295.0
2 56.0 146.1
5 318.0 332.4
3 214.0 212.1
5 6.0 356.2
5 112.0 112.6
2 104.0 37.9
4 146.0 132.4
5 20.0 21.9
3 286.0 273.9
2 180.0 147.8
5 54.0 57.7
3 154.0 152.1
5 150.0 165.1
5 258.0 287.2
5 208.0 209.3
5 102.0 104.4
4 208.0 178.4
2 86.0 44.8
3 224.0 226.6
5 86.0 71.0
2 254.0 238.6
5 276.0 280.1
2 4.0 330.5
3 348.0 345.3
4 86.0 97.8
2 152.0 266.3
2 306.0 271.3
5 106.0 97.0
5 74.0 88.3
2 184.0 217.8
2 180.0 41.8
3 102.0 280.9
5 286.0 259.4
5 16.0 16.6
5 52.0 48.4
2 184.0 112.4
3 316.0 0.4
4 356.0 6.0
5 198.0 225.8
2 190.0 243.4
2 64.0 51.2
4 354.0 8.7
2 210.0 241.0
2 92.0 32.1
4 102.0 118.1
2 58.0 115.3
5 350.0 349.8
3 42.0 34.6
4 292.0 321.3
5 192.0 169.6
2 142.0 99.2
3 304.0 320.2
5 276.0 279.2
4 352.0 309.5
2 240.0 280.1
3 350.0 329.9
4 310.0 319.9
2 38.0 350.5
4 334.0 355.8
4 84.0 88.5
4 102.0 88.4
3 238.0 249.8
4 154.0 213.8
4 128.0 130.8
4 106.0 111.0
5 358.0 4.2
3 102.0 96.9
3 256.0 262.6
3 76.0 34.2
5 230.0 169.7
4 358.0 355.3
5 22.0 21.1
2 242.0 317.6
4 354.0 336.0
5 264.0 250.5
4 334.0 327.3
3 118.0 124.8
5 66.0 102.3
5 204.0 193.2
2 176.0 80.0
2 126.0 181.4
4 114.0 125.8
4 220.0 231.7
3 44.0 69.1
2 108.0 49.8
3 174.0 297.6
5 302.0 302.3
2 76.0 46.4
2 290.0 328.1
2 140.0 126.6
2 266.0 233.3
5 280.0 284.6
5 56.0 62.1
5 10.0 11.5
5 134.0 135.3
2 30.0 354.9
4 24.0 49.4
2 164.0 201.7
4 62.0 285.7
5 40.0 53.0
5 8.0 12.5
2 156.0 97.8
4 102.0 131.3
2 10.0 340.4
2 228.0 209.7
4 106.0 106.2
5 258.0 223.7
5 332.0 344.8
3 280.0 260.7
4 56.0 53.6
3 234.0 243.0
3 22.0 22.3
4 108.0 89.2
4 272.0 275.2
5 304.0 298.0
3 174.0 175.8
2 260.0 208.9
4 60.0 52.6
3 232.0 207.2
2 138.0 254.1
4 18.0 24.4
4 6.0 22.2
4 10.0 14.6
4 344.0 307.7
3 22.0 9.1
2 96.0 28.5
3 266.0 263.2
2 304.0 256.3
4 28.0 57.4
2 100.0 325.2
2 64.0 23.2
5 166.0 220.9
4 182.0 185.2
5 76.0 96.7
2 28.0 42.1
5 60.0 40.3
5 128.0 122.6
3 156.0 121.6
4 268.0 259.8
5 272.0 277.7
4 286.0 291.7
3 298.0 321.3
3 32.0 156.3
2 306.0 37.0
5 62.0 66.6
2 164.0 186.7
2 40.0 22.1
4 312.0 306.6
5 62.0 56.4
2 290.0 257.7
2 228.0 271.9
4 290.0 297.6
3 150.0 196.7
2 128.0 91.1
5 20.0 21.7
4 294.0 279.8
2 248.0 87.0
3 202.0 210.1
5 346.0 357.5
4 140.0 137.8
5 142.0 153.1
2 292.0 314.1
4 52.0 48.3
3 310.0 330.4
4 200.0 182.5
5 162.0 165.9
5 188.0 158.7
2 60.0 150.3
3 178.0 140.5
4 184.0 282.1
4 240.0 229.4
5 348.0 326.3
5 244.0 243.5
2 274.0 161.0
2 302.0 259.8
4 44.0 80.5
3 312.0 280.4
3 200.0 219.3
4 90.0 77.5
5 306.0 314.0
5 20.0 353.9
3 290.0 322.1
3 292.0 149.8
5 40.0 31.8
5 282.0 291.5
5 238.0 260.9
4 52.0 38.2
4 316.0 310.6
4 276.0 281.6
5 350.0 13.3
5 282.0 283.3
2 304.0 4.6
3 204.0 195.6
2 8.0 313.4
4 320.0 1.0
4 284.0 280.7
2 274.0 289.7
4 278.0 274.6
2 196.0 172.5
2 62.0 81.7
4 82.0 65.8
3 96.0 73.2
5 10.0 75.3
2 292.0 230.3
4 140.0 126.6
3 200.0 241.7
5 296.0 304.7
5 16.0 14.8
5 140.0 147.3
2 342.0 331.7
3 6.0 337.8
2 256.0 210.5
3 48.0 53.5
3 294.0 268.4
4 122.0 111.1
3 130.0 77.3
3 294.0 283.7
5 180.0 182.0
2 258.0 334.9
4 124.0 116.6
4 286.0 311.1
5 196.0 180.1
2 354.0 334.9
2 204.0 271.1
4 158.0 128.9
2 306.0 99.0
2 292.0 272.2
2 112.0 124.3
3 202.0 282.5
2 280.0 228.7
5 178.0 201.4
5 64.0 78.0
3 352.0 349.2
3 116.0 146.7
4 270.0 267.3
2 186.0 316.9
3 208.0 208.3
4 64.0 78.5
3 282.0 275.3
4 176.0 184.7
4 206.0 243.0
3 226.0 4.6
4 278.0 259.9
3 48.0 51.0
3 150.0 37.3
2 184.0 66.6
5 188.0 162.6
2 32.0 36.8
2 46.0 53.9
4 140.0 127.9
3 210.0 190.0
2 264.0 283.6
2 310.0 11.4
5 40.0 39.7
4 82.0 73.1
5 14.0 9.1
3 60.0 96.3
2 42.0 38.3
2 28.0 354.8
4 258.0 254.4
4 344.0 356.8
4 244.0 239.4
4 88.0 58.0
5 306.0 305.0
5 12.0 12.1
5 308.0 290.7
4 230.0 224.9
4 10.0 17.6
3 358.0 335.1
2 310.0 319.2
2 358.0 3.6
4 212.0 234.8
2 178.0 125.4
3 22.0 30.2
5 92.0 89.7
5 102.0 91.5
4 146.0 279.4
3 140.0 127.3
4 222.0 190.6
3 80.0 95.5
4 10.0 14.8
4 318.0 304.1
4 128.0 139.4
3 174.0 146.2
5 322.0 326.5
4 340.0 11.9
3 44.0 69.0
3 236.0 183.8
4 36.0 20.9
3 18.0 25.2
2 272.0 342.7
3 202.0 195.4
4 326.0 319.4
4 192.0 150.5
5 114.0 96.8
2 76.0 78.1
2 214.0 44.0
5 200.0 211.1
5 146.0 127.1
3 292.0 289.4
2 44.0 351.9
5 314.0 303.7
3 230.0 211.4
3 208.0 207.8
4 176.0 238.0
4 48.0 42.7
2 358.0 351.6
2 262.0 258.2
3 134.0 193.0
5 6.0 348.6
4 156.0 119.9
4 356.0 353.3
3 346.0 329.2
5 226.0 229.4
3 354.0 358.8
5 196.0 166.8
5 288.0 280.6
5 120.0 180.7
4 212.0 243.2
4 204.0 156.4
5 112.0 120.5
3 96.0 97.1
4 156.0 177.3
5 76.0 75.4
3 202.0 191.0
2 208.0 296.7
4 174.0 201.3
3 92.0 77.9
4 116.0 116.6
3 208.0 205.1
5 218.0 243.1
4 354.0 1.2
4 54.0 52.9
2 36.0 353.6
5 22.0 21.2
2 194.0 40.9
4 170.0 148.9
4 296.0 291.1
4 72.0 51.6
5 112.0 101.5
3 170.0 226.2
2 340.0 21.3
4 246.0 253.3
3 252.0 269.9
5 128.0 153.9
3 28.0 29.4
2 46.0 111.0
4 86.0 76.0
2 16.0 239.7
5 292.0 299.3
4 124.0 123.3
3 130.0 135.1
4 22.0 28.4
4 42.0 43.9
2 318.0 9.7
5 314.0 341.2
5 154.0 172.0
2 90.0 353.1
5 182.0 201.1
3 202.0 200.2
2 228.0 222.1
2 112.0 12.7
3 244.0 258.8
3 236.0 177.7
4 270.0 256.4
5 98.0 99.5
3 342.0 333.7
2 302.0 241.3
3 204.0 234.4
3 310.0 355.4
2 162.0 81.6
3 234.0 225.5
3 344.0 333.1
2 76.0 69.5
2 342.0 52.8
4 286.0 297.0
4 206.0 164.3
3 146.0 142.9
5 168.0 154.3
4 340.0 299.7
5 196.0 163.0
5 316.0 313.0
5 348.0 360.0
4 138.0 137.4
4 124.0 139.7
4 322.0 357.4
5 172.0 187.8
5 198.0 164.5
2 272.0 354.3
4 130.0 124.4
2 340.0 192.7
3 202.0 195.9
4 298.0 302.3
5 286.0 278.0
4 314.0 299.2
2 180.0 158.6
5 132.0 148.8
3 222.0 47.8
5 312.0 331.4
2 326.0 264.9
2 182.0 138.3
3 10.0 3.4
4 18.0 17.4
4 310.0 329.2
3 314.0 293.6
3 296.0 292.0
4 302.0 222.4
5 296.0 295.6
3 146.0 132.6
5 236.0 224.3
3 246.0 192.1
5 102.0 105.7
5 208.0 186.2
5 338.0 338.4
5 220.0 246.0
3 272.0 314.3
5 202.0 167.3
2 174.0 138.6
2 108.0 118.5
3 334.0 354.7
5 310.0 331.0
5 168.0 153.6
4 358.0 17.0
5 330.0 338.2
2 182.0 154.5
3 148.0 236.4
5 328.0 334.4
3 46.0 64.0
4 210.0 16.6
2 356.0 87.8
4 278.0 282.8
3 164.0 147.2
2 94.0 93.7
4 248.0 245.7
3 114.0 91.0
3 104.0 102.4
5 78.0 55.8
2 258.0 39.4
2 190.0 154.0
3 16.0 21.6
4 312.0 337.5
3 270.0 295.4
2 350.0 131.2
5 58.0 59.2
3 154.0 121.3
2 206.0 339.9
3 296.0 299.9
3 148.0 200.4
4 284.0 280.8
3 76.0 105.2
2 140.0 191.3
4 152.0 172.6
3 76.0 63.6
4 74.0 112.8
5 72.0 81.6
3 320.0 297.2
5 134.0 116.9
3 354.0 349.3
3 336.0 358.8
3 202.0 173.8
4 342.0 349.6
2 320.0 268.4
4 286.0 281.7
2 240.0 231.1
3 350.0 318.5
5 186.0 169.9
3 352.0 338.6
3 202.0 253.3
2 352.0 115.5
3 88.0 93.2
5 180.0 164.5
2 124.0 159.8
3 38.0 52.0
4 126.0 145.3
3 2.0 337.6
4 48.0 51.3
3 340.0 346.5
4 112.0 108.4
4 38.0 23.8
2 206.0 288.4
4 166.0 182.3
2 38.0 22.4
2 216.0 333.5
4 284.0 280.4
5 84.0 59.4
5 208.0 206.8
4 336.0 314.4
4 192.0 178.3
3 20.0 38.5
5 330.0 340.8
3 338.0 330.2
5 198.0 183.1
4 182.0 168.6
3 228.0 192.0
3 320.0 333.9
4 328.0 322.8
5 254.0 243.6
2 300.0 334.8
5 160.0 174.5
5 108.0 96.4
5 134.0 156.5
3 140.0 121.9
4 140.0 109.5
3 262.0 240.8
3 250.0 257.1
4 274.0 255.5
2 58.0 197.1
3 54.0 72.5
3 302.0 304.3
5 102.0 84.9
2 344.0 303.6
4 350.0 346.3
4 292.0 277.1
3 258.0 264.7
2 284.0 317.5
3 168.0 140.1
4 128.0 120.7
3 144.0 154.4
5 114.0 121.2
3 106.0 117.3
3 162.0 243.7
4 200.0 219.5
2 44.0 64.8
3 42.0 34.5
2 200.0 135.1
2 320.0 348.1
3 4.0 14.7
4 256.0 171.9
2 86.0 97.2
5 318.0 315.2
2 170.0 204.2
3 222.0 249.4
4 194.0 223.6
5 270.0 253.6
2 214.0 144.6
5 140.0 135.4
3 82.0 98.4
3 56.0 90.6
3 106.0 133.8
3 326.0 353.0
4 104.0 103.4
4 6.0 355.9
2 198.0 82.7
5 114.0 115.5
3 282.0 315.8
5 46.0 48.1
4 310.0 307.9
3 114.0 35.3
2 0.0 227.9
3 114.0 109.7
5 242.0 236.6
3 332.0 335.0
5 10.0 12.6
2 288.0 34.4
3 134.0 181.0
2 150.0 141.0
5 38.0 38.2
5 206.0 172.7
3 160.0 154.2
2 230.0 127.1
2 68.0 91.8
4 230.0 238.0
4 146.0 166.5
4 112.0 82.9
4 48.0 60.6
5 102.0 99.1
3 234.0 220.9
3 190.0 225.5
5 358.0 1.1
2 146.0 125.0
4 24.0 25.5
5 16.0 20.4
3 250.0 329.8
4 230.0 217.3
5 8.0 13.9
2 150.0 206.4
3 244.0 231.9
5 2.0 340.7
5 114.0 109.7
4 340.0 322.8
4 232.0 203.0
3 54.0 73.2
2 188.0 164.4
2 144.0 271.5
3 158.0 171.3
4 206.0 153.2
3 114.0 141.6
4 2.0 331.9
2 340.0 353.8
4 170.0 147.4
5 128.0 147.0
5 18.0 17.6
2 142.0 126.1
5 210.0 219.9
4 270.0 275.9
3 26.0 353.4
5 62.0 56.5
3 350.0 346.2
4 246.0 240.7
3 146.0 192.1
5 328.0 313.5
3 352.0 358.0
4 320.0 326.8
4 102.0 98.6
4 294.0 327.4
5 228.0 160.7
3 180.0 208.9
5 328.0 333.3
4 82.0 81.0
3 354.0 317.5
5 62.0 64.8
5 140.0 150.4
4 336.0 15.8
3 234.0 211.7
4 178.0 172.0
2 82.0 219.4
5 116.0 111.5
4 228.0 181.4
5 166.0 191.4
2 82.0 130.7
4 312.0 314.8
2 84.0 92.8
3 214.0 233.6
2 330.0 253.0
5 14.0 353.4
3 122.0 105.8
5 222.0 221.7
5 38.0 40.1
4 94.0 89.2
3 118.0 90.5
3 352.0 46.3
4 216.0 238.0
5 258.0 251.1
5 302.0 301.1
5 172.0 179.1
2 144.0 156.6
4 332.0 287.2
4 326.0 351.6
2 78.0 141.9
2 274.0 346.2
5 284.0 281.7
4 296.0 310.2
5 104.0 102.2
4 330.0 1.4
2 248.0 271.7
4 204.0 170.8
5 104.0 101.8
5 32.0 32.7
3 142.0 127.1
4 70.0 99.9
5 8.0 8.3
3 336.0 352.4
4 278.0 257.9
2 130.0 263.2
4 72.0 209.4
3 102.0 119.7
3 334.0 350.3
3 142.0 184.0
5 224.0 225.6
2 312.0 110.1
3 332.0 310.4
5 24.0 21.5
2 212.0 153.7
3 270.0 291.7
2 8.0 337.7
2 88.0 109.3
5 222.0 234.1
3 78.0 41.1
3 118.0 129.6
2 78.0 178.7
3 214.0 236.8
5 54.0 47.5
5 332.0 353.6
2 36.0 163.7
3 122.0 135.6
3 98.0 113.9
2 270.0 143.2
4 132.0 118.6
3 358.0 0.5
2 18.0 356.4
2 104.0 67.1
4 342.0 357.7
4 334.0 321.5
2 62.0 97.3
3 96.0 98.0
4 222.0 232.4
2 162.0 109.2
4 152.0 153.2
3 354.0 24.4
5 304.0 317.6
2 272.0 287.9
5 250.0 243.3
3 114.0 119.8
4 298.0 331.8
5 244.0 263.4
4 196.0 186.9
2 258.0 80.8
3 104.0 97.5
2 278.0 289.2
4 10.0 9.2
2 298.0 285.5
5 274.0 297.4
2 114.0 139.8
5 16.0 10.2
3 340.0 290.0
3 50.0 69.2
5 6.0 359.7
2 308.0 148.6
2 38.0 7.8
5 68.0 73.1
5 314.0 298.1
3 330.0 312.5
3 358.0 0.4
3 184.0 239.7
3 68.0 76.6
2 46.0 32.2
3 132.0 252.1
5 4.0 17.4
5 180.0 220.5
3 110.0 101.7
4 98.0 74.1
2 4.0 338.7
3 90.0 123.2
3 148.0 143.2
5 264.0 276.4
3 230.0 239.8
4 278.0 287.2
5 6.0 360.0
2 218.0 130.9
2 352.0 342.6
3 240.0 253.1
2 76.0 200.1
2 336.0 26.8
5 152.0 166.6
5 208.0 172.1
4 248.0 215.1
4 204.0 210.4
5 252.0 238.7
5 82.0 108.2
5 42.0 41.4
3 350.0 350.6
2 260.0 280.4
3 58.0 78.8
2 62.0 311.8
5 280.0 279.1
2 38.0 35.7
4 28.0 22.1
3 184.0 154.6
2 314.0 16.2
2 102.0 328.7
2 154.0 268.4
4 84.0 109.1
3 184.0 173.2
4 328.0 299.7
4 214.0 246.7
3 204.0 210.0
4 22.0 37.4
5 184.0 217.2
3 8.0 357.5
3 286.0 269.4
2 294.0 205.2
2 234.0 203.3
2 98.0 52.9
4 44.0 46.5
2 66.0 332.4
5 248.0 218.5
2 176.0 216.0
3 190.0 194.8
4 346.0 346.4
2 160.0 261.2
4 168.0 254.7
3 274.0 260.8
4 260.0 265.2
5 238.0 255.6
5 146.0 132.2
4 244.0 236.7
4 170.0 214.6
2 236.0 184.0
3 94.0 114.8
5 118.0 124.8
3 146.0 141.1
4 242.0 216.1
3 22.0 31.0
4 346.0 6.3
2 330.0 334.9
3 264.0 216.9
4 310.0 307.5
2 280.0 134.6
4 106.0 66.7
4 288.0 313.0
5 64.0 66.9
3 326.0 323.2
2 126.0 98.0
4 276.0 282.0
4 266.0 268.0
4 252.0 218.4
3 240.0 259.1
3 48.0 62.1
3 248.0 218.2
4 280.0 300.9
2 12.0 39.6
2 102.0 60.3
3 158.0 169.3
5 290.0 295.8
4 284.0 300.2
2 96.0 149.5
2 116.0 64.9
5 0.0 7.7
2 136.0 69.1
2 86.0 88.0
2 22.0 91.5
2 344.0 3.7
2 74.0 42.8
4 140.0 127.7
4 312.0 305.6
3 156.0 145.4
2 278.0 117.5
5 40.0 27.1
3 60.0 101.5
5 252.0 248.4
3 240.0 236.6
2 4.0 343.4
4 138.0 120.0
4 278.0 293.0
4 84.0 19.4
3 18.0 6.6
5 184.0 236.5
2 138.0 189.6
5 20.0 18.8
5 348.0 358.2
4 252.0 261.0
4 190.0 244.4
4 256.0 246.2
5 30.0 25.7
4 296.0 287.4
4 122.0 141.3
5 334.0 331.4
5 300.0 303.2
5 114.0 119.7
5 24.0 17.6
5 338.0 307.2
4 202.0 166.2
5 336.0 333.5
4 140.0 127.0
2 354.0 272.2
4 162.0 210.0
3 342.0 325.7
3 96.0 73.4
5 338.0 337.3
2 122.0 33.2
3 66.0 72.2
2 260.0 145.4
2 232.0 220.5
2 202.0 185.8
2 174.0 277.7
3 116.0 119.6
4 324.0 331.1
4 224.0 248.1
5 308.0 350.5
3 36.0 48.8
2 152.0 216.2
2 320.0 285.8
2 254.0 47.5
2 182.0 247.7
4 40.0 27.5
5 48.0 51.3
5 44.0 42.7
4 112.0 121.0
5 188.0 181.2
2 196.0 178.3
2 176.0 234.0
5 290.0 297.5
2 52.0 335.8
2 62.0 27.2
2 62.0 119.9
2 194.0 125.6
2 230.0 243.5
4 330.0 349.4
2 310.0 97.9
3 114.0 134.5
3 328.0 23.9
3 296.0 316.6
3 246.0 165.2
3 16.0 12.7
3 340.0 353.8
4 200.0 229.3
2 216.0 226.7
2 2.0 344.0
5 98.0 89.9
3 270.0 254.1
3 304.0 319.6
3 14.0 356.5
2 42.0 43.4
4 124.0 144.2
3 96.0 57.3
3 302.0 270.5
5 30.0 22.6
2 192.0 182.7
3 60.0 44.6
3 158.0 178.5
3 246.0 291.0
2 182.0 228.1
4 354.0 357.3
3 66.0 110.5
2 310.0 349.5
4 10.0 4.5
3 164.0 144.0
3 350.0 3.5
5 54.0 55.3
3 192.0 196.9
3 298.0 131.3
4 250.0 220.4
3 10.0 1.9
4 272.0 252.3
4 226.0 242.3
4 144.0 157.0
2 168.0 197.0
2 244.0 160.8
4 278.0 283.6
4 18.0 16.3
5 108.0 116.3
5 46.0 61.5
4 54.0 36.5
4 254.0 254.9
3 326.0 308.4
4 182.0 177.6
2 348.0 147.4
5 238.0 247.0
5 56.0 240.9
3 136.0 121.9
2 10.0 219.1
2 264.0 286.8
2 222.0 162.4
3 148.0 189.7
4 346.0 330.4
4 30.0 32.8
5 324.0 317.8
5 4.0 0.6
2 84.0 276.1
2 222.0 181.4
2 320.0 2.5
4 62.0 60.2
2 64.0 57.7
2 14.0 344.0
2 308.0 292.2
5 60.0 38.8
4 118.0 115.0
4 210.0 165.9
4 100.0 98.9
5 184.0 204.4
2 100.0 4.0
2 30.0 47.1
5 214.0 240.3
4 194.0 119.3
2 358.0 324.8
2 72.0 54.8
3 358.0 357.2
5 172.0 207.7
3 260.0 268.0
2 148.0 70.6
2 242.0 283.2
5 50.0 339.0
4 148.0 162.8
3 160.0 201.8
3 152.0 126.7
5 82.0 80.0
4 12.0 26.5
5 82.0 81.8
4 232.0 182.4
2 334.0 268.5
4 48.0 38.4
4 228.0 214.6
2 98.0 122.5
4 226.0 251.3
3 54.0 81.4
2 34.0 61.8
3 218.0 140.7
4 146.0 241.4
4 170.0 186.0
5 294.0 292.4
2 170.0 261.0
2 136.0 120.1
5 348.0 344.5
4 52.0 41.7
2 176.0 146.2
5 126.0 135.2
2 314.0 286.4
3 172.0 212.8
4 98.0 62.2
3 180.0 255.7
4 124.0 116.4
3 338.0 3.8
5 332.0 347.1
5 102.0 101.4
4 314.0 297.3
4 214.0 176.1
2 168.0 102.8
3 284.0 292.3
5 254.0 250.9
3 326.0 298.6
5 120.0 123.0
2 302.0 309.8
3 354.0 314.1
3 2.0 348.0
2 122.0 162.1
2 4.0 32.5
2 342.0 322.4
3 180.0 106.9
5 180.0 187.2
3 14.0 12.5
5 252.0 243.7
3 136.0 151.4
3 150.0 118.6
3 272.0 248.9
3 258.0 264.5
3 162.0 204.6
4 6.0 0.4
4 266.0 242.0
3 352.0 0.1
4 272.0 278.4
4 190.0 174.1
4 284.0 329.2
2 204.0 239.5
4 292.0 270.3
2 154.0 219.4
5 186.0 233.3
4 316.0 359.2
4 346.0 337.5
4 232.0 185.8
2 58.0 149.6
4 36.0 33.4
3 260.0 309.7
4 222.0 220.3
2 200.0 90.5
5 188.0 180.5
5 198.0 182.0
3 108.0 181.2
3 162.0 216.6
3 56.0 76.2
4 312.0 312.7
4 88.0 55.2
4 216.0 189.9
3 292.0 304.9
4 234.0 221.4
5 356.0 350.8
4 274.0 275.1
5 96.0 110.6
2 6.0 344.1
3 222.0 210.1
5 256.0 240.7
3 326.0 357.8
4 330.0 326.5
5 168.0 158.6
4 314.0 133.0
3 218.0 260.5
5 138.0 161.6
3 272.0 323.1
4 68.0 78.3
5 308.0 313.7
5 182.0 216.4
2 108.0 108.7
3 246.0 218.1
5 254.0 253.0
5 186.0 223.8
3 296.0 297.9
5 188.0 192.4
5 324.0 331.0
2 168.0 109.5
5 350.0 348.3
3 118.0 121.1
4 10.0 358.8
4 60.0 45.5
5 290.0 285.8
4 248.0 240.4
3 252.0 241.4
2 246.0 162.3
5 122.0 119.8
5 308.0 321.3
5 204.0 224.5
5 286.0 284.7
5 358.0 2.4
5 96.0 92.7
3 222.0 261.7
3 32.0 251.8
3 38.0 31.0
3 342.0 347.7
4 164.0 144.0
3 268.0 109.5
2 250.0 269.8
2 10.0 359.7
3 132.0 156.1
2 170.0 136.2
2 70.0 68.5
2 348.0 328.5
3 112.0 132.7
5 138.0 170.9
2 294.0 11.5
5 348.0 1.6
5 12.0 0.8
4 350.0 17.6
4 218.0 213.9
2 60.0 98.5
3 268.0 270.4
4 296.0 309.9
2 236.0 254.2
4 222.0 221.0
3 130.0 117.2
5 342.0 349.2
2 80.0 60.1
2 178.0 254.2
5 198.0 173.7
3 342.0 337.6
3 176.0 184.2
5 244.0 256.2
3 350.0 12.1
3 242.0 221.0
2 54.0 63.4
5 24.0 18.7
3 28.0 106.0
3 228.0 185.8
5 268.0 267.2
3 6.0 351.8
3 82.0 96.1
2 64.0 124.6
3 56.0 95.6
2 328.0 256.7
5 132.0 128.4
4 350.0 318.1
3 178.0 250.4
5 308.0 300.9
5 204.0 330.6
4 250.0 266.7
5 8.0 17.3
2 150.0 191.5
5 2.0 358.4
3 114.0 128.3
3 340.0 321.2
4 232.0 254.7
2 188.0 261.0
5 158.0 162.1
4 206.0 253.3
2 114.0 188.7
5 2.0 356.5
4 170.0 155.4
3 18.0 19.8
2 142.0 59.4
2 270.0 312.2
2 62.0 30.6
2 246.0 111.2
5 146.0 149.8
2 352.0 295.2
3 102.0 314.6
5 294.0 317.6
2 180.0 119.4
2 328.0 48.5
2 82.0 27.9
2 140.0 113.6
2 336.0 349.3
5 178.0 197.5
3 82.0 106.6
4 166.0 204.6
4 82.0 120.4
4 312.0 333.7
2 84.0 38.6
3 330.0 299.2
2 222.0 259.8
2 352.0 347.8
4 216.0 196.3
4 258.0 275.0
2 172.0 173.8
5 332.0 323.4
5 326.0 314.4
3 78.0 110.2
3 274.0 326.3
4 284.0 303.7
5 296.0 285.8
4 104.0 77.9
4 104.0 112.2
5 32.0 28.4
3 142.0 159.4
3 70.0 110.5
2 8.0 34.0
4 278.0 269.8
2 72.0 99.7
5 102.0 111.2
5 334.0 343.6
3 142.0 190.3
2 312.0 57.3
3 332.0 300.4
4 24.0 32.2
3 212.0 129.2
2 270.0 284.8
2 78.0 102.3
2 78.0 62.9
5 214.0 222.2
2 36.0 305.4
2 122.0 169.9
3 98.0 30.7
3 270.0 260.4
2 132.0 129.5
4 358.0 351.3
3 18.0 6.5
3 104.0 158.2
2 342.0 34.3
5 334.0 354.1
3 222.0 155.0
3 162.0 142.1
4 152.0 154.0
5 354.0 324.5
3 304.0 305.2
2 272.0 283.9
2 164.0 276.5
3 286.0 284.3
3 270.0 289.5
5 174.0 157.8
5 136.0 139.0
5 202.0 217.6
3 190.0 203.1
4 70.0 76.0
3 172.0 250.9
4 254.0 229.1
3 344.0 336.8
2 164.0 184.0
2 332.0 333.5
3 348.0 334.0
2 246.0 228.5
2 338.0 358.4
5 212.0 199.7
2 212.0 297.2
4 278.0 296.5
4 234.0 180.9
4 326.0 309.1
2 290.0 170.2
4 178.0 186.3
4 30.0 40.7
4 350.0 326.0
2 36.0 90.8
4 248.0 277.5
2 72.0 77.1
2 12.0 53.7
5 258.0 241.1
4 70.0 95.5
2 6.0 25.3
4 320.0 300.5
2 244.0 16.0
3 80.0 33.7
4 22.0 50.6
5 44.0 52.6
4 84.0 81.3
5 244.0 253.0
3 218.0 224.7
3 256.0 246.8
2 332.0 310.9
3 198.0 194.0
2 348.0 152.2
3 184.0 173.3
3 166.0 164.6
5 270.0 247.0
4 194.0 196.8
4 278.0 314.3
3 266.0 247.6
3 102.0 30.2
5 172.0 179.2
5 40.0 41.5
2 258.0 263.6
3 308.0 0.5
5 60.0 52.0
2 200.0 248.8
5 74.0 107.5
5 266.0 258.2
2 216.0 98.0
3 192.0 151.4
5 220.0 214.2
5 278.0 280.3
5 52.0 46.2
5 110.0 108.1
4 98.0 92.5
5 30.0 47.1
2 226.0 113.4
4 28.0 10.9
5 330.0 337.9
2 112.0 42.9
5 148.0 138.0
5 172.0 217.7
4 178.0 163.9
2 210.0 108.8
4 120.0 125.9
4 10.0 17.1
2 26.0 356.5
5 112.0 118.5
4 254.0 226.7
3 156.0 199.9
3 174.0 163.2
3 306.0 330.7
4 354.0 2.4
3 120.0 127.0
3 62.0 69.5
5 266.0 269.6
5 134.0 129.2
3 344.0 308.9
5 82.0 83.2
2 26.0 22.4
2 16.0 12.2
2 222.0 195.3
2 92.0 68.9
5 100.0 61.7
4 298.0 298.7
3 296.0 299.7
4 330.0 319.5
4 296.0 102.4
2 74.0 68.0
2 108.0 164.5
3 262.0 266.9
5 144.0 152.0
5 28.0 14.6
4 182.0 188.7
3 86.0 101.7
5 120.0 120.6
3 350.0 333.9
5 244.0 255.5
3 160.0 163.4
4 254.0 256.5
2 192.0 252.7
4 112.0 107.0
4 110.0 129.2
2 222.0 273.4
5 290.0 295.6
5 250.0 243.6
4 2.0 10.4
5 106.0 109.2
4 258.0 249.5
2 304.0 308.1
3 278.0 253.6
5 186.0 171.9
4 242.0 225.6
3 66.0 30.4
2 298.0 325.6
4 124.0 148.0
5 298.0 302.0
5 314.0 299.2
4 340.0 355.3
2 58.0 49.6
2 174.0 184.7
4 214.0 204.2
2 2.0 107.3
4 184.0 229.5
5 280.0 284.4
4 214.0 236.3
2 192.0 358.7
4 14.0 354.4
5 196.0 195.5
2 320.0 11.4
3 294.0 268.4
4 68.0 41.5
2 40.0 72.1
3 262.0 274.2
5 128.0 125.5
5 136.0 139.9
3 204.0 232.6
4 22.0 28.2
4 174.0 153.8
2 162.0 94.7
2 226.0 202.4
4 182.0 203.5
2 138.0 110.8
4 106.0 95.3
2 282.0 333.9
3 260.0 237.6
2 218.0 247.6
2 354.0 359.0
5 58.0 53.6
3 44.0 86.8
4 348.0 343.5
2 324.0 25.0
5 78.0 60.5
5 260.0 262.0
5 316.0 333.4
4 148.0 170.6
4 62.0 93.6
5 342.0 1.2
3 252.0 275.0
4 242.0 230.9
5 44.0 61.3
4 248.0 245.4
5 212.0 220.0
4 28.0 44.7
5 352.0 327.6
5 330.0 329.1
5 358.0 343.7
4 196.0 176.3
2 64.0 237.4
4 182.0 4.0
2 80.0 88.7
4 164.0 192.3
3 206.0 246.5
5 298.0 308.8
3 198.0 188.2
5 158.0 207.0
5 90.0 99.4
4 312.0 288.5
2 110.0 65.2
2 156.0 265.9
4 164.0 187.7
4 84.0 82.7
4 174.0 149.4
4 54.0 72.3
2 146.0 89.9
5 314.0 322.3
2 94.0 53.9
2 248.0 180.7
4 226.0 219.9
4 200.0 226.1
2 76.0 63.4
4 336.0 345.9
2 354.0 332.6
4 274.0 283.4
4 272.0 276.2
4 170.0 218.4
3 308.0 323.9
2 84.0 213.4
3 104.0 96.9
4 24.0 20.3
3 310.0 291.7
2 10.0 350.9
2 24.0 2.1
5 356.0 7.6
2 116.0 263.9
3 286.0 287.0
5 232.0 232.3
3 14.0 59.8
2 226.0 202.4
3 56.0 85.7
5 332.0 311.0
3 210.0 160.5
5 152.0 215.6
3 148.0 179.5
3 342.0 349.3
3 14.0 14.8
2 62.0 67.1
3 356.0 354.0
3 214.0 138.2
2 306.0 255.8
5 326.0 311.9
4 280.0 302.5
3 284.0 280.3
5 314.0 348.8
5 34.0 32.4
2 214.0 127.4
3 36.0 43.2
4 54.0 74.3
5 192.0 140.2
4 324.0 303.9
3 248.0 254.0
2 118.0 55.2
5 42.0 45.1
4 270.0 292.1
3 232.0 148.8
3 294.0 337.6
3 278.0 265.8
5 254.0 244.7
2 132.0 92.6
5 254.0 232.2
5 4.0 348.1
2 300.0 161.5
2 268.0 283.8
3 6.0 8.1
5 194.0 164.8
5 130.0 138.6
4 354.0 2.5
5 132.0 117.7
5 312.0 307.9
3 24.0 22.7
3 280.0 237.9
2 156.0 246.0
5 60.0 107.2
2 282.0 286.9
3 42.0 36.2
2 260.0 289.6
3 116.0 106.0
4 38.0 42.0
4 230.0 196.9
5 198.0 205.0
5 8.0 17.5
2 48.0 43.1
3 340.0 316.5
3 300.0 291.3
5 268.0 275.0
5 100.0 96.8
2 352.0 141.7
3 18.0 5.8
3 322.0 331.1
4 78.0 64.6
2 168.0 136.5
3 144.0 138.4
4 22.0 32.0
5 22.0 23.1
5 192.0 161.2
2 72.0 16.5
2 62.0 88.4
3 48.0 67.8
2 126.0 111.4
3 26.0 75.5
5 146.0 187.1
5 236.0 210.3
2 50.0 56.6
3 334.0 338.8
2 180.0 169.0
4 100.0 97.1
2 20.0 239.7
2 208.0 116.4
4 276.0 272.3
2 258.0 107.6
4 250.0 193.4
4 306.0 298.3
2 104.0 275.2
2 342.0 321.8
4 308.0 284.1
4 70.0 221.8
5 300.0 310.6
5 278.0 294.2
5 34.0 45.3
4 286.0 279.0
3 146.0 155.0
3 26.0 358.3
5 194.0 219.5
5 304.0 296.5
2 62.0 357.8
3 306.0 302.9
2 64.0 16.9
2 330.0 21.4
5 124.0 122.2
2 152.0 93.2
5 320.0 343.0
2 76.0 36.0
3 268.0 283.8
2 198.0 48.3
4 246.0 261.5
3 10.0 338.0
3 246.0 229.5
3 190.0 255.4
2 94.0 176.8
2 12.0 352.0
5 234.0 224.4
2 222.0 251.8
2 104.0 167.7
5 56.0 59.1
4 20.0 15.8
2 156.0 248.0
3 94.0 26.1
2 306.0 312.2
3 138.0 184.1
4 260.0 263.0
5 242.0 236.9
4 60.0 66.5
3 28.0 30.6
3 32.0 24.2
5 240.0 211.7
4 102.0 80.7
2 42.0 63.4
4 70.0 96.7
4 186.0 355.7
4 58.0 282.0
5 300.0 303.7
3 202.0 170.8
5 80.0 94.9
5 150.0 181.1
2 130.0 21.2
4 296.0 296.4
3 332.0 329.6
5 160.0 141.1
5 222.0 227.0
